savi_median_wet,avi_median_dry,savi_median,cvi_median_wet,ri_median_wet,classe,year,avi_median_wet,avi_median,Longitude,cvi_median_dry,class,ri_median_dry,Latitude,cvi_median,savi_median_dry,ri_median
,0,,41886,15999,0.0,2016.0,0,0,-35.037596906525884,32029,3,14365,-7.153289654861675,37366,,15447
,0,,41100,15691,0.0,2016.0,0,0,-35.41372688034437,24962,3,13713,-7.153289646347662,35040,,15262
,0,,51252,16045,0.0,2016.0,0,0,-35.405927391500065,29856,3,13856,-7.190926336595087,35894,,14847
,0,,54647,16218,1.0,2016.0,0,0,-35.31830887654339,30398,4,13927,-7.120562965672601,39413,,15237
,0,,51413,16483,1.0,2016.0,0,0,-35.362999687391465,23681,4,13865,-6.995048418408739,38229,,15200
,0,,38651,15937,0.0,2016.0,0,0,-35.56002801180372,21766,3,13046,-7.283810014445275,36797,,15451
,0,,43139,16270,0.0,2016.0,0,0,-35.5534880188796,27674,3,14117,-7.000833019215958,34386,,15344
,0,,41473,15395,1.0,2016.0,0,0,-35.87303270030065,28597,4,13734,-6.92269935197961,33063,,14666
,0,,36621,14839,1.0,2016.0,0,0,-35.87439552146327,31547,4,13804,-6.923573259725531,31648,,14359
,0,,42697,15712,1.0,2016.0,0,0,-35.66663148095412,19253,4,12147,-7.068925793606972,29243,,14442
,0,,45083,15630,1.0,2016.0,0,0,-35.82708431408225,25658,4,13475,-6.955425797572939,33382,,14498
,0,,39882,14837,1.0,2016.0,0,0,-35.5576811108918,28957,4,13545,-6.944093005739266,33447,,14676
,0,,52051,16048,1.0,2016.0,0,0,-35.55566189764264,26580,4,14041,-7.246607701405762,44568,,15874
,0,,49111,16078,1.0,2016.0,0,0,-35.74441684659303,30602,4,14292,-7.248775715129019,45832,,15784
,0,,39716,15958,1.0,2016.0,0,0,-35.55947549656392,30600,4,14438,-6.95898627600137,35629,,15177
,0,,49688,16501,1.0,2016.0,0,0,-35.782689062916205,30370,4,14508,-7.174466326865277,40857,,15819
,0,,28118,14259,1.0,2016.0,0,0,-35.7312403047106,28106,4,14260,-7.232567294062786,28118,,14259
,0,,40046,15886,1.0,2016.0,0,0,-35.85162160240369,26201,4,13354,-6.96110870564845,31429,,14288
,0,,32279,14385,1.0,2016.0,0,0,-36.27031961931347,25693,4,12822,-7.191410999837372,28736,,13636
,0,,27274,13823,1.0,2016.0,0,0,-36.040997479913976,24827,4,12935,-7.17336691647907,26025,,13394
,0,,29852,14003,1.0,2016.0,0,0,-36.20814125909866,25348,4,13084,-7.282771284620434,26379,,13267
,0,,31106,14121,1.0,2016.0,0,0,-36.1814403636705,25393,4,12700,-7.116063243586223,27773,,13352
,0,,34510,14272,1.0,2016.0,0,0,-36.25182087268658,27609,4,12650,-7.268568534553864,29757,,13147
,0,,32169,14214,1.0,2016.0,0,0,-36.17424778938893,27508,4,12919,-7.073900299418066,30082,,13664
,0,,32929,14699,1.0,2016.0,0,0,-36.04224676152509,19292,4,11172,-7.254518721182344,25567,,13374
,0,,38005,15230,1.0,2016.0,0,0,-36.17881516158991,29645,4,13856,-7.207969848471741,35929,,14970
,0,,39194,15209,1.0,2016.0,0,0,-36.24768321660778,29346,4,13637,-6.9554127756719435,36214,,14877
,0,,31375,13765,1.0,2016.0,0,0,-36.14889709154765,24117,4,11987,-7.2624076318796895,26488,,12980
,0,,34923,14584,1.0,2016.0,0,0,-36.1994682470732,28034,4,13310,-6.9950358592191195,32703,,14244
,0,,29334,14139,1.0,2016.0,0,0,-36.05004018192914,24836,4,12829,-7.045740375283813,27539,,13653
,0,,32358,14192,1.0,2016.0,0,0,-36.02037031503141,26214,4,12968,-6.918689534327593,29332,,13835
,0,,36429,14643,1.0,2016.0,0,0,-36.04426250624907,30311,4,13711,-7.008273422831557,33157,,14177
,0,,30383,14314,1.0,2016.0,0,0,-35.986637550908455,22256,4,12803,-6.940369736811995,31816,,14198
,0,,32006,14274,1.0,2016.0,0,0,-36.178178661588554,26665,4,13463,-6.976681870108295,28560,,13644
,0,,29105,13546,1.0,2016.0,0,0,-35.9575703343266,25935,4,12341,-6.941060946768567,28174,,13386
,0,,30631,13900,1.0,2016.0,0,0,-35.96692131551375,28322,4,13019,-6.944102415424581,29708,,13562
,0,,40822,15151,1.0,2016.0,0,0,-36.20883694187264,31176,4,13645,-6.999637377917064,36645,,14597
,0,,29964,13825,1.0,2016.0,0,0,-36.24637312555557,25579,4,13005,-7.071696566715946,26690,,13338
,0,,35898,15093,1.0,2016.0,0,0,-36.08335136004326,28709,4,13964,-7.248776994805737,28381,,13947
,0,,40821,15729,1.0,2016.0,0,0,-36.062894634910165,19371,4,11843,-7.190931343134052,34244,,14656
,0,,31027,14200,1.0,2016.0,0,0,-36.176082155316124,27583,4,13555,-6.942227036819151,29206,,14005
,0,,34009,14726,1.0,2016.0,0,0,-36.019655895930015,26525,4,13093,-7.000854129036522,31679,,14320
,0,,38842,15408,1.0,2016.0,0,0,-36.06308210548356,20658,4,12880,-6.975623273710588,33622,,14706
,0,,37523,15601,1.0,2016.0,0,0,-36.03038409443755,30592,4,14306,-7.194853544380132,34542,,14830
,0,,35969,15093,1.0,2016.0,0,0,-36.08450559526644,23876,4,12902,-6.995224089990984,33474,,14647
,0,,35954,14927,1.0,2016.0,0,0,-36.14711529014199,27647,4,13622,-7.104058916102756,31374,,14424
,0,,42301,15471,1.0,2016.0,0,0,-36.0020462569565,30390,4,13897,-7.0539760510804514,35641,,14736
,0,,29375,14194,1.0,2016.0,0,0,-36.09804737891972,26539,4,13170,-7.101974420945426,29057,,13792
,0,,43384,15784,1.0,2016.0,0,0,-35.90816556712177,25604,4,13682,-6.947053890774846,34979,,15026
,0,,31244,13108,1.0,2016.0,0,0,-36.084757617709315,26524,4,12510,-7.098527748063179,30491,,13147
,0,,46858,16279,0.0,2016.0,0,0,-35.610505571968076,24215,3,13976,-7.689674236606338,38329,,15884
,0,,25829,13343,1.0,2016.0,0,0,-35.666115702808185,25885,4,13316,-8.003703537844386,25853,,13329
,0,,35133,14831,1.0,2016.0,0,0,-35.802680134584534,20606,4,12216,-7.957171769122795,27055,,13631
,0,,39688,15182,1.0,2016.0,0,0,-35.84619377356338,19706,4,12106,-7.995437150040978,31666,,14590
,0,,31895,14729,1.0,2016.0,0,0,-35.887562483474966,23408,4,13108,-7.6639665202024325,28039,,14152
,0,,47398,15592,1.0,2016.0,0,0,-35.756932407147715,22579,4,13039,-8.002591102403585,36235,,14892
,0,,33648,14855,1.0,2016.0,0,0,-35.79995147496383,19381,4,11821,-7.691531027714882,29156,,14341
,0,,49175,16056,1.0,2016.0,0,0,-35.87024213463141,22689,4,12861,-7.820948909121024,37458,,15114
,0,,38854,15688,1.0,2016.0,0,0,-35.85467722804416,22457,4,12705,-7.787125470167346,33157,,14738
,0,,41941,15743,1.0,2016.0,0,0,-35.707219770630665,20224,4,12451,-7.99796422000667,36171,,15132
,0,,50368,16183,1.0,2016.0,0,0,-35.67776152827174,23634,4,13699,-7.981759957847506,36800,,15414
,0,,25240,13527,1.0,2016.0,0,0,-35.70766320763275,23121,4,13106,-8.028781320396117,25292,,13531
,0,,50452,15891,1.0,2016.0,0,0,-35.73074592632932,30131,4,14188,-7.6718264354219246,38329,,15245
,0,,34645,14624,1.0,2016.0,0,0,-35.89244307327575,24566,4,13350,-7.995782083960358,28706,,13860
,0,,37149,15069,1.0,2016.0,0,0,-35.871552991351145,23550,4,12862,-7.70470971016079,30633,,14072
,0,,35065,14833,1.0,2016.0,0,0,-35.93315768713432,22659,4,12594,-7.834540882724661,28345,,13558
,0,,24960,13393,1.0,2016.0,0,0,-36.10687592206817,24072,4,12980,-7.671826409446259,24072,,12980
,0,,38827,15059,1.0,2016.0,0,0,-36.00204068751986,30227,4,14042,-7.803237234826181,31239,,14282
,0,,45573,15800,1.0,2016.0,0,0,-36.03038131166408,23423,4,13246,-7.944061122140448,36395,,14911
,0,,28517,14076,1.0,2016.0,0,0,-35.983258439750124,24057,4,12846,-7.722645713980691,26005,,13493
,0,,34384,14411,1.0,2016.0,0,0,-35.906133291337,19836,4,11645,-7.749424786769847,28073,,13505
,0,,35869,15315,1.0,2016.0,0,0,-36.208141044260834,20549,4,12038,-8.031943841946136,25280,,13525
,0,,27914,13675,1.0,2016.0,0,0,-36.25563953555668,17048,4,11172,-7.680203013066206,25272,,13210
,0,,40597,15306,1.0,2016.0,0,0,-36.06289101874373,30284,4,14365,-7.940140711397877,35286,,14900
,0,,34730,15060,1.0,2016.0,0,0,-36.05488048589248,28702,4,13791,-7.799541403784989,31363,,14416
,0,,35713,15143,1.0,2016.0,0,0,-36.00097157990033,19986,4,12869,-7.928116282018511,29286,,14596
,0,,43143,15480,1.0,2016.0,0,0,-36.094040355027644,27250,4,13854,-7.9616965551901835,37028,,15050
,0,,41402,15463,1.0,2016.0,0,0,-36.08334977351475,32131,4,14196,-7.997964230651355,36213,,14837
,0,,41061,15316,1.0,2016.0,0,0,-36.05389154011454,21369,4,12961,-7.981759960867506,35673,,14980
,0,,31874,14615,1.0,2016.0,0,0,-36.13306239492659,21498,4,12233,-8.002591124275034,25523,,13430
,0,,40083,15272,1.0,2016.0,0,0,-36.222323734209645,31028,4,14158,-7.995437190944484,35428,,14851
,0,,31212,14463,1.0,2016.0,0,0,-35.90179826869902,21762,4,12259,-7.710387499031245,26777,,13408
,0,,33256,14471,1.0,2016.0,0,0,-36.050033203234655,27231,4,13038,-7.795005363921571,28834,,13513
,0,,30925,14516,1.0,2016.0,0,0,-35.93613082149663,24138,4,12668,-7.770168818780867,27259,,13782
,0,,35935,14764,1.0,2016.0,0,0,-35.99049663505154,24093,4,12651,-7.772688053320839,30430,,13952
,0,,31243,14290,1.0,2016.0,0,0,-36.176081449673774,25157,4,12906,-7.691531013812082,27939,,13657
,0,,35353,14988,1.0,2016.0,0,0,-36.17817720565932,24873,4,12573,-7.7259725837094955,29577,,13805
,0,,41650,15658,1.0,2016.0,0,0,-35.92654304805077,25617,4,12993,-7.964597335703462,33705,,14786
,0,,39999,15210,1.0,2016.0,0,0,-35.93418027600307,23318,4,12850,-8.032980584069117,31579,,14295
,0,,30662,13824,1.0,2016.0,0,0,-36.263692431550204,27849,4,13351,-7.663966512949779,28226,,13443
,0,,35519,14798,1.0,2016.0,0,0,-36.131673479855735,25980,4,13340,-7.736380278072376,30155,,14108
,0,,36621,14916,1.0,2016.0,0,0,-36.2518194649971,24241,4,12781,-8.01774515511102,29468,,14013
,0,,40010,15643,1.0,2016.0,0,0,-36.071215166402716,30871,4,13774,-7.961983680322181,35740,,14728
,0,,27489,13553,1.0,2016.0,0,0,-36.208835602894744,17193,4,11062,-7.748918557841588,26145,,13279
,0,,35144,14861,1.0,2016.0,0,0,-36.09513355616056,24142,4,12814,-7.788149507710678,28766,,14059
,0,,37506,14850,1.0,2016.0,0,0,-36.27031935854549,27448,4,13437,-7.9406165133886155,32033,,14205
,0,,35263,14963,1.0,2016.0,0,0,-36.08379321040137,22404,4,12724,-8.02878133339388,27814,,13848
,0,,28649,13747,1.0,2016.0,0,0,-36.020369868681044,27638,4,13531,-7.668002938365163,28102,,13637
,0,,31930,14554,1.0,2016.0,0,0,-35.900668239776955,21054,4,12142,-7.992688136387148,27501,,13567
,0,,30358,13947,1.0,2016.0,0,0,-36.04224571818747,26325,4,12727,-8.003703539903658,26844,,13363
,0,,31703,13978,1.0,2016.0,0,0,-36.26305578267815,27769,4,13194,-7.672877319320804,29954,,13705
,0,,33193,14191,1.0,2016.0,0,0,-36.08474953470253,26644,4,12974,-7.8477726274428266,29476,,13672
,0,,30565,14184,1.0,2016.0,0,0,-36.201107492638826,27634,4,13364,-7.8181687143246945,28790,,13642
,0,,28306,13572,1.0,2016.0,0,0,-35.966918970193674,25655,4,12632,-7.693404963582474,26597,,12930
,0,,34229,14561,1.0,2016.0,0,0,-36.23256675989056,26987,4,13240,-7.813906306298744,31039,,14162
,0,,32039,13749,1.0,2016.0,0,0,-36.01965061375515,27096,4,12936,-7.750135992268154,29898,,13258
,0,,32260,13895,1.0,2016.0,0,0,-36.07403376296103,19395,4,10906,-8.017417091114337,26363,,13122
,0,,30214,13595,1.0,2016.0,0,0,-36.147464893590545,26340,4,12815,-7.678509436180475,28073,,13197
,0,,30282,13695,1.0,2016.0,0,0,-36.26081589634761,26462,4,13068,-7.672004194546273,28266,,13389
,0,,30249,14156,1.0,2016.0,0,0,-36.14888963210654,24333,4,12720,-7.722987734971271,27971,,13732
,0,,30400,13898,1.0,2016.0,0,0,-35.986635604253955,23808,4,12520,-7.6896741982639645,28556,,13528
,0,,27505,12987,1.0,2016.0,0,0,-36.18143596365613,25557,4,12563,-7.865300405966406,25998,,12987
,0,,38391,15390,1.0,2016.0,0,0,-36.54381244564232,24322,4,13120,-7.961688718270357,28849,,14312
,0,,29754,14293,1.0,2016.0,0,0,-36.35613897661349,21885,4,12482,-8.006209317388395,26389,,13726
,0,,33167,14755,1.0,2016.0,0,0,-36.633118360031446,24580,4,13137,-7.957147082763823,27023,,13745
,0,,31690,14389,1.0,2016.0,0,0,-36.44727581572577,26296,4,13405,-7.912290782652389,29437,,14169
,0,,31385,14656,1.0,2016.0,0,0,-36.54212022927013,25965,4,13146,-7.902512853080199,27062,,13556
,0,,35090,14610,1.0,2016.0,0,0,-36.314961796676535,27288,4,13330,-8.021898853679966,30368,,14022
,0,,31389,14329,1.0,2016.0,0,0,-36.58730116266972,25481,4,13082,-8.03194295803928,27689,,13577
,0,,32389,14480,1.0,2016.0,0,0,-36.48447252605731,23521,4,12009,-7.928124513046681,26923,,13550
,0,,31082,14206,1.0,2016.0,0,0,-36.28265747443998,26611,4,13087,-7.851180420342518,27994,,13444
,0,,30538,14402,1.0,2016.0,0,0,-36.36933972343991,22816,4,12345,-8.002667198606684,24855,,13283
,0,,31822,14310,1.0,2016.0,0,0,-36.579347432779834,26872,4,13167,-7.704724100158723,27841,,13470
,0,,31726,13899,1.0,2016.0,0,0,-36.29109263442862,28941,4,13242,-7.794972754145971,30488,,13648
,0,,39925,15106,1.0,2016.0,0,0,-36.2895850651066,29186,4,13002,-8.029260578662596,31517,,14013
,0,,32337,14170,1.0,2016.0,0,0,-36.31925722807227,22822,4,12362,-7.992704855314478,29833,,13650
,0,,34543,14429,1.0,2016.0,0,0,-36.63816940826214,26983,4,13254,-7.995422286758348,28341,,13594
,0,,29027,13751,1.0,2016.0,0,0,-36.64523514691418,24908,4,12436,-8.017737903076897,26420,,13074
,0,,26378,13094,1.0,2016.0,0,0,-36.376253614311686,27876,4,13071,-7.744499990054709,27553,,13061
,0,,28045,13433,1.0,2016.0,0,0,-36.34289054088632,26239,4,12952,-7.74440151883778,26370,,13040
,0,,32704,14365,1.0,2016.0,0,0,-36.56904198476792,26851,4,13199,-7.749449810741387,29684,,13661
,0,,31643,14153,1.0,2016.0,0,0,-36.35190093754624,28102,4,13329,-7.865296673761787,29399,,13704
,0,,29517,13680,1.0,2016.0,0,0,-36.3062770220239,25088,4,11171,-7.766675762268173,27083,,13053
,0,,28761,13293,1.0,2016.0,0,0,-36.29694071049558,28980,4,13059,-7.7226263012926815,29561,,13194
,0,,33072,14054,1.0,2016.0,0,0,-36.53431996647734,26319,4,12567,-7.9401352345158775,30961,,13540
,0,,28126,13620,1.0,2016.0,0,0,-36.32963126916362,23470,4,12592,-7.853284972520559,24519,,12843
,0,,31569,14201,1.0,2016.0,0,0,-36.496678162068484,26224,4,12963,-7.997962870628164,27977,,13619
,0,,29191,13857,1.0,2016.0,0,0,-36.62603985448961,23779,4,13020,-7.937861898555898,24899,,13371
,0,,31220,14362,1.0,2016.0,0,0,-36.429632798649095,24866,4,12740,-7.89847960289038,27615,,13505
,0,,31554,13973,1.0,2016.0,0,0,-36.62529363500928,27033,4,12967,-7.672008787498635,29896,,13658
,0,,34402,14580,1.0,2016.0,0,0,-36.505446324471656,28001,4,13125,-7.678511644013835,29989,,13722
,0,,30004,13557,1.0,2016.0,0,0,-36.636233621289264,21836,4,12221,-7.663968016178032,27313,,13028
,0,,31386,13836,1.0,2016.0,0,0,-36.312288168168195,22177,4,12003,-8.032981357003507,27984,,13095
,0,,31179,14168,1.0,2016.0,0,0,-36.58394142803927,23094,4,12657,-7.811687289768033,27994,,13132
,0,,29080,13321,1.0,2016.0,0,0,-36.610958505203946,21697,4,11846,-7.803219481575094,26603,,12676
,0,,29868,13523,1.0,2016.0,0,0,-36.49106750390293,24732,4,12417,-7.826796607552598,28632,,13195
,0,,29206,13219,1.0,2016.0,0,0,-36.578228442506656,25184,4,12549,-7.770179724733859,27109,,13099
,0,,30468,13726,1.0,2016.0,0,0,-36.6266565309489,19808,4,10876,-7.672882310777171,28428,,13491
,0,,26606,13506,0.0,2016.0,0,0,-35.51143243137117,26622,3,13434,-7.289346501970413,26319,,13493
,0,,49109,16141,1.0,2016.0,0,0,-35.291999911509926,26178,4,13469,-7.382949039527625,40959,,15247
,0,,49540,16017,1.0,2016.0,0,0,-35.48030749543545,25763,4,13271,-7.439314503334491,37795,,15003
,0,,46054,15017,1.0,2016.0,0,0,-35.49542307543502,28000,4,13278,-7.330097212982798,34031,,14080
,0,,48230,16522,1.0,2016.0,0,0,-35.42198590002742,29146,4,14090,-7.4485630017970905,39806,,15319
,0,,30888,14564,1.0,2016.0,0,0,-35.494112601915155,22577,4,12767,-7.446358707374349,25204,,13546
,0,,52788,16583,1.0,2016.0,0,0,-35.429178157185056,27641,4,14313,-7.490717780602265,40148,,15840
,0,,48916,16340,1.0,2016.0,0,0,-35.34287619189732,26400,4,14222,-7.413551585330206,33467,,14884
,0,,44642,15659,1.0,2016.0,0,0,-35.297776681595614,27369,4,13880,-7.420408825714249,41670,,15351
,0,,42612,15954,0.0,2016.0,0,0,-35.57737003408248,19381,3,12176,-7.478700505331833,31913,,14515
,0,,26086,13766,1.0,2016.0,0,0,-35.731241333038426,29248,4,13574,-7.6071999531299,30299,,13429
,0,,39624,15663,1.0,2016.0,0,0,-35.82596623339288,28358,4,14067,-7.395579037325469,34394,,15021
,0,,40025,15406,1.0,2016.0,0,0,-35.896697458458014,28871,4,13645,-7.47314645546585,32602,,14370
,0,,49567,15767,1.0,2016.0,0,0,-35.81677929835064,24986,4,13339,-7.374845034927674,32298,,14274
,0,,40336,15444,1.0,2016.0,0,0,-35.61283795838591,26217,4,12962,-7.566077061345402,34673,,14822
,0,,48510,15527,1.0,2016.0,0,0,-35.85162335134784,28490,4,13060,-7.335792332272554,35264,,14191
,0,,44757,15422,1.0,2016.0,0,0,-35.53883237052211,25771,4,12697,-7.420377755176031,36564,,14328
,0,,33557,14362,1.0,2016.0,0,0,-35.88085821144258,24430,4,12528,-7.582583124274671,28104,,13413
,0,,37442,14924,1.0,2016.0,0,0,-35.83167971387531,23661,4,13042,-7.437094639654921,28637,,14143
,0,,39040,15464,1.0,2016.0,0,0,-35.74441750566832,26090,4,13285,-7.62340522373377,34523,,14713
,0,,32303,14954,1.0,2016.0,0,0,-35.77779829982941,24331,4,13452,-7.548007985490839,32055,,14563
,0,,37370,15507,1.0,2016.0,0,0,-35.78205869484524,29086,4,13793,-7.565566706724091,32793,,14510
,0,,45693,16033,1.0,2016.0,0,0,-35.71388978342295,26533,4,13899,-7.654229565328671,40248,,15747
,0,,38196,15586,1.0,2016.0,0,0,-35.758361377447464,24796,4,13700,-7.4599771561582,31798,,14936
,0,,42921,15582,1.0,2016.0,0,0,-35.69754325119342,26321,4,13943,-7.629149141129369,32818,,14564
,0,,43059,15605,1.0,2016.0,0,0,-35.60581693034319,24557,4,12826,-7.524443894065919,41228,,15420
,0,,36466,15444,1.0,2016.0,0,0,-35.601470291706605,25807,4,13674,-7.588613139014242,29793,,14680
,0,,44094,16084,1.0,2016.0,0,0,-35.734228517765516,27997,4,14221,-7.408401580970006,37027,,15625
,0,,43873,15685,1.0,2016.0,0,0,-35.82708587569137,26984,4,13463,-7.330110868173963,35856,,14997
,0,,52569,15796,1.0,2016.0,0,0,-35.6366323725331,25681,4,13496,-7.293381024849827,39919,,14861
,0,,48973,16008,1.0,2016.0,0,0,-35.67931986114349,26500,4,14430,-7.361773711059948,40541,,15172
,0,,46799,15778,1.0,2016.0,0,0,-35.73913180840272,25816,4,14283,-7.369726610797092,33804,,15260
,0,,40375,15767,1.0,2016.0,0,0,-35.70462893764764,29458,4,13868,-7.286557918082438,37472,,15173
,0,,34375,14771,1.0,2016.0,0,0,-35.80965406548448,23043,4,12644,-7.50589892939313,28171,,13924
,0,,32090,14569,1.0,2016.0,0,0,-35.835041146385905,20729,4,12355,-7.657392610253941,28675,,13911
,0,,42177,15031,1.0,2016.0,0,0,-35.768437436760216,29616,4,13243,-7.58741550062658,36779,,14128
,0,,32775,14803,1.0,2016.0,0,0,-35.8929751448469,26135,4,13042,-7.643185803186535,29126,,13865
,0,,29885,14652,1.0,2016.0,0,0,-35.94678339073965,22896,4,12673,-7.382929441429159,26141,,13835
,0,,39259,15126,1.0,2016.0,0,0,-36.11035851244126,31832,4,14375,-7.408401587333844,35550,,15092
,0,,30094,14202,1.0,2016.0,0,0,-35.94312565070254,26157,4,13329,-7.618147252910841,26692,,13644
,0,,30801,14334,1.0,2016.0,0,0,-35.99723757881125,26525,4,13195,-7.590054783316868,27688,,13614
,0,,30602,14074,1.0,2016.0,0,0,-36.0038280722779,21056,4,11912,-7.430766081083014,29995,,13986
,0,,31123,14557,1.0,2016.0,0,0,-36.041671371366824,26122,4,13010,-7.60781012103591,27070,,13337
,0,,34122,14283,1.0,2016.0,0,0,-36.14456742104498,28524,4,13467,-7.587415487869944,29638,,13838
,0,,31962,14266,1.0,2016.0,0,0,-36.144860750448515,23327,4,12229,-7.31692008980135,28340,,13542
,0,,27001,13557,1.0,2016.0,0,0,-36.09168169331541,19619,4,11790,-7.642863275011443,25216,,13174
,0,,40937,15592,1.0,2016.0,0,0,-36.055449872511566,22785,4,12248,-7.361773712620621,31279,,14394
,0,,27712,14082,1.0,2016.0,0,0,-36.090019784287314,25543,4,13410,-7.654229536187594,28347,,13858
,0,,36986,14918,1.0,2016.0,0,0,-36.207809678941864,29017,4,13751,-7.437094656166745,32678,,14405
,0,,37637,15279,1.0,2016.0,0,0,-35.9065273440137,24291,4,12895,-7.476596334697241,31916,,14333
,0,,32972,14606,1.0,2016.0,0,0,-36.21117111043474,19708,4,11979,-7.657392596122304,29328,,14150
,0,,42634,15148,1.0,2016.0,0,0,-36.107371328630165,31712,4,13716,-7.607199932847624,37333,,14516
,0,,45021,15653,1.0,2016.0,0,0,-36.04276413038907,30026,4,14081,-7.443589755231971,39291,,15068
,0,,33313,14261,1.0,2016.0,0,0,-36.165607957645406,29036,4,13980,-7.6280297095956815,31045,,14125
,0,,37222,15160,1.0,2016.0,0,0,-35.91103313180768,25081,4,13176,-7.54388202438531,30829,,14291
,0,,35806,14648,1.0,2016.0,0,0,-36.173169795985935,28150,4,13844,-7.402884976915644,35045,,14648
,0,,31481,14173,1.0,2016.0,0,0,-36.070572781723726,24815,4,13100,-7.495217110602163,28118,,13707
,0,,33578,14875,1.0,2016.0,0,0,-36.134491364790385,27546,4,13777,-7.4599771600919205,32527,,14414
,0,,32584,14018,1.0,2016.0,0,0,-35.92750890208467,31471,4,13856,-7.315739102588345,32584,,14018
,0,,33297,14495,1.0,2016.0,0,0,-35.938831333938175,23162,4,12528,-7.647346917768267,27718,,13594
,0,,28025,13845,1.0,2016.0,0,0,-35.98896798995913,23050,4,12355,-7.566077031602096,25986,,13354
,0,,27847,13815,1.0,2016.0,0,0,-35.98000802973849,23569,4,12509,-7.631653795150334,25222,,13229
,0,,36939,14963,1.0,2016.0,0,0,-35.95350007644243,24849,4,12435,-7.478700478085962,32197,,14269
,0,,29139,13909,1.0,2016.0,0,0,-36.248206965972855,26819,4,13008,-7.321745809637005,28215,,13367
,0,,28499,13603,1.0,2016.0,0,0,-36.26203930855468,25014,4,12829,-7.620865764597818,26644,,13296
,0,,34809,14754,1.0,2016.0,0,0,-35.94089984784453,25056,4,12823,-7.569354416159529,28541,,13796
,0,,30974,13828,1.0,2016.0,0,0,-36.073673257026826,26434,4,12748,-7.629149113461526,26540,,12915
,0,,37120,14880,1.0,2016.0,0,0,-36.095436541049104,20853,4,11984,-7.297206562443887,29386,,13613
,0,,27164,13461,1.0,2016.0,0,0,-36.12001119310203,17705,4,11400,-7.374329261001117,25276,,13030
,0,,36044,14949,1.0,2016.0,0,0,-36.202096200193914,22129,4,12493,-7.395579058959903,30575,,14438
,0,,34403,14487,1.0,2016.0,0,0,-36.21629900866858,27931,4,13637,-7.431579397150151,33182,,14280
,0,,30885,14561,1.0,2016.0,0,0,-35.93615813621847,22603,4,12505,-7.658431590003937,28283,,14060
,0,,35839,14619,1.0,2016.0,0,0,-36.192909267940806,22812,4,12946,-7.374845058313424,31435,,13960
,0,,27570,13593,1.0,2016.0,0,0,-36.203215842151536,20264,4,12085,-7.330110898039898,27002,,13424
,0,,39278,15265,1.0,2016.0,0,0,-36.11493365764543,30425,4,14203,-7.452206104282622,35944,,15080
,0,,30893,14109,1.0,2016.0,0,0,-36.227753310354395,26058,4,12960,-7.335792365610766,28840,,13720
,0,,32079,14122,1.0,2016.0,0,0,-36.31226193932674,21486,4,12201,-7.395568702340522,31380,,13759
,0,,33447,13912,1.0,2016.0,0,0,-36.439210521154806,23147,4,11332,-7.3503052419670665,32838,,13652
,0,,25247,13297,1.0,2016.0,0,0,-36.54624569799422,22042,4,12447,-7.543908526069957,25266,,13220
,0,,36294,15154,1.0,2016.0,0,0,-36.58427118029699,26003,4,13303,-7.657393498848834,29790,,14126
,0,,38186,15068,1.0,2016.0,0,0,-36.523595170911115,25251,4,12987,-7.3038906978247375,31087,,14165
,0,,26540,13308,1.0,2016.0,0,0,-36.40903034568308,24325,4,12908,-7.527941134478122,25395,,13116
,0,,30245,14031,1.0,2016.0,0,0,-36.290661716677256,22036,4,12130,-7.4028601394924545,31127,,14002
,0,,37153,14738,1.0,2016.0,0,0,-36.42616668043208,30280,4,14082,-7.4204088347142445,37153,,14738
,0,,33632,14101,1.0,2016.0,0,0,-36.45992333827038,30685,4,13682,-7.654229566639376,32151,,13901
,0,,32078,14185,1.0,2016.0,0,0,-36.41837622395367,25388,4,12676,-7.6291470707174796,30140,,13858
,0,,31867,14412,1.0,2016.0,0,0,-36.28226350016472,31855,4,13498,-7.374821239971899,32971,,14211
,0,,29204,14065,1.0,2016.0,0,0,-36.35939050260011,22676,4,12776,-7.348035822946051,29121,,13814
,0,,25801,13269,1.0,2016.0,0,0,-36.32399915954487,24640,4,12898,-7.537695017996631,24291,,12835
,0,,29293,13611,1.0,2016.0,0,0,-36.348948422109686,28089,4,13331,-7.442814304829397,29514,,13687
,0,,31130,14096,1.0,2016.0,0,0,-36.459480562136655,27517,4,13168,-7.62340655378122,28085,,13793
,0,,32239,13820,1.0,2016.0,0,0,-36.525435080079646,29359,4,13251,-7.430769302168897,30828,,13604
,0,,35933,14486,1.0,2016.0,0,0,-36.525026426469886,25833,4,12663,-7.637034358900544,29522,,13506
,0,,28179,13741,1.0,2016.0,0,0,-36.28192727218363,27382,4,13411,-7.452170138274612,27613,,13469
,0,,33507,14741,1.0,2016.0,0,0,-36.47417349171992,23527,4,12989,-7.4766321522495165,28065,,13964
,0,,30942,14050,1.0,2016.0,0,0,-36.28429512501569,27906,4,13305,-7.321739600695467,30184,,13827
,0,,25672,13064,1.0,2016.0,0,0,-36.41712560652197,24246,4,12536,-7.54801083601416,24383,,12581
,0,,31568,13577,1.0,2016.0,0,0,-36.60950966594173,29439,4,12912,-7.4083782396530005,30225,,13426
,0,,33591,14419,1.0,2016.0,0,0,-36.5250205518138,30521,4,13642,-7.348377536554422,30521,,13642
,0,,36752,14550,1.0,2016.0,0,0,-36.646449534421116,28481,4,13191,-7.566049704706946,31833,,13918
,0,,27546,13236,1.0,2016.0,0,0,-36.39573487287198,24690,4,12735,-7.561450380268916,24914,,12861
,0,,26549,12916,1.0,2016.0,0,0,-36.423125332341705,24386,4,12488,-7.549114076626876,24960,,12670
,0,,31893,14076,1.0,2016.0,0,0,-36.283876261441506,27649,4,13280,-7.654708190499077,29717,,13400
,0,,30495,14048,1.0,2016.0,0,0,-36.62795020969082,25229,4,12605,-7.64319278079471,26970,,13281
,0,,38351,14919,1.0,2016.0,0,0,-36.50780474047161,30103,4,13389,-7.361772545481137,31782,,13739
,0,,30073,13809,1.0,2016.0,0,0,-36.327240418402326,28048,4,12861,-7.631645767668904,28702,,13023
,0,,28859,13303,1.0,2016.0,0,0,-36.447346620904206,27440,4,12838,-7.5874191151904204,28142,,13067
,0,,28974,13250,1.0,2016.0,0,0,-36.40651268445519,29537,4,12513,-7.569493280221314,29294,,12857
,0,,28241,13441,1.0,2016.0,0,0,-36.35168129858537,23606,4,12771,-7.439792580281731,25558,,13294
,0,,31716,13711,1.0,2016.0,0,0,-36.55494265719675,25577,4,12487,-7.582606767995847,27123,,13077
,0,,27167,13302,1.0,2016.0,0,0,-36.412937472756084,24217,4,12720,-7.392099336344521,24217,,12720
,0,,33293,14015,1.0,2016.0,0,0,-36.5984552499443,27784,4,13200,-7.62088004801487,29155,,13474
,0,,33659,14119,1.0,2016.0,0,0,-36.55221182262447,28273,4,12996,-7.316915011510536,29939,,13431
,0,,32887,14134,1.0,2016.0,0,0,-36.63694595715202,25526,4,12638,-7.2973856858272415,26499,,12799
,0,,28106,13153,1.0,2016.0,0,0,-36.52848579629483,26851,4,12630,-7.563319814356793,27077,,12692
,0,,28992,13485,1.0,2016.0,0,0,-36.43902281726084,27766,4,13056,-7.565571974961065,28211,,13168
,0,,29544,13624,1.0,2016.0,0,0,-36.36662940761218,27698,4,13228,-7.398087680752264,26875,,13228
,0,,26419,12931,1.0,2016.0,0,0,-36.37710282485532,23814,4,12456,-7.553545611762934,24424,,12765
,0,,25645,13129,1.0,2016.0,0,0,-36.37817344675836,27189,4,12960,-7.428642605841515,28623,,13392
,0,,32174,14085,1.0,2016.0,0,0,-36.336878299467614,29372,4,13042,-7.628102687411684,29843,,13151
,0,,33660,13936,1.0,2016.0,0,0,-36.36895486375962,30245,4,13063,-7.606515369239531,31846,,13404
,0,,33788,14056,1.0,2016.0,0,0,-36.42038990901165,27809,4,13107,-7.382949051267883,30873,,13805
,0,,31639,14295,1.0,2016.0,0,0,-36.3103102390321,25910,4,13170,-7.658430899915328,25387,,13105
,0,,32884,14802,1.0,2016.0,0,0,-36.600879104990035,26929,4,13409,-7.575675232989974,29798,,14151
,0,,30675,14001,1.0,2016.0,0,0,-36.30184407736702,24615,4,12722,-7.6473422643037905,26437,,13326
,0,,31145,14293,1.0,2016.0,0,0,-36.35978430393685,27053,4,12835,-7.333683613169975,26681,,13582
,0,,30528,14241,1.0,2016.0,0,0,-36.277928349188834,26882,4,13615,-7.335776553509581,30059,,14079
,0,,37135,15046,4.0,2016.0,0,0,-35.06297739258795,20433,15,12743,-7.0681528175811446,30293,,14393
,0,,45207,15190,6.0,2016.0,0,0,-35.14443740679223,27577,21,13919,-7.098490010549965,40476,,14948
,0,,33611,14971,6.0,2016.0,0,0,-35.044006128497344,31491,21,14129,-7.2624038033049585,35595,,14620
,0,,54925,15464,4.0,2016.0,0,0,-35.33384389368716,28419,15,13375,-6.973699469743877,42292,,14841
,0,,54553,15692,4.0,2016.0,0,0,-35.39259985472928,24045,15,12797,-6.942231891774223,39316,,14690
,0,,42278,14785,4.0,2016.0,0,0,-35.19086401502762,31732,15,13718,-7.243517837035833,42004,,14716
,0,,46315,15266,4.0,2016.0,0,0,-35.366774333472186,32292,15,14246,-7.186812896677682,37788,,14818
,0,,45336,15325,4.0,2016.0,0,0,-35.440646571416664,25956,15,12938,-7.000168414199343,37868,,14484
,0,,48644,15697,4.0,2016.0,0,0,-35.46403746600361,30400,15,13839,-7.056913954543782,37003,,14823
,0,,48609,15712,4.0,2016.0,0,0,-35.348819795452876,25179,15,12934,-7.2010404027936,34604,,14193
,0,,50509,15673,4.0,2016.0,0,0,-35.30123582162222,31327,15,13979,-7.149254268781821,32596,,14196
,0,,53272,16045,4.0,2016.0,0,0,-35.415420608910175,31951,15,13721,-7.212488252908537,43264,,15011
,0,,56533,15875,4.0,2016.0,0,0,-35.39230631546894,31593,15,13526,-7.2127792233346115,41214,,14819
,0,,38960,14829,4.0,2016.0,0,0,-35.4498339805027,31477,15,13756,-7.020906509684561,35100,,14412
,0,,53131,15737,4.0,2016.0,0,0,-35.50472800040197,28566,15,13468,-7.2079473589862175,33847,,14195
,0,,55552,15728,4.0,2016.0,0,0,-35.368286828047765,26147,15,13160,-7.248775726799745,36344,,14301
,0,,56327,15889,4.0,2016.0,0,0,-35.24094763609095,28412,15,13456,-7.253482694064351,39243,,14653
,0,,44454,14875,4.0,2016.0,0,0,-35.36774891508853,21749,15,12197,-6.999651956966745,35313,,14215
,0,,42025,14981,4.0,2016.0,0,0,-35.50168999486364,24968,15,12972,-7.023394959971675,40817,,14963
,0,,41698,15626,4.0,2016.0,0,0,-35.4835011268398,21660,15,12920,-6.930903635214737,38000,,15296
,0,,47297,15540,4.0,2016.0,0,0,-35.43910736312701,27693,15,13409,-7.06815281155526,41273,,15071
,0,,44058,14826,4.0,2016.0,0,0,-35.33942131055675,23097,15,12677,-7.268237472485418,38926,,14693
,0,,56403,15747,4.0,2016.0,0,0,-35.40655903426257,30762,15,14104,-7.174466334643153,38028,,14808
,0,,51682,15650,4.0,2016.0,0,0,-35.43352244665778,25233,15,13201,-7.131247374697586,39120,,14770
,0,,51637,15701,4.0,2016.0,0,0,-35.33295813419376,29716,15,13794,-7.071723693987358,43400,,15035
,0,,46381,15422,4.0,2016.0,0,0,-35.420136101488204,25456,15,13023,-7.262403792555416,36201,,14584
,0,,40184,14846,4.0,2016.0,0,0,-35.28940994226115,26935,15,13437,-7.233177695404103,33598,,14373
,0,,43152,15090,4.0,2016.0,0,0,-35.326229657566714,33756,15,13826,-7.064673319975148,40086,,14743
,0,,39451,14638,4.0,2016.0,0,0,-35.3214125188401,24987,15,13325,-7.254520684466103,33977,,14428
,0,,44271,15842,4.0,2016.0,0,0,-35.5078432745975,29820,15,14021,-6.914655896323291,38727,,15430
,0,,40279,14830,4.0,2016.0,0,0,-35.49690264777928,33247,15,14183,-6.92269934621742,38266,,14649
,0,,42612,14862,4.0,2016.0,0,0,-35.1814843274239,29848,15,13891,-7.2010331784236135,40270,,14572
,0,,46130,15333,4.0,2016.0,0,0,-35.35607840715683,28393,15,13701,-7.178910489672845,38943,,14649
,0,,39549,14594,4.0,2016.0,0,0,-35.2905014829598,27079,15,13276,-7.068925794870118,34572,,14024
,0,,50289,16083,4.0,2016.0,0,0,-35.49594593730042,33759,15,14225,-6.947059791860583,40265,,15181
,0,,48258,15359,4.0,2016.0,0,0,-35.214499231616784,30676,15,14247,-6.9951185351133125,45669,,15302
,0,,56240,15798,4.0,2016.0,0,0,-35.44487450528003,26359,15,13028,-7.065128463952789,34749,,13920
,0,,36510,14486,4.0,2016.0,0,0,-35.42090677476639,34523,15,14153,-7.028213505692091,37275,,14386
,0,,39677,14702,6.0,2016.0,0,0,-35.18334552687116,28971,21,13058,-6.958986276884533,35273,,14471
,0,,47854,15784,6.0,2016.0,0,0,-35.26050228286976,33020,21,14412,-6.91868843593802,41626,,15475
,0,,41693,15074,6.0,2016.0,0,0,-35.52056736680257,32289,21,13476,-7.098490005892997,40202,,14706
,0,,48277,15833,6.0,2016.0,0,0,-35.22350728300861,29357,21,13372,-7.116059846958693,41595,,15102
,0,,30680,13858,6.0,2016.0,0,0,-35.15877273126609,21047,21,11870,-7.169238926293462,29372,,13542
,0,,34362,15086,6.0,2016.0,0,0,-35.33775964039122,27292,21,13707,-7.279605915654595,30341,,14467
,0,,37029,14646,6.0,2016.0,0,0,-35.19452282924152,26700,21,13354,-7.008254825890147,34883,,14463
,0,,26696,13658,6.0,2016.0,0,0,-35.16270214611954,30132,21,13481,-7.045710851236559,28513,,13453
,0,,43576,15889,6.0,2016.0,0,0,-35.24786164747345,24232,21,13279,-6.995216279037157,39411,,15400
,0,,40788,15162,6.0,2016.0,0,0,-35.25156628953407,30263,21,13697,-7.056099936448223,35821,,14722
,0,,39136,15326,6.0,2016.0,0,0,-35.35135874406594,34087,21,14317,-7.037881328488672,36174,,14919
,0,,40279,15771,6.0,2016.0,0,0,-35.18657081026305,29556,21,14044,-7.272723178813751,35143,,15381
,0,,57286,15678,4.0,2016.0,0,0,-35.29472043905535,30931,15,13572,-7.231890941563764,37664,,14158
,0,,42300,14820,4.0,2016.0,0,0,-35.35511028964475,23843,15,12429,-7.232567304359582,29238,,13386
,0,,50689,15344,4.0,2016.0,0,0,-35.49764925976944,27234,15,12864,-7.1886545122611025,42068,,14776
,0,,48493,15343,4.0,2016.0,0,0,-35.358095497792796,26867,15,12584,-7.033730792773766,30304,,13640
,0,,52412,15222,4.0,2016.0,0,0,-35.3431762704995,28652,15,13140,-6.922514401039984,36921,,14357
,0,,52764,15061,6.0,2016.0,0,0,-35.21021101164754,31472,21,13745,-7.197073695275836,40478,,14481
,0,,33806,14090,6.0,2016.0,0,0,-35.22968464040989,27188,21,12287,-7.149795930195789,29103,,13165
,0,,33506,13929,6.0,2016.0,0,0,-35.318880041278966,27453,21,12585,-7.163070655203613,30726,,13219
,0,,48169,15091,4.0,2016.0,0,0,-35.69501004676881,33535,15,13611,-7.163070650288968,43891,,14574
,0,,46271,15268,4.0,2016.0,0,0,-35.697542525004245,29837,15,13704,-7.254520673557303,35293,,14490
,0,,40504,14983,4.0,2016.0,0,0,-35.79155063990584,26900,15,13219,-7.212488242454364,35949,,14548
,0,,48690,15640,4.0,2016.0,0,0,-35.68824927179455,31846,15,14014,-7.279942068007143,33129,,14252
,0,,56913,15910,4.0,2016.0,0,0,-35.670850438166646,31393,15,14206,-7.231890932766426,43354,,14693
,0,,54373,16237,4.0,2016.0,0,0,-35.586340988432745,30337,15,13953,-7.197073689713382,43514,,15396
,0,,47857,15292,4.0,2016.0,0,0,-35.53039710424598,31376,15,13610,-7.101940408635904,36055,,14338
,0,,41469,15085,4.0,2016.0,0,0,-35.83504112363799,27587,15,13590,-7.282770428880095,32606,,14465
,0,,57354,16046,4.0,2016.0,0,0,-35.77779673377908,27722,15,12800,-7.17336420483368,38709,,14811
,0,,48784,15917,4.0,2016.0,0,0,-35.60146782784397,29532,15,13988,-7.213977530284172,36284,,14764
,0,,44320,15916,4.0,2016.0,0,0,-35.825964020587435,27296,15,13658,-7.020906510808499,37027,,15222
,0,,42836,15522,4.0,2016.0,0,0,-35.797036807209146,29162,15,13415,-7.0282135070453515,39748,,14845
,0,,43759,14878,4.0,2016.0,0,0,-35.538832110356864,20922,15,11562,-7.045710848084211,30269,,13485
,0,,38732,14734,4.0,2016.0,0,0,-35.79626613373142,21579,15,11901,-7.262403778745498,30366,,13528
,0,,47720,15390,4.0,2016.0,0,0,-35.564768403599395,23027,15,12669,-7.194715665667653,38662,,14740
,0,,50068,15513,4.0,2016.0,0,0,-35.539125692784246,24820,15,13074,-7.050248342662375,35053,,14620
,0,,46123,15323,4.0,2016.0,0,0,-35.60387701666042,26902,15,13354,-7.257026455037521,31150,,14240
,0,,38088,15211,4.0,2016.0,0,0,-35.858696392356514,20433,15,12260,-7.053959900559856,28504,,14254
,0,,43758,15595,4.0,2016.0,0,0,-35.82100454405557,24996,15,13061,-7.065128462328639,34601,,14524
,0,,50389,16064,4.0,2016.0,0,0,-35.816776609074815,25738,15,13718,-7.0001684168941525,34773,,15170
,0,,43096,14707,4.0,2016.0,0,0,-35.61283502012896,26267,15,13299,-7.191437000246005,35573,,14169
,0,,45707,14855,4.0,2016.0,0,0,-35.57736880253471,25879,15,13368,-7.1040441362821145,35004,,14455
,0,,38871,14596,4.0,2016.0,0,0,-35.542933128520616,28258,15,13573,-6.9415418694742,32778,,14508
,0,,33485,14418,4.0,2016.0,0,0,-35.883973329997104,22698,15,12480,-6.914655902466299,29611,,14011
,0,,51528,16122,4.0,2016.0,0,0,-35.54612153257008,27165,15,13546,-7.17105944113594,34672,,15226
,0,,50901,16235,4.0,2016.0,0,0,-35.78205741998806,31011,15,14354,-7.190926327764322,39906,,15300
,0,,40597,15294,4.0,2016.0,0,0,-35.62399163420412,22251,15,12865,-6.9952162785898855,29906,,14449
,0,,38706,14434,4.0,2016.0,0,0,-35.55761429662071,24892,15,12849,-7.201033172229891,34968,,13879
,0,,48637,15826,4.0,2016.0,0,0,-35.67931848190359,32324,15,13915,-6.987093996944206,37015,,14633
,0,,36111,14091,4.0,2016.0,0,0,-35.59081540089861,32413,15,13706,-7.0388668005222,30555,,13732
,0,,46687,15491,4.0,2016.0,0,0,-35.74290435161694,32618,15,13743,-7.186812889065147,35960,,14999
,0,,42662,15289,4.0,2016.0,0,0,-35.70997390313244,33167,15,14119,-6.973699471367401,36339,,14570
,0,,31549,14366,4.0,2016.0,0,0,-35.872075989568636,28689,15,13838,-6.947059796645999,29149,,13990
,0,,43325,14517,4.0,2016.0,0,0,-35.59963726330676,33813,15,13520,-7.11605984340887,38086,,14014
,0,,32852,13412,4.0,2016.0,0,0,-35.89669742557582,29520,15,12859,-7.098490000260819,31157,,13221
,0,,38959,14542,4.0,2016.0,0,0,-35.83167799528819,28585,15,12878,-7.062430152657636,36022,,14013
,0,,27688,12983,4.0,2016.0,0,0,-35.55401623533833,31252,15,13101,-7.017402446548717,32171,,13312
,0,,42587,15615,4.0,2016.0,0,0,-35.8596311758205,20876,15,12247,-6.930903640550206,32660,,14399
,0,,27455,12806,6.0,2016.0,0,0,-35.87782004864943,25094,21,12021,-7.023394959671784,26151,,12458
,0,,30099,12792,4.0,2016.0,0,0,-36.2255580650611,26242,15,12263,-7.194717553297599,28048,,12530
,0,,30651,12973,4.0,2016.0,0,0,-36.2494925213095,28669,15,12225,-7.197061672694035,29642,,12593
,0,,27971,13163,4.0,2016.0,0,0,-35.96074857195911,26673,15,12566,-7.253474903376675,26673,,12566
,0,,34684,13422,4.0,2016.0,0,0,-36.263692440112465,31917,15,12815,-6.914654540671398,32303,,13122
,0,,31559,12867,4.0,2016.0,0,0,-36.1493071605523,30519,15,12255,-7.056102969887156,31053,,12561
,0,,42485,15513,4.0,2016.0,0,0,-35.94786990651255,26354,15,12765,-7.1630500668773776,33315,,14324
,0,,37990,14694,4.0,2016.0,0,0,-35.9017985378809,25079,15,12484,-6.96109366626241,31297,,13884
,0,,37336,14898,4.0,2016.0,0,0,-35.992825483822216,22555,15,12022,-7.231883051746802,26987,,13267
,0,,38031,14647,4.0,2016.0,0,0,-35.986476610342685,22974,15,12195,-7.05692141997653,28545,,13250
,0,,42884,14823,4.0,2016.0,0,0,-35.90613381470461,28714,15,12469,-7.000145760193992,29678,,13228
,0,,39700,14832,4.0,2016.0,0,0,-36.01593875769802,28392,15,13376,-7.201035201225571,28701,,13572
,0,,37310,14067,4.0,2016.0,0,0,-35.93613314561327,25566,15,12215,-7.0208966556659504,33164,,13484
,0,,34573,13605,4.0,2016.0,0,0,-35.98352119963091,29762,15,12696,-7.062434663525732,30700,,12856
,0,,29754,13641,4.0,2016.0,0,0,-36.221486815821386,26223,15,12810,-7.149788119741778,27847,,13220
,0,,33074,13424,4.0,2016.0,0,0,-36.14746542352305,30389,15,12728,-6.929199984532873,31954,,13134
,0,,36988,14551,4.0,2016.0,0,0,-36.21815938161033,27717,15,12665,-7.199523924589174,32153,,13669
,0,,36914,14255,6.0,2016.0,0,0,-35.98365594404554,32179,21,13177,-6.9589990154129024,34696,,13644
,0,,35870,13960,4.0,2016.0,0,0,-36.13167598382502,27407,15,12702,-6.987092857304063,30139,,13364
,0,,32403,13767,4.0,2016.0,0,0,-36.03290242858505,24841,15,12436,-7.153293406438955,28445,,13174
,0,,28596,12918,4.0,2016.0,0,0,-35.97282033475859,26622,15,12167,-7.068150791219372,27766,,12321
,0,,34117,13536,4.0,2016.0,0,0,-35.97555330627271,27472,15,12250,-7.065128452603968,30154,,12894
,0,,27410,12671,4.0,2016.0,0,0,-36.094043677497105,27155,15,12473,-7.212495405265847,27269,,12568
,0,,31502,13376,4.0,2016.0,0,0,-36.058491339196664,22245,15,11727,-7.279941756215825,27953,,12767
,0,,31050,13581,6.0,2016.0,0,0,-36.03057091233989,26009,21,12551,-7.131254706622144,30028,,13109
,0,,28449,13134,4.0,2016.0,0,0,-36.22232669900131,22614,15,12005,-7.2462510261643756,26942,,13132
,0,,31896,13040,4.0,2016.0,0,0,-35.933159308761546,27734,15,12221,-7.085293523645351,27767,,12284
,0,,32964,14005,4.0,2016.0,0,0,-36.26857346746072,27222,15,12739,-7.246597723547055,29304,,13258
,0,,34888,13905,4.0,2016.0,0,0,-36.25563962064991,34415,15,13208,-6.930896964750859,32990,,13564
,0,,30883,12946,4.0,2016.0,0,0,-35.988807912859905,24506,15,11707,-7.233169454218385,28745,,12418
,0,,50957,15639,4.0,2016.0,0,0,-35.93418029290306,31030,15,13836,-7.283809346713374,39203,,14774
,0,,35186,14585,6.0,2016.0,0,0,-36.17011878728062,26001,21,13031,-7.169264090478482,29212,,13837
,0,,34881,14708,6.0,2016.0,0,0,-36.051052358681304,30802,21,13784,-6.995132238372485,33344,,14410
,0,,32448,14500,6.0,2016.0,0,0,-36.08151591755417,32678,21,14150,-6.911863715640107,33948,,14373
,0,,42056,15373,4.0,2016.0,0,0,-35.9145322534621,27951,15,13479,-7.028189878232727,34099,,14567
,0,,28182,13926,4.0,2016.0,0,0,-35.95111063574802,27577,15,12820,-7.257018803020503,27916,,13402
,0,,36152,14592,4.0,2016.0,0,0,-36.083793475969344,26171,15,12548,-7.279605924911826,30834,,13715
,0,,36575,14061,4.0,2016.0,0,0,-35.905797507942495,28635,15,13053,-7.0775095133845065,32415,,13452
,0,,33901,14428,6.0,2016.0,0,0,-36.03681040674932,27506,21,13100,-7.017425503981287,31616,,13840
,0,,33936,14122,6.0,2016.0,0,0,-35.99050223737202,27218,21,12696,-7.02341537573878,30915,,13358
,0,,32364,14229,4.0,2016.0,0,0,-36.26305581490134,33442,15,13630,-6.923568742704418,31776,,14132
,0,,36946,14805,4.0,2016.0,0,0,-35.916353766249884,29127,15,12984,-7.1492241727970525,33868,,13936
,0,,28128,13131,4.0,2016.0,0,0,-36.201110162454796,28514,15,12700,-7.068913914911568,28187,,13116
,0,,36650,14783,6.0,2016.0,0,0,-35.98326262743978,22673,21,12044,-6.97335398632042,28968,,13627
,0,,30894,13908,4.0,2016.0,0,0,-36.148891445338144,22592,15,12427,-6.973695377211598,28939,,13376
,0,,34473,14206,4.0,2016.0,0,0,-36.10687636356419,29720,15,13458,-6.9225140287478,30776,,13510
,0,,31451,13610,4.0,2016.0,0,0,-36.23256824154308,16722,15,10814,-7.06465077715991,30474,,13429
,0,,36849,14770,4.0,2016.0,0,0,-35.695085159831365,22885,15,12557,-7.961983674949109,30128,,13781
,0,,40491,14999,4.0,2016.0,0,0,-35.58461806301019,21827,15,12558,-8.002658609652968,30902,,14062
,0,,38930,14625,4.0,2016.0,0,0,-35.664863748285406,19640,15,11907,-7.922582860523177,25400,,13149
,0,,32397,14550,4.0,2016.0,0,0,-35.84942490744172,23069,15,13305,-7.943923360785316,28655,,13864
,0,,32221,14292,4.0,2016.0,0,0,-35.697903757241185,21897,15,12484,-8.017417081097229,31112,,14132
,0,,47890,15741,4.0,2016.0,0,0,-35.57498023942858,25514,15,13455,-8.00620087373664,37485,,15150
,0,,37506,15168,4.0,2016.0,0,0,-35.65425129267778,20039,15,12252,-7.944061127010366,26396,,14074
,0,,54609,15819,4.0,2016.0,0,0,-35.72190960395636,28670,15,13349,-7.851217964387043,44970,,14935
,0,,46346,15556,4.0,2016.0,0,0,-35.573486774685755,28080,15,14049,-7.69085465280989,44147,,15420
,0,,50115,15928,4.0,2016.0,0,0,-35.823336828520915,26534,15,12937,-7.7443190507246165,39664,,15219
,0,,37632,15223,4.0,2016.0,0,0,-35.5907889319052,29476,15,13984,-7.6934050038104145,33502,,14932
,0,,34277,14430,4.0,2016.0,0,0,-35.70861953224508,34271,15,14441,-7.84777262738898,34270,,14435
,0,,43475,15253,4.0,2016.0,0,0,-35.7981140493103,29363,15,13740,-7.823153778140771,38520,,14865
,0,,37994,14825,4.0,2016.0,0,0,-35.77275964913302,25987,15,13131,-7.722987747161051,30705,,13854
,0,,45259,15334,4.0,2016.0,0,0,-35.62484155197608,29833,15,13575,-7.928116294480821,37027,,14368
,0,,41809,15164,4.0,2016.0,0,0,-35.654436159452054,30346,15,13892,-7.880486695259957,34124,,14323
,0,,31885,14240,4.0,2016.0,0,0,-35.894189412468904,25343,15,12904,-7.940616474251807,31982,,13646
,0,,40889,14940,4.0,2016.0,0,0,-35.67086341523911,23450,15,12577,-7.923685916282192,32575,,13893
,0,,41962,15213,4.0,2016.0,0,0,-35.832705638138286,31190,15,12913,-7.748918558112549,36419,,14231
,0,,34381,14317,4.0,2016.0,0,0,-35.772765752417705,32093,15,13674,-8.011589181741527,31172,,13861
,0,,41432,14534,4.0,2016.0,0,0,-35.84535393944909,30255,15,13291,-7.899011298483918,33215,,13819
,0,,29978,12692,4.0,2016.0,0,0,-35.83201107914077,27330,15,12368,-8.031943801341686,28264,,12627
,0,,29810,13396,4.0,2016.0,0,0,-35.77622294345301,27918,15,12929,-7.93788875195435,29796,,13399
,0,,29004,12735,4.0,2016.0,0,0,-35.793982591948904,27880,15,12511,-7.918481038848749,28823,,12588
,0,,34743,14380,4.0,2016.0,0,0,-35.80702618545197,21107,15,12203,-7.920294073171751,32338,,13958
,0,,37565,14958,6.0,2016.0,0,0,-35.67491801064348,25057,21,12946,-7.744416676624616,27129,,13524
,0,,44437,15464,6.0,2016.0,0,0,-35.802047231588176,33930,21,14012,-7.725972591670697,41106,,15025
,0,,37748,15364,6.0,2016.0,0,0,-35.85724909299784,26934,21,13245,-7.782975946320904,35632,,14673
,0,,33308,14464,6.0,2016.0,0,0,-35.53203473123538,31593,21,13853,-7.696353414772488,32745,,14108
,0,,37683,14700,6.0,2016.0,0,0,-35.82497752553612,32919,21,13576,-7.818168704178381,32027,,13850
,0,,30871,14481,6.0,2016.0,0,0,-35.886925834398255,23005,21,12477,-7.672877325188357,28598,,13884
,0,,35061,15029,6.0,2016.0,0,0,-35.773172989000564,28681,21,13274,-7.805363698192241,34368,,14603
,0,,29827,13417,6.0,2016.0,0,0,-35.805305990581076,25662,21,12156,-7.865300390570697,26528,,12633
,0,,28518,13410,6.0,2016.0,0,0,-35.879509585019285,23475,21,12235,-7.680203018679746,27383,,13212
,0,,37731,15140,6.0,2016.0,0,0,-35.97281657724545,23282,21,12549,-7.817405897166962,33932,,14571
,0,,47622,15342,6.0,2016.0,0,0,-35.91635319261718,24940,21,12448,-7.898446405780503,30178,,13459
,0,,35667,14623,4.0,2016.0,0,0,-35.986471936014006,23657,15,12588,-7.806181156372596,30288,,13822
,0,,30360,14026,4.0,2016.0,0,0,-35.92571408315445,24264,15,12354,-8.021893928548257,27569,,13584
,0,,36884,14827,4.0,2016.0,0,0,-36.268573019882105,23655,15,12586,-7.995782131959959,30320,,14018
,0,,30069,13404,4.0,2016.0,0,0,-36.08450190587728,19144,15,11549,-7.744508613021439,30069,,13404
,0,,32967,13610,4.0,2016.0,0,0,-36.147109617226405,19551,15,11495,-7.853301273667177,29771,,12942
,0,,41436,15062,4.0,2016.0,0,0,-35.90546213237385,26494,15,12814,-7.963151864451131,35287,,14244
,0,,40621,14522,4.0,2016.0,0,0,-35.97554935709447,26895,15,12713,-7.8143847858588025,34858,,13847
,0,,32837,14411,4.0,2016.0,0,0,-35.951110282517206,26892,15,13207,-8.006200856032697,28954,,13721
,0,,38991,14777,4.0,2016.0,0,0,-35.96074810316885,28526,15,13150,-8.002658593800781,32949,,14066
,0,,37323,14883,4.0,2016.0,0,0,-35.947868495178824,24852,15,12681,-7.91226807119872,33081,,13849
,0,,34974,14401,4.0,2016.0,0,0,-35.98351679052786,24844,15,12202,-7.811692218569302,30098,,13503
,0,,34316,14207,4.0,2016.0,0,0,-35.90774630759298,25891,15,12589,-8.029258106217199,29672,,13470
,0,,36426,14092,6.0,2016.0,0,0,-36.04425734023608,27951,21,11982,-7.757552738206601,31883,,13072
,0,,34295,14469,4.0,2016.0,0,0,-36.148895735380954,28375,15,13225,-8.011589207730278,30968,,13845
,0,,32417,13979,4.0,2016.0,0,0,-36.09803960237311,24464,15,12367,-7.851217966838962,27124,,12789
,0,,28845,13202,4.0,2016.0,0,0,-35.95756814015954,22033,15,11476,-7.690364403868981,27171,,12449
,0,,38479,14473,4.0,2016.0,0,0,-36.058491122074216,21155,15,11817,-8.029116950650046,29394,,13396
,0,,33071,14289,4.0,2016.0,0,0,-36.17424402457607,28375,15,12943,-7.823153785680309,29740,,13267
,0,,28738,13270,4.0,2016.0,0,0,-35.90461987546663,24112,15,11565,-7.869760399595807,26456,,12421
,0,,28892,13781,6.0,2016.0,0,0,-35.983652726149664,24234,21,12144,-7.708296260751298,25115,,12452
,0,,34479,13794,4.0,2016.0,0,0,-36.22148390035978,26500,15,12482,-7.899011324540352,28731,,13054
,0,,34352,13786,4.0,2016.0,0,0,-36.24949087882973,26721,15,12441,-7.9462658160927475,28938,,13017
,0,,36115,14479,4.0,2016.0,0,0,-36.309876680124304,29050,15,13624,-7.9502361843148925,31705,,13710
,0,,27083,13132,6.0,2016.0,0,0,-36.32291389375151,26856,21,12991,-7.757532195129819,26982,,13155
,0,,38003,14433,4.0,2016.0,0,0,-36.291386243849935,32778,15,13786,-7.799508519652973,34695,,14133
,0,,31118,13416,4.0,2016.0,0,0,-36.311735912225316,25343,15,11542,-7.708282182231645,31257,,12844
,0,,35836,14376,6.0,2016.0,0,0,-36.52069853019099,27100,21,12771,-7.961979932790162,31521,,13795
,0,,38833,15060,4.0,2016.0,0,0,-36.49516790649302,27917,15,12773,-7.9360238239101095,31244,,13598
,0,,34605,14524,4.0,2016.0,0,0,-36.35807924217313,27316,15,13102,-7.899019965183572,31038,,13967
,0,,29564,13551,4.0,2016.0,0,0,-36.592430577600354,24531,15,12130,-7.806172970386792,27393,,12901
,0,,31269,13337,4.0,2016.0,0,0,-36.63008127905571,29492,15,12685,-7.772665596957598,30194,,12655
,0,,32051,13564,4.0,2016.0,0,0,-36.548526681959075,29441,15,12594,-8.01158502097142,29455,,12861
,0,,36844,14563,4.0,2016.0,0,0,-36.477213205103276,29472,15,13000,-7.9502459651941715,31486,,13457
,0,,33645,13969,4.0,2016.0,0,0,-36.30480700621188,31350,15,13289,-7.9487193814451365,31960,,13414
,0,,35434,13926,4.0,2016.0,0,0,-36.46135508244071,30758,15,12873,-7.82097889232426,32978,,13405
,0,,32403,13645,4.0,2016.0,0,0,-36.449803976352456,28324,15,12799,-8.003705734085573,29017,,13021
,0,,31546,13088,4.0,2016.0,0,0,-36.30363895591905,28911,15,12728,-7.690354419196327,29014,,12831
,0,,32406,13202,4.0,2016.0,0,0,-36.56750157350482,31062,15,12739,-7.817408162820273,30244,,12699
,0,,31598,13583,4.0,2016.0,0,0,-36.48649152213244,30392,15,12808,-7.783000502943924,30991,,13181
,0,,30853,13370,4.0,2016.0,0,0,-36.41889675148424,27255,15,12563,-7.818181851635274,28960,,13000
,0,,30914,13018,6.0,2016.0,0,0,-36.4622366177841,29056,21,12572,-7.7229922676063625,28461,,12713
,0,,30164,12978,4.0,2016.0,0,0,-36.47975477291285,27117,15,12537,-7.7871494767363005,28072,,12819
,0,,30049,13143,4.0,2016.0,0,0,-36.30994138426764,29301,15,12790,-7.693394563484193,30160,,12989
,0,,34776,13955,4.0,2016.0,0,0,-36.561915644722305,30445,15,13206,-7.880478646489963,31314,,13392
,0,,27435,13059,4.0,2016.0,0,0,-36.37449529208591,26374,15,12809,-7.724906920318102,26647,,12838
,0,,30855,13034,4.0,2016.0,0,0,-36.43158124060779,30166,15,12622,-7.73638154703031,30348,,12664
,0,,32085,13150,4.0,2016.0,0,0,-36.38889247234925,31097,15,12514,-7.668001725583808,31097,,12514
,0,,30831,13095,6.0,2016.0,0,0,-36.491393911312464,30761,21,12696,-7.744332937936333,30761,,12696
,0,,39188,14786,4.0,2016.0,0,0,-36.42311327363229,25392,15,12481,-7.981084519067976,30449,,13761
,0,,33333,14336,4.0,2016.0,0,0,-36.53005986313404,26288,15,12672,-7.922579913532822,28005,,13131
,0,,31156,13196,4.0,2016.0,0,0,-36.57326848058499,22357,15,11877,-7.814384838000917,30400,,13045
,0,,28730,12858,6.0,2016.0,0,0,-36.305748672337224,27630,21,12272,-7.750112671403639,27721,,12435
,0,,30665,13053,4.0,2016.0,0,0,-36.38703423321672,26506,15,12454,-7.823156138488263,27853,,12432
,0,,31485,13664,4.0,2016.0,0,0,-36.5417383833694,21005,15,11562,-8.002586210692412,28118,,13160
,0,,32078,13029,4.0,2016.0,0,0,-36.3430774309174,22819,15,11817,-7.788133011335835,30424,,13053
,0,,31848,13435,4.0,2016.0,0,0,-36.33860523718224,19184,15,11313,-7.946279102474128,30905,,13102
,0,,33018,14266,6.0,2016.0,0,0,-35.13530247017488,26069,21,13683,-7.289346510401427,30907,,13835
,0,,38500,14939,6.0,2016.0,0,0,-35.1346658330541,22808,21,13036,-7.298259012456354,35546,,14373
,0,,50140,15435,4.0,2016.0,0,0,-35.50855590973065,31704,15,13844,-7.297385669584071,36106,,14539
,0,,52567,15696,4.0,2016.0,0,0,-35.3292558887204,34133,15,14159,-7.286557939761178,37699,,14583
,0,,50005,15856,4.0,2016.0,0,0,-35.332243740014896,26327,15,13177,-7.3699023138305595,39093,,15208
,0,,54659,15431,4.0,2016.0,0,0,-35.396630530195885,29061,15,13441,-7.348377523114335,38755,,14716
,0,,47369,15461,4.0,2016.0,0,0,-35.267393242160566,33641,15,14106,-7.375531018802992,39796,,15019
,0,,39249,14856,4.0,2016.0,0,0,-35.29879017931278,29982,15,13670,-7.369810407466379,36308,,14441
,0,,41783,14887,4.0,2016.0,0,0,-35.28454747696712,34338,15,13970,-7.392099325202927,35293,,14240
,0,,45749,15020,4.0,2016.0,0,0,-35.42382179474153,34154,15,14019,-7.316914996009887,41930,,14574
,0,,47217,15206,4.0,2016.0,0,0,-35.354616132247536,30037,15,13616,-7.297206188775304,38546,,14691
,0,,41470,14851,4.0,2016.0,0,0,-35.3108205193106,29315,15,13325,-7.350305228011519,34693,,14079
,0,,39811,14871,4.0,2016.0,0,0,-35.50337957335139,26128,15,13011,-7.305585962530367,37090,,14722
,0,,46966,15683,4.0,2016.0,0,0,-35.39485244619981,27926,15,13132,-7.478716050568986,45206,,15299
,0,,45471,15249,4.0,2016.0,0,0,-35.47854781791126,22791,15,12647,-7.412528509987951,35502,,14762
,0,,40418,15051,4.0,2016.0,0,0,-35.205309221231616,23092,15,12523,-7.315748634299064,38085,,14634
,0,,48935,15369,4.0,2016.0,0,0,-35.447207514979446,28022,15,13101,-7.369713420690739,38170,,14635
,0,,51860,15471,4.0,2016.0,0,0,-35.39520514962235,23139,15,13043,-7.30389068117021,39637,,14969
,0,,42452,15045,4.0,2016.0,0,0,-35.23139432040252,35007,15,14139,-7.333683597425901,40397,,14846
,0,,41350,15284,4.0,2016.0,0,0,-35.46922535278855,29449,15,13841,-7.5244356761271085,35952,,14892
,0,,44608,15479,4.0,2016.0,0,0,-35.33249356697433,21052,15,12817,-7.47318614129199,26780,,13933
,0,,47766,15795,6.0,2016.0,0,0,-35.497231695528185,32688,21,13755,-7.5716996948531445,41108,,14882
,0,,36136,14250,6.0,2016.0,0,0,-35.197357944982485,27952,21,13152,-7.316239051282554,31263,,13724
,0,,32944,14888,6.0,2016.0,0,0,-35.22055844107089,23599,21,13373,-7.44281429795741,32189,,14660
,0,,39157,14866,4.0,2016.0,0,0,-35.30262400412986,28425,15,13603,-7.424945717645668,32657,,14252
,0,,40527,14779,4.0,2016.0,0,0,-35.48111962485156,25948,15,12543,-7.408378231183078,30851,,13650
,0,,35976,13813,6.0,2016.0,0,0,-35.24978345898251,29369,21,13145,-7.428642597594504,32703,,13710
,0,,41180,15304,4.0,2016.0,0,0,-35.727491765288214,32004,15,14183,-7.412551336505696,32740,,14313
,0,,43517,14632,4.0,2016.0,0,0,-35.75318584492226,26966,15,13502,-7.303892741854261,36632,,14496
,0,,41071,14898,4.0,2016.0,0,0,-35.553488343955856,31120,15,13662,-7.375508797682002,38276,,14661
,0,,44784,14830,4.0,2016.0,0,0,-35.627698045218025,30399,15,13587,-7.430766095067738,41541,,14675
,0,,52410,15317,4.0,2016.0,0,0,-35.58114653152416,28244,15,13291,-7.315050532208224,39558,,14649
,0,,58376,15688,4.0,2016.0,0,0,-35.55768124610759,31044,15,13551,-7.3187797361454345,38504,,14442
,0,,46938,15126,4.0,2016.0,0,0,-35.63477211243858,30439,15,13535,-7.448565220124915,40475,,14643
,0,,37122,14843,4.0,2016.0,0,0,-35.53912596644261,23772,15,12245,-7.42491438523359,30538,,13707
,0,,48557,15332,4.0,2016.0,0,0,-35.82100651420872,24530,15,12853,-7.439792570302023,30748,,13920
,0,,50178,15855,4.0,2016.0,0,0,-35.599639098689245,30517,15,13643,-7.490714207404202,39527,,14717
,0,,46325,15355,4.0,2016.0,0,0,-35.69501293047637,23457,15,12360,-7.5377166545234315,32744,,14394
,0,,40272,14953,4.0,2016.0,0,0,-35.62399262343449,22475,15,12407,-7.369894079645894,32773,,14480
,0,,42718,14783,4.0,2016.0,0,0,-35.55401662700015,25328,15,13264,-7.392075056862467,38437,,14545
,0,,38306,14610,4.0,2016.0,0,0,-35.56476980165355,25003,15,12800,-7.569354454413485,32449,,14100
,0,,51475,15539,4.0,2016.0,0,0,-35.590629874002275,24819,15,13142,-7.369795975203786,37684,,14534
,0,,51657,15411,4.0,2016.0,0,0,-35.559475702910284,23517,15,13221,-7.3336701806106666,37966,,14410
,0,,49558,15552,4.0,2016.0,0,0,-35.551378851817226,27141,15,13939,-7.315739118332034,43610,,15094
,0,,34758,15334,4.0,2016.0,0,0,-35.74388120135684,29352,15,13960,-7.374329249659895,30761,,14904
,0,,45215,14649,4.0,2016.0,0,0,-35.53732482431445,24589,15,13091,-7.65471055537249,36186,,14199
,0,,40872,14695,4.0,2016.0,0,0,-35.534903076533396,25606,15,12697,-7.543882065232528,35931,,14050
,0,,54865,16003,4.0,2016.0,0,0,-35.55254598748753,26720,15,13772,-7.574153625806922,44074,,15212
,0,,32925,14264,6.0,2016.0,0,0,-35.59081641450091,26153,21,12989,-7.413535855022137,35013,,14148
,0,,42761,15532,4.0,2016.0,0,0,-35.84016904618084,28146,15,13424,-7.431579378778288,31070,,14086
,0,,39510,15022,4.0,2016.0,0,0,-35.796266410275706,31751,15,13252,-7.637030322953192,37008,,14617
,0,,42740,14728,4.0,2016.0,0,0,-35.73880366436055,23529,15,12451,-7.452206101749965,35438,,14049
,0,,32725,14104,4.0,2016.0,0,0,-35.88590935996189,23080,15,12110,-7.62086576708238,30991,,13665
,0,,30774,13888,4.0,2016.0,0,0,-35.87303317128442,26693,15,11780,-7.297389981814638,28459,,12698
,0,,36594,14602,4.0,2016.0,0,0,-35.873779587230594,24494,15,12353,-7.563294110834557,30762,,13920
,0,,55387,15998,4.0,2016.0,0,0,-35.55761548627789,27671,15,13127,-7.57567063184347,34070,,14194
,0,,32805,14047,4.0,2016.0,0,0,-35.87439602984062,22952,15,12197,-7.298263697121467,27707,,12884
,0,,42914,15605,6.0,2016.0,0,0,-35.79155154475937,30592,21,13089,-7.587124404406054,35784,,14438
,0,,47106,15337,6.0,2016.0,0,0,-35.71930654183372,29169,21,13174,-7.297206547763783,38414,,14296
,0,,42590,15086,6.0,2016.0,0,0,-35.70909161210408,30510,21,13511,-7.446387229086665,35982,,14349
,0,,40516,15196,6.0,2016.0,0,0,-35.74560678289041,25113,21,12933,-7.569495461560151,30339,,13753
,0,,36021,14586,6.0,2016.0,0,0,-36.07849286638287,28989,21,14144,-7.439338202204857,32409,,14389
,0,,39946,15189,6.0,2016.0,0,0,-35.96675991233306,25760,21,12754,-7.3697959608642964,32950,,14180
,0,,33094,14234,4.0,2016.0,0,0,-35.922252305983974,24946,15,12326,-7.545702408177573,28737,,13600
,0,,32536,14188,4.0,2016.0,0,0,-36.25395061852403,28891,15,13461,-7.398066217188512,31233,,13940
,0,,33287,13937,4.0,2016.0,0,0,-35.97576913427853,25075,15,12427,-7.490714182781942,29324,,13323
,0,,32023,13915,6.0,2016.0,0,0,-36.071142937072736,26684,21,12823,-7.537716639420099,28483,,13283
,0,,35370,14093,4.0,2016.0,0,0,-35.929618393579375,27634,15,12850,-7.37550877645558,31515,,13515
,0,,28769,13543,6.0,2016.0,0,0,-35.920810597244916,27402,21,12490,-7.3480172930093,29331,,13150
,0,,27755,13582,6.0,2016.0,0,0,-35.93179324775836,25233,21,12662,-7.6212363440010575,28418,,13514
,0,,32597,13385,6.0,2016.0,0,0,-36.12054749725699,26813,21,12321,-7.623405202846268,28726,,12832
,0,,36414,14485,4.0,2016.0,0,0,-35.93374553464469,28640,15,12939,-7.5756705917590885,33365,,13936
,0,,30664,14094,4.0,2016.0,0,0,-35.97760032673953,20968,15,12037,-7.58861310482026,29129,,13709
,0,,30185,14197,4.0,2016.0,0,0,-35.93381129445466,21170,15,11389,-7.318779721170946,28982,,13598
,0,,37992,15101,4.0,2016.0,0,0,-35.92867603739597,29999,15,13475,-7.5741535850073065,32517,,14207
,0,,47951,15079,4.0,2016.0,0,0,-35.915256020433475,26478,15,12765,-7.424914356728026,31055,,13313
,0,,29417,13499,6.0,2016.0,0,0,-35.962473150290315,26214,21,12549,-7.571712312077205,26213,,12957
,0,,27736,13382,6.0,2016.0,0,0,-36.249163123792506,26767,21,12870,-7.29739002272256,27098,,12959
,0,,31221,13264,4.0,2016.0,0,0,-36.153928281269614,27158,15,12603,-7.548007979487894,29245,,12963
,0,,35352,13967,4.0,2016.0,0,0,-36.01276239687818,25542,15,12411,-7.293381025840514,30309,,13438
,0,,39782,14781,4.0,2016.0,0,0,-36.08075894132443,28477,15,13524,-7.286557931515929,33778,,14227
,0,,38444,14571,4.0,2016.0,0,0,-35.919063254383,25799,15,12659,-7.316228811034377,30420,,13692
,0,,30672,13060,4.0,2016.0,0,0,-36.16768152202045,23002,15,11795,-7.5871243946418305,28663,,12855
,0,,29706,13409,4.0,2016.0,0,0,-35.957276572739005,27483,15,12555,-7.3150505216043396,29359,,12864
,0,,33244,13837,4.0,2016.0,0,0,-35.998364573948194,28442,15,12404,-7.350297261153653,30059,,13053
,0,,31520,13428,4.0,2016.0,0,0,-35.9356057507121,27576,15,12627,-7.333670164500823,28910,,12957
,0,,27977,13059,6.0,2016.0,0,0,-36.27282740377226,28032,21,12998,-7.473146475195684,28032,,12998
,0,,35738,13751,4.0,2016.0,0,0,-36.121736774113245,34159,15,13050,-7.569495448424772,34556,,13547
,0,,28762,12927,6.0,2016.0,0,0,-35.98194696405363,24597,21,12066,-7.52444386719567,28431,,12822
,0,,30694,13416,4.0,2016.0,0,0,-36.11903612176202,25052,15,11930,-7.561454275490223,28560,,12777
,0,,34048,13793,4.0,2016.0,0,0,-36.129315833841964,31493,15,13134,-7.303892761667972,32360,,13388
,0,,31682,14413,4.0,2016.0,0,0,-36.103621762011635,23807,15,12148,-7.41255134131589,29227,,13813
,0,,32180,14084,4.0,2016.0,0,0,-36.00012265162049,23358,15,11913,-7.369894070979702,29932,,13662
,0,,31615,13503,4.0,2016.0,0,0,-36.11239165234732,25777,15,12514,-7.351371731439815,27672,,13037
,0,,30830,13910,4.0,2016.0,0,0,-36.234827408684275,24508,15,12442,-7.428625626271226,28227,,13538
,0,,32192,13620,4.0,2016.0,0,0,-36.325747920671006,17200,15,11023,-7.316239068534768,31816,,13372
,0,,33109,13920,4.0,2016.0,0,0,-36.62562174032965,28598,15,12956,-7.5716996914321895,29964,,13190
,0,,34673,14432,4.0,2016.0,0,0,-36.4606337467948,29694,15,13397,-7.369902326210428,31916,,13876
,0,,32881,14351,4.0,2016.0,0,0,-36.46088357381573,29475,15,13323,-7.473186146213189,31014,,13657
,0,,30907,13705,4.0,2016.0,0,0,-36.6069378584085,28736,15,13147,-7.412528518178279,29759,,13424
,0,,33552,13999,4.0,2016.0,0,0,-36.55037592748792,20253,15,11729,-7.448563007824099,27886,,12885
,0,,30843,13652,4.0,2016.0,0,0,-36.39578323399851,28500,15,13417,-7.375531031266657,29283,,13599
,0,,34138,14172,4.0,2016.0,0,0,-36.62250264599926,31107,15,13289,-7.44635871300535,32173,,13442
,0,,28235,13127,4.0,2016.0,0,0,-36.33369919875285,25601,15,12749,-7.315748651529866,27682,,13138
,0,,36899,13867,4.0,2016.0,0,0,-36.575597548253974,34050,15,13485,-7.369713432206266,35435,,13675
,0,,34549,13947,4.0,2016.0,0,0,-36.36276654689319,31260,15,13117,-7.315057945774579,33505,,13562
,0,,31594,13481,4.0,2016.0,0,0,-36.34305010693468,21899,15,11951,-7.318789665867644,29711,,13385
,0,,27890,13090,4.0,2016.0,0,0,-36.40669852737293,26812,15,12622,-7.505906650556736,28554,,12925
,0,,29236,12981,4.0,2016.0,0,0,-36.639185842256786,25653,15,11874,-7.298259021548366,27073,,12282
,0,,35256,13603,4.0,2016.0,0,0,-36.608697536338575,24046,15,12336,-7.43931450958226,32577,,13235
,0,,30445,13498,4.0,2016.0,0,0,-36.63982247944322,27073,15,12533,-7.289346518778641,27880,,12985
,0,,37374,14863,6.0,2016.0,0,0,-36.5772388549997,31419,21,13809,-7.443577281281869,36147,,14628
,0,,35583,14462,6.0,2016.0,0,0,-36.28159213957144,26548,21,13031,-7.5885893169518965,33408,,14315
,0,,33819,14596,6.0,2016.0,0,0,-36.302673231809614,26927,21,13324,-7.5900346688961795,31168,,14361
,0,,33861,13736,6.0,2016.0,0,0,-36.35964896426591,29368,21,12998,-7.43709940259409,30791,,13234
,65535,,15597,7692,8.0,2016.0,65535,65535,-34.83836923203994,11993,33,4018,-6.995118518417154,13070,,5630
,65535,,15114,7870,8.0,2016.0,65535,65535,-34.87173165220777,13017,33,5835,-6.995216265523498,13646,,6468
,65535,,17171,9055,8.0,2016.0,65535,65535,-34.869973818038325,15287,33,7779,-6.975615708960281,15795,,8187
,0,,14643,8892,8.0,2016.0,0,0,-35.231000519155494,14353,33,8458,-7.348035808231908,14428,,8674
,0,,42943,15936,0.0,2017.0,0,0,-35.131713312934416,29320,3,14598,-6.914655896016263,38522,,15617
,0,,41294,15800,0.0,2017.0,0,0,-35.50977924758596,35466,3,14901,-7.2462374453275284,38066,,15120
,0,,50195,15913,1.0,2017.0,0,0,-35.48256634362336,23959,4,12832,-7.053959902372851,33455,,14492
,0,,38347,15747,0.0,2017.0,0,0,-35.41372688034437,31285,3,14498,-7.153289646347662,35821,,15462
,0,,47533,16318,0.0,2017.0,0,0,-35.516845076539354,32822,3,14302,-7.26856190555438,41529,,15800
,0,,28931,14264,0.0,2017.0,0,0,-35.16999156640782,22875,3,13421,-7.17105944689095,22875,,13421
,0,,26129,14580,0.0,2017.0,0,0,-35.6222337997987,24339,3,12225,-6.975615725369582,26129,,14580
,0,,41800,15430,0.0,2017.0,0,0,-35.6655399399697,26754,3,14016,-7.233177686653976,33391,,14834
,0,,38600,15933,0.0,2017.0,0,0,-35.5534880188796,31683,3,14996,-7.000833019215958,35783,,15527
,0,,37653,15801,0.0,2017.0,0,0,-35.56002801180372,31080,3,14099,-7.283810014445275,33851,,15323
,0,,38371,15376,1.0,2017.0,0,0,-35.85162160240369,24928,4,13063,-6.96110870564845,31824,,14581
,0,,40919,15962,1.0,2017.0,0,0,-35.66663148095412,27574,4,13832,-7.068925793606972,34139,,15290
,0,,38640,15228,1.0,2017.0,0,0,-35.87303270030065,24250,4,13303,-6.92269935197961,33147,,14674
,0,,37483,14476,1.0,2017.0,0,0,-35.5576811108918,30213,4,13845,-6.944093005739266,34206,,14197
,0,,45177,15978,1.0,2017.0,0,0,-35.69443888188298,30679,4,14422,-7.120562963525154,37528,,15313
,0,,40404,15302,1.0,2017.0,0,0,-35.82708431408225,26282,4,13025,-6.955425797572939,30020,,14032
,0,,37425,15220,1.0,2017.0,0,0,-35.87439552146327,29411,4,13982,-6.923573259725531,33530,,14765
,0,,45941,15953,1.0,2017.0,0,0,-35.55566189764264,28428,4,13307,-7.246607701405762,39666,,15171
,0,,46828,15934,1.0,2017.0,0,0,-35.6347699942511,35765,4,14853,-7.0739024121573815,41342,,15390
,0,,28656,13858,1.0,2017.0,0,0,-35.9575703343266,23852,4,12754,-6.941060946768567,26134,,13389
,0,,29761,13974,1.0,2017.0,0,0,-35.96692131551375,25723,4,13092,-6.944102415424581,27646,,13589
,0,,31541,13944,1.0,2017.0,0,0,-36.09804737891972,24204,4,12460,-7.101974420945426,26509,,12766
,0,,37549,15516,1.0,2017.0,0,0,-36.06308210548356,26185,4,13154,-6.975623273710588,33589,,14234
,0,,31558,14507,1.0,2017.0,0,0,-36.03038409443755,26999,4,13347,-7.194853544380132,30200,,14313
,0,,30905,14547,1.0,2017.0,0,0,-36.062894634910165,29347,4,13580,-7.190931343134052,27161,,14547
,0,,30706,13777,1.0,2017.0,0,0,-36.08335136004326,28255,4,13633,-7.248776994805737,28255,,13633
,0,,36632,14950,1.0,2017.0,0,0,-35.90816556712177,30176,4,14300,-6.947053890774846,32588,,14585
,0,,29700,14124,1.0,2017.0,0,0,-36.17881516158991,24196,4,12439,-7.207969848471741,26419,,13201
,0,,31658,14607,1.0,2017.0,0,0,-35.986637550908455,30697,4,13704,-6.940369736811995,31659,,14133
,0,,29050,13472,1.0,2017.0,0,0,-36.019655895930015,26704,4,13357,-7.000854129036522,27955,,13421
,0,,28833,13755,1.0,2017.0,0,0,-36.040997479913976,25572,4,12641,-7.17336691647907,26962,,13397
,0,,25554,12767,1.0,2017.0,0,0,-36.20883694187264,28880,4,13341,-6.999637377917064,27121,,13061
,0,,26944,13498,1.0,2017.0,0,0,-36.02037031503141,25914,4,13105,-6.918689534327593,26395,,13291
,0,,29668,13377,1.0,2017.0,0,0,-36.178178661588554,23802,4,12139,-6.976681870108295,26321,,12751
,0,,29977,14115,1.0,2017.0,0,0,-36.08450559526644,23765,4,12406,-6.995224089990984,25170,,12759
,0,,31793,14027,1.0,2017.0,0,0,-36.04426250624907,20643,4,10850,-7.008273422831557,25912,,12496
,0,,27299,13195,1.0,2017.0,0,0,-36.233380210091326,24667,4,12481,-7.033708578970994,24491,,12508
,0,,28622,13059,1.0,2017.0,0,0,-36.17424778938893,27492,4,12681,-7.073900299418066,28601,,13053
,0,,27275,12960,1.0,2017.0,0,0,-36.1994682470732,25660,4,12565,-6.9950358592191195,27275,,12960
,0,,29468,13941,1.0,2017.0,0,0,-36.230808460523676,24899,4,12569,-7.037859613209772,24723,,12734
,0,,25604,13120,1.0,2017.0,0,0,-36.24637312555557,24690,4,12363,-7.071696566715946,24259,,12829
,0,,26701,12717,1.0,2017.0,0,0,-36.04224676152509,25521,4,12603,-7.254518721182344,26063,,12656
,0,,25234,12893,1.0,2017.0,0,0,-36.20814125909866,25234,4,12893,-7.282771284620434,25234,,12893
,0,,25487,12359,1.0,2017.0,0,0,-36.14889709154765,25371,4,11780,-7.2624076318796895,25445,,12064
,0,,24998,12640,1.0,2017.0,0,0,-36.27031961931347,24572,4,11995,-7.191410999837372,24998,,12640
,0,,26911,13096,1.0,2017.0,0,0,-36.24768321660778,27946,4,13084,-6.9554127756719435,27597,,12995
,0,,25993,13424,1.0,2017.0,0,0,-36.176082155316124,24083,4,12387,-6.942227036819151,23641,,12408
,0,,38337,15156,1.0,2017.0,0,0,-36.0020462569565,29150,4,13278,-7.0539760510804514,33792,,14532
,0,,30220,14330,1.0,2017.0,0,0,-36.15235863679525,25579,4,12606,-7.188678960222578,27201,,13296
,0,,27578,12570,1.0,2017.0,0,0,-36.084757617709315,26072,4,11438,-7.098527748063179,27211,,12077
,0,,30445,14026,1.0,2017.0,0,0,-36.14711529014199,27005,4,12972,-7.104058916102756,28495,,13450
,0,,27550,13549,1.0,2017.0,0,0,-36.05004018192914,22142,4,12105,-7.045740375283813,23219,,12605
,0,,44631,15367,1.0,2017.0,0,0,-35.87024213463141,23742,4,12436,-7.820948909121024,34068,,14444
,0,,44563,15582,1.0,2017.0,0,0,-35.89244307327575,24312,4,12587,-7.995782083960358,33839,,14300
,0,,28588,13918,1.0,2017.0,0,0,-35.79995147496383,24945,4,11510,-7.691531027714882,28916,,13990
,0,,42448,15606,1.0,2017.0,0,0,-35.85467722804416,23678,4,12102,-7.787125470167346,30458,,14286
,0,,39313,15036,1.0,2017.0,0,0,-35.802680134584534,22799,4,11787,-7.957171769122795,33750,,14204
,0,,31602,14417,1.0,2017.0,0,0,-35.871552991351145,19446,4,11687,-7.70470971016079,27601,,13609
,0,,28329,13351,1.0,2017.0,0,0,-35.666115702808185,27743,4,13252,-8.003703537844386,28039,,13303
,0,,46425,15866,1.0,2017.0,0,0,-35.71900355686076,25124,4,13023,-7.7881495160181675,34957,,14947
,0,,35330,15027,1.0,2017.0,0,0,-35.70538587949605,32759,4,14301,-7.661180255811655,33394,,14791
,0,,40068,15295,1.0,2017.0,0,0,-35.87568951330001,26353,4,14312,-8.017745106115152,36612,,15234
,0,,40550,15051,1.0,2017.0,0,0,-35.6126767766417,26503,4,13223,-7.982361637871334,30000,,14133
,0,,41547,16090,0.0,2017.0,0,0,-36.04699342917461,34220,3,14913,-7.923685913570276,33787,,14981
,0,,25547,12986,1.0,2017.0,0,0,-36.14930297183833,23775,4,12080,-7.805363699622734,23713,,12493
,0,,31269,13778,1.0,2017.0,0,0,-36.04224571818747,24625,4,12323,-8.003703539903658,26463,,12999
,0,,26642,13062,1.0,2017.0,0,0,-36.050033203234655,24655,4,12207,-7.795005363921571,26434,,12948
,0,,26968,13554,1.0,2017.0,0,0,-36.05488048589248,24229,4,12541,-7.799541403784989,25846,,13143
,0,,34656,14756,1.0,2017.0,0,0,-36.00204068751986,22498,4,11471,-7.803237234826181,30315,,14018
,0,,28590,13786,1.0,2017.0,0,0,-35.90179826869902,23928,4,12065,-7.710387499031245,25519,,12846
,0,,29677,13807,1.0,2017.0,0,0,-36.23256675989056,26709,4,12526,-7.813906306298744,28280,,13118
,0,,28656,12977,1.0,2017.0,0,0,-36.09513355616056,22315,4,11947,-7.788149507710678,22727,,12100
,0,,30756,14187,1.0,2017.0,0,0,-36.201107492638826,25541,4,12623,-7.8181687143246945,27460,,12985
,0,,39997,15247,1.0,2017.0,0,0,-36.00097157990033,24054,4,12550,-7.928116282018511,30374,,13743
,0,,26776,14020,1.0,2017.0,0,0,-36.208141044260834,21025,4,12007,-8.031943841946136,22284,,12936
,0,,41125,15618,1.0,2017.0,0,0,-36.06289101874373,23379,4,12471,-7.940140711397877,29483,,13950
,0,,21872,12273,1.0,2017.0,0,0,-36.10687592206817,21872,4,12273,-7.671826409446259,21872,,12273
,0,,41751,15364,1.0,2017.0,0,0,-36.13306239492659,24528,4,13099,-8.002591124275034,32603,,14401
,0,,33398,14688,1.0,2017.0,0,0,-35.99049663505154,23416,4,12128,-7.772688053320839,28706,,13604
,0,,23313,13122,1.0,2017.0,0,0,-35.983258439750124,22390,4,12133,-7.722645713980691,21907,,12502
,0,,31689,15142,1.0,2017.0,0,0,-36.01593644725133,24968,4,12965,-7.950240205526185,29691,,13902
,0,,42529,15542,1.0,2017.0,0,0,-35.900668239776955,26346,4,12602,-7.992688136387148,33016,,14647
,0,,34017,14636,1.0,2017.0,0,0,-36.08334977351475,27838,4,13807,-7.997964230651355,30894,,14269
,0,,32573,14376,1.0,2017.0,0,0,-36.2518194649971,24873,4,12974,-8.01774515511102,29677,,13756
,0,,29182,13854,1.0,2017.0,0,0,-36.246372087984334,25731,4,12779,-7.820948925500207,26398,,13167
,0,,43339,15371,1.0,2017.0,0,0,-36.03038131166408,28539,4,13452,-7.944061122140448,38371,,14699
,0,,40433,15072,1.0,2017.0,0,0,-35.93315768713432,24814,4,12370,-7.834540882724661,33934,,14156
,0,,33880,15014,1.0,2017.0,0,0,-36.01960350341189,22417,4,12873,-7.93601969132965,30706,,14641
,0,,34299,15034,1.0,2017.0,0,0,-36.08379321040137,24952,4,13043,-8.02878133339388,27473,,13557
,0,,33566,14743,1.0,2017.0,0,0,-36.15235292537072,23138,4,12426,-7.937888773359277,24619,,12791
,0,,48014,15894,1.0,2017.0,0,0,-35.93418027600307,23436,4,12478,-8.032980584069117,35451,,14776
,0,,26356,13149,1.0,2017.0,0,0,-36.020369868681044,25834,4,12159,-7.668002938365163,25383,,12870
,0,,26137,13091,1.0,2017.0,0,0,-36.05389154011454,23778,4,12448,-7.981759960867506,24491,,12562
,0,,37612,15099,1.0,2017.0,0,0,-36.071215166402716,30108,4,13433,-7.961983680322181,33641,,14499
,0,,25794,12951,1.0,2017.0,0,0,-36.131673479855735,25705,4,12560,-7.736380278072376,25794,,12951
,0,,24658,13062,1.0,2017.0,0,0,-35.908164787384074,18931,4,11448,-7.6963533651520075,23462,,12765
,0,,32191,13826,1.0,2017.0,0,0,-36.18143596365613,26126,4,12351,-7.865300405966406,28124,,13027
,0,,27929,13583,1.0,2017.0,0,0,-36.208835602894744,27693,4,12926,-7.748918557841588,27807,,13219
,0,,21340,12716,1.0,2017.0,0,0,-36.222323734209645,23069,4,12317,-7.995437190944484,23056,,12322
,0,,25984,12733,1.0,2017.0,0,0,-36.26305578267815,16744,4,10517,-7.672877319320804,25984,,12733
,0,,30351,13241,1.0,2017.0,0,0,-36.08474953470253,25807,4,12356,-7.8477726274428266,26964,,12612
,0,,23844,12437,1.0,2017.0,0,0,-35.94961681822961,22971,4,11715,-7.690854609954715,22822,,12052
,0,,27505,12906,1.0,2017.0,0,0,-36.17817720565932,26295,4,13050,-7.7259725837094955,26936,,12970
,0,,26148,12635,1.0,2017.0,0,0,-36.26081589634761,24905,4,12438,-7.672004194546273,26148,,12635
,0,,32326,13548,1.0,2017.0,0,0,-36.17011256846306,24774,4,12166,-7.918481061562443,29133,,12855
,0,,24958,12449,1.0,2017.0,0,0,-36.14888963210654,26350,4,12636,-7.722987734971271,25075,,12486
,0,,30346,13949,1.0,2017.0,0,0,-36.27031935854549,26190,4,12380,-7.9406165133886155,27413,,12834
,0,,26110,13011,1.0,2017.0,0,0,-35.986635604253955,26777,4,12551,-7.6896741982639645,25499,,12739
,0,,25673,12870,1.0,2017.0,0,0,-36.23080718612367,27641,4,12778,-7.7871254789917375,27104,,12795
,0,,26652,12641,1.0,2017.0,0,0,-36.263692431550204,24209,4,12258,-7.663966512949779,25469,,12464
,0,,24822,12687,1.0,2017.0,0,0,-36.176081449673774,25711,4,12866,-7.691531013812082,25266,,12778
,0,,24038,12514,1.0,2017.0,0,0,-36.25563953555668,22853,4,11760,-7.680203013066206,23070,,12166
,0,,28374,13404,1.0,2017.0,0,0,-36.29694071049558,26183,4,12478,-7.7226263012926815,26330,,12521
,0,,27934,12671,1.0,2017.0,0,0,-36.6266565309489,29713,4,12887,-7.672882310777171,30875,,13061
,0,,27087,12418,1.0,2017.0,0,0,-36.44670667072211,26678,4,12293,-7.869799399419041,26464,,12235
,0,,22758,12306,1.0,2017.0,0,0,-36.471566798888304,23059,4,12019,-7.671826824198709,22992,,12044
,0,,37721,15152,1.0,2017.0,0,0,-36.2895850651066,25313,4,12659,-8.029260578662596,30802,,13936
,0,,32138,14576,1.0,2017.0,0,0,-36.58730116266972,22700,4,12453,-8.03194295803928,28872,,13967
,0,,32330,14535,1.0,2017.0,0,0,-36.314961796676535,26418,4,13024,-8.021898853679966,29051,,13628
,0,,26475,13644,1.0,2017.0,0,0,-36.35613897661349,24681,4,12795,-8.006209317388395,25926,,13266
,0,,30533,13970,1.0,2017.0,0,0,-36.64523514691418,23197,4,12292,-8.017737903076897,28601,,13396
,0,,29297,13564,1.0,2017.0,0,0,-36.307924504353736,22520,4,12377,-7.995793168117311,24359,,13295
,0,,35249,14533,1.0,2017.0,0,0,-36.63816940826214,30253,4,13584,-7.995422286758348,32376,,13936
,0,,28139,13773,1.0,2017.0,0,0,-36.44727581572577,23001,4,12225,-7.912290782652389,25421,,13019
,0,,29467,13857,1.0,2017.0,0,0,-36.54381244564232,25121,4,12744,-7.961688718270357,25301,,12930
,0,,26743,13024,1.0,2017.0,0,0,-36.287163462626594,24013,4,12459,-7.9184532993346295,25608,,12958
,0,,28167,13506,1.0,2017.0,0,0,-36.48447252605731,22805,4,12120,-7.928124513046681,25535,,13039
,0,,32285,13846,1.0,2017.0,0,0,-36.312288168168195,22917,4,12022,-8.032981357003507,27963,,13302
,0,,27918,13201,1.0,2017.0,0,0,-36.32963126916362,24008,4,12411,-7.853284972520559,25674,,12763
,0,,30601,13817,1.0,2017.0,0,0,-36.579347432779834,21737,4,11992,-7.704724100158723,28577,,13157
,0,,29052,13804,1.0,2017.0,0,0,-36.56904198476792,27273,4,12730,-7.749449810741387,27608,,13422
,0,,25204,12780,1.0,2017.0,0,0,-36.376253614311686,26098,4,12491,-7.744499990054709,27584,,12936
,0,,34133,14118,1.0,2017.0,0,0,-36.46614991369539,22875,4,11695,-8.028781357884727,26803,,12612
,0,,25926,12886,1.0,2017.0,0,0,-36.62603985448961,27146,4,12401,-7.937861898555898,26214,,12652
,0,,30504,13575,1.0,2017.0,0,0,-36.3062770220239,18671,4,11186,-7.766675762268173,30504,,13575
,0,,27284,13121,1.0,2017.0,0,0,-36.44050955552633,24375,4,12256,-8.029117340825245,27610,,12776
,0,,31522,13574,1.0,2017.0,0,0,-36.35190093754624,27149,4,12323,-7.865296673761787,28924,,12855
,0,,30145,13071,1.0,2017.0,0,0,-36.62529363500928,28939,4,12774,-7.672008787498635,30761,,12955
,0,,30341,13522,1.0,2017.0,0,0,-36.429632798649095,21695,4,11865,-7.89847960289038,29049,,13230
,0,,29915,13176,1.0,2017.0,0,0,-36.636233621289264,28575,4,12851,-7.663968016178032,29219,,13006
,0,,27260,12962,1.0,2017.0,0,0,-36.60388509518717,25985,4,12433,-7.71040412756171,26635,,12620
,0,,27555,12663,1.0,2017.0,0,0,-36.610958505203946,25385,4,12364,-7.803219481575094,26937,,12383
,0,,27955,12787,1.0,2017.0,0,0,-36.578228442506656,17675,4,10778,-7.770179724733859,27816,,12688
,0,,33631,13406,1.0,2017.0,0,0,-36.36510090098662,23837,4,11540,-7.940645226309456,26605,,12050
,0,,25419,12493,1.0,2017.0,0,0,-36.49106750390293,24031,4,12202,-7.826796607552598,28278,,12539
,0,,26250,13099,1.0,2017.0,0,0,-36.37995981561406,17275,4,11120,-7.805360364561559,21689,,12377
,0,,29253,14063,1.0,2017.0,0,0,-36.54212022927013,23086,4,12433,-7.902512853080199,25952,,13294
,0,,26880,13711,1.0,2017.0,0,0,-36.633118360031446,24482,4,12624,-7.957147082763823,25778,,13202
,0,,29935,14035,1.0,2017.0,0,0,-36.36933972343991,24443,4,12554,-8.002667198606684,27518,,13629
,0,,45239,15846,1.0,2017.0,0,0,-35.297776681595614,30170,4,14930,-7.420408825714249,37784,,15501
,0,,23253,12622,1.0,2017.0,0,0,-35.494112601915155,22457,4,12047,-7.446358707374349,22493,,12159
,0,,35213,14794,1.0,2017.0,0,0,-35.49542307543502,26719,4,13417,-7.330097212982798,31406,,13955
,0,,27420,13806,1.0,2017.0,0,0,-35.39704505836535,24761,4,13074,-7.43076929466782,25895,,13405
,0,,31070,14542,1.0,2017.0,0,0,-35.48030749543545,27201,4,13659,-7.439314503334491,30737,,14399
,0,,40893,15845,1.0,2017.0,0,0,-35.42198590002742,25512,4,14056,-7.4485630017970905,36768,,15535
,0,,31038,14464,1.0,2017.0,0,0,-35.758361377447464,24367,4,12670,-7.4599771561582,27965,,13815
,0,,38031,15450,1.0,2017.0,0,0,-35.67085185556649,23879,4,12412,-7.60652366681612,27554,,13846
,0,,41152,15361,1.0,2017.0,0,0,-35.61283795838591,24334,4,12412,-7.566077061345402,34703,,14603
,0,,31978,14309,1.0,2017.0,0,0,-35.66554135580728,24503,4,12326,-7.607810149775459,29625,,14138
,0,,38237,14981,1.0,2017.0,0,0,-35.731241333038426,25551,4,12455,-7.6071999531299,35302,,14523
,0,,38905,15604,1.0,2017.0,0,0,-35.81677929835064,22837,4,12035,-7.374845034927674,29879,,14069
,0,,40633,15909,1.0,2017.0,0,0,-35.56002808857557,26742,4,14782,-7.658431639303621,33789,,15494
,0,,40959,14909,1.0,2017.0,0,0,-35.85963194850279,21545,4,12130,-7.305592930296682,28499,,13395
,0,,42213,15337,1.0,2017.0,0,0,-35.81523948866604,25257,4,12748,-7.442816407384354,29758,,13775
,0,,38072,14936,1.0,2017.0,0,0,-35.60581693034319,23637,4,12570,-7.524443894065919,30329,,14476
,0,,34965,14869,1.0,2017.0,0,0,-35.896697458458014,20938,4,11874,-7.47314645546585,31588,,14339
,0,,42173,15459,1.0,2017.0,0,0,-35.82708587569137,27231,4,13963,-7.330110868173963,34061,,14962
,0,,34550,14725,1.0,2017.0,0,0,-35.80965406548448,24173,4,12608,-7.50589892939313,28424,,13820
,0,,38239,15026,1.0,2017.0,0,0,-35.702362862023,23834,4,13119,-7.4393382043008565,33675,,14648
,0,,39491,15586,1.0,2017.0,0,0,-35.67931986114349,35508,4,14917,-7.361773711059948,37289,,15423
,0,,36040,14934,1.0,2017.0,0,0,-35.74441750566832,26715,4,13491,-7.62340522373377,30811,,14156
,0,,32989,14456,1.0,2017.0,0,0,-35.53883237052211,23696,4,12370,-7.420377755176031,29724,,13945
,0,,41247,14852,1.0,2017.0,0,0,-35.858697451825144,21692,4,11717,-7.428625605121572,32629,,13795
,0,,36081,15214,1.0,2017.0,0,0,-35.69754325119342,31341,4,14524,-7.629149141129369,35445,,15124
,0,,36552,15564,0.0,2017.0,0,0,-35.70997526087076,26143,3,14370,-7.348381804765529,31706,,15142
,0,,34726,15151,1.0,2017.0,0,0,-35.83167971387531,28439,4,13594,-7.437094639654921,30295,,14706
,0,,36568,15280,1.0,2017.0,0,0,-35.734228517765516,31812,4,14844,-7.408401580970006,33987,,15168
,0,,38884,15500,1.0,2017.0,0,0,-35.82596623339288,21672,4,12624,-7.395579037325469,35751,,15330
,0,,44982,15628,1.0,2017.0,0,0,-35.546122254122004,25427,4,13058,-7.5457024472873115,33284,,14608
,0,,39710,14815,1.0,2017.0,0,0,-35.85162335134784,22141,4,11384,-7.335792332272554,33707,,13989
,0,,45861,16002,1.0,2017.0,0,0,-35.73913180840272,33749,4,14889,-7.369726610797092,41877,,15737
,0,,40497,15648,1.0,2017.0,0,0,-35.77779829982941,29297,4,13400,-7.548007985490839,35799,,15001
,0,,42998,15665,1.0,2017.0,0,0,-35.601470291706605,24659,4,12498,-7.588613139014242,28526,,13857
,0,,28385,13872,1.0,2017.0,0,0,-35.835041146385905,27595,4,13459,-7.657392610253941,27334,,13542
,0,,31901,14240,1.0,2017.0,0,0,-35.68824941436581,31823,4,13311,-7.654565642829263,33179,,13883
,0,,35422,14257,1.0,2017.0,0,0,-35.768437436760216,31809,4,13871,-7.58741550062658,32982,,13998
,0,,23804,13277,1.0,2017.0,0,0,-35.8929751448469,22615,4,12043,-7.643185803186535,27685,,13423
,0,,22282,12214,1.0,2017.0,0,0,-36.21117111043474,24206,4,12423,-7.657392596122304,22282,,12214
,0,,25669,13164,1.0,2017.0,0,0,-36.055449872511566,20964,4,11755,-7.361773712620621,22438,,12599
,0,,34560,14839,1.0,2017.0,0,0,-35.9065273440137,22889,4,12739,-7.476596334697241,29276,,14302
,0,,26505,13682,1.0,2017.0,0,0,-35.94312565070254,21678,4,12155,-7.618147252910841,25010,,13231
,0,,29591,14131,1.0,2017.0,0,0,-35.99723757881125,24634,4,12859,-7.590054783316868,26883,,13560
,0,,24772,13018,1.0,2017.0,0,0,-36.134491364790385,22106,4,12118,-7.4599771600919205,22604,,12509
,0,,32830,14383,1.0,2017.0,0,0,-35.92750890208467,24542,4,12406,-7.315739102588345,28956,,13522
,0,,36521,14592,1.0,2017.0,0,0,-35.95350007644243,22480,4,12002,-7.478700478085962,30095,,13602
,0,,25523,13056,1.0,2017.0,0,0,-36.04276413038907,23282,4,12408,-7.443589755231971,24230,,12695
,0,,34204,15023,1.0,2017.0,0,0,-35.91103313180768,24077,4,13087,-7.54388202438531,29914,,14160
,0,,27467,13913,1.0,2017.0,0,0,-35.93615813621847,26692,4,13085,-7.658431590003937,27057,,13771
,0,,33460,13857,1.0,2017.0,0,0,-35.966946452773804,22386,4,11634,-7.413535836434693,25173,,12413
,0,,30314,14067,1.0,2017.0,0,0,-35.98896798995913,25171,4,12906,-7.566077031602096,27634,,13522
,0,,25298,12977,1.0,2017.0,0,0,-35.98000802973849,18273,4,10911,-7.631653795150334,24503,,12638
,0,,23950,12634,1.0,2017.0,0,0,-36.070572781723726,22806,4,12485,-7.495217110602163,23950,,12634
,0,,32407,14393,1.0,2017.0,0,0,-35.94089984784453,25516,4,12883,-7.569354416159529,30963,,14026
,0,,23315,12705,1.0,2017.0,0,0,-36.08610526292171,24817,4,12817,-7.348381812864257,24058,,12762
,0,,25917,12968,1.0,2017.0,0,0,-36.207809678941864,24385,4,12698,-7.437094656166745,25007,,12893
,0,,26866,13261,1.0,2017.0,0,0,-35.938831333938175,23221,4,12097,-7.647346917768267,26615,,13148
,0,,23928,12833,1.0,2017.0,0,0,-36.173169795985935,17972,4,10743,-7.402884976915644,24456,,12851
,0,,24712,12815,1.0,2017.0,0,0,-36.09168169331541,25667,4,12655,-7.642863275011443,25101,,12747
,0,,22775,12648,1.0,2017.0,0,0,-36.11493365764543,23076,4,11628,-7.452206104282622,25263,,12861
,0,,25468,12930,1.0,2017.0,0,0,-36.227753310354395,20191,4,11356,-7.335792365610766,24146,,12916
,0,,26152,12692,1.0,2017.0,0,0,-36.14456742104498,24543,4,12493,-7.587415487869944,25260,,12586
,0,,27636,12949,1.0,2017.0,0,0,-36.192909267940806,25657,4,12383,-7.374845058313424,24930,,12949
,0,,29380,13506,1.0,2017.0,0,0,-35.993208701488115,24984,4,12457,-7.628110851494642,26331,,13016
,0,,26924,12994,1.0,2017.0,0,0,-36.090019784287314,25564,4,12411,-7.654229536187594,26193,,12686
,0,,25917,12835,1.0,2017.0,0,0,-36.21629900866858,24113,4,12568,-7.431579397150151,23961,,12619
,0,,25709,12983,1.0,2017.0,0,0,-36.248206965972855,26795,4,12486,-7.321745809637005,26291,,12720
,0,,26229,12871,1.0,2017.0,0,0,-36.073673257026826,24292,4,12027,-7.629149113461526,25261,,12455
,0,,23654,12567,1.0,2017.0,0,0,-36.11035851244126,23691,4,12276,-7.408401587333844,23671,,12412
,0,,25022,12485,1.0,2017.0,0,0,-36.172396386105035,25295,4,12649,-7.637030306743882,25168,,12571
,0,,26332,12512,1.0,2017.0,0,0,-36.095436541049104,25168,4,11991,-7.297206562443887,24888,,12251
,0,,24474,12539,1.0,2017.0,0,0,-36.203215842151536,23284,4,12177,-7.330110898039898,23834,,12354
,0,,24655,12525,1.0,2017.0,0,0,-36.06437942302351,26038,4,12501,-7.654565610390433,25378,,12512
,0,,26160,12506,1.0,2017.0,0,0,-36.165607957645406,24093,4,12305,-7.6280297095956815,25155,,12412
,0,,26072,12952,1.0,2017.0,0,0,-36.10108150488773,27330,4,12600,-7.575679097120406,26750,,12764
,0,,23376,12324,1.0,2017.0,0,0,-36.144860750448515,23657,4,12337,-7.31692008980135,23507,,12331
,0,,26000,13025,1.0,2017.0,0,0,-36.202096200193914,26461,4,12769,-7.395579058959903,25296,,12878
,0,,26271,12510,1.0,2017.0,0,0,-36.256988161570455,26889,4,12288,-7.582583126541001,26271,,12510
,0,,24443,12235,1.0,2017.0,0,0,-36.269105091293184,24443,4,12235,-7.643185798441062,24443,,12235
,0,,28901,13152,1.0,2017.0,0,0,-36.37817344675836,29412,4,13088,-7.428642605841515,29149,,13122
,0,,26870,12667,1.0,2017.0,0,0,-36.55928892080902,25896,4,12553,-7.545722040097243,26920,,12644
,0,,27824,12676,1.0,2017.0,0,0,-36.52848579629483,25524,4,12132,-7.563319814356793,26738,,12421
,0,,24379,12638,1.0,2017.0,0,0,-36.32399915954487,24459,4,12810,-7.537695017996631,24459,,12810
,0,,28804,13078,1.0,2017.0,0,0,-36.5250205518138,16508,4,10566,-7.348377536554422,27272,,12951
,0,,29336,13298,1.0,2017.0,0,0,-36.5984552499443,26603,4,12577,-7.62088004801487,27672,,13027
,0,,25176,12509,1.0,2017.0,0,0,-36.348948422109686,24771,4,12221,-7.442814304829397,24948,,12346
,0,,25334,12267,1.0,2017.0,0,0,-36.63694595715202,25414,4,12061,-7.2973856858272415,23828,,12061
,0,,24763,12467,1.0,2017.0,0,0,-36.36662940761218,26596,4,12758,-7.398087680752264,25652,,12771
,0,,24735,12564,1.0,2017.0,0,0,-36.47417349171992,23582,4,12197,-7.4766321522495165,24735,,12564
,0,,25072,12401,1.0,2017.0,0,0,-36.55221182262447,26883,4,12538,-7.316915011510536,26868,,12616
,0,,25739,12557,1.0,2017.0,0,0,-36.28192727218363,20741,4,11648,-7.452170138274612,24357,,12422
,0,,28483,12987,1.0,2017.0,0,0,-36.525026426469886,25065,4,12398,-7.637034358900544,28423,,12847
,0,,25824,12564,1.0,2017.0,0,0,-36.28226350016472,26099,4,12654,-7.374821239971899,25525,,12642
,0,,26268,12614,1.0,2017.0,0,0,-36.42038990901165,22332,4,11941,-7.382949051267883,26268,,12614
,0,,26091,12334,1.0,2017.0,0,0,-36.60950966594173,27404,4,12534,-7.4083782396530005,27332,,12431
,0,,26229,12527,1.0,2017.0,0,0,-36.412937472756084,17655,4,10780,-7.392099336344521,23582,,12095
,0,,24249,12292,1.0,2017.0,0,0,-36.523242467413326,24249,4,12292,-7.4787160546356,24249,,12292
,0,,29282,13043,1.0,2017.0,0,0,-36.50780474047161,26987,4,12721,-7.361772545481137,27149,,12721
,0,,26241,12688,1.0,2017.0,0,0,-36.28429512501569,25490,4,12532,-7.321739600695467,25548,,12802
,0,,25413,12708,1.0,2017.0,0,0,-36.35939050260011,25413,4,12708,-7.348035822946051,25413,,12708
,0,,27860,12628,1.0,2017.0,0,0,-36.336878299467614,20075,4,11239,-7.628102687411684,25336,,12163
,0,,28355,12963,1.0,2017.0,0,0,-36.37710282485532,16625,4,10534,-7.553545611762934,27674,,12790
,0,,25369,12606,1.0,2017.0,0,0,-36.29248342936203,25795,4,12524,-7.523871238834864,25606,,12562
,0,,27020,12708,1.0,2017.0,0,0,-36.283876261441506,27666,4,12698,-7.654708190499077,28217,,12860
,0,,24340,12447,1.0,2017.0,0,0,-36.525435080079646,29824,4,12729,-7.430769302168897,24751,,12579
,0,,27232,12575,1.0,2017.0,0,0,-36.27679819734603,27614,4,12390,-7.618131349997132,27401,,12487
,0,,26952,12983,1.0,2017.0,0,0,-36.290661716677256,26877,4,13001,-7.4028601394924545,26907,,12992
,0,,29450,12879,1.0,2017.0,0,0,-36.327240418402326,26124,4,12401,-7.631645767668904,29450,,12879
,0,,25816,12883,1.0,2017.0,0,0,-36.55494265719675,17831,4,10534,-7.582606767995847,23601,,12155
,0,,29352,13487,1.0,2017.0,0,0,-36.459480562136655,26316,4,12760,-7.62340655378122,28198,,12769
,0,,29034,13086,1.0,2017.0,0,0,-36.447346620904206,25033,4,12195,-7.5874191151904204,26833,,12635
,0,,24623,12488,1.0,2017.0,0,0,-36.35978430393685,23705,4,12355,-7.333683613169975,24193,,12426
,0,,26129,13001,1.0,2017.0,0,0,-36.3103102390321,26935,4,12639,-7.658430899915328,26591,,12790
,0,,26650,13069,1.0,2017.0,0,0,-36.41712560652197,23281,4,12193,-7.54801083601416,24351,,12381
,0,,23487,12243,1.0,2017.0,0,0,-36.30184407736702,25635,4,12541,-7.6473422643037905,24643,,12410
,0,,24262,12509,1.0,2017.0,0,0,-36.423125332341705,22142,4,11955,-7.549114076626876,23477,,12057
,0,,28488,13222,1.0,2017.0,0,0,-36.523595170911115,24813,4,12237,-7.3038906978247375,27766,,13043
,0,,26770,12790,1.0,2017.0,0,0,-36.41837622395367,20979,4,11354,-7.6291470707174796,23876,,12181
,0,,31547,13811,1.0,2017.0,0,0,-36.62795020969082,21435,4,11600,-7.64319278079471,24473,,12279
,0,,32752,14316,1.0,2017.0,0,0,-36.600879104990035,22276,4,11724,-7.575675232989974,27838,,13231
,0,,23753,12656,1.0,2017.0,0,0,-36.277928349188834,23778,4,12365,-7.335776553509581,23778,,12365
,0,,26762,13080,1.0,2017.0,0,0,-36.39573487287198,26762,4,13080,-7.561450380268916,26762,,13080
,0,,30651,13283,1.0,2017.0,0,0,-36.45992333827038,28647,4,12505,-7.654229566639376,29033,,12672
,0,,29892,13562,1.0,2017.0,0,0,-36.42616668043208,26739,4,12857,-7.4204088347142445,25569,,13503
,0,,27415,13358,1.0,2017.0,0,0,-36.40903034568308,24422,4,12392,-7.527941134478122,26438,,12865
,0,,32676,14610,1.0,2017.0,0,0,-36.58427118029699,22701,4,12032,-7.657393498848834,28448,,13592
,0,,32335,14803,4.0,2017.0,0,0,-35.06297739258795,24638,15,13037,-7.0681528175811446,33113,,14532
,0,,29598,14005,4.0,2017.0,0,0,-35.1407151160499,25551,15,13114,-7.268561914006499,27456,,13572
,0,,35314,15139,6.0,2017.0,0,0,-35.044006128497344,25660,21,14278,-7.2624038033049585,29957,,14745
,0,,49032,15620,4.0,2017.0,0,0,-35.46403746600361,39365,15,14427,-7.056913954543782,40739,,14948
,0,,36412,14232,6.0,2017.0,0,0,-35.21021101164754,25532,21,13230,-7.197073695275836,31265,,13919
,0,,49366,15476,4.0,2017.0,0,0,-35.36266980887156,36355,15,14312,-7.077543731519468,39448,,14773
,0,,35946,15275,6.0,2017.0,0,0,-35.25156628953407,28710,21,13573,-7.056099936448223,33635,,14301
,0,,42291,14832,4.0,2017.0,0,0,-35.33384389368716,25034,15,13066,-6.973699469743877,39774,,14401
,0,,44084,15479,4.0,2017.0,0,0,-35.37705534126443,34404,15,14483,-6.929201977517718,36637,,14837
,0,,34967,14731,4.0,2017.0,0,0,-35.29472043905535,20141,15,12655,-7.231890941563764,27732,,14074
,0,,41360,14957,4.0,2017.0,0,0,-35.420136101488204,28518,15,13862,-7.262403792555416,38622,,14878
,0,,38100,14858,4.0,2017.0,0,0,-35.366774333472186,29848,15,13873,-7.186812896677682,32381,,14331
,0,,34887,14893,4.0,2017.0,0,0,-35.24094763609095,31248,15,13617,-7.253482694064351,27413,,13439
,0,,49548,15664,4.0,2017.0,0,0,-35.368286828047765,33944,15,14315,-7.248775726799745,43511,,15271
,0,,41881,15105,4.0,2017.0,0,0,-35.49690264777928,36697,15,14550,-6.92269934621742,39174,,14788
,0,,39850,14503,4.0,2017.0,0,0,-35.326229657566714,30760,15,13926,-7.064673319975148,34571,,14135
,0,,39451,14779,4.0,2017.0,0,0,-35.39259985472928,27703,15,13158,-6.942231891774223,31449,,13997
,0,,39209,14820,4.0,2017.0,0,0,-35.44487450528003,26356,15,12824,-7.065128463952789,30630,,13606
,0,,44397,15278,4.0,2017.0,0,0,-35.39230631546894,29863,15,14234,-7.2127792233346115,37957,,14734
,0,,36477,14323,4.0,2017.0,0,0,-35.43910736312701,17379,15,11292,-7.06815281155526,30291,,13881
,0,,45348,15447,6.0,2017.0,0,0,-35.35607840715683,25413,21,14136,-7.178910489672845,41792,,15131
,0,,45187,15215,4.0,2017.0,0,0,-35.50168999486364,34434,15,14062,-7.023394959971675,35689,,14207
,0,,35675,14917,4.0,2017.0,0,0,-35.36013001999613,30206,15,13697,-6.976689996856859,33635,,14418
,0,,49759,15378,4.0,2017.0,0,0,-35.2905014829598,36180,15,14436,-7.068925794870118,43442,,14985
,0,,44418,15219,4.0,2017.0,0,0,-35.415420608910175,31436,15,13649,-7.212488252908537,38421,,14589
,0,,47645,15408,4.0,2017.0,0,0,-35.28940994226115,29918,15,14046,-7.233177695404103,41377,,15050
,0,,57848,15771,4.0,2017.0,0,0,-35.42090677476639,30722,15,13092,-7.028213505692091,39484,,14791
,0,,44216,15467,4.0,2017.0,0,0,-35.4498339805027,39191,15,14415,-7.020906509684561,42760,,15100
,0,,37804,15408,6.0,2017.0,0,0,-35.16855041703585,31150,21,14589,-6.973336420313186,36640,,15154
,0,,46253,15682,6.0,2017.0,0,0,-35.24786164747345,33801,21,15067,-6.995216279037157,43722,,15670
,0,,41960,14720,4.0,2017.0,0,0,-35.36774891508853,25928,15,12769,-6.999651956966745,38452,,14450
,0,,41963,15107,6.0,2017.0,0,0,-35.18657081026305,35607,21,14235,-7.272723178813751,35044,,14482
,0,,39505,14951,4.0,2017.0,0,0,-35.440646571416664,25921,15,13322,-7.000168414199343,34889,,14321
,0,,39846,15125,6.0,2017.0,0,0,-35.52056736680257,36745,21,14528,-7.098490005892997,38331,,14796
,0,,36688,14599,4.0,2017.0,0,0,-35.3214125188401,32569,15,14099,-7.254520684466103,35522,,14505
,0,,42615,15693,6.0,2017.0,0,0,-35.35135874406594,27982,21,14416,-7.037881328488672,36592,,15184
,0,,38756,14797,6.0,2017.0,0,0,-35.22350728300861,32700,21,14269,-7.116059846958693,37389,,14558
,0,,25112,13016,6.0,2017.0,0,0,-35.15877273126609,23208,21,12715,-7.169238926293462,24192,,12879
,0,,28402,13317,6.0,2017.0,0,0,-35.32849891414018,27875,21,13236,-6.91186372496691,28156,,13278
,0,,32839,14890,6.0,2017.0,0,0,-35.33775964039122,29905,21,14127,-7.279605915654595,32294,,14663
,0,,31034,13915,6.0,2017.0,0,0,-35.16270214611954,25650,21,13052,-7.045710851236559,29270,,13504
,0,,38568,14422,6.0,2017.0,0,0,-35.16119462349146,23410,21,12051,-7.280088628930147,29237,,13294
,0,,43313,15304,4.0,2017.0,0,0,-35.30123582162222,29225,15,13303,-7.149254268781821,30094,,13655
,0,,43655,15007,4.0,2017.0,0,0,-35.49764925976944,26249,15,12570,-7.1886545122611025,33590,,13896
,0,,43406,15036,6.0,2017.0,0,0,-35.45891108115099,31891,21,13566,-7.282770445063593,37348,,14267
,0,,44436,15110,6.0,2017.0,0,0,-35.318880041278966,29049,21,13901,-7.163070655203613,43101,,14931
,0,,50117,15606,4.0,2017.0,0,0,-35.50472800040197,29115,15,13269,-7.2079473589862175,37827,,14559
,0,,40503,15020,4.0,2017.0,0,0,-35.3431762704995,23278,15,12710,-6.922514401039984,37508,,14656
,0,,44584,15319,4.0,2017.0,0,0,-35.35511028964475,27326,15,13578,-7.232567304359582,33682,,14315
,0,,49382,15831,4.0,2017.0,0,0,-35.498265468584485,31218,15,13811,-6.923573253955891,42952,,15145
,0,,41081,15196,6.0,2017.0,0,0,-35.25864000467339,23310,21,12322,-7.073902414127852,31150,,14036
,0,,37716,14786,6.0,2017.0,0,0,-35.3031884805567,35080,21,14246,-6.987093996186307,36756,,14663
,0,,32488,14289,6.0,2017.0,0,0,-35.22968464040989,23064,21,12968,-7.149795930195789,30967,,13943
,0,,38310,15603,4.0,2017.0,0,0,-35.677365822452344,25638,15,12948,-7.14925426518759,32483,,14472
,0,,54056,16067,4.0,2017.0,0,0,-35.81523740037826,29279,15,13721,-7.068152809879314,46716,,15542
,0,,53831,16240,4.0,2017.0,0,0,-35.54612153257008,30523,15,13769,-7.17105944113594,37275,,14984
,0,,45870,15888,4.0,2017.0,0,0,-35.858696392356514,25563,15,12666,-7.053959900559856,36533,,14930
,0,,52709,15874,4.0,2017.0,0,0,-35.75318536212356,32223,15,13671,-6.929201980917976,46030,,15152
,0,,42746,14675,4.0,2017.0,0,0,-35.61283502012896,30843,15,13399,-7.191437000246005,38251,,14292
,0,,36843,14995,4.0,2017.0,0,0,-35.83504112363799,26696,15,13086,-7.282770428880095,32413,,14345
,0,,52492,15632,4.0,2017.0,0,0,-35.79626613373142,27642,15,13042,-7.262403778745498,35150,,14624
,0,,46975,15671,4.0,2017.0,0,0,-35.59963726330676,27391,15,13300,-7.11605984340887,36220,,14277
,0,,43709,14752,4.0,2017.0,0,0,-35.83167799528819,27686,15,13018,-7.062430152657636,38379,,14183
,0,,41757,15012,4.0,2017.0,0,0,-35.79155063990584,28256,15,13277,-7.212488242454364,39266,,14831
,0,,29630,13690,4.0,2017.0,0,0,-35.883973329997104,25808,15,12930,-6.914655902466299,27522,,13537
,0,,29549,13695,4.0,2017.0,0,0,-35.872075989568636,22592,15,12083,-6.947059796645999,25555,,13143
,0,,35978,14393,4.0,2017.0,0,0,-35.697542525004245,35120,15,14208,-7.254520673557303,35713,,14325
,0,,28882,13107,4.0,2017.0,0,0,-35.89669742557582,26756,15,12916,-7.098490000260819,28569,,13134
,0,,39521,14709,4.0,2017.0,0,0,-35.538832110356864,29094,15,13370,-7.045710848084211,32706,,14119
,0,,46544,15406,4.0,2017.0,0,0,-35.552544972921645,25299,15,12457,-7.199515962119856,32606,,14019
,0,,27597,13532,4.0,2017.0,0,0,-35.617077620999474,20554,15,12070,-7.253482685165001,24481,,13119
,0,,38763,15381,4.0,2017.0,0,0,-35.825964020587435,21355,15,12365,-7.020906510808499,30372,,14836
,0,,37868,15128,4.0,2017.0,0,0,-35.53039710424598,22062,15,12703,-7.101940408635904,28987,,14657
,0,,31813,13860,4.0,2017.0,0,0,-35.542933128520616,17203,15,11462,-6.9415418694742,25625,,13343
,0,,41835,15677,4.0,2017.0,0,0,-35.816776609074815,22567,15,12967,-7.0001684168941525,35221,,15135
,0,,37006,14720,4.0,2017.0,0,0,-35.564768403599395,22878,15,12544,-7.194715665667653,35503,,14591
,0,,45312,15132,4.0,2017.0,0,0,-35.797036807209146,29556,15,13571,-7.0282135070453515,34709,,14272
,0,,49542,16188,4.0,2017.0,0,0,-35.70908814340326,26889,15,13865,-7.07172369345455,41742,,15530
,0,,41581,15464,4.0,2017.0,0,0,-35.67931848190359,25578,15,13642,-6.987093996944206,30138,,14535
,0,,26165,13975,4.0,2017.0,0,0,-35.68824927179455,26325,15,13648,-7.279942068007143,26036,,13921
,0,,43206,15702,4.0,2017.0,0,0,-35.82100454405557,30723,15,13950,-7.065128462328639,40924,,15530
,0,,34614,14832,4.0,2017.0,0,0,-35.57065280188479,29092,15,14162,-7.008254824152946,29335,,14190
,0,,41467,15714,4.0,2017.0,0,0,-35.8596311758205,32052,15,14461,-6.930903640550206,35197,,15063
,0,,41631,15693,4.0,2017.0,0,0,-35.78205741998806,33078,15,14700,-7.190926327764322,39126,,15303
,0,,41236,15314,4.0,2017.0,0,0,-35.71555132147597,31027,15,14173,-7.268237460252357,35423,,14739
,0,,51088,15966,4.0,2017.0,0,0,-35.74290435161694,27168,15,13404,-7.186812889065147,37311,,14604
,0,,46721,15773,4.0,2017.0,0,0,-35.60146782784397,29990,15,13664,-7.213977530284172,43172,,15357
,0,,52702,15951,4.0,2017.0,0,0,-35.62110529498995,32972,15,14713,-7.215419270106295,43406,,15306
,0,,53161,15496,4.0,2017.0,0,0,-35.745605177575136,31676,15,13961,-7.194855615842798,46587,,15117
,0,,43825,15225,4.0,2017.0,0,0,-35.59081540089861,34324,15,14476,-7.0388668005222,39405,,14964
,0,,38698,14043,4.0,2017.0,0,0,-35.69501004676881,29418,15,13488,-7.163070650288968,34689,,13845
,0,,40887,16130,6.0,2017.0,0,0,-35.739129704538186,24563,21,13218,-6.995048420112455,38149,,15507
,0,,31368,12919,4.0,2017.0,0,0,-36.05488754390176,19135,15,11136,-7.050278119521459,29416,,12639
,0,,32144,13667,4.0,2017.0,0,0,-36.01593875769802,18872,15,11153,-7.201035201225571,30682,,13498
,0,,39195,14985,4.0,2017.0,0,0,-35.93418029290306,28288,15,13713,-7.283809346713374,34504,,14412
,0,,40023,15658,4.0,2017.0,0,0,-35.90462012053913,21383,15,12324,-7.120527614598562,31656,,15013
,0,,30575,13978,4.0,2017.0,0,0,-35.9017985378809,20203,15,11706,-6.96109366626241,27521,,13608
,0,,30998,13970,6.0,2017.0,0,0,-35.98326262743978,22379,21,12144,-6.97335398632042,26931,,13522
,0,,31268,13472,6.0,2017.0,0,0,-35.99050223737202,21256,21,11402,-7.02341537573878,26476,,12790
,0,,39079,14855,4.0,2017.0,0,0,-35.9145322534621,31918,15,14027,-7.028189878232727,36704,,14690
,0,,39429,14443,4.0,2017.0,0,0,-35.96074857195911,29728,15,13316,-7.253474903376675,35820,,13994
,0,,34634,14394,4.0,2017.0,0,0,-35.97282033475859,28982,15,12630,-7.068150791219372,30909,,13305
,0,,36396,14009,4.0,2017.0,0,0,-35.905797507942495,26918,15,12606,-7.0775095133845065,31250,,13362
,0,,33564,14169,4.0,2017.0,0,0,-35.916353766249884,28398,15,13476,-7.1492241727970525,28893,,13441
,0,,32763,14038,4.0,2017.0,0,0,-35.95111063574802,22541,15,12340,-7.257018803020503,28667,,13882
,0,,34275,13846,4.0,2017.0,0,0,-35.986476610342685,30256,15,13067,-7.05692141997653,31377,,13703
,0,,31230,13527,4.0,2017.0,0,0,-36.03290242858505,28340,15,12559,-7.153293406438955,31683,,13619
,0,,35263,13717,4.0,2017.0,0,0,-35.97555330627271,32058,15,13154,-7.065128452603968,33519,,13424
,0,,25543,12163,4.0,2017.0,0,0,-35.90613381470461,24884,15,11745,-7.000145760193992,26800,,12247
,0,,34597,14132,4.0,2017.0,0,0,-36.10687636356419,27808,15,12494,-6.9225140287478,30993,,13686
,0,,26816,12890,4.0,2017.0,0,0,-36.083793475969344,27599,15,12572,-7.279605924911826,26816,,12890
,0,,30971,13607,4.0,2017.0,0,0,-35.94786990651255,28055,15,12529,-7.1630500668773776,30115,,13168
,0,,28035,12698,4.0,2017.0,0,0,-35.98352119963091,25049,15,12027,-7.062434663525732,30210,,12974
,0,,28971,12795,4.0,2017.0,0,0,-36.221486815821386,28971,15,12795,-7.149788119741778,28971,,12795
,0,,33512,13321,4.0,2017.0,0,0,-36.18316163674597,33512,15,13321,-7.171078082195929,33512,,13321
,0,,28469,13188,4.0,2017.0,0,0,-35.992825483822216,28284,15,12346,-7.231883051746802,30829,,12897
,0,,35309,13840,4.0,2017.0,0,0,-35.93613314561327,29926,15,13076,-7.0208966556659504,33064,,13528
,0,,30998,12738,4.0,2017.0,0,0,-36.13167598382502,29049,15,12271,-6.987092857304063,29976,,12500
,0,,25849,11937,4.0,2017.0,0,0,-36.2255580650611,25556,15,11658,-7.194717553297599,25858,,11934
,0,,26989,12536,4.0,2017.0,0,0,-36.05389345877955,27167,15,12251,-7.232566621602999,27090,,12382
,0,,28922,12632,4.0,2017.0,0,0,-36.094043677497105,25601,15,11829,-7.212495405265847,25601,,11829
,0,,27817,12097,4.0,2017.0,0,0,-36.2494925213095,28430,15,12100,-7.197061672694035,28095,,12100
,0,,27671,12191,4.0,2017.0,0,0,-36.058491339196664,27184,15,11902,-7.279941756215825,25459,,11763
,0,,28908,12476,4.0,2017.0,0,0,-36.13306415503833,28908,15,12476,-7.2534059039015535,28908,,12476
,0,,28148,13137,4.0,2017.0,0,0,-36.26305581490134,28338,15,12928,-6.923568742704418,27966,,13031
,0,,29560,12718,4.0,2017.0,0,0,-36.23256824154308,28758,15,12333,-7.06465077715991,29120,,12508
,0,,32074,12623,4.0,2017.0,0,0,-36.14746542352305,25415,15,11888,-6.929199984532873,31807,,12623
,0,,28553,12712,4.0,2017.0,0,0,-36.21815938161033,26816,15,12236,-7.199523924589174,27590,,12455
,0,,28477,12449,4.0,2017.0,0,0,-36.26857346746072,27792,15,12301,-7.246597723547055,28082,,12367
,0,,32920,12861,4.0,2017.0,0,0,-36.25563962064991,30586,15,12804,-6.930896964750859,29622,,12747
,0,,31603,13188,4.0,2017.0,0,0,-35.988807912859905,23072,15,11478,-7.233169454218385,28193,,12460
,0,,28241,12583,4.0,2017.0,0,0,-36.09513884698219,26681,15,12102,-7.038881744788132,27077,,12122
,0,,31448,12809,4.0,2017.0,0,0,-36.263692440112465,26384,15,12006,-6.914654540671398,26384,,12006
,0,,36264,14373,6.0,2017.0,0,0,-36.08151591755417,23053,21,11875,-6.911863715640107,29897,,13269
,0,,30736,13872,6.0,2017.0,0,0,-36.17011878728062,23913,21,12377,-7.169264090478482,25997,,12756
,0,,29051,13193,6.0,2017.0,0,0,-36.03057091233989,25440,21,12126,-7.131254706622144,28465,,12973
,0,,27431,12641,6.0,2017.0,0,0,-35.98365594404554,25049,21,12362,-6.9589990154129024,26069,,12350
,0,,56090,16100,4.0,2017.0,0,0,-35.80702618545197,32506,15,14053,-7.920294073171751,39716,,15041
,0,,53088,15685,4.0,2017.0,0,0,-35.793982591948904,30570,15,12795,-7.918481038848749,41784,,14758
,0,,50992,15816,4.0,2017.0,0,0,-35.7981140493103,27768,15,12727,-7.823153778140771,38566,,14851
,0,,43504,15320,4.0,2017.0,0,0,-35.85724909299784,34611,15,14313,-7.782975946320904,41542,,15267
,0,,45931,15309,4.0,2017.0,0,0,-35.87336092642826,28370,15,13390,-7.946265778684896,35589,,14428
,0,,37798,15223,4.0,2017.0,0,0,-35.654436159452054,19607,15,11284,-7.880486695259957,31779,,14134
,0,,44187,15678,4.0,2017.0,0,0,-35.695085159831365,25284,15,12555,-7.961983674949109,34487,,14369
,0,,49043,15320,4.0,2017.0,0,0,-35.697903757241185,23793,15,11979,-8.017417081097229,33188,,13404
,0,,52843,15699,4.0,2017.0,0,0,-35.894189412468904,25481,15,12371,-7.940616474251807,42502,,14928
,0,,43681,15651,4.0,2017.0,0,0,-35.77622294345301,23906,15,11833,-7.93788875195435,31117,,13938
,0,,46905,15038,4.0,2017.0,0,0,-35.65425129267778,35711,15,14462,-7.944061127010366,41551,,14847
,0,,50926,15814,4.0,2017.0,0,0,-35.607522692950305,27344,15,14034,-7.708296296398038,41518,,15113
,0,,44701,15696,4.0,2017.0,0,0,-35.755543491654805,28876,15,14310,-7.736380290253764,36507,,14748
,0,,56400,15878,4.0,2017.0,0,0,-35.67086341523911,25652,15,13859,-7.923685916282192,40564,,15203
,0,,44224,15168,6.0,2017.0,0,0,-35.70861953224508,37696,21,14543,-7.84777262738898,38106,,14593
,0,,47526,15667,6.0,2017.0,0,0,-35.802047231588176,37797,21,14482,-7.725972591670697,42902,,15293
,0,,45584,15165,6.0,2017.0,0,0,-35.68694894720067,25615,21,12853,-7.724915279344512,41093,,14856
,0,,26467,13486,6.0,2017.0,0,0,-35.886925834398255,21203,21,11993,-7.672877325188357,25622,,13242
,0,,33668,13987,6.0,2017.0,0,0,-35.77133491018306,32393,21,13462,-7.678509455876457,32646,,13618
,0,,33990,13741,6.0,2017.0,0,0,-35.82497752553612,27070,21,12787,-7.818168704178381,31907,,13423
,0,,26700,12897,6.0,2017.0,0,0,-35.879509585019285,23106,21,11753,-7.680203018679746,25299,,12401
,0,,39498,15081,6.0,2017.0,0,0,-35.773172989000564,25295,21,12529,-7.805363698192241,34211,,14493
,0,,49246,15126,6.0,2017.0,0,0,-35.805305990581076,25152,21,11670,-7.865300390570697,38976,,14252
,0,,40610,14597,6.0,2017.0,0,0,-35.53203473123538,29450,21,13782,-7.696353414772488,33839,,14112
,0,,45160,15183,4.0,2017.0,0,0,-35.90546213237385,21988,15,11668,-7.963151864451131,37423,,14175
,0,,31660,14436,4.0,2017.0,0,0,-35.98880680826681,25509,15,12336,-7.982361626683591,29536,,13356
,0,,34505,14415,4.0,2017.0,0,0,-35.96074810316885,25553,15,12290,-8.002658593800781,31254,,13239
,0,,36118,14655,4.0,2017.0,0,0,-35.947868495178824,28881,15,12765,-7.91226807119872,31702,,13831
,0,,41023,14913,6.0,2017.0,0,0,-35.9145312808038,25630,21,12008,-7.777458473676547,31009,,13639
,0,,35833,14658,6.0,2017.0,0,0,-35.90579714240171,27858,21,12361,-7.826758848181969,33706,,13782
,0,,32471,14194,6.0,2017.0,0,0,-35.97281657724545,21808,21,11821,-7.817405897166962,24901,,13077
,0,,45461,14912,4.0,2017.0,0,0,-35.90774630759298,30599,15,13941,-8.029258106217199,44784,,14839
,0,,37735,14424,4.0,2017.0,0,0,-35.98351679052786,22922,15,11395,-7.811692218569302,27889,,13196
,0,,30243,13114,4.0,2017.0,0,0,-35.90461987546663,23466,15,11319,-7.869760399595807,28351,,12730
,0,,40356,14630,4.0,2017.0,0,0,-35.986471936014006,25815,15,12099,-7.806181156372596,30486,,13176
,0,,33538,13286,4.0,2017.0,0,0,-36.17424402457607,22921,15,11415,-7.823153785680309,33368,,13253
,0,,35962,14242,4.0,2017.0,0,0,-35.951110282517206,23640,15,12059,-8.006200856032697,28843,,13030
,0,,37827,13616,4.0,2017.0,0,0,-35.97554935709447,25984,15,11608,-7.8143847858588025,28237,,12052
,0,,39747,14860,4.0,2017.0,0,0,-36.148895735380954,28800,15,12797,-8.011589207730278,29117,,13435
,0,,25015,12575,4.0,2017.0,0,0,-36.063078956251786,28406,15,12735,-7.7249152565395836,28087,,12857
,0,,28666,13352,4.0,2017.0,0,0,-36.23337905029783,24120,15,12164,-7.782975954787504,28159,,13108
,0,,27768,12259,4.0,2017.0,0,0,-36.051048023351555,27007,15,12078,-7.74441665549582,27351,,12164
,0,,36156,14031,4.0,2017.0,0,0,-36.147109617226405,28565,15,12236,-7.853301273667177,31773,,12717
,0,,28965,12432,4.0,2017.0,0,0,-36.24768294430677,28965,15,12432,-7.7047097075637785,28965,,12432
,0,,32411,12892,4.0,2017.0,0,0,-36.22148390035978,26617,15,12086,-7.899011324540352,32052,,12883
,0,,34566,13576,4.0,2017.0,0,0,-36.09803960237311,26211,15,12219,-7.851217966838962,29580,,12549
,0,,34253,13244,4.0,2017.0,0,0,-36.1831561580053,28673,15,12296,-7.920294097845319,32287,,12696
,0,,27348,12797,4.0,2017.0,0,0,-36.268573019882105,26398,15,12390,-7.995782131959959,26512,,12531
,0,,29775,12619,4.0,2017.0,0,0,-36.24949087882973,28156,15,12234,-7.9462658160927475,29477,,12358
,0,,27683,13209,6.0,2017.0,0,0,-36.19946679612515,25612,21,11712,-7.7443190484969975,25694,,12452
,0,,28299,12724,6.0,2017.0,0,0,-35.983652726149664,26576,21,12379,-7.708296260751298,26584,,12398
,0,,37603,14276,4.0,2017.0,0,0,-36.291386243849935,30810,15,13175,-7.799508519652973,35979,,13897
,0,,34731,14450,4.0,2017.0,0,0,-36.49516790649302,28855,15,12510,-7.9360238239101095,33236,,13317
,0,,30686,13554,4.0,2017.0,0,0,-36.592430577600354,27946,15,12735,-7.806172970386792,30115,,13307
,0,,29629,13225,4.0,2017.0,0,0,-36.53005986313404,29301,15,12716,-7.922579913532822,29291,,12857
,0,,33235,13982,6.0,2017.0,0,0,-36.48350235956592,31398,21,13199,-7.981760746600753,31969,,13562
,0,,32263,13300,4.0,2017.0,0,0,-36.33860523718224,29599,15,12460,-7.946279102474128,32056,,13197
,0,,25453,12653,4.0,2017.0,0,0,-36.42311327363229,26084,15,12067,-7.981084519067976,27521,,12473
,0,,29039,12615,4.0,2017.0,0,0,-36.41889675148424,30113,15,12607,-7.818181851635274,27094,,12487
,0,,31115,12509,4.0,2017.0,0,0,-36.29519327796803,30153,15,12710,-7.690843881335063,30602,,12614
,0,,32478,12972,4.0,2017.0,0,0,-36.30994138426764,32138,15,12794,-7.693394563484193,32306,,12879
,0,,28734,12824,6.0,2017.0,0,0,-36.496143468298314,29022,21,12659,-7.74893467826623,28734,,12824
,0,,32248,13483,4.0,2017.0,0,0,-36.477213205103276,30094,15,12772,-7.9502459651941715,30321,,12948
,0,,25714,12129,4.0,2017.0,0,0,-36.30480700621188,29854,15,12378,-7.9487193814451365,29645,,12384
,0,,30109,12496,6.0,2017.0,0,0,-36.61189271469713,29077,21,12502,-7.680210391609411,29077,,12502
,0,,34551,13412,4.0,2017.0,0,0,-36.311735912225316,30037,15,12741,-7.708282182231645,32197,,13087
,0,,31583,13081,4.0,2017.0,0,0,-36.549302831772415,30376,15,12892,-7.77748456484374,30918,,13116
,0,,29042,13540,6.0,2017.0,0,0,-36.32291389375151,29042,21,13540,-7.757532195129819,29042,,13540
,0,,30376,13447,4.0,2017.0,0,0,-36.309876680124304,20430,15,11289,-7.9502361843148925,25250,,12392
,0,,30363,13781,6.0,2017.0,0,0,-36.52069853019099,24152,21,12203,-7.961979932790162,27227,,13083
,0,,33959,13572,4.0,2017.0,0,0,-36.449803976352456,27080,15,12496,-8.003705734085573,30375,,12883
,0,,32326,13798,4.0,2017.0,0,0,-36.534952035392266,29260,15,12520,-7.923681537339048,32432,,13210
,0,,32565,13556,4.0,2017.0,0,0,-36.5417383833694,23462,15,11935,-8.002586210692412,31973,,13337
,0,,31570,13333,4.0,2017.0,0,0,-36.5209916494994,28178,15,12678,-7.691536387193367,28503,,12902
,0,,31186,12664,4.0,2017.0,0,0,-36.43158124060779,23627,15,11579,-7.73638154703031,27443,,12213
,0,,33497,12512,4.0,2017.0,0,0,-36.38889247234925,31210,15,12427,-7.668001725583808,31210,,12427
,0,,28960,12734,4.0,2017.0,0,0,-36.56750157350482,25291,15,11936,-7.817408162820273,28361,,12585
,0,,31324,12643,4.0,2017.0,0,0,-36.63008127905571,28441,15,12262,-7.772665596957598,30886,,12489
,0,,31045,12970,4.0,2017.0,0,0,-36.57326848058499,24320,15,12083,-7.814384838000917,30934,,12784
,0,,29609,12621,4.0,2017.0,0,0,-36.48649152213244,29930,15,12469,-7.783000502943924,29944,,12491
,0,,33504,13186,4.0,2017.0,0,0,-36.548526681959075,24487,15,12033,-8.01158502097142,32064,,13040
,0,,30299,12891,4.0,2017.0,0,0,-36.561915644722305,25397,15,12107,-7.880478646489963,30923,,12766
,0,,27965,12670,4.0,2017.0,0,0,-36.38703423321672,23165,15,11862,-7.823156138488263,29662,,12737
,0,,29289,12472,4.0,2017.0,0,0,-36.298382979707256,25093,15,11747,-7.9202735446618915,29983,,12464
,0,,25400,12226,4.0,2017.0,0,0,-36.46135508244071,27762,15,12278,-7.82097889232426,30773,,12561
,0,,33170,13748,4.0,2017.0,0,0,-36.41780277249218,22363,15,11592,-7.982370729754193,25206,,12185
,0,,27836,12287,4.0,2017.0,0,0,-36.47975477291285,20806,15,11265,-7.7871494767363005,26516,,12161
,0,,40891,15289,6.0,2017.0,0,0,-35.1346658330541,29022,21,13940,-7.298259012456354,33875,,14641
,0,,35119,14172,6.0,2017.0,0,0,-35.13530247017488,26980,21,13088,-7.289346510401427,30620,,13652
,0,,32528,13039,6.0,2017.0,0,0,-35.24978345898251,29356,21,12696,-7.428642597594504,30913,,12875
,0,,35714,14177,4.0,2017.0,0,0,-35.48111962485156,25018,15,12342,-7.408378231183078,29939,,13439
,0,,33755,14191,4.0,2017.0,0,0,-35.47854781791126,22994,15,11972,-7.412528509987951,27815,,13139
,0,,48744,15362,4.0,2017.0,0,0,-35.396630530195885,27381,15,12937,-7.348377523114335,32524,,14051
,0,,44459,15256,4.0,2017.0,0,0,-35.3108205193106,26743,15,12559,-7.350305228011519,35775,,14090
,0,,38658,14809,4.0,2017.0,0,0,-35.50337957335139,26144,15,12767,-7.305585962530367,37174,,14626
,0,,49453,15252,6.0,2017.0,0,0,-35.197357944982485,30412,21,13332,-7.316239051282554,37240,,14164
,0,,46417,15522,4.0,2017.0,0,0,-35.205309221231616,22109,15,12516,-7.315748634299064,36147,,14393
,0,,34057,14441,4.0,2017.0,0,0,-35.267393242160566,27335,15,13037,-7.375531018802992,29311,,13655
,0,,55611,15875,4.0,2017.0,0,0,-35.354616132247536,26123,15,12789,-7.297206188775304,41113,,14782
,0,,43002,15121,4.0,2017.0,0,0,-35.23437656266245,28723,15,13332,-7.315057928701147,33405,,14126
,0,,50755,15942,4.0,2017.0,0,0,-35.3292558887204,26377,15,12992,-7.286557939761178,40400,,15204
,0,,33349,14279,4.0,2017.0,0,0,-35.447207514979446,28166,15,13168,-7.369713420690739,33516,,13968
,0,,37628,14558,4.0,2017.0,0,0,-35.42382179474153,23983,15,11752,-7.316914996009887,32650,,14050
,0,,39879,14957,4.0,2017.0,0,0,-35.23139432040252,28487,15,13221,-7.333683597425901,35619,,14381
,0,,36798,14225,4.0,2017.0,0,0,-35.45657626610901,26677,15,13305,-7.374313934562255,36615,,14211
,0,,48263,15795,4.0,2017.0,0,0,-35.332243740014896,30022,15,13567,-7.3699023138305595,40626,,15127
,0,,42481,15560,4.0,2017.0,0,0,-35.30262400412986,33752,15,14287,-7.424945717645668,37326,,14920
,0,,35129,14262,4.0,2017.0,0,0,-35.37941472282487,20717,15,12225,-7.361772532875121,33103,,13869
,0,,48808,15426,4.0,2017.0,0,0,-35.50855590973065,27710,15,13286,-7.297385669584071,36176,,14413
,0,,45206,15302,4.0,2017.0,0,0,-35.29879017931278,33103,15,14131,-7.369810407466379,39702,,15002
,0,,41275,15046,4.0,2017.0,0,0,-35.39485244619981,26487,15,13420,-7.478716050568986,30924,,14260
,0,,41759,15162,4.0,2017.0,0,0,-35.51805948481914,27674,15,13817,-7.566049707879161,34318,,14852
,0,,36337,14452,4.0,2017.0,0,0,-35.534903076533396,22584,15,11723,-7.543882065232528,27973,,13313
,0,,41905,15181,4.0,2017.0,0,0,-35.873779587230594,27204,15,12836,-7.563294110834557,34036,,14104
,0,,50224,15933,4.0,2017.0,0,0,-35.66663411516811,30793,15,13956,-7.443589763834038,33530,,14469
,0,,38260,14772,4.0,2017.0,0,0,-35.553488343955856,23808,15,12869,-7.375508797682002,32280,,14298
,0,,49854,15925,4.0,2017.0,0,0,-35.542933201550944,27806,15,13322,-7.316228828268209,36983,,14571
,0,,40993,15348,4.0,2017.0,0,0,-35.74388120135684,33428,15,14428,-7.374329249659895,38350,,15276
,0,,34084,14610,4.0,2017.0,0,0,-35.62399262343449,24283,15,12912,-7.369894079645894,31370,,14217
,0,,44122,14885,4.0,2017.0,0,0,-35.551378851817226,32512,15,13614,-7.315739118332034,38635,,14184
,0,,44477,15293,4.0,2017.0,0,0,-35.55768124610759,32183,15,13776,-7.3187797361454345,45706,,15282
,0,,44397,15452,4.0,2017.0,0,0,-35.58114653152416,22716,15,12287,-7.315050532208224,35409,,14955
,0,,48716,15685,6.0,2017.0,0,0,-35.59081641450091,34601,21,14011,-7.413535855022137,41799,,14961
,0,,46428,15536,6.0,2017.0,0,0,-35.74560678289041,23748,21,12405,-7.569495461560151,43450,,15181
,0,,47134,15546,4.0,2017.0,0,0,-35.82100651420872,26389,15,12353,-7.439792570302023,36660,,14580
,0,,34671,14386,4.0,2017.0,0,0,-35.53912596644261,25204,15,12525,-7.42491438523359,31721,,14104
,0,,39197,14955,4.0,2017.0,0,0,-35.599639098689245,24793,15,12863,-7.490714207404202,31862,,13920
,0,,39395,14900,4.0,2017.0,0,0,-35.56476980165355,27283,15,12627,-7.569354454413485,33253,,14069
,0,,49529,15608,4.0,2017.0,0,0,-35.55761548627789,25313,15,12636,-7.57567063184347,30293,,13578
,0,,35708,14481,6.0,2017.0,0,0,-35.70909161210408,27701,21,13246,-7.446387229086665,32050,,14036
,0,,36936,14249,4.0,2017.0,0,0,-35.73880366436055,30604,15,12860,-7.452206101749965,35284,,13877
,0,,33907,12916,4.0,2017.0,0,0,-35.6211075497464,27107,15,11991,-7.5900548152141365,30001,,12501
,0,,34215,13748,4.0,2017.0,0,0,-35.78947797975415,26164,15,12270,-7.62802972539194,33962,,13825
,0,,33528,13697,4.0,2017.0,0,0,-35.796266410275706,29380,15,12661,-7.637030322953192,31618,,13042
,0,,28526,13001,4.0,2017.0,0,0,-35.87303317128442,24695,15,11920,-7.297389981814638,27968,,12550
,0,,45398,15398,4.0,2017.0,0,0,-35.55566319879745,23082,15,12354,-7.621236388869024,40131,,14897
,0,,22926,12888,6.0,2017.0,0,0,-35.71930654183372,25801,21,12921,-7.297206547763783,25123,,13008
,0,,56815,16043,4.0,2017.0,0,0,-35.55254598748753,26771,15,12775,-7.574153625806922,37128,,14339
,0,,47274,15209,4.0,2017.0,0,0,-35.72495150738901,23075,15,11911,-7.575679113760604,34693,,13796
,0,,38627,15074,4.0,2017.0,0,0,-35.559475702910284,26562,15,13236,-7.3336701806106666,31679,,14256
,0,,42122,14949,4.0,2017.0,0,0,-35.732210474595654,30805,15,14295,-7.553553430838471,36960,,14747
,0,,40099,15197,4.0,2017.0,0,0,-35.590629874002275,33344,15,13897,-7.369795975203786,35955,,14504
,0,,45706,15480,4.0,2017.0,0,0,-35.67736930914202,29309,15,12916,-7.5239028744593135,36946,,14593
,0,,37774,14910,4.0,2017.0,0,0,-35.727491765288214,31814,15,14230,-7.412551336505696,35925,,14626
,0,,39703,14798,4.0,2017.0,0,0,-35.7687307662563,28943,15,13292,-7.316920068605786,32857,,14152
,0,,36640,14826,4.0,2017.0,0,0,-35.55401662700015,29204,15,13723,-7.392075056862467,32496,,14399
,0,,51006,15642,4.0,2017.0,0,0,-35.782690550654905,29131,15,12917,-7.549109857666322,38356,,14374
,0,,31144,13615,4.0,2017.0,0,0,-35.627698045218025,27164,15,13021,-7.430766095067738,29245,,13339
,0,,29942,13978,4.0,2017.0,0,0,-35.75318584492226,29064,15,13585,-7.303892741854261,34388,,14318
,0,,36597,14171,4.0,2017.0,0,0,-35.54468054494225,26982,15,12606,-7.348017313045514,31604,,13391
,0,,36237,13775,4.0,2017.0,0,0,-35.88590935996189,31268,15,12616,-7.62086576708238,35600,,13620
,0,,37492,14339,4.0,2017.0,0,0,-35.87439602984062,26799,15,13141,-7.298263697121467,36400,,14065
,0,,31874,13831,4.0,2017.0,0,0,-35.63477211243858,30240,15,13057,-7.448565220124915,34065,,13745
,0,,31904,14125,6.0,2017.0,0,0,-35.96675991233306,25256,21,13242,-7.3697959608642964,29851,,13835
,0,,45384,15398,4.0,2017.0,0,0,-35.929618393579375,25657,15,12409,-7.37550877645558,36005,,14327
,0,,36644,15113,4.0,2017.0,0,0,-35.92867603739597,25234,15,12965,-7.5741535850073065,33737,,14251
,0,,35885,14057,4.0,2017.0,0,0,-35.9356057507121,26014,15,12218,-7.333670164500823,31751,,13651
,0,,27278,13066,4.0,2017.0,0,0,-35.998364573948194,29222,15,12587,-7.350297261153653,28951,,12900
,0,,43591,15692,4.0,2017.0,0,0,-35.97760032673953,21950,15,12071,-7.58861310482026,32460,,14199
,0,,42180,14663,4.0,2017.0,0,0,-35.957276572739005,32839,15,13404,-7.3150505216043396,36508,,13853
,0,,33858,14307,4.0,2017.0,0,0,-35.93381129445466,25769,15,12470,-7.318779721170946,31939,,13723
,0,,32038,14051,4.0,2017.0,0,0,-35.922252305983974,23337,15,12278,-7.545702408177573,29004,,13387
,0,,33158,13843,4.0,2017.0,0,0,-35.915256020433475,25072,15,12020,-7.424914356728026,29166,,13217
,0,,34107,14166,4.0,2017.0,0,0,-35.91496242460072,24416,15,12261,-7.420377727071647,29442,,13633
,0,,30853,13632,4.0,2017.0,0,0,-35.97576913427853,29508,15,12869,-7.490714182781942,30091,,13311
,0,,32059,13745,4.0,2017.0,0,0,-35.919063254383,26083,15,12232,-7.316228811034377,29049,,13041
,0,,31557,14086,4.0,2017.0,0,0,-35.93374553464469,29688,15,13340,-7.5756705917590885,29383,,13502
,0,,32450,13445,4.0,2017.0,0,0,-36.01276239687818,26547,15,11949,-7.293381025840514,29953,,12686
,0,,28965,13079,4.0,2017.0,0,0,-36.00012265162049,28965,15,13079,-7.369894070979702,28965,,13079
,0,,26018,12483,4.0,2017.0,0,0,-36.158188674988985,26547,15,12303,-7.565566698789228,26547,,12303
,0,,23616,12358,4.0,2017.0,0,0,-36.08075894132443,26004,15,12689,-7.286557931515929,28223,,12774
,0,,24583,12467,4.0,2017.0,0,0,-36.25395061852403,25590,15,12260,-7.398066217188512,25420,,12424
,0,,28576,12820,4.0,2017.0,0,0,-36.10834046988937,30211,15,12635,-7.553553418243388,30002,,12646
,0,,29665,12226,4.0,2017.0,0,0,-36.16768152202045,29665,15,12226,-7.5871243946418305,29665,,12226
,0,,31186,12448,4.0,2017.0,0,0,-36.11903612176202,28784,15,11977,-7.561454275490223,29472,,12048
,0,,31130,12878,4.0,2017.0,0,0,-36.129315833841964,29515,15,12539,-7.303892761667972,31130,,12878
,0,,26597,12005,4.0,2017.0,0,0,-36.153928281269614,26597,15,12005,-7.548007979487894,26597,,12005
,0,,23761,12105,4.0,2017.0,0,0,-36.234827408684275,25878,15,12417,-7.428625626271226,25441,,12286
,0,,28807,12569,4.0,2017.0,0,0,-36.11239165234732,24116,15,11694,-7.351371731439815,25906,,11771
,0,,29290,12685,4.0,2017.0,0,0,-36.01090213734694,27943,15,12336,-7.448565205607448,28576,,12500
,0,,26572,13309,6.0,2017.0,0,0,-35.920810597244916,27176,21,12339,-7.3480172930093,30354,,13394
,0,,37089,14472,6.0,2017.0,0,0,-35.962473150290315,25873,21,12447,-7.571712312077205,30108,,13367
,0,,28751,13503,6.0,2017.0,0,0,-35.93179324775836,26068,21,12556,-7.6212363440010575,28043,,13215
,0,,26543,12756,6.0,2017.0,0,0,-36.249163123792506,24753,21,12179,-7.29739002272256,26543,,12756
,0,,33438,13407,6.0,2017.0,0,0,-35.98194696405363,26810,21,12052,-7.52444386719567,29545,,12672
,0,,26518,12294,6.0,2017.0,0,0,-36.250525981932,25177,21,12330,-7.298263738177107,26040,,12326
,0,,30904,13323,6.0,2017.0,0,0,-36.085221614419424,31342,21,12436,-7.446387227447059,30562,,13169
,0,,25723,12588,6.0,2017.0,0,0,-36.27282740377226,25106,21,12471,-7.473146475195684,26105,,12619
,0,,26693,12137,6.0,2017.0,0,0,-36.12054749725699,26169,21,12263,-7.623405202846268,26426,,12202
,0,,28083,12452,4.0,2017.0,0,0,-36.63982247944322,23606,15,11765,-7.289346518778641,26376,,12388
,0,,29710,12664,4.0,2017.0,0,0,-36.325747920671006,28480,15,12561,-7.316239068534768,29710,,12664
,0,,28652,12870,4.0,2017.0,0,0,-36.46088357381573,26224,15,12528,-7.473186146213189,26224,,12528
,0,,28939,12896,4.0,2017.0,0,0,-36.6069378584085,26957,15,12604,-7.412528518178279,26531,,12636
,0,,29712,13527,4.0,2017.0,0,0,-36.450164112848555,29742,15,12666,-7.6428631529117546,29769,,13068
,0,,28888,12757,6.0,2017.0,0,0,-36.309288452721056,28888,21,12757,-7.45995316072522,28888,,12757
,0,,32356,13746,6.0,2017.0,0,0,-36.302673231809614,28561,21,11910,-7.5900346688961795,30121,,12651
,0,,32868,13393,6.0,2017.0,0,0,-36.35964896426591,29903,21,13018,-7.43709940259409,31908,,13124
,0,,26517,12570,4.0,2017.0,0,0,-36.608697536338575,26902,15,12330,-7.43931450958226,31964,,12766
,0,,27819,12290,4.0,2017.0,0,0,-36.639185842256786,25094,15,12507,-7.298259021548366,26529,,11964
,0,,28705,12816,4.0,2017.0,0,0,-36.55037592748792,28585,15,12824,-7.448563007824099,28585,,12824
,0,,27936,12653,4.0,2017.0,0,0,-36.62250264599926,31322,15,12765,-7.44635871300535,31322,,12765
,0,,27151,12210,4.0,2017.0,0,0,-36.36276654689319,25568,15,11810,-7.315057945774579,29414,,12447
,0,,25167,11826,4.0,2017.0,0,0,-36.63176961957079,30140,15,12354,-7.305585978231012,29685,,12236
,0,,25908,12725,4.0,2017.0,0,0,-36.39578323399851,27407,15,12522,-7.375531031266657,27010,,12772
,0,,26403,12398,4.0,2017.0,0,0,-36.59761539113533,27509,15,12204,-7.52443567632875,27066,,12326
,0,,27394,12393,4.0,2017.0,0,0,-36.64470328874403,23708,15,11498,-7.621225867077232,27203,,12081
,0,,30454,13225,4.0,2017.0,0,0,-36.62562174032965,24997,15,11681,-7.5716996914321895,27490,,12455
,0,,45191,14762,4.0,2017.0,0,0,-36.36493733024417,34186,15,13595,-7.6078014822909195,39149,,14202
,0,,38587,14961,6.0,2017.0,0,0,-36.28159213957144,36068,21,14454,-7.5885893169518965,37292,,14770
,65535,,12872,6006,8.0,2017.0,65535,65535,-34.87173165220777,12762,33,5828,-6.995216265523498,12786,,5953
,65535,,12281,4590,8.0,2017.0,65535,65535,-34.83836923203994,12130,33,4517,-6.995118518417154,12281,,4590
,65535,,15097,7677,8.0,2017.0,65535,65535,-34.869973818038325,11875,33,4675,-6.975615708960281,13176,,6202
,0,,14907,8411,8.0,2017.0,0,0,-35.231000519155494,14907,33,8411,-7.348035808231908,14907,,8411
,0,,48423,15930,0.0,2018.0,0,0,-35.00092536269898,23919,3,13736,-6.929201966885745,37992,,15648
,0,,44840,16009,0.0,2018.0,0,0,-35.07482430469381,25505,3,13601,-6.955425793453893,39857,,15756
,0,,39605,15569,0.0,2018.0,0,0,-35.06451660107793,29784,3,14285,-7.000168418704522,34911,,15104
,0,,43440,15981,0.0,2018.0,0,0,-35.41372688034437,25566,3,13053,-7.153289646347662,35307,,15237
,0,,48346,15905,0.0,2018.0,0,0,-35.16999156640782,27960,3,13789,-7.17105944689095,35595,,14897
,0,,52186,15957,1.0,2018.0,0,0,-35.31830887654339,24892,4,13701,-7.120562965672601,41136,,15249
,0,,48439,15921,1.0,2018.0,0,0,-35.362999687391465,22336,4,12538,-6.995048418408739,29612,,13966
,0,,46159,15817,1.0,2018.0,0,0,-35.48256634362336,24455,4,12890,-7.053959902372851,39888,,15245
,0,,56053,16167,1.0,2018.0,0,0,-35.60581462233955,21880,4,12450,-7.1497959260285535,31630,,14265
,0,,41102,15942,0.0,2018.0,0,0,-35.71388965087328,25711,3,13072,-7.2796059027381315,29428,,14376
,0,,52947,16582,1.0,2018.0,0,0,-35.70235966499911,26887,4,13782,-7.064673319470622,31773,,14520
,0,,45595,15560,1.0,2018.0,0,0,-35.82708431408225,22856,4,12578,-6.955425797572939,29428,,13918
,0,,54126,16007,1.0,2018.0,0,0,-35.55137875084593,26498,4,13423,-6.9410519132682555,34683,,13983
,0,,54672,16295,1.0,2018.0,0,0,-35.55566189764264,24542,4,12856,-7.246607701405762,35290,,14460
,0,,42262,15403,1.0,2018.0,0,0,-35.6347699942511,23232,4,12685,-7.0739024121573815,30521,,14057
,0,,51171,16132,1.0,2018.0,0,0,-35.85162160240369,23319,4,12582,-6.96110870564845,34998,,14757
,0,,51558,16239,1.0,2018.0,0,0,-35.7312403047106,22214,4,12533,-7.232567294062786,30276,,13893
,0,,40063,14828,1.0,2018.0,0,0,-35.5576811108918,25288,4,12817,-6.944093005739266,36027,,14270
,0,,46976,16118,1.0,2018.0,0,0,-35.69443888188298,22958,4,13015,-7.120562963525154,40277,,15776
,0,,40438,15784,1.0,2018.0,0,0,-35.87439552146327,21312,4,12525,-6.923573259725531,31928,,14652
,0,,46320,16072,1.0,2018.0,0,0,-35.74441684659303,25353,4,13062,-7.248775715129019,37199,,15161
,0,,52585,16125,1.0,2018.0,0,0,-35.55947549656392,25916,4,13327,-6.95898627600137,35830,,15213
,0,,45620,15696,1.0,2018.0,0,0,-35.71555132147597,20339,4,12379,-7.268237460252357,32580,,14221
,0,,42482,16109,0.0,2018.0,0,0,-35.5534880188796,24369,3,13876,-7.000833019215958,36917,,15708
,0,,47074,16002,1.0,2018.0,0,0,-35.87303270030065,22157,4,12594,-6.92269935197961,35321,,14842
,0,,50143,16514,1.0,2018.0,0,0,-35.768436340359514,22194,4,12949,-7.21277921342046,34506,,15127
,0,,44008,15642,1.0,2018.0,0,0,-35.840167509843,27154,4,13120,-7.056913952986249,35697,,14884
,0,,41468,15931,0.0,2018.0,0,0,-35.56002801180372,27410,3,13639,-7.283810014445275,30695,,14667
,0,,39059,15969,0.0,2018.0,0,0,-35.59062920953556,26353,3,13906,-6.995118534034963,34977,,15233
,0,,28958,14289,1.0,2018.0,0,0,-36.07403447756977,24102,4,12542,-7.268237337137602,28072,,13713
,0,,42833,15721,1.0,2018.0,0,0,-36.040997479913976,23956,4,12205,-7.17336691647907,29152,,13492
,0,,41767,15410,1.0,2018.0,0,0,-36.20814125909866,23268,4,11964,-7.282771284620434,26990,,13430
,0,,33092,14944,1.0,2018.0,0,0,-36.24637312555557,22544,4,12154,-7.071696566715946,30243,,14478
,0,,37193,14902,1.0,2018.0,0,0,-36.27031961931347,25671,4,12533,-7.191410999837372,31515,,13962
,0,,43890,15192,1.0,2018.0,0,0,-36.04224676152509,25682,4,12598,-7.254518721182344,32793,,13970
,0,,41239,15991,1.0,2018.0,0,0,-36.06308210548356,22958,4,13200,-6.975623273710588,38477,,15758
,0,,48665,16374,1.0,2018.0,0,0,-35.90816556712177,28924,4,13686,-6.947053890774846,38762,,15324
,0,,49630,16410,1.0,2018.0,0,0,-36.15235863679525,26447,4,13703,-7.188678960222578,39737,,15593
,0,,45062,15820,1.0,2018.0,0,0,-36.0020462569565,27915,4,13426,-7.0539760510804514,38875,,15207
,0,,45749,16324,1.0,2018.0,0,0,-36.03038409443755,26240,4,13045,-7.194853544380132,35403,,15310
,0,,47507,16022,1.0,2018.0,0,0,-36.230808460523676,26518,4,12613,-7.037859613209772,35482,,14483
,0,,37926,15438,1.0,2018.0,0,0,-36.17881516158991,21940,4,11883,-7.207969848471741,34316,,14736
,0,,39515,15675,1.0,2018.0,0,0,-36.14711529014199,24405,4,13155,-7.104058916102756,30388,,14648
,0,,43582,15625,1.0,2018.0,0,0,-36.1994682470732,27663,4,12583,-6.9950358592191195,33774,,14437
,0,,41878,15778,1.0,2018.0,0,0,-36.08450559526644,25846,4,13577,-6.995224089990984,35451,,15203
,0,,46988,15315,1.0,2018.0,0,0,-36.1814403636705,28496,4,12997,-7.116063243586223,33049,,14186
,0,,44399,15694,1.0,2018.0,0,0,-36.24768321660778,19637,4,12079,-6.9554127756719435,37307,,15113
,0,,48646,15873,1.0,2018.0,0,0,-36.233380210091326,29051,4,13771,-7.033708578970994,39355,,14600
,0,,40058,15639,1.0,2018.0,0,0,-36.178178661588554,23122,4,12466,-6.976681870108295,34145,,14681
,0,,40515,15550,1.0,2018.0,0,0,-36.176082155316124,22684,4,12528,-6.942227036819151,32668,,14440
,0,,30628,14235,1.0,2018.0,0,0,-36.09804737891972,24901,4,12712,-7.101974420945426,26993,,13597
,0,,38615,15297,1.0,2018.0,0,0,-35.986637550908455,25225,4,12807,-6.940369736811995,30267,,14028
,0,,37327,15424,1.0,2018.0,0,0,-36.08335136004326,24767,4,13009,-7.248776994805737,29931,,13877
,0,,31258,14980,1.0,2018.0,0,0,-36.02037031503141,22770,4,12171,-6.918689534327593,29656,,14502
,0,,39337,15032,1.0,2018.0,0,0,-35.96692131551375,24036,4,12551,-6.944102415424581,30577,,13663
,0,,37318,14830,1.0,2018.0,0,0,-36.04426250624907,24198,4,12190,-7.008273422831557,28885,,13741
,0,,48332,15516,1.0,2018.0,0,0,-36.17424778938893,30324,4,13388,-7.073900299418066,37418,,14371
,0,,35097,14363,1.0,2018.0,0,0,-35.77097963372113,21434,4,11795,-7.85330126462343,26217,,12701
,0,,34149,14448,1.0,2018.0,0,0,-35.871552991351145,22460,4,12181,-7.70470971016079,26457,,13323
,0,,57204,15587,1.0,2018.0,0,0,-35.70766320763275,25051,4,12726,-8.028781320396117,36620,,14321
,0,,46864,15795,1.0,2018.0,0,0,-35.89244307327575,26338,4,13192,-7.995782083960358,33278,,14377
,0,,42024,15501,1.0,2018.0,0,0,-35.70538587949605,22278,4,12465,-7.661180255811655,27184,,13576
,0,,51068,15872,1.0,2018.0,0,0,-35.8564368023461,23147,4,12289,-7.813906292842687,33696,,14390
,0,,44182,15473,1.0,2018.0,0,0,-35.84861744932067,26279,4,12913,-7.950240972521565,32343,,14035
,0,,35839,15130,1.0,2018.0,0,0,-35.887562483474966,22321,4,13006,-7.6639665202024325,28473,,14008
,0,,34315,14835,1.0,2018.0,0,0,-35.79995147496383,21118,4,12102,-7.691531027714882,27449,,13733
,0,,41011,15257,1.0,2018.0,0,0,-35.756932407147715,26523,4,12996,-8.002591102403585,29975,,13988
,0,,46433,16053,1.0,2018.0,0,0,-35.73074592632932,24286,4,13100,-7.6718264354219246,30934,,14319
,0,,40561,15632,1.0,2018.0,0,0,-35.84619377356338,24946,4,12788,-7.995437150040978,29082,,14262
,0,,48878,16145,1.0,2018.0,0,0,-35.666115702808185,24123,4,12740,-8.003703537844386,42611,,15565
,0,,36903,14685,1.0,2018.0,0,0,-35.802680134584534,24634,4,12676,-7.957171769122795,29788,,13685
,0,,42355,16081,1.0,2018.0,0,0,-35.707219770630665,22824,4,12096,-7.99796422000667,34009,,14997
,0,,42506,15986,1.0,2018.0,0,0,-35.87568951330001,22568,4,12300,-8.017745106115152,29267,,14351
,0,,43082,15899,1.0,2018.0,0,0,-35.87024213463141,23160,4,12883,-7.820948909121024,28507,,13846
,0,,40939,15945,1.0,2018.0,0,0,-35.71900355686076,26264,4,13334,-7.7881495160181675,34682,,14596
,0,,43136,15479,1.0,2018.0,0,0,-35.85467722804416,24486,4,13257,-7.787125470167346,29048,,13962
,0,,44711,16056,1.0,2018.0,0,0,-36.222323734209645,22622,4,12619,-7.995437190944484,32868,,15126
,0,,43381,16267,1.0,2018.0,0,0,-36.08334977351475,25740,4,13087,-7.997964230651355,37220,,15368
,0,,42477,15943,1.0,2018.0,0,0,-36.01960350341189,25113,4,13374,-7.93601969132965,36150,,15230
,0,,40821,15546,1.0,2018.0,0,0,-36.01593644725133,27962,4,13437,-7.950240205526185,32962,,14475
,0,,32434,14938,1.0,2018.0,0,0,-36.208141044260834,20815,4,11957,-8.031943841946136,28866,,14140
,0,,55631,16453,1.0,2018.0,0,0,-36.246372087984334,22449,4,12482,-7.820948925500207,37179,,15220
,0,,45948,16337,1.0,2018.0,0,0,-36.00097157990033,22279,4,13050,-7.928116282018511,35434,,15261
,0,,51560,16141,1.0,2018.0,0,0,-36.26305578267815,26534,4,12965,-7.672877319320804,33593,,14418
,0,,43615,15798,1.0,2018.0,0,0,-36.2518194649971,25343,4,13142,-8.01774515511102,31807,,14667
,0,,36682,14909,1.0,2018.0,0,0,-36.05488048589248,18774,4,11813,-7.799541403784989,25885,,13327
,0,,50741,16010,1.0,2018.0,0,0,-36.13306239492659,24675,4,12768,-8.002591124275034,34846,,14674
,0,,47086,15837,1.0,2018.0,0,0,-36.208835602894744,25663,4,13428,-7.748918557841588,28542,,14072
,0,,45477,15699,1.0,2018.0,0,0,-36.23080718612367,23414,4,13053,-7.7871254789917375,30240,,14069
,0,,45630,16167,1.0,2018.0,0,0,-35.92654304805077,22460,4,11910,-7.964597335703462,33261,,14550
,0,,41877,15884,1.0,2018.0,0,0,-36.08379321040137,21227,4,12725,-8.02878133339388,31765,,14507
,0,,36182,15534,1.0,2018.0,0,0,-36.201107492638826,25633,4,13744,-7.8181687143246945,33122,,14659
,0,,48522,15809,1.0,2018.0,0,0,-36.26081589634761,25459,4,12336,-7.672004194546273,32286,,14406
,0,,50817,15780,1.0,2018.0,0,0,-36.25563953555668,23167,4,12210,-7.680203013066206,33294,,13945
,0,,40674,15471,1.0,2018.0,0,0,-36.23256675989056,24509,4,12723,-7.813906306298744,31906,,14657
,0,,39056,15010,1.0,2018.0,0,0,-35.93315768713432,23476,4,12655,-7.834540882724661,29987,,14080
,0,,36468,14918,1.0,2018.0,0,0,-36.263692431550204,19937,4,11872,-7.663966512949779,27413,,13460
,0,,45150,15337,1.0,2018.0,0,0,-36.14930297183833,23987,4,12449,-7.805363699622734,28284,,13381
,0,,47352,15838,1.0,2018.0,0,0,-36.19946679612515,25104,4,13292,-7.7443190484969975,31237,,14178
,0,,37141,15254,1.0,2018.0,0,0,-35.97281657724545,24360,4,12519,-7.817405897166962,27755,,13433
,0,,34219,14958,1.0,2018.0,0,0,-35.99049663505154,21453,4,12088,-7.772688053320839,27146,,13525
,0,,32473,14171,1.0,2018.0,0,0,-36.050033203234655,21109,4,11903,-7.795005363921571,25535,,13129
,0,,32730,14370,1.0,2018.0,0,0,-36.09513355616056,20887,4,11726,-7.788149507710678,26311,,12958
,0,,28489,14258,1.0,2018.0,0,0,-35.908164787384074,24268,4,12718,-7.6963533651520075,26070,,13589
,0,,36094,14771,1.0,2018.0,0,0,-36.17817720565932,22356,4,12353,-7.7259725837094955,26819,,13135
,0,,46059,16229,1.0,2018.0,0,0,-35.900668239776955,25045,4,12882,-7.992688136387148,32502,,14795
,0,,33632,14738,1.0,2018.0,0,0,-35.90179826869902,22379,4,12358,-7.710387499031245,27218,,13533
,0,,41449,15681,1.0,2018.0,0,0,-35.93418027600307,27742,4,13275,-8.032980584069117,33084,,14448
,0,,32992,14894,1.0,2018.0,0,0,-35.983258439750124,21930,4,12171,-7.722645713980691,24302,,13223
,0,,42511,15518,1.0,2018.0,0,0,-36.27031935854549,27866,4,12806,-7.9406165133886155,32663,,14342
,0,,40186,15336,1.0,2018.0,0,0,-36.00204068751986,25986,4,13106,-7.803237234826181,28521,,13657
,0,,44750,15723,1.0,2018.0,0,0,-36.18143596365613,24961,4,12481,-7.865300405966406,32493,,13639
,0,,34331,14498,1.0,2018.0,0,0,-36.131673479855735,21237,4,12005,-7.736380278072376,27851,,13375
,0,,39131,14585,1.0,2018.0,0,0,-36.020369868681044,22176,4,12297,-7.668002938365163,30591,,13161
,0,,33773,14261,1.0,2018.0,0,0,-35.906133291337,22333,4,12193,-7.749424786769847,24973,,12743
,0,,30995,14138,1.0,2018.0,0,0,-35.94961681822961,23040,4,12140,-7.690854609954715,27028,,13042
,0,,39263,15189,1.0,2018.0,0,0,-35.986635604253955,23432,4,12291,-7.6896741982639645,27240,,13336
,0,,37247,15015,1.0,2018.0,0,0,-36.176081449673774,24685,4,12542,-7.691531013812082,27063,,13466
,0,,38990,14838,1.0,2018.0,0,0,-36.04224571818747,25906,4,12533,-8.003703539903658,28545,,13380
,0,,32748,14639,1.0,2018.0,0,0,-36.36933972343991,24257,4,12569,-8.002667198606684,27027,,13549
,0,,35244,15092,1.0,2018.0,0,0,-36.54212022927013,22208,4,12313,-7.902512853080199,30297,,14487
,0,,39241,15138,1.0,2018.0,0,0,-36.287163462626594,31582,4,13417,-7.9184532993346295,30411,,13897
,0,,35871,14863,1.0,2018.0,0,0,-36.44727581572577,22567,4,12600,-7.912290782652389,29282,,14050
,0,,39354,15238,1.0,2018.0,0,0,-36.307924504353736,26909,4,13331,-7.995793168117311,28455,,13877
,0,,37969,15430,1.0,2018.0,0,0,-36.54381244564232,24740,4,12527,-7.961688718270357,33054,,14862
,0,,31513,14370,1.0,2018.0,0,0,-36.64523514691418,27638,4,13178,-8.017737903076897,29880,,13947
,0,,35834,14956,1.0,2018.0,0,0,-36.58730116266972,25320,4,12910,-8.03194295803928,28803,,13598
,0,,32536,14088,1.0,2018.0,0,0,-36.56904198476792,22335,4,12481,-7.749449810741387,30777,,13548
,0,,44844,15770,1.0,2018.0,0,0,-36.29109263442862,27691,4,12682,-7.794972754145971,33850,,14875
,0,,45286,15140,1.0,2018.0,0,0,-36.36510090098662,25535,4,12475,-7.940645226309456,30610,,13356
,0,,29228,13894,1.0,2018.0,0,0,-36.60388509518717,25843,4,12289,-7.71040412756171,26021,,13330
,0,,55599,16124,1.0,2018.0,0,0,-36.28265747443998,24912,4,12594,-7.851180420342518,29250,,13952
,0,,30456,14116,1.0,2018.0,0,0,-36.633118360031446,22768,4,12308,-7.957147082763823,26017,,13086
,0,,28110,13976,1.0,2018.0,0,0,-36.37995981561406,23825,4,12483,-7.805360364561559,25205,,13387
,0,,36384,14627,1.0,2018.0,0,0,-36.312288168168195,26902,4,12817,-8.032981357003507,31532,,13762
,0,,37555,14883,1.0,2018.0,0,0,-36.376253614311686,21320,4,11823,-7.744499990054709,29671,,13884
,0,,44092,15038,1.0,2018.0,0,0,-36.35190093754624,24988,4,12371,-7.865296673761787,29053,,13607
,0,,34830,14114,1.0,2018.0,0,0,-36.32963126916362,22951,4,12223,-7.853284972520559,26178,,12696
,0,,33570,14598,1.0,2018.0,0,0,-36.48447252605731,20606,4,12192,-7.928124513046681,28259,,13483
,0,,42888,14937,1.0,2018.0,0,0,-36.2895850651066,25662,4,12921,-8.029260578662596,32385,,14020
,0,,38596,15667,1.0,2018.0,0,0,-36.314961796676535,29262,4,13600,-8.021898853679966,31471,,14587
,0,,39661,15622,1.0,2018.0,0,0,-36.35613897661349,27905,4,13487,-8.006209317388395,32349,,14609
,0,,32329,14197,1.0,2018.0,0,0,-36.62529363500928,22767,4,12583,-7.672008787498635,28918,,13398
,0,,34266,14451,1.0,2018.0,0,0,-36.636233621289264,27293,4,13133,-7.663968016178032,30936,,14067
,0,,41111,15415,1.0,2018.0,0,0,-36.3062770220239,26482,4,12714,-7.766675762268173,33000,,14424
,0,,36435,14805,1.0,2018.0,0,0,-36.63816940826214,25421,4,12425,-7.995422286758348,29814,,13825
,0,,35081,14734,1.0,2018.0,0,0,-36.579347432779834,25638,4,12661,-7.704724100158723,30320,,13766
,0,,30830,13788,1.0,2018.0,0,0,-36.62603985448961,25650,4,12701,-7.937861898555898,27377,,13210
,0,,38856,15089,1.0,2018.0,0,0,-36.29694071049558,27172,4,12901,-7.7226263012926815,32182,,14128
,0,,41149,14863,1.0,2018.0,0,0,-36.46614991369539,25011,4,12368,-8.028781357884727,28934,,13235
,0,,42917,15217,1.0,2018.0,0,0,-36.429632798649095,20549,4,11761,-7.89847960289038,26341,,13666
,0,,41366,15855,0.0,2018.0,0,0,-35.11929311217633,24661,3,13759,-7.330097215555111,39175,,15485
,0,,56348,16450,1.0,2018.0,0,0,-35.44884882134724,23351,4,12759,-7.443577275097821,40400,,15220
,0,,49152,15928,1.0,2018.0,0,0,-35.297776681595614,25367,4,13180,-7.420408825714249,36649,,14857
,0,,52951,16140,1.0,2018.0,0,0,-35.42198590002742,23672,4,12793,-7.4485630017970905,43188,,15494
,0,,43180,15252,1.0,2018.0,0,0,-35.49542307543502,31593,4,13406,-7.330097212982798,34333,,14501
,0,,43950,15393,1.0,2018.0,0,0,-35.291999911509926,23874,4,12410,-7.382949039527625,28753,,13679
,0,,52315,15947,1.0,2018.0,0,0,-35.39704505836535,22642,4,12799,-7.43076929466782,41731,,15114
,0,,41673,15709,0.0,2018.0,0,0,-35.49956016431644,23989,3,13354,-7.643192789415373,37091,,15511
,0,,42378,15725,0.0,2018.0,0,0,-35.70997526087076,19911,3,11956,-7.348381804765529,27118,,13439
,0,,43552,15969,0.0,2018.0,0,0,-35.57737003408248,20745,3,12119,-7.478700505331833,29367,,14179
,0,,40560,15490,1.0,2018.0,0,0,-35.896697458458014,24940,4,12893,-7.47314645546585,32077,,14420
,0,,41005,15497,1.0,2018.0,0,0,-35.67931986114349,25227,4,13051,-7.361773711059948,31118,,13958
,0,,42632,15193,1.0,2018.0,0,0,-35.81523948866604,25927,4,13277,-7.442816407384354,33731,,14481
,0,,54528,15555,1.0,2018.0,0,0,-35.85162335134784,25263,4,12503,-7.335792332272554,34764,,13947
,0,,45788,15578,1.0,2018.0,0,0,-35.77779829982941,23371,4,12624,-7.548007985490839,33769,,14265
,0,,41045,15850,1.0,2018.0,0,0,-35.70462893764764,22520,4,12534,-7.286557918082438,30121,,14409
,0,,49393,15593,1.0,2018.0,0,0,-35.61283795838591,21855,4,12121,-7.566077061345402,38867,,14573
,0,,48842,16143,1.0,2018.0,0,0,-35.71388978342295,23911,4,12767,-7.654229565328671,31763,,14528
,0,,53627,15964,1.0,2018.0,0,0,-35.66554135580728,27489,4,13337,-7.607810149775459,41677,,14862
,0,,44134,14800,1.0,2018.0,0,0,-35.858697451825144,24911,4,12346,-7.428625605121572,29880,,13153
,0,,30662,14411,1.0,2018.0,0,0,-35.53039728736784,20616,4,11622,-7.476596369738268,30561,,13725
,0,,50982,15606,1.0,2018.0,0,0,-35.731241333038426,23340,4,12033,-7.6071999531299,33623,,14224
,0,,35609,15343,1.0,2018.0,0,0,-35.601470291706605,24117,4,12734,-7.588613139014242,28588,,13942
,0,,48921,15657,1.0,2018.0,0,0,-35.789858571605514,24773,4,12899,-7.527937171003895,28846,,13513
,0,,44207,15238,1.0,2018.0,0,0,-35.88085821144258,26245,4,13194,-7.582583124274671,31377,,13927
,0,,40463,15274,1.0,2018.0,0,0,-35.74441750566832,24774,4,12727,-7.62340522373377,29551,,13527
,0,,41225,15005,1.0,2018.0,0,0,-35.546122254122004,23105,4,12470,-7.5457024472873115,31402,,14094
,0,,59417,15940,1.0,2018.0,0,0,-35.69501293047637,24963,4,12724,-7.5377166545234315,33346,,13879
,0,,54708,15963,1.0,2018.0,0,0,-35.6366323725331,23537,4,12762,-7.293381024849827,34863,,14359
,0,,48385,15876,1.0,2018.0,0,0,-35.586343110660714,23005,4,12475,-7.571712346882522,30717,,13901
,0,,36576,15075,1.0,2018.0,0,0,-35.8929751448469,23853,4,12551,-7.643185803186535,27876,,13792
,0,,45563,15730,1.0,2018.0,0,0,-35.67085185556649,23356,4,12279,-7.60652366681612,27356,,13671
,0,,46056,15300,1.0,2018.0,0,0,-35.73913180840272,21316,4,12210,-7.369726610797092,29448,,13696
,0,,42515,15283,1.0,2018.0,0,0,-35.53883237052211,21334,4,11933,-7.420377755176031,32054,,13862
,0,,49372,15704,1.0,2018.0,0,0,-35.78205869484524,22871,4,12316,-7.565566706724091,33628,,14156
,0,,40217,15681,1.0,2018.0,0,0,-35.83167971387531,21785,4,12487,-7.437094639654921,30868,,14423
,0,,46454,15435,1.0,2018.0,0,0,-35.60387799543401,22600,4,12679,-7.63165383510357,27542,,13719
,0,,42803,15446,1.0,2018.0,0,0,-35.80965406548448,19890,4,11826,-7.50589892939313,29698,,13977
,0,,51587,16210,1.0,2018.0,0,0,-35.82708587569137,25474,4,13172,-7.330110868173963,36640,,14885
,0,,41222,16020,1.0,2018.0,0,0,-35.734228517765516,27298,4,13590,-7.408401580970006,34450,,15242
,0,,48888,15425,1.0,2018.0,0,0,-35.702362862023,25325,4,12871,-7.4393382043008565,34753,,14422
,0,,42312,15948,1.0,2018.0,0,0,-35.82596623339288,25783,4,13222,-7.395579037325469,34175,,14844
,0,,53557,16355,1.0,2018.0,0,0,-35.69444277495623,25266,4,13349,-7.49521711978642,39633,,15533
,0,,41824,15581,1.0,2018.0,0,0,-35.758361377447464,24083,4,12733,-7.4599771561582,31275,,14294
,0,,51336,15936,1.0,2018.0,0,0,-35.742906129717944,24044,4,13064,-7.561454287838197,37668,,14875
,0,,40213,14801,1.0,2018.0,0,0,-35.732210474595654,25523,4,12910,-7.553553430838471,28521,,13879
,0,,38028,15210,1.0,2018.0,0,0,-35.835041146385905,23246,4,12855,-7.657392610253941,28510,,13489
,0,,42850,14890,1.0,2018.0,0,0,-35.768437436760216,26813,4,12557,-7.58741550062658,34059,,13851
,0,,37574,14910,1.0,2018.0,0,0,-35.60581693034319,25883,4,12768,-7.524443894065919,31777,,13858
,0,,36199,14285,1.0,2018.0,0,0,-35.68824941436581,24101,4,12045,-7.654565642829263,28101,,12720
,0,,32318,14254,1.0,2018.0,0,0,-36.227753310354395,23367,4,12062,-7.335792365610766,28711,,13866
,0,,29047,14063,1.0,2018.0,0,0,-36.144860750448515,23619,4,12394,-7.31692008980135,24613,,13193
,0,,40736,15414,1.0,2018.0,0,0,-36.21629900866858,25216,4,12653,-7.431579397150151,31805,,14136
,0,,40642,14909,1.0,2018.0,0,0,-35.94089984784453,23334,4,12470,-7.569354416159529,30821,,13707
,0,,29779,14215,1.0,2018.0,0,0,-36.06437942302351,23927,4,12339,-7.654565610390433,26716,,13523
,0,,41352,15403,1.0,2018.0,0,0,-36.202096200193914,25925,4,13048,-7.395579058959903,32273,,14362
,0,,45720,15734,1.0,2018.0,0,0,-35.95350007644243,26744,4,12804,-7.478700478085962,32973,,14186
,0,,30074,14336,1.0,2018.0,0,0,-35.93615813621847,23506,4,12314,-7.658431590003937,27544,,13634
,0,,31976,14615,1.0,2018.0,0,0,-35.98000802973849,22316,4,12228,-7.631653795150334,27381,,13650
,0,,48780,15106,1.0,2018.0,0,0,-35.966946452773804,24023,4,12058,-7.413535836434693,29725,,13533
,0,,33420,14320,1.0,2018.0,0,0,-35.993208701488115,21040,4,12040,-7.628110851494642,27745,,13259
,0,,34181,14521,1.0,2018.0,0,0,-36.08610526292171,23284,4,11951,-7.348381812864257,27213,,13071
,0,,45805,15840,1.0,2018.0,0,0,-36.269105091293184,24082,4,12799,-7.643185798441062,34628,,14826
,0,,40715,15527,1.0,2018.0,0,0,-36.14456742104498,29634,4,13251,-7.587415487869944,36948,,14821
,0,,39581,15323,1.0,2018.0,0,0,-35.98896798995913,24771,4,12785,-7.566077031602096,30260,,14219
,0,,39369,15397,1.0,2018.0,0,0,-36.11493365764543,26607,4,13224,-7.452206104282622,31702,,14156
,0,,41250,15643,1.0,2018.0,0,0,-36.207809678941864,19046,4,11165,-7.437094656166745,29135,,14147
,0,,36202,14852,1.0,2018.0,0,0,-36.09168169331541,20717,4,11648,-7.642863275011443,24554,,13125
,0,,45856,15591,1.0,2018.0,0,0,-35.92750890208467,26444,4,12931,-7.315739102588345,35510,,14548
,0,,38932,15203,1.0,2018.0,0,0,-36.070572781723726,20595,4,11837,-7.495217110602163,28799,,13764
,0,,44209,15709,1.0,2018.0,0,0,-36.134491364790385,21970,4,12518,-7.4599771600919205,31715,,14518
,0,,30940,14201,1.0,2018.0,0,0,-36.095436541049104,22587,4,12385,-7.297206562443887,25511,,12920
,0,,31491,14421,1.0,2018.0,0,0,-36.203215842151536,20790,4,12212,-7.330110898039898,27735,,13639
,0,,35981,14904,1.0,2018.0,0,0,-35.938831333938175,20934,4,11989,-7.647346917768267,28606,,13865
,0,,32649,14195,1.0,2018.0,0,0,-36.073673257026826,20625,4,11949,-7.629149113461526,27804,,13296
,0,,37255,15055,1.0,2018.0,0,0,-36.192909267940806,22805,4,12101,-7.374845058313424,28635,,13865
,0,,42918,15355,1.0,2018.0,0,0,-36.26203930855468,22911,4,12463,-7.620865764597818,30105,,13878
,0,,48461,15135,1.0,2018.0,0,0,-36.256988161570455,21709,4,12179,-7.582583126541001,28782,,13670
,0,,32099,14732,1.0,2018.0,0,0,-36.04698186950933,27783,4,13394,-7.606523638933666,28103,,13923
,0,,30331,14327,1.0,2018.0,0,0,-35.94312565070254,19775,4,11617,-7.618147252910841,26992,,13700
,0,,35572,15146,1.0,2018.0,0,0,-35.99723757881125,23493,4,12781,-7.590054783316868,30502,,14113
,0,,39721,15624,1.0,2018.0,0,0,-35.9065273440137,25966,4,13222,-7.476596334697241,32953,,14538
,0,,39112,15056,1.0,2018.0,0,0,-36.10108150488773,25845,4,13335,-7.575679097120406,32970,,14388
,0,,38856,15179,1.0,2018.0,0,0,-36.165607957645406,26995,4,13152,-7.6280297095956815,30868,,14253
,0,,35112,14947,1.0,2018.0,0,0,-36.055449872511566,23858,4,13604,-7.361773712620621,29921,,14205
,0,,38924,15589,1.0,2018.0,0,0,-36.172396386105035,24046,4,12935,-7.637030306743882,31965,,14851
,0,,35826,15042,1.0,2018.0,0,0,-36.21117111043474,18263,4,12036,-7.657392596122304,28936,,14098
,0,,41044,15702,1.0,2018.0,0,0,-35.91103313180768,26574,4,13464,-7.54388202438531,33420,,14794
,0,,48584,16199,1.0,2018.0,0,0,-36.04276413038907,27397,4,14241,-7.443589755231971,42009,,15967
,0,,50188,16104,1.0,2018.0,0,0,-36.107371328630165,28915,4,12947,-7.607199932847624,35530,,14417
,0,,53997,15895,1.0,2018.0,0,0,-36.3103102390321,24842,4,13294,-7.658430899915328,34225,,14399
,0,,41361,15294,1.0,2018.0,0,0,-36.35168129858537,25394,4,12524,-7.439792580281731,34134,,14571
,0,,44726,15135,1.0,2018.0,0,0,-36.327240418402326,21936,4,11716,-7.631645767668904,31271,,13253
,0,,46090,15809,1.0,2018.0,0,0,-36.283876261441506,20891,4,11717,-7.654708190499077,29831,,13689
,0,,35566,14675,1.0,2018.0,0,0,-36.290661716677256,20927,4,12185,-7.4028601394924545,31270,,14253
,0,,41077,15494,1.0,2018.0,0,0,-36.59428754128754,26316,4,13200,-7.574161980022693,31176,,14607
,0,,37482,14536,1.0,2018.0,0,0,-36.36662940761218,23728,4,12279,-7.398087680752264,31068,,13713
,0,,36895,14620,1.0,2018.0,0,0,-36.45992333827038,28575,4,12939,-7.654229566639376,34573,,14167
,0,,35465,14823,1.0,2018.0,0,0,-36.348948422109686,27386,4,13153,-7.442814304829397,29206,,13802
,0,,31515,14462,1.0,2018.0,0,0,-36.523595170911115,24180,4,12635,-7.3038906978247375,26719,,13431
,0,,34467,14600,1.0,2018.0,0,0,-36.28226350016472,22081,4,11878,-7.374821239971899,30235,,13911
,0,,31505,14068,1.0,2018.0,0,0,-36.37710282485532,24551,4,12356,-7.553545611762934,28815,,13518
,0,,34695,14646,1.0,2018.0,0,0,-36.39650006987727,28377,4,12654,-7.293382220009043,29312,,13572
,0,,36798,14198,1.0,2018.0,0,0,-36.27679819734603,24948,4,12379,-7.618131349997132,29278,,13309
,0,,33009,14171,1.0,2018.0,0,0,-36.447346620904206,24583,4,12443,-7.5874191151904204,29233,,13347
,0,,30838,13976,1.0,2018.0,0,0,-36.29248342936203,25538,4,12483,-7.523871238834864,28133,,13480
,0,,32233,14199,1.0,2018.0,0,0,-36.28192727218363,25504,4,12744,-7.452170138274612,29292,,13536
,0,,32963,14461,1.0,2018.0,0,0,-36.47417349171992,22265,4,11895,-7.4766321522495165,27390,,13637
,0,,32883,13601,1.0,2018.0,0,0,-36.412937472756084,23154,4,11897,-7.392099336344521,27730,,12873
,0,,36865,14613,1.0,2018.0,0,0,-36.40651268445519,29516,4,12431,-7.569493280221314,33195,,13773
,0,,31088,14234,1.0,2018.0,0,0,-36.55494265719675,24748,4,12411,-7.582606767995847,28635,,13486
,0,,31410,14108,1.0,2018.0,0,0,-36.63694595715202,25168,4,12053,-7.2973856858272415,27758,,12848
,0,,30401,13768,1.0,2018.0,0,0,-36.50780474047161,27250,4,12632,-7.361772545481137,29138,,13112
,0,,31961,14102,1.0,2018.0,0,0,-36.55221182262447,25075,4,12331,-7.316915011510536,28897,,13656
,0,,32037,14073,1.0,2018.0,0,0,-36.3920675798379,27520,4,12453,-7.5756736494275545,27998,,12931
,0,,33128,14404,1.0,2018.0,0,0,-36.525026426469886,22005,4,11712,-7.637034358900544,26021,,13095
,0,,35656,15360,1.0,2018.0,0,0,-36.41712560652197,20698,4,11736,-7.54801083601416,28281,,14098
,0,,31814,14429,1.0,2018.0,0,0,-36.32399915954487,19267,4,11461,-7.537695017996631,26891,,13769
,0,,40987,15737,1.0,2018.0,0,0,-36.600879104990035,25872,4,12904,-7.575675232989974,32063,,14509
,0,,30644,14304,1.0,2018.0,0,0,-36.54624569799422,24297,4,12972,-7.543908526069957,27153,,13543
,0,,38982,15492,1.0,2018.0,0,0,-36.58427118029699,26882,4,13683,-7.657393498848834,31553,,14510
,0,,35875,14883,1.0,2018.0,0,0,-36.40903034568308,22606,4,12230,-7.527941134478122,28804,,13888
,0,,35322,14896,1.0,2018.0,0,0,-36.35978430393685,23853,4,12660,-7.333683613169975,28891,,14034
,0,,30437,14200,1.0,2018.0,0,0,-36.41837622395367,23208,4,12059,-7.6291470707174796,27918,,13705
,0,,36678,15356,1.0,2018.0,0,0,-36.423125332341705,26381,4,12609,-7.549114076626876,29001,,13988
,0,,33609,14835,1.0,2018.0,0,0,-36.30184407736702,22217,4,12144,-7.6473422643037905,30003,,13935
,0,,35964,14992,1.0,2018.0,0,0,-36.35939050260011,25533,4,12716,-7.348035822946051,28861,,13456
,0,,34735,14480,1.0,2018.0,0,0,-36.60168650032653,24562,4,12216,-7.569356421148421,28600,,13720
,0,,39697,15265,1.0,2018.0,0,0,-36.62795020969082,25494,4,12300,-7.64319278079471,34267,,14432
,0,,34383,15157,1.0,2018.0,0,0,-36.277928349188834,19952,4,11470,-7.335776553509581,29759,,13892
,0,,53909,15854,4.0,2018.0,0,0,-35.1407151160499,28823,15,13696,-7.268561914006499,42593,,15190
,0,,43918,15229,6.0,2018.0,0,0,-35.14443740679223,26745,21,13007,-7.098490010549965,34462,,14459
,0,,30264,13784,4.0,2018.0,0,0,-35.06297739258795,21687,15,12190,-7.0681528175811446,27934,,13269
,0,,31594,14357,6.0,2018.0,0,0,-35.044006128497344,23573,21,12618,-7.2624038033049585,28452,,13723
,0,,41025,15165,4.0,2018.0,0,0,-35.39259985472928,19358,15,11724,-6.942231891774223,34595,,14226
,0,,58105,15798,4.0,2018.0,0,0,-35.36013001999613,24384,15,12792,-6.976689996856859,36861,,14256
,0,,53490,15614,4.0,2018.0,0,0,-35.3431762704995,21491,15,12307,-6.922514401039984,32398,,14214
,0,,57469,15766,4.0,2018.0,0,0,-35.50168999486364,24849,15,12779,-7.023394959971675,40646,,14839
,0,,47419,15413,4.0,2018.0,0,0,-35.33295813419376,31878,15,13961,-7.071723693987358,36838,,14696
,0,,44731,15349,4.0,2018.0,0,0,-35.49690264777928,29149,15,13347,-6.92269934621742,37108,,14324
,0,,55816,15698,4.0,2018.0,0,0,-35.37705534126443,29356,15,13839,-6.929201977517718,35752,,14613
,0,,46775,15228,4.0,2018.0,0,0,-35.43910736312701,30191,15,13453,-7.06815281155526,37419,,14598
,0,,50083,15403,4.0,2018.0,0,0,-35.46403746600361,27585,15,13485,-7.056913954543782,40787,,14698
,0,,44195,15262,4.0,2018.0,0,0,-35.39230631546894,30225,15,13599,-7.2127792233346115,38375,,14619
,0,,30409,13780,6.0,2018.0,0,0,-35.52056736680257,23624,21,12055,-7.098490005892997,28618,,12946
,0,,33860,14215,6.0,2018.0,0,0,-35.154267142237714,24610,21,12290,-7.101940413179633,28684,,13273
,0,,54989,15839,6.0,2018.0,0,0,-35.35607840715683,28651,21,13961,-7.178910489672845,41795,,15003
,0,,39471,15406,6.0,2018.0,0,0,-35.16855041703585,22978,21,13101,-6.973336420313186,34507,,15058
,0,,35886,14811,6.0,2018.0,0,0,-35.33775964039122,24712,21,13660,-7.279605915654595,33112,,14566
,0,,55343,15558,6.0,2018.0,0,0,-35.214499231616784,22390,21,12233,-6.9951185351133125,42276,,14668
,0,,37340,14766,6.0,2018.0,0,0,-35.18334552687116,27885,21,13750,-6.958986276884533,35563,,14444
,0,,47103,15750,6.0,2018.0,0,0,-35.18155114167637,30411,21,13753,-6.944093006324471,34293,,14605
,0,,33120,13824,6.0,2018.0,0,0,-35.16119462349146,25437,21,12467,-7.280088628930147,28745,,13166
,0,,36576,14151,4.0,2018.0,0,0,-35.2905014829598,26556,15,13061,-7.068925794870118,34196,,13808
,0,,52895,15457,4.0,2018.0,0,0,-35.42090677476639,31327,15,13872,-7.028213505692091,36771,,14204
,0,,36163,14323,4.0,2018.0,0,0,-35.33942131055675,29218,15,13208,-7.268237472485418,34243,,14035
,0,,47665,15044,4.0,2018.0,0,0,-35.33384389368716,28437,15,13158,-6.973699469743877,36652,,14300
,0,,49417,15704,4.0,2018.0,0,0,-35.4835011268398,31740,15,13668,-6.930903635214737,41011,,15008
,0,,48889,15344,4.0,2018.0,0,0,-35.44487450528003,26338,15,12729,-7.065128463952789,40365,,14678
,0,,50593,15310,4.0,2018.0,0,0,-35.1814843274239,25670,15,12953,-7.2010331784236135,35466,,14297
,0,,37878,14602,4.0,2018.0,0,0,-35.28940994226115,27526,15,12852,-7.233177695404103,34700,,14215
,0,,46193,15284,4.0,2018.0,0,0,-35.3121192680838,27777,15,13286,-7.279942080316504,36265,,14387
,0,,48037,15603,4.0,2018.0,0,0,-35.45095427370326,30685,15,13554,-6.955425793371509,39409,,14786
,0,,44410,14834,4.0,2018.0,0,0,-35.3214125188401,26285,15,12646,-7.254520684466103,38971,,14538
,0,,49110,15254,4.0,2018.0,0,0,-35.30123582162222,26412,15,12986,-7.149254268781821,38135,,14496
,0,,44344,15123,4.0,2018.0,0,0,-35.35511028964475,26753,15,12867,-7.232567304359582,35666,,14246
,0,,43008,14828,4.0,2018.0,0,0,-35.49764925976944,28568,15,13005,-7.1886545122611025,36078,,14144
,0,,44063,15107,4.0,2018.0,0,0,-35.440646571416664,28871,15,13154,-7.000168414199343,40712,,14700
,0,,59509,16101,4.0,2018.0,0,0,-35.50472800040197,25326,15,12818,-7.2079473589862175,38586,,14446
,0,,56115,15833,4.0,2018.0,0,0,-35.348819795452876,29153,15,13228,-7.2010404027936,44125,,15034
,0,,55197,15289,4.0,2018.0,0,0,-35.420136101488204,24391,15,12422,-7.262403792555416,33482,,13758
,0,,43709,15241,4.0,2018.0,0,0,-35.415420608910175,23172,15,12091,-7.212488252908537,36108,,14663
,0,,49892,15475,4.0,2018.0,0,0,-35.366774333472186,27522,15,12874,-7.186812896677682,37012,,14351
,0,,49132,15109,4.0,2018.0,0,0,-35.36266980887156,23948,15,12530,-7.077543731519468,39167,,14284
,0,,57484,15792,4.0,2018.0,0,0,-35.244975309022706,25232,15,12776,-7.215419276633108,40048,,14556
,0,,64165,16052,4.0,2018.0,0,0,-35.24094763609095,26938,15,12831,-7.253482694064351,37081,,14148
,0,,45333,15691,4.0,2018.0,0,0,-35.413347541210314,27060,15,12921,-7.25340140483245,32943,,14473
,0,,49976,15555,4.0,2018.0,0,0,-35.368286828047765,25484,15,12841,-7.248775726799745,39064,,14576
,0,,47203,15211,4.0,2018.0,0,0,-35.36774891508853,24644,15,12752,-6.999651956966745,39637,,14670
,0,,50488,15365,4.0,2018.0,0,0,-35.29472043905535,24144,15,12427,-7.231890941563764,40016,,14814
,0,,53884,15459,4.0,2018.0,0,0,-35.22774703523824,23283,15,12034,-7.257026463850783,36796,,14211
,0,,44055,15294,4.0,2018.0,0,0,-35.4498339805027,22351,15,12050,-7.020906509684561,40783,,14819
,0,,31759,14898,6.0,2018.0,0,0,-35.35135874406594,30906,21,13838,-7.037881328488672,31202,,14626
,0,,45205,15245,6.0,2018.0,0,0,-35.22350728300861,31846,21,13529,-7.116059846958693,37572,,14276
,0,,41644,15112,6.0,2018.0,0,0,-35.3031884805567,29563,21,13585,-6.987093996186307,35774,,14463
,0,,38315,14663,6.0,2018.0,0,0,-35.22968464040989,26373,21,12551,-7.149795930195789,33862,,14246
,0,,55164,15872,6.0,2018.0,0,0,-35.25864000467339,25444,21,12748,-7.073902414127852,35020,,13860
,0,,41068,15035,6.0,2018.0,0,0,-35.18657081026305,29277,21,13241,-7.272723178813751,37334,,14735
,0,,41411,14372,6.0,2018.0,0,0,-35.318880041278966,32160,21,13258,-7.163070655203613,33689,,13793
,0,,50099,14979,6.0,2018.0,0,0,-35.21021101164754,27355,21,12956,-7.197073695275836,37910,,14170
,0,,42213,14736,6.0,2018.0,0,0,-35.19452282924152,26652,21,12951,-7.008254825890147,34559,,14306
,0,,35084,14150,6.0,2018.0,0,0,-35.15877273126609,25114,21,12474,-7.169238926293462,29303,,13113
,0,,44189,14980,4.0,2018.0,0,0,-35.79626613373142,25296,15,12606,-7.262403778745498,30653,,13245
,0,,42383,14750,4.0,2018.0,0,0,-35.59963726330676,22412,15,12003,-7.11605984340887,32179,,13414
,0,,36874,14149,4.0,2018.0,0,0,-35.61283502012896,25500,15,12386,-7.191437000246005,36342,,13685
,0,,32837,14360,4.0,2018.0,0,0,-35.564768403599395,26775,15,12890,-7.194715665667653,30065,,13506
,0,,43702,15142,4.0,2018.0,0,0,-35.538832110356864,25604,15,12709,-7.045710848084211,31015,,13555
,0,,34761,14566,4.0,2018.0,0,0,-35.55761429662071,26058,15,12623,-7.201033172229891,28650,,12973
,0,,39405,15084,4.0,2018.0,0,0,-35.60387701666042,22755,15,12303,-7.257026455037521,30407,,13753
,0,,37450,14154,4.0,2018.0,0,0,-35.79155063990584,28068,15,12592,-7.212488242454364,30933,,13309
,0,,55782,16639,4.0,2018.0,0,0,-35.56699398670056,26039,15,13380,-7.243517829988465,35782,,15080
,0,,44706,15747,4.0,2018.0,0,0,-35.83504112363799,27268,15,13364,-7.282770428880095,34694,,14615
,0,,48379,15895,4.0,2018.0,0,0,-35.858696392356514,23254,15,12383,-7.053959900559856,31880,,14292
,0,,49497,15594,4.0,2018.0,0,0,-35.797036807209146,27101,15,13247,-7.0282135070453515,39314,,14690
,0,,35496,14703,4.0,2018.0,0,0,-35.55401623533833,25102,15,12663,-7.017402446548717,32775,,13897
,0,,51384,15540,4.0,2018.0,0,0,-35.539125692784246,31103,15,13739,-7.050248342662375,36674,,14460
,0,,40264,14685,4.0,2018.0,0,0,-35.697542525004245,25284,15,13243,-7.254520673557303,28424,,13279
,0,,54056,15607,4.0,2018.0,0,0,-35.53490269446527,31179,15,13649,-7.169238920371796,38472,,14379
,0,,53915,15349,6.0,2018.0,0,0,-35.53039710424598,27302,21,13014,-7.101940408635904,35064,,13893
,0,,53483,14962,4.0,2018.0,0,0,-35.69501004676881,27493,15,12968,-7.163070650288968,41333,,14539
,0,,44428,15898,4.0,2018.0,0,0,-35.825964020587435,25883,15,13136,-7.020906510808499,31521,,14839
,0,,42500,15449,4.0,2018.0,0,0,-35.586340988432745,30843,15,13838,-7.197073689713382,36347,,14750
,0,,62993,16221,4.0,2018.0,0,0,-35.872075989568636,26143,15,13179,-6.947059796645999,38484,,14671
,0,,34212,14593,4.0,2018.0,0,0,-35.617077620999474,19039,15,11709,-7.253482685165001,27951,,13338
,0,,53236,16187,4.0,2018.0,0,0,-35.677365822452344,23840,15,13152,-7.14925426518759,38526,,15221
,0,,44963,15248,4.0,2018.0,0,0,-35.68824927179455,22602,15,12523,-7.279942068007143,29884,,13925
,0,,40003,14955,4.0,2018.0,0,0,-35.883973329997104,20345,15,11680,-6.914655902466299,29174,,13583
,0,,43231,15839,4.0,2018.0,0,0,-35.70997390313244,23884,15,12852,-6.973699471367401,39590,,15239
,0,,48984,15176,4.0,2018.0,0,0,-35.83167799528819,31343,15,13284,-7.062430152657636,38614,,14435
,0,,47544,15290,4.0,2018.0,0,0,-35.745605177575136,30405,15,13531,-7.194855615842798,37946,,14573
,0,,34002,13934,4.0,2018.0,0,0,-35.89669742557582,30057,15,12857,-7.098490000260819,31883,,13493
,0,,31529,14316,4.0,2018.0,0,0,-35.67931848190359,30501,15,13562,-6.987093996944206,35371,,14214
,0,,44842,15322,4.0,2018.0,0,0,-35.75318536212356,30106,15,13311,-6.929201980917976,36949,,14808
,0,,55631,15875,4.0,2018.0,0,0,-35.54612153257008,31323,15,13608,-7.17105944113594,42046,,14633
,0,,60414,15824,4.0,2018.0,0,0,-36.13167598382502,30612,15,13146,-6.987092857304063,36662,,14578
,0,,39688,14953,4.0,2018.0,0,0,-36.083793475969344,30989,15,13000,-7.279605924911826,34173,,14321
,0,,47569,15713,4.0,2018.0,0,0,-36.26305581490134,30250,15,13104,-6.923568742704418,36623,,13780
,0,,44500,15039,4.0,2018.0,0,0,-35.93613314561327,29344,15,12839,-7.0208966556659504,36434,,14126
,0,,35370,14163,4.0,2018.0,0,0,-36.25563962064991,26631,15,12998,-6.930896964750859,36350,,14316
,0,,28985,13326,4.0,2018.0,0,0,-36.2494925213095,28359,15,12154,-7.197061672694035,30376,,13167
,0,,33027,13737,4.0,2018.0,0,0,-36.094043677497105,26684,15,12318,-7.212495405265847,30304,,13239
,0,,46408,15242,4.0,2018.0,0,0,-35.986476610342685,24941,15,12200,-7.05692141997653,33141,,13905
,0,,48653,15461,4.0,2018.0,0,0,-35.992825483822216,28244,15,12930,-7.231883051746802,36435,,14331
,0,,49161,15529,4.0,2018.0,0,0,-35.905797507942495,25389,15,12695,-7.0775095133845065,36746,,14324
,0,,53170,15698,4.0,2018.0,0,0,-35.9017985378809,21281,15,11513,-6.96109366626241,33023,,13598
,0,,46483,15164,4.0,2018.0,0,0,-36.09513884698219,24862,15,12234,-7.038881744788132,35345,,14065
,0,,38639,14592,4.0,2018.0,0,0,-36.22232669900131,21892,15,10787,-7.2462510261643756,29576,,13687
,0,,36598,14501,4.0,2018.0,0,0,-36.21815938161033,28421,15,12521,-7.199523924589174,31779,,14017
,0,,33700,13866,4.0,2018.0,0,0,-36.07121809044818,23077,15,11168,-7.212782659663084,30830,,13512
,0,,36728,14110,4.0,2018.0,0,0,-36.03290242858505,24711,15,12514,-7.153293406438955,28729,,14008
,0,,37718,14824,4.0,2018.0,0,0,-36.26857346746072,26777,15,12026,-7.246597723547055,29786,,13113
,0,,37216,14228,4.0,2018.0,0,0,-35.97282033475859,26930,15,12375,-7.068150791219372,33887,,13493
,0,,34564,13830,6.0,2018.0,0,0,-35.98365594404554,25591,21,12151,-6.9589990154129024,31079,,13384
,0,,38023,13927,4.0,2018.0,0,0,-35.98352119963091,22202,15,11568,-7.062434663525732,32152,,13228
,0,,35571,13957,6.0,2018.0,0,0,-36.05488754390176,26731,21,12367,-7.050278119521459,32023,,13272
,0,,36085,13896,4.0,2018.0,0,0,-35.988807912859905,26537,15,12036,-7.233169454218385,31172,,13158
,0,,30000,13161,4.0,2018.0,0,0,-36.2255580650611,26112,15,12111,-7.194717553297599,29616,,13043
,0,,36003,14510,6.0,2018.0,0,0,-36.03057091233989,25787,21,11972,-7.131254706622144,32098,,13645
,0,,54995,15753,6.0,2018.0,0,0,-36.17011878728062,26936,21,13030,-7.169264090478482,42836,,15114
,0,,57011,15887,4.0,2018.0,0,0,-35.93418029290306,28489,15,13780,-7.283809346713374,43674,,15055
,0,,53291,15925,4.0,2018.0,0,0,-35.9145322534621,27385,15,13285,-7.028189878232727,39694,,14727
,0,,44209,15257,4.0,2018.0,0,0,-36.201110162454796,28712,15,12603,-7.068913914911568,34928,,14478
,0,,39936,15202,6.0,2018.0,0,0,-35.98326262743978,19832,21,11645,-6.97335398632042,30819,,13850
,0,,41175,15348,4.0,2018.0,0,0,-36.221486815821386,25541,15,12546,-7.149788119741778,30080,,13711
,0,,53056,15867,4.0,2018.0,0,0,-35.94786990651255,30995,15,13639,-7.1630500668773776,38898,,14831
,0,,36083,14505,6.0,2018.0,0,0,-36.03681040674932,22053,21,11806,-7.017425503981287,30796,,13505
,0,,41322,15160,4.0,2018.0,0,0,-36.10687636356419,29998,15,13982,-6.9225140287478,33387,,14368
,0,,46074,15090,6.0,2018.0,0,0,-36.01593875769802,28774,21,13948,-7.201035201225571,34432,,14264
,0,,36364,14343,6.0,2018.0,0,0,-36.08151591755417,29808,21,13229,-6.911863715640107,32049,,13987
,0,,41586,15005,4.0,2018.0,0,0,-36.23256824154308,19141,15,12041,-7.06465077715991,29795,,13946
,0,,41016,15046,4.0,2018.0,0,0,-35.916353766249884,34201,15,13813,-7.1492241727970525,36970,,14277
,0,,37838,14036,4.0,2018.0,0,0,-35.97555330627271,27473,15,12625,-7.065128452603968,34447,,13639
,0,,43009,15002,4.0,2018.0,0,0,-35.95111063574802,24210,15,12411,-7.257018803020503,35175,,13678
,0,,41021,14489,4.0,2018.0,0,0,-35.933159308761546,26233,15,12294,-7.085293523645351,35095,,13766
,0,,38091,14393,4.0,2018.0,0,0,-36.14746542352305,32267,15,13102,-6.929199984532873,32306,,13374
,0,,38624,14520,4.0,2018.0,0,0,-35.772765752417705,24080,15,12435,-8.011589181741527,31038,,13284
,0,,38054,14534,4.0,2018.0,0,0,-35.84942490744172,26281,15,12040,-7.943923360785316,28173,,13089
,0,,42892,15180,4.0,2018.0,0,0,-35.894189412468904,26000,15,12525,-7.940616474251807,31840,,14242
,0,,38252,15242,4.0,2018.0,0,0,-35.695085159831365,25305,15,12645,-7.961983674949109,32706,,13943
,0,,43019,14710,4.0,2018.0,0,0,-35.77275964913302,27206,15,12969,-7.722987747161051,33972,,14267
,0,,43241,15168,4.0,2018.0,0,0,-35.644239846626625,23016,15,12380,-7.668002975965357,31470,,13685
,0,,37609,14663,4.0,2018.0,0,0,-35.654436159452054,21633,15,12001,-7.880486695259957,31294,,13579
,0,,53622,15838,4.0,2018.0,0,0,-35.67086341523911,27235,15,13141,-7.923685916282192,39265,,14635
,0,,38822,14522,4.0,2018.0,0,0,-35.84535393944909,23598,15,12148,-7.899011298483918,31450,,13593
,0,,45352,15001,4.0,2018.0,0,0,-35.83201107914077,28747,15,13101,-8.031943801341686,34255,,13710
,0,,43760,14796,4.0,2018.0,0,0,-35.793982591948904,28901,15,13502,-7.918481038848749,35259,,14348
,0,,45318,15167,4.0,2018.0,0,0,-35.80702618545197,21864,15,11990,-7.920294073171751,35153,,14340
,0,,40193,15124,4.0,2018.0,0,0,-35.77622294345301,29139,15,13618,-7.93788875195435,33374,,14267
,0,,50952,15314,4.0,2018.0,0,0,-35.7981140493103,28943,15,13424,-7.823153778140771,38588,,14501
,0,,38444,14771,4.0,2018.0,0,0,-35.84202567424666,19686,15,11638,-7.94872810914413,30234,,13725
,0,,43130,15349,4.0,2018.0,0,0,-35.697903757241185,24259,15,12531,-8.017417081097229,34553,,14351
,0,,44340,15238,4.0,2018.0,0,0,-35.65676827961988,28835,15,13517,-7.902516966230315,37598,,14866
,0,,53677,15930,4.0,2018.0,0,0,-35.58143809904342,27096,15,13430,-7.690364445802149,41064,,14777
,0,,50744,15373,4.0,2018.0,0,0,-35.62484155197608,27272,15,13196,-7.928116294480821,39374,,14551
,0,,55231,16096,4.0,2018.0,0,0,-35.755543491654805,25237,15,13199,-7.736380290253764,44558,,15212
,0,,39869,15435,4.0,2018.0,0,0,-35.65425129267778,27079,15,13614,-7.944061127010366,33360,,14583
,0,,48353,15782,4.0,2018.0,0,0,-35.823336828520915,24355,15,12652,-7.7443190507246165,36901,,15168
,0,,42944,15736,4.0,2018.0,0,0,-35.57498023942858,25889,15,12956,-8.00620087373664,35124,,14644
,0,,49935,15513,4.0,2018.0,0,0,-35.58461806301019,28297,15,13348,-8.002658609652968,35414,,14449
,0,,48758,15532,4.0,2018.0,0,0,-35.87336092642826,27143,15,13295,-7.946265778684896,36487,,14959
,0,,39563,15402,4.0,2018.0,0,0,-35.85724909299784,26466,15,12926,-7.782975946320904,27295,,13364
,0,,32017,13869,6.0,2018.0,0,0,-35.879509585019285,23364,21,11820,-7.680203018679746,27489,,13055
,0,,34917,14540,6.0,2018.0,0,0,-35.88468594738277,22867,21,11743,-7.672004200848749,28871,,13467
,0,,36366,14894,6.0,2018.0,0,0,-35.886925834398255,21708,21,12100,-7.672877325188357,26654,,13279
,0,,43192,14883,6.0,2018.0,0,0,-35.805305990581076,26004,21,12649,-7.865300390570697,35252,,14080
,0,,39855,14834,6.0,2018.0,0,0,-35.77133491018306,28868,21,13237,-7.678509455876457,34699,,14531
,0,,38737,14563,6.0,2018.0,0,0,-35.70861953224508,26750,21,12673,-7.84777262738898,29455,,13233
,0,,41709,15330,6.0,2018.0,0,0,-35.773172989000564,28932,21,13269,-7.805363698192241,34571,,14560
,0,,49463,15834,6.0,2018.0,0,0,-35.802047231588176,26981,21,13158,-7.725972591670697,35265,,14881
,0,,33108,14173,6.0,2018.0,0,0,-35.82497752553612,30024,21,13284,-7.818168704178381,31830,,14054
,0,,42912,15458,6.0,2018.0,0,0,-35.67491801064348,24315,21,12864,-7.744416676624616,30711,,14166
,0,,38711,15078,6.0,2018.0,0,0,-35.68694894720067,21026,21,12396,-7.724915279344512,36319,,14670
,0,,48893,15992,4.0,2018.0,0,0,-35.947868495178824,26410,15,12438,-7.91226807119872,34597,,14671
,0,,55574,15524,4.0,2018.0,0,0,-36.058491122074216,24831,15,12589,-8.029116950650046,31015,,13543
,0,,48876,16054,4.0,2018.0,0,0,-35.951110282517206,22959,15,11984,-8.006200856032697,30662,,13893
,0,,45765,15170,4.0,2018.0,0,0,-36.17424402457607,29538,15,13107,-7.823153785680309,37278,,14367
,0,,55190,15992,4.0,2018.0,0,0,-36.148895735380954,21954,15,11738,-8.011589207730278,33687,,14058
,0,,54054,15953,4.0,2018.0,0,0,-36.147109617226405,25408,15,12349,-7.853301273667177,35623,,13954
,0,,35930,14699,4.0,2018.0,0,0,-36.23337905029783,26646,15,12406,-7.782975954787504,28077,,13922
,0,,30359,14188,4.0,2018.0,0,0,-36.063078956251786,26069,15,12487,-7.7249152565395836,26872,,13442
,0,,44565,15255,4.0,2018.0,0,0,-35.90546213237385,25416,15,12521,-7.963151864451131,28748,,13633
,0,,34420,14539,4.0,2018.0,0,0,-35.986471936014006,23482,15,12200,-7.806181156372596,26344,,13091
,0,,49437,15285,4.0,2018.0,0,0,-36.09803960237311,25744,15,12131,-7.851217966838962,30871,,13335
,0,,50018,15390,4.0,2018.0,0,0,-36.08450190587728,26096,15,12138,-7.744508613021439,35882,,13632
,0,,45698,15365,4.0,2018.0,0,0,-35.96074810316885,27960,15,12682,-8.002658593800781,30929,,13773
,0,,40037,15018,4.0,2018.0,0,0,-35.90774630759298,26398,15,12472,-8.029258106217199,32071,,14060
,0,,38777,14698,6.0,2018.0,0,0,-35.9145312808038,25401,21,12434,-7.777458473676547,28778,,13005
,0,,43931,15297,4.0,2018.0,0,0,-35.98880680826681,26411,15,13091,-7.982361626683591,35745,,14761
,0,,38480,14428,4.0,2018.0,0,0,-36.1831561580053,21028,15,11053,-7.920294097845319,28535,,13292
,0,,42868,15280,4.0,2018.0,0,0,-35.98351679052786,25108,15,12076,-7.811692218569302,28332,,13389
,0,,44044,14615,4.0,2018.0,0,0,-35.97554935709447,22453,15,11791,-7.8143847858588025,30632,,13012
,0,,40192,14713,4.0,2018.0,0,0,-36.24768294430677,28491,15,12281,-7.7047097075637785,31920,,13989
,0,,36323,14199,4.0,2018.0,0,0,-36.22148390035978,26254,15,12577,-7.899011324540352,29611,,13481
,0,,38328,14683,4.0,2018.0,0,0,-36.051048023351555,28141,15,12434,-7.74441665549582,29893,,13194
,0,,31882,13417,4.0,2018.0,0,0,-35.90461987546663,25722,15,12055,-7.869760399595807,27724,,12480
,0,,34470,13226,4.0,2018.0,0,0,-35.92571408315445,23270,15,11665,-8.021893928548257,31370,,12807
,0,,38931,14996,6.0,2018.0,0,0,-35.90579714240171,23080,21,11847,-7.826758848181969,31003,,13743
,0,,32431,14028,6.0,2018.0,0,0,-35.966918970193674,22149,21,11679,-7.693404963582474,26113,,12896
,0,,37026,15119,6.0,2018.0,0,0,-36.32291389375151,28409,21,13315,-7.757532195129819,30487,,14203
,0,,33882,14144,6.0,2018.0,0,0,-36.52069853019099,25904,21,12465,-7.961979932790162,29806,,13652
,0,,48026,15793,4.0,2018.0,0,0,-36.30480700621188,30640,15,12643,-7.9487193814451365,33352,,14129
,0,,29601,13928,4.0,2018.0,0,0,-36.41889675148424,29785,15,12457,-7.818181851635274,28966,,13584
,0,,35654,14241,4.0,2018.0,0,0,-36.317031203893166,19188,15,11414,-7.943921337450477,32349,,14105
,0,,37020,13871,4.0,2018.0,0,0,-36.333406732732065,30976,15,12967,-7.689666444567614,33648,,13526
,0,,34418,13096,4.0,2018.0,0,0,-36.57326848058499,26641,15,11953,-7.814384838000917,30851,,12888
,0,,36768,14326,4.0,2018.0,0,0,-36.561915644722305,24432,15,11844,-7.880478646489963,30934,,13452
,0,,34065,14511,4.0,2018.0,0,0,-36.49516790649302,27177,15,12312,-7.9360238239101095,29192,,13926
,0,,45189,15260,4.0,2018.0,0,0,-36.311735912225316,28793,15,12862,-7.708282182231645,33154,,13796
,0,,44084,14423,4.0,2018.0,0,0,-36.48649152213244,27977,15,12156,-7.783000502943924,31645,,12906
,0,,41101,14251,4.0,2018.0,0,0,-36.29519327796803,28305,15,12710,-7.690843881335063,33910,,13749
,0,,36971,14031,4.0,2018.0,0,0,-36.477213205103276,27033,15,12341,-7.9502459651941715,32383,,13369
,0,,41376,15323,4.0,2018.0,0,0,-36.3430774309174,32838,15,12653,-7.788133011335835,31752,,13860
,0,,31039,13239,4.0,2018.0,0,0,-36.449803976352456,29165,15,12701,-8.003705734085573,30437,,12895
,0,,31988,13604,4.0,2018.0,0,0,-36.53005986313404,29021,15,12881,-7.922579913532822,29750,,13373
,0,,35219,13449,4.0,2018.0,0,0,-36.38889247234925,31058,15,12421,-7.668001725583808,32977,,12900
,0,,35321,13941,4.0,2018.0,0,0,-36.47975477291285,28307,15,12219,-7.7871494767363005,27545,,12291
,0,,39983,14453,4.0,2018.0,0,0,-36.30994138426764,27408,15,12752,-7.693394563484193,32137,,13419
,0,,37179,14393,4.0,2018.0,0,0,-36.5417383833694,26680,15,12561,-8.002586210692412,29859,,13343
,0,,34300,14518,6.0,2018.0,0,0,-36.48350235956592,30229,21,13168,-7.981760746600753,30805,,13655
,0,,33775,13392,4.0,2018.0,0,0,-36.56750157350482,30382,15,12726,-7.817408162820273,32886,,12942
,0,,31063,13301,6.0,2018.0,0,0,-36.4622366177841,27040,21,12501,-7.7229922676063625,29444,,12859
,0,,32660,13656,4.0,2018.0,0,0,-36.548526681959075,28920,15,12330,-8.01158502097142,30004,,12965
,0,,33287,14231,4.0,2018.0,0,0,-36.534952035392266,32036,15,13098,-7.923681537339048,29563,,13715
,0,,32323,13399,4.0,2018.0,0,0,-36.46135508244071,28868,15,12650,-7.82097889232426,30372,,12871
,0,,55426,15405,4.0,2018.0,0,0,-36.33860523718224,25064,15,12289,-7.946279102474128,36973,,14263
,0,,39591,14446,4.0,2018.0,0,0,-36.42311327363229,23211,15,12223,-7.981084519067976,28605,,13596
,0,,35710,13771,4.0,2018.0,0,0,-36.549302831772415,23433,15,12123,-7.77748456484374,33048,,13257
,0,,34402,13627,4.0,2018.0,0,0,-36.5209916494994,23876,15,11745,-7.691536387193367,28120,,12681
,0,,32170,14218,6.0,2018.0,0,0,-35.13530247017488,25636,21,13221,-7.289346510401427,29231,,13767
,0,,42264,15548,6.0,2018.0,0,0,-35.1346658330541,27759,21,13443,-7.298259012456354,31199,,14132
,0,,55957,15498,4.0,2018.0,0,0,-35.28454747696712,26941,15,12939,-7.392099325202927,39089,,14248
,0,,56813,15738,4.0,2018.0,0,0,-35.354616132247536,21891,15,11742,-7.297206188775304,38062,,13998
,0,,39304,15289,6.0,2018.0,0,0,-35.22055844107089,21053,21,12605,-7.44281429795741,35296,,14695
,0,,43157,16048,4.0,2018.0,0,0,-35.46922535278855,28719,15,13718,-7.5244356761271085,39252,,15381
,0,,46598,15501,6.0,2018.0,0,0,-35.497231695528185,28098,21,13195,-7.5716996948531445,35302,,14409
,0,,42014,14622,4.0,2018.0,0,0,-35.197357944982485,28681,15,13121,-7.316239051282554,36187,,14089
,0,,53695,15617,4.0,2018.0,0,0,-35.3292558887204,30818,15,13415,-7.286557939761178,40209,,14605
,0,,33753,14450,4.0,2018.0,0,0,-35.42382179474153,24031,15,12349,-7.316914996009887,28321,,12885
,0,,48390,15476,4.0,2018.0,0,0,-35.205309221231616,24862,15,12712,-7.315748634299064,33829,,14517
,0,,39564,14726,4.0,2018.0,0,0,-35.447207514979446,26036,15,12731,-7.369713420690739,30152,,13283
,0,,46655,14984,4.0,2018.0,0,0,-35.50855590973065,24983,15,12477,-7.297385669584071,35851,,13857
,0,,39501,14508,4.0,2018.0,0,0,-35.48111962485156,25067,15,12047,-7.408378231183078,31509,,13556
,0,,41327,14951,4.0,2018.0,0,0,-35.396630530195885,27752,15,12869,-7.348377523114335,32875,,13893
,0,,55082,15769,4.0,2018.0,0,0,-35.23437656266245,26111,15,12790,-7.315057928701147,42118,,14853
,0,,43615,15096,4.0,2018.0,0,0,-35.47854781791126,25558,15,12310,-7.412528509987951,29588,,13481
,0,,33846,14185,4.0,2018.0,0,0,-35.45657626610901,28542,15,12750,-7.374313934562255,34195,,13628
,0,,55399,15809,4.0,2018.0,0,0,-35.267393242160566,24043,15,12558,-7.375531018802992,35242,,14198
,0,,51921,15412,4.0,2018.0,0,0,-35.50337957335139,23182,15,12174,-7.305585962530367,33218,,14057
,0,,40921,14908,4.0,2018.0,0,0,-35.39485244619981,23048,15,12201,-7.478716050568986,39379,,14698
,0,,47150,15543,4.0,2018.0,0,0,-35.3108205193106,24196,15,12315,-7.350305228011519,32003,,14059
,0,,47372,15605,4.0,2018.0,0,0,-35.30262400412986,26980,15,13352,-7.424945717645668,35912,,14611
,0,,47176,15045,4.0,2018.0,0,0,-35.29879017931278,29503,15,13611,-7.369810407466379,37698,,14254
,0,,45340,15201,4.0,2018.0,0,0,-35.332243740014896,24422,15,12434,-7.3699023138305595,37793,,14794
,0,,47700,15680,4.0,2018.0,0,0,-35.51805948481914,27725,15,13539,-7.566049707879161,39949,,15184
,0,,53700,15702,4.0,2018.0,0,0,-35.39520514962235,25610,15,13264,-7.30389068117021,40470,,14975
,0,,59164,16040,4.0,2018.0,0,0,-35.55254598748753,24599,15,12658,-7.574153625806922,39553,,14794
,0,,39541,15105,4.0,2018.0,0,0,-35.57065334633532,29429,15,13263,-7.382929460461907,33063,,14332
,0,,36366,14534,4.0,2018.0,0,0,-35.534903076533396,30865,15,13290,-7.543882065232528,32629,,13881
,0,,46831,15596,4.0,2018.0,0,0,-35.84016904618084,24466,15,13191,-7.431579378778288,30227,,13947
,0,,59657,15842,4.0,2018.0,0,0,-35.7687307662563,28181,15,13161,-7.316920068605786,38508,,14419
,0,,38579,15014,4.0,2018.0,0,0,-35.74388120135684,28159,15,13008,-7.374329249659895,32223,,14082
,0,,57049,15768,4.0,2018.0,0,0,-35.88590935996189,24077,15,12189,-7.62086576708238,36614,,14255
,0,,39677,14768,4.0,2018.0,0,0,-35.727491765288214,25604,15,12980,-7.412551336505696,33528,,13950
,0,,50396,15159,4.0,2018.0,0,0,-35.551378851817226,28252,15,12721,-7.315739118332034,36840,,13881
,0,,49850,15941,4.0,2018.0,0,0,-35.542933201550944,24451,15,12790,-7.316228828268209,33349,,14281
,0,,46569,15397,4.0,2018.0,0,0,-35.590629874002275,29068,15,12996,-7.369795975203786,34419,,14157
,0,,42429,14846,4.0,2018.0,0,0,-35.55401662700015,26612,15,12831,-7.392075056862467,29683,,13557
,0,,48327,14949,4.0,2018.0,0,0,-35.87439602984062,27902,15,12758,-7.298263697121467,33799,,13681
,0,,44341,15110,4.0,2018.0,0,0,-35.75318584492226,27699,15,12729,-7.303892741854261,36245,,14442
,0,,59483,15618,4.0,2018.0,0,0,-35.553488343955856,27272,15,12857,-7.375508797682002,38417,,14209
,0,,43079,14898,4.0,2018.0,0,0,-35.559475702910284,25689,15,12533,-7.3336701806106666,29844,,13464
,0,,36208,15195,4.0,2018.0,0,0,-35.736261658285635,21790,15,12286,-7.351371719151193,33409,,13990
,0,,40149,14568,4.0,2018.0,0,0,-35.58114653152416,24269,15,12281,-7.315050532208224,30110,,13494
,0,,56884,15223,4.0,2018.0,0,0,-35.66663411516811,24142,15,12852,-7.443589763834038,32059,,13475
,0,,51908,15335,4.0,2018.0,0,0,-35.53732482431445,22892,15,12636,-7.65471055537249,39820,,14267
,0,,40431,15292,4.0,2018.0,0,0,-35.55566319879745,29210,15,13770,-7.621236388869024,34774,,14438
,0,,46883,15321,4.0,2018.0,0,0,-35.53912596644261,21693,15,12046,-7.42491438523359,33846,,14260
,0,,52250,15844,6.0,2018.0,0,0,-35.74560678289041,27043,21,13487,-7.569495461560151,39770,,14686
,0,,45097,14975,6.0,2018.0,0,0,-35.70909161210408,19301,21,11394,-7.446387229086665,32622,,13836
,0,,44915,14989,4.0,2018.0,0,0,-35.873779587230594,24800,15,12471,-7.563294110834557,30281,,13482
,0,,38025,14707,4.0,2018.0,0,0,-35.73880366436055,30970,15,13260,-7.452206101749965,32828,,14122
,0,,39522,15129,4.0,2018.0,0,0,-35.627698045218025,28330,15,12666,-7.430766095067738,31543,,13220
,0,,36608,14328,4.0,2018.0,0,0,-35.56476980165355,27388,15,12721,-7.569354454413485,30949,,13668
,0,,41950,15204,4.0,2018.0,0,0,-35.599639098689245,25567,15,12724,-7.490714207404202,28461,,13257
,0,,39269,13978,4.0,2018.0,0,0,-35.796266410275706,29207,15,12579,-7.637030322953192,33513,,13236
,0,,35849,14035,4.0,2018.0,0,0,-35.54468054494225,26418,15,12336,-7.348017313045514,30602,,12983
,0,,39812,14097,4.0,2018.0,0,0,-35.782690550654905,28846,15,12629,-7.549109857666322,32735,,13544
,0,,40508,14422,4.0,2018.0,0,0,-35.78947797975415,27129,15,12437,-7.62802972539194,34077,,13832
,0,,49345,14938,4.0,2018.0,0,0,-35.72495150738901,25231,15,12129,-7.575679113760604,32791,,13231
,0,,46042,15286,4.0,2018.0,0,0,-35.63477211243858,22054,15,12056,-7.448565220124915,34573,,13618
,0,,52915,15574,4.0,2018.0,0,0,-35.82100651420872,22092,15,11666,-7.439792570302023,33087,,13628
,0,,43778,14790,4.0,2018.0,0,0,-35.55768124610759,18776,15,11413,-7.3187797361454345,28558,,13330
,0,,42148,14992,6.0,2018.0,0,0,-35.71930654183372,25083,21,12489,-7.297206547763783,28953,,13306
,0,,46876,14930,6.0,2018.0,0,0,-35.59081641450091,26160,21,12182,-7.413535855022137,39082,,13963
,0,,25835,13355,4.0,2018.0,0,0,-36.24990953950812,26719,15,12793,-7.563294114914818,27587,,13253
,0,,38315,14433,4.0,2018.0,0,0,-36.121736774113245,18162,15,11366,-7.569495448424772,34078,,14015
,0,,32402,13842,4.0,2018.0,0,0,-36.11239165234732,23163,15,12078,-7.351371731439815,27849,,13081
,0,,39767,15108,4.0,2018.0,0,0,-36.234827408684275,25206,15,12361,-7.428625626271226,28635,,13728
,0,,31269,14011,4.0,2018.0,0,0,-36.158820530609574,26108,15,12550,-7.549109852132382,27953,,13279
,0,,43178,15185,6.0,2018.0,0,0,-36.249163123792506,25342,21,12115,-7.29739002272256,30289,,13170
,0,,42065,15447,4.0,2018.0,0,0,-36.00012265162049,23203,15,12371,-7.369894070979702,33196,,14377
,0,,41747,15263,4.0,2018.0,0,0,-36.08075894132443,26536,15,12497,-7.286557931515929,32440,,14238
,0,,40425,14999,4.0,2018.0,0,0,-35.91496242460072,26799,15,12694,-7.420377727071647,30683,,13377
,0,,44788,15343,4.0,2018.0,0,0,-35.915256020433475,25725,15,12560,-7.424914356728026,30470,,13753
,0,,43731,14788,4.0,2018.0,0,0,-35.919063254383,22411,15,11999,-7.316228811034377,30514,,13800
,0,,52856,15995,4.0,2018.0,0,0,-35.97760032673953,25239,15,12691,-7.58861310482026,32179,,13938
,0,,38841,15130,4.0,2018.0,0,0,-35.922252305983974,26993,15,12810,-7.545702408177573,30013,,13989
,0,,41742,15563,4.0,2018.0,0,0,-36.0038280722779,26482,15,12644,-7.430766081083014,30402,,13898
,0,,49055,15450,6.0,2018.0,0,0,-35.929618393579375,26747,21,12767,-7.37550877645558,31739,,14049
,0,,51577,14993,6.0,2018.0,0,0,-36.085221614419424,24925,21,11785,-7.446387227447059,36573,,14348
,0,,35778,14315,4.0,2018.0,0,0,-36.129315833841964,33331,15,12809,-7.303892761667972,32776,,13164
,0,,34930,14297,4.0,2018.0,0,0,-36.11903612176202,28871,15,12349,-7.561454275490223,33254,,13908
,0,,33674,14168,4.0,2018.0,0,0,-36.153928281269614,29703,15,12343,-7.548007979487894,29162,,13420
,0,,35431,13642,4.0,2018.0,0,0,-35.957276572739005,27586,15,12182,-7.3150505216043396,30825,,13302
,0,,47710,15633,4.0,2018.0,0,0,-35.9356057507121,26327,15,12127,-7.333670164500823,30563,,13462
,0,,33702,13755,6.0,2018.0,0,0,-36.12054749725699,26159,21,12098,-7.623405202846268,30122,,12998
,0,,35678,14136,6.0,2018.0,0,0,-36.1913694587265,28897,21,12860,-7.442816420991475,32020,,13737
,0,,39805,14673,4.0,2018.0,0,0,-36.01276239687818,27169,15,12504,-7.293381025840514,30691,,13242
,0,,41725,15278,4.0,2018.0,0,0,-35.92867603739597,27856,15,12761,-7.5741535850073065,31348,,14094
,0,,41957,15162,4.0,2018.0,0,0,-35.93381129445466,25753,15,12476,-7.318779721170946,32030,,13926
,0,,33331,14186,4.0,2018.0,0,0,-36.23576190507629,23493,15,11821,-7.305592968115933,32374,,14072
,0,,39221,14303,6.0,2018.0,0,0,-35.920810597244916,23336,21,12078,-7.3480172930093,30589,,13436
,0,,35659,14511,4.0,2018.0,0,0,-35.998364573948194,24925,15,12252,-7.350297261153653,29010,,13921
,0,,29984,13989,6.0,2018.0,0,0,-35.93179324775836,21234,21,11599,-7.6212363440010575,27918,,13566
,0,,40049,15338,4.0,2018.0,0,0,-36.158188674988985,25374,15,12436,-7.565566698789228,33071,,14411
,0,,41027,14920,4.0,2018.0,0,0,-36.01090213734694,27327,15,12867,-7.448565205607448,33864,,13694
,0,,38110,14713,6.0,2018.0,0,0,-35.962473150290315,25653,21,12727,-7.571712312077205,30634,,13696
,0,,38434,14713,4.0,2018.0,0,0,-35.93374553464469,25293,15,13016,-7.5756705917590885,32321,,13940
,0,,45250,15467,4.0,2018.0,0,0,-35.97576913427853,21777,15,12305,-7.490714182781942,31174,,14000
,0,,43738,15348,6.0,2018.0,0,0,-35.96675991233306,29681,21,13562,-7.3697959608642964,38347,,14926
,0,,43003,14568,4.0,2018.0,0,0,-36.16768152202045,30359,15,12793,-7.5871243946418305,35080,,14036
,0,,47437,15151,4.0,2018.0,0,0,-36.10834046988937,28913,15,12721,-7.553553418243388,29650,,13770
,0,,40499,15317,4.0,2018.0,0,0,-36.302673231809614,28419,15,13392,-7.5900346688961795,38747,,15086
,0,,33969,13942,4.0,2018.0,0,0,-36.639185842256786,25332,15,11752,-7.298259021548366,31685,,13569
,0,,39070,14962,4.0,2018.0,0,0,-36.39578323399851,25482,15,12536,-7.375531031266657,29989,,13535
,0,,35813,14264,4.0,2018.0,0,0,-36.62562174032965,28674,15,12376,-7.5716996914321895,33738,,13867
,0,,36759,14496,4.0,2018.0,0,0,-36.46088357381573,28485,15,13097,-7.473186146213189,30592,,13695
,0,,34901,14345,4.0,2018.0,0,0,-36.6069378584085,25505,15,12101,-7.412528518178279,30687,,13516
,0,,34560,14136,4.0,2018.0,0,0,-36.450164112848555,20519,15,11451,-7.6428631529117546,29556,,13631
,0,,38699,14522,4.0,2018.0,0,0,-36.33369919875285,25562,15,12099,-7.315748651529866,33221,,13567
,0,,33898,13892,4.0,2018.0,0,0,-36.4606337467948,27517,15,12723,-7.369902326210428,31800,,13509
,0,,33843,13854,4.0,2018.0,0,0,-36.5575681863035,25709,15,12346,-7.490717783538373,29186,,13254
,0,,34243,14080,4.0,2018.0,0,0,-36.325747920671006,28734,15,12024,-7.316239068534768,31406,,13663
,0,,31392,13847,4.0,2018.0,0,0,-36.48300614418419,26903,15,12588,-7.297206206226478,27694,,13025
,0,,30045,13230,4.0,2018.0,0,0,-36.59761539113533,27659,15,12330,-7.52443567632875,29892,,12859
,0,,32446,13457,4.0,2018.0,0,0,-36.608697536338575,31278,15,12955,-7.43931450958226,31417,,13214
,0,,35938,14058,4.0,2018.0,0,0,-36.62250264599926,28432,15,12560,-7.44635871300535,32692,,13457
,0,,39585,14267,4.0,2018.0,0,0,-36.575597548253974,33790,15,12796,-7.369713432206266,34106,,13489
,0,,42455,14455,4.0,2018.0,0,0,-36.36276654689319,28624,15,12876,-7.315057945774579,33252,,13161
,0,,30316,13443,4.0,2018.0,0,0,-36.55037592748792,28195,15,12468,-7.448563007824099,29282,,12918
,0,,53514,15942,4.0,2018.0,0,0,-36.36493733024417,30808,15,12312,-7.6078014822909195,38857,,14389
,0,,40886,15143,6.0,2018.0,0,0,-36.28159213957144,31747,21,13213,-7.5885893169518965,36305,,14703
,0,,34701,14023,6.0,2018.0,0,0,-36.35964896426591,18673,21,11040,-7.43709940259409,33913,,13724
,0,,38479,14501,6.0,2018.0,0,0,-36.309288452721056,30168,21,13255,-7.45995316072522,32473,,13766
,65535,,15458,8075,8.0,2018.0,65535,65535,-34.83836923203994,11799,33,3931,-6.995118518417154,12707,,4996
,65535,,13852,6779,8.0,2018.0,65535,65535,-34.869973818038325,12369,33,4807,-6.975615708960281,12850,,5395
,65535,,17527,9556,8.0,2018.0,0,65535,-34.87173165220777,12791,33,5815,-6.995216265523498,14718,,7315
,65535,,19391,9798,8.0,2018.0,65535,65535,-35.231000519155494,19038,33,8997,-7.348035808231908,18907,,9560
,0,,44377,16181,0.0,2019.0,0,0,-35.00092536269898,21574,3,13348,-6.929201966885745,36411,,15459
,0,,47283,16025,0.0,2019.0,0,0,-35.16999156640782,24730,3,13373,-7.17105944689095,39020,,15123
,0,,33906,15229,0.0,2019.0,0,0,-35.41372688034437,28913,3,13864,-7.153289646347662,32696,,14633
,0,,39665,15431,0.0,2019.0,0,0,-35.50977924758596,20568,3,12668,-7.2462374453275284,31963,,14375
,0,,43949,15651,1.0,2019.0,0,0,-35.362999687391465,24091,4,13164,-6.995048418408739,29811,,13872
,0,,46372,15928,1.0,2019.0,0,0,-35.31830887654339,28213,4,13559,-7.120562965672601,33002,,14207
,0,,48251,16079,1.0,2019.0,0,0,-35.455547953693646,25764,4,13503,-7.062430154360101,33221,,14470
,0,,49529,16162,1.0,2019.0,0,0,-35.48256634362336,23216,4,12963,-7.053959902372851,30922,,14167
,0,,37428,14914,1.0,2019.0,0,0,-35.85162160240369,23839,4,12832,-6.96110870564845,30538,,14250
,0,,33946,14813,1.0,2019.0,0,0,-35.87439552146327,20652,4,12156,-6.923573259725531,27968,,13945
,0,,37709,15346,1.0,2019.0,0,0,-35.82708431408225,24387,4,12913,-6.955425797572939,30116,,14260
,0,,36433,14960,1.0,2019.0,0,0,-35.87303270030065,22731,4,12432,-6.92269935197961,30268,,14429
,0,,50600,15825,1.0,2019.0,0,0,-35.6347699942511,26701,4,13253,-7.0739024121573815,35845,,14669
,0,,40450,15316,1.0,2019.0,0,0,-35.840167509843,21984,4,12921,-7.056913952986249,35727,,14700
,0,,41949,15989,1.0,2019.0,0,0,-35.55137875084593,21822,4,12794,-6.9410519132682555,33241,,14701
,0,,41828,15787,1.0,2019.0,0,0,-35.768436340359514,26829,4,13479,-7.21277921342046,34869,,15174
,0,,45915,15569,1.0,2019.0,0,0,-35.55566189764264,23169,4,13133,-7.246607701405762,35036,,14544
,0,,36749,15616,0.0,2019.0,0,0,-35.5534880188796,22017,3,12935,-7.000833019215958,29705,,14628
,0,,31575,14091,1.0,2019.0,0,0,-36.07403447756977,22586,4,12207,-7.268237337137602,26937,,13372
,0,,30305,14131,1.0,2019.0,0,0,-36.24637312555557,20962,4,12079,-7.071696566715946,27556,,13713
,0,,28025,13657,1.0,2019.0,0,0,-36.040997479913976,22951,4,12299,-7.17336691647907,27298,,13477
,0,,31984,13603,1.0,2019.0,0,0,-36.17424778938893,25472,4,12514,-7.073900299418066,27564,,13039
,0,,33610,14380,1.0,2019.0,0,0,-36.27031961931347,27138,4,12753,-7.191410999837372,29268,,13529
,0,,34108,14392,1.0,2019.0,0,0,-36.04224676152509,23015,4,12158,-7.254518721182344,24753,,12805
,0,,27055,13735,1.0,2019.0,0,0,-36.20814125909866,24633,4,12447,-7.282771284620434,24801,,12860
,0,,28448,13582,1.0,2019.0,0,0,-36.09804737891972,22566,4,11986,-7.101974420945426,25511,,13022
,0,,27595,13572,1.0,2019.0,0,0,-36.08335136004326,23892,4,12552,-7.248776994805737,24484,,12904
,0,,36343,14371,1.0,2019.0,0,0,-36.20883694187264,27084,4,13216,-6.999637377917064,29906,,13782
,0,,31094,14188,1.0,2019.0,0,0,-36.24768321660778,21345,4,12186,-6.9554127756719435,30935,,14005
,0,,29229,13494,1.0,2019.0,0,0,-35.96692131551375,21346,4,12015,-6.944102415424581,25675,,12930
,0,,28853,13643,1.0,2019.0,0,0,-36.08450559526644,25527,4,12751,-6.995224089990984,26401,,13363
,0,,32474,14460,1.0,2019.0,0,0,-36.17881516158991,22565,4,12387,-7.207969848471741,27128,,13557
,0,,39890,15189,1.0,2019.0,0,0,-36.03038409443755,20272,4,11904,-7.194853544380132,28032,,14010
,0,,33901,14741,1.0,2019.0,0,0,-36.15235863679525,21291,4,11812,-7.188678960222578,27084,,13309
,0,,34278,14847,1.0,2019.0,0,0,-36.233380210091326,23859,4,12397,-7.033708578970994,27470,,13547
,0,,33022,14796,1.0,2019.0,0,0,-36.230808460523676,22577,4,12382,-7.037859613209772,26934,,13982
,0,,35495,14843,1.0,2019.0,0,0,-36.06308210548356,24920,4,13158,-6.975623273710588,28724,,14138
,0,,36585,15157,1.0,2019.0,0,0,-36.176082155316124,24109,4,12700,-6.942227036819151,29237,,14218
,0,,32710,14710,1.0,2019.0,0,0,-35.90816556712177,25995,4,13225,-6.947053890774846,30553,,14349
,0,,35870,14914,1.0,2019.0,0,0,-36.0020462569565,24985,4,12542,-7.0539760510804514,30984,,13918
,0,,43045,15871,1.0,2019.0,0,0,-36.062894634910165,24469,4,12680,-7.190931343134052,35390,,15313
,0,,35216,14580,1.0,2019.0,0,0,-36.178178661588554,26438,4,12808,-6.976681870108295,28483,,14029
,0,,28389,13890,1.0,2019.0,0,0,-36.14711529014199,25894,4,12864,-7.104058916102756,27617,,13494
,0,,32663,14674,1.0,2019.0,0,0,-36.1994682470732,24977,4,12890,-6.9950358592191195,31156,,13749
,0,,31809,14406,1.0,2019.0,0,0,-35.986637550908455,21488,4,12485,-6.940369736811995,27522,,13742
,0,,28669,13938,1.0,2019.0,0,0,-35.79995147496383,25959,4,12792,-7.691531027714882,26712,,13435
,0,,38525,15409,1.0,2019.0,0,0,-35.85467722804416,26144,4,13194,-7.787125470167346,34986,,14381
,0,,41382,15736,1.0,2019.0,0,0,-35.73074592632932,25837,4,13389,-7.6718264354219246,30463,,14184
,0,,37846,14994,1.0,2019.0,0,0,-35.756932407147715,27905,4,13200,-8.002591102403585,31849,,14186
,0,,41887,14821,1.0,2019.0,0,0,-35.70766320763275,25221,4,12928,-8.028781320396117,28040,,13407
,0,,30792,14001,1.0,2019.0,0,0,-35.802680134584534,21891,4,12208,-7.957171769122795,27429,,13371
,0,,32722,14738,1.0,2019.0,0,0,-35.887562483474966,20270,4,12370,-7.6639665202024325,28806,,14065
,0,,42103,15081,1.0,2019.0,0,0,-35.7179103553951,25805,4,13121,-7.961696544838582,36048,,14376
,0,,40675,15208,1.0,2019.0,0,0,-35.87024213463141,23042,4,12405,-7.820948909121024,32044,,14315
,0,,41736,14901,1.0,2019.0,0,0,-35.832705638138286,25620,4,12682,-7.748918558112549,37503,,14276
,0,,39870,15879,1.0,2019.0,0,0,-35.71900355686076,25884,4,14242,-7.7881495160181675,33366,,15208
,0,,38921,15644,1.0,2019.0,0,0,-35.707219770630665,29260,4,13746,-7.99796422000667,31643,,14694
,0,,46168,16117,1.0,2019.0,0,0,-35.666115702808185,23599,4,13329,-8.003703537844386,34166,,14988
,0,,40632,15513,1.0,2019.0,0,0,-35.87568951330001,26501,4,13248,-8.017745106115152,34494,,14768
,0,,37682,14494,1.0,2019.0,0,0,-35.77097963372113,25354,4,12108,-7.85330126462343,29468,,13212
,0,,41622,15097,1.0,2019.0,0,0,-35.8564368023461,23640,4,12374,-7.813906292842687,35164,,14258
,0,,33852,14719,1.0,2019.0,0,0,-35.84861744932067,23259,4,12471,-7.950240972521565,26804,,13518
,0,,31969,14449,1.0,2019.0,0,0,-35.871552991351145,20333,4,11890,-7.70470971016079,27146,,13503
,0,,32464,14181,1.0,2019.0,0,0,-35.70538587949605,26150,4,13064,-7.661180255811655,29857,,13778
,0,,40177,15848,1.0,2019.0,0,0,-36.08334977351475,21429,4,12274,-7.997964230651355,33892,,15045
,0,,43035,15642,1.0,2019.0,0,0,-36.208835602894744,24487,4,12936,-7.748918557841588,33565,,14877
,0,,37937,15417,1.0,2019.0,0,0,-36.246372087984334,22883,4,12815,-7.820948925500207,27905,,13918
,0,,39931,15133,1.0,2019.0,0,0,-36.2518194649971,22720,4,12467,-8.01774515511102,26309,,13396
,0,,38182,15384,1.0,2019.0,0,0,-36.15235292537072,23756,4,12803,-7.937888773359277,33696,,14816
,0,,35730,15283,1.0,2019.0,0,0,-36.01593644725133,25708,4,13092,-7.950240205526185,31974,,14711
,0,,33295,14455,1.0,2019.0,0,0,-36.14930297183833,19099,4,11783,-7.805363699622734,27009,,13530
,0,,34829,15041,1.0,2019.0,0,0,-36.08379321040137,19773,4,11961,-8.02878133339388,29747,,14197
,0,,42415,15499,1.0,2019.0,0,0,-36.00097157990033,25133,4,13055,-7.928116282018511,34151,,14592
,0,,26924,14098,1.0,2019.0,0,0,-36.10687592206817,23918,4,12512,-7.671826409446259,26121,,13767
,0,,47622,15771,1.0,2019.0,0,0,-36.05389154011454,24575,4,12980,-7.981759960867506,30645,,14091
,0,,43174,15538,1.0,2019.0,0,0,-36.03289829783932,27094,4,13485,-7.902516958895727,36814,,14769
,0,,33758,14694,1.0,2019.0,0,0,-35.99049663505154,22763,4,12417,-7.772688053320839,30887,,14365
,0,,26174,13799,1.0,2019.0,0,0,-35.908164787384074,22463,4,12514,-7.6963533651520075,25853,,13431
,0,,38477,14975,1.0,2019.0,0,0,-35.93315768713432,22414,4,12121,-7.834540882724661,30403,,13919
,0,,42939,15260,1.0,2019.0,0,0,-36.030566178381015,28197,4,13414,-7.880486685818425,37282,,14834
,0,,35567,14686,1.0,2019.0,0,0,-36.131673479855735,25287,4,12455,-7.736380278072376,32321,,14130
,0,,29989,14051,1.0,2019.0,0,0,-36.201107492638826,28688,4,13352,-7.8181687143246945,27336,,13488
,0,,29618,13698,1.0,2019.0,0,0,-36.18143596365613,24364,4,12728,-7.865300405966406,27506,,13331
,0,,35359,14984,1.0,2019.0,0,0,-35.93418027600307,23722,4,12878,-8.032980584069117,30617,,14156
,0,,31281,14611,1.0,2019.0,0,0,-36.208141044260834,22684,4,12397,-8.031943841946136,27798,,13810
,0,,35653,14702,1.0,2019.0,0,0,-36.17817720565932,22063,4,12141,-7.7259725837094955,29109,,13657
,0,,42442,15363,1.0,2019.0,0,0,-36.13306239492659,26223,4,13167,-8.002591124275034,32643,,14217
,0,,35892,14865,1.0,2019.0,0,0,-36.020369868681044,24173,4,12432,-7.668002938365163,28406,,13981
,0,,31260,14394,1.0,2019.0,0,0,-35.93613082149663,22883,4,12419,-7.770168818780867,26087,,13544
,0,,29570,14210,1.0,2019.0,0,0,-35.983258439750124,23134,4,12590,-7.722645713980691,26007,,13485
,0,,41163,15841,1.0,2019.0,0,0,-35.900668239776955,28011,4,13454,-7.992688136387148,33849,,14928
,0,,38205,15426,1.0,2019.0,0,0,-36.01960350341189,23275,4,12645,-7.93601969132965,32158,,14535
,0,,34797,14934,1.0,2019.0,0,0,-36.25563953555668,22706,4,12662,-7.680203013066206,26535,,13567
,0,,32839,14552,1.0,2019.0,0,0,-36.23080718612367,23646,4,12435,-7.7871254789917375,27385,,13577
,0,,29123,13904,1.0,2019.0,0,0,-36.222323734209645,24996,4,13162,-7.995437190944484,26729,,13536
,0,,40174,15451,1.0,2019.0,0,0,-35.92654304805077,25760,4,12918,-7.964597335703462,34685,,14398
,0,,33386,14578,1.0,2019.0,0,0,-36.26305578267815,26151,4,12864,-7.672877319320804,29769,,14193
,0,,33537,14469,1.0,2019.0,0,0,-36.09513355616056,19694,4,11519,-7.788149507710678,25794,,13304
,0,,29841,14101,1.0,2019.0,0,0,-36.263692431550204,25988,4,13042,-7.663966512949779,28374,,13670
,0,,31170,14230,1.0,2019.0,0,0,-36.26081589634761,24865,4,12938,-7.672004194546273,26955,,13385
,0,,30302,13875,1.0,2019.0,0,0,-35.94961681822961,24929,4,12224,-7.690854609954715,27017,,13196
,0,,37250,14450,1.0,2019.0,0,0,-35.906133291337,23243,4,12206,-7.749424786769847,26245,,12931
,0,,35688,14197,1.0,2019.0,0,0,-36.04224571818747,24775,4,12316,-8.003703539903658,29352,,13216
,0,,29825,13487,1.0,2019.0,0,0,-36.050033203234655,24387,4,11989,-7.795005363921571,26332,,12693
,0,,30315,13986,1.0,2019.0,0,0,-35.90179826869902,23397,4,12353,-7.710387499031245,26142,,13031
,0,,34148,14336,1.0,2019.0,0,0,-36.176081449673774,24437,4,12499,-7.691531013812082,29541,,13691
,0,,33119,14176,1.0,2019.0,0,0,-36.00204068751986,25331,4,12673,-7.803237234826181,29030,,13266
,0,,31057,13835,1.0,2019.0,0,0,-36.08474953470253,25669,4,12549,-7.8477726274428266,28215,,13501
,0,,34029,14284,1.0,2019.0,0,0,-36.27031935854549,25608,4,12598,-7.9406165133886155,27238,,13214
,0,,34485,14790,1.0,2019.0,0,0,-35.986635604253955,25142,4,12635,-7.6896741982639645,28931,,13661
,0,,35325,14812,1.0,2019.0,0,0,-36.35613897661349,23280,4,12354,-8.006209317388395,25832,,13067
,0,,33391,14694,1.0,2019.0,0,0,-36.62603985448961,23600,4,12321,-7.937861898555898,27473,,13870
,0,,38926,15053,1.0,2019.0,0,0,-36.58394142803927,28108,4,13061,-7.811687289768033,32374,,14589
,0,,35663,14160,1.0,2019.0,0,0,-36.610958505203946,27812,4,12616,-7.803219481575094,31420,,13903
,0,,34909,14734,1.0,2019.0,0,0,-36.56904198476792,28599,4,12851,-7.749449810741387,30157,,14004
,0,,32168,14093,1.0,2019.0,0,0,-36.32963126916362,22580,4,12379,-7.853284972520559,27194,,13328
,0,,31881,14147,1.0,2019.0,0,0,-36.2895850651066,25251,4,12715,-8.029260578662596,28306,,13660
,0,,34774,14239,1.0,2019.0,0,0,-36.62529363500928,29843,4,12948,-7.672008787498635,32509,,13892
,0,,39563,15223,1.0,2019.0,0,0,-36.29109263442862,27442,4,12652,-7.794972754145971,32785,,14341
,0,,28708,13614,1.0,2019.0,0,0,-36.45462606059159,26233,4,12368,-7.813931215210545,24918,,12661
,0,,35859,14698,1.0,2019.0,0,0,-36.29694071049558,27975,4,12604,-7.7226263012926815,30902,,14145
,0,,30087,13804,1.0,2019.0,0,0,-36.429632798649095,21145,4,12136,-7.89847960289038,27891,,13299
,0,,30118,13403,1.0,2019.0,0,0,-36.36510090098662,25950,4,12554,-7.940645226309456,28499,,13190
,0,,30612,13653,1.0,2019.0,0,0,-36.578228442506656,29931,4,12628,-7.770179724733859,28800,,13528
,0,,41265,15830,1.0,2019.0,0,0,-36.54381244564232,27254,4,13347,-7.961688718270357,31666,,14402
,0,,32127,14798,1.0,2019.0,0,0,-36.54212022927013,23671,4,12557,-7.902512853080199,28122,,14145
,0,,33262,14771,1.0,2019.0,0,0,-36.633118360031446,24403,4,12969,-7.957147082763823,28259,,14104
,0,,39859,15276,1.0,2019.0,0,0,-36.64523514691418,27545,4,12972,-8.017737903076897,30129,,13910
,0,,34916,14932,1.0,2019.0,0,0,-36.44727581572577,24822,4,13022,-7.912290782652389,28758,,14056
,0,,36775,14848,1.0,2019.0,0,0,-36.36933972343991,23169,4,12299,-8.002667198606684,28665,,13703
,0,,31625,14076,1.0,2019.0,0,0,-36.307924504353736,26361,4,12891,-7.995793168117311,30416,,13762
,0,,39243,15095,1.0,2019.0,0,0,-36.58730116266972,26353,4,13018,-8.03194295803928,29869,,14056
,0,,33111,14462,1.0,2019.0,0,0,-36.35190093754624,26431,4,12821,-7.865296673761787,27709,,13648
,0,,31294,14304,1.0,2019.0,0,0,-36.28265747443998,20599,4,12027,-7.851180420342518,27277,,13976
,0,,42436,15299,1.0,2019.0,0,0,-36.314961796676535,23982,4,12543,-8.021898853679966,30279,,14034
,0,,39641,15236,1.0,2019.0,0,0,-36.309876680124304,23831,4,12525,-7.9502361843148925,34552,,14699
,0,,35295,14787,1.0,2019.0,0,0,-36.287163462626594,28191,4,13109,-7.9184532993346295,31103,,14075
,0,,33851,14417,1.0,2019.0,0,0,-36.34289054088632,25722,4,12752,-7.74440151883778,28474,,13715
,0,,31352,14146,1.0,2019.0,0,0,-36.37995981561406,21890,4,12322,-7.805360364561559,28104,,13682
,0,,35923,14881,1.0,2019.0,0,0,-36.579347432779834,27563,4,13097,-7.704724100158723,33169,,14203
,0,,29569,13931,1.0,2019.0,0,0,-36.48447252605731,23308,4,12313,-7.928124513046681,26309,,13604
,0,,39452,15032,1.0,2019.0,0,0,-36.636233621289264,29464,4,13658,-7.663968016178032,32659,,14021
,0,,46842,15418,1.0,2019.0,0,0,-36.46614991369539,27807,4,12903,-8.028781357884727,33741,,13948
,0,,34597,14555,1.0,2019.0,0,0,-36.3062770220239,27292,4,12901,-7.766675762268173,30297,,14058
,0,,36803,14855,1.0,2019.0,0,0,-36.32291389375151,25984,4,12858,-7.757532195129819,29597,,13769
,0,,30768,13835,1.0,2019.0,0,0,-36.44050955552633,24692,4,12459,-8.029117340825245,26759,,13096
,0,,29331,13805,1.0,2019.0,0,0,-36.376253614311686,27012,4,12715,-7.744499990054709,26315,,12904
,0,,42066,15987,0.0,2019.0,0,0,-35.11929311217633,20540,3,13237,-7.330097215555111,37353,,15712
,0,,43946,15727,1.0,2019.0,0,0,-35.297776681595614,23298,4,12912,-7.420408825714249,37942,,15318
,0,,47975,16076,1.0,2019.0,0,0,-35.39704505836535,27114,4,13753,-7.43076929466782,33672,,14690
,0,,48492,15668,1.0,2019.0,0,0,-35.48030749543545,27271,4,13591,-7.439314503334491,35257,,14520
,0,,39891,15036,1.0,2019.0,0,0,-35.49542307543502,26833,4,13405,-7.330097212982798,33550,,14644
,0,,41221,15838,0.0,2019.0,0,0,-35.70997526087076,23146,3,13235,-7.348381804765529,35606,,15039
,0,,36214,15232,0.0,2019.0,0,0,-35.57737003408248,24411,3,13167,-7.478700505331833,31161,,14370
,0,,41930,15629,1.0,2019.0,0,0,-35.84016904618084,25640,4,13244,-7.431579378778288,31117,,14310
,0,,38197,14518,1.0,2019.0,0,0,-35.53883237052211,24714,4,12619,-7.420377755176031,28757,,13572
,0,,36748,15122,1.0,2019.0,0,0,-35.586343110660714,22307,4,12445,-7.571712346882522,28541,,13975
,0,,38372,14659,1.0,2019.0,0,0,-35.858697451825144,21929,4,12246,-7.428625605121572,28495,,13487
,0,,44919,15469,1.0,2019.0,0,0,-35.789858571605514,26118,4,13231,-7.527937171003895,32875,,14635
,0,,37631,15200,1.0,2019.0,0,0,-35.78205869484524,27050,4,13039,-7.565566706724091,34395,,13974
,0,,42189,14820,1.0,2019.0,0,0,-35.546122254122004,25273,4,13166,-7.5457024472873115,31191,,13985
,0,,37336,15210,1.0,2019.0,0,0,-35.601470291706605,24189,4,12714,-7.588613139014242,29213,,14006
,0,,39350,15022,1.0,2019.0,0,0,-35.74388120135684,27940,4,12838,-7.374329249659895,31391,,13659
,0,,41427,15488,1.0,2019.0,0,0,-35.731241333038426,25314,4,13052,-7.6071999531299,30609,,14263
,0,,43747,15579,1.0,2019.0,0,0,-35.69501293047637,29020,4,13180,-7.5377166545234315,37229,,14818
,0,,31043,14151,1.0,2019.0,0,0,-35.61283795838591,23126,4,12469,-7.566077061345402,26840,,13537
,0,,46770,15889,1.0,2019.0,0,0,-35.66554135580728,24202,4,12785,-7.607810149775459,32194,,14293
,0,,38298,15065,1.0,2019.0,0,0,-35.88085821144258,25060,4,12719,-7.582583124274671,29816,,13605
,0,,36170,15229,1.0,2019.0,0,0,-35.69754325119342,20162,4,11823,-7.629149141129369,26899,,13794
,0,,46021,15614,1.0,2019.0,0,0,-35.87207701318013,24458,4,13052,-7.321745771703408,31156,,14000
,0,,36001,15338,1.0,2019.0,0,0,-35.67085185556649,22433,4,12730,-7.60652366681612,29421,,14235
,0,,37899,15389,1.0,2019.0,0,0,-35.67931986114349,21958,4,12647,-7.361773711059948,30757,,14430
,0,,37160,15487,1.0,2019.0,0,0,-35.70462893764764,22101,4,12648,-7.286557918082438,31723,,14648
,0,,36082,14937,1.0,2019.0,0,0,-35.734228517765516,25937,4,13475,-7.408401580970006,30392,,14238
,0,,44361,15650,1.0,2019.0,0,0,-35.797039820397096,23084,4,12908,-7.402884960000199,29866,,14158
,0,,37403,14869,1.0,2019.0,0,0,-35.758361377447464,20360,4,12276,-7.4599771561582,29128,,13964
,0,,35509,14938,1.0,2019.0,0,0,-35.80965406548448,23154,4,12751,-7.50589892939313,30066,,14288
,0,,41578,15657,1.0,2019.0,0,0,-35.82596623339288,24828,4,13483,-7.395579037325469,36699,,15297
,0,,46066,15835,1.0,2019.0,0,0,-35.82708587569137,22375,4,12555,-7.330110868173963,34673,,14755
,0,,47208,15944,1.0,2019.0,0,0,-35.61707867119585,27047,4,13683,-7.628110889268109,38816,,15140
,0,,38260,15177,1.0,2019.0,0,0,-35.6366323725331,28797,4,13662,-7.293381024849827,34223,,14610
,0,,39666,15140,1.0,2019.0,0,0,-35.702362862023,26409,4,13257,-7.4393382043008565,29558,,13853
,0,,41561,15642,1.0,2019.0,0,0,-35.71388978342295,21200,4,12452,-7.654229565328671,31938,,14482
,0,,37571,15079,1.0,2019.0,0,0,-35.60387799543401,22245,4,12482,-7.63165383510357,27134,,13650
,0,,43171,15613,1.0,2019.0,0,0,-35.742906129717944,29099,4,13366,-7.561454287838197,35515,,14680
,0,,40457,15349,1.0,2019.0,0,0,-35.77779829982941,28591,4,13620,-7.548007985490839,34279,,14565
,0,,39777,15172,1.0,2019.0,0,0,-35.73913180840272,23096,4,12584,-7.369726610797092,25385,,13255
,0,,39222,15333,1.0,2019.0,0,0,-35.83167971387531,27935,4,13767,-7.437094639654921,31769,,14462
,0,,33082,14770,1.0,2019.0,0,0,-35.896697458458014,27021,4,13335,-7.47314645546585,30309,,14196
,0,,46465,15408,1.0,2019.0,0,0,-35.732210474595654,22661,4,12620,-7.553553430838471,38340,,14919
,0,,30944,14796,1.0,2019.0,0,0,-35.74441750566832,23653,4,12645,-7.62340522373377,29324,,13873
,0,,29695,14014,1.0,2019.0,0,0,-35.835041146385905,23744,4,12656,-7.657392610253941,28593,,13669
,0,,32728,14395,1.0,2019.0,0,0,-35.8929751448469,26103,4,12659,-7.643185803186535,29155,,13638
,0,,33347,14759,1.0,2019.0,0,0,-35.91103313180768,19575,4,12480,-7.54388202438531,30648,,14392
,0,,37154,15185,1.0,2019.0,0,0,-36.04276413038907,23382,4,12471,-7.443589755231971,28990,,14194
,0,,34392,14926,1.0,2019.0,0,0,-36.070572781723726,24459,4,12612,-7.495217110602163,29432,,13940
,0,,37452,15058,1.0,2019.0,0,0,-36.173169795985935,23558,4,12438,-7.402884976915644,28637,,13878
,0,,32377,14509,1.0,2019.0,0,0,-35.98896798995913,23172,4,12629,-7.566077031602096,29000,,13988
,0,,36000,14875,1.0,2019.0,0,0,-35.99723757881125,23697,4,12620,-7.590054783316868,28358,,13805
,0,,32886,14845,1.0,2019.0,0,0,-35.9065273440137,21899,4,12212,-7.476596334697241,29005,,14090
,0,,30290,14280,1.0,2019.0,0,0,-35.94312565070254,24332,4,12650,-7.618147252910841,26587,,13371
,0,,30932,13982,1.0,2019.0,0,0,-36.041671371366824,24605,4,12593,-7.60781012103591,26799,,13299
,0,,33357,14513,1.0,2019.0,0,0,-36.165607957645406,28351,4,13146,-7.6280297095956815,29056,,13623
,0,,32553,14469,1.0,2019.0,0,0,-36.172396386105035,25841,4,13214,-7.637030306743882,31984,,14332
,0,,29440,13781,1.0,2019.0,0,0,-36.227753310354395,22521,4,12254,-7.335792365610766,28474,,13464
,0,,41967,15406,1.0,2019.0,0,0,-36.134491364790385,26050,4,12901,-7.4599771600919205,31301,,14466
,0,,31114,14517,1.0,2019.0,0,0,-35.93615813621847,24262,4,13180,-7.658431590003937,28352,,14095
,0,,35679,15162,1.0,2019.0,0,0,-36.055449872511566,23595,4,12516,-7.361773712620621,30464,,14370
,0,,34217,14715,1.0,2019.0,0,0,-35.98000802973849,23821,4,12402,-7.631653795150334,28398,,13701
,0,,32012,14605,1.0,2019.0,0,0,-36.11493365764543,22608,4,12661,-7.452206104282622,30152,,14221
,0,,31514,14337,1.0,2019.0,0,0,-36.11035851244126,23247,4,12292,-7.408401587333844,27589,,13313
,0,,43640,15621,1.0,2019.0,0,0,-36.202096200193914,24742,4,12542,-7.395579058959903,33091,,14072
,0,,31338,14316,1.0,2019.0,0,0,-36.14456742104498,24735,4,12579,-7.587415487869944,27883,,13319
,0,,31663,14329,1.0,2019.0,0,0,-36.06437942302351,25994,4,12751,-7.654565610390433,31891,,14175
,0,,35476,14416,1.0,2019.0,0,0,-36.203215842151536,23128,4,12473,-7.330110898039898,29916,,13528
,0,,34181,14625,1.0,2019.0,0,0,-36.21629900866858,25608,4,12869,-7.431579397150151,29453,,13940
,0,,32138,14135,1.0,2019.0,0,0,-36.08610526292171,24026,4,12120,-7.348381812864257,28069,,13486
,0,,32422,14530,1.0,2019.0,0,0,-36.207809678941864,23605,4,12593,-7.437094656166745,31534,,14357
,0,,31649,14237,1.0,2019.0,0,0,-35.938831333938175,25022,4,12979,-7.647346917768267,28539,,13745
,0,,33277,14305,1.0,2019.0,0,0,-36.192909267940806,26336,4,12905,-7.374845058313424,29053,,13654
,0,,32513,14488,1.0,2019.0,0,0,-35.94089984784453,23835,4,12537,-7.569354416159529,28680,,13799
,0,,32097,14125,1.0,2019.0,0,0,-36.144860750448515,24854,4,12487,-7.31692008980135,26661,,12968
,0,,40640,15170,1.0,2019.0,0,0,-35.95350007644243,23135,4,12491,-7.478700478085962,32954,,14244
,0,,33784,14572,1.0,2019.0,0,0,-36.10108150488773,26478,4,12783,-7.575679097120406,29371,,13522
,0,,32704,14081,1.0,2019.0,0,0,-35.993208701488115,25369,4,12673,-7.628110851494642,29228,,13468
,0,,36772,14399,1.0,2019.0,0,0,-36.256988161570455,25574,4,12624,-7.582583126541001,29184,,13637
,0,,31346,13741,1.0,2019.0,0,0,-36.095436541049104,25743,4,12338,-7.297206562443887,27432,,13189
,0,,37568,14654,1.0,2019.0,0,0,-36.50780474047161,26057,4,12698,-7.361772545481137,29747,,13716
,0,,36542,14298,1.0,2019.0,0,0,-36.439210521154806,29207,4,12897,-7.3503052419670665,33013,,13800
,0,,38993,15317,1.0,2019.0,0,0,-36.47417349171992,23477,4,12408,-7.4766321522495165,26622,,13423
,0,,43386,14947,1.0,2019.0,0,0,-36.55221182262447,26411,4,12296,-7.316915011510536,30334,,13216
,0,,30682,14297,1.0,2019.0,0,0,-36.28192727218363,24690,4,12534,-7.452170138274612,29212,,13844
,0,,38986,14878,1.0,2019.0,0,0,-36.39650006987727,26170,4,12593,-7.293382220009043,31081,,13599
,0,,33222,14371,1.0,2019.0,0,0,-36.39573487287198,25142,4,12374,-7.561450380268916,26807,,13456
,0,,33457,14322,1.0,2019.0,0,0,-36.29248342936203,24364,4,12328,-7.523871238834864,29642,,13625
,0,,32141,14063,1.0,2019.0,0,0,-36.28226350016472,21208,4,11782,-7.374821239971899,32362,,14021
,0,,38116,14429,1.0,2019.0,0,0,-36.52848579629483,28379,4,12541,-7.563319814356793,31827,,13552
,0,,48091,15415,1.0,2019.0,0,0,-36.523242467413326,27079,4,12432,-7.4787160546356,30114,,13664
,0,,30477,13898,1.0,2019.0,0,0,-36.290661716677256,24890,4,12485,-7.4028601394924545,28918,,13524
,0,,30297,13650,1.0,2019.0,0,0,-36.525026426469886,25757,4,12184,-7.637034358900544,26462,,13052
,0,,31590,13563,1.0,2019.0,0,0,-36.63694595715202,25304,4,12273,-7.2973856858272415,29253,,13251
,0,,34565,13984,1.0,2019.0,0,0,-36.62381311982093,28949,4,12745,-7.330097226978897,31522,,13382
,0,,28543,13590,1.0,2019.0,0,0,-36.31226193932674,24666,4,12142,-7.395568702340522,27346,,13219
,0,,33681,14766,1.0,2019.0,0,0,-36.60168650032653,25691,4,12372,-7.569356421148421,27423,,13575
,0,,32830,14430,1.0,2019.0,0,0,-36.412937472756084,26532,4,12592,-7.392099336344521,27107,,13556
,0,,47064,15536,1.0,2019.0,0,0,-36.525435080079646,27696,4,12591,-7.430769302168897,35105,,14031
,0,,31912,14631,1.0,2019.0,0,0,-36.3103102390321,23875,4,12698,-7.658430899915328,27594,,13508
,0,,32134,14161,1.0,2019.0,0,0,-36.35939050260011,25218,4,12703,-7.348035822946051,27668,,13716
,0,,37770,15445,1.0,2019.0,0,0,-36.59428754128754,27011,4,12953,-7.574161980022693,31663,,14132
,0,,29140,14194,1.0,2019.0,0,0,-36.32399915954487,25125,4,12731,-7.537695017996631,28564,,13849
,0,,41720,15279,1.0,2019.0,0,0,-36.41837622395367,26510,4,13081,-7.6291470707174796,32051,,14100
,0,,35673,13917,1.0,2019.0,0,0,-36.40651268445519,29503,4,12429,-7.569493280221314,29490,,13386
,0,,46046,15592,1.0,2019.0,0,0,-36.423125332341705,25856,4,12491,-7.549114076626876,32041,,14188
,0,,33183,14675,1.0,2019.0,0,0,-36.283876261441506,30170,4,13521,-7.654708190499077,31379,,13966
,0,,33770,14156,1.0,2019.0,0,0,-36.45992333827038,24881,4,12718,-7.654229566639376,31733,,14021
,0,,28645,13721,1.0,2019.0,0,0,-36.28429512501569,24212,4,12169,-7.321739600695467,27450,,13255
,0,,29027,13674,1.0,2019.0,0,0,-36.36662940761218,22498,4,11924,-7.398087680752264,27043,,13269
,0,,41098,15299,1.0,2019.0,0,0,-36.41712560652197,25506,4,12630,-7.54801083601416,31200,,13882
,0,,39581,15071,1.0,2019.0,0,0,-36.40903034568308,20936,4,12027,-7.527941134478122,29385,,13712
,0,,37370,14786,1.0,2019.0,0,0,-36.62795020969082,28089,4,13101,-7.64319278079471,29985,,14043
,0,,41941,15113,1.0,2019.0,0,0,-36.523595170911115,25270,4,12377,-7.3038906978247375,31398,,13989
,0,,44726,15659,1.0,2019.0,0,0,-36.600879104990035,26132,4,13291,-7.575675232989974,31946,,14504
,0,,33145,14516,1.0,2019.0,0,0,-36.35978430393685,25715,4,12921,-7.333683613169975,29901,,14077
,0,,28300,13713,1.0,2019.0,0,0,-36.30184407736702,24018,4,12615,-7.6473422643037905,26615,,13238
,0,,34576,15175,1.0,2019.0,0,0,-36.58427118029699,27168,4,12816,-7.657393498848834,32613,,14892
,0,,32179,14261,1.0,2019.0,0,0,-36.35168129858537,26957,4,12726,-7.439792580281731,29608,,13764
,0,,31743,14468,6.0,2019.0,0,0,-35.044006128497344,24257,21,13394,-7.2624038033049585,30360,,14225
,0,,44593,14839,6.0,2019.0,0,0,-35.18334552687116,23733,21,12494,-6.958986276884533,38612,,14387
,0,,51520,15757,6.0,2019.0,0,0,-35.49594593730042,31834,21,13832,-6.947059791860583,41077,,14946
,0,,46844,15278,6.0,2019.0,0,0,-35.16119462349146,27150,21,13714,-7.280088628930147,35387,,14687
,0,,36863,15079,6.0,2019.0,0,0,-35.33775964039122,26285,21,13350,-7.279605915654595,34268,,14777
,0,,41245,14981,6.0,2019.0,0,0,-35.3031884805567,23857,21,12680,-6.987093996186307,37483,,14587
,0,,37873,14722,6.0,2019.0,0,0,-35.22350728300861,27534,21,13468,-7.116059846958693,35706,,14452
,0,,38424,14583,6.0,2019.0,0,0,-35.19452282924152,25640,21,12731,-7.008254825890147,32944,,14125
,0,,31623,14363,6.0,2019.0,0,0,-35.16270214611954,26545,21,13184,-7.045710851236559,31194,,13736
,0,,49368,15993,4.0,2019.0,0,0,-35.244975309022706,26733,15,13343,-7.215419276633108,35595,,14686
,0,,41534,14852,6.0,2019.0,0,0,-35.15877273126609,25613,21,12787,-7.169238926293462,34578,,14201
,0,,39663,14690,4.0,2019.0,0,0,-35.2905014829598,22382,15,12572,-7.068925794870118,37622,,14548
,0,,48009,15660,4.0,2019.0,0,0,-35.3121192680838,27459,15,13201,-7.279942080316504,35237,,14483
,0,,52052,15529,4.0,2019.0,0,0,-35.368286828047765,25595,15,13050,-7.248775726799745,35857,,14364
,0,,36896,14353,4.0,2019.0,0,0,-35.28940994226115,26201,15,13512,-7.233177695404103,35355,,14423
,0,,29018,13937,6.0,2019.0,0,0,-35.52056736680257,28807,21,12913,-7.098490005892997,31041,,13470
,0,,45303,15353,4.0,2019.0,0,0,-35.50168999486364,31165,15,13544,-7.023394959971675,35779,,14181
,0,,41167,15012,4.0,2019.0,0,0,-35.43352244665778,28145,15,13378,-7.131247374697586,34264,,14224
,0,,44658,15409,4.0,2019.0,0,0,-35.415420608910175,29801,15,13192,-7.212488252908537,38899,,14640
,0,,38042,14836,6.0,2019.0,0,0,-35.35607840715683,24667,21,13020,-7.178910489672845,32361,,14029
,0,,43735,15088,4.0,2019.0,0,0,-35.33942131055675,29133,15,13307,-7.268237472485418,37385,,14405
,0,,52798,15747,4.0,2019.0,0,0,-35.36266980887156,27842,15,13263,-7.077543731519468,34891,,14206
,0,,39991,14582,4.0,2019.0,0,0,-35.36774891508853,24860,15,12581,-6.999651956966745,32627,,13185
,0,,43347,15053,4.0,2019.0,0,0,-35.30123582162222,27201,15,12672,-7.149254268781821,34558,,14212
,0,,44917,14830,4.0,2019.0,0,0,-35.33384389368716,21568,15,12143,-6.973699469743877,33254,,14057
,0,,50030,15636,4.0,2019.0,0,0,-35.348819795452876,30348,15,13943,-7.2010404027936,38663,,14682
,0,,52408,15531,4.0,2019.0,0,0,-35.29472043905535,25289,15,13401,-7.231890941563764,42032,,14754
,0,,42322,15304,4.0,2019.0,0,0,-35.35511028964475,24455,15,12805,-7.232567304359582,31803,,14303
,0,,33960,14217,4.0,2019.0,0,0,-35.44487450528003,22352,15,12615,-7.065128463952789,29238,,13540
,0,,45950,15260,4.0,2019.0,0,0,-35.42090677476639,28882,15,13479,-7.028213505692091,36353,,14443
,0,,37867,14319,6.0,2019.0,0,0,-35.318880041278966,30793,21,13103,-7.163070655203613,36008,,14136
,0,,44061,15029,4.0,2019.0,0,0,-35.49764925976944,29814,15,13298,-7.1886545122611025,31998,,13973
,0,,46875,15253,4.0,2019.0,0,0,-35.37705534126443,24806,15,12965,-6.929201977517718,28386,,13762
,0,,45061,15195,4.0,2019.0,0,0,-35.39259985472928,25661,15,12875,-6.942231891774223,33304,,13946
,0,,49104,16013,4.0,2019.0,0,0,-35.369475158717066,31565,15,13199,-7.194855624045817,38615,,14450
,0,,54406,15731,4.0,2019.0,0,0,-35.50472800040197,24621,15,12639,-7.2079473589862175,32904,,13601
,0,,41987,14953,4.0,2019.0,0,0,-35.45095427370326,25020,15,12500,-6.955425793371509,29775,,13885
,0,,37655,14436,4.0,2019.0,0,0,-35.4498339805027,29145,15,13472,-7.020906509684561,35371,,14142
,0,,38027,14667,4.0,2019.0,0,0,-35.43910736312701,24690,15,12905,-7.06815281155526,29670,,13634
,0,,38724,14689,6.0,2019.0,0,0,-35.18657081026305,25087,21,12636,-7.272723178813751,29180,,13127
,0,,40464,15243,6.0,2019.0,0,0,-35.22968464040989,29777,21,13192,-7.149795930195789,36942,,14619
,0,,35554,14998,4.0,2019.0,0,0,-35.8596311758205,22511,15,12724,-6.930903640550206,28844,,13994
,0,,27149,13542,4.0,2019.0,0,0,-35.883973329997104,22044,15,11744,-6.914655902466299,26120,,13265
,0,,37756,14771,4.0,2019.0,0,0,-35.872075989568636,25073,15,12602,-6.947059796645999,29275,,13492
,0,,35805,14256,4.0,2019.0,0,0,-35.79626613373142,22733,15,12049,-7.262403778745498,27844,,13044
,0,,39179,14998,4.0,2019.0,0,0,-35.79155063990584,30191,15,13252,-7.212488242454364,35038,,14126
,0,,31047,13180,4.0,2019.0,0,0,-35.89669742557582,27095,15,12746,-7.098490000260819,32372,,13244
,0,,51744,15447,4.0,2019.0,0,0,-35.6366322729407,29260,15,13937,-6.918688437419195,34960,,14629
,0,,35383,14216,4.0,2019.0,0,0,-35.55761429662071,18131,15,11308,-7.201033172229891,28131,,13373
,0,,43154,14767,4.0,2019.0,0,0,-35.57736880253471,27624,15,12372,-7.1040441362821145,30206,,13070
,0,,51253,16019,4.0,2019.0,0,0,-35.57065280188479,29762,15,13647,-7.008254824152946,40442,,15106
,0,,46043,14958,4.0,2019.0,0,0,-35.83167799528819,31567,15,13450,-7.062430152657636,37703,,14215
,0,,48084,15332,4.0,2019.0,0,0,-35.697542525004245,25741,15,13179,-7.254520673557303,34110,,13818
,0,,40313,15243,4.0,2019.0,0,0,-35.858696392356514,23698,15,12743,-7.053959900559856,31125,,14136
,0,,42277,15052,4.0,2019.0,0,0,-35.59963726330676,19581,15,11659,-7.11605984340887,34666,,14474
,0,,44845,15134,4.0,2019.0,0,0,-35.745605177575136,28095,15,13635,-7.194855615842798,38139,,14785
,0,,47591,15790,4.0,2019.0,0,0,-35.825964020587435,24755,15,12918,-7.020906510808499,36626,,14828
,0,,38546,14907,4.0,2019.0,0,0,-35.586340988432745,25697,15,13114,-7.197073689713382,29852,,13826
,0,,40760,15074,4.0,2019.0,0,0,-35.538832110356864,27420,15,13065,-7.045710848084211,30129,,13645
,0,,47318,15230,4.0,2019.0,0,0,-35.797036807209146,25674,15,13237,-7.0282135070453515,40413,,14848
,0,,53681,15836,4.0,2019.0,0,0,-35.75318536212356,25417,15,13219,-6.929201980917976,34568,,14454
,0,,30407,14104,6.0,2019.0,0,0,-35.53039710424598,25052,21,13366,-7.101940408635904,29845,,13892
,0,,35484,14388,4.0,2019.0,0,0,-35.68824927179455,27179,15,13034,-7.279942068007143,29535,,13963
,0,,44161,16006,4.0,2019.0,0,0,-35.873779312486484,27892,15,13871,-7.1886545013442555,39114,,15356
,0,,39942,14869,4.0,2019.0,0,0,-35.542933128520616,24433,15,12810,-6.9415418694742,32682,,14266
,0,,41115,15102,4.0,2019.0,0,0,-35.564768403599395,19935,15,11600,-7.194715665667653,30500,,13773
,0,,34715,14604,4.0,2019.0,0,0,-35.78947757165934,22735,15,12162,-7.253401391753282,29571,,13893
,0,,46108,15371,4.0,2019.0,0,0,-35.677365822452344,33816,15,13973,-7.14925426518759,38144,,14969
,0,,43786,15196,4.0,2019.0,0,0,-35.60387701666042,23504,15,12567,-7.257026455037521,34674,,14213
,0,,40030,14728,4.0,2019.0,0,0,-35.59081540089861,27114,15,13358,-7.0388668005222,33750,,14127
,0,,37372,14566,4.0,2019.0,0,0,-35.539125692784246,20696,15,12218,-7.050248342662375,27684,,13464
,0,,50463,15913,4.0,2019.0,0,0,-35.81523740037826,29622,15,14000,-7.068152809879314,39439,,15072
,0,,40905,14550,4.0,2019.0,0,0,-35.61283502012896,29358,15,13462,-7.191437000246005,33698,,13792
,0,,49556,15845,4.0,2019.0,0,0,-35.54612153257008,30008,15,13600,-7.17105944113594,38567,,14903
,0,,43715,15030,4.0,2019.0,0,0,-35.55401623533833,29381,15,13377,-7.017402446548717,35589,,14164
,0,,35138,14455,4.0,2019.0,0,0,-35.617077620999474,23293,15,12862,-7.253482685165001,29976,,14000
,0,,39925,14936,4.0,2019.0,0,0,-35.83504112363799,22142,15,12436,-7.282770428880095,34782,,14557
,0,,49319,15173,4.0,2019.0,0,0,-35.53490269446527,22036,15,12552,-7.169238920371796,38226,,14478
,0,,39004,15060,4.0,2019.0,0,0,-35.77779673377908,27586,15,13217,-7.17336420483368,34715,,14659
,0,,40135,14529,4.0,2019.0,0,0,-36.03290242858505,22189,15,11756,-7.153293406438955,30733,,13062
,0,,51031,15791,4.0,2019.0,0,0,-35.905797507942495,26380,15,12349,-7.0775095133845065,33134,,14297
,0,,32654,13654,4.0,2019.0,0,0,-35.90613381470461,25697,15,12194,-7.000145760193992,30232,,13211
,0,,29582,13538,4.0,2019.0,0,0,-36.083793475969344,21229,15,11177,-7.279605924911826,27150,,13049
,0,,30127,13939,4.0,2019.0,0,0,-36.17011878728062,23068,15,12570,-7.169264090478482,26430,,13304
,0,,33044,13923,4.0,2019.0,0,0,-36.21815938161033,25810,15,12447,-7.199523924589174,29239,,13229
,0,,37338,14149,4.0,2019.0,0,0,-35.97555330627271,25056,15,11965,-7.065128452603968,31384,,13046
,0,,38653,14818,4.0,2019.0,0,0,-35.9017985378809,25948,15,12462,-6.96109366626241,30870,,13525
,0,,28943,13369,4.0,2019.0,0,0,-36.221486815821386,25304,15,12392,-7.149788119741778,27655,,13319
,0,,33431,13759,4.0,2019.0,0,0,-36.22475073262334,25488,15,11837,-7.201037566335121,30889,,13688
,0,,33805,13863,4.0,2019.0,0,0,-35.95111063574802,28434,15,12482,-7.257018803020503,30717,,13374
,0,,31082,13545,4.0,2019.0,0,0,-35.97282033475859,27267,15,12290,-7.068150791219372,29656,,12733
,0,,32333,13611,4.0,2019.0,0,0,-36.201110162454796,27083,15,12379,-7.068913914911568,28397,,12867
,0,,31480,13662,4.0,2019.0,0,0,-36.22232669900131,25346,15,12253,-7.2462510261643756,27203,,13074
,0,,38540,14401,4.0,2019.0,0,0,-36.26857346746072,22610,15,11522,-7.246597723547055,30512,,13142
,0,,32127,14105,4.0,2019.0,0,0,-35.992825483822216,27183,15,12298,-7.231883051746802,29771,,13171
,0,,35075,13788,4.0,2019.0,0,0,-35.93613314561327,27974,15,12439,-7.0208966556659504,31560,,13224
,0,,36196,13995,4.0,2019.0,0,0,-35.986476610342685,24773,15,12051,-7.05692141997653,27634,,12759
,0,,30999,13280,4.0,2019.0,0,0,-36.13167598382502,28326,15,12156,-6.987092857304063,29153,,12794
,0,,30380,12818,4.0,2019.0,0,0,-36.2255580650611,26669,15,11907,-7.194717553297599,28692,,12504
,0,,30479,13496,4.0,2019.0,0,0,-36.051052358681304,26452,15,12551,-6.995132238372485,28419,,13022
,0,,32134,13302,4.0,2019.0,0,0,-36.2494925213095,29532,15,12365,-7.197061672694035,31614,,12730
,0,,33692,13516,4.0,2019.0,0,0,-36.13306415503833,23333,15,11664,-7.2534059039015535,28652,,12190
,0,,30883,13309,4.0,2019.0,0,0,-36.23256824154308,26871,15,11900,-7.06465077715991,29757,,13077
,0,,32348,12936,4.0,2019.0,0,0,-36.14746542352305,29424,15,12384,-6.929199984532873,30238,,12600
,0,,28649,13154,4.0,2019.0,0,0,-36.18316163674597,22018,15,11753,-7.171078082195929,26838,,12642
,0,,36359,13701,4.0,2019.0,0,0,-36.263692440112465,29505,15,12881,-6.914654540671398,34861,,13389
,0,,31618,13438,4.0,2019.0,0,0,-36.25563962064991,28480,15,12657,-6.930896964750859,30696,,12848
,0,,29635,13428,4.0,2019.0,0,0,-36.09513884698219,23616,15,12087,-7.038881744788132,27376,,12589
,0,,46676,15184,6.0,2019.0,0,0,-36.08151591755417,27635,21,12716,-6.911863715640107,29755,,13767
,0,,39683,14882,6.0,2019.0,0,0,-36.01593875769802,22514,21,12110,-7.201035201225571,28999,,13361
,0,,32786,14039,6.0,2019.0,0,0,-36.148891445338144,27303,21,12807,-6.973695377211598,28434,,13476
,0,,30795,12956,6.0,2019.0,0,0,-36.05488754390176,29515,21,12683,-7.050278119521459,30795,,12956
,0,,32887,13454,6.0,2019.0,0,0,-36.03057091233989,26776,21,12294,-7.131254706622144,29212,,12991
,0,,43043,15582,4.0,2019.0,0,0,-35.94786990651255,27608,15,13205,-7.1630500668773776,36683,,14574
,0,,40889,14954,4.0,2019.0,0,0,-35.916353766249884,28553,15,12414,-7.1492241727970525,38620,,14654
,0,,35255,14636,4.0,2019.0,0,0,-35.93418029290306,22654,15,12341,-7.283809346713374,31605,,13859
,0,,40726,14687,4.0,2019.0,0,0,-36.10687636356419,24074,15,12422,-6.9225140287478,30717,,13845
,0,,31845,13452,4.0,2019.0,0,0,-35.933159308761546,26123,15,12437,-7.085293523645351,30437,,13101
,0,,30140,13218,4.0,2019.0,0,0,-35.98352119963091,25779,15,11875,-7.062434663525732,29394,,12922
,0,,30422,13257,4.0,2019.0,0,0,-36.04699726311457,23048,15,11371,-7.174470340697542,28877,,12773
,0,,29546,13497,4.0,2019.0,0,0,-36.26305581490134,28675,15,12928,-6.923568742704418,27299,,13238
,0,,38208,14967,4.0,2019.0,0,0,-35.9145322534621,24617,15,12526,-7.028189878232727,31998,,13995
,0,,37505,14103,6.0,2019.0,0,0,-36.25182087268658,25257,21,12065,-7.268568534553864,30951,,13279
,0,,31339,13994,6.0,2019.0,0,0,-35.98326262743978,21182,21,12095,-6.97335398632042,27109,,13383
,0,,49171,16012,4.0,2019.0,0,0,-35.755543491654805,30324,15,14037,-7.736380290253764,37331,,15016
,0,,49090,15444,4.0,2019.0,0,0,-35.62484155197608,32576,15,14066,-7.928116294480821,40697,,14967
,0,,36877,14661,4.0,2019.0,0,0,-35.77622294345301,26978,15,13073,-7.93788875195435,30926,,13843
,0,,38921,15109,4.0,2019.0,0,0,-35.695085159831365,32340,15,13709,-7.961983674949109,35081,,14614
,0,,46879,15271,4.0,2019.0,0,0,-35.607522692950305,26332,15,13060,-7.708296296398038,37139,,14578
,0,,44364,15336,4.0,2019.0,0,0,-35.77275964913302,28930,15,13120,-7.722987747161051,35971,,14545
,0,,34493,14545,4.0,2019.0,0,0,-35.83201107914077,23034,15,12675,-8.031943801341686,30300,,13794
,0,,45976,15588,4.0,2019.0,0,0,-35.57498023942858,27382,15,13657,-8.00620087373664,39268,,15270
,0,,51557,15495,4.0,2019.0,0,0,-35.58461806301019,23106,15,12367,-8.002658609652968,33413,,13878
,0,,47868,15814,4.0,2019.0,0,0,-35.7083719033426,24464,15,13519,-7.744508629870666,37540,,15184
,0,,34219,14362,4.0,2019.0,0,0,-35.87336092642826,27387,15,13134,-7.946265778684896,30991,,13856
,0,,36424,14456,4.0,2019.0,0,0,-35.85724909299784,27573,15,13181,-7.782975946320904,33141,,14087
,0,,41708,15165,4.0,2019.0,0,0,-35.697903757241185,26016,15,12485,-8.017417081097229,30100,,13301
,0,,43698,15159,4.0,2019.0,0,0,-35.63980642387502,28205,15,12938,-7.950240213106166,34449,,13921
,0,,42185,15285,4.0,2019.0,0,0,-35.7981140493103,27749,15,12866,-7.823153778140771,33700,,14071
,0,,32178,13425,4.0,2019.0,0,0,-35.84942490744172,26110,15,11972,-7.943923360785316,29685,,12510
,0,,33531,14410,4.0,2019.0,0,0,-35.644239846626625,26335,15,13034,-7.668002975965357,29083,,13835
,0,,37604,14058,4.0,2019.0,0,0,-35.793982591948904,24892,15,12867,-7.918481038848749,30441,,13587
,0,,36270,14455,4.0,2019.0,0,0,-35.894189412468904,26308,15,12386,-7.940616474251807,28949,,13235
,0,,39796,14514,4.0,2019.0,0,0,-35.84535393944909,28888,15,12704,-7.899011298483918,30196,,13048
,0,,30292,13837,4.0,2019.0,0,0,-35.84202567424666,24646,15,12567,-7.94872810914413,27342,,13243
,0,,43699,15008,4.0,2019.0,0,0,-35.772765752417705,24141,15,12073,-8.011589181741527,31952,,13388
,0,,39676,15574,6.0,2019.0,0,0,-35.67491801064348,26248,21,13102,-7.744416676624616,32487,,14527
,0,,32012,14315,6.0,2019.0,0,0,-35.886925834398255,23710,21,12434,-7.672877325188357,26940,,13233
,0,,41066,14894,6.0,2019.0,0,0,-35.77133491018306,25558,21,12432,-7.678509455876457,34574,,13960
,0,,41141,14998,6.0,2019.0,0,0,-35.802047231588176,30173,21,13346,-7.725972591670697,35894,,14317
,0,,37093,14074,6.0,2019.0,0,0,-35.82497752553612,28649,21,12918,-7.818168704178381,35787,,13706
,0,,32435,14284,6.0,2019.0,0,0,-35.88468594738277,25087,21,12480,-7.672004200848749,29460,,13356
,0,,32255,13633,6.0,2019.0,0,0,-35.879509585019285,26346,21,12238,-7.680203018679746,28417,,12754
,0,,30476,13490,6.0,2019.0,0,0,-35.805305990581076,23516,21,11980,-7.865300390570697,26387,,12569
,0,,33694,14186,6.0,2019.0,0,0,-35.70861953224508,22306,21,12278,-7.84777262738898,30335,,13597
,0,,36288,14838,6.0,2019.0,0,0,-35.773172989000564,20729,21,11924,-7.805363698192241,33004,,14488
,0,,38556,14791,4.0,2019.0,0,0,-35.947868495178824,24285,15,12645,-7.91226807119872,35037,,14149
,0,,30168,13406,4.0,2019.0,0,0,-36.22148390035978,20047,15,11312,-7.899011324540352,29750,,13158
,0,,43302,15443,4.0,2019.0,0,0,-35.951110282517206,27199,15,12742,-8.006200856032697,30383,,13836
,0,,39446,14848,4.0,2019.0,0,0,-36.058491122074216,25556,15,12457,-8.029116950650046,32478,,13688
,0,,42429,14875,4.0,2019.0,0,0,-36.268573019882105,27420,15,12653,-7.995782131959959,32938,,13723
,0,,32666,14232,4.0,2019.0,0,0,-35.986471936014006,28492,15,12965,-7.806181156372596,29747,,13642
,0,,36287,14473,4.0,2019.0,0,0,-35.96074810316885,23121,15,12171,-8.002658593800781,32299,,14015
,0,,34591,14473,4.0,2019.0,0,0,-36.23337905029783,25758,15,12623,-7.782975954787504,28923,,13554
,0,,48494,15122,4.0,2019.0,0,0,-36.24768294430677,26664,15,12382,-7.7047097075637785,29272,,13081
,0,,32504,13855,4.0,2019.0,0,0,-36.17424402457607,26810,15,12964,-7.823153785680309,29452,,13300
,0,,35451,14076,4.0,2019.0,0,0,-35.98351679052786,23110,15,11579,-7.811692218569302,28571,,12843
,0,,38523,14332,4.0,2019.0,0,0,-36.08450190587728,25013,15,11938,-7.744508613021439,32264,,13363
,0,,36347,14462,4.0,2019.0,0,0,-36.148895735380954,23219,15,12415,-8.011589207730278,29555,,13647
,0,,30408,13643,4.0,2019.0,0,0,-36.147109617226405,26887,15,12477,-7.853301273667177,27554,,13261
,0,,38650,14701,4.0,2019.0,0,0,-36.051048023351555,31149,15,12779,-7.74441665549582,32223,,13773
,0,,29113,13672,4.0,2019.0,0,0,-35.90774630759298,27283,15,12845,-8.029258106217199,29972,,13497
,0,,31024,13186,4.0,2019.0,0,0,-36.1831561580053,23094,15,11881,-7.920294097845319,29784,,12932
,0,,42677,14755,6.0,2019.0,0,0,-35.9145312808038,21056,21,12047,-7.777458473676547,31262,,13853
,0,,38990,14825,6.0,2019.0,0,0,-35.91635319261718,30546,21,12886,-7.898446405780503,34536,,13691
,0,,37348,14604,6.0,2019.0,0,0,-35.98880680826681,33323,21,13651,-7.982361626683591,33467,,14227
,0,,35670,14698,6.0,2019.0,0,0,-35.97281657724545,24776,21,12698,-7.817405897166962,28109,,13598
,0,,36624,14148,6.0,2019.0,0,0,-35.97554935709447,27816,21,12260,-7.8143847858588025,32412,,13437
,0,,31452,14073,6.0,2019.0,0,0,-35.966918970193674,25810,21,12403,-7.693404963582474,27991,,13484
,0,,31650,13812,6.0,2019.0,0,0,-35.983652726149664,26528,21,12584,-7.708296260751298,27811,,13171
,0,,28781,13597,6.0,2019.0,0,0,-36.147464893590545,26758,21,12505,-7.678509436180475,27392,,13264
,0,,34496,14021,6.0,2019.0,0,0,-35.90579714240171,25046,21,12192,-7.826758848181969,30691,,13442
,0,,34881,13403,6.0,2019.0,0,0,-36.04425734023608,25884,21,11958,-7.757552738206601,32061,,12775
,0,,33207,13462,6.0,2019.0,0,0,-36.0368045708662,28003,21,12198,-7.766701230872574,29698,,12905
,0,,30613,13119,6.0,2019.0,0,0,-35.90461987546663,26215,21,11976,-7.869760399595807,28273,,12630
,0,,31666,13006,6.0,2019.0,0,0,-35.95756814015954,28520,21,12384,-7.690364403868981,28712,,12689
,0,,39976,14617,4.0,2019.0,0,0,-36.5417383833694,26893,15,12512,-8.002586210692412,30087,,13529
,0,,30670,13818,4.0,2019.0,0,0,-36.49516790649302,24035,15,12158,-7.9360238239101095,28210,,13150
,0,,36388,14616,4.0,2019.0,0,0,-36.48350235956592,25971,15,12693,-7.981760746600753,33459,,14056
,0,,29383,13997,6.0,2019.0,0,0,-36.505446324471656,28343,21,12820,-7.678511644013835,27958,,13582
,0,,33802,14057,4.0,2019.0,0,0,-36.33860523718224,26753,15,12445,-7.946279102474128,29971,,13667
,0,,30661,13739,4.0,2019.0,0,0,-36.317031203893166,26394,15,12636,-7.943921337450477,29104,,13088
,0,,31230,13588,4.0,2019.0,0,0,-36.4622366177841,30058,15,12574,-7.7229922676063625,32387,,13306
,0,,32462,13626,4.0,2019.0,0,0,-36.49106750390293,28897,15,12989,-7.826796607552598,30287,,13274
,0,,29217,13833,4.0,2019.0,0,0,-36.5209916494994,28236,15,12637,-7.691536387193367,29077,,13374
,0,,36653,13617,4.0,2019.0,0,0,-36.561915644722305,32739,15,13172,-7.880478646489963,31997,,13381
,0,,36402,14069,4.0,2019.0,0,0,-36.534952035392266,26659,15,12396,-7.923681537339048,28790,,13165
,0,,37139,13576,4.0,2019.0,0,0,-36.333406732732065,31798,15,12935,-7.689666444567614,31012,,13318
,0,,33288,13924,4.0,2019.0,0,0,-36.37449529208591,22502,15,11987,-7.724906920318102,26356,,13157
,0,,32350,14343,4.0,2019.0,0,0,-36.41889675148424,27114,15,12549,-7.818181851635274,29944,,13548
,0,,33559,14202,4.0,2019.0,0,0,-36.42311327363229,27237,15,12377,-7.981084519067976,30176,,13213
,0,,33769,13621,4.0,2019.0,0,0,-36.29519327796803,25803,15,12464,-7.690843881335063,30321,,13321
,0,,31593,13879,4.0,2019.0,0,0,-36.41780277249218,25282,15,12045,-7.982370729754193,27707,,12896
,0,,33986,13700,4.0,2019.0,0,0,-36.548526681959075,22506,15,11771,-8.01158502097142,30709,,13011
,0,,34309,13585,4.0,2019.0,0,0,-36.30363895591905,26407,15,12490,-7.690354419196327,28954,,12971
,0,,36631,13908,4.0,2019.0,0,0,-36.549302831772415,29253,15,12751,-7.77748456484374,33229,,13392
,0,,31889,13705,4.0,2019.0,0,0,-36.30480700621188,27110,15,12380,-7.9487193814451365,32221,,13509
,0,,32753,13780,4.0,2019.0,0,0,-36.53005986313404,30379,15,12733,-7.922579913532822,28911,,13185
,0,,36026,13827,4.0,2019.0,0,0,-36.449803976352456,26329,15,12461,-8.003705734085573,31124,,13074
,0,,31385,13514,4.0,2019.0,0,0,-36.57326848058499,29031,15,12677,-7.814384838000917,30922,,13043
,0,,31027,13394,4.0,2019.0,0,0,-36.298382979707256,29688,15,12621,-7.9202735446618915,30181,,13066
,0,,34325,13380,4.0,2019.0,0,0,-36.46135508244071,27694,15,12425,-7.82097889232426,31548,,13221
,0,,30569,13352,4.0,2019.0,0,0,-36.477213205103276,24680,15,12192,-7.9502459651941715,28453,,13072
,0,,32270,13430,4.0,2019.0,0,0,-36.3430774309174,22135,15,11754,-7.788133011335835,31217,,13214
,0,,29625,13109,4.0,2019.0,0,0,-36.30994138426764,21544,15,11590,-7.693394563484193,27668,,12923
,0,,52258,15699,4.0,2019.0,0,0,-36.291386243849935,22650,15,12348,-7.799508519652973,34049,,14024
,0,,38489,14175,4.0,2019.0,0,0,-36.311735912225316,31782,15,13143,-7.708282182231645,35001,,13752
,0,,35024,13959,4.0,2019.0,0,0,-36.62433803018012,27883,15,12494,-7.696359922142713,31176,,13404
,0,,35040,13580,4.0,2019.0,0,0,-36.56750157350482,25795,15,11878,-7.817408162820273,33773,,13304
,0,,47302,15018,4.0,2019.0,0,0,-35.3292558887204,27511,15,12873,-7.286557939761178,37352,,14374
,0,,42082,14894,4.0,2019.0,0,0,-35.50337957335139,27959,15,12749,-7.305585962530367,31321,,13648
,0,,45354,15263,4.0,2019.0,0,0,-35.47854781791126,25552,15,12455,-7.412528509987951,30456,,13649
,0,,34648,14246,4.0,2019.0,0,0,-35.48111962485156,25091,15,12813,-7.408378231183078,29913,,13714
,0,,40868,15113,6.0,2019.0,0,0,-35.23139432040252,25449,21,12735,-7.333683597425901,32674,,14137
,0,,38098,14524,4.0,2019.0,0,0,-35.354616132247536,21158,15,12071,-7.297206188775304,34183,,14171
,0,,37074,14332,4.0,2019.0,0,0,-35.197357944982485,26447,15,12985,-7.316239051282554,33593,,13887
,0,,38572,14760,4.0,2019.0,0,0,-35.39485244619981,25595,15,13287,-7.478716050568986,34217,,14212
,0,,48345,15459,4.0,2019.0,0,0,-35.23437656266245,25153,15,13158,-7.315057928701147,41580,,15015
,0,,47261,15278,4.0,2019.0,0,0,-35.28454747696712,29365,15,13371,-7.392099325202927,35617,,13899
,0,,51990,15521,4.0,2019.0,0,0,-35.3108205193106,25674,15,13185,-7.350305228011519,36515,,14253
,0,,48200,15432,4.0,2019.0,0,0,-35.42382179474153,29003,15,13564,-7.316914996009887,36749,,14554
,0,,48411,15411,4.0,2019.0,0,0,-35.396630530195885,32416,15,14142,-7.348377523114335,37922,,14518
,0,,53772,15936,4.0,2019.0,0,0,-35.332243740014896,30922,15,13699,-7.3699023138305595,37249,,14594
,0,,47136,15627,4.0,2019.0,0,0,-35.51805948481914,29024,15,13696,-7.566049707879161,36801,,14848
,0,,32651,13575,6.0,2019.0,0,0,-35.24978345898251,27575,21,12496,-7.428642597594504,27677,,13028
,0,,48212,14936,4.0,2019.0,0,0,-35.29879017931278,23405,15,12482,-7.369810407466379,34738,,13952
,0,,34306,13362,4.0,2019.0,0,0,-35.37941472282487,30044,15,12564,-7.361772532875121,30013,,13036
,0,,41325,15006,4.0,2019.0,0,0,-35.45657626610901,30139,15,13583,-7.374313934562255,35542,,14394
,0,,50824,15463,4.0,2019.0,0,0,-35.267393242160566,29080,15,13409,-7.375531018802992,38429,,14650
,0,,50699,15522,4.0,2019.0,0,0,-35.50855590973065,25622,15,13010,-7.297385669584071,32691,,14194
,0,,47216,15616,4.0,2019.0,0,0,-35.205309221231616,26580,15,12929,-7.315748634299064,42171,,15230
,0,,41240,15039,4.0,2019.0,0,0,-35.447207514979446,26241,15,13148,-7.369713420690739,32385,,13886
,0,,44126,14821,4.0,2019.0,0,0,-35.551378851817226,24235,15,12739,-7.315739118332034,33485,,14071
,0,,37158,14573,4.0,2019.0,0,0,-35.7687307662563,24703,15,12731,-7.316920068605786,29193,,13453
,0,,35263,14717,4.0,2019.0,0,0,-35.727491765288214,27367,15,13224,-7.412551336505696,30346,,13915
,0,,52898,15419,4.0,2019.0,0,0,-35.55768124610759,33173,15,13481,-7.3187797361454345,36764,,14333
,0,,48204,15537,4.0,2019.0,0,0,-35.57065334633532,25907,15,13049,-7.382929460461907,34177,,14272
,0,,40984,15017,4.0,2019.0,0,0,-35.72495150738901,28109,15,12663,-7.575679113760604,34815,,14233
,0,,49921,15570,4.0,2019.0,0,0,-35.55254598748753,29174,15,13468,-7.574153625806922,39000,,14566
,0,,44719,15460,4.0,2019.0,0,0,-35.67736930914202,24960,15,12854,-7.5239028744593135,35528,,14562
,0,,37115,14350,4.0,2019.0,0,0,-35.54468054494225,29892,15,13068,-7.348017313045514,32994,,13697
,0,,33829,14238,4.0,2019.0,0,0,-35.56476980165355,27412,15,12901,-7.569354454413485,32044,,13986
,0,,35549,14445,4.0,2019.0,0,0,-35.53912596644261,28030,15,12898,-7.42491438523359,30835,,13786
,0,,33127,14383,4.0,2019.0,0,0,-35.599639098689245,27197,15,13072,-7.490714207404202,31177,,14221
,0,,38989,14784,4.0,2019.0,0,0,-35.58114653152416,26479,15,13004,-7.315050532208224,30419,,13949
,0,,40378,15033,4.0,2019.0,0,0,-35.55401662700015,25813,15,13042,-7.392075056862467,31109,,13891
,0,,38886,14764,4.0,2019.0,0,0,-35.553488343955856,25916,15,12671,-7.375508797682002,28558,,13176
,0,,35963,14359,4.0,2019.0,0,0,-35.627698045218025,21429,15,11837,-7.430766095067738,27906,,13316
,0,,38488,14958,4.0,2019.0,0,0,-35.559475702910284,22445,15,12370,-7.3336701806106666,30858,,13934
,0,,35634,14698,4.0,2019.0,0,0,-35.66663411516811,21330,15,12578,-7.443589763834038,26989,,13597
,0,,37291,14546,6.0,2019.0,0,0,-35.534903076533396,28873,21,13139,-7.543882065232528,34208,,13990
,0,,34192,14183,6.0,2019.0,0,0,-35.70909161210408,23702,21,12490,-7.446387229086665,27679,,13196
,0,,40049,15086,6.0,2019.0,0,0,-35.59081641450091,25996,21,12277,-7.413535855022137,29867,,13466
,0,,34543,14820,6.0,2019.0,0,0,-35.79155154475937,23637,21,12886,-7.587124404406054,30879,,14248
,0,,39824,14954,4.0,2019.0,0,0,-35.590629874002275,29038,15,13371,-7.369795975203786,33576,,14193
,0,,41080,15262,4.0,2019.0,0,0,-35.736261658285635,28694,15,13358,-7.351371719151193,33631,,14482
,0,,33896,13505,4.0,2019.0,0,0,-35.796266410275706,25840,15,12204,-7.637030322953192,32173,,13022
,0,,35133,14131,4.0,2019.0,0,0,-35.73880366436055,26852,15,12862,-7.452206101749965,29732,,13387
,0,,39406,14704,4.0,2019.0,0,0,-35.782690550654905,31162,15,13067,-7.549109857666322,35388,,13783
,0,,45355,15398,4.0,2019.0,0,0,-35.55761548627789,26411,15,13112,-7.57567063184347,33763,,14243
,0,,35786,14376,4.0,2019.0,0,0,-35.873779587230594,22881,15,12503,-7.563294110834557,30466,,13633
,0,,44443,15375,4.0,2019.0,0,0,-35.82100651420872,27347,15,12599,-7.439792570302023,31613,,13737
,0,,33904,12970,4.0,2019.0,0,0,-35.6211075497464,28289,15,12296,-7.5900548152141365,31074,,12712
,0,,39170,14551,4.0,2019.0,0,0,-35.78947797975415,28586,15,12437,-7.62802972539194,33985,,13449
,0,,38060,14686,4.0,2019.0,0,0,-35.87439602984062,26931,15,12541,-7.298263697121467,31790,,13640
,0,,39435,14737,4.0,2019.0,0,0,-35.75318584492226,29453,15,13303,-7.303892741854261,34747,,14055
,0,,28438,13423,4.0,2019.0,0,0,-35.87303317128442,24998,15,12006,-7.297389981814638,26260,,12716
,0,,40175,14942,6.0,2019.0,0,0,-35.71930654183372,23889,21,12387,-7.297206547763783,29700,,13574
,0,,33482,14311,4.0,2019.0,0,0,-35.93374553464469,25328,15,12860,-7.5756705917590885,29754,,13783
,0,,29812,14091,4.0,2019.0,0,0,-36.25395061852403,27000,15,12605,-7.398066217188512,25844,,13465
,0,,32246,14244,6.0,2019.0,0,0,-35.962473150290315,23694,21,11990,-7.571712312077205,28087,,13596
,0,,38636,14756,4.0,2019.0,0,0,-35.97576913427853,26002,15,12496,-7.490714182781942,32882,,14124
,0,,31487,13879,6.0,2019.0,0,0,-35.91345487887272,22726,21,11897,-7.654710503692794,27665,,13200
,0,,37561,14721,4.0,2019.0,0,0,-35.93381129445466,25662,15,12707,-7.318779721170946,31344,,13725
,0,,36641,14523,6.0,2019.0,0,0,-35.96675991233306,21715,21,11723,-7.3697959608642964,27619,,12881
,0,,34879,14291,4.0,2019.0,0,0,-36.10834046988937,21302,15,11856,-7.553553418243388,29654,,13958
,0,,41821,15125,4.0,2019.0,0,0,-35.97760032673953,26163,15,12870,-7.58861310482026,32258,,14286
,0,,33971,14278,4.0,2019.0,0,0,-36.158188674988985,28907,15,13195,-7.565566698789228,28886,,13687
,0,,31757,13940,6.0,2019.0,0,0,-35.920810597244916,22701,21,11742,-7.3480172930093,26857,,12824
,0,,30033,13813,4.0,2019.0,0,0,-36.158820530609574,24381,15,12527,-7.549109852132382,28459,,13150
,0,,28824,13418,6.0,2019.0,0,0,-35.93179324775836,27061,21,12505,-7.6212363440010575,28905,,13260
,0,,32780,14202,6.0,2019.0,0,0,-36.1913694587265,25508,21,12323,-7.442816420991475,28958,,13435
,0,,29239,13779,6.0,2019.0,0,0,-36.071142937072736,26725,21,12444,-7.537716639420099,28205,,13137
,0,,33001,13733,4.0,2019.0,0,0,-36.23576190507629,27664,15,12748,-7.305592968115933,30333,,13235
,0,,34572,14326,4.0,2019.0,0,0,-35.922252305983974,25739,15,12542,-7.545702408177573,30450,,13698
,0,,32669,13922,4.0,2019.0,0,0,-35.998364573948194,27941,15,12340,-7.350297261153653,29884,,13134
,0,,35070,14112,6.0,2019.0,0,0,-35.98194696405363,26331,21,12286,-7.52444386719567,28857,,13077
,0,,30031,13715,4.0,2019.0,0,0,-36.234827408684275,25599,15,12317,-7.428625626271226,30963,,13600
,0,,34015,13967,4.0,2019.0,0,0,-36.00012265162049,20949,15,11673,-7.369894070979702,29001,,13352
,0,,30706,13733,6.0,2019.0,0,0,-36.19713648251784,28082,21,12913,-7.439792585068525,30574,,13679
,0,,28767,12994,6.0,2019.0,0,0,-36.12054749725699,28284,21,12436,-7.623405202846268,28464,,12731
,0,,37984,14443,4.0,2019.0,0,0,-35.91496242460072,24628,15,12309,-7.420377727071647,27800,,13339
,0,,31100,13827,6.0,2019.0,0,0,-36.085221614419424,24662,21,11901,-7.446387227447059,29882,,13828
,0,,29669,13243,6.0,2019.0,0,0,-35.9356057507121,26276,21,11893,-7.333670164500823,28024,,12460
,0,,32710,13691,4.0,2019.0,0,0,-35.915256020433475,25042,15,12328,-7.424914356728026,28889,,13212
,0,,35278,14391,4.0,2019.0,0,0,-35.92867603739597,26132,15,12586,-7.5741535850073065,30566,,13818
,0,,33086,13573,4.0,2019.0,0,0,-35.957276572739005,22979,15,11469,-7.3150505216043396,28887,,12892
,0,,31949,13982,4.0,2019.0,0,0,-36.16768152202045,28476,15,12601,-7.5871243946418305,32438,,13153
,0,,37947,14362,4.0,2019.0,0,0,-36.24990953950812,27186,15,12389,-7.563294114914818,30780,,13183
,0,,33848,13903,4.0,2019.0,0,0,-36.08075894132443,26191,15,12437,-7.286557931515929,29239,,13421
,0,,31846,13681,4.0,2019.0,0,0,-35.919063254383,24922,15,12087,-7.316228811034377,27669,,12818
,0,,32390,13094,4.0,2019.0,0,0,-36.01090213734694,28201,15,12438,-7.448565205607448,30127,,12779
,0,,30504,13105,4.0,2019.0,0,0,-36.11239165234732,24160,15,11722,-7.351371731439815,29860,,12749
,0,,37829,13878,4.0,2019.0,0,0,-36.129315833841964,30671,15,12782,-7.303892761667972,31323,,13016
,0,,31502,13319,4.0,2019.0,0,0,-36.153928281269614,25124,15,11998,-7.548007979487894,27015,,12279
,0,,28136,13425,4.0,2019.0,0,0,-36.11903612176202,24813,15,12000,-7.561454275490223,32513,,13380
,0,,37505,14740,4.0,2019.0,0,0,-36.4606337467948,28676,15,12846,-7.369902326210428,33729,,14046
,0,,37173,14315,4.0,2019.0,0,0,-36.62250264599926,31397,15,13152,-7.44635871300535,33612,,13962
,0,,34790,14389,4.0,2019.0,0,0,-36.33369919875285,28075,15,12598,-7.315748651529866,32366,,13613
,0,,40457,14383,4.0,2019.0,0,0,-36.58496630154104,32211,15,12568,-7.374313945673468,34647,,13781
,0,,33085,13871,6.0,2019.0,0,0,-36.37817344675836,30747,21,13151,-7.428642605841515,30314,,13457
,0,,30040,13462,4.0,2019.0,0,0,-36.63982247944322,27527,15,12300,-7.289346518778641,28820,,12882
,0,,35594,14381,4.0,2019.0,0,0,-36.39578323399851,27463,15,12607,-7.375531031266657,30395,,13909
,0,,47171,15400,4.0,2019.0,0,0,-36.302673231809614,25125,15,12496,-7.5900346688961795,33917,,14047
,0,,40002,14379,4.0,2019.0,0,0,-36.5575681863035,30986,15,12909,-7.490717783538373,32488,,13575
,0,,33509,13592,4.0,2019.0,0,0,-36.59761539113533,27951,15,12579,-7.52443567632875,31451,,13131
,0,,32535,14033,4.0,2019.0,0,0,-36.639185842256786,28162,15,12453,-7.298259021548366,29194,,12780
,0,,30868,13561,6.0,2019.0,0,0,-36.50919328382255,24608,21,12013,-7.628034454391278,28255,,13267
,0,,34682,14520,4.0,2019.0,0,0,-36.450164112848555,20367,15,11550,-7.6428631529117546,30006,,13620
,0,,41568,14310,4.0,2019.0,0,0,-36.55430795452575,27470,15,12513,-7.3513632076941855,34937,,14037
,0,,31546,13360,4.0,2019.0,0,0,-36.325747920671006,28849,15,12603,-7.316239068534768,31338,,13184
,0,,41474,15286,4.0,2019.0,0,0,-36.55037592748792,25874,15,12102,-7.448563007824099,33562,,14032
,0,,39616,15065,4.0,2019.0,0,0,-36.6069378584085,29759,15,12800,-7.412528518178279,31238,,14281
,0,,48235,15577,6.0,2019.0,0,0,-36.28159213957144,32002,21,13563,-7.5885893169518965,39547,,14904
,0,,43096,15066,4.0,2019.0,0,0,-36.5772388549997,31977,15,13470,-7.443577281281869,36524,,14572
,0,,38989,14673,4.0,2019.0,0,0,-36.62562174032965,30107,15,12694,-7.5716996914321895,32345,,13685
,0,,38764,14162,4.0,2019.0,0,0,-36.608697536338575,24820,15,12528,-7.43931450958226,32796,,13676
,0,,35866,13944,4.0,2019.0,0,0,-36.36276654689319,18877,15,11315,-7.315057945774579,31292,,13427
,0,,33813,13948,6.0,2019.0,0,0,-36.309288452721056,21893,21,11872,-7.45995316072522,30198,,13450
,0,,33705,14491,4.0,2019.0,0,0,-36.48300614418419,19665,15,11540,-7.297206206226478,30078,,14007
,65535,,15512,8627,8.0,2019.0,43372,65535,-34.87173165220777,12695,33,5644,-6.995216265523498,13950,,7092
,65535,,15779,8380,8.0,2019.0,65535,65535,-34.83836923203994,12129,33,4449,-6.995118518417154,12387,,4774
,65535,,15422,8761,8.0,2019.0,57993,65535,-34.869973818038325,12351,33,5395,-6.975615708960281,12940,,6055
,0,,31785,12971,8.0,2019.0,0,0,-35.92571408315445,28810,33,12536,-8.021893928548257,30490,,12785
,65535,,21696,11077,8.0,2019.0,0,65535,-35.231000519155494,15105,33,7620,-7.348035808231908,16636,,8834
,0,,44167,14963,8.0,2019.0,0,0,-35.88590935996189,27853,33,12527,-7.62086576708238,32871,,13832
,0,,34077,14075,8.0,2019.0,0,0,-35.63477211243858,26055,33,12357,-7.448565220124915,30076,,13129
,65535,,13216,6687,8.0,2019.0,35067,65535,-36.18578403724354,13605,33,5689,-7.505898933394417,12884,,5599
,0,,38456,15477,0.0,2020.0,0,0,-35.06451660107793,20689,3,12875,-7.000168418704522,35203,,15192
,0,,45512,16087,0.0,2020.0,0,0,-35.131713312934416,24825,3,13673,-6.914655896016263,43175,,15802
,0,,42579,16046,0.0,2020.0,0,0,-35.41372688034437,24414,3,13041,-7.153289646347662,34548,,15124
,0,,48751,16338,0.0,2020.0,0,0,-35.516845076539354,24715,3,12829,-7.26856190555438,42504,,15593
,0,,50346,16135,0.0,2020.0,0,0,-35.405927391500065,28380,3,13462,-7.190926336595087,38754,,14924
,0,,55925,16010,0.0,2020.0,0,0,-35.16999156640782,27144,3,13521,-7.17105944689095,41906,,15103
,0,,48514,15888,1.0,2020.0,0,0,-35.413347541210314,27400,4,13281,-7.25340140483245,36355,,14608
,0,,48176,15895,1.0,2020.0,0,0,-35.31830887654339,26201,4,13409,-7.120562965672601,35082,,14610
,0,,42721,15351,1.0,2020.0,0,0,-35.21468542293104,26686,4,13438,-7.038866802544595,39716,,15197
,0,,41012,15583,1.0,2020.0,0,0,-35.362999687391465,24118,4,12960,-6.995048418408739,34091,,14185
,0,,52168,16434,1.0,2020.0,0,0,-35.60581462233955,23802,4,12956,-7.1497959260285535,40095,,15445
,0,,41945,15927,0.0,2020.0,0,0,-35.56002801180372,28143,3,14354,-7.283810014445275,40144,,15618
,0,,42156,16255,0.0,2020.0,0,0,-35.5534880188796,22432,3,12663,-7.000833019215958,36915,,15513
,0,,46313,16162,1.0,2020.0,0,0,-35.70235966499911,28458,4,14004,-7.064673319470622,42067,,15741
,0,,47160,16149,1.0,2020.0,0,0,-35.768436340359514,26792,4,14039,-7.21277921342046,40882,,15887
,0,,54788,16406,1.0,2020.0,0,0,-35.74441684659303,27122,4,13324,-7.248775715129019,46080,,15775
,0,,53674,16336,1.0,2020.0,0,0,-35.54468038281902,28945,4,13774,-6.973336418862304,45011,,15583
,0,,46467,16166,1.0,2020.0,0,0,-35.55947549656392,27269,4,13544,-6.95898627600137,42426,,15370
,0,,49411,15497,1.0,2020.0,0,0,-35.66663148095412,27213,4,13095,-7.068925793606972,40042,,14688
,0,,52819,16101,1.0,2020.0,0,0,-35.6347699942511,29513,4,13924,-7.0739024121573815,39872,,15046
,0,,41518,15211,1.0,2020.0,0,0,-35.840167509843,23551,4,12339,-7.056913952986249,34246,,14550
,0,,36335,15336,1.0,2020.0,0,0,-35.55137875084593,22046,4,12508,-6.9410519132682555,30092,,14436
,0,,37602,14954,1.0,2020.0,0,0,-35.82708431408225,21956,4,12353,-6.955425797572939,29363,,13964
,0,,37557,15347,1.0,2020.0,0,0,-35.87303270030065,23633,4,12773,-6.92269935197961,30666,,14359
,0,,32509,14610,1.0,2020.0,0,0,-35.87439552146327,22880,4,12421,-6.923573259725531,28013,,13769
,0,,44765,15485,1.0,2020.0,0,0,-35.85162160240369,21777,4,12060,-6.96110870564845,31631,,14007
,0,,41895,15342,1.0,2020.0,0,0,-36.230808460523676,29804,4,13461,-7.037859613209772,35585,,14831
,0,,48557,16117,1.0,2020.0,0,0,-35.90816556712177,27818,4,13825,-6.947053890774846,36709,,15128
,0,,48014,15787,1.0,2020.0,0,0,-36.0020462569565,22498,4,12239,-7.0539760510804514,38114,,14887
,0,,42098,15687,1.0,2020.0,0,0,-36.08450559526644,24680,4,12716,-6.995224089990984,38001,,15357
,0,,44108,15795,1.0,2020.0,0,0,-36.14711529014199,22197,4,12833,-7.104058916102756,35249,,14711
,0,,45441,16005,1.0,2020.0,0,0,-36.176082155316124,28308,4,13317,-6.942227036819151,35879,,15062
,0,,36322,15078,1.0,2020.0,0,0,-36.17881516158991,25833,4,13083,-7.207969848471741,31448,,14306
,0,,40711,15850,1.0,2020.0,0,0,-36.062894634910165,24770,4,12789,-7.190931343134052,36702,,14708
,0,,41238,15541,1.0,2020.0,0,0,-36.178178661588554,23073,4,13088,-6.976681870108295,32920,,14777
,0,,36133,15060,1.0,2020.0,0,0,-36.1994682470732,27083,4,12877,-6.9950358592191195,31196,,14015
,0,,49230,16150,1.0,2020.0,0,0,-36.03038409443755,25106,4,12918,-7.194853544380132,40397,,15404
,0,,36655,15144,1.0,2020.0,0,0,-36.08335136004326,26119,4,13047,-7.248776994805737,32181,,14272
,0,,34779,14732,1.0,2020.0,0,0,-36.019655895930015,26427,4,13498,-7.000854129036522,27629,,14053
,0,,45664,15737,1.0,2020.0,0,0,-36.04426250624907,29654,4,14155,-7.008273422831557,36993,,15046
,0,,46900,15106,1.0,2020.0,0,0,-36.1814403636705,23878,4,12461,-7.116063243586223,32156,,13279
,0,,36704,14954,1.0,2020.0,0,0,-36.07403447756977,23742,4,12580,-7.268237337137602,30984,,13924
,0,,37123,14935,1.0,2020.0,0,0,-36.09804737891972,25899,4,12958,-7.101974420945426,29952,,14106
,0,,47328,15647,1.0,2020.0,0,0,-36.20814125909866,23187,4,12512,-7.282771284620434,33107,,14087
,0,,39360,15231,1.0,2020.0,0,0,-36.27031961931347,25916,4,12872,-7.191410999837372,35113,,14179
,0,,49096,15516,1.0,2020.0,0,0,-36.17424778938893,26071,4,12858,-7.073900299418066,31123,,14427
,0,,38105,15091,1.0,2020.0,0,0,-36.04224676152509,24681,4,12457,-7.254518721182344,29331,,13816
,0,,47302,15470,1.0,2020.0,0,0,-36.040997479913976,23707,4,12353,-7.17336691647907,26916,,13395
,0,,33445,14969,1.0,2020.0,0,0,-35.986637550908455,26718,4,13526,-6.940369736811995,30108,,14261
,0,,31638,14508,1.0,2020.0,0,0,-35.9575703343266,24803,4,12585,-6.941060946768567,28774,,13620
,0,,34559,14524,1.0,2020.0,0,0,-35.96692131551375,21990,4,12304,-6.944102415424581,28696,,13627
,0,,42231,16079,0.0,2020.0,0,0,-35.610505571968076,24150,3,13446,-7.689674236606338,39089,,15680
,0,,37195,15526,1.0,2020.0,0,0,-35.887562483474966,21999,4,11922,-7.6639665202024325,30560,,14514
,0,,50287,16303,1.0,2020.0,0,0,-35.67776152827174,26936,4,13579,-7.981759957847506,41959,,15467
,0,,44130,16156,1.0,2020.0,0,0,-35.707219770630665,27952,4,13685,-7.99796422000667,41021,,15579
,0,,35338,14833,1.0,2020.0,0,0,-35.79995147496383,26413,4,13225,-7.691531027714882,31521,,14218
,0,,43919,15816,1.0,2020.0,0,0,-35.85467722804416,25507,4,13157,-7.787125470167346,36738,,14899
,0,,47040,15420,1.0,2020.0,0,0,-35.7179103553951,27407,4,13465,-7.961696544838582,42611,,15003
,0,,45851,15509,1.0,2020.0,0,0,-35.756932407147715,28439,4,13768,-8.002591102403585,39088,,15109
,0,,40508,14873,1.0,2020.0,0,0,-35.832705638138286,23730,4,12078,-7.748918558112549,31244,,13731
,0,,37127,15703,1.0,2020.0,0,0,-35.71900355686076,24535,4,13115,-7.7881495160181675,30379,,14731
,0,,37780,15210,1.0,2020.0,0,0,-35.871552991351145,25058,4,12959,-7.70470971016079,32253,,14614
,0,,49118,15885,1.0,2020.0,0,0,-35.87568951330001,26720,4,13284,-8.017745106115152,35148,,14595
,0,,44220,15919,1.0,2020.0,0,0,-35.73074592632932,24855,4,13015,-7.6718264354219246,34504,,14614
,0,,44111,15851,1.0,2020.0,0,0,-35.84619377356338,24341,4,12656,-7.995437150040978,31332,,14244
,0,,52297,16397,1.0,2020.0,0,0,-35.666115702808185,26957,4,13499,-8.003703537844386,37087,,14968
,0,,41636,15395,1.0,2020.0,0,0,-35.802680134584534,22242,4,12171,-7.957171769122795,32074,,14291
,0,,46739,15810,1.0,2020.0,0,0,-35.89244307327575,25194,4,12923,-7.995782083960358,32735,,14137
,0,,47826,15658,1.0,2020.0,0,0,-35.87024213463141,24619,4,12811,-7.820948909121024,32332,,14199
,0,,47968,15719,1.0,2020.0,0,0,-35.84861744932067,26750,4,13056,-7.950240972521565,39734,,15108
,0,,44853,14988,1.0,2020.0,0,0,-35.8564368023461,26589,4,12684,-7.813906292842687,34794,,13712
,0,,39036,15600,1.0,2020.0,0,0,-36.208141044260834,23806,4,12774,-8.031943841946136,33406,,14744
,0,,50933,16163,1.0,2020.0,0,0,-35.93418027600307,27007,4,13488,-8.032980584069117,35687,,14803
,0,,54426,16199,1.0,2020.0,0,0,-36.15235292537072,25838,4,13272,-7.937888773359277,38785,,15450
,0,,54170,16246,1.0,2020.0,0,0,-36.03289829783932,29481,4,14174,-7.902516958895727,39589,,15015
,0,,45004,16002,1.0,2020.0,0,0,-35.983258439750124,23524,4,12617,-7.722645713980691,30476,,14500
,0,,38721,15417,1.0,2020.0,0,0,-36.208835602894744,20431,4,11894,-7.748918557841588,30444,,14156
,0,,40096,15342,1.0,2020.0,0,0,-36.222323734209645,31820,4,14259,-7.995437190944484,35110,,14851
,0,,41801,16032,1.0,2020.0,0,0,-36.01593644725133,26496,4,13522,-7.950240205526185,37167,,15365
,0,,42694,15586,1.0,2020.0,0,0,-36.2518194649971,21849,4,12649,-8.01774515511102,32281,,14651
,0,,48830,16412,1.0,2020.0,0,0,-36.246372087984334,23516,4,12834,-7.820948925500207,40847,,15552
,0,,43402,15457,1.0,2020.0,0,0,-36.14930297183833,23898,4,12296,-7.805363699622734,27379,,13434
,0,,39301,15574,1.0,2020.0,0,0,-35.93613082149663,23331,4,12488,-7.770168818780867,29615,,13780
,0,,42160,15566,1.0,2020.0,0,0,-36.131673479855735,26691,4,12856,-7.736380278072376,35232,,14449
,0,,32560,14853,1.0,2020.0,0,0,-35.908164787384074,24755,4,12443,-7.6963533651520075,29723,,13989
,0,,44034,15425,1.0,2020.0,0,0,-36.08474953470253,26012,4,12614,-7.8477726274428266,35494,,14117
,0,,45999,14927,1.0,2020.0,0,0,-36.18143596365613,25538,4,12473,-7.865300405966406,33510,,14183
,0,,43070,15836,1.0,2020.0,0,0,-36.201107492638826,26310,4,12774,-7.8181687143246945,37217,,15167
,0,,39302,15160,1.0,2020.0,0,0,-36.27031935854549,27018,4,12693,-7.9406165133886155,32103,,14017
,0,,42330,15699,1.0,2020.0,0,0,-36.01960350341189,22220,4,12263,-7.93601969132965,30344,,14120
,0,,43916,15206,1.0,2020.0,0,0,-36.23080718612367,24023,4,12542,-7.7871254789917375,31298,,13749
,0,,40693,15641,1.0,2020.0,0,0,-36.17817720565932,23856,4,12405,-7.7259725837094955,35690,,14676
,0,,40858,14957,1.0,2020.0,0,0,-36.01965061375515,27748,4,12661,-7.750135992268154,34396,,13613
,0,,35632,14910,1.0,2020.0,0,0,-36.176081449673774,24875,4,12860,-7.691531013812082,28835,,13885
,0,,46433,15636,1.0,2020.0,0,0,-36.09513355616056,23340,4,12440,-7.788149507710678,33529,,14054
,0,,39819,14748,1.0,2020.0,0,0,-36.26081589634761,25910,4,13590,-7.672004194546273,30739,,13466
,0,,40559,14971,1.0,2020.0,0,0,-36.04224571818747,24492,4,12371,-8.003703539903658,32907,,13698
,0,,47240,16340,1.0,2020.0,0,0,-35.900668239776955,26388,4,13278,-7.992688136387148,36059,,14828
,0,,35069,14847,1.0,2020.0,0,0,-36.020369868681044,25355,4,12621,-7.668002938365163,30844,,13565
,0,,39431,15196,1.0,2020.0,0,0,-35.90179826869902,25035,4,12709,-7.710387499031245,31193,,14141
,0,,56259,16298,1.0,2020.0,0,0,-36.05389154011454,24714,4,12727,-7.981759960867506,37094,,14688
,0,,49901,15578,1.0,2020.0,0,0,-36.05488048589248,27591,4,13305,-7.799541403784989,41807,,15257
,0,,56431,16353,1.0,2020.0,0,0,-36.03038131166408,29060,4,13655,-7.944061122140448,40087,,15019
,0,,48015,16196,1.0,2020.0,0,0,-35.99049663505154,24552,4,12853,-7.772688053320839,33898,,14865
,0,,40934,15561,1.0,2020.0,0,0,-36.19946679612515,24529,4,13071,-7.7443190484969975,33665,,14284
,0,,37785,14940,1.0,2020.0,0,0,-35.94961681822961,26844,4,12564,-7.690854609954715,30138,,13749
,0,,36391,15391,1.0,2020.0,0,0,-36.10687592206817,23334,4,12592,-7.671826409446259,27140,,13593
,0,,40251,15243,1.0,2020.0,0,0,-35.986635604253955,25420,4,12736,-7.6896741982639645,32288,,14233
,0,,44680,15959,1.0,2020.0,0,0,-35.92654304805077,26107,4,13083,-7.964597335703462,34276,,14653
,0,,53319,15940,1.0,2020.0,0,0,-36.00204068751986,27137,4,12835,-7.803237234826181,46304,,15468
,0,,45781,15838,1.0,2020.0,0,0,-36.13306239492659,25685,4,13148,-8.002591124275034,34480,,14540
,0,,45843,16305,1.0,2020.0,0,0,-36.08334977351475,26252,4,12932,-7.997964230651355,39143,,15065
,0,,40234,15485,1.0,2020.0,0,0,-36.08379321040137,23076,4,12594,-8.02878133339388,32332,,14639
,0,,47247,15575,1.0,2020.0,0,0,-35.93315768713432,26978,4,13157,-7.834540882724661,35111,,14407
,0,,43981,15452,1.0,2020.0,0,0,-36.26305578267815,28972,4,13671,-7.672877319320804,31564,,14248
,0,,34703,14699,1.0,2020.0,0,0,-36.23256675989056,27422,4,12930,-7.813906306298744,32237,,14189
,0,,41277,14765,1.0,2020.0,0,0,-36.263692431550204,22556,4,12223,-7.663966512949779,31900,,13775
,0,,32792,14358,1.0,2020.0,0,0,-36.050033203234655,26125,4,12542,-7.795005363921571,30781,,13955
,0,,44942,15399,1.0,2020.0,0,0,-36.32963126916362,23571,4,12469,-7.853284972520559,32214,,13955
,0,,45597,15478,1.0,2020.0,0,0,-36.35807924217313,24102,4,12654,-7.899019965183572,30719,,13564
,0,,45787,15798,1.0,2020.0,0,0,-36.3062770220239,26487,4,12934,-7.766675762268173,34524,,14483
,0,,32776,14250,1.0,2020.0,0,0,-36.44050955552633,26537,4,12763,-8.029117340825245,28808,,13584
,0,,51515,15670,1.0,2020.0,0,0,-36.31925722807227,27363,4,12729,-7.992704855314478,38413,,13892
,0,,42336,15085,1.0,2020.0,0,0,-36.45462606059159,24318,4,12283,-7.813931215210545,32893,,14004
,0,,47686,15516,1.0,2020.0,0,0,-36.35190093754624,24875,4,12643,-7.865296673761787,32753,,14011
,0,,43268,14781,1.0,2020.0,0,0,-36.36510090098662,27039,4,12348,-7.940645226309456,32423,,13545
,0,,38100,15186,1.0,2020.0,0,0,-36.54212022927013,25916,4,13123,-7.902512853080199,30613,,14698
,0,,36272,14689,1.0,2020.0,0,0,-36.62603985448961,22270,4,12443,-7.937861898555898,31103,,14275
,0,,41082,15245,1.0,2020.0,0,0,-36.633118360031446,26735,4,13270,-7.957147082763823,31618,,14146
,0,,46017,15901,1.0,2020.0,0,0,-36.58730116266972,27875,4,13544,-8.03194295803928,35714,,14765
,0,,42208,15554,1.0,2020.0,0,0,-36.35613897661349,20598,4,12139,-8.006209317388395,33341,,14813
,0,,41154,15311,1.0,2020.0,0,0,-36.44727581572577,29325,4,14263,-7.912290782652389,34981,,14709
,0,,42077,15382,1.0,2020.0,0,0,-36.36933972343991,24517,4,12698,-8.002667198606684,31149,,14169
,0,,47485,15981,1.0,2020.0,0,0,-36.54381244564232,30687,4,14469,-7.961688718270357,41219,,15660
,0,,41661,15501,1.0,2020.0,0,0,-36.307924504353736,23888,4,12548,-7.995793168117311,33351,,14163
,0,,40639,15141,1.0,2020.0,0,0,-36.6489574827883,27679,4,12664,-7.847731095979221,33595,,14064
,0,,41255,15511,1.0,2020.0,0,0,-36.64523514691418,27595,4,13335,-8.017737903076897,31443,,14105
,0,,46058,15361,1.0,2020.0,0,0,-36.34289054088632,25557,4,12647,-7.74440151883778,28798,,13529
,0,,37871,15094,1.0,2020.0,0,0,-36.37995981561406,30214,4,13415,-7.805360364561559,34063,,14137
,0,,43953,15473,1.0,2020.0,0,0,-36.48447252605731,27427,4,13415,-7.928124513046681,38278,,14920
,0,,45104,15851,1.0,2020.0,0,0,-36.29109263442862,32062,4,13801,-7.794972754145971,38022,,14995
,0,,38787,15183,1.0,2020.0,0,0,-36.28265747443998,23252,4,12421,-7.851180420342518,36989,,14758
,0,,39967,15686,1.0,2020.0,0,0,-36.309876680124304,29698,4,13250,-7.9502361843148925,37581,,14686
,0,,43047,15592,1.0,2020.0,0,0,-36.56904198476792,27933,4,13949,-7.749449810741387,35104,,15094
,0,,43043,15428,1.0,2020.0,0,0,-36.579347432779834,30554,4,13967,-7.704724100158723,36233,,14778
,0,,38840,15502,1.0,2020.0,0,0,-36.314961796676535,27780,4,13265,-8.021898853679966,33089,,14599
,0,,42306,14935,1.0,2020.0,0,0,-36.376253614311686,28694,4,13182,-7.744499990054709,31929,,13606
,0,,45335,15362,1.0,2020.0,0,0,-36.636233621289264,27541,4,13285,-7.663968016178032,39493,,15074
,0,,46744,15392,1.0,2020.0,0,0,-36.2895850651066,25484,4,12928,-8.029260578662596,31588,,14052
,0,,39754,15114,1.0,2020.0,0,0,-36.62529363500928,28135,4,13280,-7.672008787498635,36119,,14659
,0,,37099,14639,1.0,2020.0,0,0,-36.610958505203946,27908,4,13158,-7.803219481575094,35401,,14389
,0,,38299,15057,1.0,2020.0,0,0,-36.29694071049558,21656,4,11905,-7.7226263012926815,34749,,14013
,0,,36658,14994,1.0,2020.0,0,0,-36.58394142803927,29160,4,14134,-7.811687289768033,34419,,14676
,0,,36077,14539,1.0,2020.0,0,0,-36.32291389375151,26852,4,12909,-7.757532195129819,32641,,13941
,0,,52803,15482,1.0,2020.0,0,0,-36.46614991369539,29105,4,13339,-8.028781357884727,33927,,14059
,0,,41853,15821,0.0,2020.0,0,0,-35.11929311217633,27188,3,14092,-7.330097215555111,37613,,15323
,0,,48655,16444,1.0,2020.0,0,0,-35.42198590002742,25122,4,13540,-7.4485630017970905,45012,,15755
,0,,46743,15889,1.0,2020.0,0,0,-35.39704505836535,23613,4,12909,-7.43076929466782,30512,,14102
,0,,48602,16069,1.0,2020.0,0,0,-35.48030749543545,25135,4,13233,-7.439314503334491,38194,,15081
,0,,38565,15124,1.0,2020.0,0,0,-35.49542307543502,25604,4,13026,-7.330097212982798,33526,,14420
,0,,50640,15989,1.0,2020.0,0,0,-35.297776681595614,27502,4,13701,-7.420408825714249,42380,,15517
,0,,42497,15829,0.0,2020.0,0,0,-35.57737003408248,21632,3,12596,-7.478700505331833,33847,,14831
,0,,49622,15824,1.0,2020.0,0,0,-35.73913180840272,27013,4,13208,-7.369726610797092,44652,,15206
,0,,43648,16018,0.0,2020.0,0,0,-35.70997526087076,27842,3,13672,-7.348381804765529,36964,,15208
,0,,45672,15961,1.0,2020.0,0,0,-35.82596623339288,26855,4,13419,-7.395579037325469,39809,,15446
,0,,45535,15944,1.0,2020.0,0,0,-35.82708587569137,25194,4,13229,-7.330110868173963,39718,,15286
,0,,41308,15447,1.0,2020.0,0,0,-35.60387799543401,22635,4,12734,-7.63165383510357,26662,,13442
,0,,40236,15586,1.0,2020.0,0,0,-35.734228517765516,22732,4,12446,-7.408401580970006,34174,,14816
,0,,40963,15473,1.0,2020.0,0,0,-35.67931986114349,24859,4,13474,-7.361773711059948,34239,,14848
,0,,45907,15776,1.0,2020.0,0,0,-35.77779829982941,29228,4,13640,-7.548007985490839,41563,,15292
,0,,40093,15212,1.0,2020.0,0,0,-35.74441750566832,27883,4,13473,-7.62340522373377,36424,,14653
,0,,39467,15572,1.0,2020.0,0,0,-35.70462893764764,29780,4,13815,-7.286557918082438,36919,,14815
,0,,46788,15531,1.0,2020.0,0,0,-35.74388120135684,22554,4,12184,-7.374329249659895,40948,,14890
,0,,37429,14843,1.0,2020.0,0,0,-35.53883237052211,23351,4,12337,-7.420377755176031,28498,,13505
,0,,51156,15856,1.0,2020.0,0,0,-35.742906129717944,25760,4,13480,-7.561454287838197,44656,,15461
,0,,57604,16111,1.0,2020.0,0,0,-35.87207701318013,25257,4,12857,-7.321745771703408,41590,,15025
,0,,43418,15714,1.0,2020.0,0,0,-35.83167971387531,24407,4,13406,-7.437094639654921,34758,,15012
,0,,51866,15562,1.0,2020.0,0,0,-35.66663411516811,27337,4,13265,-7.443589763834038,43927,,14981
,0,,47590,15974,1.0,2020.0,0,0,-35.84016904618084,24187,4,13161,-7.431579378778288,38557,,15274
,0,,38264,15009,1.0,2020.0,0,0,-35.81523948866604,25983,4,13132,-7.442816407384354,34609,,14659
,0,,43088,15621,1.0,2020.0,0,0,-35.6366323725331,29498,4,13725,-7.293381024849827,38891,,15193
,0,,48978,15661,1.0,2020.0,0,0,-35.61283795838591,27538,4,13390,-7.566077061345402,38477,,14615
,0,,46473,15413,1.0,2020.0,0,0,-35.66554135580728,27407,4,13366,-7.607810149775459,35389,,14429
,0,,45623,15562,1.0,2020.0,0,0,-35.702362862023,27105,4,13445,-7.4393382043008565,38350,,14909
,0,,47109,15523,1.0,2020.0,0,0,-35.731241333038426,26036,4,13156,-7.6071999531299,34351,,14368
,0,,45681,15148,1.0,2020.0,0,0,-35.858697451825144,23895,4,12493,-7.428625605121572,34112,,14133
,0,,46350,15612,1.0,2020.0,0,0,-35.546122254122004,23332,4,12771,-7.5457024472873115,36287,,14566
,0,,36569,15313,1.0,2020.0,0,0,-35.67085185556649,25726,4,13155,-7.60652366681612,32477,,14457
,0,,55544,15979,1.0,2020.0,0,0,-35.586343110660714,24398,4,12648,-7.571712346882522,36236,,14500
,0,,54466,16013,1.0,2020.0,0,0,-35.61707867119585,25139,4,13036,-7.628110889268109,41348,,14947
,0,,42926,15377,1.0,2020.0,0,0,-35.601470291706605,23462,4,12619,-7.588613139014242,33663,,14652
,0,,47844,16021,1.0,2020.0,0,0,-35.71388978342295,24917,4,13009,-7.654229565328671,40140,,15206
,0,,40258,15586,1.0,2020.0,0,0,-35.896697458458014,26383,4,13207,-7.47314645546585,32326,,14334
,0,,40040,15404,1.0,2020.0,0,0,-35.80965406548448,25776,4,13428,-7.50589892939313,33689,,14698
,0,,50658,15441,1.0,2020.0,0,0,-35.789858571605514,29313,4,13778,-7.527937171003895,38335,,14668
,0,,48036,15825,1.0,2020.0,0,0,-35.69501293047637,26826,4,13010,-7.5377166545234315,40275,,15175
,0,,47608,15541,1.0,2020.0,0,0,-35.78205869484524,27085,4,12917,-7.565566706724091,38984,,14465
,0,,42856,14698,1.0,2020.0,0,0,-35.68824941436581,24003,4,12287,-7.654565642829263,29276,,13142
,0,,44446,15456,1.0,2020.0,0,0,-35.758361377447464,25463,4,13041,-7.4599771561582,34533,,14446
,0,,39386,15387,1.0,2020.0,0,0,-35.835041146385905,20706,4,11660,-7.657392610253941,31725,,14350
,0,,39939,15161,1.0,2020.0,0,0,-35.8929751448469,25334,4,12627,-7.643185803186535,32084,,14115
,0,,38233,14887,1.0,2020.0,0,0,-36.071142937072736,22674,4,12119,-7.537716639420099,29826,,13578
,0,,42504,15330,1.0,2020.0,0,0,-36.165607957645406,23805,4,12391,-7.6280297095956815,32972,,14127
,0,,43179,15525,1.0,2020.0,0,0,-36.172396386105035,30163,4,13264,-7.637030306743882,37790,,14880
,0,,40611,15817,1.0,2020.0,0,0,-36.14456742104498,25276,4,12775,-7.587415487869944,29387,,14062
,0,,46911,15486,1.0,2020.0,0,0,-36.144860750448515,24493,4,12595,-7.31692008980135,28719,,13580
,0,,36128,14771,1.0,2020.0,0,0,-36.06437942302351,28241,4,13102,-7.654565610390433,30087,,14084
,0,,38187,15025,1.0,2020.0,0,0,-36.041671371366824,26000,4,12832,-7.60781012103591,30785,,13811
,0,,31544,14472,1.0,2020.0,0,0,-36.11035851244126,24161,4,12286,-7.408401587333844,29267,,13462
,0,,33112,14711,1.0,2020.0,0,0,-35.94678339073965,23877,4,12950,-7.382929441429159,28131,,13687
,0,,44015,15581,1.0,2020.0,0,0,-35.95350007644243,26709,4,13028,-7.478700478085962,34047,,14303
,0,,37497,14561,1.0,2020.0,0,0,-35.993208701488115,26439,4,12834,-7.628110851494642,30903,,13624
,0,,42904,15503,1.0,2020.0,0,0,-36.202096200193914,33326,4,13545,-7.395579058959903,34291,,14456
,0,,39661,15479,1.0,2020.0,0,0,-35.938831333938175,25331,4,12572,-7.647346917768267,32743,,14575
,0,,44398,15718,1.0,2020.0,0,0,-35.9065273440137,21224,4,12131,-7.476596334697241,34263,,14640
,0,,41578,15976,1.0,2020.0,0,0,-36.055449872511566,26158,4,13238,-7.361773712620621,35035,,14779
,0,,40626,15581,1.0,2020.0,0,0,-36.10108150488773,28770,4,13239,-7.575679097120406,33240,,14712
,0,,34307,15286,1.0,2020.0,0,0,-36.26203930855468,25009,4,12596,-7.620865764597818,25956,,13583
,0,,37888,15642,1.0,2020.0,0,0,-36.04276413038907,24600,4,12937,-7.443589755231971,31816,,14303
,0,,39748,15690,1.0,2020.0,0,0,-35.93615813621847,24110,4,12734,-7.658431590003937,31503,,14461
,0,,40763,15888,1.0,2020.0,0,0,-35.91103313180768,24981,4,13188,-7.54388202438531,33799,,14793
,0,,37075,14715,1.0,2020.0,0,0,-36.11493365764543,25623,4,12926,-7.452206104282622,30849,,13877
,0,,35964,15050,1.0,2020.0,0,0,-35.99723757881125,26188,4,13466,-7.590054783316868,32174,,14540
,0,,42837,15525,1.0,2020.0,0,0,-35.98000802973849,24786,4,12731,-7.631653795150334,31432,,14223
,0,,36406,14913,1.0,2020.0,0,0,-35.98896798995913,24368,4,13081,-7.566077031602096,31876,,14178
,0,,42198,15745,1.0,2020.0,0,0,-36.04698186950933,25890,4,12876,-7.606523638933666,35121,,14720
,0,,42413,15230,1.0,2020.0,0,0,-36.203215842151536,25486,4,12686,-7.330110898039898,29630,,13668
,0,,53662,15694,1.0,2020.0,0,0,-36.269105091293184,27163,4,12997,-7.643185798441062,30668,,13733
,0,,35724,14930,1.0,2020.0,0,0,-35.94312565070254,25214,4,13229,-7.618147252910841,30924,,14260
,0,,41012,15546,1.0,2020.0,0,0,-36.173169795985935,26362,4,13083,-7.402884976915644,33992,,14366
,0,,42372,15586,1.0,2020.0,0,0,-36.21117111043474,28827,4,13695,-7.657392596122304,33995,,14759
,0,,40648,15027,1.0,2020.0,0,0,-36.192909267940806,26447,4,13295,-7.374845058313424,33343,,14329
,0,,49269,15932,1.0,2020.0,0,0,-36.134491364790385,28005,4,13164,-7.4599771600919205,32435,,14653
,0,,40128,14908,1.0,2020.0,0,0,-36.227753310354395,24698,4,12559,-7.335792365610766,29332,,13403
,0,,40722,15462,1.0,2020.0,0,0,-35.94089984784453,25668,4,12965,-7.569354416159529,32839,,14546
,0,,33850,14845,1.0,2020.0,0,0,-36.248206965972855,24027,4,12075,-7.321745809637005,29515,,14061
,0,,40084,14709,1.0,2020.0,0,0,-36.2807499446605,25053,4,12474,-7.495179959545519,29234,,13190
,0,,45445,15630,1.0,2020.0,0,0,-36.459480562136655,26475,4,12924,-7.62340655378122,34429,,14367
,0,,34957,14010,1.0,2020.0,0,0,-36.62381311982093,25487,4,12866,-7.330097226978897,31309,,13504
,0,,41505,15109,1.0,2020.0,0,0,-36.31226193932674,24550,4,12272,-7.395568702340522,29427,,13160
,0,,37866,14657,1.0,2020.0,0,0,-36.36662940761218,26173,4,12783,-7.398087680752264,28866,,13116
,0,,36813,14409,1.0,2020.0,0,0,-36.39650006987727,27159,4,12905,-7.293382220009043,32019,,13753
,0,,39001,14249,1.0,2020.0,0,0,-36.47017201502572,28095,4,12808,-7.587131925479526,35439,,13869
,0,,39054,14480,1.0,2020.0,0,0,-36.439210521154806,27945,4,12940,-7.3503052419670665,32996,,14141
,0,,36235,14356,1.0,2020.0,0,0,-36.52848579629483,26083,4,12394,-7.563319814356793,32851,,13919
,0,,39816,15080,1.0,2020.0,0,0,-36.32399915954487,23823,4,12595,-7.537695017996631,29941,,13651
,0,,41509,14892,1.0,2020.0,0,0,-36.45764589475162,23822,4,12898,-7.286557958109755,32839,,14632
,0,,44248,15372,1.0,2020.0,0,0,-36.54624569799422,23185,4,12358,-7.543908526069957,27789,,13264
,0,,41657,15273,1.0,2020.0,0,0,-36.5984552499443,28378,4,13426,-7.62088004801487,35649,,14598
,0,,38213,14960,1.0,2020.0,0,0,-36.40651268445519,27673,4,12369,-7.569493280221314,31488,,13546
,0,,43305,15612,1.0,2020.0,0,0,-36.5250205518138,30544,4,13893,-7.348377536554422,35909,,14740
,0,,49693,15227,1.0,2020.0,0,0,-36.523242467413326,26358,4,12901,-7.4787160546356,41239,,15242
,0,,44987,15030,1.0,2020.0,0,0,-36.336878299467614,29750,4,13103,-7.628102687411684,34847,,13732
,0,,37021,14577,1.0,2020.0,0,0,-36.42038990901165,27330,4,13290,-7.382949051267883,31535,,13782
,0,,41036,15509,1.0,2020.0,0,0,-36.290661716677256,25971,4,12764,-7.4028601394924545,32375,,14165
,0,,36941,14693,1.0,2020.0,0,0,-36.35168129858537,22074,4,12437,-7.439792580281731,32101,,14024
,0,,40106,14981,1.0,2020.0,0,0,-36.646449534421116,29351,4,13528,-7.566049704706946,35235,,14574
,0,,36738,14670,1.0,2020.0,0,0,-36.431014004081746,28998,4,13222,-7.424945726283848,35004,,13921
,0,,44897,15334,1.0,2020.0,0,0,-36.525026426469886,29314,4,12837,-7.637034358900544,37016,,14413
,0,,41513,14982,1.0,2020.0,0,0,-36.28429512501569,26985,4,13228,-7.321739600695467,30666,,13934
,0,,44684,15622,1.0,2020.0,0,0,-36.283876261441506,30200,4,13748,-7.654708190499077,32652,,14128
,0,,36566,14728,1.0,2020.0,0,0,-36.412937472756084,26246,4,12657,-7.392099336344521,30308,,13783
,0,,35600,14793,1.0,2020.0,0,0,-36.35939050260011,29377,4,13380,-7.348035822946051,33101,,14315
,0,,38698,14863,1.0,2020.0,0,0,-36.28226350016472,31287,4,13841,-7.374821239971899,35933,,14591
,0,,37966,15705,1.0,2020.0,0,0,-36.59428754128754,25374,4,13522,-7.574161980022693,32244,,14922
,0,,39149,15314,1.0,2020.0,0,0,-36.600879104990035,29293,4,13897,-7.575675232989974,35182,,15004
,0,,41938,14877,1.0,2020.0,0,0,-36.525435080079646,27203,4,13347,-7.430769302168897,32786,,14250
,0,,37763,14808,1.0,2020.0,0,0,-36.41712560652197,29475,4,13930,-7.54801083601416,31039,,14161
,0,,43131,15278,1.0,2020.0,0,0,-36.3103102390321,26462,4,13600,-7.658430899915328,32615,,13833
,0,,46738,15581,1.0,2020.0,0,0,-36.30184407736702,25529,4,13435,-7.6473422643037905,29284,,13462
,0,,46428,15615,1.0,2020.0,0,0,-36.47417349171992,26600,4,12861,-7.4766321522495165,36328,,14581
,0,,45571,15657,1.0,2020.0,0,0,-36.41837622395367,29312,4,13405,-7.6291470707174796,37780,,14553
,0,,42572,15346,1.0,2020.0,0,0,-36.50780474047161,26259,4,14065,-7.361772545481137,36518,,14612
,0,,36477,14955,1.0,2020.0,0,0,-36.40903034568308,29396,4,13681,-7.527941134478122,32827,,14541
,0,,35056,14375,1.0,2020.0,0,0,-36.55221182262447,27160,4,13214,-7.316915011510536,33164,,14186
,0,,37026,14814,1.0,2020.0,0,0,-36.35978430393685,24577,4,13209,-7.333683613169975,32818,,14248
,0,,48796,15957,1.0,2020.0,0,0,-36.277928349188834,26289,4,13700,-7.335776553509581,35706,,14645
,0,,39318,15014,1.0,2020.0,0,0,-36.28192727218363,25563,4,12877,-7.452170138274612,31496,,14065
,0,,37908,15115,1.0,2020.0,0,0,-36.423125332341705,27839,4,13599,-7.549114076626876,32987,,14387
,0,,43321,15383,1.0,2020.0,0,0,-36.523595170911115,27238,4,13541,-7.3038906978247375,33554,,14464
,0,,33101,14612,6.0,2020.0,0,0,-35.044006128497344,26998,21,13288,-7.2624038033049585,30141,,14175
,0,,37725,14734,6.0,2020.0,0,0,-35.14443740679223,23950,21,12553,-7.098490010549965,31981,,13784
,0,,37035,14948,4.0,2020.0,0,0,-35.06297739258795,28932,15,13341,-7.0681528175811446,32355,,14196
,0,,40585,14773,6.0,2020.0,0,0,-35.133649286182504,28301,21,13481,-7.246237453458292,36360,,14279
,0,,49023,15485,4.0,2020.0,0,0,-35.1407151160499,30839,15,13978,-7.268561914006499,40697,,14967
,0,,59237,15474,4.0,2020.0,0,0,-35.42090677476639,29859,15,13392,-7.028213505692091,36891,,14287
,0,,54400,15501,4.0,2020.0,0,0,-35.36013001999613,23718,15,12183,-6.976689996856859,38216,,14217
,0,,47204,15271,4.0,2020.0,0,0,-35.3214125188401,27305,15,13072,-7.254520684466103,41799,,14765
,0,,31633,14169,4.0,2020.0,0,0,-35.326229657566714,25851,15,12895,-7.064673319975148,28767,,13403
,0,,37686,14513,4.0,2020.0,0,0,-35.19452282924152,26480,15,12925,-7.008254825890147,31816,,13725
,0,,53129,15774,4.0,2020.0,0,0,-35.50472800040197,27949,15,13402,-7.2079473589862175,41651,,14785
,0,,49428,15625,4.0,2020.0,0,0,-35.46403746600361,24858,15,12472,-7.056913954543782,41706,,14706
,0,,49915,15548,4.0,2020.0,0,0,-35.49690264777928,29520,15,13406,-6.92269934621742,36626,,14518
,0,,49694,15642,4.0,2020.0,0,0,-35.415420608910175,26139,15,13083,-7.212488252908537,36774,,14405
,0,,38608,14816,4.0,2020.0,0,0,-35.36266980887156,22635,15,12370,-7.077543731519468,34757,,14135
,0,,51920,15346,4.0,2020.0,0,0,-35.43352244665778,21583,15,12043,-7.131247374697586,32464,,13647
,0,,38067,14761,4.0,2020.0,0,0,-35.28940994226115,26744,15,12929,-7.233177695404103,31824,,13880
,0,,51547,15686,4.0,2020.0,0,0,-35.50168999486364,29373,15,13038,-7.023394959971675,42591,,14952
,0,,49718,15414,4.0,2020.0,0,0,-35.30123582162222,23098,15,12269,-7.149254268781821,33990,,13970
,0,,44464,15386,4.0,2020.0,0,0,-35.49764925976944,28755,15,13143,-7.1886545122611025,33273,,14002
,0,,56201,15689,4.0,2020.0,0,0,-35.440646571416664,28967,15,12958,-7.000168414199343,38814,,14305
,0,,53893,15719,4.0,2020.0,0,0,-35.44487450528003,25011,15,12483,-7.065128463952789,37955,,14352
,0,,38861,14713,4.0,2020.0,0,0,-35.2905014829598,25652,15,12802,-7.068925794870118,33397,,13951
,0,,47404,15675,4.0,2020.0,0,0,-35.244975309022706,25185,15,12938,-7.215419276633108,34978,,14433
,0,,47519,15289,4.0,2020.0,0,0,-35.37705534126443,28182,15,13345,-6.929201977517718,38434,,14499
,0,,51643,15614,4.0,2020.0,0,0,-35.29472043905535,26356,15,12895,-7.231890941563764,33834,,13929
,0,,44221,15108,4.0,2020.0,0,0,-35.43910736312701,25038,15,12492,-7.06815281155526,29811,,13347
,0,,47498,15314,4.0,2020.0,0,0,-35.369475158717066,29528,15,13181,-7.194855624045817,35430,,14159
,0,,39992,14740,4.0,2020.0,0,0,-35.33384389368716,25268,15,12708,-6.973699469743877,35355,,14021
,0,,52759,15638,4.0,2020.0,0,0,-35.420136101488204,27200,15,13090,-7.262403792555416,38582,,14482
,0,,54071,15851,4.0,2020.0,0,0,-35.45095427370326,26079,15,12973,-6.955425793371509,43679,,15034
,0,,38972,14830,4.0,2020.0,0,0,-35.3121192680838,24864,15,12627,-7.279942080316504,32173,,13953
,0,,47057,15220,4.0,2020.0,0,0,-35.40655903426257,26277,15,12808,-7.174466334643153,37160,,14162
,0,,44956,15223,4.0,2020.0,0,0,-35.36774891508853,24276,15,12338,-6.999651956966745,33875,,14114
,0,,49707,15447,4.0,2020.0,0,0,-35.39259985472928,27175,15,12949,-6.942231891774223,40180,,14687
,0,,46535,15395,4.0,2020.0,0,0,-35.4498339805027,24210,15,12390,-7.020906509684561,33674,,14086
,0,,41579,15257,4.0,2020.0,0,0,-35.35511028964475,23792,15,12440,-7.232567304359582,34171,,14262
,0,,52622,15488,4.0,2020.0,0,0,-35.3431762704995,22853,15,12474,-6.922514401039984,31169,,13591
,0,,41283,15172,4.0,2020.0,0,0,-35.348819795452876,23089,15,12041,-7.2010404027936,31633,,13864
,0,,40915,14959,4.0,2020.0,0,0,-35.366774333472186,21592,15,12183,-7.186812896677682,32459,,13830
,0,,39275,14951,4.0,2020.0,0,0,-35.33295813419376,24591,15,12666,-7.071723693987358,31957,,13909
,0,,48924,15661,4.0,2020.0,0,0,-35.368286828047765,31547,15,14042,-7.248775726799745,39804,,15058
,0,,48252,15710,4.0,2020.0,0,0,-35.498265468584485,31273,15,14028,-6.923573253955891,39558,,14888
,0,,41584,15034,4.0,2020.0,0,0,-35.33942131055675,28590,15,13323,-7.268237472485418,36889,,14493
,0,,50151,15400,6.0,2020.0,0,0,-35.21021101164754,26950,21,12689,-7.197073695275836,36918,,14075
,0,,45072,15339,6.0,2020.0,0,0,-35.49594593730042,25097,21,12977,-6.947059791860583,37504,,14452
,0,,40628,15362,6.0,2020.0,0,0,-35.16119462349146,28542,21,13667,-7.280088628930147,32298,,14286
,0,,45205,14781,6.0,2020.0,0,0,-35.18334552687116,27908,21,13419,-6.958986276884533,37967,,14261
,0,,38875,15183,6.0,2020.0,0,0,-35.15877273126609,28318,21,13131,-7.169238926293462,36171,,14696
,0,,38732,14739,6.0,2020.0,0,0,-35.22968464040989,27124,21,13448,-7.149795930195789,32709,,14418
,0,,37702,14733,6.0,2020.0,0,0,-35.18657081026305,27698,21,12740,-7.272723178813751,32484,,13597
,0,,40415,14831,6.0,2020.0,0,0,-35.52056736680257,26345,21,12487,-7.098490005892997,31824,,13711
,0,,37704,14925,6.0,2020.0,0,0,-35.183898041967275,28310,21,13081,-7.283810023941998,36505,,14318
,0,,49489,15608,6.0,2020.0,0,0,-35.35607840715683,25450,21,12927,-7.178910489672845,30090,,13545
,0,,37410,14295,6.0,2020.0,0,0,-35.45891108115099,25830,21,12262,-7.282770445063593,27260,,12774
,0,,39348,14592,6.0,2020.0,0,0,-35.318880041278966,28698,21,12693,-7.163070655203613,33436,,13633
,0,,40953,15257,6.0,2020.0,0,0,-35.26050228286976,22028,21,12436,-6.91868843593802,30197,,14010
,0,,34078,14857,6.0,2020.0,0,0,-35.33775964039122,24145,21,13116,-7.279605915654595,32269,,14395
,0,,38861,14720,6.0,2020.0,0,0,-35.22350728300861,28001,21,13016,-7.116059846958693,35374,,14143
,0,,38277,14959,6.0,2020.0,0,0,-35.25156628953407,29597,21,13292,-7.056099936448223,34492,,14329
,0,,35440,14469,6.0,2020.0,0,0,-35.214499231616784,30941,21,13469,-6.9951185351133125,33161,,14181
,0,,40264,15714,6.0,2020.0,0,0,-35.35135874406594,30604,21,14081,-7.037881328488672,36319,,14994
,0,,41063,15234,4.0,2020.0,0,0,-35.60146782784397,23874,15,12544,-7.213977530284172,33396,,14369
,0,,43867,14856,4.0,2020.0,0,0,-35.552544972921645,25246,15,12609,-7.199515962119856,32862,,14079
,0,,42088,14909,4.0,2020.0,0,0,-35.59963726330676,27989,15,12943,-7.11605984340887,34362,,14085
,0,,43866,14582,4.0,2020.0,0,0,-35.79626613373142,24593,15,12509,-7.262403778745498,33504,,13781
,0,,37772,14637,4.0,2020.0,0,0,-35.79155063990584,29650,15,13087,-7.212488242454364,34221,,14241
,0,,41529,14953,4.0,2020.0,0,0,-35.872075989568636,24724,15,12607,-6.947059796645999,29678,,13853
,0,,36433,14277,4.0,2020.0,0,0,-35.55761429662071,22662,15,12320,-7.201033172229891,31488,,13660
,0,,48075,15542,4.0,2020.0,0,0,-35.617077620999474,27812,15,13508,-7.253482685165001,38334,,14917
,0,,48272,15436,4.0,2020.0,0,0,-35.69501004676881,32271,15,13563,-7.163070650288968,43592,,14872
,0,,43178,15364,4.0,2020.0,0,0,-35.677365822452344,30829,15,13595,-7.14925426518759,36217,,14611
,0,,40578,15034,4.0,2020.0,0,0,-35.586340988432745,24620,15,13096,-7.197073689713382,36841,,14607
,0,,44707,15114,4.0,2020.0,0,0,-35.745605177575136,30154,15,13885,-7.194855615842798,39720,,14839
,0,,41712,15307,4.0,2020.0,0,0,-35.77779673377908,26896,15,13057,-7.17336420483368,38053,,14892
,0,,46855,15207,4.0,2020.0,0,0,-35.61283502012896,29240,15,13252,-7.191437000246005,38143,,14460
,0,,47055,15669,4.0,2020.0,0,0,-35.62399163420412,27851,15,13238,-6.9952162785898855,37176,,14744
,0,,56026,16089,4.0,2020.0,0,0,-35.75318536212356,24222,15,12824,-6.929201980917976,36408,,14707
,0,,45200,15127,4.0,2020.0,0,0,-35.697542525004245,27067,15,13516,-7.254520673557303,37965,,14365
,0,,50474,15956,4.0,2020.0,0,0,-35.816776609074815,23752,15,12918,-7.0001684168941525,38367,,14879
,0,,43802,15489,4.0,2020.0,0,0,-35.564768403599395,28220,15,13351,-7.194715665667653,38458,,14739
,0,,44946,15305,4.0,2020.0,0,0,-35.542933128520616,30963,15,13732,-6.9415418694742,37747,,14630
,0,,39557,15287,4.0,2020.0,0,0,-35.82100454405557,22906,15,12895,-7.065128462328639,32394,,14467
,0,,46209,15072,4.0,2020.0,0,0,-35.55401623533833,29873,15,13575,-7.017402446548717,36034,,14241
,0,,45835,15711,4.0,2020.0,0,0,-35.858696392356514,24554,15,13016,-7.053959900559856,34982,,14622
,0,,50789,15596,4.0,2020.0,0,0,-35.57736880253471,29378,15,12681,-7.1040441362821145,36639,,14125
,0,,50481,15606,4.0,2020.0,0,0,-35.538832110356864,24907,15,12570,-7.045710848084211,34554,,14268
,0,,52523,15943,4.0,2020.0,0,0,-35.76872987969523,26103,15,13013,-6.942231895181271,32472,,14287
,0,,42959,14848,4.0,2020.0,0,0,-35.59081540089861,22713,15,12348,-7.0388668005222,31926,,13945
,0,,41429,14656,4.0,2020.0,0,0,-35.83167799528819,29566,15,13384,-7.062430152657636,35477,,14176
,0,,38674,15439,4.0,2020.0,0,0,-35.8596311758205,22474,15,12929,-6.930903640550206,30847,,14266
,0,,43435,15469,6.0,2020.0,0,0,-35.78947757165934,25995,21,12822,-7.253401391753282,35570,,14930
,0,,47165,15688,6.0,2020.0,0,0,-35.57065280188479,30502,21,13892,-7.008254824152946,42197,,15284
,0,,42117,16019,6.0,2020.0,0,0,-35.825964020587435,24475,21,12746,-7.020906510808499,34548,,14657
,0,,39644,14998,6.0,2020.0,0,0,-35.70997390313244,27946,21,13598,-6.973699471367401,35330,,14654
,0,,34920,13909,6.0,2020.0,0,0,-35.53039710424598,25658,21,12441,-7.101940408635904,29257,,13139
,0,,49462,15736,4.0,2020.0,0,0,-36.17011878728062,25898,15,13049,-7.169264090478482,36306,,14791
,0,,56040,15642,4.0,2020.0,0,0,-36.09513884698219,26184,15,12691,-7.038881744788132,35303,,14129
,0,,44516,15159,4.0,2020.0,0,0,-36.083793475969344,26375,15,12629,-7.279605924911826,32386,,13502
,0,,47779,15344,4.0,2020.0,0,0,-36.23256824154308,30680,15,13259,-7.06465077715991,33378,,14071
,0,,47681,15443,4.0,2020.0,0,0,-36.26305581490134,27852,15,12964,-6.923568742704418,32074,,13690
,0,,38674,14407,4.0,2020.0,0,0,-36.26857346746072,26710,15,12471,-7.246597723547055,29266,,13422
,0,,43149,14695,4.0,2020.0,0,0,-36.094043677497105,26056,15,12324,-7.212495405265847,30871,,13393
,0,,45283,15135,4.0,2020.0,0,0,-35.992825483822216,23885,15,12475,-7.231883051746802,32041,,13967
,0,,35206,14356,4.0,2020.0,0,0,-36.058491339196664,26586,15,12277,-7.279941756215825,32411,,13753
,0,,49521,15500,4.0,2020.0,0,0,-35.93418029290306,24661,15,12671,-7.283809346713374,35523,,14235
,0,,36574,14556,4.0,2020.0,0,0,-35.95111063574802,26556,15,12324,-7.257018803020503,29291,,13550
,0,,41917,15203,6.0,2020.0,0,0,-35.98326262743978,22624,21,12525,-6.97335398632042,32794,,14223
,0,,50521,15761,6.0,2020.0,0,0,-36.148891445338144,31790,21,13799,-6.973695377211598,35666,,14801
,0,,39734,15102,4.0,2020.0,0,0,-36.051052358681304,31087,15,13616,-6.995132238372485,34679,,14325
,0,,35122,14273,4.0,2020.0,0,0,-35.949619104331994,27553,15,12861,-6.9415515759367805,29287,,13656
,0,,42555,14618,4.0,2020.0,0,0,-36.10687636356419,32042,15,13536,-6.9225140287478,36840,,14379
,0,,59190,15778,4.0,2020.0,0,0,-36.221486815821386,28455,15,12645,-7.149788119741778,38375,,14419
,0,,43877,15007,4.0,2020.0,0,0,-36.21815938161033,26437,15,12637,-7.199523924589174,31465,,13953
,0,,35428,14182,4.0,2020.0,0,0,-36.2608159322459,27183,15,12541,-6.922695195776933,29009,,13444
,0,,36023,13591,4.0,2020.0,0,0,-36.14746542352305,27147,15,12443,-6.929199984532873,29592,,13060
,0,,40189,14644,4.0,2020.0,0,0,-36.25563962064991,30736,15,12823,-6.930896964750859,32778,,13743
,0,,41787,14784,4.0,2020.0,0,0,-36.03290242858505,25868,15,11909,-7.153293406438955,32105,,13720
,0,,38528,14522,4.0,2020.0,0,0,-36.263692440112465,24712,15,12324,-6.914654540671398,31131,,13384
,0,,38596,14733,4.0,2020.0,0,0,-35.9017985378809,21552,15,12402,-6.96109366626241,32901,,14037
,0,,34680,13858,4.0,2020.0,0,0,-36.05389345877955,24213,15,12026,-7.232566621602999,28500,,13157
,0,,48299,15053,4.0,2020.0,0,0,-36.13167598382502,27837,15,13691,-6.987092857304063,31633,,13741
,0,,45485,14465,4.0,2020.0,0,0,-36.22475073262334,29258,15,12884,-7.201037566335121,34813,,13685
,0,,51704,15522,4.0,2020.0,0,0,-35.916353766249884,24798,15,12674,-7.1492241727970525,42456,,14841
,0,,45033,15312,4.0,2020.0,0,0,-35.9145322534621,25876,15,12803,-7.028189878232727,37117,,14581
,0,,37072,13963,4.0,2020.0,0,0,-36.13306415503833,25970,15,12444,-7.2534059039015535,31904,,13328
,0,,34085,14110,4.0,2020.0,0,0,-35.90613381470461,27899,15,13059,-7.000145760193992,31655,,13605
,0,,40703,14328,4.0,2020.0,0,0,-35.933159308761546,30432,15,13008,-7.085293523645351,38724,,13900
,0,,36166,13848,4.0,2020.0,0,0,-35.93613314561327,27018,15,12383,-7.0208966556659504,34273,,13594
,0,,45553,15078,4.0,2020.0,0,0,-35.986476610342685,23792,15,12192,-7.05692141997653,33160,,14111
,0,,48266,15030,4.0,2020.0,0,0,-36.18316163674597,25747,15,12159,-7.171078082195929,38293,,14012
,0,,37809,14141,4.0,2020.0,0,0,-35.97282033475859,28749,15,12693,-7.068150791219372,33112,,13466
,0,,59241,16185,4.0,2020.0,0,0,-35.905797507942495,28322,15,12699,-7.0775095133845065,35520,,13928
,0,,36389,14129,4.0,2020.0,0,0,-35.98352119963091,26911,15,12159,-7.062434663525732,30681,,13208
,0,,40584,14337,4.0,2020.0,0,0,-35.97555330627271,29055,15,12585,-7.065128452603968,35713,,13676
,0,,40959,14433,4.0,2020.0,0,0,-35.988807912859905,26471,15,11946,-7.233169454218385,30250,,12745
,0,,33896,13895,6.0,2020.0,0,0,-35.99050223737202,24501,21,12086,-7.02341537573878,30101,,13216
,0,,34375,13663,6.0,2020.0,0,0,-36.05488754390176,28352,21,12620,-7.050278119521459,31500,,13262
,0,,39225,14534,6.0,2020.0,0,0,-36.25182087268658,30861,21,13428,-7.268568534553864,34738,,13848
,0,,37880,14439,6.0,2020.0,0,0,-36.03057091233989,26027,21,11918,-7.131254706622144,32905,,13256
,0,,46813,15777,4.0,2020.0,0,0,-35.7083719033426,23075,15,12608,-7.744508629870666,32433,,14608
,0,,37817,15169,4.0,2020.0,0,0,-35.695085159831365,24408,15,13057,-7.961983674949109,35786,,14951
,0,,45808,15292,4.0,2020.0,0,0,-35.664863748285406,24775,15,12882,-7.922582860523177,38790,,14784
,0,,36311,14374,4.0,2020.0,0,0,-35.62484155197608,20604,15,11812,-7.928116294480821,30543,,14027
,0,,51022,15994,4.0,2020.0,0,0,-35.823336828520915,30014,15,13545,-7.7443190507246165,38563,,14933
,0,,38118,14883,4.0,2020.0,0,0,-35.77622294345301,24836,15,13268,-7.93788875195435,34278,,14359
,0,,43643,15366,4.0,2020.0,0,0,-35.87336092642826,28829,15,13301,-7.946265778684896,37624,,14763
,0,,47640,15523,4.0,2020.0,0,0,-35.644239846626625,26146,15,12711,-7.668002975965357,30787,,14108
,0,,52521,15695,4.0,2020.0,0,0,-35.697903757241185,25656,15,12851,-8.017417081097229,37084,,14232
,0,,43534,15289,4.0,2020.0,0,0,-35.67086341523911,30280,15,13404,-7.923685916282192,35435,,14630
,0,,40775,14934,4.0,2020.0,0,0,-35.77275964913302,28267,15,12962,-7.722987747161051,29447,,13545
,0,,41586,15097,4.0,2020.0,0,0,-35.654436159452054,25108,15,12322,-7.880486695259957,30254,,13622
,0,,41989,15173,4.0,2020.0,0,0,-35.85724909299784,22834,15,12232,-7.782975946320904,32979,,14136
,0,,43529,15349,4.0,2020.0,0,0,-35.802047231588176,30103,15,13139,-7.725972591670697,34748,,14504
,0,,43987,15331,4.0,2020.0,0,0,-35.80702618545197,28329,15,13411,-7.920294073171751,35185,,14521
,0,,45054,15383,4.0,2020.0,0,0,-35.65676827961988,28883,15,13141,-7.902516966230315,38194,,14652
,0,,39291,14368,4.0,2020.0,0,0,-35.793982591948904,28698,15,12982,-7.918481038848749,35323,,13863
,0,,42328,14775,4.0,2020.0,0,0,-35.772765752417705,27781,15,12797,-8.011589181741527,33446,,14051
,0,,42401,14869,4.0,2020.0,0,0,-35.805305990581076,25140,15,12649,-7.865300390570697,33788,,13817
,0,,35071,14253,4.0,2020.0,0,0,-35.894189412468904,28005,15,12764,-7.940616474251807,32357,,13677
,0,,41416,15295,4.0,2020.0,0,0,-35.63980642387502,30606,15,13141,-7.950240213106166,37390,,14490
,0,,44570,15223,4.0,2020.0,0,0,-35.607522692950305,27060,15,12915,-7.708296296398038,34139,,14014
,0,,50679,15454,4.0,2020.0,0,0,-35.84202567424666,25359,15,12825,-7.94872810914413,35706,,14200
,0,,38309,14744,4.0,2020.0,0,0,-35.7981140493103,27989,15,12842,-7.823153778140771,30486,,13598
,0,,51493,15435,4.0,2020.0,0,0,-35.83201107914077,25782,15,12578,-8.031943801341686,31753,,13626
,0,,39373,14513,4.0,2020.0,0,0,-35.84942490744172,28764,15,12332,-7.943923360785316,33214,,13776
,0,,38234,14438,4.0,2020.0,0,0,-35.84535393944909,26879,15,12495,-7.899011298483918,31331,,13743
,0,,34286,14258,6.0,2020.0,0,0,-35.70861953224508,26051,21,12862,-7.84777262738898,32034,,13822
,0,,35125,14835,6.0,2020.0,0,0,-35.773172989000564,25108,21,12481,-7.805363698192241,30619,,13698
,0,,41812,15024,6.0,2020.0,0,0,-35.88468594738277,25967,21,12587,-7.672004200848749,32324,,13961
,0,,43581,15046,6.0,2020.0,0,0,-35.77133491018306,28931,21,13211,-7.678509455876457,37281,,14384
,0,,43027,15262,6.0,2020.0,0,0,-35.67491801064348,25029,21,12812,-7.744416676624616,33657,,14338
,0,,35602,14225,6.0,2020.0,0,0,-35.879509585019285,26064,21,12181,-7.680203018679746,30463,,13278
,0,,33793,14245,6.0,2020.0,0,0,-35.82497752553612,30096,21,13308,-7.818168704178381,32575,,13695
,0,,49253,15295,4.0,2020.0,0,0,-35.98351679052786,25015,15,12220,-7.811692218569302,32388,,14012
,0,,47550,15178,4.0,2020.0,0,0,-36.08450190587728,23018,15,11822,-7.744508613021439,32124,,14127
,0,,41277,15289,4.0,2020.0,0,0,-36.23337905029783,27709,15,13002,-7.782975954787504,32736,,14297
,0,,49624,15792,4.0,2020.0,0,0,-36.148895735380954,26075,15,12838,-8.011589207730278,35560,,14549
,0,,45332,15464,4.0,2020.0,0,0,-36.051048023351555,27528,15,12433,-7.74441665549582,41150,,14428
,0,,49937,15368,4.0,2020.0,0,0,-36.147109617226405,27454,15,12511,-7.853301273667177,34657,,14156
,0,,40818,14509,4.0,2020.0,0,0,-36.24768294430677,28108,15,12653,-7.7047097075637785,35727,,13510
,0,,43277,14371,4.0,2020.0,0,0,-36.22148390035978,28726,15,12558,-7.899011324540352,31624,,12841
,0,,36231,14239,4.0,2020.0,0,0,-36.24949087882973,25551,15,12462,-7.9462658160927475,31105,,13512
,0,,49825,15259,4.0,2020.0,0,0,-36.058491122074216,24437,15,12338,-8.029116950650046,34790,,14003
,0,,47038,15234,4.0,2020.0,0,0,-36.09803960237311,28142,15,12461,-7.851217966838962,31824,,13155
,0,,43600,14816,4.0,2020.0,0,0,-36.063078956251786,24555,15,12111,-7.7249152565395836,31506,,13609
,0,,53257,15540,4.0,2020.0,0,0,-36.17424402457607,24159,15,12355,-7.823153785680309,34904,,13738
,0,,49264,14993,4.0,2020.0,0,0,-36.1831561580053,28151,15,12673,-7.920294097845319,33306,,13357
,0,,37265,14633,6.0,2020.0,0,0,-35.91635319261718,25914,21,11864,-7.898446405780503,33551,,13722
,0,,35188,14063,6.0,2020.0,0,0,-35.95756814015954,26771,21,12030,-7.690364403868981,30647,,12829
,0,,40344,15362,6.0,2020.0,0,0,-36.081515883013566,27932,21,12900,-7.6611802249224725,29654,,13572
,0,,46916,15518,6.0,2020.0,0,0,-35.97554935709447,23460,21,12419,-7.8143847858588025,37730,,14525
,0,,44430,15180,6.0,2020.0,0,0,-36.04425734023608,28823,21,12660,-7.757552738206601,35187,,13784
,0,,40887,14845,6.0,2020.0,0,0,-36.147464893590545,24762,21,12293,-7.678509436180475,29321,,13502
,0,,33695,13665,6.0,2020.0,0,0,-35.90461987546663,26363,21,12156,-7.869760399595807,29149,,12826
,0,,39970,15062,4.0,2020.0,0,0,-35.986471936014006,28621,15,13430,-7.806181156372596,34431,,14394
,0,,46943,15710,4.0,2020.0,0,0,-35.947868495178824,27936,15,12883,-7.91226807119872,39424,,14851
,0,,52828,15954,4.0,2020.0,0,0,-35.90546213237385,25793,15,12756,-7.963151864451131,38201,,14621
,0,,32882,14231,4.0,2020.0,0,0,-35.90774630759298,27391,15,12624,-8.029258106217199,31888,,13869
,0,,50623,15664,4.0,2020.0,0,0,-35.96074810316885,29103,15,13233,-8.002658593800781,38626,,14435
,0,,47578,15282,4.0,2020.0,0,0,-36.268573019882105,29229,15,12893,-7.995782131959959,34995,,14095
,0,,45532,15537,6.0,2020.0,0,0,-35.97281657724545,29681,21,13649,-7.817405897166962,38676,,14848
,0,,41995,14862,6.0,2020.0,0,0,-35.9145312808038,26869,21,12835,-7.777458473676547,33578,,13993
,0,,41637,14973,6.0,2020.0,0,0,-35.90579714240171,28514,21,13149,-7.826758848181969,35002,,14060
,0,,42416,15293,4.0,2020.0,0,0,-36.291386243849935,30131,15,13089,-7.799508519652973,33943,,14138
,0,,53022,15780,4.0,2020.0,0,0,-36.5417383833694,23917,15,12639,-8.002586210692412,31805,,13869
,0,,45082,15331,4.0,2020.0,0,0,-36.42311327363229,28652,15,12744,-7.981084519067976,36937,,14240
,0,,39128,14513,4.0,2020.0,0,0,-36.317031203893166,26205,15,12415,-7.943921337450477,32221,,13349
,0,,37515,14788,6.0,2020.0,0,0,-36.52069853019099,28154,21,13479,-7.961979932790162,34487,,14523
,0,,39508,14751,6.0,2020.0,0,0,-36.49786838658617,28193,21,13397,-7.944063445414961,36582,,14388
,0,,49300,15799,6.0,2020.0,0,0,-36.44670667072211,28714,21,13291,-7.869799399419041,35179,,14547
,0,,36937,14369,4.0,2020.0,0,0,-36.47975477291285,27932,15,12749,-7.7871494767363005,34465,,13897
,0,,42688,15014,4.0,2020.0,0,0,-36.496678162068484,31107,15,13669,-7.997962870628164,37899,,14596
,0,,43336,15105,4.0,2020.0,0,0,-36.41780277249218,24942,15,12211,-7.982370729754193,33441,,13966
,0,,40354,14986,4.0,2020.0,0,0,-36.37449529208591,25456,15,12482,-7.724906920318102,32101,,13399
,0,,40404,14327,4.0,2020.0,0,0,-36.449803976352456,29286,15,12881,-8.003705734085573,32039,,13536
,0,,50616,15500,4.0,2020.0,0,0,-36.298382979707256,28527,15,12718,-7.9202735446618915,30707,,13368
,0,,39977,13954,4.0,2020.0,0,0,-36.56750157350482,23819,15,12314,-7.817408162820273,36620,,13631
,0,,43867,15118,4.0,2020.0,0,0,-36.33860523718224,25591,15,12354,-7.946279102474128,30807,,13341
,0,,42854,14772,4.0,2020.0,0,0,-36.561915644722305,30062,15,12930,-7.880478646489963,36186,,13818
,0,,49725,15179,4.0,2020.0,0,0,-36.311735912225316,33390,15,13037,-7.708282182231645,39494,,14202
,0,,40979,14784,4.0,2020.0,0,0,-36.477213205103276,28238,15,12749,-7.9502459651941715,35504,,13946
,0,,40804,14396,6.0,2020.0,0,0,-36.43158124060779,28421,21,12909,-7.73638154703031,32992,,13421
,0,,38012,14304,4.0,2020.0,0,0,-36.548526681959075,27813,15,12646,-8.01158502097142,32092,,13355
,0,,48402,15562,4.0,2020.0,0,0,-36.38703423321672,28647,15,12559,-7.823156138488263,34279,,13856
,0,,51436,15595,4.0,2020.0,0,0,-36.534952035392266,28432,15,13345,-7.923681537339048,31819,,13706
,0,,53454,15313,4.0,2020.0,0,0,-36.30480700621188,28872,15,12620,-7.9487193814451365,35168,,13494
,0,,50505,15579,4.0,2020.0,0,0,-36.62433803018012,31470,15,13288,-7.696359922142713,35136,,14162
,0,,50428,15363,4.0,2020.0,0,0,-36.53431996647734,31806,15,13483,-7.9401352345158775,41309,,14656
,0,,52001,15400,4.0,2020.0,0,0,-36.30363895591905,33720,15,13277,-7.690354419196327,37250,,14000
,0,,41054,15167,4.0,2020.0,0,0,-36.53005986313404,22441,15,11868,-7.922579913532822,29380,,13691
,0,,43689,14789,4.0,2020.0,0,0,-36.29519327796803,34233,15,13007,-7.690843881335063,37244,,14065
,0,,44044,15480,4.0,2020.0,0,0,-36.5209916494994,29526,15,13804,-7.691536387193367,37498,,14721
,0,,39878,14464,4.0,2020.0,0,0,-36.61189271469713,27766,15,12997,-7.680210391609411,34165,,13975
,0,,41541,14581,4.0,2020.0,0,0,-36.46135508244071,31857,15,13065,-7.82097889232426,36757,,13996
,0,,40876,15438,6.0,2020.0,0,0,-35.1346658330541,25684,21,13360,-7.298259012456354,36902,,14912
,0,,46081,15518,4.0,2020.0,0,0,-35.33249356697433,33247,15,13991,-7.47318614129199,40261,,14971
,0,,45431,15515,4.0,2020.0,0,0,-35.51805948481914,29699,15,13890,-7.566049707879161,42254,,15025
,0,,44726,15343,4.0,2020.0,0,0,-35.510795794321005,30545,15,14084,-7.298259005385517,40706,,15068
,0,,37954,14949,4.0,2020.0,0,0,-35.29879017931278,27228,15,13040,-7.369810407466379,33155,,14270
,0,,50376,15349,4.0,2020.0,0,0,-35.396630530195885,29290,15,13429,-7.348377523114335,38856,,14450
,0,,42392,14931,4.0,2020.0,0,0,-35.39520514962235,32260,15,13777,-7.30389068117021,37625,,14670
,0,,43421,15729,6.0,2020.0,0,0,-35.425917926159066,20834,21,12473,-7.351363194693219,36993,,14976
,0,,42543,15207,6.0,2020.0,0,0,-35.23139432040252,29971,21,13763,-7.333683597425901,34912,,14445
,0,,53058,15622,4.0,2020.0,0,0,-35.205309221231616,24974,15,12716,-7.315748634299064,36210,,13959
,0,,47812,15387,4.0,2020.0,0,0,-35.332243740014896,24052,15,12504,-7.3699023138305595,36961,,14417
,0,,51710,15463,4.0,2020.0,0,0,-35.28454747696712,28070,15,13488,-7.392099325202927,38576,,14503
,0,,42427,15176,4.0,2020.0,0,0,-35.39485244619981,27801,15,13069,-7.478716050568986,37970,,14484
,0,,45423,15537,4.0,2020.0,0,0,-35.3108205193106,22906,15,12318,-7.350305228011519,28544,,13468
,0,,43879,15113,4.0,2020.0,0,0,-35.37941472282487,28045,15,13298,-7.361772532875121,33724,,14069
,0,,53026,15708,4.0,2020.0,0,0,-35.354616132247536,24674,15,12494,-7.297206188775304,33328,,13683
,0,,43880,14630,4.0,2020.0,0,0,-35.48111962485156,30524,15,13499,-7.408378231183078,36222,,14276
,0,,45545,15273,4.0,2020.0,0,0,-35.45657626610901,27656,15,12813,-7.374313934562255,34265,,14446
,0,,42946,15062,4.0,2020.0,0,0,-35.447207514979446,26703,15,12719,-7.369713420690739,34397,,14081
,0,,41482,14740,4.0,2020.0,0,0,-35.50337957335139,28300,15,12958,-7.305585962530367,32887,,13792
,0,,45288,15268,4.0,2020.0,0,0,-35.50855590973065,23125,15,12245,-7.297385669584071,35448,,14185
,0,,37902,15323,4.0,2020.0,0,0,-35.30262400412986,28476,15,13641,-7.424945717645668,33597,,14436
,0,,53812,15631,4.0,2020.0,0,0,-35.42382179474153,25588,15,12689,-7.316914996009887,37212,,14519
,0,,45468,15317,4.0,2020.0,0,0,-35.47854781791126,24333,15,12519,-7.412528509987951,28989,,13600
,0,,52710,15870,4.0,2020.0,0,0,-35.26811007787466,26434,15,13124,-7.293382201630057,33910,,14055
,0,,50798,15625,4.0,2020.0,0,0,-35.23437656266245,25088,15,12532,-7.315057928701147,30509,,13522
,0,,43297,15170,4.0,2020.0,0,0,-35.3292558887204,25925,15,12370,-7.286557939761178,30060,,13366
,0,,46033,15367,4.0,2020.0,0,0,-35.736261658285635,33895,15,13926,-7.351371719151193,38552,,14856
,0,,41092,15437,4.0,2020.0,0,0,-35.599639098689245,27542,15,13401,-7.490714207404202,36826,,15031
,0,,48861,15120,4.0,2020.0,0,0,-35.55768124610759,31326,15,13674,-7.3187797361454345,40831,,14532
,0,,45933,15186,4.0,2020.0,0,0,-35.58114653152416,30575,15,13433,-7.315050532208224,40013,,14749
,0,,43878,14917,4.0,2020.0,0,0,-35.55566319879745,30418,15,13381,-7.621236388869024,35358,,14077
,0,,52342,15359,4.0,2020.0,0,0,-35.53732482431445,32461,15,13648,-7.65471055537249,38663,,14508
,0,,53825,15975,4.0,2020.0,0,0,-35.55761548627789,25913,15,12931,-7.57567063184347,38963,,14797
,0,,55172,15878,4.0,2020.0,0,0,-35.85963194850279,23135,15,12477,-7.305592930296682,38633,,14625
,0,,42358,14908,6.0,2020.0,0,0,-35.534903076533396,26286,21,12499,-7.543882065232528,33434,,14018
,0,,52955,15875,4.0,2020.0,0,0,-35.88590935996189,27906,15,12779,-7.62086576708238,37223,,14328
,0,,57071,15866,4.0,2020.0,0,0,-35.72495150738901,25128,15,12945,-7.575679113760604,36608,,14444
,0,,54960,15816,4.0,2020.0,0,0,-35.727491765288214,29873,15,13712,-7.412551336505696,42157,,15047
,0,,41974,15458,4.0,2020.0,0,0,-35.67736930914202,27570,15,13070,-7.5239028744593135,38244,,15000
,0,,40048,14820,4.0,2020.0,0,0,-35.873779587230594,26747,15,12676,-7.563294110834557,34843,,14318
,0,,40909,15159,4.0,2020.0,0,0,-35.559475702910284,27837,15,13203,-7.3336701806106666,33817,,14163
,0,,47912,15369,4.0,2020.0,0,0,-35.551378851817226,27461,15,13219,-7.315739118332034,38880,,14686
,0,,39548,15038,6.0,2020.0,0,0,-35.79155154475937,26687,21,13211,-7.587124404406054,34866,,14239
,0,,48642,15716,4.0,2020.0,0,0,-35.82100651420872,26899,15,13088,-7.439792570302023,36289,,14515
,0,,48853,15467,4.0,2020.0,0,0,-35.55401662700015,26687,15,13246,-7.392075056862467,32716,,13925
,0,,50537,15403,4.0,2020.0,0,0,-35.63477211243858,31162,15,12980,-7.448565220124915,37511,,14091
,0,,40584,14847,6.0,2020.0,0,0,-35.768437436760216,27003,21,12574,-7.58741550062658,34114,,13649
,0,,59786,16055,4.0,2020.0,0,0,-35.57065334633532,25908,15,12914,-7.382929460461907,37599,,14511
,0,,36113,14234,4.0,2020.0,0,0,-35.70909161210408,28727,15,13078,-7.446387229086665,32738,,13785
,0,,46659,15308,6.0,2020.0,0,0,-35.59081641450091,25874,21,12658,-7.413535855022137,34470,,13804
,0,,35411,14451,6.0,2020.0,0,0,-35.62399262343449,20782,21,11438,-7.369894079645894,31744,,13699
,0,,48552,15554,4.0,2020.0,0,0,-35.55254598748753,24745,15,12516,-7.574153625806922,29036,,13459
,0,,40508,14640,4.0,2020.0,0,0,-35.56476980165355,27698,15,12865,-7.569354454413485,33129,,14110
,0,,51993,15679,4.0,2020.0,0,0,-35.53039728736784,24442,15,12502,-7.476596369738268,37021,,14317
,0,,43915,15229,4.0,2020.0,0,0,-35.87439602984062,27391,15,13024,-7.298263697121467,35961,,14390
,0,,38705,14195,4.0,2020.0,0,0,-35.796266410275706,30770,15,12700,-7.637030322953192,32537,,13398
,0,,43524,14982,4.0,2020.0,0,0,-35.782690550654905,27117,15,12866,-7.549109857666322,37159,,14579
,0,,44402,15102,4.0,2020.0,0,0,-35.75318584492226,32082,15,13859,-7.303892741854261,39950,,14792
,0,,36860,14714,4.0,2020.0,0,0,-35.53912596644261,26043,15,12945,-7.42491438523359,33070,,13940
,0,,39288,14667,4.0,2020.0,0,0,-35.54468054494225,29137,15,12873,-7.348017313045514,33736,,13807
,0,,45249,15212,4.0,2020.0,0,0,-35.78947797975415,31151,15,12883,-7.62802972539194,34976,,13736
,0,,40859,15188,4.0,2020.0,0,0,-35.553488343955856,26819,15,12866,-7.375508797682002,32334,,13925
,0,,37605,14645,4.0,2020.0,0,0,-35.71930654183372,27491,15,13153,-7.297206547763783,34866,,14188
,0,,34349,14240,4.0,2020.0,0,0,-35.73880366436055,29595,15,13245,-7.452206101749965,33537,,13707
,0,,44622,15297,4.0,2020.0,0,0,-35.590629874002275,29950,15,13226,-7.369795975203786,35294,,14204
,0,,40258,14671,4.0,2020.0,0,0,-35.627698045218025,25416,15,12447,-7.430766095067738,30729,,13102
,0,,33481,14152,4.0,2020.0,0,0,-35.87303317128442,25518,15,11942,-7.297389981814638,28183,,13021
,0,,42997,15001,4.0,2020.0,0,0,-36.01090213734694,22725,15,11828,-7.448565205607448,31377,,13548
,0,,40825,14829,4.0,2020.0,0,0,-35.93014667646251,25359,15,12736,-7.392075034108765,32689,,13979
,0,,38445,14386,4.0,2020.0,0,0,-35.91496242460072,23490,15,12028,-7.420377727071647,32540,,13685
,0,,56898,15732,6.0,2020.0,0,0,-35.929618393579375,28637,21,13227,-7.37550877645558,39075,,14549
,0,,44297,15159,4.0,2020.0,0,0,-35.96675991233306,25496,15,12811,-7.3697959608642964,33828,,14091
,0,,45124,15245,4.0,2020.0,0,0,-36.234827408684275,29697,15,13100,-7.428625626271226,33349,,13605
,0,,42757,14892,4.0,2020.0,0,0,-36.19713648251784,27894,15,13025,-7.439792585068525,33993,,13721
,0,,43583,15437,4.0,2020.0,0,0,-35.97760032673953,27048,15,13071,-7.58861310482026,33438,,14614
,0,,40009,14725,4.0,2020.0,0,0,-36.158820530609574,26220,15,12404,-7.549109852132382,32073,,13636
,0,,49082,15666,4.0,2020.0,0,0,-35.92867603739597,29393,15,13262,-7.5741535850073065,36976,,14621
,0,,47982,15332,4.0,2020.0,0,0,-36.08075894132443,29797,15,12977,-7.286557931515929,38104,,13870
,0,,44939,15601,4.0,2020.0,0,0,-36.158188674988985,29214,15,13146,-7.565566698789228,34535,,14440
,0,,41593,15392,4.0,2020.0,0,0,-36.25395061852403,30666,15,13955,-7.398066217188512,34515,,14432
,0,,39349,14989,4.0,2020.0,0,0,-35.922252305983974,28224,15,12885,-7.545702408177573,33722,,14239
,0,,44011,15486,4.0,2020.0,0,0,-35.93374553464469,27832,15,13255,-7.5756705917590885,37085,,14705
,0,,48750,15359,6.0,2020.0,0,0,-35.962473150290315,25785,21,12521,-7.571712312077205,32501,,13550
,0,,37489,14580,4.0,2020.0,0,0,-35.97576913427853,27967,15,12622,-7.490714182781942,30016,,13439
,0,,38965,14841,4.0,2020.0,0,0,-35.998364573948194,23952,15,12218,-7.350297261153653,31912,,13790
,0,,40610,14955,4.0,2020.0,0,0,-36.00012265162049,23962,15,12582,-7.369894070979702,31425,,13972
,0,,39270,14706,6.0,2020.0,0,0,-35.91345487887272,24816,21,12445,-7.654710503692794,30687,,13565
,0,,32703,14071,4.0,2020.0,0,0,-36.153928281269614,27587,15,12388,-7.548007979487894,32034,,13621
,0,,39208,14535,6.0,2020.0,0,0,-35.98194696405363,24156,21,11955,-7.52444386719567,29615,,13005
,0,,38094,14726,4.0,2020.0,0,0,-35.915256020433475,21883,15,11816,-7.424914356728026,29771,,13471
,0,,41363,15156,4.0,2020.0,0,0,-35.93381129445466,26218,15,12547,-7.318779721170946,35129,,14179
,0,,35150,14646,4.0,2020.0,0,0,-36.0038280722779,28275,15,12960,-7.430766081083014,28920,,13357
,0,,32615,13782,4.0,2020.0,0,0,-35.957276572739005,26703,15,12208,-7.3150505216043396,29638,,13036
,0,,41985,15284,6.0,2020.0,0,0,-36.16598854938102,26569,21,12809,-7.527937169366636,33958,,13939
,0,,41700,14738,4.0,2020.0,0,0,-36.11239165234732,24942,15,12070,-7.351371731439815,31963,,12981
,0,,36358,14572,4.0,2020.0,0,0,-36.01276239687818,24496,15,12439,-7.293381025840514,28735,,13173
,0,,37160,14602,4.0,2020.0,0,0,-36.24990953950812,27552,15,12901,-7.563294114914818,30091,,13575
,0,,55577,15915,4.0,2020.0,0,0,-36.121736774113245,23627,15,12201,-7.569495448424772,36974,,14645
,0,,32965,13941,6.0,2020.0,0,0,-36.27282740377226,25098,21,12543,-7.473146475195684,29614,,13131
,0,,33547,13693,6.0,2020.0,0,0,-36.12054749725699,28064,21,12591,-7.623405202846268,29365,,12845
,0,,36376,14145,4.0,2020.0,0,0,-35.919063254383,23901,15,11791,-7.316228811034377,28914,,12920
,0,,42581,14922,4.0,2020.0,0,0,-36.11903612176202,29051,15,12546,-7.561454275490223,34053,,14265
,0,,36877,14420,4.0,2020.0,0,0,-36.129315833841964,30752,15,13004,-7.303892761667972,37307,,13814
,0,,38432,14198,4.0,2020.0,0,0,-36.23576190507629,27064,15,12421,-7.305592968115933,32057,,13682
,0,,35237,14655,6.0,2020.0,0,0,-35.920810597244916,26245,21,12921,-7.3480172930093,30675,,13797
,0,,32897,14049,6.0,2020.0,0,0,-35.93179324775836,28995,21,12911,-7.6212363440010575,30794,,13520
,0,,45501,15163,4.0,2020.0,0,0,-36.250525981932,24350,15,13031,-7.298263738177107,32999,,13818
,0,,36835,14291,4.0,2020.0,0,0,-36.36276654689319,27277,15,13006,-7.315057945774579,31667,,13437
,0,,41914,14593,4.0,2020.0,0,0,-36.55430795452575,28479,15,12886,-7.3513632076941855,34534,,13916
,0,,31033,13511,4.0,2020.0,0,0,-36.63982247944322,26333,15,12744,-7.289346518778641,30620,,13288
,0,,43877,15030,4.0,2020.0,0,0,-36.34305010693468,25163,15,12818,-7.318789665867644,36240,,14270
,0,,43323,14312,4.0,2020.0,0,0,-36.36493733024417,32243,15,12248,-7.6078014822909195,37304,,13774
,0,,47833,15005,4.0,2020.0,0,0,-36.302673231809614,28364,15,13274,-7.5900346688961795,32917,,13787
,0,,40878,14365,4.0,2020.0,0,0,-36.575597548253974,31008,15,13414,-7.369713432206266,38169,,14029
,0,,38311,14802,4.0,2020.0,0,0,-36.39578323399851,25085,15,12429,-7.375531031266657,28801,,13502
,0,,50081,15432,4.0,2020.0,0,0,-36.33369919875285,29401,15,13038,-7.315748651529866,35147,,13717
,0,,42498,15343,4.0,2020.0,0,0,-36.450164112848555,31046,15,13179,-7.6428631529117546,33391,,14068
,0,,50979,16070,4.0,2020.0,0,0,-36.3920675798379,26380,15,12468,-7.5756736494275545,32832,,14007
,0,,41460,14538,4.0,2020.0,0,0,-36.58496630154104,31924,15,13010,-7.374313945673468,38233,,14212
,0,,31904,13386,4.0,2020.0,0,0,-36.639185842256786,26561,15,12280,-7.298259021548366,31206,,13242
,0,,35997,14226,4.0,2020.0,0,0,-36.59761539113533,28106,15,12933,-7.52443567632875,32562,,13662
,0,,41379,14783,4.0,2020.0,0,0,-36.64470328874403,25663,15,12898,-7.621225867077232,31928,,13787
,0,,42579,15272,4.0,2020.0,0,0,-36.4606337467948,30459,15,13884,-7.369902326210428,35914,,14611
,0,,30673,14046,4.0,2020.0,0,0,-36.6069378584085,26589,15,12889,-7.412528518178279,27716,,13581
,0,,39437,14581,6.0,2020.0,0,0,-36.50919328382255,29415,21,13853,-7.628034454391278,33795,,14141
,0,,42346,14352,4.0,2020.0,0,0,-36.5575681863035,30253,15,13256,-7.490717783538373,36529,,13862
,0,,35405,14373,4.0,2020.0,0,0,-36.55037592748792,27422,15,12961,-7.448563007824099,30181,,13460
,0,,43863,14798,4.0,2020.0,0,0,-36.608697536338575,29573,15,13151,-7.43931450958226,38119,,14178
,0,,32196,14032,4.0,2020.0,0,0,-36.46088357381573,27048,15,12738,-7.473186146213189,34232,,13367
,0,,33931,14454,4.0,2020.0,0,0,-36.48300614418419,28516,15,13321,-7.297206206226478,31148,,14070
,65535,,14276,7382,8.0,2020.0,65535,65535,-34.83836923203994,12130,33,4319,-6.995118518417154,12890,,5492
,65535,,15372,8418,8.0,2020.0,65535,65535,-34.87173165220777,12925,33,5718,-6.995216265523498,14502,,7587
,65535,,14367,7438,8.0,2020.0,65535,65535,-34.869973818038325,12624,33,5353,-6.975615708960281,13305,,6311
,65535,,16094,8888,8.0,2020.0,58560,65535,-35.231000519155494,15148,33,7878,-7.348035808231908,15294,,8186
,65535,,23267,11809,8.0,2020.0,0,0,-35.715551692956176,23129,33,10330,-7.642863302310852,22174,,10632
,65535,,17673,8524,8.0,2020.0,65535,65535,-36.18578403724354,12829,33,4339,-7.505898933394417,12946,,4478
,0,,42855,15484,0.0,2021.0,0,0,-35.405927391500065,26246,3,12938,-7.190926336595087,32611,,14092
,0,,41332,15056,1.0,2021.0,0,0,-35.48256634362336,21268,4,12209,-7.053959902372851,29513,,13723
,0,,44371,15546,1.0,2021.0,0,0,-35.31830887654339,21627,4,12276,-7.120562965672601,29243,,13841
,0,,36425,15723,0.0,2021.0,0,0,-35.41372688034437,24936,3,12996,-7.153289646347662,32240,,14675
,0,,48803,16040,0.0,2021.0,0,0,-35.516845076539354,24459,3,12679,-7.26856190555438,35639,,15053
,0,,44015,15551,1.0,2021.0,0,0,-35.21468542293104,26518,4,13701,-7.038866802544595,38422,,15044
,0,,39838,15157,1.0,2021.0,0,0,-35.564768403599395,26415,4,12929,-7.194715665667653,30728,,13872
,0,,42183,15927,1.0,2021.0,0,0,-35.56270078080428,25159,4,13024,-7.272723169973056,33444,,14877
,0,,41441,15737,1.0,2021.0,0,0,-35.60581462233955,23465,4,12738,-7.1497959260285535,32227,,14831
,0,,47821,15849,0.0,2021.0,0,0,-35.5373245873177,26216,3,13031,-7.28008862022474,37816,,15074
,0,,47294,15702,1.0,2021.0,0,0,-35.62110529498995,23388,4,12645,-7.215419270106295,27598,,13671
,0,,46919,15429,1.0,2021.0,0,0,-35.66663148095412,23471,4,12417,-7.068925793606972,33143,,14218
,0,,44756,15914,1.0,2021.0,0,0,-35.55947549656392,25582,4,13232,-6.95898627600137,31417,,14161
,0,,36181,15010,1.0,2021.0,0,0,-35.82708431408225,23571,4,12648,-6.955425797572939,29620,,13977
,0,,38027,15156,1.0,2021.0,0,0,-35.87303270030065,24022,4,12836,-6.92269935197961,30140,,14010
,0,,56692,16291,1.0,2021.0,0,0,-35.55566189764264,24733,4,12966,-7.246607701405762,37520,,15086
,0,,46725,16188,1.0,2021.0,0,0,-35.768436340359514,23542,4,13041,-7.21277921342046,36249,,15156
,0,,39667,15697,1.0,2021.0,0,0,-35.55137875084593,23323,4,12965,-6.9410519132682555,31998,,14522
,0,,50166,15878,1.0,2021.0,0,0,-35.54468038281902,23982,4,12903,-6.973336418862304,32197,,14477
,0,,41852,16106,1.0,2021.0,0,0,-35.69443888188298,21889,4,12407,-7.120562963525154,34183,,14730
,0,,40294,15966,0.0,2021.0,0,0,-35.5534880188796,22814,3,12717,-7.000833019215958,31299,,14593
,0,,44112,15987,0.0,2021.0,0,0,-35.71388965087328,25907,3,13775,-7.2796059027381315,35788,,15297
,0,,50225,16138,1.0,2021.0,0,0,-35.7312403047106,23890,4,12764,-7.232567294062786,37821,,15181
,0,,49402,16091,1.0,2021.0,0,0,-35.74441684659303,22990,4,12838,-7.248775715129019,38582,,15194
,0,,49672,16242,1.0,2021.0,0,0,-35.75835813546675,26429,4,13718,-7.0853163615883545,38312,,15480
,0,,36995,14833,1.0,2021.0,0,0,-35.87439552146327,25924,4,13154,-6.923573259725531,29866,,13746
,0,,36906,14838,1.0,2021.0,0,0,-35.85162160240369,24807,4,12732,-6.96110870564845,25967,,13662
,0,,43230,15815,1.0,2021.0,0,0,-36.233380210091326,26021,4,13193,-7.033708578970994,30612,,14168
,0,,41425,15088,1.0,2021.0,0,0,-36.20883694187264,26539,4,12974,-6.999637377917064,30718,,13547
,0,,33769,14678,1.0,2021.0,0,0,-35.986637550908455,26357,4,13082,-6.940369736811995,27974,,13820
,0,,34867,14685,1.0,2021.0,0,0,-36.24768321660778,26802,4,12881,-6.9554127756719435,28366,,13571
,0,,33502,14187,1.0,2021.0,0,0,-36.04426250624907,25871,4,12717,-7.008273422831557,25276,,13037
,0,,28558,13936,1.0,2021.0,0,0,-36.08450559526644,24174,4,12783,-6.995224089990984,24264,,13433
,0,,29850,13535,1.0,2021.0,0,0,-36.14889709154765,24892,4,12087,-7.2624076318796895,25652,,12596
,0,,32937,14043,1.0,2021.0,0,0,-36.178178661588554,25082,4,12724,-6.976681870108295,26872,,13116
,0,,33856,14362,1.0,2021.0,0,0,-35.96692131551375,23993,4,12396,-6.944102415424581,27205,,13189
,0,,29178,14221,1.0,2021.0,0,0,-35.9575703343266,25163,4,12624,-6.941060946768567,25755,,13166
,0,,32751,14353,1.0,2021.0,0,0,-36.27031961931347,27533,4,12933,-7.191410999837372,29294,,13627
,0,,37260,15123,1.0,2021.0,0,0,-36.24637312555557,24394,4,12605,-7.071696566715946,28742,,13555
,0,,35345,14410,1.0,2021.0,0,0,-36.1994682470732,26855,4,12936,-6.9950358592191195,29619,,13389
,0,,33589,14761,1.0,2021.0,0,0,-36.040997479913976,23361,4,12255,-7.17336691647907,26822,,13315
,0,,26422,13357,1.0,2021.0,0,0,-36.20814125909866,24919,4,12731,-7.282771284620434,26551,,13251
,0,,28845,13586,1.0,2021.0,0,0,-36.019655895930015,23650,4,12413,-7.000854129036522,25013,,12812
,0,,29474,13717,1.0,2021.0,0,0,-36.04224676152509,24915,4,12540,-7.254518721182344,26330,,13293
,0,,30879,13812,1.0,2021.0,0,0,-36.17424778938893,26100,4,12633,-7.073900299418066,29055,,13036
,0,,25864,13243,1.0,2021.0,0,0,-36.1814403636705,24266,4,12788,-7.116063243586223,24936,,12914
,0,,41483,15254,1.0,2021.0,0,0,-36.0020462569565,24850,4,12705,-7.0539760510804514,29093,,13763
,0,,40900,15683,1.0,2021.0,0,0,-36.062894634910165,23352,4,12628,-7.190931343134052,33648,,14676
,0,,29200,13789,1.0,2021.0,0,0,-36.09804737891972,23860,4,12342,-7.101974420945426,25558,,12943
,0,,39728,15783,1.0,2021.0,0,0,-35.90816556712177,25251,4,13020,-6.947053890774846,28862,,13975
,0,,39857,15324,1.0,2021.0,0,0,-36.06308210548356,23499,4,13009,-6.975623273710588,28848,,13512
,0,,31460,14426,1.0,2021.0,0,0,-36.05004018192914,23377,4,12238,-7.045740375283813,26384,,13328
,0,,33654,14787,1.0,2021.0,0,0,-36.08335136004326,24304,4,12854,-7.248776994805737,27494,,13863
,0,,43487,15842,1.0,2021.0,0,0,-36.03038409443755,25050,4,12889,-7.194853544380132,37982,,15076
,0,,31375,14481,1.0,2021.0,0,0,-36.14711529014199,26126,4,13126,-7.104058916102756,27907,,13798
,0,,30722,14275,1.0,2021.0,0,0,-36.17881516158991,24574,4,12871,-7.207969848471741,29081,,13971
,0,,29396,14357,1.0,2021.0,0,0,-36.176082155316124,25420,4,13222,-6.942227036819151,26960,,13370
,0,,40571,15441,1.0,2021.0,0,0,-36.230808460523676,26743,4,13216,-7.037859613209772,30220,,13879
,0,,30671,14423,1.0,2021.0,0,0,-36.07403447756977,24728,4,12888,-7.268237337137602,28927,,13976
,0,,47541,16120,1.0,2021.0,0,0,-35.67776152827174,26040,4,13396,-7.981759957847506,36696,,15245
,0,,35829,15195,1.0,2021.0,0,0,-35.887562483474966,20162,4,11921,-7.6639665202024325,28673,,14083
,0,,51092,15954,1.0,2021.0,0,0,-35.64347348114774,24189,4,12626,-7.9360196991406475,38689,,14809
,0,,41976,15595,1.0,2021.0,0,0,-35.85467722804416,21257,4,12188,-7.787125470167346,26421,,14228
,0,,37798,15217,1.0,2021.0,0,0,-35.87568951330001,21948,4,12311,-8.017745106115152,28229,,13859
,0,,37436,15571,1.0,2021.0,0,0,-35.71900355686076,22995,4,12787,-7.7881495160181675,29022,,14041
,0,,46910,15633,1.0,2021.0,0,0,-35.832705638138286,27348,4,13156,-7.748918558112549,32481,,14632
,0,,38617,15038,1.0,2021.0,0,0,-35.802680134584534,21312,4,11924,-7.957171769122795,26428,,13158
,0,,44298,15234,1.0,2021.0,0,0,-35.7179103553951,27196,4,13019,-7.961696544838582,33372,,14152
,0,,46379,15392,1.0,2021.0,0,0,-35.756932407147715,24013,4,12470,-8.002591102403585,28339,,14028
,0,,44629,15325,1.0,2021.0,0,0,-35.87024213463141,22387,4,12085,-7.820948909121024,28213,,13476
,0,,40449,15229,1.0,2021.0,0,0,-35.89244307327575,22407,4,11864,-7.995782083960358,26814,,13290
,0,,28634,13733,1.0,2021.0,0,0,-35.79995147496383,22632,4,12175,-7.691531027714882,26096,,13081
,0,,34544,14990,1.0,2021.0,0,0,-35.84619377356338,22535,4,12040,-7.995437150040978,25203,,13349
,0,,39115,15415,1.0,2021.0,0,0,-36.208141044260834,23545,4,12610,-8.031943841946136,29974,,14174
,0,,49735,16096,1.0,2021.0,0,0,-36.2518194649971,24630,4,13156,-8.01774515511102,36737,,15217
,0,,34681,15067,1.0,2021.0,0,0,-35.99049663505154,22804,4,12847,-7.772688053320839,28362,,13974
,0,,36664,15099,1.0,2021.0,0,0,-36.10687592206817,23842,4,12857,-7.671826409446259,25150,,13266
,0,,37014,15362,1.0,2021.0,0,0,-36.246372087984334,24588,4,12889,-7.820948925500207,27143,,13670
,0,,50735,16222,1.0,2021.0,0,0,-35.900668239776955,23057,4,12566,-7.992688136387148,30574,,14295
,0,,30218,14308,1.0,2021.0,0,0,-36.19946679612515,22436,4,12315,-7.7443190484969975,24883,,13498
,0,,28408,13843,1.0,2021.0,0,0,-36.14930297183833,23992,4,12278,-7.805363699622734,25021,,12929
,0,,39198,15478,1.0,2021.0,0,0,-36.01960350341189,24852,4,12806,-7.93601969132965,36562,,14956
,0,,37375,15409,1.0,2021.0,0,0,-36.222323734209645,24471,4,12818,-7.995437190944484,28127,,14081
,0,,56503,16222,1.0,2021.0,0,0,-36.05389154011454,25430,4,13370,-7.981759960867506,37529,,15015
,0,,42823,15796,1.0,2021.0,0,0,-36.08379321040137,20653,4,12018,-8.02878133339388,31172,,14821
,0,,33127,14961,1.0,2021.0,0,0,-36.15235292537072,22813,4,12515,-7.937888773359277,25673,,13578
,0,,41734,15843,1.0,2021.0,0,0,-36.08334977351475,23536,4,12705,-7.997964230651355,32038,,14270
,0,,36058,15277,1.0,2021.0,0,0,-35.983258439750124,22965,4,12633,-7.722645713980691,25863,,13615
,0,,41752,15542,1.0,2021.0,0,0,-35.92654304805077,24785,4,12692,-7.964597335703462,30564,,14185
,0,,47756,15808,1.0,2021.0,0,0,-36.13306239492659,24285,4,12990,-8.002591124275034,31529,,13875
,0,,39038,15011,1.0,2021.0,0,0,-35.90179826869902,24095,4,12517,-7.710387499031245,30014,,13917
,0,,49536,15569,1.0,2021.0,0,0,-36.00204068751986,24071,4,12894,-7.803237234826181,30454,,13630
,0,,30563,14422,1.0,2021.0,0,0,-35.93613082149663,22407,4,12185,-7.770168818780867,25370,,13302
,0,,30195,14460,1.0,2021.0,0,0,-36.208835602894744,25639,4,13221,-7.748918557841588,27567,,13547
,0,,28834,13979,1.0,2021.0,0,0,-36.26305578267815,24622,4,12906,-7.672877319320804,25908,,13274
,0,,33211,14582,1.0,2021.0,0,0,-36.18143596365613,24241,4,12453,-7.865300405966406,26616,,13378
,0,,39031,14960,1.0,2021.0,0,0,-35.93315768713432,24270,4,12530,-7.834540882724661,29239,,14008
,0,,33789,14395,1.0,2021.0,0,0,-36.176081449673774,23533,4,12718,-7.691531013812082,29062,,13723
,0,,34211,14524,1.0,2021.0,0,0,-36.04224571818747,24957,4,12712,-8.003703539903658,28566,,13457
,0,,42859,15992,1.0,2021.0,0,0,-35.93418027600307,25893,4,12999,-8.032980584069117,30348,,13988
,0,,32369,14565,1.0,2021.0,0,0,-36.07403376296103,22648,4,12350,-8.017417091114337,27246,,13584
,0,,40682,15309,1.0,2021.0,0,0,-36.27031935854549,25623,4,12586,-7.9406165133886155,29671,,13728
,0,,25895,13471,1.0,2021.0,0,0,-36.25563953555668,23590,4,12502,-7.680203013066206,24410,,12902
,0,,31441,14578,1.0,2021.0,0,0,-36.23256675989056,26490,4,13091,-7.813906306298744,28009,,13690
,0,,30568,14241,1.0,2021.0,0,0,-36.263692431550204,22606,4,12471,-7.663966512949779,28094,,13656
,0,,36301,14063,1.0,2021.0,0,0,-36.050033203234655,22453,4,12432,-7.795005363921571,27790,,13356
,0,,32645,13913,1.0,2021.0,0,0,-36.08474953470253,27177,4,12906,-7.8477726274428266,30658,,13726
,0,,27644,13382,1.0,2021.0,0,0,-36.26081589634761,23804,4,12711,-7.672004194546273,26115,,13206
,0,,27762,13900,1.0,2021.0,0,0,-36.17011256846306,24250,4,12745,-7.918481061562443,24882,,13036
,0,,38765,14245,1.0,2021.0,0,0,-36.01965061375515,28686,4,12789,-7.750135992268154,33770,,13550
,0,,35836,14950,1.0,2021.0,0,0,-36.35190093754624,24567,4,12646,-7.865296673761787,28386,,13724
,0,,38344,14644,1.0,2021.0,0,0,-36.46614991369539,26327,4,12578,-8.028781357884727,28688,,13518
,0,,32285,14169,1.0,2021.0,0,0,-36.62529363500928,25409,4,12873,-7.672008787498635,30404,,13977
,0,,28522,13495,1.0,2021.0,0,0,-36.44050955552633,25790,4,12460,-8.029117340825245,26248,,12974
,0,,30538,13617,1.0,2021.0,0,0,-36.610958505203946,24442,4,12358,-7.803219481575094,28210,,13022
,0,,31081,13976,1.0,2021.0,0,0,-36.429632798649095,26231,4,12946,-7.89847960289038,28603,,13650
,0,,34177,14217,1.0,2021.0,0,0,-36.36510090098662,26162,4,12495,-7.940645226309456,27628,,13104
,0,,32038,13966,1.0,2021.0,0,0,-36.29694071049558,22738,4,12239,-7.7226263012926815,27666,,13450
,0,,28287,13324,1.0,2021.0,0,0,-36.471566798888304,26012,4,12802,-7.671826824198709,27312,,13258
,0,,44377,15435,1.0,2021.0,0,0,-36.2895850651066,25713,4,12908,-8.029260578662596,31639,,13968
,0,,40354,14582,1.0,2021.0,0,0,-36.312288168168195,28164,4,13078,-8.032981357003507,33879,,13924
,0,,32396,14311,1.0,2021.0,0,0,-36.287163462626594,22592,4,12977,-7.9184532993346295,29256,,14036
,0,,29882,13796,1.0,2021.0,0,0,-36.37995981561406,24524,4,12745,-7.805360364561559,28259,,13657
,0,,31872,14200,1.0,2021.0,0,0,-36.376253614311686,20283,4,11975,-7.744499990054709,26633,,13483
,0,,36442,14909,1.0,2021.0,0,0,-36.3062770220239,19017,4,11478,-7.766675762268173,29179,,13931
,0,,35679,14684,1.0,2021.0,0,0,-36.29109263442862,20269,4,11562,-7.794972754145971,28073,,13640
,0,,37743,15301,1.0,2021.0,0,0,-36.54212022927013,26645,4,13261,-7.902512853080199,29092,,13852
,0,,29584,14358,1.0,2021.0,0,0,-36.44727581572577,26465,4,13459,-7.912290782652389,29134,,14011
,0,,36011,14620,1.0,2021.0,0,0,-36.28265747443998,20587,4,12077,-7.851180420342518,29582,,13736
,0,,31969,14511,1.0,2021.0,0,0,-36.633118360031446,26021,4,13467,-7.957147082763823,32077,,14077
,0,,33335,14636,1.0,2021.0,0,0,-36.64523514691418,26089,4,12996,-8.017737903076897,29075,,13793
,0,,31320,14424,1.0,2021.0,0,0,-36.48447252605731,26914,4,13076,-7.928124513046681,27788,,13537
,0,,35991,14958,1.0,2021.0,0,0,-36.309876680124304,26619,4,13685,-7.9502361843148925,34085,,14426
,0,,38471,14981,1.0,2021.0,0,0,-36.32963126916362,20953,4,12266,-7.853284972520559,29755,,14021
,0,,33218,13944,1.0,2021.0,0,0,-36.56904198476792,26171,4,13386,-7.749449810741387,27750,,13700
,0,,29996,13999,1.0,2021.0,0,0,-36.62603985448961,22239,4,12823,-7.937861898555898,27891,,13684
,0,,30822,14222,1.0,2021.0,0,0,-36.31925722807227,22356,4,12419,-7.992704855314478,29376,,13623
,0,,33246,14151,1.0,2021.0,0,0,-36.58394142803927,28136,4,13448,-7.811687289768033,31724,,13923
,0,,29505,13898,1.0,2021.0,0,0,-36.579347432779834,24708,4,12700,-7.704724100158723,26881,,13284
,0,,32391,14139,1.0,2021.0,0,0,-36.636233621289264,23423,4,12440,-7.663968016178032,27202,,13726
,0,,35697,14689,1.0,2021.0,0,0,-36.35807924217313,23252,4,12609,-7.899019965183572,28907,,13955
,0,,33067,14540,1.0,2021.0,0,0,-36.36933972343991,23376,4,12306,-8.002667198606684,25892,,13096
,0,,42685,15643,1.0,2021.0,0,0,-36.314961796676535,26557,4,13101,-8.021898853679966,32863,,14438
,0,,41354,15196,1.0,2021.0,0,0,-36.6489574827883,26783,4,13081,-7.847731095979221,36557,,14389
,0,,42549,15704,1.0,2021.0,0,0,-36.58730116266972,26983,4,13218,-8.03194295803928,31957,,14014
,0,,39473,15334,1.0,2021.0,0,0,-36.35613897661349,23026,4,12770,-8.006209317388395,30138,,14208
,0,,37534,15157,1.0,2021.0,0,0,-36.307924504353736,24996,4,13127,-7.995793168117311,32161,,14615
,0,,39634,15222,1.0,2021.0,0,0,-35.291999911509926,22120,4,12130,-7.382949039527625,30396,,14064
,0,,49406,15984,1.0,2021.0,0,0,-35.297776681595614,26843,4,13407,-7.420408825714249,37663,,15084
,0,,45550,15504,1.0,2021.0,0,0,-35.84016904618084,22551,4,12368,-7.431579378778288,31183,,13914
,0,,40890,15152,1.0,2021.0,0,0,-35.88085821144258,20077,4,11773,-7.582583124274671,27735,,13507
,0,,44234,16182,0.0,2021.0,0,0,-35.70997526087076,25562,3,13693,-7.348381804765529,34677,,15421
,0,,41917,15720,1.0,2021.0,0,0,-35.734228517765516,21198,4,12692,-7.408401580970006,36372,,14766
,0,,41122,15740,1.0,2021.0,0,0,-35.73913180840272,20650,4,12366,-7.369726610797092,32500,,14995
,0,,47066,15906,1.0,2021.0,0,0,-35.82596623339288,24421,4,12617,-7.395579037325469,38381,,15083
,0,,40292,15690,1.0,2021.0,0,0,-35.70462893764764,27834,4,13425,-7.286557918082438,32753,,14628
,0,,39293,15726,1.0,2021.0,0,0,-35.56699560518872,22431,4,12688,-7.618147295654032,31233,,14351
,0,,32111,14201,1.0,2021.0,0,0,-35.81523948866604,23818,4,12491,-7.442816407384354,26223,,13457
,0,,38512,14978,1.0,2021.0,0,0,-35.83167971387531,20065,4,11725,-7.437094639654921,31945,,14127
,0,,44990,15799,1.0,2021.0,0,0,-35.81677929835064,22467,4,12490,-7.374845034927674,30799,,14393
,0,,46619,15194,1.0,2021.0,0,0,-35.797039820397096,19605,4,12114,-7.402884960000199,28871,,13399
,0,,40952,15513,1.0,2021.0,0,0,-35.896697458458014,26044,4,13190,-7.47314645546585,32041,,14522
,0,,38325,14988,1.0,2021.0,0,0,-35.53883237052211,22559,4,11984,-7.420377755176031,29099,,13722
,0,,41467,15227,0.0,2021.0,0,0,-35.57737003408248,24048,3,12959,-7.478700505331833,32117,,14213
,0,,42033,15582,1.0,2021.0,0,0,-35.77779829982941,23077,4,12354,-7.548007985490839,30110,,13841
,0,,39323,15104,1.0,2021.0,0,0,-35.60387799543401,19923,4,11782,-7.63165383510357,31055,,14313
,0,,43273,15081,1.0,2021.0,0,0,-35.69754325119342,23314,4,12463,-7.629149141129369,29939,,13881
,0,,38305,15089,1.0,2021.0,0,0,-35.758361377447464,23342,4,12583,-7.4599771561582,26390,,13630
,0,,44822,15575,1.0,2021.0,0,0,-35.586343110660714,22395,4,12213,-7.571712346882522,28891,,13712
,0,,44670,15570,1.0,2021.0,0,0,-35.702362862023,22544,4,12294,-7.4393382043008565,32228,,14013
,0,,35821,15049,1.0,2021.0,0,0,-35.6366323725331,23751,4,12746,-7.293381024849827,28890,,13973
,0,,51824,15549,1.0,2021.0,0,0,-35.85162335134784,22801,4,12356,-7.335792332272554,30762,,13722
,0,,46516,14896,1.0,2021.0,0,0,-35.858697451825144,23390,4,12294,-7.428625605121572,31571,,13182
,0,,28714,14024,1.0,2021.0,0,0,-35.601470291706605,23803,4,12377,-7.588613139014242,24651,,12936
,0,,36460,14057,1.0,2021.0,0,0,-35.68824941436581,21692,4,11934,-7.654565642829263,29171,,13140
,0,,31598,14412,1.0,2021.0,0,0,-35.546122254122004,21818,4,12094,-7.5457024472873115,24510,,13158
,0,,32726,14402,1.0,2021.0,0,0,-35.61283795838591,24118,4,12636,-7.566077061345402,26013,,13101
,0,,31442,14129,1.0,2021.0,0,0,-35.8929751448469,25187,4,12356,-7.643185803186535,28261,,13467
,0,,35767,14686,1.0,2021.0,0,0,-35.67085185556649,22418,4,12626,-7.60652366681612,29182,,13939
,0,,39212,15115,1.0,2021.0,0,0,-35.80965406548448,23932,4,12737,-7.50589892939313,29446,,13754
,0,,50168,15794,1.0,2021.0,0,0,-35.61707867119585,22198,4,12282,-7.628110889268109,33835,,14361
,0,,44289,15657,1.0,2021.0,0,0,-35.71388978342295,25658,4,13160,-7.654229565328671,33388,,14730
,0,,46896,14955,1.0,2021.0,0,0,-35.66554135580728,21104,4,12078,-7.607810149775459,28065,,12995
,0,,39900,15060,1.0,2021.0,0,0,-35.74441750566832,23642,4,12716,-7.62340522373377,31299,,13916
,0,,41429,15182,1.0,2021.0,0,0,-35.731241333038426,21601,4,11768,-7.6071999531299,30506,,13829
,0,,28533,13610,1.0,2021.0,0,0,-35.835041146385905,21518,4,12321,-7.657392610253941,27859,,13447
,0,,35379,15134,1.0,2021.0,0,0,-35.93615813621847,20720,4,12157,-7.658431590003937,28632,,14070
,0,,34998,14836,1.0,2021.0,0,0,-36.172396386105035,25418,4,13207,-7.637030306743882,29898,,14159
,0,,34485,14435,1.0,2021.0,0,0,-36.06437942302351,26341,4,12988,-7.654565610390433,32113,,14079
,0,,30112,14029,1.0,2021.0,0,0,-36.256988161570455,25046,4,12365,-7.582583126541001,27544,,13091
,0,,32901,14179,1.0,2021.0,0,0,-36.041671371366824,20292,4,11839,-7.60781012103591,26121,,13175
,0,,32010,14262,1.0,2021.0,0,0,-35.94678339073965,20337,4,11780,-7.382929441429159,24924,,12943
,0,,31587,14174,1.0,2021.0,0,0,-35.98896798995913,21662,4,11936,-7.566077031602096,26983,,13279
,0,,32734,14788,1.0,2021.0,0,0,-35.99723757881125,24879,4,12667,-7.590054783316868,29408,,13906
,0,,36614,15090,1.0,2021.0,0,0,-35.91103313180768,24927,4,13057,-7.54388202438531,29263,,14201
,0,,33412,14391,1.0,2021.0,0,0,-36.173169795985935,24199,4,12669,-7.402884976915644,25715,,13123
,0,,28217,13930,1.0,2021.0,0,0,-36.269105091293184,19706,4,11882,-7.643185798441062,25249,,13346
,0,,37529,14707,1.0,2021.0,0,0,-36.073673257026826,25641,4,13233,-7.629149113461526,28149,,13287
,0,,27053,13470,1.0,2021.0,0,0,-36.227753310354395,25244,4,12693,-7.335792365610766,25269,,12975
,0,,27118,13295,1.0,2021.0,0,0,-36.08610526292171,23475,4,12054,-7.348381812864257,25127,,13077
,0,,37966,15228,1.0,2021.0,0,0,-35.95350007644243,24488,4,12681,-7.478700478085962,31045,,13959
,0,,34213,13946,1.0,2021.0,0,0,-36.071142937072736,25851,4,12492,-7.537716639420099,27826,,13295
,0,,36700,14435,1.0,2021.0,0,0,-36.248206965972855,28873,4,12879,-7.321745809637005,29551,,13378
,0,,36589,14700,1.0,2021.0,0,0,-36.207809678941864,28914,4,13240,-7.437094656166745,30831,,13616
,0,,34079,14478,1.0,2021.0,0,0,-36.202096200193914,25634,4,12960,-7.395579058959903,28562,,13432
,0,,27738,13497,1.0,2021.0,0,0,-36.144860750448515,25184,4,12675,-7.31692008980135,25598,,13054
,0,,30161,13930,1.0,2021.0,0,0,-35.94089984784453,21229,4,11859,-7.569354416159529,26940,,13157
,0,,31953,14271,1.0,2021.0,0,0,-35.938831333938175,23969,4,12339,-7.647346917768267,26710,,13322
,0,,26316,13320,1.0,2021.0,0,0,-36.192909267940806,25672,4,12649,-7.374845058313424,26229,,13328
,0,,32278,13295,1.0,2021.0,0,0,-36.095436541049104,26319,4,12484,-7.297206562443887,30205,,12853
,0,,37043,15028,1.0,2021.0,0,0,-35.9065273440137,22998,4,12443,-7.476596334697241,27646,,13455
,0,,35838,15069,1.0,2021.0,0,0,-36.04698186950933,23743,4,12527,-7.606523638933666,26738,,13535
,0,,34864,14591,1.0,2021.0,0,0,-36.11035851244126,23365,4,12352,-7.408401587333844,24637,,13555
,0,,35127,15319,1.0,2021.0,0,0,-36.04276413038907,25488,4,12774,-7.443589755231971,27407,,13552
,0,,39682,15336,1.0,2021.0,0,0,-36.055449872511566,24125,4,13050,-7.361773712620621,29406,,13760
,0,,46991,15720,1.0,2021.0,0,0,-35.92750890208467,23279,4,12271,-7.315739102588345,31147,,14072
,0,,34508,14834,1.0,2021.0,0,0,-36.14456742104498,25887,4,12866,-7.587415487869944,29260,,14028
,0,,32008,14399,1.0,2021.0,0,0,-36.21629900866858,26348,4,12975,-7.431579397150151,26941,,13585
,0,,32512,14836,1.0,2021.0,0,0,-36.21117111043474,23287,4,12519,-7.657392596122304,27913,,14022
,0,,28690,13970,1.0,2021.0,0,0,-36.165607957645406,24137,4,12158,-7.6280297095956815,26163,,13045
,0,,30829,14054,1.0,2021.0,0,0,-36.203215842151536,22038,4,12143,-7.330110898039898,25745,,13164
,0,,31442,14699,1.0,2021.0,0,0,-36.134491364790385,24527,4,12818,-7.4599771600919205,26371,,13599
,0,,27758,13992,1.0,2021.0,0,0,-35.98000802973849,21631,4,12104,-7.631653795150334,26273,,13335
,0,,31991,14726,1.0,2021.0,0,0,-36.070572781723726,25017,4,12774,-7.495217110602163,27168,,13633
,0,,27119,13756,1.0,2021.0,0,0,-36.11493365764543,25768,4,12984,-7.452206104282622,25258,,13359
,0,,27948,13193,1.0,2021.0,0,0,-36.42718017838545,26070,4,12638,-7.36981042010684,27289,,12984
,0,,30309,13877,1.0,2021.0,0,0,-36.62795020969082,22745,4,12272,-7.64319278079471,26503,,13321
,0,,27654,13753,1.0,2021.0,0,0,-36.277928349188834,24220,4,12655,-7.335776553509581,24856,,13151
,0,,35817,14937,1.0,2021.0,0,0,-36.59428754128754,24809,4,12877,-7.574161980022693,31233,,14053
,0,,35760,14795,1.0,2021.0,0,0,-36.523595170911115,25532,4,12651,-7.3038906978247375,26651,,13425
,0,,31884,14352,1.0,2021.0,0,0,-36.39573487287198,26165,4,12680,-7.561450380268916,27304,,13397
,0,,30863,14222,1.0,2021.0,0,0,-36.290661716677256,26504,4,12945,-7.4028601394924545,28119,,13664
,0,,28952,13837,1.0,2021.0,0,0,-36.35939050260011,27581,4,12976,-7.348035822946051,27990,,13487
,0,,28680,13512,1.0,2021.0,0,0,-36.35168129858537,21101,4,11902,-7.439792580281731,27890,,13314
,0,,33866,14183,1.0,2021.0,0,0,-36.5250205518138,27780,4,13101,-7.348377536554422,30404,,13636
,0,,36205,14279,1.0,2021.0,0,0,-36.5984552499443,30049,4,13108,-7.62088004801487,32003,,13869
,0,,29710,13700,1.0,2021.0,0,0,-36.29248342936203,23424,4,12043,-7.523871238834864,26870,,13210
,0,,30248,13776,1.0,2021.0,0,0,-36.52848579629483,26153,4,12389,-7.563319814356793,29196,,13100
,0,,29583,13683,1.0,2021.0,0,0,-36.348948422109686,25335,4,12757,-7.442814304829397,26486,,13077
,0,,29302,13769,1.0,2021.0,0,0,-36.37710282485532,26867,4,12827,-7.553545611762934,27973,,13387
,0,,35881,14216,1.0,2021.0,0,0,-36.47017201502572,26821,4,12715,-7.587131925479526,31736,,13619
,0,,28656,13146,1.0,2021.0,0,0,-36.412937472756084,24266,4,12254,-7.392099336344521,25657,,12611
,0,,29863,13639,1.0,2021.0,0,0,-36.50780474047161,29587,4,12941,-7.361772545481137,28556,,13423
,0,,29077,13885,1.0,2021.0,0,0,-36.60168650032653,24431,4,12526,-7.569356421148421,24738,,13203
,0,,30898,13697,1.0,2021.0,0,0,-36.39650006987727,25574,4,12179,-7.293382220009043,28995,,12954
,0,,31540,13854,1.0,2021.0,0,0,-36.55221182262447,25721,4,12416,-7.316915011510536,26291,,13315
,0,,26069,13249,1.0,2021.0,0,0,-36.36662940761218,26188,4,12312,-7.398087680752264,25689,,12877
,0,,28034,13342,1.0,2021.0,0,0,-36.62381311982093,26832,4,12327,-7.330097226978897,27478,,12848
,0,,31134,13569,1.0,2021.0,0,0,-36.439210521154806,29169,4,12897,-7.3503052419670665,29643,,13165
,0,,28182,13292,1.0,2021.0,0,0,-36.31226193932674,24837,4,12292,-7.395568702340522,26662,,12812
,0,,28385,13819,1.0,2021.0,0,0,-36.41712560652197,23553,4,12586,-7.54801083601416,25556,,13225
,0,,40111,15059,1.0,2021.0,0,0,-36.5772388549997,26639,4,13072,-7.443577281281869,34383,,14413
,0,,33315,14205,1.0,2021.0,0,0,-36.28192727218363,24669,4,12380,-7.452170138274612,28449,,13488
,0,,35751,14692,1.0,2021.0,0,0,-36.45992333827038,28563,4,13355,-7.654229566639376,33514,,14264
,0,,33754,14449,1.0,2021.0,0,0,-36.41837622395367,25640,4,12993,-7.6291470707174796,30234,,13942
,0,,35790,14443,1.0,2021.0,0,0,-36.447346620904206,27500,4,12876,-7.5874191151904204,30729,,13675
,0,,36786,14662,1.0,2021.0,0,0,-36.646449534421116,20082,4,11734,-7.566049704706946,28453,,13471
,0,,28422,13310,1.0,2021.0,0,0,-36.40651268445519,26888,4,12773,-7.569493280221314,29115,,13099
,0,,29148,14041,1.0,2021.0,0,0,-36.32399915954487,25844,4,13230,-7.537695017996631,27875,,13610
,0,,32195,14095,1.0,2021.0,0,0,-36.55494265719675,25857,4,13046,-7.582606767995847,28616,,13627
,0,,31206,14158,1.0,2021.0,0,0,-36.283876261441506,28022,4,13608,-7.654708190499077,30382,,13965
,0,,33642,14222,1.0,2021.0,0,0,-36.28429512501569,27016,4,13099,-7.321739600695467,28041,,13313
,0,,29879,14007,1.0,2021.0,0,0,-36.3103102390321,24224,4,12650,-7.658430899915328,26710,,13328
,0,,40304,15339,1.0,2021.0,0,0,-36.58427118029699,27107,4,13436,-7.657393498848834,32300,,14405
,0,,34894,14602,1.0,2021.0,0,0,-36.459480562136655,22406,4,12209,-7.62340655378122,28327,,13532
,0,,30293,13937,1.0,2021.0,0,0,-36.423125332341705,24977,4,12823,-7.549114076626876,27280,,13498
,0,,31525,14330,1.0,2021.0,0,0,-36.35978430393685,24333,4,12834,-7.333683613169975,26725,,13279
,0,,29011,14226,1.0,2021.0,0,0,-36.30184407736702,24079,4,12941,-7.6473422643037905,24748,,13316
,0,,38422,15204,1.0,2021.0,0,0,-36.600879104990035,27112,4,13451,-7.575675232989974,33020,,14564
,0,,37661,15147,6.0,2021.0,0,0,-34.94275005520006,25698,21,13409,-7.163070666280873,33653,,14720
,0,,43314,15520,6.0,2021.0,0,0,-35.14443740679301,22969,21,12823,-7.098490010551503,35338,,14875
,0,,36811,14432,6.0,2021.0,0,0,-35.133649286182504,27689,21,13250,-7.246237453458292,34545,,14025
,0,,32051,14519,6.0,2021.0,0,0,-35.044006128497344,28028,21,13372,-7.2624038033049585,29301,,13857
,0,,33185,14401,4.0,2021.0,0,0,-35.50168999486364,27941,15,12944,-7.023394959971675,31336,,14062
,0,,48214,15698,4.0,2021.0,0,0,-35.33295813419376,27518,15,13176,-7.071723693987358,38876,,14844
,0,,38807,14567,6.0,2021.0,0,0,-35.18657081026305,27841,21,13054,-7.272723178813751,31525,,13648
,0,,33647,14114,4.0,2021.0,0,0,-35.21021101164754,27838,15,13068,-7.197073695275836,33497,,13969
,0,,40596,15174,4.0,2021.0,0,0,-35.498265468584485,28678,15,13314,-6.923573253955891,32906,,14131
,0,,37838,14842,4.0,2021.0,0,0,-35.17788626709291,27310,15,13074,-7.017402448789262,32203,,13968
,0,,44080,15325,4.0,2021.0,0,0,-35.415420608910175,27125,15,12982,-7.212488252908537,31681,,13970
,0,,46508,15163,4.0,2021.0,0,0,-35.326229657566714,25764,15,12794,-7.064673319975148,35860,,14358
,0,,47074,15178,4.0,2021.0,0,0,-35.24094763609095,27425,15,12911,-7.253482694064351,30730,,13699
,0,,35269,14698,4.0,2021.0,0,0,-35.42090677476639,25447,15,12489,-7.028213505692091,30149,,13686
,0,,32424,14281,6.0,2021.0,0,0,-35.16270214611954,25137,21,12766,-7.045710851236559,27580,,13396
,0,,36632,14655,4.0,2021.0,0,0,-35.22774703523824,23857,15,12432,-7.257026463850783,29299,,13534
,0,,36312,14736,4.0,2021.0,0,0,-35.3121192680838,26885,15,12585,-7.279942080316504,30928,,13871
,0,,43430,14861,4.0,2021.0,0,0,-35.49764925976944,23947,15,12203,-7.1886545122611025,34172,,13925
,0,,40900,15010,6.0,2021.0,0,0,-35.22350728300861,25491,21,12675,-7.116059846958693,29698,,13655
,0,,42990,15172,4.0,2021.0,0,0,-35.2905014829598,28863,15,13154,-7.068925794870118,35625,,14426
,0,,31674,13369,4.0,2021.0,0,0,-35.4498339805027,24873,15,12076,-7.020906509684561,28641,,12901
,0,,31356,13775,4.0,2021.0,0,0,-35.366774333472186,26061,15,12627,-7.186812896677682,27927,,13066
,0,,37899,14452,4.0,2021.0,0,0,-35.36774891508853,24480,15,12075,-6.999651956966745,26812,,12863
,0,,33823,13993,4.0,2021.0,0,0,-35.44487450528003,21928,15,11777,-7.065128463952789,26204,,12850
,0,,38547,14476,4.0,2021.0,0,0,-35.43910736312701,25773,15,12684,-7.06815281155526,29949,,13346
,0,,33590,14217,4.0,2021.0,0,0,-35.33942131055675,25484,15,12796,-7.268237472485418,30258,,13646
,0,,32628,13960,4.0,2021.0,0,0,-35.33384389368716,24240,15,12396,-6.973699469743877,29214,,13370
,0,,38043,14927,6.0,2021.0,0,0,-35.35607840715683,25204,21,12553,-7.178910489672845,28507,,13364
,0,,44856,15317,4.0,2021.0,0,0,-35.45095427370326,26823,15,12832,-6.955425793371509,32328,,13790
,0,,36819,14686,6.0,2021.0,0,0,-35.15877273126609,25652,21,12431,-7.169238926293462,30510,,13634
,0,,35438,14066,6.0,2021.0,0,0,-35.52056736680257,25407,21,12230,-7.098490005892997,30557,,13140
,0,,37521,14544,4.0,2021.0,0,0,-35.40655903426257,25017,15,12551,-7.174466334643153,29558,,13692
,0,,37568,14988,4.0,2021.0,0,0,-35.49690264777928,27321,15,12870,-6.92269934621742,32132,,14233
,0,,43806,15019,4.0,2021.0,0,0,-35.37705534126443,26150,15,12459,-6.929201977517718,31621,,13692
,0,,39268,14720,4.0,2021.0,0,0,-35.29472043905535,23786,15,12366,-7.231890941563764,31527,,14208
,0,,38792,14629,4.0,2021.0,0,0,-35.369475158717066,22142,15,12222,-7.194855624045817,30496,,13777
,0,,35719,14298,4.0,2021.0,0,0,-35.4835011268398,23989,15,12263,-6.930903635214737,32438,,14127
,0,,30212,13982,4.0,2021.0,0,0,-35.39259985472928,23699,15,12097,-6.942231891774223,27297,,12888
,0,,45772,15274,4.0,2021.0,0,0,-35.3431762704995,22806,15,12138,-6.922514401039984,30160,,13942
,0,,37941,14170,4.0,2021.0,0,0,-35.35511028964475,21497,15,11880,-7.232567304359582,30284,,13836
,0,,45086,15083,4.0,2021.0,0,0,-35.36266980887156,23004,15,12083,-7.077543731519468,31760,,13895
,0,,35827,14634,4.0,2021.0,0,0,-35.43352244665778,21491,15,11956,-7.131247374697586,27525,,13488
,0,,43139,14992,6.0,2021.0,0,0,-35.49594593730042,30679,21,13605,-6.947059791860583,36025,,14522
,0,,41081,15713,6.0,2021.0,0,0,-35.26050228286976,21782,21,12258,-6.91868843593802,28246,,14075
,0,,41519,14809,4.0,2021.0,0,0,-35.19452282924152,21088,15,12035,-7.008254825890147,33322,,14033
,0,,49357,15555,4.0,2021.0,0,0,-35.225337847062185,25243,15,12609,-7.213977536247332,35787,,14453
,0,,45195,15553,6.0,2021.0,0,0,-35.25156628953407,21833,21,12694,-7.056099936448223,35530,,14774
,0,,43131,15047,4.0,2021.0,0,0,-35.3214125188401,28040,15,13383,-7.254520684466103,32256,,14075
,0,,47103,15540,4.0,2021.0,0,0,-35.358095497792796,27031,15,13350,-7.033730792773766,30488,,13963
,0,,35927,14272,6.0,2021.0,0,0,-35.183898041967275,29568,21,12816,-7.283810023941998,33225,,13847
,0,,34117,14185,4.0,2021.0,0,0,-35.28940994226115,22755,15,12411,-7.233177695404103,29473,,13629
,0,,33126,14104,6.0,2021.0,0,0,-35.382228113239954,20900,21,12056,-7.0853163630001275,29952,,13549
,0,,46359,15704,4.0,2021.0,0,0,-35.368286828047765,22263,15,12655,-7.248775726799745,35509,,14752
,0,,39378,15007,6.0,2021.0,0,0,-35.22968464040989,21426,21,11888,-7.149795930195789,34724,,14415
,0,,37461,14869,4.0,2021.0,0,0,-35.39230631546894,25813,15,13127,-7.2127792233346115,33502,,14233
,0,,39120,14572,6.0,2021.0,0,0,-35.16119462349146,20516,21,12172,-7.280088628930147,32069,,13870
,0,,36441,15032,6.0,2021.0,0,0,-35.214499231616784,26021,21,13706,-6.9951185351133125,31119,,14293
,0,,35423,14138,4.0,2021.0,0,0,-35.318880041278966,27352,15,12413,-7.163070655203613,31208,,13389
,0,,31555,13373,6.0,2021.0,0,0,-35.30123582162222,27347,21,12613,-7.149254268781821,27322,,12805
,0,,43158,15718,4.0,2021.0,0,0,-35.75318536212356,28149,15,13478,-6.929201980917976,36876,,14898
,0,,45827,15722,4.0,2021.0,0,0,-35.81523740037826,27409,15,13214,-7.068152809879314,36460,,14487
,0,,49514,15499,4.0,2021.0,0,0,-35.76872987969523,25659,15,12639,-6.942231895181271,32814,,13997
,0,,38633,15225,6.0,2021.0,0,0,-35.57065280188479,26220,21,12836,-7.008254824152946,35053,,14733
,0,,44548,15990,4.0,2021.0,0,0,-35.56699398670056,23501,15,12854,-7.243517829988465,31503,,14698
,0,,42229,15174,4.0,2021.0,0,0,-35.542933128520616,29839,15,13555,-6.9415418694742,33004,,14143
,0,,44753,15724,4.0,2021.0,0,0,-35.816776609074815,23045,15,12606,-7.0001684168941525,31689,,14376
,0,,42656,15726,6.0,2021.0,0,0,-35.825964020587435,24009,21,12864,-7.020906510808499,32840,,14344
,0,,43126,15191,4.0,2021.0,0,0,-35.83504112363799,23824,15,12482,-7.282770428880095,30294,,13886
,0,,37370,14663,4.0,2021.0,0,0,-35.60146782784397,26463,15,12696,-7.213977530284172,31795,,13619
,0,,41574,14923,4.0,2021.0,0,0,-35.539125692784246,24731,15,12484,-7.050248342662375,32285,,13539
,0,,39418,15288,4.0,2021.0,0,0,-35.858696392356514,23886,15,12613,-7.053959900559856,29246,,13899
,0,,40124,14764,4.0,2021.0,0,0,-35.55401623533833,27257,15,12959,-7.017402446548717,37482,,14492
,0,,39217,14789,4.0,2021.0,0,0,-35.552544972921645,26918,15,12589,-7.199515962119856,30527,,13586
,0,,37238,14870,4.0,2021.0,0,0,-35.82100454405557,27083,15,13245,-7.065128462328639,30649,,14117
,0,,42521,15005,4.0,2021.0,0,0,-35.59081540089861,24988,15,12638,-7.0388668005222,35659,,14454
,0,,44997,14794,4.0,2021.0,0,0,-35.69501004676881,24349,15,12696,-7.163070650288968,36542,,14236
,0,,35516,14931,4.0,2021.0,0,0,-35.617077620999474,20016,15,12231,-7.253482685165001,30847,,14179
,0,,34962,14694,4.0,2021.0,0,0,-35.586340988432745,22375,15,12355,-7.197073689713382,32060,,14601
,0,,44919,15050,4.0,2021.0,0,0,-35.53490269446527,29786,15,13248,-7.169238920371796,33200,,14063
,0,,34450,13840,4.0,2021.0,0,0,-35.83167799528819,24716,15,12144,-7.062430152657636,32776,,13521
,0,,45659,15689,4.0,2021.0,0,0,-35.60387701666042,24418,15,12444,-7.257026455037521,32777,,14157
,0,,42818,15048,4.0,2021.0,0,0,-35.697542525004245,24690,15,12124,-7.254520673557303,34772,,13904
,0,,37542,14204,4.0,2021.0,0,0,-35.59963726330676,25917,15,12404,-7.11605984340887,32932,,13430
,0,,35792,14211,4.0,2021.0,0,0,-35.61283502012896,25801,15,12436,-7.191437000246005,26998,,12841
,0,,42838,14726,4.0,2021.0,0,0,-35.79155063990584,26599,15,12751,-7.212488242454364,35448,,13980
,0,,41535,15300,6.0,2021.0,0,0,-35.78947757165934,24205,21,12288,-7.253401391753282,31373,,13490
,0,,30074,13886,4.0,2021.0,0,0,-35.883973329997104,26304,15,12829,-6.914655902466299,26005,,12942
,0,,34422,14599,4.0,2021.0,0,0,-35.8596311758205,23944,15,12599,-6.930903640550206,27940,,13746
,0,,35522,14680,4.0,2021.0,0,0,-35.538832110356864,25065,15,12278,-7.045710848084211,30671,,13532
,0,,29247,13814,4.0,2021.0,0,0,-35.872075989568636,22637,15,12389,-6.947059796645999,26712,,13344
,0,,39773,14733,4.0,2021.0,0,0,-35.55761429662071,24270,15,12275,-7.201033172229891,33318,,13778
,0,,35218,14190,4.0,2021.0,0,0,-35.79626613373142,20369,15,11466,-7.262403778745498,27359,,13100
,0,,30339,13261,6.0,2021.0,0,0,-35.89669742557582,28883,21,12551,-7.098490000260819,30624,,12902
,0,,39700,14570,4.0,2021.0,0,0,-35.57736880253471,29294,15,12703,-7.1040441362821145,32995,,13619
,0,,29315,12900,6.0,2021.0,0,0,-35.53039710424598,24814,21,11874,-7.101940408635904,27953,,12612
,0,,32121,12906,4.0,2021.0,0,0,-36.2494925213095,28631,15,12355,-7.197061672694035,29794,,12566
,0,,29789,13060,4.0,2021.0,0,0,-36.13306415503833,25867,15,11859,-7.2534059039015535,29054,,12566
,0,,27729,12795,4.0,2021.0,0,0,-36.21815938161033,25609,15,12487,-7.199523924589174,27946,,12796
,0,,27519,12696,4.0,2021.0,0,0,-36.18316163674597,26506,15,12435,-7.171078082195929,27038,,12483
,0,,36358,13963,4.0,2021.0,0,0,-36.25563962064991,29053,15,12848,-6.930896964750859,31636,,13098
,0,,42769,14823,4.0,2021.0,0,0,-35.93418029290306,28881,15,13285,-7.283809346713374,32352,,13865
,0,,37467,14748,4.0,2021.0,0,0,-35.94786990651255,26721,15,12792,-7.1630500668773776,31615,,14144
,0,,45400,15138,4.0,2021.0,0,0,-35.905797507942495,27676,15,12844,-7.0775095133845065,32250,,13438
,0,,34804,14282,4.0,2021.0,0,0,-36.083793475969344,25186,15,12603,-7.279605924911826,27856,,12926
,0,,27685,13988,4.0,2021.0,0,0,-36.201110162454796,26275,15,12476,-7.068913914911568,26126,,13274
,0,,34548,14157,4.0,2021.0,0,0,-35.986476610342685,20345,15,11395,-7.05692141997653,29077,,13489
,0,,34531,13852,4.0,2021.0,0,0,-36.03290242858505,27137,15,12113,-7.153293406438955,27315,,13329
,0,,33379,13725,4.0,2021.0,0,0,-35.97282033475859,26615,15,12292,-7.068150791219372,31446,,13151
,0,,38494,14386,4.0,2021.0,0,0,-35.90613381470461,26019,15,12294,-7.000145760193992,30025,,13267
,0,,29965,14056,4.0,2021.0,0,0,-36.17011878728062,25100,15,12504,-7.169264090478482,26003,,13247
,0,,34732,14639,4.0,2021.0,0,0,-35.9145322534621,24464,15,12403,-7.028189878232727,28789,,13462
,0,,31920,13765,4.0,2021.0,0,0,-36.03681040674932,28217,15,12890,-7.017425503981287,29235,,13206
,0,,32172,13250,4.0,2021.0,0,0,-35.97555330627271,27008,15,12139,-7.065128452603968,30519,,12989
,0,,32093,13819,4.0,2021.0,0,0,-35.949619104331994,26552,15,12789,-6.9415515759367805,26580,,13157
,0,,27852,13629,4.0,2021.0,0,0,-36.051052358681304,26913,15,12724,-6.995132238372485,28492,,13355
,0,,29996,13620,4.0,2021.0,0,0,-36.221486815821386,25881,15,12721,-7.149788119741778,26381,,13119
,0,,32023,13485,4.0,2021.0,0,0,-35.992825483822216,23783,15,12069,-7.231883051746802,29057,,12980
,0,,28553,13517,4.0,2021.0,0,0,-36.2608159322459,27408,15,12603,-6.922695195776933,28415,,12940
,0,,33475,13018,4.0,2021.0,0,0,-36.13167598382502,29547,15,12685,-6.987092857304063,30547,,12776
,0,,31230,13128,4.0,2021.0,0,0,-35.98352119963091,23964,15,11826,-7.062434663525732,27836,,12423
,0,,30602,13145,4.0,2021.0,0,0,-35.95111063574802,26852,15,12208,-7.257018803020503,29488,,13335
,0,,31740,13455,4.0,2021.0,0,0,-36.05389345877955,25534,15,12167,-7.232566621602999,26795,,12573
,0,,27190,13160,4.0,2021.0,0,0,-36.094043677497105,24990,15,12245,-7.212495405265847,25923,,12523
,0,,30086,13257,4.0,2021.0,0,0,-36.10687636356419,25460,15,12247,-6.9225140287478,27983,,13014
,0,,33438,13611,4.0,2021.0,0,0,-36.058491339196664,25832,15,11986,-7.279941756215825,27568,,12298
,0,,28136,13223,4.0,2021.0,0,0,-36.22232669900131,24925,15,12467,-7.2462510261643756,25607,,12744
,0,,35245,14451,4.0,2021.0,0,0,-36.26305581490134,27784,15,12809,-6.923568742704418,29727,,13081
,0,,32520,13811,4.0,2021.0,0,0,-36.23256824154308,26818,15,12557,-7.06465077715991,29747,,13095
,0,,33060,13157,4.0,2021.0,0,0,-36.14746542352305,29825,15,12282,-6.929199984532873,30680,,12466
,0,,31192,13228,4.0,2021.0,0,0,-36.22475073262334,28338,15,12564,-7.201037566335121,29690,,12744
,0,,38357,13946,4.0,2021.0,0,0,-36.263692440112465,29095,15,12761,-6.914654540671398,33100,,13325
,0,,34542,13602,4.0,2021.0,0,0,-35.98365594404554,29063,15,12707,-6.9589990154129024,31014,,13267
,0,,33255,13446,4.0,2021.0,0,0,-35.988807912859905,25130,15,11605,-7.233169454218385,28965,,12661
,0,,30230,12817,4.0,2021.0,0,0,-35.93613314561327,28205,15,12434,-7.0208966556659504,28842,,12577
,0,,43595,14896,6.0,2021.0,0,0,-36.01593875769802,21035,21,11666,-7.201035201225571,28633,,13433
,0,,39043,14763,6.0,2021.0,0,0,-35.9017985378809,24088,21,11786,-6.96109366626241,30656,,13422
,0,,32908,13584,6.0,2021.0,0,0,-36.05488754390176,27872,21,12353,-7.050278119521459,31066,,13185
,0,,32429,13099,6.0,2021.0,0,0,-35.933159308761546,26459,21,12219,-7.085293523645351,31601,,12958
,0,,31621,14039,6.0,2021.0,0,0,-36.148891445338144,25318,21,12756,-6.973695377211598,26820,,13070
,0,,33205,13927,6.0,2021.0,0,0,-36.03057091233989,25666,21,11879,-7.131254706622144,27655,,12586
,0,,30585,13017,6.0,2021.0,0,0,-36.084757617709315,25519,21,12079,-7.098527748063179,25920,,12535
,0,,38278,14977,4.0,2021.0,0,0,-35.65425129267778,23418,15,12585,-7.944061127010366,31350,,13939
,0,,37936,15173,6.0,2021.0,0,0,-35.68694894720067,26679,21,13380,-7.724915279344512,32701,,14708
,0,,46170,15354,4.0,2021.0,0,0,-35.644239846626625,24622,15,12464,-7.668002975965357,31358,,14103
,0,,42665,15400,4.0,2021.0,0,0,-35.77622294345301,25633,15,12808,-7.93788875195435,36072,,14478
,0,,36602,14272,4.0,2021.0,0,0,-35.82497752553612,27032,15,13016,-7.818168704178381,32626,,13837
,0,,42009,15166,4.0,2021.0,0,0,-35.87336092642826,25789,15,12954,-7.946265778684896,34642,,14374
,0,,48981,15600,4.0,2021.0,0,0,-35.664863748285406,23107,15,12295,-7.922582860523177,30706,,14064
,0,,48065,15539,4.0,2021.0,0,0,-35.65676827961988,28253,15,13072,-7.902516966230315,34482,,14416
,0,,41817,14896,4.0,2021.0,0,0,-35.654436159452054,22608,15,12037,-7.880486695259957,26794,,13022
,0,,46978,15551,4.0,2021.0,0,0,-35.84202567424666,23021,15,12283,-7.94872810914413,27898,,13811
,0,,49744,15592,4.0,2021.0,0,0,-35.894189412468904,28330,15,12791,-7.940616474251807,34055,,14099
,0,,38887,15030,4.0,2021.0,0,0,-35.695085159831365,26514,15,12811,-7.961983674949109,28602,,13587
,0,,38987,15186,6.0,2021.0,0,0,-35.773172989000564,26362,21,12473,-7.805363698192241,30603,,14245
,0,,36728,14168,4.0,2021.0,0,0,-35.84942490744172,24674,15,11757,-7.943923360785316,30446,,12554
,0,,38856,14645,4.0,2021.0,0,0,-35.70861953224508,23831,15,12300,-7.84777262738898,33334,,13918
,0,,40206,14844,6.0,2021.0,0,0,-35.88468594738277,24309,21,12699,-7.672004200848749,31920,,13757
,0,,46665,15270,4.0,2021.0,0,0,-35.67086341523911,24687,15,12309,-7.923685916282192,30629,,13602
,0,,45690,15190,4.0,2021.0,0,0,-35.84535393944909,24697,15,11964,-7.899011298483918,32444,,13911
,0,,48024,15671,4.0,2021.0,0,0,-35.63980642387502,29150,15,12863,-7.950240213106166,36213,,14055
,0,,38023,14280,4.0,2021.0,0,0,-35.772765752417705,25873,15,12422,-8.011589181741527,29195,,13168
,0,,36257,13973,6.0,2021.0,0,0,-35.77133491018306,27380,21,12285,-7.678509455876457,30678,,13332
,0,,34195,14014,6.0,2021.0,0,0,-35.879509585019285,25491,21,12177,-7.680203018679746,28711,,12822
,0,,44647,14905,4.0,2021.0,0,0,-35.805305990581076,23968,15,12047,-7.865300390570697,27904,,12864
,0,,45184,14649,4.0,2021.0,0,0,-35.793982591948904,25571,15,12405,-7.918481038848749,29200,,13240
,0,,35131,14811,4.0,2021.0,0,0,-35.7981140493103,28086,15,12849,-7.823153778140771,31828,,13733
,0,,37205,15128,4.0,2021.0,0,0,-35.80702618545197,24107,15,12782,-7.920294073171751,29371,,14069
,0,,38487,14650,4.0,2021.0,0,0,-35.83201107914077,21833,15,12100,-8.031943801341686,27763,,13543
,0,,36333,14971,4.0,2021.0,0,0,-35.986471936014006,23110,15,12315,-7.806181156372596,31319,,14243
,0,,49499,15772,4.0,2021.0,0,0,-35.90546213237385,25585,15,12897,-7.963151864451131,32428,,14010
,0,,48480,15455,4.0,2021.0,0,0,-36.148895735380954,26037,15,12672,-8.011589207730278,32226,,13629
,0,,33966,14070,4.0,2021.0,0,0,-36.063078956251786,28257,15,12922,-7.7249152565395836,30658,,13501
,0,,30495,14021,4.0,2021.0,0,0,-36.08450190587728,25676,15,12231,-7.744508613021439,30148,,13839
,0,,40989,15072,4.0,2021.0,0,0,-35.947868495178824,24282,15,12247,-7.91226807119872,33021,,14050
,0,,49074,15409,4.0,2021.0,0,0,-35.96074810316885,29474,15,13117,-8.002658593800781,35533,,14091
,0,,32512,13987,4.0,2021.0,0,0,-35.98351679052786,23603,15,11885,-7.811692218569302,26963,,13104
,0,,29243,13366,4.0,2021.0,0,0,-36.24949087882973,25869,15,12515,-7.9462658160927475,26165,,12632
,0,,34170,14084,4.0,2021.0,0,0,-36.00097157990033,28952,15,12809,-7.928116282018511,31102,,13822
,0,,35568,13670,4.0,2021.0,0,0,-36.04425734023608,28690,15,12539,-7.757552738206601,31660,,13053
,0,,28969,13140,4.0,2021.0,0,0,-35.92571408315445,24834,15,12049,-8.021893928548257,27541,,12719
,0,,26117,13227,4.0,2021.0,0,0,-36.23337905029783,27378,15,12829,-7.782975954787504,25886,,13225
,0,,27919,12974,4.0,2021.0,0,0,-36.24768294430677,24523,15,12062,-7.7047097075637785,26243,,12893
,0,,29211,13125,4.0,2021.0,0,0,-36.09803960237311,26365,15,12585,-7.851217966838962,26518,,13114
,0,,31369,13498,4.0,2021.0,0,0,-36.1831561580053,28672,15,12802,-7.920294097845319,30003,,13108
,0,,31783,13436,4.0,2021.0,0,0,-36.22148390035978,26350,15,12425,-7.899011324540352,27944,,13417
,0,,26523,13119,4.0,2021.0,0,0,-36.147109617226405,23592,15,12402,-7.853301273667177,25769,,12825
,0,,33475,14487,6.0,2021.0,0,0,-35.97281657724545,24684,21,12387,-7.817405897166962,26964,,13533
,0,,32414,14308,6.0,2021.0,0,0,-35.97554935709447,22479,21,12260,-7.8143847858588025,26655,,13125
,0,,30764,14113,6.0,2021.0,0,0,-35.9145312808038,24534,21,12371,-7.777458473676547,27762,,13264
,0,,33062,14856,6.0,2021.0,0,0,-36.081515883013566,26042,21,12702,-7.6611802249224725,30276,,13534
,0,,36341,14666,6.0,2021.0,0,0,-35.90579714240171,23456,21,12065,-7.826758848181969,32573,,13634
,0,,31423,14306,6.0,2021.0,0,0,-36.14888963210654,25644,21,12762,-7.722987734971271,29024,,13957
,0,,33159,13773,6.0,2021.0,0,0,-36.0368045708662,30299,21,12919,-7.766701230872574,32871,,13530
,0,,37442,14324,6.0,2021.0,0,0,-35.91635319261718,25819,21,11789,-7.898446405780503,27464,,12757
,0,,33690,14216,6.0,2021.0,0,0,-36.147464893590545,21135,21,11783,-7.678509436180475,28187,,13404
,0,,30330,13166,6.0,2021.0,0,0,-35.90461987546663,23731,21,11864,-7.869760399595807,26275,,12584
,0,,31871,13407,6.0,2021.0,0,0,-35.95756814015954,24116,21,11720,-7.690364403868981,27914,,12461
,0,,35753,14501,4.0,2021.0,0,0,-36.37449529208591,25530,15,12842,-7.724906920318102,30244,,13728
,0,,35183,14390,4.0,2021.0,0,0,-36.42311327363229,27322,15,12740,-7.981084519067976,31117,,13722
,0,,32499,13894,6.0,2021.0,0,0,-36.592430577600354,26113,21,12855,-7.806172970386792,28513,,13371
,0,,31416,14138,4.0,2021.0,0,0,-36.41780277249218,24893,15,12441,-7.982370729754193,28567,,13436
,0,,30693,13495,4.0,2021.0,0,0,-36.449803976352456,24953,15,12654,-8.003705734085573,29074,,13243
,0,,43214,15249,4.0,2021.0,0,0,-36.534952035392266,31072,15,13082,-7.923681537339048,36183,,14488
,0,,31655,13894,4.0,2021.0,0,0,-36.62433803018012,30577,15,13076,-7.696359922142713,30097,,13124
,0,,33408,14174,4.0,2021.0,0,0,-36.317031203893166,26806,15,12498,-7.943921337450477,31613,,13410
,0,,33354,13972,4.0,2021.0,0,0,-36.53005986313404,29396,15,13067,-7.922579913532822,31766,,13680
,0,,35559,13487,4.0,2021.0,0,0,-36.38889247234925,30992,15,12634,-7.668001725583808,32426,,13084
,0,,27716,13351,4.0,2021.0,0,0,-36.41889675148424,22953,15,12273,-7.818181851635274,24365,,12797
,0,,32698,13965,4.0,2021.0,0,0,-36.496678162068484,28792,15,13053,-7.997962870628164,31519,,13614
,0,,35002,13831,4.0,2021.0,0,0,-36.61189271469713,29894,15,12648,-7.680210391609411,32122,,13136
,0,,29296,13066,4.0,2021.0,0,0,-36.30363895591905,28363,15,12747,-7.690354419196327,27526,,12919
,0,,30969,13320,4.0,2021.0,0,0,-36.57326848058499,29961,15,12984,-7.814384838000917,31838,,13148
,0,,33419,13398,6.0,2021.0,0,0,-36.491393911312464,28516,21,12637,-7.744332937936333,29097,,12859
,0,,28211,13172,4.0,2021.0,0,0,-36.29519327796803,27102,15,12791,-7.690843881335063,26395,,12778
,0,,34282,13578,4.0,2021.0,0,0,-36.548526681959075,28890,15,12597,-8.01158502097142,30973,,12964
,0,,32116,13453,4.0,2021.0,0,0,-36.333406732732065,31506,15,12820,-7.689666444567614,31118,,13342
,0,,33466,14178,4.0,2021.0,0,0,-36.33860523718224,27154,15,12777,-7.946279102474128,29257,,13274
,0,,30689,13026,4.0,2021.0,0,0,-36.30994138426764,27666,15,12658,-7.693394563484193,30709,,13003
,0,,34114,13561,4.0,2021.0,0,0,-36.561915644722305,29752,15,12894,-7.880478646489963,32275,,13369
,0,,32941,14143,4.0,2021.0,0,0,-36.5417383833694,26390,15,12642,-8.002586210692412,27515,,13194
,0,,29837,13128,4.0,2021.0,0,0,-36.51062461921436,28540,15,12459,-7.834566091561176,30177,,12940
,0,,35935,13987,4.0,2021.0,0,0,-36.477213205103276,31350,15,13421,-7.9502459651941715,32506,,13562
,0,,29654,12957,4.0,2021.0,0,0,-36.38703423321672,30172,15,13017,-7.823156138488263,29735,,12925
,0,,33471,13587,4.0,2021.0,0,0,-36.298382979707256,27505,15,12507,-7.9202735446618915,31442,,13224
,0,,28185,12955,6.0,2021.0,0,0,-36.578228442506656,27434,21,12606,-7.770179724733859,28373,,12884
,0,,34680,13951,4.0,2021.0,0,0,-36.3430774309174,20860,15,11734,-7.788133011335835,31140,,13577
,0,,25901,13571,6.0,2021.0,0,0,-36.44670667072211,22886,21,12160,-7.869799399419041,25670,,12976
,0,,36605,14752,4.0,2021.0,0,0,-36.5209916494994,25239,15,13158,-7.691536387193367,31035,,14009
,0,,36381,13990,4.0,2021.0,0,0,-36.30480700621188,26630,15,12633,-7.9487193814451365,30604,,13561
,0,,29310,14119,6.0,2021.0,0,0,-36.52069853019099,25520,21,12666,-7.961979932790162,25450,,13623
,0,,27778,13508,6.0,2021.0,0,0,-36.49786838658617,25544,21,12683,-7.944063445414961,27147,,13260
,0,,48812,15234,4.0,2021.0,0,0,-35.396630530195885,25253,15,12768,-7.348377523114335,34435,,13802
,0,,38517,14994,4.0,2021.0,0,0,-35.39520514962235,27381,15,13227,-7.30389068117021,32433,,14079
,0,,42923,15070,4.0,2021.0,0,0,-35.28454747696712,26783,15,12834,-7.392099325202927,34997,,14247
,0,,41806,14828,4.0,2021.0,0,0,-35.26811007787466,26201,15,12750,-7.293382201630057,32988,,13849
,0,,27668,13014,6.0,2021.0,0,0,-35.24978345898251,23545,21,11944,-7.428642597594504,27162,,12787
,0,,46113,15062,4.0,2021.0,0,0,-35.447207514979446,27606,15,12707,-7.369713420690739,35876,,13843
,0,,43209,15071,4.0,2021.0,0,0,-35.48111962485156,25298,15,12567,-7.408378231183078,33105,,14028
,0,,36680,15055,4.0,2021.0,0,0,-35.3108205193106,21192,15,11880,-7.350305228011519,29420,,13653
,0,,42011,14854,4.0,2021.0,0,0,-35.332243740014896,24598,15,12293,-7.3699023138305595,30321,,13567
,0,,44705,15288,4.0,2021.0,0,0,-35.37941472282487,24406,15,12345,-7.361772532875121,30343,,13898
,0,,43510,15096,4.0,2021.0,0,0,-35.3292558887204,26418,15,12572,-7.286557939761178,31392,,13687
,0,,37766,14877,4.0,2021.0,0,0,-35.354616132247536,25936,15,12498,-7.297206188775304,30052,,13078
,0,,35050,14252,4.0,2021.0,0,0,-35.29879017931278,24112,15,12364,-7.369810407466379,26478,,12918
,0,,36060,14556,6.0,2021.0,0,0,-35.23139432040252,27591,21,13290,-7.333683597425901,31066,,13758
,0,,43498,15395,4.0,2021.0,0,0,-35.33249356697433,29350,15,13695,-7.47318614129199,35680,,14710
,0,,46044,15402,4.0,2021.0,0,0,-35.497231695528185,29121,15,13274,-7.5716996948531445,38315,,14507
,0,,44109,15373,4.0,2021.0,0,0,-35.205309221231616,25764,15,13041,-7.315748634299064,35078,,14766
,0,,45134,15336,4.0,2021.0,0,0,-35.45657626610901,29223,15,13162,-7.374313934562255,35475,,14490
,0,,45694,15378,6.0,2021.0,0,0,-35.425917926159066,28009,21,13333,-7.351363194693219,31862,,13754
,0,,45036,15244,4.0,2021.0,0,0,-35.42382179474153,24703,15,12403,-7.316914996009887,33461,,13928
,0,,41704,14889,4.0,2021.0,0,0,-35.39485244619981,26954,15,13149,-7.478716050568986,36932,,14450
,0,,45484,14976,4.0,2021.0,0,0,-35.7687307662563,22307,15,12050,-7.316920068605786,28865,,13270
,0,,36810,14667,4.0,2021.0,0,0,-35.62223454522564,20113,15,11444,-7.350297268199577,31225,,13519
,0,,30679,14235,4.0,2021.0,0,0,-35.599639098689245,24245,15,12783,-7.490714207404202,26493,,13793
,0,,48437,15631,4.0,2021.0,0,0,-35.58114653152416,24755,15,12439,-7.315050532208224,29363,,13616
,0,,46128,15550,4.0,2021.0,0,0,-35.82100651420872,24950,15,12352,-7.439792570302023,30778,,13822
,0,,38326,15009,4.0,2021.0,0,0,-35.559475702910284,25769,15,12716,-7.3336701806106666,29701,,13723
,0,,49086,15578,4.0,2021.0,0,0,-35.55254598748753,27000,15,12763,-7.574153625806922,37448,,14610
,0,,35256,14488,6.0,2021.0,0,0,-35.59081641450091,25413,21,11949,-7.413535855022137,29449,,12915
,0,,45500,15063,4.0,2021.0,0,0,-35.63477211243858,28108,15,12526,-7.448565220124915,34488,,14070
,0,,36778,14834,4.0,2021.0,0,0,-35.53912596644261,26650,15,12774,-7.42491438523359,30540,,13541
,0,,44440,14885,4.0,2021.0,0,0,-35.57065334633532,22417,15,11936,-7.382929460461907,34152,,13913
,0,,44526,15266,4.0,2021.0,0,0,-35.88590935996189,26168,15,12487,-7.62086576708238,30439,,13641
,0,,47683,15584,4.0,2021.0,0,0,-35.782690550654905,29067,15,12770,-7.549109857666322,32939,,13486
,0,,35097,13928,4.0,2021.0,0,0,-35.54468054494225,26678,15,12178,-7.348017313045514,29944,,12787
,0,,43566,14988,4.0,2021.0,0,0,-35.553488343955856,27803,15,12652,-7.375508797682002,31765,,13697
,0,,45174,15092,4.0,2021.0,0,0,-35.727491765288214,25765,15,12967,-7.412551336505696,33030,,14074
,0,,36041,14150,6.0,2021.0,0,0,-35.768437436760216,26245,21,12605,-7.58741550062658,29709,,13157
,0,,40838,14390,4.0,2021.0,0,0,-35.71930654183372,26533,15,12555,-7.297206547763783,29815,,13592
,0,,37865,14362,4.0,2021.0,0,0,-35.627698045218025,24671,15,12108,-7.430766095067738,31534,,13230
,0,,35827,14141,4.0,2021.0,0,0,-35.70909161210408,21614,15,11812,-7.446387229086665,30553,,13508
,0,,35922,14590,4.0,2021.0,0,0,-35.67736930914202,22171,15,11777,-7.5239028744593135,31103,,13836
,0,,33833,13934,4.0,2021.0,0,0,-35.73880366436055,27405,15,12621,-7.452206101749965,30890,,13368
,0,,31825,13401,4.0,2021.0,0,0,-35.87303317128442,21840,15,11570,-7.297389981814638,26717,,12607
,0,,45484,14612,4.0,2021.0,0,0,-35.796266410275706,27952,15,12733,-7.637030322953192,34976,,13329
,0,,35811,14742,4.0,2021.0,0,0,-35.75318584492226,28058,15,13199,-7.303892741854261,31551,,13976
,0,,41315,14627,4.0,2021.0,0,0,-35.78947797975415,30291,15,12751,-7.62802972539194,35762,,13888
,0,,36586,14412,4.0,2021.0,0,0,-35.873779587230594,27387,15,12747,-7.563294110834557,30714,,13568
,0,,34330,13204,6.0,2021.0,0,0,-35.6211075497464,27784,21,12117,-7.5900548152141365,31990,,12827
,0,,30181,13335,4.0,2021.0,0,0,-35.53039728736784,24585,15,11717,-7.476596369738268,30890,,13281
,0,,47254,15318,4.0,2021.0,0,0,-35.551378851817226,28156,15,13036,-7.315739118332034,32935,,13760
,0,,45756,15545,4.0,2021.0,0,0,-35.736261658285635,29828,15,13649,-7.351371719151193,36537,,14667
,0,,39039,15047,4.0,2021.0,0,0,-35.590629874002275,25902,15,12831,-7.369795975203786,33133,,14220
,0,,34351,14621,4.0,2021.0,0,0,-35.55401662700015,24437,15,12713,-7.392075056862467,27016,,13677
,0,,41015,14558,4.0,2021.0,0,0,-35.55566319879745,28347,15,13052,-7.621236388869024,33423,,13856
,0,,41132,14626,4.0,2021.0,0,0,-35.87439602984062,23427,15,11975,-7.298263697121467,30666,,13194
,0,,30582,13661,4.0,2021.0,0,0,-36.234827408684275,20994,15,11843,-7.428625626271226,27862,,13239
,0,,37192,14400,4.0,2021.0,0,0,-36.01090213734694,23539,15,12027,-7.448565205607448,28242,,12894
,0,,35173,14520,4.0,2021.0,0,0,-36.0038280722779,26670,15,12804,-7.430766081083014,30392,,13366
,0,,34916,14331,4.0,2021.0,0,0,-35.922252305983974,24150,15,12260,-7.545702408177573,29985,,13531
,0,,31648,14124,4.0,2021.0,0,0,-36.158820530609574,23979,15,12327,-7.549109852132382,29531,,13743
,0,,29939,13613,4.0,2021.0,0,0,-35.93014667646251,23282,15,12311,-7.392075034108765,26721,,13090
,0,,36285,14452,4.0,2021.0,0,0,-35.96675991233306,23314,15,12494,-7.3697959608642964,29418,,13533
,0,,32877,14300,4.0,2021.0,0,0,-35.97760032673953,23933,15,12488,-7.58861310482026,29249,,13630
,0,,33714,14139,4.0,2021.0,0,0,-36.25395061852403,26613,15,12786,-7.398066217188512,28765,,13339
,0,,32238,13977,4.0,2021.0,0,0,-36.16768152202045,26514,15,12186,-7.5871243946418305,27790,,13218
,0,,35256,13978,4.0,2021.0,0,0,-35.91496242460072,24969,15,12364,-7.420377727071647,29901,,13060
,0,,39152,14482,4.0,2021.0,0,0,-35.93381129445466,26453,15,12483,-7.318779721170946,29233,,13266
,0,,35743,14389,4.0,2021.0,0,0,-36.249163123792506,26693,15,12745,-7.29739002272256,29949,,13456
,0,,28273,13648,4.0,2021.0,0,0,-35.93374553464469,22602,15,12048,-7.5756705917590885,25482,,13105
,0,,35414,14285,4.0,2021.0,0,0,-35.915256020433475,25484,15,12225,-7.424914356728026,29585,,13142
,0,,38796,14585,4.0,2021.0,0,0,-36.11903612176202,27934,15,12414,-7.561454275490223,32421,,13617
,0,,34919,14396,4.0,2021.0,0,0,-36.00012265162049,24790,15,12370,-7.369894070979702,31321,,13547
,0,,33058,14163,4.0,2021.0,0,0,-36.08075894132443,27965,15,12721,-7.286557931515929,29503,,13376
,0,,33309,13710,4.0,2021.0,0,0,-35.998364573948194,25624,15,12284,-7.350297261153653,28819,,13170
,0,,30891,13601,4.0,2021.0,0,0,-36.250525981932,26731,15,12766,-7.298263738177107,27170,,13141
,0,,30765,13848,4.0,2021.0,0,0,-35.92867603739597,24077,15,12156,-7.5741535850073065,27749,,13087
,0,,32648,13787,4.0,2021.0,0,0,-36.23576190507629,29316,15,12757,-7.305592968115933,31325,,13136
,0,,28278,13219,4.0,2021.0,0,0,-36.01276239687818,25741,15,12372,-7.293381025840514,26955,,13082
,0,,31933,13258,4.0,2021.0,0,0,-35.919063254383,26437,15,12111,-7.316228811034377,28847,,12582
,0,,36015,14134,4.0,2021.0,0,0,-35.957276572739005,25546,15,12021,-7.3150505216043396,28258,,12758
,0,,31885,13488,4.0,2021.0,0,0,-36.090019784287314,28622,15,12473,-7.654229536187594,28897,,13014
,0,,32191,13393,4.0,2021.0,0,0,-36.129315833841964,28408,15,12403,-7.303892761667972,31366,,12908
,0,,40510,14642,6.0,2021.0,0,0,-35.929618393579375,27143,21,12739,-7.37550877645558,29291,,13344
,0,,29764,13331,6.0,2021.0,0,0,-36.12054749725699,21648,21,11465,-7.623405202846268,28538,,13014
,0,,33106,14302,6.0,2021.0,0,0,-36.16598854938102,24072,21,12728,-7.527937169366636,30901,,13909
,0,,30384,13603,6.0,2021.0,0,0,-36.07849286638287,25569,21,13119,-7.439338202204857,27765,,13521
,0,,29858,13414,6.0,2021.0,0,0,-35.962473150290315,22254,21,11868,-7.571712312077205,26490,,12713
,0,,40396,14401,6.0,2021.0,0,0,-35.9356057507121,27595,21,12088,-7.333670164500823,31112,,13070
,0,,31869,13927,6.0,2021.0,0,0,-35.91345487887272,23121,21,11878,-7.654710503692794,26005,,12830
,0,,26272,12744,6.0,2021.0,0,0,-36.27282740377226,22673,21,12088,-7.473146475195684,27057,,12764
,0,,36999,14310,6.0,2021.0,0,0,-36.085221614419424,26001,21,12116,-7.446387227447059,29162,,13316
,0,,31349,13738,6.0,2021.0,0,0,-36.35964896426591,27489,21,12280,-7.43709940259409,32752,,13437
,0,,36413,13761,4.0,2021.0,0,0,-36.575597548253974,27398,15,12641,-7.369713432206266,34548,,13582
,0,,27486,13142,4.0,2021.0,0,0,-36.325747920671006,26312,15,12473,-7.316239068534768,27808,,12876
,0,,31000,13507,4.0,2021.0,0,0,-36.36276654689319,27574,15,12621,-7.315057945774579,29791,,13027
,0,,28932,13337,4.0,2021.0,0,0,-36.302673231809614,30213,15,13127,-7.5900346688961795,29480,,13159
,0,,28872,13243,4.0,2021.0,0,0,-36.39578323399851,26213,15,12687,-7.375531031266657,27406,,12995
,0,,36882,14475,4.0,2021.0,0,0,-36.450164112848555,29619,15,13327,-7.6428631529117546,30220,,13967
,0,,27658,13524,4.0,2021.0,0,0,-36.6069378584085,24697,15,12422,-7.412528518178279,25931,,13079
,0,,30088,13594,6.0,2021.0,0,0,-36.50919328382255,28213,21,13232,-7.628034454391278,30073,,13799
,0,,28692,13501,4.0,2021.0,0,0,-36.48300614418419,28559,15,12949,-7.297206206226478,28363,,13316
,0,,27381,12821,4.0,2021.0,0,0,-36.59761539113533,26353,15,12554,-7.52443567632875,27331,,12728
,0,,35371,14157,4.0,2021.0,0,0,-36.608697536338575,27839,15,12654,-7.43931450958226,29209,,13105
,0,,35931,14404,4.0,2021.0,0,0,-36.3920675798379,24847,15,12471,-7.5756736494275545,29080,,13462
,0,,26763,13078,4.0,2021.0,0,0,-36.55037592748792,25298,15,12349,-7.448563007824099,25875,,12892
,0,,27111,13368,4.0,2021.0,0,0,-36.46088357381573,25610,15,12534,-7.473186146213189,25631,,12801
,0,,29055,13457,4.0,2021.0,0,0,-36.33369919875285,28180,15,12727,-7.315748651529866,29934,,13189
,0,,27282,12985,4.0,2021.0,0,0,-36.4606337467948,26422,15,12591,-7.369902326210428,25637,,12897
,0,,31951,13448,4.0,2021.0,0,0,-36.5575681863035,29685,15,12828,-7.490717783538373,30330,,13114
,0,,29591,13353,4.0,2021.0,0,0,-36.34305010693468,24139,15,12386,-7.318789665867644,27018,,12873
,0,,37388,14056,4.0,2021.0,0,0,-36.55430795452575,29081,15,12399,-7.3513632076941855,28846,,12753
,0,,35447,13654,4.0,2021.0,0,0,-36.58496630154104,27998,15,12121,-7.374313945673468,30963,,12806
,0,,26788,12714,4.0,2021.0,0,0,-36.639185842256786,24506,15,12157,-7.298259021548366,26183,,12426
,0,,29724,13744,4.0,2021.0,0,0,-36.64470328874403,23254,15,12014,-7.621225867077232,23449,,12856
,0,,35278,13978,6.0,2021.0,0,0,-36.36895486375962,30791,21,12956,-7.606515369239531,29580,,13059
,0,,31236,13474,4.0,2021.0,0,0,-36.62250264599926,27972,15,12775,-7.44635871300535,29014,,12958
,65535,,14151,7027,8.0,2021.0,65535,65535,-34.869973818038325,12113,33,4478,-6.975615708960281,12945,,5900
,65535,,13651,6856,8.0,2021.0,65535,65535,-34.87173165220777,12821,33,5772,-6.995216265523498,13407,,6557
,65535,,15430,7794,8.0,2021.0,65535,65535,-34.83836923203994,12027,33,4426,-6.995118518417154,12895,,5502
,65535,,18877,10302,8.0,2021.0,0,65535,-36.353732759784705,12709,33,5433,-7.96317684906407,13054,,5848
,53154,,13859,7879,8.0,2021.0,16687,51926,-35.231000519155494,13524,33,7460,-7.348035808231908,13700,,7662
,24203,,15282,8074,8.0,2021.0,65535,32932,-36.18578403724354,11512,33,4130,-7.505898933394417,11772,,4298
,0,,38921,16027,0.0,2022.0,0,0,-35.07482430469381,21168,3,13134,-6.955425793453893,35458,,15815
,0,,37290,15743,0.0,2022.0,0,0,-35.073704011350685,22676,3,13840,-7.02090651441301,35290,,15582
,0,,46969,16242,0.0,2022.0,0,0,-35.00092536269898,25209,3,14011,-6.929201966885745,43431,,15882
,0,,41496,15845,0.0,2022.0,0,0,-35.516845076539354,30020,3,14089,-7.26856190555438,36587,,15026
,0,,36716,15485,0.0,2022.0,0,0,-35.41372688034437,26936,3,14131,-7.153289646347662,33381,,14976
,0,,48427,15833,1.0,2022.0,0,0,-35.21468542293104,22548,4,12890,-7.038866802544595,42743,,15441
,0,,51201,16238,1.0,2022.0,0,0,-35.48256634362336,26172,4,13580,-7.053959902372851,38464,,15207
,0,,50005,15736,0.0,2022.0,0,0,-35.5373245873177,27928,3,13604,-7.28008862022474,42035,,15266
,0,,47527,16333,0.0,2022.0,0,0,-35.71388965087328,29769,3,14067,-7.2796059027381315,41650,,15472
,0,,49573,16362,0.0,2022.0,0,0,-35.782689062916205,27594,3,13797,-7.174466326865277,43404,,15972
,0,,41287,16155,0.0,2022.0,0,0,-35.5534880188796,29879,3,14640,-7.000833019215958,34242,,15180
,0,,44759,16009,1.0,2022.0,0,0,-35.87303270030065,22117,4,12548,-6.92269935197961,33143,,14593
,0,,53227,16330,1.0,2022.0,0,0,-35.85162160240369,22922,4,13140,-6.96110870564845,39266,,14986
,0,,49654,16186,1.0,2022.0,0,0,-35.87439552146327,20274,4,11761,-6.923573259725531,32649,,14483
,0,,54357,16135,1.0,2022.0,0,0,-35.62110529498995,24695,4,13004,-7.215419270106295,32593,,14455
,0,,53579,16404,1.0,2022.0,0,0,-35.6347699942511,25243,4,13544,-7.0739024121573815,41744,,15677
,0,,56523,16584,1.0,2022.0,0,0,-35.54468038281902,27766,4,13994,-6.973336418862304,38730,,15412
,0,,44666,16206,1.0,2022.0,0,0,-35.768436340359514,21881,4,12964,-7.21277921342046,38299,,15593
,0,,43452,15952,1.0,2022.0,0,0,-35.55137875084593,25328,4,13775,-6.9410519132682555,36508,,15022
,0,,40543,16186,1.0,2022.0,0,0,-35.69443888188298,27876,4,13709,-7.120562963525154,35950,,15394
,0,,47742,16608,1.0,2022.0,0,0,-35.70235966499911,26212,4,14097,-7.064673319470622,38223,,15812
,0,,43717,15691,1.0,2022.0,0,0,-35.82708431408225,25938,4,13056,-6.955425797572939,34954,,14911
,0,,48908,15714,1.0,2022.0,0,0,-35.66663148095412,21455,4,12448,-7.068925793606972,33249,,14564
,0,,48284,16460,1.0,2022.0,0,0,-35.55947549656392,33168,4,14425,-6.95898627600137,39948,,15654
,0,,51049,16181,1.0,2022.0,0,0,-35.55566189764264,30486,4,13877,-7.246607701405762,38779,,15046
,0,,55630,16544,1.0,2022.0,0,0,-35.7312403047106,27123,4,13766,-7.232567294062786,34675,,14992
,0,,48547,16314,1.0,2022.0,0,0,-35.74441684659303,29209,4,14217,-7.248775715129019,39660,,15392
,0,,46576,15907,1.0,2022.0,0,0,-35.564768403599395,28994,4,13405,-7.194715665667653,35276,,14599
,0,,53891,16320,1.0,2022.0,0,0,-35.60581462233955,25145,4,12904,-7.1497959260285535,29046,,14137
,0,,41656,16068,1.0,2022.0,0,0,-36.14711529014199,30572,4,13849,-7.104058916102756,33162,,14456
,0,,44811,15993,1.0,2022.0,0,0,-36.062894634910165,26851,4,13342,-7.190931343134052,29382,,13809
,0,,42456,15594,1.0,2022.0,0,0,-35.90816556712177,26062,4,13089,-6.947053890774846,34342,,14453
,0,,37120,15707,1.0,2022.0,0,0,-36.24637312555557,28736,4,13489,-7.071696566715946,31196,,14361
,0,,41811,15645,1.0,2022.0,0,0,-36.176082155316124,28768,4,13608,-6.942227036819151,34775,,14777
,0,,43496,15840,1.0,2022.0,0,0,-36.08450559526644,28176,4,13461,-6.995224089990984,29687,,13954
,0,,33934,14841,1.0,2022.0,0,0,-35.9575703343266,23339,4,12635,-6.941060946768567,28611,,13726
,0,,44997,15501,1.0,2022.0,0,0,-36.0020462569565,30546,4,13574,-7.0539760510804514,34021,,14481
,0,,49814,15941,1.0,2022.0,0,0,-36.1814403636705,24139,4,12500,-7.116063243586223,33411,,14075
,0,,33928,14498,1.0,2022.0,0,0,-36.27031961931347,30282,4,13466,-7.191410999837372,30384,,13587
,0,,38214,15076,1.0,2022.0,0,0,-35.96692131551375,23243,4,12490,-6.944102415424581,28153,,13526
,0,,39520,15501,1.0,2022.0,0,0,-36.08335136004326,25481,4,13109,-7.248776994805737,29317,,14243
,0,,39211,15313,1.0,2022.0,0,0,-35.986637550908455,28968,4,13317,-6.940369736811995,32624,,14304
,0,,40488,15400,1.0,2022.0,0,0,-36.019655895930015,22528,4,12203,-7.000854129036522,25878,,13116
,0,,43495,15467,1.0,2022.0,0,0,-36.20883694187264,28448,4,13221,-6.999637377917064,30361,,14147
,0,,46850,15762,1.0,2022.0,0,0,-36.07403447756977,24196,4,12590,-7.268237337137602,30691,,13922
,0,,45705,15884,1.0,2022.0,0,0,-36.05004018192914,23200,4,12339,-7.045740375283813,29030,,13966
,0,,47058,16025,1.0,2022.0,0,0,-36.24768321660778,25742,4,12949,-6.9554127756719435,31300,,14057
,0,,41939,15231,1.0,2022.0,0,0,-36.20814125909866,24332,4,12217,-7.282771284620434,27693,,13138
,0,,43009,15498,1.0,2022.0,0,0,-36.178178661588554,25463,4,12616,-6.976681870108295,29925,,13795
,0,,44847,15843,1.0,2022.0,0,0,-36.09804737891972,19848,4,11598,-7.101974420945426,30731,,14102
,0,,46000,15999,1.0,2022.0,0,0,-36.03038409443755,22669,4,12298,-7.194853544380132,38805,,15092
,0,,39782,15469,1.0,2022.0,0,0,-36.1994682470732,22449,4,12232,-6.9950358592191195,28195,,13893
,0,,38318,14877,1.0,2022.0,0,0,-36.04426250624907,24351,4,13233,-7.008273422831557,32320,,14255
,0,,46019,15822,1.0,2022.0,0,0,-36.17881516158991,27945,4,13260,-7.207969848471741,34495,,14661
,0,,47256,15679,1.0,2022.0,0,0,-36.06308210548356,30852,4,14122,-6.975623273710588,34833,,14701
,0,,41172,15515,1.0,2022.0,0,0,-36.233380210091326,24366,4,13224,-7.033708578970994,38371,,14973
,0,,37601,15395,1.0,2022.0,0,0,-36.230808460523676,30748,4,14504,-7.037859613209772,33437,,14749
,0,,47129,15566,1.0,2022.0,0,0,-36.17424778938893,30084,4,13304,-7.073900299418066,36954,,14227
,0,,49587,16255,0.0,2022.0,0,0,-35.610505571968076,23294,3,13171,-7.689674236606338,39122,,15642
,0,,51060,15975,1.0,2022.0,0,0,-35.72190960395636,26352,4,13328,-7.851217964387043,39673,,15243
,0,,47888,15624,1.0,2022.0,0,0,-35.68676100964542,26883,4,13425,-7.9401407094335426,34410,,14430
,0,,51097,15692,1.0,2022.0,0,0,-35.697903757241185,27703,4,13414,-8.017417081097229,36801,,14666
,0,,41414,15831,1.0,2022.0,0,0,-35.71900355686076,25312,4,13471,-7.7881495160181675,32663,,14782
,0,,39941,15806,1.0,2022.0,0,0,-35.87568951330001,28891,4,13698,-8.017745106115152,31213,,14470
,0,,43584,15614,1.0,2022.0,0,0,-35.89244307327575,27529,4,13356,-7.995782083960358,33972,,14699
,0,,43242,14987,1.0,2022.0,0,0,-35.70766320763275,29829,4,13524,-8.028781320396117,35269,,14149
,0,,42284,15101,1.0,2022.0,0,0,-35.7179103553951,24518,4,13015,-7.961696544838582,35432,,14472
,0,,36053,15161,1.0,2022.0,0,0,-35.79995147496383,26692,4,13340,-7.691531027714882,29378,,14232
,0,,54046,16049,1.0,2022.0,0,0,-35.64347348114774,28795,4,13662,-7.9360196991406475,38408,,14992
,0,,37521,15452,1.0,2022.0,0,0,-35.887562483474966,26020,4,13430,-7.6639665202024325,31931,,14710
,0,,35553,14857,1.0,2022.0,0,0,-35.802680134584534,24233,4,12636,-7.957171769122795,28198,,13503
,0,,45131,15901,1.0,2022.0,0,0,-35.67776152827174,24055,4,13403,-7.981759957847506,38034,,15181
,0,,42762,15744,1.0,2022.0,0,0,-35.707219770630665,28940,4,13786,-7.99796422000667,39689,,15232
,0,,43897,15956,1.0,2022.0,0,0,-35.85467722804416,29289,4,13716,-7.787125470167346,34064,,14607
,0,,38663,14930,1.0,2022.0,0,0,-35.756932407147715,27634,4,13497,-8.002591102403585,36044,,14593
,0,,46328,15917,1.0,2022.0,0,0,-35.666115702808185,21795,4,12479,-8.003703537844386,39128,,15153
,0,,46906,15910,1.0,2022.0,0,0,-35.832705638138286,24665,4,12851,-7.748918558112549,38175,,14978
,0,,49532,16495,1.0,2022.0,0,0,-35.983258439750124,27265,4,13737,-7.722645713980691,32926,,14720
,0,,54606,16283,1.0,2022.0,0,0,-36.09513355616056,22369,4,12711,-7.788149507710678,29622,,13887
,0,,42643,15990,1.0,2022.0,0,0,-36.10687592206817,23837,4,12654,-7.671826409446259,29225,,14017
,0,,52173,15769,1.0,2022.0,0,0,-36.030566178381015,28808,4,13792,-7.880486685818425,41932,,14946
,0,,56599,15980,1.0,2022.0,0,0,-35.93315768713432,28820,4,13359,-7.834540882724661,36007,,14498
,0,,45729,16251,1.0,2022.0,0,0,-36.25563953555668,27418,4,13282,-7.680203013066206,31605,,13997
,0,,39504,15632,1.0,2022.0,0,0,-36.01960350341189,25682,4,12790,-7.93601969132965,32075,,14686
,0,,56090,16301,1.0,2022.0,0,0,-36.00204068751986,24888,4,12655,-7.803237234826181,30638,,13709
,0,,35976,15159,1.0,2022.0,0,0,-36.222323734209645,26835,4,13392,-7.995437190944484,31113,,14399
,0,,43289,16052,1.0,2022.0,0,0,-35.900668239776955,27629,4,13650,-7.992688136387148,34581,,15249
,0,,46634,16103,1.0,2022.0,0,0,-36.15235292537072,25238,4,13137,-7.937888773359277,30626,,14266
,0,,46799,16032,1.0,2022.0,0,0,-35.92654304805077,27023,4,13331,-7.964597335703462,33506,,14327
,0,,45821,16070,1.0,2022.0,0,0,-35.99049663505154,24003,4,12970,-7.772688053320839,31354,,14424
,0,,42003,15762,1.0,2022.0,0,0,-35.93613082149663,23897,4,12619,-7.770168818780867,31272,,14319
,0,,52232,16097,1.0,2022.0,0,0,-36.05389154011454,27496,4,13607,-7.981759960867506,31221,,14196
,0,,36365,15395,1.0,2022.0,0,0,-36.08379321040137,22766,4,12730,-8.02878133339388,29598,,14225
,0,,40371,15409,1.0,2022.0,0,0,-36.2518194649971,25512,4,13154,-8.01774515511102,31811,,14124
,0,,38866,15182,1.0,2022.0,0,0,-36.13306239492659,25583,4,13108,-8.002591124275034,30824,,14221
,0,,51060,15938,1.0,2022.0,0,0,-35.90179826869902,26103,4,13100,-7.710387499031245,34911,,14527
,0,,45071,15966,1.0,2022.0,0,0,-35.93418027600307,25566,4,13419,-8.032980584069117,35277,,14978
,0,,36887,15285,1.0,2022.0,0,0,-36.08334977351475,29194,4,13761,-7.997964230651355,33294,,14604
,0,,43249,15332,1.0,2022.0,0,0,-36.263692431550204,28172,4,13339,-7.663966512949779,31131,,14021
,0,,41637,15692,1.0,2022.0,0,0,-36.17817720565932,21565,4,12291,-7.7259725837094955,31561,,14529
,0,,47302,15612,1.0,2022.0,0,0,-36.06289101874373,30680,4,14025,-7.940140711397877,39411,,15013
,0,,32897,14047,1.0,2022.0,0,0,-36.201107492638826,26380,4,13075,-7.8181687143246945,27087,,13382
,0,,38951,15528,1.0,2022.0,0,0,-36.26081589634761,25512,4,12722,-7.672004194546273,29405,,13632
,0,,33093,14797,1.0,2022.0,0,0,-36.07403376296103,22322,4,12445,-8.017417091114337,27228,,13523
,0,,39797,14717,1.0,2022.0,0,0,-36.04224571818747,23095,4,12487,-8.003703539903658,32110,,13793
,0,,41493,15437,1.0,2022.0,0,0,-36.176081449673774,26009,4,12808,-7.691531013812082,29327,,13741
,0,,38799,15029,1.0,2022.0,0,0,-36.08474953470253,29266,4,12694,-7.8477726274428266,27291,,12985
,0,,37246,15014,1.0,2022.0,0,0,-36.208835602894744,26571,4,13162,-7.748918557841588,28021,,13657
,0,,34029,14953,1.0,2022.0,0,0,-36.071215166402716,28397,4,13712,-7.961983680322181,32371,,14523
,0,,41486,15144,1.0,2022.0,0,0,-36.17011256846306,24420,4,12379,-7.918481061562443,28205,,13029
,0,,45305,15272,1.0,2022.0,0,0,-36.05488048589248,25080,4,12851,-7.799541403784989,27367,,13113
,0,,40908,15384,1.0,2022.0,0,0,-36.27031935854549,28496,4,13045,-7.9406165133886155,32136,,13836
,0,,36506,14449,1.0,2022.0,0,0,-36.23256675989056,27697,4,12985,-7.813906306298744,29421,,13692
,0,,38878,14287,1.0,2022.0,0,0,-36.01965061375515,29011,4,12929,-7.750135992268154,30891,,13246
,0,,36152,14286,1.0,2022.0,0,0,-36.312288168168195,21961,4,12211,-8.032981357003507,31013,,13713
,0,,31696,14803,1.0,2022.0,0,0,-36.35613897661349,23203,4,12511,-8.006209317388395,27436,,13662
,0,,41962,15088,1.0,2022.0,0,0,-36.2895850651066,25706,4,13238,-8.029260578662596,33911,,14478
,0,,29226,14063,1.0,2022.0,0,0,-36.36933972343991,25108,4,12796,-8.002667198606684,27087,,13463
,0,,38285,15161,1.0,2022.0,0,0,-36.307924504353736,27253,4,13415,-7.995793168117311,31987,,14258
,0,,35514,14851,1.0,2022.0,0,0,-36.314961796676535,25554,4,13270,-8.021898853679966,31409,,14370
,0,,40909,15302,1.0,2022.0,0,0,-36.58730116266972,22135,4,12465,-8.03194295803928,32261,,14238
,0,,35507,15061,1.0,2022.0,0,0,-36.633118360031446,28067,4,13635,-7.957147082763823,33427,,14705
,0,,34047,14792,1.0,2022.0,0,0,-36.44727581572577,30302,4,14213,-7.912290782652389,33464,,14741
,0,,31581,14371,1.0,2022.0,0,0,-36.62603985448961,24282,4,12834,-7.937861898555898,29715,,14221
,0,,32563,14535,1.0,2022.0,0,0,-36.64523514691418,27109,4,13335,-8.017737903076897,29593,,13970
,0,,44919,15609,1.0,2022.0,0,0,-36.35190093754624,23885,4,12455,-7.865296673761787,37356,,14488
,0,,36922,15029,1.0,2022.0,0,0,-36.636233621289264,33187,4,14115,-7.663968016178032,35593,,14397
,0,,35102,14890,1.0,2022.0,0,0,-36.56904198476792,28711,4,14158,-7.749449810741387,31116,,14555
,0,,36143,14449,1.0,2022.0,0,0,-36.63816940826214,31863,4,13822,-7.995422286758348,32168,,14062
,0,,34391,14481,1.0,2022.0,0,0,-36.32291389375151,22954,4,12467,-7.757532195129819,34017,,14289
,0,,46744,15922,1.0,2022.0,0,0,-36.29109263442862,23699,4,12878,-7.794972754145971,33413,,14301
,0,,36554,14520,1.0,2022.0,0,0,-36.44670667072211,27188,4,12999,-7.869799399419041,33386,,14125
,0,,37095,14847,1.0,2022.0,0,0,-36.34289054088632,23556,4,12433,-7.74440151883778,29470,,13842
,0,,36538,14957,1.0,2022.0,0,0,-36.48447252605731,29600,4,13113,-7.928124513046681,32221,,14279
,0,,39606,15105,1.0,2022.0,0,0,-36.579347432779834,28417,4,13384,-7.704724100158723,35452,,14557
,0,,36539,14888,1.0,2022.0,0,0,-36.3062770220239,31710,4,13663,-7.766675762268173,33907,,14391
,0,,38274,14539,1.0,2022.0,0,0,-36.46614991369539,28062,4,13017,-8.028781357884727,32440,,13816
,0,,43436,15537,1.0,2022.0,0,0,-36.32963126916362,24282,4,12602,-7.853284972520559,30774,,13941
,0,,33811,14721,1.0,2022.0,0,0,-36.29694071049558,25735,4,13007,-7.7226263012926815,32566,,14455
,0,,32425,14133,1.0,2022.0,0,0,-36.376253614311686,23749,4,12419,-7.744499990054709,27430,,13478
,0,,45472,15366,1.0,2022.0,0,0,-36.35807924217313,26236,4,12967,-7.899019965183572,30008,,14005
,0,,38280,14898,1.0,2022.0,0,0,-36.37995981561406,24226,4,12607,-7.805360364561559,26766,,12952
,0,,42842,15146,1.0,2022.0,0,0,-36.309876680124304,27507,4,12877,-7.9502361843148925,29277,,13393
,0,,42528,15985,0.0,2022.0,0,0,-35.183871966744796,20710,3,13317,-7.395568691653546,34583,,15547
,0,,44521,16241,1.0,2022.0,0,0,-35.34287619189732,26698,4,14298,-7.413551585330206,37757,,15778
,0,,51723,16068,1.0,2022.0,0,0,-35.291999911509926,26048,4,13092,-7.382949039527625,37034,,14739
,0,,46152,16258,0.0,2022.0,0,0,-35.57737003408248,28119,3,13935,-7.478700505331833,32565,,14822
,0,,43841,15932,1.0,2022.0,0,0,-35.56002808857557,31946,4,14670,-7.658431639303621,39688,,15422
,0,,42649,15779,1.0,2022.0,0,0,-35.734228517765516,25679,4,13551,-7.408401580970006,33245,,14770
,0,,46355,16029,1.0,2022.0,0,0,-35.82596623339288,28128,4,13770,-7.395579037325469,37597,,15331
,0,,47477,15840,1.0,2022.0,0,0,-35.67931986114349,27476,4,13476,-7.361773711059948,37979,,14910
,0,,47906,16010,1.0,2022.0,0,0,-35.77779829982941,28399,4,13792,-7.548007985490839,39511,,15323
,0,,44986,15845,1.0,2022.0,0,0,-35.69754325119342,28611,4,13757,-7.629149141129369,37483,,14920
,0,,54644,16340,1.0,2022.0,0,0,-35.81677929835064,29061,4,13906,-7.374845034927674,38852,,15086
,0,,43261,15933,1.0,2022.0,0,0,-35.80965406548448,24823,4,12916,-7.50589892939313,31931,,14531
,0,,43400,15958,1.0,2022.0,0,0,-35.73913180840272,22949,4,12812,-7.369726610797092,31745,,14332
,0,,42697,16009,1.0,2022.0,0,0,-35.67085185556649,27796,4,13308,-7.60652366681612,32925,,14372
,0,,48543,16016,1.0,2022.0,0,0,-35.83167971387531,26350,4,13417,-7.437094639654921,37687,,15077
,0,,54814,16520,1.0,2022.0,0,0,-35.69444277495623,27626,4,13773,-7.49521711978642,41351,,15568
,0,,52701,16345,1.0,2022.0,0,0,-35.60387799543401,23572,4,12923,-7.63165383510357,35653,,15101
,0,,56491,16624,1.0,2022.0,0,0,-35.82708587569137,29227,4,13701,-7.330110868173963,38500,,15061
,0,,37603,15463,1.0,2022.0,0,0,-35.56699560518872,31993,4,14458,-7.618147295654032,35698,,15080
,0,,47305,15823,1.0,2022.0,0,0,-35.6366323725331,25147,4,13456,-7.293381024849827,40533,,15114
,0,,41447,15193,1.0,2022.0,0,0,-35.53883237052211,21233,4,11782,-7.420377755176031,31205,,13906
,0,,41657,15900,1.0,2022.0,0,0,-35.896697458458014,26130,4,13552,-7.47314645546585,32587,,14632
,0,,50267,16242,1.0,2022.0,0,0,-35.84016904618084,24764,4,13352,-7.431579378778288,34496,,14683
,0,,40923,15586,1.0,2022.0,0,0,-35.81523948866604,28371,4,13873,-7.442816407384354,34327,,14666
,0,,52996,16182,1.0,2022.0,0,0,-35.797039820397096,23518,4,13079,-7.402884960000199,32607,,14455
,0,,48951,16073,1.0,2022.0,0,0,-35.702362862023,27022,4,13362,-7.4393382043008565,40535,,15131
,0,,45135,15863,1.0,2022.0,0,0,-35.74388120135684,28086,4,12920,-7.374329249659895,33216,,14244
,0,,53049,16576,1.0,2022.0,0,0,-35.601470291706605,27015,4,13290,-7.588613139014242,35941,,14729
,0,,45744,15965,1.0,2022.0,0,0,-35.71388978342295,28057,4,13793,-7.654229565328671,36155,,14824
,0,,50315,15817,1.0,2022.0,0,0,-35.546122254122004,25826,4,13448,-7.5457024472873115,36075,,14910
,0,,56676,16207,1.0,2022.0,0,0,-35.66663411516811,25452,4,13021,-7.443589763834038,35139,,14700
,0,,56555,16492,1.0,2022.0,0,0,-35.731241333038426,27151,4,13196,-7.6071999531299,37695,,14899
,0,,49699,16090,1.0,2022.0,0,0,-35.61283795838591,25970,4,13020,-7.566077061345402,36484,,14575
,0,,46238,15896,1.0,2022.0,0,0,-35.74441750566832,30217,4,13882,-7.62340522373377,38120,,15164
,0,,45988,15554,1.0,2022.0,0,0,-35.66554135580728,27801,4,13495,-7.607810149775459,33042,,14007
,0,,37455,14996,1.0,2022.0,0,0,-35.835041146385905,26000,4,12947,-7.657392610253941,31480,,13931
,0,,41269,15198,1.0,2022.0,0,0,-35.69501293047637,27952,4,13558,-7.5377166545234315,33597,,14466
,0,,42030,15174,1.0,2022.0,0,0,-35.60581693034319,30281,4,13365,-7.524443894065919,35875,,14109
,0,,45173,15565,1.0,2022.0,0,0,-35.8929751448469,25882,4,12723,-7.643185803186535,31835,,14107
,0,,46574,15377,1.0,2022.0,0,0,-35.858697451825144,23968,4,12323,-7.428625605121572,30389,,13704
,0,,43173,15118,1.0,2022.0,0,0,-35.85162335134784,24706,4,12687,-7.335792332272554,31663,,13968
,0,,44249,15446,1.0,2022.0,0,0,-35.68824941436581,26765,4,12782,-7.654565642829263,32067,,13905
,0,,38741,14467,1.0,2022.0,0,0,-36.095436541049104,28157,4,12643,-7.297206562443887,30076,,12815
,0,,31397,14827,1.0,2022.0,0,0,-36.21629900866858,26365,4,12996,-7.431579397150151,30296,,13843
,0,,35657,14398,1.0,2022.0,0,0,-36.103621762011635,26132,4,12900,-7.41255134131589,30239,,13750
,0,,41396,15854,1.0,2022.0,0,0,-36.21117111043474,25993,4,12921,-7.657392596122304,33300,,14917
,0,,40942,15891,1.0,2022.0,0,0,-36.134491364790385,20669,4,12347,-7.4599771600919205,31604,,14346
,0,,41017,15542,1.0,2022.0,0,0,-36.173169795985935,26300,4,13189,-7.402884976915644,32005,,14384
,0,,40670,15759,1.0,2022.0,0,0,-36.055449872511566,29940,4,13942,-7.361773712620621,30733,,14234
,0,,46423,16272,1.0,2022.0,0,0,-36.269105091293184,27367,4,13170,-7.643185798441062,39405,,15225
,0,,52647,16121,1.0,2022.0,0,0,-36.107371328630165,28473,4,13304,-7.607199932847624,40148,,14933
,0,,44920,16031,1.0,2022.0,0,0,-35.91103313180768,28874,4,13780,-7.54388202438531,35703,,15196
,0,,43971,16007,1.0,2022.0,0,0,-35.93615813621847,24315,4,12993,-7.658431590003937,29546,,14197
,0,,42428,15729,1.0,2022.0,0,0,-36.11493365764543,25654,4,13060,-7.452206104282622,32720,,14375
,0,,34208,14706,1.0,2022.0,0,0,-36.070572781723726,25604,4,12948,-7.495217110602163,27452,,13396
,0,,40215,15532,1.0,2022.0,0,0,-35.98896798995913,21667,4,12393,-7.566077031602096,32732,,14396
,0,,45940,16036,1.0,2022.0,0,0,-36.14456742104498,24731,4,12929,-7.587415487869944,30002,,13790
,0,,40271,15042,1.0,2022.0,0,0,-36.203215842151536,25490,4,12891,-7.330110898039898,28459,,13426
,0,,39357,15361,1.0,2022.0,0,0,-36.26203930855468,23963,4,12307,-7.620865764597818,26185,,13220
,0,,46948,15909,1.0,2022.0,0,0,-36.192909267940806,32176,4,13948,-7.374845058313424,33565,,14297
,0,,43579,15794,1.0,2022.0,0,0,-35.92750890208467,28694,4,13870,-7.315739102588345,37435,,14839
,0,,45973,15636,1.0,2022.0,0,0,-36.10108150488773,30204,4,13394,-7.575679097120406,32955,,13938
,0,,47633,16178,1.0,2022.0,0,0,-35.99723757881125,23376,4,12724,-7.590054783316868,35028,,14836
,0,,41117,15725,1.0,2022.0,0,0,-35.98000802973849,25845,4,13216,-7.631653795150334,32247,,14385
,0,,34780,14313,1.0,2022.0,0,0,-36.08610526292171,26898,4,13025,-7.348381812864257,30029,,13965
,0,,42426,15753,1.0,2022.0,0,0,-36.04698186950933,26842,4,13252,-7.606523638933666,30813,,14128
,0,,36940,15429,1.0,2022.0,0,0,-35.94312565070254,21834,4,12565,-7.618147252910841,29072,,14112
,0,,32361,14221,1.0,2022.0,0,0,-36.207809678941864,29918,4,13059,-7.437094656166745,30234,,13610
,0,,42676,15773,1.0,2022.0,0,0,-36.041671371366824,23307,4,12431,-7.60781012103591,31165,,14007
,0,,34861,14591,1.0,2022.0,0,0,-36.227753310354395,24126,4,12642,-7.335792365610766,25843,,13025
,0,,39390,15414,1.0,2022.0,0,0,-35.9065273440137,23330,4,12936,-7.476596334697241,30351,,14221
,0,,35833,15062,1.0,2022.0,0,0,-35.938831333938175,23279,4,12187,-7.647346917768267,29269,,13772
,0,,39299,15023,1.0,2022.0,0,0,-35.94678339073965,26142,4,13082,-7.382929441429159,30076,,13950
,0,,48401,16243,1.0,2022.0,0,0,-36.172396386105035,27650,4,13175,-7.637030306743882,35380,,14959
,0,,49218,16115,1.0,2022.0,0,0,-36.11035851244126,25455,4,12827,-7.408401587333844,29633,,13269
,0,,54168,15976,1.0,2022.0,0,0,-36.144860750448515,27201,4,13325,-7.31692008980135,32667,,13721
,0,,43674,15896,1.0,2022.0,0,0,-35.94089984784453,25292,4,12450,-7.569354416159529,30921,,14092
,0,,40053,14842,1.0,2022.0,0,0,-36.071142937072736,30229,4,13376,-7.537716639420099,32784,,13971
,0,,40111,15350,1.0,2022.0,0,0,-36.202096200193914,25615,4,12798,-7.395579058959903,32685,,14332
,0,,43614,15821,1.0,2022.0,0,0,-35.95350007644243,27865,4,13212,-7.478700478085962,36541,,14613
,0,,43126,15193,1.0,2022.0,0,0,-36.165607957645406,28161,4,13045,-7.6280297095956815,32852,,14214
,0,,37596,15543,1.0,2022.0,0,0,-36.600879104990035,23917,4,13383,-7.575675232989974,34480,,14732
,0,,34594,14621,1.0,2022.0,0,0,-36.62795020969082,27706,4,13429,-7.64319278079471,31944,,14214
,0,,38412,15256,1.0,2022.0,0,0,-36.283876261441506,21589,4,12233,-7.654708190499077,32584,,14246
,0,,34547,14841,1.0,2022.0,0,0,-36.277928349188834,23552,4,13054,-7.335776553509581,30136,,14120
,0,,35379,14669,1.0,2022.0,0,0,-36.646449534421116,24421,4,12853,-7.566049704706946,34564,,14340
,0,,36996,15243,1.0,2022.0,0,0,-36.59428754128754,22420,4,12928,-7.574161980022693,34467,,14585
,0,,42920,15324,1.0,2022.0,0,0,-36.5772388549997,26272,4,12482,-7.443577281281869,35670,,14089
,0,,42987,15456,1.0,2022.0,0,0,-36.35168129858537,24038,4,12767,-7.439792580281731,35053,,14467
,0,,35544,14891,1.0,2022.0,0,0,-36.523595170911115,25229,4,12514,-7.3038906978247375,31269,,14164
,0,,37072,15681,1.0,2022.0,0,0,-36.58427118029699,32655,4,14311,-7.657393498848834,34786,,14773
,0,,38936,14871,1.0,2022.0,0,0,-36.5250205518138,28691,4,13229,-7.348377536554422,33871,,14246
,0,,39363,15376,1.0,2022.0,0,0,-36.30184407736702,28470,4,13516,-7.6473422643037905,32821,,14227
,0,,37431,15615,1.0,2022.0,0,0,-36.35978430393685,28048,4,12998,-7.333683613169975,30222,,13979
,0,,50136,16316,1.0,2022.0,0,0,-36.40903034568308,24455,4,12753,-7.527941134478122,34850,,14560
,0,,36420,14974,1.0,2022.0,0,0,-36.54624569799422,25284,4,12950,-7.543908526069957,30008,,13673
,0,,30723,14832,1.0,2022.0,0,0,-36.60168650032653,28235,4,13571,-7.569356421148421,31528,,13809
,0,,45482,16066,1.0,2022.0,0,0,-36.290661716677256,29364,4,13479,-7.4028601394924545,33351,,14240
,0,,35755,15296,1.0,2022.0,0,0,-36.35939050260011,28509,4,13271,-7.348035822946051,32893,,14342
,0,,33776,14488,1.0,2022.0,0,0,-36.45992333827038,28417,4,12939,-7.654229566639376,31915,,13927
,0,,46255,15983,1.0,2022.0,0,0,-36.28192727218363,28511,4,13139,-7.452170138274612,31305,,13933
,0,,37315,15271,1.0,2022.0,0,0,-36.5984552499443,32007,4,13794,-7.62088004801487,34607,,14432
,0,,35879,14653,1.0,2022.0,0,0,-36.50780474047161,31548,4,13668,-7.361772545481137,33531,,14161
,0,,33587,13928,1.0,2022.0,0,0,-36.52848579629483,26643,4,13277,-7.563319814356793,29135,,13499
,0,,30493,14605,1.0,2022.0,0,0,-36.348948422109686,22347,4,12310,-7.442814304829397,31796,,14112
,0,,35337,14657,1.0,2022.0,0,0,-36.55494265719675,29659,4,13271,-7.582606767995847,30020,,13623
,0,,41511,15012,1.0,2022.0,0,0,-36.523242467413326,24564,4,12081,-7.4787160546356,35035,,14299
,0,,33603,14145,1.0,2022.0,0,0,-36.62381311982093,28629,4,13371,-7.330097226978897,30440,,13503
,0,,35854,14284,1.0,2022.0,0,0,-36.439210521154806,30488,4,13264,-7.3503052419670665,34646,,14009
,0,,37477,14698,1.0,2022.0,0,0,-36.55221182262447,29604,4,13392,-7.316915011510536,34336,,14104
,0,,47936,15724,1.0,2022.0,0,0,-36.525435080079646,26884,4,12950,-7.430769302168897,30965,,13666
,0,,33582,14020,1.0,2022.0,0,0,-36.63694595715202,29105,4,13110,-7.2973856858272415,32572,,13715
,0,,35479,14899,1.0,2022.0,0,0,-36.41837622395367,25811,4,12668,-7.6291470707174796,28639,,13251
,0,,31005,14058,1.0,2022.0,0,0,-36.29248342936203,25241,4,12578,-7.523871238834864,28837,,13478
,0,,37669,14596,1.0,2022.0,0,0,-36.39650006987727,29138,4,12873,-7.293382220009043,31435,,13306
,0,,35849,14580,1.0,2022.0,0,0,-36.42718017838545,28100,4,13365,-7.36981042010684,32665,,13960
,0,,45312,15756,1.0,2022.0,0,0,-36.423125332341705,24576,4,12366,-7.549114076626876,27906,,13009
,0,,32579,14775,1.0,2022.0,0,0,-36.47417349171992,26137,4,13089,-7.4766321522495165,28212,,14199
,0,,37807,14725,1.0,2022.0,0,0,-36.459480562136655,26242,4,12901,-7.62340655378122,28737,,13460
,0,,48216,15749,1.0,2022.0,0,0,-36.32399915954487,25155,4,13195,-7.537695017996631,28045,,13774
,0,,35456,14809,1.0,2022.0,0,0,-36.3103102390321,24610,4,12661,-7.658430899915328,30198,,13829
,0,,42431,15236,1.0,2022.0,0,0,-36.43902281726084,26619,4,12707,-7.565571974961065,30593,,13535
,0,,34931,14719,1.0,2022.0,0,0,-36.45764589475162,22965,4,12781,-7.286557958109755,29580,,13776
,0,,38199,15009,1.0,2022.0,0,0,-36.447346620904206,25740,4,12372,-7.5874191151904204,26626,,12850
,0,,44621,14823,1.0,2022.0,0,0,-36.40651268445519,27241,4,12658,-7.569493280221314,34776,,13744
,0,,45888,15718,1.0,2022.0,0,0,-36.37710282485532,25565,4,12491,-7.553545611762934,27137,,12925
,0,,34508,14284,1.0,2022.0,0,0,-36.47017201502572,29516,4,12985,-7.587131925479526,30372,,13376
,0,,51086,16332,1.0,2022.0,0,0,-36.39573487287198,25016,4,12566,-7.561450380268916,31664,,14033
,0,,44630,15408,1.0,2022.0,0,0,-36.36662940761218,24690,4,12251,-7.398087680752264,28553,,13349
,0,,51848,16142,1.0,2022.0,0,0,-36.31226193932674,22847,4,12043,-7.395568702340522,29060,,13632
,0,,39589,14988,6.0,2022.0,0,0,-35.133649286182504,24622,21,12835,-7.246237453458292,35682,,14362
,0,,37450,15015,6.0,2022.0,0,0,-34.94275005520006,28969,21,14506,-7.163070666280873,34095,,14615
,0,,48934,15494,4.0,2022.0,0,0,-35.348819795452876,24650,15,12913,-7.2010404027936,35546,,14569
,0,,55526,16189,4.0,2022.0,0,0,-35.46403746600361,25889,15,12954,-7.056913954543782,40095,,14972
,0,,45858,15861,4.0,2022.0,0,0,-35.244975309022706,27004,15,13515,-7.215419276633108,37040,,14999
,0,,47021,15807,4.0,2022.0,0,0,-35.498265468584485,27215,15,13311,-6.923573253955891,38318,,15000
,0,,54749,16094,4.0,2022.0,0,0,-35.358095497792796,30224,15,13824,-7.033730792773766,39594,,15115
,0,,49290,15902,4.0,2022.0,0,0,-35.33295813419376,28499,15,13696,-7.071723693987358,40118,,14966
,0,,50173,15680,4.0,2022.0,0,0,-35.43352244665778,34494,15,14128,-7.131247374697586,39075,,14939
,0,,45811,15366,4.0,2022.0,0,0,-35.2905014829598,27455,15,13551,-7.068925794870118,39827,,14891
,0,,33877,14114,4.0,2022.0,0,0,-35.19452282924152,29443,15,13350,-7.008254825890147,31167,,13766
,0,,35317,14317,6.0,2022.0,0,0,-35.25156628953407,23450,21,12610,-7.056099936448223,31381,,13719
,0,,45302,15346,6.0,2022.0,0,0,-35.49594593730042,20703,21,12158,-6.947059791860583,33748,,14190
,0,,32597,14746,6.0,2022.0,0,0,-35.214499231616784,28722,21,13933,-6.9951185351133125,31289,,14448
,0,,40529,15532,6.0,2022.0,0,0,-35.35135874406594,28902,21,14344,-7.037881328488672,37093,,15142
,0,,33770,14458,6.0,2022.0,0,0,-35.16270214611954,28692,21,13532,-7.045710851236559,31136,,13904
,0,,34376,14433,6.0,2022.0,0,0,-35.22968464040989,22246,21,12619,-7.149795930195789,29612,,14015
,0,,34297,14572,6.0,2022.0,0,0,-35.16119462349146,30142,21,13887,-7.280088628930147,30903,,13991
,0,,33447,14305,6.0,2022.0,0,0,-35.15877273126609,31023,21,13428,-7.169238926293462,32319,,14100
,0,,50479,15718,4.0,2022.0,0,0,-35.369475158717066,30045,15,13538,-7.194855624045817,36584,,14586
,0,,46956,15302,4.0,2022.0,0,0,-35.36266980887156,24979,15,12723,-7.077543731519468,34456,,14223
,0,,38255,14809,4.0,2022.0,0,0,-35.3121192680838,29851,15,13689,-7.279942080316504,34364,,14112
,0,,36884,14426,4.0,2022.0,0,0,-35.33942131055675,28137,15,13240,-7.268237472485418,31472,,13853
,0,,48328,15739,4.0,2022.0,0,0,-35.415420608910175,30691,15,13467,-7.212488252908537,35873,,14505
,0,,43680,15161,4.0,2022.0,0,0,-35.225337847062185,30169,15,13500,-7.213977536247332,37000,,14481
,0,,52815,15766,4.0,2022.0,0,0,-35.29472043905535,29143,15,13214,-7.231890941563764,42040,,14809
,0,,36429,14748,4.0,2022.0,0,0,-35.28940994226115,27819,15,13241,-7.233177695404103,32917,,14187
,0,,51182,15735,4.0,2022.0,0,0,-35.39230631546894,25781,15,13082,-7.2127792233346115,36896,,14579
,0,,53011,15802,4.0,2022.0,0,0,-35.33384389368716,29681,15,13334,-6.973699469743877,39723,,14803
,0,,50504,15795,4.0,2022.0,0,0,-35.50168999486364,28794,15,13003,-7.023394959971675,34104,,14338
,0,,51768,15407,4.0,2022.0,0,0,-35.39259985472928,29656,15,13631,-6.942231891774223,38353,,14432
,0,,34020,14500,4.0,2022.0,0,0,-35.49690264777928,26452,15,13185,-6.92269934621742,30214,,13903
,0,,49450,15319,4.0,2022.0,0,0,-35.40655903426257,25191,15,12832,-7.174466334643153,38489,,14437
,0,,46970,15475,4.0,2022.0,0,0,-35.37705534126443,30274,15,13540,-6.929201977517718,37250,,14489
,0,,56697,15463,4.0,2022.0,0,0,-35.4835011268398,28324,15,13045,-6.930903635214737,36771,,14158
,0,,45753,15344,4.0,2022.0,0,0,-35.49764925976944,30845,15,13152,-7.1886545122611025,32180,,13586
,0,,52197,15806,4.0,2022.0,0,0,-35.43910736312701,27986,15,13069,-7.06815281155526,35174,,14254
,0,,48606,15635,4.0,2022.0,0,0,-35.42090677476639,26752,15,12888,-7.028213505692091,36836,,14641
,0,,47027,15381,4.0,2022.0,0,0,-35.366774333472186,27796,15,13072,-7.186812896677682,33302,,13984
,0,,42239,14764,4.0,2022.0,0,0,-35.318880041278966,29193,15,12765,-7.163070655203613,33171,,13668
,0,,40169,14900,4.0,2022.0,0,0,-35.35511028964475,28192,15,12833,-7.232567304359582,31879,,13761
,0,,49401,15476,4.0,2022.0,0,0,-35.440646571416664,26907,15,12958,-7.000168414199343,35311,,14345
,0,,49707,15632,4.0,2022.0,0,0,-35.420136101488204,27171,15,13103,-7.262403792555416,31281,,13905
,0,,43126,14959,4.0,2022.0,0,0,-35.3431762704995,29075,15,13239,-6.922514401039984,33779,,13804
,0,,53934,15625,4.0,2022.0,0,0,-35.4498339805027,29214,15,12837,-7.020906509684561,32234,,13509
,0,,39513,15001,4.0,2022.0,0,0,-35.36774891508853,21403,15,11815,-6.999651956966745,29909,,13439
,0,,37823,14762,6.0,2022.0,0,0,-35.18657081026305,31242,21,13356,-7.272723178813751,33368,,13961
,0,,36361,14640,6.0,2022.0,0,0,-35.183898041967275,31505,21,13664,-7.283810023941998,33545,,14015
,0,,32014,13550,6.0,2022.0,0,0,-35.188638432511645,23932,21,11981,-7.194715671589008,28262,,12940
,0,,41366,14788,6.0,2022.0,0,0,-35.382228113239954,26028,21,12842,-7.0853163630001275,31536,,13876
,0,,43777,15361,6.0,2022.0,0,0,-35.52056736680257,29166,21,12905,-7.098490005892997,33221,,13754
,0,,47556,15332,6.0,2022.0,0,0,-35.30123582162222,27468,21,12823,-7.149254268781821,35912,,14157
,0,,49632,15811,6.0,2022.0,0,0,-35.35607840715683,26368,21,12748,-7.178910489672845,31933,,13979
,0,,50497,15375,6.0,2022.0,0,0,-35.3214125188401,23952,21,12189,-7.254520684466103,35100,,14270
,0,,43069,15024,4.0,2022.0,0,0,-35.617077620999474,24138,15,12630,-7.253482685165001,31696,,14117
,0,,51183,15902,4.0,2022.0,0,0,-35.74290435161694,31679,15,14098,-7.186812889065147,40660,,15031
,0,,42781,15673,4.0,2022.0,0,0,-35.586340988432745,27003,15,13434,-7.197073689713382,37538,,15130
,0,,46116,15546,4.0,2022.0,0,0,-35.677365822452344,29825,15,13839,-7.14925426518759,36523,,14739
,0,,48461,16109,4.0,2022.0,0,0,-35.83504112363799,27531,15,13664,-7.282770428880095,40555,,15252
,0,,57882,15494,4.0,2022.0,0,0,-35.57736880253471,30209,15,13491,-7.1040441362821145,37908,,14443
,0,,45228,14907,4.0,2022.0,0,0,-35.83167799528819,26776,15,12709,-7.062430152657636,39869,,14361
,0,,48373,15442,4.0,2022.0,0,0,-35.745605177575136,30641,15,13927,-7.194855615842798,39783,,15015
,0,,52502,15990,4.0,2022.0,0,0,-35.55401623533833,30447,15,13564,-7.017402446548717,37653,,14943
,0,,44800,15483,4.0,2022.0,0,0,-35.54612153257008,29039,15,13527,-7.17105944113594,35204,,14530
,0,,60838,16136,4.0,2022.0,0,0,-35.60387701666042,30267,15,13369,-7.257026455037521,35987,,14462
,0,,43700,15042,4.0,2022.0,0,0,-35.59963726330676,29113,15,12887,-7.11605984340887,33749,,13646
,0,,60864,15708,4.0,2022.0,0,0,-35.697542525004245,31295,15,13476,-7.254520673557303,37116,,14258
,0,,41377,14982,4.0,2022.0,0,0,-35.542933128520616,29344,15,13566,-6.9415418694742,36452,,14492
,0,,49857,15281,4.0,2022.0,0,0,-35.79155063990584,32666,15,13582,-7.212488242454364,41710,,14727
,0,,49674,15559,4.0,2022.0,0,0,-35.883973329997104,26791,15,12898,-6.914655902466299,32180,,13832
,0,,40004,14996,4.0,2022.0,0,0,-35.538832110356864,28330,15,13005,-7.045710848084211,32134,,14052
,0,,57159,15995,4.0,2022.0,0,0,-35.872075989568636,25742,15,12922,-6.947059796645999,39396,,14596
,0,,41483,14601,4.0,2022.0,0,0,-35.60146782784397,28002,15,12958,-7.213977530284172,33502,,13722
,0,,38033,14600,4.0,2022.0,0,0,-35.79626613373142,25271,15,12274,-7.262403778745498,29510,,13665
,0,,53966,15517,4.0,2022.0,0,0,-35.61283502012896,27403,15,12704,-7.191437000246005,33684,,14026
,0,,45723,15109,4.0,2022.0,0,0,-35.55761429662071,26009,15,12842,-7.201033172229891,32069,,13889
,0,,41860,15779,4.0,2022.0,0,0,-35.8596311758205,26258,15,13124,-6.930903640550206,30946,,14237
,0,,56111,15753,4.0,2022.0,0,0,-35.59081540089861,22048,15,12244,-7.0388668005222,34217,,14063
,0,,45244,14807,4.0,2022.0,0,0,-35.552544972921645,22650,15,12172,-7.199515962119856,34501,,14058
,0,,51244,15811,4.0,2022.0,0,0,-35.82100454405557,26710,15,13738,-7.065128462328639,42919,,15203
,0,,43374,15172,4.0,2022.0,0,0,-35.62399163420412,27565,15,13876,-6.9952162785898855,36114,,14553
,0,,40707,15000,4.0,2022.0,0,0,-35.67931848190359,27527,15,13786,-6.987093996944206,35239,,14590
,0,,46862,16075,4.0,2022.0,0,0,-35.873779312486484,26667,15,13424,-7.1886545013442555,40842,,15443
,0,,47994,16089,4.0,2022.0,0,0,-35.70908814340326,30740,15,14091,-7.07172369345455,36718,,15105
,0,,47721,15754,6.0,2022.0,0,0,-35.78947757165934,24594,21,12756,-7.253401391753282,31642,,14136
,0,,41879,15387,6.0,2022.0,0,0,-35.70997390313244,26336,21,13886,-6.973699471367401,35899,,14958
,0,,49817,15561,4.0,2022.0,0,0,-35.93418029290306,33772,15,13947,-7.283809346713374,39198,,14690
,0,,30087,13558,6.0,2022.0,0,0,-36.084757617709315,27544,21,12764,-7.098527748063179,29461,,13079
,0,,46391,15410,4.0,2022.0,0,0,-36.21815938161033,29513,15,13056,-7.199523924589174,34384,,13985
,0,,38941,15512,6.0,2022.0,0,0,-36.148891445338144,28832,21,13289,-6.973695377211598,29346,,13949
,0,,34561,14032,4.0,2022.0,0,0,-35.97282033475859,25824,15,12349,-7.068150791219372,31842,,13603
,0,,41371,15010,4.0,2022.0,0,0,-36.10687636356419,32885,15,13439,-6.9225140287478,33379,,14031
,0,,56688,16001,4.0,2022.0,0,0,-35.94786990651255,28711,15,13329,-7.1630500668773776,41296,,14855
,0,,51196,16230,4.0,2022.0,0,0,-36.17011878728062,26938,15,12984,-7.169264090478482,33500,,14146
,0,,40522,15258,4.0,2022.0,0,0,-35.949619104331994,27031,15,12890,-6.9415515759367805,32357,,13694
,0,,40167,14807,4.0,2022.0,0,0,-36.083793475969344,27701,15,12517,-7.279605924911826,30892,,13365
,0,,34154,14739,4.0,2022.0,0,0,-36.03681040674932,27068,15,12390,-7.017425503981287,29918,,13704
,0,,41741,15549,4.0,2022.0,0,0,-35.986476610342685,29457,15,12809,-7.05692141997653,31284,,13733
,0,,50049,15435,4.0,2022.0,0,0,-35.95111063574802,27064,15,12736,-7.257018803020503,32685,,13764
,0,,40773,15168,4.0,2022.0,0,0,-36.22232669900131,26907,15,12752,-7.2462510261643756,29577,,13563
,0,,53479,15659,4.0,2022.0,0,0,-36.13167598382502,32223,15,12753,-6.987092857304063,36361,,13472
,0,,35113,13833,4.0,2022.0,0,0,-36.058491339196664,26791,15,12057,-7.279941756215825,31062,,13444
,0,,42474,15429,4.0,2022.0,0,0,-36.26305581490134,28824,15,12998,-6.923568742704418,33002,,13727
,0,,37589,14417,4.0,2022.0,0,0,-36.23256824154308,29826,15,12843,-7.06465077715991,32568,,13464
,0,,42296,14333,4.0,2022.0,0,0,-36.03290242858505,27330,15,12420,-7.153293406438955,28862,,12782
,0,,34022,14217,4.0,2022.0,0,0,-35.90613381470461,20371,15,11892,-7.000145760193992,30103,,13575
,0,,44299,15672,4.0,2022.0,0,0,-36.051052358681304,23619,15,12431,-6.995132238372485,32702,,13852
,0,,38491,14683,6.0,2022.0,0,0,-35.933159308761546,34362,21,13846,-7.085293523645351,37034,,14425
,0,,45843,15385,4.0,2022.0,0,0,-35.916353766249884,31508,15,13566,-7.1492241727970525,41146,,14860
,0,,61292,16252,6.0,2022.0,0,0,-35.9017985378809,29064,21,13502,-6.96109366626241,38710,,14603
,0,,41193,14640,4.0,2022.0,0,0,-36.201110162454796,27538,15,12427,-7.068913914911568,31179,,13251
,0,,43567,14897,4.0,2022.0,0,0,-35.93613314561327,31725,15,13088,-7.0208966556659504,36043,,13765
,0,,35434,14163,4.0,2022.0,0,0,-36.221486815821386,28664,15,12987,-7.149788119741778,30604,,13451
,0,,39925,14253,4.0,2022.0,0,0,-35.97555330627271,27379,15,12205,-7.065128452603968,31220,,13175
,0,,45826,15248,4.0,2022.0,0,0,-35.905797507942495,28131,15,12789,-7.0775095133845065,32294,,13537
,0,,35314,14709,4.0,2022.0,0,0,-36.2608159322459,26750,15,12517,-6.922695195776933,30362,,13059
,0,,42858,14762,4.0,2022.0,0,0,-36.2255580650611,32023,15,12866,-7.194717553297599,32831,,13025
,0,,36128,13735,4.0,2022.0,0,0,-36.05488754390176,29179,15,12536,-7.050278119521459,30925,,12809
,0,,34925,14250,6.0,2022.0,0,0,-36.03057091233989,26501,21,12218,-7.131254706622144,27904,,12727
,0,,36014,13880,4.0,2022.0,0,0,-36.14746542352305,31547,15,12680,-6.929199984532873,32648,,13094
,0,,47075,15218,4.0,2022.0,0,0,-36.22475073262334,31553,15,13069,-7.201037566335121,33540,,13338
,0,,39349,14992,4.0,2022.0,0,0,-36.263692440112465,33398,15,13236,-6.914654540671398,33835,,13358
,0,,35320,14194,4.0,2022.0,0,0,-35.98365594404554,26500,15,12383,-6.9589990154129024,34035,,13376
,0,,36616,14215,4.0,2022.0,0,0,-36.26857346746072,22840,15,11759,-7.246597723547055,32908,,13637
,0,,52661,16055,4.0,2022.0,0,0,-36.25563962064991,25495,15,12266,-6.930896964750859,34147,,13485
,0,,49600,15565,4.0,2022.0,0,0,-35.644239846626625,27738,15,13236,-7.668002975965357,36514,,14285
,0,,48825,15736,4.0,2022.0,0,0,-35.7083719033426,28720,15,13688,-7.744508629870666,36548,,14607
,0,,45446,15291,4.0,2022.0,0,0,-35.84202567424666,24515,15,12693,-7.94872810914413,32138,,13783
,0,,55364,15580,4.0,2022.0,0,0,-35.8564368023461,26670,15,12447,-7.813906292842687,34783,,13947
,0,,56192,16100,6.0,2022.0,0,0,-35.73074592632932,28535,21,13796,-7.6718264354219246,41669,,15185
,0,,35499,14604,4.0,2022.0,0,0,-35.70861953224508,25034,15,12845,-7.84777262738898,30609,,13801
,0,,45859,15102,4.0,2022.0,0,0,-35.63980642387502,35529,15,13965,-7.950240213106166,37858,,14426
,0,,39771,14680,4.0,2022.0,0,0,-35.654436159452054,25421,15,12648,-7.880486695259957,31885,,13833
,0,,36085,14679,4.0,2022.0,0,0,-35.82497752553612,29243,15,13089,-7.818168704178381,35544,,14308
,0,,45429,15639,4.0,2022.0,0,0,-35.88468594738277,29031,15,13167,-7.672004200848749,35168,,14396
,0,,37589,15118,4.0,2022.0,0,0,-35.77622294345301,26478,15,13280,-7.93788875195435,33098,,14412
,0,,40370,14971,4.0,2022.0,0,0,-35.802047231588176,25449,15,12884,-7.725972591670697,38381,,14684
,0,,37125,15232,4.0,2022.0,0,0,-35.695085159831365,29521,15,13509,-7.961983674949109,33370,,14455
,0,,48560,14857,4.0,2022.0,0,0,-35.805305990581076,27485,15,12895,-7.865300390570697,36204,,14111
,0,,42476,15159,4.0,2022.0,0,0,-35.67086341523911,32193,15,13700,-7.923685916282192,36909,,14382
,0,,39608,14734,4.0,2022.0,0,0,-35.83201107914077,23678,15,12446,-8.031943801341686,30170,,13251
,0,,42382,15168,4.0,2022.0,0,0,-35.80702618545197,29021,15,13585,-7.920294073171751,33374,,14305
,0,,40347,14564,4.0,2022.0,0,0,-35.793982591948904,28372,15,12669,-7.918481038848749,34167,,13640
,0,,42320,14846,4.0,2022.0,0,0,-35.7981140493103,28410,15,13028,-7.823153778140771,33918,,13938
,0,,35305,13770,4.0,2022.0,0,0,-35.84942490744172,28895,15,12674,-7.943923360785316,33082,,13316
,0,,40316,14894,4.0,2022.0,0,0,-35.84535393944909,28436,15,12683,-7.899011298483918,32695,,13416
,0,,38476,14629,4.0,2022.0,0,0,-35.772765752417705,30023,15,13150,-8.011589181741527,32508,,13666
,0,,38601,14597,4.0,2022.0,0,0,-35.894189412468904,23166,15,12672,-7.940616474251807,31087,,13990
,0,,40992,14906,4.0,2022.0,0,0,-35.77275964913302,28035,15,13352,-7.722987747161051,33025,,13944
,0,,46195,15357,4.0,2022.0,0,0,-35.607522692950305,19762,15,12341,-7.708296296398038,36631,,14502
,0,,39482,15080,4.0,2022.0,0,0,-35.664863748285406,27564,15,13680,-7.922582860523177,36899,,14645
,0,,38029,14757,4.0,2022.0,0,0,-35.65425129267778,23258,15,12677,-7.944061127010366,35764,,14663
,0,,50495,15663,4.0,2022.0,0,0,-35.62484155197608,33121,15,14246,-7.928116294480821,40595,,14966
,0,,40301,15192,4.0,2022.0,0,0,-35.87336092642826,28760,15,13601,-7.946265778684896,34304,,14431
,0,,43935,15418,4.0,2022.0,0,0,-35.573486774685755,21788,15,12874,-7.69085465280989,31835,,14727
,0,,41673,14843,4.0,2022.0,0,0,-35.65676827961988,30411,15,13581,-7.902516966230315,35928,,14339
,0,,41995,14722,6.0,2022.0,0,0,-35.77097963372113,25968,21,12651,-7.85330126462343,31017,,13457
,0,,38024,14932,6.0,2022.0,0,0,-35.77133491018306,32153,21,13706,-7.678509455876457,38303,,14602
,0,,37302,14634,6.0,2022.0,0,0,-35.773172989000564,30163,21,13443,-7.805363698192241,32701,,14138
,0,,35182,14129,6.0,2022.0,0,0,-35.879509585019285,27632,21,12745,-7.680203018679746,30047,,13219
,0,,40008,15391,6.0,2022.0,0,0,-35.84861744932067,25192,21,13091,-7.950240972521565,30584,,13960
,0,,43503,15493,6.0,2022.0,0,0,-35.871552991351145,26600,21,13410,-7.70470971016079,32401,,14280
,0,,42510,15676,6.0,2022.0,0,0,-35.5907889319052,27399,21,13793,-7.6934050038104145,35566,,15065
,0,,35083,14988,6.0,2022.0,0,0,-35.68694894720067,28937,21,13606,-7.724915279344512,34248,,14394
,0,,37432,15058,6.0,2022.0,0,0,-35.67491801064348,27730,21,13591,-7.744416676624616,33787,,14555
,0,,39434,15163,6.0,2022.0,0,0,-35.9145312808038,27488,21,13331,-7.777458473676547,32787,,14107
,0,,57349,16461,6.0,2022.0,0,0,-36.131673479855735,25416,21,12727,-7.736380278072376,32361,,14024
,0,,48007,15417,6.0,2022.0,0,0,-35.90579714240171,28755,21,13175,-7.826758848181969,35691,,13997
,0,,50836,15605,6.0,2022.0,0,0,-35.95756814015954,25328,21,12339,-7.690364403868981,30783,,13689
,0,,45649,15897,4.0,2022.0,0,0,-35.986471936014006,27711,15,13028,-7.806181156372596,31654,,14411
,0,,43218,14948,4.0,2022.0,0,0,-36.08450190587728,27055,15,13035,-7.744508613021439,30924,,13346
,0,,43821,15207,4.0,2022.0,0,0,-36.148895735380954,27386,15,13395,-8.011589207730278,36529,,14575
,0,,35999,14065,4.0,2022.0,0,0,-36.058491122074216,26472,15,12717,-8.029116950650046,30104,,13523
,0,,43177,15127,4.0,2022.0,0,0,-35.947868495178824,25736,15,13008,-7.91226807119872,37349,,14500
,0,,45372,15785,4.0,2022.0,0,0,-35.96074810316885,28968,15,13207,-8.002658593800781,33040,,14218
,0,,35909,14040,4.0,2022.0,0,0,-35.92571408315445,24085,15,11993,-8.021893928548257,30298,,13518
,0,,40328,15294,4.0,2022.0,0,0,-35.90774630759298,24586,15,12749,-8.029258106217199,32485,,13991
,0,,39050,14878,4.0,2022.0,0,0,-36.063078956251786,28613,15,13216,-7.7249152565395836,32513,,13633
,0,,38221,14506,4.0,2022.0,0,0,-36.17424402457607,27851,15,13047,-7.823153785680309,31904,,13594
,0,,45816,14504,4.0,2022.0,0,0,-36.04425734023608,26209,15,12369,-7.757552738206601,32326,,13280
,0,,36162,13899,4.0,2022.0,0,0,-35.98351679052786,24364,15,11613,-7.811692218569302,29386,,13043
,0,,44407,15066,4.0,2022.0,0,0,-36.00097157990033,30185,15,13061,-7.928116282018511,33334,,13891
,0,,45534,15185,4.0,2022.0,0,0,-36.24768294430677,27206,15,12669,-7.7047097075637785,29968,,13305
,0,,48253,15277,4.0,2022.0,0,0,-36.147109617226405,29347,15,12713,-7.853301273667177,30072,,13009
,0,,40420,14882,6.0,2022.0,0,0,-35.97554935709447,24990,21,12181,-7.8143847858588025,31812,,13513
,0,,41994,15507,6.0,2022.0,0,0,-36.14888963210654,26565,21,12995,-7.722987734971271,27926,,13744
,0,,48269,16085,6.0,2022.0,0,0,-35.97281657724545,26130,21,12958,-7.817405897166962,31712,,14309
,0,,45294,15040,6.0,2022.0,0,0,-36.147464893590545,25326,21,12266,-7.678509436180475,28664,,12991
,0,,39408,14561,6.0,2022.0,0,0,-35.91635319261718,27492,21,12435,-7.898446405780503,31704,,13295
,0,,32266,13655,6.0,2022.0,0,0,-36.0368045708662,29149,21,12739,-7.766701230872574,29944,,12857
,0,,39048,14554,6.0,2022.0,0,0,-36.051048023351555,26029,21,12877,-7.74441665549582,30550,,13337
,0,,28429,13827,6.0,2022.0,0,0,-36.52069853019099,24517,21,12825,-7.961979932790162,28881,,13590
,0,,34307,14485,4.0,2022.0,0,0,-36.3430774309174,20897,15,11859,-7.788133011335835,30493,,13477
,0,,32436,13928,4.0,2022.0,0,0,-36.42311327363229,25333,15,12464,-7.981084519067976,27664,,13116
,0,,35763,14236,4.0,2022.0,0,0,-36.53431996647734,28205,15,12890,-7.9401352345158775,31718,,13694
,0,,37430,14485,4.0,2022.0,0,0,-36.5417383833694,26037,15,12680,-8.002586210692412,31384,,13325
,0,,45865,15147,4.0,2022.0,0,0,-36.29519327796803,26845,15,12526,-7.690843881335063,32005,,13303
,0,,30331,13631,6.0,2022.0,0,0,-36.49786838658617,26712,21,13222,-7.944063445414961,28741,,13553
,0,,41927,15190,4.0,2022.0,0,0,-36.5209916494994,35359,15,13967,-7.691536387193367,38682,,14586
,0,,41701,15143,4.0,2022.0,0,0,-36.30363895591905,31637,15,13340,-7.690354419196327,31756,,13753
,0,,32898,14785,4.0,2022.0,0,0,-36.41889675148424,27374,15,13197,-7.818181851635274,30333,,13644
,0,,33790,14117,4.0,2022.0,0,0,-36.477213205103276,24525,15,12535,-7.9502459651941715,31063,,13756
,0,,40182,14757,4.0,2022.0,0,0,-36.62433803018012,32008,15,13477,-7.696359922142713,35624,,13915
,0,,31366,13627,4.0,2022.0,0,0,-36.449803976352456,23710,15,12420,-8.003705734085573,29703,,13303
,0,,34997,14151,4.0,2022.0,0,0,-36.496678162068484,26805,15,12927,-7.997962870628164,29642,,13730
,0,,29025,13956,4.0,2022.0,0,0,-36.37449529208591,24888,15,12433,-7.724906920318102,28074,,13196
,0,,32692,13987,4.0,2022.0,0,0,-36.53005986313404,30147,15,13121,-7.922579913532822,31928,,13606
,0,,32184,13192,6.0,2022.0,0,0,-36.491393911312464,29107,21,12530,-7.744332937936333,30264,,12894
,0,,35440,13720,4.0,2022.0,0,0,-36.548526681959075,30115,15,12885,-8.01158502097142,33943,,13444
,0,,38151,13865,4.0,2022.0,0,0,-36.534952035392266,29305,15,12887,-7.923681537339048,31507,,13434
,0,,33412,13460,6.0,2022.0,0,0,-36.51062461921436,25374,21,12032,-7.834566091561176,32285,,13343
,0,,32876,13901,4.0,2022.0,0,0,-36.61189271469713,28982,15,13099,-7.680210391609411,31269,,13355
,0,,34946,14174,4.0,2022.0,0,0,-36.46135508244071,30129,15,13111,-7.82097889232426,31977,,13485
,0,,36460,13978,4.0,2022.0,0,0,-36.311735912225316,32174,15,12965,-7.708282182231645,35690,,13545
,0,,32826,13736,4.0,2022.0,0,0,-36.38889247234925,28944,15,12279,-7.668001725583808,30785,,12628
,0,,33373,14161,4.0,2022.0,0,0,-36.33860523718224,26105,15,12627,-7.946279102474128,28330,,13113
,0,,37411,14245,4.0,2022.0,0,0,-36.30994138426764,28596,15,12711,-7.693394563484193,31251,,12959
,0,,36105,13600,4.0,2022.0,0,0,-36.561915644722305,27402,15,12640,-7.880478646489963,32711,,13450
,0,,34720,14076,4.0,2022.0,0,0,-36.298382979707256,23636,15,12023,-7.9202735446618915,30232,,12860
,0,,41915,15625,6.0,2022.0,0,0,-35.1346658330541,26030,21,13764,-7.298259012456354,34722,,15105
,0,,39596,15262,4.0,2022.0,0,0,-35.30262400412986,28014,15,13847,-7.424945717645668,35912,,14884
,0,,37731,15038,4.0,2022.0,0,0,-35.33249356697433,26147,15,13333,-7.47318614129199,37059,,14808
,0,,38562,14783,4.0,2022.0,0,0,-35.29879017931278,24569,15,12734,-7.369810407466379,32699,,13979
,0,,46119,15417,4.0,2022.0,0,0,-35.205309221231616,32660,15,13974,-7.315748634299064,40529,,14897
,0,,54350,15818,4.0,2022.0,0,0,-35.39485244619981,26240,15,13087,-7.478716050568986,39508,,14707
,0,,40518,14666,4.0,2022.0,0,0,-35.497231695528185,34716,15,13894,-7.5716996948531445,36666,,14071
,0,,42154,14797,4.0,2022.0,0,0,-35.26811007787466,31548,15,13604,-7.293382201630057,34357,,14255
,0,,49324,15603,4.0,2022.0,0,0,-35.39520514962235,31146,15,13524,-7.30389068117021,37207,,14544
,0,,34910,14069,4.0,2022.0,0,0,-35.354616132247536,28129,15,13060,-7.297206188775304,31507,,13596
,0,,58029,15807,4.0,2022.0,0,0,-35.48111962485156,28773,15,13133,-7.408378231183078,36409,,14235
,0,,53497,15558,4.0,2022.0,0,0,-35.396630530195885,29905,15,13552,-7.348377523114335,39791,,14326
,0,,37495,14727,4.0,2022.0,0,0,-35.3292558887204,30184,15,13411,-7.286557939761178,32512,,13832
,0,,48037,15361,4.0,2022.0,0,0,-35.37941472282487,28633,15,13244,-7.361772532875121,39898,,14531
,0,,44268,15485,4.0,2022.0,0,0,-35.45657626610901,29411,15,12986,-7.374313934562255,36681,,14184
,0,,32699,14011,4.0,2022.0,0,0,-35.50337957335139,24920,15,12280,-7.305585962530367,31080,,13623
,0,,42011,14996,4.0,2022.0,0,0,-35.447207514979446,28809,15,12967,-7.369713420690739,34909,,14171
,0,,40349,14766,4.0,2022.0,0,0,-35.50855590973065,27642,15,12842,-7.297385669584071,33841,,13863
,0,,44101,15542,6.0,2022.0,0,0,-35.23139432040252,24496,21,12984,-7.333683597425901,35484,,14637
,0,,38395,15319,6.0,2022.0,0,0,-35.22055844107089,29973,21,14146,-7.44281429795741,35537,,14811
,0,,52552,15956,6.0,2022.0,0,0,-35.3108205193106,28197,21,13509,-7.350305228011519,37387,,14632
,0,,38522,14487,6.0,2022.0,0,0,-35.47854781791126,22582,21,11988,-7.412528509987951,32678,,13433
,0,,37619,14512,6.0,2022.0,0,0,-35.197357944982485,28901,21,12982,-7.316239051282554,31204,,13611
,0,,45966,15014,4.0,2022.0,0,0,-35.53732482431445,34231,15,13822,-7.65471055537249,37454,,14518
,0,,56037,16415,4.0,2022.0,0,0,-35.74560678289041,29303,15,13799,-7.569495461560151,39500,,15206
,0,,38918,15401,4.0,2022.0,0,0,-35.599639098689245,28441,15,13429,-7.490714207404202,31603,,14364
,0,,47897,16245,4.0,2022.0,0,0,-35.62223454522564,28154,15,13563,-7.350297268199577,38244,,15289
,0,,47966,15763,4.0,2022.0,0,0,-35.78205869484524,29113,15,13369,-7.565566706724091,32927,,14301
,0,,55511,16106,4.0,2022.0,0,0,-35.736261658285635,28653,15,13476,-7.351371719151193,36813,,14588
,0,,52729,15691,4.0,2022.0,0,0,-35.85963194850279,26847,15,13121,-7.305592930296682,36222,,14166
,0,,40254,14912,4.0,2022.0,0,0,-35.87439602984062,27221,15,12863,-7.298263697121467,32051,,13989
,0,,53066,15574,4.0,2022.0,0,0,-35.58114653152416,28912,15,12916,-7.315050532208224,40629,,14590
,0,,54501,15872,4.0,2022.0,0,0,-35.67736930914202,29803,15,13415,-7.5239028744593135,36308,,14578
,0,,53764,15718,4.0,2022.0,0,0,-35.57065334633532,28848,15,13265,-7.382929460461907,32635,,13902
,0,,35731,14379,4.0,2022.0,0,0,-35.559475702910284,26650,15,13081,-7.3336701806106666,30657,,13806
,0,,47881,15636,4.0,2022.0,0,0,-35.55401662700015,27774,15,13279,-7.392075056862467,37333,,14420
,0,,52470,15822,4.0,2022.0,0,0,-35.55254598748753,30409,15,13455,-7.574153625806922,42612,,14985
,0,,49632,15778,4.0,2022.0,0,0,-35.55761548627789,29103,15,13552,-7.57567063184347,39071,,14569
,0,,40984,15038,4.0,2022.0,0,0,-35.551378851817226,27408,15,13396,-7.315739118332034,35508,,14174
,0,,48757,15432,4.0,2022.0,0,0,-35.7687307662563,26194,15,12799,-7.316920068605786,38204,,14589
,0,,54928,15967,4.0,2022.0,0,0,-35.727491765288214,27339,15,13243,-7.412551336505696,38455,,14846
,0,,51802,15434,4.0,2022.0,0,0,-35.88590935996189,32781,15,13037,-7.62086576708238,38445,,13978
,0,,37692,14413,4.0,2022.0,0,0,-35.63477211243858,29819,15,12675,-7.448565220124915,30651,,13365
,0,,50259,15467,4.0,2022.0,0,0,-35.53039728736784,30903,15,13151,-7.476596369738268,35576,,13986
,0,,48048,15455,4.0,2022.0,0,0,-35.78947797975415,31176,15,13087,-7.62802972539194,39870,,14539
,0,,36281,14327,4.0,2022.0,0,0,-35.56476980165355,27228,15,12964,-7.569354454413485,31065,,13637
,0,,38188,14139,4.0,2022.0,0,0,-35.782690550654905,28168,15,12707,-7.549109857666322,32953,,13699
,0,,36370,14230,4.0,2022.0,0,0,-35.796266410275706,30947,15,13013,-7.637030322953192,36272,,13760
,0,,41959,15061,4.0,2022.0,0,0,-35.73880366436055,27843,15,12701,-7.452206101749965,33381,,13894
,0,,44150,15071,4.0,2022.0,0,0,-35.553488343955856,31804,15,12784,-7.375508797682002,31656,,13447
,0,,50151,15680,4.0,2022.0,0,0,-35.873779587230594,26122,15,12815,-7.563294110834557,32305,,14329
,0,,40569,15496,4.0,2022.0,0,0,-35.590629874002275,31089,15,13319,-7.369795975203786,33779,,13838
,0,,39398,14782,4.0,2022.0,0,0,-35.71930654183372,25917,15,12568,-7.297206547763783,31656,,13923
,0,,41111,14799,4.0,2022.0,0,0,-35.627698045218025,27062,15,12301,-7.430766095067738,30650,,13371
,0,,43062,15323,4.0,2022.0,0,0,-35.75318584492226,27766,15,12902,-7.303892741854261,35161,,13851
,0,,41056,14686,4.0,2022.0,0,0,-35.70909161210408,27150,15,12710,-7.446387229086665,31792,,13858
,0,,44060,15518,6.0,2022.0,0,0,-35.53912596644261,27286,21,13019,-7.42491438523359,32434,,13768
,0,,42007,15421,6.0,2022.0,0,0,-35.768437436760216,24377,21,12172,-7.58741550062658,33004,,14353
,0,,40447,14896,6.0,2022.0,0,0,-35.54468054494225,27188,21,12335,-7.348017313045514,33122,,14108
,0,,32985,14022,6.0,2022.0,0,0,-35.59081641450091,28348,21,12375,-7.413535855022137,31850,,13623
,0,,30921,13524,4.0,2022.0,0,0,-36.234827408684275,25934,15,12439,-7.428625626271226,27688,,12967
,0,,44515,15542,4.0,2022.0,0,0,-36.085221614419424,26031,15,12126,-7.446387227447059,29633,,13618
,0,,33729,14239,6.0,2022.0,0,0,-36.27282740377226,28695,21,13014,-7.473146475195684,29665,,13124
,0,,44804,15611,4.0,2022.0,0,0,-36.11239165234732,27388,15,12516,-7.351371731439815,28599,,13040
,0,,40230,14711,4.0,2022.0,0,0,-36.0038280722779,28891,15,12916,-7.430766081083014,30348,,13288
,0,,39934,15246,4.0,2022.0,0,0,-36.158820530609574,25766,15,12488,-7.549109852132382,30592,,13829
,0,,50667,15919,4.0,2022.0,0,0,-36.11903612176202,30028,15,12936,-7.561454275490223,34568,,13850
,0,,39617,14776,4.0,2022.0,0,0,-36.00012265162049,30659,15,13260,-7.369894070979702,35368,,14145
,0,,38187,14475,4.0,2022.0,0,0,-36.153928281269614,28150,15,12411,-7.548007979487894,33308,,13121
,0,,39096,14378,6.0,2022.0,0,0,-35.9356057507121,26243,21,11818,-7.333670164500823,31339,,13343
,0,,45727,15345,4.0,2022.0,0,0,-35.915256020433475,25556,15,12204,-7.424914356728026,32047,,13689
,0,,44025,14955,4.0,2022.0,0,0,-35.919063254383,24352,15,11813,-7.316228811034377,33346,,13752
,0,,39550,14503,4.0,2022.0,0,0,-36.01276239687818,26277,15,12270,-7.293381025840514,29755,,13118
,0,,42410,14832,4.0,2022.0,0,0,-36.01090213734694,25005,15,12115,-7.448565205607448,32216,,13420
,0,,40392,14750,4.0,2022.0,0,0,-35.91496242460072,24500,15,12351,-7.420377727071647,31719,,13515
,0,,43407,15376,4.0,2022.0,0,0,-36.25395061852403,26825,15,13333,-7.398066217188512,33816,,14031
,0,,39047,15122,4.0,2022.0,0,0,-36.158188674988985,29138,15,13399,-7.565566698789228,31617,,13974
,0,,40547,14913,4.0,2022.0,0,0,-36.249163123792506,29479,15,13097,-7.29739002272256,32607,,14033
,0,,44375,15774,4.0,2022.0,0,0,-35.922252305983974,29949,15,13460,-7.545702408177573,35896,,14758
,0,,57423,15975,4.0,2022.0,0,0,-35.96675991233306,28524,15,13071,-7.3697959608642964,36664,,14563
,0,,51568,15589,4.0,2022.0,0,0,-36.16768152202045,27503,15,12541,-7.5871243946418305,34299,,13827
,0,,35279,14692,4.0,2022.0,0,0,-35.93381129445466,23078,15,12529,-7.318779721170946,30664,,13626
,0,,54298,16236,4.0,2022.0,0,0,-35.92867603739597,24982,15,12343,-7.5741535850073065,33099,,14262
,0,,53558,15691,4.0,2022.0,0,0,-36.23576190507629,32760,15,13026,-7.305592968115933,35138,,13515
,0,,41106,15207,4.0,2022.0,0,0,-35.93374553464469,24865,15,12860,-7.5756705917590885,31160,,13951
,0,,46718,15385,6.0,2022.0,0,0,-35.962473150290315,23483,21,11983,-7.571712312077205,32827,,14305
,0,,37915,14427,6.0,2022.0,0,0,-35.91345487887272,23693,21,12242,-7.654710503692794,29560,,13484
,0,,51980,16063,4.0,2022.0,0,0,-35.97760032673953,26696,15,13224,-7.58861310482026,33631,,14533
,0,,46438,15284,4.0,2022.0,0,0,-35.920810597244916,23502,15,12386,-7.3480172930093,32140,,13691
,0,,55156,16082,4.0,2022.0,0,0,-35.97576913427853,30458,15,13518,-7.490714182781942,39813,,14726
,0,,42041,14592,4.0,2022.0,0,0,-35.98194696405363,27873,15,12427,-7.52444386719567,35010,,13808
,0,,49410,15335,4.0,2022.0,0,0,-35.929618393579375,27019,15,12654,-7.37550877645558,33674,,13999
,0,,39618,14795,4.0,2022.0,0,0,-35.957276572739005,26142,15,11858,-7.3150505216043396,32450,,13380
,0,,39955,14554,6.0,2022.0,0,0,-35.998364573948194,29498,21,12690,-7.350297261153653,32246,,13140
,0,,34661,13993,4.0,2022.0,0,0,-36.59761539113533,25638,15,12688,-7.52443567632875,33332,,13701
,0,,34618,14079,4.0,2022.0,0,0,-36.6069378584085,23741,15,12900,-7.412528518178279,29571,,13494
,0,,43647,15454,4.0,2022.0,0,0,-36.36493733024417,30249,15,13818,-7.6078014822909195,38172,,14775
,0,,36333,13919,4.0,2022.0,0,0,-36.62250264599926,25538,15,12772,-7.44635871300535,32739,,13704
,0,,34163,14051,4.0,2022.0,0,0,-36.639185842256786,32439,15,13187,-7.298259021548366,34234,,13529
,0,,33467,14296,4.0,2022.0,0,0,-36.48300614418419,29001,15,13347,-7.297206206226478,31602,,13912
,0,,34509,14481,4.0,2022.0,0,0,-36.55037592748792,24599,15,12810,-7.448563007824099,32150,,13883
,0,,40657,14934,4.0,2022.0,0,0,-36.4606337467948,30376,15,13326,-7.369902326210428,35159,,14171
,0,,36505,13933,4.0,2022.0,0,0,-36.5575681863035,32554,15,13473,-7.490717783538373,32554,,13473
,0,,33844,13973,4.0,2022.0,0,0,-36.36276654689319,28866,15,12624,-7.315057945774579,31848,,13177
,0,,41882,15224,4.0,2022.0,0,0,-36.34305010693468,26489,15,12951,-7.318789665867644,35038,,14129
,0,,43733,15081,4.0,2022.0,0,0,-36.55430795452575,33375,15,13266,-7.3513632076941855,36867,,13566
,0,,38095,13964,4.0,2022.0,0,0,-36.58496630154104,32729,15,12937,-7.374313945673468,33206,,13461
,0,,39518,15345,4.0,2022.0,0,0,-36.39578323399851,26891,15,12615,-7.375531031266657,32182,,13975
,0,,40970,15220,4.0,2022.0,0,0,-36.46088357381573,27103,15,12809,-7.473186146213189,31981,,13761
,0,,37179,14474,4.0,2022.0,0,0,-36.325747920671006,30451,15,12954,-7.316239068534768,31589,,13124
,0,,38181,14931,4.0,2022.0,0,0,-36.302673231809614,29164,15,13049,-7.5900346688961795,31526,,13407
,0,,45589,15531,4.0,2022.0,0,0,-36.336878299467614,28036,15,12618,-7.628102687411684,42712,,14668
,0,,36581,14742,4.0,2022.0,0,0,-36.64470328874403,25484,15,12874,-7.621225867077232,30432,,13709
,0,,31500,13329,4.0,2022.0,0,0,-36.63982247944322,30648,15,12705,-7.289346518778641,31151,,13204
,0,,34792,14184,6.0,2022.0,0,0,-36.35964896426591,27165,21,12372,-7.43709940259409,36202,,13608
,0,,35726,14920,6.0,2022.0,0,0,-36.50919328382255,25261,21,12667,-7.628034454391278,30640,,13472
,0,,37853,14304,6.0,2022.0,0,0,-36.36895486375962,28943,21,12516,-7.606515369239531,29171,,12664
,65535,,14524,7657,8.0,2022.0,65535,65535,-34.83836923203994,12223,33,4796,-6.995118518417154,13396,,6373
,65535,,15624,8278,8.0,2022.0,65535,65535,-34.869973818038325,11991,33,5181,-6.975615708960281,13557,,6777
,65535,,14127,7738,8.0,2022.0,65535,65535,-34.87173165220777,12418,33,5464,-6.995216265523498,13795,,7249
,65535,,19130,9763,8.0,2022.0,65535,65535,-36.353732759784705,19272,33,8615,-7.96317684906407,19272,,8615
,65535,,14074,7853,8.0,2022.0,18414,65535,-35.231000519155494,16661,33,7668,-7.348035808231908,15388,,7742
,65535,,17103,9129,8.0,2022.0,65535,65535,-36.18578403724354,17103,33,9129,-7.505898933394417,17103,,9129
,0,,39354,15988,0.0,2023.0,0,0,-35.073704011350685,27208,3,14423,-7.02090651441301,37527,,15709
,0,,36415,15436,0.0,2023.0,0,0,-35.06451660107793,21785,3,13523,-7.000168418704522,34596,,15207
,0,,43533,16027,0.0,2023.0,0,0,-35.131713312934416,30879,3,14847,-6.914655896016263,42309,,15878
,0,,45793,16106,0.0,2023.0,0,0,-35.00092536269898,21179,3,13087,-6.929201966885745,41950,,15686
,0,,45806,15488,1.0,2023.0,0,0,-35.21468542293104,34647,4,14633,-7.038866802544595,41024,,15182
,0,,54143,16255,1.0,2023.0,0,0,-35.48256634362336,24590,4,13060,-7.053959902372851,44778,,15413
,0,,43094,16196,0.0,2023.0,0,0,-35.516845076539354,25130,3,13761,-7.26856190555438,40307,,15716
,0,,40266,15837,0.0,2023.0,0,0,-35.41372688034437,25198,3,13784,-7.153289646347662,35900,,15341
,0,,51377,16264,0.0,2023.0,0,0,-35.50977924758596,24040,3,13417,-7.2462374453275284,43054,,15674
,0,,48703,16383,0.0,2023.0,0,0,-35.782689062916205,27942,3,14012,-7.174466326865277,43090,,15890
,0,,45178,16174,0.0,2023.0,0,0,-35.56002801180372,31918,3,14539,-7.283810014445275,40016,,15642
,0,,43448,16140,0.0,2023.0,0,0,-35.5534880188796,23086,3,13329,-7.000833019215958,35281,,15491
,0,,50438,16319,0.0,2023.0,0,0,-35.56699398670056,27926,3,13960,-7.243517829988465,47979,,15905
,0,,41238,15720,0.0,2023.0,0,0,-35.739129704538186,31203,3,14525,-6.995048420112455,38509,,15431
,0,,56072,15999,0.0,2023.0,0,0,-35.5373245873177,29739,3,14158,-7.28008862022474,43713,,15348
,0,,43580,16082,1.0,2023.0,0,0,-35.768436340359514,28506,4,14193,-7.21277921342046,39388,,15494
,0,,43058,15911,1.0,2023.0,0,0,-35.55137875084593,28130,4,14148,-6.9410519132682555,40726,,15308
,0,,46956,16238,1.0,2023.0,0,0,-35.55947549656392,26929,4,13764,-6.95898627600137,42587,,15367
,0,,54011,16353,1.0,2023.0,0,0,-35.54468038281902,33212,4,14629,-6.973336418862304,42992,,15572
,0,,45743,16146,1.0,2023.0,0,0,-35.71930628241149,26953,4,13823,-6.922514403944457,40066,,15725
,0,,52309,16088,1.0,2023.0,0,0,-35.6347699942511,28695,4,13713,-7.0739024121573815,43717,,15389
,0,,37663,15663,1.0,2023.0,0,0,-35.70235966499911,27475,4,14143,-7.064673319470622,32024,,14762
,0,,51137,15856,1.0,2023.0,0,0,-35.71555132147597,23621,4,13018,-7.268237460252357,33815,,14287
,0,,42521,15353,1.0,2023.0,0,0,-35.66663148095412,30542,4,13916,-7.068925793606972,39378,,14773
,0,,41422,15799,1.0,2023.0,0,0,-35.87303270030065,20388,4,12426,-6.92269935197961,34774,,15227
,0,,40165,15425,1.0,2023.0,0,0,-35.82708431408225,27980,4,13621,-6.955425797572939,34677,,14769
,0,,40371,15618,1.0,2023.0,0,0,-35.87439552146327,24304,4,13346,-6.923573259725531,37559,,15332
,0,,43737,15470,1.0,2023.0,0,0,-35.564768403599395,29374,4,13739,-7.194715665667653,37503,,14884
,0,,47716,16006,1.0,2023.0,0,0,-35.85162160240369,20246,4,12245,-6.96110870564845,36908,,15282
,0,,37095,15071,1.0,2023.0,0,0,-35.9575703343266,24394,4,12547,-6.941060946768567,31110,,14070
,0,,43802,15262,1.0,2023.0,0,0,-36.17424778938893,33488,4,14077,-7.073900299418066,37093,,14547
,0,,42278,15850,1.0,2023.0,0,0,-35.90816556712177,27123,4,13779,-6.947053890774846,36547,,15387
,0,,44260,15217,1.0,2023.0,0,0,-36.04224676152509,25113,4,13493,-7.254518721182344,32483,,14092
,0,,35645,15152,1.0,2023.0,0,0,-35.986637550908455,26905,4,13360,-6.940369736811995,31823,,14363
,0,,46199,16084,1.0,2023.0,0,0,-36.06308210548356,31254,4,14564,-6.975623273710588,40998,,15754
,0,,50973,16212,1.0,2023.0,0,0,-36.176082155316124,29736,4,14129,-6.942227036819151,35698,,14482
,0,,39298,15727,1.0,2023.0,0,0,-36.08450559526644,23682,4,12552,-6.995224089990984,34231,,14707
,0,,47581,15803,1.0,2023.0,0,0,-36.1994682470732,32125,4,14671,-6.9950358592191195,40376,,15425
,0,,38959,15407,1.0,2023.0,0,0,-36.14711529014199,29709,4,14170,-7.104058916102756,34616,,14905
,0,,43414,16028,1.0,2023.0,0,0,-36.03038409443755,35810,4,14954,-7.194853544380132,40724,,15442
,0,,39842,15352,1.0,2023.0,0,0,-36.08335136004326,27470,4,13773,-7.248776994805737,37133,,15124
,0,,47089,16023,1.0,2023.0,0,0,-36.178178661588554,31434,4,13851,-6.976681870108295,36092,,15075
,0,,42618,15960,1.0,2023.0,0,0,-36.062894634910165,35200,4,14776,-7.190931343134052,41911,,15469
,0,,44110,15616,1.0,2023.0,0,0,-36.0020462569565,33901,4,14551,-7.0539760510804514,39814,,15457
,0,,43873,15494,1.0,2023.0,0,0,-36.20883694187264,31206,4,14295,-6.999637377917064,36363,,14753
,0,,48894,16423,1.0,2023.0,0,0,-36.233380210091326,33664,4,14419,-7.033708578970994,39349,,15332
,0,,44653,15776,1.0,2023.0,0,0,-36.230808460523676,35713,4,14932,-7.037859613209772,37963,,15226
,0,,43010,15411,1.0,2023.0,0,0,-36.17881516158991,29598,4,13660,-7.207969848471741,36974,,14658
,0,,40385,15602,1.0,2023.0,0,0,-36.07403447756977,32647,4,14329,-7.268237337137602,39963,,15258
,0,,47446,16148,1.0,2023.0,0,0,-36.24637312555557,31828,4,14726,-7.071696566715946,42923,,16003
,0,,50706,15622,1.0,2023.0,0,0,-36.263692440112465,24969,4,12857,-6.914654540671398,34115,,14429
,0,,48472,16132,1.0,2023.0,0,0,-35.666115702808185,33198,4,15024,-8.003703537844386,45392,,15894
,0,,50544,15926,1.0,2023.0,0,0,-35.823336828520915,29689,4,13906,-7.7443190507246165,40927,,15163
,0,,44332,15795,1.0,2023.0,0,0,-35.832705638138286,24458,4,13368,-7.748918558112549,37056,,15311
,0,,50666,15849,1.0,2023.0,0,0,-35.68236111163503,31756,4,14488,-8.029116943188358,47515,,15597
,0,,39946,15516,1.0,2023.0,0,0,-35.802680134584534,26335,4,13266,-7.957171769122795,35607,,14859
,0,,44103,15948,1.0,2023.0,0,0,-35.71900355686076,22732,4,12927,-7.7881495160181675,33886,,14683
,0,,52466,15908,1.0,2023.0,0,0,-35.697903757241185,30210,4,14176,-8.017417081097229,48704,,15639
,0,,46322,15714,1.0,2023.0,0,0,-35.756932407147715,31781,4,14202,-8.002591102403585,39421,,15283
,0,,46336,15372,1.0,2023.0,0,0,-35.7179103553951,28123,4,13419,-7.961696544838582,38013,,14379
,0,,52445,16017,1.0,2023.0,0,0,-35.72190960395636,28219,4,13769,-7.851217964387043,48721,,15635
,0,,35142,15330,1.0,2023.0,0,0,-35.887562483474966,21101,4,12684,-7.6639665202024325,32060,,14794
,0,,49920,16097,1.0,2023.0,0,0,-35.87024213463141,23522,4,12947,-7.820948909121024,35142,,14795
,0,,39580,15513,1.0,2023.0,0,0,-35.84619377356338,25944,4,13267,-7.995437150040978,35958,,15034
,0,,39718,15261,1.0,2023.0,0,0,-35.87568951330001,29363,4,13730,-8.017745106115152,35150,,14721
,0,,36803,14878,1.0,2023.0,0,0,-35.79995147496383,26559,4,13280,-7.691531027714882,31263,,14420
,0,,45675,15954,1.0,2023.0,0,0,-35.85467722804416,30517,4,13955,-7.787125470167346,40399,,15579
,0,,50780,15458,1.0,2023.0,0,0,-35.70766320763275,29965,4,13675,-8.028781320396117,41242,,14980
,0,,47043,15941,1.0,2023.0,0,0,-35.89244307327575,28102,4,13586,-7.995782083960358,37727,,15085
,0,,43071,15984,1.0,2023.0,0,0,-35.707219770630665,34721,4,14229,-7.99796422000667,42937,,15535
,0,,45238,16024,1.0,2023.0,0,0,-36.208141044260834,27188,4,13821,-8.031943841946136,35613,,15301
,0,,48879,16323,1.0,2023.0,0,0,-36.246372087984334,25157,4,13859,-7.820948925500207,42528,,15790
,0,,54235,16363,1.0,2023.0,0,0,-36.15235292537072,27807,4,13884,-7.937888773359277,41684,,15715
,0,,46296,16176,1.0,2023.0,0,0,-36.10687592206817,27225,4,13798,-7.671826409446259,38785,,15379
,0,,50041,16543,1.0,2023.0,0,0,-36.08334977351475,26619,4,13487,-7.997964230651355,39980,,15668
,0,,49875,16273,1.0,2023.0,0,0,-36.03289829783932,34064,4,14513,-7.902516958895727,46279,,15925
,0,,50657,15874,1.0,2023.0,0,0,-36.25563953555668,26529,4,13810,-7.680203013066206,38287,,15458
,0,,53776,16157,1.0,2023.0,0,0,-36.06289101874373,29698,4,14157,-7.940140711397877,47738,,15968
,0,,44574,16054,1.0,2023.0,0,0,-36.222323734209645,20615,4,12972,-7.995437190944484,38693,,15430
,0,,47127,16183,1.0,2023.0,0,0,-35.983258439750124,22353,4,12766,-7.722645713980691,35161,,15106
,0,,40363,15399,1.0,2023.0,0,0,-36.020369868681044,26311,4,13031,-7.668002938365163,31985,,14224
,0,,48500,15759,1.0,2023.0,0,0,-36.2518194649971,29212,4,14218,-8.01774515511102,37023,,15178
,0,,53668,16199,1.0,2023.0,0,0,-36.13306239492659,24404,4,13313,-8.002591124275034,37961,,15186
,0,,42959,15674,1.0,2023.0,0,0,-35.93613082149663,25062,4,12961,-7.770168818780867,36226,,14959
,0,,45389,15465,1.0,2023.0,0,0,-36.27031935854549,23961,4,13086,-7.9406165133886155,36825,,14958
,0,,40310,15676,1.0,2023.0,0,0,-36.08379321040137,25529,4,13174,-8.02878133339388,33574,,14769
,0,,43136,15667,1.0,2023.0,0,0,-36.201107492638826,34485,4,14232,-7.8181687143246945,37969,,15239
,0,,38860,15002,1.0,2023.0,0,0,-36.208835602894744,30984,4,14113,-7.748918557841588,35402,,14811
,0,,49104,16094,1.0,2023.0,0,0,-35.99049663505154,24992,4,13190,-7.772688053320839,31448,,14307
,0,,44347,15297,1.0,2023.0,0,0,-36.18143596365613,31007,4,14212,-7.865300405966406,39537,,14822
,0,,45329,15519,1.0,2023.0,0,0,-36.26305578267815,23576,4,13039,-7.672877319320804,38048,,14933
,0,,36678,14865,1.0,2023.0,0,0,-36.17817720565932,24833,4,13472,-7.7259725837094955,31446,,14415
,0,,44491,15455,1.0,2023.0,0,0,-36.14930297183833,26113,4,13376,-7.805363699622734,36398,,14418
,0,,49918,16015,1.0,2023.0,0,0,-36.09513355616056,26681,4,13356,-7.788149507710678,32829,,14425
,0,,43222,15778,1.0,2023.0,0,0,-35.93418027600307,27976,4,13765,-8.032980584069117,35789,,14990
,0,,51338,16207,1.0,2023.0,0,0,-36.05389154011454,29027,4,13830,-7.981759960867506,39419,,15059
,0,,51168,16098,1.0,2023.0,0,0,-35.92654304805077,26392,4,13278,-7.964597335703462,40549,,15422
,0,,50049,15771,1.0,2023.0,0,0,-36.01960350341189,32296,4,13814,-7.93601969132965,39899,,15112
,0,,50619,15441,1.0,2023.0,0,0,-36.05488048589248,22806,4,12515,-7.799541403784989,31792,,14370
,0,,45627,15639,1.0,2023.0,0,0,-35.90179826869902,23265,4,12448,-7.710387499031245,34884,,14634
,0,,45620,16214,1.0,2023.0,0,0,-35.900668239776955,26942,4,13437,-7.992688136387148,42255,,15662
,0,,52771,15628,1.0,2023.0,0,0,-36.23080718612367,26723,4,13092,-7.7871254789917375,40019,,14927
,0,,44723,15568,1.0,2023.0,0,0,-36.263692431550204,33059,4,13917,-7.663966512949779,38079,,14879
,0,,40320,15174,1.0,2023.0,0,0,-36.26081589634761,27935,4,13373,-7.672004194546273,36022,,14464
,0,,44000,15092,1.0,2023.0,0,0,-36.17011256846306,24166,4,13142,-7.918481061562443,33852,,14445
,0,,55205,15863,1.0,2023.0,0,0,-35.93315768713432,23620,4,12768,-7.834540882724661,42353,,15274
,0,,41654,15330,1.0,2023.0,0,0,-36.23256675989056,32414,4,14339,-7.813906306298744,37240,,14953
,0,,42919,15302,1.0,2023.0,0,0,-36.04224571818747,25557,4,13083,-8.003703539903658,36481,,14566
,0,,44969,15297,1.0,2023.0,0,0,-36.08474953470253,27010,4,13162,-7.8477726274428266,34955,,14094
,0,,35429,15020,1.0,2023.0,0,0,-36.07403376296103,24793,4,13038,-8.017417091114337,29703,,14185
,0,,51801,15868,1.0,2023.0,0,0,-36.030566178381015,25562,4,12597,-7.880486685818425,44339,,15333
,0,,42985,15371,1.0,2023.0,0,0,-36.176081449673774,26352,4,13506,-7.691531013812082,37945,,14737
,0,,44235,16012,1.0,2023.0,0,0,-36.54212022927013,31670,4,14765,-7.902512853080199,37374,,15479
,0,,44772,15664,1.0,2023.0,0,0,-36.307924504353736,22233,4,13304,-7.995793168117311,39124,,15240
,0,,43910,15725,1.0,2023.0,0,0,-36.35613897661349,26129,4,13405,-8.006209317388395,38336,,15214
,0,,41223,15451,1.0,2023.0,0,0,-36.44727581572577,31014,4,14148,-7.912290782652389,35188,,14851
,0,,43157,15586,1.0,2023.0,0,0,-36.314961796676535,25387,4,13092,-8.021898853679966,38713,,15015
,0,,49604,15556,1.0,2023.0,0,0,-36.35190093754624,31138,4,14129,-7.865296673761787,39015,,15093
,0,,46044,15547,1.0,2023.0,0,0,-36.32963126916362,31525,4,14134,-7.853284972520559,38829,,15105
,0,,41010,14993,1.0,2023.0,0,0,-36.32291389375151,31120,4,13759,-7.757532195129819,34411,,14366
,0,,44560,15379,1.0,2023.0,0,0,-36.34289054088632,29240,4,14112,-7.74440151883778,40000,,15000
,0,,51022,15882,1.0,2023.0,0,0,-36.31925722807227,28251,4,13622,-7.992704855314478,37818,,15005
,0,,35053,15080,1.0,2023.0,0,0,-36.64523514691418,23739,4,13010,-8.017737903076897,28274,,14148
,0,,36597,14997,1.0,2023.0,0,0,-36.376253614311686,25693,4,12811,-7.744499990054709,32404,,14401
,0,,46834,15623,1.0,2023.0,0,0,-36.29109263442862,24080,4,12642,-7.794972754145971,40438,,15021
,0,,37904,15204,1.0,2023.0,0,0,-36.36933972343991,25018,4,12725,-8.002667198606684,31710,,14294
,0,,45377,15679,1.0,2023.0,0,0,-36.3062770220239,30786,4,14284,-7.766675762268173,40661,,15246
,0,,39809,15254,1.0,2023.0,0,0,-36.579347432779834,24698,4,12554,-7.704724100158723,33399,,14266
,0,,56378,15757,1.0,2023.0,0,0,-36.429632798649095,26101,4,13448,-7.89847960289038,37476,,14731
,0,,33605,14588,1.0,2023.0,0,0,-36.45462606059159,23466,4,12748,-7.813931215210545,30620,,14106
,0,,45899,15519,1.0,2023.0,0,0,-36.6489574827883,35472,4,14494,-7.847731095979221,38159,,14758
,0,,41670,15436,1.0,2023.0,0,0,-36.58730116266972,22506,4,12498,-8.03194295803928,29771,,14230
,0,,38752,15356,1.0,2023.0,0,0,-36.56904198476792,27914,4,13165,-7.749449810741387,35290,,14490
,0,,56265,15804,1.0,2023.0,0,0,-36.2895850651066,29661,4,13701,-8.029260578662596,37893,,14603
,0,,39382,14885,1.0,2023.0,0,0,-36.28265747443998,26786,4,13519,-7.851180420342518,32808,,14533
,0,,40248,15047,1.0,2023.0,0,0,-36.44670667072211,26335,4,12872,-7.869799399419041,33663,,14175
,0,,40901,14885,1.0,2023.0,0,0,-36.58394142803927,29782,4,13901,-7.811687289768033,34044,,14322
,0,,42513,15182,1.0,2023.0,0,0,-36.636233621289264,28235,4,13048,-7.663968016178032,36436,,14455
,0,,42485,15102,1.0,2023.0,0,0,-36.46614991369539,24264,4,12635,-8.028781357884727,30084,,13842
,0,,49050,16125,1.0,2023.0,0,0,-35.42198590002742,29693,4,14054,-7.4485630017970905,42641,,15770
,0,,52841,16424,1.0,2023.0,0,0,-35.39704505836535,27254,4,13833,-7.43076929466782,40176,,15536
,0,,46787,15614,1.0,2023.0,0,0,-35.291999911509926,26049,4,13186,-7.382949039527625,34804,,14674
,0,,42543,16127,1.0,2023.0,0,0,-35.34287619189732,24426,4,14215,-7.413551585330206,37293,,15602
,0,,52479,16112,1.0,2023.0,0,0,-35.297776681595614,27021,4,14265,-7.420408825714249,42703,,15584
,0,,46858,15972,0.0,2023.0,0,0,-35.183871966744796,30946,3,14821,-7.395568691653546,42049,,15702
,0,,41810,15840,1.0,2023.0,0,0,-35.71388978342295,21943,4,12520,-7.654229565328671,34433,,14867
,0,,38817,15778,1.0,2023.0,0,0,-35.56699560518872,31999,4,14768,-7.618147295654032,36429,,15167
,0,,49889,16428,1.0,2023.0,0,0,-35.73913180840272,24335,4,13618,-7.369726610797092,41923,,15908
,0,,51620,16104,0.0,2023.0,0,0,-35.70997526087076,30595,3,14072,-7.348381804765529,37703,,15060
,0,,45338,15942,0.0,2023.0,0,0,-35.57737003408248,26772,3,13519,-7.478700505331833,37568,,15304
,0,,48216,15990,1.0,2023.0,0,0,-35.734228517765516,25998,4,13316,-7.408401580970006,33665,,14414
,0,,47498,16022,1.0,2023.0,0,0,-35.82596623339288,21710,4,12726,-7.395579037325469,38909,,15433
,0,,44162,15884,1.0,2023.0,0,0,-35.67085185556649,24200,4,12881,-7.60652366681612,40794,,15414
,0,,51366,16165,1.0,2023.0,0,0,-35.67931986114349,29197,4,13776,-7.361773711059948,44531,,15765
,0,,55534,16254,1.0,2023.0,0,0,-35.81677929835064,27263,4,13685,-7.374845034927674,44325,,15622
,0,,54280,16111,1.0,2023.0,0,0,-35.797039820397096,25639,4,13423,-7.402884960000199,44132,,15433
,0,,53741,16371,1.0,2023.0,0,0,-35.82708587569137,29388,4,13859,-7.330110868173963,45115,,15799
,0,,46833,15652,1.0,2023.0,0,0,-35.546122254122004,24623,4,13026,-7.5457024472873115,34240,,14568
,0,,42993,15770,1.0,2023.0,0,0,-35.69754325119342,27119,4,13316,-7.629149141129369,31939,,14436
,0,,44493,15821,1.0,2023.0,0,0,-35.77779829982941,28544,4,13531,-7.548007985490839,41567,,15249
,0,,43602,15813,1.0,2023.0,0,0,-35.601470291706605,25167,4,12951,-7.588613139014242,33332,,14616
,0,,44450,15504,1.0,2023.0,0,0,-35.74441750566832,27728,4,13580,-7.62340522373377,33698,,14545
,0,,43564,15884,1.0,2023.0,0,0,-35.83167971387531,26140,4,13967,-7.437094639654921,37921,,15313
,0,,47493,15856,1.0,2023.0,0,0,-35.742906129717944,34814,4,14746,-7.561454287838197,44475,,15463
,0,,48777,16009,1.0,2023.0,0,0,-35.586343110660714,24217,4,12839,-7.571712346882522,34858,,14662
,0,,50660,15787,1.0,2023.0,0,0,-35.702362862023,24286,4,12839,-7.4393382043008565,40656,,15016
,0,,50325,16025,1.0,2023.0,0,0,-35.731241333038426,24721,4,12788,-7.6071999531299,37591,,14899
,0,,44876,15918,1.0,2023.0,0,0,-35.84016904618084,26458,4,13684,-7.431579378778288,39869,,15409
,0,,42792,15913,1.0,2023.0,0,0,-35.896697458458014,27950,4,13756,-7.47314645546585,41083,,15522
,0,,47662,15913,1.0,2023.0,0,0,-35.66663411516811,25013,4,12735,-7.443589763834038,40986,,14755
,0,,40155,15301,1.0,2023.0,0,0,-35.81523948866604,23236,4,12956,-7.442816407384354,35445,,15001
,0,,46401,15898,1.0,2023.0,0,0,-35.70462893764764,24753,4,13820,-7.286557918082438,39256,,15671
,0,,49023,15934,1.0,2023.0,0,0,-35.74388120135684,28106,4,13178,-7.374329249659895,42553,,15218
,0,,45861,15610,1.0,2023.0,0,0,-35.6366323725331,28375,4,13758,-7.293381024849827,37939,,14814
,0,,51631,15837,1.0,2023.0,0,0,-35.66554135580728,26902,4,13367,-7.607810149775459,35125,,14302
,0,,53880,16031,1.0,2023.0,0,0,-35.88085821144258,25924,4,13269,-7.582583124274671,41453,,15056
,0,,40123,15452,1.0,2023.0,0,0,-35.80965406548448,24414,4,13003,-7.50589892939313,32722,,14563
,0,,39266,15208,1.0,2023.0,0,0,-35.8929751448469,26849,4,13040,-7.643185803186535,33314,,14348
,0,,52459,15808,1.0,2023.0,0,0,-35.732210474595654,30030,4,13847,-7.553553430838471,41223,,15067
,0,,44954,15300,1.0,2023.0,0,0,-35.858697451825144,25096,4,12725,-7.428625605121572,34389,,14237
,0,,38035,15248,1.0,2023.0,0,0,-35.61283795838591,25420,4,12808,-7.566077061345402,31044,,13876
,0,,40098,14618,1.0,2023.0,0,0,-35.60581693034319,32132,4,13762,-7.524443894065919,36578,,14273
,0,,46200,15775,1.0,2023.0,0,0,-35.758361377447464,24976,4,12823,-7.4599771561582,36219,,14857
,0,,40624,14917,1.0,2023.0,0,0,-35.69501293047637,28271,4,13479,-7.5377166545234315,35439,,14352
,0,,40714,15139,1.0,2023.0,0,0,-35.835041146385905,25069,4,12947,-7.657392610253941,33746,,14467
,0,,44221,15659,1.0,2023.0,0,0,-35.95350007644243,28265,4,13512,-7.478700478085962,37601,,14801
,0,,47473,15756,1.0,2023.0,0,0,-36.21629900866858,28785,4,13617,-7.431579397150151,38106,,14899
,0,,44357,15799,1.0,2023.0,0,0,-35.98000802973849,24736,4,13033,-7.631653795150334,33831,,14914
,0,,46681,15973,1.0,2023.0,0,0,-36.207809678941864,29850,4,13593,-7.437094656166745,36137,,14489
,0,,37413,15010,1.0,2023.0,0,0,-35.938831333938175,26297,4,12923,-7.647346917768267,32164,,14392
,0,,44647,15134,1.0,2023.0,0,0,-35.966946452773804,23510,4,12217,-7.413535836434693,33155,,13919
,0,,46617,16077,1.0,2023.0,0,0,-35.9065273440137,23856,4,12747,-7.476596334697241,39875,,15397
,0,,44247,15774,1.0,2023.0,0,0,-35.92750890208467,23741,4,12659,-7.315739102588345,39703,,15406
,0,,38354,15336,1.0,2023.0,0,0,-36.227753310354395,21210,4,12398,-7.335792365610766,32431,,14409
,0,,35990,15254,1.0,2023.0,0,0,-35.94678339073965,25899,4,13383,-7.382929441429159,30967,,14376
,0,,41345,15444,1.0,2023.0,0,0,-36.26203930855468,23736,4,12639,-7.620865764597818,35989,,14849
,0,,43904,16086,1.0,2023.0,0,0,-36.04698186950933,25317,4,13208,-7.606523638933666,36682,,15530
,0,,39157,15413,1.0,2023.0,0,0,-36.144860750448515,21743,4,12560,-7.31692008980135,33924,,14714
,0,,46841,16214,1.0,2023.0,0,0,-36.04276413038907,24273,4,13000,-7.443589755231971,38059,,15406
,0,,42105,15686,1.0,2023.0,0,0,-36.11493365764543,30106,4,14113,-7.452206104282622,35383,,14763
,0,,36879,15080,1.0,2023.0,0,0,-36.203215842151536,22670,4,12927,-7.330110898039898,30062,,14088
,0,,39307,15617,1.0,2023.0,0,0,-35.94312565070254,25048,4,13123,-7.618147252910841,32231,,14729
,0,,40366,15729,1.0,2023.0,0,0,-35.93615813621847,25286,4,13503,-7.658431590003937,31785,,14741
,0,,46161,15719,1.0,2023.0,0,0,-36.192909267940806,32142,4,14475,-7.374845058313424,37783,,15263
,0,,42528,15543,1.0,2023.0,0,0,-35.98896798995913,25290,4,13076,-7.566077031602096,32476,,14480
,0,,42047,15276,1.0,2023.0,0,0,-36.103621762011635,23337,4,12836,-7.41255134131589,33427,,14751
,0,,47563,15974,1.0,2023.0,0,0,-36.11035851244126,20855,4,12492,-7.408401587333844,40729,,15410
,0,,39544,15635,1.0,2023.0,0,0,-36.070572781723726,27585,4,13593,-7.495217110602163,32968,,14700
,0,,40884,15686,1.0,2023.0,0,0,-36.055449872511566,32003,4,14466,-7.361773712620621,37237,,15361
,0,,44597,15918,1.0,2023.0,0,0,-35.91103313180768,27152,4,13666,-7.54388202438531,38278,,15190
,0,,45927,16109,1.0,2023.0,0,0,-36.269105091293184,29548,4,13933,-7.643185798441062,39717,,15423
,0,,42987,15703,1.0,2023.0,0,0,-36.134491364790385,31081,4,14160,-7.4599771600919205,37857,,15122
,0,,48794,15973,1.0,2023.0,0,0,-36.256988161570455,27496,4,13278,-7.582583126541001,45682,,15356
,0,,51021,16048,1.0,2023.0,0,0,-36.06437942302351,26141,4,13047,-7.654565610390433,36330,,14658
,0,,41447,15570,1.0,2023.0,0,0,-36.202096200193914,22509,4,12930,-7.395579058959903,35952,,14924
,0,,42158,15719,1.0,2023.0,0,0,-36.21117111043474,33103,4,14268,-7.657392596122304,36534,,15055
,0,,41703,15806,1.0,2023.0,0,0,-35.94089984784453,27144,4,13333,-7.569354416159529,36907,,15169
,0,,42637,15414,1.0,2023.0,0,0,-36.071142937072736,32378,4,14241,-7.537716639420099,38266,,14788
,0,,42588,15554,1.0,2023.0,0,0,-36.08610526292171,28769,4,13681,-7.348381812864257,32684,,14455
,0,,42359,15720,1.0,2023.0,0,0,-36.172396386105035,23567,4,12533,-7.637030306743882,37278,,15117
,0,,42074,15844,1.0,2023.0,0,0,-36.35978430393685,29046,4,13748,-7.333683613169975,37357,,15138
,0,,44032,15813,1.0,2023.0,0,0,-36.27792834918753,27355,4,13470,-7.335776553506197,38597,,15073
,0,,49299,16207,1.0,2023.0,0,0,-36.40903034568376,28228,4,13542,-7.527941134476056,39876,,15204
,0,,43577,15425,1.0,2023.0,0,0,-36.32399915954448,27304,4,13683,-7.537695017996482,37948,,14855
,0,,44609,16078,1.0,2023.0,0,0,-36.600879104990035,28204,4,13241,-7.575675232989974,35459,,14806
,0,,43887,15487,1.0,2023.0,0,0,-36.31031023903188,28244,4,13322,-7.658430899911343,34695,,14448
,0,,39723,15287,1.0,2023.0,0,0,-36.283876261441456,31906,4,13633,-7.654708190499015,36787,,14663
,0,,44580,15744,1.0,2023.0,0,0,-36.41712560652065,31055,4,13883,-7.548010836012511,34502,,14092
,0,,40708,15185,1.0,2023.0,0,0,-36.5772388549997,33596,4,13851,-7.4435772812818675,36736,,14499
,0,,41378,15412,1.0,2023.0,0,0,-36.28192727218277,27832,4,13425,-7.452170138272834,32655,,14371
,0,,41457,15785,1.0,2023.0,0,0,-36.59428754128754,30899,4,13841,-7.574161980022693,31625,,14486
,0,,40719,15384,1.0,2023.0,0,0,-36.41837622395367,27365,4,13202,-7.6291470707174796,37259,,14911
,0,,39580,15233,1.0,2023.0,0,0,-36.60168650032653,26013,4,12805,-7.569356421148421,29446,,14088
,0,,42123,16106,1.0,2023.0,0,0,-36.584271180255854,34270,4,14411,-7.657393498806803,40177,,15147
,0,,38386,15095,1.0,2023.0,0,0,-36.28429512501423,29221,4,13693,-7.321739600695424,35265,,14847
,0,,34190,14721,1.0,2023.0,0,0,-36.34894842210784,27197,4,13102,-7.442814304828771,31774,,14077
,0,,38511,15451,1.0,2023.0,0,0,-36.35939050260011,32841,4,14114,-7.348035822946051,36487,,15085
,0,,45889,15689,1.0,2023.0,0,0,-36.42312533234195,31784,4,13773,-7.549114076623927,39620,,14913
,0,,39005,15303,1.0,2023.0,0,0,-36.523595170911115,19492,4,12173,-7.3038906978247375,34095,,14502
,0,,49115,15649,1.0,2023.0,0,0,-36.50780474047161,32404,4,13886,-7.361772545481137,37573,,14490
,0,,46645,15606,1.0,2023.0,0,0,-36.377102824853665,32528,4,14243,-7.553545611761373,38487,,15291
,0,,37541,14791,1.0,2023.0,0,0,-36.351681298585994,24166,4,12932,-7.43979258028195,34382,,14561
,0,,38490,14454,1.0,2023.0,0,0,-36.47017201502572,29341,4,13124,-7.587131925479526,34224,,14124
,0,,41344,15402,1.0,2023.0,0,0,-36.47417349171992,27928,4,13577,-7.4766321522495165,31887,,14297
,0,,40027,15092,1.0,2023.0,0,0,-36.412937472756084,27366,4,13013,-7.392099336344521,32687,,14485
,0,,36757,14793,1.0,2023.0,0,0,-36.627950209639984,25357,4,12635,-7.6431927807429405,33489,,14251
,0,,40313,14832,1.0,2023.0,0,0,-36.366629407611974,28524,4,13208,-7.398087680748029,35093,,14190
,0,,44275,15248,1.0,2023.0,0,0,-36.54624569799422,25058,4,13029,-7.543908526069957,29039,,13779
,0,,51649,16046,1.0,2023.0,0,0,-36.395734872871394,29645,4,13659,-7.561450380268224,34661,,14624
,0,,45022,15534,1.0,2023.0,0,0,-36.3122619393251,29383,4,13650,-7.39556870233754,39317,,15132
,0,,39236,14754,1.0,2023.0,0,0,-36.52848579629406,31565,4,13545,-7.563319814354805,36549,,14321
,0,,41539,15265,1.0,2023.0,0,0,-36.431014004081746,29909,4,13579,-7.424945726283848,40094,,14710
,0,,34423,14886,1.0,2023.0,0,0,-36.29248342936187,29129,4,13676,-7.523871238832174,32314,,14505
,0,,42278,15120,1.0,2023.0,0,0,-36.43902281726061,33513,4,14097,-7.565571974956837,35825,,14573
,0,,36679,15058,1.0,2023.0,0,0,-36.45764589475162,22758,4,12453,-7.286557958109757,29958,,14213
,0,,44595,15343,1.0,2023.0,0,0,-36.4473466209031,33384,4,13777,-7.587419115187827,37926,,14623
,0,,38293,14678,1.0,2023.0,0,0,-36.646449534421116,30112,4,13293,-7.566049704706946,37380,,14199
,0,,41420,15239,1.0,2023.0,0,0,-36.40651268445216,33055,4,13913,-7.569493280220998,38807,,14565
,0,,48949,15369,1.0,2023.0,0,0,-36.5250205518138,32901,4,14170,-7.348377536554422,37668,,14479
,0,,40330,15214,1.0,2023.0,0,0,-36.554942657189684,31516,4,13390,-7.582606767989596,36821,,14505
,0,,41862,15278,1.0,2023.0,0,0,-36.427180178383324,31734,4,13796,-7.369810420105628,37338,,14801
,0,,49205,15618,1.0,2023.0,0,0,-36.459480562131596,32071,4,13418,-7.62340655377601,41178,,14859
,0,,39088,14939,1.0,2023.0,0,0,-36.45992333823107,33289,4,14101,-7.654229566600991,35045,,14670
,0,,40810,15050,1.0,2023.0,0,0,-36.52502642645351,27791,4,12811,-7.637034358883881,33851,,13788
,0,,40154,14943,1.0,2023.0,0,0,-36.396500069887836,31408,4,13645,-7.293382220020752,32751,,14213
,0,,46439,15290,1.0,2023.0,0,0,-36.523242467412594,24228,4,12734,-7.4787160546332325,35590,,14338
,0,,45741,15087,1.0,2023.0,0,0,-36.59845524992727,30933,4,13472,-7.620880047997496,38288,,14170
,0,,35868,15021,1.0,2023.0,0,0,-36.55221182262447,24880,4,12823,-7.316915011510536,31570,,14169
,0,,36721,14482,6.0,2023.0,0,0,-35.133649286182504,22825,21,12668,-7.246237453458292,33160,,14189
,0,,34514,14547,6.0,2023.0,0,0,-35.14443740679223,26963,21,13116,-7.098490010549965,32562,,14122
,0,,35647,14855,6.0,2023.0,0,0,-35.044006128497344,30901,21,14003,-7.2624038033049585,34545,,14724
,0,,54960,15933,6.0,2023.0,0,0,-35.18155114167637,24549,21,13171,-6.944093006324471,38288,,14783
,0,,49248,15888,6.0,2023.0,0,0,-35.368286828047765,26575,21,13594,-7.248775726799745,40633,,15320
,0,,46827,15465,6.0,2023.0,0,0,-35.49594593730042,31430,21,13955,-6.947059791860583,42525,,15137
,0,,49610,15608,4.0,2023.0,0,0,-35.43352244665778,28070,15,14021,-7.131247374697586,43057,,15316
,0,,51444,15913,4.0,2023.0,0,0,-35.46403746600361,26978,15,13547,-7.056913954543782,39639,,15267
,0,,46769,15666,6.0,2023.0,0,0,-35.16299572846978,27581,21,13373,-7.05024834591158,36437,,14747
,0,,46141,15635,4.0,2023.0,0,0,-35.498265468584485,32849,15,14507,-6.923573253955891,41434,,15245
,0,,51630,15560,4.0,2023.0,0,0,-35.326229657566714,28026,15,13395,-7.064673319975148,40967,,14877
,0,,48407,15687,6.0,2023.0,0,0,-35.35607840715683,28654,21,13826,-7.178910489672845,41258,,15098
,0,,48968,15418,6.0,2023.0,0,0,-35.21021101164754,29536,21,13629,-7.197073695275836,37248,,14459
,0,,48779,15283,4.0,2023.0,0,0,-35.36266980887156,28733,15,13414,-7.077543731519468,38776,,14628
,0,,36659,14496,4.0,2023.0,0,0,-35.25864000467339,26035,15,13122,-7.073902414127852,29933,,13909
,0,,45581,14855,4.0,2023.0,0,0,-35.22350728300861,24971,15,12761,-7.116059846958693,36364,,14462
,0,,42873,14976,4.0,2023.0,0,0,-35.366774333472186,26946,15,13741,-7.186812896677682,36632,,14446
,0,,50951,16049,4.0,2023.0,0,0,-35.244975309022706,22433,15,13340,-7.215419276633108,40367,,15240
,0,,45365,15188,4.0,2023.0,0,0,-35.39259985472928,26603,15,13317,-6.942231891774223,36421,,14344
,0,,49506,15739,4.0,2023.0,0,0,-35.42090677476639,32830,15,14078,-7.028213505692091,40223,,14753
,0,,44076,14941,4.0,2023.0,0,0,-35.24094763609095,34693,15,13580,-7.253482694064351,41669,,14541
,0,,40196,14840,4.0,2023.0,0,0,-35.36774891508853,26877,15,13026,-6.999651956966745,33974,,14236
,0,,48059,15580,4.0,2023.0,0,0,-35.33295813419376,22669,15,12671,-7.071723693987358,38379,,14750
,0,,38559,14578,4.0,2023.0,0,0,-35.33384389368716,22535,15,12554,-6.973699469743877,34476,,14290
,0,,46709,15704,4.0,2023.0,0,0,-35.420136101488204,30487,15,13828,-7.262403792555416,37677,,14898
,0,,45785,15171,4.0,2023.0,0,0,-35.40655903426257,28914,15,13626,-7.174466334643153,39879,,14755
,0,,42921,15116,4.0,2023.0,0,0,-35.36013001999613,24735,15,12895,-6.976689996856859,38491,,14692
,0,,47409,15298,4.0,2023.0,0,0,-35.348819795452876,28110,15,13517,-7.2010404027936,35004,,14519
,0,,44576,15030,4.0,2023.0,0,0,-35.225337847062185,29413,15,13290,-7.213977536247332,38379,,14518
,0,,51390,15424,4.0,2023.0,0,0,-35.358095497792796,22660,15,12279,-7.033730792773766,39555,,14641
,0,,48979,14979,4.0,2023.0,0,0,-35.3431762704995,31921,15,13701,-6.922514401039984,37471,,14217
,0,,38198,14346,4.0,2023.0,0,0,-35.382228113239954,25809,15,12889,-7.0853163630001275,35230,,13972
,0,,51404,15561,4.0,2023.0,0,0,-35.37705534126443,26019,15,13258,-6.929201977517718,37131,,14713
,0,,38874,14680,6.0,2023.0,0,0,-35.52056736680257,28357,21,13099,-7.098490005892997,34205,,13945
,0,,32690,13699,6.0,2023.0,0,0,-35.188638432511645,29287,21,12529,-7.194715671589008,29494,,13375
,0,,42994,15344,6.0,2023.0,0,0,-35.44487450528003,22696,21,12663,-7.065128463952789,28910,,13933
,0,,30800,14677,6.0,2023.0,0,0,-35.214499231616784,25624,21,13537,-6.9951185351133125,31495,,14346
,0,,32512,14661,6.0,2023.0,0,0,-35.16119462349146,26345,21,13497,-7.280088628930147,29618,,14235
,0,,40280,15594,6.0,2023.0,0,0,-35.35135874406594,20873,21,12925,-7.037881328488672,37077,,15166
,0,,35928,14936,4.0,2023.0,0,0,-35.43910736312701,25948,15,13108,-7.06815281155526,33215,,14593
,0,,36854,14906,6.0,2023.0,0,0,-35.33775964039122,26570,21,13424,-7.279605915654595,31749,,14424
,0,,38210,14911,4.0,2023.0,0,0,-35.3121192680838,25229,15,13234,-7.279942080316504,34384,,14449
,0,,34382,14349,4.0,2023.0,0,0,-35.19452282924152,21155,15,12458,-7.008254825890147,35296,,14307
,0,,42998,15469,6.0,2023.0,0,0,-35.22968464040989,29798,21,14139,-7.149795930195789,36360,,15020
,0,,41752,15298,6.0,2023.0,0,0,-35.18334552687116,28492,21,14240,-6.958986276884533,41054,,15068
,0,,38808,14869,6.0,2023.0,0,0,-35.16270214611954,23445,21,12831,-7.045710851236559,30921,,14322
,0,,46714,15247,4.0,2023.0,0,0,-35.440646571416664,26554,15,13053,-7.000168414199343,37588,,14326
,0,,48840,15492,4.0,2023.0,0,0,-35.17788626709291,23604,15,12685,-7.017402448789262,34601,,14212
,0,,45183,15125,4.0,2023.0,0,0,-35.33942131055675,31716,15,13496,-7.268237472485418,40193,,14607
,0,,44917,15172,4.0,2023.0,0,0,-35.28940994226115,21320,15,12034,-7.233177695404103,30853,,13450
,0,,44133,15183,4.0,2023.0,0,0,-35.2905014829598,28354,15,13208,-7.068925794870118,33676,,13917
,0,,47032,15235,6.0,2023.0,0,0,-35.30123582162222,29321,21,13351,-7.149254268781821,35739,,14374
,0,,46439,15248,4.0,2023.0,0,0,-35.35511028964475,29684,15,13324,-7.232567304359582,39765,,14629
,0,,48481,15507,6.0,2023.0,0,0,-35.25156628953407,33842,21,13945,-7.056099936448223,34195,,14151
,0,,47622,15208,4.0,2023.0,0,0,-35.22774703523824,26379,15,12979,-7.257026463850783,38621,,14647
,0,,42537,14854,4.0,2023.0,0,0,-35.49764925976944,33204,15,13635,-7.1886545122611025,37735,,14273
,0,,43094,15148,4.0,2023.0,0,0,-35.50168999486364,31154,15,13374,-7.023394959971675,36125,,14167
,0,,37954,14319,4.0,2023.0,0,0,-35.318880041278966,29785,15,13093,-7.163070655203613,34263,,13711
,0,,36646,14380,6.0,2023.0,0,0,-35.183898041967275,27212,21,13162,-7.283810023941998,32217,,13860
,0,,36648,15053,6.0,2023.0,0,0,-35.18657081026305,31310,21,13641,-7.272723178813751,34428,,14569
,0,,39732,15377,4.0,2023.0,0,0,-35.677365822452344,30094,15,13889,-7.14925426518759,39228,,14974
,0,,45432,15976,4.0,2023.0,0,0,-35.83504112363799,28968,15,14282,-7.282770428880095,38942,,15376
,0,,51046,16152,4.0,2023.0,0,0,-35.816776609074815,28145,15,13578,-7.0001684168941525,40145,,15475
,0,,49162,15867,4.0,2023.0,0,0,-35.74290435161694,28582,15,13898,-7.186812889065147,39796,,15108
,0,,55932,15284,4.0,2023.0,0,0,-35.57736880253471,28909,15,13617,-7.1040441362821145,43430,,14698
,0,,38251,15303,4.0,2023.0,0,0,-35.586340988432745,20476,15,12527,-7.197073689713382,33268,,14634
,0,,49830,15276,4.0,2023.0,0,0,-35.69501004676881,26091,15,13322,-7.163070650288968,43536,,14929
,0,,43906,15211,4.0,2023.0,0,0,-35.745605177575136,31748,15,14106,-7.194855615842798,39994,,14779
,0,,42491,15717,4.0,2023.0,0,0,-35.8596311758205,23828,15,13036,-6.930903640550206,39705,,15395
,0,,45518,15525,4.0,2023.0,0,0,-35.542933128520616,26273,15,13529,-6.9415418694742,37055,,14804
,0,,43964,15257,4.0,2023.0,0,0,-35.55401623533833,25633,15,13413,-7.017402446548717,36510,,14691
,0,,42137,14724,4.0,2023.0,0,0,-35.59081540089861,28677,15,13378,-7.0388668005222,39306,,14440
,0,,44212,15448,4.0,2023.0,0,0,-35.82100454405557,23116,15,12800,-7.065128462328639,38645,,14888
,0,,36117,15035,4.0,2023.0,0,0,-35.67931848190359,31558,15,13784,-6.987093996944206,34593,,14450
,0,,42346,14912,4.0,2023.0,0,0,-35.55761429662071,21872,15,12215,-7.201033172229891,32848,,14184
,0,,42484,14991,4.0,2023.0,0,0,-35.883973329997104,21653,15,11867,-6.914655902466299,29489,,13703
,0,,39567,14479,4.0,2023.0,0,0,-35.60146782784397,26784,15,13244,-7.213977530284172,34133,,14122
,0,,41540,14654,4.0,2023.0,0,0,-35.79155063990584,28375,15,13466,-7.212488242454364,37279,,14325
,0,,53827,15714,4.0,2023.0,0,0,-35.53490269446527,31610,15,13666,-7.169238920371796,43909,,15064
,0,,52550,15889,4.0,2023.0,0,0,-35.60387701666042,32652,15,13754,-7.257026455037521,40721,,14804
,0,,53496,15625,4.0,2023.0,0,0,-35.539125692784246,31290,15,13704,-7.050248342662375,38899,,14570
,0,,54133,15687,4.0,2023.0,0,0,-35.538832110356864,29843,15,13593,-7.045710848084211,40419,,14571
,0,,51854,15844,4.0,2023.0,0,0,-35.75318536212356,28870,15,13788,-6.929201980917976,40475,,15235
,0,,37055,15001,4.0,2023.0,0,0,-35.697542525004245,30791,15,13450,-7.254520673557303,35214,,14240
,0,,42819,14964,4.0,2023.0,0,0,-35.79626613373142,26602,15,12824,-7.262403778745498,36043,,14382
,0,,41910,14655,4.0,2023.0,0,0,-35.59963726330676,33369,15,13412,-7.11605984340887,39282,,14363
,0,,38234,14570,4.0,2023.0,0,0,-35.61283502012896,28569,15,13124,-7.191437000246005,33626,,13814
,0,,39723,15234,4.0,2023.0,0,0,-35.872075989568636,27108,15,13425,-6.947059796645999,29851,,13955
,0,,39408,14507,4.0,2023.0,0,0,-35.552544972921645,30679,15,13331,-7.199515962119856,36364,,14121
,0,,48175,15326,6.0,2023.0,0,0,-35.617077620999474,30458,21,13805,-7.253482685165001,39046,,14744
,0,,41573,15844,6.0,2023.0,0,0,-35.825964020587435,29325,21,13945,-7.020906510808499,36875,,15441
,0,,48345,15884,6.0,2023.0,0,0,-35.858696392356514,28630,21,13895,-7.053959900559856,39734,,15393
,0,,39835,15353,6.0,2023.0,0,0,-35.70997390313244,26931,21,13696,-6.973699471367401,36330,,15129
,0,,36388,15058,6.0,2023.0,0,0,-35.73422551364308,22158,21,12350,-7.033730793538911,32742,,14310
,0,,46251,15375,6.0,2023.0,0,0,-35.78947757165934,30405,21,13680,-7.253401391753282,41102,,14875
,0,,37559,14122,4.0,2023.0,0,0,-35.905797507942495,29247,15,12968,-7.0775095133845065,33955,,13654
,0,,39201,14762,4.0,2023.0,0,0,-35.93418029290306,28361,15,13263,-7.283809346713374,32398,,13657
,0,,46911,15788,4.0,2023.0,0,0,-35.94786990651255,29127,15,13864,-7.1630500668773776,35897,,14466
,0,,39024,14666,6.0,2023.0,0,0,-36.04699726311457,23013,21,11975,-7.174470340697542,30771,,13800
,0,,38298,14643,4.0,2023.0,0,0,-36.05389345877955,21588,15,11773,-7.232566621602999,31316,,13788
,0,,41975,15358,4.0,2023.0,0,0,-35.9145322534621,29392,15,14145,-7.028189878232727,39295,,15228
,0,,37977,15218,4.0,2023.0,0,0,-35.95111063574802,24168,15,12655,-7.257018803020503,29177,,13528
,0,,41590,14610,4.0,2023.0,0,0,-36.201110162454796,30629,15,12883,-7.068913914911568,33939,,14193
,0,,37183,14556,6.0,2023.0,0,0,-35.949619104331994,25602,21,12843,-6.9415515759367805,28880,,13643
,0,,47144,15798,4.0,2023.0,0,0,-35.992825483822216,23419,15,12742,-7.231883051746802,35098,,14582
,0,,44283,15559,6.0,2023.0,0,0,-35.9017985378809,27661,21,13856,-6.96109366626241,40345,,15090
,0,,35840,14195,4.0,2023.0,0,0,-36.10687636356419,31503,15,13208,-6.9225140287478,32174,,14017
,0,,36749,14623,4.0,2023.0,0,0,-36.22232669900131,27496,15,13119,-7.2462510261643756,29659,,13560
,0,,42142,15568,6.0,2023.0,0,0,-36.148891445338144,21393,21,12221,-6.973695377211598,31335,,14137
,0,,42230,15355,4.0,2023.0,0,0,-36.051052358681304,23803,15,12832,-6.995132238372485,36486,,14618
,0,,33533,14477,4.0,2023.0,0,0,-36.221486815821386,30157,15,13175,-7.149788119741778,31197,,13940
,0,,55154,16082,4.0,2023.0,0,0,-36.26305581490134,25276,15,13118,-6.923568742704418,42009,,14901
,0,,42456,14939,4.0,2023.0,0,0,-36.23256824154308,34446,15,13401,-7.06465077715991,35784,,14171
,0,,39504,15568,4.0,2023.0,0,0,-36.17011878728062,28522,15,13971,-7.169264090478482,32828,,14770
,0,,36621,14056,4.0,2023.0,0,0,-35.97282033475859,27078,15,12399,-7.068150791219372,33388,,13308
,0,,35021,14121,6.0,2023.0,0,0,-35.933159308761546,27382,21,12926,-7.085293523645351,30272,,13421
,0,,36679,13924,4.0,2023.0,0,0,-35.97555330627271,27844,15,12551,-7.065128452603968,34931,,13578
,0,,39406,14613,4.0,2023.0,0,0,-35.986476610342685,22720,15,11861,-7.05692141997653,32237,,13593
,0,,34137,13864,4.0,2023.0,0,0,-35.93613314561327,29771,15,13129,-7.0208966556659504,33468,,13627
,0,,41727,14606,4.0,2023.0,0,0,-36.18316163674597,26902,15,12743,-7.171078082195929,35702,,13700
,0,,44131,14153,4.0,2023.0,0,0,-35.988807912859905,28482,15,12457,-7.233169454218385,33347,,13348
,0,,38936,14449,4.0,2023.0,0,0,-36.13167598382502,23256,15,12019,-6.987092857304063,29490,,13464
,0,,33299,14074,4.0,2023.0,0,0,-36.05488754390176,25427,15,12369,-7.050278119521459,30624,,13590
,0,,37132,14550,4.0,2023.0,0,0,-36.03290242858505,27495,15,12902,-7.153293406438955,32112,,13457
,0,,36385,14449,4.0,2023.0,0,0,-35.98365594404554,27337,15,12886,-6.9589990154129024,30986,,13583
,0,,42073,15012,4.0,2023.0,0,0,-36.25563962064991,30631,15,13757,-6.930896964750859,34858,,13962
,0,,37707,14652,4.0,2023.0,0,0,-36.094043677497105,29007,15,13240,-7.212495405265847,30532,,13567
,0,,30436,14111,6.0,2023.0,0,0,-36.03057091233989,27558,21,12771,-7.131254706622144,30300,,13347
,0,,39670,15054,4.0,2023.0,0,0,-35.916353766249884,28065,15,13670,-7.1492241727970525,39020,,14911
,0,,33854,14281,4.0,2023.0,0,0,-36.21815938161033,28709,15,13339,-7.199523924589174,31593,,13909
,0,,31014,13760,4.0,2023.0,0,0,-36.2494925213095,29685,15,12829,-7.197061672694035,34459,,13932
,0,,46661,15574,4.0,2023.0,0,0,-35.57498023942858,27027,15,13711,-8.00620087373664,41493,,15276
,0,,48555,15769,4.0,2023.0,0,0,-35.802047231588176,29797,15,13840,-7.725972591670697,41355,,15139
,0,,38180,15540,6.0,2023.0,0,0,-35.5907889319052,27610,21,14125,-7.6934050038104145,35937,,15187
,0,,46439,15505,4.0,2023.0,0,0,-35.87336092642826,28057,15,13360,-7.946265778684896,40363,,14908
,0,,40302,15466,6.0,2023.0,0,0,-35.84861744932067,23045,21,13069,-7.950240972521565,32100,,14528
,0,,36130,14650,4.0,2023.0,0,0,-35.82497752553612,29803,15,13689,-7.818168704178381,33528,,14338
,0,,40912,14952,4.0,2023.0,0,0,-35.607522692950305,25074,15,13100,-7.708296296398038,34462,,14276
,0,,36864,14720,4.0,2023.0,0,0,-35.70861953224508,25063,15,12874,-7.84777262738898,31910,,14253
,0,,45085,15001,4.0,2023.0,0,0,-35.654436159452054,23485,15,12711,-7.880486695259957,36871,,14579
,0,,38218,15147,4.0,2023.0,0,0,-35.65425129267778,27884,15,13537,-7.944061127010366,36289,,14782
,0,,47203,15506,4.0,2023.0,0,0,-35.62484155197608,28855,15,13841,-7.928116294480821,44508,,15286
,0,,34308,14694,6.0,2023.0,0,0,-35.68694894720067,24815,21,13239,-7.724915279344512,31452,,14214
,0,,49822,15568,4.0,2023.0,0,0,-35.83201107914077,22177,15,12452,-8.031943801341686,40609,,14825
,0,,42857,15136,4.0,2023.0,0,0,-35.664863748285406,31087,15,14215,-7.922582860523177,41664,,14879
,0,,44769,15939,4.0,2023.0,0,0,-35.695085159831365,23374,15,13087,-7.961983674949109,38995,,15305
,0,,43834,15166,4.0,2023.0,0,0,-35.77275964913302,21873,15,12046,-7.722987747161051,34132,,14416
,0,,40313,14906,4.0,2023.0,0,0,-35.58143809904342,33000,15,14002,-7.690364445802149,38322,,14473
,0,,42487,15263,4.0,2023.0,0,0,-35.644239846626625,27459,15,13334,-7.668002975965357,33226,,14455
,0,,54059,16111,4.0,2023.0,0,0,-35.7083719033426,26552,15,13625,-7.744508629870666,39540,,15173
,0,,49805,15359,6.0,2023.0,0,0,-35.8564368023461,27497,21,13188,-7.813906292842687,34744,,14250
,0,,45081,15136,4.0,2023.0,0,0,-35.805305990581076,25182,15,12898,-7.865300390570697,36979,,14503
,0,,47039,15728,4.0,2023.0,0,0,-35.85724909299784,28690,15,13579,-7.782975946320904,38404,,15088
,0,,43128,15023,4.0,2023.0,0,0,-35.67086341523911,31148,15,13540,-7.923685916282192,37897,,14423
,0,,43900,15788,4.0,2023.0,0,0,-35.80702618545197,27860,15,13418,-7.920294073171751,36926,,14787
,0,,41557,15194,4.0,2023.0,0,0,-35.77622294345301,29257,15,13841,-7.93788875195435,36079,,14660
,0,,37071,14667,4.0,2023.0,0,0,-35.84535393944909,26943,15,12829,-7.899011298483918,35916,,14002
,0,,44384,15763,6.0,2023.0,0,0,-35.67491801064348,27360,21,13502,-7.744416676624616,37234,,14988
,0,,44271,14836,6.0,2023.0,0,0,-35.77097963372113,24474,21,12357,-7.85330126462343,29118,,13189
,0,,43927,15172,4.0,2023.0,0,0,-35.84202567424666,30520,15,13943,-7.94872810914413,36741,,14711
,0,,35011,14195,4.0,2023.0,0,0,-35.894189412468904,28209,15,13001,-7.940616474251807,33731,,13993
,0,,39308,15185,6.0,2023.0,0,0,-35.73074592632932,24791,21,13199,-7.6718264354219246,29016,,13961
,0,,41315,15308,4.0,2023.0,0,0,-35.772765752417705,30853,15,13735,-8.011589181741527,37441,,14423
,0,,40377,14914,6.0,2023.0,0,0,-35.77133491018306,29535,21,13191,-7.678509455876457,37487,,14520
,0,,48653,15492,4.0,2023.0,0,0,-35.7981140493103,28966,15,13270,-7.823153778140771,37398,,14744
,0,,43198,15035,4.0,2023.0,0,0,-35.63980642387502,32501,15,13513,-7.950240213106166,37488,,14519
,0,,34806,14190,4.0,2023.0,0,0,-35.84942490744172,25682,15,12655,-7.943923360785316,30443,,13640
,0,,36966,14307,4.0,2023.0,0,0,-35.793982591948904,27574,15,12815,-7.918481038848749,33330,,13817
,0,,41107,15311,6.0,2023.0,0,0,-35.88468594738277,25523,21,12742,-7.672004200848749,35753,,14759
,0,,40115,15340,6.0,2023.0,0,0,-35.871552991351145,25708,21,12848,-7.70470971016079,34844,,14918
,0,,37755,15274,6.0,2023.0,0,0,-35.773172989000564,31643,21,13892,-7.805363698192241,33071,,14576
,0,,34809,14277,6.0,2023.0,0,0,-35.879509585019285,24296,21,12221,-7.680203018679746,30990,,13779
,0,,53426,15868,4.0,2023.0,0,0,-35.90546213237385,24400,15,12802,-7.963151864451131,40526,,14743
,0,,42004,15330,6.0,2023.0,0,0,-35.9145312808038,26010,21,13503,-7.777458473676547,36238,,14875
,0,,54665,15845,4.0,2023.0,0,0,-36.148895735380954,29573,15,14112,-8.011589207730278,41713,,15114
,0,,45274,15621,4.0,2023.0,0,0,-36.08450190587728,27022,15,13354,-7.744508613021439,35558,,14631
,0,,46084,15471,4.0,2023.0,0,0,-35.947868495178824,24246,15,12867,-7.91226807119872,40504,,14885
,0,,53094,15853,4.0,2023.0,0,0,-36.17424402457607,28305,15,13339,-7.823153785680309,33322,,14358
,0,,46624,15407,4.0,2023.0,0,0,-36.063078956251786,26075,15,12629,-7.7249152565395836,38381,,14506
,0,,37293,14767,6.0,2023.0,0,0,-36.14888963210654,29714,21,13596,-7.722987734971271,32710,,14607
,0,,39420,14829,6.0,2023.0,0,0,-36.147464893590545,22644,21,12996,-7.678509436180475,37181,,14669
,0,,38605,14887,4.0,2023.0,0,0,-36.1831561580053,28739,15,13274,-7.920294097845319,31799,,14294
,0,,43375,14637,4.0,2023.0,0,0,-36.24949087882973,25772,15,12742,-7.9462658160927475,34292,,14306
,0,,46653,15554,4.0,2023.0,0,0,-35.96074810316885,31753,15,13687,-8.002658593800781,36813,,14897
,0,,34290,14238,4.0,2023.0,0,0,-36.24768294430677,23530,15,12336,-7.7047097075637785,31565,,13468
,0,,47693,15489,6.0,2023.0,0,0,-36.131673479855735,23511,21,12419,-7.736380278072376,32251,,14241
,0,,42359,14844,4.0,2023.0,0,0,-36.147109617226405,25267,15,12415,-7.853301273667177,33880,,14044
,0,,40915,15304,4.0,2023.0,0,0,-36.23337905029783,28334,15,13372,-7.782975954787504,37587,,14671
,0,,47721,15309,6.0,2023.0,0,0,-35.97554935709447,24495,21,12830,-7.8143847858588025,36416,,14206
,0,,44305,15348,6.0,2023.0,0,0,-35.90579714240171,27538,21,13071,-7.826758848181969,37900,,14432
,0,,36260,14610,4.0,2023.0,0,0,-36.0368045708662,29636,15,12922,-7.766701230872574,31184,,13601
,0,,43449,14748,4.0,2023.0,0,0,-36.09803960237311,24600,15,12252,-7.851217966838962,35213,,14153
,0,,46501,14964,4.0,2023.0,0,0,-36.058491122074216,26865,15,12887,-8.029116950650046,33785,,14141
,0,,52286,15686,4.0,2023.0,0,0,-36.04425734023608,26709,15,12690,-7.757552738206601,36496,,13900
,0,,40835,15017,4.0,2023.0,0,0,-35.90774630759298,26686,15,13047,-8.029258106217199,31708,,13947
,0,,35828,14328,4.0,2023.0,0,0,-36.22148390035978,29576,15,13202,-7.899011324540352,32820,,13619
,0,,34839,14400,6.0,2023.0,0,0,-35.91635319261718,25092,21,12487,-7.898446405780503,30942,,13457
,0,,43264,15876,4.0,2023.0,0,0,-35.986471936014006,25326,15,13511,-7.806181156372596,39439,,15388
,0,,37505,14555,6.0,2023.0,0,0,-35.95756814015954,24313,21,12415,-7.690364403868981,29848,,13490
,0,,42579,15150,4.0,2023.0,0,0,-36.00097157990033,29212,15,13146,-7.928116282018511,35847,,14105
,0,,42637,14671,4.0,2023.0,0,0,-35.92571408315445,24041,15,12181,-8.021893928548257,35026,,13647
,0,,41981,14826,4.0,2023.0,0,0,-36.317031203893166,28842,15,13492,-7.943921337450477,37631,,14321
,0,,44088,14877,4.0,2023.0,0,0,-36.30480700621188,20361,15,12207,-7.9487193814451365,38622,,14446
,0,,38724,14763,4.0,2023.0,0,0,-36.53431996647734,34643,15,13863,-7.9401352345158775,35005,,14065
,0,,43091,15154,4.0,2023.0,0,0,-36.592430577600354,32647,15,13945,-7.806172970386792,35476,,14298
,0,,38022,15173,4.0,2023.0,0,0,-36.5209916494994,35176,15,14015,-7.691536387193367,38106,,14711
,0,,43367,14900,4.0,2023.0,0,0,-36.311735912225316,32886,15,13533,-7.708282182231645,37746,,14436
,0,,46431,15176,4.0,2023.0,0,0,-36.5417383833694,27460,15,12953,-8.002586210692412,32105,,13898
,0,,45376,15914,6.0,2023.0,0,0,-36.41889675148424,25195,21,13356,-7.818181851635274,41380,,15395
,0,,33049,14466,6.0,2023.0,0,0,-36.52069853019099,31111,21,13616,-7.961979932790162,30970,,14081
,0,,45798,15383,4.0,2023.0,0,0,-36.42311327363229,26551,15,12968,-7.981084519067976,35345,,14501
,0,,42736,15119,4.0,2023.0,0,0,-36.37449529208591,20706,15,12189,-7.724906920318102,38548,,14930
,0,,44004,15104,4.0,2023.0,0,0,-36.3430774309174,29399,15,13483,-7.788133011335835,37540,,14497
,0,,39335,14640,4.0,2023.0,0,0,-36.41780277249218,27703,15,13069,-7.982370729754193,32908,,14104
,0,,44856,15298,4.0,2023.0,0,0,-36.62433803018012,31490,15,13309,-7.696359922142713,35196,,14389
,0,,41040,14777,4.0,2023.0,0,0,-36.30363895591905,34334,15,13745,-7.690354419196327,38498,,14375
,0,,42864,14795,4.0,2023.0,0,0,-36.46135508244071,31022,15,13349,-7.82097889232426,35693,,14290
,0,,43901,14917,4.0,2023.0,0,0,-36.298382979707256,29452,15,13179,-7.9202735446618915,33563,,13903
,0,,37468,14263,4.0,2023.0,0,0,-36.29519327796803,31032,15,13439,-7.690843881335063,34363,,13634
,0,,42809,15214,4.0,2023.0,0,0,-36.53005986313404,34352,15,13984,-7.922579913532822,34397,,14264
,0,,41867,14856,4.0,2023.0,0,0,-36.496678162068484,30792,15,13298,-7.997962870628164,33271,,14203
,0,,37907,14358,4.0,2023.0,0,0,-36.61189271469713,31336,15,13042,-7.680210391609411,33191,,13638
,0,,40082,14447,4.0,2023.0,0,0,-36.30994138426764,33188,15,13101,-7.693394563484193,35283,,13782
,0,,33762,13901,4.0,2023.0,0,0,-36.449803976352456,26915,15,12698,-8.003705734085573,28806,,13123
,0,,33594,13779,4.0,2023.0,0,0,-36.38889247234925,31040,15,12746,-7.668001725583808,33197,,13206
,0,,35485,13844,4.0,2023.0,0,0,-36.333406732732065,31629,15,13245,-7.689666444567614,33900,,13427
,0,,42024,14767,4.0,2023.0,0,0,-36.477213205103276,26058,15,12739,-7.9502459651941715,35020,,14158
,0,,37406,14287,4.0,2023.0,0,0,-36.561915644722305,32270,15,13379,-7.880478646489963,32600,,13503
,0,,37200,14144,4.0,2023.0,0,0,-36.56750157350482,29683,15,12819,-7.817408162820273,36848,,13996
,0,,38594,14266,4.0,2023.0,0,0,-36.38703423321672,24393,15,12101,-7.823156138488263,33521,,13517
,0,,36893,13885,4.0,2023.0,0,0,-36.57326848058499,32197,15,13409,-7.814384838000917,33566,,13621
,0,,36138,14181,6.0,2023.0,0,0,-36.49786838658617,23470,21,12501,-7.944063445414961,30625,,13555
,0,,32531,14212,6.0,2023.0,0,0,-36.578228442506656,30936,21,13331,-7.770179724733859,31757,,13823
,0,,37279,13899,6.0,2023.0,0,0,-36.51062461921436,28954,21,12877,-7.834566091561176,34412,,13689
,0,,39934,14770,4.0,2023.0,0,0,-35.39485244619981,31589,15,13893,-7.478716050568986,34628,,14415
,0,,37406,14549,4.0,2023.0,0,0,-35.29879017931278,24940,15,12832,-7.369810407466379,30075,,13760
,0,,44079,15297,4.0,2023.0,0,0,-35.39520514962235,30425,15,13848,-7.30389068117021,36765,,14750
,0,,43990,15257,6.0,2023.0,0,0,-35.332243740014896,28636,21,13758,-7.3699023138305595,38954,,14804
,0,,45868,15499,4.0,2023.0,0,0,-35.447207514979446,30082,15,13546,-7.369713420690739,39231,,14950
,0,,38964,14713,4.0,2023.0,0,0,-35.3292558887204,25537,15,12727,-7.286557939761178,34322,,13927
,0,,39839,14521,4.0,2023.0,0,0,-35.50855590973065,27566,15,13031,-7.297385669584071,34269,,13874
,0,,53333,15319,4.0,2023.0,0,0,-35.354616132247536,28902,15,12829,-7.297206188775304,34962,,13795
,0,,51828,14931,4.0,2023.0,0,0,-35.50337957335139,27702,15,12890,-7.305585962530367,39052,,14244
,0,,45682,15410,4.0,2023.0,0,0,-35.205309221231616,24328,15,12855,-7.315748634299064,36904,,14787
,0,,31959,14256,4.0,2023.0,0,0,-35.345783481816284,31791,15,13741,-7.476632147658414,32587,,13848
,0,,43174,15219,4.0,2023.0,0,0,-35.42382179474153,30599,15,13595,-7.316914996009887,39438,,14744
,0,,42283,15014,4.0,2023.0,0,0,-35.497231695528185,25635,15,13114,-7.5716996948531445,38099,,14483
,0,,44733,15827,6.0,2023.0,0,0,-35.3108205193106,26946,21,13700,-7.350305228011519,40424,,15244
,0,,51613,15974,4.0,2023.0,0,0,-35.37941472282487,30143,15,13761,-7.361772532875121,40966,,15215
,0,,44163,15546,6.0,2023.0,0,0,-35.23139432040252,31505,21,14117,-7.333683597425901,39439,,15064
,0,,44200,15529,6.0,2023.0,0,0,-35.197357944982485,31046,21,13837,-7.316239051282554,36072,,14692
,0,,39686,15242,6.0,2023.0,0,0,-35.23421425905177,27528,21,13428,-7.43158724251608,33174,,14504
,0,,42145,14650,4.0,2023.0,0,0,-35.28454747696712,27253,15,13274,-7.392099325202927,38114,,14317
,0,,50502,15504,4.0,2023.0,0,0,-35.26811007787466,28686,15,13269,-7.293382201630057,42171,,15033
,0,,40838,14780,4.0,2023.0,0,0,-35.45657626610901,31822,15,13869,-7.374313934562255,37176,,14533
,0,,42489,14903,4.0,2023.0,0,0,-35.396630530195885,29148,15,13055,-7.348377523114335,36252,,14253
,0,,40971,14869,4.0,2023.0,0,0,-35.48111962485156,25495,15,12627,-7.408378231183078,32088,,13643
,0,,38612,14806,6.0,2023.0,0,0,-35.47854781791126,24647,21,12327,-7.412528509987951,28237,,13419
,0,,39322,14786,4.0,2023.0,0,0,-35.56476980165355,23474,15,12307,-7.569354454413485,33980,,14261
,0,,41430,14942,4.0,2023.0,0,0,-35.73880366436055,27327,15,12918,-7.452206101749965,35325,,14383
,0,,48119,15376,6.0,2023.0,0,0,-35.72495150738901,24047,21,12135,-7.575679113760604,38292,,14516
,0,,40310,14731,4.0,2023.0,0,0,-35.58114653152416,28426,15,12668,-7.315050532208224,32937,,14060
,0,,37944,14377,4.0,2023.0,0,0,-35.70909161210408,27206,15,12877,-7.446387229086665,32274,,13598
,0,,44723,15063,4.0,2023.0,0,0,-35.63477211243858,28514,15,12730,-7.448565220124915,36844,,14076
,0,,40428,14510,4.0,2023.0,0,0,-35.78947797975415,30717,15,12863,-7.62802972539194,37258,,14015
,0,,41827,14936,4.0,2023.0,0,0,-35.627698045218025,27292,15,12702,-7.430766095067738,32479,,13781
,0,,44183,15196,4.0,2023.0,0,0,-35.55566319879745,31781,15,13699,-7.621236388869024,37022,,14445
,0,,55469,16063,4.0,2023.0,0,0,-35.55761548627789,26934,15,13352,-7.57567063184347,43354,,15322
,0,,54233,16151,4.0,2023.0,0,0,-35.74560678289041,27702,15,13758,-7.569495461560151,36809,,15000
,0,,49408,15203,4.0,2023.0,0,0,-35.53732482431445,30078,15,13691,-7.65471055537249,41990,,14561
,0,,51302,16124,4.0,2023.0,0,0,-35.78205869484524,31270,15,13887,-7.565566706724091,42365,,15216
,0,,50739,15835,4.0,2023.0,0,0,-35.873779587230594,25824,15,12746,-7.563294110834557,37490,,14878
,0,,36925,15375,4.0,2023.0,0,0,-35.599639098689245,28127,15,13406,-7.490714207404202,31930,,14534
,0,,50141,15837,4.0,2023.0,0,0,-35.55254598748753,27446,15,13103,-7.574153625806922,38604,,14604
,0,,43915,15423,4.0,2023.0,0,0,-35.53039728736784,27883,15,12972,-7.476596369738268,33068,,14441
,0,,55121,15912,4.0,2023.0,0,0,-35.67736930914202,31987,15,13723,-7.5239028744593135,40172,,14869
,0,,49984,15819,4.0,2023.0,0,0,-35.55401662700015,27545,15,13470,-7.392075056862467,40299,,15011
,0,,52437,15431,4.0,2023.0,0,0,-35.85963194850279,25365,15,12826,-7.305592930296682,34074,,13858
,0,,40875,15165,6.0,2023.0,0,0,-35.53912596644261,26116,21,12996,-7.42491438523359,35344,,14524
,0,,54377,15969,6.0,2023.0,0,0,-35.82100651420872,26881,21,13374,-7.439792570302023,39184,,14907
,0,,48266,15631,4.0,2023.0,0,0,-35.88590935996189,29716,15,13666,-7.62086576708238,39711,,14899
,0,,49615,15642,4.0,2023.0,0,0,-35.75318584492226,33364,15,14002,-7.303892741854261,41566,,15188
,0,,52113,15487,4.0,2023.0,0,0,-35.7687307662563,27575,15,13228,-7.316920068605786,39000,,14628
,0,,45750,15475,4.0,2023.0,0,0,-35.768437436760216,23878,15,12568,-7.58741550062658,37385,,14534
,0,,47627,14933,4.0,2023.0,0,0,-35.55768124610759,28918,15,13271,-7.3187797361454345,41563,,14571
,0,,47867,15375,4.0,2023.0,0,0,-35.782690550654905,32199,15,13221,-7.549109857666322,39558,,14681
,0,,49282,15460,4.0,2023.0,0,0,-35.551378851817226,32939,15,14009,-7.315739118332034,39835,,14877
,0,,50467,15582,4.0,2023.0,0,0,-35.590629874002275,28555,15,13489,-7.369795975203786,40909,,14942
,0,,51724,15475,4.0,2023.0,0,0,-35.553488343955856,27317,15,13214,-7.375508797682002,38657,,14590
,0,,37493,14892,4.0,2023.0,0,0,-35.559475702910284,25687,15,12898,-7.3336701806106666,29847,,13624
,0,,44186,15211,4.0,2023.0,0,0,-35.71930654183372,25926,15,12813,-7.297206547763783,34067,,14304
,0,,45133,15313,4.0,2023.0,0,0,-35.57065334633532,29228,15,13558,-7.382929460461907,36894,,14682
,0,,44341,15090,4.0,2023.0,0,0,-35.87439602984062,29278,15,13428,-7.298263697121467,34353,,14167
,0,,56807,15963,4.0,2023.0,0,0,-35.727491765288214,28698,15,13459,-7.412551336505696,37841,,14484
,0,,38100,14299,4.0,2023.0,0,0,-35.796266410275706,26147,15,12501,-7.637030322953192,31047,,13287
,0,,37278,13804,6.0,2023.0,0,0,-35.6211075497464,27367,21,12262,-7.5900548152141365,32387,,12920
,0,,39742,14513,6.0,2023.0,0,0,-35.54468054494225,28850,21,12961,-7.348017313045514,33658,,13761
,0,,36679,14264,6.0,2023.0,0,0,-35.59081641450091,24994,21,12180,-7.413535855022137,33305,,13799
,0,,42827,14832,4.0,2023.0,0,0,-36.16768152202045,30220,15,13126,-7.5871243946418305,37402,,13808
,0,,54193,16134,4.0,2023.0,0,0,-36.090019784287314,27592,15,13291,-7.654229536187594,40608,,15201
,0,,39193,15212,4.0,2023.0,0,0,-35.922252305983974,27599,15,13100,-7.545702408177573,34729,,14631
,0,,43041,15308,4.0,2023.0,0,0,-35.93374553464469,27844,15,13335,-7.5756705917590885,35155,,14476
,0,,39798,15079,4.0,2023.0,0,0,-36.158188674988985,33031,15,13977,-7.565566698789228,35168,,14554
,0,,43436,15461,4.0,2023.0,0,0,-35.93381129445466,27137,15,13186,-7.318779721170946,36866,,14827
,0,,36763,14889,4.0,2023.0,0,0,-36.25395061852403,30597,15,13100,-7.398066217188512,32538,,14559
,0,,40288,15460,4.0,2023.0,0,0,-35.92867603739597,29544,15,13495,-7.5741535850073065,36151,,14702
,0,,48889,15963,4.0,2023.0,0,0,-35.97760032673953,27912,15,13684,-7.58861310482026,37610,,15117
,0,,40495,14947,4.0,2023.0,0,0,-36.249163123792506,28847,15,13066,-7.29739002272256,33430,,13945
,0,,45328,15478,4.0,2023.0,0,0,-35.93014667646251,25864,15,12760,-7.392075034108765,31444,,14198
,0,,39890,14940,4.0,2023.0,0,0,-35.915256020433475,27198,15,13108,-7.424914356728026,36156,,14405
,0,,48335,15033,4.0,2023.0,0,0,-36.01090213734694,27530,15,13051,-7.448565205607448,34621,,14059
,0,,52244,16104,4.0,2023.0,0,0,-36.00012265162049,25631,15,12946,-7.369894070979702,32942,,14479
,0,,51084,15739,4.0,2023.0,0,0,-35.929618393579375,28629,15,13131,-7.37550877645558,33597,,13987
,0,,42708,15204,4.0,2023.0,0,0,-35.91496242460072,26443,15,12990,-7.420377727071647,33963,,14222
,0,,36569,14481,4.0,2023.0,0,0,-36.234827408684275,25338,15,12664,-7.428625626271226,29230,,13676
,0,,41115,14853,4.0,2023.0,0,0,-36.0038280722779,26325,15,12950,-7.430766081083014,35231,,14159
,0,,40478,14730,4.0,2023.0,0,0,-35.957276572739005,22308,15,12177,-7.3150505216043396,31973,,13736
,0,,42490,14763,4.0,2023.0,0,0,-36.23576190507629,21514,15,12066,-7.305592968115933,35151,,14075
,0,,38963,15550,4.0,2023.0,0,0,-36.08075894132443,21124,15,12433,-7.286557931515929,31632,,14854
,0,,42069,15056,4.0,2023.0,0,0,-36.158820530609574,31497,15,13658,-7.549109852132382,37147,,14488
,0,,49569,15713,6.0,2023.0,0,0,-36.16598854938102,32877,21,14188,-7.527937169366636,38534,,14873
,0,,37589,15107,6.0,2023.0,0,0,-36.07849286638287,28330,21,13574,-7.439338202204857,34364,,14476
,0,,39775,14781,6.0,2023.0,0,0,-35.962473150290315,22940,21,12266,-7.571712312077205,31990,,13978
,0,,46113,15534,6.0,2023.0,0,0,-35.96675991233306,22665,21,13315,-7.3697959608642964,37674,,14875
,0,,39170,14855,4.0,2023.0,0,0,-35.920810597244916,26434,15,13004,-7.3480172930093,31721,,13880
,0,,35705,14194,4.0,2023.0,0,0,-36.11526180158813,26921,15,12173,-7.369726621781764,31285,,13511
,0,,56611,15864,4.0,2023.0,0,0,-36.11903612176202,28833,15,13177,-7.561454275490223,39680,,14743
,0,,36782,14691,4.0,2023.0,0,0,-36.250525981932,29123,15,13032,-7.298263738177107,31402,,13975
,0,,41553,15500,4.0,2023.0,0,0,-36.085221614419424,30030,15,13805,-7.446387227447059,36245,,14309
,0,,37427,14221,4.0,2023.0,0,0,-36.153928281269614,27884,15,12669,-7.548007979487894,33952,,13661
,0,,38743,14638,4.0,2023.0,0,0,-35.919063254383,27813,15,12669,-7.316228811034377,35350,,13914
,0,,44665,14917,4.0,2023.0,0,0,-36.129315833841964,30357,15,12928,-7.303892761667972,35923,,13830
,0,,42512,15537,6.0,2023.0,0,0,-35.998364573948194,24991,21,12279,-7.350297261153653,31915,,13708
,0,,43789,15046,6.0,2023.0,0,0,-35.9356057507121,24178,21,12430,-7.333670164500823,33459,,13965
,0,,41581,14811,6.0,2023.0,0,0,-35.91345487887272,24458,21,12595,-7.654710503692794,31796,,13881
,0,,36287,13529,6.0,2023.0,0,0,-36.27282740377226,27495,21,12776,-7.473146475195684,29907,,13132
,0,,36998,14108,6.0,2023.0,0,0,-36.12054749725699,26742,21,12320,-7.623405202846268,32569,,13739
,0,,43238,15091,4.0,2023.0,0,0,-36.33687829946716,32555,15,14250,-7.6281026874108235,38747,,14565
,0,,42144,15110,4.0,2023.0,0,0,-36.46088357381573,27420,15,13356,-7.473186146211238,31136,,14130
,0,,36869,14744,4.0,2023.0,0,0,-36.48300614418419,29185,15,13335,-7.297206206226478,31535,,14073
,0,,44151,15738,4.0,2023.0,0,0,-36.450164112841385,34231,15,14256,-7.6428631529033675,41822,,15202
,0,,34646,14504,4.0,2023.0,0,0,-36.55037592748792,26870,15,13027,-7.448563007824099,31318,,13820
,0,,41444,14754,4.0,2023.0,0,0,-36.32574792066086,31049,15,13446,-7.316239068523982,32990,,13871
,0,,30058,13898,4.0,2023.0,0,0,-36.60693785840851,25487,15,12778,-7.412528518178279,29877,,13503
,0,,38085,14932,4.0,2023.0,0,0,-36.34305010693468,31016,15,13475,-7.318789665867644,37695,,14718
,0,,43280,15555,4.0,2023.0,0,0,-36.36493733024311,35556,15,13425,-7.6078014822891324,40663,,14442
,0,,41961,15452,4.0,2023.0,0,0,-36.39578323399851,32612,15,13780,-7.375531031266657,34414,,14590
,0,,40808,14793,4.0,2023.0,0,0,-36.64470328874448,26293,15,12895,-7.621225867078323,33035,,13641
,0,,40392,15040,4.0,2023.0,0,0,-36.302673231810054,29133,15,13020,-7.590034668896353,32705,,13884
,0,,35984,14259,4.0,2023.0,0,0,-36.608697536338575,28646,15,12915,-7.43931450958226,33214,,13677
,0,,44213,15598,4.0,2023.0,0,0,-36.33369919875285,30146,15,13977,-7.315748651529866,42933,,15466
,0,,32909,14028,4.0,2023.0,0,0,-36.5575681863035,32220,15,13144,-7.490717783538373,32840,,13267
,0,,33316,13718,4.0,2023.0,0,0,-36.597615391136635,26895,15,12774,-7.524435676330564,29928,,13233
,0,,35142,13933,4.0,2023.0,0,0,-36.639185842256786,28270,15,12522,-7.298259021548366,30112,,13038
,0,,36603,13990,4.0,2023.0,0,0,-36.575597548253974,32630,15,13299,-7.369713432206266,31771,,13751
,0,,35051,13834,4.0,2023.0,0,0,-36.584966301541435,24720,15,12256,-7.374313945673755,33146,,13433
,0,,34210,13846,4.0,2023.0,0,0,-36.62250264599926,26600,15,13056,-7.44635871300535,33956,,13601
,0,,38929,14475,4.0,2023.0,0,0,-36.55430795452575,32417,15,13017,-7.3513632076941855,34410,,14172
,0,,41940,14977,6.0,2023.0,0,0,-36.50919328381189,29123,21,12866,-7.628034454382992,35080,,14090
,0,,48034,15341,6.0,2023.0,0,0,-36.392067579836855,25872,21,13050,-7.57567364942614,37072,,14526
,0,,36072,14313,6.0,2023.0,0,0,-36.280749944659384,29595,21,13339,-7.4951799595432655,32147,,13844
,0,,41085,15185,6.0,2023.0,0,0,-36.368954863758525,25264,21,12827,-7.606515369237648,34564,,14315
,0,,37454,14481,6.0,2023.0,0,0,-36.359648964264984,30066,21,13273,-7.437099402590477,34789,,13940
,65535,,16837,9149,8.0,2023.0,65535,65535,-34.83836923203994,12187,33,4558,-6.995118518417154,12476,,4969
,65535,,13552,6850,8.0,2023.0,65535,65535,-34.87173165220777,12678,33,5603,-6.995216265523498,13175,,6415
,65535,,14304,7205,8.0,2023.0,65535,65535,-34.869973818038325,12516,33,5250,-6.975615708960281,13368,,6500
,65535,,18716,10320,8.0,2023.0,0,65535,-35.231000519155494,13436,33,5896,-7.348035808231908,14146,,6707
,65535,,16848,9002,8.0,2023.0,65535,65535,-36.18578403724354,14907,33,7258,-7.505898933394417,16752,,8398
15307.0,0,14913.0,47051,16256,0.0,2024.0,0,0,-35.131713312934416,21962,3,13464,-6.914655896016263,41138,12310.0,15986
14490.0,0,14102.0,37562,15613,0.0,2024.0,0,0,-35.073704011350685,23761,3,13791,-7.02090651441301,34641,12153.0,15486
14839.0,0,14397.0,40632,15881,0.0,2024.0,0,0,-35.07482430469381,22861,3,13737,-6.955425793453893,36535,12436.0,15673
15026.0,0,14493.0,45206,16000,0.0,2024.0,0,0,-35.00092536269898,27448,3,14157,-6.929201966885745,38345,13068.0,15679
14717.0,0,13922.0,40734,15816,0.0,2024.0,0,0,-35.41372688034437,28719,3,14143,-7.153289646347662,34885,13004.0,15176
14637.0,0,14293.0,43085,15459,1.0,2024.0,0,0,-35.21468542293104,31505,4,14770,-7.038866802544595,38354,13589.0,15178
15412.0,0,14453.0,51155,15849,0.0,2024.0,0,0,-35.16999156640782,31628,3,14561,-7.17105944689095,41427,13356.0,15287
14987.0,0,14531.0,44700,15938,0.0,2024.0,0,0,-35.50977924758596,31648,3,14405,-7.2462374453275284,42538,13309.0,15490
15263.0,0,14338.0,46711,16005,0.0,2024.0,0,0,-35.516845076539354,28947,3,14074,-7.26856190555438,40648,12553.0,15426
14240.0,0,13488.0,34128,15404,0.0,2024.0,0,0,-35.739129704538186,19252,3,12636,-6.995048420112455,34355,11806.0,15183
15671.0,0,14674.0,52942,16419,1.0,2024.0,0,0,-35.56270078080428,27470,4,14411,-7.272723169973056,40217,12874.0,15685
14389.0,0,14060.0,37305,15496,0.0,2024.0,0,0,-35.5534880188796,25995,3,13847,-7.000833019215958,34373,12687.0,15134
14885.0,0,13956.0,43165,15850,0.0,2024.0,0,0,-35.56002801180372,29051,3,14069,-7.283810014445275,38555,12962.0,15297
14982.0,0,14192.0,46372,16095,0.0,2024.0,0,0,-35.782689062916205,22351,3,13247,-7.174466326865277,38442,12139.0,15547
15550.0,0,14729.0,51647,16178,0.0,2024.0,0,0,-35.71388965087328,27864,3,14047,-7.2796059027381315,40109,12806.0,15546
14771.0,0,13564.0,43992,15457,0.0,2024.0,0,0,-35.5373245873177,30954,3,13703,-7.28008862022474,35125,12274.0,14772
15687.0,0,14866.0,52981,16203,0.0,2024.0,0,0,-35.670850438166646,30165,3,14048,-7.231890932766426,44724,12549.0,15568
15150.0,0,14583.0,49109,15823,1.0,2024.0,0,0,-35.55137875084593,18644,4,12285,-6.9410519132682555,42438,11708.0,15552
15181.0,0,14101.0,47223,16023,1.0,2024.0,0,0,-35.69443888188298,25717,4,13810,-7.120562963525154,36148,12569.0,15182
15161.0,0,14895.0,48654,16026,1.0,2024.0,0,0,-35.70235966499911,33522,4,14969,-7.064673319470622,42543,13689.0,15817
14740.0,0,13672.0,43111,15854,1.0,2024.0,0,0,-35.768436340359514,21024,4,12798,-7.21277921342046,35924,11638.0,15275
15316.0,0,14375.0,53398,16258,1.0,2024.0,0,0,-35.71930628241149,30800,4,14740,-6.922514403944457,39634,13114.0,15701
15484.0,0,14087.0,50721,16040,1.0,2024.0,0,0,-35.74441684659303,26867,4,13744,-7.248775715129019,39310,12434.0,15160
15538.0,0,14965.0,52486,15989,1.0,2024.0,0,0,-35.6347699942511,25646,4,13694,-7.0739024121573815,47093,12534.0,15625
14984.0,0,14023.0,46683,15786,1.0,2024.0,0,0,-35.55566189764264,30383,4,14299,-7.246607701405762,39106,13164.0,15222
15227.0,0,14542.0,49469,15448,1.0,2024.0,0,0,-35.66663148095412,29359,4,13167,-7.068925793606972,39979,12339.0,15043
15453.0,0,13873.0,51020,16259,1.0,2024.0,0,0,-35.56699398670056,20376,4,12343,-7.243517829988465,37566,11525.0,15178
14470.0,0,13484.0,40096,15521,1.0,2024.0,0,0,-35.82708431408225,25830,4,13454,-6.955425797572939,34071,12038.0,14751
15231.0,0,14405.0,47298,15999,1.0,2024.0,0,0,-35.83504112363799,28186,4,13789,-7.282770428880095,40012,12457.0,15381
15072.0,0,13415.0,48554,15849,1.0,2024.0,0,0,-35.71555132147597,28967,4,14035,-7.268237460252357,35375,12763.0,14727
15790.0,0,14922.0,52359,16283,1.0,2024.0,0,0,-35.57065280188479,31425,4,14282,-7.008254824152946,45699,13129.0,15744
14281.0,0,13772.0,41784,15620,1.0,2024.0,0,0,-35.87303270030065,27863,4,13667,-6.92269935197961,36690,12110.0,15224
14262.0,0,13239.0,40657,15534,1.0,2024.0,0,0,-35.87439552146327,23494,4,13337,-6.923573259725531,33357,11451.0,14822
14767.0,0,13421.0,44245,15582,1.0,2024.0,0,0,-35.564768403599395,29897,4,14089,-7.194715665667653,35027,12357.0,14817
15050.0,0,13597.0,51729,16059,1.0,2024.0,0,0,-35.85162160240369,24497,4,13185,-6.96110870564845,34922,11506.0,14912
15281.0,0,14466.0,53685,16311,1.0,2024.0,0,0,-36.233380210091326,29452,4,14079,-7.033708578970994,44614,12437.0,15867
14439.0,0,13878.0,44199,15890,1.0,2024.0,0,0,-36.230808460523676,25185,4,13744,-7.037859613209772,39743,12461.0,15475
14811.0,0,13273.0,46455,16048,1.0,2024.0,0,0,-36.08335136004326,30653,4,14248,-7.248776994805737,35354,12578.0,15056
14844.0,0,14566.0,46566,15920,1.0,2024.0,0,0,-36.07403447756977,29101,4,14061,-7.268237337137602,42827,12815.0,15643
14287.0,0,13364.0,42457,15681,1.0,2024.0,0,0,-36.06308210548356,28411,4,13564,-6.975623273710588,37060,12284.0,14896
15144.0,0,14443.0,49183,16348,1.0,2024.0,0,0,-36.03038409443755,29238,4,13967,-7.194853544380132,43950,12492.0,15677
14620.0,0,13910.0,46189,15716,1.0,2024.0,0,0,-36.17881516158991,24602,4,13493,-7.207969848471741,38534,12079.0,15056
14982.0,0,13529.0,46748,16205,1.0,2024.0,0,0,-35.90816556712177,29958,4,13964,-6.947053890774846,36270,12424.0,15045
14558.0,0,13474.0,42252,15873,1.0,2024.0,0,0,-36.0020462569565,30332,4,13855,-7.0539760510804514,35512,12412.0,14849
14521.0,0,14040.0,41517,15931,1.0,2024.0,0,0,-36.062894634910165,29760,4,13744,-7.190931343134052,38367,12301.0,15120
13740.0,0,13410.0,37590,15002,1.0,2024.0,0,0,-36.27031961931347,26453,4,13764,-7.191410999837372,37138,12089.0,14570
14424.0,0,13240.0,44984,15761,1.0,2024.0,0,0,-36.14711529014199,26640,4,13510,-7.104058916102756,36351,11810.0,14737
13556.0,0,12082.0,36528,14768,1.0,2024.0,0,0,-35.9575703343266,26535,4,13211,-6.941060946768567,29734,11643.0,13929
14120.0,0,13890.0,41702,15315,1.0,2024.0,0,0,-36.1994682470732,25842,4,13150,-6.9950358592191195,35863,11776.0,14979
14633.0,0,13833.0,45049,15820,1.0,2024.0,0,0,-36.24637312555557,34142,4,14897,-7.071696566715946,36944,13302.0,15222
14146.0,0,13382.0,42032,15740,1.0,2024.0,0,0,-36.08450559526644,28312,4,13956,-6.995224089990984,36473,11672.0,14905
14686.0,0,13993.0,44963,15759,1.0,2024.0,0,0,-36.17011878728062,29802,4,14042,-7.169264090478482,39703,12329.0,15275
13838.0,0,12586.0,36986,15015,1.0,2024.0,0,0,-35.986637550908455,25616,4,13329,-6.940369736811995,30582,11653.0,14137
14762.0,0,12107.0,50925,15715,1.0,2024.0,0,0,-36.24768321660778,23624,4,12833,-6.9554127756719435,32386,11503.0,13892
13271.0,0,12728.0,37079,14466,1.0,2024.0,0,0,-36.1814403636705,27108,4,13117,-7.116063243586223,29487,11571.0,13778
13517.0,0,12030.0,35113,14697,1.0,2024.0,0,0,-35.96692131551375,24874,4,13015,-6.944102415424581,29666,11672.0,13794
13405.0,0,12278.0,35917,14814,1.0,2024.0,0,0,-36.04426250624907,26779,4,13110,-7.008273422831557,32276,11720.0,14300
13992.0,0,13483.0,41984,15587,1.0,2024.0,0,0,-36.263692440112465,26004,4,13376,-6.914654540671398,34372,11851.0,14408
14837.0,0,13961.0,42083,15435,1.0,2024.0,0,0,-36.20883694187264,26097,4,12959,-6.999637377917064,37481,11583.0,14802
14250.0,0,14073.0,35987,15556,0.0,2024.0,0,0,-35.49690359028248,25248,3,13943,-7.672008796773834,34728,12447.0,15069
15271.0,0,14542.0,43686,16095,1.0,2024.0,0,0,-35.67776152827174,31297,4,14523,-7.981759957847506,39479,12940.0,15536
14119.0,0,13438.0,38972,15235,1.0,2024.0,0,0,-35.887562483474966,25853,4,13733,-7.6639665202024325,31002,12316.0,14666
14990.0,0,14350.0,47866,15963,1.0,2024.0,0,0,-35.666115702808185,32854,4,14522,-8.003703537844386,39516,13316.0,15231
15351.0,0,14363.0,44800,16034,1.0,2024.0,0,0,-35.64347348114774,27492,4,13947,-7.9360196991406475,41039,12485.0,15409
14703.0,0,13678.0,43853,15637,1.0,2024.0,0,0,-35.87568951330001,29990,4,14190,-8.017745106115152,34451,12962.0,14761
15405.0,0,14498.0,54829,15997,1.0,2024.0,0,0,-35.697903757241185,34301,4,14338,-8.017417081097229,42101,13211.0,15266
14841.0,0,13840.0,38424,15631,1.0,2024.0,0,0,-35.707219770630665,24254,4,13520,-7.99796422000667,36946,12205.0,15234
15195.0,0,14700.0,50944,15823,1.0,2024.0,0,0,-35.85467722804416,25379,4,13178,-7.787125470167346,40584,11890.0,15421
14768.0,0,13884.0,41425,15573,1.0,2024.0,0,0,-35.71900355686076,21151,4,12430,-7.7881495160181675,34530,11517.0,14917
14100.0,0,13393.0,37106,15076,1.0,2024.0,0,0,-35.802680134584534,25021,4,13303,-7.957171769122795,30779,12072.0,14450
14216.0,0,12835.0,39623,15199,1.0,2024.0,0,0,-35.832705638138286,21857,4,12635,-7.748918558112549,29403,11531.0,14174
14538.0,0,13061.0,44526,15440,1.0,2024.0,0,0,-35.7179103553951,23165,4,12950,-7.961696544838582,32185,11728.0,14188
15170.0,0,14015.0,49219,15815,1.0,2024.0,0,0,-35.68676100964542,24540,4,13182,-7.9401407094335426,37685,11919.0,15071
13585.0,0,12523.0,33654,14625,1.0,2024.0,0,0,-35.79995147496383,24581,4,12844,-7.691531027714882,28501,11800.0,13842
13877.0,0,13175.0,38216,14920,1.0,2024.0,0,0,-35.84619377356338,25806,4,12937,-7.995437150040978,30013,12101.0,14167
14631.0,0,12778.0,44444,15273,1.0,2024.0,0,0,-35.87024213463141,25495,4,13190,-7.820948909121024,32847,11799.0,14103
15305.0,0,13608.0,50022,15695,1.0,2024.0,0,0,-35.72190960395636,24880,4,13135,-7.851217964387043,36630,11875.0,14514
14492.0,0,13285.0,42449,15144,1.0,2024.0,0,0,-35.756932407147715,26353,4,13244,-8.002591102403585,32860,11848.0,14302
15021.0,0,14627.0,45720,16145,1.0,2024.0,0,0,-36.01593644725133,20270,4,12976,-7.950240205526185,44169,11649.0,16014
14587.0,0,14174.0,49818,15653,1.0,2024.0,0,0,-36.00204068751986,20803,4,13302,-7.803237234826181,42516,11810.0,15410
15102.0,0,14565.0,52132,15784,1.0,2024.0,0,0,-36.05389154011454,33260,4,14726,-7.981759960867506,45303,13198.0,15495
14773.0,0,14061.0,45818,16007,1.0,2024.0,0,0,-36.020369868681044,30564,4,13897,-7.668002938365163,40857,12326.0,15395
14093.0,0,14045.0,41828,15653,1.0,2024.0,0,0,-36.201107492638826,34229,4,14241,-7.8181687143246945,40575,13179.0,15302
14354.0,0,12991.0,44593,15468,1.0,2024.0,0,0,-36.26305578267815,23225,4,12801,-7.672877319320804,33367,11656.0,14523
14779.0,0,13433.0,47075,15597,1.0,2024.0,0,0,-35.90179826869902,22504,4,12613,-7.710387499031245,33514,11505.0,14569
14716.0,0,13146.0,44584,15702,1.0,2024.0,0,0,-35.983258439750124,22708,4,13099,-7.722645713980691,34756,11646.0,14964
14403.0,0,13297.0,42533,15618,1.0,2024.0,0,0,-36.17817720565932,23046,4,12974,-7.7259725837094955,33878,11600.0,14642
13831.0,0,12535.0,34308,15269,1.0,2024.0,0,0,-36.208141044260834,21838,4,12499,-8.031943841946136,29046,11414.0,14195
14903.0,0,13668.0,47529,16046,1.0,2024.0,0,0,-35.99049663505154,23455,4,12928,-7.772688053320839,35872,11593.0,15086
14845.0,0,13627.0,47495,15912,1.0,2024.0,0,0,-36.13306239492659,31224,4,13625,-8.002591124275034,36256,12256.0,15064
14588.0,0,13801.0,44277,15704,1.0,2024.0,0,0,-35.900668239776955,28516,4,13944,-7.992688136387148,33269,12397.0,14728
15198.0,0,14081.0,52694,16038,1.0,2024.0,0,0,-36.08334977351475,22510,4,13921,-7.997964230651355,38925,12122.0,15495
13979.0,0,13470.0,36474,15093,1.0,2024.0,0,0,-36.08379321040137,25425,4,13155,-8.02878133339388,31974,11774.0,14804
13817.0,0,12611.0,41215,14937,1.0,2024.0,0,0,-36.26081589634761,28094,4,13639,-7.672004194546273,32063,12081.0,14044
14217.0,0,12745.0,37290,15392,1.0,2024.0,0,0,-35.93613082149663,24360,4,13004,-7.770168818780867,29263,11677.0,14250
14571.0,0,13204.0,43690,15641,1.0,2024.0,0,0,-35.92654304805077,23987,4,12726,-7.964597335703462,34029,11498.0,14694
14545.0,0,13393.0,45308,15353,1.0,2024.0,0,0,-36.14930297183833,24724,4,13893,-7.805363699622734,34758,10964.0,14342
14608.0,0,14376.0,44417,15664,1.0,2024.0,0,0,-36.09513355616056,23007,4,12350,-7.788149507710678,43124,11267.0,15314
14075.0,0,12855.0,45716,15486,1.0,2024.0,0,0,-36.14888963210654,32687,4,14139,-7.722987734971271,35938,12103.0,14408
13626.0,0,12442.0,37011,14943,1.0,2024.0,0,0,-36.08474953470253,25065,4,12767,-7.8477726274428266,30473,11388.0,13858
14374.0,0,13203.0,44319,15243,1.0,2024.0,0,0,-36.18143596365613,26250,4,13044,-7.865300405966406,31359,11640.0,13966
14264.0,0,13372.0,44907,15463,1.0,2024.0,0,0,-36.23256675989056,32487,4,13893,-7.813906306298744,39217,12411.0,14808
14803.0,0,13971.0,49044,15712,1.0,2024.0,0,0,-36.27031935854549,27097,4,12968,-7.9406165133886155,41149,11591.0,14988
14580.0,0,13509.0,45217,15505,1.0,2024.0,0,0,-35.93418027600307,28099,4,13340,-8.032980584069117,36151,11776.0,14870
14825.0,0,13982.0,51188,15836,1.0,2024.0,0,0,-36.176081449673774,34909,4,14491,-7.691531013812082,42880,12599.0,15264
14961.0,0,12711.0,48340,15642,1.0,2024.0,0,0,-35.93315768713432,23895,4,12780,-7.834540882724661,32583,11354.0,14111
14238.0,0,12669.0,48196,15196,1.0,2024.0,0,0,-36.23080718612367,24175,4,12853,-7.7871254789917375,30976,11441.0,13681
13270.0,0,12698.0,32621,14645,1.0,2024.0,0,0,-36.07403376296103,24761,4,12967,-8.017417091114337,28871,11765.0,14022
14294.0,0,13582.0,38891,15704,1.0,2024.0,0,0,-36.54212022927013,28453,4,14040,-7.902512853080199,34431,12545.0,15319
13837.0,0,13467.0,39257,15154,1.0,2024.0,0,0,-36.44727581572577,29634,4,13926,-7.912290782652389,38799,12431.0,14962
15358.0,0,14460.0,48984,16438,1.0,2024.0,0,0,-36.54381244564232,34903,4,14873,-7.961688718270357,43674,13152.0,15786
14616.0,0,13833.0,47363,15670,1.0,2024.0,0,0,-36.6489574827883,32877,4,14283,-7.847731095979221,40738,12929.0,15131
14273.0,0,13466.0,42135,15717,1.0,2024.0,0,0,-36.633118360031446,30682,4,14272,-7.957147082763823,35566,12610.0,15048
14052.0,0,13207.0,44203,15160,1.0,2024.0,0,0,-36.34289054088632,26348,4,13470,-7.74440151883778,37811,12095.0,14510
14308.0,0,13093.0,46057,15474,1.0,2024.0,0,0,-36.58394142803927,19611,4,12267,-7.811687289768033,37128,11361.0,14579
13316.0,0,12105.0,36456,15049,1.0,2024.0,0,0,-36.64523514691418,22670,4,12749,-8.017737903076897,29318,11215.0,14020
14867.0,0,13387.0,51212,15680,1.0,2024.0,0,0,-36.579347432779834,29732,4,13624,-7.704724100158723,40049,12361.0,14898
14359.0,0,13186.0,44296,15516,1.0,2024.0,0,0,-36.35190093754624,28001,4,14047,-7.865296673761787,35279,12443.0,14609
14485.0,0,13234.0,46514,15626,1.0,2024.0,0,0,-36.58730116266972,32204,4,14317,-8.03194295803928,37577,12621.0,14789
14265.0,0,13343.0,42373,15482,1.0,2024.0,0,0,-36.3062770220239,31281,4,14375,-7.766675762268173,37940,12118.0,15072
14241.0,0,13981.0,42893,15665,1.0,2024.0,0,0,-36.309876680124304,24473,4,12546,-7.9502361843148925,42271,11411.0,15226
14528.0,0,13837.0,47073,15554,1.0,2024.0,0,0,-36.307924504353736,28052,4,13526,-7.995793168117311,39107,11853.0,14929
14017.0,0,12577.0,40869,15350,1.0,2024.0,0,0,-36.35613897661349,21282,4,12295,-8.006209317388395,32949,11055.0,14592
13764.0,0,13071.0,37128,14868,1.0,2024.0,0,0,-36.36933972343991,25146,4,12954,-8.002667198606684,32297,11741.0,14316
14187.0,0,13168.0,43591,15427,1.0,2024.0,0,0,-36.31925722807227,19559,4,12406,-7.992704855314478,37149,11341.0,14633
14145.0,0,13394.0,42946,15302,1.0,2024.0,0,0,-36.429632798649095,27100,4,12941,-7.89847960289038,38591,12461.0,14938
13679.0,0,12686.0,38054,14790,1.0,2024.0,0,0,-36.376253614311686,28808,4,13488,-7.744499990054709,32348,12145.0,14084
13821.0,0,13699.0,41752,14736,1.0,2024.0,0,0,-36.32291389375151,30056,4,13722,-7.757532195129819,40767,12332.0,14709
13757.0,0,12944.0,39605,15018,1.0,2024.0,0,0,-36.35807924217313,18548,4,11997,-7.899019965183572,35637,11273.0,14683
14463.0,0,12929.0,47632,15601,1.0,2024.0,0,0,-36.29109263442862,18521,4,11930,-7.794972754145971,38954,11034.0,14676
13262.0,0,12987.0,36898,14612,1.0,2024.0,0,0,-36.62529363500928,23500,4,12975,-7.672008787498635,35762,11506.0,14500
13765.0,0,12598.0,40195,15085,1.0,2024.0,0,0,-36.46614991369539,28608,4,13184,-8.028781357884727,32464,11775.0,14066
13856.0,0,12972.0,39156,15237,1.0,2024.0,0,0,-36.62603985448961,28739,4,13321,-7.937861898555898,33142,12192.0,14525
14845.0,0,13409.0,50182,15601,1.0,2024.0,0,0,-36.32963126916362,28307,4,13581,-7.853284972520559,36061,12202.0,14769
13563.0,0,12589.0,40887,14780,1.0,2024.0,0,0,-36.636233621289264,31435,4,13405,-7.663968016178032,34031,11888.0,14123
14447.0,0,13554.0,45469,15581,1.0,2024.0,0,0,-36.314961796676535,30118,4,13733,-8.021898853679966,38193,12265.0,14927
14777.0,0,13181.0,49673,15686,1.0,2024.0,0,0,-36.2895850651066,24105,4,13029,-8.029260578662596,36622,11546.0,14606
13870.0,0,12490.0,41665,15094,1.0,2024.0,0,0,-36.60388509518717,29272,4,13519,-7.71040412756171,32510,11964.0,14289
13454.0,0,13205.0,37846,14666,1.0,2024.0,0,0,-36.28265747443998,26672,4,13137,-7.851180420342518,37009,11665.0,14669
14006.0,0,12921.0,42013,14940,1.0,2024.0,0,0,-36.317031203893166,26044,4,13195,-7.943921337450477,34272,11622.0,14010
13239.0,0,12114.0,38233,14535,1.0,2024.0,0,0,-36.44670667072211,28745,4,13274,-7.869799399419041,31786,11869.0,13825
14182.0,0,13086.0,46076,15259,1.0,2024.0,0,0,-36.29694071049558,27533,4,13324,-7.7226263012926815,34785,11961.0,14176
13579.0,0,12423.0,39218,14655,1.0,2024.0,0,0,-36.312288168168195,27546,4,13134,-8.032981357003507,33522,11726.0,13943
14705.0,0,14132.0,41255,15804,1.0,2024.0,0,0,-35.34287619189732,21823,4,12923,-7.413551585330206,36068,12017.0,15439
15014.0,0,14863.0,45614,15865,1.0,2024.0,0,0,-35.42198590002742,28575,4,14039,-7.4485630017970905,41393,12572.0,15474
15342.0,0,14777.0,48173,16000,1.0,2024.0,0,0,-35.297776681595614,20628,4,12786,-7.420408825714249,43165,12003.0,15665
14921.0,0,13758.0,46559,15701,1.0,2024.0,0,0,-35.291999911509926,24684,4,13139,-7.382949039527625,35658,12116.0,14580
15030.0,0,14439.0,43093,15892,1.0,2024.0,0,0,-35.39704505836535,23584,4,13386,-7.43076929466782,37726,12034.0,15467
15052.0,0,14334.0,47602,16028,1.0,2024.0,0,0,-35.73913180840272,28319,4,14392,-7.369726610797092,39315,13226.0,15516
14270.0,0,13331.0,40815,15378,1.0,2024.0,0,0,-35.74388120135684,27178,4,12964,-7.374329249659895,36318,11979.0,14588
14558.0,0,13939.0,42016,15538,0.0,2024.0,0,0,-35.57737003408248,24996,3,13292,-7.478700505331833,35189,12133.0,14953
14567.0,0,12965.0,39500,15570,1.0,2024.0,0,0,-35.81523948866604,23961,4,13160,-7.442816407384354,31781,12037.0,14610
14265.0,0,13491.0,41472,15344,1.0,2024.0,0,0,-35.70462893764764,25854,4,13448,-7.286557918082438,33895,12317.0,14523
15547.0,0,14965.0,52752,16037,0.0,2024.0,0,0,-35.70997526087076,31598,3,14325,-7.348381804765529,44293,13275.0,15545
15305.0,0,14878.0,49422,15845,1.0,2024.0,0,0,-35.67931986114349,27735,4,13758,-7.361773711059948,42406,12587.0,15554
14840.0,0,12696.0,44763,16033,1.0,2024.0,0,0,-35.83167971387531,23679,4,12947,-7.437094639654921,30854,11742.0,14489
14832.0,0,13750.0,45471,15877,1.0,2024.0,0,0,-35.896697458458014,25638,4,13383,-7.47314645546585,35241,12007.0,14901
15084.0,0,14337.0,46073,15928,1.0,2024.0,0,0,-35.60387799543401,22834,4,12786,-7.63165383510357,37588,11660.0,15236
14413.0,0,13490.0,41841,15496,1.0,2024.0,0,0,-35.734228517765516,24720,4,13252,-7.408401580970006,32829,12157.0,14686
15564.0,0,14616.0,56917,16121,1.0,2024.0,0,0,-35.69444277495623,27239,4,13863,-7.49521711978642,45798,12644.0,15792
14913.0,0,13785.0,43399,16055,1.0,2024.0,0,0,-35.82596623339288,29434,4,13789,-7.395579037325469,36496,12377.0,15303
14693.0,0,13543.0,45612,15428,1.0,2024.0,0,0,-35.6366323725331,24874,4,13354,-7.293381024849827,33961,12189.0,14608
14989.0,0,13378.0,46167,15607,1.0,2024.0,0,0,-35.66663411516811,21910,4,12345,-7.443589763834038,33175,11537.0,14301
15395.0,0,14453.0,51808,16202,1.0,2024.0,0,0,-35.82708587569137,26885,4,13742,-7.330110868173963,42722,12148.0,15682
14225.0,0,12580.0,39011,15118,1.0,2024.0,0,0,-35.80965406548448,21767,4,12509,-7.50589892939313,30723,11412.0,14119
15426.0,0,13310.0,52213,15970,1.0,2024.0,0,0,-35.731241333038426,24513,4,13081,-7.6071999531299,35735,11959.0,14534
14627.0,0,12780.0,46874,15238,1.0,2024.0,0,0,-35.858697451825144,24875,4,12905,-7.428625605121572,34112,11451.0,14224
15756.0,0,13735.0,52261,16145,1.0,2024.0,0,0,-35.61707867119585,24829,4,12971,-7.628110889268109,36394,11905.0,14705
14819.0,0,14300.0,41119,15536,1.0,2024.0,0,0,-35.74441750566832,30861,4,13932,-7.62340522373377,38138,12818.0,15084
14643.0,0,13437.0,44961,15286,1.0,2024.0,0,0,-35.702362862023,25045,4,13203,-7.4393382043008565,33020,12010.0,14391
15331.0,0,13338.0,49320,16276,1.0,2024.0,0,0,-35.84016904618084,25779,4,13672,-7.431579378778288,34396,12077.0,14867
14375.0,0,13937.0,41712,15365,1.0,2024.0,0,0,-35.69754325119342,26170,4,13186,-7.629149141129369,34096,12060.0,14704
15360.0,0,14488.0,50220,15958,1.0,2024.0,0,0,-35.77779829982941,24048,4,12832,-7.548007985490839,40859,11937.0,15336
14938.0,0,13806.0,46367,15749,1.0,2024.0,0,0,-35.71388978342295,28326,4,13636,-7.654229565328671,34774,12547.0,14744
14739.0,0,13895.0,44301,15471,1.0,2024.0,0,0,-35.758361377447464,26248,4,13187,-7.4599771561582,35269,12052.0,14521
15014.0,0,14182.0,47164,15683,1.0,2024.0,0,0,-35.546122254122004,19978,4,11886,-7.5457024472873115,37995,11235.0,15154
15287.0,0,13726.0,52315,15853,1.0,2024.0,0,0,-35.88085821144258,24098,4,13055,-7.582583124274671,35389,11457.0,14719
13477.0,0,12483.0,38063,14446,1.0,2024.0,0,0,-35.60581693034319,30506,4,13515,-7.524443894065919,33106,12084.0,14118
13679.0,0,12300.0,40496,14990,1.0,2024.0,0,0,-35.68824941436581,25630,4,12829,-7.654565642829263,30483,11486.0,13637
14692.0,0,13587.0,47537,15503,1.0,2024.0,0,0,-35.61283795838591,26432,4,13089,-7.566077061345402,35012,11747.0,14409
14991.0,0,13079.0,46562,15680,1.0,2024.0,0,0,-35.586343110660714,22536,4,12443,-7.571712346882522,30654,11137.0,14129
14789.0,0,13847.0,45378,15571,1.0,2024.0,0,0,-35.66554135580728,23933,4,12726,-7.607810149775459,34603,11529.0,14432
13782.0,0,12136.0,36045,14722,1.0,2024.0,0,0,-35.8929751448469,25766,4,13072,-7.643185803186535,30706,11432.0,13879
14424.0,0,14204.0,44554,15732,1.0,2024.0,0,0,-36.21117111043474,19867,4,13046,-7.657392596122304,42859,11727.0,15636
14967.0,0,14125.0,50778,15952,1.0,2024.0,0,0,-36.107371328630165,24068,4,13108,-7.607199932847624,46218,11826.0,15450
15098.0,0,14398.0,50706,16152,1.0,2024.0,0,0,-36.04276413038907,24956,4,13714,-7.443589755231971,42807,12236.0,15697
14875.0,0,13544.0,43824,16126,1.0,2024.0,0,0,-36.055449872511566,24559,4,13552,-7.361773712620621,35279,12091.0,15018
14134.0,0,13939.0,42936,15432,1.0,2024.0,0,0,-36.172396386105035,32151,4,14737,-7.637030306743882,40395,13133.0,15227
15249.0,0,14370.0,52265,16074,1.0,2024.0,0,0,-36.06437942302351,19771,4,12955,-7.654565610390433,45816,11933.0,15626
14987.0,0,13242.0,48976,15959,1.0,2024.0,0,0,-35.91103313180768,23579,4,13511,-7.54388202438531,35956,11924.0,14863
14807.0,0,13759.0,44186,15983,1.0,2024.0,0,0,-35.99723757881125,27960,4,13635,-7.590054783316868,37208,12206.0,15211
13991.0,0,13465.0,38974,15412,1.0,2024.0,0,0,-36.269105091293184,31997,4,14291,-7.643185798441062,35003,12627.0,14845
14383.0,0,12988.0,38360,15642,1.0,2024.0,0,0,-35.93615813621847,21396,4,12851,-7.658431590003937,32628,11278.0,14732
13317.0,0,12773.0,35190,14514,1.0,2024.0,0,0,-36.260103428821225,22569,4,12369,-7.289347913170667,29995,11243.0,14032
14368.0,0,12845.0,42144,15595,1.0,2024.0,0,0,-35.98896798995913,22521,4,12424,-7.566077031602096,32187,11566.0,14449
14170.0,0,13236.0,43106,15095,1.0,2024.0,0,0,-36.165607957645406,26244,4,13343,-7.6280297095956815,36519,11973.0,14451
14388.0,0,13614.0,44598,15453,1.0,2024.0,0,0,-36.10108150488773,32226,4,14064,-7.575679097120406,42674,12897.0,15259
14690.0,0,13490.0,48223,15559,1.0,2024.0,0,0,-36.070572781723726,28847,4,13900,-7.495217110602163,37617,11068.0,14869
15333.0,0,13697.0,50976,16206,1.0,2024.0,0,0,-35.92750890208467,25393,4,13643,-7.315739102588345,39413,11530.0,15342
13863.0,0,12863.0,39283,15092,1.0,2024.0,0,0,-36.26203930855468,24059,4,13226,-7.620865764597818,31868,11808.0,14329
15010.0,0,14114.0,48549,16070,1.0,2024.0,0,0,-36.14456742104498,30376,4,13764,-7.587415487869944,38335,12436.0,15227
14120.0,0,13044.0,38938,15183,1.0,2024.0,0,0,-35.94678339073965,24085,4,13239,-7.382929441429159,30863,11637.0,14404
14094.0,0,13091.0,41935,15315,1.0,2024.0,0,0,-36.203215842151536,30102,4,13946,-7.330110898039898,35306,12557.0,14771
14616.0,0,14356.0,46902,15627,1.0,2024.0,0,0,-36.134491364790385,24760,4,12853,-7.4599771600919205,42406,11749.0,15275
15207.0,0,14003.0,51562,16200,1.0,2024.0,0,0,-36.041671371366824,26196,4,13377,-7.60781012103591,38473,11896.0,15350
14674.0,0,13129.0,51045,15647,1.0,2024.0,0,0,-36.202096200193914,27857,4,13603,-7.395579058959903,37005,12252.0,14682
13957.0,0,12776.0,35780,15153,1.0,2024.0,0,0,-35.94312565070254,26006,4,13523,-7.618147252910841,30502,12068.0,14408
14402.0,0,13516.0,46203,15505,1.0,2024.0,0,0,-36.227753310354395,28032,4,13840,-7.335792365610766,34385,12306.0,14592
15214.0,0,13807.0,50651,16079,1.0,2024.0,0,0,-36.11493365764543,26689,4,13257,-7.452206104282622,37703,11612.0,15000
15093.0,0,13024.0,48297,15824,1.0,2024.0,0,0,-35.9065273440137,20826,4,12681,-7.476596334697241,34674,11372.0,14569
15431.0,0,13703.0,54829,15896,1.0,2024.0,0,0,-36.073673257026826,29834,4,13769,-7.629149113461526,36670,12393.0,14700
14556.0,0,13353.0,39858,15703,1.0,2024.0,0,0,-35.94089984784453,25928,4,13632,-7.569354416159529,32078,12111.0,14749
14402.0,0,13538.0,44061,15610,1.0,2024.0,0,0,-36.08610526292171,27053,4,13405,-7.348381812864257,38087,11962.0,14838
14778.0,0,12144.0,44134,16127,1.0,2024.0,0,0,-36.04698186950933,24693,4,12695,-7.606523638933666,28899,11506.0,14241
14340.0,0,13930.0,42595,15589,1.0,2024.0,0,0,-36.144860750448515,29875,4,13422,-7.31692008980135,38530,12152.0,14907
13878.0,0,13152.0,40903,15149,1.0,2024.0,0,0,-36.071142937072736,28536,4,13619,-7.537716639420099,33434,12044.0,14544
14516.0,0,13781.0,44538,15562,1.0,2024.0,0,0,-36.07849286638287,32052,4,13993,-7.439338202204857,38606,12263.0,14927
15371.0,0,13815.0,55347,16076,1.0,2024.0,0,0,-36.207809678941864,27302,4,13017,-7.437094656166745,43445,11307.0,15170
14248.0,0,12419.0,37991,15202,1.0,2024.0,0,0,-35.938831333938175,23357,4,12932,-7.647346917768267,29068,11485.0,13980
14920.0,0,13268.0,44124,15969,1.0,2024.0,0,0,-35.98000802973849,22118,4,12561,-7.631653795150334,34729,11434.0,14820
14684.0,0,14308.0,45611,15687,1.0,2024.0,0,0,-36.103621762011635,31091,4,13887,-7.41255134131589,41843,12334.0,15079
14346.0,0,13197.0,43821,15235,1.0,2024.0,0,0,-35.966946452773804,23925,4,12400,-7.413535836434693,36186,11031.0,14302
14690.0,0,13160.0,50972,15603,1.0,2024.0,0,0,-36.21629900866858,27445,4,13075,-7.431579397150151,36507,11796.0,14167
15160.0,0,13622.0,52465,15976,1.0,2024.0,0,0,-35.95350007644243,25037,4,13397,-7.478700478085962,38708,11792.0,15205
13922.0,0,12669.0,43483,15103,1.0,2024.0,0,0,-36.256988161570455,30193,4,13668,-7.582583126541001,34182,12209.0,13885
13420.0,0,12945.0,37069,15006,1.0,2024.0,0,0,-36.095436541049104,30100,4,13467,-7.297206562443887,34537,11941.0,14447
15182.0,0,14431.0,51997,15827,1.0,2024.0,0,0,-36.40903034568308,22050,4,13376,-7.527941134478122,45325,12006.0,15360
14236.0,0,13410.0,44812,15218,1.0,2024.0,0,0,-36.423125332341705,23708,4,13101,-7.549114076626876,39091,11909.0,14768
14653.0,0,13688.0,46924,15865,1.0,2024.0,0,0,-36.35978430393685,26770,4,13299,-7.333683613169975,37902,12312.0,15035
14460.0,0,13649.0,42810,15831,1.0,2024.0,0,0,-36.58427118029699,21691,4,13255,-7.657393498848834,39731,11866.0,15446
14147.0,0,13253.0,44157,15160,1.0,2024.0,0,0,-36.35168129858537,26871,4,13505,-7.439792580281731,38300,12459.0,14745
14723.0,0,13873.0,47910,15633,1.0,2024.0,0,0,-36.39573487287198,31165,4,14212,-7.561450380268916,37867,12830.0,14840
14889.0,0,13989.0,49332,16051,1.0,2024.0,0,0,-36.600879104990035,22879,4,13689,-7.575675232989974,39541,12132.0,15330
14423.0,0,12957.0,45615,15653,1.0,2024.0,0,0,-36.41837622395367,31028,4,13773,-7.6291470707174796,35097,12448.0,14337
14580.0,0,13804.0,46661,15555,1.0,2024.0,0,0,-36.41712560652197,26719,4,13591,-7.54801083601416,39944,12481.0,15050
13874.0,0,13019.0,40306,15015,1.0,2024.0,0,0,-36.40651268445519,25450,4,13032,-7.569493280221314,35503,11576.0,14458
14594.0,0,14073.0,47771,15669,1.0,2024.0,0,0,-36.50780474047161,34880,4,14846,-7.361772545481137,42872,13278.0,15302
14310.0,0,13673.0,44515,15200,1.0,2024.0,0,0,-36.523242467413326,27532,4,13896,-7.4787160546356,38846,12392.0,14718
13993.0,0,13139.0,42224,15175,1.0,2024.0,0,0,-36.283876261441506,26513,4,13622,-7.654708190499077,33257,12050.0,14628
14320.0,0,13193.0,44002,15462,1.0,2024.0,0,0,-36.523595170911115,29111,4,13895,-7.3038906978247375,35286,12610.0,14440
13703.0,0,12680.0,41163,14968,1.0,2024.0,0,0,-36.525435080079646,21206,4,12712,-7.430769302168897,32242,11345.0,14212
14799.0,0,13321.0,50744,15658,1.0,2024.0,0,0,-36.290661716677256,26758,4,13193,-7.4028601394924545,38629,11752.0,14666
14376.0,0,13294.0,41925,15664,1.0,2024.0,0,0,-36.28192727218363,26242,4,13183,-7.452170138274612,39882,11764.0,15432
13700.0,0,13277.0,39835,14911,1.0,2024.0,0,0,-36.43902281726084,23803,4,13079,-7.565571974961065,35746,11974.0,14355
13351.0,0,12477.0,40193,14554,1.0,2024.0,0,0,-36.31226193932674,27856,4,13235,-7.395568702340522,30774,11812.0,13795
14189.0,0,12664.0,42036,15534,1.0,2024.0,0,0,-36.45764589475162,25000,4,12835,-7.286557958109755,31035,11425.0,14309
13687.0,0,12786.0,41588,14778,1.0,2024.0,0,0,-36.5984552499443,24069,4,12352,-7.62088004801487,36188,11809.0,14106
14648.0,0,13593.0,48965,15591,1.0,2024.0,0,0,-36.3920675798379,20863,4,12290,-7.5756736494275545,36508,11209.0,14617
14221.0,0,13379.0,44566,15474,1.0,2024.0,0,0,-36.30184407736702,30403,4,13992,-7.6473422643037905,37179,12349.0,15103
13598.0,0,12704.0,38401,15132,1.0,2024.0,0,0,-36.3103102390321,27497,4,13404,-7.658430899915328,32583,11884.0,14402
14245.0,0,14026.0,43193,15738,1.0,2024.0,0,0,-36.59428754128754,23121,4,13031,-7.574161980022693,40643,11243.0,15514
13411.0,0,12908.0,39077,14920,1.0,2024.0,0,0,-36.55221182262447,23950,4,12846,-7.316915011510536,33646,11503.0,14097
13606.0,0,12884.0,38386,14985,1.0,2024.0,0,0,-36.32399915954487,27321,4,13149,-7.537695017996631,34562,12132.0,14560
13498.0,0,12677.0,36400,14469,1.0,2024.0,0,0,-36.29248342936203,25038,4,12871,-7.523871238834864,29439,11618.0,13767
13557.0,0,12762.0,39160,14750,1.0,2024.0,0,0,-36.62795020969082,30380,4,13451,-7.64319278079471,33324,12059.0,13921
13926.0,0,13092.0,38255,14838,1.0,2024.0,0,0,-36.28429512501569,29011,4,13751,-7.321739600695467,31862,12680.0,14453
14004.0,0,13074.0,43898,15239,1.0,2024.0,0,0,-36.36662940761218,29981,4,13758,-7.398087680752264,35653,12227.0,14269
15095.0,0,12710.0,47941,15722,1.0,2024.0,0,0,-36.54624569799422,30911,4,14033,-7.543908526069957,33920,12392.0,14164
14241.0,0,13362.0,40360,15197,1.0,2024.0,0,0,-36.35939050260011,32397,4,13972,-7.348035822946051,33122,12361.0,14629
14248.0,0,13108.0,47832,15149,1.0,2024.0,0,0,-36.459480562136655,33806,4,14061,-7.62340655378122,37732,12326.0,14380
13868.0,0,12306.0,43784,15056,1.0,2024.0,0,0,-36.525026426469886,31960,4,13378,-7.637034358900544,34832,11450.0,13839
13086.0,0,12486.0,35479,14450,1.0,2024.0,0,0,-36.45992333827038,27860,4,13134,-7.654229566639376,32672,11865.0,13816
14412.0,0,13191.0,47359,15452,1.0,2024.0,0,0,-36.42718017838545,29270,4,13658,-7.36981042010684,38988,12281.0,14616
13381.0,0,12287.0,38520,14807,1.0,2024.0,0,0,-36.439210521154806,26250,4,12883,-7.3503052419670665,32147,11511.0,13886
13572.0,0,12315.0,42646,15006,1.0,2024.0,0,0,-36.36895486375962,24058,4,12978,-7.606515369239531,32858,11528.0,14110
14263.0,0,13682.0,37486,15319,6.0,2024.0,0,0,-34.94275005520006,25083,21,13621,-7.163070666280873,34384,12458.0,14870
14167.0,0,13633.0,39592,15154,6.0,2024.0,0,0,-35.044006128497344,28540,21,14177,-7.2624038033049585,34440,13116.0,14531
13219.0,0,12206.0,33854,14300,6.0,2024.0,0,0,-35.14443740679223,25696,21,12802,-7.098490010549965,28061,11724.0,13238
14416.0,0,13821.0,42065,15307,6.0,2024.0,0,0,-35.18334552687116,28582,21,14198,-6.958986276884533,37287,13065.0,14889
13469.0,0,12947.0,34395,14543,6.0,2024.0,0,0,-35.214499231616784,23209,21,13073,-6.9951185351133125,31121,11972.0,14184
12930.0,0,12572.0,30149,14011,6.0,2024.0,0,0,-35.32849891414018,22901,21,12352,-6.91186372496691,29171,11551.0,13730
13657.0,0,12928.0,34827,14527,4.0,2024.0,0,0,-35.19452282924152,27073,15,13058,-7.008254825890147,32560,12195.0,13814
14641.0,0,14085.0,39966,15629,6.0,2024.0,0,0,-35.26050228286976,26851,21,13893,-6.91868843593802,34375,12404.0,15104
14982.0,0,13430.0,46034,15439,4.0,2024.0,0,0,-35.33295813419376,25304,15,13183,-7.071723693987358,36984,11780.0,14469
13562.0,0,12596.0,37264,14543,4.0,2024.0,0,0,-35.52056736680257,26637,15,12996,-7.098490005892997,31647,11934.0,13534
14580.0,0,14185.0,39421,15453,6.0,2024.0,0,0,-35.22968464040989,25131,21,13329,-7.149795930195789,37394,12191.0,15006
14619.0,0,13482.0,44828,15372,4.0,2024.0,0,0,-35.28940994226115,30083,15,13946,-7.233177695404103,36045,12425.0,14569
14248.0,0,13737.0,40194,14786,4.0,2024.0,0,0,-35.225337847062185,31175,15,13557,-7.213977536247332,36702,12397.0,14502
14718.0,0,13736.0,46772,15098,4.0,2024.0,0,0,-35.43352244665778,21135,15,12220,-7.131247374697586,41260,11593.0,14625
15029.0,0,14238.0,48386,15472,4.0,2024.0,0,0,-35.29472043905535,30181,15,13755,-7.231890941563764,39453,12517.0,14811
14626.0,0,13414.0,40460,15577,4.0,2024.0,0,0,-35.4835011268398,25959,15,13131,-6.930903635214737,36667,11534.0,14742
14597.0,0,13424.0,44685,15361,4.0,2024.0,0,0,-35.50168999486364,26665,15,13136,-7.023394959971675,36583,11522.0,14442
13820.0,0,13430.0,38724,14590,4.0,2024.0,0,0,-35.326229657566714,25546,15,13121,-7.064673319975148,35882,11755.0,14370
14350.0,0,13463.0,38979,15105,4.0,2024.0,0,0,-35.49690264777928,23401,15,13252,-6.92269934621742,35579,11823.0,14566
14238.0,0,13391.0,40597,15019,6.0,2024.0,0,0,-35.3214125188401,23875,21,12801,-7.254520684466103,34842,11713.0,14172
14279.0,0,12904.0,41390,15215,6.0,2024.0,0,0,-35.35607840715683,25126,21,13120,-7.178910489672845,35060,11883.0,14394
13875.0,0,12899.0,38574,14601,4.0,2024.0,0,0,-35.366774333472186,20403,15,12105,-7.186812896677682,33774,11248.0,13997
14346.0,0,13899.0,41382,15092,6.0,2024.0,0,0,-35.30123582162222,31007,21,13673,-7.149254268781821,37715,12738.0,14669
13242.0,0,12789.0,35439,14313,4.0,2024.0,0,0,-35.33942131055675,27877,15,13056,-7.268237472485418,32981,11975.0,13879
14239.0,0,13372.0,40186,14892,4.0,2024.0,0,0,-35.40655903426257,27644,15,13330,-7.174466334643153,35448,12063.0,14317
14850.0,0,13677.0,47118,14997,4.0,2024.0,0,0,-35.36013001999613,29697,15,13206,-6.976689996856859,41178,12310.0,14509
15422.0,0,13972.0,47980,15979,6.0,2024.0,0,0,-35.368286828047765,26112,21,13486,-7.248775726799745,37533,12117.0,14971
14318.0,0,13870.0,44124,15064,4.0,2024.0,0,0,-35.369475158717066,31715,15,13763,-7.194855624045817,38825,12637.0,14634
14866.0,0,13616.0,43901,15541,4.0,2024.0,0,0,-35.358095497792796,30308,15,13585,-7.033730792773766,36651,12467.0,14725
13782.0,0,13190.0,35002,15027,6.0,2024.0,0,0,-35.18657081026305,27306,21,13167,-7.272723178813751,35177,11817.0,14624
15570.0,0,12994.0,55865,15787,4.0,2024.0,0,0,-35.46403746600361,27537,15,13241,-7.056913954543782,37337,11868.0,14563
13849.0,0,13098.0,37491,14574,4.0,2024.0,0,0,-35.33384389368716,31119,15,13684,-6.973699469743877,33625,12264.0,14197
14458.0,0,13359.0,40657,15268,6.0,2024.0,0,0,-35.25156628953407,27611,21,13312,-7.056099936448223,34070,11949.0,14442
14135.0,0,13295.0,42422,14899,4.0,2024.0,0,0,-35.49764925976944,31591,15,13678,-7.1886545122611025,36896,12621.0,14317
13598.0,0,12482.0,36639,14465,4.0,2024.0,0,0,-35.3121192680838,28159,15,13335,-7.279942080316504,31388,12075.0,13808
12850.0,0,12316.0,34220,13869,4.0,2024.0,0,0,-35.318880041278966,30475,15,13113,-7.163070655203613,33204,11961.0,13617
15082.0,0,14245.0,49335,15465,4.0,2024.0,0,0,-35.348819795452876,29406,15,13519,-7.2010404027936,40874,11964.0,14872
13743.0,0,12957.0,39321,14718,4.0,2024.0,0,0,-35.35511028964475,28281,15,13148,-7.232567304359582,33335,11898.0,14100
14612.0,0,13714.0,44495,15250,6.0,2024.0,0,0,-35.415420608910175,28555,21,13325,-7.212488252908537,37076,12215.0,14673
13462.0,0,13192.0,35175,14459,4.0,2024.0,0,0,-35.25864000467339,26197,15,12767,-7.073902414127852,31802,11497.0,14037
14550.0,0,13313.0,45453,15093,4.0,2024.0,0,0,-35.36266980887156,24891,15,12888,-7.077543731519468,38651,11768.0,14613
13965.0,0,12107.0,38200,14733,6.0,2024.0,0,0,-35.15877273126609,26324,21,12657,-7.169238926293462,28920,11302.0,13338
14605.0,0,13629.0,46473,14871,4.0,2024.0,0,0,-35.24094763609095,26001,15,12856,-7.253482694064351,42698,11849.0,14594
14243.0,0,13734.0,41809,15107,4.0,2024.0,0,0,-35.498265468584485,25659,15,13141,-6.923573253955891,39081,11871.0,14756
14399.0,0,13562.0,41044,14834,4.0,2024.0,0,0,-35.22350728300861,26653,15,13020,-7.116059846958693,34634,12064.0,14298
13907.0,0,13066.0,37792,14646,6.0,2024.0,0,0,-35.44487450528003,27941,21,13480,-7.065128463952789,34045,12342.0,14110
13561.0,0,13084.0,34166,14164,4.0,2024.0,0,0,-35.382228113239954,27480,15,13101,-7.0853163630001275,31488,11909.0,13984
15055.0,0,14402.0,46322,15525,4.0,2024.0,0,0,-35.45095427370326,26541,15,13439,-6.955425793371509,41789,12128.0,14952
15074.0,0,13552.0,49515,15420,4.0,2024.0,0,0,-35.440646571416664,28187,15,13062,-7.000168414199343,37347,11610.0,14409
14917.0,0,13349.0,46336,15363,4.0,2024.0,0,0,-35.36774891508853,25117,15,12888,-6.999651956966745,33685,11623.0,14016
13590.0,0,12745.0,37608,14236,4.0,2024.0,0,0,-35.3431762704995,28191,15,13123,-6.922514401039984,32531,12055.0,13844
14147.0,0,12986.0,41190,14843,6.0,2024.0,0,0,-35.21021101164754,28989,21,13516,-7.197073695275836,33720,12279.0,13828
14604.0,0,13851.0,40671,15480,4.0,2024.0,0,0,-35.420136101488204,29040,15,13938,-7.262403792555416,35129,12645.0,14819
15173.0,0,14205.0,53289,15379,4.0,2024.0,0,0,-35.37705534126443,30391,15,13594,-6.929201977517718,43189,12411.0,14762
14464.0,0,13264.0,45444,15162,4.0,2024.0,0,0,-35.2905014829598,29343,15,13595,-7.068925794870118,36278,12421.0,14217
14753.0,0,13847.0,45262,15192,4.0,2024.0,0,0,-35.4498339805027,26811,15,13019,-7.020906509684561,38080,11752.0,14638
14117.0,0,13217.0,38144,14817,4.0,2024.0,0,0,-35.43910736312701,27936,15,13125,-7.06815281155526,35020,11785.0,14148
13434.0,0,12048.0,33606,14406,4.0,2024.0,0,0,-35.17788626709291,23777,15,12514,-7.017402448789262,28429,11379.0,13638
13208.0,0,12908.0,32595,14455,6.0,2024.0,0,0,-35.33775964039122,20143,21,12131,-7.279605915654595,31475,11237.0,14142
14483.0,0,13819.0,40078,15519,6.0,2024.0,0,0,-35.35135874406594,28357,21,13793,-7.037881328488672,36697,12308.0,15018
15193.0,0,13323.0,50758,15280,4.0,2024.0,0,0,-35.39259985472928,29227,15,13689,-6.942231891774223,38903,12492.0,14550
13861.0,0,12615.0,41845,14690,4.0,2024.0,0,0,-35.22774703523824,22176,15,12148,-7.257026463850783,28900,11244.0,13771
12318.0,0,11937.0,33563,13445,6.0,2024.0,0,0,-35.183898041967275,28956,21,12699,-7.283810023941998,31220,11551.0,13207
14164.0,0,13657.0,40598,15282,4.0,2024.0,0,0,-35.67931848190359,27314,15,13764,-6.987093996944206,35782,12961.0,14697
14436.0,0,14044.0,42426,15550,4.0,2024.0,0,0,-35.82100454405557,29979,15,13772,-7.065128462328639,38780,12374.0,15137
14404.0,0,13364.0,43543,15224,4.0,2024.0,0,0,-35.677365822452344,22197,15,12805,-7.14925426518759,36099,11664.0,14527
14467.0,0,13157.0,41310,15718,4.0,2024.0,0,0,-35.78205741998806,27046,15,13564,-7.190926327764322,31548,12362.0,14633
13563.0,0,13049.0,38620,14395,4.0,2024.0,0,0,-35.59081540089861,33284,15,13669,-7.0388668005222,34432,12566.0,14156
14890.0,0,13446.0,48927,15305,4.0,2024.0,0,0,-35.69501004676881,29500,15,13746,-7.163070650288968,40305,12553.0,14472
14774.0,0,13057.0,45264,15308,4.0,2024.0,0,0,-35.539125692784246,24180,15,12795,-7.050248342662375,38190,11439.0,14526
14347.0,0,13504.0,42492,15442,4.0,2024.0,0,0,-35.70997390313244,35657,15,14115,-6.973699471367401,36634,12693.0,14939
14673.0,0,13700.0,46489,15550,4.0,2024.0,0,0,-35.78947757165934,30019,15,13748,-7.253401391753282,37999,12267.0,14839
14287.0,0,13808.0,37588,15236,4.0,2024.0,0,0,-35.586340988432745,29471,15,14289,-7.197073689713382,35766,13071.0,14918
13450.0,0,13083.0,33515,14337,4.0,2024.0,0,0,-35.55401623533833,25230,15,13125,-7.017402446548717,34689,12022.0,14153
15011.0,0,13679.0,46905,15876,4.0,2024.0,0,0,-35.74290435161694,28485,15,14043,-7.186812889065147,38289,12612.0,15099
14481.0,0,13284.0,43997,15627,4.0,2024.0,0,0,-35.8596311758205,27990,15,13810,-6.930903640550206,35928,12129.0,14873
13619.0,0,12583.0,37481,14674,4.0,2024.0,0,0,-35.60146782784397,28318,15,13235,-7.213977530284172,29326,11832.0,13560
14806.0,0,14344.0,46880,15487,4.0,2024.0,0,0,-35.53490269446527,29843,15,13535,-7.169238920371796,41107,12509.0,14899
13138.0,0,12347.0,34256,14200,4.0,2024.0,0,0,-35.57736880253471,26168,15,12997,-7.1040441362821145,29692,11547.0,13639
13985.0,0,12420.0,43194,14409,4.0,2024.0,0,0,-35.552544972921645,32032,15,13419,-7.199515962119856,37681,11864.0,14033
13469.0,0,12168.0,36893,14746,4.0,2024.0,0,0,-35.883973329997104,19841,15,11799,-6.914655902466299,30843,10956.0,13834
14941.0,0,12143.0,47978,15623,4.0,2024.0,0,0,-35.60387701666042,23564,15,12453,-7.257026455037521,33214,11422.0,14123
14397.0,0,13399.0,45681,15158,4.0,2024.0,0,0,-35.697542525004245,30056,15,13543,-7.254520673557303,38619,11866.0,14336
13821.0,0,12690.0,39623,14861,4.0,2024.0,0,0,-35.79626613373142,25912,15,12667,-7.262403778745498,31970,11686.0,13912
13976.0,0,13157.0,42108,14807,4.0,2024.0,0,0,-35.79155063990584,27632,15,13194,-7.212488242454364,38873,11946.0,14464
14144.0,0,12595.0,42293,15247,4.0,2024.0,0,0,-35.872075989568636,27874,15,13350,-6.947059796645999,31714,11885.0,14303
14729.0,0,12868.0,47662,15218,4.0,2024.0,0,0,-35.55761429662071,25540,15,13063,-7.201033172229891,35163,11473.0,14117
14674.0,0,13460.0,47086,15382,4.0,2024.0,0,0,-35.61283502012896,29413,15,13256,-7.191437000246005,36500,11764.0,14359
14191.0,0,13589.0,43664,14939,4.0,2024.0,0,0,-35.83167799528819,33076,15,13511,-7.062430152657636,39770,12010.0,14625
13771.0,0,12991.0,38397,14824,4.0,2024.0,0,0,-35.542933128520616,27946,15,12876,-6.9415418694742,34003,11654.0,14022
13108.0,0,12186.0,37437,14205,4.0,2024.0,0,0,-35.59963726330676,29988,15,13087,-7.11605984340887,31622,11714.0,13630
13903.0,0,13586.0,37951,15266,6.0,2024.0,0,0,-35.73422551364308,30367,21,14096,-7.033730793538911,34999,12734.0,14862
14104.0,0,13489.0,38212,15026,6.0,2024.0,0,0,-35.617077620999474,31051,21,13676,-7.253482685165001,33893,12724.0,14520
15057.0,0,13905.0,47625,15832,6.0,2024.0,0,0,-35.858696392356514,26492,21,13472,-7.053959900559856,36084,11830.0,14923
14643.0,0,13852.0,42042,15796,6.0,2024.0,0,0,-35.825964020587435,22660,21,12760,-7.020906510808499,36018,11455.0,15243
14601.0,0,13778.0,45619,15359,4.0,2024.0,0,0,-35.93418029290306,22426,15,12916,-7.283809346713374,42821,11940.0,15128
15037.0,0,13641.0,49339,15826,4.0,2024.0,0,0,-35.9145322534621,26541,15,13254,-7.028189878232727,37582,11933.0,14749
14390.0,0,13149.0,42878,15320,4.0,2024.0,0,0,-35.95111063574802,25392,15,13339,-7.257018803020503,34130,11771.0,14569
15231.0,0,13051.0,55170,15989,4.0,2024.0,0,0,-35.992825483822216,27178,15,13124,-7.231883051746802,35519,11308.0,14489
13246.0,0,12675.0,35586,14479,4.0,2024.0,0,0,-36.21815938161033,25469,15,12710,-7.199523924589174,31511,11445.0,13592
14621.0,0,13469.0,53008,15485,4.0,2024.0,0,0,-36.201110162454796,26141,15,13039,-7.068913914911568,39110,11526.0,14331
13611.0,0,12435.0,40004,14768,4.0,2024.0,0,0,-36.10687636356419,29056,15,13065,-6.9225140287478,36191,11524.0,14093
13700.0,0,12821.0,43055,14957,4.0,2024.0,0,0,-35.93613314561327,27964,15,12981,-7.0208966556659504,35885,11750.0,14069
14014.0,0,13149.0,44337,15512,4.0,2024.0,0,0,-36.2608159322459,26667,15,12878,-6.922695195776933,32736,11399.0,14662
13610.0,0,13171.0,37570,14804,4.0,2024.0,0,0,-36.058491339196664,27031,15,12698,-7.279941756215825,34222,11242.0,14434
13408.0,0,12011.0,42762,15176,4.0,2024.0,0,0,-36.03290242858505,27735,15,12966,-7.153293406438955,32224,11363.0,13149
13963.0,0,12892.0,41170,15069,4.0,2024.0,0,0,-36.094043677497105,27722,15,12730,-7.212495405265847,35108,11463.0,13958
13893.0,0,11800.0,45850,14934,4.0,2024.0,0,0,-36.13306415503833,25904,15,12414,-7.2534059039015535,35636,11040.0,13491
13760.0,0,13319.0,37913,14836,6.0,2024.0,0,0,-36.083793475969344,32520,21,13696,-7.279605924911826,34144,12205.0,14469
13159.0,0,12953.0,34199,14414,6.0,2024.0,0,0,-36.051052358681304,29227,21,13133,-6.995132238372485,31201,12136.0,14297
14805.0,0,13118.0,46652,15664,6.0,2024.0,0,0,-35.9017985378809,25405,21,13125,-6.96109366626241,35646,11502.0,14525
14018.0,0,13540.0,41475,15351,6.0,2024.0,0,0,-36.26305581490134,30372,21,13836,-6.923568742704418,36323,12392.0,14698
13213.0,0,12085.0,34805,14450,6.0,2024.0,0,0,-35.949619104331994,21894,21,12136,-6.9415515759367805,30246,11019.0,13677
14589.0,0,13804.0,44711,15748,6.0,2024.0,0,0,-36.148891445338144,25458,21,12858,-6.973695377211598,34521,11503.0,14738
14037.0,0,11746.0,42238,15169,6.0,2024.0,0,0,-35.988807912859905,27669,21,12415,-7.233169454218385,32432,11035.0,14255
14755.0,0,13506.0,48535,15627,4.0,2024.0,0,0,-35.916353766249884,32108,15,13817,-7.1492241727970525,40513,12444.0,14983
14016.0,0,13387.0,44421,15132,4.0,2024.0,0,0,-36.23256824154308,29777,15,13527,-7.06465077715991,39775,11001.0,14579
13750.0,0,12574.0,39643,15214,4.0,2024.0,0,0,-36.221486815821386,28211,15,13402,-7.149788119741778,33892,12121.0,14051
12801.0,0,12400.0,36722,14024,4.0,2024.0,0,0,-36.26857346746072,28536,15,13318,-7.246597723547055,31052,11983.0,13395
13180.0,0,12674.0,33847,14253,4.0,2024.0,0,0,-36.22232669900131,21164,15,11994,-7.2462510261643756,32854,11294.0,13920
12665.0,0,12152.0,32950,13739,4.0,2024.0,0,0,-36.14746542352305,26683,15,12504,-6.929199984532873,33301,11199.0,13472
13318.0,0,11681.0,33853,14787,4.0,2024.0,0,0,-36.03681040674932,25155,15,12846,-7.017425503981287,28229,11397.0,13472
12580.0,0,11913.0,30922,13923,4.0,2024.0,0,0,-36.05488754390176,29181,15,12774,-7.050278119521459,31174,11517.0,13340
12877.0,0,11556.0,37092,13896,4.0,2024.0,0,0,-35.98352119963091,28045,15,12343,-7.062434663525732,30506,11215.0,12960
12855.0,0,11828.0,36636,14380,4.0,2024.0,0,0,-35.98365594404554,26622,15,12943,-6.9589990154129024,30667,11264.0,13575
13302.0,0,12893.0,38090,14316,4.0,2024.0,0,0,-36.2255580650611,32469,15,13225,-7.194717553297599,35360,12073.0,13429
14179.0,0,12440.0,43658,14893,4.0,2024.0,0,0,-35.905797507942495,26505,15,12408,-7.0775095133845065,32872,11286.0,13686
13501.0,0,11425.0,42875,14251,4.0,2024.0,0,0,-35.97282033475859,28286,15,12503,-7.068150791219372,33930,11329.0,13459
12802.0,0,12072.0,38970,14050,4.0,2024.0,0,0,-36.2494925213095,30634,15,13032,-7.197061672694035,31608,11759.0,13349
14309.0,0,12651.0,53459,14839,4.0,2024.0,0,0,-36.18316163674597,29157,15,12648,-7.171078082195929,35622,11258.0,13827
13589.0,0,12104.0,40725,14942,4.0,2024.0,0,0,-36.25563962064991,28282,15,13069,-6.930896964750859,34637,11679.0,14398
14027.0,0,13053.0,42153,15291,6.0,2024.0,0,0,-36.20814125909866,25470,21,12575,-7.282771284620434,32704,11816.0,14225
13184.0,0,11953.0,36215,14281,6.0,2024.0,0,0,-36.03057091233989,25355,21,12318,-7.131254706622144,29611,11259.0,13399
13284.0,0,12358.0,37665,14255,6.0,2024.0,0,0,-35.933159308761546,29729,21,12771,-7.085293523645351,34713,11771.0,13340
15036.0,0,14494.0,51240,15739,4.0,2024.0,0,0,-35.573486774685755,27913,15,13761,-7.69085465280989,43892,12696.0,15313
14155.0,0,13666.0,36854,15218,6.0,2024.0,0,0,-35.5907889319052,29177,21,14233,-7.6934050038104145,34878,13088.0,15008
14243.0,0,13349.0,43360,14942,4.0,2024.0,0,0,-35.58143809904342,23297,15,12746,-7.690364445802149,35924,11708.0,14268
14364.0,0,13880.0,37586,15099,4.0,2024.0,0,0,-35.65425129267778,25058,15,11943,-7.944061127010366,35359,11018.0,14679
13566.0,0,13398.0,34401,14705,4.0,2024.0,0,0,-35.82497752553612,29171,15,13315,-7.818168704178381,34314,12668.0,14288
14272.0,0,13408.0,42350,15124,4.0,2024.0,0,0,-35.644239846626625,25992,15,13257,-7.668002975965357,33661,11781.0,14443
14935.0,0,13845.0,49764,15868,4.0,2024.0,0,0,-35.7083719033426,24275,15,13361,-7.744508629870666,37345,11896.0,14909
14323.0,0,13587.0,41533,15098,4.0,2024.0,0,0,-35.802047231588176,30733,15,13499,-7.725972591670697,37338,12550.0,14544
14142.0,0,13343.0,41068,14964,4.0,2024.0,0,0,-35.664863748285406,32730,15,13978,-7.922582860523177,36461,12970.0,14590
14567.0,0,13697.0,44649,15285,4.0,2024.0,0,0,-35.607522692950305,21018,15,12299,-7.708296296398038,39373,11614.0,14681
13851.0,0,13226.0,37377,14977,6.0,2024.0,0,0,-35.68694894720067,29991,21,13910,-7.724915279344512,32564,12740.0,14319
14057.0,0,13708.0,37409,15085,4.0,2024.0,0,0,-35.77622294345301,25188,15,13327,-7.93788875195435,34265,11935.0,14771
14145.0,0,13473.0,40355,14910,6.0,2024.0,0,0,-35.77133491018306,32229,21,14010,-7.678509455876457,37237,12848.0,14427
13273.0,0,12573.0,33091,13959,4.0,2024.0,0,0,-35.70861953224508,25126,15,12635,-7.84777262738898,28762,11795.0,13333
13714.0,0,12693.0,41327,15065,6.0,2024.0,0,0,-35.88468594738277,30465,21,13548,-7.672004200848749,32788,11464.0,14155
13404.0,0,13345.0,35467,14608,6.0,2024.0,0,0,-35.773172989000564,28198,21,13709,-7.805363698192241,33249,11937.0,14371
14501.0,0,13720.0,41353,15564,6.0,2024.0,0,0,-35.67491801064348,25570,21,13387,-7.744416676624616,34385,12148.0,14797
13950.0,0,13488.0,36900,15281,4.0,2024.0,0,0,-35.695085159831365,28900,15,13654,-7.961983674949109,33187,12499.0,14700
13637.0,0,12606.0,36644,14770,6.0,2024.0,0,0,-35.73074592632932,25650,21,12615,-7.6718264354219246,30578,11547.0,13950
14638.0,0,14217.0,45318,15530,4.0,2024.0,0,0,-35.85724909299784,31547,15,13789,-7.782975946320904,39801,12354.0,15099
14030.0,0,12621.0,36710,15318,6.0,2024.0,0,0,-35.84861744932067,25331,21,13482,-7.950240972521565,28381,11724.0,14378
14008.0,0,12632.0,38865,15433,4.0,2024.0,0,0,-35.871552991351145,24796,15,12924,-7.70470971016079,31483,11478.0,14125
13255.0,0,11902.0,36747,14324,6.0,2024.0,0,0,-35.879509585019285,25600,21,12415,-7.680203018679746,30693,11056.0,13484
14895.0,0,13720.0,46468,15487,4.0,2024.0,0,0,-35.62484155197608,27104,15,13298,-7.928116294480821,37002,12336.0,14779
14464.0,0,14031.0,43943,15414,4.0,2024.0,0,0,-35.87336092642826,26728,15,13462,-7.946265778684896,34541,12162.0,14815
14994.0,0,13615.0,45735,15583,4.0,2024.0,0,0,-35.57498023942858,27050,15,13401,-8.00620087373664,35509,12230.0,14625
13185.0,0,12766.0,33741,13998,4.0,2024.0,0,0,-35.654436159452054,27540,15,13197,-7.880486695259957,30696,11906.0,13721
13692.0,0,13158.0,37644,14723,4.0,2024.0,0,0,-35.77275964913302,21859,15,12212,-7.722987747161051,32759,11402.0,14070
14649.0,0,12834.0,46033,15329,4.0,2024.0,0,0,-35.8564368023461,25470,15,12620,-7.813906292842687,33160,11171.0,13989
13868.0,0,12473.0,38364,14749,4.0,2024.0,0,0,-35.7981140493103,26333,15,12886,-7.823153778140771,33816,11567.0,14144
14483.0,0,13698.0,41019,14983,4.0,2024.0,0,0,-35.65676827961988,25678,15,12974,-7.902516966230315,37066,11785.0,14693
13728.0,0,13452.0,39476,14663,4.0,2024.0,0,0,-35.894189412468904,25601,15,12773,-7.940616474251807,38205,11421.0,14262
13368.0,0,12520.0,34752,14230,4.0,2024.0,0,0,-35.63980642387502,30122,15,13247,-7.950240213106166,32764,11963.0,14078
14198.0,0,13198.0,37886,15037,4.0,2024.0,0,0,-35.67086341523911,24931,15,12931,-7.923685916282192,35090,11655.0,14321
14051.0,0,12893.0,41880,14703,4.0,2024.0,0,0,-35.84535393944909,23932,15,12292,-7.899011298483918,32426,11068.0,13611
13237.0,0,12309.0,35781,14034,4.0,2024.0,0,0,-35.84942490744172,21918,15,11926,-7.943923360785316,32343,10770.0,13536
12761.0,0,11994.0,33497,14037,4.0,2024.0,0,0,-35.793982591948904,23279,15,11927,-7.918481038848749,29521,10830.0,13493
14318.0,0,12732.0,43683,15358,6.0,2024.0,0,0,-35.77097963372113,23482,21,12109,-7.85330126462343,30343,11050.0,13309
14681.0,0,12454.0,44766,14984,4.0,2024.0,0,0,-35.805305990581076,24620,15,12646,-7.865300390570697,33116,11312.0,13842
13758.0,0,12121.0,39716,14810,4.0,2024.0,0,0,-35.84202567424666,21574,15,12182,-7.94872810914413,29583,11013.0,14076
14061.0,0,12520.0,38751,14907,4.0,2024.0,0,0,-35.80702618545197,26242,15,12898,-7.920294073171751,29575,11593.0,13854
13852.0,0,12314.0,38677,14681,4.0,2024.0,0,0,-35.772765752417705,29964,15,13229,-8.011589181741527,34199,12059.0,14035
14572.0,0,12684.0,48337,15252,4.0,2024.0,0,0,-35.83201107914077,27221,15,12995,-8.031943801341686,33580,11578.0,14206
14423.0,0,13841.0,41413,15736,4.0,2024.0,0,0,-35.986471936014006,29279,15,14047,-7.806181156372596,37023,12639.0,15441
13385.0,0,12818.0,36935,14439,4.0,2024.0,0,0,-36.0368045708662,23161,15,12188,-7.766701230872574,35257,11091.0,13991
15055.0,0,13517.0,55249,15962,4.0,2024.0,0,0,-36.17424402457607,25140,15,12807,-7.823153785680309,33380,11383.0,14707
13649.0,0,13249.0,34692,14630,6.0,2024.0,0,0,-35.9145312808038,27799,21,13482,-7.777458473676547,33199,12343.0,14431
15293.0,0,13768.0,51481,15949,4.0,2024.0,0,0,-35.951110282517206,26898,15,13482,-8.006200856032697,37340,11692.0,14929
14388.0,0,13573.0,45842,15247,4.0,2024.0,0,0,-36.063078956251786,31805,15,13409,-7.7249152565395836,39551,11902.0,14524
14474.0,0,12585.0,48123,15512,4.0,2024.0,0,0,-36.04425734023608,29352,15,13033,-7.757552738206601,34123,11806.0,13864
14042.0,0,12592.0,46552,14878,4.0,2024.0,0,0,-36.24768294430677,23446,15,12337,-7.7047097075637785,34142,11054.0,13565
14427.0,0,11960.0,43381,15193,4.0,2024.0,0,0,-36.08450190587728,25572,15,12856,-7.744508613021439,29143,11354.0,13178
14916.0,0,12325.0,48540,15668,4.0,2024.0,0,0,-35.90546213237385,22539,15,12370,-7.963151864451131,33960,11116.0,14383
14383.0,0,13333.0,40936,15493,4.0,2024.0,0,0,-35.96074810316885,24381,15,12829,-8.002658593800781,36549,11688.0,14902
14118.0,0,13093.0,41546,14901,4.0,2024.0,0,0,-35.947868495178824,30297,15,13141,-7.91226807119872,35520,11859.0,14362
14948.0,0,12103.0,45734,15953,4.0,2024.0,0,0,-35.90774630759298,30956,15,13055,-8.029258106217199,33753,11429.0,13901
12900.0,0,11798.0,37661,14353,4.0,2024.0,0,0,-36.1831561580053,26516,15,12496,-7.920294097845319,31668,10906.0,13566
13536.0,0,11967.0,39650,14964,4.0,2024.0,0,0,-36.23337905029783,25994,15,12503,-7.782975954787504,33130,11078.0,14098
12623.0,0,12137.0,33649,13860,4.0,2024.0,0,0,-36.22148390035978,25104,15,12582,-7.899011324540352,32254,11201.0,13599
13700.0,0,11092.0,43477,14758,4.0,2024.0,0,0,-36.24949087882973,24939,15,12482,-7.9462658160927475,31570,10969.0,13294
14645.0,0,12703.0,56144,15169,4.0,2024.0,0,0,-36.09803960237311,24491,15,12495,-7.851217966838962,32647,11052.0,13498
13812.0,0,12645.0,40152,14841,4.0,2024.0,0,0,-36.058491122074216,27094,15,13076,-8.029116950650046,33103,11377.0,14054
13668.0,0,12401.0,39967,14854,4.0,2024.0,0,0,-36.147109617226405,27080,15,13202,-7.853301273667177,32935,11676.0,13710
13511.0,0,11967.0,42214,14844,4.0,2024.0,0,0,-36.00097157990033,24633,15,12553,-7.928116282018511,33863,11041.0,14024
14984.0,0,12888.0,53266,15766,6.0,2024.0,0,0,-36.147464893590545,28004,21,12996,-7.678509436180475,34737,11788.0,14181
14608.0,0,13812.0,48685,15668,6.0,2024.0,0,0,-36.148895735380954,29665,21,13949,-8.011589207730278,39688,12201.0,15178
13934.0,0,12946.0,37673,14908,6.0,2024.0,0,0,-35.97281657724545,25643,21,12983,-7.817405897166962,30940,11685.0,14219
14005.0,0,11912.0,41999,14850,6.0,2024.0,0,0,-35.95756814015954,27073,21,12802,-7.690364403868981,30208,11250.0,13618
13972.0,0,12815.0,42022,14882,6.0,2024.0,0,0,-35.90579714240171,27258,21,12842,-7.826758848181969,33519,11388.0,14054
13045.0,0,12006.0,34259,14102,6.0,2024.0,0,0,-35.91635319261718,28634,21,12528,-7.898446405780503,31008,11440.0,13219
13603.0,0,12758.0,34002,14462,6.0,2024.0,0,0,-36.051048023351555,26084,21,13086,-7.74441665549582,33750,11786.0,13905
13209.0,0,12254.0,32826,14235,6.0,2024.0,0,0,-35.97554935709447,22404,21,12268,-7.8143847858588025,27999,11091.0,13653
14264.0,0,13369.0,44234,14879,6.0,2024.0,0,0,-35.98351679052786,25233,21,12557,-7.811692218569302,35792,11247.0,14222
14298.0,0,12595.0,45888,15028,6.0,2024.0,0,0,-36.01965061375515,27122,21,12743,-7.750135992268154,34848,11182.0,14080
13322.0,0,13221.0,32558,14837,4.0,2024.0,0,0,-36.287163462626594,26209,15,13669,-7.9184532993346295,34111,12227.0,14584
13656.0,0,13069.0,37317,15189,4.0,2024.0,0,0,-36.53431996647734,33748,15,14321,-7.9401352345158775,35962,12698.0,14506
14104.0,0,12990.0,42448,15129,4.0,2024.0,0,0,-36.592430577600354,31785,15,14110,-7.806172970386792,34990,12572.0,14446
14534.0,0,13431.0,47436,15428,6.0,2024.0,0,0,-36.62433803018012,25227,21,13617,-7.696359922142713,33670,11993.0,14541
14717.0,0,13437.0,50573,15419,4.0,2024.0,0,0,-36.33860523718224,31742,15,13715,-7.946279102474128,37812,12297.0,14355
12527.0,0,12282.0,31919,13840,6.0,2024.0,0,0,-36.49786838658617,29958,21,13444,-7.944063445414961,31821,11937.0,13840
13783.0,0,12312.0,44147,15201,4.0,2024.0,0,0,-36.5209916494994,20534,15,12463,-7.691536387193367,30319,11425.0,14343
13242.0,0,12314.0,39194,14698,4.0,2024.0,0,0,-36.30363895591905,29342,15,13235,-7.690354419196327,34684,11583.0,13965
13085.0,0,12547.0,36217,14604,4.0,2024.0,0,0,-36.53005986313404,29079,15,13588,-7.922579913532822,33902,11963.0,14419
12552.0,0,11725.0,37261,13916,4.0,2024.0,0,0,-36.29519327796803,25637,15,12543,-7.690843881335063,34004,11041.0,13407
14222.0,0,12485.0,46150,15189,4.0,2024.0,0,0,-36.5417383833694,25627,15,12799,-8.002586210692412,32882,11072.0,13867
12569.0,0,12003.0,39759,13935,4.0,2024.0,0,0,-36.51062461921436,30775,15,13135,-7.834566091561176,36197,11500.0,13667
13001.0,0,12548.0,36255,14388,4.0,2024.0,0,0,-36.496678162068484,21062,15,12193,-7.997962870628164,33662,11114.0,14265
13738.0,0,12193.0,41235,14965,4.0,2024.0,0,0,-36.37449529208591,26899,15,13098,-7.724906920318102,32093,11546.0,13742
13728.0,0,12353.0,41292,14934,4.0,2024.0,0,0,-36.30480700621188,25614,15,12671,-7.9487193814451365,33754,11421.0,13470
14385.0,0,12968.0,42360,15698,6.0,2024.0,0,0,-36.41889675148424,21443,21,12522,-7.818181851635274,31701,10961.0,14378
12989.0,0,11936.0,34985,14445,4.0,2024.0,0,0,-36.46135508244071,24207,15,12698,-7.82097889232426,32151,11321.0,13919
14371.0,0,12549.0,46924,15219,4.0,2024.0,0,0,-36.311735912225316,34480,15,13988,-7.708282182231645,36016,12277.0,14124
13024.0,0,12051.0,38462,14557,4.0,2024.0,0,0,-36.449803976352456,30910,15,13253,-8.003705734085573,33565,11716.0,13688
13055.0,0,12465.0,37709,14343,4.0,2024.0,0,0,-36.61189271469713,30469,15,12882,-7.680210391609411,35276,11460.0,13941
12591.0,0,12167.0,35087,14244,6.0,2024.0,0,0,-36.578228442506656,31349,21,13562,-7.770179724733859,33438,11606.0,14051
12901.0,0,12493.0,33244,14089,6.0,2024.0,0,0,-36.41780277249218,28899,21,13175,-7.982370729754193,30760,11916.0,13550
13713.0,0,12525.0,40932,14695,4.0,2024.0,0,0,-36.3430774309174,30184,15,13614,-7.788133011335835,34249,11965.0,14052
12419.0,0,11856.0,34881,14229,4.0,2024.0,0,0,-36.57326848058499,31259,15,13653,-7.814384838000917,34895,11470.0,13877
13101.0,0,12448.0,38151,14404,4.0,2024.0,0,0,-36.477213205103276,20811,15,12099,-7.9502459651941715,34005,11137.0,14167
15019.0,0,13244.0,54216,15631,4.0,2024.0,0,0,-36.534952035392266,33129,15,13780,-7.923681537339048,38166,12226.0,14450
13276.0,0,11917.0,38526,14220,4.0,2024.0,0,0,-36.38703423321672,27989,15,12653,-7.823156138488263,34276,11352.0,13798
12473.0,0,11852.0,38971,14358,4.0,2024.0,0,0,-36.561915644722305,31708,15,13208,-7.880478646489963,35722,11478.0,14009
13090.0,0,11914.0,38287,14131,4.0,2024.0,0,0,-36.548526681959075,28743,15,12934,-8.01158502097142,30817,11225.0,13334
14216.0,0,12085.0,48909,15299,4.0,2024.0,0,0,-36.298382979707256,26895,15,12587,-7.9202735446618915,34254,11233.0,13343
13203.0,0,12195.0,41202,14310,4.0,2024.0,0,0,-36.30994138426764,29948,15,13136,-7.693394563484193,35066,11460.0,13698
12375.0,0,11587.0,38428,13989,4.0,2024.0,0,0,-36.333406732732065,27175,15,12903,-7.689666444567614,32881,11081.0,13353
13637.0,0,13231.0,34610,14892,6.0,2024.0,0,0,-35.23421425905177,20053,21,12358,-7.43158724251608,32645,11527.0,14308
13270.0,0,12905.0,29152,14229,6.0,2024.0,0,0,-35.494112601915155,27245,21,13280,-7.446358707374349,29175,12238.0,13935
14255.0,0,12791.0,41112,15053,4.0,2024.0,0,0,-35.39485244619981,19724,15,12167,-7.478716050568986,28665,11266.0,14048
13794.0,0,13235.0,37152,14667,4.0,2024.0,0,0,-35.345783481816284,26540,15,13261,-7.476632147658414,34612,12000.0,14218
14257.0,0,13380.0,43159,14764,4.0,2024.0,0,0,-35.3292558887204,28506,15,13150,-7.286557939761178,38938,12062.0,14417
14221.0,0,12732.0,38362,15109,6.0,2024.0,0,0,-35.3108205193106,18730,21,11848,-7.350305228011519,31175,11116.0,14291
14855.0,0,13021.0,47641,15271,6.0,2024.0,0,0,-35.47854781791126,25583,21,12839,-7.412528509987951,35014,11613.0,14229
14602.0,0,13079.0,47223,15168,4.0,2024.0,0,0,-35.396630530195885,28297,15,13314,-7.348377523114335,35020,11882.0,14027
15004.0,0,13414.0,47279,15309,4.0,2024.0,0,0,-35.28454747696712,20364,15,11881,-7.392099325202927,38004,11189.0,14235
14353.0,0,12998.0,42543,14927,4.0,2024.0,0,0,-35.354616132247536,26316,15,13219,-7.297206188775304,34846,12019.0,14143
14489.0,0,13489.0,41576,15379,6.0,2024.0,0,0,-35.23139432040252,27840,21,13369,-7.333683597425901,34201,12370.0,14450
13825.0,0,13530.0,40600,14506,4.0,2024.0,0,0,-35.497231695528185,32257,15,13710,-7.5716996948531445,37219,12506.0,14278
13130.0,0,12479.0,32600,14112,4.0,2024.0,0,0,-35.29879017931278,26409,15,13040,-7.369810407466379,28767,11773.0,13493
14155.0,0,13516.0,40654,14871,6.0,2024.0,0,0,-35.332243740014896,28604,21,13149,-7.3699023138305595,35367,11972.0,14169
14106.0,0,13220.0,41308,15256,4.0,2024.0,0,0,-35.447207514979446,29426,15,13532,-7.369713420690739,34138,12291.0,14565
13163.0,0,12648.0,34920,14544,4.0,2024.0,0,0,-35.510795794321005,23505,15,13038,-7.298259005385517,31661,11726.0,14015
13675.0,0,12125.0,37089,14655,4.0,2024.0,0,0,-35.37941472282487,29583,15,12888,-7.361772532875121,32550,11448.0,13901
13620.0,0,12459.0,38985,14193,4.0,2024.0,0,0,-35.50337957335139,24471,15,12323,-7.305585962530367,33533,11487.0,13840
14014.0,0,13235.0,42770,14985,4.0,2024.0,0,0,-35.45657626610901,27924,15,12866,-7.374313934562255,36538,11522.0,14243
14002.0,0,12539.0,38193,15038,6.0,2024.0,0,0,-35.197357944982485,20691,21,11759,-7.316239051282554,30844,10945.0,13683
14634.0,0,14095.0,43118,15578,4.0,2024.0,0,0,-35.30262400412986,25007,15,13406,-7.424945717645668,38420,12548.0,15047
14937.0,0,12819.0,48537,15259,4.0,2024.0,0,0,-35.48111962485156,25210,15,12808,-7.408378231183078,34763,11596.0,14151
13641.0,0,12037.0,39311,14520,4.0,2024.0,0,0,-35.50855590973065,24428,15,12320,-7.297385669584071,32028,10928.0,13563
13931.0,0,12111.0,38169,14894,4.0,2024.0,0,0,-35.205309221231616,26450,15,12753,-7.315748634299064,30718,11432.0,13512
13465.0,0,12622.0,34794,14474,4.0,2024.0,0,0,-35.42382179474153,28352,15,13264,-7.316914996009887,32232,11927.0,13877
14922.0,0,14154.0,45333,15788,4.0,2024.0,0,0,-35.736261658285635,28553,15,13958,-7.351371719151193,40065,12562.0,15318
14702.0,0,13908.0,47764,15377,4.0,2024.0,0,0,-35.55566319879745,27731,15,13487,-7.621236388869024,40921,12078.0,14753
14246.0,0,13035.0,39167,14774,6.0,2024.0,0,0,-35.53883237052211,22336,21,12381,-7.420377755176031,31612,11588.0,13757
14482.0,0,13171.0,44911,15123,4.0,2024.0,0,0,-35.85162335134784,26840,15,13238,-7.335792332272554,35117,11902.0,14203
14150.0,0,13333.0,42060,15075,4.0,2024.0,0,0,-35.57065334633532,23517,15,12725,-7.382929460461907,32866,11798.0,14428
14551.0,0,13128.0,43878,15694,4.0,2024.0,0,0,-35.62223454522564,27559,15,13376,-7.350297268199577,30707,12418.0,14255
13208.0,0,12417.0,36901,14387,4.0,2024.0,0,0,-35.71930654183372,25219,15,12855,-7.297206547763783,31089,11635.0,13615
14189.0,0,12577.0,40697,15026,4.0,2024.0,0,0,-35.55401662700015,22129,15,12560,-7.392075056862467,32809,11277.0,14113
14066.0,0,12630.0,41958,14984,4.0,2024.0,0,0,-35.7687307662563,24668,15,12819,-7.316920068605786,33327,11645.0,14025
13657.0,0,12524.0,36956,14732,4.0,2024.0,0,0,-35.85963194850279,25785,15,13005,-7.305592930296682,30094,11362.0,13587
15418.0,0,12770.0,51681,16087,6.0,2024.0,0,0,-35.82100651420872,24654,21,13033,-7.439792570302023,33065,11621.0,14339
13910.0,0,13154.0,38145,14813,4.0,2024.0,0,0,-35.599639098689245,20990,15,12364,-7.490714207404202,32336,11287.0,14488
13915.0,0,13450.0,39171,14692,4.0,2024.0,0,0,-35.55768124610759,30402,15,13361,-7.3187797361454345,37212,12016.0,14144
14853.0,0,12860.0,49955,15573,4.0,2024.0,0,0,-35.87439602984062,24181,15,12568,-7.298263697121467,33830,11482.0,14356
12588.0,0,11898.0,34776,14000,4.0,2024.0,0,0,-35.70909161210408,25966,15,12513,-7.446387229086665,30469,11280.0,13428
13272.0,0,12083.0,33916,14225,4.0,2024.0,0,0,-35.559475702910284,24930,15,12663,-7.3336701806106666,26767,11231.0,13313
12734.0,0,11774.0,35118,13886,4.0,2024.0,0,0,-35.627698045218025,23937,15,12175,-7.430766095067738,29498,11196.0,13338
14304.0,0,12941.0,45486,15197,4.0,2024.0,0,0,-35.768437436760216,28894,15,13307,-7.58741550062658,34692,11937.0,14127
13458.0,0,12425.0,38450,14448,4.0,2024.0,0,0,-35.796266410275706,30604,15,12976,-7.637030322953192,33740,11682.0,13605
14863.0,0,12993.0,51293,15724,4.0,2024.0,0,0,-35.727491765288214,29580,15,13650,-7.412551336505696,36895,12415.0,14622
14616.0,0,13624.0,46247,15507,4.0,2024.0,0,0,-35.53039728736784,24014,15,12879,-7.476596369738268,36941,11506.0,14764
14043.0,0,13115.0,37621,14978,4.0,2024.0,0,0,-35.75318584492226,22228,15,12372,-7.303892741854261,36478,11569.0,14649
14188.0,0,13420.0,40416,14945,4.0,2024.0,0,0,-35.55254598748753,27959,15,13309,-7.574153625806922,35781,11851.0,14560
14970.0,0,13641.0,49994,15830,6.0,2024.0,0,0,-35.78205869484524,28641,21,13490,-7.565566706724091,35867,12067.0,14531
15321.0,0,14187.0,53859,15641,6.0,2024.0,0,0,-35.72495150738901,26860,21,13084,-7.575679113760604,39753,11836.0,14795
13711.0,0,12952.0,39321,14603,6.0,2024.0,0,0,-35.59081641450091,29116,21,12901,-7.413535855022137,35678,11727.0,14031
14495.0,0,12711.0,42639,15089,4.0,2024.0,0,0,-35.56476980165355,25844,15,12811,-7.569354454413485,32442,11381.0,13823
14604.0,0,14121.0,44185,15576,4.0,2024.0,0,0,-35.67736930914202,27610,15,13476,-7.5239028744593135,40737,11711.0,15122
14334.0,0,13138.0,41723,14983,4.0,2024.0,0,0,-35.551378851817226,30088,15,13547,-7.315739118332034,35172,11884.0,14469
14119.0,0,12913.0,43081,15076,4.0,2024.0,0,0,-35.590629874002275,29713,15,13414,-7.369795975203786,36314,12012.0,14364
13435.0,0,12639.0,34884,14603,4.0,2024.0,0,0,-35.73880366436055,26236,15,12973,-7.452206101749965,33263,11537.0,14082
15299.0,0,14090.0,51795,15790,4.0,2024.0,0,0,-35.55761548627789,27022,15,13128,-7.57567063184347,39082,11789.0,14872
13369.0,0,12523.0,36040,14260,6.0,2024.0,0,0,-35.54468054494225,29084,21,12944,-7.348017313045514,32747,11869.0,13528
12903.0,0,12156.0,35584,14215,6.0,2024.0,0,0,-35.63477211243858,29710,21,12966,-7.448565220124915,30992,11569.0,13827
13341.0,0,11708.0,42075,14477,4.0,2024.0,0,0,-35.78947797975415,30915,15,12964,-7.62802972539194,34406,11322.0,13206
14502.0,0,11801.0,42031,15118,4.0,2024.0,0,0,-35.553488343955856,25698,15,12677,-7.375508797682002,29349,11274.0,13469
14035.0,0,12384.0,42313,15057,4.0,2024.0,0,0,-35.873779587230594,26300,15,12883,-7.563294110834557,32434,11352.0,13993
14123.0,0,12585.0,47175,15015,4.0,2024.0,0,0,-35.782690550654905,25156,15,12495,-7.549109857666322,33846,11222.0,14149
14270.0,0,12845.0,41610,14988,6.0,2024.0,0,0,-35.53912596644261,29092,21,13373,-7.42491438523359,33516,12078.0,14294
13762.0,0,12818.0,41335,14780,4.0,2024.0,0,0,-36.158820530609574,20254,15,12344,-7.549109852132382,37842,11511.0,14582
13444.0,0,12210.0,35525,14738,6.0,2024.0,0,0,-35.96675991233306,22989,21,12604,-7.3697959608642964,29373,11317.0,13935
15138.0,0,14454.0,49572,15937,4.0,2024.0,0,0,-36.01090213734694,30180,15,13301,-7.448565205607448,41872,11495.0,15412
14156.0,0,13699.0,43613,15446,4.0,2024.0,0,0,-36.158188674988985,33029,15,14227,-7.565566698789228,38684,13122.0,15142
15135.0,0,13509.0,52352,15716,6.0,2024.0,0,0,-36.12001119310203,28540,21,13340,-7.374329261001117,37001,11881.0,14914
15308.0,0,13566.0,53471,16191,4.0,2024.0,0,0,-35.97760032673953,24276,15,13381,-7.58861310482026,35295,11836.0,15008
12704.0,0,12162.0,35477,13715,6.0,2024.0,0,0,-36.11526180158813,27612,21,12780,-7.369726621781764,35968,11422.0,13712
14662.0,0,13174.0,48530,15675,6.0,2024.0,0,0,-35.998364573948194,24580,21,11938,-7.350297261153653,34243,10782.0,14390
13859.0,0,13648.0,41324,15125,4.0,2024.0,0,0,-36.249163123792506,25324,15,12610,-7.29739002272256,38301,11349.0,14786
14276.0,0,13149.0,44428,15525,4.0,2024.0,0,0,-35.922252305983974,26754,15,13163,-7.545702408177573,37202,11844.0,14804
13306.0,0,12255.0,37748,14470,4.0,2024.0,0,0,-36.23576190507629,27391,15,13032,-7.305592968115933,33626,11528.0,13526
13987.0,0,13436.0,35819,15066,6.0,2024.0,0,0,-35.962473150290315,28248,21,13215,-7.571712312077205,35443,11592.0,14357
14593.0,0,12868.0,46822,15563,4.0,2024.0,0,0,-35.93381129445466,31936,15,13832,-7.318779721170946,37126,12251.0,14699
14560.0,0,12701.0,47117,15543,4.0,2024.0,0,0,-35.97576913427853,21473,15,12205,-7.490714182781942,34350,11083.0,14237
14633.0,0,13209.0,43888,15571,4.0,2024.0,0,0,-35.92867603739597,26749,15,13413,-7.5741535850073065,35063,11862.0,14653
14507.0,0,13054.0,44154,15328,4.0,2024.0,0,0,-35.93374553464469,24511,15,12832,-7.5756705917590885,34087,11770.0,14455
13292.0,0,12319.0,35670,14159,6.0,2024.0,0,0,-35.9356057507121,28509,21,12885,-7.333670164500823,31020,11501.0,13304
14696.0,0,12342.0,48816,15008,6.0,2024.0,0,0,-35.91345487887272,24017,21,12668,-7.654710503692794,30649,11276.0,13915
13861.0,0,13250.0,41959,15150,4.0,2024.0,0,0,-36.250525981932,31750,15,13700,-7.298263738177107,34954,11887.0,14644
13527.0,0,12659.0,38254,14763,6.0,2024.0,0,0,-36.25395061852403,24781,21,12691,-7.398066217188512,31701,11324.0,13806
14159.0,0,12393.0,37370,15010,4.0,2024.0,0,0,-35.91496242460072,23312,15,12945,-7.420377727071647,29186,11568.0,13823
13899.0,0,13441.0,39269,15232,4.0,2024.0,0,0,-36.08075894132443,32564,15,14236,-7.286557931515929,36546,12561.0,14835
14328.0,0,12837.0,41472,15137,4.0,2024.0,0,0,-35.93014667646251,27548,15,13021,-7.392075034108765,32720,11470.0,13956
14345.0,0,12828.0,44708,15319,4.0,2024.0,0,0,-35.929618393579375,27160,15,13073,-7.37550877645558,33963,11651.0,14093
13935.0,0,13181.0,43541,14819,4.0,2024.0,0,0,-36.11239165234732,30128,15,13593,-7.351371731439815,35590,11938.0,14041
13873.0,0,12742.0,39532,14740,4.0,2024.0,0,0,-35.915256020433475,25656,15,12781,-7.424914356728026,32622,11331.0,14025
14118.0,0,12905.0,45516,15117,4.0,2024.0,0,0,-36.234827408684275,22180,15,11886,-7.428625626271226,36581,11039.0,14334
13843.0,0,12705.0,40399,14765,4.0,2024.0,0,0,-35.919063254383,27291,15,12597,-7.316228811034377,33035,11337.0,13771
13316.0,0,12670.0,37240,14502,4.0,2024.0,0,0,-36.16768152202045,31430,15,13313,-7.5871243946418305,33787,12117.0,13802
12617.0,0,12115.0,34914,13847,4.0,2024.0,0,0,-36.153928281269614,29323,15,12862,-7.548007979487894,31889,11471.0,13368
12350.0,0,11789.0,35227,13609,6.0,2024.0,0,0,-36.27282740377226,30048,21,12765,-7.473146475195684,33760,11133.0,13395
13481.0,0,12806.0,37717,14484,4.0,2024.0,0,0,-36.11903612176202,28816,15,13568,-7.561454275490223,33347,11982.0,13950
14866.0,0,13352.0,51318,15427,4.0,2024.0,0,0,-35.920810597244916,29078,15,13575,-7.3480172930093,35263,12183.0,14363
13750.0,0,11980.0,41269,14962,4.0,2024.0,0,0,-35.957276572739005,24119,15,12597,-7.3150505216043396,33554,11127.0,13634
13130.0,0,12382.0,34141,14204,6.0,2024.0,0,0,-36.085221614419424,31983,21,12940,-7.446387227447059,30438,11649.0,13580
13423.0,0,12384.0,38823,14856,6.0,2024.0,0,0,-36.16598854938102,20310,21,12279,-7.527937169366636,32782,11292.0,14069
14575.0,0,12444.0,46782,15574,4.0,2024.0,0,0,-36.173169795985935,30906,15,13367,-7.402884976915644,36746,11827.0,14677
13098.0,0,11824.0,36997,14232,4.0,2024.0,0,0,-36.129315833841964,31151,15,13178,-7.303892761667972,33521,11260.0,13536
13522.0,0,12448.0,39157,14584,4.0,2024.0,0,0,-36.55037592748792,30828,15,13600,-7.448563007824099,33823,12328.0,14032
14529.0,0,13239.0,49438,15312,4.0,2024.0,0,0,-36.46088357381573,30070,15,14216,-7.473186146213189,36601,12731.0,14434
14697.0,0,13393.0,49078,15420,6.0,2024.0,0,0,-36.39578323399851,31086,21,14176,-7.375531031266657,33660,12521.0,14490
13296.0,0,12849.0,38479,14555,4.0,2024.0,0,0,-36.4606337467948,22277,15,11742,-7.369902326210428,31941,10985.0,13864
13269.0,0,12290.0,36780,14452,4.0,2024.0,0,0,-36.64470328874403,26536,15,13062,-7.621225867077232,31310,11604.0,13661
13703.0,0,12796.0,40083,14799,4.0,2024.0,0,0,-36.6069378584085,23564,15,12935,-7.412528518178279,32966,11610.0,14213
13299.0,0,12348.0,37833,14507,4.0,2024.0,0,0,-36.62250264599926,19208,15,11913,-7.44635871300535,33424,11071.0,13874
13859.0,0,12361.0,42345,14745,6.0,2024.0,0,0,-36.50919328382255,29799,21,13402,-7.628034454391278,34154,11886.0,13865
12509.0,0,11821.0,38385,14135,6.0,2024.0,0,0,-36.5575681863035,29567,21,13047,-7.490717783538373,31948,11397.0,13390
14172.0,0,12903.0,44569,15374,6.0,2024.0,0,0,-36.450164112848555,32861,21,13994,-7.6428631529117546,37458,12494.0,14723
13766.0,0,12870.0,42398,14849,4.0,2024.0,0,0,-36.336878299467614,27352,15,11928,-7.628102687411684,39463,11312.0,14477
14803.0,0,13831.0,52951,15755,4.0,2024.0,0,0,-36.34305010693468,30840,15,14109,-7.318789665867644,37110,12152.0,14703
12864.0,0,12306.0,34631,14002,4.0,2024.0,0,0,-36.59761539113533,28102,15,13246,-7.52443567632875,33265,11990.0,13965
13158.0,0,12009.0,37748,14403,6.0,2024.0,0,0,-36.2807499446605,27954,21,13167,-7.495179959545519,31463,11604.0,13513
13111.0,0,12175.0,36658,13927,4.0,2024.0,0,0,-36.639185842256786,24563,15,12555,-7.298259021548366,33691,11457.0,13657
13191.0,0,11915.0,38777,14356,4.0,2024.0,0,0,-36.575597548253974,27521,15,13150,-7.369713432206266,30352,11467.0,13563
13367.0,0,12561.0,41842,14689,4.0,2024.0,0,0,-36.325747920671006,31041,15,13439,-7.316239068534768,35843,12001.0,14149
13495.0,0,12554.0,36588,14882,4.0,2024.0,0,0,-36.48300614418419,27958,15,13317,-7.297206206226478,31149,11908.0,14232
12585.0,0,11750.0,31388,14062,4.0,2024.0,0,0,-36.36276654689319,25697,15,13124,-7.315057945774579,28802,10988.0,13704
12988.0,0,12301.0,40583,14323,4.0,2024.0,0,0,-36.58496630154104,28168,15,13114,-7.374313945673468,36283,11514.0,13932
12820.0,0,12008.0,39732,14328,4.0,2024.0,0,0,-36.608697536338575,28627,15,13398,-7.43931450958226,34289,11627.0,13964
12554.0,0,11675.0,35134,13662,4.0,2024.0,0,0,-36.63982247944322,26576,15,12384,-7.289346518778641,29914,11114.0,12872
13288.0,0,12221.0,39997,14219,4.0,2024.0,0,0,-36.55430795452575,29664,15,13236,-7.3513632076941855,36153,11459.0,13837
13271.0,0,11627.0,42109,14652,4.0,2024.0,0,0,-36.302673231809614,29643,15,13347,-7.5900346688961795,34136,11433.0,13934
9440.0,65535,9453.0,13777,6760,8.0,2024.0,65535,65535,-34.87173165220777,12614,33,5531,-6.995216265523498,13103,9410.0,6233
9545.0,65535,9220.0,16203,8166,8.0,2024.0,65535,65535,-34.83836923203994,12089,33,4512,-6.995118518417154,12896,9107.0,5516
9839.0,65535,9355.0,16510,9072,8.0,2024.0,65535,65535,-34.869973818038325,12126,33,4708,-6.975615708960281,12980,9320.0,6047
13211.0,60228,9709.0,37385,14277,8.0,2024.0,0,65535,-36.353732759784705,12691,33,6114,-7.96317684906407,13917,9576.0,6926
9342.0,65535,9307.0,15798,7756,8.0,2024.0,65535,65535,-35.231000519155494,15892,33,7690,-7.348035808231908,15967,9292.0,7630
9566.0,65535,9571.0,16753,8380,8.0,2024.0,65535,65535,-36.18578403724354,14482,33,6886,-7.505898933394417,15771,9345.0,8005
14767.0,0,13831.0,40679,15842,0.0,2025.0,0,0,-35.03721756734109,27484,3,14047,-7.253401415530989,36417,12885.0,15184
14944.0,0,14667.0,42682,16162,0.0,2025.0,0,0,-35.07482430469381,24369,3,14096,-6.955425793453893,38789,12732.0,15879
14832.0,0,13739.0,40797,15800,0.0,2025.0,0,0,-35.41372688034437,26260,3,13739,-7.153289646347662,34494,12008.0,15045
15565.0,0,14846.0,50741,16173,0.0,2025.0,0,0,-35.405927391500065,27406,3,13596,-7.190926336595087,44940,12297.0,15702
15360.0,0,14836.0,47562,16100,0.0,2025.0,0,0,-35.50977924758596,24541,3,13209,-7.2462374453275284,41787,12551.0,15775
14289.0,0,13739.0,40551,15287,1.0,2025.0,0,0,-35.21468542293104,25870,4,13790,-7.038866802544595,34849,12505.0,14884
15243.0,0,14831.0,47753,16325,0.0,2025.0,0,0,-35.56002801180372,21778,3,13054,-7.283810014445275,40702,11825.0,15916
15016.0,0,14638.0,42748,15979,1.0,2025.0,0,0,-35.55137875084593,24819,4,13868,-6.9410519132682555,38588,12829.0,15518
15188.0,0,14609.0,49545,15819,0.0,2025.0,0,0,-35.6655399399697,23353,3,13241,-7.233177686653976,43186,12234.0,15361
15578.0,0,14735.0,51238,15990,1.0,2025.0,0,0,-35.7312403047106,27121,4,14033,-7.232567294062786,40204,12891.0,15540
14582.0,0,13981.0,41928,15760,1.0,2025.0,0,0,-35.768436340359514,18348,4,12694,-7.21277921342046,35715,11691.0,15356
14597.0,0,13934.0,40055,15399,1.0,2025.0,0,0,-35.66663148095412,22046,4,13001,-7.068925793606972,35934,12122.0,14874
14873.0,0,14360.0,44212,16255,1.0,2025.0,0,0,-35.69443888188298,24863,4,13796,-7.120562963525154,36199,12419.0,15602
14212.0,0,13217.0,37867,15256,1.0,2025.0,0,0,-35.82708431408225,27673,4,13894,-6.955425797572939,32904,12200.0,14550
15447.0,0,14015.0,48494,16214,0.0,2025.0,0,0,-35.71388965087328,26734,3,13806,-7.2796059027381315,36704,12440.0,15273
14987.0,0,13899.0,41134,15907,1.0,2025.0,0,0,-35.56699398670056,28213,4,13711,-7.243517829988465,34889,12437.0,15036
13951.0,0,12976.0,37494,15438,1.0,2025.0,0,0,-35.87303270030065,27838,4,13748,-6.92269935197961,32024,12412.0,14601
13939.0,0,12887.0,37540,15287,1.0,2025.0,0,0,-35.87439552146327,25905,4,13141,-6.923573259725531,31450,12167.0,14358
14538.0,0,13562.0,41287,15420,1.0,2025.0,0,0,-35.564768403599395,26055,4,13115,-7.194715665667653,35479,11718.0,14437
15294.0,0,14373.0,46793,15884,1.0,2025.0,0,0,-35.60581462233955,26091,4,12958,-7.1497959260285535,40402,11356.0,15334
15212.0,0,13823.0,47450,16002,1.0,2025.0,0,0,-35.62110529498995,26116,4,13422,-7.215419270106295,36003,12054.0,14851
14733.0,0,13115.0,43493,15415,1.0,2025.0,0,0,-35.83504112363799,25697,4,12929,-7.282770428880095,36150,11799.0,14570
14411.0,0,13126.0,41516,15600,1.0,2025.0,0,0,-35.85162160240369,24713,4,13126,-6.96110870564845,32541,11434.0,14516
15239.0,0,13594.0,46854,15866,1.0,2025.0,0,0,-35.57065280188479,30187,4,13293,-7.008254824152946,37742,11468.0,15065
14471.0,0,13643.0,46673,14968,0.0,2025.0,0,0,-35.5373245873177,27971,3,13505,-7.28008862022474,34997,11967.0,14543
14395.0,0,12918.0,39286,15360,1.0,2025.0,0,0,-35.55566189764264,23857,4,12811,-7.246607701405762,31357,11426.0,14337
14158.0,0,13394.0,43765,15269,1.0,2025.0,0,0,-36.17881516158991,25070,4,13493,-7.207969848471741,37348,12039.0,14718
14962.0,0,13382.0,50466,16256,1.0,2025.0,0,0,-36.03038409443755,25114,4,13640,-7.194853544380132,38475,12216.0,15061
14038.0,0,13234.0,40609,15426,1.0,2025.0,0,0,-36.233380210091326,28684,4,13853,-7.033708578970994,33915,12247.0,14838
13894.0,0,12705.0,39597,15210,1.0,2025.0,0,0,-36.178178661588554,28404,4,13683,-6.976681870108295,33016,12270.0,14165
13153.0,0,12620.0,33633,14677,1.0,2025.0,0,0,-36.08450559526644,29837,4,13964,-6.995224089990984,30473,12286.0,14176
14621.0,0,13738.0,45013,15719,1.0,2025.0,0,0,-36.230808460523676,32238,4,14393,-7.037859613209772,37644,12885.0,15093
13530.0,0,12524.0,32219,14500,1.0,2025.0,0,0,-36.176082155316124,24747,4,13214,-6.942227036819151,28210,11756.0,13966
13890.0,0,12957.0,35844,15327,1.0,2025.0,0,0,-35.90816556712177,25802,4,13404,-6.947053890774846,32772,12033.0,14738
13894.0,0,13466.0,39878,15386,1.0,2025.0,0,0,-36.07403447756977,32669,4,14200,-7.268237337137602,36223,13093.0,14930
13124.0,0,12725.0,36070,14703,1.0,2025.0,0,0,-36.1994682470732,27748,4,13494,-6.9950358592191195,31811,11913.0,14186
13722.0,0,13182.0,41318,15212,1.0,2025.0,0,0,-36.27031961931347,32343,4,14275,-7.191410999837372,35019,12704.0,14691
13367.0,0,12687.0,33515,14544,1.0,2025.0,0,0,-36.06308210548356,26230,4,13317,-6.975623273710588,30415,11628.0,14165
12719.0,0,12268.0,32418,14229,1.0,2025.0,0,0,-36.24768321660778,28356,4,13398,-6.9554127756719435,28997,11986.0,13790
13179.0,0,12549.0,34080,14642,1.0,2025.0,0,0,-36.14711529014199,24481,4,13165,-7.104058916102756,29961,11565.0,13913
13651.0,0,13261.0,42241,15091,1.0,2025.0,0,0,-36.20883694187264,26887,4,13597,-6.999637377917064,33477,12253.0,14789
12923.0,0,12117.0,30949,14439,1.0,2025.0,0,0,-35.986637550908455,22430,4,12844,-6.940369736811995,27763,11494.0,13792
12792.0,0,11723.0,30544,14243,1.0,2025.0,0,0,-36.04426250624907,24899,4,12458,-7.008273422831557,27435,11142.0,13330
14156.0,0,12459.0,37564,15411,1.0,2025.0,0,0,-36.0020462569565,27116,4,13243,-7.0539760510804514,32541,11934.0,14231
12563.0,0,12193.0,29732,14282,1.0,2025.0,0,0,-36.24637312555557,24045,4,12966,-7.071696566715946,28885,11582.0,13879
12716.0,0,12465.0,32300,14185,1.0,2025.0,0,0,-36.1814403636705,29130,4,13416,-7.116063243586223,30840,11944.0,13786
13484.0,0,11853.0,38552,14574,1.0,2025.0,0,0,-36.04224676152509,24638,4,12913,-7.254518721182344,30638,11433.0,13427
14101.0,0,11754.0,41493,15640,1.0,2025.0,0,0,-36.17011878728062,22271,4,12413,-7.169264090478482,28033,11112.0,13507
13512.0,0,12660.0,37480,14861,1.0,2025.0,0,0,-36.17424778938893,26761,4,12642,-7.073900299418066,31066,11105.0,14206
15350.0,0,14821.0,53674,15850,1.0,2025.0,0,0,-35.50784357404453,26174,4,13569,-7.663968025988117,43257,12344.0,15501
13375.0,0,12405.0,31638,14813,1.0,2025.0,0,0,-35.887562483474966,18451,4,11738,-7.6639665202024325,28294,10948.0,14004
15070.0,0,14057.0,49885,16027,1.0,2025.0,0,0,-35.707219770630665,23087,4,13084,-7.99796422000667,38763,11817.0,15234
15439.0,0,14535.0,52790,16059,1.0,2025.0,0,0,-35.68676100964542,23513,4,12839,-7.9401407094335426,40148,11526.0,15307
15518.0,0,14431.0,55758,15957,1.0,2025.0,0,0,-35.697903757241185,26333,4,13407,-8.017417081097229,39553,11900.0,15173
15631.0,0,14029.0,48421,16213,1.0,2025.0,0,0,-35.64347348114774,24611,4,12490,-7.9360196991406475,37089,11293.0,15202
15114.0,0,14129.0,50534,15417,1.0,2025.0,0,0,-35.7179103553951,25412,4,13011,-7.961696544838582,40122,11800.0,14829
14623.0,0,12416.0,41937,15306,1.0,2025.0,0,0,-35.85467722804416,19360,4,11945,-7.787125470167346,28119,11169.0,13681
13797.0,0,13166.0,32608,14842,1.0,2025.0,0,0,-35.87568951330001,22332,4,12489,-8.017745106115152,29348,11500.0,14193
14670.0,0,13128.0,38502,15662,1.0,2025.0,0,0,-35.71900355686076,18031,4,11823,-7.7881495160181675,29849,11289.0,14444
13815.0,0,12276.0,33084,14720,1.0,2025.0,0,0,-35.84619377356338,20255,4,12046,-7.995437150040978,26465,11091.0,13675
13270.0,0,12843.0,33656,14425,1.0,2025.0,0,0,-35.79995147496383,27557,4,13323,-7.691531027714882,29921,11830.0,13861
13561.0,0,12009.0,32020,14735,1.0,2025.0,0,0,-35.802680134584534,22495,4,12712,-7.957171769122795,26249,11418.0,13605
14580.0,0,13138.0,43655,15503,1.0,2025.0,0,0,-35.823336828520915,28462,4,13433,-7.7443190507246165,34711,11961.0,14382
14791.0,0,13180.0,46982,15642,1.0,2025.0,0,0,-35.756932407147715,26167,4,13216,-8.002591102403585,31538,11818.0,14426
14240.0,0,12207.0,37902,15085,1.0,2025.0,0,0,-35.87024213463141,23530,4,12763,-7.820948909121024,27338,11154.0,13489
15062.0,0,12784.0,47400,15550,1.0,2025.0,0,0,-35.72190960395636,22834,4,12465,-7.851217964387043,29926,11327.0,13740
12971.0,0,12140.0,32818,14333,1.0,2025.0,0,0,-36.17011256846306,20153,4,12013,-7.918481061562443,28240,11090.0,13695
13511.0,0,12662.0,33762,14918,1.0,2025.0,0,0,-36.07403376296103,25748,4,13380,-8.017417091114337,28944,12114.0,14099
13823.0,0,13138.0,41482,15146,1.0,2025.0,0,0,-36.176081449673774,26157,4,12697,-7.691531013812082,36097,11065.0,14686
13468.0,0,12839.0,37500,14959,1.0,2025.0,0,0,-36.01960350341189,29037,4,13495,-7.93601969132965,32857,11960.0,14390
13231.0,0,12681.0,37083,14976,1.0,2025.0,0,0,-36.26081589634761,20545,4,12688,-7.672004194546273,34175,11684.0,14400
13236.0,0,12022.0,31907,14589,1.0,2025.0,0,0,-36.2518194649971,23279,4,12241,-8.01774515511102,28219,11265.0,13936
14712.0,0,13418.0,52699,16020,1.0,2025.0,0,0,-36.05488048589248,31927,4,14013,-7.799541403784989,36934,11768.0,14822
13744.0,0,13033.0,38564,15448,1.0,2025.0,0,0,-36.14888963210654,26672,4,13273,-7.722987734971271,35951,12157.0,14669
13682.0,0,12252.0,35350,14604,1.0,2025.0,0,0,-36.04224571818747,24940,4,12677,-8.003703539903658,29093,11432.0,13748
13123.0,0,12731.0,35571,14439,1.0,2025.0,0,0,-36.08474953470253,30136,4,12973,-7.8477726274428266,32845,11976.0,14034
13561.0,0,12667.0,38960,14791,1.0,2025.0,0,0,-36.18143596365613,29011,4,13486,-7.865300405966406,31571,12002.0,14032
13581.0,0,13047.0,37772,15071,1.0,2025.0,0,0,-36.27031935854549,30062,4,13870,-7.9406165133886155,34166,12576.0,14423
13210.0,0,12117.0,35389,14958,1.0,2025.0,0,0,-35.92654304805077,22618,4,12610,-7.964597335703462,27289,11299.0,13565
13672.0,0,12209.0,35975,14839,1.0,2025.0,0,0,-35.90179826869902,23951,4,12681,-7.710387499031245,29234,11466.0,13735
14018.0,0,12670.0,38837,14963,1.0,2025.0,0,0,-35.900668239776955,20603,4,12222,-7.992688136387148,29378,11302.0,14105
13762.0,0,13443.0,40379,15555,1.0,2025.0,0,0,-36.23256675989056,28274,4,13764,-7.813906306298744,38587,12120.0,15113
14496.0,0,12627.0,42148,15512,1.0,2025.0,0,0,-36.05389154011454,23039,4,13176,-7.981759960867506,29927,11542.0,14091
14424.0,0,13432.0,46805,15515,1.0,2025.0,0,0,-36.208835602894744,32032,4,14377,-7.748918557841588,36529,13088.0,14767
14251.0,0,13412.0,40153,15631,1.0,2025.0,0,0,-36.17817720565932,24729,4,12876,-7.7259725837094955,33852,11840.0,14863
14277.0,0,11859.0,39776,15281,1.0,2025.0,0,0,-35.93315768713432,23255,4,12499,-7.834540882724661,28002,11182.0,13547
14023.0,0,12949.0,38117,15369,1.0,2025.0,0,0,-35.93418027600307,25313,4,13581,-8.032980584069117,33519,11940.0,14437
14746.0,0,13939.0,48709,15719,1.0,2025.0,0,0,-36.030566178381015,22880,4,13025,-7.880486685818425,40243,11800.0,14962
13570.0,0,13273.0,39062,15212,1.0,2025.0,0,0,-36.25563953555668,32847,4,14396,-7.680203013066206,35747,12816.0,14992
14271.0,0,13321.0,44218,15337,1.0,2025.0,0,0,-36.14930297183833,27997,4,13568,-7.805363699622734,34911,12001.0,14698
14405.0,0,12830.0,39056,15468,1.0,2025.0,0,0,-36.020369868681044,29167,4,13385,-7.668002938365163,31924,11825.0,14297
14941.0,0,12763.0,48110,15954,1.0,2025.0,0,0,-36.10687592206817,25426,4,13588,-7.671826409446259,32166,11915.0,14286
14426.0,0,13310.0,45828,15764,1.0,2025.0,0,0,-36.03289829783932,28235,4,13708,-7.902516958895727,33631,12323.0,14923
15121.0,0,13117.0,53565,15917,1.0,2025.0,0,0,-36.00204068751986,28295,4,13350,-7.803237234826181,36638,12223.0,14541
14151.0,0,13185.0,43563,15308,1.0,2025.0,0,0,-36.222323734209645,31295,4,14011,-7.995437190944484,36325,11786.0,14521
14448.0,0,12883.0,39369,15495,1.0,2025.0,0,0,-36.246372087984334,21659,4,11819,-7.820948925500207,31894,11575.0,14388
14099.0,0,11964.0,41503,15608,1.0,2025.0,0,0,-36.15235292537072,23967,4,12740,-7.937888773359277,27729,11500.0,14079
14880.0,0,13868.0,51828,15978,1.0,2025.0,0,0,-36.13306239492659,25679,4,13034,-8.002591124275034,41321,12199.0,15090
14011.0,0,13477.0,36805,15415,1.0,2025.0,0,0,-36.208141044260834,23024,4,13331,-8.031943841946136,32904,11908.0,15153
13406.0,0,13122.0,31319,14772,1.0,2025.0,0,0,-36.08379321040137,21510,4,12628,-8.02878133339388,29954,11461.0,14366
14971.0,0,13865.0,46644,16131,1.0,2025.0,0,0,-36.01593644725133,25026,4,13615,-7.950240205526185,37684,12095.0,15681
14352.0,0,12820.0,41096,15654,1.0,2025.0,0,0,-35.983258439750124,25978,4,13570,-7.722645713980691,30374,11862.0,14311
15281.0,0,14216.0,49946,16403,1.0,2025.0,0,0,-36.06289101874373,25409,4,13611,-7.940140711397877,40222,11827.0,15641
14362.0,0,13106.0,40262,15421,1.0,2025.0,0,0,-35.99049663505154,24021,4,12718,-7.772688053320839,30976,11751.0,14364
12205.0,0,11886.0,32622,14035,1.0,2025.0,0,0,-36.44670667072211,25062,4,12770,-7.869799399419041,28751,11232.0,13346
12864.0,0,12187.0,33446,14334,1.0,2025.0,0,0,-36.60388509518717,29075,4,13546,-7.71040412756171,30231,11967.0,13892
13290.0,0,12479.0,38559,14628,1.0,2025.0,0,0,-36.317031203893166,26826,4,13228,-7.943921337450477,30355,12042.0,13865
12763.0,0,12138.0,31527,14137,1.0,2025.0,0,0,-36.44050955552633,24635,4,12934,-8.029117340825245,29293,11482.0,13690
12858.0,0,12578.0,35898,14411,1.0,2025.0,0,0,-36.62529363500928,29365,4,13431,-7.672008787498635,32437,11412.0,14017
13167.0,0,12717.0,35205,14688,1.0,2025.0,0,0,-36.45462606059159,27322,4,13451,-7.813931215210545,31808,11884.0,14278
12888.0,0,12294.0,37871,14365,1.0,2025.0,0,0,-36.610958505203946,27142,4,12938,-7.803219481575094,32471,11359.0,13929
13372.0,0,12426.0,36153,14697,1.0,2025.0,0,0,-36.62603985448961,26829,4,13693,-7.937861898555898,29835,12001.0,14140
13062.0,0,12530.0,35534,14558,1.0,2025.0,0,0,-36.52069853019099,27032,4,13216,-7.961979932790162,31956,12105.0,14256
13135.0,0,12465.0,37154,14450,1.0,2025.0,0,0,-36.312288168168195,25079,4,12695,-8.032981357003507,33455,11577.0,14051
13705.0,0,12615.0,40015,15110,1.0,2025.0,0,0,-36.376253614311686,21026,4,12808,-7.744499990054709,30884,11459.0,13995
13029.0,0,12144.0,31361,14250,1.0,2025.0,0,0,-36.36933972343991,25072,4,12948,-8.002667198606684,27603,11509.0,13574
13967.0,0,12811.0,40170,15301,1.0,2025.0,0,0,-36.35190093754624,27023,4,13128,-7.865296673761787,34566,11997.0,14754
13236.0,0,12861.0,38078,14615,1.0,2025.0,0,0,-36.31925722807227,26157,4,13312,-7.992704855314478,34877,11866.0,14470
13559.0,0,12755.0,38948,15060,1.0,2025.0,0,0,-36.429632798649095,26121,4,13695,-7.89847960289038,34485,12095.0,14698
14003.0,0,12490.0,43810,15301,1.0,2025.0,0,0,-36.32291389375151,32049,4,13520,-7.757532195129819,35134,12335.0,14263
13317.0,0,12658.0,41217,14716,1.0,2025.0,0,0,-36.636233621289264,29746,4,13553,-7.663968016178032,35412,11205.0,14254
13964.0,0,13104.0,45269,15250,1.0,2025.0,0,0,-36.35807924217313,29564,4,14104,-7.899019965183572,37389,12457.0,14885
14342.0,0,13030.0,41705,15602,1.0,2025.0,0,0,-36.3062770220239,24115,4,12464,-7.766675762268173,31924,11311.0,14620
13876.0,0,13153.0,46216,15625,1.0,2025.0,0,0,-36.28265747443998,29974,4,13791,-7.851180420342518,35459,12296.0,14676
14845.0,0,12751.0,51144,15739,1.0,2025.0,0,0,-36.6489574827883,29035,4,13640,-7.847731095979221,33919,11518.0,14317
12947.0,0,12773.0,33356,14423,1.0,2025.0,0,0,-36.63816940826214,32035,4,13543,-7.995422286758348,32231,12247.0,14072
13609.0,0,13110.0,39029,15015,1.0,2025.0,0,0,-36.58394142803927,30304,4,14092,-7.811687289768033,35306,12443.0,14667
14187.0,0,13283.0,47266,15487,1.0,2025.0,0,0,-36.56904198476792,32391,4,14301,-7.749449810741387,39248,12563.0,14896
14373.0,0,13368.0,50181,15656,1.0,2025.0,0,0,-36.29694071049558,31101,4,14074,-7.7226263012926815,38200,12331.0,14796
14175.0,0,12937.0,46315,15394,1.0,2025.0,0,0,-36.579347432779834,29325,4,13601,-7.704724100158723,35669,12248.0,14572
13783.0,0,13379.0,41533,15142,1.0,2025.0,0,0,-36.309876680124304,22254,4,13215,-7.9502361843148925,35041,11980.0,14802
14182.0,0,13321.0,49091,15124,1.0,2025.0,0,0,-36.2895850651066,24101,4,12941,-8.029260578662596,35908,11811.0,14331
13283.0,0,12477.0,35330,15156,1.0,2025.0,0,0,-36.64523514691418,23370,4,12758,-8.017737903076897,29740,11516.0,14298
14310.0,0,13516.0,47643,15077,1.0,2025.0,0,0,-36.29109263442862,27476,4,13824,-7.794972754145971,41063,12522.0,14771
13759.0,0,12785.0,37314,15324,1.0,2025.0,0,0,-36.35613897661349,23852,4,12750,-8.006209317388395,29258,11821.0,14434
13207.0,0,12955.0,37316,14685,1.0,2025.0,0,0,-36.48447252605731,21971,4,12801,-7.928124513046681,33054,11750.0,14394
14578.0,0,13519.0,45657,15580,1.0,2025.0,0,0,-36.34289054088632,33765,4,14149,-7.74440151883778,37886,12697.0,14943
14071.0,0,13123.0,44652,15192,1.0,2025.0,0,0,-36.46614991369539,22606,4,12637,-8.028781357884727,37123,11368.0,14620
13980.0,0,13193.0,44815,15225,1.0,2025.0,0,0,-36.307924504353736,17576,4,11893,-7.995793168117311,37321,11207.0,14641
14673.0,0,13032.0,46050,15871,1.0,2025.0,0,0,-36.633118360031446,30343,4,13877,-7.957147082763823,34717,12529.0,14630
14477.0,0,13840.0,45774,15646,1.0,2025.0,0,0,-36.314961796676535,29964,4,13908,-8.021898853679966,40435,12590.0,15029
14041.0,0,13451.0,43374,15321,1.0,2025.0,0,0,-36.44727581572577,29675,4,14232,-7.912290782652389,35159,12628.0,14740
14832.0,0,13921.0,52381,15996,1.0,2025.0,0,0,-36.58730116266972,26237,4,13592,-8.03194295803928,39574,12215.0,15082
14303.0,0,13718.0,44834,15928,1.0,2025.0,0,0,-36.54212022927013,28766,4,14297,-7.902512853080199,35494,12744.0,15406
14645.0,0,14073.0,42120,15787,0.0,2025.0,0,0,-35.11929311217633,19350,3,12579,-7.330097215555111,36597,11721.0,15401
13632.0,0,12838.0,35208,14600,1.0,2025.0,0,0,-35.291999911509926,24551,4,12860,-7.382949039527625,30324,11394.0,13818
15223.0,0,14861.0,45816,16184,1.0,2025.0,0,0,-35.42198590002742,28823,4,13861,-7.4485630017970905,39428,13010.0,15705
15085.0,0,14042.0,44622,16019,1.0,2025.0,0,0,-35.39704505836535,25406,4,13549,-7.43076929466782,35593,11895.0,15310
14890.0,0,14327.0,41069,16118,1.0,2025.0,0,0,-35.34287619189732,29792,4,14246,-7.413551585330206,37120,13135.0,15588
14806.0,0,13866.0,41502,15765,0.0,2025.0,0,0,-35.57737003408248,30609,3,14128,-7.478700505331833,35350,12880.0,15088
14972.0,0,14371.0,45645,16073,1.0,2025.0,0,0,-35.56699560518872,29098,4,14340,-7.618147295654032,38013,13207.0,15492
14012.0,0,12918.0,36182,15264,1.0,2025.0,0,0,-35.70462893764764,19792,4,12698,-7.286557918082438,28792,11739.0,14470
14202.0,0,12744.0,38810,15389,1.0,2025.0,0,0,-35.83167971387531,23032,4,12801,-7.437094639654921,31078,11641.0,14344
15191.0,0,13869.0,48481,16115,1.0,2025.0,0,0,-35.81677929835064,26755,4,13782,-7.374845034927674,37629,12796.0,15225
14766.0,0,13605.0,44108,15675,0.0,2025.0,0,0,-35.70997526087076,22633,3,13356,-7.348381804765529,30936,12282.0,14700
13906.0,0,12888.0,36889,15181,1.0,2025.0,0,0,-35.81523948866604,21413,4,12678,-7.442816407384354,30244,11483.0,14334
14535.0,0,13761.0,42484,15288,1.0,2025.0,0,0,-35.6366323725331,26810,4,13353,-7.293381024849827,34641,12221.0,14584
15334.0,0,14609.0,50699,16157,1.0,2025.0,0,0,-35.73913180840272,21686,4,12692,-7.369726610797092,39241,11708.0,15669
14477.0,0,13895.0,41238,15370,1.0,2025.0,0,0,-35.74388120135684,28991,4,13760,-7.374329249659895,35083,12176.0,14742
14190.0,0,13177.0,38204,15279,1.0,2025.0,0,0,-35.896697458458014,23628,4,12962,-7.47314645546585,32881,11767.0,14644
14586.0,0,13815.0,43097,15463,1.0,2025.0,0,0,-35.734228517765516,22840,4,13003,-7.408401580970006,33798,11990.0,14973
14889.0,0,13946.0,42307,15553,1.0,2025.0,0,0,-35.67931986114349,25085,4,13168,-7.361773711059948,33442,11555.0,14777
14969.0,0,13466.0,43147,15761,1.0,2025.0,0,0,-35.60387799543401,21135,4,12472,-7.63165383510357,30870,11341.0,14510
15139.0,0,14154.0,48823,15812,1.0,2025.0,0,0,-35.61707867119585,25606,4,13311,-7.628110889268109,37121,12503.0,14934
14770.0,0,14137.0,43555,15717,1.0,2025.0,0,0,-35.82596623339288,26007,4,13847,-7.395579037325469,35646,12471.0,15241
14172.0,0,13136.0,38851,15122,1.0,2025.0,0,0,-35.74441750566832,20581,4,12330,-7.62340522373377,33096,11434.0,14398
14530.0,0,13601.0,39651,15443,1.0,2025.0,0,0,-35.546122254122004,20446,4,12530,-7.5457024472873115,34821,11436.0,14590
15336.0,0,12498.0,51387,16061,1.0,2025.0,0,0,-35.87207701318013,24920,4,13272,-7.321745771703408,30351,11719.0,14096
14477.0,0,12533.0,39331,15387,1.0,2025.0,0,0,-35.731241333038426,23557,4,12599,-7.6071999531299,29091,11310.0,13848
13587.0,0,13036.0,36179,14574,1.0,2025.0,0,0,-35.60581693034319,32414,4,13962,-7.524443894065919,35576,12656.0,14168
15488.0,0,13747.0,47952,15878,1.0,2025.0,0,0,-35.586343110660714,25763,4,13252,-7.571712346882522,39894,11988.0,15081
13891.0,0,13264.0,34862,14968,1.0,2025.0,0,0,-35.67085185556649,24106,4,12833,-7.60652366681612,29553,11444.0,13950
14721.0,0,13227.0,46335,15535,1.0,2025.0,0,0,-35.66663411516811,26839,4,13511,-7.443589763834038,34335,11997.0,14448
14238.0,0,13301.0,40429,15348,1.0,2025.0,0,0,-35.80965406548448,23093,4,12901,-7.50589892939313,31975,11754.0,14567
14486.0,0,12254.0,43214,15390,1.0,2025.0,0,0,-35.858697451825144,23743,4,12810,-7.428625605121572,28962,11491.0,13850
14466.0,0,13649.0,42250,15262,1.0,2025.0,0,0,-35.702362862023,23052,4,12821,-7.4393382043008565,32946,11473.0,14648
13689.0,0,12666.0,34637,14829,1.0,2025.0,0,0,-35.66554135580728,21290,4,12383,-7.607810149775459,27166,11416.0,13837
14856.0,0,13538.0,45531,15630,1.0,2025.0,0,0,-35.69754325119342,23967,4,12841,-7.629149141129369,32789,11412.0,14101
14200.0,0,12534.0,42049,15387,1.0,2025.0,0,0,-35.88085821144258,24407,4,12755,-7.582583124274671,29567,11513.0,13818
14557.0,0,12851.0,41130,15539,1.0,2025.0,0,0,-35.84016904618084,23577,4,13047,-7.431579378778288,29367,11640.0,14288
14868.0,0,13084.0,45053,15772,1.0,2025.0,0,0,-35.77779829982941,24820,4,12768,-7.548007985490839,32705,11454.0,14288
14604.0,0,13172.0,42336,15441,1.0,2025.0,0,0,-35.71388978342295,26232,4,13246,-7.654229565328671,34254,11805.0,14460
14734.0,0,13512.0,42198,15351,1.0,2025.0,0,0,-35.61283795838591,29134,4,13566,-7.566077061345402,35494,11899.0,14450
13890.0,0,13169.0,36655,14998,1.0,2025.0,0,0,-35.758361377447464,20794,4,12317,-7.4599771561582,31453,11440.0,14289
13474.0,0,12306.0,35630,14753,1.0,2025.0,0,0,-35.68824941436581,25473,4,12735,-7.654565642829263,30869,11646.0,13731
12959.0,0,11805.0,31515,14401,1.0,2025.0,0,0,-35.8929751448469,22604,4,12423,-7.643185803186535,28567,10845.0,13674
14598.0,0,13989.0,47150,15818,1.0,2025.0,0,0,-36.21117111043474,25853,4,12918,-7.657392596122304,42328,11695.0,15600
14158.0,0,13424.0,43732,15354,1.0,2025.0,0,0,-36.107371328630165,25629,4,13401,-7.607199932847624,36136,12055.0,14734
13664.0,0,12504.0,31676,14993,1.0,2025.0,0,0,-35.93615813621847,24793,4,13441,-7.658431590003937,28323,11697.0,14152
14971.0,0,13435.0,49715,16139,1.0,2025.0,0,0,-36.269105091293184,23692,4,13728,-7.643185798441062,36278,11565.0,14961
13548.0,0,12545.0,36660,14939,1.0,2025.0,0,0,-35.99723757881125,20136,4,12581,-7.590054783316868,30794,11365.0,14246
13658.0,0,12756.0,38193,14896,1.0,2025.0,0,0,-36.144860750448515,23680,4,13369,-7.31692008980135,33361,11819.0,14421
14849.0,0,12995.0,52704,15482,1.0,2025.0,0,0,-36.06437942302351,26645,4,13031,-7.654565610390433,37588,12161.0,14523
13601.0,0,12902.0,37623,14932,1.0,2025.0,0,0,-36.134491364790385,28522,4,13592,-7.4599771600919205,33952,12204.0,14413
14263.0,0,13167.0,45185,15443,1.0,2025.0,0,0,-36.10108150488773,33107,4,13977,-7.575679097120406,38031,12541.0,14690
14162.0,0,12846.0,42349,15532,1.0,2025.0,0,0,-36.14456742104498,28962,4,13623,-7.587415487869944,34318,12338.0,14671
13299.0,0,12458.0,34955,14571,1.0,2025.0,0,0,-35.98896798995913,21300,4,12576,-7.566077031602096,29088,11434.0,13844
13565.0,0,12379.0,35894,15068,1.0,2025.0,0,0,-36.070572781723726,24452,4,13160,-7.495217110602163,28929,11926.0,14120
14152.0,0,12163.0,44256,15420,1.0,2025.0,0,0,-36.041671371366824,24508,4,13025,-7.60781012103591,29374,11664.0,13743
13648.0,0,12977.0,37275,15205,1.0,2025.0,0,0,-36.055449872511566,24429,4,13011,-7.361773712620621,33256,11010.0,14565
14279.0,0,13392.0,39999,15368,1.0,2025.0,0,0,-35.91103313180768,26765,4,13493,-7.54388202438531,34561,11821.0,14785
14212.0,0,12711.0,38159,15244,1.0,2025.0,0,0,-35.9065273440137,21277,4,12225,-7.476596334697241,29020,11226.0,14164
13812.0,0,12884.0,41619,15404,1.0,2025.0,0,0,-36.26203930855468,25851,4,13204,-7.620865764597818,33442,12201.0,14613
14590.0,0,12441.0,43241,15622,1.0,2025.0,0,0,-35.92750890208467,24032,4,13031,-7.315739102588345,30402,11293.0,14154
13642.0,0,12761.0,42322,14829,1.0,2025.0,0,0,-36.04276413038907,22080,4,12613,-7.443589755231971,28730,11134.0,14058
13908.0,0,12268.0,42983,15115,1.0,2025.0,0,0,-36.11493365764543,21379,4,12653,-7.452206104282622,28948,11140.0,13909
13147.0,0,12086.0,30844,14406,1.0,2025.0,0,0,-35.94312565070254,23749,4,12785,-7.618147252910841,26692,11222.0,13655
13655.0,0,12404.0,40176,14696,1.0,2025.0,0,0,-36.21629900866858,25602,4,13402,-7.431579397150151,28669,11891.0,13947
14287.0,0,12712.0,47887,15504,1.0,2025.0,0,0,-36.165607957645406,29784,4,13569,-7.6280297095956815,40117,11938.0,14656
13634.0,0,13261.0,38955,14813,1.0,2025.0,0,0,-36.202096200193914,31374,4,14218,-7.395579058959903,34965,12522.0,14358
12630.0,0,12235.0,31441,13941,1.0,2025.0,0,0,-36.203215842151536,25137,4,13156,-7.330110898039898,30844,11139.0,13821
13261.0,0,12224.0,31787,14645,1.0,2025.0,0,0,-36.08610526292171,23341,4,12519,-7.348381812864257,29252,10977.0,13865
13696.0,0,12268.0,40607,15289,1.0,2025.0,0,0,-36.207809678941864,24906,4,12823,-7.437094656166745,29975,11310.0,14093
13353.0,0,12388.0,32483,14719,1.0,2025.0,0,0,-35.94089984784453,25085,4,13033,-7.569354416159529,29272,11515.0,14001
12689.0,0,11862.0,30962,14197,1.0,2025.0,0,0,-36.071142937072736,22492,4,12271,-7.537716639420099,28223,11026.0,13536
13699.0,0,12484.0,38958,14771,1.0,2025.0,0,0,-36.256988161570455,26507,4,13093,-7.582583126541001,33404,11391.0,14257
14233.0,0,12877.0,40419,15373,1.0,2025.0,0,0,-35.95350007644243,26261,4,13136,-7.478700478085962,33946,11495.0,14429
12896.0,0,12055.0,34643,14430,1.0,2025.0,0,0,-36.095436541049104,27152,4,13047,-7.297206562443887,30092,11503.0,13657
14164.0,0,12927.0,42626,15570,1.0,2025.0,0,0,-36.35978430393685,30998,4,14207,-7.333683613169975,33755,12568.0,14676
13237.0,0,12518.0,37358,15092,1.0,2025.0,0,0,-36.277928349188834,27133,4,13638,-7.335776553509581,30135,11917.0,14157
13988.0,0,13369.0,47143,15091,1.0,2025.0,0,0,-36.40903034568308,26212,4,13582,-7.527941134478122,39390,12356.0,14774
13957.0,0,13101.0,43218,14948,1.0,2025.0,0,0,-36.5772388549997,26064,4,12605,-7.443577281281869,35210,11824.0,14360
14622.0,0,13197.0,45099,15550,1.0,2025.0,0,0,-36.290661716677256,32833,4,14256,-7.4028601394924545,36640,12424.0,14644
14617.0,0,13488.0,48550,15612,1.0,2025.0,0,0,-36.39573487287198,28397,4,13475,-7.561450380268916,37718,12124.0,14905
14769.0,0,13190.0,49619,15637,1.0,2025.0,0,0,-36.30184407736702,29486,4,13952,-7.6473422643037905,36141,12362.0,14766
14658.0,0,13746.0,51305,15653,1.0,2025.0,0,0,-36.3920675798379,25258,4,13403,-7.5756736494275545,40076,12027.0,15051
13669.0,0,13312.0,40056,14867,1.0,2025.0,0,0,-36.32399915954487,32481,4,14288,-7.537695017996631,34462,12927.0,14565
13224.0,0,12663.0,37818,14371,1.0,2025.0,0,0,-36.52848579629483,31260,4,13674,-7.563319814356793,36204,12138.0,14219
13739.0,0,12989.0,41682,14901,1.0,2025.0,0,0,-36.40651268445519,26320,4,13284,-7.569493280221314,36544,11792.0,14510
13856.0,0,13416.0,44582,14994,1.0,2025.0,0,0,-36.423125332341705,28942,4,13366,-7.549114076626876,37920,12181.0,14381
13880.0,0,12525.0,39413,15126,1.0,2025.0,0,0,-36.412937472756084,26242,4,13253,-7.392099336344521,31274,11898.0,13946
15006.0,0,13793.0,51085,16069,1.0,2025.0,0,0,-36.600879104990035,29304,4,13662,-7.575675232989974,36600,12565.0,15214
14013.0,0,13230.0,44276,15268,1.0,2025.0,0,0,-36.41837622395367,27592,4,13163,-7.6291470707174796,35509,12253.0,14572
14228.0,0,12614.0,44636,15511,1.0,2025.0,0,0,-36.35939050260011,30812,4,13918,-7.348035822946051,33061,12216.0,14183
13647.0,0,12703.0,40728,14957,1.0,2025.0,0,0,-36.62795020969082,26507,4,12871,-7.64319278079471,33521,11665.0,14393
12490.0,0,11878.0,30622,14060,1.0,2025.0,0,0,-36.29248342936203,24110,4,12212,-7.523871238834864,28415,11397.0,13502
12773.0,0,11727.0,32919,14128,1.0,2025.0,0,0,-36.523242467413326,22955,4,12603,-7.4787160546356,26995,11306.0,13440
13462.0,0,12323.0,37745,14753,1.0,2025.0,0,0,-36.35168129858537,27789,4,13284,-7.439792580281731,31393,11916.0,13812
12682.0,0,12212.0,32524,14316,1.0,2025.0,0,0,-36.54624569799422,20557,4,12207,-7.543908526069957,28843,10860.0,13889
14246.0,0,13337.0,50583,15400,1.0,2025.0,0,0,-36.41712560652197,27994,4,13511,-7.54801083601416,35472,11783.0,14538
12892.0,0,11706.0,36090,14467,1.0,2025.0,0,0,-36.348948422109686,25848,4,12970,-7.442814304829397,29398,11163.0,13613
13602.0,0,12653.0,38704,14935,1.0,2025.0,0,0,-36.37710282485532,29892,4,13292,-7.553545611762934,33495,11867.0,13917
13883.0,0,12778.0,43283,15178,1.0,2025.0,0,0,-36.5250205518138,21431,4,12612,-7.348377536554422,35734,11364.0,14376
14705.0,0,13393.0,43805,15596,1.0,2025.0,0,0,-36.523595170911115,26029,4,13394,-7.3038906978247375,35208,11941.0,14679
12996.0,0,12235.0,40188,14461,1.0,2025.0,0,0,-36.525026426469886,29780,4,13307,-7.637034358900544,33039,11599.0,14162
13606.0,0,12890.0,37790,15047,1.0,2025.0,0,0,-36.60168650032653,24105,4,12487,-7.569356421148421,32258,11225.0,14388
13649.0,0,12445.0,36699,15142,1.0,2025.0,0,0,-36.28192727218363,29530,4,13669,-7.452170138274612,32373,12072.0,14138
13461.0,0,12545.0,40156,14780,1.0,2025.0,0,0,-36.36895486375962,27791,4,13542,-7.606515369239531,33823,11965.0,14365
12690.0,0,12312.0,36717,13959,1.0,2025.0,0,0,-36.47017201502572,29534,4,13356,-7.587131925479526,34419,11765.0,13792
12820.0,0,12524.0,33856,14720,1.0,2025.0,0,0,-36.47417349171992,24211,4,12648,-7.4766321522495165,29959,11694.0,14280
13352.0,0,12583.0,40816,15010,1.0,2025.0,0,0,-36.55221182262447,22516,4,12388,-7.316915011510536,32455,11101.0,14377
13510.0,0,12757.0,36961,14781,1.0,2025.0,0,0,-36.28429512501569,30853,4,14027,-7.321739600695467,32639,12274.0,14223
12934.0,0,11609.0,38587,14624,1.0,2025.0,0,0,-36.39650006987727,26057,4,12734,-7.293382220009043,31048,11225.0,13475
13808.0,0,13011.0,43913,14877,1.0,2025.0,0,0,-36.43902281726084,22462,4,12140,-7.565571974961065,39372,11250.0,14633
13799.0,0,13130.0,42325,15299,1.0,2025.0,0,0,-36.59428754128754,28016,4,13298,-7.574161980022693,38940,11932.0,14895
13094.0,0,12061.0,34364,14465,1.0,2025.0,0,0,-36.36662940761218,27901,4,13466,-7.398087680752264,29658,11532.0,13832
12963.0,0,12537.0,32371,14312,1.0,2025.0,0,0,-36.45992333827038,22214,4,12708,-7.654229566639376,34054,11360.0,13913
12878.0,0,12437.0,35097,14715,1.0,2025.0,0,0,-36.525435080079646,31040,4,13614,-7.430769302168897,33213,11976.0,14352
13625.0,0,12136.0,43742,14964,1.0,2025.0,0,0,-36.431014004081746,27080,4,13762,-7.424945726283848,32450,11733.0,13687
13435.0,0,12934.0,43025,15102,1.0,2025.0,0,0,-36.55494265719675,31398,4,13934,-7.582606767995847,36238,12637.0,14331
12940.0,0,12469.0,36361,14164,1.0,2025.0,0,0,-36.5984552499443,30057,4,13455,-7.62088004801487,35493,11765.0,14025
13429.0,0,12620.0,39351,14864,1.0,2025.0,0,0,-36.50780474047161,28158,4,13795,-7.361772545481137,31321,11318.0,14308
13188.0,0,12523.0,35403,14876,1.0,2025.0,0,0,-36.45764589475162,21064,4,12758,-7.286557958109755,29598,11414.0,14180
14160.0,0,12124.0,44387,15076,1.0,2025.0,0,0,-36.31226193932674,25679,4,12821,-7.395568702340522,33784,10965.0,14180
13142.0,0,12469.0,38111,14512,1.0,2025.0,0,0,-36.42718017838545,29412,4,13337,-7.36981042010684,32355,11723.0,13809
12677.0,0,12140.0,35412,14516,1.0,2025.0,0,0,-36.439210521154806,29132,4,13660,-7.3503052419670665,32622,11625.0,13982
13709.0,0,13037.0,34881,14865,6.0,2025.0,0,0,-35.14443740679223,21949,21,12710,-7.098490010549965,31520,11619.0,14350
13926.0,0,13232.0,34330,14946,6.0,2025.0,0,0,-35.044006128497344,24174,21,13336,-7.2624038033049585,31866,12157.0,14525
13856.0,0,13600.0,35587,15291,6.0,2025.0,0,0,-34.94275005520006,27499,21,13867,-7.163070666280873,32190,12714.0,15047
14807.0,0,13158.0,47717,15518,6.0,2025.0,0,0,-35.133649286182504,20457,21,12562,-7.246237453458292,31254,11164.0,14386
14941.0,0,12401.0,44428,15796,4.0,2025.0,0,0,-35.17788626709291,25310,15,12706,-7.017402448789262,28490,11546.0,13638
13848.0,0,13523.0,39192,14632,4.0,2025.0,0,0,-35.19452282924152,24481,15,12856,-7.008254825890147,34780,11767.0,14400
14927.0,0,14376.0,48814,15595,4.0,2025.0,0,0,-35.42090677476639,26891,15,13432,-7.028213505692091,40343,12409.0,15049
14612.0,0,14053.0,46062,15215,4.0,2025.0,0,0,-35.39230631546894,30848,15,14033,-7.2127792233346115,40070,12851.0,14902
14664.0,0,14119.0,41925,15160,4.0,2025.0,0,0,-35.22350728300861,25863,15,13243,-7.116059846958693,39676,12350.0,14926
14297.0,0,13154.0,42482,14787,4.0,2025.0,0,0,-35.52056736680257,28880,15,13392,-7.098490005892997,36031,12126.0,14285
14546.0,0,13630.0,43745,15177,4.0,2025.0,0,0,-35.33295813419376,27908,15,13490,-7.071723693987358,37102,12209.0,14549
14713.0,0,13393.0,49363,14889,4.0,2025.0,0,0,-35.225337847062185,30514,15,13636,-7.213977536247332,36207,12287.0,14117
13795.0,0,12938.0,35940,14448,4.0,2025.0,0,0,-35.382228113239954,28914,15,13421,-7.0853163630001275,31899,12329.0,13716
15004.0,0,13110.0,51334,15262,4.0,2025.0,0,0,-35.24094763609095,29139,15,13225,-7.253482694064351,41012,12156.0,14229
14287.0,0,13587.0,44090,14755,4.0,2025.0,0,0,-35.43352244665778,21225,15,12256,-7.131247374697586,35537,11358.0,14280
15317.0,0,13862.0,49054,15818,4.0,2025.0,0,0,-35.244975309022706,27396,15,13834,-7.215419276633108,35641,12270.0,14851
14969.0,0,12713.0,46550,15703,4.0,2025.0,0,0,-35.348819795452876,22349,15,12247,-7.2010404027936,32391,11494.0,14191
14412.0,0,13076.0,39933,15218,4.0,2025.0,0,0,-35.49690264777928,23941,15,12971,-6.92269934621742,35178,11759.0,14671
14356.0,0,13250.0,40581,15000,4.0,2025.0,0,0,-35.366774333472186,28246,15,13562,-7.186812896677682,35088,11867.0,14344
14302.0,0,13374.0,41971,14954,4.0,2025.0,0,0,-35.39259985472928,29893,15,13826,-6.942231891774223,33678,12064.0,14316
14660.0,0,12960.0,43780,15214,4.0,2025.0,0,0,-35.37705534126443,27303,15,13401,-6.929201977517718,34072,12095.0,14192
13600.0,0,12533.0,33496,14549,4.0,2025.0,0,0,-35.25864000467339,21472,15,12107,-7.073902414127852,30281,11137.0,13915
14125.0,0,12860.0,41829,15007,4.0,2025.0,0,0,-35.4835011268398,23059,15,12975,-6.930903635214737,34043,11582.0,14139
14049.0,0,12919.0,39904,14761,4.0,2025.0,0,0,-35.22774703523824,25620,15,12626,-7.257026463850783,33739,11681.0,14118
14357.0,0,13526.0,39712,15156,4.0,2025.0,0,0,-35.49764925976944,29770,15,13312,-7.1886545122611025,38349,12434.0,14594
14809.0,0,13986.0,46332,15328,4.0,2025.0,0,0,-35.2905014829598,25576,15,12900,-7.068925794870118,38432,11953.0,14698
14220.0,0,13298.0,41488,15055,4.0,2025.0,0,0,-35.498265468584485,26589,15,13476,-6.923573253955891,36028,12210.0,14378
15264.0,0,13633.0,48208,15382,4.0,2025.0,0,0,-35.29472043905535,24798,15,13183,-7.231890941563764,35753,11697.0,14431
13739.0,0,13274.0,34771,14748,4.0,2025.0,0,0,-35.28940994226115,21141,15,12419,-7.233177695404103,33022,11557.0,14284
14223.0,0,12943.0,41533,15012,4.0,2025.0,0,0,-35.35511028964475,25554,15,13071,-7.232567304359582,35895,11706.0,14184
15002.0,0,13625.0,47894,15505,4.0,2025.0,0,0,-35.369475158717066,31290,15,13870,-7.194855624045817,41653,12479.0,14770
14713.0,0,13561.0,45225,15282,4.0,2025.0,0,0,-35.50168999486364,25249,15,13217,-7.023394959971675,40308,11484.0,14783
14546.0,0,13236.0,43125,15133,4.0,2025.0,0,0,-35.326229657566714,27650,15,13208,-7.064673319975148,35494,12450.0,14233
14141.0,0,13229.0,41743,14800,4.0,2025.0,0,0,-35.33384389368716,30705,15,13721,-6.973699469743877,35366,12523.0,14107
14068.0,0,12956.0,39567,14941,4.0,2025.0,0,0,-35.3121192680838,26366,15,13092,-7.279942080316504,33313,11524.0,14115
13122.0,0,12540.0,34565,13843,4.0,2025.0,0,0,-35.318880041278966,29870,15,13029,-7.163070655203613,32393,11828.0,13467
14182.0,0,12769.0,40966,14917,4.0,2025.0,0,0,-35.43910736312701,27943,15,13196,-7.06815281155526,32613,11771.0,14144
14191.0,0,13494.0,42136,14888,4.0,2025.0,0,0,-35.40655903426257,25133,15,13098,-7.174466334643153,31978,11768.0,14127
14131.0,0,12904.0,41102,14800,4.0,2025.0,0,0,-35.3431762704995,26668,15,12908,-6.922514401039984,31985,11824.0,13764
14979.0,0,13575.0,52306,14906,4.0,2025.0,0,0,-35.36013001999613,28991,15,13045,-6.976689996856859,36711,12210.0,14269
14778.0,0,13376.0,45093,15269,4.0,2025.0,0,0,-35.36774891508853,23499,15,12641,-6.999651956966745,35256,11364.0,14154
14844.0,0,14206.0,47192,15445,6.0,2025.0,0,0,-35.16119462349146,26669,21,13943,-7.280088628930147,38858,12788.0,15030
14896.0,0,13864.0,47379,15323,6.0,2025.0,0,0,-35.49594593730042,21767,21,12807,-6.947059791860583,36675,12045.0,14857
15433.0,0,13932.0,49063,15917,6.0,2025.0,0,0,-35.26050228286976,25864,21,13548,-6.91868843593802,37060,12555.0,14914
14821.0,0,14143.0,43717,15638,6.0,2025.0,0,0,-35.22968464040989,32256,21,14095,-7.149795930195789,37328,12726.0,15021
14556.0,0,13780.0,42662,15338,6.0,2025.0,0,0,-35.16299572846978,23825,21,12334,-7.05024834591158,37655,11416.0,14808
13289.0,0,12803.0,33168,14615,6.0,2025.0,0,0,-35.33775964039122,24956,21,13000,-7.279605915654595,29939,11998.0,14127
15052.0,0,13804.0,49694,15463,6.0,2025.0,0,0,-35.21021101164754,26043,21,12437,-7.197073695275836,39013,11627.0,14655
14855.0,0,13926.0,42377,15649,6.0,2025.0,0,0,-35.35135874406594,27159,21,14200,-7.037881328488672,36472,12742.0,15074
12870.0,0,12419.0,30079,14040,6.0,2025.0,0,0,-35.16270214611954,23978,21,12844,-7.045710851236559,29612,11421.0,13943
13834.0,0,12522.0,37472,14756,6.0,2025.0,0,0,-35.188638432511645,27220,21,12516,-7.194715671589008,30952,11705.0,13967
14750.0,0,12893.0,42038,14957,6.0,2025.0,0,0,-35.3214125188401,25234,21,12840,-7.254520684466103,35574,11663.0,13965
14360.0,0,13321.0,38498,15530,6.0,2025.0,0,0,-35.18657081026305,26421,21,13628,-7.272723178813751,34354,12294.0,14687
14394.0,0,12686.0,40118,15249,6.0,2025.0,0,0,-35.35607840715683,24262,21,13062,-7.178910489672845,30609,11529.0,14111
12422.0,0,12010.0,31055,13505,6.0,2025.0,0,0,-35.183898041967275,27465,21,12766,-7.283810023941998,30686,11447.0,13190
13483.0,0,12515.0,36068,14512,6.0,2025.0,0,0,-35.15877273126609,22942,21,12263,-7.169238926293462,31959,11374.0,13924
14332.0,0,13011.0,44219,15075,6.0,2025.0,0,0,-35.30123582162222,25585,21,12675,-7.149254268781821,33314,11252.0,14022
14752.0,0,13458.0,43128,15891,6.0,2025.0,0,0,-35.73422551364308,24434,21,13327,-7.033730793538911,34944,12001.0,15108
14623.0,0,13896.0,49826,15088,4.0,2025.0,0,0,-35.69501004676881,27728,15,13475,-7.163070650288968,41809,12511.0,14748
14243.0,0,13777.0,39479,15620,4.0,2025.0,0,0,-35.78205741998806,21145,15,12586,-7.190926327764322,34398,11882.0,15226
13583.0,0,13225.0,35443,14736,4.0,2025.0,0,0,-35.67931848190359,24941,15,13530,-6.987093996944206,36833,11931.0,14465
14495.0,0,13550.0,45482,15241,4.0,2025.0,0,0,-35.745605177575136,24801,15,13045,-7.194855615842798,38926,11941.0,14629
14592.0,0,13637.0,45076,15577,4.0,2025.0,0,0,-35.82100454405557,29232,15,13994,-7.065128462328639,35875,12567.0,14815
15189.0,0,14107.0,51156,15675,4.0,2025.0,0,0,-35.62399163420412,25476,15,13862,-6.9952162785898855,40150,12439.0,15039
14302.0,0,13859.0,42795,15511,4.0,2025.0,0,0,-35.74290435161694,30524,15,14200,-7.186812889065147,37877,12591.0,15130
14178.0,0,13596.0,39559,15128,4.0,2025.0,0,0,-35.677365822452344,29733,15,14232,-7.14925426518759,35799,12888.0,14784
14742.0,0,12793.0,46387,15040,4.0,2025.0,0,0,-35.539125692784246,26811,15,13004,-7.050248342662375,31513,11977.0,13815
15152.0,0,13957.0,48623,15397,4.0,2025.0,0,0,-35.53490269446527,28764,15,13530,-7.169238920371796,38171,12543.0,14563
14982.0,0,13485.0,50149,15870,6.0,2025.0,0,0,-35.858696392356514,25508,21,13523,-7.053959900559856,36813,12113.0,14850
14233.0,0,13099.0,40344,15360,4.0,2025.0,0,0,-35.70997390313244,24754,15,13578,-6.973699471367401,33566,12245.0,14699
14058.0,0,13297.0,36640,14946,4.0,2025.0,0,0,-35.586340988432745,29036,15,13622,-7.197073689713382,33140,12479.0,14363
13869.0,0,12888.0,38225,14764,4.0,2025.0,0,0,-35.55401623533833,30696,15,13630,-7.017402446548717,34475,12359.0,13993
14693.0,0,13559.0,46890,15134,4.0,2025.0,0,0,-35.57736880253471,21437,15,12197,-7.1040441362821145,39568,11286.0,14471
13147.0,0,12324.0,35001,14265,4.0,2025.0,0,0,-35.59081540089861,19341,15,11806,-7.0388668005222,30106,11028.0,13826
14587.0,0,12795.0,42937,14936,4.0,2025.0,0,0,-35.538832110356864,26801,15,13221,-7.045710848084211,32705,11903.0,14083
14213.0,0,12572.0,45069,14740,4.0,2025.0,0,0,-35.55761429662071,19693,15,11676,-7.201033172229891,30673,11042.0,13900
13466.0,0,12557.0,36547,14377,4.0,2025.0,0,0,-35.60146782784397,27202,15,13078,-7.213977530284172,32049,11393.0,13711
14816.0,0,13463.0,48248,15350,4.0,2025.0,0,0,-35.697542525004245,21666,15,12007,-7.254520673557303,37021,10911.0,14415
14138.0,0,12357.0,47060,14998,4.0,2025.0,0,0,-35.61283502012896,28498,15,13139,-7.191437000246005,32645,11682.0,13642
14054.0,0,12645.0,44813,14769,4.0,2025.0,0,0,-35.79155063990584,28848,15,13314,-7.212488242454364,34810,11787.0,13920
13509.0,0,12223.0,39111,14358,4.0,2025.0,0,0,-35.552544972921645,22144,15,12143,-7.199515962119856,31937,11065.0,13518
14134.0,0,12335.0,42581,14815,4.0,2025.0,0,0,-35.79626613373142,25181,15,12579,-7.262403778745498,31093,11174.0,13819
12204.0,0,11838.0,30104,13323,4.0,2025.0,0,0,-35.62769627724375,27234,15,12575,-7.05609993473315,28465,11482.0,12793
13929.0,0,13184.0,38759,15493,4.0,2025.0,0,0,-35.8596311758205,27285,15,13705,-6.930903640550206,32466,12145.0,14587
13921.0,0,12689.0,45080,14590,4.0,2025.0,0,0,-35.83167799528819,31150,15,13506,-7.062430152657636,36468,12242.0,14071
12678.0,0,12002.0,31998,13983,4.0,2025.0,0,0,-35.883973329997104,23919,15,12392,-6.914655902466299,27016,11407.0,13477
12902.0,0,12440.0,34096,13979,4.0,2025.0,0,0,-35.59963726330676,26929,15,12533,-7.11605984340887,31687,11512.0,13435
13421.0,0,12656.0,37052,14536,4.0,2025.0,0,0,-35.542933128520616,26101,15,12581,-6.9415418694742,33860,11473.0,13984
12147.0,0,11791.0,32229,13423,4.0,2025.0,0,0,-35.89669742557582,26442,15,12665,-7.098490000260819,30926,11535.0,13060
13859.0,0,12465.0,35659,15044,4.0,2025.0,0,0,-35.872075989568636,28389,15,13650,-6.947059796645999,29402,11986.0,14132
14405.0,0,12353.0,39499,15256,4.0,2025.0,0,0,-35.54612153257008,26301,15,12838,-7.17105944113594,30695,11425.0,13617
14968.0,0,12557.0,47068,15482,4.0,2025.0,0,0,-35.60387701666042,28475,15,12886,-7.257026455037521,35398,11568.0,14114
12331.0,0,11490.0,30178,13578,4.0,2025.0,0,0,-36.10687636356419,21650,15,12015,-6.9225140287478,27439,10953.0,12984
13444.0,0,11886.0,36228,14658,4.0,2025.0,0,0,-36.03290242858505,25215,15,12396,-7.153293406438955,29379,10991.0,13369
12970.0,0,11256.0,36786,14441,4.0,2025.0,0,0,-36.05389345877955,24958,15,12231,-7.232566621602999,28893,11143.0,13326
13659.0,0,11481.0,39257,14768,4.0,2025.0,0,0,-36.094043677497105,21771,15,11777,-7.212495405265847,29135,10857.0,13319
11961.0,0,11458.0,29166,13289,4.0,2025.0,0,0,-35.98365594404554,27012,15,12693,-6.9589990154129024,29723,11187.0,13087
12346.0,0,12110.0,32155,13565,4.0,2025.0,0,0,-36.2255580650611,31926,15,13264,-7.194717553297599,31847,11840.0,13372
11931.0,0,11587.0,31545,13127,4.0,2025.0,0,0,-36.2494925213095,30321,15,12737,-7.197061672694035,30783,11281.0,12998
12505.0,0,11618.0,34968,13970,4.0,2025.0,0,0,-36.25563962064991,31916,15,13404,-6.930896964750859,32763,11441.0,13611
12612.0,0,12285.0,33121,14393,6.0,2025.0,0,0,-36.20814125909866,19111,21,11931,-7.282771284620434,31330,10885.0,14063
12644.0,0,11751.0,33404,13946,6.0,2025.0,0,0,-36.051052358681304,27571,21,12673,-6.995132238372485,30582,11010.0,13269
14337.0,0,13073.0,41128,15484,4.0,2025.0,0,0,-35.9145322534621,23907,15,12703,-7.028189878232727,34182,11386.0,14793
14126.0,0,13430.0,45198,15285,4.0,2025.0,0,0,-35.916353766249884,30382,15,13851,-7.1492241727970525,36864,12407.0,14682
14576.0,0,12034.0,44646,15334,4.0,2025.0,0,0,-35.93418029290306,23571,15,12372,-7.283809346713374,31358,11175.0,13902
13208.0,0,12831.0,38666,14538,4.0,2025.0,0,0,-36.221486815821386,31000,15,13967,-7.149788119741778,35831,12494.0,14434
13053.0,0,12537.0,35114,14295,4.0,2025.0,0,0,-36.201110162454796,28377,15,12767,-7.068913914911568,34233,11532.0,13901
12417.0,0,11967.0,31875,13915,4.0,2025.0,0,0,-36.2608159322459,26091,15,13419,-6.922695195776933,28624,11625.0,13529
13291.0,0,11639.0,34310,14433,4.0,2025.0,0,0,-35.95111063574802,25379,15,12664,-7.257018803020503,27327,11157.0,13104
14632.0,0,11629.0,49532,15643,4.0,2025.0,0,0,-35.992825483822216,26073,15,12555,-7.231883051746802,29919,11165.0,13374
12897.0,0,12072.0,30268,14277,4.0,2025.0,0,0,-36.03681040674932,26125,15,12608,-7.017425503981287,29027,11302.0,13619
13198.0,0,12065.0,37999,14498,4.0,2025.0,0,0,-36.23256824154308,27072,15,12927,-7.06465077715991,31591,11804.0,13752
12140.0,0,11863.0,32841,13690,4.0,2025.0,0,0,-36.26857346746072,32202,15,13217,-7.246597723547055,33423,11708.0,13401
13244.0,0,11823.0,36280,14627,4.0,2025.0,0,0,-36.058491339196664,26051,15,12665,-7.279941756215825,29416,11287.0,13297
12638.0,0,12173.0,34070,14016,4.0,2025.0,0,0,-36.21815938161033,27208,15,13033,-7.199523924589174,30917,11734.0,13357
12169.0,0,11315.0,31182,13495,4.0,2025.0,0,0,-36.05488754390176,25791,15,12381,-7.050278119521459,28940,11136.0,12618
12577.0,0,11820.0,31308,13676,4.0,2025.0,0,0,-36.22232669900131,27074,15,12755,-7.2462510261643756,29052,10975.0,13054
12836.0,0,11694.0,38430,13832,4.0,2025.0,0,0,-35.93613314561327,28914,15,12840,-7.0208966556659504,31542,11404.0,13116
13433.0,0,12379.0,40898,14299,4.0,2025.0,0,0,-35.97282033475859,27833,15,12285,-7.068150791219372,33010,11255.0,13258
12476.0,0,11438.0,33717,13256,4.0,2025.0,0,0,-35.98352119963091,28057,15,12202,-7.062434663525732,29748,10990.0,12625
12732.0,0,11842.0,35152,13806,4.0,2025.0,0,0,-35.905797507942495,28424,15,12631,-7.0775095133845065,30364,11410.0,13144
14300.0,0,11520.0,49896,15180,4.0,2025.0,0,0,-35.986476610342685,26085,15,12437,-7.05692141997653,31657,11060.0,13533
13119.0,0,11460.0,38963,14117,4.0,2025.0,0,0,-36.13167598382502,31725,15,12917,-6.987092857304063,32212,11241.0,12982
14211.0,0,12959.0,40273,15281,6.0,2025.0,0,0,-35.9017985378809,27631,21,13492,-6.96109366626241,33983,12148.0,14455
13175.0,0,12238.0,33029,14817,6.0,2025.0,0,0,-36.148891445338144,23776,21,12757,-6.973695377211598,29378,11481.0,14017
13001.0,0,12521.0,37177,14513,6.0,2025.0,0,0,-36.26305581490134,29158,21,13960,-6.923568742704418,33608,12087.0,14350
13049.0,0,11296.0,37164,14344,6.0,2025.0,0,0,-36.04699726311457,22191,21,11821,-7.174470340697542,26880,10818.0,12911
12432.0,0,11679.0,30324,13765,6.0,2025.0,0,0,-35.949619104331994,24339,21,12538,-6.9415515759367805,27031,11101.0,13184
12326.0,0,11409.0,33136,13478,6.0,2025.0,0,0,-36.03057091233989,25017,21,12131,-7.131254706622144,27820,10952.0,12870
13666.0,0,13027.0,40631,14149,6.0,2025.0,0,0,-35.933159308761546,32122,21,13096,-7.085293523645351,35887,12120.0,13682
13727.0,0,12725.0,39155,14624,6.0,2025.0,0,0,-36.083793475969344,29340,21,13701,-7.279605924911826,33350,11919.0,14128
14760.0,0,14210.0,43107,15579,4.0,2025.0,0,0,-35.65425129267778,27236,15,13608,-7.944061127010366,39466,12508.0,15160
14748.0,0,12933.0,43539,15259,4.0,2025.0,0,0,-35.607522692950305,25100,15,13220,-7.708296296398038,34547,11896.0,14130
14396.0,0,13825.0,43064,15152,4.0,2025.0,0,0,-35.644239846626625,28174,15,13628,-7.668002975965357,37515,12052.0,14620
13546.0,0,12813.0,32820,14215,4.0,2025.0,0,0,-35.70861953224508,23628,15,12340,-7.84777262738898,31685,11540.0,13708
13712.0,0,12841.0,40702,14635,4.0,2025.0,0,0,-35.58143809904342,19041,15,11957,-7.690364445802149,34154,11218.0,13887
14607.0,0,13867.0,43733,15260,4.0,2025.0,0,0,-35.664863748285406,33612,15,14195,-7.922582860523177,39126,12727.0,14782
14534.0,0,13291.0,39855,15573,6.0,2025.0,0,0,-35.67491801064348,23810,21,13423,-7.744416676624616,32802,12344.0,14477
14297.0,0,13140.0,40432,15204,6.0,2025.0,0,0,-35.73074592632932,22859,21,12287,-7.6718264354219246,31600,11141.0,14117
13843.0,0,13733.0,34393,14850,4.0,2025.0,0,0,-35.695085159831365,27978,15,13702,-7.961983674949109,34715,12175.0,14613
13777.0,0,12851.0,33778,14700,6.0,2025.0,0,0,-35.77133491018306,20356,21,11897,-7.678509455876457,33603,11338.0,14072
14070.0,0,13136.0,39647,14898,4.0,2025.0,0,0,-35.67086341523911,24095,15,12857,-7.923685916282192,34466,11771.0,14339
14107.0,0,13173.0,36574,14819,4.0,2025.0,0,0,-35.77622294345301,26256,15,13139,-7.93788875195435,31626,11892.0,14176
15014.0,0,13668.0,49266,15483,4.0,2025.0,0,0,-35.65676827961988,29626,15,13542,-7.902516966230315,35262,12142.0,14517
13901.0,0,12498.0,38051,14971,4.0,2025.0,0,0,-35.82497752553612,25110,15,13012,-7.818168704178381,29461,11681.0,14055
13774.0,0,12243.0,37741,14937,4.0,2025.0,0,0,-35.871552991351145,22706,15,12023,-7.70470971016079,30470,11086.0,13934
13169.0,0,12036.0,30069,14412,6.0,2025.0,0,0,-35.84861744932067,22377,21,12732,-7.950240972521565,26669,11535.0,13681
13589.0,0,12983.0,34573,14904,6.0,2025.0,0,0,-35.68694894720067,27573,21,13384,-7.724915279344512,32512,11839.0,14379
14001.0,0,12746.0,39311,14865,4.0,2025.0,0,0,-35.62484155197608,25789,15,12626,-7.928116294480821,32901,11355.0,13906
13833.0,0,12130.0,37914,14472,4.0,2025.0,0,0,-35.654436159452054,22113,15,11955,-7.880486695259957,28389,10702.0,13476
14083.0,0,12481.0,42332,15165,4.0,2025.0,0,0,-35.85724909299784,29093,15,13285,-7.782975946320904,34258,11609.0,14200
13709.0,0,12584.0,36993,14678,4.0,2025.0,0,0,-35.802047231588176,29994,15,13082,-7.725972591670697,32681,11796.0,13809
14018.0,0,11910.0,35634,14977,4.0,2025.0,0,0,-35.87336092642826,23327,15,12698,-7.946265778684896,28855,11470.0,13628
14099.0,0,13202.0,36242,15113,6.0,2025.0,0,0,-35.773172989000564,22221,21,12594,-7.805363698192241,32600,11522.0,14527
13962.0,0,11705.0,39452,14715,4.0,2025.0,0,0,-35.8564368023461,23976,15,12352,-7.813906292842687,27724,10959.0,12930
13381.0,0,11799.0,37024,14561,6.0,2025.0,0,0,-35.88468594738277,26870,21,13089,-7.672004200848749,29187,11265.0,13565
15312.0,0,12195.0,55629,15460,4.0,2025.0,0,0,-35.77275964913302,27243,15,12836,-7.722987747161051,32101,11395.0,13870
14950.0,0,12127.0,46754,15271,4.0,2025.0,0,0,-35.805305990581076,23628,15,12158,-7.865300390570697,29927,10935.0,13413
13358.0,0,11388.0,32964,13910,4.0,2025.0,0,0,-35.83201107914077,20174,15,11625,-8.031943801341686,27629,10769.0,13028
13720.0,0,12681.0,36756,14445,4.0,2025.0,0,0,-35.63980642387502,27176,15,12528,-7.950240213106166,35476,11365.0,13786
13179.0,0,11385.0,34999,14319,4.0,2025.0,0,0,-35.84202567424666,24307,15,12644,-7.94872810914413,26005,11185.0,12820
12822.0,0,11266.0,32791,13825,4.0,2025.0,0,0,-35.84942490744172,25749,15,12152,-7.943923360785316,28337,10864.0,12764
13651.0,0,12772.0,36868,14928,4.0,2025.0,0,0,-35.772765752417705,25041,15,12688,-8.011589181741527,33923,11182.0,14014
13110.0,0,12045.0,35503,14100,4.0,2025.0,0,0,-35.793982591948904,27493,15,12596,-7.918481038848749,30697,11052.0,13378
12030.0,0,11366.0,35435,13934,4.0,2025.0,0,0,-35.894189412468904,25151,15,12353,-7.940616474251807,27515,11062.0,12802
12615.0,0,11792.0,29545,13680,4.0,2025.0,0,0,-35.80702618545197,24883,15,12484,-7.920294073171751,27538,11251.0,12990
13830.0,0,11996.0,48737,14887,4.0,2025.0,0,0,-36.00097157990033,30119,15,13153,-7.928116282018511,32340,11321.0,13721
13544.0,0,12106.0,43730,14545,4.0,2025.0,0,0,-36.147109617226405,30618,15,13216,-7.853301273667177,33637,11609.0,13732
12577.0,0,11383.0,34849,14119,4.0,2025.0,0,0,-36.1831561580053,29619,15,12842,-7.920294097845319,32195,11018.0,13403
13518.0,0,11159.0,40356,14537,6.0,2025.0,0,0,-35.91635319261718,25861,21,11860,-7.898446405780503,28453,10808.0,12834
12290.0,0,11379.0,32819,13456,6.0,2025.0,0,0,-35.98351679052786,24800,21,11925,-7.811692218569302,27149,11012.0,12636
13688.0,0,12554.0,46731,15223,6.0,2025.0,0,0,-36.051048023351555,27827,21,13240,-7.74441665549582,28586,11505.0,13996
13993.0,0,11594.0,39639,14694,4.0,2025.0,0,0,-35.90774630759298,27712,15,12838,-8.029258106217199,30426,11301.0,13493
12098.0,0,11434.0,27548,13479,6.0,2025.0,0,0,-35.95756814015954,23401,21,12371,-7.690364403868981,25804,11129.0,13098
13588.0,0,11990.0,42910,14491,4.0,2025.0,0,0,-36.09803960237311,29649,15,12874,-7.851217966838962,32133,11254.0,13393
13856.0,0,11711.0,38892,14597,4.0,2025.0,0,0,-36.058491122074216,22431,15,12182,-8.029116950650046,31123,10975.0,13892
13978.0,0,12093.0,42584,15023,4.0,2025.0,0,0,-36.08450190587728,24860,15,12495,-7.744508613021439,29030,11156.0,13701
14068.0,0,11716.0,44608,15096,6.0,2025.0,0,0,-36.01965061375515,31204,21,13355,-7.750135992268154,34163,11217.0,13779
12852.0,0,12181.0,35276,13912,4.0,2025.0,0,0,-36.22148390035978,20346,15,11965,-7.899011324540352,32128,11191.0,13545
12882.0,0,12001.0,34864,13960,4.0,2025.0,0,0,-36.24949087882973,28960,15,13234,-7.9462658160927475,33281,11563.0,13660
14052.0,0,12954.0,46684,15432,4.0,2025.0,0,0,-36.23337905029783,27882,15,13416,-7.782975954787504,35058,12282.0,14629
13462.0,0,11795.0,36273,14330,6.0,2025.0,0,0,-35.90579714240171,27739,21,12580,-7.826758848181969,30909,11225.0,13329
13254.0,0,11936.0,39313,14418,4.0,2025.0,0,0,-36.24768294430677,25358,15,12407,-7.7047097075637785,33981,11417.0,14074
14196.0,0,13190.0,40610,15246,4.0,2025.0,0,0,-35.96074810316885,25502,15,13232,-8.002658593800781,35822,11954.0,14737
13099.0,0,12596.0,37075,14692,6.0,2025.0,0,0,-36.147464893590545,27936,21,13457,-7.678509436180475,30593,12081.0,14166
13610.0,0,12530.0,37857,14591,4.0,2025.0,0,0,-35.947868495178824,24967,15,12623,-7.91226807119872,33686,11342.0,13983
14309.0,0,12032.0,43879,15122,4.0,2025.0,0,0,-35.90546213237385,27416,15,13053,-7.963151864451131,29843,11590.0,13681
14218.0,0,12173.0,37632,15455,4.0,2025.0,0,0,-35.986471936014006,23997,15,12832,-7.806181156372596,26988,11558.0,13728
13976.0,0,12359.0,44248,15169,4.0,2025.0,0,0,-36.063078956251786,27439,15,12951,-7.7249152565395836,34956,11474.0,14111
13910.0,0,12512.0,42848,14818,4.0,2025.0,0,0,-36.0368045708662,31629,15,13372,-7.766701230872574,34455,11960.0,13770
13838.0,0,13124.0,42900,15011,6.0,2025.0,0,0,-36.19946679612515,32640,21,14169,-7.7443190484969975,36315,12505.0,14667
13014.0,0,12168.0,30890,14387,6.0,2025.0,0,0,-35.9145312808038,22750,21,12103,-7.777458473676547,30123,11169.0,13739
14293.0,0,13010.0,40485,15216,6.0,2025.0,0,0,-36.148895735380954,19840,21,12370,-8.011589207730278,34016,11340.0,14429
14886.0,0,12899.0,46982,15712,4.0,2025.0,0,0,-35.951110282517206,24483,15,12854,-8.006200856032697,33995,11626.0,14347
14716.0,0,12082.0,44218,15687,6.0,2025.0,0,0,-35.97281657724545,24114,21,12860,-7.817405897166962,29125,11160.0,13821
12191.0,0,11570.0,34055,13753,4.0,2025.0,0,0,-36.38703423321672,25242,15,12341,-7.823156138488263,28057,10914.0,13127
12323.0,0,11618.0,34432,13844,6.0,2025.0,0,0,-36.41889675148424,25891,21,12658,-7.818181851635274,30249,10980.0,13372
12196.0,0,11768.0,34045,13882,4.0,2025.0,0,0,-36.298382979707256,26240,15,12768,-7.9202735446618915,28456,11176.0,13193
12483.0,0,11726.0,37957,14078,4.0,2025.0,0,0,-36.30994138426764,23008,15,12469,-7.693394563484193,34809,11160.0,13637
12190.0,0,11629.0,33307,13732,4.0,2025.0,0,0,-36.47975477291285,25719,15,12443,-7.7871494767363005,29363,11058.0,13116
12802.0,0,12076.0,36718,14189,4.0,2025.0,0,0,-36.3430774309174,28154,15,13155,-7.788133011335835,30991,11606.0,13595
12812.0,0,12276.0,36673,14635,4.0,2025.0,0,0,-36.534952035392266,29754,15,13171,-7.923681537339048,32999,11268.0,13914
12916.0,0,11802.0,38546,14212,4.0,2025.0,0,0,-36.30480700621188,28438,15,12663,-7.9487193814451365,33029,11214.0,13629
12538.0,0,11646.0,36403,13765,4.0,2025.0,0,0,-36.51062461921436,30946,15,12998,-7.834566091561176,32858,11240.0,13359
13010.0,0,12192.0,38642,14284,4.0,2025.0,0,0,-36.548526681959075,28464,15,13014,-8.01158502097142,31790,11484.0,13571
12826.0,0,12002.0,36849,14373,4.0,2025.0,0,0,-36.5417383833694,23289,15,12439,-8.002586210692412,30001,11105.0,13660
12332.0,0,11978.0,34313,13538,4.0,2025.0,0,0,-36.38889247234925,20614,15,11769,-7.668001725583808,33945,11108.0,13471
12047.0,0,11715.0,37552,13945,4.0,2025.0,0,0,-36.333406732732065,32885,15,13471,-7.689666444567614,34015,11406.0,13722
12278.0,0,11833.0,36573,14089,4.0,2025.0,0,0,-36.561915644722305,31656,15,13455,-7.880478646489963,33299,11451.0,13807
12763.0,0,11844.0,36509,14243,4.0,2025.0,0,0,-36.46135508244071,26210,15,12518,-7.82097889232426,31094,11368.0,13699
11986.0,0,11618.0,38314,13660,4.0,2025.0,0,0,-36.56750157350482,28386,15,12739,-7.817408162820273,34901,11108.0,13461
12232.0,0,11788.0,37005,14157,4.0,2025.0,0,0,-36.57326848058499,32787,15,13523,-7.814384838000917,35177,11490.0,13852
11871.0,0,11546.0,34220,13485,4.0,2025.0,0,0,-36.491393911312464,30675,15,13083,-7.744332937936333,31520,11345.0,13240
12832.0,0,12112.0,38505,14259,4.0,2025.0,0,0,-36.61189271469713,31019,15,13296,-7.680210391609411,31899,11649.0,13698
12882.0,0,12240.0,37200,14724,4.0,2025.0,0,0,-36.53005986313404,29084,15,13381,-7.922579913532822,33018,11517.0,14151
13024.0,0,12593.0,38016,14453,4.0,2025.0,0,0,-36.477213205103276,25157,15,13235,-7.9502459651941715,35337,11675.0,14246
12575.0,0,12080.0,35266,14168,4.0,2025.0,0,0,-36.449803976352456,25025,15,12987,-8.003705734085573,32799,11056.0,13866
12463.0,0,12247.0,33556,13880,6.0,2025.0,0,0,-36.49786838658617,22065,21,12346,-7.944063445414961,31192,11327.0,13823
12260.0,0,12023.0,35917,14106,6.0,2025.0,0,0,-36.578228442506656,30810,21,13310,-7.770179724733859,33704,11537.0,13869
12741.0,0,12472.0,36018,14184,6.0,2025.0,0,0,-36.41780277249218,28593,21,13616,-7.982370729754193,31033,12079.0,13916
12918.0,0,12103.0,39683,14460,4.0,2025.0,0,0,-36.30363895591905,32501,15,13593,-7.690354419196327,34821,11965.0,14149
13607.0,0,12499.0,45491,15016,4.0,2025.0,0,0,-36.311735912225316,30593,15,13546,-7.708282182231645,34517,11803.0,13918
12917.0,0,12086.0,34104,14317,6.0,2025.0,0,0,-36.62433803018012,25764,21,12755,-7.696359922142713,29558,11614.0,13685
12043.0,0,11872.0,25977,13539,4.0,2025.0,0,0,-36.287163462626594,26591,15,12742,-7.9184532993346295,30756,11347.0,13385
12991.0,0,12158.0,37018,14349,4.0,2025.0,0,0,-36.29519327796803,35152,15,13284,-7.690843881335063,35839,11709.0,13712
13701.0,0,13036.0,40235,14962,4.0,2025.0,0,0,-36.33860523718224,24099,15,12988,-7.946279102474128,33310,11338.0,14215
13616.0,0,13121.0,41123,14842,4.0,2025.0,0,0,-36.496678162068484,21912,15,12415,-7.997962870628164,35497,11475.0,14549
13600.0,0,13062.0,40332,14941,4.0,2025.0,0,0,-36.592430577600354,26882,15,13321,-7.806172970386792,35387,11711.0,14619
13968.0,0,13076.0,44130,15151,4.0,2025.0,0,0,-36.42311327363229,27556,15,13792,-7.981084519067976,34993,12175.0,14572
14507.0,0,12863.0,50667,15544,4.0,2025.0,0,0,-36.37449529208591,29526,15,13602,-7.724906920318102,35529,12169.0,14523
14246.0,0,12943.0,40568,15417,4.0,2025.0,0,0,-35.1346658330541,21151,15,12109,-7.298259012456354,30448,11223.0,14503
13325.0,0,12365.0,29885,13937,4.0,2025.0,0,0,-35.50855590973065,27139,15,12624,-7.297385669584071,32512,11392.0,13363
14594.0,0,13558.0,47938,15044,4.0,2025.0,0,0,-35.37941472282487,26781,15,12745,-7.361772532875121,39529,11330.0,14323
14105.0,0,12303.0,40047,14619,4.0,2025.0,0,0,-35.48111962485156,25522,15,12802,-7.408378231183078,29273,11486.0,13404
14588.0,0,13808.0,48313,14964,4.0,2025.0,0,0,-35.50337957335139,27507,15,12935,-7.305585962530367,38301,11715.0,14282
14215.0,0,12814.0,41760,14694,4.0,2025.0,0,0,-35.3292558887204,25698,15,12530,-7.286557939761178,33997,11410.0,13892
14886.0,0,13159.0,48222,15034,4.0,2025.0,0,0,-35.28454747696712,24975,15,12673,-7.392099325202927,36982,11578.0,14060
14050.0,0,12922.0,38748,15199,4.0,2025.0,0,0,-35.447207514979446,29184,15,13506,-7.369713420690739,33635,12103.0,14093
13793.0,0,12279.0,35580,14597,6.0,2025.0,0,0,-35.47854781791126,20688,21,11861,-7.412528509987951,29357,11195.0,13601
14569.0,0,13327.0,43582,15268,4.0,2025.0,0,0,-35.39485244619981,25445,15,13134,-7.478716050568986,37317,12052.0,14633
14335.0,0,13364.0,42752,14942,4.0,2025.0,0,0,-35.42382179474153,24599,15,12734,-7.316914996009887,36145,11432.0,14155
13612.0,0,13017.0,35295,14340,4.0,2025.0,0,0,-35.29879017931278,19001,15,11567,-7.369810407466379,32504,10964.0,14029
14609.0,0,13074.0,43249,15168,6.0,2025.0,0,0,-35.332243740014896,20742,21,11603,-7.3699023138305595,34000,10854.0,14262
14648.0,0,13531.0,40296,15466,6.0,2025.0,0,0,-35.3108205193106,24574,21,12825,-7.350305228011519,35050,12089.0,14726
14958.0,0,14019.0,48319,15240,4.0,2025.0,0,0,-35.396630530195885,24728,15,12826,-7.348377523114335,38948,11801.0,14612
14108.0,0,13022.0,38541,14640,4.0,2025.0,0,0,-35.354616132247536,28946,15,13234,-7.297206188775304,34430,11552.0,14076
15201.0,0,13322.0,50361,15602,4.0,2025.0,0,0,-35.26811007787466,31077,15,13903,-7.293382201630057,34574,12656.0,14327
14447.0,0,13608.0,41347,15210,6.0,2025.0,0,0,-35.425917926159066,26506,21,13300,-7.351363194693219,37351,11471.0,14638
13081.0,0,12151.0,35022,14087,6.0,2025.0,0,0,-35.197357944982485,24138,21,12396,-7.316239051282554,30154,11391.0,13431
14571.0,0,13385.0,47714,14328,4.0,2025.0,0,0,-35.510795794321005,27994,15,13432,-7.298259005385517,33576,12568.0,13892
13694.0,0,13199.0,35614,14503,4.0,2025.0,0,0,-35.345783481816284,29397,15,13348,-7.476632147658414,33436,12220.0,14101
14005.0,0,13417.0,36751,15098,6.0,2025.0,0,0,-35.22055844107089,27543,21,13534,-7.44281429795741,34395,12358.0,14708
14271.0,0,13162.0,40818,15039,4.0,2025.0,0,0,-35.205309221231616,28341,15,13502,-7.315748634299064,34060,12513.0,14192
13918.0,0,12984.0,42073,15054,4.0,2025.0,0,0,-35.45657626610901,29885,15,13283,-7.374313934562255,35419,12194.0,14182
14457.0,0,13420.0,41589,15429,4.0,2025.0,0,0,-35.30262400412986,25433,15,13358,-7.424945717645668,34582,12193.0,14588
14436.0,0,13769.0,43665,14806,4.0,2025.0,0,0,-35.497231695528185,30528,15,13650,-7.5716996948531445,38896,12597.0,14331
14453.0,0,13929.0,41398,15368,6.0,2025.0,0,0,-35.23139432040252,31030,21,14075,-7.333683597425901,36477,12993.0,14803
14058.0,0,12881.0,41295,14601,6.0,2025.0,0,0,-35.53883237052211,25418,21,12911,-7.420377755176031,31118,11815.0,13775
14988.0,0,13620.0,51290,15554,4.0,2025.0,0,0,-35.53732482431445,25624,15,12910,-7.65471055537249,41072,11727.0,14569
14395.0,0,12718.0,39298,14965,4.0,2025.0,0,0,-35.57065334633532,25536,15,13400,-7.382929460461907,30803,11992.0,13957
14817.0,0,12667.0,46125,15727,4.0,2025.0,0,0,-35.74560678289041,21458,15,12379,-7.569495461560151,29714,11253.0,13955
14669.0,0,13571.0,45280,15487,4.0,2025.0,0,0,-35.62223454522564,23017,15,12648,-7.350297268199577,32688,11438.0,14342
13643.0,0,12451.0,35322,14560,4.0,2025.0,0,0,-35.559475702910284,24812,15,12678,-7.3336701806106666,29052,11860.0,13618
13853.0,0,12640.0,38181,14806,4.0,2025.0,0,0,-35.599639098689245,23514,15,12625,-7.490714207404202,29844,11630.0,13905
14101.0,0,12446.0,35904,15088,6.0,2025.0,0,0,-35.82100651420872,23108,21,12572,-7.439792570302023,27641,11486.0,13931
14551.0,0,13469.0,42381,15080,4.0,2025.0,0,0,-35.551378851817226,26100,15,13269,-7.315739118332034,38000,12084.0,14478
14579.0,0,13026.0,40428,15641,6.0,2025.0,0,0,-35.72495150738901,21399,21,12263,-7.575679113760604,28997,11026.0,13890
14703.0,0,12775.0,44588,15029,4.0,2025.0,0,0,-35.590629874002275,23981,15,12830,-7.369795975203786,30990,11568.0,13943
14345.0,0,13134.0,43783,15200,4.0,2025.0,0,0,-35.53039728736784,25442,15,12981,-7.476596369738268,34718,11587.0,14439
14424.0,0,11857.0,42858,15198,4.0,2025.0,0,0,-35.7687307662563,25745,15,12701,-7.316920068605786,29700,11253.0,13545
14886.0,0,12512.0,47665,15292,4.0,2025.0,0,0,-35.55401662700015,27328,15,13190,-7.392075056862467,33344,11584.0,13841
14147.0,0,12192.0,37498,14961,4.0,2025.0,0,0,-35.56476980165355,24526,15,12501,-7.569354454413485,28688,11206.0,13546
14356.0,0,13023.0,43277,15216,4.0,2025.0,0,0,-35.55254598748753,29302,15,13311,-7.574153625806922,35542,11731.0,14379
14947.0,0,13498.0,47846,15187,4.0,2025.0,0,0,-35.55768124610759,26716,15,12933,-7.3187797361454345,38472,11530.0,14259
14619.0,0,13360.0,45432,15189,4.0,2025.0,0,0,-35.75318584492226,20022,15,12082,-7.303892741854261,36610,11401.0,14515
14128.0,0,12447.0,38621,15110,6.0,2025.0,0,0,-35.78205869484524,28597,21,13642,-7.565566706724091,32490,11873.0,14146
14228.0,0,12686.0,43595,14883,6.0,2025.0,0,0,-35.59081641450091,28800,21,12829,-7.413535855022137,34759,11367.0,13943
13805.0,0,11980.0,40738,14788,4.0,2025.0,0,0,-35.85162335134784,24607,15,12800,-7.335792332272554,30238,11167.0,13682
13250.0,0,11991.0,37065,14394,4.0,2025.0,0,0,-35.627698045218025,22526,15,11844,-7.430766095067738,28416,10683.0,13127
13462.0,0,11508.0,36629,14443,4.0,2025.0,0,0,-35.85963194850279,24610,15,12108,-7.305592930296682,26595,10959.0,13151
13717.0,0,11991.0,38196,14628,4.0,2025.0,0,0,-35.768437436760216,26062,15,12785,-7.58741550062658,29601,11305.0,13431
13289.0,0,12395.0,31923,14066,6.0,2025.0,0,0,-35.54468054494225,28610,21,12828,-7.348017313045514,31402,11826.0,13362
13824.0,0,12388.0,37279,14463,4.0,2025.0,0,0,-35.71930654183372,27194,15,12715,-7.297206547763783,30377,11422.0,13509
13548.0,0,11507.0,40479,14603,4.0,2025.0,0,0,-35.88590935996189,26389,15,12543,-7.62086576708238,31175,11023.0,13389
13901.0,0,12248.0,37368,14647,4.0,2025.0,0,0,-35.553488343955856,26253,15,12882,-7.375508797682002,31283,11098.0,13710
14467.0,0,13466.0,42154,15175,4.0,2025.0,0,0,-35.727491765288214,32784,15,14133,-7.412551336505696,35113,12524.0,14535
13522.0,0,12157.0,34575,14536,4.0,2025.0,0,0,-35.73880366436055,27876,15,13149,-7.452206101749965,32611,11563.0,13719
12958.0,0,11793.0,38070,14286,4.0,2025.0,0,0,-35.70909161210408,27768,15,12892,-7.446387229086665,31022,10883.0,13356
12648.0,0,11752.0,30617,13577,4.0,2025.0,0,0,-35.782690550654905,25766,15,12488,-7.549109857666322,31236,11287.0,13458
13840.0,0,11973.0,36903,14804,4.0,2025.0,0,0,-35.873779587230594,25987,15,12859,-7.563294110834557,30126,11298.0,13783
14973.0,0,12306.0,49670,15595,4.0,2025.0,0,0,-35.87439602984062,28761,15,12920,-7.298263697121467,31704,11507.0,13709
12241.0,0,11760.0,33910,13863,4.0,2025.0,0,0,-35.796266410275706,25147,15,12467,-7.637030322953192,30949,11125.0,13349
14876.0,0,13546.0,50081,15659,4.0,2025.0,0,0,-35.67736930914202,29461,15,13496,-7.5239028744593135,37477,11954.0,14841
12349.0,0,11851.0,33198,13483,4.0,2025.0,0,0,-35.6211075497464,27365,15,12308,-7.5900548152141365,31115,11189.0,13124
13436.0,0,11718.0,39569,14469,6.0,2025.0,0,0,-35.63477211243858,23355,21,12110,-7.448565220124915,31799,10875.0,13592
12700.0,0,11517.0,32640,13608,6.0,2025.0,0,0,-35.53912596644261,27998,21,12707,-7.42491438523359,29296,11085.0,13107
12533.0,0,11252.0,38978,14259,4.0,2025.0,0,0,-35.78947797975415,28319,15,12441,-7.62802972539194,31963,10966.0,13074
13021.0,0,12615.0,32553,14264,6.0,2025.0,0,0,-35.96675991233306,22087,21,12518,-7.3697959608642964,31237,11384.0,13824
13999.0,0,13075.0,40640,14956,4.0,2025.0,0,0,-36.249163123792506,23418,15,12141,-7.29739002272256,35052,11589.0,14396
12769.0,0,11513.0,30639,14039,6.0,2025.0,0,0,-35.962473150290315,20828,21,11854,-7.571712312077205,26417,10804.0,13246
13129.0,0,12225.0,30822,14603,4.0,2025.0,0,0,-35.97760032673953,19532,15,11953,-7.58861310482026,27688,10931.0,13922
13283.0,0,12122.0,35021,14404,4.0,2025.0,0,0,-35.91496242460072,19672,15,11682,-7.420377727071647,28466,10897.0,13474
13430.0,0,12294.0,35667,14587,6.0,2025.0,0,0,-36.12001119310203,21688,21,12222,-7.374329261001117,30549,10890.0,13881
13774.0,0,13262.0,41050,14777,4.0,2025.0,0,0,-36.158820530609574,31274,15,13866,-7.549109852132382,36532,12204.0,14298
13113.0,0,11669.0,36142,14448,4.0,2025.0,0,0,-36.0038280722779,25966,15,12957,-7.430766081083014,28417,11174.0,13498
14159.0,0,13251.0,42719,15401,4.0,2025.0,0,0,-36.158188674988985,29512,15,13643,-7.565566698789228,36669,12459.0,14587
13390.0,0,12658.0,34270,14579,4.0,2025.0,0,0,-35.922252305983974,26123,15,13026,-7.545702408177573,31925,11694.0,14218
13523.0,0,12547.0,35905,14636,4.0,2025.0,0,0,-36.250525981932,23633,15,12755,-7.298263738177107,33497,11599.0,13912
13745.0,0,12592.0,36560,14989,4.0,2025.0,0,0,-35.93374553464469,27286,15,13178,-7.5756705917590885,31753,12007.0,14175
12884.0,0,12165.0,37005,13986,4.0,2025.0,0,0,-36.16768152202045,31740,15,12522,-7.5871243946418305,34104,11334.0,13076
13294.0,0,12158.0,34638,14500,6.0,2025.0,0,0,-35.998364573948194,22487,21,12422,-7.350297261153653,29902,10941.0,13668
12052.0,0,11892.0,30901,13462,4.0,2025.0,0,0,-36.23576190507629,31689,15,13182,-7.305592968115933,30959,11655.0,13261
13321.0,0,11809.0,35004,14263,4.0,2025.0,0,0,-35.93381129445466,27473,15,12980,-7.318779721170946,30153,11350.0,13519
13794.0,0,11822.0,41500,15197,4.0,2025.0,0,0,-36.090019784287314,24014,15,12440,-7.654229536187594,30405,11012.0,13819
13009.0,0,12156.0,35889,14486,6.0,2025.0,0,0,-36.25395061852403,25178,21,12686,-7.398066217188512,29476,11317.0,13438
13443.0,0,11987.0,35270,14822,4.0,2025.0,0,0,-35.92867603739597,27428,15,13211,-7.5741535850073065,29879,11269.0,14006
14320.0,0,13018.0,42883,15166,4.0,2025.0,0,0,-35.929618393579375,27812,15,13053,-7.37550877645558,35775,11621.0,14560
12728.0,0,11623.0,34633,13682,6.0,2025.0,0,0,-35.9356057507121,27141,21,12412,-7.333670164500823,28600,11073.0,12713
13074.0,0,11680.0,35641,14422,4.0,2025.0,0,0,-36.234827408684275,26515,15,12778,-7.428625626271226,28687,11409.0,13324
14362.0,0,12881.0,45239,15643,4.0,2025.0,0,0,-36.08075894132443,27205,15,13466,-7.286557931515929,34794,12036.0,14473
13483.0,0,12462.0,34615,14578,4.0,2025.0,0,0,-35.920810597244916,25032,15,12980,-7.3480172930093,28399,11698.0,13636
12980.0,0,11784.0,33494,14147,4.0,2025.0,0,0,-35.957276572739005,26267,15,12432,-7.3150505216043396,27530,11022.0,13114
13340.0,0,11758.0,36293,14643,4.0,2025.0,0,0,-35.97576913427853,25629,15,13082,-7.490714182781942,28675,11483.0,13610
13394.0,0,11700.0,38387,14248,4.0,2025.0,0,0,-36.11903612176202,28751,15,12660,-7.561454275490223,32364,11037.0,13338
13132.0,0,11881.0,37195,14208,4.0,2025.0,0,0,-36.11239165234732,26041,15,12780,-7.351371731439815,27766,11194.0,13307
13025.0,0,12284.0,35229,14815,6.0,2025.0,0,0,-36.16598854938102,29032,21,13680,-7.527937169366636,34420,11974.0,14455
12405.0,0,11337.0,35408,13672,4.0,2025.0,0,0,-36.153928281269614,28410,15,12496,-7.548007979487894,31479,11235.0,13125
12404.0,0,11356.0,33532,14009,4.0,2025.0,0,0,-36.01276239687818,26964,15,12708,-7.293381025840514,29245,11039.0,13045
13473.0,0,12381.0,41838,15042,4.0,2025.0,0,0,-36.00012265162049,24420,15,13022,-7.369894070979702,29163,11368.0,13953
13673.0,0,12350.0,37860,14462,4.0,2025.0,0,0,-35.915256020433475,25411,15,12565,-7.424914356728026,31300,11305.0,13537
13845.0,0,11904.0,39483,14696,4.0,2025.0,0,0,-35.919063254383,28132,15,12571,-7.316228811034377,31426,11222.0,13729
12688.0,0,12567.0,37502,14503,4.0,2025.0,0,0,-36.173169795985935,27531,15,13136,-7.402884976915644,35290,11171.0,14366
12372.0,0,11427.0,39409,13936,4.0,2025.0,0,0,-36.55430795452575,28092,15,12981,-7.3513632076941855,32222,11100.0,13240
13936.0,0,12216.0,47802,15013,4.0,2025.0,0,0,-36.64470328874403,23692,15,12396,-7.621225867077232,35866,11048.0,14048
12438.0,0,11922.0,36004,14220,4.0,2025.0,0,0,-36.608697536338575,34541,15,13690,-7.43931450958226,35659,11591.0,13888
13703.0,0,12910.0,42871,14895,4.0,2025.0,0,0,-36.336878299467614,21926,15,12811,-7.628102687411684,38201,11326.0,14314
13832.0,0,12656.0,41056,14901,4.0,2025.0,0,0,-36.46088357381573,31686,15,13977,-7.473186146213189,35258,12524.0,14369
14073.0,0,13467.0,46380,15439,6.0,2025.0,0,0,-36.450164112848555,30384,21,13489,-7.6428631529117546,38990,12222.0,14822
13029.0,0,12430.0,36406,14472,6.0,2025.0,0,0,-36.39578323399851,23275,21,12813,-7.375531031266657,30009,11515.0,13894
12702.0,0,12066.0,38164,14088,6.0,2025.0,0,0,-36.2807499446605,28776,21,12615,-7.495179959545519,31072,11734.0,13596
13386.0,0,12571.0,39784,14407,6.0,2025.0,0,0,-36.50919328382255,27129,21,13282,-7.628034454391278,33796,12083.0,14167
12241.0,0,11931.0,30680,13686,4.0,2025.0,0,0,-36.55037592748792,20957,15,11328,-7.448563007824099,29088,10890.0,13572
12170.0,0,11560.0,36672,13896,6.0,2025.0,0,0,-36.5575681863035,22367,21,12081,-7.490717783538373,31644,10886.0,13350
13320.0,0,12614.0,36816,14643,4.0,2025.0,0,0,-36.48300614418419,29644,15,13761,-7.297206206226478,34331,12406.0,14406
12827.0,0,12308.0,35482,13990,4.0,2025.0,0,0,-36.59761539113533,31095,15,13479,-7.52443567632875,32907,11968.0,13883
12966.0,0,12156.0,38959,14397,4.0,2025.0,0,0,-36.6069378584085,24422,15,13418,-7.412528518178279,31532,11751.0,14054
14033.0,0,13571.0,44099,15346,4.0,2025.0,0,0,-36.34305010693468,32025,15,14248,-7.318789665867644,38278,12700.0,15006
12662.0,0,12010.0,31164,13711,4.0,2025.0,0,0,-36.639185842256786,22544,15,12184,-7.298259021548366,30457,10938.0,13418
13191.0,0,12434.0,37828,14330,4.0,2025.0,0,0,-36.4606337467948,28279,15,13304,-7.369902326210428,32950,11685.0,14091
13376.0,0,11704.0,39928,14860,4.0,2025.0,0,0,-36.36276654689319,26170,15,13024,-7.315057945774579,31035,11245.0,13739
12745.0,0,11935.0,40366,14553,4.0,2025.0,0,0,-36.35964896426591,31063,15,13533,-7.43709940259409,37039,11525.0,13914
12740.0,0,11995.0,39079,14322,4.0,2025.0,0,0,-36.325747920671006,29898,15,13270,-7.316239068534768,33924,11560.0,13809
12876.0,0,12560.0,37370,14343,4.0,2025.0,0,0,-36.62250264599926,28244,15,13291,-7.44635871300535,35468,11791.0,14247
12130.0,0,11498.0,32470,13750,4.0,2025.0,0,0,-36.575597548253974,21893,15,12238,-7.369713432206266,32588,10779.0,13456
12143.0,0,11440.0,34353,13486,4.0,2025.0,0,0,-36.58496630154104,29290,15,12649,-7.374313945673468,32429,10930.0,13383
12244.0,0,11822.0,36392,14219,4.0,2025.0,0,0,-36.302673231809614,31442,15,13504,-7.5900346688961795,35657,11206.0,14102
9754.0,65535,9478.0,15222,8471,8.0,2025.0,65535,65535,-34.87173165220777,12670,33,5830,-6.995216265523498,12828,9323.0,6100
9387.0,65535,9263.0,15440,7838,8.0,2025.0,65535,65535,-34.83836923203994,15010,33,7557,-6.995118518417154,14989,9221.0,7685
9579.0,65535,9433.0,16129,8597,8.0,2025.0,65535,65535,-34.869973818038325,12843,33,6672,-6.975615708960281,13303,9424.0,7052
11964.0,65535,10611.0,26395,12570,8.0,2025.0,0,0,-36.353732759784705,16904,33,7992,-7.96317684906407,19630,9071.0,9969
10284.0,38872,9814.0,18825,10287,8.0,2025.0,0,42843,-35.231000519155494,12568,33,6820,-7.348035808231908,13370,9762.0,7265
9778.0,25674,9727.0,13930,7805,8.0,2025.0,65535,24711,-36.18578403724354,11935,33,5785,-7.505898933394417,12071,9688.0,6172
