savi_median_wet,avi_median_dry,savi_median,cvi_median_wet,ri_median_wet,classe,year,avi_median_wet,avi_median,Longitude,cvi_median_dry,class,ri_median_dry,Latitude,cvi_median,savi_median_dry,ri_median
,0,,36074,15473,0.0,2016.0,0,0,-38.89372568149277,32841,3,14795,-12.909116545289223,33935,,15052
,0,,40484,15967,0.0,2016.0,0,0,-38.89596559442162,31991,3,15077,-12.909986734706903,39187,,15907
,0,,43736,16019,0.0,2016.0,0,0,-38.949961072408975,35078,3,15646,-13.180310074311004,39191,,16019
,0,,38885,15736,0.0,2016.0,0,0,-38.92007892225076,36810,3,15203,-13.154903305382986,40432,,15442
,0,,45034,16302,0.0,2016.0,0,0,-38.93130325320922,31997,3,14925,-13.156721505813264,35916,,15781
,0,,36454,15676,0.0,2016.0,0,0,-39.00631182527609,38041,3,15586,-13.20096143080691,37283,,15628
,0,,44617,16153,0.0,2016.0,0,0,-39.05073287907848,37641,3,15793,-13.218670403348579,44414,,16057
,0,,36101,15116,0.0,2016.0,0,0,-38.92810435003567,32309,3,15095,-12.927907485425393,36101,,15116
,0,,39286,15419,0.0,2016.0,0,0,-39.18144059980873,30474,3,14952,-13.247802119038457,34740,,15214
,0,,41062,15895,0.0,2016.0,0,0,-38.96631958179274,41053,3,15894,-12.926741685542185,41053,,15894
,0,,41464,15854,0.0,2016.0,0,0,-39.175053786643275,41464,3,15854,-13.139023826123482,41464,,15854
,0,,41175,15317,0.0,2016.0,0,0,-39.17465416929974,37564,3,15076,-13.23882832732747,39254,,15195
,0,,41262,15522,0.0,2016.0,0,0,-39.06259228179189,34646,3,14784,-13.135005388872822,37747,,15166
,0,,40790,15127,0.0,2016.0,0,0,-39.130801167566375,38370,3,14973,-13.180466581692851,39539,,15049
,0,,37341,14922,0.0,2016.0,0,0,-39.11642695682586,29765,3,13537,-13.21806319466214,33495,,14298
,0,,40203,16037,0.0,2016.0,0,0,-39.4659291553049,40203,3,16037,-12.898344470218756,40203,,16037
,0,,39807,16000,0.0,2016.0,0,0,-39.47129585926471,40698,3,15893,-12.959990416062375,40270,,15946
,0,,47572,16323,0.0,2016.0,0,0,-39.65799790730982,35039,3,15015,-13.08436803097556,42526,,15782
,0,,40096,16002,0.0,2016.0,0,0,-39.557570584187665,29065,3,13257,-13.247802110558228,33839,,14609
,0,,34576,15196,0.0,2016.0,0,0,-39.296208896265114,18621,3,12630,-13.154903280706817,34097,,15240
,0,,35035,15120,0.0,2016.0,0,0,-39.76225350826422,17061,3,11593,-13.164557815428209,24986,,14247
,0,,27348,14154,0.0,2016.0,0,0,-40.008981018349075,27258,3,13941,-12.94173749579961,26925,,14053
,0,,41352,15608,0.0,2016.0,0,0,-39.75411588248772,21929,3,13309,-13.217373948324672,30938,,14584
,0,,37815,15532,0.0,2016.0,0,0,-39.79166154524312,24246,3,13583,-13.180462907779436,32772,,15150
,0,,30538,14529,0.0,2016.0,0,0,-39.892955719729784,25803,3,13656,-12.973340932200434,29698,,14213
,0,,39584,15883,0.0,2016.0,0,0,-39.82416534869853,32774,3,15277,-13.176554953102292,36098,,15751
,0,,36857,15179,0.0,2016.0,0,0,-39.83249440512248,25252,3,13864,-13.198339466856687,33949,,15051
,0,,39328,15454,0.0,2016.0,0,0,-39.73682131792667,29061,3,14111,-13.051128190655403,35125,,15010
,0,,35768,15455,0.0,2016.0,0,0,-39.73408989629241,32182,3,15062,-13.05414072725745,33679,,15210
,0,,39460,15541,0.0,2016.0,0,0,-39.84463849939235,28524,3,14147,-13.234223495959286,36655,,15206
,0,,45338,16194,0.0,2016.0,0,0,-39.66196801811347,29430,3,14706,-13.228935910561347,37592,,15576
,0,,36008,15012,0.0,2016.0,0,0,-39.89434989891012,30511,3,14389,-13.238836329962526,33557,,14706
,0,,39257,15296,0.0,2016.0,0,0,-39.66709450053277,28686,3,14086,-13.063453845131145,36065,,15219
,0,,37384,15049,0.0,2016.0,0,0,-39.819789556180986,32368,3,14985,-13.265291936749025,34961,,15085
,0,,34320,15009,0.0,2016.0,0,0,-39.94441730903895,29918,3,14457,-13.156755100826723,31745,,14845
,0,,37745,15007,0.0,2016.0,0,0,-39.97942907965953,28755,3,14002,-13.185106761903254,35934,,14813
,0,,37067,14896,0.0,2016.0,0,0,-39.777220027483004,26909,3,13706,-13.186624028479688,30270,,14360
,0,,34807,14681,0.0,2016.0,0,0,-39.687839721720046,33416,3,14517,-13.200927249369103,32566,,14533
,0,,37908,15328,0.0,2016.0,0,0,-39.74792176850622,36404,3,15201,-12.926754467637004,33216,,14889
,0,,35350,14854,0.0,2016.0,0,0,-39.986023846045875,32444,3,14528,-13.186614229404057,33920,,14777
,0,,32798,14536,1.0,2016.0,0,0,-39.66742953116701,24508,4,12953,-12.986327657447161,26487,,13584
,0,,43221,15348,1.0,2016.0,0,0,-39.722044734398,25952,4,12628,-13.23889351228618,30721,,13776
,0,,26122,13550,1.0,2016.0,0,0,-39.80552069584316,25862,4,13133,-12.994456718888772,25833,,13290
,0,,27331,13649,1.0,2016.0,0,0,-39.81231726836885,26038,4,13441,-12.981356327679292,26140,,13473
,0,,28038,13682,1.0,2016.0,0,0,-39.9607565103813,21897,4,12420,-12.981250321715645,23850,,12938
,0,,28238,13396,1.0,2016.0,0,0,-39.91018610700285,23627,4,12571,-13.247808942449803,25792,,12987
,0,,22678,13215,1.0,2016.0,0,0,-40.00766473663941,28528,4,13660,-13.057664710078495,26042,,13457
,0,,24463,13650,1.0,2016.0,0,0,-39.84509130584671,27477,4,13833,-13.264957790711058,25571,,13713
,0,,30047,13832,1.0,2016.0,0,0,-39.91057327063417,27943,4,13435,-13.042137563006081,29229,,13737
,0,,27612,13069,1.0,2016.0,0,0,-39.90876112610193,24595,4,12497,-12.915624333089344,26000,,12783
,0,,33793,14834,1.0,2016.0,0,0,-39.79806317669982,25819,4,14001,-13.00358011736243,30937,,14489
,0,,25933,13478,1.0,2016.0,0,0,-39.66945921072498,21575,4,12574,-12.933399373412128,22774,,12928
,0,,32916,14465,1.0,2016.0,0,0,-39.86817277333396,18120,4,11641,-12.908961752288489,25447,,13468
,0,,29287,14136,1.0,2016.0,0,0,-39.751756881817464,26475,4,13655,-13.00954579799324,26864,,13779
,0,,31109,14611,1.0,2016.0,0,0,-39.91361241388184,23613,4,13169,-13.17430622228712,25834,,13851
,0,,31796,14205,1.0,2016.0,0,0,-39.81517790496842,24559,4,13034,-13.218061994306439,27892,,13695
,0,,31371,14231,1.0,2016.0,0,0,-39.78091314227229,25906,4,13265,-12.987057900079527,27785,,13656
,0,,37247,15359,1.0,2016.0,0,0,-39.80226738381558,32019,4,14721,-13.159043155476352,36092,,15289
,0,,36258,14672,1.0,2016.0,0,0,-39.74773875819084,28184,4,13866,-13.042948320077791,33942,,14278
,0,,32523,14932,1.0,2016.0,0,0,-40.031617515340066,27573,4,13996,-13.177004608293846,29594,,14447
,0,,31544,14655,1.0,2016.0,0,0,-39.67582433625995,29023,4,13809,-13.014288228808146,29073,,14078
,0,,32569,14560,1.0,2016.0,0,0,-39.84599220411948,28761,4,13884,-13.084435474829228,30512,,14211
,0,,34574,14934,1.0,2016.0,0,0,-39.94007426820944,31953,4,14529,-13.193534302928942,32793,,14720
,0,,34137,14596,1.0,2016.0,0,0,-39.859284455153606,30234,4,14152,-13.087871483801303,32087,,14379
,0,,32070,14624,1.0,2016.0,0,0,-40.013109484921515,30234,4,13656,-13.253930842710504,33396,,14537
,0,,41890,15520,1.0,2016.0,0,0,-40.39753573435102,22355,4,12352,-12.901102094016064,28523,,13632
,0,,31549,14640,1.0,2016.0,0,0,-40.15019388136591,25920,4,13603,-12.905143587944513,26852,,13848
,0,,44800,15828,1.0,2016.0,0,0,-40.30512528413664,32347,4,14336,-13.198040467407203,38117,,15080
,0,,33842,15076,1.0,2016.0,0,0,-40.25747563106852,30234,4,12580,-12.98586223454081,33772,,15049
,0,,24780,13032,1.0,2016.0,0,0,-40.21818916585086,24777,4,12895,-12.898344442868018,24844,,12915
,0,,36722,15361,1.0,2016.0,0,0,-40.04396007724023,27334,4,13367,-13.087809976506286,27334,,13367
,0,,43843,15694,1.0,2016.0,0,0,-40.373203665395266,24277,4,12988,-12.917306717822107,29004,,14015
,0,,21137,12444,1.0,2016.0,0,0,-40.07124330361096,21512,4,12455,-12.930454849512442,21137,,12444
,0,,37394,15533,1.0,2016.0,0,0,-40.385652540528895,22895,4,12881,-12.933409944500383,26471,,13850
,0,,21927,12977,1.0,2016.0,0,0,-40.37227352867521,20481,4,12776,-13.039985493315704,21238,,12885
,0,,27700,14208,0.0,2016.0,0,0,-40.211114282044456,23801,3,13142,-13.239949421874805,29220,,13844
,0,,36565,15632,1.0,2016.0,0,0,-40.386600306167026,27869,4,13787,-12.909124017098396,30786,,14454
,0,,34677,15075,1.0,2016.0,0,0,-40.38796373228862,24253,4,12844,-12.909994858726337,27225,,13698
,0,,34296,14837,1.0,2016.0,0,0,-40.34526580410525,24394,4,13753,-13.04843600067817,31281,,14406
,0,,26167,13460,1.0,2016.0,0,0,-40.094709554508846,24187,4,12998,-12.926741689231488,24267,,13024
,0,,32447,15175,1.0,2016.0,0,0,-40.33955982723639,30085,4,14278,-13.00704097555425,29535,,14648
,0,,31887,14545,1.0,2016.0,0,0,-40.309830604894216,30176,4,14204,-13.247802109657913,30594,,14288
,0,,30152,14807,1.0,2016.0,0,0,-40.06758257959673,29769,4,14708,-13.003538303372187,30415,,14757
,0,,29630,14659,0.0,2016.0,0,0,-40.303044173362586,23232,3,13659,-13.238828317378616,29337,,14528
,0,,36636,15446,0.0,2016.0,0,0,-40.208616731853155,34962,3,15030,-13.148780063472126,36225,,15284
,0,,35239,15180,0.0,2016.0,0,0,-40.227451794861494,32032,3,14899,-13.264957769162072,33717,,15038
,0,,28736,13973,1.0,2016.0,0,0,-40.33038012703449,28545,4,13645,-12.986368288562772,28651,,13810
,0,,31779,14675,1.0,2016.0,0,0,-40.38734374567013,29852,4,14358,-13.17426263033627,30536,,14417
,0,,41074,15716,0.0,2016.0,0,0,-40.24580164371687,29971,3,14363,-13.164571042986198,34538,,15045
,0,,30467,15085,0.0,2016.0,0,0,-40.310645571756886,30536,3,14330,-13.01433057324727,31090,,14973
,0,,35982,15052,1.0,2016.0,0,0,-40.059693220647645,32577,4,14546,-13.15672149903157,34285,,14772
,0,,35157,15671,0.0,2016.0,0,0,-40.20181157906839,35494,3,15533,-13.265292506154225,35721,,15595
,0,,31061,15268,0.0,2016.0,0,0,-40.24984627811498,27321,3,13874,-12.962971154471598,31078,,15093
,0,,33737,14978,0.0,2016.0,0,0,-40.28201408749123,32398,3,14842,-13.198333311707719,33068,,14912
,0,,37253,16075,0.0,2016.0,0,0,-40.25272374760332,27252,3,15084,-12.981273084393298,36985,,16015
,0,,23353,13013,1.0,2016.0,0,0,-40.192900798989335,22268,4,12676,-12.97334299470597,22933,,12867
,0,,24016,13443,1.0,2016.0,0,0,-40.07358926083594,23652,4,13138,-13.26912972086523,24011,,13216
,0,,24585,13136,1.0,2016.0,0,0,-40.28230421814495,24540,4,12911,-12.928616460294032,24585,,13136
,0,,27475,13192,1.0,2016.0,0,0,-40.39139004920165,27779,4,12893,-13.0095091857194,27623,,13045
,0,,27398,13567,1.0,2016.0,0,0,-40.06924297096946,24911,4,13073,-13.232040483424,26009,,13320
,0,,20846,12523,1.0,2016.0,0,0,-40.72473145021277,21238,4,12304,-13.268099236180044,21308,,12516
,0,,28221,13876,1.0,2016.0,0,0,-40.43437303871622,18131,4,11502,-12.959604936401963,22505,,12710
,0,,24861,13511,1.0,2016.0,0,0,-40.58724427757557,24825,4,13266,-13.239949399743718,24689,,13460
,0,,21636,12852,1.0,2016.0,0,0,-40.65814406906023,22228,4,12829,-13.19833329819554,21923,,12841
,0,,24512,13661,1.0,2016.0,0,0,-40.42882015632432,24149,4,13311,-13.03627917742186,24119,,13542
,0,,30515,14474,1.0,2016.0,0,0,-40.67176803378357,18976,4,11884,-13.176545973251748,24806,,13575
,0,,24379,13590,1.0,2016.0,0,0,-40.77055053143078,23247,4,13048,-13.193494232227687,24524,,13546
,0,,30400,14546,0.0,2016.0,0,0,-40.470839572984126,22511,3,13245,-12.926741677534652,27325,,13874
,0,,43873,16098,1.0,2016.0,0,0,-40.44318330926815,23997,4,13235,-12.987019574228626,30947,,14685
,0,,29055,13880,1.0,2016.0,0,0,-40.49119773806473,25195,4,12893,-13.199520751736342,29055,,13880
,0,,34384,15279,1.0,2016.0,0,0,-40.67240312256101,25676,4,13606,-13.160136419113117,29252,,14388
,0,,23987,13072,1.0,2016.0,0,0,-40.77560015911754,23987,4,13072,-13.23166529171566,23987,,13072
,0,,33386,14565,1.0,2016.0,0,0,-40.51369765259006,33386,4,14565,-12.981434777330058,33386,,14565
,0,,26660,13850,1.0,2016.0,0,0,-40.42852635554786,24465,4,13385,-13.031755524096717,25905,,13630
,0,,20699,13210,1.0,2016.0,0,0,-40.42701846044857,22852,4,12765,-13.265413440150297,22852,,12765
,0,,37129,15439,1.0,2016.0,0,0,-40.42459891558801,24929,4,13395,-13.154903267128443,28218,,14169
,0,,23920,13427,1.0,2016.0,0,0,-40.78266524356571,24196,4,13357,-13.253919060913121,24057,,13393
,0,,44356,15659,1.0,2016.0,0,0,-40.51193587230824,26074,4,13328,-12.961894127052213,34520,,14747
,0,,24079,12764,1.0,2016.0,0,0,-40.5779415764328,20145,4,11864,-13.265292482800671,22998,,12487
,0,,25723,13266,1.0,2016.0,0,0,-40.51083181459388,24115,4,13042,-13.200961385938754,24865,,13155
,0,,39760,15560,0.0,2016.0,0,0,-39.185116097167615,18518,3,13046,-13.302145417001487,34703,,15100
,0,,29364,14766,0.0,2016.0,0,0,-39.09055561925956,19570,3,13105,-13.271888454157818,24524,,14119
,0,,37051,16119,0.0,2016.0,0,0,-39.029406468580405,31102,3,14896,-13.278688072387933,34643,,15463
,0,,48962,15967,0.0,2016.0,0,0,-39.11591256865773,34863,3,14799,-13.282503663267773,44290,,15762
,0,,37674,15716,0.0,2016.0,0,0,-39.53223647665246,34407,3,15351,-13.463453437595685,35967,,15535
,0,,42519,15603,0.0,2016.0,0,0,-39.58625719384094,29056,3,14631,-13.428414444240897,37591,,15763
,0,,45619,16309,0.0,2016.0,0,0,-39.63153420244789,33917,3,15194,-13.431176709581262,35794,,15338
,0,,24822,14187,0.0,2016.0,0,0,-39.49204255043199,24822,3,14187,-13.282503645817457,24822,,14187
,0,,31994,14720,0.0,2016.0,0,0,-39.4482249972629,31994,3,14720,-13.335439553911073,31994,,14720
,0,,45168,16073,0.0,2016.0,0,0,-39.53404584161262,37622,3,15716,-13.333514883421328,40609,,15959
,0,,46380,15917,0.0,2016.0,0,0,-39.59399542452563,32256,3,15207,-13.359362179820238,39309,,15633
,0,,32422,14361,1.0,2016.0,0,0,-39.645985627156584,22125,4,12442,-13.282656888605402,26350,,13372
,0,,31176,13966,1.0,2016.0,0,0,-40.03040526768918,24083,4,12933,-13.62739290290072,25841,,13255
,0,,30255,13411,1.0,2016.0,0,0,-39.842059165829745,18860,4,11317,-13.271888434869998,25601,,12753
,0,,30631,14434,1.0,2016.0,0,0,-39.84742725092721,27009,4,13975,-13.3335225293492,28444,,14328
,0,,32938,14997,1.0,2016.0,0,0,-39.6951134377858,21653,4,12241,-13.303991453161135,27572,,14144
,0,,32427,14888,1.0,2016.0,0,0,-39.83498501512066,28785,4,14124,-13.613427656071943,29027,,14288
,0,,32052,14971,1.0,2016.0,0,0,-40.01183422699155,29802,4,14407,-13.283535242038658,31403,,14693
,0,,29396,14099,1.0,2016.0,0,0,-39.91525367464073,16967,4,11163,-13.532531865163312,26065,,13663
,0,,36669,14928,1.0,2016.0,0,0,-39.952703321255626,32134,4,14569,-13.427657735539562,33723,,14806
,0,,37353,15290,0.0,2016.0,0,0,-39.71857975238366,21642,3,13016,-13.300279349483134,31780,,14707
,0,,35496,15090,1.0,2016.0,0,0,-40.0104707625187,32176,4,14633,-13.282664590779737,33867,,14840
,0,,36179,15329,1.0,2016.0,0,0,-40.00952356563505,28225,4,14195,-13.306945859179093,31483,,14719
,0,,41310,15659,0.0,2016.0,0,0,-39.70809217107851,29831,3,14687,-13.367947474403229,34399,,15216
,0,,40125,15332,0.0,2016.0,0,0,-39.774063972742,35585,3,14725,-13.278685987755036,37927,,15191
,0,,35268,14677,1.0,2016.0,0,0,-39.696909047549156,20966,4,12833,-13.318836648712953,27895,,13718
,0,,42006,16098,0.0,2016.0,0,0,-39.72807064062335,20756,3,12678,-13.354858735282356,31645,,15084
,0,,42950,15987,1.0,2016.0,0,0,-39.90588519663281,31602,4,14341,-13.571819392088873,41202,,15804
,0,,38973,15868,0.0,2016.0,0,0,-39.68211317601952,21719,3,12511,-13.33313573356659,31670,,14870
,0,,38687,15844,0.0,2016.0,0,0,-39.9890816683557,36934,3,15709,-13.3209545883793,37206,,15743
,0,,46541,16098,0.0,2016.0,0,0,-39.676266593133796,32607,3,14862,-13.405272344081014,36263,,15485
,0,,39005,15648,0.0,2016.0,0,0,-39.73709885604052,32555,3,14737,-13.47540750922348,35367,,15319
,0,,44336,16027,0.0,2016.0,0,0,-39.8256817117543,22774,3,14036,-13.638765844366388,38003,,15716
,0,,46718,16366,0.0,2016.0,0,0,-39.68881048977257,35277,3,14925,-13.300958491787023,40578,,15694
,0,,35499,14065,1.0,2016.0,0,0,-40.023340229771,20459,4,12128,-13.605143548156768,27607,,13407
,0,,36181,15259,1.0,2016.0,0,0,-39.8906236439943,23289,4,12752,-13.28916848191045,30035,,14146
,0,,30142,14193,1.0,2016.0,0,0,-39.996144592214584,24610,4,13152,-13.41350110327158,26614,,13598
,0,,33273,14457,1.0,2016.0,0,0,-39.9061751096924,24511,4,13184,-13.302154459401622,29277,,13844
,0,,36704,15104,0.0,2016.0,0,0,-39.856740723205235,27555,3,13807,-13.282504326040337,32283,,14647
,0,,26425,12560,1.0,2016.0,0,0,-39.87659589385894,28906,4,13204,-13.354801081081048,27047,,13004
,0,,31032,13622,1.0,2016.0,0,0,-39.9776239232646,29103,4,13162,-13.41645020863296,29587,,13189
,0,,30798,13469,1.0,2016.0,0,0,-39.864970501980395,26062,4,12275,-13.39749478263872,28505,,13344
,0,,40577,16008,0.0,2016.0,0,0,-40.38690842027066,34456,3,15615,-13.556132000479295,39259,,15834
,0,,33951,15246,0.0,2016.0,0,0,-40.121058234714916,33399,3,14909,-13.31886042161002,33582,,15021
,0,,27938,14140,0.0,2016.0,0,0,-40.042891166223086,24350,3,13611,-13.572964649844256,27134,,14140
,0,,37025,15224,0.0,2016.0,0,0,-40.12622837455487,32328,3,14712,-13.59213757514655,36660,,15223
,0,,36470,15158,0.0,2016.0,0,0,-40.178395484127904,17810,3,12445,-13.532536833393968,26951,,14383
,0,,37345,15399,0.0,2016.0,0,0,-40.36822752692392,35059,3,14680,-13.397454399807723,36745,,15212
,0,,42411,15960,0.0,2016.0,0,0,-40.36998552472796,36000,3,15413,-13.424157719499776,40221,,15771
,0,,33768,14991,1.0,2016.0,0,0,-40.13024528292179,28818,4,14048,-13.590856063159885,31071,,14315
,0,,36784,15212,1.0,2016.0,0,0,-40.284890874484915,25551,4,12928,-13.289164779530196,31388,,14343
,0,,29649,14203,1.0,2016.0,0,0,-40.33688578940061,28242,4,13774,-13.354777665473227,28947,,13993
,0,,30045,14278,1.0,2016.0,0,0,-40.08853755568816,21606,4,12488,-13.615901194892768,27763,,14017
,0,,25735,13836,1.0,2016.0,0,0,-40.04558881239439,26302,4,13619,-13.306934969961242,27151,,13789
,0,,35866,14921,1.0,2016.0,0,0,-40.195919458454846,32912,4,14537,-13.638765229282946,33488,,14547
,0,,24984,13769,1.0,2016.0,0,0,-40.39306892230355,25343,4,13617,-13.290833516094704,25414,,13637
,0,,30406,13883,1.0,2016.0,0,0,-40.03809800774426,24391,4,12604,-13.602414494915909,28792,,12604
,0,,37147,14823,1.0,2016.0,0,0,-40.20048500586082,29602,4,13786,-13.335439561579335,31943,,13956
,0,,28193,13888,1.0,2016.0,0,0,-40.03922617379898,26218,4,13383,-13.32092686187558,27151,,13608
,0,,34215,14447,1.0,2016.0,0,0,-40.28670113790134,29067,4,13834,-13.415653640814305,32015,,14198
,0,,32575,13703,1.0,2016.0,0,0,-40.06314340117182,31260,4,13299,-13.631543112026284,31260,,13299
,0,,43592,15468,1.0,2016.0,0,0,-40.13838220885881,19719,4,12654,-13.538050168675017,32473,,14736
,0,,38393,15300,1.0,2016.0,0,0,-40.34556943447081,33224,4,14631,-13.641572748391038,34133,,14900
,0,,34130,14921,1.0,2016.0,0,0,-40.22190385449613,34107,4,14602,-13.354976933688254,34436,,14707
,0,,38274,15372,1.0,2016.0,0,0,-40.4059996510448,31771,4,14691,-13.605500500875344,34893,,15058
,0,,44545,15868,1.0,2016.0,0,0,-40.18164805273927,32518,4,14708,-13.367982092966711,35658,,15086
,0,,37579,15254,1.0,2016.0,0,0,-40.18741013373837,35291,4,14799,-13.405327249075405,35984,,15092
,0,,29072,13390,1.0,2016.0,0,0,-40.385110906749894,26613,4,13305,-13.315271764016012,27847,,13351
,0,,39517,15650,0.0,2016.0,0,0,-40.40774741103358,35717,3,14933,-13.55049318366393,37361,,15381
,0,,45664,15557,1.0,2016.0,0,0,-40.188445052940914,28168,4,13258,-13.354884250790333,32783,,14118
,0,,36492,15055,1.0,2016.0,0,0,-40.28630585972014,19068,4,11529,-13.333514880281301,27934,,14080
,0,,31419,14293,1.0,2016.0,0,0,-40.04322431488477,29445,4,13720,-13.436964370548942,30573,,13987
,0,,29927,13990,1.0,2016.0,0,0,-40.3385172177289,27985,4,13262,-13.428414423790723,29624,,13983
,0,,26036,12860,1.0,2016.0,0,0,-40.043559264446344,27157,4,12705,-13.359853031305601,26083,,12847
,0,,32550,13383,1.0,2016.0,0,0,-40.04517616233739,26644,4,12426,-13.638881240565086,31103,,13182
,0,,34280,14838,1.0,2016.0,0,0,-40.10433110774464,29157,4,13342,-13.304009028681303,31634,,14209
,0,,27701,13732,1.0,2016.0,0,0,-40.051953839021124,25664,4,12603,-13.387808372383686,25945,,13011
,0,,30853,14629,1.0,2016.0,0,0,-40.120656576303304,25746,4,13360,-13.333168494522733,31022,,14553
,0,,22679,12719,1.0,2016.0,0,0,-40.722385418181304,22539,4,12606,-13.359362172571007,22539,,12606
,0,,24730,12858,1.0,2016.0,0,0,-40.499996374922176,23622,4,12569,-13.4164639267925,24132,,12711
,0,,24501,12660,1.0,2016.0,0,0,-40.4804611243092,24994,4,12179,-13.304008998566042,24776,,12409
,0,,25013,13005,1.0,2016.0,0,0,-40.47430451711212,23821,4,12564,-13.612371128999282,24308,,12725
,0,,24314,12864,1.0,2016.0,0,0,-40.49678658964936,21161,4,12205,-13.333168470585248,23846,,12703
,0,,21703,12557,1.0,2016.0,0,0,-40.66062647563075,22157,4,12466,-13.463453434548144,21940,,12510
,0,,21185,12381,1.0,2016.0,0,0,-40.735021724513,22719,4,12145,-13.509020254751256,21957,,12377
,0,,24595,13471,1.0,2016.0,0,0,-40.463159422535455,27099,4,13501,-13.301462442153523,27693,,13622
,0,,28900,13834,1.0,2016.0,0,0,-40.447740128109025,30502,4,13117,-13.64259995319385,29550,,13149
,0,,46521,16103,1.0,2016.0,0,0,-40.50401402115332,25165,4,12983,-13.383067870513601,31069,,14244
,0,,36641,15063,1.0,2016.0,0,0,-40.42171884054547,26924,4,13403,-13.306934931971574,30066,,14041
,0,,38445,14741,1.0,2016.0,0,0,-40.50637529437851,31329,4,13510,-13.590856065825085,32329,,13448
,0,,26426,13197,1.0,2016.0,0,0,-40.58475291109152,25499,4,12483,-13.571825686353888,26577,,13063
,0,,20550,12625,1.0,2016.0,0,0,-40.68362527059895,20669,4,12475,-13.52844292646335,20610,,12550
,0,,20110,12880,1.0,2016.0,0,0,-40.73828212870482,20576,4,12698,-13.56010174825446,20346,,12787
,0,,24691,13490,1.0,2016.0,0,0,-40.739090540850896,24134,4,13161,-13.553802143191746,24404,,13321
,0,,21755,12770,1.0,2016.0,0,0,-40.62043255286692,21441,4,12436,-13.28250363700508,21470,,12448
,0,,21734,12686,1.0,2016.0,0,0,-40.662831118532786,20857,4,12413,-13.415653648479,21886,,12542
,0,,21851,12871,1.0,2016.0,0,0,-40.608653322103294,21954,4,12733,-13.398492120569871,21901,,12801
,0,,22545,13040,1.0,2016.0,0,0,-40.56838681335309,22733,4,13042,-13.409850487364533,22639,,13041
,0,,23086,12894,1.0,2016.0,0,0,-40.76303838118357,20180,4,12168,-13.556132040457927,22149,,12893
,0,,22831,12995,1.0,2016.0,0,0,-40.73168714600909,22718,4,12762,-13.558594661615494,22911,,12962
,0,,23411,13345,1.0,2016.0,0,0,-40.69172613142571,23475,4,13192,-13.33648751322256,23936,,13260
,0,,24634,13600,1.0,2016.0,0,0,-40.563540133925024,23749,4,13171,-13.4053272435261,24328,,13372
,0,,24973,13566,1.0,2016.0,0,0,-40.68777539400105,21046,4,12518,-13.433389512046237,24603,,13150
,0,,26645,13927,1.0,2016.0,0,0,-40.55777805405952,20994,4,12871,-13.367982081290213,25704,,13678
,0,,25364,13524,1.0,2016.0,0,0,-40.598033847895536,25415,4,13488,-13.354976924859562,25385,,13507
,0,,31299,14685,0.0,2016.0,0,0,-40.49704324559775,29381,3,14318,-13.421958646361837,29553,,14344
,0,,22679,13328,0.0,2016.0,0,0,-40.486347986145766,22826,3,13293,-13.427654030950377,22759,,13309
,0,,25405,13306,1.0,2016.0,0,0,-40.58758831400786,24749,4,13265,-13.627099567402993,25405,,13306
,0,,27275,14338,1.0,2016.0,0,0,-40.5645750529287,26776,4,13871,-13.354884238003093,27143,,14047
,0,,31764,14835,1.0,2016.0,0,0,-40.421306190588254,27852,4,13782,-13.638881233115592,29432,,14238
,0,,27806,14236,1.0,2016.0,0,0,-40.57661500347772,21743,4,12221,-13.33543954737319,24690,,13420
,0,,30810,14039,1.0,2016.0,0,0,-40.464667575369404,25846,4,13364,-13.615901192739917,30810,,14039
,0,,40741,15506,1.0,2016.0,0,0,-40.41422803737425,27069,4,14081,-13.602414482900912,33202,,14840
,0,,42400,15542,0.0,2016.0,0,0,-40.42990881023482,37036,3,15106,-13.508448487799106,39461,,15347
,0,,39849,15402,0.0,2016.0,0,0,-40.4181779924559,21176,3,13308,-13.47984176895218,33454,,14799
,0,,42292,15540,1.0,2016.0,0,0,-40.440099512123034,35249,4,15055,-13.574411668055257,37548,,15249
,0,,37001,15886,1.0,2016.0,0,0,-40.41968929299805,31820,4,15110,-13.35985299785073,32483,,15107
,0,,29725,14074,1.0,2016.0,0,0,-40.74693022701625,27496,4,13656,-13.39331623617881,28604,,13875
,0,,37140,15368,1.0,2016.0,0,0,-40.533926456831054,22706,4,12533,-13.278688034591596,28032,,14052
,0,,41950,15122,1.0,2016.0,0,0,-40.53317044376022,28512,4,12655,-13.360584546296973,32105,,13778
,0,,27188,14092,1.0,2016.0,0,0,-40.60757507085061,26394,4,13712,-13.571539522217144,27252,,13892
,0,,27675,13719,1.0,2016.0,0,0,-40.54392012879077,25986,4,13261,-13.553952415088968,26957,,13537
,0,,25386,13038,1.0,2016.0,0,0,-40.5968976922627,24963,4,12740,-13.607702824320116,25171,,12886
,0,,24229,12693,1.0,2016.0,0,0,-40.515558321276885,24033,4,12691,-13.413530766657198,24114,,12693
,0,,21871,12649,1.0,2016.0,0,0,-40.72169940346335,22390,4,12584,-13.641572792518264,22390,,12584
,0,,31290,14156,1.0,2016.0,0,0,-40.59735117873501,20231,4,11737,-13.638431206663482,30263,,13950
,0,,28524,14224,0.0,2016.0,0,0,-39.53748534786899,23569,3,12587,-12.800743679190262,28820,,14081
,0,,32779,15168,0.0,2016.0,0,0,-39.6066347269182,18129,3,12232,-12.76195357339074,28882,,14559
,0,,27842,13491,1.0,2016.0,0,0,-39.4400040558479,21647,4,12552,-12.66274385243554,24809,,13105
,0,,31494,14621,1.0,2016.0,0,0,-39.566577024586344,23239,4,13352,-12.72833318163191,25051,,13792
,0,,32915,14820,1.0,2016.0,0,0,-39.61596880799834,22532,4,13487,-12.650345060378417,32183,,14786
,0,,34757,14950,1.0,2016.0,0,0,-39.61854142601624,23213,4,13228,-12.646205366677865,32864,,14602
,0,,27195,14280,1.0,2016.0,0,0,-39.289788224542164,27195,4,14280,-12.7327653950314,27195,,14280
,0,,31556,14363,1.0,2016.0,0,0,-39.360693353280055,23025,4,12647,-12.677542338351547,26670,,13536
,0,,24273,13268,1.0,2016.0,0,0,-39.35796183342636,22023,4,12727,-12.680555486923152,24273,,13268
,0,,36467,15220,1.0,2016.0,0,0,-39.415532980800876,20396,4,12317,-12.806901493762046,26614,,13950
,0,,26133,14206,1.0,2016.0,0,0,-39.31831698535914,24551,4,13476,-12.69764037958978,27007,,14208
,0,,26569,13691,1.0,2016.0,0,0,-39.41570501653591,26569,4,13691,-12.743485684241664,26569,,13691
,0,,32449,14780,1.0,2016.0,0,0,-39.36840087706408,28942,4,14244,-12.58603331041456,30564,,14511
,0,,38312,15655,0.0,2016.0,0,0,-39.53444542143076,27548,3,14784,-12.66854955475926,38308,,15655
,0,,29300,14365,1.0,2016.0,0,0,-39.42613929778852,29300,4,14365,-12.785477559700901,29300,,14365
,0,,42423,15758,1.0,2016.0,0,0,-39.44803721073185,38039,4,15404,-12.80299265187838,41473,,15469
,0,,43569,15865,1.0,2016.0,0,0,-39.456365911646685,39232,4,15578,-12.824781344968565,41394,,15731
,0,,37974,15053,1.0,2016.0,0,0,-39.655487647397486,33844,4,14555,-12.803444112836212,35868,,14814
,0,,32500,14233,1.0,2016.0,0,0,-39.56394686346186,23256,4,12952,-12.819975678184152,27397,,13710
,0,,29606,13965,1.0,2016.0,0,0,-39.88305949714156,25179,4,12954,-12.806905077003902,26933,,13399
,0,,25398,13542,3.0,2016.0,0,0,-39.928994332071696,19262,12,11608,-12.82448263590578,22068,,12662
,0,,25343,13048,1.0,2016.0,0,0,-39.86966951809591,19284,4,11728,-12.791006453409912,23433,,13048
,0,,24982,14017,1.0,2016.0,0,0,-39.881856818754386,25342,4,13673,-12.860670070525739,25395,,13867
,0,,29168,13769,1.0,2016.0,0,0,-39.86240554479032,20712,4,12055,-12.813072895374418,24609,,13032
,0,,29653,14211,1.0,2016.0,0,0,-39.83192789120582,23947,4,13228,-12.732827050724058,27083,,13881
,0,,24155,13600,1.0,2016.0,0,0,-39.905882940447555,22165,4,12831,-12.82477536929491,23072,,13249
,0,,27944,13997,1.0,2016.0,0,0,-39.95846437871581,24592,4,13315,-12.677542352885983,26159,,13658
,0,,26188,13634,1.0,2016.0,0,0,-39.880361291266595,19680,4,11652,-12.798885644362246,23437,,12706
,0,,30106,14394,1.0,2016.0,0,0,-39.96913401417529,27086,4,13921,-12.674849809568766,28476,,14155
,0,,28637,14013,1.0,2016.0,0,0,-39.95269902709833,26022,4,13561,-12.680559000911062,27241,,13786
,0,,27246,13965,1.0,2016.0,0,0,-39.90617328800004,17922,4,11713,-12.555006618330248,27246,,13965
,0,,27836,13863,1.0,2016.0,0,0,-40.01525938519594,27836,4,13863,-12.635916195802924,27836,,13863
,0,,25767,13364,1.0,2016.0,0,0,-39.97247143253118,23256,4,12877,-12.894555351979998,24636,,13168
,0,,22255,13309,1.0,2016.0,0,0,-39.839838111443775,22222,4,13147,-12.677098409115645,22255,,13309
,0,,31326,14332,1.0,2016.0,0,0,-39.890622652158406,28592,4,13870,-12.54201547787959,29388,,13994
,0,,32513,14923,1.0,2016.0,0,0,-39.75967508805508,28224,4,14664,-12.588290906110457,29997,,14784
,0,,31583,14628,1.0,2016.0,0,0,-39.99707284515015,31160,4,14515,-12.543695689660096,31377,,14573
,0,,24383,13407,0.0,2016.0,0,0,-39.74132185461349,17059,3,11626,-12.86888893955678,20627,,12725
,0,,28036,13623,0.0,2016.0,0,0,-39.92691373164094,25940,3,13447,-12.865278315551596,26935,,13533
,0,,36126,15215,1.0,2016.0,0,0,-39.934512455707406,20257,4,12722,-12.640737447176207,26961,,14219
,0,,33659,15089,1.0,2016.0,0,0,-39.81676937016721,31612,4,14828,-12.599741621391345,32382,,14997
,0,,38845,15618,1.0,2016.0,0,0,-40.02140555168922,38845,4,15618,-12.527488356774976,38845,,15618
,0,,36045,15203,0.0,2016.0,0,0,-39.87371459576902,35158,3,15113,-12.589367778729649,35582,,15157
,0,,37003,15315,0.0,2016.0,0,0,-39.847424461290785,35289,3,15032,-12.586386408710041,36124,,15171
,0,,26055,13473,1.0,2016.0,0,0,-40.03040524592695,25660,4,13174,-12.88037336141357,26126,,13363
,0,,35541,14849,1.0,2016.0,0,0,-39.80410139968289,35541,4,14849,-12.681337170534697,35541,,14849
,0,,32595,14501,1.0,2016.0,0,0,-39.73709508333369,19303,4,11274,-12.728327263320075,24955,,13144
,0,,48246,16126,1.0,2016.0,0,0,-40.34526403929048,34684,4,15064,-12.674849799855554,41235,,15454
,0,,24339,12737,1.0,2016.0,0,0,-40.28201296081138,20938,4,11988,-12.824775353591205,24339,,12737
,0,,30003,14056,1.0,2016.0,0,0,-40.37227244067988,20252,4,12647,-12.666398045398926,25057,,13523
,0,,31839,14049,1.0,2016.0,0,0,-40.257986837314654,24317,4,13289,-12.860670052999701,24713,,13435
,0,,26535,14245,0.0,2016.0,0,0,-40.13469948810196,24865,3,13837,-12.827404183448396,25715,,14053
,0,,30895,14662,1.0,2016.0,0,0,-40.05268984883023,29392,4,14296,-12.662691395441675,29242,,14334
,0,,29147,14624,1.0,2016.0,0,0,-40.07626846517906,18948,4,11891,-12.884532053500594,24115,,13637
,0,,37770,14906,1.0,2016.0,0,0,-40.33037736627439,23664,4,13398,-12.61276997213756,30393,,14323
,0,,30700,14577,0.0,2016.0,0,0,-40.1791214100218,26957,3,13881,-12.845116263073754,28757,,14237
,0,,41504,16106,0.0,2016.0,0,0,-40.35375078981225,21377,3,13266,-12.669347753910145,30035,,14696
,0,,39184,15460,1.0,2016.0,0,0,-40.24783104734494,30603,4,14766,-12.646244497311331,34939,,15166
,0,,41075,15772,1.0,2016.0,0,0,-40.20181143240259,33505,4,15090,-12.891747271868981,34284,,15173
,0,,32543,14138,1.0,2016.0,0,0,-40.25241801545535,32543,4,14138,-12.689931130500081,32543,,14138
,0,,35895,15358,1.0,2016.0,0,0,-40.05239606185044,34784,4,15015,-12.65816687710147,35386,,15197
,0,,43384,15870,1.0,2016.0,0,0,-40.252721588426986,39044,4,15387,-12.607673239040455,41237,,15644
,0,,40624,15507,1.0,2016.0,0,0,-40.34066797193552,40624,4,15507,-12.56815427288569,40624,,15507
,0,,43348,15987,1.0,2016.0,0,0,-40.31064247822038,36932,4,15386,-12.640737436700372,40068,,15708
,0,,39249,14601,0.0,2016.0,0,0,-40.32882905097846,29106,3,13767,-12.68055899036362,34349,,14265
,0,,28985,14006,1.0,2016.0,0,0,-40.23287020739051,28985,4,14006,-12.535348586694472,28985,,14006
,0,,26539,13343,1.0,2016.0,0,0,-40.050888189918275,22153,4,12692,-12.891869769245266,22073,,12783
,0,,24845,12386,1.0,2016.0,0,0,-40.10439076795339,23601,4,12284,-12.651354718971765,24186,,12334
,0,,46964,15839,1.0,2016.0,0,0,-40.30512435417186,25525,4,13335,-12.824482621220813,34100,,14846
,0,,35070,15065,1.0,2016.0,0,0,-40.184431931589735,31905,4,14584,-12.843833570354153,33550,,14840
,0,,20739,13110,0.0,2016.0,0,0,-39.969439298880445,20739,3,13110,-14.01497295422827,20739,,13110
,0,,35271,15778,0.0,2016.0,0,0,-39.67764848438533,35271,3,15778,-13.881873603151623,35271,,15778
,0,,41324,16008,0.0,2016.0,0,0,-39.7772176457239,41324,3,16008,-13.933528628764218,41324,,16008
,0,,41564,15579,0.0,2016.0,0,0,-39.70915698674427,41564,3,15579,-13.895661062383413,41564,,15579
,0,,34663,15632,0.0,2016.0,0,0,-39.93136206482714,26847,3,14665,-13.901865275275817,31769,,15351
,0,,44440,16130,0.0,2016.0,0,0,-39.66591783478342,39059,3,15872,-13.853272183288178,41714,,16008
,0,,33576,15856,0.0,2016.0,0,0,-40.01310803413235,19681,3,13363,-14.000807238964084,23882,,13851
,0,,29295,14908,0.0,2016.0,0,0,-39.78090770402682,16666,3,12074,-13.734039362500859,23048,,14106
,0,,47655,16135,0.0,2016.0,0,0,-39.859276446478084,31668,3,15145,-13.834814583430886,38856,,15678
,0,,46979,15992,0.0,2016.0,0,0,-39.84509103255715,30159,3,14975,-14.011832742056963,43867,,15796
,0,,27574,14279,0.0,2016.0,0,0,-39.75411466377832,27574,3,14279,-13.964266329530284,27574,,14279
,0,,24139,13270,0.0,2016.0,0,0,-39.712407367202715,24139,3,13270,-13.98930615533181,24139,,13270
,0,,38985,15853,0.0,2016.0,0,0,-39.68783924483534,38985,3,15853,-13.947824253617428,38985,,15853
,0,,44405,15889,0.0,2016.0,0,0,-39.79165867688545,36360,3,15529,-13.927370064406158,39340,,15731
,0,,45648,16399,0.0,2016.0,0,0,-39.82435336860684,28390,3,14676,-13.708899399466912,39229,,15789
,0,,43453,15629,0.0,2016.0,0,0,-40.007663668667995,31335,3,14758,-13.804616821516,36987,,15132
,0,,31611,14861,0.0,2016.0,0,0,-39.940069061060576,29926,3,14502,-13.940435868751672,31387,,14855
,0,,40661,15857,0.0,2016.0,0,0,-39.81231280515761,30204,3,15011,-13.72834031157162,35193,,15402
,0,,33988,14732,0.0,2016.0,0,0,-40.029869390510115,31410,3,14335,-13.97890671647234,32621,,14530
,0,,40071,15964,0.0,2016.0,0,0,-39.90876058100885,35231,3,15370,-13.66263335658724,39517,,15868
,0,,37557,15761,0.0,2016.0,0,0,-39.80226355426449,25284,3,14697,-13.905958664822169,34767,,15672
,0,,32006,13776,0.0,2016.0,0,0,-40.02499236754,27806,3,12845,-13.648111478596675,28763,,13065
,0,,24306,13300,1.0,2016.0,0,0,-39.98602042261399,22260,4,13128,-13.933517376430348,23359,,13219
,0,,28945,14233,1.0,2016.0,0,0,-39.99209684351939,26142,4,13381,-13.770901267621749,27946,,13989
,0,,41623,15498,0.0,2016.0,0,0,-39.94270023512159,21821,3,12782,-13.848846202657507,34601,,14927
,0,,32389,14737,0.0,2016.0,0,0,-39.910568958242166,26128,3,13448,-13.789097870875365,28354,,13993
,0,,36327,15268,0.0,2016.0,0,0,-39.97942522144607,29957,3,14241,-13.932010671568737,35198,,15078
,0,,39028,15919,0.0,2016.0,0,0,-39.81127652300758,29214,3,14490,-13.778773600897468,36218,,15598
,0,,38698,15154,1.0,2016.0,0,0,-40.01077754502686,23203,4,12840,-13.929548049392368,32395,,14726
,0,,30426,14915,0.0,2016.0,0,0,-39.962385817160374,26310,3,12921,-13.80185572870533,27442,,14073
,0,,27063,13813,4.0,2016.0,0,0,-39.26603055417868,20648,15,12314,-13.19349424380418,23528,,13116
,0,,20041,12456,6.0,2016.0,0,0,-39.2589537289203,18486,21,11752,-13.174262642841313,19266,,12126
,0,,31435,14874,6.0,2016.0,0,0,-38.99805261341985,18438,21,12446,-13.177051479861822,30540,,14471
,0,,29706,14534,6.0,2016.0,0,0,-38.98906289186055,26459,21,13797,-13.242438009896091,28865,,14412
,0,,34954,14559,4.0,2016.0,0,0,-39.15362408659503,31202,15,14137,-13.198333324114012,33096,,14363
,0,,32698,14260,4.0,2016.0,0,0,-39.12810313930173,31615,15,14103,-13.17244870169674,32894,,14103
,0,,27724,13763,6.0,2016.0,0,0,-38.94280359354785,32828,21,13891,-13.186606361651537,32828,,13891
,0,,28524,13038,4.0,2016.0,0,0,-38.93655042206758,31908,15,13432,-12.927421399380968,30290,,13257
,0,,33440,14025,4.0,2016.0,0,0,-39.456356722350364,33440,15,14025,-13.148780058599359,33440,,14025
,0,,22693,13230,6.0,2016.0,0,0,-39.32609104760312,22693,21,13230,-13.180310043402859,22693,,13230
,0,,30936,14550,6.0,2016.0,0,0,-39.552865263949904,30936,21,14550,-13.19804047133849,30936,,14550
,0,,22026,12763,4.0,2016.0,0,0,-39.36715198718012,22026,15,12763,-13.13553697934899,22026,,12763
,0,,27276,13586,4.0,2016.0,0,0,-39.50423312155599,27276,15,13586,-13.17244868714742,27276,,13586
,0,,33367,14044,4.0,2016.0,0,0,-39.5001619422838,33367,15,14044,-13.063515165606383,33367,,14044
,0,,24919,13145,6.0,2016.0,0,0,-39.38244180269799,24919,21,13145,-13.200961398660617,24919,,13145
,0,,24496,12739,6.0,2016.0,0,0,-39.50521561615832,24496,21,12739,-12.985862252084894,24496,,12739
,0,,31889,14173,4.0,2016.0,0,0,-39.313861411107005,31889,15,14173,-13.185092427668605,31889,,14173
,0,,21216,12277,6.0,2016.0,0,0,-39.318933568459364,21216,21,12277,-13.186606329763563,21216,,12277
,0,,24565,13050,4.0,2016.0,0,0,-39.43217338086152,24565,15,13050,-13.21738795429284,24565,,13050
,0,,34788,14635,4.0,2016.0,0,0,-39.47044427405143,34788,15,14635,-13.057713725123483,34788,,14635
,0,,34590,14754,4.0,2016.0,0,0,-39.47685732252554,29838,15,14278,-13.253624201206762,32110,,14526
,0,,24942,13266,4.0,2016.0,0,0,-39.475191783278554,21174,15,12464,-13.264957758218484,23040,,12905
,0,,26673,14124,4.0,2016.0,0,0,-39.31698297692527,19471,15,12166,-13.232040454942954,22815,,13279
,0,,22971,12839,4.0,2016.0,0,0,-39.45580189426398,23556,15,12631,-13.106402844217184,23266,,12732
,0,,31305,14462,4.0,2016.0,0,0,-39.612949868492606,23881,15,13326,-12.947421082977222,27581,,13785
,0,,33806,14516,4.0,2016.0,0,0,-39.5765711725959,24718,15,13514,-13.054144304149549,25366,,13579
,0,,36756,15081,4.0,2016.0,0,0,-39.519710594471334,32705,15,14326,-13.071262645898877,32586,,14591
,0,,28762,14537,4.0,2016.0,0,0,-39.49354163009634,24947,15,13921,-13.1645710417359,26710,,14235
,0,,32225,14425,6.0,2016.0,0,0,-39.55838555095388,27327,21,13449,-13.014330591315266,32036,,13839
,0,,29681,14238,6.0,2016.0,0,0,-39.64527570393144,25006,21,13560,-12.901102132233698,29910,,14238
,0,,27311,13956,6.0,2016.0,0,0,-39.62094363766861,15987,21,10622,-12.917306752244556,24115,,12962
,0,,33800,14283,4.0,2016.0,0,0,-39.514493150789455,25772,15,13336,-12.91562793168962,30762,,13703
,0,,34474,13807,4.0,2016.0,0,0,-39.59300577947214,25250,15,12545,-13.04843602070625,31819,,13485
,0,,39292,14456,4.0,2016.0,0,0,-39.6200135010574,30428,15,13444,-13.039985517441107,32504,,13691
,0,,33873,14936,6.0,2016.0,0,0,-39.647210170047806,19306,21,11915,-13.23166530517091,31373,,14572
,0,,28292,13693,4.0,2016.0,0,0,-39.57812010404807,26372,15,12937,-12.98636831121129,27378,,13327
,0,,32547,14407,4.0,2016.0,0,0,-39.587299803234124,29357,15,13646,-13.007040997874538,33592,,14159
,0,,35523,14548,4.0,2016.0,0,0,-39.63913001946941,18790,15,11945,-13.009509214532224,26697,,13497
,0,,34961,14423,4.0,2016.0,0,0,-39.58840955052148,18608,15,11676,-12.941761079175855,30096,,13997
,0,,41190,14616,4.0,2016.0,0,0,-39.596341456760676,29429,15,13204,-13.268099246633245,30001,,13452
,0,,33743,14496,4.0,2016.0,0,0,-39.601492341896034,24214,15,13017,-13.042934923613513,33577,,14407
,0,,26978,13635,4.0,2016.0,0,0,-39.582336402697884,31922,15,13713,-13.051128172863951,29460,,13562
,0,,37149,14598,4.0,2016.0,0,0,-39.49758626405321,35675,15,14136,-12.962971174690134,36431,,14374
,0,,33511,14050,4.0,2016.0,0,0,-39.633392511429555,24911,15,12615,-12.933409978133598,30861,,13693
,0,,25917,13897,6.0,2016.0,0,0,-39.30743322766607,17424,21,12052,-13.156721480336314,21752,,13250
,0,,31342,13971,4.0,2016.0,0,0,-39.81613042962735,29361,15,13637,-13.036333140371184,31074,,13857
,0,,36464,13265,4.0,2016.0,0,0,-39.79416897548605,27107,15,12497,-13.139030579638373,35704,,13260
,0,,35235,14482,4.0,2016.0,0,0,-39.93136847049902,25795,15,12926,-13.154948697708397,31200,,13905
,0,,36793,14133,4.0,2016.0,0,0,-39.98360270823466,27671,15,13074,-13.231689455992754,33213,,13903
,0,,29880,13859,4.0,2016.0,0,0,-39.66904616644775,26514,15,13021,-13.265409544222898,30667,,13861
,0,,26286,13829,4.0,2016.0,0,0,-39.992098154988966,25375,15,13380,-13.023935689693708,25034,,13457
,0,,24601,12973,4.0,2016.0,0,0,-39.71885254647597,24909,15,12868,-12.927437848323072,24752,,12921
,0,,33631,13929,4.0,2016.0,0,0,-39.76330116677255,28457,15,13337,-13.040014447725373,30197,,13461
,0,,31524,13358,4.0,2016.0,0,0,-39.93551733125992,24676,15,12598,-13.059877030453922,30512,,13201
,0,,31457,13622,4.0,2016.0,0,0,-39.74492988074374,27317,15,12818,-12.94532603683885,29604,,13230
,0,,28663,13428,4.0,2016.0,0,0,-39.81128370877906,27229,15,12881,-13.031809043467431,27363,,13112
,0,,36149,14279,4.0,2016.0,0,0,-39.94270476609822,25520,15,12651,-13.10190942010749,30604,,13553
,0,,28750,13148,4.0,2016.0,0,0,-39.982763231269765,22671,15,12093,-13.135522862209537,25790,,12943
,0,,27952,12998,4.0,2016.0,0,0,-39.845775735196554,26385,15,12712,-12.98144896581831,28052,,12935
,0,,27092,13071,4.0,2016.0,0,0,-39.99385625931854,27547,15,13002,-13.050644177371549,27456,,12997
,0,,23905,12538,4.0,2016.0,0,0,-40.0243555595287,23290,15,12421,-12.909986745309684,23938,,12474
,0,,22462,12851,4.0,2016.0,0,0,-40.02499237615131,24059,15,12219,-12.90109971294332,24629,,12275
,0,,31954,13444,4.0,2016.0,0,0,-40.02986985162739,22471,15,12048,-13.232022483914529,30020,,13100
,0,,34566,14531,4.0,2016.0,0,0,-39.728202306473236,23882,15,13355,-12.930471974293877,32340,,14335
,0,,27461,14420,4.0,2016.0,0,0,-39.791832579978795,28406,15,14056,-13.117059312125681,27935,,14284
,0,,25275,13213,4.0,2016.0,0,0,-39.85639603433603,26170,15,13272,-13.024972537653788,26439,,13322
,0,,29447,12820,4.0,2016.0,0,0,-39.91017677077142,15307,15,10099,-12.959982983202543,25573,,12462
,0,,28118,12875,4.0,2016.0,0,0,-40.01077923684304,15721,15,10137,-13.182644138883358,25215,,12280
,0,,36282,15138,4.0,2016.0,0,0,-39.663096310082636,25595,15,13870,-12.947394076093826,32663,,14624
,0,,32843,13860,4.0,2016.0,0,0,-40.016938937137894,26846,15,12167,-12.917294677924954,27153,,12253
,0,,28864,13787,6.0,2016.0,0,0,-39.9623885655817,28370,21,13618,-13.05490127819906,28246,,13724
,0,,32014,13617,6.0,2016.0,0,0,-39.98683219371747,23411,21,12322,-13.18031342373954,28219,,13196
,0,,23487,12652,6.0,2016.0,0,0,-39.939466881587784,22036,21,12434,-12.962956422787176,22731,,12542
,0,,25280,13853,6.0,2016.0,0,0,-39.78166666960256,23964,21,13317,-12.905145624068323,26427,,13896
,0,,36357,15065,6.0,2016.0,0,0,-39.66676122599693,29613,21,13510,-13.199480307626018,31352,,14520
,0,,34737,14485,6.0,2016.0,0,0,-39.855316772599046,28204,21,13601,-13.198053237464622,30903,,14072
,0,,30111,13018,6.0,2016.0,0,0,-39.74452872091225,28082,21,12754,-12.959636869343546,28544,,13018
,0,,34586,14352,4.0,2016.0,0,0,-40.2913820828162,26863,15,13037,-13.159038279654366,27299,,13074
,0,,31795,13831,4.0,2016.0,0,0,-40.05824301305412,28517,15,13064,-12.959604952350064,29546,,13348
,0,,33051,14787,4.0,2016.0,0,0,-40.34066957464549,22380,15,12384,-12.941761050216547,27739,,13696
,0,,29448,14139,4.0,2016.0,0,0,-40.399470200673456,27329,15,12657,-13.231665291572591,28084,,13221
,0,,31491,13897,4.0,2016.0,0,0,-40.05239632873535,25819,15,12827,-13.031755546338537,27431,,13179
,0,,24941,12494,4.0,2016.0,0,0,-40.303443790768505,25605,15,12382,-13.139023810752903,25275,,12401
,0,,25572,13034,4.0,2016.0,0,0,-40.11322697507553,26829,15,12724,-13.10190332112435,26593,,12694
,0,,24160,13030,4.0,2016.0,0,0,-40.24783413091364,24934,15,12999,-13.01983693993778,24934,,12999
,0,,36827,14587,4.0,2016.0,0,0,-40.25242195664182,27553,15,12909,-13.0635151586217,29733,,13432
,0,,32089,13312,4.0,2016.0,0,0,-40.13580586193268,28113,15,12581,-12.961894140038705,28332,,12726
,0,,29920,13362,4.0,2016.0,0,0,-40.271970610993954,30015,15,13092,-13.07126263696614,30180,,13275
,0,,26974,13407,4.0,2016.0,0,0,-40.266753166717535,25259,15,13042,-12.915627903845413,25970,,13211
,0,,28099,13453,4.0,2016.0,0,0,-40.22270428511631,28152,15,12994,-13.057713719725538,28152,,12994
,0,,30563,13884,4.0,2016.0,0,0,-40.36520989533143,23475,15,12547,-12.94742105299718,23407,,12547
,0,,31037,14003,6.0,2016.0,0,0,-40.10419996454123,30350,21,13471,-12.981331456112105,31714,,13659
,0,,25759,13506,4.0,2016.0,0,0,-40.05649431699653,25355,15,13257,-12.927907492987064,25175,,13339
,0,,37023,14341,4.0,2016.0,0,0,-40.071193562720005,29292,15,13522,-13.186606351846258,31861,,13887
,0,,21993,12754,4.0,2016.0,0,0,-40.32323810245453,24706,15,12843,-13.117046158139436,23800,,12904
,0,,38120,14638,4.0,2016.0,0,0,-40.126442590908916,31902,15,13336,-13.177051464966633,34379,,13860
,0,,27346,13414,4.0,2016.0,0,0,-40.073038840335386,21788,15,12243,-12.94530287368592,25367,,12869
,0,,32354,14146,6.0,2016.0,0,0,-40.17912286449191,28503,21,13222,-13.21867039085641,32637,,14041
,0,,40830,13707,4.0,2016.0,0,0,-40.09993535001046,26169,15,12457,-13.182665830926318,34875,,13351
,0,,29713,13938,4.0,2016.0,0,0,-40.19098226899401,27701,15,13565,-13.135005371986734,27452,,13627
,0,,36168,14284,4.0,2016.0,0,0,-40.23853730682972,35467,15,13972,-13.18663325450889,36122,,14078
,0,,26918,13886,4.0,2016.0,0,0,-40.33459642615007,26470,15,13787,-13.051128154403813,26692,,13835
,0,,35777,14243,4.0,2016.0,0,0,-40.141284892415484,29907,15,13543,-13.042132101367049,30409,,13651
,0,,36598,14084,4.0,2016.0,0,0,-40.11745286799273,22307,15,12134,-13.242437997975603,25473,,13085
,0,,30268,13631,4.0,2016.0,0,0,-40.29563805489877,32301,15,13444,-13.176545985013476,31301,,13536
,0,,33811,13908,4.0,2016.0,0,0,-40.04846888800192,28885,15,13148,-13.15490329986068,31614,,13742
,0,,26393,13320,4.0,2016.0,0,0,-40.21597140864103,27169,15,12776,-13.050684938424045,25809,,13212
,0,,31119,13108,4.0,2016.0,0,0,-40.1844333876807,25621,15,12503,-13.217387967283264,30319,,13020
,0,,30641,13626,6.0,2016.0,0,0,-40.119411986791754,31570,21,12936,-13.13553699130096,32371,,13349
,0,,29866,13510,4.0,2016.0,0,0,-40.20806190370854,30266,15,13212,-13.106402846066723,29952,,13314
,0,,30734,13796,4.0,2016.0,0,0,-40.10439180793174,29116,15,13440,-13.024945477768245,29500,,13440
,0,,29484,13632,4.0,2016.0,0,0,-40.07835104265853,27466,15,13289,-13.180310064163503,28064,,13299
,0,,25220,12872,4.0,2016.0,0,0,-40.13756764256134,25641,15,12586,-12.981434791872699,26319,,12619
,0,,31715,13123,4.0,2016.0,0,0,-40.11506772360709,29455,15,12670,-13.199520784944344,29749,,12829
,0,,36057,14036,4.0,2016.0,0,0,-40.07626898520171,30008,15,13391,-13.258077592912827,32273,,13636
,0,,27879,13457,4.0,2016.0,0,0,-40.05269012956971,26589,15,13285,-13.036279200032917,26949,,13285
,0,,32736,13781,4.0,2016.0,0,0,-40.22911733429481,25314,15,13078,-13.253624211104812,26700,,13207
,0,,26157,12682,4.0,2016.0,0,0,-40.08422161685796,28605,15,13051,-12.994422982170882,28829,,13028
,0,,25856,13234,4.0,2016.0,0,0,-40.148364278824765,26437,15,13212,-13.059880891478809,26087,,13298
,0,,31414,14110,4.0,2016.0,0,0,-40.41025793912669,23875,15,13225,-13.084368005212989,31283,,14049
,0,,26978,13666,4.0,2016.0,0,0,-40.66751206253826,20940,15,12606,-13.159038267499978,25460,,13140
,0,,25511,13763,6.0,2016.0,0,0,-40.435823246022125,21482,21,12629,-13.156721466600537,24621,,13359
,0,,24676,12826,4.0,2016.0,0,0,-40.76752000923548,17338,15,11273,-13.009509186323823,20798,,12201
,0,,24265,12267,4.0,2016.0,0,0,-40.56056338846795,20385,15,11718,-13.217387942137995,23821,,12169
,0,,24159,13723,4.0,2016.0,0,0,-40.62193163241588,21662,15,11730,-13.164571025412146,22419,,12980
,0,,23065,12640,4.0,2016.0,0,0,-40.49554200039355,19327,15,11694,-13.135536963080183,20925,,11938
,0,,24589,13098,4.0,2016.0,0,0,-40.699368075903585,26490,15,12554,-13.117046150007665,25098,,12947
,0,,23213,12881,4.0,2016.0,0,0,-40.447323585825494,26179,15,13260,-13.186606317380654,25858,,13283
,0,,38501,14332,4.0,2016.0,0,0,-40.62094694101904,24251,15,12594,-13.218063164868392,27876,,13238
,0,,37139,14000,4.0,2016.0,0,0,-40.46707876022283,22779,15,12145,-13.08991982164127,26522,,12910
,0,,36675,14357,4.0,2016.0,0,0,-40.592101403217455,23935,15,12206,-13.050684921265136,28153,,13039
,0,,33333,13679,4.0,2016.0,0,0,-40.61722741467311,22668,15,12067,-13.02397496231649,25410,,12651
,0,,34429,14027,4.0,2016.0,0,0,-40.52449428672363,24199,15,12452,-13.059880870787875,28319,,13182
,0,,33421,14058,4.0,2016.0,0,0,-40.679573768114224,23898,15,12406,-13.139023800148006,26497,,12937
,0,,25935,13187,4.0,2016.0,0,0,-40.63411750110727,24117,15,12315,-13.234221207436383,24710,,12823
,0,,31090,13432,4.0,2016.0,0,0,-40.614667296959006,19944,15,11687,-13.18663323594169,22862,,12335
,0,,22079,11920,4.0,2016.0,0,0,-40.51741490170968,21763,15,11858,-13.042132081878597,22000,,12019
,0,,27287,12859,4.0,2016.0,0,0,-40.555252866325674,22752,15,11957,-13.218670365082335,24276,,12306
,0,,40002,15103,4.0,2016.0,0,0,-40.58474672787616,30327,15,14029,-13.14878004160962,32941,,14436
,0,,21149,12314,4.0,2016.0,0,0,-40.7413398605186,21149,15,12314,-12.94742105089471,21149,,12314
,0,,22576,12379,4.0,2016.0,0,0,-40.70651009907816,22576,15,12379,-12.986368282094105,22576,,12379
,0,,37303,14422,4.0,2016.0,0,0,-40.4523990073001,23777,15,12024,-13.258077554778941,30120,,13551
,0,,34574,13821,4.0,2016.0,0,0,-40.556364117925746,27144,15,12628,-13.054922775648047,28602,,13017
,0,,23481,12660,4.0,2016.0,0,0,-40.5690307981171,23481,15,12660,-12.97334298309097,23481,,12660
,0,,25592,12300,6.0,2016.0,0,0,-40.454481064354255,25751,21,11833,-13.180310030513695,24593,,12413
,0,,30168,13390,4.0,2016.0,0,0,-40.78638789544839,28139,15,13242,-13.084368007574476,29261,,13325
,0,,29850,13021,4.0,2016.0,0,0,-40.4410704146412,26900,15,12504,-12.9274213931237,28294,,12759
,0,,23795,12427,4.0,2016.0,0,0,-40.7634737065009,25301,15,12684,-13.174262629420133,24551,,12561
,0,,23247,12351,4.0,2016.0,0,0,-40.59431916000218,23247,15,12351,-12.898344438776919,23247,,12351
,0,,25289,12439,4.0,2016.0,0,0,-40.635321151091645,25622,15,12344,-13.180466551965383,25470,,12387
,0,,24843,12242,4.0,2016.0,0,0,-40.6867755476855,23469,15,12075,-13.014330564271516,23859,,12160
,0,,35571,13873,4.0,2016.0,0,0,-40.43262434300206,24713,15,12224,-12.927907479607214,27624,,12808
,0,,33499,13688,4.0,2016.0,0,0,-40.48032998114352,20622,15,11461,-12.981331440217572,25939,,12504
,0,,25686,12599,4.0,2016.0,0,0,-40.476065367451596,21327,15,12018,-13.182665797956847,25831,,12650
,0,,26167,12931,4.0,2016.0,0,0,-40.603581787174484,27778,15,12935,-13.264957748774583,28583,,13176
,0,,22857,12273,4.0,2016.0,0,0,-40.44225142890998,22949,15,12334,-13.18509241532046,22898,,12305
,0,,30055,13459,4.0,2016.0,0,0,-40.59883427836529,22823,15,12037,-13.057713702251663,24698,,12445
,0,,31392,13069,4.0,2016.0,0,0,-40.44916886308216,24800,15,12222,-12.945302859530562,28897,,12744
,0,,27345,13027,4.0,2016.0,0,0,-40.4805218244982,22707,15,12037,-13.024945458218147,24748,,12460
,0,,23109,12608,6.0,2016.0,0,0,-40.721395773217544,23109,21,12608,-13.04843599557941,23109,,12608
,0,,20158,11611,4.0,2016.0,0,0,-40.449719283468774,22556,15,12031,-13.269129682348185,22793,,12060
,0,,24655,12641,4.0,2016.0,0,0,-40.704961167759116,24655,15,12641,-13.054144279577963,24655,,12641
,0,,22482,12624,4.0,2016.0,0,0,-40.48935698989922,23468,15,12550,-13.101903295472583,22765,,12474
,0,,25886,11771,4.0,2016.0,0,0,-40.623964119213746,25886,15,11771,-13.01983692667147,25886,,11771
,0,,23693,12513,4.0,2016.0,0,0,-40.60524732627934,21901,15,12141,-13.253624190996621,22005,,12200
,0,,25057,13000,4.0,2016.0,0,0,-40.502572603124165,24762,15,12667,-13.177051433548002,25089,,12749
,0,,24086,12430,4.0,2016.0,0,0,-40.68125526115271,24473,15,12391,-13.198040456630507,24281,,12411
,0,,24780,12537,4.0,2016.0,0,0,-40.632623122953845,24886,15,12424,-13.172448671234715,24953,,12446
,0,,26074,12458,4.0,2016.0,0,0,-40.42009010571394,22431,15,11810,-13.087809949222036,24408,,12088
,0,,20784,12146,4.0,2016.0,0,0,-40.679174150788675,22390,15,12403,-13.238828306094623,21585,,12281
,0,,21953,12393,6.0,2016.0,0,0,-40.44371260341636,20523,21,11910,-13.003538284117152,21731,,12227
,0,,22040,12170,4.0,2016.0,0,0,-40.64810059453783,23328,15,12009,-13.071262623065762,22769,,12075
,0,,22731,11940,4.0,2016.0,0,0,-40.44537299445903,23799,15,12104,-13.232040445065602,23273,,12025
,0,,21336,12302,4.0,2016.0,0,0,-40.460351637399135,22417,15,12419,-12.994422964362792,21872,,12362
,0,,21317,12195,4.0,2016.0,0,0,-40.68596058098443,20327,15,11610,-13.247802099117283,20174,,11683
,0,,23288,13254,6.0,2016.0,0,0,-39.156500873153014,23288,21,13254,-13.289164788915894,23288,,13254
,0,,27362,14077,6.0,2016.0,0,0,-38.97594113357661,27236,21,13333,-13.30400904094033,25577,,14102
,0,,23844,13093,4.0,2016.0,0,0,-39.4055364469314,23844,15,13093,-13.278688042610682,23844,,13093
,0,,32216,14713,6.0,2016.0,0,0,-39.61596749975451,32216,21,14713,-13.397454420621099,32216,,14713
,0,,31837,14416,6.0,2016.0,0,0,-39.617725497362294,31237,21,14193,-13.424157743523644,31521,,14300
,0,,34970,15198,6.0,2016.0,0,0,-39.64886237035165,23051,21,12816,-13.274641536342337,30111,,14048
,0,,41016,14896,4.0,2016.0,0,0,-39.56124608168934,31808,15,13808,-13.3021454103892,36061,,14384
,0,,28393,13806,4.0,2016.0,0,0,-39.92014465464719,26413,15,12831,-13.533629769622985,31757,,13882
,0,,41926,14576,4.0,2016.0,0,0,-39.92691457226455,27013,15,13568,-13.612306452933506,33917,,14142
,0,,34062,14457,6.0,2016.0,0,0,-39.83193589646796,19029,21,12335,-13.479906789305074,30669,,14164
,0,,31525,14565,4.0,2016.0,0,0,-39.76515670145337,16791,15,11291,-13.415648070720598,26064,,13912
,0,,33114,14283,4.0,2016.0,0,0,-39.728262843389416,22994,15,12979,-13.398464367749872,29151,,13784
,0,,32627,14769,6.0,2016.0,0,0,-39.85298770081867,25748,21,13767,-13.62709981873658,30284,,14528
,0,,32380,14297,4.0,2016.0,0,0,-39.67656040783306,24802,15,12881,-13.409795132629716,30346,,13982
,0,,39228,15217,6.0,2016.0,0,0,-39.99707443311873,31309,21,14506,-13.290845930558193,35024,,14836
,0,,25883,12706,6.0,2016.0,0,0,-39.816772203857106,17967,21,11045,-13.346872505653574,27969,,12849
,0,,23638,12406,4.0,2016.0,0,0,-39.88134794577166,20165,15,11707,-13.359389333307188,23638,,12406
,0,,27235,12749,4.0,2016.0,0,0,-40.034127942993905,25849,15,12609,-13.457874418894834,26467,,12696
,0,,23991,12997,4.0,2016.0,0,0,-39.927315479034995,25281,15,12478,-13.51252115853822,26576,,12848
,0,,31999,14002,4.0,2016.0,0,0,-39.86967373929543,25798,15,12279,-13.538063773270057,31169,,13697
,0,,38192,14670,4.0,2016.0,0,0,-39.83984468305429,28390,15,13030,-13.424199615374382,32790,,14104
,0,,33996,14721,6.0,2016.0,0,0,-39.77223644789182,20908,21,11754,-13.43339350387501,29302,,14651
,0,,41810,15048,4.0,2016.0,0,0,-39.86868799391501,33798,15,14390,-13.591545616039832,36925,,14446
,0,,28787,13720,4.0,2016.0,0,0,-39.963432079997595,26645,15,13091,-13.380563371397416,27026,,13348
,0,,30380,13647,4.0,2016.0,0,0,-40.015260657611094,27503,15,12823,-13.383030353161887,28950,,13179
,0,,24706,13086,6.0,2016.0,0,0,-39.93451865037463,19319,21,11848,-13.387851866479716,22226,,12618
,0,,27577,12934,4.0,2016.0,0,0,-39.89584392859123,25735,15,12291,-13.444773237671138,26945,,12496
,0,,28085,12897,4.0,2016.0,0,0,-39.954252870561774,22568,15,12015,-13.359894769155813,26958,,12640
,0,,31037,13762,4.0,2016.0,0,0,-39.87371792857674,28185,15,13499,-13.336502680767897,29654,,13609
,0,,29509,12627,6.0,2016.0,0,0,-40.02140585929005,27293,21,12609,-13.274644023311673,28729,,12639
,0,,35187,14548,6.0,2016.0,0,0,-40.01829070448519,31476,21,13926,-13.56697992710713,33139,,14258
,0,,33264,14303,4.0,2016.0,0,0,-39.87629588939493,23897,15,12665,-13.437027328481129,29299,,13566
,0,,36264,13240,4.0,2016.0,0,0,-39.91950934669409,29492,15,12300,-13.550036169272984,33411,,12827
,0,,38043,14611,4.0,2016.0,0,0,-39.97247148032927,27396,15,13129,-13.641571266604522,33338,,13905
,0,,32771,14249,4.0,2016.0,0,0,-39.94710970914601,25589,15,12965,-13.490547555422868,27906,,13506
,0,,30532,13531,6.0,2016.0,0,0,-39.846577838747116,28552,21,13227,-13.431227047876364,28746,,13361
,0,,38849,14881,4.0,2016.0,0,0,-40.12091323230551,26246,15,12172,-13.421958660862156,32005,,13639
,0,,32534,12639,4.0,2016.0,0,0,-40.32054451428657,24974,15,11910,-13.530248833908853,30764,,12546
,0,,31541,13898,4.0,2016.0,0,0,-40.21145831854989,24144,15,12704,-13.627099547507914,28883,,13424
,0,,31290,13763,4.0,2016.0,0,0,-40.28631543002564,29484,15,13342,-13.621285429741421,30620,,13625
,0,,35679,14356,4.0,2016.0,0,0,-40.153348848878615,32196,15,13921,-13.560112252554159,32784,,13921
,0,,40750,15067,4.0,2016.0,0,0,-40.16779012473865,25030,15,13188,-13.553952409408998,30541,,13829
,0,,35152,14561,4.0,2016.0,0,0,-40.235410472808255,29530,15,12902,-13.461378955133439,31100,,13403
,0,,33493,14252,4.0,2016.0,0,0,-40.20862291508303,28535,15,13168,-13.571825672039155,30988,,13651
,0,,38760,14840,4.0,2016.0,0,0,-40.31350610280503,24239,15,12225,-13.302145407253024,32018,,13601
,0,,41613,14978,4.0,2016.0,0,0,-40.31883252664051,28121,15,13606,-13.475413728763481,32714,,14209
,0,,32620,13963,4.0,2016.0,0,0,-40.13942831163797,32822,15,14106,-13.413530778770788,32847,,14102
,0,,30681,13485,4.0,2016.0,0,0,-40.28973949602395,27746,15,12662,-13.547796833821481,30785,,13232
,0,,30577,14402,6.0,2016.0,0,0,-40.16796015600175,26070,21,13655,-13.490561017276978,30543,,14395
,0,,30626,14046,4.0,2016.0,0,0,-40.38923878886629,31169,15,13759,-13.627404941234747,32495,,13759
,0,,33534,14324,4.0,2016.0,0,0,-40.35555717893097,30442,15,13220,-13.558594624983327,31572,,13829
,0,,39880,14499,4.0,2016.0,0,0,-40.15701232040016,21798,15,12086,-13.545933078409513,30568,,13575
,0,,34699,14174,4.0,2016.0,0,0,-40.27047901276008,30783,15,13744,-13.612314634358466,32163,,13860
,0,,38619,14545,4.0,2016.0,0,0,-40.192256814120526,29555,15,13046,-13.409850491684516,32530,,13550
,0,,30966,13905,4.0,2016.0,0,0,-40.073543108555725,31421,15,13272,-13.380545246032874,30014,,13575
,0,,31434,13998,4.0,2016.0,0,0,-40.15704043759078,29336,15,13228,-13.360584561955005,29212,,13396
,0,,30060,13997,4.0,2016.0,0,0,-40.07057531284057,28631,15,13579,-13.44473127814909,29337,,13790
,0,,37298,14239,4.0,2016.0,0,0,-40.17966776425231,32070,15,13801,-13.6134240588264,34955,,14039
,0,,34133,13160,4.0,2016.0,0,0,-40.24430256387072,33269,15,13014,-13.282503653759454,33372,,13113
,0,,27526,12711,4.0,2016.0,0,0,-40.26908445221243,28876,15,12353,-13.346870353738222,27875,,12541
,0,,25372,12775,4.0,2016.0,0,0,-40.232523330801335,26861,15,12912,-13.398492121800903,25927,,12776
,0,,31518,12550,4.0,2016.0,0,0,-40.39824565764431,30648,15,12511,-13.282656876746364,31002,,12501
,0,,29831,12955,4.0,2016.0,0,0,-40.40112240116483,30054,15,12717,-13.274641525004158,30171,,12744
,0,,35509,13567,4.0,2016.0,0,0,-40.08528772077896,26391,15,12090,-13.522238123072185,27996,,12267
,0,,26765,12594,4.0,2016.0,0,0,-40.09498142476454,22679,15,11936,-13.300975367963758,24790,,12321
,0,,22073,12827,4.0,2016.0,0,0,-40.124050776115844,23806,15,12750,-13.300292459133551,23352,,12731
,0,,35376,13965,4.0,2016.0,0,0,-40.22122118520091,29795,15,13009,-13.6384311840544,29783,,13013
,0,,36852,14325,4.0,2016.0,0,0,-40.31620169095336,32440,15,13556,-13.567020996612616,33298,,13900
,0,,37433,14501,4.0,2016.0,0,0,-40.23144507933801,29461,15,13571,-13.571539504022892,30420,,13408
,0,,34234,14562,6.0,2016.0,0,0,-40.36296057523006,30672,21,13965,-13.553802106385662,32030,,14229
,0,,26893,13718,6.0,2016.0,0,0,-40.15779645078877,25515,21,12856,-13.278688062096954,27158,,13635
,0,,32433,13850,6.0,2016.0,0,0,-40.358891758091055,27890,21,13064,-13.509020224955437,31694,,13706
,0,,31489,12557,6.0,2016.0,0,0,-40.12386636221321,29461,21,12159,-13.41646394129366,29839,,12233
,0,,23791,13018,4.0,2016.0,0,0,-40.55579776596845,24533,15,13108,-13.613424072021385,23833,,13005
,0,,29552,12726,4.0,2016.0,0,0,-40.554525486089595,28175,15,12362,-13.532536838919034,29898,,12578
,0,,29853,13096,4.0,2016.0,0,0,-40.4153562032053,29073,15,12469,-13.320926824089454,28740,,13096
,0,,28797,12660,4.0,2016.0,0,0,-40.567436930333685,31494,15,12936,-13.591544376478385,31494,,12936
,0,,27108,12576,4.0,2016.0,0,0,-40.59507560465088,26862,15,12451,-13.271888423631026,27655,,12600
,0,,23554,12648,4.0,2016.0,0,0,-40.69496250094771,25298,15,12667,-13.47541374893149,24440,,12658
,0,,35811,13318,4.0,2016.0,0,0,-40.66243584043591,33439,15,13363,-13.333514875919331,34435,,13349
,0,,29607,12507,4.0,2016.0,0,0,-40.560524253559414,26959,15,12077,-13.533637125242945,27686,,12077
,0,,27056,12781,4.0,2016.0,0,0,-40.44670533606112,27752,15,12505,-13.444731257141664,27538,,12562
,0,,22318,11903,4.0,2016.0,0,0,-40.77437561633152,23017,15,12065,-13.28265687819703,22670,,11988
,0,,24007,12679,4.0,2016.0,0,0,-40.645214436319634,20534,15,12095,-13.346870349293082,23470,,12679
,0,,24369,12219,4.0,2016.0,0,0,-40.665869476048066,26157,15,12259,-13.547796859807477,25266,,12240
,0,,22775,12094,4.0,2016.0,0,0,-40.714647188163816,21775,15,12095,-13.428414439433372,22274,,12094
,0,,25178,12324,4.0,2016.0,0,0,-40.662445410728225,23468,15,12002,-13.62128546190031,25178,,12324
,0,,23442,12146,4.0,2016.0,0,0,-40.783877367847616,19561,15,11285,-13.550493225279233,23442,,12146
,0,,24259,12617,4.0,2016.0,0,0,-40.6923316657786,24759,15,12599,-13.567021028908949,24507,,12607
,0,,24177,11802,4.0,2016.0,0,0,-40.64660899659793,24266,15,11603,-13.612314662995802,24316,,11749
,0,,22570,12252,4.0,2016.0,0,0,-40.746115488973096,21584,15,11776,-13.424157738238481,22420,,11955
,0,,24579,12395,4.0,2016.0,0,0,-40.66102085548163,18790,15,11523,-13.289164768533155,22598,,12154
,0,,22626,11721,4.0,2016.0,0,0,-40.782129608204954,22986,15,11735,-13.605500550306557,23440,,11739
,0,,23866,12589,4.0,2016.0,0,0,-40.76919888200919,24377,15,12553,-13.29083351812518,24127,,12571
,0,,22099,12145,4.0,2016.0,0,0,-40.759924192868446,19090,15,11391,-13.431176704394751,22099,,12145
,0,,23297,12467,4.0,2016.0,0,0,-40.49718824798072,22964,15,12253,-13.31886039562839,23090,,12393
,0,,21485,12253,4.0,2016.0,0,0,-40.744357491514286,21250,15,12180,-13.397454414444704,21250,,12180
,0,,34421,14590,4.0,2016.0,0,0,-40.439273425862645,33328,15,14222,-13.631543106977428,34555,,14430
,0,,24398,12425,4.0,2016.0,0,0,-40.51451221871005,17973,15,11050,-13.5380501678628,24398,,12425
,0,,30041,13705,4.0,2016.0,0,0,-40.50018078881024,23663,15,12419,-13.300292430812618,28913,,13135
,0,,24447,13489,6.0,2016.0,0,0,-40.69667448825179,24763,21,13176,-13.530248862274597,24612,,13327
,0,,37044,14942,4.0,2016.0,0,0,-40.57642349958829,28983,15,14138,-13.550045346340356,34253,,14650
,0,,28247,13155,4.0,2016.0,0,0,-40.544090160019316,26443,15,12844,-13.490561017145367,28250,,13239
,0,,25941,13359,4.0,2016.0,0,0,-40.761240868020195,25811,15,13020,-13.315271768667994,25877,,13184
,0,,27022,13326,4.0,2016.0,0,0,-40.53314232658195,26013,15,12928,-13.545933081509395,26792,,13144
,0,,26251,13562,4.0,2016.0,0,0,-39.63465007858937,30005,15,13397,-12.809084353307048,27474,,13446
,0,,25230,13115,4.0,2016.0,0,0,-39.34272368120399,22709,15,12262,-12.553828397040869,25657,,13063
,0,,32860,14319,4.0,2016.0,0,0,-39.534056805561264,20465,15,10821,-12.874260535867451,27737,,13304
,0,,28761,13641,4.0,2016.0,0,0,-39.36865776316282,24731,15,12993,-12.674857670288148,27999,,13460
,0,,20222,11979,4.0,2016.0,0,0,-39.36880153954691,20222,15,11979,-12.571719719034473,20222,,11979
,0,,24171,12714,4.0,2016.0,0,0,-39.44822823113183,17181,15,10820,-12.58830422227566,21010,,12132
,0,,29847,13888,6.0,2016.0,0,0,-39.56829012147659,26773,21,13453,-12.783189435437297,30952,,13958
,0,,24257,13177,4.0,2016.0,0,0,-39.29332962189928,20871,15,12437,-12.559791852643757,22555,,12844
,0,,26672,13833,6.0,2016.0,0,0,-39.4321381870966,26672,21,13833,-12.786578216847289,26672,,13833
,0,,33796,15054,4.0,2016.0,0,0,-39.43618949781165,32913,15,14259,-12.607756470539734,33654,,14608
,0,,31434,14736,4.0,2016.0,0,0,-39.56124680556969,25732,15,12895,-12.554998038335354,30295,,14489
,0,,31859,14188,4.0,2016.0,0,0,-39.65374007964858,22995,15,12485,-12.85847254385338,28873,,13909
,0,,29057,13322,4.0,2016.0,0,0,-39.64822557446182,24344,15,12633,-12.53637472424027,26346,,12924
,0,,29472,13431,4.0,2016.0,0,0,-39.60747423012404,25002,15,12795,-12.858138690723159,26415,,13019
,0,,30974,14043,4.0,2016.0,0,0,-39.55524166316323,27076,15,13302,-12.78138256175497,28953,,13711
,0,,29316,12543,4.0,2016.0,0,0,-39.58625993544799,23544,15,11686,-12.681316207610084,29867,,12395
,0,,29734,13684,4.0,2016.0,0,0,-39.53263140031108,27771,15,13207,-12.542011962281547,28356,,13683
,0,,27942,13257,4.0,2016.0,0,0,-39.64080897938643,19738,15,11694,-12.543683929813861,23653,,12222
,0,,24998,12891,4.0,2016.0,0,0,-39.37161116513384,27644,15,12936,-12.669360773129078,24523,,12727
,0,,33411,14262,4.0,2016.0,0,0,-39.63698020646858,23298,15,12689,-12.880384818132196,30228,,13646
,0,,30139,14128,4.0,2016.0,0,0,-39.55938926381436,22721,15,12901,-12.686292633443921,29049,,13949
,0,,27588,13466,4.0,2016.0,0,0,-39.64886237895438,25600,15,13288,-12.52748599313686,26633,,13385
,0,,31742,14004,4.0,2016.0,0,0,-39.58462725486096,25102,15,12603,-12.60765105635291,28647,,13364
,0,,28970,13777,4.0,2016.0,0,0,-39.61772701865571,28381,15,13653,-12.67705871500575,28667,,13716
,0,,27131,13018,4.0,2016.0,0,0,-39.64598566375569,20897,15,12065,-12.53550432640205,23468,,12666
,0,,24582,13234,4.0,2016.0,0,0,-39.3717927753577,21604,15,12542,-12.553144543994836,23071,,12913
,0,,26564,13202,4.0,2016.0,0,0,-39.35207351840632,26564,15,13202,-12.556862987887342,26564,,13202
,0,,25935,13131,4.0,2016.0,0,0,-39.53404770287508,17196,15,10895,-12.586379159701007,23821,,12606
,0,,27560,12829,4.0,2016.0,0,0,-39.46668563614524,17205,15,10554,-12.524728581862906,25467,,12276
,0,,26718,13196,4.0,2016.0,0,0,-39.56333762935683,18918,15,11487,-12.589353408503277,22760,,12581
,0,,22267,12162,4.0,2016.0,0,0,-39.43515729444683,20409,15,11654,-12.658218901283586,22132,,12162
,0,,28509,13539,4.0,2016.0,0,0,-39.593996798749906,22015,15,12362,-12.612237551287823,25084,,13208
,0,,29299,13431,4.0,2016.0,0,0,-39.418041102565184,22114,15,12384,-12.765461170604114,25666,,12993
,0,,26574,12836,4.0,2016.0,0,0,-39.5168270067544,17966,15,10547,-12.599739581963716,25082,,12598
,0,,26207,13399,4.0,2016.0,0,0,-39.63153526778001,22653,15,12402,-12.68408081877922,26134,,13210
,0,,30370,13088,4.0,2016.0,0,0,-39.421936176426804,16700,15,10810,-12.6299845991346,24072,,12403
,0,,26401,13229,4.0,2016.0,0,0,-39.28696645960042,14944,15,9892,-12.573789370133799,21341,,12405
,0,,27236,13270,4.0,2016.0,0,0,-40.034127875346606,18340,15,10913,-12.710789761067197,22283,,12254
,0,,29113,14187,4.0,2016.0,0,0,-39.82568141805961,29139,15,12936,-12.891747292509855,28716,,14215
,0,,28747,13218,4.0,2016.0,0,0,-39.842059134700115,18761,15,11210,-12.524728589544528,27705,,12959
,0,,30858,13751,4.0,2016.0,0,0,-39.72806927603706,18853,15,11974,-12.607732298244768,30858,,13751
,0,,23401,11981,4.0,2016.0,0,0,-40.02334011335037,20240,15,11446,-12.858115181345552,23129,,12000
,0,,33320,13949,4.0,2016.0,0,0,-39.69745917738632,22385,15,12295,-12.895586374849684,27786,,13368
,0,,28159,12687,4.0,2016.0,0,0,-39.96453794715985,18547,15,11177,-12.5681542765066,23341,,12136
,0,,29270,13006,4.0,2016.0,0,0,-39.947106452884995,16757,15,10774,-12.743472914260808,25676,,12492
,0,,24152,12901,4.0,2016.0,0,0,-39.868685877843156,21397,15,12425,-12.844508882589663,21574,,12443
,0,,30692,13545,4.0,2016.0,0,0,-39.68036423883924,27279,15,12922,-12.554298754409688,27689,,12968
,0,,33894,14113,4.0,2016.0,0,0,-39.85674019069622,33856,15,14107,-12.53534857323315,33885,,14112
,0,,27974,13645,4.0,2016.0,0,0,-39.99614241353509,24689,15,12944,-12.666398053761002,26208,,13292
,0,,36569,14135,4.0,2016.0,0,0,-39.977620764061,35211,15,14002,-12.669347763138003,35797,,14063
,0,,29959,13302,4.0,2016.0,0,0,-39.814848674775035,16272,15,10234,-12.761435121178518,22720,,12299
,0,,24782,12495,4.0,2016.0,0,0,-39.765153068181576,18839,15,11294,-12.668544263504304,21848,,12014
,0,,25430,12886,4.0,2016.0,0,0,-39.864964321059254,15035,15,9873,-12.65038332185888,24323,,12541
,0,,30412,13695,4.0,2016.0,0,0,-39.667829886820854,18158,15,10607,-12.714232236001749,26641,,13055
,0,,28628,14094,6.0,2016.0,0,0,-39.80299139738245,27738,21,13707,-12.845116283676507,27320,,13956
,0,,33832,14306,4.0,2016.0,0,0,-39.738935185148755,26610,15,13550,-12.825963495234346,30336,,13993
,0,,32969,14444,4.0,2016.0,0,0,-39.67626605872139,20422,15,12461,-12.658166865646159,30060,,14185
,0,,32707,14714,4.0,2016.0,0,0,-39.963427530684285,32707,15,14714,-12.633446750877676,32707,,14714
,0,,34437,14638,6.0,2016.0,0,0,-39.80830191855377,31244,21,14238,-12.843833590695876,31928,,14296
,0,,33059,14805,6.0,2016.0,0,0,-39.674758186910154,31726,21,14198,-12.891869796422185,31312,,14609
,0,,35576,14935,6.0,2016.0,0,0,-39.75856947879786,27905,21,13968,-12.827404205594691,33448,,14820
,0,,39501,15068,4.0,2016.0,0,0,-39.689990358885204,21068,15,12285,-12.8115330488909,27636,,13431
,0,,31209,13703,6.0,2016.0,0,0,-39.74327960902575,29293,21,13354,-12.761967339087745,30239,,13532
,0,,34563,14473,6.0,2016.0,0,0,-39.69311163026259,17897,21,11327,-12.858490068132804,31486,,13985
,0,,27226,12751,4.0,2016.0,0,0,-39.67655984567729,18272,15,11064,-12.662691384799013,26712,,12385
,0,,37419,14552,4.0,2016.0,0,0,-39.695113160653904,30889,15,13731,-12.556846359133035,35042,,14314
,0,,28586,13316,6.0,2016.0,0,0,-39.77406376923206,24211,21,12169,-12.531529312765375,27294,,13100
,0,,26363,13104,4.0,2016.0,0,0,-39.98907807346724,25999,15,12774,-12.5738157005636,26181,,12946
,0,,28404,13228,4.0,2016.0,0,0,-39.68356247619043,26053,15,12439,-12.783156743733231,25692,,12424
,0,,33520,14364,4.0,2016.0,0,0,-39.70809105293003,30590,15,14021,-12.620826608999407,31113,,14126
,0,,33508,13966,4.0,2016.0,0,0,-39.71857934446927,29023,15,13141,-12.553132145411894,31078,,13550
,0,,22260,12855,4.0,2016.0,0,0,-39.91950672360529,23527,15,12534,-12.80298394295566,24545,,12959
,0,,30676,13449,4.0,2016.0,0,0,-39.915250452870495,24708,15,12485,-12.785472838563585,27695,,12920
,0,,31153,13753,4.0,2016.0,0,0,-39.688810282904555,26765,15,12667,-12.553812432577924,29212,,13363
,0,,28948,13612,4.0,2016.0,0,0,-39.6723384929322,28889,15,12585,-12.781338389873353,27897,,13127
,0,,30392,13355,4.0,2016.0,0,0,-39.7503095649592,24089,15,12182,-12.803489730690254,26651,,12878
,0,,27837,13587,4.0,2016.0,0,0,-39.6914521736244,22673,15,12696,-12.629943936788976,25158,,13182
,0,,28874,13254,4.0,2016.0,0,0,-39.895837262391645,22155,15,12281,-12.697680192077415,23830,,12631
,0,,26584,12598,4.0,2016.0,0,0,-39.83248375529453,26100,15,12380,-12.775212420426064,25981,,12434
,0,,29200,13185,4.0,2016.0,0,0,-39.695062336615,23502,15,12292,-12.813047161678766,26417,,12795
,0,,28912,12943,4.0,2016.0,0,0,-39.72826076091774,26426,15,12479,-12.651354711850978,27127,,12676
,0,,26289,13032,4.0,2016.0,0,0,-40.018290382296065,20741,15,11620,-12.819936688951392,22185,,12069
,0,,24533,12160,4.0,2016.0,0,0,-39.92014159390258,24533,15,12160,-12.786571236427159,24533,,12160
,0,,28108,13631,4.0,2016.0,0,0,-40.01121343495582,25477,15,13147,-12.800701265135345,26815,,13409
,0,,35131,14610,4.0,2016.0,0,0,-39.876287997315934,25616,15,12744,-12.689931144564639,27559,,13454
,0,,31039,14195,4.0,2016.0,0,0,-39.852986935945054,30558,15,14086,-12.88007673043462,30783,,14140
,0,,29551,13683,4.0,2016.0,0,0,-39.690922947771256,28064,15,13419,-12.61342205480696,27792,,13607
,0,,30385,13836,6.0,2016.0,0,0,-39.85132164210273,28674,21,13702,-12.89141246816291,28674,,13702
,0,,30854,13686,4.0,2016.0,0,0,-39.95424734227844,30854,15,13686,-12.612769981148986,30854,,13686
,0,,32154,13850,4.0,2016.0,0,0,-40.00952146168898,30394,15,13606,-12.559802217589775,31303,,13736
,0,,28751,12980,4.0,2016.0,0,0,-39.8465707083878,28744,15,12978,-12.684128541242249,28751,,12980
,0,,37516,14870,4.0,2016.0,0,0,-40.0104697945462,24792,15,12688,-12.535511632098615,30976,,13563
,0,,29073,13356,4.0,2016.0,0,0,-40.15019377971641,28842,15,13256,-12.531529335623036,28960,,13304
,0,,25773,13192,4.0,2016.0,0,0,-40.291380473937636,17747,15,11104,-12.78547282412103,21483,,12342
,0,,27122,12387,4.0,2016.0,0,0,-40.1412830779868,17610,15,10528,-12.668544263762564,27122,,12387
,0,,36591,14921,4.0,2016.0,0,0,-40.23853556188708,21318,15,12463,-12.813072878045652,27524,,13770
,0,,40386,15213,4.0,2016.0,0,0,-40.090947476963834,28138,15,13858,-12.71634175737294,31631,,14198
,0,,19322,12014,4.0,2016.0,0,0,-40.223554477279,22212,15,12372,-12.586386414379112,20956,,12237
,0,,30554,13694,4.0,2016.0,0,0,-40.05969247986698,23342,15,12627,-12.783156732906859,27499,,12979
,0,,29765,14415,4.0,2016.0,0,0,-40.397535580724686,33338,15,13968,-12.527488354108607,31599,,14178
,0,,28164,13945,4.0,2016.0,0,0,-40.192899383851795,22583,15,12932,-12.599741628019009,25377,,13508
,0,,37845,13787,4.0,2016.0,0,0,-40.19097868830204,26815,15,12949,-12.761435102901391,31024,,13365
,0,,30426,13980,4.0,2016.0,0,0,-40.218189150294265,25549,15,13351,-12.524728606519993,27754,,13666
,0,,36028,14595,4.0,2016.0,0,0,-40.30304375358485,23640,15,12499,-12.865278299883938,29766,,13647
,0,,31541,13595,4.0,2016.0,0,0,-40.24984461372905,31541,15,13595,-12.589367781099071,31541,,13595
,0,,34385,13816,4.0,2016.0,0,0,-40.21596812685204,34385,15,13816,-12.677098399986036,34385,,13816
,0,,34943,14296,4.0,2016.0,0,0,-40.126439573642045,32214,15,13365,-12.803489709303822,34943,,14296
,0,,31254,13685,4.0,2016.0,0,0,-40.296271615338036,31254,15,13685,-12.786571222171602,31254,,13685
,0,,29128,13388,4.0,2016.0,0,0,-40.04846849576582,27511,15,12775,-12.781338380545092,28308,,13084
,0,,34606,14040,4.0,2016.0,0,0,-40.067582177895346,30825,15,13608,-12.629943951482746,32752,,13843
,0,,22524,12128,4.0,2016.0,0,0,-40.073589182104755,20048,15,11240,-12.895586348575467,21914,,11720
,0,,30346,13900,4.0,2016.0,0,0,-40.39947014253917,27745,15,13348,-12.85811517002161,28136,,13402
,0,,28270,13846,4.0,2016.0,0,0,-40.13065354923853,29690,15,13828,-12.86535746067771,28976,,13838
,0,,29987,13174,4.0,2016.0,0,0,-40.241094338354316,29987,15,13174,-12.650383314663355,29987,,13174
,0,,33071,13900,4.0,2016.0,0,0,-40.11940961718395,24536,15,12699,-12.761967325583987,27550,,13302
,0,,29889,13638,4.0,2016.0,0,0,-40.22911695233858,24093,15,12647,-12.880076711247609,24093,,12647
,0,,27015,13597,4.0,2016.0,0,0,-40.07119234115497,23565,15,12910,-12.813047144492812,23565,,12910
,0,,24373,13139,4.0,2016.0,0,0,-40.211113535793366,24719,15,12968,-12.866399296436226,24537,,13218
,0,,27639,12717,4.0,2016.0,0,0,-40.24579953573833,20278,15,10978,-12.791006436870932,24970,,12206
,0,,34909,13586,4.0,2016.0,0,0,-40.25747330350403,23434,15,12361,-12.61226328733496,29068,,13105
,0,,27888,13234,4.0,2016.0,0,0,-40.135805097454806,27888,15,13234,-12.588290920750941,27888,,13234
,0,,26712,13163,4.0,2016.0,0,0,-40.07303862892983,24410,15,12777,-12.571697237193234,25293,,13050
,0,,32340,14315,4.0,2016.0,0,0,-40.078349607124416,26461,15,12635,-12.806749536192816,28926,,13396
,0,,30202,13124,4.0,2016.0,0,0,-40.043959889316056,24724,15,12016,-12.714232238703696,24724,,12016
,0,,28195,12909,4.0,2016.0,0,0,-40.30983032024619,18787,15,10943,-12.874253876745271,24380,,12155
,0,,27846,12637,4.0,2016.0,0,0,-40.11322509102949,21981,15,11431,-12.728327256261588,25479,,12066
,0,,26594,12440,4.0,2016.0,0,0,-40.09470935078414,25439,15,12398,-12.553132170466387,26005,,12419
,0,,24767,12225,4.0,2016.0,0,0,-40.080578536198665,22517,15,11325,-12.855411773422333,24767,,12225
,0,,24404,12695,4.0,2016.0,0,0,-40.117451862622794,24432,15,12494,-12.868888915765638,24423,,12594
,0,,24351,12509,4.0,2016.0,0,0,-40.06494028698028,22893,15,12431,-12.553812460657033,23605,,12471
,0,,24052,12579,4.0,2016.0,0,0,-40.13756662779972,24052,15,12579,-12.60783531445086,24052,,12579
,0,,24867,12462,4.0,2016.0,0,0,-40.08422105845213,24867,15,12462,-12.620826623509569,24867,,12462
,0,,25857,12611,4.0,2016.0,0,0,-40.056494242279584,24861,15,12500,-12.554298783292488,25312,,12553
,0,,30821,12693,4.0,2016.0,0,0,-40.058242846908215,32256,15,12715,-12.586002307673557,31515,,12703
,0,,25529,12869,4.0,2016.0,0,0,-40.10419928306201,25529,15,12869,-12.607732312889992,25529,,12869
,0,,23653,12476,4.0,2016.0,0,0,-40.09993317077264,22671,15,12335,-12.809105456583488,23145,,12404
,0,,26700,12756,4.0,2016.0,0,0,-40.06705295200269,24620,15,12545,-12.61342207239864,25558,,12648
,0,,25357,12302,4.0,2016.0,0,0,-40.40653527564615,25739,15,12370,-12.880373349902046,25739,,12370
,0,,25002,12685,4.0,2016.0,0,0,-40.06612036304437,18881,15,11271,-12.811533032503132,20557,,11700
,0,,23858,12508,4.0,2016.0,0,0,-40.069241634653864,20392,15,11747,-12.858490043334388,22904,,12444
,0,,24102,12375,4.0,2016.0,0,0,-40.41025790534759,24093,15,12372,-12.710789753384725,24093,,12372
,0,,21545,12262,4.0,2016.0,0,0,-40.30344208477629,21545,15,12262,-12.765454597813994,21545,,12262
,0,,22714,12229,4.0,2016.0,0,0,-40.11506519297721,25437,15,12581,-12.825963472267865,24067,,12416
,0,,25691,13335,4.0,2016.0,0,0,-40.29563674499444,28905,15,13446,-12.802983928321359,27309,,13395
,0,,34544,14705,4.0,2016.0,0,0,-39.66196799322738,34544,15,14705,-13.975821226447394,34544,,14705
,0,,33178,13682,4.0,2016.0,0,0,-39.69548009161435,31845,15,13612,-14.015999530555716,32515,,13648
,0,,33669,14191,4.0,2016.0,0,0,-39.970124734414256,24840,15,12995,-13.732816661672775,29535,,13980
,0,,35005,14053,4.0,2016.0,0,0,-39.81612316208895,35776,15,13830,-13.783295990028227,35419,,13938
,0,,40567,14940,4.0,2016.0,0,0,-39.76225088684416,25473,15,13343,-13.911470671472102,31737,,14586
,0,,40741,15225,4.0,2016.0,0,0,-39.75009779549093,28013,15,13778,-13.965547555754728,35085,,14670
,0,,34870,14956,6.0,2016.0,0,0,-39.80826226157172,28343,21,13931,-13.90705876437749,33916,,14538
,0,,35418,14827,4.0,2016.0,0,0,-39.982760228778616,24770,15,12880,-13.882445763176927,29411,,13864
,0,,39281,15222,4.0,2016.0,0,0,-39.94441166575143,26011,15,13641,-13.903670741733075,30861,,13971
,0,,30409,13022,4.0,2016.0,0,0,-40.00898073858401,24919,15,12316,-13.688734178283816,29906,,12831
,0,,28319,13490,4.0,2016.0,0,0,-39.79182770208903,28392,15,13400,-13.863990872571671,28392,,13400
,0,,35988,14304,4.0,2016.0,0,0,-39.82416162184118,23918,15,12632,-13.923463875011233,34343,,14109
,0,,37225,14671,4.0,2016.0,0,0,-39.91018470983194,20356,15,12383,-13.994690092058608,30246,,14149
,0,,36839,14397,4.0,2016.0,0,0,-39.935513455176775,25211,15,12903,-13.806830124647973,31029,,13634
,0,,34772,14252,4.0,2016.0,0,0,-40.016938849953796,20069,15,12135,-13.664300497319608,29974,,13883
,0,,35735,14544,4.0,2016.0,0,0,-39.74773394304455,24604,15,13130,-13.789907704557056,31574,,14166
,0,,27182,13195,4.0,2016.0,0,0,-39.93737571680612,23079,15,12491,-13.675611266006756,25262,,12737
,0,,40416,14769,4.0,2016.0,0,0,-39.73681724952143,26610,15,12918,-13.798084192964094,30317,,13838
,0,,34542,13875,4.0,2016.0,0,0,-39.73408602525723,29986,15,12611,-13.801095507819184,32568,,13598
,0,,29645,14002,4.0,2016.0,0,0,-40.031617246757044,21957,15,11838,-13.923909948572048,25074,,13287
,0,,29708,14040,4.0,2016.0,0,0,-39.99466963840842,28151,15,13308,-13.766763847459885,28866,,13645
,0,,29077,13640,4.0,2016.0,0,0,-39.93946538370503,28062,15,12726,-13.709946745895136,27384,,13009
,0,,34041,14503,4.0,2016.0,0,0,-39.763295429797346,15866,15,10554,-13.786975253068691,28387,,13558
,0,,26718,13318,4.0,2016.0,0,0,-39.96075501756693,31531,15,13545,-13.728233155852337,30060,,13567
,32797,,12144,5722,8.0,2016.0,65535,56281,-38.54106920500833,11448,33,4889,-12.933399368873049,11810,,5365
,33846,,13052,6900,8.0,2016.0,65535,65535,-38.5347063036385,11444,33,4894,-12.947394071049318,12001,,5493
,36844,,13337,6922,8.0,2016.0,65535,36844,-38.569024296750285,11227,33,3978,-13.007023346642395,11227,,3978
,28570,,11001,4223,8.0,2016.0,16133,16133,-38.54743433127056,11007,33,3433,-13.01428822368284,11001,,4223
,16669,,11150,4075,8.0,2016.0,24679,20417,-38.539039525218264,11046,33,4051,-12.986327652187162,11098,,4058
,50021,,11582,4595,8.0,2016.0,64776,65535,-38.85844222430879,11361,33,3191,-13.180313430402393,11734,,4265
,32565,,11542,4736,8.0,2016.0,49029,62752,-38.85763387654309,11223,33,3484,-13.18661423646834,11509,,4308
,65535,,11991,4117,8.0,2016.0,65535,65535,-38.94787901526778,11700,33,3359,-13.258077604466258,11658,,3551
,65535,,13736,6574,8.0,2016.0,65535,65535,-38.958639430995056,11474,33,3249,-13.301462487003253,11682,,3691
,0,,35340,15248,0.0,2017.0,0,0,-38.89372568149277,32952,3,15209,-12.909116545289223,34554,,15131
,0,,35557,15457,0.0,2017.0,0,0,-38.88854897118663,33879,3,15120,-12.917294667903095,35343,,15332
,0,,34553,15415,0.0,2017.0,0,0,-38.92810435003567,33340,3,15301,-12.927907485425393,33950,,15358
,0,,41199,16141,0.0,2017.0,0,0,-38.93130325320922,40210,3,15700,-13.156721505813264,39750,,15868
,0,,39258,15859,0.0,2017.0,0,0,-38.9715453765119,38408,3,15535,-13.182665843438633,39262,,15762
,0,,40570,15976,0.0,2017.0,0,0,-39.05604340146904,36783,3,15813,-13.217387979780668,39918,,15963
,0,,38661,16143,0.0,2017.0,0,0,-39.22021147083623,36452,3,14998,-13.268099250149557,37956,,15982
,0,,45812,16133,0.0,2017.0,0,0,-39.05073287907848,35688,3,15408,-13.218670403348579,42531,,15932
,0,,45179,16082,0.0,2017.0,0,0,-39.00631182527609,29250,3,14880,-13.20096143080691,40629,,16021
,0,,41871,15913,0.0,2017.0,0,0,-39.18144059980873,36507,3,15776,-13.247802119038457,38219,,15704
,0,,44468,16111,0.0,2017.0,0,0,-39.07342159024197,28919,3,14070,-13.265292515856904,39702,,15699
,0,,36453,15176,0.0,2017.0,0,0,-39.06259228179189,33098,3,14645,-13.135005388872822,36037,,15049
,0,,37851,15214,0.0,2017.0,0,0,-39.130801167566375,33514,3,14991,-13.180466581692851,36841,,15213
,0,,41734,15812,0.0,2017.0,0,0,-39.175053786643275,25623,3,14064,-13.139023826123482,33509,,15037
,0,,39446,15727,0.0,2017.0,0,0,-38.96631958179274,29733,3,14821,-12.926741685542185,36895,,15499
,0,,34698,14834,0.0,2017.0,0,0,-39.12959751752738,19076,3,12381,-13.234221234739806,28280,,14229
,0,,32193,13946,0.0,2017.0,0,0,-39.11642695682586,19570,3,12290,-13.21806319466214,29744,,13754
,0,,35884,15547,0.0,2017.0,0,0,-39.32132926630622,25989,3,14204,-13.269129689864924,30962,,15015
,0,,45024,16111,0.0,2017.0,0,0,-39.365192868603344,30147,3,14975,-13.242437974551017,41629,,15698
,0,,39262,15492,0.0,2017.0,0,0,-39.57097808026065,19962,3,12738,-13.1170461703194,31721,,14649
,0,,41913,15375,0.0,2017.0,0,0,-39.488837411944964,35703,3,14776,-13.023974987439509,38950,,15151
,0,,38287,14838,0.0,2017.0,0,0,-39.53912206414983,31885,3,14271,-13.159038284675416,37596,,14799
,0,,36251,15695,0.0,2017.0,0,0,-39.296208896265114,23976,3,14074,-13.154903280706817,33297,,15610
,0,,40260,15460,0.0,2017.0,0,0,-39.52975406986326,27498,3,14308,-13.198333312647375,36038,,15241
,0,,37169,15739,0.0,2017.0,0,0,-39.82416534869853,29279,3,14498,-13.176554953102292,36931,,15675
,0,,43738,16272,0.0,2017.0,0,0,-39.7091584417034,31012,3,15260,-13.148743328607518,40312,,16123
,0,,32350,14790,0.0,2017.0,0,0,-39.89434989891012,27841,3,13578,-13.238836329962526,31320,,14357
,0,,31382,14366,0.0,2017.0,0,0,-39.819789556180986,23852,3,13047,-13.265291936749025,27617,,13670
,0,,34528,14931,0.0,2017.0,0,0,-40.008981018349075,22233,3,13073,-12.94173749579961,26500,,13697
,0,,39998,15509,0.0,2017.0,0,0,-39.76225350826422,21238,3,13499,-13.164557815428209,29025,,14326
,0,,33043,14825,0.0,2017.0,0,0,-39.74792176850622,26999,3,13747,-12.926754467637004,31626,,14729
,0,,32097,14889,0.0,2017.0,0,0,-39.68701344057672,28937,3,14267,-13.258069693621158,30080,,14600
,0,,38801,15399,0.0,2017.0,0,0,-39.97942907965953,26782,3,13945,-13.185106761903254,39432,,15245
,0,,38433,15844,0.0,2017.0,0,0,-39.84463849939235,21331,3,12977,-13.234223495959286,38758,,15532
,0,,39353,15208,0.0,2017.0,0,0,-39.892955719729784,32346,3,13938,-12.973340932200434,34804,,14586
,0,,33300,15196,0.0,2017.0,0,0,-39.73408989629241,24184,3,13251,-13.05414072725745,30747,,14574
,0,,39471,15978,0.0,2017.0,0,0,-39.94441730903895,33915,3,14603,-13.156755100826723,38557,,15461
,0,,35064,15341,0.0,2017.0,0,0,-39.75411588248772,26862,3,13586,-13.217373948324672,33238,,15005
,0,,35570,15468,0.0,2017.0,0,0,-39.986023846045875,31731,3,14155,-13.186614229404057,35540,,15129
,0,,40334,15655,0.0,2017.0,0,0,-39.66709450053277,29335,3,14324,-13.063453845131145,36266,,15382
,0,,33804,15465,0.0,2017.0,0,0,-39.75009893474853,24310,3,13802,-13.218655745797475,32096,,15393
,0,,39349,15831,0.0,2017.0,0,0,-39.83249440512248,21053,3,13091,-13.198339466856687,34899,,15470
,0,,38033,15420,0.0,2017.0,0,0,-39.73682131792667,33048,3,14464,-13.051128190655403,34082,,14924
,0,,41969,15848,0.0,2017.0,0,0,-39.695480109368674,25878,3,14131,-13.269128531351233,37614,,15388
,0,,40481,15872,0.0,2017.0,0,0,-39.79166154524312,29039,3,14474,-13.180462907779436,36917,,15474
,0,,28401,14071,1.0,2017.0,0,0,-39.66945921072498,21424,4,12155,-12.933399373412128,27743,,13838
,0,,27385,14071,1.0,2017.0,0,0,-39.835328671203854,20404,4,11430,-13.253623979099906,28214,,13830
,0,,30091,14673,1.0,2017.0,0,0,-39.859284455153606,27777,4,13372,-13.087871483801303,30735,,14348
,0,,34734,14636,1.0,2017.0,0,0,-39.74773875819084,25097,4,12404,-13.042948320077791,31694,,14123
,0,,33982,14985,1.0,2017.0,0,0,-40.031617515340066,24129,4,12261,-13.177004608293846,33906,,14833
,0,,36514,15265,1.0,2017.0,0,0,-39.80226738381558,31151,4,14463,-13.159043155476352,34493,,15151
,0,,35762,15298,1.0,2017.0,0,0,-39.94007426820944,28946,4,13532,-13.193534302928942,35380,,14696
,0,,33119,14577,1.0,2017.0,0,0,-40.013109484921515,23489,4,13310,-13.253930842710504,25200,,13772
,0,,25896,13592,1.0,2017.0,0,0,-39.9607565103813,20930,4,12158,-12.981250321715645,25429,,13409
,0,,43970,15158,1.0,2017.0,0,0,-39.722044734398,28953,4,13379,-13.23889351228618,35373,,14186
,0,,29764,14068,1.0,2017.0,0,0,-39.78091314227229,23901,4,12830,-12.987057900079527,27792,,13627
,0,,31504,14459,1.0,2017.0,0,0,-39.91057327063417,24344,4,12424,-13.042137563006081,29545,,13987
,0,,39580,14867,1.0,2017.0,0,0,-39.66742953116701,29248,4,13176,-12.986327657447161,28652,,13761
,0,,29139,13378,1.0,2017.0,0,0,-39.90876112610193,27300,4,12784,-12.915624333089344,27826,,13105
,0,,31486,13860,1.0,2017.0,0,0,-39.81517790496842,26786,4,12517,-13.218061994306439,27678,,12955
,0,,32179,14299,1.0,2017.0,0,0,-40.00766473663941,27450,4,13155,-13.057664710078495,31376,,14160
,0,,30560,13463,1.0,2017.0,0,0,-39.91018610700285,23555,4,12216,-13.247808942449803,27435,,12818
,0,,34994,14761,1.0,2017.0,0,0,-39.81231726836885,24028,4,12607,-12.981356327679292,29352,,13822
,0,,36168,14759,1.0,2017.0,0,0,-39.80552069584316,25454,4,13109,-12.994456718888772,30727,,14030
,0,,32148,14304,1.0,2017.0,0,0,-39.67582433625995,29327,4,13361,-13.014288228808146,30409,,13884
,0,,33022,14446,1.0,2017.0,0,0,-39.84599220411948,29583,4,13928,-13.084435474829228,32490,,14315
,0,,28952,14084,1.0,2017.0,0,0,-39.86817277333396,25201,4,13080,-12.908961752288489,27335,,13806
,0,,31926,14779,1.0,2017.0,0,0,-39.84509130584671,28244,4,13450,-13.264957790711058,31046,,14208
,0,,43036,16194,0.0,2017.0,0,0,-40.20181157906839,31862,3,15108,-13.265292506154225,42528,,15899
,0,,37498,14863,0.0,2017.0,0,0,-40.227451794861494,29872,3,13549,-13.264957769162072,33880,,14465
,0,,36087,15196,0.0,2017.0,0,0,-40.310645571756886,29785,3,13917,-13.01433057324727,31910,,14107
,0,,33493,14801,0.0,2017.0,0,0,-40.303044173362586,29033,3,13910,-13.238828317378616,31974,,14323
,0,,34219,14765,0.0,2017.0,0,0,-40.211114282044456,24887,3,12738,-13.239949421874805,29595,,14051
,0,,39103,15200,0.0,2017.0,0,0,-40.32883119541049,24465,3,13104,-13.054144286650565,34083,,14589
,0,,35682,15183,0.0,2017.0,0,0,-40.24580164371687,21584,3,12876,-13.164571042986198,32170,,14707
,0,,36833,15615,0.0,2017.0,0,0,-40.208616731853155,31466,3,14162,-13.148780063472126,36561,,15118
,0,,37044,15456,0.0,2017.0,0,0,-40.24984627811498,24660,3,13441,-12.962971154471598,30416,,14654
,0,,31813,14187,1.0,2017.0,0,0,-40.38734374567013,25628,4,12722,-13.17426263033627,30791,,13690
,0,,27116,13830,1.0,2017.0,0,0,-40.192900798989335,20845,4,12380,-12.97334299470597,24789,,13318
,0,,27817,13879,1.0,2017.0,0,0,-40.385652540528895,20776,4,12161,-12.933409944500383,26009,,13575
,0,,31301,14138,1.0,2017.0,0,0,-40.386600306167026,25173,4,13213,-12.909124017098396,28801,,13693
,0,,30421,14317,1.0,2017.0,0,0,-40.309830604894216,29808,4,13662,-13.247802109657913,29969,,14113
,0,,31382,13960,1.0,2017.0,0,0,-40.06494039029882,26392,4,13324,-12.927421406100711,30491,,13790
,0,,36749,15401,1.0,2017.0,0,0,-40.33955982723639,29352,4,14054,-13.00704097555425,33936,,15016
,0,,27137,14547,1.0,2017.0,0,0,-40.37227352867521,23976,4,12871,-13.039985493315704,27392,,14153
,0,,30478,14228,1.0,2017.0,0,0,-40.06758257959673,29945,4,13672,-13.003538303372187,31161,,14117
,0,,29813,14272,1.0,2017.0,0,0,-40.059693220647645,29936,4,13544,-13.15672149903157,29211,,13934
,0,,30679,14495,1.0,2017.0,0,0,-40.28230421814495,22701,4,12379,-12.928616460294032,28222,,13909
,0,,37226,15264,1.0,2017.0,0,0,-40.33038012703449,28282,4,13823,-12.986368288562772,32761,,14656
,0,,46842,15990,1.0,2017.0,0,0,-40.22355587041396,28974,4,14373,-12.959990397112715,36327,,15274
,0,,36136,14988,1.0,2017.0,0,0,-40.21818916585086,22200,4,12405,-12.898344442868018,27882,,13795
,0,,35220,15232,1.0,2017.0,0,0,-40.29627314380265,31318,4,14050,-13.160136430703623,33379,,14770
,0,,34843,15080,1.0,2017.0,0,0,-40.06924297096946,24785,4,12736,-13.232040483424,30160,,14207
,0,,33852,14734,1.0,2017.0,0,0,-40.04396007724023,26964,4,13183,-13.087809976506286,32557,,14340
,0,,37977,15107,1.0,2017.0,0,0,-40.07358926083594,23802,4,12538,-13.26912972086523,29510,,13955
,0,,42856,16142,1.0,2017.0,0,0,-40.34526580410525,30169,4,13575,-13.04843600067817,35454,,14898
,0,,39751,15287,1.0,2017.0,0,0,-40.25747563106852,28127,4,13441,-12.98586223454081,32669,,14316
,0,,29112,13936,1.0,2017.0,0,0,-40.39753573435102,23524,4,12630,-12.901102094016064,26107,,13385
,0,,29720,13945,1.0,2017.0,0,0,-40.373203665395266,22049,4,12358,-12.917306717822107,26072,,13164
,0,,31660,13690,1.0,2017.0,0,0,-40.39139004920165,27943,4,12580,-13.0095091857194,30093,,13399
,0,,28717,13750,1.0,2017.0,0,0,-40.38796373228862,25929,4,12995,-12.909994858726337,29128,,13664
,0,,33022,14849,1.0,2017.0,0,0,-40.3486014817566,32985,4,13552,-13.268099242197795,32956,,14110
,0,,39218,15713,1.0,2017.0,0,0,-40.30512528413664,23883,4,12697,-13.198040467407203,29079,,14168
,0,,36361,15171,1.0,2017.0,0,0,-40.42852635554786,27632,4,13558,-13.031755524096717,26979,,13083
,0,,28003,13949,1.0,2017.0,0,0,-40.63360561747196,26142,4,13523,-12.985862224519822,27216,,13804
,0,,33248,14718,1.0,2017.0,0,0,-40.51369765259006,22424,4,12119,-12.981434777330058,28440,,13709
,0,,28094,13848,1.0,2017.0,0,0,-40.716799544662436,30249,4,13620,-12.941761047306304,29246,,13724
,0,,28252,13611,1.0,2017.0,0,0,-40.42701846044857,23583,4,11886,-13.265413440150297,27737,,13043
,0,,28587,14162,1.0,2017.0,0,0,-40.51083181459388,19578,4,11402,-13.200961385938754,27228,,13686
,0,,28593,13547,1.0,2017.0,0,0,-40.51193587230824,25692,4,12832,-12.961894127052213,26187,,13059
,0,,31093,14171,1.0,2017.0,0,0,-40.76178250169207,32614,4,13617,-12.933409944903747,31834,,13894
,0,,31733,15072,1.0,2017.0,0,0,-40.42882015632432,23255,4,12430,-13.03627917742186,23503,,13330
,0,,31850,14558,1.0,2017.0,0,0,-40.658434199664285,21586,4,12535,-12.928616456096105,24056,,13049
,0,,30162,14230,1.0,2017.0,0,0,-40.58724427757557,28939,4,13785,-13.239949399743718,29179,,13881
,0,,25458,13580,1.0,2017.0,0,0,-40.456710219908196,23644,4,12471,-13.22896294077233,24045,,13153
,0,,35638,15145,1.0,2017.0,0,0,-40.67176803378357,27000,4,13456,-13.176545973251748,28707,,14000
,0,,29828,14831,1.0,2017.0,0,0,-40.67240312256101,26718,4,13708,-13.160136419113117,29372,,14465
,0,,43528,15286,1.0,2017.0,0,0,-40.77366569318181,31791,4,14023,-12.901102096851627,34327,,14474
,0,,46203,16256,1.0,2017.0,0,0,-40.77055053143078,29016,4,13671,-13.193494232227687,34678,,14786
,0,,31821,15219,1.0,2017.0,0,0,-40.65814406906023,26539,4,13605,-13.19833329819554,28102,,14247
,0,,29185,13893,1.0,2017.0,0,0,-40.44318330926815,25601,4,13244,-12.987019574228626,26818,,13525
,0,,38983,16106,1.0,2017.0,0,0,-40.78266524356571,27671,4,13743,-13.253919060913121,34765,,15061
,0,,31335,14545,0.0,2017.0,0,0,-40.76409369299393,31022,3,13508,-12.909994860425105,28135,,14545
,0,,30785,14485,1.0,2017.0,0,0,-40.49119773806473,30142,4,13614,-13.199520751736342,31340,,14032
,0,,32554,14838,1.0,2017.0,0,0,-40.506784639391725,28597,4,13522,-13.238907324724183,29983,,14016
,0,,35055,14986,1.0,2017.0,0,0,-40.6285519440358,30537,4,14124,-13.063515142459057,32506,,14559
,0,,41751,16067,0.0,2017.0,0,0,-39.029406468580405,29607,3,14803,-13.278688072387933,34629,,15489
,0,,39368,15600,0.0,2017.0,0,0,-39.185116097167615,34981,3,15426,-13.302145417001487,37564,,15515
,0,,34684,14708,1.0,2017.0,0,0,-39.645985627156584,22262,4,12381,-13.282656888605402,27827,,13682
,0,,31400,14515,1.0,2017.0,0,0,-39.648225541611154,20268,4,12195,-13.283526870341055,27626,,13908
,0,,35724,15690,0.0,2017.0,0,0,-39.63285087771227,26342,3,14306,-13.315271777828444,34869,,15230
,0,,31174,15183,0.0,2017.0,0,0,-39.404780433797974,22764,3,14043,-13.360584551520205,30405,,15046
,0,,37747,15475,0.0,2017.0,0,0,-39.51682443600934,32596,3,14999,-13.346870356157572,37719,,15386
,0,,44271,15916,0.0,2017.0,0,0,-39.49204255043199,37494,3,15413,-13.282503645817457,41334,,15739
,0,,43509,15927,0.0,2017.0,0,0,-39.559385397363194,39553,3,15594,-13.43338951640532,39795,,15662
,0,,41663,15842,0.0,2017.0,0,0,-39.58625719384094,32696,3,15275,-13.428414444240897,36598,,15638
,0,,37663,16304,0.0,2017.0,0,0,-39.43618504567231,30387,3,15138,-13.354884243748312,35214,,15765
,0,,41114,16048,0.0,2017.0,0,0,-39.53223647665246,29075,3,15058,-13.463453437595685,39656,,15878
,0,,46258,16107,0.0,2017.0,0,0,-39.63153420244789,29917,3,15065,-13.431176709581262,41834,,15854
,0,,37673,15625,0.0,2017.0,0,0,-39.66783026312352,20572,3,13376,-13.46131583654442,34579,,15464
,0,,40294,16119,0.0,2017.0,0,0,-39.72807064062335,31131,3,15035,-13.354858735282356,40269,,16001
,0,,41145,16050,0.0,2017.0,0,0,-39.680364388440545,24037,3,13674,-13.301444342631665,36558,,15734
,0,,44766,16268,0.0,2017.0,0,0,-39.76143865022824,32802,3,14955,-13.354962407418315,42504,,15984
,0,,41526,16009,0.0,2017.0,0,0,-39.68211317601952,27437,3,14052,-13.33313573356659,38962,,15696
,0,,42669,15584,0.0,2017.0,0,0,-39.73709885604052,29613,3,14279,-13.47540750922348,31459,,14829
,0,,30353,14772,0.0,2017.0,0,0,-39.68881048977257,24160,3,13600,-13.300958491787023,28704,,14466
,0,,33292,14844,0.0,2017.0,0,0,-39.856740723205235,22815,3,13021,-13.282504326040337,30510,,14434
,0,,32828,14168,0.0,2017.0,0,0,-39.71857975238366,27459,3,13112,-13.300279349483134,31105,,13876
,0,,33902,15366,1.0,2017.0,0,0,-40.00952356563505,33728,4,14491,-13.306945859179093,33858,,15110
,0,,38554,15284,1.0,2017.0,0,0,-40.0104707625187,25945,4,13643,-13.282664590779737,37176,,15173
,0,,37134,15286,1.0,2017.0,0,0,-40.01183422699155,30724,4,14256,-13.283535242038658,35645,,15018
,0,,44315,15736,1.0,2017.0,0,0,-39.696909047549156,24776,4,13413,-13.318836648712953,38996,,15462
,0,,28883,14268,1.0,2017.0,0,0,-39.871707204213514,23568,4,13400,-13.39335752890327,28883,,14268
,0,,31769,14665,1.0,2017.0,0,0,-39.83498501512066,21071,4,12914,-13.613427656071943,26654,,13946
,0,,40346,15529,1.0,2017.0,0,0,-39.84742725092721,25996,4,12926,-13.3335225293492,31939,,14237
,0,,32253,14643,1.0,2017.0,0,0,-39.996144592214584,17331,4,11503,-13.41350110327158,30041,,14222
,0,,32920,14570,1.0,2017.0,0,0,-39.69145297798553,24217,4,12818,-13.377060787224337,30843,,14194
,0,,29029,14399,1.0,2017.0,0,0,-39.6951134377858,23624,4,12562,-13.303991453161135,25911,,13673
,0,,33269,14338,1.0,2017.0,0,0,-39.9776239232646,18568,4,11316,-13.41645020863296,30083,,13655
,0,,28134,13983,1.0,2017.0,0,0,-39.9061751096924,25392,4,12794,-13.302154459401622,29287,,13850
,0,,35696,14797,1.0,2017.0,0,0,-39.8906236439943,24464,4,12593,-13.28916848191045,29672,,13700
,0,,37177,14468,1.0,2017.0,0,0,-40.023340229771,26627,4,12947,-13.605143548156768,33891,,13944
,0,,33392,14368,1.0,2017.0,0,0,-39.969137548162415,26552,4,12383,-13.421950357570482,32121,,13670
,0,,33892,13574,1.0,2017.0,0,0,-39.95846842995091,28482,4,12408,-13.424642120125377,30781,,13261
,0,,37840,15546,0.0,2017.0,0,0,-40.40774741103358,31083,3,14540,-13.55049318366393,35861,,15162
,0,,38716,15611,0.0,2017.0,0,0,-40.121058234714916,26551,3,13942,-13.31886042161002,36259,,15287
,0,,41238,15680,0.0,2017.0,0,0,-40.370800262932484,32897,3,14706,-13.39331622184147,40551,,15267
,0,,42797,15801,0.0,2017.0,0,0,-40.098174499331414,30940,3,14281,-13.612371129830928,39749,,15302
,0,,40391,15536,0.0,2017.0,0,0,-40.36822752692392,34668,3,14660,-13.397454399807723,40001,,15198
,0,,38182,15927,0.0,2017.0,0,0,-40.36998552472796,34427,3,15099,-13.424157719499776,36171,,15648
,0,,35213,14971,1.0,2017.0,0,0,-40.08853755568816,22850,4,12697,-13.615901194892768,29682,,14128
,0,,37575,15322,1.0,2017.0,0,0,-40.33688578940061,24379,4,12564,-13.354777665473227,33424,,14302
,0,,30806,14780,1.0,2017.0,0,0,-40.04558881239439,25083,4,13437,-13.306934969961242,29602,,14560
,0,,35719,14569,1.0,2017.0,0,0,-40.195919458454846,24200,4,12721,-13.638765229282946,31214,,14095
,0,,40154,14751,1.0,2017.0,0,0,-40.06396948759691,21376,4,12687,-13.574411678232623,35107,,14390
,0,,34360,15116,1.0,2017.0,0,0,-40.39306892230355,24384,4,12820,-13.290833516094704,30425,,14215
,0,,40157,15629,1.0,2017.0,0,0,-40.043559264446344,20391,4,12616,-13.359853031305601,34854,,15224
,0,,33160,15198,1.0,2017.0,0,0,-40.03922617379898,24489,4,13323,-13.32092686187558,32017,,14744
,0,,43223,15777,1.0,2017.0,0,0,-40.34556943447081,26244,4,13662,-13.641572748391038,38732,,15453
,0,,43150,15766,1.0,2017.0,0,0,-40.13838220885881,36458,4,15012,-13.538050168675017,41051,,15444
,0,,39998,15874,1.0,2017.0,0,0,-40.120656576303304,21966,4,13315,-13.333168494522733,37258,,15424
,0,,40572,15663,1.0,2017.0,0,0,-40.18741013373837,32522,4,14146,-13.405327249075405,37343,,14885
,0,,39430,15646,0.0,2017.0,0,0,-40.178395484127904,25532,3,12096,-13.532536833393968,31677,,14384
,0,,34748,14604,1.0,2017.0,0,0,-40.385110906749894,27807,4,12892,-13.315271764016012,30591,,13718
,0,,34492,14945,1.0,2017.0,0,0,-40.04322431488477,29077,4,12913,-13.436964370548942,31202,,14265
,0,,38169,15450,1.0,2017.0,0,0,-40.22190385449613,34515,4,14266,-13.354976933688254,38168,,15098
,0,,42365,15487,1.0,2017.0,0,0,-40.10433110774464,35830,4,14315,-13.304009028681303,39822,,15046
,0,,37814,14786,1.0,2017.0,0,0,-40.03809800774426,23984,4,12199,-13.602414494915909,33398,,13991
,0,,33054,14338,1.0,2017.0,0,0,-40.284890874484915,26714,4,12698,-13.289164779530196,31650,,13656
,0,,34762,13724,1.0,2017.0,0,0,-40.04517616233739,29724,4,12688,-13.638881240565086,32510,,13162
,0,,35959,14072,1.0,2017.0,0,0,-40.188445052940914,30055,4,13345,-13.354884250790333,32611,,13700
,0,,33112,14487,1.0,2017.0,0,0,-40.3385172177289,28039,4,13165,-13.428414423790723,31444,,13778
,0,,37663,15243,1.0,2017.0,0,0,-40.28670113790134,33982,4,13795,-13.415653640814305,34936,,14673
,0,,31422,14676,1.0,2017.0,0,0,-40.051953839021124,23931,4,12295,-13.387808372383686,28861,,14272
,0,,39840,15742,1.0,2017.0,0,0,-40.13024528292179,28345,4,13482,-13.590856063159885,34121,,15096
,0,,38756,15265,1.0,2017.0,0,0,-40.28449649456581,34533,4,14246,-13.463453420173366,37635,,15097
,0,,37522,15854,0.0,2017.0,0,0,-40.49704324559775,27010,3,13097,-13.421958646361837,32275,,14748
,0,,39738,15567,0.0,2017.0,0,0,-40.42990881023482,29532,3,14211,-13.508448487799106,38084,,15558
,0,,38327,14353,1.0,2017.0,0,0,-40.47430451711212,28340,4,12598,-13.612371128999282,29851,,13129
,0,,32371,14553,1.0,2017.0,0,0,-40.66062647563075,23079,4,12502,-13.463453434548144,25978,,12984
,0,,32010,14519,1.0,2017.0,0,0,-40.447740128109025,26594,4,13303,-13.64259995319385,36143,,14407
,0,,30274,14664,1.0,2017.0,0,0,-40.49678658964936,26340,4,13000,-13.333168470585248,29127,,13943
,0,,32428,14415,1.0,2017.0,0,0,-40.735021724513,24671,4,12556,-13.509020254751256,30242,,14007
,0,,33789,14732,1.0,2017.0,0,0,-40.515558321276885,27903,4,12973,-13.413530766657198,29846,,13735
,0,,31743,14551,1.0,2017.0,0,0,-40.57661500347772,24777,4,13047,-13.33543954737319,29475,,13928
,0,,34454,14618,1.0,2017.0,0,0,-40.58758831400786,24155,4,13169,-13.627099567402993,30024,,13971
,0,,36755,15239,1.0,2017.0,0,0,-40.76536874933987,29749,4,13224,-13.627404991614627,31893,,14312
,0,,35824,15116,1.0,2017.0,0,0,-40.42171884054547,24324,4,13105,-13.306934931971574,30880,,14015
,0,,36225,15028,1.0,2017.0,0,0,-40.598033847895536,29935,4,13639,-13.354976924859562,31120,,14165
,0,,27926,13927,1.0,2017.0,0,0,-40.72169940346335,27573,4,13022,-13.641572792518264,26762,,13197
,0,,32979,14691,1.0,2017.0,0,0,-40.499996374922176,27492,4,13149,-13.4164639267925,32133,,13940
,0,,36351,13979,1.0,2017.0,0,0,-40.53317044376022,28381,4,12828,-13.360584546296973,34015,,13732
,0,,31986,14285,1.0,2017.0,0,0,-40.50401402115332,30352,4,13014,-13.383067870513601,30397,,13589
,0,,30379,14243,1.0,2017.0,0,0,-40.5720494569607,27519,4,13298,-13.63876524758073,32681,,13889
,0,,29367,14179,1.0,2017.0,0,0,-40.68362527059895,22552,4,12650,-13.52844292646335,24255,,13187
,0,,30672,14202,1.0,2017.0,0,0,-40.73168714600909,22439,4,12676,-13.558594661615494,27725,,13594
,0,,30664,14453,1.0,2017.0,0,0,-40.60757507085061,23898,4,12710,-13.571539522217144,27678,,13761
,0,,31220,14862,1.0,2017.0,0,0,-40.55777805405952,23595,4,13161,-13.367982081290213,27736,,14066
,0,,32616,15340,1.0,2017.0,0,0,-40.69172613142571,25486,4,13455,-13.33648751322256,29249,,14613
,0,,30403,14304,1.0,2017.0,0,0,-40.76303838118357,23670,4,12893,-13.556132040457927,27512,,13818
,0,,30486,14416,1.0,2017.0,0,0,-40.68777539400105,24509,4,13033,-13.433389512046237,27299,,13920
,0,,32621,14576,1.0,2017.0,0,0,-40.533926456831054,23884,4,12992,-13.278688034591596,28839,,13991
,0,,29564,14339,1.0,2017.0,0,0,-40.722385418181304,26947,4,13002,-13.359362172571007,28251,,13633
,0,,34099,15161,1.0,2017.0,0,0,-40.662831118532786,24829,4,13210,-13.415653648479,26922,,13724
,0,,36299,15399,1.0,2017.0,0,0,-40.56838681335309,23682,4,13230,-13.409850487364533,29475,,14168
,0,,36535,14429,1.0,2017.0,0,0,-40.58475291109152,25807,4,12520,-13.571825686353888,33008,,13723
,0,,32255,15280,1.0,2017.0,0,0,-40.41968929299805,30295,4,14465,-13.35985299785073,30018,,14751
,0,,34773,15674,1.0,2017.0,0,0,-40.5645750529287,29669,4,13924,-13.354884238003093,30873,,14762
,0,,32389,14314,1.0,2017.0,0,0,-40.739090540850896,25435,4,13196,-13.553802143191746,29536,,13731
,0,,37046,14554,1.0,2017.0,0,0,-40.489079308886716,31672,4,12716,-13.424642105385146,32093,,13246
,0,,34622,15090,1.0,2017.0,0,0,-40.54392012879077,25297,4,12893,-13.553952415088968,31587,,14474
,0,,34198,15499,1.0,2017.0,0,0,-40.563540133925024,26797,4,13223,-13.4053272435261,32062,,14537
,0,,37888,15492,1.0,2017.0,0,0,-40.463159422535455,32150,4,13995,-13.301462442153523,31267,,14534
,0,,32696,14950,1.0,2017.0,0,0,-40.421306190588254,25765,4,13768,-13.638881233115592,35392,,14892
,0,,38205,15743,1.0,2017.0,0,0,-40.464667575369404,26439,4,13811,-13.615901192739917,37810,,15312
,0,,35715,14987,1.0,2017.0,0,0,-40.59735117873501,22420,4,13012,-13.638431206663482,30868,,14176
,0,,37370,15328,1.0,2017.0,0,0,-40.440099512123034,26417,4,13988,-13.574411668055257,37594,,15088
,0,,36393,15683,1.0,2017.0,0,0,-40.41422803737425,28660,4,13911,-13.602414482900912,36828,,15327
,0,,41211,15828,1.0,2017.0,0,0,-40.529478855778336,27593,4,13463,-13.560112256334698,35908,,15072
,0,,44367,15957,1.0,2017.0,0,0,-40.42808386591417,29872,4,13912,-13.38780834294048,36539,,15132
,0,,40847,15860,1.0,2017.0,0,0,-40.608653322103294,25743,4,13477,-13.398492120569871,31145,,14626
,0,,40477,15601,1.0,2017.0,0,0,-40.502358386802705,28907,4,13178,-13.592137577244136,33867,,14721
,0,,40409,15103,1.0,2017.0,0,0,-40.50637529437851,34962,4,13601,-13.590856065825085,36943,,14514
,0,,29323,14189,1.0,2017.0,0,0,-39.56394686346186,22856,4,12421,-12.819975678184152,28382,,13853
,0,,29952,14332,1.0,2017.0,0,0,-39.42613929778852,22361,4,12674,-12.785477559700901,26528,,13759
,0,,33375,14771,1.0,2017.0,0,0,-39.31831698535914,24775,4,12915,-12.69764037958978,29657,,13852
,0,,33457,14327,1.0,2017.0,0,0,-39.360693353280055,30962,4,14069,-12.677542338351547,31495,,14149
,0,,28559,13755,1.0,2017.0,0,0,-39.61854142601624,23192,4,12894,-12.646205366677865,28383,,13770
,0,,35447,14335,1.0,2017.0,0,0,-39.35796183342636,19047,4,11709,-12.680555486923152,32689,,13912
,0,,32620,14561,1.0,2017.0,0,0,-39.566577024586344,24201,4,12872,-12.72833318163191,29911,,14062
,0,,34148,14662,1.0,2017.0,0,0,-39.289788224542164,31656,4,14274,-12.7327653950314,33900,,14676
,0,,27355,14216,1.0,2017.0,0,0,-39.415532980800876,27755,4,13655,-12.806901493762046,27417,,14079
,0,,30675,14592,0.0,2017.0,0,0,-39.53748534786899,22304,3,13189,-12.800743679190262,28641,,14469
,0,,38995,15538,1.0,2017.0,0,0,-39.456365911646685,29959,4,14452,-12.824781344968565,34911,,15354
,0,,39011,15297,1.0,2017.0,0,0,-39.44803721073185,29255,4,14363,-12.80299265187838,36959,,15193
,0,,45039,16420,0.0,2017.0,0,0,-39.43904889611729,32517,3,14233,-12.844507714724536,36999,,15461
,0,,44164,15772,0.0,2017.0,0,0,-39.53444542143076,28729,3,13808,-12.66854955475926,39852,,15381
,0,,33331,14930,0.0,2017.0,0,0,-39.6066347269182,25500,3,13817,-12.76195357339074,31436,,14577
,0,,34223,14958,0.0,2017.0,0,0,-39.46896144691479,27709,3,14202,-12.89141248946903,28369,,14360
,0,,28007,13956,1.0,2017.0,0,0,-39.61596880799834,24393,4,12625,-12.650345060378417,26446,,13441
,0,,29624,13649,1.0,2017.0,0,0,-39.4400040558479,25231,4,12323,-12.66274385243554,28891,,13552
,0,,36083,15100,1.0,2017.0,0,0,-39.40553690610378,25940,4,13322,-12.531531255104992,32023,,14573
,0,,31753,14262,1.0,2017.0,0,0,-39.36840087706408,29283,4,13660,-12.58603331041456,28786,,13892
,0,,34349,14536,1.0,2017.0,0,0,-39.41570501653591,22023,4,12556,-12.743485684241664,27037,,13702
,0,,25560,13574,3.0,2017.0,0,0,-39.928994332071696,20819,12,12603,-12.82448263590578,24518,,13440
,0,,29028,13750,1.0,2017.0,0,0,-39.86966951809591,20042,4,11998,-12.791006453409912,26946,,13111
,0,,34341,14634,1.0,2017.0,0,0,-39.99707284515015,27956,4,13569,-12.543695689660096,34645,,14636
,0,,27406,13653,1.0,2017.0,0,0,-39.83498352075111,22815,4,12655,-12.86639931610822,25801,,13266
,0,,28088,13972,1.0,2017.0,0,0,-39.75967508805508,22200,4,12747,-12.588290906110457,26511,,13653
,0,,27020,13715,1.0,2017.0,0,0,-39.90617328800004,25350,4,13156,-12.555006618330248,26190,,13438
,0,,27707,13686,1.0,2017.0,0,0,-39.83192789120582,20279,4,12087,-12.732827050724058,26419,,13478
,0,,30520,14403,1.0,2017.0,0,0,-39.934512455707406,29730,4,14128,-12.640737447176207,29912,,14224
,0,,30649,14417,1.0,2017.0,0,0,-39.871701029543466,30134,4,13976,-12.646244504509879,30243,,14213
,0,,30860,14619,1.0,2017.0,0,0,-39.839838111443775,27361,4,13935,-12.677098409115645,29991,,14614
,0,,28155,13687,1.0,2017.0,0,0,-39.86240554479032,23555,4,12633,-12.813072895374418,27372,,13461
,0,,30184,14520,1.0,2017.0,0,0,-39.88134328497534,28414,4,13727,-12.61226328971084,30476,,14504
,0,,36423,14963,0.0,2017.0,0,0,-39.847424461290785,25520,3,13811,-12.586386408710041,32562,,14919
,0,,30154,14163,0.0,2017.0,0,0,-39.74132185461349,29476,3,13758,-12.86888893955678,29934,,14014
,0,,31903,14665,1.0,2017.0,0,0,-39.81676937016721,24083,4,13032,-12.599741621391345,31346,,14358
,0,,37051,15384,0.0,2017.0,0,0,-39.87371459576902,24374,3,12985,-12.589367778729649,33499,,14866
,0,,30240,13920,1.0,2017.0,0,0,-39.80410139968289,30661,4,13656,-12.681337170534697,31811,,13937
,0,,26887,13401,1.0,2017.0,0,0,-39.682112843337606,25749,4,12759,-12.586002284425826,29312,,13377
,0,,29659,14143,1.0,2017.0,0,0,-40.01525938519594,23113,4,12515,-12.635916195802924,29123,,13777
,0,,28478,13896,1.0,2017.0,0,0,-39.881856818754386,27082,4,13142,-12.860670070525739,27902,,13663
,0,,32555,14396,1.0,2017.0,0,0,-39.97247143253118,27969,4,13538,-12.894555351979998,29895,,14011
,0,,29149,13755,1.0,2017.0,0,0,-39.88305949714156,23552,4,12738,-12.806905077003902,26247,,13361
,0,,28616,13787,1.0,2017.0,0,0,-39.890622652158406,25056,4,13015,-12.54201547787959,26830,,13342
,0,,28668,13127,1.0,2017.0,0,0,-40.10439076795339,25457,4,12583,-12.651354718971765,27775,,12865
,0,,26837,13809,1.0,2017.0,0,0,-40.18023141241001,23333,4,11556,-12.681337164466244,25916,,13575
,0,,34972,15031,1.0,2017.0,0,0,-40.34066797193552,30396,4,13844,-12.56815427288569,33415,,14283
,0,,32425,14613,1.0,2017.0,0,0,-40.184431931589735,28342,4,14032,-12.843833570354153,33504,,14506
,0,,30957,13726,1.0,2017.0,0,0,-40.38565148983881,22151,4,12284,-12.559802212117958,26893,,12979
,0,,40904,15609,1.0,2017.0,0,0,-40.23287020739051,29053,4,13330,-12.535348586694472,34621,,14514
,0,,32223,14412,1.0,2017.0,0,0,-40.31064247822038,22540,4,11410,-12.640737436700372,30335,,13826
,0,,32475,14577,1.0,2017.0,0,0,-40.07626846517906,25530,4,12956,-12.884532053500594,26904,,13344
,0,,27749,14056,0.0,2017.0,0,0,-40.13469948810196,22217,3,12552,-12.827404183448396,24807,,13182
,0,,27130,13758,1.0,2017.0,0,0,-40.38659982277147,20493,4,12178,-12.535511629212097,24254,,13177
,0,,33032,14833,1.0,2017.0,0,0,-40.28201296081138,25552,4,13099,-12.824775353591205,27614,,13748
,0,,31204,14665,0.0,2017.0,0,0,-40.37320287236801,28195,3,13975,-12.543695686790981,30793,,14159
,0,,28941,14429,1.0,2017.0,0,0,-40.387343463234195,26002,4,13537,-12.800701254520412,28167,,13882
,0,,31987,14559,0.0,2017.0,0,0,-40.38796321052255,30095,3,13709,-12.536382661447549,30281,,14186
,0,,35144,15039,0.0,2017.0,0,0,-40.32323647634495,28052,3,13680,-12.743472902108314,29559,,14219
,0,,39347,15503,1.0,2017.0,0,0,-40.252721588426986,27929,4,13476,-12.607673239040455,32362,,14406
,0,,40175,15936,1.0,2017.0,0,0,-40.20181143240259,27746,4,13595,-12.891747271868981,33273,,15028
,0,,32747,14996,0.0,2017.0,0,0,-40.1791214100218,20940,3,11653,-12.845116263073754,25946,,14068
,0,,37067,15189,1.0,2017.0,0,0,-40.34526403929048,25607,4,13781,-12.674849799855554,34408,,14802
,0,,29326,14338,1.0,2017.0,0,0,-40.24783104734494,23847,4,12974,-12.646244497311331,27666,,13827
,0,,33742,14365,1.0,2017.0,0,0,-40.257986837314654,25288,4,12943,-12.860670052999701,26638,,13586
,0,,33920,14955,1.0,2017.0,0,0,-40.30512435417186,31284,4,13917,-12.824482621220813,32212,,14688
,0,,36297,15803,0.0,2017.0,0,0,-39.66591783478342,27721,3,14680,-13.853272183288178,31681,,15206
,0,,36077,15532,0.0,2017.0,0,0,-39.79805716817382,30906,3,14904,-13.750555424060904,33294,,15278
,0,,33154,15604,0.0,2017.0,0,0,-39.78090770402682,27627,3,14582,-13.734039362500859,34150,,15514
,0,,41467,16191,0.0,2017.0,0,0,-39.7772176457239,20973,3,13959,-13.933528628764218,31743,,15331
,0,,41762,15800,0.0,2017.0,0,0,-39.68783924483534,30307,3,14724,-13.947824253617428,37632,,15589
,0,,33145,15617,0.0,2017.0,0,0,-39.75411466377832,21714,3,13349,-13.964266329530284,32307,,15099
,0,,42829,16046,0.0,2017.0,0,0,-39.894348085242726,24775,3,13968,-13.985721110338414,36704,,15942
,0,,43089,16187,0.0,2017.0,0,0,-39.82435336860684,37231,3,15285,-13.708899399466912,39048,,15774
,0,,39496,15380,0.0,2017.0,0,0,-40.029869390510115,22910,3,13098,-13.97890671647234,36739,,14589
,0,,44615,15606,0.0,2017.0,0,0,-39.910568958242166,26114,3,14059,-13.789097870875365,35421,,14989
,0,,41299,16322,0.0,2017.0,0,0,-39.90876058100885,32435,3,15213,-13.66263335658724,39605,,15880
,0,,38323,15844,0.0,2017.0,0,0,-39.80226355426449,25124,3,14156,-13.905958664822169,30475,,15091
,0,,39454,15593,0.0,2017.0,0,0,-40.0243555266061,30112,3,14396,-13.65699511381699,38804,,15057
,0,,45179,16007,0.0,2017.0,0,0,-39.81127652300758,33806,3,15068,-13.778773600897468,37743,,15606
,0,,42576,15917,0.0,2017.0,0,0,-40.007663668667995,21259,3,12862,-13.804616821516,37380,,15365
,0,,40685,15311,0.0,2017.0,0,0,-39.94270023512159,29938,3,14306,-13.848846202657507,38957,,15207
,0,,37682,15628,0.0,2017.0,0,0,-39.962385817160374,21660,3,13150,-13.80185572870533,32927,,15080
,0,,38420,15250,0.0,2017.0,0,0,-39.940069061060576,27701,3,14236,-13.940435868751672,35013,,15074
,0,,34647,14105,0.0,2017.0,0,0,-40.02499236754,25895,3,11959,-13.648111478596675,33965,,13638
,0,,43285,15999,1.0,2017.0,0,0,-39.99209684351939,24559,4,13713,-13.770901267621749,35310,,15318
,0,,37592,15509,1.0,2017.0,0,0,-40.01077754502686,25398,4,14011,-13.929548049392368,35606,,15277
,0,,28914,14246,1.0,2017.0,0,0,-39.98602042261399,19718,4,12114,-13.933517376430348,30468,,14254
,0,,35770,15231,6.0,2017.0,0,0,-39.17673527976066,25525,21,13683,-13.198040479563426,34151,,14987
,0,,31790,15097,6.0,2017.0,0,0,-39.08272429181662,25274,21,13663,-13.23994943284462,31413,,15097
,0,,36706,14958,4.0,2017.0,0,0,-39.15362408659503,28228,15,13415,-13.198333324114012,35148,,14558
,0,,33571,14907,6.0,2017.0,0,0,-38.99805261341985,18993,21,12598,-13.177051479861822,29654,,14689
,0,,31527,14492,6.0,2017.0,0,0,-38.98906289186055,32127,21,13866,-13.242438009896091,33453,,14188
,0,,42481,15426,4.0,2017.0,0,0,-39.12810313930173,27610,15,13944,-13.17244870169674,40578,,15210
,0,,39199,15050,4.0,2017.0,0,0,-38.93655042206758,34621,15,14042,-12.927421399380968,38393,,14627
,0,,41690,14951,4.0,2017.0,0,0,-39.1174116482655,26233,15,13450,-13.164571057638366,36853,,14490
,0,,41555,15510,4.0,2017.0,0,0,-38.942853334430644,24523,15,13493,-12.930454843639021,31393,,14573
,0,,37680,14854,4.0,2017.0,0,0,-39.08022674199673,27449,15,13106,-13.148780079408318,36350,,14231
,0,,29303,14010,6.0,2017.0,0,0,-38.94280359354785,29292,21,13749,-13.186606361651537,28837,,13958
,0,,34480,14635,4.0,2017.0,0,0,-39.26603055417868,26018,15,13282,-13.19349424380418,34852,,14423
,0,,38726,14930,4.0,2017.0,0,0,-39.10072734135715,31623,15,14541,-13.253624221117166,34517,,14698
,0,,29122,14334,6.0,2017.0,0,0,-39.2589537289203,19027,21,11821,-13.174262642841313,27581,,14139
,0,,41804,15069,4.0,2017.0,0,0,-39.16724805195117,30936,15,13801,-13.176545998444935,40132,,14829
,0,,38366,15227,4.0,2017.0,0,0,-39.34767535255963,36150,15,14420,-13.182665811218353,36636,,14874
,0,,31216,13734,4.0,2017.0,0,0,-39.313861411107005,27854,15,12984,-13.185092427668605,30625,,13393
,0,,42133,14746,4.0,2017.0,0,0,-39.6200135010574,28486,15,12917,-13.039985517441107,33240,,13692
,0,,35605,14323,4.0,2017.0,0,0,-39.59300577947214,21999,15,12049,-13.04843602070625,27029,,13234
,0,,28425,13798,4.0,2017.0,0,0,-39.36280772447673,32909,15,13542,-13.199520764345111,29626,,13626
,0,,29117,13521,4.0,2017.0,0,0,-39.633392511429555,23510,15,12062,-12.933409978133598,26551,,13059
,0,,40143,15001,4.0,2017.0,0,0,-39.45580189426398,22775,15,11455,-13.106402844217184,30448,,13487
,0,,36362,14977,4.0,2017.0,0,0,-39.31698297692527,32246,15,14585,-13.232040454942954,33777,,14868
,0,,30215,13953,4.0,2017.0,0,0,-39.47044427405143,27887,15,13512,-13.057713725123483,28395,,13784
,0,,39646,14535,4.0,2017.0,0,0,-39.43872226144409,23087,15,12370,-13.135005365851896,30325,,13730
,0,,36000,14674,4.0,2017.0,0,0,-39.58840955052148,21333,15,12155,-12.941761079175855,27040,,13312
,0,,37224,14995,4.0,2017.0,0,0,-39.601492341896034,25327,15,13247,-13.042934923613513,32816,,14455
,0,,34184,13389,4.0,2017.0,0,0,-39.4925569386186,26186,15,12525,-13.218063177612592,26081,,12621
,0,,36378,13677,4.0,2017.0,0,0,-39.55078415340658,35327,15,13044,-13.238828318058943,35900,,13548
,0,,32901,13947,4.0,2017.0,0,0,-39.57812010404807,27708,15,12903,-12.98636831121129,29673,,13664
,0,,33061,14313,4.0,2017.0,0,0,-39.62094363766861,22173,15,12459,-12.917306752244556,28834,,13680
,0,,39867,15300,4.0,2017.0,0,0,-39.5765711725959,30980,15,14172,-13.054144304149549,37334,,14764
,0,,42378,15230,4.0,2017.0,0,0,-39.426862858259874,30763,15,14130,-13.218670377091149,40399,,14998
,0,,40906,15110,4.0,2017.0,0,0,-39.48061046115806,30324,15,14153,-12.90896240475616,37193,,14747
,0,,35478,14267,4.0,2017.0,0,0,-39.475191783278554,27429,15,13432,-13.264957758218484,34383,,14130
,0,,38547,14815,4.0,2017.0,0,0,-39.514493150789455,34016,15,14031,-12.91562793168962,37412,,14591
,0,,39731,14835,4.0,2017.0,0,0,-39.50423312155599,27848,15,13321,-13.17244868714742,33916,,14407
,0,,43656,15378,4.0,2017.0,0,0,-39.519710594471334,30920,15,14374,-13.071262645898877,37589,,14841
,0,,40742,15406,4.0,2017.0,0,0,-39.47685732252554,31972,15,14623,-13.253624201206762,36191,,15023
,0,,34962,15062,4.0,2017.0,0,0,-39.39610427600675,22309,15,13147,-13.059880891825259,28625,,14514
,0,,28725,12766,6.0,2017.0,0,0,-39.318933568459364,25983,21,12231,-13.186606329763563,30560,,12727
,0,,37154,14506,6.0,2017.0,0,0,-39.32609104760312,22238,21,12182,-13.180310043402859,26713,,13521
,0,,34965,15070,6.0,2017.0,0,0,-39.55838555095388,28612,21,13455,-13.014330591315266,31458,,14266
,0,,31722,13614,6.0,2017.0,0,0,-39.63570370293864,20134,21,11651,-12.90999489509869,29520,,13016
,0,,33656,14723,6.0,2017.0,0,0,-39.64527570393144,25822,21,12919,-12.901102132233698,31275,,14222
,0,,38874,14695,6.0,2017.0,0,0,-39.63508371638463,34972,21,14515,-13.174262646573847,36434,,14695
,0,,40347,15255,6.0,2017.0,0,0,-39.50693114992804,24870,21,13627,-13.180466567370134,32356,,14640
,0,,30593,14638,6.0,2017.0,0,0,-39.612949868492606,24020,21,13064,-12.947421082977222,28221,,14046
,0,,40643,15450,6.0,2017.0,0,0,-39.647210170047806,25050,21,13287,-13.23166530517091,36377,,14997
,0,,31916,13632,4.0,2017.0,0,0,-39.81613042962735,20119,15,11351,-13.036333140371184,28718,,13000
,0,,39039,13886,4.0,2017.0,0,0,-40.01077923684304,21739,15,11801,-13.182644138883358,34983,,13335
,0,,29540,12925,4.0,2017.0,0,0,-40.0243555595287,17809,15,10865,-12.909986745309684,29471,,12866
,0,,35569,14810,4.0,2017.0,0,0,-39.69741429927105,24564,15,12352,-13.007023350517347,30624,,13762
,0,,38387,14774,4.0,2017.0,0,0,-39.81128370877906,22627,15,12598,-13.031809043467431,32684,,14129
,0,,32067,14657,6.0,2017.0,0,0,-39.824356610507024,23385,21,12893,-12.961907858229655,30571,,14512
,0,,33246,14784,6.0,2017.0,0,0,-39.992098154988966,18754,21,11611,-13.023935689693708,28002,,13788
,0,,28899,13894,6.0,2017.0,0,0,-39.78166666960256,24779,21,13007,-12.905145624068323,27249,,13616
,0,,36765,14805,6.0,2017.0,0,0,-39.71240773198189,26230,21,13147,-13.242424384296509,34191,,14503
,0,,43324,15655,6.0,2017.0,0,0,-39.66676122599693,32380,21,14385,-13.199480307626018,36822,,14982
,0,,35569,14659,6.0,2017.0,0,0,-39.855316772599046,21598,21,12458,-13.198053237464622,34275,,14139
,0,,32225,14176,4.0,2017.0,0,0,-39.85639603433603,27503,15,13516,-13.024972537653788,30355,,14059
,0,,37900,14560,4.0,2017.0,0,0,-39.76330116677255,23784,15,12239,-13.040014447725373,31249,,13418
,0,,40727,15152,4.0,2017.0,0,0,-39.663096310082636,21968,15,12014,-12.947394076093826,32029,,14031
,0,,32658,14428,4.0,2017.0,0,0,-39.728202306473236,26279,15,13126,-12.930471974293877,32577,,14102
,0,,38644,14179,4.0,2017.0,0,0,-39.94270476609822,32630,15,13160,-13.10190942010749,32406,,13471
,0,,27543,13508,4.0,2017.0,0,0,-39.71885254647597,26273,15,12665,-12.927437848323072,26010,,12959
,0,,33937,12941,4.0,2017.0,0,0,-39.79416897548605,29431,15,12059,-13.139030579638373,33564,,12806
,0,,23329,12082,4.0,2017.0,0,0,-39.93136847049902,26009,15,12146,-13.154948697708397,24499,,12312
,0,,29458,12833,4.0,2017.0,0,0,-39.91017677077142,23445,15,11747,-12.959982983202543,29368,,12628
,0,,37530,14527,4.0,2017.0,0,0,-39.66904616644775,28262,15,13068,-13.265409544222898,32581,,14074
,0,,38090,14248,4.0,2017.0,0,0,-39.98360270823466,31449,15,12503,-13.231689455992754,34112,,13469
,0,,32854,14019,4.0,2017.0,0,0,-39.99385625931854,22151,15,12006,-13.050644177371549,30564,,13829
,0,,37382,14350,4.0,2017.0,0,0,-39.93551733125992,26898,15,12307,-13.059877030453922,32056,,13261
,0,,30597,13416,4.0,2017.0,0,0,-39.845775735196554,20931,15,11604,-12.98144896581831,29883,,13259
,0,,37054,14712,4.0,2017.0,0,0,-39.99467083188023,32714,15,13728,-13.01979675355692,33277,,14078
,0,,28269,13409,4.0,2017.0,0,0,-39.9701261120049,23978,15,12343,-12.985835818959934,25635,,12766
,0,,32613,13394,4.0,2017.0,0,0,-40.02986985162739,33358,15,12547,-13.232022483914529,33517,,12744
,0,,34073,13623,4.0,2017.0,0,0,-39.74492988074374,24670,15,12447,-12.94532603683885,30205,,13333
,0,,28113,13097,4.0,2017.0,0,0,-40.02211564685742,25992,15,12365,-12.90911655590146,25984,,12500
,0,,27330,13113,4.0,2017.0,0,0,-40.02499237615131,22007,15,11617,-12.90109971294332,27988,,12781
,0,,27234,12729,4.0,2017.0,0,0,-39.93737644243457,22611,15,11920,-12.92860768375936,27122,,12595
,0,,34387,12565,4.0,2017.0,0,0,-40.016938937137894,25988,15,11721,-12.917294677924954,35114,,12356
,0,,38375,14922,6.0,2017.0,0,0,-39.9623885655817,30035,21,13590,-13.05490127819906,33405,,14472
,0,,25918,13442,6.0,2017.0,0,0,-39.71090057209076,22791,21,12290,-12.927925157092123,25675,,13116
,0,,36233,14768,6.0,2017.0,0,0,-39.98683219371747,32899,21,13743,-13.18031342373954,34657,,14349
,0,,26119,12199,6.0,2017.0,0,0,-39.74452872091225,25386,21,11834,-12.959636869343546,25981,,12061
,0,,30728,13573,6.0,2017.0,0,0,-39.90836939120043,25683,21,12390,-13.089946532496493,28252,,13203
,0,,32358,13735,6.0,2017.0,0,0,-39.842815613141056,30008,21,13350,-12.898344477696808,30884,,13465
,0,,35956,14985,6.0,2017.0,0,0,-39.96943951935911,28163,21,13606,-13.268100731264715,34664,,14798
,0,,39400,15290,4.0,2017.0,0,0,-40.071193562720005,35887,15,14287,-13.186606351846258,37046,,14944
,0,,32826,14626,6.0,2017.0,0,0,-40.25798751480767,32142,21,13974,-13.234221224001141,31285,,14331
,0,,38745,14770,4.0,2017.0,0,0,-40.20806190370854,30321,15,12831,-13.106402846066723,32831,,13618
,0,,35941,13932,4.0,2017.0,0,0,-40.25649313636002,27946,15,12790,-13.172448687597662,33440,,13520
,0,,42880,14998,4.0,2017.0,0,0,-40.126442590908916,32028,15,12696,-13.177051464966633,36993,,14057
,0,,38260,15223,4.0,2017.0,0,0,-40.24783413091364,23866,15,12618,-13.01983693993778,34389,,14693
,0,,39726,14687,4.0,2017.0,0,0,-40.33459642615007,27587,15,13131,-13.051128154403813,33764,,13888
,0,,28255,13532,4.0,2017.0,0,0,-40.05649431699653,25900,15,12890,-12.927907492987064,27033,,13060
,0,,36926,14676,4.0,2017.0,0,0,-40.29563805489877,33832,15,13012,-13.176545985013476,36977,,13976
,0,,41514,14738,4.0,2017.0,0,0,-40.04846888800192,31279,15,12964,-13.15490329986068,36091,,13943
,0,,39850,14951,4.0,2017.0,0,0,-40.148364278824765,31422,15,13583,-13.059880891478809,34747,,14161
,0,,41228,14529,4.0,2017.0,0,0,-40.22270428511631,33880,15,13183,-13.057713719725538,36352,,13837
,0,,35600,14529,4.0,2017.0,0,0,-40.32323810245453,20575,15,11575,-13.117046158139436,31328,,13584
,0,,40976,15368,4.0,2017.0,0,0,-40.40653528651126,24735,15,12284,-13.253919060023616,32599,,13901
,0,,37707,14347,4.0,2017.0,0,0,-40.07835104265853,23460,15,11987,-13.180310064163503,35331,,13820
,0,,28527,12796,4.0,2017.0,0,0,-40.13756764256134,27873,15,12332,-12.981434791872699,27487,,12641
,0,,35391,14193,4.0,2017.0,0,0,-40.11322697507553,27560,15,12570,-13.10190332112435,33068,,13951
,0,,30284,13942,4.0,2017.0,0,0,-40.05269012956971,27380,15,12883,-13.036279200032917,29340,,13371
,0,,35442,13561,4.0,2017.0,0,0,-40.23853730682972,30814,15,12545,-13.18663325450889,33086,,13089
,0,,36733,13710,4.0,2017.0,0,0,-40.11745286799273,32238,15,12410,-13.242437997975603,32696,,13051
,0,,25803,12844,4.0,2017.0,0,0,-40.303443790768505,27431,15,12163,-13.139023810752903,28521,,12674
,0,,36538,14237,4.0,2017.0,0,0,-40.07626898520171,34755,15,12692,-13.258077592912827,34441,,13211
,0,,31076,13397,4.0,2017.0,0,0,-40.22911733429481,28104,15,12728,-13.253624211104812,31298,,13311
,0,,32408,14071,4.0,2017.0,0,0,-40.25242195664182,30286,15,13129,-13.0635151586217,32565,,13710
,0,,35905,14779,4.0,2017.0,0,0,-40.266753166717535,23327,15,12220,-12.915627903845413,32922,,14172
,0,,33494,13485,4.0,2017.0,0,0,-40.141284892415484,24464,15,12050,-13.042132101367049,31111,,13118
,0,,31345,14094,4.0,2017.0,0,0,-40.41025793912669,25131,15,12767,-13.084368005212989,30643,,14021
,0,,34802,13944,4.0,2017.0,0,0,-40.10439180793174,23940,15,12038,-13.024945477768245,32282,,13433
,0,,26799,13169,4.0,2017.0,0,0,-40.34066957464549,23853,15,12298,-12.941761050216547,26645,,13022
,0,,29923,12980,4.0,2017.0,0,0,-40.399470200673456,32688,15,12756,-13.231665291572591,31545,,12741
,0,,28161,12887,4.0,2017.0,0,0,-40.2913820828162,28073,15,12702,-13.159038279654366,26881,,12835
,0,,36989,13919,4.0,2017.0,0,0,-40.05824301305412,28419,15,12465,-12.959604952350064,34848,,13519
,0,,30577,12677,4.0,2017.0,0,0,-40.13580586193268,30627,15,12469,-12.961894140038705,28843,,12446
,0,,27027,12382,4.0,2017.0,0,0,-40.073038840335386,23864,15,11607,-12.94530287368592,26203,,12140
,0,,29095,13942,4.0,2017.0,0,0,-40.36520989533143,28896,15,12864,-12.94742105299718,28584,,13664
,0,,29706,14143,4.0,2017.0,0,0,-40.21597140864103,24855,15,12666,-13.050684938424045,29668,,13828
,0,,26545,13588,4.0,2017.0,0,0,-40.39442057199487,22989,15,12031,-13.193494232423713,27481,,13077
,0,,34989,14520,4.0,2017.0,0,0,-40.11506772360709,31395,15,12936,-13.199520784944344,35856,,14059
,0,,31226,14025,6.0,2017.0,0,0,-40.19098226899401,30373,21,13539,-13.135005371986734,31151,,13783
,0,,34472,13728,6.0,2017.0,0,0,-40.17912286449191,29232,21,12707,-13.21867039085641,31649,,13070
,0,,29650,12990,6.0,2017.0,0,0,-40.10419996454123,24575,21,12033,-12.981331456112105,30105,,12699
,0,,37936,14331,6.0,2017.0,0,0,-40.1844333876807,28083,21,12289,-13.217387967283264,34091,,13544
,0,,38276,13792,6.0,2017.0,0,0,-40.119411986791754,22608,21,11399,-13.13553699130096,31740,,12876
,0,,31415,13217,6.0,2017.0,0,0,-40.06705328534232,25659,21,12189,-12.98701959212781,30356,,12961
,0,,32324,13118,6.0,2017.0,0,0,-40.090948741010095,30897,21,12625,-13.089919847192748,30862,,12805
,0,,34569,13984,4.0,2017.0,0,0,-40.6428831512998,30588,15,13531,-12.915627900107177,34132,,13984
,0,,33616,14484,4.0,2017.0,0,0,-40.62094694101904,30875,15,13086,-13.218063164868392,32982,,13895
,0,,33405,14245,4.0,2017.0,0,0,-40.78638789544839,27583,15,12767,-13.084368007574476,31348,,13903
,0,,34867,13968,4.0,2017.0,0,0,-40.68125526115271,30437,15,12819,-13.198040456630507,31731,,13543
,0,,37668,14618,4.0,2017.0,0,0,-40.679174150788675,30898,15,13200,-13.238828306094623,32363,,13725
,0,,30059,12969,4.0,2017.0,0,0,-40.4410704146412,32892,15,12932,-12.9274213931237,31971,,12997
,0,,23726,13100,4.0,2017.0,0,0,-40.635321151091645,29059,15,12459,-13.180466551965383,29222,,13387
,0,,26340,13396,4.0,2017.0,0,0,-40.62193163241588,24829,15,12800,-13.164571025412146,27168,,13115
,0,,27371,13373,4.0,2017.0,0,0,-40.48935698989922,20996,15,12213,-13.101903295472583,26535,,13272
,0,,24074,12823,4.0,2017.0,0,0,-40.60524732627934,29274,15,12931,-13.253624190996621,29238,,13259
,0,,28501,13341,4.0,2017.0,0,0,-40.60900046458971,26867,15,12697,-12.908962373592084,29072,,13237
,0,,33236,14115,4.0,2017.0,0,0,-40.44225142890998,27938,15,12539,-13.18509241532046,28844,,13058
,0,,22710,12243,4.0,2017.0,0,0,-40.4523990073001,24722,15,12318,-13.258077554778941,24584,,12457
,0,,25815,12422,4.0,2017.0,0,0,-40.43262434300206,26475,15,12275,-12.927907479607214,25537,,12295
,0,,25233,12749,4.0,2017.0,0,0,-40.4805218244982,25436,15,12231,-13.024945458218147,24429,,12443
,0,,34801,14427,4.0,2017.0,0,0,-40.70651009907816,30295,15,13121,-12.986368282094105,32764,,13850
,0,,32397,14682,4.0,2017.0,0,0,-40.699368075903585,27048,15,12907,-13.117046150007665,28343,,13445
,0,,26080,12933,4.0,2017.0,0,0,-40.555252866325674,25677,15,12280,-13.218670365082335,24651,,12580
,0,,39868,15297,4.0,2017.0,0,0,-40.71072639736353,26391,15,12757,-13.05112814802994,29985,,13797
,0,,28259,13816,4.0,2017.0,0,0,-40.68596058098443,29097,15,12884,-13.247802099117283,27920,,13686
,0,,36327,14312,4.0,2017.0,0,0,-40.679573768114224,27661,15,12776,-13.139023800148006,30388,,13775
,0,,36321,13863,4.0,2017.0,0,0,-40.603581787174484,22823,15,12170,-13.264957748774583,31563,,13073
,0,,30821,13555,4.0,2017.0,0,0,-40.614667296959006,22431,15,12067,-13.18663323594169,28960,,13463
,0,,32166,13930,4.0,2017.0,0,0,-40.5690307981171,26974,15,13083,-12.97334298309097,29831,,13769
,0,,28115,13514,4.0,2017.0,0,0,-40.66751206253826,28597,15,12737,-13.159038267499978,26839,,13310
,0,,26993,13275,4.0,2017.0,0,0,-40.52632388891084,27802,15,12689,-12.905143580319358,26596,,13327
,0,,30273,13669,4.0,2017.0,0,0,-40.449719283468774,26193,15,12226,-13.269129682348185,27741,,13236
,0,,32953,13866,4.0,2017.0,0,0,-40.704961167759116,27612,15,12767,-13.054144279577963,32263,,13424
,0,,30802,13375,4.0,2017.0,0,0,-40.6867755476855,20439,15,11416,-13.014330564271516,28346,,12940
,0,,30081,13309,4.0,2017.0,0,0,-40.599685863501094,26705,15,12619,-12.95999038787508,28816,,12988
,0,,34976,14185,4.0,2017.0,0,0,-40.49554200039355,22388,15,12160,-13.135536963080183,24094,,12355
,0,,39062,14361,4.0,2017.0,0,0,-40.632623122953845,28539,15,12597,-13.172448671234715,33646,,13490
,0,,30846,13985,4.0,2017.0,0,0,-40.476065367451596,25631,15,12546,-13.182665797956847,28984,,13236
,0,,27103,12902,4.0,2017.0,0,0,-40.42009010571394,24478,15,12118,-13.087809949222036,25685,,12628
,0,,31684,13816,4.0,2017.0,0,0,-40.63411750110727,26955,15,12469,-13.234221207436383,29384,,13418
,0,,32506,13926,4.0,2017.0,0,0,-40.64810059453783,26504,15,12580,-13.071262623065762,29916,,13325
,0,,24743,12802,4.0,2017.0,0,0,-40.56056338846795,27147,15,12478,-13.217387942137995,25934,,12634
,0,,34179,13617,4.0,2017.0,0,0,-40.59883427836529,24406,15,12133,-13.057713702251663,26340,,12829
,0,,30241,13553,4.0,2017.0,0,0,-40.51741490170968,21353,15,11859,-13.042132081878597,26999,,12889
,0,,30136,13349,4.0,2017.0,0,0,-40.72988233491151,24708,15,12142,-13.042934898027237,28703,,12939
,0,,30922,13251,4.0,2017.0,0,0,-40.56711226849223,26601,15,12385,-13.135005348126986,28738,,12865
,0,,23318,12545,4.0,2017.0,0,0,-40.76752000923548,28093,15,12612,-13.009509186323823,26033,,12731
,0,,30165,12742,4.0,2017.0,0,0,-40.628853734944094,29002,15,12523,-12.981273074561345,27080,,12299
,0,,30988,12906,4.0,2017.0,0,0,-40.556364117925746,25840,15,12290,-13.054922775648047,28716,,12586
,0,,27883,13448,4.0,2017.0,0,0,-40.502572603124165,22637,15,12065,-13.177051433548002,27290,,13094
,0,,26085,12596,4.0,2017.0,0,0,-40.48032998114352,22530,15,11450,-12.981331440217572,25374,,12099
,0,,24804,12940,6.0,2017.0,0,0,-40.44371260341636,25142,21,12553,-13.003538284117152,26576,,12819
,0,,27397,12767,4.0,2017.0,0,0,-40.592101403217455,22489,15,11526,-13.050684921265136,24525,,12372
,0,,29503,13096,4.0,2017.0,0,0,-40.52449428672363,18987,15,10835,-13.059880870787875,25579,,12486
,0,,31282,12926,4.0,2017.0,0,0,-40.584191899839546,26293,15,12218,-13.106402824402442,27119,,12188
,0,,26699,12524,4.0,2017.0,0,0,-40.61722741467311,19684,15,11412,-13.02397496231649,24642,,12355
,0,,28065,12327,4.0,2017.0,0,0,-40.44537299445903,22707,15,11614,-13.232040445065602,26510,,12167
,0,,30420,14019,6.0,2017.0,0,0,-40.721395773217544,22383,21,12311,-13.04843599557941,25671,,13023
,0,,33619,14473,4.0,2017.0,0,0,-40.58474672787616,25496,15,13471,-13.14878004160962,32578,,14439
,0,,38398,14431,4.0,2017.0,0,0,-40.7634737065009,25563,15,12404,-13.174262629420133,32288,,13760
,0,,35358,14508,4.0,2017.0,0,0,-40.71568979747301,19210,15,11898,-13.007040970040276,31496,,13737
,0,,33400,14238,4.0,2017.0,0,0,-40.454481064354255,23584,15,12182,-13.180310030513695,24927,,13442
,0,,35428,14450,4.0,2017.0,0,0,-40.7413398605186,29840,15,13438,-12.94742105089471,33166,,14078
,0,,32333,13197,4.0,2017.0,0,0,-40.49358288197996,23178,15,11461,-13.242437964784568,29837,,12454
,0,,32831,13916,4.0,2017.0,0,0,-40.447323585825494,20434,15,11197,-13.186606317380654,31683,,13639
,0,,27305,13574,6.0,2017.0,0,0,-40.435823246022125,22395,21,12129,-13.156721466600537,25415,,13202
,0,,29447,13569,4.0,2017.0,0,0,-40.46707876022283,22984,15,12100,-13.08991982164127,27706,,13257
,0,,26765,12871,4.0,2017.0,0,0,-40.59431916000218,17861,15,10933,-12.898344438776919,25926,,12687
,0,,35415,14440,6.0,2017.0,0,0,-39.156500873153014,29863,21,13817,-13.289164788915894,34499,,14246
,0,,27752,13716,6.0,2017.0,0,0,-38.97594113357661,27634,21,13660,-13.30400904094033,28948,,13800
,0,,41596,15212,6.0,2017.0,0,0,-38.96659145200662,27579,21,13842,-13.300975380171753,38980,,15023
,0,,33683,14489,6.0,2017.0,0,0,-39.64886237035165,19883,21,11424,-13.274641536342337,31249,,13950
,0,,31753,14338,4.0,2017.0,0,0,-39.61854023547532,29357,15,13947,-13.393316242522806,31503,,14249
,0,,36888,14403,4.0,2017.0,0,0,-39.56124608168934,27640,15,13677,-13.3021454103892,32824,,14210
,0,,32333,14494,6.0,2017.0,0,0,-39.617725497362294,25831,21,13649,-13.424157743523644,31043,,14258
,0,,41772,15525,6.0,2017.0,0,0,-39.371790775988416,32939,21,14399,-13.300292437723487,34264,,14661
,0,,37538,15118,6.0,2017.0,0,0,-39.61596749975451,28481,21,14158,-13.397454420621099,37279,,15139
,0,,42838,15641,4.0,2017.0,0,0,-39.880364949112504,30651,15,14340,-13.545939870945539,39232,,15256
,0,,36931,14598,4.0,2017.0,0,0,-39.83984468305429,27682,15,13511,-13.424199615374382,35195,,14356
,0,,39405,15463,4.0,2017.0,0,0,-39.67656040783306,22488,15,13319,-13.409795132629716,35818,,14636
,0,,36717,14925,4.0,2017.0,0,0,-39.86868799391501,27486,15,13545,-13.591545616039832,30336,,14012
,0,,36384,14255,4.0,2017.0,0,0,-39.9645411564744,18788,15,11162,-13.315295999286018,33031,,13803
,0,,36446,14763,4.0,2017.0,0,0,-39.83193589646796,27366,15,13797,-13.479906789305074,33726,,14494
,0,,31466,14280,4.0,2017.0,0,0,-40.034127942993905,26986,15,12915,-13.457874418894834,31478,,14123
,0,,37151,14794,4.0,2017.0,0,0,-39.69092361524259,24125,15,12779,-13.360545245619354,32383,,14046
,0,,31629,13464,4.0,2017.0,0,0,-39.927315479034995,29953,15,13309,-13.51252115853822,28911,,13300
,0,,39679,14602,4.0,2017.0,0,0,-39.92691457226455,22950,15,12494,-13.612306452933506,33545,,13832
,0,,30736,14603,6.0,2017.0,0,0,-39.85298770081867,26823,21,13569,-13.62709981873658,27769,,13839
,0,,39363,15129,6.0,2017.0,0,0,-39.99707443311873,30104,21,13643,-13.290845930558193,35993,,14672
,0,,41408,15603,6.0,2017.0,0,0,-40.0112140005414,27986,21,13318,-13.547752148495004,35438,,14894
,0,,30715,14415,6.0,2017.0,0,0,-39.846577838747116,24054,21,12223,-13.431227047876364,31226,,13420
,0,,42134,15576,4.0,2017.0,0,0,-39.75967661883302,31226,15,14049,-13.335425499446073,37364,,14970
,0,,33884,14321,4.0,2017.0,0,0,-39.76515670145337,28349,15,13337,-13.415648070720598,29787,,13668
,0,,28706,13495,4.0,2017.0,0,0,-39.88134794577166,19744,15,11417,-13.359389333307188,27728,,13207
,0,,34507,14360,4.0,2017.0,0,0,-39.87629588939493,24902,15,12963,-13.437027328481129,33998,,13858
,0,,36543,13544,4.0,2017.0,0,0,-39.91950934669409,33119,15,12564,-13.550036169272984,33088,,13068
,0,,37798,14282,4.0,2017.0,0,0,-39.97247148032927,27399,15,12668,-13.641571266604522,31434,,13163
,0,,32913,13875,4.0,2017.0,0,0,-39.89584392859123,25272,15,12872,-13.444773237671138,31302,,13561
,0,,31115,14027,4.0,2017.0,0,0,-39.87371792857674,25838,15,12606,-13.336502680767897,30438,,13833
,0,,26241,12886,4.0,2017.0,0,0,-39.94710970914601,27856,15,12543,-13.490547555422868,27217,,12616
,0,,29326,13574,4.0,2017.0,0,0,-40.015260657611094,33219,15,12898,-13.383030353161887,32112,,13638
,0,,28282,13857,4.0,2017.0,0,0,-39.963432079997595,24898,15,12403,-13.380563371397416,26425,,12872
,0,,26111,13076,4.0,2017.0,0,0,-40.01829070448519,29483,15,13291,-13.56697992710713,30241,,13340
,0,,30864,13407,6.0,2017.0,0,0,-40.02140585929005,24456,21,12540,-13.274644023311673,29638,,13349
,0,,32547,14259,6.0,2017.0,0,0,-39.93451865037463,25656,21,12844,-13.387851866479716,30609,,14050
,0,,36817,13858,4.0,2017.0,0,0,-40.11294929402496,22717,15,12227,-13.424642121005645,36464,,13648
,0,,28016,12883,4.0,2017.0,0,0,-40.31883252664051,27341,15,12706,-13.475413728763481,30552,,12988
,0,,33944,13840,4.0,2017.0,0,0,-40.21145831854989,26474,15,12567,-13.627099547507914,31051,,13337
,0,,33447,14012,4.0,2017.0,0,0,-40.28973949602395,21228,15,12035,-13.547796833821481,28243,,13316
,0,,34029,14334,4.0,2017.0,0,0,-40.235410472808255,33354,15,13515,-13.461378955133439,34146,,13790
,0,,34523,14118,4.0,2017.0,0,0,-40.22122118520091,28566,15,13144,-13.6384311840544,30832,,13687
,0,,37972,14860,4.0,2017.0,0,0,-40.073543108555725,22432,15,12183,-13.380545246032874,29310,,13947
,0,,33039,13861,4.0,2017.0,0,0,-40.07057531284057,25542,15,12432,-13.44473127814909,29924,,13572
,0,,45014,15149,4.0,2017.0,0,0,-40.16779012473865,32378,15,13508,-13.553952409408998,39062,,14703
,0,,40370,14516,4.0,2017.0,0,0,-40.15701232040016,29274,15,13212,-13.545933078409513,34351,,13999
,0,,42669,15373,4.0,2017.0,0,0,-40.20029350193802,33368,15,14301,-13.550045335457794,37395,,14995
,0,,39321,15184,4.0,2017.0,0,0,-40.38923878886629,30610,15,13386,-13.627404941234747,39477,,14503
,0,,31483,14738,6.0,2017.0,0,0,-40.16796015600175,20725,21,12743,-13.490561017276978,30594,,14411
,0,,33602,14361,6.0,2017.0,0,0,-40.15779645078877,25734,21,13278,-13.278688062096954,33156,,14284
,0,,38241,15027,4.0,2017.0,0,0,-40.08528772077896,36065,15,13768,-13.522238123072185,36365,,14366
,0,,31614,13022,4.0,2017.0,0,0,-40.26908445221243,30194,15,12218,-13.346870353738222,31029,,12941
,0,,37203,14498,4.0,2017.0,0,0,-40.17029686184515,25265,15,12613,-13.512528069067619,37661,,14130
,0,,33245,14226,4.0,2017.0,0,0,-40.15704043759078,30002,15,12979,-13.360584561955005,32063,,13551
,0,,40271,14570,4.0,2017.0,0,0,-40.35555717893097,30547,15,12718,-13.558594624983327,35802,,14109
,0,,34433,13495,4.0,2017.0,0,0,-40.192256814120526,33212,15,13066,-13.409850491684516,33953,,13467
,0,,34108,13913,4.0,2017.0,0,0,-40.232523330801335,30491,15,12930,-13.398492121800903,31606,,13672
,0,,34915,13507,4.0,2017.0,0,0,-40.31350610280503,27911,15,11806,-13.302145407253024,33975,,13398
,0,,37128,13605,4.0,2017.0,0,0,-40.11021797074566,32721,15,12395,-13.42765404675796,37114,,13282
,0,,34623,14048,4.0,2017.0,0,0,-40.17966776425231,26626,15,12688,-13.6134240588264,30272,,13533
,0,,28815,12957,4.0,2017.0,0,0,-40.09498142476454,24424,15,11966,-13.300975367963758,28960,,12976
,0,,29160,12979,4.0,2017.0,0,0,-40.31559615647506,32086,15,12301,-13.336487513692285,30672,,12373
,0,,31671,12437,4.0,2017.0,0,0,-40.40112240116483,29487,15,12113,-13.274641525004158,30810,,12468
,0,,38891,14347,4.0,2017.0,0,0,-40.31620169095336,32475,15,13139,-13.567020996612616,35677,,13777
,0,,30547,14448,4.0,2017.0,0,0,-40.13942831163797,29537,15,13283,-13.413530778770788,33260,,14144
,0,,43115,14949,4.0,2017.0,0,0,-40.23144507933801,27395,15,12718,-13.571539504022892,28707,,13398
,0,,34665,14404,4.0,2017.0,0,0,-40.20862291508303,27257,15,12727,-13.571825672039155,29362,,13441
,0,,31207,14278,4.0,2017.0,0,0,-40.124050776115844,26681,15,12847,-13.300292459133551,28148,,13666
,0,,40238,15219,6.0,2017.0,0,0,-40.36296057523006,33004,21,13788,-13.553802106385662,34624,,14599
,0,,38948,15248,6.0,2017.0,0,0,-40.358891758091055,26013,21,12662,-13.509020224955437,38306,,14849
,0,,36027,14732,6.0,2017.0,0,0,-40.12386636221321,29930,21,13400,-13.41646394129366,32387,,14128
,0,,38213,14018,4.0,2017.0,0,0,-40.761240868020195,29960,15,12864,-13.315271768667994,33846,,13674
,0,,28865,13401,4.0,2017.0,0,0,-40.759924192868446,25810,15,12223,-13.431176704394751,26025,,13170
,0,,31262,13973,4.0,2017.0,0,0,-40.6923316657786,24677,15,12577,-13.567021028908949,30125,,13664
,0,,31371,13558,4.0,2017.0,0,0,-40.782129608204954,27696,15,12445,-13.605500550306557,30548,,12983
,0,,32880,13913,4.0,2017.0,0,0,-40.77437561633152,26650,15,12431,-13.28265687819703,31417,,13486
,0,,36692,14794,4.0,2017.0,0,0,-40.77725235927302,29132,15,12734,-13.274641525632292,32637,,13809
,0,,29320,13775,4.0,2017.0,0,0,-40.68963607816883,26081,15,12677,-13.302145401528303,28210,,13259
,0,,37787,13805,4.0,2017.0,0,0,-40.54642686540323,34781,15,12760,-13.512528071363366,35188,,13153
,0,,32030,13835,4.0,2017.0,0,0,-40.645214436319634,32281,15,12921,-13.346870349293082,32630,,13730
,0,,29501,13022,4.0,2017.0,0,0,-40.4153562032053,29235,15,12440,-13.320926824089454,29381,,12640
,0,,33997,13911,4.0,2017.0,0,0,-40.714647188163816,27765,15,12541,-13.428414439433372,31939,,13788
,0,,30416,13138,4.0,2017.0,0,0,-40.783877367847616,26762,15,12267,-13.550493225279233,28349,,13069
,0,,28880,13490,4.0,2017.0,0,0,-40.744357491514286,26296,15,12670,-13.397454414444704,27047,,12946
,0,,31758,12657,4.0,2017.0,0,0,-40.560524253559414,26383,15,12144,-13.533637125242945,29092,,12346
,0,,27321,13777,4.0,2017.0,0,0,-40.66102085548163,30383,15,13074,-13.289164768533155,30034,,13415
,0,,30914,13295,4.0,2017.0,0,0,-40.49718824798072,29253,15,12478,-13.31886039562839,30136,,12954
,0,,31442,13105,4.0,2017.0,0,0,-40.665869476048066,28467,15,12228,-13.547796859807477,31358,,13130
,0,,31859,12731,4.0,2017.0,0,0,-40.59507560465088,31771,15,12625,-13.271888423631026,31829,,12679
,0,,32751,13059,4.0,2017.0,0,0,-40.662445410728225,29889,15,12584,-13.62128546190031,33443,,12985
,0,,34901,14124,4.0,2017.0,0,0,-40.611540463538006,23007,15,12270,-13.461378963417602,30767,,13368
,0,,27334,14178,4.0,2017.0,0,0,-40.69496250094771,21255,15,11796,-13.47541374893149,24911,,13458
,0,,35388,14655,4.0,2017.0,0,0,-40.51451221871005,32024,15,13373,-13.5380501678628,34868,,14174
,0,,33147,14132,4.0,2017.0,0,0,-40.746115488973096,26533,15,12980,-13.424157738238481,27965,,13501
,0,,42115,15460,4.0,2017.0,0,0,-40.57642349958829,31648,15,13158,-13.550045346340356,35295,,14161
,0,,36427,15116,4.0,2017.0,0,0,-40.55579776596845,30087,15,13561,-13.613424072021385,32644,,14286
,0,,40330,13891,4.0,2017.0,0,0,-40.66243584043591,25809,15,12286,-13.333514875919331,36743,,13656
,0,,33955,13387,4.0,2017.0,0,0,-40.50018078881024,23680,15,11835,-13.300292430812618,32847,,13219
,0,,33511,14231,4.0,2017.0,0,0,-40.53314232658195,19729,15,11039,-13.545933081509395,28341,,12835
,0,,27865,12872,4.0,2017.0,0,0,-40.567436930333685,18895,15,11347,-13.591544376478385,29166,,12979
,0,,34256,12961,4.0,2017.0,0,0,-40.554525486089595,20510,15,11096,-13.532536838919034,32496,,12420
,0,,31269,13075,4.0,2017.0,0,0,-40.44670533606112,31802,15,12720,-13.444731257141664,32358,,12958
,0,,39027,15357,4.0,2017.0,0,0,-40.7766155305919,27248,15,13269,-13.283526859939467,34591,,14849
,0,,30483,13570,4.0,2017.0,0,0,-40.76919888200919,26181,15,12581,-13.29083351812518,29630,,13345
,0,,34054,14214,4.0,2017.0,0,0,-40.544090160019316,26861,15,12621,-13.490561017145367,33153,,13392
,0,,25746,13172,4.0,2017.0,0,0,-39.63465007858937,22345,15,11804,-12.809084353307048,26252,,13063
,0,,30224,14392,6.0,2017.0,0,0,-39.61070383445732,26499,21,13161,-12.806752813430805,30936,,14122
,0,,43193,15051,4.0,2017.0,0,0,-39.36865776316282,22214,15,12647,-12.674857670288148,30363,,13961
,0,,39083,15234,6.0,2017.0,0,0,-39.42740883091433,20583,21,12778,-12.866395928255383,33374,,14872
,0,,25880,13225,4.0,2017.0,0,0,-39.35207351840632,22014,15,12216,-12.556862987887342,23266,,12559
,0,,25467,12786,4.0,2017.0,0,0,-39.43515729444683,24394,15,12432,-12.658218901283586,25260,,12605
,0,,29630,13307,4.0,2017.0,0,0,-39.48026875240928,22113,15,11715,-12.651381019488102,26182,,12613
,0,,28962,13332,4.0,2017.0,0,0,-39.421936176426804,23625,15,11965,-12.6299845991346,26623,,12885
,0,,28525,13305,4.0,2017.0,0,0,-39.63285115681719,29059,15,12930,-12.568131315106495,29039,,12987
,0,,30794,13574,4.0,2017.0,0,0,-39.5168270067544,23895,15,12307,-12.599739581963716,27795,,13042
,0,,28736,13187,4.0,2017.0,0,0,-39.64080897938643,24406,15,12411,-12.543683929813861,28084,,13108
,0,,23798,12403,4.0,2017.0,0,0,-39.42939335165268,22619,15,11985,-12.62085940991746,24599,,12517
,0,,26831,12297,4.0,2017.0,0,0,-39.46668563614524,23512,15,11685,-12.524728581862906,26201,,12166
,0,,26982,12515,4.0,2017.0,0,0,-39.63153526778001,21632,15,11728,-12.68408081877922,26302,,12402
,0,,26660,12679,4.0,2017.0,0,0,-39.58462725486096,23445,15,11951,-12.60765105635291,26495,,12636
,0,,27114,12801,4.0,2017.0,0,0,-39.593996798749906,20366,15,11614,-12.612237551287823,26703,,12779
,0,,26815,13393,4.0,2017.0,0,0,-39.53404770287508,23759,15,12275,-12.586379159701007,25367,,12739
,0,,30567,13672,4.0,2017.0,0,0,-39.532242303898286,19844,15,11448,-12.716367711809836,26879,,12775
,0,,26800,13125,4.0,2017.0,0,0,-39.321285501965946,17490,15,10871,-12.633429535382689,24485,,12749
,0,,41062,14762,4.0,2017.0,0,0,-39.44822823113183,22795,15,12137,-12.58830422227566,25961,,13056
,0,,29522,13551,4.0,2017.0,0,0,-39.56333762935683,22196,15,12217,-12.589353408503277,28461,,13127
,0,,29569,13279,4.0,2017.0,0,0,-39.61772701865571,24074,15,12213,-12.67705871500575,28646,,13077
,0,,28355,13636,4.0,2017.0,0,0,-39.49204300388496,25954,15,12546,-12.535347923334644,27746,,13042
,0,,28918,14079,4.0,2017.0,0,0,-39.28696645960042,25333,15,12891,-12.573789370133799,26027,,13108
,0,,30041,13765,4.0,2017.0,0,0,-39.418041102565184,24054,15,12510,-12.765461170604114,28342,,13169
,0,,31242,13961,4.0,2017.0,0,0,-39.53263140031108,22269,15,12551,-12.542011962281547,28974,,13569
,0,,27552,13799,4.0,2017.0,0,0,-39.3717927753577,21823,15,12115,-12.553144543994836,25298,,13151
,0,,27608,13670,4.0,2017.0,0,0,-39.291299810967864,21301,15,11650,-12.612730368548185,25360,,12674
,0,,24244,13166,4.0,2017.0,0,0,-39.609895551225954,24601,15,12030,-12.81305482009448,25295,,12480
,0,,32927,14178,4.0,2017.0,0,0,-39.46964763205011,20590,15,11613,-12.607849065441545,26763,,12985
,0,,31517,14109,4.0,2017.0,0,0,-39.55938926381436,24199,15,12112,-12.686292633443921,27895,,13281
,0,,33849,14325,4.0,2017.0,0,0,-39.34272368120399,26046,15,13136,-12.553828397040869,29727,,13646
,0,,27783,13836,4.0,2017.0,0,0,-39.334771754224285,25136,15,12917,-12.554315908095715,25476,,13095
,0,,30258,13992,4.0,2017.0,0,0,-39.56829012147659,26478,15,13042,-12.783189435437297,28220,,13376
,0,,30961,13832,4.0,2017.0,0,0,-39.55524166316323,24574,15,12615,-12.78138256175497,28537,,13656
,0,,33887,14573,4.0,2017.0,0,0,-39.56124680556969,27254,15,13511,-12.554998038335354,32003,,14083
,0,,27960,13268,4.0,2017.0,0,0,-39.60747423012404,22424,15,12044,-12.858138690723159,26753,,12829
,0,,34562,14870,6.0,2017.0,0,0,-39.40475517679602,22822,21,12497,-12.798879209173835,27704,,13721
,0,,33581,14047,4.0,2017.0,0,0,-39.63698020646858,27836,15,12811,-12.880384818132196,31223,,13584
,0,,31735,14347,4.0,2017.0,0,0,-39.29332962189928,27131,15,13664,-12.559791852643757,30448,,14167
,0,,47202,14800,4.0,2017.0,0,0,-39.37161116513384,27113,15,13007,-12.669360773129078,34606,,13680
,0,,40438,14824,4.0,2017.0,0,0,-39.65374007964858,23698,15,12467,-12.85847254385338,30912,,13911
,0,,34399,13693,4.0,2017.0,0,0,-39.59330962984127,23435,15,11989,-12.894556793004616,30399,,13471
,0,,32604,14475,4.0,2017.0,0,0,-39.51822080548927,31657,15,13543,-12.865286106650068,31095,,13810
,0,,38264,14982,4.0,2017.0,0,0,-39.534056805561264,25553,15,12751,-12.874260535867451,29441,,14087
,0,,30236,13962,4.0,2017.0,0,0,-39.29096469944146,22617,15,11594,-12.689871417329924,27426,,13396
,0,,31048,14008,4.0,2017.0,0,0,-39.704448530959446,20458,15,11482,-12.855411798521457,25664,,13129
,0,,27183,13280,4.0,2017.0,0,0,-40.034127875346606,21357,15,11941,-12.710789761067197,26320,,12963
,0,,31111,14178,4.0,2017.0,0,0,-39.702219602048494,22782,15,12045,-12.80674955305588,27742,,13406
,0,,29843,13753,4.0,2017.0,0,0,-39.868685877843156,26414,15,12919,-12.844508882589663,29220,,13546
,0,,27501,13089,4.0,2017.0,0,0,-39.688810282904555,24381,15,12130,-12.553812432577924,26923,,12800
,0,,27992,13189,4.0,2017.0,0,0,-39.695062336615,24803,15,12067,-12.813047161678766,24422,,12223
,0,,25157,12717,4.0,2017.0,0,0,-39.95424734227844,21901,15,11760,-12.612769981148986,23074,,12019
,0,,26521,12652,4.0,2017.0,0,0,-39.68036423883924,23180,15,12062,-12.554298754409688,25489,,12480
,0,,28155,12710,4.0,2017.0,0,0,-39.68356247619043,24176,15,11686,-12.783156743733231,26498,,12287
,0,,26427,13086,4.0,2017.0,0,0,-39.67626605872139,24614,15,12616,-12.658166865646159,24942,,12813
,0,,28252,12339,4.0,2017.0,0,0,-39.83248375529453,27795,15,12223,-12.775212420426064,28716,,12414
,0,,24375,12264,4.0,2017.0,0,0,-39.814848674775035,25763,15,12184,-12.761435121178518,27144,,12314
,0,,27070,12731,4.0,2017.0,0,0,-39.98907807346724,23907,15,12130,-12.5738157005636,28506,,12743
,0,,26828,13357,4.0,2017.0,0,0,-40.01121343495582,23854,15,12302,-12.800701265135345,25118,,12801
,0,,27916,12789,4.0,2017.0,0,0,-39.927312062802876,19875,15,11263,-12.76545461129947,27342,,12704
,0,,27062,12698,4.0,2017.0,0,0,-39.91950672360529,24219,15,12093,-12.80298394295566,26434,,12501
,0,,29811,13036,4.0,2017.0,0,0,-39.842059134700115,21073,15,11710,-12.524728589544528,30004,,13022
,0,,26962,13083,4.0,2017.0,0,0,-39.70809105293003,29674,15,13051,-12.620826608999407,27979,,12981
,0,,26169,12234,4.0,2017.0,0,0,-39.7503095649592,24213,15,11788,-12.803489730690254,24699,,11951
,0,,28514,12773,4.0,2017.0,0,0,-39.96453794715985,26289,15,12359,-12.5681542765066,28909,,12713
,0,,26380,12365,4.0,2017.0,0,0,-39.864964321059254,22039,15,11507,-12.65038332185888,25988,,12316
,0,,26635,12352,4.0,2017.0,0,0,-39.92014159390258,21607,15,11424,-12.786571236427159,26026,,12329
,0,,28888,12681,4.0,2017.0,0,0,-39.947106452884995,23489,15,11676,-12.743472914260808,27306,,12391
,0,,32368,13791,4.0,2017.0,0,0,-39.6914521736244,25041,15,12849,-12.629943936788976,30433,,13470
,0,,23543,12176,4.0,2017.0,0,0,-40.02334011335037,23472,15,11891,-12.858115181345552,24985,,12183
,0,,28118,12865,4.0,2017.0,0,0,-39.895837262391645,26390,15,12424,-12.697680192077415,27718,,12770
,0,,28552,12242,4.0,2017.0,0,0,-39.772232094393544,24428,15,11669,-12.68629641299636,28085,,12187
,0,,26494,12217,4.0,2017.0,0,0,-39.765153068181576,21014,15,11352,-12.668544263504304,25909,,12109
,0,,26125,12642,4.0,2017.0,0,0,-39.690922947771256,22961,15,12140,-12.61342205480696,24207,,12313
,0,,32654,14336,6.0,2017.0,0,0,-39.80830191855377,18393,21,11836,-12.843833590695876,31999,,14153
,0,,32384,13994,6.0,2017.0,0,0,-39.85132164210273,23973,21,12798,-12.89141246816291,30281,,13688
,0,,28816,13849,6.0,2017.0,0,0,-39.75452354024047,23071,21,12536,-12.865357483818768,28178,,13750
,0,,25126,12711,4.0,2017.0,0,0,-39.876287997315934,21909,15,12000,-12.689931144564639,25365,,12601
,0,,30065,13766,4.0,2017.0,0,0,-39.6723384929322,18495,15,11462,-12.781338389873353,28439,,13411
,0,,26976,12757,4.0,2017.0,0,0,-39.71857934446927,17102,15,10700,-12.553132145411894,26074,,12543
,0,,38289,14323,4.0,2017.0,0,0,-39.695113160653904,22774,15,12587,-12.556846359133035,27796,,13248
,0,,31889,14651,6.0,2017.0,0,0,-39.674758186910154,19814,21,12366,-12.891869796422185,30649,,14433
,0,,28509,13732,6.0,2017.0,0,0,-39.74327960902575,21768,21,11773,-12.761967339087745,27805,,13439
,0,,37239,15021,6.0,2017.0,0,0,-39.70013846025332,30741,21,13855,-12.884532079420113,33955,,14553
,0,,28209,13692,6.0,2017.0,0,0,-39.7238031640781,26418,21,12865,-12.809105476131126,28569,,13359
,0,,30496,14103,6.0,2017.0,0,0,-39.80299139738245,25941,21,13174,-12.845116283676507,28884,,13727
,0,,30893,13979,4.0,2017.0,0,0,-39.852986935945054,25508,15,12971,-12.88007673043462,30993,,13959
,0,,33094,13868,4.0,2017.0,0,0,-39.85674019069622,28428,15,13269,-12.53534857323315,32066,,13596
,0,,26323,12846,4.0,2017.0,0,0,-39.714817470940396,25606,15,12388,-12.716341760010089,25948,,12720
,0,,31839,14036,4.0,2017.0,0,0,-39.69745917738632,22596,15,12426,-12.895586374849684,29592,,13695
,0,,35687,14365,4.0,2017.0,0,0,-40.0104697945462,26312,15,13089,-12.535511632098615,30174,,13737
,0,,30468,13580,4.0,2017.0,0,0,-39.738935185148755,24325,15,12349,-12.825963495234346,28264,,12981
,0,,27567,13336,4.0,2017.0,0,0,-39.689990358885204,23683,15,12283,-12.8115330488909,26775,,13002
,0,,26695,13113,4.0,2017.0,0,0,-39.72806927603706,29426,15,12923,-12.607732298244768,28921,,13023
,0,,26788,12610,6.0,2017.0,0,0,-39.77406376923206,25645,21,12406,-12.531529312765375,26907,,12521
,0,,29153,13107,4.0,2017.0,0,0,-40.00952146168898,22933,15,12354,-12.559802217589775,29153,,13107
,0,,31118,13456,4.0,2017.0,0,0,-39.915250452870495,20597,15,11758,-12.785472838563585,29391,,13254
,0,,27364,13627,4.0,2017.0,0,0,-39.82568141805961,23252,15,12744,-12.891747292509855,26119,,13191
,0,,28281,12841,4.0,2017.0,0,0,-39.667829886820854,22912,15,11280,-12.714232236001749,27606,,12637
,0,,28704,12616,4.0,2017.0,0,0,-39.8465707083878,21225,15,11522,-12.684128541242249,28389,,12587
,0,,34732,14842,6.0,2017.0,0,0,-39.69311163026259,29288,21,13760,-12.858490068132804,30725,,14181
,0,,30075,12689,4.0,2017.0,0,0,-40.078349607124416,26805,15,12138,-12.806749536192816,29967,,12597
,0,,25146,12543,4.0,2017.0,0,0,-40.117451862622794,24262,15,12000,-12.868888915765638,25143,,12556
,0,,27618,12591,4.0,2017.0,0,0,-40.06494028698028,26937,15,12312,-12.553812460657033,27066,,12485
,0,,26219,12399,4.0,2017.0,0,0,-40.11506519297721,26752,15,12279,-12.825963472267865,27946,,12529
,0,,27613,12559,4.0,2017.0,0,0,-40.04846849576582,26272,15,12204,-12.781338380545092,27309,,12363
,0,,28336,12935,4.0,2017.0,0,0,-40.056494242279584,25502,15,12235,-12.554298783292488,26679,,12637
,0,,26728,12620,4.0,2017.0,0,0,-40.11940961718395,24303,15,12123,-12.761967325583987,26464,,12567
,0,,26205,12487,4.0,2017.0,0,0,-40.043959889316056,28934,15,12491,-12.714232238703696,29635,,12698
,0,,27046,12697,4.0,2017.0,0,0,-40.069241634653864,21560,15,11493,-12.858490043334388,26815,,12531
,0,,28213,12590,4.0,2017.0,0,0,-40.40653527564615,26876,15,12307,-12.880373349902046,28471,,12584
,0,,27031,12589,4.0,2017.0,0,0,-40.30304375358485,21386,15,11373,-12.865278299883938,25555,,12283
,0,,40874,14421,4.0,2017.0,0,0,-40.135805097454806,25148,15,12575,-12.588290920750941,33728,,13758
,0,,34660,14741,4.0,2017.0,0,0,-40.28230330839982,28373,15,12819,-12.555006623166461,29933,,13337
,0,,36655,14164,4.0,2017.0,0,0,-40.13756662779972,27409,15,12882,-12.60783531445086,29972,,13463
,0,,33266,13830,4.0,2017.0,0,0,-40.22911695233858,25332,15,12498,-12.880076711247609,30028,,13504
,0,,32167,13840,4.0,2017.0,0,0,-40.291380473937636,27960,15,12832,-12.78547282412103,29850,,13357
,0,,36254,13923,4.0,2017.0,0,0,-40.33459440302957,33266,15,13437,-12.677542342651499,33584,,13696
,0,,39015,14492,4.0,2017.0,0,0,-40.25747330350403,27350,15,12890,-12.61226328733496,34725,,13815
,0,,29172,13320,4.0,2017.0,0,0,-40.271967281999196,21780,15,11644,-12.697680178690273,29059,,13206
,0,,32471,14063,4.0,2017.0,0,0,-40.365208100080004,25247,15,12536,-12.57381569390079,28966,,13103
,0,,27729,12714,4.0,2017.0,0,0,-40.24579953573833,33348,15,12950,-12.791006436870932,32575,,13038
,0,,31711,13430,4.0,2017.0,0,0,-40.223554477279,26217,15,12522,-12.586386414379112,28950,,13072
,0,,27991,12723,4.0,2017.0,0,0,-40.30983032024619,22067,15,11751,-12.874253876745271,28540,,12711
,0,,32642,13477,4.0,2017.0,0,0,-40.25649130971413,27046,15,12434,-12.798885628115881,29003,,12902
,0,,28740,12867,4.0,2017.0,0,0,-40.227451658372175,24172,15,12104,-12.89141244864697,29071,,12894
,0,,27177,13398,4.0,2017.0,0,0,-40.24984461372905,22686,15,12162,-12.589367781099071,25390,,12747
,0,,27602,13708,4.0,2017.0,0,0,-40.07119234115497,28090,15,12938,-12.813047144492812,27730,,13377
,0,,24846,12933,4.0,2017.0,0,0,-40.20805790601436,19664,15,11432,-12.73282703380784,23496,,12518
,0,,26804,13614,4.0,2017.0,0,0,-40.211113535793366,27696,15,12824,-12.866399296436226,26240,,13069
,0,,32544,13679,4.0,2017.0,0,0,-40.15019377971641,24107,15,12141,-12.531529335623036,29692,,13003
,0,,28979,12768,4.0,2017.0,0,0,-40.30344208477629,23136,15,11916,-12.765454597813994,24751,,12314
,0,,31631,13001,4.0,2017.0,0,0,-40.11322509102949,23316,15,11776,-12.728327256261588,29280,,12457
,0,,25492,12676,4.0,2017.0,0,0,-40.08422105845213,23732,15,12138,-12.620826623509569,25680,,12592
,0,,30516,13084,4.0,2017.0,0,0,-40.126439573642045,26243,15,12310,-12.803489709303822,28543,,12719
,0,,31510,13089,4.0,2017.0,0,0,-40.241094338354316,28140,15,12237,-12.650383314663355,31309,,12864
,0,,28180,13065,4.0,2017.0,0,0,-40.39947014253917,27787,15,12378,-12.85811517002161,27604,,12582
,0,,27165,13566,4.0,2017.0,0,0,-40.23853556188708,21076,15,12036,-12.813072878045652,24233,,12774
,0,,30118,12806,4.0,2017.0,0,0,-40.266752671395245,25778,15,12296,-12.542015486599432,29675,,12791
,0,,24148,12589,4.0,2017.0,0,0,-40.05969247986698,25455,15,12367,-12.783156732906859,25516,,12673
,0,,29342,13320,4.0,2017.0,0,0,-40.07303862892983,20487,15,11424,-12.571697237193234,24309,,12743
,0,,26879,12417,4.0,2017.0,0,0,-40.067582177895346,17930,15,10703,-12.629943951482746,26879,,12417
,0,,29980,13726,4.0,2017.0,0,0,-40.192899383851795,17270,15,11051,-12.599741628019009,24653,,12765
,0,,27673,13792,4.0,2017.0,0,0,-40.21596812685204,22295,15,11624,-12.677098399986036,27843,,12913
,0,,37566,15148,4.0,2017.0,0,0,-40.33955755537071,27669,15,13373,-12.63344674181117,34921,,14844
,0,,28009,13826,6.0,2017.0,0,0,-40.34860145789737,25844,21,12752,-12.894555337841545,28570,,13798
,0,,42173,15312,4.0,2017.0,0,0,-40.218189150294265,29159,15,13189,-12.524728606519993,35694,,14498
,0,,28959,13806,4.0,2017.0,0,0,-40.13065354923853,28595,15,13230,-12.86535746067771,30510,,13713
,0,,38402,14201,4.0,2017.0,0,0,-40.397535580724686,25759,15,12388,-12.527488354108607,32963,,13402
,0,,37704,14708,4.0,2017.0,0,0,-40.39442041110539,24897,15,12558,-12.819936678218873,32854,,13895
,0,,29099,13507,4.0,2017.0,0,0,-40.071243165201615,20644,15,11973,-12.556846386015318,28168,,13085
,0,,31844,13755,4.0,2017.0,0,0,-40.296271615338036,29486,15,12928,-12.786571222171602,31834,,13518
,0,,39072,14504,4.0,2017.0,0,0,-40.29563674499444,22210,15,11929,-12.802983928321359,31249,,13596
,0,,31720,13250,4.0,2017.0,0,0,-40.25918951579035,23423,15,11687,-12.80690506070441,27022,,12766
,0,,25910,12332,4.0,2017.0,0,0,-40.058242846908215,21909,15,11628,-12.586002307673557,30165,,12626
,0,,21133,12198,4.0,2017.0,0,0,-40.073589182104755,24266,15,11929,-12.895586348575467,25516,,12325
,0,,28813,12708,4.0,2017.0,0,0,-40.09470935078414,21641,15,11610,-12.553132170466387,27035,,12336
,0,,39145,15211,4.0,2017.0,0,0,-39.66196799322738,30054,15,14291,-13.975821226447394,34029,,14725
,0,,38770,15098,4.0,2017.0,0,0,-39.94441166575143,30208,15,14269,-13.903670741733075,29013,,13993
,0,,40087,14985,4.0,2017.0,0,0,-39.96075501756693,28067,15,13571,-13.728233155852337,38416,,14801
,0,,35350,14356,4.0,2017.0,0,0,-39.73408602525723,26107,15,13163,-13.801095507819184,33858,,14202
,0,,37667,14671,4.0,2017.0,0,0,-39.935513455176775,30998,15,13312,-13.806830124647973,34965,,14257
,0,,37191,14723,4.0,2017.0,0,0,-39.74773394304455,27021,15,13497,-13.789907704557056,35548,,14393
,0,,41291,14836,4.0,2017.0,0,0,-39.76225088684416,29064,15,13180,-13.911470671472102,32515,,13856
,0,,40508,14978,4.0,2017.0,0,0,-39.81612316208895,35859,15,14355,-13.783295990028227,40161,,14703
,0,,36674,14430,4.0,2017.0,0,0,-40.016938849953796,26522,15,11918,-13.664300497319608,32346,,13662
,0,,37253,14740,4.0,2017.0,0,0,-39.91018470983194,22335,15,12914,-13.994690092058608,35894,,14511
,0,,38763,14811,4.0,2017.0,0,0,-39.763295429797346,36974,15,14363,-13.786975253068691,37956,,14549
,0,,41993,14740,4.0,2017.0,0,0,-39.79182770208903,32962,15,13731,-13.863990872571671,38116,,14224
,0,,36430,13596,4.0,2017.0,0,0,-39.93737571680612,26063,15,12692,-13.675611266006756,36152,,13642
,0,,25568,13138,4.0,2017.0,0,0,-39.99466963840842,28360,15,13330,-13.766763847459885,26969,,13219
,0,,46034,15242,4.0,2017.0,0,0,-39.73681724952143,31206,15,14018,-13.798084192964094,36053,,14482
,0,,28837,14152,4.0,2017.0,0,0,-39.93946538370503,25824,15,12453,-13.709946745895136,30238,,13217
,0,,35859,14441,4.0,2017.0,0,0,-39.970124734414256,25162,15,13161,-13.732816661672775,33657,,14287
,0,,30451,14123,4.0,2017.0,0,0,-40.031617246757044,24427,15,13153,-13.923909948572048,27363,,13619
,0,,38449,15281,6.0,2017.0,0,0,-39.80826226157172,25405,21,13571,-13.90705876437749,33299,,14695
,32179,,11959,5840,8.0,2017.0,65535,37995,-38.54106920500833,11266,33,4655,-12.933399368873049,11360,,4732
,29179,,11826,5705,8.0,2017.0,55535,51968,-38.5347063036385,11322,33,4853,-12.947394071049318,11820,,5724
,21963,,11876,5461,8.0,2017.0,57243,27221,-38.539039525218264,11116,33,4390,-12.986327652187162,11245,,4705
,26459,,12434,6347,8.0,2017.0,65535,34046,-38.54743433127056,11135,33,3814,-13.01428822368284,11411,,4737
,65535,,14807,7290,8.0,2017.0,65535,65535,-38.85844222430879,11623,33,3461,-13.180313430402393,12203,,4439
,65535,,12632,5631,8.0,2017.0,65535,65535,-38.85763387654309,11705,33,3514,-13.18661423646834,11616,,3672
,65535,,13407,6952,8.0,2017.0,65535,65535,-38.569024296750285,11655,33,3418,-13.007023346642395,12070,,4284
,65535,,13344,5959,8.0,2017.0,65535,65535,-38.94787901526778,12313,33,4090,-13.258077604466258,12476,,4590
,65535,,13105,5810,8.0,2017.0,65535,65535,-38.958639430995056,11837,33,3645,-13.301462487003253,12369,,4761
,0,,37597,15822,0.0,2018.0,0,0,-38.88854897118663,28758,3,14740,-12.917294667903095,35611,,15706
,0,,43742,16014,0.0,2018.0,0,0,-38.89596559442162,31431,3,15419,-12.909986734706903,39528,,15810
,0,,44429,16167,0.0,2018.0,0,0,-38.89660241111129,32958,3,15307,-12.90109970178945,39405,,15865
,0,,40644,15799,0.0,2018.0,0,0,-38.89372568149277,17742,3,11952,-12.909116545289223,34068,,15387
,0,,39249,16214,0.0,2018.0,0,0,-39.22021147083623,21818,3,13906,-13.268099250149557,36834,,15802
,0,,37274,15732,0.0,2018.0,0,0,-38.92007892225076,28399,3,14096,-13.154903305382986,35853,,15367
,0,,43955,15969,0.0,2018.0,0,0,-39.00631182527609,30006,3,15043,-13.20096143080691,41108,,15865
,0,,40854,15991,0.0,2018.0,0,0,-38.9715453765119,18828,3,13191,-13.182665843438633,34648,,15704
,0,,42572,16059,0.0,2018.0,0,0,-38.949961072408975,26574,3,14106,-13.180310074311004,40703,,15596
,0,,39300,15292,0.0,2018.0,0,0,-39.11642695682586,31173,3,14359,-13.21806319466214,35992,,14824
,0,,36160,15244,0.0,2018.0,0,0,-39.06259228179189,17096,3,11512,-13.135005388872822,32959,,14801
,0,,41116,15380,0.0,2018.0,0,0,-39.17465416929974,32058,3,14599,-13.23882832732747,38767,,15305
,0,,40996,15694,0.0,2018.0,0,0,-39.12959751752738,23793,3,13594,-13.234221234739806,36783,,15463
,0,,36797,15359,0.0,2018.0,0,0,-39.130801167566375,21134,3,13534,-13.180466581692851,35660,,14993
,0,,40664,15796,0.0,2018.0,0,0,-39.18144059980873,22365,3,13715,-13.247802119038457,39129,,15763
,0,,33946,15590,0.0,2018.0,0,0,-38.96631958179274,22402,3,13847,-12.926741685542185,36295,,15361
,0,,37052,15327,0.0,2018.0,0,0,-38.92810435003567,28429,3,14432,-12.927907485425393,35600,,15235
,0,,43491,16378,0.0,2018.0,0,0,-39.365192868603344,31880,3,15106,-13.242437974551017,38825,,16126
,0,,39797,15789,0.0,2018.0,0,0,-39.296208896265114,18452,3,12594,-13.154903280706817,35591,,15621
,0,,38786,16267,0.0,2018.0,0,0,-39.47129585926471,24480,3,14545,-12.959990416062375,38016,,16045
,0,,40094,16009,0.0,2018.0,0,0,-39.4659291553049,29695,3,14757,-12.898344470218756,37708,,15703
,0,,39459,15660,0.0,2018.0,0,0,-39.52975406986326,27482,3,14611,-13.198333312647375,32020,,15539
,0,,36302,15708,0.0,2018.0,0,0,-39.32132926630622,28099,3,14635,-13.269129689864924,35308,,15557
,0,,36183,15634,0.0,2018.0,0,0,-39.44064079123896,25604,3,13851,-12.973343009846758,34739,,15598
,0,,33979,15174,0.0,2018.0,0,0,-39.53912206414983,32237,3,13799,-13.159038284675416,33070,,14584
,0,,43180,15713,1.0,2018.0,0,0,-39.601492341896034,19031,4,12125,-13.042934923613513,36831,,15353
,0,,40018,15952,0.0,2018.0,0,0,-39.75009893474853,21725,3,13604,-13.218655745797475,37620,,15687
,0,,38712,16042,0.0,2018.0,0,0,-39.68701344057672,17699,3,13027,-13.258069693621158,32415,,15455
,0,,41772,16085,0.0,2018.0,0,0,-39.7091584417034,19127,3,13058,-13.148743328607518,34030,,15649
,0,,41534,15603,0.0,2018.0,0,0,-39.66709450053277,25788,3,13641,-13.063453845131145,34971,,14916
,0,,32006,15161,0.0,2018.0,0,0,-39.892955719729784,24346,3,13229,-12.973340932200434,28480,,14177
,0,,30184,14368,0.0,2018.0,0,0,-40.008981018349075,21264,3,12449,-12.94173749579961,28741,,14069
,0,,39898,15562,0.0,2018.0,0,0,-39.74792176850622,28143,3,13456,-12.926754467637004,33114,,14791
,0,,41910,16035,0.0,2018.0,0,0,-39.84463849939235,24218,3,13757,-13.234223495959286,33910,,15237
,0,,33085,15187,0.0,2018.0,0,0,-39.89434989891012,24444,3,13729,-13.238836329962526,32116,,14809
,0,,37379,15622,0.0,2018.0,0,0,-39.76225350826422,24561,3,14002,-13.164557815428209,34010,,15343
,0,,40473,15389,0.0,2018.0,0,0,-39.97942907965953,25152,3,13239,-13.185106761903254,37057,,15013
,0,,31111,15009,0.0,2018.0,0,0,-39.819789556180986,20009,3,12445,-13.265291936749025,29350,,14661
,0,,38382,15361,0.0,2018.0,0,0,-39.687839721720046,26720,3,13693,-13.200927249369103,35072,,15158
,0,,37036,15562,0.0,2018.0,0,0,-39.94441730903895,20505,3,12947,-13.156755100826723,33669,,14882
,0,,36059,15332,0.0,2018.0,0,0,-39.777220027483004,22836,3,13118,-13.186624028479688,29693,,14288
,0,,37394,15889,0.0,2018.0,0,0,-39.79166154524312,23063,3,13762,-13.180462907779436,34990,,15571
,0,,34105,15138,0.0,2018.0,0,0,-39.73408989629241,26613,3,13627,-13.05414072725745,29603,,14784
,0,,35290,15369,0.0,2018.0,0,0,-39.986023846045875,26131,3,14368,-13.186614229404057,33172,,14941
,0,,35173,15410,0.0,2018.0,0,0,-39.82416534869853,24555,3,13571,-13.176554953102292,32666,,14877
,0,,36818,15532,0.0,2018.0,0,0,-39.75411588248772,28361,3,14352,-13.217373948324672,36209,,15290
,0,,43819,16457,0.0,2018.0,0,0,-39.78088374128427,29589,3,14727,-13.172442099586267,40682,,16133
,0,,35537,15623,0.0,2018.0,0,0,-39.83249440512248,21670,3,13204,-13.198339466856687,33172,,15017
,0,,42974,15929,1.0,2018.0,0,0,-39.81231726836885,25698,4,13103,-12.981356327679292,31788,,14432
,0,,34739,14684,1.0,2018.0,0,0,-39.80226738381558,23916,4,13386,-13.159043155476352,28846,,14202
,0,,40696,15467,1.0,2018.0,0,0,-39.81517790496842,29512,4,13511,-13.218061994306439,35467,,14660
,0,,35024,14230,1.0,2018.0,0,0,-39.90876112610193,23698,4,12157,-12.915624333089344,27627,,13207
,0,,37901,15301,1.0,2018.0,0,0,-39.66945921072498,22732,4,12881,-12.933399373412128,32393,,14527
,0,,30974,14495,1.0,2018.0,0,0,-40.031617515340066,22213,4,12782,-13.177004608293846,28599,,13936
,0,,34197,15022,1.0,2018.0,0,0,-39.84599220411948,19398,4,11958,-13.084435474829228,31876,,14445
,0,,31410,14456,1.0,2018.0,0,0,-39.835328671203854,25355,4,12970,-13.253623979099906,27177,,13610
,0,,35030,15205,1.0,2018.0,0,0,-39.859284455153606,23584,4,13386,-13.087871483801303,32360,,14681
,0,,44835,15865,1.0,2018.0,0,0,-39.78091314227229,24478,4,13133,-12.987057900079527,32613,,14499
,0,,41029,15821,1.0,2018.0,0,0,-39.80552069584316,29425,4,13882,-12.994456718888772,34499,,14871
,0,,34268,15089,1.0,2018.0,0,0,-39.67582433625995,23610,4,13181,-13.014288228808146,30816,,14435
,0,,43235,15723,1.0,2018.0,0,0,-39.74773875819084,29940,4,13602,-13.042948320077791,37213,,15131
,0,,34774,15098,1.0,2018.0,0,0,-39.94007426820944,30701,4,13976,-13.193534302928942,33028,,14642
,0,,35957,15356,1.0,2018.0,0,0,-39.86817277333396,28221,4,13625,-12.908961752288489,30395,,14334
,0,,34459,14630,1.0,2018.0,0,0,-40.013109484921515,30727,4,13724,-13.253930842710504,30718,,14141
,0,,28809,13865,0.0,2018.0,0,0,-39.73682131792667,23350,3,12429,-13.051128190655403,26663,,13174
,0,,31048,13973,1.0,2018.0,0,0,-40.00766473663941,24562,4,12613,-13.057664710078495,29305,,13635
,0,,28172,13518,1.0,2018.0,0,0,-39.91057327063417,25612,4,12509,-13.042137563006081,28556,,13535
,0,,45407,16350,0.0,2018.0,0,0,-40.25272374760332,26204,3,14709,-12.981273084393298,35446,,15512
,0,,36292,15448,0.0,2018.0,0,0,-40.24984627811498,26088,3,13561,-12.962971154471598,31880,,14690
,0,,40576,15894,0.0,2018.0,0,0,-40.20181157906839,27603,3,14434,-13.265292506154225,38161,,15799
,0,,37067,14952,0.0,2018.0,0,0,-40.211114282044456,30508,3,13740,-13.239949421874805,32791,,14397
,0,,34385,14602,1.0,2018.0,0,0,-40.15019388136591,25134,4,12989,-12.905143587944513,29675,,13955
,0,,34606,15079,1.0,2018.0,0,0,-40.28230421814495,23666,4,13144,-12.928616460294032,29966,,14273
,0,,35294,15061,1.0,2018.0,0,0,-40.30512528413664,24155,4,12728,-13.198040467407203,28153,,13826
,0,,36644,14518,1.0,2018.0,0,0,-40.094709554508846,27677,4,13117,-12.926741689231488,30162,,13840
,0,,29945,14325,1.0,2018.0,0,0,-40.373203665395266,21601,4,12637,-12.917306717822107,28809,,13739
,0,,34423,15199,1.0,2018.0,0,0,-40.385652540528895,24195,4,12904,-12.933409944500383,28375,,14240
,0,,31378,14593,1.0,2018.0,0,0,-40.23287047333127,20348,4,12227,-12.90896237815448,28068,,14046
,0,,37917,14996,1.0,2018.0,0,0,-40.25747563106852,23628,4,13501,-12.98586223454081,28675,,14081
,0,,33359,14894,1.0,2018.0,0,0,-40.21818916585086,20862,4,12551,-12.898344442868018,28683,,14161
,0,,36905,15557,0.0,2018.0,0,0,-40.310645571756886,26197,3,13749,-13.01433057324727,33652,,14925
,0,,34118,14835,1.0,2018.0,0,0,-40.38796373228862,23689,4,13290,-12.909994858726337,29150,,14272
,0,,38697,15347,1.0,2018.0,0,0,-40.386600306167026,24859,4,13706,-12.909124017098396,32317,,14504
,0,,38283,15339,1.0,2018.0,0,0,-40.33038012703449,17962,4,11649,-12.986368288562772,29884,,14422
,0,,36318,15309,1.0,2018.0,0,0,-40.22355587041396,26534,4,13762,-12.959990397112715,31945,,14711
,0,,32770,14178,1.0,2018.0,0,0,-40.3486014817566,22955,4,12576,-13.268099242197795,29682,,13723
,0,,43224,15593,1.0,2018.0,0,0,-40.38734374567013,19565,4,12030,-13.17426263033627,33279,,14196
,0,,28651,14588,1.0,2018.0,0,0,-40.33955982723639,21896,4,12667,-13.00704097555425,25282,,13362
,0,,35001,14997,1.0,2018.0,0,0,-40.06494039029882,24779,4,13124,-12.927421406100711,31639,,14266
,0,,32907,14173,1.0,2018.0,0,0,-40.059693220647645,18476,4,11540,-13.15672149903157,28830,,13740
,0,,34000,14769,1.0,2018.0,0,0,-40.309830604894216,22951,4,12786,-13.247802109657913,30079,,14314
,0,,41515,15564,1.0,2018.0,0,0,-40.34526580410525,27740,4,13743,-13.04843600067817,32685,,14687
,0,,35536,15139,1.0,2018.0,0,0,-40.29627314380265,24381,4,12862,-13.160136430703623,31640,,14372
,0,,34799,14817,0.0,2018.0,0,0,-40.303044173362586,28243,3,13827,-13.238828317378616,31338,,14023
,0,,36148,15170,0.0,2018.0,0,0,-40.32883119541049,29538,3,13763,-13.054144286650565,31885,,14499
,0,,39928,15459,0.0,2018.0,0,0,-40.28201408749123,31372,3,14229,-13.198333311707719,35282,,14860
,0,,41076,15633,1.0,2018.0,0,0,-40.39753573435102,24492,4,13669,-12.901102094016064,30011,,14463
,0,,32028,14485,1.0,2018.0,0,0,-40.06758257959673,26935,4,13364,-13.003538303372187,29260,,13826
,0,,36549,14998,0.0,2018.0,0,0,-40.24580164371687,22192,3,12448,-13.164571042986198,28478,,13678
,0,,34725,15222,0.0,2018.0,0,0,-40.227451794861494,23030,3,13243,-13.264957769162072,31009,,14701
,0,,40327,15863,0.0,2018.0,0,0,-40.208616731853155,26429,3,13982,-13.148780063472126,34238,,15187
,0,,37023,15352,1.0,2018.0,0,0,-40.07358926083594,24881,4,13385,-13.26912972086523,30565,,14260
,0,,31289,14186,1.0,2018.0,0,0,-40.04396007724023,24617,4,12941,-13.087809976506286,30365,,13888
,0,,32321,14748,1.0,2018.0,0,0,-40.51369765259006,28137,4,13350,-12.981434777330058,32582,,14008
,0,,33900,14451,1.0,2018.0,0,0,-40.76178250169207,29051,4,13465,-12.933409944903747,32920,,14042
,0,,30472,14721,1.0,2018.0,0,0,-40.67240312256101,17884,4,11674,-13.160136419113117,26343,,13740
,0,,29685,14304,1.0,2018.0,0,0,-40.67176803378357,19255,4,11619,-13.176545973251748,25239,,13344
,0,,34637,15199,1.0,2018.0,0,0,-40.43437303871622,23306,4,12784,-12.959604936401963,28675,,13923
,0,,34989,15178,1.0,2018.0,0,0,-40.65814406906023,22663,4,12843,-13.19833329819554,25609,,13886
,0,,33108,14730,1.0,2018.0,0,0,-40.456710219908196,22891,4,12897,-13.22896294077233,25429,,13602
,0,,32003,14479,1.0,2018.0,0,0,-40.42852635554786,25295,4,13049,-13.031755524096717,28260,,13754
,0,,32759,15046,0.0,2018.0,0,0,-40.470839572984126,20598,3,12589,-12.926741677534652,24981,,13718
,0,,33210,14675,1.0,2018.0,0,0,-40.51193587230824,28835,4,13301,-12.961894127052213,31914,,13997
,0,,41929,15841,1.0,2018.0,0,0,-40.77055053143078,19908,4,12294,-13.193494232227687,32428,,14870
,0,,33697,14893,1.0,2018.0,0,0,-40.506784639391725,23439,4,13033,-13.238907324724183,29138,,14074
,0,,29327,14401,1.0,2018.0,0,0,-40.658434199664285,19891,4,12235,-12.928616456096105,27654,,13721
,0,,40806,15347,1.0,2018.0,0,0,-40.74933362900471,28660,4,13650,-12.91730671830186,34057,,14655
,0,,32859,14877,1.0,2018.0,0,0,-40.5779415764328,26474,4,13278,-13.265292482800671,30019,,13872
,0,,31158,14385,1.0,2018.0,0,0,-40.44318330926815,22665,4,12562,-12.987019574228626,28288,,13692
,0,,35306,14897,1.0,2018.0,0,0,-40.49119773806473,22655,4,12676,-13.199520751736342,27082,,13541
,0,,31737,15352,0.0,2018.0,0,0,-40.76273026714215,30701,3,13947,-12.90912401881359,30785,,14572
,0,,34020,14848,1.0,2018.0,0,0,-40.72473145021277,24157,4,12980,-13.268099236180044,31402,,14464
,0,,44760,15991,1.0,2018.0,0,0,-40.77560015911754,25085,4,13321,-13.23166529171566,32174,,14853
,0,,35791,15288,1.0,2018.0,0,0,-40.78266524356571,22722,4,12621,-13.253919060913121,31196,,14576
,0,,34062,15180,1.0,2018.0,0,0,-40.42459891558801,23284,4,12818,-13.154903267128443,30754,,14537
,0,,35066,14979,1.0,2018.0,0,0,-40.58724427757557,25086,4,12710,-13.239949399743718,28252,,14044
,0,,36879,15006,1.0,2018.0,0,0,-40.6285519440358,25863,4,13164,-13.063515142459057,30706,,14260
,0,,40766,15445,1.0,2018.0,0,0,-40.77366569318181,18748,4,12731,-12.901102096851627,37656,,15376
,0,,30653,13981,1.0,2018.0,0,0,-40.42701846044857,21428,4,12080,-13.265413440150297,28747,,13411
,0,,40495,15648,0.0,2018.0,0,0,-39.185116097167615,18666,3,12857,-13.302145417001487,34663,,15379
,0,,41185,16067,0.0,2018.0,0,0,-39.11591256865773,20958,3,13253,-13.282503663267773,35189,,15655
,0,,42489,16160,0.0,2018.0,0,0,-39.029406468580405,28881,3,15294,-13.278688072387933,38673,,15826
,0,,43872,16157,0.0,2018.0,0,0,-39.58625719384094,21712,3,13774,-13.428414444240897,38695,,16072
,0,,45312,16304,0.0,2018.0,0,0,-39.63153420244789,30429,3,15064,-13.431176709581262,40677,,15882
,0,,37694,15605,0.0,2018.0,0,0,-39.404780433797974,26764,3,14514,-13.360584551520205,33075,,15492
,0,,42527,16116,0.0,2018.0,0,0,-39.53223647665246,22912,3,14199,-13.463453437595685,34037,,15340
,0,,41987,15571,1.0,2018.0,0,0,-39.645985627156584,24905,4,12898,-13.282656888605402,35971,,14956
,0,,33189,14855,1.0,2018.0,0,0,-39.648225541611154,25140,4,13034,-13.283526870341055,32563,,14513
,0,,34432,15409,0.0,2018.0,0,0,-39.66783026312352,21000,3,13531,-13.46131583654442,31236,,14998
,0,,40631,15804,0.0,2018.0,0,0,-39.73709885604052,21874,3,13706,-13.47540750922348,36326,,15362
,0,,46059,16218,0.0,2018.0,0,0,-39.8256817117543,28596,3,14254,-13.638765844366388,40895,,16017
,0,,40223,16032,0.0,2018.0,0,0,-39.72807064062335,22482,3,13661,-13.354858735282356,36590,,15829
,0,,37099,15823,0.0,2018.0,0,0,-39.68211317601952,19102,3,12758,-13.33313573356659,36244,,15524
,0,,42515,16075,0.0,2018.0,0,0,-39.676266593133796,26501,3,14368,-13.405272344081014,40763,,15920
,0,,42461,16107,0.0,2018.0,0,0,-39.76143865022824,20731,3,13370,-13.354962407418315,36968,,15674
,0,,33668,15272,0.0,2018.0,0,0,-39.856740723205235,19434,3,12250,-13.282504326040337,33002,,15005
,0,,37709,15102,0.0,2018.0,0,0,-39.71857975238366,26428,3,13278,-13.300279349483134,35094,,14483
,0,,39075,15688,0.0,2018.0,0,0,-39.774063972742,18572,3,12113,-13.278685987755036,36146,,15297
,0,,40651,16112,0.0,2018.0,0,0,-39.680364388440545,21198,3,13338,-13.301444342631665,36085,,15765
,0,,39226,15982,0.0,2018.0,0,0,-39.9890816683557,25740,3,14133,-13.3209545883793,34740,,15537
,0,,30944,14274,1.0,2018.0,0,0,-39.9061751096924,22219,4,12611,-13.302154459401622,27452,,13660
,0,,40015,15205,1.0,2018.0,0,0,-39.864970501980395,28189,4,13426,-13.39749478263872,31844,,13999
,0,,32226,14007,1.0,2018.0,0,0,-39.95846842995091,25991,4,12438,-13.424642120125377,28596,,12926
,0,,39500,14852,1.0,2018.0,0,0,-39.969137548162415,26839,4,13017,-13.421950357570482,32489,,13977
,0,,31321,14104,1.0,2018.0,0,0,-39.87659589385894,21518,4,12176,-13.354801081081048,27144,,13386
,0,,37864,15013,1.0,2018.0,0,0,-39.996144592214584,19335,4,12118,-13.41350110327158,27452,,13971
,0,,29955,14105,1.0,2018.0,0,0,-39.9776239232646,18829,4,11486,-13.41645020863296,26826,,13446
,0,,36824,15239,1.0,2018.0,0,0,-39.84742725092721,23170,4,13250,-13.3335225293492,30234,,14327
,0,,27875,13956,1.0,2018.0,0,0,-40.03040526768918,23846,4,12911,-13.62739290290072,27107,,13697
,0,,34193,14947,1.0,2018.0,0,0,-39.69145297798553,29844,4,13424,-13.377060787224337,32498,,14278
,0,,35429,15114,1.0,2018.0,0,0,-40.01183422699155,19031,4,12247,-13.283535242038658,30550,,14607
,0,,43900,15777,1.0,2018.0,0,0,-39.952703321255626,25133,4,13769,-13.427657735539562,36603,,14942
,0,,34769,15171,1.0,2018.0,0,0,-40.00952356563505,23234,4,13473,-13.306945859179093,32067,,14670
,0,,34350,15167,1.0,2018.0,0,0,-40.0104707625187,20563,4,11968,-13.282664590779737,32657,,14686
,0,,36535,15497,1.0,2018.0,0,0,-39.8906236439943,24448,4,13606,-13.28916848191045,33334,,14798
,0,,36665,15279,0.0,2018.0,0,0,-40.36998552472796,26377,3,14117,-13.424157719499776,32803,,14852
,0,,37907,15290,0.0,2018.0,0,0,-40.121058234714916,30606,3,14596,-13.31886042161002,34418,,14910
,0,,31481,14610,0.0,2018.0,0,0,-40.40774741103358,21234,3,12672,-13.55049318366393,29376,,14237
,0,,34547,15586,0.0,2018.0,0,0,-40.178395484127904,18795,3,12758,-13.532536833393968,33084,,15350
,0,,37312,15148,0.0,2018.0,0,0,-40.370800262932484,31042,3,14358,-13.39331622184147,34954,,14780
,0,,42579,16317,0.0,2018.0,0,0,-40.098174499331414,31070,3,14710,-13.612371129830928,40331,,15943
,0,,37884,15307,0.0,2018.0,0,0,-40.307495294065774,26557,3,13485,-13.528442899900542,35111,,14779
,0,,35000,14865,1.0,2018.0,0,0,-40.043559264446344,24975,4,12920,-13.359853031305601,29809,,14069
,0,,31829,14554,1.0,2018.0,0,0,-40.03922617379898,24096,4,13310,-13.32092686187558,28995,,14058
,0,,31790,14586,1.0,2018.0,0,0,-40.39306892230355,24594,4,12894,-13.290833516094704,27545,,13495
,0,,38381,15588,1.0,2018.0,0,0,-40.4059996510448,20614,4,13345,-13.605500500875344,35284,,15233
,0,,34476,15035,1.0,2018.0,0,0,-40.04558881239439,21020,4,12710,-13.306934969961242,28060,,14648
,0,,39815,15581,1.0,2018.0,0,0,-40.18164805273927,20848,4,12260,-13.367982092966711,34187,,14822
,0,,37053,15365,1.0,2018.0,0,0,-40.34556943447081,26840,4,13850,-13.641572748391038,32608,,14820
,0,,35411,15204,1.0,2018.0,0,0,-40.120656576303304,30470,4,13990,-13.333168494522733,33769,,14709
,0,,36213,15094,1.0,2018.0,0,0,-40.04322431488477,25876,4,13238,-13.436964370548942,30836,,14056
,0,,38595,15336,1.0,2018.0,0,0,-40.362152162923714,27587,4,13689,-13.56010171062214,36188,,14754
,0,,45082,16085,1.0,2018.0,0,0,-40.22190385449613,26128,4,13460,-13.354976933688254,38757,,15321
,0,,34005,14290,1.0,2018.0,0,0,-40.28670113790134,25496,4,13441,-13.415653640814305,32730,,14211
,0,,39380,15025,1.0,2018.0,0,0,-40.03809800774426,28267,4,13404,-13.602414494915909,30635,,14249
,0,,42891,15518,1.0,2018.0,0,0,-40.10433110774464,31281,4,14228,-13.304009028681303,35698,,14912
,0,,33064,14706,1.0,2018.0,0,0,-40.20048500586082,21343,4,12697,-13.335439561579335,32049,,14111
,0,,35499,15388,1.0,2018.0,0,0,-40.18741013373837,26763,4,14293,-13.405327249075405,32717,,15188
,0,,33638,15091,1.0,2018.0,0,0,-40.13838220885881,24249,4,13606,-13.538050168675017,26885,,14003
,0,,30537,13877,1.0,2018.0,0,0,-40.051953839021124,22399,4,12149,-13.387808372383686,27708,,13193
,0,,35616,15009,1.0,2018.0,0,0,-40.195919458454846,27880,4,13669,-13.638765229282946,31558,,14298
,0,,38141,15339,1.0,2018.0,0,0,-40.08853755568816,22517,4,12789,-13.615901194892768,27161,,13594
,0,,34757,14834,1.0,2018.0,0,0,-40.33688578940061,23783,4,12751,-13.354777665473227,28895,,13807
,0,,31119,13943,1.0,2018.0,0,0,-40.04517616233739,28926,4,13006,-13.638881240565086,30510,,13586
,0,,37238,15062,1.0,2018.0,0,0,-40.06314340117182,29408,4,13539,-13.631543112026284,32742,,14187
,0,,34620,14593,1.0,2018.0,0,0,-40.28630585972014,21340,4,12020,-13.333514880281301,25700,,13388
,0,,31247,13914,1.0,2018.0,0,0,-40.188445052940914,19953,4,11700,-13.354884250790333,29789,,13310
,0,,36659,15254,0.0,2018.0,0,0,-40.42990881023482,22406,3,13099,-13.508448487799106,35026,,15003
,0,,34995,15152,0.0,2018.0,0,0,-40.49704324559775,22683,3,12937,-13.421958646361837,28621,,13911
,0,,38141,15659,0.0,2018.0,0,0,-40.439273425862645,19914,3,12429,-13.631543106977428,32120,,14852
,0,,38000,15443,0.0,2018.0,0,0,-40.4181779924559,31429,3,14320,-13.47984176895218,34977,,14959
,0,,32876,14470,1.0,2018.0,0,0,-40.722385418181304,22895,4,12358,-13.359362172571007,25700,,13213
,0,,28346,14210,1.0,2018.0,0,0,-40.41968929299805,24033,4,12842,-13.35985299785073,25346,,13363
,0,,45368,15940,1.0,2018.0,0,0,-40.739090540850896,23994,4,12850,-13.553802143191746,31293,,14411
,0,,34572,14810,1.0,2018.0,0,0,-40.58758831400786,24639,4,13043,-13.627099567402993,27977,,13800
,0,,39117,15424,1.0,2018.0,0,0,-40.73168714600909,22296,4,12755,-13.558594661615494,28825,,13968
,0,,39949,15401,1.0,2018.0,0,0,-40.608653322103294,26726,4,13709,-13.398492120569871,30466,,14334
,0,,40246,15410,1.0,2018.0,0,0,-40.76303838118357,22622,4,12494,-13.556132040457927,29049,,14068
,0,,36493,15320,1.0,2018.0,0,0,-40.68777539400105,21598,4,12184,-13.433389512046237,29923,,14378
,0,,34110,14666,1.0,2018.0,0,0,-40.598033847895536,20383,4,12257,-13.354976924859562,29478,,13982
,0,,32299,14594,1.0,2018.0,0,0,-40.62043255286692,24042,4,12807,-13.28250363700508,26886,,13703
,0,,39436,15343,1.0,2018.0,0,0,-40.5968976922627,20658,4,12577,-13.607702824320116,27686,,13921
,0,,36728,15170,1.0,2018.0,0,0,-40.421306190588254,23922,4,12955,-13.638881233115592,30837,,14372
,0,,35047,15228,1.0,2018.0,0,0,-40.56838681335309,20114,4,12213,-13.409850487364533,29944,,14368
,0,,36551,15446,1.0,2018.0,0,0,-40.68362527059895,22220,4,12413,-13.52844292646335,27907,,13994
,0,,32393,14842,1.0,2018.0,0,0,-40.464667575369404,17564,4,11981,-13.615901192739917,28607,,14027
,0,,33383,15081,1.0,2018.0,0,0,-40.73828212870482,22639,4,12816,-13.56010174825446,27532,,14215
,0,,36118,15151,1.0,2018.0,0,0,-40.41422803737425,23339,4,12878,-13.602414482900912,28335,,13826
,0,,34472,15358,1.0,2018.0,0,0,-40.42808386591417,22432,4,12333,-13.38780834294048,27311,,13831
,0,,36408,15372,1.0,2018.0,0,0,-40.69172613142571,18360,4,11366,-13.33648751322256,30347,,14480
,0,,34378,14986,1.0,2018.0,0,0,-40.662831118532786,21066,4,12314,-13.415653648479,29122,,14079
,0,,35123,15104,1.0,2018.0,0,0,-40.440099512123034,23103,4,13619,-13.574411668055257,36423,,15035
,0,,39264,15890,1.0,2018.0,0,0,-40.563540133925024,21815,4,12761,-13.4053272435261,30205,,14628
,0,,38608,15169,1.0,2018.0,0,0,-40.60757507085061,28692,4,14185,-13.571539522217144,32080,,14439
,0,,31352,14628,1.0,2018.0,0,0,-40.57661500347772,25524,4,13233,-13.33543954737319,29010,,13923
,0,,30474,14528,1.0,2018.0,0,0,-40.55777805405952,24527,4,12804,-13.367982081290213,29000,,13787
,0,,35507,14815,1.0,2018.0,0,0,-40.533926456831054,23340,4,13046,-13.278688034591596,32300,,14566
,0,,42907,15456,1.0,2018.0,0,0,-40.59735117873501,24549,4,13375,-13.638431206663482,35658,,14821
,0,,36127,15318,1.0,2018.0,0,0,-40.44967313118819,26325,4,13510,-13.38054521961107,33952,,14878
,0,,38357,15176,1.0,2018.0,0,0,-40.529478855778336,29079,4,13395,-13.560112256334698,32795,,14345
,0,,41077,14540,1.0,2018.0,0,0,-40.50637529437851,29013,4,13261,-13.590856065825085,32347,,13649
,0,,31120,14324,1.0,2018.0,0,0,-40.72169940346335,21484,4,12105,-13.641572792518264,26172,,13368
,0,,31240,14120,1.0,2018.0,0,0,-40.515558321276885,28748,4,13212,-13.413530766657198,32111,,13952
,0,,34089,14690,1.0,2018.0,0,0,-40.463159422535455,24614,4,12485,-13.301462442153523,33892,,14094
,0,,34685,14947,1.0,2018.0,0,0,-40.54392012879077,23283,4,12657,-13.553952415088968,31289,,14329
,0,,33686,14517,1.0,2018.0,0,0,-40.42171884054547,25280,4,12722,-13.306934931971574,30186,,14018
,0,,35340,14665,1.0,2018.0,0,0,-40.502358386802705,21934,4,11811,-13.592137577244136,26669,,13343
,0,,33466,14147,1.0,2018.0,0,0,-40.53317044376022,28535,4,12413,-13.360584546296973,33590,,13445
,0,,38826,15076,1.0,2018.0,0,0,-40.5720494569607,27673,4,13022,-13.63876524758073,33899,,14255
,0,,32558,14652,1.0,2018.0,0,0,-39.4400040558479,24204,4,12981,-12.66274385243554,28235,,14274
,0,,36563,15041,1.0,2018.0,0,0,-39.40553690610378,20201,4,12118,-12.531531255104992,31472,,14617
,0,,33850,15394,1.0,2018.0,0,0,-39.61596880799834,25645,4,13058,-12.650345060378417,30169,,14563
,0,,34342,15433,1.0,2018.0,0,0,-39.36840087706408,26607,4,13557,-12.58603331041456,31806,,14663
,0,,35430,15498,1.0,2018.0,0,0,-39.42613929778852,18256,4,11662,-12.785477559700901,28673,,14263
,0,,39748,15533,1.0,2018.0,0,0,-39.360693353280055,27131,4,13199,-12.677542338351547,32825,,14580
,0,,37905,15340,1.0,2018.0,0,0,-39.41570501653591,27703,4,13584,-12.743485684241664,30169,,14468
,0,,38260,15212,1.0,2018.0,0,0,-39.35796183342636,30665,4,13742,-12.680555486923152,37183,,14728
,0,,41375,15671,1.0,2018.0,0,0,-39.31831698535914,23686,4,12657,-12.69764037958978,35104,,15101
,0,,36647,15655,1.0,2018.0,0,0,-39.566577024586344,25187,4,13430,-12.72833318163191,34017,,15220
,0,,39081,15661,1.0,2018.0,0,0,-39.289788224542164,30417,4,14056,-12.7327653950314,34681,,14841
,0,,35910,15438,1.0,2018.0,0,0,-39.61854142601624,25823,4,13377,-12.646205366677865,33932,,14974
,0,,32308,15209,0.0,2018.0,0,0,-39.53748534786899,21629,3,13275,-12.800743679190262,30020,,15074
,0,,32682,15022,1.0,2018.0,0,0,-39.415532980800876,22070,4,13006,-12.806901493762046,30759,,14540
,0,,35760,15768,0.0,2018.0,0,0,-39.6066347269182,31354,3,14329,-12.76195357339074,35199,,15237
,0,,33845,15603,0.0,2018.0,0,0,-39.87371459576902,22477,3,13512,-12.589367778729649,32049,,15215
,0,,38577,15964,0.0,2018.0,0,0,-39.847424461290785,26704,3,13905,-12.586386408710041,35656,,15427
,0,,34426,15277,0.0,2018.0,0,0,-39.92691373164094,28942,3,13790,-12.865278315551596,31506,,14881
,0,,38939,15603,1.0,2018.0,0,0,-39.87659157025349,24453,4,13306,-12.6076732401263,31823,,14971
,0,,34126,15398,1.0,2018.0,0,0,-39.88134328497534,17724,4,12014,-12.61226328971084,33293,,15064
,0,,34572,15395,1.0,2018.0,0,0,-39.75967508805508,25443,4,13536,-12.588290906110457,30060,,14702
,0,,35392,15487,1.0,2018.0,0,0,-39.96913401417529,26275,4,13438,-12.674849809568766,31445,,14574
,0,,40814,15878,1.0,2018.0,0,0,-39.871701029543466,24578,4,13296,-12.646244504509879,34627,,15108
,0,,36604,15065,1.0,2018.0,0,0,-39.95846437871581,17219,4,11303,-12.677542352885983,30513,,14179
,0,,35434,15116,1.0,2018.0,0,0,-39.83498352075111,22105,4,12746,-12.86639931610822,30036,,14304
,0,,34189,14895,1.0,2018.0,0,0,-39.80410139968289,19642,4,11890,-12.681337170534697,29920,,14238
,0,,38556,15417,1.0,2018.0,0,0,-39.934512455707406,28325,4,13546,-12.640737447176207,32914,,14658
,0,,33604,14786,1.0,2018.0,0,0,-39.83192789120582,23800,4,12029,-12.732827050724058,27995,,14189
,0,,33222,14762,1.0,2018.0,0,0,-39.95269902709833,22055,4,12578,-12.680559000911062,30159,,14344
,0,,36720,15079,1.0,2018.0,0,0,-39.881856818754386,17046,4,11350,-12.860670070525739,29203,,13944
,0,,31653,14349,1.0,2018.0,0,0,-40.01525938519594,21930,4,12851,-12.635916195802924,27323,,13794
,0,,32738,14988,1.0,2018.0,0,0,-39.99707284515015,27803,4,13652,-12.543695689660096,31947,,14756
,0,,35423,14762,1.0,2018.0,0,0,-39.97247143253118,25155,4,13060,-12.894555351979998,30164,,13997
,0,,32615,14715,1.0,2018.0,0,0,-39.80299139738245,26024,4,13557,-12.845116283676507,31150,,14459
,0,,33786,14982,1.0,2018.0,0,0,-39.890622652158406,23459,4,12867,-12.54201547787959,29585,,13966
,0,,32371,14260,1.0,2018.0,0,0,-39.86240554479032,23126,4,12701,-12.813072895374418,29214,,13665
,0,,33296,14597,1.0,2018.0,0,0,-39.86966951809591,22889,4,12700,-12.791006453409912,29599,,14092
,0,,40671,15714,0.0,2018.0,0,0,-40.1791214100218,20121,3,12776,-12.845116263073754,32585,,14924
,0,,44081,16076,0.0,2018.0,0,0,-40.35375078981225,32582,3,14980,-12.669347753910145,39086,,15581
,0,,35024,15345,0.0,2018.0,0,0,-40.13469948810196,23496,3,12666,-12.827404183448396,31848,,14968
,0,,32372,14725,1.0,2018.0,0,0,-40.05239606185044,28849,4,13821,-12.65816687710147,30068,,14402
,0,,33750,15084,1.0,2018.0,0,0,-40.34860145789737,20289,4,12121,-12.894555337841545,28269,,13991
,0,,33531,14776,1.0,2018.0,0,0,-40.252721588426986,27069,4,13453,-12.607673239040455,31079,,14224
,0,,40874,15722,1.0,2018.0,0,0,-40.34526403929048,30944,4,14346,-12.674849799855554,34550,,15118
,0,,32231,14697,1.0,2018.0,0,0,-40.07626846517906,19438,4,12004,-12.884532053500594,27962,,13725
,0,,40750,15846,0.0,2018.0,0,0,-40.37320287236801,24463,3,14109,-12.543695686790981,33801,,15108
,0,,39247,15721,1.0,2018.0,0,0,-40.34066797193552,22809,4,12849,-12.56815427288569,34196,,15051
,0,,30690,14224,1.0,2018.0,0,0,-40.05268984883023,26011,4,13239,-12.662691395441675,27333,,13795
,0,,35230,15383,1.0,2018.0,0,0,-40.28201296081138,25956,4,13442,-12.824775353591205,31385,,14625
,0,,44492,16074,1.0,2018.0,0,0,-40.20181143240259,26914,4,14173,-12.891747271868981,36436,,15389
,0,,42820,15914,1.0,2018.0,0,0,-40.30512435417186,30104,4,14149,-12.824482621220813,38115,,15292
,0,,43318,15788,1.0,2018.0,0,0,-40.387343463234195,20687,4,12302,-12.800701254520412,32013,,14505
,0,,38066,15748,1.0,2018.0,0,0,-40.33037736627439,28002,4,13411,-12.61276997213756,32689,,14743
,0,,38584,15141,1.0,2018.0,0,0,-40.184431931589735,22545,4,13240,-12.843833570354153,29092,,14433
,0,,35747,14828,0.0,2018.0,0,0,-40.22270072429955,18944,3,11598,-12.68412853019219,29207,,13935
,0,,35706,15275,1.0,2018.0,0,0,-40.31064247822038,18137,4,11882,-12.640737436700372,27806,,14203
,0,,36963,14660,1.0,2018.0,0,0,-40.391389413777354,22249,4,12682,-12.635916188929917,30097,,13787
,0,,37009,15284,1.0,2018.0,0,0,-40.38659982277147,21585,4,12617,-12.535511629212097,32007,,14635
,0,,34527,15023,1.0,2018.0,0,0,-40.257986837314654,28431,4,13609,-12.860670052999701,32874,,14482
,0,,32586,14291,0.0,2018.0,0,0,-40.32882905097846,27165,3,13071,-12.68055899036362,34186,,13907
,0,,29374,13928,1.0,2018.0,0,0,-40.050888189918275,20579,4,12176,-12.891869769245266,26952,,13583
,0,,26858,13838,1.0,2018.0,0,0,-40.23287020739051,23909,4,12706,-12.535348586694472,27557,,13390
,0,,40739,15812,0.0,2018.0,0,0,-39.666761101447555,28517,3,14824,-13.94637713782296,35335,,15510
,0,,41884,15990,0.0,2018.0,0,0,-39.79165867688545,22131,3,13701,-13.927370064406158,36817,,15780
,0,,39087,15996,0.0,2018.0,0,0,-39.78090770402682,18406,3,12660,-13.734039362500859,34286,,15794
,0,,34212,15550,0.0,2018.0,0,0,-39.75411466377832,20829,3,13877,-13.964266329530284,27941,,14916
,0,,42653,15987,0.0,2018.0,0,0,-39.67764848438533,29195,3,15156,-13.881873603151623,39370,,15611
,0,,39694,16424,0.0,2018.0,0,0,-39.98682889960563,24362,3,14312,-13.927218972656028,35564,,16145
,0,,38361,15644,0.0,2018.0,0,0,-39.70915698674427,20485,3,13452,-13.895661062383413,31191,,15195
,0,,38035,16033,0.0,2018.0,0,0,-39.81127652300758,20326,3,13484,-13.778773600897468,30929,,15688
,0,,37883,15762,0.0,2018.0,0,0,-40.0243555266061,29765,3,13718,-13.65699511381699,33905,,15282
,0,,44138,15824,0.0,2018.0,0,0,-39.940069061060576,31594,3,14826,-13.940435868751672,40010,,15512
,0,,36674,16067,0.0,2018.0,0,0,-39.80226355426449,19738,3,13226,-13.905958664822169,31504,,15322
,0,,42163,16176,0.0,2018.0,0,0,-39.894348085242726,27529,3,14593,-13.985721110338414,40758,,15856
,0,,35772,15521,0.0,2018.0,0,0,-39.962385817160374,21196,3,13544,-13.80185572870533,28895,,14716
,0,,39117,15423,0.0,2018.0,0,0,-39.97942522144607,22711,3,13437,-13.932010671568737,31995,,15068
,0,,39111,15440,0.0,2018.0,0,0,-40.02499236754,26689,3,13530,-13.648111478596675,32627,,14519
,0,,45180,15896,0.0,2018.0,0,0,-39.82435336860684,25940,3,14482,-13.708899399466912,35486,,15407
,0,,37018,15305,0.0,2018.0,0,0,-39.910568958242166,26945,3,14085,-13.789097870875365,31680,,14784
,0,,39071,15819,0.0,2018.0,0,0,-40.007663668667995,26379,3,14029,-13.804616821516,33067,,15050
,0,,33429,14987,1.0,2018.0,0,0,-40.01077754502686,28771,4,13993,-13.929548049392368,30171,,14567
,0,,25999,13850,1.0,2018.0,0,0,-39.98602042261399,23089,4,12741,-13.933517376430348,27131,,13632
,0,,43437,15915,1.0,2018.0,0,0,-39.99209684351939,26128,4,13760,-13.770901267621749,35036,,15175
,0,,34465,14711,4.0,2018.0,0,0,-39.15362408659503,24376,15,13183,-13.198333324114012,28695,,13719
,0,,31370,14381,6.0,2018.0,0,0,-39.2589537289203,23746,21,12348,-13.174262642841313,27557,,13769
,0,,35792,15124,6.0,2018.0,0,0,-39.17673527976066,28103,21,13899,-13.198040479563426,34176,,14639
,0,,31720,14013,4.0,2018.0,0,0,-39.1174116482655,30682,15,13641,-13.164571057638366,30839,,13640
,0,,47349,15878,4.0,2018.0,0,0,-39.08022674199673,30121,15,13796,-13.148780079408318,38259,,14877
,0,,40552,15176,4.0,2018.0,0,0,-39.10072734135715,29618,15,14268,-13.253624221117166,37276,,15016
,0,,37328,15371,4.0,2018.0,0,0,-38.942853334430644,30554,15,13760,-12.930454843639021,33422,,14437
,0,,46604,15901,4.0,2018.0,0,0,-39.16724805195117,24221,15,12840,-13.176545998444935,36632,,14971
,0,,35089,15081,6.0,2018.0,0,0,-38.944648870883555,32156,21,14392,-12.945302868897794,34167,,14836
,0,,39060,15359,4.0,2018.0,0,0,-39.26603055417868,25000,15,13515,-13.19349424380418,36450,,15238
,0,,35215,14925,6.0,2018.0,0,0,-38.99805261341985,21210,21,11930,-13.177051479861822,33266,,14374
,0,,34727,14713,4.0,2018.0,0,0,-38.93655042206758,30801,15,13275,-12.927421399380968,33541,,14157
,0,,48261,15893,4.0,2018.0,0,0,-39.34767535255963,29208,15,13912,-13.182665811218353,41400,,15404
,0,,35228,14714,4.0,2018.0,0,0,-39.47044427405143,25252,15,13427,-13.057713725123483,31451,,14383
,0,,45160,15109,4.0,2018.0,0,0,-39.49354163009634,32988,15,13811,-13.1645710417359,40012,,14574
,0,,42911,15867,4.0,2018.0,0,0,-39.5001619422838,28225,15,13395,-13.063515165606383,34084,,14878
,0,,37149,14641,4.0,2018.0,0,0,-39.43872226144409,34274,15,14057,-13.135005365851896,34796,,14264
,0,,36029,14818,4.0,2018.0,0,0,-39.427974109955,20121,15,12282,-13.054922797687635,31893,,14126
,0,,48837,15985,4.0,2018.0,0,0,-39.47685732252554,28701,15,14418,-13.253624201206762,40073,,15388
,0,,43301,15147,4.0,2018.0,0,0,-39.49758626405321,24716,15,12163,-12.962971174690134,35525,,14073
,0,,45576,15550,4.0,2018.0,0,0,-39.5765711725959,32064,15,13931,-13.054144304149549,40580,,14847
,0,,47679,15849,4.0,2018.0,0,0,-39.36715198718012,25696,15,13526,-13.13553697934899,38232,,15086
,0,,40745,14795,4.0,2018.0,0,0,-39.456356722350364,31445,15,13747,-13.148780058599359,35816,,14386
,0,,34254,14474,4.0,2018.0,0,0,-39.313861411107005,29096,15,12874,-13.185092427668605,30430,,13700
,0,,43177,14813,4.0,2018.0,0,0,-39.55078415340658,30237,15,12796,-13.238828318058943,38805,,14136
,0,,40022,14703,4.0,2018.0,0,0,-39.50423312155599,25604,15,13200,-13.17244868714742,35714,,14439
,0,,32289,13988,4.0,2018.0,0,0,-39.4925569386186,30007,15,13146,-13.218063177612592,31626,,13720
,0,,37399,14632,4.0,2018.0,0,0,-39.57812010404807,26402,15,13081,-12.98636831121129,35027,,14361
,0,,36194,14441,4.0,2018.0,0,0,-39.318933568459364,30903,15,12188,-13.186606329763563,30792,,13445
,0,,37087,14490,4.0,2018.0,0,0,-39.46371139832557,30806,15,13302,-13.050684944359366,32999,,13968
,0,,44645,14829,4.0,2018.0,0,0,-39.6200135010574,24346,15,12827,-13.039985517441107,38750,,14279
,0,,37809,14880,4.0,2018.0,0,0,-39.58840955052148,29412,15,13415,-12.941761079175855,34816,,14225
,0,,40299,14973,4.0,2018.0,0,0,-39.633392511429555,24390,15,12608,-12.933409978133598,32888,,14076
,0,,43487,15477,4.0,2018.0,0,0,-39.62094363766861,24586,15,12692,-12.917306752244556,31483,,14131
,0,,34400,15168,4.0,2018.0,0,0,-39.39610427600675,28252,15,13999,-13.059880891825259,33501,,14851
,0,,36432,15211,6.0,2018.0,0,0,-39.32609104760312,23414,21,13243,-13.180310043402859,34099,,14958
,0,,43241,14908,6.0,2018.0,0,0,-39.63508371638463,28075,21,13458,-13.174262646573847,39045,,14608
,0,,41985,15476,6.0,2018.0,0,0,-39.30743322766607,27727,21,13205,-13.156721480336314,36779,,15101
,0,,35572,15340,6.0,2018.0,0,0,-39.634340276962,29594,21,13978,-12.909124053506751,35482,,15020
,0,,38843,15727,6.0,2018.0,0,0,-39.55838555095388,28509,21,13628,-13.014330591315266,34896,,14833
,0,,33442,15148,6.0,2018.0,0,0,-39.612949868492606,27184,21,13522,-12.947421082977222,32591,,14644
,0,,35094,14830,6.0,2018.0,0,0,-39.63570370293864,25501,21,13020,-12.90999489509869,33951,,14466
,0,,32801,14673,6.0,2018.0,0,0,-39.64527570393144,22709,21,12550,-12.901102132233698,31600,,14347
,0,,38868,14915,4.0,2018.0,0,0,-39.74492988074374,24628,15,12664,-12.94532603683885,34354,,14059
,0,,39792,14959,4.0,2018.0,0,0,-39.71885254647597,24180,15,12368,-12.927437848323072,31769,,14064
,0,,49378,15669,4.0,2018.0,0,0,-39.66904616644775,27585,15,13370,-13.265409544222898,35803,,14644
,0,,27519,13225,4.0,2018.0,0,0,-39.93136847049902,23725,15,12346,-13.154948697708397,26346,,12871
,0,,41262,15008,4.0,2018.0,0,0,-39.76330116677255,27881,15,12752,-13.040014447725373,32983,,13979
,0,,49201,15925,4.0,2018.0,0,0,-39.791832579978795,28803,15,13504,-13.117059312125681,36110,,14759
,0,,46003,15558,4.0,2018.0,0,0,-39.81128370877906,22323,15,12216,-13.031809043467431,33825,,14294
,0,,41686,14787,4.0,2018.0,0,0,-39.663096310082636,23792,15,12936,-12.947394076093826,33923,,14503
,0,,38982,15115,4.0,2018.0,0,0,-39.85639603433603,25424,15,13269,-13.024972537653788,33188,,14430
,0,,42599,15521,4.0,2018.0,0,0,-39.728202306473236,25719,15,13214,-12.930471974293877,36227,,14625
,0,,40279,15394,4.0,2018.0,0,0,-39.69741429927105,30891,15,13767,-13.007023350517347,36146,,15029
,0,,38814,15018,6.0,2018.0,0,0,-39.855316772599046,31949,21,13600,-13.198053237464622,33288,,14208
,0,,31917,14249,6.0,2018.0,0,0,-39.74478549214356,24626,21,12610,-13.048444127667022,28815,,13653
,0,,46006,15594,6.0,2018.0,0,0,-39.71240773198189,30347,21,13659,-13.242424384296509,34119,,14405
,0,,35630,15319,6.0,2018.0,0,0,-39.824356610507024,24863,21,13033,-12.961907858229655,31480,,14522
,0,,45484,15431,6.0,2018.0,0,0,-39.66676122599693,26052,21,13552,-13.199480307626018,34542,,14630
,0,,40546,14760,6.0,2018.0,0,0,-39.808266212754624,32409,21,13849,-13.160143627102798,37703,,14451
,0,,43817,15956,6.0,2018.0,0,0,-39.67764907576567,26624,21,13578,-13.13495155120599,35104,,14886
,0,,35605,15182,6.0,2018.0,0,0,-39.96943951935911,28786,21,13604,-13.268100731264715,34347,,14579
,0,,35814,14095,4.0,2018.0,0,0,-39.94270476609822,25947,15,12870,-13.10190942010749,30183,,13631
,0,,35848,14032,4.0,2018.0,0,0,-39.91017677077142,26211,15,12260,-12.959982983202543,32805,,13590
,0,,37878,14743,4.0,2018.0,0,0,-39.98360270823466,27834,15,13030,-13.231689455992754,32605,,13949
,0,,28413,12975,4.0,2018.0,0,0,-39.93737644243457,21250,15,11644,-12.92860768375936,26538,,12752
,0,,36017,14270,4.0,2018.0,0,0,-39.845775735196554,27758,15,12806,-12.98144896581831,32375,,13780
,0,,30559,13669,4.0,2018.0,0,0,-39.99467083188023,22025,15,11684,-13.01979675355692,28069,,13318
,0,,34955,14195,4.0,2018.0,0,0,-39.982763231269765,28263,15,12457,-13.135522862209537,30941,,13287
,0,,32783,13266,4.0,2018.0,0,0,-39.99385625931854,25856,15,12513,-13.050644177371549,31077,,12975
,0,,28997,13188,4.0,2018.0,0,0,-39.93551733125992,26812,15,12400,-13.059877030453922,26909,,12631
,0,,33562,13246,4.0,2018.0,0,0,-40.02986985162739,26707,15,12226,-13.232022483914529,32084,,12983
,0,,28264,13023,4.0,2018.0,0,0,-40.02499237615131,24389,15,12066,-12.90109971294332,27055,,12355
,0,,35737,14718,4.0,2018.0,0,0,-39.81613042962735,22956,15,11811,-13.036333140371184,33215,,13684
,0,,28541,13059,4.0,2018.0,0,0,-40.02211564685742,20518,15,11319,-12.90911655590146,26109,,12397
,0,,35727,14294,6.0,2018.0,0,0,-39.9623885655817,23187,21,11969,-13.05490127819906,31079,,13522
,0,,36581,14691,6.0,2018.0,0,0,-39.98683219371747,29511,21,13248,-13.18031342373954,30825,,13724
,0,,35698,14906,6.0,2018.0,0,0,-39.842815613141056,29543,21,13460,-12.898344477696808,33706,,14483
,0,,31327,14013,6.0,2018.0,0,0,-39.992098154988966,21765,21,12122,-13.023935689693708,27180,,13360
,0,,40545,15266,4.0,2018.0,0,0,-40.126442590908916,30552,15,13763,-13.177051464966633,35724,,14676
,0,,34502,14403,4.0,2018.0,0,0,-40.22911733429481,25917,15,13070,-13.253624211104812,31163,,13765
,0,,33552,13974,6.0,2018.0,0,0,-40.10419996454123,32796,21,13122,-12.981331456112105,31861,,13624
,0,,35534,14466,6.0,2018.0,0,0,-40.17912286449191,31608,21,13471,-13.21867039085641,31581,,13688
,0,,33563,14549,4.0,2018.0,0,0,-40.07835104265853,30576,15,13200,-13.180310064163503,32455,,13813
,0,,37666,15003,4.0,2018.0,0,0,-40.24783413091364,26117,15,13086,-13.01983693993778,30268,,13968
,0,,40772,15055,4.0,2018.0,0,0,-40.20806190370854,29551,15,13201,-13.106402846066723,31264,,13730
,0,,25996,13368,4.0,2018.0,0,0,-40.21597140864103,22461,15,11687,-13.050684938424045,27715,,13130
,0,,44113,15547,4.0,2018.0,0,0,-40.266753166717535,21920,15,12637,-12.915627903845413,34221,,14525
,0,,36777,14826,6.0,2018.0,0,0,-40.241097425044956,20608,21,12206,-13.02397497620634,33457,,14766
,0,,28691,14333,6.0,2018.0,0,0,-40.25798751480767,25862,21,13222,-13.234221224001141,28569,,13717
,0,,31394,13792,4.0,2018.0,0,0,-40.25649313636002,27177,15,12775,-13.172448687597662,28984,,13169
,0,,38275,14460,4.0,2018.0,0,0,-40.23853730682972,28818,15,13026,-13.18663325450889,33986,,13652
,0,,30253,13122,4.0,2018.0,0,0,-40.271970610993954,27207,15,12655,-13.07126263696614,30292,,13019
,0,,34143,14326,6.0,2018.0,0,0,-40.19098226899401,27803,21,12836,-13.135005371986734,31502,,13758
,0,,37291,14201,4.0,2018.0,0,0,-40.29563805489877,30896,15,12818,-13.176545985013476,34269,,13708
,0,,39576,15114,4.0,2018.0,0,0,-40.071193562720005,32980,15,13591,-13.186606351846258,37369,,14438
,0,,38476,14697,6.0,2018.0,0,0,-40.1844333876807,32650,21,13573,-13.217387967283264,32038,,14074
,0,,32567,14008,4.0,2018.0,0,0,-40.36520989533143,21182,15,11896,-12.94742105299718,29990,,13669
,0,,33223,14125,4.0,2018.0,0,0,-40.33459642615007,24248,15,12699,-13.051128154403813,30097,,13456
,0,,36192,14696,4.0,2018.0,0,0,-40.35375236746833,24628,15,12808,-13.042934902087138,30924,,13986
,0,,34765,14627,4.0,2018.0,0,0,-40.39442057199487,24049,15,12150,-13.193494232423713,30330,,13664
,0,,42442,14424,4.0,2018.0,0,0,-40.09993535001046,30872,15,12261,-13.182665830926318,34682,,13279
,0,,30391,14725,4.0,2018.0,0,0,-40.40653528651126,23680,15,12352,-13.253919060023616,29731,,13697
,0,,36828,14041,4.0,2018.0,0,0,-40.22270428511631,28781,15,12816,-13.057713719725538,35868,,13824
,0,,38761,14313,4.0,2018.0,0,0,-40.11506772360709,29796,15,12603,-13.199520784944344,30020,,12930
,0,,26830,12997,4.0,2018.0,0,0,-40.05269012956971,25580,15,12524,-13.036279200032917,26137,,12856
,0,,33573,13511,6.0,2018.0,0,0,-40.090948741010095,31523,21,12924,-13.089919847192748,31565,,13185
,0,,40801,14673,6.0,2018.0,0,0,-40.119411986791754,31911,21,12982,-13.13553699130096,34188,,13885
,0,,26900,13151,4.0,2018.0,0,0,-40.32323810245453,29627,15,12887,-13.117046158139436,30708,,13318
,0,,31550,13554,4.0,2018.0,0,0,-40.11745286799273,31627,15,12668,-13.242437997975603,30968,,13149
,0,,30822,13518,4.0,2018.0,0,0,-40.13756764256134,31956,15,12969,-12.981434791872699,29815,,13353
,0,,35291,14312,4.0,2018.0,0,0,-40.303443790768505,28359,15,12197,-13.139023810752903,33543,,13695
,0,,31348,14458,6.0,2018.0,0,0,-40.18023411630693,27423,21,13335,-13.054922794621477,29109,,13848
,0,,30492,13079,4.0,2018.0,0,0,-40.13580586193268,27427,15,12347,-12.961894140038705,29862,,12940
,0,,34717,14282,4.0,2018.0,0,0,-40.148364278824765,30524,15,13184,-13.059880891478809,32600,,13809
,0,,29856,13621,4.0,2018.0,0,0,-40.11322697507553,27632,15,12862,-13.10190332112435,27319,,13367
,0,,34589,14043,4.0,2018.0,0,0,-40.04846888800192,28423,15,12483,-13.15490329986068,30835,,13425
,0,,32860,13741,4.0,2018.0,0,0,-40.05824301305412,32481,15,13231,-12.959604952350064,33649,,13642
,0,,34965,14125,4.0,2018.0,0,0,-40.34066957464549,29189,15,13056,-12.941761050216547,31025,,13545
,0,,34935,14091,4.0,2018.0,0,0,-40.141284892415484,25951,15,12735,-13.042132101367049,31207,,13598
,0,,28682,13204,4.0,2018.0,0,0,-40.10439180793174,29222,15,12604,-13.024945477768245,27927,,12653
,0,,28667,13057,4.0,2018.0,0,0,-40.05239632873535,19389,15,11478,-13.031755546338537,25792,,12463
,0,,30137,13708,4.0,2018.0,0,0,-40.41025793912669,21360,15,12097,-13.084368005212989,28874,,13429
,0,,33656,14304,4.0,2018.0,0,0,-40.25242195664182,21891,15,12258,-13.0635151586217,27084,,13403
,0,,30106,13057,6.0,2018.0,0,0,-40.06705328534232,23610,21,11966,-12.98701959212781,30265,,12893
,0,,31631,14040,4.0,2018.0,0,0,-40.073038840335386,27310,15,12286,-12.94530287368592,29422,,13035
,0,,30944,13770,4.0,2018.0,0,0,-40.7634737065009,18866,15,11040,-13.174262629420133,27518,,12908
,0,,29723,13750,4.0,2018.0,0,0,-40.699368075903585,22559,15,12184,-13.117046150007665,27027,,12822
,0,,31495,14005,4.0,2018.0,0,0,-40.49554200039355,21822,15,11903,-13.135536963080183,23620,,12458
,0,,33124,13839,4.0,2018.0,0,0,-40.76752000923548,28360,15,12626,-13.009509186323823,27121,,12802
,0,,34422,14101,4.0,2018.0,0,0,-40.48032998114352,22603,15,11831,-12.981331440217572,29887,,13266
,0,,40137,14836,4.0,2018.0,0,0,-40.679174150788675,28352,15,12941,-13.238828306094623,30496,,13638
,0,,33776,14056,4.0,2018.0,0,0,-40.52632388891084,25854,15,12848,-12.905143580319358,29639,,13459
,0,,33876,14563,4.0,2018.0,0,0,-40.599685863501094,19932,15,12102,-12.95999038787508,28797,,13492
,0,,38436,14057,4.0,2018.0,0,0,-40.68125526115271,24809,15,12112,-13.198040456630507,32802,,13455
,0,,27551,13026,4.0,2018.0,0,0,-40.592101403217455,22806,15,11893,-13.050684921265136,27398,,12564
,0,,31487,13644,4.0,2018.0,0,0,-40.449719283468774,21456,15,11649,-13.269129682348185,28336,,12901
,0,,30543,14162,4.0,2018.0,0,0,-40.71072639736353,21890,15,12150,-13.05112814802994,25105,,12737
,0,,38678,14075,4.0,2018.0,0,0,-40.628853734944094,31318,15,12854,-12.981273074561345,32866,,13246
,0,,34028,13662,4.0,2018.0,0,0,-40.6867755476855,27876,15,12283,-13.014330564271516,29396,,12840
,0,,31486,13559,4.0,2018.0,0,0,-40.43262434300206,24664,15,12198,-12.927907479607214,29685,,13110
,0,,35347,14146,4.0,2018.0,0,0,-40.68596058098443,24720,15,12255,-13.247802099117283,28405,,12979
,0,,33977,14004,4.0,2018.0,0,0,-40.64810059453783,22845,15,12029,-13.071262623065762,26649,,12907
,0,,29346,13280,4.0,2018.0,0,0,-40.44916886308216,27773,15,12798,-12.945302859530562,31388,,13169
,0,,31523,13387,4.0,2018.0,0,0,-40.56711226849223,30836,15,12980,-13.135005348126986,33524,,13248
,0,,31314,13494,4.0,2018.0,0,0,-40.66751206253826,25036,15,11916,-13.159038267499978,29337,,12667
,0,,32163,13652,4.0,2018.0,0,0,-40.62094694101904,28117,15,13029,-13.218063164868392,30637,,13424
,0,,34196,13909,4.0,2018.0,0,0,-40.679573768114224,24365,15,12167,-13.139023800148006,27649,,12513
,0,,30894,13302,4.0,2018.0,0,0,-40.635321151091645,24497,15,12107,-13.180466551965383,27892,,12772
,0,,27182,13224,4.0,2018.0,0,0,-40.62193163241588,25923,15,12833,-13.164571025412146,26139,,12839
,0,,28328,12828,4.0,2018.0,0,0,-40.556364117925746,23371,15,12002,-13.054922775648047,28240,,12650
,0,,31325,13720,4.0,2018.0,0,0,-40.502572603124165,20185,15,11940,-13.177051433548002,29785,,13135
,0,,33205,14015,4.0,2018.0,0,0,-40.46707876022283,23421,15,12082,-13.08991982164127,27373,,12893
,0,,31764,13479,4.0,2018.0,0,0,-40.632623122953845,24947,15,12194,-13.172448671234715,27224,,12571
,0,,36016,13855,4.0,2018.0,0,0,-40.603581787174484,21662,15,11900,-13.264957748774583,33707,,13544
,0,,27854,13081,4.0,2018.0,0,0,-40.59883427836529,19607,15,11264,-13.057713702251663,26654,,12666
,0,,30743,13241,4.0,2018.0,0,0,-40.51741490170968,20028,15,11338,-13.042132081878597,28720,,12556
,0,,28474,13216,4.0,2018.0,0,0,-40.63411750110727,22865,15,11615,-13.234221207436383,25369,,12279
,0,,30107,13928,6.0,2018.0,0,0,-40.58474672787616,22547,21,11936,-13.14878004160962,27620,,13474
,0,,44369,14588,4.0,2018.0,0,0,-40.59431916000218,25903,15,12585,-12.898344438776919,35198,,13385
,0,,32393,14779,6.0,2018.0,0,0,-40.721395773217544,19692,21,11706,-13.04843599557941,26048,,13215
,0,,43081,14910,4.0,2018.0,0,0,-40.60900046458971,27488,15,13475,-12.908962373592084,35136,,14378
,0,,39537,15660,6.0,2018.0,0,0,-40.435823246022125,30818,21,13865,-13.156721466600537,34109,,14738
,0,,36409,14587,4.0,2018.0,0,0,-40.447323585825494,33341,15,13866,-13.186606317380654,34006,,14107
,0,,40303,15279,4.0,2018.0,0,0,-40.78638789544839,21613,15,12147,-13.084368007574476,32617,,13884
,0,,50528,15433,4.0,2018.0,0,0,-40.44225142890998,28513,15,13284,-13.18509241532046,38165,,14212
,0,,34970,14400,4.0,2018.0,0,0,-40.71568979747301,27668,15,13027,-13.007040970040276,28422,,13420
,0,,36038,14584,4.0,2018.0,0,0,-40.6428831512998,22594,15,12770,-12.915627900107177,31237,,13845
,0,,28811,12915,4.0,2018.0,0,0,-40.56056338846795,20830,15,11687,-13.217387942137995,25733,,12667
,0,,34674,14305,4.0,2018.0,0,0,-40.4805218244982,26141,15,12770,-13.024945458218147,30648,,13566
,0,,33332,13648,4.0,2018.0,0,0,-40.5690307981171,28696,15,13111,-12.97334298309097,30956,,13200
,0,,33350,13260,4.0,2018.0,0,0,-40.49358288197996,29815,15,12460,-13.242437964784568,31550,,12933
,0,,30090,13990,4.0,2018.0,0,0,-40.704961167759116,22743,15,12081,-13.054144279577963,27974,,13315
,0,,28044,13423,6.0,2018.0,0,0,-40.44371260341636,19900,21,11967,-13.003538284117152,26851,,13078
,0,,30455,12975,4.0,2018.0,0,0,-40.584191899839546,22317,15,11801,-13.106402824402442,25980,,12298
,0,,27736,14257,6.0,2018.0,0,0,-38.97594113357661,27382,21,13556,-13.30400904094033,28993,,13772
,0,,39277,15192,6.0,2018.0,0,0,-39.46964384352136,26573,21,13064,-13.35497693095193,33388,,14675
,0,,36719,15327,6.0,2018.0,0,0,-39.64886237035165,27056,21,13422,-13.274641536342337,33751,,14499
,0,,49104,15868,4.0,2018.0,0,0,-39.534441119745765,31105,15,14176,-13.415653653184476,39907,,15237
,0,,37888,15123,6.0,2018.0,0,0,-39.617725497362294,21886,21,13055,-13.424157743523644,35442,,14820
,0,,35058,14542,4.0,2018.0,0,0,-39.61854023547532,22807,15,13142,-13.393316242522806,32982,,14401
,0,,33446,14403,4.0,2018.0,0,0,-39.94710970914601,27967,15,13014,-13.490547555422868,29671,,13794
,0,,36464,14354,4.0,2018.0,0,0,-39.91950934669409,33104,15,13384,-13.550036169272984,33889,,13990
,0,,37962,14779,4.0,2018.0,0,0,-39.9645411564744,33192,15,13689,-13.315295999286018,35871,,14424
,0,,35326,14736,4.0,2018.0,0,0,-39.87371792857674,24928,15,12685,-13.336502680767897,31237,,13977
,0,,30828,13807,4.0,2018.0,0,0,-40.034127942993905,26045,15,12615,-13.457874418894834,28540,,13233
,0,,34650,14463,4.0,2018.0,0,0,-39.87629588939493,29859,15,13138,-13.437027328481129,31018,,13961
,0,,34422,13820,4.0,2018.0,0,0,-39.954252870561774,33343,15,13010,-13.359894769155813,33548,,13448
,0,,29346,13449,4.0,2018.0,0,0,-39.89584392859123,24641,15,12399,-13.444773237671138,28404,,13423
,0,,35851,13899,4.0,2018.0,0,0,-40.015260657611094,30636,15,13009,-13.383030353161887,30871,,13222
,0,,38004,14191,4.0,2018.0,0,0,-39.88185817544756,25445,15,12045,-13.607700508663106,27725,,12571
,0,,34921,13737,4.0,2018.0,0,0,-39.99707443311873,26867,15,12154,-13.290845930558193,31837,,12940
,0,,37217,14751,4.0,2018.0,0,0,-40.01829070448519,21837,15,12252,-13.56697992710713,29372,,13728
,0,,46460,15331,4.0,2018.0,0,0,-39.86967373929543,31895,15,13465,-13.538063773270057,40346,,15069
,0,,32172,14127,4.0,2018.0,0,0,-39.88134794577166,21694,15,12099,-13.359389333307188,27799,,13427
,0,,38755,14973,4.0,2018.0,0,0,-39.69092361524259,25909,15,13062,-13.360545245619354,34707,,14456
,0,,44928,15296,4.0,2018.0,0,0,-39.86868799391501,25276,15,13634,-13.591545616039832,32859,,14375
,0,,36011,15099,4.0,2018.0,0,0,-39.83193589646796,19988,15,12759,-13.479906789305074,32480,,14872
,0,,44449,15820,4.0,2018.0,0,0,-39.67656040783306,28129,15,14180,-13.409795132629716,37835,,15280
,0,,37706,14723,4.0,2018.0,0,0,-39.963432079997595,25978,15,13054,-13.380563371397416,34469,,14559
,0,,41606,14932,4.0,2018.0,0,0,-39.92691457226455,26270,15,13007,-13.612306452933506,36100,,14429
,0,,43758,15448,6.0,2018.0,0,0,-39.846577838747116,29834,21,13217,-13.431227047876364,36295,,14635
,0,,32165,14271,6.0,2018.0,0,0,-39.93451865037463,26943,21,13173,-13.387851866479716,28651,,13647
,0,,28672,13187,6.0,2018.0,0,0,-40.02140585929005,25178,21,12165,-13.274644023311673,27502,,12400
,0,,45899,15779,4.0,2018.0,0,0,-40.20029350193802,27636,15,13675,-13.550045335457794,36612,,14825
,0,,38892,15206,4.0,2018.0,0,0,-40.35973120875372,25832,15,12923,-13.605168293161103,30313,,14185
,0,,35008,14995,4.0,2018.0,0,0,-40.15779645078877,20106,15,12115,-13.278688062096954,29993,,14109
,0,,38937,15056,4.0,2018.0,0,0,-40.13942831163797,28938,15,13380,-13.413530778770788,33294,,14436
,0,,36111,14784,4.0,2018.0,0,0,-40.38923878886629,35509,15,13914,-13.627404941234747,34172,,14460
,0,,36271,14747,4.0,2018.0,0,0,-40.21145831854989,25798,15,13259,-13.627099547507914,32718,,14328
,0,,35534,14483,4.0,2018.0,0,0,-40.07057531284057,26516,15,13090,-13.44473127814909,31214,,13908
,0,,35063,14461,4.0,2018.0,0,0,-40.22211806197361,25848,15,12874,-13.457943612493443,38194,,14530
,0,,37274,14728,4.0,2018.0,0,0,-40.31883252664051,31135,15,12920,-13.475413728763481,33429,,14039
,0,,35374,14654,4.0,2018.0,0,0,-40.124050776115844,22834,15,11834,-13.300292459133551,27310,,13363
,0,,36844,14418,4.0,2018.0,0,0,-40.31620169095336,25411,15,12619,-13.567020996612616,31023,,13476
,0,,39062,14844,4.0,2018.0,0,0,-40.22122118520091,31204,15,13229,-13.6384311840544,35302,,14071
,0,,36262,14577,4.0,2018.0,0,0,-40.28973949602395,27159,15,13075,-13.547796833821481,34826,,14253
,0,,34883,14263,4.0,2018.0,0,0,-40.28631543002564,25034,15,12788,-13.621285429741421,30950,,13498
,0,,48121,15386,4.0,2018.0,0,0,-40.27047901276008,32820,15,13753,-13.612314634358466,35614,,14205
,0,,27087,13890,4.0,2018.0,0,0,-40.35555717893097,26431,15,12447,-13.558594624983327,26849,,13038
,0,,40044,14952,4.0,2018.0,0,0,-40.12091323230551,28735,15,13404,-13.421958660862156,32890,,14013
,0,,41363,15124,4.0,2018.0,0,0,-40.191306930913925,28314,15,13188,-13.591544363311872,33869,,14090
,0,,36106,14490,4.0,2018.0,0,0,-40.232523330801335,27279,15,12971,-13.398492121800903,31793,,13805
,0,,33835,14342,4.0,2018.0,0,0,-40.192256814120526,26456,15,12575,-13.409850491684516,27720,,12987
,0,,39853,14849,4.0,2018.0,0,0,-40.073543108555725,32745,15,12515,-13.380545246032874,36348,,13652
,0,,35478,14533,4.0,2018.0,0,0,-40.12386636221321,31603,15,12937,-13.41646394129366,33281,,13610
,0,,30316,14077,4.0,2018.0,0,0,-40.17966776425231,25602,15,12735,-13.6134240588264,32257,,13398
,0,,46298,15538,4.0,2018.0,0,0,-40.20862291508303,31481,15,13227,-13.571825672039155,38582,,14850
,0,,40614,14673,4.0,2018.0,0,0,-40.23144507933801,27458,15,12632,-13.571539504022892,33871,,13645
,0,,27706,13421,4.0,2018.0,0,0,-40.32054451428657,27482,15,11978,-13.530248833908853,27788,,12815
,0,,42804,15367,4.0,2018.0,0,0,-40.17029686184515,33210,15,13360,-13.512528069067619,35553,,14710
,0,,34788,14677,4.0,2018.0,0,0,-40.235410472808255,30472,15,13155,-13.461378955133439,32187,,13845
,0,,37412,14489,4.0,2018.0,0,0,-40.11294929402496,23004,15,12530,-13.424642121005645,34224,,14031
,0,,35308,13563,4.0,2018.0,0,0,-40.24430256387072,30724,15,12614,-13.282503653759454,32666,,13148
,0,,34983,14366,4.0,2018.0,0,0,-40.15704043759078,21810,15,11736,-13.360584561955005,31163,,13618
,0,,32300,13265,4.0,2018.0,0,0,-40.39824565764431,26603,15,11886,-13.282656876746364,30480,,12339
,0,,32207,13110,4.0,2018.0,0,0,-40.26908445221243,23964,15,11683,-13.346870353738222,30577,,12801
,0,,29079,13114,4.0,2018.0,0,0,-40.09498142476454,26748,15,12315,-13.300975367963758,27732,,12728
,0,,34712,13100,4.0,2018.0,0,0,-40.40112240116483,28802,15,12158,-13.274641525004158,33312,,12815
,0,,35558,13600,4.0,2018.0,0,0,-40.31350610280503,25926,15,12021,-13.302145407253024,32835,,13097
,0,,32694,13681,4.0,2018.0,0,0,-40.08528772077896,30070,15,12829,-13.522238123072185,31568,,13159
,0,,41178,15917,6.0,2018.0,0,0,-40.071610105092496,27095,21,13556,-13.642599955778902,31971,,14324
,0,,37395,15104,6.0,2018.0,0,0,-40.358891758091055,23804,21,13058,-13.509020224955437,30958,,14119
,0,,40186,15384,6.0,2018.0,0,0,-40.042891166223086,27174,21,13983,-13.572964649844256,32908,,14564
,0,,34435,15184,6.0,2018.0,0,0,-40.16796015600175,29631,21,14029,-13.490561017276978,30728,,14549
,0,,30938,12660,6.0,2018.0,0,0,-40.3462554492652,21631,21,11430,-13.359362166082702,30338,,12603
,0,,36146,14263,4.0,2018.0,0,0,-40.77725235927302,24829,15,12439,-13.274641525632292,28026,,12971
,0,,39174,14860,4.0,2018.0,0,0,-40.6923316657786,27175,15,13154,-13.567021028908949,31086,,13840
,0,,34556,15053,4.0,2018.0,0,0,-40.57642349958829,26618,15,13442,-13.550045346340356,36116,,15020
,0,,32239,13660,4.0,2018.0,0,0,-40.49718824798072,20965,15,11397,-13.31886039562839,29690,,12904
,0,,34066,14641,4.0,2018.0,0,0,-40.68963607816883,27379,15,13072,-13.302145401528303,29926,,13757
,0,,36733,14271,4.0,2018.0,0,0,-40.759924192868446,20809,15,11637,-13.431176704394751,28247,,13266
,0,,32239,14115,4.0,2018.0,0,0,-40.7766155305919,22943,15,11919,-13.283526859939467,31626,,13687
,0,,30770,13479,4.0,2018.0,0,0,-40.50018078881024,32615,15,12807,-13.300292430812618,32501,,13114
,0,,36295,13842,4.0,2018.0,0,0,-40.51451221871005,22144,15,11860,-13.5380501678628,30984,,13332
,0,,40337,14618,4.0,2018.0,0,0,-40.761240868020195,31032,15,13265,-13.315271768667994,34391,,13934
,0,,30491,13611,4.0,2018.0,0,0,-40.76919888200919,26046,15,12444,-13.29083351812518,29637,,13146
,0,,32848,13692,4.0,2018.0,0,0,-40.64660899659793,19159,15,11352,-13.612314662995802,27025,,12914
,0,,32937,13628,4.0,2018.0,0,0,-40.44670533606112,30207,15,12673,-13.444731257141664,30561,,12919
,0,,37447,14380,4.0,2018.0,0,0,-40.645214436319634,24469,15,12463,-13.346870349293082,33572,,13870
,0,,34915,13738,4.0,2018.0,0,0,-40.554525486089595,23487,15,11791,-13.532536838919034,31295,,12999
,0,,31959,13699,4.0,2018.0,0,0,-40.59507560465088,26667,15,12370,-13.271888423631026,28487,,12954
,0,,37339,14017,4.0,2018.0,0,0,-40.66243584043591,34425,15,13339,-13.333514875919331,35144,,13585
,0,,32969,13132,4.0,2018.0,0,0,-40.560524253559414,25548,15,12054,-13.533637125242945,30280,,12704
,0,,29902,13994,4.0,2018.0,0,0,-40.66102085548163,23528,15,12091,-13.289164768533155,28351,,13029
,0,,29702,13619,4.0,2018.0,0,0,-40.77437561633152,27044,15,12570,-13.28265687819703,28939,,13111
,0,,29204,13079,4.0,2018.0,0,0,-40.4153562032053,23705,15,11896,-13.320926824089454,30452,,12823
,0,,32655,13592,4.0,2018.0,0,0,-40.665869476048066,29305,15,12552,-13.547796859807477,29964,,13090
,0,,41511,14460,4.0,2018.0,0,0,-40.714647188163816,27729,15,12668,-13.428414439433372,34812,,13355
,0,,31582,13387,4.0,2018.0,0,0,-40.783877367847616,21002,15,11458,-13.550493225279233,26623,,12655
,0,,31518,13461,4.0,2018.0,0,0,-40.53314232658195,29548,15,12688,-13.545933081509395,29223,,13306
,0,,32021,13935,4.0,2018.0,0,0,-40.744357491514286,26691,15,12545,-13.397454414444704,28319,,13084
,0,,32751,13839,4.0,2018.0,0,0,-40.611540463538006,28747,15,12662,-13.461378963417602,32869,,13481
,0,,34263,13565,4.0,2018.0,0,0,-40.782129608204954,25520,15,12276,-13.605500550306557,27931,,12703
,0,,36689,13678,4.0,2018.0,0,0,-40.567436930333685,32361,15,12828,-13.591544376478385,32945,,13021
,0,,28793,13151,4.0,2018.0,0,0,-40.69496250094771,25389,15,12229,-13.47541374893149,28046,,12838
,0,,35827,13737,4.0,2018.0,0,0,-40.662445410728225,23888,15,11888,-13.62128546190031,29338,,12700
,0,,30773,13902,4.0,2018.0,0,0,-40.746115488973096,22724,15,11771,-13.424157738238481,26895,,13019
,0,,28641,13664,4.0,2018.0,0,0,-39.64886237895438,25951,15,12881,-12.52748599313686,27090,,13168
,0,,28353,13957,4.0,2018.0,0,0,-39.35207351840632,24312,15,12523,-12.556862987887342,26498,,13122
,0,,27510,13643,4.0,2018.0,0,0,-39.36880153954691,25424,15,12390,-12.571719719034473,26439,,12919
,0,,38511,15158,4.0,2018.0,0,0,-39.3717927753577,27890,15,13001,-12.553144543994836,29707,,13741
,0,,34257,14340,4.0,2018.0,0,0,-39.34272368120399,26934,15,12796,-12.553828397040869,28014,,13326
,0,,33800,14772,4.0,2018.0,0,0,-39.49204300388496,26000,15,12674,-12.535347923334644,29383,,13636
,0,,31743,14118,4.0,2018.0,0,0,-39.29969484633809,24384,15,12459,-12.640696172463727,29399,,13423
,0,,32682,14706,4.0,2018.0,0,0,-39.291299810967864,20077,15,11610,-12.612730368548185,27924,,13877
,0,,37255,14793,4.0,2018.0,0,0,-39.29096469944146,23763,15,12184,-12.689871417329924,31919,,14020
,0,,42810,15185,4.0,2018.0,0,0,-39.532242303898286,26752,15,12886,-12.716367711809836,32312,,13920
,0,,29289,13708,4.0,2018.0,0,0,-39.46668563614524,23145,15,11952,-12.524728581862906,29114,,13501
,0,,35019,14295,4.0,2018.0,0,0,-39.321285501965946,21273,15,12260,-12.633429535382689,26233,,13414
,0,,34149,14780,4.0,2018.0,0,0,-39.29332962189928,28608,15,13383,-12.559791852643757,30182,,13879
,0,,39534,15306,4.0,2018.0,0,0,-39.46964763205011,21467,15,11954,-12.607849065441545,28128,,13462
,0,,36713,14915,4.0,2018.0,0,0,-39.55524166316323,25951,15,12944,-12.78138256175497,31614,,14137
,0,,37089,14431,4.0,2018.0,0,0,-39.44822823113183,21148,15,11710,-12.58830422227566,29286,,13346
,0,,38648,15026,4.0,2018.0,0,0,-39.534056805561264,26121,15,13318,-12.874260535867451,30723,,14087
,0,,47229,15014,4.0,2018.0,0,0,-39.37161116513384,28337,15,12938,-12.669360773129078,33881,,13680
,0,,35284,14606,4.0,2018.0,0,0,-39.65374007964858,23244,15,12243,-12.85847254385338,32218,,14043
,0,,33524,14557,4.0,2018.0,0,0,-39.59330962984127,27026,15,12750,-12.894556793004616,31306,,13912
,0,,38002,15053,4.0,2018.0,0,0,-39.609895551225954,22941,15,12163,-12.81305482009448,32735,,13846
,0,,36535,14765,4.0,2018.0,0,0,-39.63698020646858,30067,15,13424,-12.880384818132196,33628,,14266
,0,,37828,14830,4.0,2018.0,0,0,-39.56829012147659,27977,15,13301,-12.783189435437297,31463,,14405
,0,,38891,15070,4.0,2018.0,0,0,-39.40478585853984,23345,15,13107,-12.613459303131018,32591,,14296
,0,,34341,14909,4.0,2018.0,0,0,-39.63465007858937,29590,15,13304,-12.809084353307048,31960,,14417
,0,,40767,14997,4.0,2018.0,0,0,-39.36865776316282,21245,15,12072,-12.674857670288148,31398,,14175
,0,,37420,15277,6.0,2018.0,0,0,-39.40475517679602,23082,21,12999,-12.798879209173835,30220,,14723
,0,,41813,15635,6.0,2018.0,0,0,-39.655487647397486,30330,21,13864,-12.803444112836212,38473,,15102
,0,,38131,15709,6.0,2018.0,0,0,-39.61070383445732,28116,21,14203,-12.806752813430805,34517,,15358
,0,,32126,14090,4.0,2018.0,0,0,-39.64080897938643,23203,15,12125,-12.543683929813861,29376,,13285
,0,,31410,13800,4.0,2018.0,0,0,-39.63285115681719,27686,15,12815,-12.568131315106495,29381,,13491
,0,,30689,13899,4.0,2018.0,0,0,-39.56333762935683,26240,15,12832,-12.589353408503277,28593,,13394
,0,,29177,13589,4.0,2018.0,0,0,-39.58462725486096,25790,15,12340,-12.60765105635291,28156,,13025
,0,,31670,13751,4.0,2018.0,0,0,-39.593996798749906,27916,15,12891,-12.612237551287823,30203,,13402
,0,,34265,14353,4.0,2018.0,0,0,-39.42939335165268,26971,15,12761,-12.62085940991746,29803,,13425
,0,,31057,14313,4.0,2018.0,0,0,-39.43515729444683,23367,15,12456,-12.658218901283586,29661,,13716
,0,,34539,13997,4.0,2018.0,0,0,-39.48026875240928,23290,15,12163,-12.651381019488102,30997,,13501
,0,,39448,14760,4.0,2018.0,0,0,-39.421936176426804,26780,15,12977,-12.6299845991346,33510,,13982
,0,,37814,14627,4.0,2018.0,0,0,-39.5168270067544,24943,15,12580,-12.599739581963716,33262,,13976
,0,,34596,14304,4.0,2018.0,0,0,-39.63153526778001,23659,15,12180,-12.68408081877922,30119,,13546
,0,,32909,13132,4.0,2018.0,0,0,-39.58625993544799,23864,15,11585,-12.681316207610084,28660,,12540
,0,,31436,14228,4.0,2018.0,0,0,-39.61772701865571,25926,15,12935,-12.67705871500575,30287,,14042
,0,,32916,14619,4.0,2018.0,0,0,-39.53263140031108,22562,15,12525,-12.542011962281547,30043,,13967
,0,,34212,14854,4.0,2018.0,0,0,-39.56124680556969,25501,15,13436,-12.554998038335354,32399,,14643
,0,,44827,15254,4.0,2018.0,0,0,-39.418041102565184,25352,15,12961,-12.765461170604114,33432,,14433
,0,,39515,15265,4.0,2018.0,0,0,-39.53404770287508,26150,15,13073,-12.586379159701007,28520,,13732
,0,,31257,14168,4.0,2018.0,0,0,-39.60747423012404,23827,15,12651,-12.858138690723159,29863,,13597
,0,,35866,14645,4.0,2018.0,0,0,-39.51822080548927,31178,15,13708,-12.865286106650068,32533,,14166
,0,,39824,15256,4.0,2018.0,0,0,-39.702219602048494,25113,15,12724,-12.80674955305588,31332,,14004
,0,,39896,14641,4.0,2018.0,0,0,-39.695062336615,22525,15,12308,-12.813047161678766,29658,,13585
,0,,36703,14486,4.0,2018.0,0,0,-39.7503095649592,25481,15,12213,-12.803489730690254,29507,,13662
,0,,37148,14968,4.0,2018.0,0,0,-39.696908624247094,26419,15,12159,-12.571697213053282,30222,,13599
,0,,44927,15256,4.0,2018.0,0,0,-39.895837262391645,29457,15,12933,-12.697680192077415,35135,,14111
,0,,28608,13705,4.0,2018.0,0,0,-40.01121343495582,22136,15,11998,-12.800701265135345,25945,,12938
,0,,31456,13454,4.0,2018.0,0,0,-39.96453794715985,24530,15,12242,-12.5681542765066,25427,,12552
,0,,34081,13401,4.0,2018.0,0,0,-39.83248375529453,26720,15,12211,-12.775212420426064,30959,,12970
,0,,32491,13549,4.0,2018.0,0,0,-39.92014159390258,26501,15,12193,-12.786571236427159,29365,,13029
,0,,28056,12978,4.0,2018.0,0,0,-39.99614241353509,24835,15,12320,-12.666398053761002,26581,,12798
,0,,29242,12761,4.0,2018.0,0,0,-39.947106452884995,22386,15,11707,-12.743472914260808,27119,,12512
,0,,33577,13665,4.0,2018.0,0,0,-39.842059134700115,25369,15,12229,-12.524728589544528,31905,,13423
,0,,34984,15285,4.0,2018.0,0,0,-39.963427530684285,22123,15,12557,-12.633446750877676,31453,,14503
,0,,41584,15282,4.0,2018.0,0,0,-39.852986935945054,21670,15,12562,-12.88007673043462,32774,,14265
,0,,39464,14997,4.0,2018.0,0,0,-39.69745917738632,22566,15,12515,-12.895586374849684,31882,,14085
,0,,38581,15163,4.0,2018.0,0,0,-39.689990358885204,29091,15,13285,-12.8115330488909,32215,,13929
,0,,40438,14839,4.0,2018.0,0,0,-39.85674019069622,26838,15,13164,-12.53534857323315,35291,,14383
,0,,36568,15046,4.0,2018.0,0,0,-39.75452354024047,24274,15,12724,-12.865357483818768,30320,,14436
,0,,33287,14196,4.0,2018.0,0,0,-39.72806927603706,19033,15,11147,-12.607732298244768,29090,,13481
,0,,48621,15093,4.0,2018.0,0,0,-39.704448530959446,25777,15,12837,-12.855411798521457,29773,,13530
,0,,30895,13879,4.0,2018.0,0,0,-39.714817470940396,20577,15,11815,-12.716341760010089,27391,,13501
,0,,36791,14567,4.0,2018.0,0,0,-40.0104697945462,22596,15,12374,-12.535511632098615,32119,,13969
,0,,38762,15495,4.0,2018.0,0,0,-39.82568141805961,25027,15,13214,-12.891747292509855,30506,,14266
,0,,37035,14858,4.0,2018.0,0,0,-39.738935185148755,22537,15,12432,-12.825963495234346,31878,,14192
,0,,37369,14641,4.0,2018.0,0,0,-39.95424734227844,23940,15,12147,-12.612769981148986,30202,,13515
,0,,28441,13221,4.0,2018.0,0,0,-39.68036423883924,26858,15,12652,-12.554298754409688,27549,,12974
,0,,36535,14781,4.0,2018.0,0,0,-39.868685877843156,27110,15,13087,-12.844508882589663,30222,,13860
,0,,34181,13981,4.0,2018.0,0,0,-39.667829886820854,23375,15,12372,-12.714232236001749,30443,,13569
,0,,31539,14243,4.0,2018.0,0,0,-39.6723384929322,27104,15,12824,-12.781338389873353,29284,,13495
,0,,30755,13600,4.0,2018.0,0,0,-39.688810282904555,25667,15,12501,-12.553812432577924,27607,,13011
,0,,33517,14079,4.0,2018.0,0,0,-39.6914521736244,26699,15,13069,-12.629943936788976,30305,,13500
,0,,33421,14030,4.0,2018.0,0,0,-39.915250452870495,30675,15,13297,-12.785472838563585,33093,,13793
,0,,31827,14099,4.0,2018.0,0,0,-39.70809105293003,27934,15,12993,-12.620826608999407,29007,,13525
,0,,31006,13909,4.0,2018.0,0,0,-39.690922947771256,21988,15,11977,-12.61342205480696,28730,,13356
,0,,29239,13562,4.0,2018.0,0,0,-39.91950672360529,25972,15,12412,-12.80298394295566,27551,,12985
,0,,31619,13553,4.0,2018.0,0,0,-39.814848674775035,22099,15,11822,-12.761435121178518,26908,,12979
,0,,32923,13486,4.0,2018.0,0,0,-39.927312062802876,19282,15,11170,-12.76545461129947,27524,,12791
,0,,29227,13381,4.0,2018.0,0,0,-39.977620764061,21366,15,11833,-12.669347763138003,29075,,13105
,0,,35049,13728,4.0,2018.0,0,0,-39.864964321059254,19737,15,11432,-12.65038332185888,30479,,12744
,0,,30581,12970,4.0,2018.0,0,0,-39.72826076091774,20373,15,11388,-12.651354711850978,26428,,12426
,0,,36998,15398,6.0,2018.0,0,0,-39.674758186910154,27826,21,13532,-12.891869796422185,33784,,15048
,0,,39069,15537,6.0,2018.0,0,0,-39.69311163026259,24341,21,13288,-12.858490068132804,33834,,14900
,0,,36500,15337,6.0,2018.0,0,0,-39.75856947879786,23597,21,13038,-12.827404205594691,31345,,14555
,0,,39901,15427,6.0,2018.0,0,0,-39.70013846025332,26332,21,13488,-12.884532079420113,34788,,14665
,0,,32694,14388,6.0,2018.0,0,0,-39.74327960902575,21981,21,12388,-12.761967339087745,29317,,13790
,0,,36162,14925,6.0,2018.0,0,0,-39.7238031640781,24890,21,12610,-12.809105476131126,31472,,14448
,0,,30860,14231,6.0,2018.0,0,0,-39.85132164210273,21718,21,12182,-12.89141246816291,28956,,14046
,0,,34289,14051,4.0,2018.0,0,0,-40.30344208477629,25757,15,12709,-12.765454597813994,29211,,13393
,0,,39381,14834,4.0,2018.0,0,0,-40.28230330839982,20296,15,11889,-12.555006623166461,29786,,13779
,0,,32360,13880,4.0,2018.0,0,0,-40.25747330350403,23187,15,12014,-12.61226328733496,30193,,13226
,0,,31949,13834,4.0,2018.0,0,0,-40.192899383851795,23304,15,11657,-12.599741628019009,27635,,13061
,0,,32378,13627,4.0,2018.0,0,0,-40.05969247986698,26224,15,12484,-12.783156732906859,27377,,12877
,0,,35498,13857,4.0,2018.0,0,0,-40.227451658372175,28609,15,12669,-12.89141244864697,31611,,13192
,0,,30427,13685,4.0,2018.0,0,0,-40.40653527564615,28031,15,12799,-12.880373349902046,29886,,13108
,0,,32167,13390,4.0,2018.0,0,0,-40.069241634653864,29586,15,12723,-12.858490043334388,29681,,13053
,0,,42131,14549,4.0,2018.0,0,0,-40.126439573642045,30416,15,12519,-12.803489709303822,35817,,13374
,0,,33493,13950,4.0,2018.0,0,0,-40.06612036304437,21902,15,11961,-12.811533032503132,26387,,13036
,0,,30569,13140,4.0,2018.0,0,0,-40.06494028698028,25153,15,12175,-12.553812460657033,26845,,12490
,0,,31510,13257,4.0,2018.0,0,0,-40.223554477279,23656,15,11978,-12.586386414379112,27696,,12627
,0,,29757,12964,4.0,2018.0,0,0,-40.11322509102949,26732,15,12549,-12.728327256261588,28438,,12772
,0,,33495,13996,4.0,2018.0,0,0,-40.25649130971413,27023,15,12520,-12.798885628115881,30632,,13420
,0,,28214,13332,4.0,2018.0,0,0,-40.266752671395245,27409,15,12446,-12.542015486599432,26196,,12931
,0,,29875,13120,4.0,2018.0,0,0,-40.15019377971641,21233,15,11587,-12.531529335623036,26756,,12640
,0,,30458,13452,4.0,2018.0,0,0,-40.08422105845213,24018,15,11997,-12.620826623509569,25830,,12611
,0,,28469,12933,4.0,2018.0,0,0,-40.06705295200269,22972,15,11969,-12.61342207239864,27615,,12748
,0,,28678,12706,4.0,2018.0,0,0,-40.043959889316056,27536,15,12140,-12.714232238703696,28484,,12342
,0,,35497,14499,4.0,2018.0,0,0,-40.271967281999196,18067,15,11442,-12.697680178690273,30341,,13548
,0,,41288,14933,4.0,2018.0,0,0,-40.397535580724686,28330,15,13243,-12.527488354108607,36663,,14106
,0,,39196,14582,4.0,2018.0,0,0,-40.33459440302957,27241,15,13048,-12.677542342651499,33535,,13921
,0,,37008,14323,4.0,2018.0,0,0,-40.11940961718395,26397,15,12756,-12.761967325583987,29385,,13129
,0,,37514,14815,4.0,2018.0,0,0,-40.33955755537071,29194,15,13336,-12.63344674181117,33234,,14270
,0,,37375,14142,4.0,2018.0,0,0,-40.39947014253917,25309,15,11970,-12.85811517002161,29959,,12948
,0,,39472,14380,4.0,2018.0,0,0,-40.09993317077264,23128,15,12187,-12.809105456583488,32041,,13546
,0,,34273,14008,4.0,2018.0,0,0,-40.21596812685204,23550,15,12252,-12.677098399986036,29148,,13189
,0,,47852,15246,4.0,2018.0,0,0,-40.078349607124416,23052,15,12166,-12.806749536192816,30111,,13497
,0,,35188,14265,4.0,2018.0,0,0,-40.365208100080004,30430,15,13283,-12.57381569390079,31258,,13730
,0,,29990,14398,4.0,2018.0,0,0,-40.211113535793366,22878,15,12769,-12.866399296436226,24643,,12944
,0,,39090,15131,4.0,2018.0,0,0,-40.13065354923853,22839,15,13200,-12.86535746067771,34983,,14608
,0,,33625,14621,4.0,2018.0,0,0,-40.07119234115497,26242,15,12556,-12.813047144492812,30690,,14062
,0,,29757,13600,4.0,2018.0,0,0,-40.073589182104755,25369,15,12803,-12.895586348575467,27066,,13250
,0,,42947,15098,4.0,2018.0,0,0,-40.39442041110539,27463,15,12878,-12.819936678218873,30570,,13861
,0,,37182,14434,4.0,2018.0,0,0,-40.41025790534759,26274,15,12880,-12.710789753384725,34602,,13609
,0,,34036,13727,4.0,2018.0,0,0,-40.11506519297721,23600,15,12047,-12.825963472267865,30556,,13248
,0,,27986,13273,4.0,2018.0,0,0,-40.117451862622794,25169,15,12483,-12.868888915765638,27531,,13130
,0,,39097,14645,4.0,2018.0,0,0,-40.29563674499444,28243,15,12964,-12.802983928321359,33842,,14007
,0,,29770,13721,4.0,2018.0,0,0,-40.218189150294265,20096,15,11898,-12.524728606519993,27294,,13441
,0,,28140,13255,4.0,2018.0,0,0,-40.19097868830204,21099,15,11599,-12.761435102901391,26067,,12942
,0,,35995,14678,4.0,2018.0,0,0,-40.291380473937636,25696,15,12837,-12.78547282412103,30199,,13742
,0,,30881,13527,4.0,2018.0,0,0,-40.071243165201615,25754,15,12715,-12.556846386015318,28462,,13157
,0,,42731,15430,4.0,2018.0,0,0,-40.296271615338036,27787,15,13281,-12.786571222171602,32563,,14327
,0,,32186,12888,4.0,2018.0,0,0,-40.24579953573833,22480,15,11894,-12.791006436870932,30084,,12787
,0,,33221,13667,4.0,2018.0,0,0,-40.090947476963834,24330,15,12393,-12.71634175737294,31723,,13346
,0,,31987,13511,4.0,2018.0,0,0,-40.04846849576582,22290,15,11703,-12.781338380545092,28686,,12827
,0,,29560,12892,4.0,2018.0,0,0,-40.30983032024619,26878,15,12424,-12.874253876745271,29395,,12739
,0,,32655,13502,4.0,2018.0,0,0,-40.25918951579035,23170,15,11457,-12.80690506070441,30438,,12771
,0,,29251,13095,4.0,2018.0,0,0,-40.241094338354316,20289,15,11017,-12.650383314663355,27357,,12489
,0,,29289,12780,4.0,2018.0,0,0,-40.09470935078414,23234,15,11986,-12.553132170466387,28492,,12617
,0,,37837,14478,4.0,2018.0,0,0,-40.30304375358485,25456,15,12674,-12.865278299883938,32020,,13640
,0,,37998,14927,4.0,2018.0,0,0,-39.91018470983194,30150,15,14044,-13.994690092058608,35126,,14780
,0,,41121,14647,4.0,2018.0,0,0,-39.935513455176775,30493,15,13207,-13.806830124647973,33207,,13925
,0,,39823,14782,4.0,2018.0,0,0,-39.69548009161435,30612,15,13867,-14.015999530555716,37596,,14619
,0,,42563,15641,4.0,2018.0,0,0,-39.82416162184118,27936,15,14035,-13.923463875011233,37995,,15106
,0,,35355,14798,4.0,2018.0,0,0,-39.93946538370503,33116,15,13750,-13.709946745895136,35212,,14245
,0,,48060,15748,4.0,2018.0,0,0,-39.79182770208903,28754,15,14091,-13.863990872571671,41908,,15527
,0,,38179,14680,4.0,2018.0,0,0,-39.93737571680612,33193,15,13818,-13.675611266006756,35937,,14363
,0,,41413,15204,4.0,2018.0,0,0,-39.74773394304455,29170,15,13801,-13.789907704557056,38866,,14883
,0,,38719,15130,4.0,2018.0,0,0,-39.73408602525723,28487,15,13174,-13.801095507819184,34468,,14529
,0,,40769,15113,4.0,2018.0,0,0,-39.763295429797346,27190,15,13507,-13.786975253068691,34737,,14661
,0,,42321,15752,4.0,2018.0,0,0,-39.982760228778616,31154,15,14355,-13.882445763176927,38534,,15300
,0,,40015,15502,4.0,2018.0,0,0,-39.99385473425786,27762,15,13716,-13.797599424108652,31929,,14311
,0,,39251,15188,4.0,2018.0,0,0,-39.81612316208895,30377,15,13511,-13.783295990028227,35207,,14547
,0,,42372,15156,4.0,2018.0,0,0,-39.970124734414256,31004,15,13459,-13.732816661672775,35743,,14684
,0,,34918,14966,4.0,2018.0,0,0,-40.016938849953796,30469,15,13542,-13.664300497319608,34500,,14306
,0,,35253,14996,4.0,2018.0,0,0,-39.76225088684416,31378,15,13626,-13.911470671472102,38821,,14334
,0,,43932,15374,4.0,2018.0,0,0,-39.73681724952143,29811,15,13915,-13.798084192964094,38586,,14923
,0,,36346,14636,6.0,2018.0,0,0,-40.022115610181785,26605,21,13219,-13.656125340054066,32662,,14126
,0,,37546,15302,6.0,2018.0,0,0,-39.66196799322738,23525,21,13573,-13.975821226447394,36189,,15121
,65535,,15386,8086,8.0,2018.0,65535,65535,-38.85844222430879,11741,33,3418,-13.180313430402393,11802,,3647
,63523,,13278,6352,8.0,2018.0,65535,65535,-38.85763387654309,11413,33,3538,-13.18661423646834,11813,,4555
,33814,,12435,5914,8.0,2018.0,65535,65535,-38.569024296750285,11172,33,4402,-13.007023346642395,11614,,5146
,19454,,12811,6925,8.0,2018.0,65535,58507,-38.54743433127056,10909,33,3786,-13.01428822368284,11756,,5348
,28203,,12346,6544,8.0,2018.0,65535,55175,-38.54106920500833,11127,33,4209,-12.933399368873049,11606,,5129
,20377,,14431,7940,8.0,2018.0,65535,38378,-38.539039525218264,11119,33,4441,-12.986327652187162,11533,,5324
,19098,,15457,8940,8.0,2018.0,65535,65535,-38.5347063036385,10954,33,3969,-12.947394071049318,12207,,6302
,65535,,13037,6170,8.0,2018.0,65535,65535,-38.94787901526778,11556,33,3293,-13.258077604466258,11875,,4055
,65535,,12405,4926,8.0,2018.0,65535,65535,-38.958639430995056,11371,33,3076,-13.301462487003253,11768,,3693
,0,,35471,14837,8.0,2018.0,0,0,-39.80830191855377,20638,33,12167,-12.843833590695876,33784,,14645
,0,,28590,13164,8.0,2018.0,0,0,-40.080578536198665,21689,33,11684,-12.855411773422333,25495,,12663
,0,,42445,16161,0.0,2019.0,0,0,-38.89660241111129,25394,3,14772,-12.90109970178945,39099,,16130
,0,,41252,16169,0.0,2019.0,0,0,-38.89596559442162,18580,3,13082,-12.909986734706903,39155,,15985
,0,,43073,15944,0.0,2019.0,0,0,-38.88854897118663,30138,3,15155,-12.917294667903095,38405,,15749
,0,,34692,15603,0.0,2019.0,0,0,-38.89372568149277,18016,3,12678,-12.909116545289223,33734,,15312
,0,,41107,15916,0.0,2019.0,0,0,-38.92007892225076,19105,3,12937,-13.154903305382986,39185,,15727
,0,,37900,15908,0.0,2019.0,0,0,-39.175053786643275,18618,3,12759,-13.139023826123482,34201,,15575
,0,,38472,15840,0.0,2019.0,0,0,-39.18144059980873,19265,3,12769,-13.247802119038457,36725,,15659
,0,,38412,15742,0.0,2019.0,0,0,-38.92810435003567,19170,3,12796,-12.927907485425393,33402,,15400
,0,,38784,15492,0.0,2019.0,0,0,-39.06259228179189,20537,3,12930,-13.135005388872822,34504,,15019
,0,,37515,15894,0.0,2019.0,0,0,-38.9715453765119,25574,3,13914,-13.182665843438633,39076,,15576
,0,,42216,16190,0.0,2019.0,0,0,-39.07342159024197,34867,3,15372,-13.265292515856904,40962,,15896
,0,,43140,16216,0.0,2019.0,0,0,-39.00631182527609,34655,3,15137,-13.20096143080691,42799,,15864
,0,,39542,15926,0.0,2019.0,0,0,-38.96631958179274,26328,3,14385,-12.926741685542185,39057,,15518
,0,,39985,16276,0.0,2019.0,0,0,-39.22021147083623,24173,3,14020,-13.268099250149557,36607,,15733
,0,,39839,15843,0.0,2019.0,0,0,-39.12959751752738,27018,3,14129,-13.234221234739806,37063,,15308
,0,,43740,15913,0.0,2019.0,0,0,-39.11642695682586,27791,3,13935,-13.21806319466214,39302,,15319
,0,,44116,16255,0.0,2019.0,0,0,-39.365192868603344,29589,3,14982,-13.242437974551017,43185,,16072
,0,,44187,16421,0.0,2019.0,0,0,-39.449551570325916,35863,3,15113,-13.265292491897888,42225,,16017
,0,,43298,15964,0.0,2019.0,0,0,-39.486277294013256,21174,3,13547,-13.18663325071559,39848,,15729
,0,,35368,15557,0.0,2019.0,0,0,-39.44064079123896,18694,3,12623,-12.973343009846758,30381,,15088
,0,,46297,16562,0.0,2019.0,0,0,-39.47129585926471,27272,3,14770,-12.959990416062375,40633,,15974
,0,,39151,15985,0.0,2019.0,0,0,-39.32132926630622,26306,3,14793,-13.269129689864924,36013,,15761
,0,,38507,16236,0.0,2019.0,0,0,-39.557570584187665,32418,3,14893,-13.247802110558228,34391,,15815
,0,,47844,16247,0.0,2019.0,0,0,-39.57097808026065,28064,3,14095,-13.1170461703194,42388,,16032
,0,,35669,14822,0.0,2019.0,0,0,-39.488837411944964,23632,3,13407,-13.023974987439509,32691,,14449
,0,,42136,16023,0.0,2019.0,0,0,-39.4659291553049,32630,3,15017,-12.898344470218756,41146,,15842
,0,,42323,15843,1.0,2019.0,0,0,-39.601492341896034,26068,4,13299,-13.042934923613513,34546,,14678
,0,,35695,15711,0.0,2019.0,0,0,-39.82416534869853,27178,3,14083,-13.176554953102292,31796,,15015
,0,,36913,16066,0.0,2019.0,0,0,-39.94441730904004,19371,3,12932,-13.156755100828493,34400,,15615
,0,,41156,16202,0.0,2019.0,0,0,-39.7091584417034,27627,3,14004,-13.148743328607518,38022,,15863
,0,,44482,16292,0.0,2019.0,0,0,-39.79166154524312,21017,3,12715,-13.180462907779436,38785,,15859
,0,,47521,16645,0.0,2019.0,0,0,-39.78088374128427,21526,3,13539,-13.172442099586267,39503,,15891
,0,,39587,16032,0.0,2019.0,0,0,-39.83249440512248,26220,3,13630,-13.198339466856687,37768,,15400
,0,,38507,15898,0.0,2019.0,0,0,-39.97942907966183,22573,3,13583,-13.18510676190495,39580,,15642
,0,,46193,16140,0.0,2019.0,0,0,-39.695480109368674,35396,3,14739,-13.269128531351233,41389,,15805
,0,,44117,16046,0.0,2019.0,0,0,-39.84463849939235,22350,3,13974,-13.234223495959286,42071,,16106
,0,,47468,15961,1.0,2019.0,0,0,-39.74773875819084,29369,4,13468,-13.042948320077791,41261,,15504
,0,,35343,15911,0.0,2019.0,0,0,-39.75009893474853,32581,3,14716,-13.218655745797475,35019,,15515
,0,,37439,15688,0.0,2019.0,0,0,-39.68701344057672,33570,3,14712,-13.258069693621158,35537,,15390
,0,,34536,15453,1.0,2019.0,0,0,-40.03161751533971,27736,4,13982,-13.17700460829254,33383,,15017
,0,,37495,15964,0.0,2019.0,0,0,-39.98602384604767,26371,3,13633,-13.186614229408127,36964,,15504
,0,,34236,15431,1.0,2019.0,0,0,-40.013109484921515,31488,4,13980,-13.253930842710504,35678,,14814
,0,,37059,15667,0.0,2019.0,0,0,-40.00898101834943,23087,3,13310,-12.941737495799813,29682,,14691
,0,,35023,15476,0.0,2019.0,0,0,-39.89295571973088,22848,3,13011,-12.973340932202404,29913,,14493
,0,,33996,15201,0.0,2019.0,0,0,-39.819789556180986,28020,3,13686,-13.265291936749025,30423,,14593
,0,,37674,15573,1.0,2019.0,0,0,-39.67582433625995,26845,4,13171,-13.014288228808146,31477,,14518
,0,,39335,15898,1.0,2019.0,0,0,-39.85928445515362,30154,4,14114,-13.087871483803223,35726,,15393
,0,,37183,15519,0.0,2019.0,0,0,-39.75411588248772,27457,3,13460,-13.21737394832467,36152,,15293
,0,,37955,15658,0.0,2019.0,0,0,-39.89434989891012,17987,3,12143,-13.238836329962526,34269,,14897
,0,,43998,16123,0.0,2019.0,0,0,-39.74792176851069,32296,3,14867,-12.926754467641533,38453,,15699
,0,,42759,15738,1.0,2019.0,0,0,-39.66945921072498,26643,4,13571,-12.933399373412128,36208,,15035
,0,,35336,15289,1.0,2019.0,0,0,-39.845992204122496,20488,4,12346,-13.084435474828183,33649,,14695
,0,,36930,15316,0.0,2019.0,0,0,-39.73682131792667,24086,3,13053,-13.051128190655403,32780,,14897
,0,,47804,16257,0.0,2019.0,0,0,-39.66196801811347,31945,3,15110,-13.228935910561347,41035,,15825
,0,,33796,14884,1.0,2019.0,0,0,-39.845091305846715,26860,4,13467,-13.264957790711057,29819,,14396
,0,,37302,15179,1.0,2019.0,0,0,-39.80226738381558,21693,4,12387,-13.159043155476352,33242,,14600
,0,,34095,15010,1.0,2019.0,0,0,-39.805520695846106,29061,4,13598,-12.994456718891671,29499,,14165
,0,,37545,15209,1.0,2019.0,0,0,-39.722044734398,28095,4,13277,-13.23889351228618,32707,,14523
,0,,45667,15635,0.0,2019.0,0,0,-39.66709450053277,24392,3,13221,-13.063453845131145,40201,,15185
,0,,40065,15285,1.0,2019.0,0,0,-39.868172773341364,25182,4,13569,-12.908961752295887,34283,,14866
,0,,44020,15586,1.0,2019.0,0,0,-39.66742953116701,27883,4,13165,-12.986327657447161,35792,,14550
,0,,40438,15398,0.0,2019.0,0,0,-39.687839721720046,29942,3,14038,-13.200927249369103,38741,,15200
,0,,41465,15320,1.0,2019.0,0,0,-39.91361241388184,24138,4,11880,-13.17430622228712,31955,,13954
,0,,31802,14829,1.0,2019.0,0,0,-39.91018610700285,27898,4,13424,-13.247808942449803,28292,,14266
,0,,42673,15506,1.0,2019.0,0,0,-39.81517790496842,26888,4,13093,-13.218061994306439,32469,,14160
,0,,34659,15100,1.0,2019.0,0,0,-40.0076647366411,31804,4,13711,-13.057664710078775,33933,,14377
,0,,41139,15881,1.0,2019.0,0,0,-39.91057327063561,33986,4,14137,-13.042137563007275,37406,,15301
,0,,34875,14518,1.0,2019.0,0,0,-39.90876112610567,27525,4,13101,-12.915624333094067,30369,,13432
,0,,33050,15184,0.0,2019.0,0,0,-40.303044173362586,28089,3,13808,-13.238828317378616,33363,,14665
,0,,39089,15925,0.0,2019.0,0,0,-40.227451794861494,31946,3,14600,-13.264957769162072,36074,,15503
,0,,37061,15373,0.0,2019.0,0,0,-40.32883119541049,23367,3,12925,-13.054144286650565,30059,,14150
,0,,37675,15698,0.0,2019.0,0,0,-40.310645571756886,27272,3,13739,-13.01433057324727,31661,,14953
,0,,41528,16528,0.0,2019.0,0,0,-40.25272374760332,34043,3,14972,-12.981273084393298,39461,,15951
,0,,42222,16381,0.0,2019.0,0,0,-40.24984627811498,24843,3,13151,-12.962971154471598,34366,,15365
,0,,42896,15938,0.0,2019.0,0,0,-40.28201408749123,26176,3,14003,-13.198333311707719,38077,,15104
,0,,44450,16233,0.0,2019.0,0,0,-40.208616731853155,33272,3,14817,-13.148780063472126,42891,,15956
,0,,38780,15752,0.0,2019.0,0,0,-40.24580164371687,27019,3,13906,-13.164571042986198,36135,,15137
,0,,42243,15757,0.0,2019.0,0,0,-40.211114282044456,28667,3,13636,-13.239949421874805,35404,,14900
,0,,42107,16094,1.0,2019.0,0,0,-40.192900798989335,26576,4,13267,-12.97334299470597,33443,,14574
,0,,36855,15463,1.0,2019.0,0,0,-40.386600306167026,26112,4,13458,-12.909124017098396,32196,,14611
,0,,37087,15553,1.0,2019.0,0,0,-40.29627314380265,28608,4,13469,-13.160136430703623,32566,,14957
,0,,37244,15529,1.0,2019.0,0,0,-40.38796373228862,23530,4,12787,-12.909994858726337,29101,,14294
,0,,36078,15281,1.0,2019.0,0,0,-40.37227352867521,24798,4,13640,-13.039985493315704,31324,,14666
,0,,35188,15448,1.0,2019.0,0,0,-40.385652540528895,24588,4,12881,-12.933409944500383,27054,,13738
,0,,43115,15674,1.0,2019.0,0,0,-40.38734374567013,27970,4,13636,-13.17426263033627,34371,,14553
,0,,41009,16085,1.0,2019.0,0,0,-40.33955982723639,26017,4,13823,-13.00704097555425,35241,,15256
,0,,49278,16414,1.0,2019.0,0,0,-40.22355587041396,30644,4,14276,-12.959990397112715,37716,,15390
,0,,35013,15257,1.0,2019.0,0,0,-40.06924297096946,26807,4,13417,-13.232040483424,29532,,14212
,0,,39458,15706,1.0,2019.0,0,0,-40.309830604894216,28547,4,13450,-13.247802109657913,33531,,14601
,0,,34269,14606,1.0,2019.0,0,0,-40.06758257959673,23450,4,12973,-13.003538303372187,30434,,14163
,0,,41837,15759,1.0,2019.0,0,0,-40.21818916585086,24390,4,12988,-12.898344442868018,31001,,14165
,0,,40556,15435,1.0,2019.0,0,0,-40.059693220647645,36204,4,14202,-13.15672149903157,39188,,14953
,0,,41617,15804,1.0,2019.0,0,0,-40.34526580410525,25210,4,13241,-13.04843600067817,36249,,14805
,0,,36806,15766,1.0,2019.0,0,0,-40.33038012703449,29985,4,13741,-12.986368288562772,35177,,15008
,0,,38931,15634,1.0,2019.0,0,0,-40.373203665395266,24723,4,12994,-12.917306717822107,30612,,14308
,0,,38502,15655,1.0,2019.0,0,0,-40.3486014817566,28208,4,13379,-13.268099242197795,35407,,14677
,0,,40028,16102,1.0,2019.0,0,0,-40.28230421814495,30172,4,13866,-12.928616460294032,32323,,14516
,0,,36470,15002,1.0,2019.0,0,0,-40.07358926083594,27459,4,13523,-13.26912972086523,31575,,14634
,0,,47656,16292,1.0,2019.0,0,0,-40.30512528413664,28836,4,13449,-13.198040467407203,37424,,15355
,0,,43960,16031,1.0,2019.0,0,0,-40.04396007724023,35134,4,14334,-13.087809976506286,38764,,15211
,0,,35933,14715,1.0,2019.0,0,0,-40.15019388136591,27156,4,12821,-12.905143587944513,29832,,13661
,0,,38308,15990,1.0,2019.0,0,0,-40.42882015632432,22395,4,12703,-13.03627917742186,30622,,14395
,0,,35491,15198,0.0,2019.0,0,0,-40.470839572984126,24963,3,12969,-12.926741677534652,28316,,13990
,0,,43437,15721,1.0,2019.0,0,0,-40.456710219908196,24443,4,13207,-13.22896294077233,32556,,14764
,0,,41717,15870,1.0,2019.0,0,0,-40.77055053143078,24332,4,13208,-13.193494232227687,32258,,14677
,0,,39520,16132,1.0,2019.0,0,0,-40.44318330926815,22874,4,13442,-12.987019574228626,35476,,15521
,0,,39076,15716,1.0,2019.0,0,0,-40.49119773806473,27824,4,13517,-13.199520751736342,36804,,15305
,0,,37173,15811,1.0,2019.0,0,0,-40.506784639391725,29842,4,14065,-13.238907324724183,33506,,15122
,0,,31910,15013,1.0,2019.0,0,0,-40.67176803378357,25996,4,13255,-13.176545973251748,27122,,13987
,0,,39415,15694,1.0,2019.0,0,0,-40.65814406906023,26199,4,13590,-13.19833329819554,29876,,14592
,0,,44162,15991,1.0,2019.0,0,0,-40.77560015911754,29743,4,13646,-13.23166529171566,32273,,14612
,0,,44517,16063,1.0,2019.0,0,0,-40.72473145021277,25252,4,13188,-13.268099236180044,28542,,13951
,0,,37400,15257,1.0,2019.0,0,0,-40.42459891558801,25068,4,13120,-13.154903267128443,29408,,14279
,0,,33982,15346,1.0,2019.0,0,0,-40.67240312256101,29166,4,13948,-13.160136419113117,29786,,14503
,0,,35341,15461,1.0,2019.0,0,0,-40.43437303871622,23516,4,12671,-12.959604936401963,26867,,14125
,0,,41939,16065,1.0,2019.0,0,0,-40.77366569318181,28556,4,14426,-12.901102096851627,40647,,15390
,0,,44482,15883,1.0,2019.0,0,0,-40.78266524356571,24214,4,13310,-13.253919060913121,32940,,14635
,0,,34908,14913,1.0,2019.0,0,0,-40.63360561747196,21740,4,12561,-12.985862224519822,31410,,14184
,0,,35806,15686,1.0,2019.0,0,0,-40.5779415764328,20269,4,12328,-13.265292482800671,30329,,14644
,0,,36940,16012,1.0,2019.0,0,0,-40.58724427757557,29078,4,13899,-13.239949399743718,30556,,14990
,0,,39071,15474,1.0,2019.0,0,0,-40.51193587230824,28903,4,13121,-12.961894127052213,33813,,14343
,0,,36801,15100,1.0,2019.0,0,0,-40.6285519440358,26980,4,13568,-13.063515142459057,33366,,14494
,0,,33521,14689,1.0,2019.0,0,0,-40.42852635554786,21940,4,12630,-13.031755524096717,29745,,14252
,0,,43161,15803,1.0,2019.0,0,0,-40.51083181459388,27959,4,13663,-13.200961385938754,36176,,15002
,0,,44136,15691,1.0,2019.0,0,0,-40.716799544662436,33454,4,13700,-12.941761047306304,34232,,14374
,0,,35597,14839,1.0,2019.0,0,0,-40.76178250169207,29524,4,13768,-12.933409944903747,33246,,14360
,0,,35406,15319,1.0,2019.0,0,0,-40.51369765259006,29478,4,13359,-12.981434777330058,30276,,13945
,0,,36327,14985,1.0,2019.0,0,0,-40.7413398605186,32786,4,13568,-12.94742105089471,32493,,14013
,0,,38401,15897,0.0,2019.0,0,0,-39.185116097167615,20755,3,13521,-13.302145417001487,32992,,15699
,0,,41313,15981,0.0,2019.0,0,0,-39.029406468580405,31507,3,15294,-13.278688072387933,40329,,15931
,0,,43110,15685,0.0,2019.0,0,0,-39.09055561925956,20843,3,13453,-13.271888454157818,35726,,15387
,0,,49345,16477,0.0,2019.0,0,0,-39.63153420244789,28892,3,15175,-13.431176709581262,42635,,16147
,0,,42540,16339,0.0,2019.0,0,0,-39.59399542452563,34817,3,15516,-13.359362179820238,39194,,15869
,0,,48594,16230,0.0,2019.0,0,0,-39.4482249972629,27249,3,14526,-13.335439553911073,38764,,15866
,0,,45905,16314,0.0,2019.0,0,0,-39.58625719384094,27214,3,13886,-13.428414444240897,38414,,15707
,0,,39514,16157,0.0,2019.0,0,0,-39.51682443600934,26480,3,13686,-13.346870356157572,37271,,15474
,0,,45609,16290,0.0,2019.0,0,0,-39.64080889239123,24468,3,14118,-13.290833528197819,40757,,15974
,0,,43449,16115,0.0,2019.0,0,0,-39.559385397363194,34343,3,15158,-13.43338951640532,40828,,15826
,0,,32388,15671,0.0,2019.0,0,0,-39.404780433797974,28059,3,14617,-13.360584551520205,36114,,15266
,0,,34002,14828,1.0,2019.0,0,0,-39.648225541611154,27104,4,13232,-13.283526870341055,28731,,14060
,0,,41790,15674,1.0,2019.0,0,0,-39.696909047549156,28745,4,13630,-13.318836648712953,36113,,14923
,0,,34288,14767,1.0,2019.0,0,0,-39.90588519663281,25077,4,12898,-13.571819392088873,31433,,14071
,0,,37856,14638,1.0,2019.0,0,0,-39.91525367464073,27512,4,13345,-13.532531865163312,31144,,13812
,0,,34746,14868,1.0,2019.0,0,0,-40.03040526768918,26234,4,12752,-13.62739290290072,28161,,13443
,0,,44281,16025,0.0,2019.0,0,0,-39.774063972742,20888,3,12999,-13.278685987755036,38908,,15456
,0,,36139,14827,0.0,2019.0,0,0,-39.71857975238366,27195,3,13205,-13.300279349483134,35097,,14496
,0,,48220,16135,0.0,2019.0,0,0,-39.851321915428464,27440,3,14527,-13.638431195393984,36145,,15448
,0,,40722,15896,1.0,2019.0,0,0,-40.0104707625187,27060,4,13720,-13.282664590779737,37207,,15592
,0,,38020,15726,0.0,2019.0,0,0,-39.856740723205235,33460,3,14507,-13.282504326040337,35187,,15321
,0,,39853,15958,1.0,2019.0,0,0,-40.01183422699155,26490,4,14003,-13.283535242038658,37214,,15637
,0,,36810,15639,1.0,2019.0,0,0,-39.8906236439943,29008,4,13689,-13.28916848191045,34201,,15059
,0,,38186,15781,1.0,2019.0,0,0,-39.84742725092721,30534,4,14283,-13.3335225293492,31750,,14911
,0,,40405,16075,1.0,2019.0,0,0,-40.00952356563505,24300,4,13657,-13.306945859179093,35544,,15261
,0,,38069,15583,0.0,2019.0,0,0,-39.73709885604052,21274,3,13205,-13.47540750922348,33590,,15261
,0,,39048,15410,1.0,2019.0,0,0,-39.996144592214584,22770,4,12799,-13.41350110327158,28036,,13774
,0,,46504,16378,0.0,2019.0,0,0,-39.76143865022824,30768,3,14259,-13.354962407418315,41480,,15812
,0,,43650,16186,0.0,2019.0,0,0,-39.68211317601952,19065,3,12965,-13.33313573356659,39607,,15644
,0,,40589,15696,0.0,2019.0,0,0,-39.68881048977257,19559,3,12725,-13.300958491787023,30296,,15133
,0,,38502,15995,0.0,2019.0,0,0,-39.680364388440545,24179,3,13762,-13.301444342631665,34849,,15666
,0,,38256,15789,0.0,2019.0,0,0,-39.66783026312352,25415,3,13863,-13.46131583654442,33065,,15191
,0,,43727,16109,0.0,2019.0,0,0,-39.9890816683557,21069,3,13230,-13.3209545883793,39270,,15725
,0,,49480,16336,0.0,2019.0,0,0,-39.676266593133796,26351,3,14180,-13.405272344081014,42866,,16103
,0,,37399,14776,1.0,2019.0,0,0,-39.87659589385894,27674,4,13160,-13.354801081081048,30839,,13938
,0,,37169,15598,1.0,2019.0,0,0,-39.952703321255626,28590,4,13633,-13.427657735539562,36859,,15193
,0,,33794,14506,1.0,2019.0,0,0,-39.9776239232646,26674,4,12987,-13.41645020863296,31091,,13647
,0,,41469,15722,1.0,2019.0,0,0,-39.9061751096924,27528,4,13692,-13.302154459401622,31633,,14338
,0,,33589,14987,0.0,2019.0,0,0,-40.12622837455487,32420,3,13734,-13.59213757514655,33028,,14055
,0,,40881,15773,0.0,2019.0,0,0,-40.2207676986463,33052,3,14467,-13.607702804628241,39528,,15307
,0,,38593,15610,0.0,2019.0,0,0,-40.36822752692392,32632,3,14650,-13.397454399807723,36231,,15312
,0,,36524,15759,0.0,2019.0,0,0,-40.36998552472796,34864,3,15117,-13.424157719499776,36934,,15447
,0,,37843,15992,0.0,2019.0,0,0,-40.40774741103358,25845,3,13920,-13.55049318366393,35335,,15474
,0,,39150,15924,0.0,2019.0,0,0,-40.370800262932484,33681,3,15019,-13.39331622184147,40429,,15606
,0,,40733,15950,0.0,2019.0,0,0,-40.121058234714916,29971,3,14568,-13.31886042161002,38408,,15606
,0,,47008,16241,0.0,2019.0,0,0,-40.178395484127904,28904,3,13959,-13.532536833393968,42253,,16000
,0,,34409,14793,1.0,2019.0,0,0,-40.39306892230355,25520,4,13088,-13.290833516094704,29498,,14063
,0,,34929,15007,1.0,2019.0,0,0,-40.043559264446344,27480,4,13610,-13.359853031305601,29643,,14125
,0,,38627,15236,1.0,2019.0,0,0,-40.284890874484915,26059,4,12811,-13.289164779530196,32777,,14352
,0,,40698,15511,1.0,2019.0,0,0,-40.33688578940061,20992,4,12184,-13.354777665473227,33178,,14556
,0,,41415,15763,1.0,2019.0,0,0,-40.03922617379898,28561,4,13821,-13.32092686187558,32872,,14631
,0,,37957,15215,1.0,2019.0,0,0,-40.28670113790134,28482,4,13499,-13.415653640814305,36078,,14657
,0,,35101,15347,1.0,2019.0,0,0,-40.120656576303304,25156,4,13038,-13.333168494522733,33653,,14813
,0,,39611,15601,1.0,2019.0,0,0,-40.34556943447081,31578,4,14171,-13.641572748391038,36619,,14840
,0,,41449,15811,1.0,2019.0,0,0,-40.03809800774426,26563,4,13379,-13.602414494915909,37766,,14936
,0,,41845,15914,1.0,2019.0,0,0,-40.18164805273927,31651,4,14242,-13.367982092966711,37576,,15093
,0,,43090,15804,1.0,2019.0,0,0,-40.04558881239439,28757,4,14205,-13.306934969961242,34716,,15109
,0,,44497,15814,1.0,2019.0,0,0,-40.20048500586082,34801,4,14194,-13.335439561579335,41227,,15120
,0,,47094,15800,1.0,2019.0,0,0,-40.13024528292179,29173,4,14075,-13.590856063159885,36824,,15196
,0,,42673,15669,1.0,2019.0,0,0,-40.195919458454846,35091,4,14426,-13.638765229282946,38429,,15304
,0,,49975,16031,1.0,2019.0,0,0,-40.13838220885881,24646,4,13567,-13.538050168675017,41599,,15396
,0,,44164,15861,1.0,2019.0,0,0,-40.4059996510448,27606,4,14167,-13.605500500875344,39916,,15545
,0,,47999,16087,1.0,2019.0,0,0,-40.10433110774464,32433,4,14334,-13.304009028681303,41807,,15648
,0,,40331,15334,1.0,2019.0,0,0,-40.3385172177289,27614,4,13020,-13.428414423790723,29303,,13746
,0,,33450,14172,1.0,2019.0,0,0,-40.385110906749894,29534,4,13136,-13.315271764016012,31897,,13779
,0,,40202,15355,1.0,2019.0,0,0,-40.188445052940914,30748,4,13297,-13.354884250790333,32450,,13807
,0,,40686,14909,1.0,2019.0,0,0,-40.04517616233739,28819,4,12809,-13.638881240565086,32027,,13850
,0,,35322,14981,1.0,2019.0,0,0,-40.28630585972014,26279,4,12651,-13.333514880281301,28495,,13904
,0,,38213,14690,1.0,2019.0,0,0,-40.06314340117182,30410,4,13276,-13.631543112026284,34236,,13967
,0,,40228,15749,1.0,2019.0,0,0,-40.04322431488477,32149,4,13970,-13.436964370548942,33196,,14834
,0,,43032,15944,1.0,2019.0,0,0,-40.18741013373837,28381,4,13209,-13.405327249075405,36128,,14859
,0,,37972,15913,0.0,2019.0,0,0,-40.49704324559775,23727,3,13538,-13.421958646361837,35631,,15488
,0,,35391,15739,0.0,2019.0,0,0,-40.486347986145766,31371,3,14572,-13.427654030950377,33524,,15199
,0,,41839,15796,0.0,2019.0,0,0,-40.42990881023482,31866,3,14677,-13.508448487799106,39711,,15609
,0,,42040,15913,0.0,2019.0,0,0,-40.4181779924559,35428,3,15116,-13.47984176895218,41342,,15630
,0,,44948,15807,0.0,2019.0,0,0,-40.439273425862645,37324,3,14089,-13.631543106977428,39523,,14931
,0,,39219,16143,1.0,2019.0,0,0,-40.563540133925024,32476,4,14699,-13.4053272435261,38590,,15771
,0,,39080,15968,1.0,2019.0,0,0,-40.5645750529287,27039,4,14322,-13.354884238003093,36714,,15546
,0,,42586,16342,1.0,2019.0,0,0,-40.41968929299805,32281,4,14785,-13.35985299785073,37309,,15735
,0,,38701,15853,1.0,2019.0,0,0,-40.55777805405952,27117,4,13913,-13.367982081290213,35303,,15171
,0,,42216,16141,1.0,2019.0,0,0,-40.56838681335309,27769,4,14073,-13.409850487364533,33757,,15375
,0,,39421,15944,1.0,2019.0,0,0,-40.73828212870482,21776,4,12922,-13.56010174825446,28341,,14228
,0,,44625,16192,1.0,2019.0,0,0,-40.54392012879077,31290,4,14338,-13.553952415088968,41109,,15393
,0,,41604,15814,1.0,2019.0,0,0,-40.440099512123034,32336,4,14660,-13.574411668055257,39349,,15407
,0,,40992,15781,1.0,2019.0,0,0,-40.464667575369404,32810,4,14313,-13.615901192739917,37703,,15248
,0,,43693,16101,1.0,2019.0,0,0,-40.41422803737425,33473,4,14403,-13.602414482900912,35744,,14878
,0,,38524,15607,1.0,2019.0,0,0,-40.608653322103294,23588,4,12883,-13.398492120569871,30397,,14481
,0,,34842,15365,1.0,2019.0,0,0,-40.68362527059895,21824,4,12661,-13.52844292646335,27716,,14210
,0,,43384,15748,1.0,2019.0,0,0,-40.421306190588254,33602,4,14243,-13.638881233115592,38136,,15132
,0,,42499,16143,1.0,2019.0,0,0,-40.69172613142571,25703,4,13643,-13.33648751322256,31936,,14847
,0,,39885,15480,1.0,2019.0,0,0,-40.58758831400786,23784,4,13134,-13.627099567402993,33652,,14708
,0,,42237,15835,1.0,2019.0,0,0,-40.529478855778336,34272,4,14861,-13.560112256334698,39557,,15593
,0,,41226,15861,1.0,2019.0,0,0,-40.57661500347772,28563,4,13876,-13.33543954737319,32792,,14835
,0,,41454,15843,1.0,2019.0,0,0,-40.72169940346335,22665,4,12380,-13.641572792518264,28857,,13908
,0,,31706,15131,1.0,2019.0,0,0,-40.533926456831054,24139,4,13169,-13.278688034591596,30131,,14467
,0,,43983,16240,1.0,2019.0,0,0,-40.499996374922176,34518,4,14267,-13.4164639267925,40807,,15108
,0,,42312,16113,1.0,2019.0,0,0,-40.5968976922627,28794,4,13631,-13.607702824320116,35495,,14637
,0,,39042,15503,1.0,2019.0,0,0,-40.662831118532786,25639,4,13480,-13.415653648479,29296,,14303
,0,,35943,15225,1.0,2019.0,0,0,-40.62043255286692,25178,4,13397,-13.28250363700508,27861,,13938
,0,,38497,15596,1.0,2019.0,0,0,-40.76303838118357,23808,4,12918,-13.556132040457927,28701,,14012
,0,,37168,15200,1.0,2019.0,0,0,-40.515558321276885,26822,4,13335,-13.413530766657198,33341,,14538
,0,,42326,15901,1.0,2019.0,0,0,-40.60757507085061,26074,4,13657,-13.571539522217144,32316,,14824
,0,,40235,15587,1.0,2019.0,0,0,-40.73168714600909,25716,4,13285,-13.558594661615494,29691,,14141
,0,,43521,15982,1.0,2019.0,0,0,-40.739090540850896,25772,4,13482,-13.553802143191746,29650,,14259
,0,,46184,16123,1.0,2019.0,0,0,-40.59735117873501,28071,4,13980,-13.638431206663482,37167,,15210
,0,,37404,15271,1.0,2019.0,0,0,-40.735861174998206,23906,4,12675,-13.605168336406487,27816,,13803
,0,,37175,14910,1.0,2019.0,0,0,-40.49678658964936,23370,4,12573,-13.333168470585248,32451,,14295
,0,,43902,16112,1.0,2019.0,0,0,-40.50401402115332,29276,4,13629,-13.383067870513601,38120,,14353
,0,,44357,15602,1.0,2019.0,0,0,-40.722385418181304,27728,4,13141,-13.359362172571007,30768,,13860
,0,,44436,15211,1.0,2019.0,0,0,-40.5720494569607,31163,4,13653,-13.63876524758073,37471,,14580
,0,,40187,15250,1.0,2019.0,0,0,-40.447740128109025,31422,4,13202,-13.64259995319385,35582,,14206
,0,,39432,15184,1.0,2019.0,0,0,-40.42171884054547,26869,4,13031,-13.306934931971574,32527,,14067
,0,,49741,15951,1.0,2019.0,0,0,-40.59824805531222,26357,4,13256,-13.457943618626063,36181,,14709
,0,,45748,15498,1.0,2019.0,0,0,-40.58475291109152,30956,4,13141,-13.571825686353888,39861,,14736
,0,,40204,15728,1.0,2019.0,0,0,-40.68777539400105,26610,4,13427,-13.433389512046237,33716,,14801
,0,,35769,15169,1.0,2019.0,0,0,-40.463159422535455,34174,4,14054,-13.301462442153523,34510,,14556
,0,,39604,15320,1.0,2019.0,0,0,-39.483158448962264,27668,4,13043,-12.71429207552354,33337,,14722
,0,,47759,16031,1.0,2019.0,0,0,-39.31831698535914,26872,4,13529,-12.69764037958978,38602,,15264
,0,,37875,15436,1.0,2019.0,0,0,-39.36840087706408,26749,4,13872,-12.58603331041456,34966,,14844
,0,,35842,14833,1.0,2019.0,0,0,-39.35796183342636,30074,4,13532,-12.680555486923152,32924,,14570
,0,,37374,15331,1.0,2019.0,0,0,-39.566577024586344,25394,4,13391,-12.72833318163191,34524,,14836
,0,,45646,15839,1.0,2019.0,0,0,-39.41570501653591,27673,4,13958,-12.743485684241664,37485,,15150
,0,,38363,15393,1.0,2019.0,0,0,-39.360693353280055,26327,4,13770,-12.677542338351547,36395,,14945
,0,,41329,15910,1.0,2019.0,0,0,-39.61596880799834,33940,4,14826,-12.650345060378417,37442,,15310
,0,,42818,15699,1.0,2019.0,0,0,-39.61854142601624,28471,4,13677,-12.646205366677865,37946,,15240
,0,,35292,15464,0.0,2019.0,0,0,-39.53748534786899,28224,3,14167,-12.800743679190262,34483,,15114
,0,,41652,15800,1.0,2019.0,0,0,-39.289788224542164,26724,4,13597,-12.7327653950314,33279,,15160
,0,,44075,16141,1.0,2019.0,0,0,-39.456365911646685,35005,4,14967,-12.824781344968565,39428,,15703
,0,,38155,15852,0.0,2019.0,0,0,-39.6066347269182,23675,3,13631,-12.76195357339074,36454,,15363
,0,,34407,15210,0.0,2019.0,0,0,-39.46896144691479,26359,3,14419,-12.89141248946903,28785,,14746
,0,,38507,16274,0.0,2019.0,0,0,-39.47918848273412,25301,3,14497,-12.824495050608823,36060,,15964
,0,,39527,15342,1.0,2019.0,0,0,-39.42613929778852,22242,4,12814,-12.785477559700901,29197,,14314
,0,,33371,14544,1.0,2019.0,0,0,-39.40553690610378,27863,4,13533,-12.531531255104992,31902,,14179
,0,,40874,15948,0.0,2019.0,0,0,-39.847424461290785,19320,3,12849,-12.586386408710041,35275,,15406
,0,,36758,15663,0.0,2019.0,0,0,-39.87371459576902,23584,3,13481,-12.589367778729649,33859,,14971
,0,,39021,15551,0.0,2019.0,0,0,-39.92691373164094,28776,3,13766,-12.865278315551596,34312,,14732
,0,,40872,15689,1.0,2019.0,0,0,-40.02140555168922,35002,4,15002,-12.527488356774976,39539,,15597
,0,,37783,15425,1.0,2019.0,0,0,-39.96913401417529,23378,4,13118,-12.674849809568766,30749,,14762
,0,,35671,15678,1.0,2019.0,0,0,-39.87659157025349,28087,4,13904,-12.6076732401263,33683,,15038
,0,,40583,15903,1.0,2019.0,0,0,-39.75967508805508,26904,4,13892,-12.588290906110457,35994,,15361
,0,,41903,15957,1.0,2019.0,0,0,-39.80830191855377,20770,4,12623,-12.843833590695876,36017,,15120
,0,,41437,16039,1.0,2019.0,0,0,-39.88134328497534,24730,4,13575,-12.61226328971084,36363,,15360
,0,,41767,15679,1.0,2019.0,0,0,-39.81676937016721,17566,4,12153,-12.599741621391345,34611,,15067
,0,,42574,15975,1.0,2019.0,0,0,-39.83498352075111,28379,4,14136,-12.86639931610822,36304,,15469
,0,,38540,15406,1.0,2019.0,0,0,-39.95846437871581,23422,4,12775,-12.677542352885983,30554,,14331
,0,,37408,15423,1.0,2019.0,0,0,-39.839838111443775,30139,4,14162,-12.677098409115645,35021,,15089
,0,,43493,15771,1.0,2019.0,0,0,-39.881856818754386,26102,4,13447,-12.860670070525739,32463,,14588
,0,,38353,15799,1.0,2019.0,0,0,-39.871701029543466,24328,4,13127,-12.646244504509879,34482,,14944
,0,,35659,14940,1.0,2019.0,0,0,-39.99707284515015,24849,4,13539,-12.543695689660096,34189,,14799
,0,,38344,15604,1.0,2019.0,0,0,-39.83192789120582,28931,4,13936,-12.732827050724058,33162,,15017
,0,,38397,15398,1.0,2019.0,0,0,-39.86240554479032,26187,4,13038,-12.813072895374418,29629,,14253
,0,,36165,15146,1.0,2019.0,0,0,-39.890622652158406,28231,4,13665,-12.54201547787959,31775,,14369
,0,,31532,14775,1.0,2019.0,0,0,-40.01525938519594,25722,4,13250,-12.635916195802924,28702,,14070
,0,,40190,15980,1.0,2019.0,0,0,-39.80299139738245,25571,4,13315,-12.845116283676507,38204,,15276
,0,,36911,15173,1.0,2019.0,0,0,-39.95269902709833,26000,4,13487,-12.680559000911062,32498,,14389
,0,,39482,15438,1.0,2019.0,0,0,-39.880361291266595,24320,4,13067,-12.798885644362246,29524,,14332
,0,,31863,14602,1.0,2019.0,0,0,-39.88305949714156,23952,4,12856,-12.806905077003902,28837,,13721
,0,,39570,15609,1.0,2019.0,0,0,-39.80410139968289,30334,4,13867,-12.681337170534697,33122,,14399
,0,,37935,15391,0.0,2019.0,0,0,-40.38796321052255,24535,3,13901,-12.536382661447549,33217,,14742
,0,,37280,15472,0.0,2019.0,0,0,-40.32323647634495,26863,3,13885,-12.743472902108314,30974,,14628
,0,,44854,15852,0.0,2019.0,0,0,-40.37320287236801,33643,3,14635,-12.543695686790981,35216,,15055
,0,,44212,16094,0.0,2019.0,0,0,-40.1791214100218,26070,3,13571,-12.845116263073754,32907,,14958
,0,,34017,15435,0.0,2019.0,0,0,-40.13469948810196,22879,3,12521,-12.827404183448396,27641,,14041
,0,,36272,15528,0.0,2019.0,0,0,-40.35375078981225,26704,3,13559,-12.669347753910145,32256,,14766
,0,,38652,15236,0.0,2019.0,0,0,-40.22270072429955,29705,3,13235,-12.68412853019219,30475,,14014
,0,,45405,16080,1.0,2019.0,0,0,-40.34066797193552,18424,4,12354,-12.56815427288569,38158,,15499
,0,,49459,16524,1.0,2019.0,0,0,-40.20181143240259,23525,4,13923,-12.891747271868981,38145,,15466
,0,,40963,15940,1.0,2019.0,0,0,-40.34526403929048,30880,4,14170,-12.674849799855554,35690,,14856
,0,,34362,15205,1.0,2019.0,0,0,-40.05239606185044,29416,4,13803,-12.65816687710147,31116,,14377
,0,,39095,15330,1.0,2019.0,0,0,-40.33037736627439,22322,4,12461,-12.61276997213756,32077,,14315
,0,,37705,15720,1.0,2019.0,0,0,-40.252721588426986,26687,4,13319,-12.607673239040455,35085,,14872
,0,,42136,15802,1.0,2019.0,0,0,-40.30512435417186,31143,4,14364,-12.824482621220813,36028,,15030
,0,,43529,15802,1.0,2019.0,0,0,-40.184431931589735,31827,4,14146,-12.843833570354153,35337,,14890
,0,,41675,15690,1.0,2019.0,0,0,-40.37227244067988,33430,4,14338,-12.666398045398926,36147,,14903
,0,,36517,15161,1.0,2019.0,0,0,-40.387343463234195,20905,4,12728,-12.800701254520412,29813,,14292
,0,,40927,15285,1.0,2019.0,0,0,-40.38659982277147,31273,4,13745,-12.535511629212097,34475,,14452
,0,,36178,15321,1.0,2019.0,0,0,-40.28201296081138,25231,4,13120,-12.824775353591205,29785,,14119
,0,,34759,15141,1.0,2019.0,0,0,-40.31064247822038,25328,4,13297,-12.640737436700372,29987,,14408
,0,,41184,15759,1.0,2019.0,0,0,-40.24783104734494,28857,4,13600,-12.646244497311331,32156,,14469
,0,,37065,14934,1.0,2019.0,0,0,-40.257986837314654,24662,4,13071,-12.860670052999701,30065,,13966
,0,,35238,14738,1.0,2019.0,0,0,-40.23287020739051,27989,4,13202,-12.535348586694472,29810,,14064
,0,,32854,14497,1.0,2019.0,0,0,-40.05268984883023,27369,4,13309,-12.662691395441675,28636,,13588
,0,,34913,15020,1.0,2019.0,0,0,-40.34860145789737,23951,4,13229,-12.894555337841545,30365,,14393
,0,,39134,16112,0.0,2019.0,0,0,-39.67764848438533,32635,3,15059,-13.881873603151623,35890,,15473
,0,,44375,16163,0.0,2019.0,0,0,-39.93136206482714,24036,3,14219,-13.901865275275817,38368,,15858
,0,,43381,16503,0.0,2019.0,0,0,-39.7772176457239,25156,3,14522,-13.933528628764218,38392,,16115
,0,,41427,15925,0.0,2019.0,0,0,-39.75411466377832,16951,3,12184,-13.964266329530284,32249,,15331
,0,,38386,15712,0.0,2019.0,0,0,-39.70915698674427,34495,3,15257,-13.895661062383413,39198,,15452
,0,,46132,16057,0.0,2019.0,0,0,-39.85531334845681,20839,3,13386,-13.944953933425257,39101,,15736
,0,,42466,16220,0.0,2019.0,0,0,-39.666761101447555,31799,3,15173,-13.94637713782296,38563,,15618
,0,,46942,16403,0.0,2019.0,0,0,-39.68783924483534,32523,3,15313,-13.947824253617428,41329,,15973
,0,,39874,15868,0.0,2019.0,0,0,-39.80226355426449,27375,3,14138,-13.905958664822169,34549,,15559
,0,,43335,16152,0.0,2019.0,0,0,-39.79165867688545,27138,3,14216,-13.927370064406158,41275,,15753
,0,,39726,15864,0.0,2019.0,0,0,-39.78090770402682,25799,3,14204,-13.734039362500859,35536,,15258
,0,,47161,16385,0.0,2019.0,0,0,-39.90876058100885,22098,3,13228,-13.66263335658724,37689,,15989
,0,,36152,15987,0.0,2019.0,0,0,-39.780880873794935,19123,3,12985,-13.919352209017502,29273,,15430
,0,,49654,16491,0.0,2019.0,0,0,-40.0243555266061,22916,3,13809,-13.65699511381699,41060,,15956
,0,,47537,16404,0.0,2019.0,0,0,-39.83249139137509,31121,3,14969,-13.945240036677818,43808,,16181
,0,,43244,16136,0.0,2019.0,0,0,-39.894348085242726,34070,3,15186,-13.985721110338414,40454,,15895
,0,,36931,16349,0.0,2019.0,0,0,-39.81127652300758,28482,3,14016,-13.778773600897468,33301,,15455
,0,,34811,15780,0.0,2019.0,0,0,-39.82435336860684,29040,3,14340,-13.708899399466912,36204,,15111
,0,,41933,15588,0.0,2019.0,0,0,-39.94270023512159,25518,3,13862,-13.848846202657507,37970,,15374
,0,,42012,15830,0.0,2019.0,0,0,-40.007663668667995,20763,3,13128,-13.804616821516,39002,,15413
,0,,41489,15925,0.0,2019.0,0,0,-39.712407367202715,31407,3,14944,-13.98930615533181,41589,,15790
,0,,40376,15507,0.0,2019.0,0,0,-39.97942522144607,32321,3,14403,-13.932010671568737,39986,,15336
,0,,49072,16242,1.0,2019.0,0,0,-39.99209684351939,24850,4,13663,-13.770901267621749,32489,,15083
,0,,38360,15425,0.0,2019.0,0,0,-39.910568958242166,25074,3,13601,-13.789097870875365,29940,,14323
,0,,30574,14298,1.0,2019.0,0,0,-39.98602042261399,24961,4,13368,-13.933517376430348,30693,,14164
,0,,34300,15109,0.0,2019.0,0,0,-40.029869390510115,25350,3,13516,-13.97890671647234,30285,,14440
,0,,38658,15328,0.0,2019.0,0,0,-40.02499236754,28539,3,13575,-13.648111478596675,33547,,14585
,0,,47313,16235,1.0,2019.0,0,0,-40.01077754502686,26548,4,13574,-13.929548049392368,33331,,14882
,0,,37205,15790,6.0,2019.0,0,0,-39.167883140756295,27873,21,13728,-13.16013644501399,34982,,15500
,0,,33003,15095,6.0,2019.0,0,0,-39.08272429181662,26298,21,13536,-13.23994943284462,30922,,14614
,0,,38178,15148,4.0,2019.0,0,0,-38.942853334430644,31058,15,13699,-12.930454843639021,29825,,14297
,0,,39647,15410,4.0,2019.0,0,0,-39.15362408659503,22968,15,11515,-13.198333324114012,34582,,14374
,0,,32713,14871,6.0,2019.0,0,0,-38.99805261341985,25747,21,13433,-13.177051479861822,30369,,14122
,0,,44211,15967,6.0,2019.0,0,0,-39.2589537289203,28243,21,13411,-13.174262642841313,35679,,14839
,0,,44147,15608,4.0,2019.0,0,0,-39.10072734135715,25722,15,13697,-13.253624221117166,34557,,14674
,0,,36548,15001,6.0,2019.0,0,0,-38.944648870883555,24237,21,13373,-12.945302868897794,35538,,14744
,0,,49963,16044,4.0,2019.0,0,0,-39.16724805195117,30034,15,14229,-13.176545998444935,40625,,15216
,0,,35656,14840,4.0,2019.0,0,0,-39.26603055417868,28158,15,13180,-13.19349424380418,33519,,14469
,0,,42654,15450,4.0,2019.0,0,0,-39.12810313930173,24187,15,11565,-13.17244870169674,31434,,13574
,0,,35556,14654,4.0,2019.0,0,0,-38.93655042206758,27711,15,13182,-12.927421399380968,30305,,13389
,0,,38872,15612,6.0,2019.0,0,0,-39.634340276962,24686,21,13497,-12.909124053506751,35899,,15358
,0,,38196,14847,6.0,2019.0,0,0,-39.32400899037263,26141,21,13248,-13.25807756306279,35340,,14615
,0,,45389,15973,6.0,2019.0,0,0,-39.552865263949904,30313,21,14348,-13.19804047133849,38433,,15380
,0,,40833,15702,6.0,2019.0,0,0,-39.30743322766607,26519,21,13349,-13.156721480336314,35704,,14795
,0,,34640,14950,6.0,2019.0,0,0,-39.64527570393144,22552,21,12629,-12.901102132233698,33906,,14599
,0,,40326,15517,6.0,2019.0,0,0,-39.50521561615832,22710,21,13375,-12.985862252084894,38060,,15373
,0,,37453,15527,6.0,2019.0,0,0,-39.612949868492606,28539,21,13903,-12.947421082977222,34163,,15126
,0,,42304,15652,6.0,2019.0,0,0,-39.53004420049146,28495,21,13958,-12.928616487335994,36989,,15278
,0,,49177,15315,4.0,2019.0,0,0,-39.596341456760676,31114,15,13977,-13.268099246633245,39812,,14795
,0,,47636,15748,4.0,2019.0,0,0,-39.514493150789455,31163,15,14051,-12.91562793168962,40422,,15177
,0,,37280,15144,4.0,2019.0,0,0,-39.38902489038203,27687,15,13663,-13.042132103713106,35177,,14461
,0,,41781,15734,4.0,2019.0,0,0,-39.39610427600675,24914,15,13697,-13.059880891825259,37246,,15478
,0,,38476,15749,4.0,2019.0,0,0,-39.338688744559235,28292,15,14362,-13.089919839721437,33405,,15158
,0,,41599,15302,4.0,2019.0,0,0,-39.47044427405143,27801,15,13384,-13.057713725123483,32716,,14374
,0,,44023,14911,4.0,2019.0,0,0,-39.50423312155599,33586,15,13637,-13.17244868714742,36635,,14271
,0,,35175,14811,4.0,2019.0,0,0,-39.43872226144409,29522,15,13159,-13.135005365851896,30776,,13646
,0,,32243,14958,6.0,2019.0,0,0,-39.32609104760312,29318,21,13477,-13.180310043402859,30110,,14388
,0,,36891,14998,4.0,2019.0,0,0,-39.31698297692527,26330,15,13137,-13.232040454942954,32536,,14381
,0,,37528,15399,4.0,2019.0,0,0,-39.5001619422838,25814,15,13186,-13.063515165606383,34115,,14846
,0,,48791,15666,4.0,2019.0,0,0,-39.587299803234124,31323,15,13368,-13.007040997874538,40091,,14826
,0,,38027,15040,6.0,2019.0,0,0,-39.63570370293864,27405,21,13369,-12.90999489509869,35412,,14682
,0,,40166,15071,4.0,2019.0,0,0,-39.426862858259874,27593,15,13251,-13.218670377091149,31624,,14017
,0,,35645,14341,4.0,2019.0,0,0,-39.374182590515325,22675,15,12743,-13.177051447729067,31910,,13845
,0,,45558,15441,4.0,2019.0,0,0,-39.5765711725959,29566,15,13208,-13.054144304149549,36732,,14645
,0,,46764,15672,4.0,2019.0,0,0,-39.36280772447673,30652,15,13951,-13.199520764345111,35631,,14465
,0,,38813,14737,4.0,2019.0,0,0,-39.63508371638463,29420,15,13205,-13.174262646573847,32707,,14117
,0,,37280,15315,6.0,2019.0,0,0,-39.55838555095388,22399,21,12831,-13.014330591315266,32195,,14926
,0,,45486,15183,4.0,2019.0,0,0,-39.456356722350364,34452,15,13948,-13.148780058599359,38353,,14619
,0,,45261,14988,4.0,2019.0,0,0,-39.6200135010574,28055,15,12834,-13.039985517441107,41635,,14500
,0,,38150,14997,4.0,2019.0,0,0,-39.427974109955,26026,15,12903,-13.054922797687635,34745,,14722
,0,,34824,13565,4.0,2019.0,0,0,-39.4925569386186,31994,15,13240,-13.218063177612592,31802,,13366
,0,,35791,14508,4.0,2019.0,0,0,-39.45580189426398,24386,15,11741,-13.106402844217184,27800,,13365
,0,,33999,14150,4.0,2019.0,0,0,-39.318933568459364,29492,15,13024,-13.186606329763563,31397,,13436
,0,,40188,15053,4.0,2019.0,0,0,-39.58840955052148,27593,15,13056,-12.941761079175855,36460,,14563
,0,,43035,14987,4.0,2019.0,0,0,-39.475191783278554,27528,15,13319,-13.264957758218484,34333,,14318
,0,,39932,15142,4.0,2019.0,0,0,-39.62094363766861,24710,15,12670,-12.917306752244556,34618,,14570
,0,,30661,13842,4.0,2019.0,0,0,-39.313861411107005,28141,15,12872,-13.185092427668605,29293,,13416
,0,,36871,15095,4.0,2019.0,0,0,-39.34767535255963,29103,15,13371,-13.182665811218353,30743,,13618
,0,,35736,14735,4.0,2019.0,0,0,-39.633392511429555,21358,15,12470,-12.933409978133598,30485,,14028
,0,,36204,14655,4.0,2019.0,0,0,-39.57812010404807,26873,15,12820,-12.98636831121129,32758,,14000
,0,,38727,14500,4.0,2019.0,0,0,-39.49758626405321,32844,15,13149,-12.962971174690134,35706,,13867
,0,,39540,14805,4.0,2019.0,0,0,-39.59300577947214,27157,15,12823,-13.04843602070625,36141,,14299
,0,,41951,14748,4.0,2019.0,0,0,-39.46371139832557,25841,15,12930,-13.050684944359366,35558,,14158
,0,,45045,15380,4.0,2019.0,0,0,-39.63913001946941,27852,15,12863,-13.009509214532224,38229,,14698
,0,,38267,15341,4.0,2019.0,0,0,-39.69741429927105,30270,15,13931,-13.007023350517347,35048,,14569
,0,,40674,15773,6.0,2019.0,0,0,-39.96943951940426,30861,21,14176,-13.268100731307443,37037,,15135
,0,,30209,14147,6.0,2019.0,0,0,-39.74478549214356,23529,21,12299,-13.048444127667022,28313,,13470
,0,,41689,15425,6.0,2019.0,0,0,-39.855316772599046,35093,21,14242,-13.198053237464622,36890,,14918
,0,,41715,15678,6.0,2019.0,0,0,-39.82435661050927,28044,21,13544,-12.961907858231001,32191,,14579
,0,,45078,15793,6.0,2019.0,0,0,-39.66676122599693,22929,21,12884,-13.199480307626018,36678,,15019
,0,,42668,15543,6.0,2019.0,0,0,-39.67764907576567,22009,21,13302,-13.13495155120599,37842,,15170
,0,,43263,15557,6.0,2019.0,0,0,-39.84281561327288,32463,21,14008,-12.898344477827619,38759,,15023
,0,,37601,15230,6.0,2019.0,0,0,-39.99209815499096,22182,21,12572,-13.02393568969148,29076,,13921
,0,,29979,13391,6.0,2019.0,0,0,-39.744528720918666,24869,21,12295,-12.959636869348602,29882,,13189
,0,,45758,15367,4.0,2019.0,0,0,-40.01077923684304,28915,15,13083,-13.182644138883358,34899,,14330
,0,,36799,14759,4.0,2019.0,0,0,-39.85639603433765,23325,15,13153,-13.024972537655975,29866,,14220
,0,,37514,14527,6.0,2019.0,0,0,-39.808266212754624,20471,21,11768,-13.160143627102798,29548,,13432
,0,,38263,14932,6.0,2019.0,0,0,-39.71240773198189,30637,21,13588,-13.242424384296507,36174,,14427
,0,,42018,15090,4.0,2019.0,0,0,-39.81128370878341,26301,15,12803,-13.031809043468888,31076,,13589
,0,,35772,14939,4.0,2019.0,0,0,-39.791832579978795,31308,15,13992,-13.117059312125681,32440,,14174
,0,,45638,15812,4.0,2019.0,0,0,-39.72820230648851,32808,15,14219,-12.93047197430762,38754,,15376
,0,,39583,15262,4.0,2019.0,0,0,-39.7188525464855,26816,15,12870,-12.927437848333756,31599,,14017
,0,,34453,14846,4.0,2019.0,0,0,-39.66904616644775,26202,15,13083,-13.265409544222898,29886,,14094
,0,,28538,13570,4.0,2019.0,0,0,-39.99385625931854,29490,15,12964,-13.050644177371549,31713,,13616
,0,,37654,14876,4.0,2019.0,0,0,-39.751756881817464,29976,15,13443,-13.00954579799324,35533,,14530
,0,,31074,14121,4.0,2019.0,0,0,-39.93551733126194,31505,15,12831,-13.0598770304551,31178,,13797
,0,,31604,13869,4.0,2019.0,0,0,-39.97012611200571,23446,15,12325,-12.985835818960508,25447,,12810
,0,,43621,15667,4.0,2019.0,0,0,-39.74492988074374,32530,15,14002,-12.94532603683885,34774,,14563
,0,,42920,15574,6.0,2019.0,0,0,-39.9623885655841,30449,21,13983,-13.054901278202435,35757,,14739
,0,,34676,14643,4.0,2019.0,0,0,-40.02986985162926,31243,15,12870,-13.232022483915648,34133,,13631
,0,,34138,14462,4.0,2019.0,0,0,-39.93946688158822,22049,15,12347,-12.962956422787771,25907,,13056
,0,,42448,15225,4.0,2019.0,0,0,-39.98360270823466,31211,15,13164,-13.231689455992754,38764,,14661
,0,,42061,15025,4.0,2019.0,0,0,-39.98276323127132,27974,15,12850,-13.135522862212936,32817,,13533
,0,,48855,15606,4.0,2019.0,0,0,-39.94270476609961,26974,15,13763,-13.101909420108097,39528,,14803
,0,,40161,14870,4.0,2019.0,0,0,-39.76330116677255,31994,15,13499,-13.040014447725373,35858,,14161
,0,,35199,14263,4.0,2019.0,0,0,-39.663096310082636,27449,15,13160,-12.947394076093826,30247,,13735
,0,,31545,13735,4.0,2019.0,0,0,-39.816130429630455,30261,15,12822,-13.03633314037321,30513,,13211
,0,,36490,14793,4.0,2019.0,0,0,-39.98683219371882,25092,15,12406,-13.180313423742332,29060,,13238
,0,,34596,14781,4.0,2019.0,0,0,-39.99467083188038,26298,15,12986,-13.019796753559946,30851,,13785
,0,,39733,14066,4.0,2019.0,0,0,-39.79416897548605,33187,15,12262,-13.139030579638373,35732,,13293
,0,,43485,14984,4.0,2019.0,0,0,-39.8457757352002,28263,15,12919,-12.981448965821798,35278,,14037
,0,,38003,14376,4.0,2019.0,0,0,-39.910176770772814,29158,15,12623,-12.95998298320521,31582,,13418
,0,,30250,14015,4.0,2019.0,0,0,-40.41025793912669,23663,15,12365,-13.084368005212989,28992,,13781
,0,,30369,14136,4.0,2019.0,0,0,-40.05649431699653,21955,15,12171,-12.927907492987064,28866,,13710
,0,,37809,14798,4.0,2019.0,0,0,-40.11506772360709,24835,15,13008,-13.199520784944344,30588,,13841
,0,,38162,15337,4.0,2019.0,0,0,-40.25649313636002,30204,15,13322,-13.172448687597662,35289,,14688
,0,,47281,15702,4.0,2019.0,0,0,-40.126442590908916,30603,15,13758,-13.177051464966633,38659,,14939
,0,,40097,14977,4.0,2019.0,0,0,-40.07835104265853,31051,15,13709,-13.180310064163503,35230,,14437
,0,,32506,14088,4.0,2019.0,0,0,-40.22911733429481,26024,15,12847,-13.253624211104812,30004,,13661
,0,,35237,14871,4.0,2019.0,0,0,-40.39442057199487,30983,15,13553,-13.193494232423713,30898,,13926
,0,,46385,15603,4.0,2019.0,0,0,-40.148364278824765,31017,15,13900,-13.059880891478809,34344,,14559
,0,,42702,15527,4.0,2019.0,0,0,-40.266753166717535,25884,15,13201,-12.915627903845413,36912,,14217
,0,,36773,14763,4.0,2019.0,0,0,-40.05269012956971,24746,15,12659,-13.036279200032917,31399,,13767
,0,,39027,15146,4.0,2019.0,0,0,-40.29563805489877,32781,15,13270,-13.176545985013476,34967,,14669
,0,,38709,15096,4.0,2019.0,0,0,-40.32323810245453,29592,15,13284,-13.117046158139436,34307,,14331
,0,,36453,14491,4.0,2019.0,0,0,-40.05824301305412,30602,15,12908,-12.959604952350064,36431,,13974
,0,,34197,14461,4.0,2019.0,0,0,-40.25242195664182,28420,15,13212,-13.0635151586217,30698,,13814
,0,,33389,14457,4.0,2019.0,0,0,-40.36520989533143,25653,15,13060,-12.94742105299718,29848,,13595
,0,,44021,15453,4.0,2019.0,0,0,-40.34066957464549,29763,15,13304,-12.941761050216547,32075,,13584
,0,,36915,14557,4.0,2019.0,0,0,-40.13756764256134,31574,15,12758,-12.981434791872699,31582,,13502
,0,,28857,13664,4.0,2019.0,0,0,-40.141284892415484,27594,15,12721,-13.042132101367049,30963,,13124
,0,,46425,15549,4.0,2019.0,0,0,-40.20806190370854,32775,15,13338,-13.106402846066723,35221,,14135
,0,,41905,15637,4.0,2019.0,0,0,-40.22270428511631,32335,15,13644,-13.057713719725538,36613,,15017
,0,,41289,15553,4.0,2019.0,0,0,-40.21597140864103,31453,15,13141,-13.050684938424045,33700,,14238
,0,,40381,14999,4.0,2019.0,0,0,-40.23853730682972,28639,15,13008,-13.18663325450889,35478,,14015
,0,,34094,14307,4.0,2019.0,0,0,-40.05239632873535,25219,15,12369,-13.031755546338537,29270,,13304
,0,,32232,14615,4.0,2019.0,0,0,-40.33459642615007,26564,15,12791,-13.051128154403813,28301,,13751
,0,,39379,14936,4.0,2019.0,0,0,-40.303443790768505,31192,15,12692,-13.139023810752903,34233,,13480
,0,,47941,15748,4.0,2019.0,0,0,-40.35375236746833,27391,15,13258,-13.042934902087138,32145,,14116
,0,,41874,15558,4.0,2019.0,0,0,-40.11322697507553,26828,15,13284,-13.10190332112435,34528,,14708
,0,,43645,15247,4.0,2019.0,0,0,-40.04846888800192,32851,15,13651,-13.15490329986068,37674,,14554
,0,,42604,14796,4.0,2019.0,0,0,-40.399470200673456,29347,15,12554,-13.231665291572591,35021,,13888
,0,,30674,14251,4.0,2019.0,0,0,-40.271970610993954,31013,15,13060,-13.07126263696614,32750,,13955
,0,,44381,14988,4.0,2019.0,0,0,-40.10439180793174,23554,15,11790,-13.024945477768245,34889,,14006
,0,,39867,14590,4.0,2019.0,0,0,-40.11745286799273,34158,15,13161,-13.242437997975603,36373,,13902
,0,,35415,14867,4.0,2019.0,0,0,-40.08422161685796,29739,15,12584,-12.994422982170882,30336,,13407
,0,,38718,15060,6.0,2019.0,0,0,-40.24783413091364,23412,21,12750,-13.01983693993778,29489,,13695
,0,,36198,14289,6.0,2019.0,0,0,-40.10419996454123,22136,21,12076,-12.981331456112105,34376,,13583
,0,,35302,14937,6.0,2019.0,0,0,-40.25798751480767,33128,21,14345,-13.234221224001141,32643,,14463
,0,,38227,15010,6.0,2019.0,0,0,-40.1844333876807,25149,21,12168,-13.217387967283264,34339,,14354
,0,,42248,14997,6.0,2019.0,0,0,-40.17912286449191,25737,21,11946,-13.21867039085641,29113,,12914
,0,,34612,14503,6.0,2019.0,0,0,-40.19098226899401,30400,21,12968,-13.135005371986734,34537,,13952
,0,,29765,13560,6.0,2019.0,0,0,-40.25919116502885,30963,21,13113,-13.18046656805842,30876,,13364
,0,,30752,13331,4.0,2019.0,0,0,-40.44916886308216,26432,15,12524,-12.945302859530562,29222,,12900
,0,,30931,13054,4.0,2019.0,0,0,-40.6867755476855,26844,15,12106,-13.014330564271516,29513,,12717
,0,,33518,14968,6.0,2019.0,0,0,-40.721395773217544,26269,21,13131,-13.04843599557941,29301,,14047
,0,,40190,15325,6.0,2019.0,0,0,-40.435823246022125,25765,21,12978,-13.156721466600537,30109,,13913
,0,,35771,14622,4.0,2019.0,0,0,-40.49554200039355,21245,15,11797,-13.135536963080183,29075,,13514
,0,,38082,15238,6.0,2019.0,0,0,-40.58474672787616,33715,21,14244,-13.14878004160962,33693,,14681
,0,,46036,15177,4.0,2019.0,0,0,-40.44225142890998,27354,15,13135,-13.18509241532046,39495,,14486
,0,,38856,14741,4.0,2019.0,0,0,-40.46707876022283,22634,15,12392,-13.08991982164127,29148,,13529
,0,,38656,14405,4.0,2019.0,0,0,-40.56056338846795,28852,15,12715,-13.217387942137995,33161,,13876
,0,,35464,14151,4.0,2019.0,0,0,-40.614667296959006,26448,15,12574,-13.18663323594169,28000,,13274
,0,,50679,15526,4.0,2019.0,0,0,-40.52449428672363,28427,15,12771,-13.059880870787875,33069,,13785
,0,,38854,14594,4.0,2019.0,0,0,-40.555252866325674,27163,15,12798,-13.218670365082335,33843,,13917
,0,,32604,14414,4.0,2019.0,0,0,-40.60524732627934,28077,15,13111,-13.253624190996621,29662,,13946
,0,,32572,14487,4.0,2019.0,0,0,-40.68596058098443,24031,15,12440,-13.247802099117283,29680,,13539
,0,,36660,14375,4.0,2019.0,0,0,-40.6428831512998,20840,15,12474,-12.915627900107177,33817,,13979
,0,,43127,15162,4.0,2019.0,0,0,-40.71568979747301,30445,15,13198,-13.007040970040276,33557,,13780
,0,,35792,15110,4.0,2019.0,0,0,-40.71072639736353,25017,15,12938,-13.05112814802994,28862,,13965
,0,,37148,15383,6.0,2019.0,0,0,-40.44371260341636,29621,21,13426,-13.003538284117152,28929,,13872
,0,,43646,15462,4.0,2019.0,0,0,-40.699368075903585,27046,15,13294,-13.117046150007665,31346,,14048
,0,,39826,15056,4.0,2019.0,0,0,-40.447323585825494,31749,15,13874,-13.186606317380654,36347,,14573
,0,,43905,15803,4.0,2019.0,0,0,-40.460351637399135,26964,15,12854,-12.994422964362792,31762,,13964
,0,,48705,15602,4.0,2019.0,0,0,-40.7634737065009,32220,15,13056,-13.174262629420133,33849,,14032
,0,,35370,14407,4.0,2019.0,0,0,-40.5690307981171,32315,15,13484,-12.97334298309097,32088,,13732
,0,,38995,14726,4.0,2019.0,0,0,-40.704961167759116,25920,15,12648,-13.054144279577963,32120,,13536
,0,,36263,14294,4.0,2019.0,0,0,-40.49358288197996,32230,15,13001,-13.242437964784568,33563,,13918
,0,,38984,14741,4.0,2019.0,0,0,-40.76752000923548,26754,15,12872,-13.009509186323823,29880,,13363
,0,,40526,15031,4.0,2019.0,0,0,-40.476065367451596,28263,15,12957,-13.182665797956847,32794,,13867
,0,,40415,14786,4.0,2019.0,0,0,-40.679573768114224,29165,15,12828,-13.139023800148006,32486,,13436
,0,,37371,14803,4.0,2019.0,0,0,-40.599685863501094,23982,15,12550,-12.95999038787508,33317,,14086
,0,,42975,15589,4.0,2019.0,0,0,-40.44737332671025,27093,15,13158,-12.930454836542019,37472,,14905
,0,,32326,13989,4.0,2019.0,0,0,-40.72988233491151,25379,15,12603,-13.042934898027237,30882,,13468
,0,,35998,13999,4.0,2019.0,0,0,-40.556364117925746,29750,15,12738,-13.054922775648047,33542,,13399
,0,,35834,14494,4.0,2019.0,0,0,-40.63411750110727,26697,15,12714,-13.234221207436383,30861,,13695
,0,,36770,14574,4.0,2019.0,0,0,-40.4805218244982,28563,15,12819,-13.024945458218147,31597,,13235
,0,,34014,14943,4.0,2019.0,0,0,-40.62193163241588,25007,15,13071,-13.164571025412146,30305,,14158
,0,,39577,14488,4.0,2019.0,0,0,-40.60900046458971,30631,15,13329,-12.908962373592084,35065,,13768
,0,,35100,14060,4.0,2019.0,0,0,-40.42009010571394,27372,15,12388,-13.087809949222036,28270,,13113
,0,,45265,15281,4.0,2019.0,0,0,-40.679174150788675,29662,15,13157,-13.238828306094623,33302,,14029
,0,,47197,14973,4.0,2019.0,0,0,-40.584191899839546,30165,15,12955,-13.106402824402442,33520,,13545
,0,,39612,14270,4.0,2019.0,0,0,-40.56711226849223,27157,15,12642,-13.135005348126986,32806,,13513
,0,,35609,14223,4.0,2019.0,0,0,-40.59431916000218,29995,15,12729,-12.898344438776919,29446,,13005
,0,,45454,14843,4.0,2019.0,0,0,-40.43262434300206,26983,15,12517,-12.927907479607214,31089,,13458
,0,,36288,14335,4.0,2019.0,0,0,-40.64810059453783,23140,15,12116,-13.071262623065762,28523,,13120
,0,,37745,14313,4.0,2019.0,0,0,-40.66751206253826,24995,15,12562,-13.159038267499978,29397,,13345
,0,,36626,14458,4.0,2019.0,0,0,-40.603581787174484,30619,15,13360,-13.264957748774583,35740,,13898
,0,,29651,13358,4.0,2019.0,0,0,-40.592101403217455,29576,15,12785,-13.050684921265136,28500,,12990
,0,,36146,14548,4.0,2019.0,0,0,-40.51741490170968,28314,15,12644,-13.042132081878597,32297,,14014
,0,,36137,14910,4.0,2019.0,0,0,-40.52632388891084,29991,15,13282,-12.905143580319358,32303,,13657
,0,,39734,14798,4.0,2019.0,0,0,-40.62094694101904,27285,15,13088,-13.218063164868392,34638,,13940
,0,,29882,13713,4.0,2019.0,0,0,-40.59883427836529,26535,15,12498,-13.057713702251663,27171,,13044
,0,,34363,13973,4.0,2019.0,0,0,-40.449719283468774,23292,15,12149,-13.269129682348185,31665,,13403
,0,,44045,14635,4.0,2019.0,0,0,-40.635321151091645,26408,15,12768,-13.180466551965383,33686,,13662
,0,,45428,14748,4.0,2019.0,0,0,-40.68125526115271,30733,15,12936,-13.198040456630507,34738,,13672
,0,,38589,14197,4.0,2019.0,0,0,-40.632623122953845,24674,15,12589,-13.172448671234715,33410,,13809
,0,,35603,14026,4.0,2019.0,0,0,-40.48032998114352,26645,15,12291,-12.981331440217572,29805,,12855
,0,,33521,14524,4.0,2019.0,0,0,-40.4410704146412,27304,15,12766,-12.9274213931237,29772,,14027
,0,,30520,14591,6.0,2019.0,0,0,-38.97594113357661,25649,21,13158,-13.30400904094033,28105,,13826
,0,,33415,14765,6.0,2019.0,0,0,-39.64886237035165,26918,21,12953,-13.274641536342337,31034,,13958
,0,,42801,15060,6.0,2019.0,0,0,-39.566572504927564,25927,21,13450,-13.47541375193268,40071,,14927
,0,,45107,15039,6.0,2019.0,0,0,-39.46964384352136,28302,21,12569,-13.35497693095193,38102,,14733
,0,,45594,15775,4.0,2019.0,0,0,-39.534441119745765,34453,15,13846,-13.415653653184476,42110,,15231
,0,,34327,14750,4.0,2019.0,0,0,-39.61854023547532,26335,15,12994,-13.393316242522806,34569,,14502
,0,,45587,15529,4.0,2019.0,0,0,-39.56124608168934,34342,15,13891,-13.3021454103892,39491,,14518
,0,,46532,15159,4.0,2019.0,0,0,-39.9645411564744,26652,15,13249,-13.315295999286018,36182,,14468
,0,,46354,15600,4.0,2019.0,0,0,-39.927315479034995,30247,15,13631,-13.51252115853822,37679,,14587
,0,,43215,15463,6.0,2019.0,0,0,-39.804106814086246,33785,21,14001,-13.42843655867508,40825,,15146
,0,,41408,15051,4.0,2019.0,0,0,-39.88134794577166,26558,15,13260,-13.359389333307188,32810,,14070
,0,,40496,15434,4.0,2019.0,0,0,-39.67656040783306,27673,15,13812,-13.409795132629716,33766,,14609
,0,,34536,15052,4.0,2019.0,0,0,-39.83193589646796,21428,15,12812,-13.479906789305074,33294,,14527
,0,,41902,14757,4.0,2019.0,0,0,-39.91950934669409,27250,15,12614,-13.550036169272984,35419,,13665
,0,,42990,15165,4.0,2019.0,0,0,-40.01829070448519,30513,15,13666,-13.56697992710713,34400,,14247
,0,,51335,15501,4.0,2019.0,0,0,-39.86967373929543,32040,15,13337,-13.538063773270057,39821,,14578
,0,,40105,15136,4.0,2019.0,0,0,-39.954252870561774,33311,15,13585,-13.359894769155813,36957,,14403
,0,,39372,15142,4.0,2019.0,0,0,-39.963432079997595,29296,15,13562,-13.380563371397416,33117,,14230
,0,,48300,15594,4.0,2019.0,0,0,-39.97247148032927,34932,15,14141,-13.641571266604522,41039,,14834
,0,,42371,15740,4.0,2019.0,0,0,-39.880364949112504,26510,15,13422,-13.545939870945539,36576,,15258
,0,,41595,15176,6.0,2019.0,0,0,-39.93451865037463,26193,21,12719,-13.387851866479716,29678,,13856
,0,,40815,15268,4.0,2019.0,0,0,-39.75967661883302,26518,15,13246,-13.335425499446073,33703,,14489
,0,,45571,15146,4.0,2019.0,0,0,-39.92691457226455,31119,15,13554,-13.612306452933506,34980,,14248
,0,,42292,15193,4.0,2019.0,0,0,-39.92014465464719,33438,15,13389,-13.533629769622985,37405,,14133
,0,,37436,15326,4.0,2019.0,0,0,-39.86868799391501,30688,15,13838,-13.591545616039832,34097,,14865
,0,,32606,14198,4.0,2019.0,0,0,-39.94710970914601,25165,15,12595,-13.490547555422868,28532,,13244
,0,,44389,15487,4.0,2019.0,0,0,-39.99707443311873,33202,15,13347,-13.290845930558193,36825,,14266
,0,,35705,14244,4.0,2019.0,0,0,-39.89584392859123,25653,15,12578,-13.444773237671138,33503,,13712
,0,,32839,14059,6.0,2019.0,0,0,-39.816772203857106,27152,21,12859,-13.346872505653574,30872,,13528
,0,,38989,15107,6.0,2019.0,0,0,-39.87629588939493,31163,21,13615,-13.437027328481129,31440,,14400
,0,,31206,13704,6.0,2019.0,0,0,-39.846577838747116,26522,21,12201,-13.431227047876364,27228,,12759
,0,,43217,15012,4.0,2019.0,0,0,-40.015260657611094,28222,15,12505,-13.383030353161887,32023,,13550
,0,,33572,14296,6.0,2019.0,0,0,-40.02140585929005,28489,21,12746,-13.274644023311673,30581,,13412
,0,,40156,14831,4.0,2019.0,0,0,-40.21145831854989,22866,15,12466,-13.627099547507914,29855,,13687
,0,,34378,14168,4.0,2019.0,0,0,-40.32054451428657,32982,15,12702,-13.530248833908853,36353,,13864
,0,,43913,15438,4.0,2019.0,0,0,-40.073543108555725,31411,15,12814,-13.380545246032874,33692,,13899
,0,,39957,15295,4.0,2019.0,0,0,-40.28631543002564,28271,15,13064,-13.621285429741421,31083,,14045
,0,,37376,14392,4.0,2019.0,0,0,-40.07057531284057,24967,15,12766,-13.44473127814909,34050,,14058
,0,,42860,15643,4.0,2019.0,0,0,-40.17029686184515,29840,15,13390,-13.512528069067619,35649,,14325
,0,,39950,15018,4.0,2019.0,0,0,-40.20862291508303,34675,15,13833,-13.571825672039155,35013,,14490
,0,,41942,15754,4.0,2019.0,0,0,-40.15779645078877,23969,15,12976,-13.278688062096954,32176,,14525
,0,,41919,15117,4.0,2019.0,0,0,-40.235410472808255,26573,15,12651,-13.461378955133439,38045,,14625
,0,,48862,15483,4.0,2019.0,0,0,-40.27047901276008,29749,15,13578,-13.612314634358466,37780,,14706
,0,,48570,15774,4.0,2019.0,0,0,-40.16779012473865,32006,15,13788,-13.553952409408998,40724,,14834
,0,,38366,15230,6.0,2019.0,0,0,-40.042891166223086,21038,21,13411,-13.572964649844256,34167,,14783
,0,,35578,15352,6.0,2019.0,0,0,-40.16796015600175,29735,21,14191,-13.490561017276978,33216,,14990
,0,,46181,15936,6.0,2019.0,0,0,-40.071610105092496,28820,21,14086,-13.642599955778902,39821,,15459
,0,,34807,13434,4.0,2019.0,0,0,-40.39824565764431,32978,15,12505,-13.282656876746364,32596,,12906
,0,,34354,13512,4.0,2019.0,0,0,-40.26908445221243,31120,15,12607,-13.346870353738222,31471,,12921
,0,,36631,14194,4.0,2019.0,0,0,-40.124050776115844,27438,15,12363,-13.300292459133551,29193,,12966
,0,,37614,14634,4.0,2019.0,0,0,-40.09498142476454,23458,15,12065,-13.300975367963758,28772,,12997
,0,,36809,14076,4.0,2019.0,0,0,-40.40112240116483,31690,15,12483,-13.274641525004158,36999,,13151
,0,,40355,14550,4.0,2019.0,0,0,-40.08702940254681,30163,15,12672,-13.30146247466269,32808,,13274
,0,,41816,14809,4.0,2019.0,0,0,-40.192256814120526,30134,15,12811,-13.409850491684516,31698,,13346
,0,,34307,14056,4.0,2019.0,0,0,-40.31620169095336,31509,15,12666,-13.567020996612616,33491,,13371
,0,,31652,14390,4.0,2019.0,0,0,-40.15704043759078,29254,15,12951,-13.360584561955005,30860,,13431
,0,,39161,14474,4.0,2019.0,0,0,-40.31350610280503,29168,15,12800,-13.302145407253024,36904,,13437
,0,,36590,14211,4.0,2019.0,0,0,-40.12386636221321,29047,15,12779,-13.41646394129366,33262,,13577
,0,,37589,14401,4.0,2019.0,0,0,-40.24430256387072,31467,15,13121,-13.282503653759454,37596,,13695
,0,,38288,14552,4.0,2019.0,0,0,-40.17966776425231,26572,15,12745,-13.6134240588264,32225,,13740
,0,,40097,14401,4.0,2019.0,0,0,-40.11021797074566,35701,15,12950,-13.42765404675796,36338,,13770
,0,,40292,14953,4.0,2019.0,0,0,-40.12091323230551,27214,15,12678,-13.421958660862156,33230,,13785
,0,,36240,14550,4.0,2019.0,0,0,-40.11294929402496,33117,15,13414,-13.424642121005645,34216,,14027
,0,,38637,14571,4.0,2019.0,0,0,-40.22122118520091,31559,15,13202,-13.6384311840544,35030,,14144
,0,,40365,14943,4.0,2019.0,0,0,-40.232523330801335,29423,15,12788,-13.398492121800903,36122,,14150
,0,,41967,14766,4.0,2019.0,0,0,-40.28973949602395,30238,15,13311,-13.547796833821481,36414,,14292
,0,,39505,14434,4.0,2019.0,0,0,-40.38923878886629,32838,15,13464,-13.627404941234747,36829,,14329
,0,,45837,15274,4.0,2019.0,0,0,-40.153348848878615,33177,15,13929,-13.560112252554159,37267,,14485
,0,,35675,15195,4.0,2019.0,0,0,-40.13942831163797,31985,15,13756,-13.413530778770788,34390,,14763
,0,,41317,15638,4.0,2019.0,0,0,-40.35973120875372,28956,15,13761,-13.605168293161103,35805,,14854
,0,,32363,13606,6.0,2019.0,0,0,-40.3462554492652,32146,21,12445,-13.359362166082702,32561,,12866
,0,,39285,15232,4.0,2019.0,0,0,-40.735021724513,27508,15,12842,-13.509020254751256,30714,,13705
,0,,47913,15549,4.0,2019.0,0,0,-40.6923316657786,25913,15,13116,-13.567021028908949,33603,,14000
,0,,36304,14644,4.0,2019.0,0,0,-40.471111443167075,28403,15,12614,-13.300975336301093,35938,,13648
,0,,31002,14409,4.0,2019.0,0,0,-40.69667448825179,25997,15,12989,-13.530248862274597,28959,,14022
,0,,43984,15672,4.0,2019.0,0,0,-40.68963607816883,28415,15,12954,-13.302145401528303,30470,,13838
,0,,40334,15195,4.0,2019.0,0,0,-40.55579776596845,28577,15,13299,-13.613424072021385,33217,,14081
,0,,48063,15576,4.0,2019.0,0,0,-40.69496250094771,24479,15,12664,-13.47541374893149,36685,,14021
,0,,40956,15124,4.0,2019.0,0,0,-40.64660899659793,27872,15,12702,-13.612314662995802,32032,,14184
,0,,33324,14538,4.0,2019.0,0,0,-40.74693022701625,28466,15,13223,-13.39331623617881,30423,,13892
,0,,49047,15319,4.0,2019.0,0,0,-40.662445410728225,28961,15,12704,-13.62128546190031,35982,,13950
,0,,47967,15695,4.0,2019.0,0,0,-40.611540463538006,31995,15,13426,-13.461378963417602,37271,,14634
,0,,41288,14853,4.0,2019.0,0,0,-40.783877367847616,26340,15,12513,-13.550493225279233,32242,,13324
,0,,41847,15253,4.0,2019.0,0,0,-40.7766155305919,28666,15,12989,-13.283526859939467,31306,,13977
,0,,41033,15072,4.0,2019.0,0,0,-40.49718824798072,31114,15,12969,-13.31886039562839,31294,,13532
,0,,43339,15231,4.0,2019.0,0,0,-40.744357491514286,29743,15,12773,-13.397454414444704,33149,,14098
,0,,39085,14922,4.0,2019.0,0,0,-40.76919888200919,31191,15,12922,-13.29083351812518,33169,,14052
,0,,34064,14374,4.0,2019.0,0,0,-40.759924192868446,26042,15,12728,-13.431176704394751,28684,,13356
,0,,42407,14965,4.0,2019.0,0,0,-40.761240868020195,31913,15,13259,-13.315271768667994,34491,,13980
,0,,42393,14885,4.0,2019.0,0,0,-40.66102085548163,29166,15,13045,-13.289164768533155,33104,,13868
,0,,40275,14567,4.0,2019.0,0,0,-40.77725235927302,29993,15,12957,-13.274641525632292,31273,,13404
,0,,34844,14166,4.0,2019.0,0,0,-40.77437561633152,23399,15,12166,-13.28265687819703,28730,,13544
,0,,40039,14758,4.0,2019.0,0,0,-40.665869476048066,24207,15,11460,-13.547796859807477,28964,,13054
,0,,33053,14043,4.0,2019.0,0,0,-40.59507560465088,25124,15,12712,-13.271888423631026,29177,,13586
,0,,34945,13605,4.0,2019.0,0,0,-40.560524253559414,30466,15,12517,-13.533637125242945,32223,,12961
,0,,37971,14469,4.0,2019.0,0,0,-40.53314232658195,34418,15,13474,-13.545933081509395,33144,,13689
,0,,42067,14519,4.0,2019.0,0,0,-40.567436930333685,33451,15,13331,-13.591544376478385,36742,,13565
,0,,39962,15151,4.0,2019.0,0,0,-40.746115488973096,30802,15,13198,-13.424157738238481,32255,,13964
,0,,43182,14630,4.0,2019.0,0,0,-40.554525486089595,32582,15,13092,-13.532536838919034,34410,,13879
,0,,37044,14187,4.0,2019.0,0,0,-40.66243584043591,32297,15,13069,-13.333514875919331,36279,,13727
,0,,36372,13948,4.0,2019.0,0,0,-40.782129608204954,27150,15,12380,-13.605500550306557,28005,,12668
,0,,34221,14120,4.0,2019.0,0,0,-40.645214436319634,31196,15,13403,-13.346870349293082,33129,,13862
,0,,31348,14024,4.0,2019.0,0,0,-39.421936176426804,26554,15,12779,-12.6299845991346,29508,,13481
,0,,30324,13992,4.0,2019.0,0,0,-39.43515729444683,26257,15,12619,-12.658218901283586,27066,,13240
,0,,30183,14217,4.0,2019.0,0,0,-39.321285501965946,24774,15,12460,-12.633429535382689,25847,,12671
,0,,33854,14180,4.0,2019.0,0,0,-39.29969484633809,26185,15,12517,-12.640696172463727,29004,,12978
,0,,36419,14405,4.0,2019.0,0,0,-39.29096469944146,25377,15,12568,-12.689871417329924,30253,,13595
,0,,38108,14654,4.0,2019.0,0,0,-39.64886237895438,27069,15,13008,-12.52748599313686,30611,,13836
,0,,38354,14289,4.0,2019.0,0,0,-39.37161116513384,27845,15,12653,-12.669360773129078,31249,,13356
,0,,50779,15072,4.0,2019.0,0,0,-39.532242303898286,26598,15,12774,-12.716367711809836,33338,,13683
,0,,36028,15063,4.0,2019.0,0,0,-39.334771754224285,26875,15,13018,-12.554315908095715,29239,,13527
,0,,41395,15435,4.0,2019.0,0,0,-39.534056805561264,28022,15,13042,-12.874260535867451,33703,,14657
,0,,35347,15095,4.0,2019.0,0,0,-39.40478585853984,28998,15,13340,-12.613459303131018,32952,,14384
,0,,35180,14798,4.0,2019.0,0,0,-39.46964763205011,23931,15,12384,-12.607849065441545,26504,,13490
,0,,36794,15134,4.0,2019.0,0,0,-39.55938926381436,27545,15,13422,-12.686292633443921,31188,,14343
,0,,36604,14888,4.0,2019.0,0,0,-39.63465007858937,28992,15,13491,-12.809084353307048,30672,,14327
,0,,36852,14885,4.0,2019.0,0,0,-39.55524166316323,26968,15,13079,-12.78138256175497,30868,,14134
,0,,37988,15404,4.0,2019.0,0,0,-39.56829012147659,30093,15,13625,-12.783189435437297,34080,,14843
,0,,37308,14960,4.0,2019.0,0,0,-39.5168270067544,24302,15,12400,-12.599739581963716,32636,,14265
,0,,34798,14645,4.0,2019.0,0,0,-39.63153526778001,25678,15,12507,-12.68408081877922,31528,,13798
,0,,30007,13969,4.0,2019.0,0,0,-39.60747423012404,29417,15,13157,-12.858138690723159,30466,,13680
,0,,41414,15613,4.0,2019.0,0,0,-39.63698020646858,27877,15,13129,-12.880384818132196,34064,,14453
,0,,37542,14945,4.0,2019.0,0,0,-39.65374007964858,31834,15,13382,-12.85847254385338,34568,,14541
,0,,44581,15056,4.0,2019.0,0,0,-39.53404770287508,21738,15,12711,-12.586379159701007,34287,,14254
,0,,34887,14782,4.0,2019.0,0,0,-39.609895551225954,29179,15,13454,-12.81305482009448,33500,,14312
,0,,47916,15813,4.0,2019.0,0,0,-39.43618949781165,24098,15,13487,-12.607756470539734,40486,,15286
,0,,42138,15667,6.0,2019.0,0,0,-39.655487647397486,31711,21,14514,-12.803444112836212,38334,,15173
,0,,42424,15899,6.0,2019.0,0,0,-39.61070383445732,28851,21,14149,-12.806752813430805,36566,,15474
,0,,38127,15275,4.0,2019.0,0,0,-39.49204300388496,27341,15,12938,-12.535347923334644,35392,,14577
,0,,40705,15279,6.0,2019.0,0,0,-39.36865776316282,25553,21,12625,-12.674857670288148,27669,,13577
,0,,36093,14242,4.0,2019.0,0,0,-39.44822823113183,27024,15,13061,-12.58830422227566,31272,,13630
,0,,32829,13490,4.0,2019.0,0,0,-39.48026875240928,24720,15,12319,-12.651381019488102,29770,,13264
,0,,29411,13716,4.0,2019.0,0,0,-39.42939335165268,22951,15,12060,-12.62085940991746,26681,,12827
,0,,39253,14733,4.0,2019.0,0,0,-39.63285115681719,27155,15,12915,-12.568131315106495,31755,,13756
,0,,38715,14943,6.0,2019.0,0,0,-39.38717403235318,25256,21,12800,-12.66642618711871,31630,,13964
,0,,39792,15030,4.0,2019.0,0,0,-39.418041102565184,25796,15,12906,-12.765461170604114,33007,,14073
,0,,33706,14215,4.0,2019.0,0,0,-39.64822557446182,21914,15,11823,-12.53637472424027,30018,,13567
,0,,29751,13995,4.0,2019.0,0,0,-39.29332962189928,28716,15,13249,-12.559791852643757,29354,,13529
,0,,34440,14559,4.0,2019.0,0,0,-39.53263140031108,30501,15,13477,-12.542011962281547,31368,,14059
,0,,30353,13820,4.0,2019.0,0,0,-39.64080897938643,26896,15,12756,-12.543683929813861,31257,,13478
,0,,34073,13912,4.0,2019.0,0,0,-39.59330962984127,26051,15,12525,-12.894556793004616,28998,,13183
,0,,31336,13239,4.0,2019.0,0,0,-39.58625993544799,29985,15,12428,-12.681316207610084,31195,,12860
,0,,53818,15602,4.0,2019.0,0,0,-39.58462725486096,25948,15,12688,-12.60765105635291,35192,,14380
,0,,33053,14065,4.0,2019.0,0,0,-39.64598566375569,23892,15,12413,-12.53550432640205,29785,,13591
,0,,36619,14461,4.0,2019.0,0,0,-39.593996798749906,26063,15,12780,-12.612237551287823,31492,,13756
,0,,36086,14731,4.0,2019.0,0,0,-39.56333762935683,26929,15,13197,-12.589353408503277,32784,,14287
,0,,33556,14576,4.0,2019.0,0,0,-39.61772701865571,24745,15,13046,-12.67705871500575,32370,,14140
,0,,37304,14894,4.0,2019.0,0,0,-39.51822080548927,28307,15,13244,-12.865286106650068,33117,,14353
,0,,40890,15398,4.0,2019.0,0,0,-39.56124680556969,25904,15,13583,-12.554998038335354,35052,,15029
,0,,33094,14873,6.0,2019.0,0,0,-39.74132185461349,24534,21,13433,-12.86888893955678,30681,,14661
,0,,38191,15515,6.0,2019.0,0,0,-39.674758186910154,23657,21,13465,-12.891869796422185,35315,,15187
,0,,40812,15668,6.0,2019.0,0,0,-39.75856947879786,25680,21,13307,-12.827404205594691,34755,,15072
,0,,48324,16134,4.0,2019.0,0,0,-39.75452354024047,28377,15,13988,-12.865357483818768,37210,,15288
,0,,38198,15668,4.0,2019.0,0,0,-39.73709508333369,27140,15,13801,-12.728327263320075,34660,,15360
,0,,40430,15319,6.0,2019.0,0,0,-39.70013846025332,29644,21,13984,-12.884532079420113,35912,,14809
,0,,40483,15461,6.0,2019.0,0,0,-39.69311163026259,30340,21,14002,-12.858490068132804,33239,,14665
,0,,35890,14870,6.0,2019.0,0,0,-39.74327960902575,29536,21,13476,-12.761967339087745,32785,,14200
,0,,37562,14963,6.0,2019.0,0,0,-39.7238031640781,30603,21,13691,-12.809105476131126,34981,,14461
,0,,47304,15724,4.0,2019.0,0,0,-39.852986935945054,30037,15,14023,-12.88007673043462,36203,,14895
,0,,38789,15099,4.0,2019.0,0,0,-39.714817470940396,26324,15,13145,-12.716341760010089,31172,,14331
,0,,46802,15515,4.0,2019.0,0,0,-39.702219602048494,27568,15,13262,-12.80674955305588,31562,,13947
,0,,46304,15331,4.0,2019.0,0,0,-39.689990358885204,22532,15,13044,-12.8115330488909,35834,,14462
,0,,38958,15089,4.0,2019.0,0,0,-39.85674019069622,32176,15,13898,-12.53534857323315,35302,,14497
,0,,36371,15174,4.0,2019.0,0,0,-39.963427530684285,29969,15,13971,-12.633446750877676,32832,,14378
,0,,39862,14849,4.0,2019.0,0,0,-39.7503095649592,26768,15,12652,-12.803489730690254,29959,,13377
,0,,40951,14941,4.0,2019.0,0,0,-39.695062336615,20896,15,12318,-12.813047161678766,30599,,14047
,0,,37570,14841,4.0,2019.0,0,0,-39.876287997315934,23615,15,12609,-12.689931144564639,31355,,13846
,0,,39245,14940,4.0,2019.0,0,0,-40.0104697945462,26275,15,12400,-12.535511632098615,31879,,13559
,0,,40441,15198,4.0,2019.0,0,0,-39.69745917738632,28629,15,13495,-12.895586374849684,34526,,14745
,0,,49154,15117,4.0,2019.0,0,0,-39.895837262391645,25335,15,11990,-12.697680192077415,31802,,13582
,0,,35821,14486,4.0,2019.0,0,0,-39.695113160653904,24305,15,12827,-12.556846359133035,28321,,13730
,0,,38751,15078,4.0,2019.0,0,0,-39.868685877843156,28879,15,13832,-12.844508882589663,33705,,14463
,0,,36259,14969,4.0,2019.0,0,0,-39.72806927603706,31224,15,13425,-12.607732298244768,33347,,13955
,0,,38231,14972,4.0,2019.0,0,0,-39.738935185148755,32841,15,13871,-12.825963495234346,34142,,14481
,0,,47651,15341,4.0,2019.0,0,0,-39.91950672360529,26547,15,12690,-12.80298394295566,36526,,13893
,0,,33417,14958,4.0,2019.0,0,0,-40.01121343495582,24506,15,12667,-12.800701265135345,28170,,13880
,0,,34929,14054,4.0,2019.0,0,0,-39.68036423883924,23097,15,11999,-12.554298754409688,28317,,13226
,0,,42130,14946,4.0,2019.0,0,0,-39.814848674775035,25770,15,12704,-12.761435121178518,34415,,14113
,0,,38678,14642,4.0,2019.0,0,0,-39.704448530959446,26690,15,12806,-12.855411798521457,30693,,13444
,0,,38709,14823,4.0,2019.0,0,0,-39.688810282904555,26535,15,12850,-12.553812432577924,31973,,13806
,0,,41526,14706,4.0,2019.0,0,0,-40.00952146168898,31068,15,13486,-12.559802217589775,36332,,14176
,0,,38886,14892,4.0,2019.0,0,0,-39.70809105293003,23582,15,12660,-12.620826608999407,34756,,14115
,0,,41795,14814,4.0,2019.0,0,0,-39.8465707083878,28887,15,12945,-12.684128541242249,32026,,13394
,0,,32699,14070,4.0,2019.0,0,0,-39.96453794715985,24226,15,12198,-12.5681542765066,28563,,13593
,0,,30626,13562,4.0,2019.0,0,0,-39.864964321059254,24042,15,12318,-12.65038332185888,30636,,13269
,0,,42861,14739,4.0,2019.0,0,0,-40.018290382296065,22770,15,11777,-12.819936688951392,30464,,13556
,0,,40239,14536,4.0,2019.0,0,0,-39.92014159390258,24612,15,12365,-12.786571236427159,30271,,13327
,0,,32341,14363,6.0,2019.0,0,0,-39.85132164210273,28176,21,13039,-12.89141246816291,29555,,13794
,0,,32084,14119,4.0,2019.0,0,0,-39.690922947771256,27011,15,12996,-12.61342205480696,28419,,13379
,0,,30104,13352,4.0,2019.0,0,0,-39.68356247619043,26321,15,12183,-12.783156743733231,27154,,12653
,0,,38654,14206,4.0,2019.0,0,0,-39.772232094393544,26634,15,12478,-12.68629641299636,29717,,13425
,0,,38085,14399,4.0,2019.0,0,0,-39.915250452870495,27577,15,12878,-12.785472838563585,31860,,14018
,0,,39194,14488,4.0,2019.0,0,0,-39.667829886820854,27809,15,12850,-12.714232236001749,32880,,13789
,0,,40027,14650,4.0,2019.0,0,0,-39.83248375529453,25720,15,12238,-12.775212420426064,30384,,13417
,0,,36217,14467,4.0,2019.0,0,0,-39.98907807346724,22961,15,12041,-12.5738157005636,29010,,13342
,0,,35275,14777,4.0,2019.0,0,0,-39.696908624247094,30901,15,13206,-12.571697213053282,33196,,13778
,0,,37132,14490,4.0,2019.0,0,0,-39.6914521736244,24316,15,12815,-12.629943936788976,35456,,14216
,0,,39974,14627,4.0,2019.0,0,0,-39.927312062802876,26083,15,12746,-12.76545461129947,29429,,13466
,0,,35331,14055,4.0,2019.0,0,0,-39.977620764061,25914,15,12378,-12.669347763138003,32204,,13488
,0,,30033,13344,4.0,2019.0,0,0,-39.71857934446927,24892,15,12313,-12.553132145411894,28381,,13089
,0,,33430,14017,4.0,2019.0,0,0,-39.99614241353509,23867,15,11965,-12.666398053761002,29994,,13103
,0,,34095,13509,4.0,2019.0,0,0,-39.947106452884995,24077,15,11620,-12.743472914260808,29720,,12810
,0,,32754,13588,4.0,2019.0,0,0,-39.72826076091774,25764,15,12088,-12.651354711850978,29797,,13262
,0,,33273,14089,4.0,2019.0,0,0,-39.765153068181576,28477,15,12605,-12.668544263504304,28186,,13080
,0,,36549,14143,4.0,2019.0,0,0,-39.842059134700115,29348,15,12881,-12.524728589544528,32641,,13309
,0,,33672,14256,4.0,2019.0,0,0,-40.192899383851795,27653,15,12651,-12.599741628019009,28594,,13792
,0,,36614,14208,4.0,2019.0,0,0,-40.04846849576582,22409,15,11623,-12.781338380545092,29949,,13218
,0,,40095,14476,4.0,2019.0,0,0,-40.13756662779972,26398,15,12623,-12.60783531445086,32000,,13235
,0,,33852,14151,4.0,2019.0,0,0,-40.39947014253917,30760,15,12971,-12.85811517002161,31891,,13158
,0,,35516,14304,4.0,2019.0,0,0,-40.056494242279584,24346,15,11988,-12.554298783292488,29063,,13198
,0,,38505,13914,4.0,2019.0,0,0,-40.30304375358485,23324,15,12252,-12.865278299883938,30734,,13027
,0,,42212,14626,4.0,2019.0,0,0,-40.06705295200269,28050,15,12631,-12.61342207239864,31223,,13391
,0,,42495,14974,4.0,2019.0,0,0,-40.07303862892983,28009,15,12768,-12.571697237193234,30097,,13329
,0,,34847,13943,4.0,2019.0,0,0,-40.10419928306201,24816,15,12508,-12.607732312889992,28378,,12751
,0,,29852,13660,4.0,2019.0,0,0,-40.40653527564615,28173,15,12884,-12.880373349902046,29144,,13350
,0,,44375,14934,4.0,2019.0,0,0,-40.078349607124416,28789,15,12322,-12.806749536192816,28647,,13042
,0,,31273,13307,4.0,2019.0,0,0,-40.11506519297721,26950,15,12398,-12.825963472267865,29428,,12941
,0,,34154,14044,4.0,2019.0,0,0,-40.223554477279,27699,15,12419,-12.586386414379112,29764,,13283
,0,,32683,13884,4.0,2019.0,0,0,-40.069241634653864,22429,15,11779,-12.858490043334388,29147,,13072
,0,,37183,14917,4.0,2019.0,0,0,-40.117451862622794,25978,15,12149,-12.868888915765638,29300,,13297
,0,,34538,14311,4.0,2019.0,0,0,-40.090947476963834,25185,15,12345,-12.71634175737294,29069,,13240
,0,,34643,14464,4.0,2019.0,0,0,-40.05969247986698,22291,15,11798,-12.783156732906859,26162,,12752
,0,,31421,13628,4.0,2019.0,0,0,-40.25649130971413,24038,15,11916,-12.798885628115881,29458,,12860
,0,,32036,13809,4.0,2019.0,0,0,-40.24984461372905,26909,15,12585,-12.589367781099071,27377,,12946
,0,,40944,14994,4.0,2019.0,0,0,-40.067582177895346,28420,15,12921,-12.629943951482746,31946,,14039
,0,,38890,15701,4.0,2019.0,0,0,-40.211113535793366,24299,15,12862,-12.866399296436226,31811,,14481
,0,,36671,14470,4.0,2019.0,0,0,-40.397535580724686,30292,15,13108,-12.527488354108607,37795,,14075
,0,,47752,15770,4.0,2019.0,0,0,-40.28230330839982,28027,15,12913,-12.555006623166461,32890,,13854
,0,,33018,14467,4.0,2019.0,0,0,-40.218189150294265,26855,15,12469,-12.524728606519993,31814,,13819
,0,,38797,14072,4.0,2019.0,0,0,-40.41025790534759,25190,15,12541,-12.710789753384725,31513,,13356
,0,,40170,15036,4.0,2019.0,0,0,-40.13065354923853,24200,15,12724,-12.86535746067771,31300,,14099
,0,,36606,14866,4.0,2019.0,0,0,-40.07119234115497,19920,15,11863,-12.813047144492812,27347,,14202
,0,,41987,14547,4.0,2019.0,0,0,-40.365208100080004,28142,15,12946,-12.57381569390079,32723,,13622
,0,,40097,14609,4.0,2019.0,0,0,-40.21596812685204,26166,15,12482,-12.677098399986036,30500,,13415
,0,,33615,14847,4.0,2019.0,0,0,-40.291380473937636,27718,15,12851,-12.78547282412103,31758,,13753
,0,,36626,14496,4.0,2019.0,0,0,-40.135805097454806,23553,15,12091,-12.588290920750941,31617,,13914
,0,,40982,14640,4.0,2019.0,0,0,-40.33955755537071,26922,15,12467,-12.63344674181117,29012,,13026
,0,,35871,14329,4.0,2019.0,0,0,-40.296271615338036,29168,15,12822,-12.786571222171602,32162,,13475
,0,,34742,14425,4.0,2019.0,0,0,-40.39442041110539,28287,15,12715,-12.819936678218873,29758,,13588
,0,,34370,13861,4.0,2019.0,0,0,-40.241094338354316,33648,15,12791,-12.650383314663355,32329,,13305
,0,,31884,14048,4.0,2019.0,0,0,-40.227451658372175,27812,15,12671,-12.89141244864697,31252,,13539
,0,,40442,14636,4.0,2019.0,0,0,-40.33459440302957,28109,15,12797,-12.677542342651499,34930,,13772
,0,,33115,13939,4.0,2019.0,0,0,-40.25918951579035,28127,15,12568,-12.80690506070441,31444,,13185
,0,,31063,13768,4.0,2019.0,0,0,-40.071243165201615,29162,15,13064,-12.556846386015318,29734,,13477
,0,,32885,14161,4.0,2019.0,0,0,-40.30344208477629,27099,15,12633,-12.765454597813994,28976,,13367
,0,,31266,14069,4.0,2019.0,0,0,-40.073589182104755,26122,15,12505,-12.895586348575467,27609,,12978
,0,,30442,14073,4.0,2019.0,0,0,-40.25747330350403,31495,15,13164,-12.61226328733496,33797,,13548
,0,,33567,14023,4.0,2019.0,0,0,-40.29563674499444,29967,15,12968,-12.802983928321359,31508,,13335
,0,,32526,13580,4.0,2019.0,0,0,-40.11940961718395,25812,15,12489,-12.761967325583987,28088,,13021
,0,,33042,13987,4.0,2019.0,0,0,-40.271967281999196,25104,15,12453,-12.697680178690273,29087,,13267
,0,,33669,13130,4.0,2019.0,0,0,-40.24579953573833,27381,15,12406,-12.791006436870932,32899,,12890
,0,,36885,15010,6.0,2019.0,0,0,-39.66196799322738,32022,21,14360,-13.975821226447394,34609,,14746
,0,,41172,15744,4.0,2019.0,0,0,-39.75009779549093,28400,15,13769,-13.965547555754728,38248,,15201
,0,,40943,14872,4.0,2019.0,0,0,-39.74773394304455,24797,15,13396,-13.789907704557056,36650,,14613
,0,,36724,14451,4.0,2019.0,0,0,-39.93737571680612,31272,15,13543,-13.675611266006756,37435,,14178
,0,,43718,15239,4.0,2019.0,0,0,-39.970124734414256,28327,15,13167,-13.732816661672775,39765,,15097
,0,,44156,15610,4.0,2019.0,0,0,-39.79182770208903,30375,15,14036,-13.863990872571671,42928,,15000
,0,,46291,15955,4.0,2019.0,0,0,-40.016938849953796,34934,15,14068,-13.664300497319608,40934,,15209
,0,,46145,15894,4.0,2019.0,0,0,-39.982760228778616,27895,15,14209,-13.882445763176927,37087,,15164
,0,,49442,15764,4.0,2019.0,0,0,-39.96075501756693,29907,15,12743,-13.728233155852337,34028,,14478
,0,,42810,15898,4.0,2019.0,0,0,-39.99385473425786,29728,15,13942,-13.797599424108652,31730,,14672
,0,,37226,14544,4.0,2019.0,0,0,-39.76225088684416,30792,15,13022,-13.911470671472102,33915,,13866
,0,,39053,14797,4.0,2019.0,0,0,-39.73408602525723,30665,15,13572,-13.801095507819184,33253,,14237
,0,,35921,14965,4.0,2019.0,0,0,-39.66904615304864,27310,15,13711,-14.012281086118039,33188,,14587
,0,,40935,14968,4.0,2019.0,0,0,-39.763295429797346,28492,15,13642,-13.786975253068691,35264,,14514
,0,,43290,15130,4.0,2019.0,0,0,-39.73681724952143,28723,15,13010,-13.798084192964094,38094,,14494
,0,,32293,14235,4.0,2019.0,0,0,-39.93946538370503,27970,15,13204,-13.709946745895136,33076,,13969
,0,,40601,15204,4.0,2019.0,0,0,-39.91018470983194,26646,15,13155,-13.994690092058608,36333,,15013
,0,,44944,15587,4.0,2019.0,0,0,-39.94441166575143,24443,15,13586,-13.903670741733075,38380,,14911
,0,,36238,14565,4.0,2019.0,0,0,-39.935513455176775,19522,15,12032,-13.806830124647973,32408,,14088
,0,,39315,15033,4.0,2019.0,0,0,-39.82416162184118,27788,15,13810,-13.923463875011233,35102,,14687
,0,,34160,14227,4.0,2019.0,0,0,-39.99466963840842,20108,15,11628,-13.766763847459885,28909,,13196
,0,,40054,14880,4.0,2019.0,0,0,-39.69548009161435,29968,15,13354,-14.015999530555716,33424,,13887
,0,,36962,14597,4.0,2019.0,0,0,-40.031617246757044,26286,15,13075,-13.923909948572048,27318,,13539
,0,,34920,14246,6.0,2019.0,0,0,-40.022115610181785,29895,21,13646,-13.656125340054066,32058,,14019
,0,,38663,14031,6.0,2019.0,0,0,-40.00898073858401,23683,21,12268,-13.688734178283816,36448,,13654
,0,,34473,13920,4.0,2019.0,0,0,-39.81612316208895,26963,15,12480,-13.783295990028227,31610,,13448
,22608,,13418,7317,8.0,2019.0,65535,36816,-38.54743433127056,10949,33,3759,-13.01428822368284,11299,,4715
,33532,,13146,7348,8.0,2019.0,65535,35555,-38.54106920500833,11117,33,3853,-12.933399368873049,11367,,4648
,34597,,12443,6453,8.0,2019.0,65535,47916,-38.5347063036385,11374,33,4781,-12.947394071049318,11997,,5985
,22176,,13868,8023,8.0,2019.0,65535,65535,-38.539039525218264,11126,33,4327,-12.986327652187162,12163,,5929
,28505,,13378,6997,8.0,2019.0,65535,43060,-38.569024296750285,11133,33,3794,-13.007023346642395,11222,,4017
,26896,,12873,5723,8.0,2019.0,65535,60623,-38.85763387654309,10967,33,2897,-13.18661423646834,11632,,4171
,51724,,13742,6762,8.0,2019.0,65535,65535,-38.85844222430879,11086,33,2594,-13.180313430402393,11699,,3888
,65535,,13470,6398,8.0,2019.0,65535,65535,-38.94787901526778,11414,33,3206,-13.258077604466258,11283,,3226
,0,,35283,13505,8.0,2019.0,0,0,-40.01693893713811,23203,33,11523,-12.91729467792514,31659,,12792
,0,,31310,13315,8.0,2019.0,0,0,-40.13580586193268,17242,33,10600,-12.961894140038705,29651,,12969
,64999,,13332,6146,8.0,2019.0,65535,65535,-38.958639430995056,11219,33,2939,-13.301462487003253,11415,,3265
,0,,28783,13275,8.0,2019.0,0,0,-40.02334011335037,25959,33,12264,-12.858115181345552,27690,,12682
,0,,30537,13457,8.0,2019.0,0,0,-40.06494028698028,28023,33,12460,-12.553812460657033,29215,,13148
,0,,36464,14045,8.0,2019.0,0,0,-40.126439573642045,27302,33,12311,-12.803489709303822,30896,,13023
,0,,34605,13432,8.0,2019.0,0,0,-40.058242846908215,31726,33,12348,-12.586002307673557,33490,,12840
,0,,45403,14643,8.0,2019.0,0,0,-40.043959889316056,24566,33,11755,-12.714232238703696,27462,,12530
,0,,27566,13319,8.0,2019.0,0,0,-40.08422105845213,27332,33,12574,-12.620826623509569,26791,,12765
,0,,26394,12886,8.0,2019.0,0,0,-40.080578536198665,24494,33,11889,-12.855411773422333,25340,,12286
,0,,40909,15709,0.0,2020.0,0,0,-38.89372568149277,18049,3,12836,-12.909116545289223,37852,,15601
,0,,35968,16155,0.0,2020.0,0,0,-38.89660241111129,25430,3,14769,-12.90109970178945,31981,,16100
,0,,38474,15876,0.0,2020.0,0,0,-38.88854897118663,25481,3,14544,-12.917294667903095,35125,,15788
,0,,42986,16057,0.0,2020.0,0,0,-38.89596559442162,26696,3,14641,-12.909986734706903,36148,,15777
,0,,41775,15929,0.0,2020.0,0,0,-39.12959751752738,34560,3,14861,-13.234221234739806,41496,,15841
,0,,38752,15928,0.0,2020.0,0,0,-39.18144059980873,35590,3,15222,-13.247802119038457,38259,,15743
,0,,41908,15949,0.0,2020.0,0,0,-39.05604340146904,26602,3,14591,-13.217387979780668,40127,,15871
,0,,42579,16159,0.0,2020.0,0,0,-39.07342159024197,24311,3,14436,-13.265292515856904,39257,,16121
,0,,46101,16156,0.0,2020.0,0,0,-39.05073287907848,36877,3,15540,-13.218670403348579,38944,,15889
,0,,37232,15435,0.0,2020.0,0,0,-38.92810435003567,33839,3,15232,-12.927907485425393,36554,,15420
,0,,42647,15985,0.0,2020.0,0,0,-39.175053786643275,35215,3,15162,-13.139023826123482,39055,,15924
,0,,46508,16072,0.0,2020.0,0,0,-38.96631958179274,29022,3,14526,-12.926741685542185,39209,,15681
,0,,39642,16048,0.0,2020.0,0,0,-38.93130325320922,36612,3,15438,-13.156721505813264,38802,,15835
,0,,44885,15987,0.0,2020.0,0,0,-38.92007892225076,36640,3,15465,-13.154903305382986,39934,,15773
,0,,36330,15282,0.0,2020.0,0,0,-39.130801167566375,21363,3,12930,-13.180466581692851,33527,,14886
,0,,46890,15760,0.0,2020.0,0,0,-39.11642695682586,29925,3,14224,-13.21806319466214,38828,,15492
,0,,42820,16043,0.0,2020.0,0,0,-39.16299208050626,31452,3,14773,-13.159038294082821,38384,,15715
,0,,40011,15813,0.0,2020.0,0,0,-39.22021147083623,31987,3,15085,-13.268099250149557,37872,,15584
,0,,39600,15607,0.0,2020.0,0,0,-39.17465416929974,23150,3,13814,-13.23882832732747,37813,,15288
,0,,36740,15218,0.0,2020.0,0,0,-39.06259228179189,28813,3,13929,-13.135005388872822,31752,,14718
,0,,39618,15715,0.0,2020.0,0,0,-38.9715453765119,20440,3,13484,-13.182665843438633,38839,,15559
,0,,37207,15982,0.0,2020.0,0,0,-39.32132926630622,31100,3,14491,-13.269129689864924,37749,,15988
,0,,43416,16248,0.0,2020.0,0,0,-39.47129585926471,32901,3,14975,-12.959990416062375,36962,,15689
,0,,48867,16492,0.0,2020.0,0,0,-39.65799790730982,25153,3,13758,-13.08436803097556,43295,,16085
,0,,41588,15881,0.0,2020.0,0,0,-39.296208896265114,27345,3,14085,-13.154903280706817,38785,,15623
,0,,39471,15483,0.0,2020.0,0,0,-39.488837411944964,26739,3,13801,-13.023974987439509,38270,,15151
,0,,50096,16450,0.0,2020.0,0,0,-39.57097808026065,27559,3,14456,-13.1170461703194,43193,,16113
,0,,36639,15821,0.0,2020.0,0,0,-39.52975406986326,22943,3,13903,-13.198333312647375,35166,,15624
,0,,44481,15922,0.0,2020.0,0,0,-39.486277294013256,32778,3,14748,-13.18663325071559,41154,,15472
,0,,49249,16192,0.0,2020.0,0,0,-39.449551570325916,27493,3,14800,-13.265292491897888,39535,,15817
,0,,51382,16407,0.0,2020.0,0,0,-39.557570584187665,24696,3,14517,-13.247802110558228,42757,,16207
,0,,42352,15688,1.0,2020.0,0,0,-39.601492341896034,26570,4,13630,-13.042934923613513,35594,,14906
,0,,40115,15887,0.0,2020.0,0,0,-39.82416534869853,34114,3,15022,-13.176554953102292,37126,,15611
,0,,44984,16615,0.0,2020.0,0,0,-39.78088374128427,22633,3,13946,-13.172442099586267,39106,,16285
,0,,38788,16382,0.0,2020.0,0,0,-39.68701344057672,33156,3,14924,-13.258069693621158,35162,,15994
,0,,43324,16103,0.0,2020.0,0,0,-39.986023846045875,26490,3,14347,-13.186614229404057,37926,,15888
,0,,34347,15424,0.0,2020.0,0,0,-39.73408989629241,27193,3,14083,-13.05414072725745,33766,,15299
,0,,42958,16400,0.0,2020.0,0,0,-39.79166154524312,31730,3,14968,-13.180462907779436,39585,,15984
,0,,40069,16031,0.0,2020.0,0,0,-39.75009893474853,30374,3,14964,-13.218655745797475,35997,,15734
,0,,40194,15975,0.0,2020.0,0,0,-39.819789556180986,23929,3,13796,-13.265291936749025,35773,,15541
,0,,32882,15910,0.0,2020.0,0,0,-40.008981018349075,26037,3,13468,-12.94173749579961,28718,,15241
,0,,39379,16011,0.0,2020.0,0,0,-39.83249440512248,33863,3,15079,-13.198339466856687,34902,,15662
,0,,41714,16224,0.0,2020.0,0,0,-39.94441730903895,27185,3,14592,-13.156755100826723,36161,,15928
,0,,39355,15828,0.0,2020.0,0,0,-39.75411588248772,29800,3,14151,-13.217373948324672,35488,,15343
,0,,45965,16228,0.0,2020.0,0,0,-39.97942907965953,22001,3,13629,-13.185106761903254,41354,,15745
,0,,45607,16409,0.0,2020.0,0,0,-39.84463849939235,27910,3,13962,-13.234223495959286,37764,,15934
,0,,42183,16083,1.0,2020.0,0,0,-39.859284455153606,19050,4,12863,-13.087871483801303,39310,,15815
,0,,38904,16037,1.0,2020.0,0,0,-39.84509130584671,26967,4,13700,-13.264957790711058,34142,,15722
,0,,39873,15960,1.0,2020.0,0,0,-40.031617515340066,31585,4,14567,-13.177004608293846,34772,,15472
,0,,42299,16135,0.0,2020.0,0,0,-39.89434989891012,30447,3,14806,-13.238836329962526,37553,,15688
,0,,42783,16030,0.0,2020.0,0,0,-39.73682131792667,34837,3,14827,-13.051128190655403,38958,,15798
,0,,48536,16375,1.0,2020.0,0,0,-39.79806317669982,34580,4,14777,-13.00358011736243,41154,,15952
,0,,46757,16250,1.0,2020.0,0,0,-39.84599220411948,33877,4,14719,-13.084435474829228,35111,,15380
,0,,46573,16114,0.0,2020.0,0,0,-39.892955719729784,28410,3,14410,-12.973340932200434,35921,,15300
,0,,43672,15774,1.0,2020.0,0,0,-39.74773875819084,30468,4,14082,-13.042948320077791,40339,,15349
,0,,40645,15739,1.0,2020.0,0,0,-40.013109484921515,23688,4,13168,-13.253930842710504,34989,,14966
,0,,38198,15774,0.0,2020.0,0,0,-39.74792176850622,32424,3,14699,-12.926754467637004,35989,,15412
,0,,47477,16095,1.0,2020.0,0,0,-39.91361241388184,28948,4,14577,-13.17430622228712,40511,,15892
,0,,40335,15506,1.0,2020.0,0,0,-39.66945921072498,25447,4,13408,-12.933399373412128,33808,,14724
,0,,48473,15752,1.0,2020.0,0,0,-39.81517790496842,24824,4,13470,-13.218061994306439,38447,,15315
,0,,41863,15895,1.0,2020.0,0,0,-39.835328671203854,27661,4,13836,-13.253623979099906,37658,,15204
,0,,39766,16038,1.0,2020.0,0,0,-39.86817277333396,28069,4,13946,-12.908961752288489,39122,,15579
,0,,40749,16045,1.0,2020.0,0,0,-39.824356610507024,28798,4,14010,-12.961907858229655,35110,,15371
,0,,42687,15910,1.0,2020.0,0,0,-39.722044734398,21090,4,12845,-13.23889351228618,36801,,15551
,0,,35891,15324,1.0,2020.0,0,0,-39.91018610700285,26082,4,13651,-13.247808942449803,32461,,14657
,0,,41523,15225,1.0,2020.0,0,0,-39.90876112610193,26342,4,12898,-12.915624333089344,31939,,14182
,0,,42176,15812,1.0,2020.0,0,0,-39.80552069584316,29783,4,13582,-12.994456718888772,32648,,14540
,0,,35277,15300,1.0,2020.0,0,0,-39.80226738381558,30325,4,13995,-13.159043155476352,33589,,14562
,0,,43048,15446,1.0,2020.0,0,0,-39.66742953116701,30074,4,14097,-12.986327657447161,39328,,15222
,0,,41845,15573,1.0,2020.0,0,0,-40.00766473663941,26974,4,13250,-13.057664710078495,34874,,15003
,0,,42208,15429,1.0,2020.0,0,0,-39.91057327063417,27986,4,13435,-13.042137563006081,35282,,14559
,0,,37116,15692,0.0,2020.0,0,0,-40.310645571756886,28836,3,13658,-13.01433057324727,30470,,14783
,0,,42914,15916,0.0,2020.0,0,0,-40.241097425044956,32427,3,14310,-13.02397497620634,37591,,15293
,0,,42484,16053,0.0,2020.0,0,0,-40.32883119541049,23587,3,13137,-13.054144286650565,35388,,15414
,0,,42654,16097,0.0,2020.0,0,0,-40.208616731853155,34157,3,14759,-13.148780063472126,37615,,15390
,0,,36311,15464,0.0,2020.0,0,0,-40.303044173362586,20322,3,12947,-13.238828317378616,35027,,15112
,0,,43295,15953,0.0,2020.0,0,0,-40.24580164371687,21499,3,13262,-13.164571042986198,39047,,15457
,0,,36339,16012,0.0,2020.0,0,0,-40.24984627811498,28344,3,14254,-12.962971154471598,31758,,15424
,0,,39717,16098,0.0,2020.0,0,0,-40.227451794861494,31980,3,14825,-13.264957769162072,37031,,15652
,0,,50355,16343,0.0,2020.0,0,0,-40.211114282044456,35986,3,14837,-13.239949421874805,44068,,16001
,0,,48290,16263,0.0,2020.0,0,0,-40.28201408749123,34912,3,14665,-13.198333311707719,43215,,15886
,0,,44544,16596,0.0,2020.0,0,0,-40.25272374760332,27091,3,13966,-12.981273084393298,40097,,15962
,0,,45081,16200,0.0,2020.0,0,0,-40.20181157906839,27884,3,14046,-13.265292506154225,40708,,15977
,0,,37446,15353,1.0,2020.0,0,0,-40.22355587041396,28207,4,13989,-12.959990397112715,31188,,14520
,0,,37292,15392,1.0,2020.0,0,0,-40.28230421814495,22045,4,12801,-12.928616460294032,30573,,14335
,0,,37797,15689,1.0,2020.0,0,0,-40.38796373228862,26471,4,13261,-12.909994858726337,30429,,14523
,0,,39903,14836,1.0,2020.0,0,0,-40.15019388136591,29342,4,13132,-12.905143587944513,32565,,14003
,0,,39636,15643,1.0,2020.0,0,0,-40.386600306167026,28129,4,13787,-12.909124017098396,32823,,14754
,0,,36223,15325,1.0,2020.0,0,0,-40.25798751480767,26001,4,13712,-13.234221224001141,33571,,14883
,0,,35640,15656,1.0,2020.0,0,0,-40.30512528413664,26523,4,13723,-13.198040467407203,33210,,14715
,0,,40938,15648,1.0,2020.0,0,0,-40.33038012703449,25088,4,13311,-12.986368288562772,31433,,14714
,0,,35590,15208,1.0,2020.0,0,0,-40.06924297096946,29689,4,13870,-13.232040483424,31391,,14870
,0,,46326,16073,1.0,2020.0,0,0,-40.373203665395266,28104,4,13619,-12.917306717822107,35173,,14988
,0,,40458,15727,1.0,2020.0,0,0,-40.309830604894216,26602,4,13883,-13.247802109657913,32509,,14968
,0,,42469,16060,1.0,2020.0,0,0,-40.33955982723639,28747,4,14021,-13.00704097555425,35560,,15205
,0,,46197,16238,1.0,2020.0,0,0,-40.06494039029882,30212,4,13908,-12.927421406100711,36678,,15302
,0,,43648,16141,1.0,2020.0,0,0,-40.29627314380265,29450,4,13797,-13.160136430703623,33412,,14881
,0,,41040,16231,1.0,2020.0,0,0,-40.37227352867521,25114,4,13592,-13.039985493315704,34296,,14810
,0,,43063,16175,1.0,2020.0,0,0,-40.34526580410525,35034,4,14417,-13.04843600067817,36695,,15502
,0,,39548,15734,1.0,2020.0,0,0,-40.06758257959673,34696,4,14308,-13.003538303372187,37417,,15141
,0,,48990,16138,1.0,2020.0,0,0,-40.38734374567013,35330,4,14686,-13.17426263033627,37485,,15714
,0,,42076,16098,1.0,2020.0,0,0,-40.3486014817566,33431,4,14890,-13.268099242197795,38734,,15801
,0,,40058,15650,1.0,2020.0,0,0,-40.059693220647645,22181,4,13169,-13.15672149903157,38455,,15078
,0,,49234,16255,1.0,2020.0,0,0,-40.04396007724023,30285,4,14318,-13.087809976506286,44027,,15820
,0,,38788,15180,1.0,2020.0,0,0,-40.094709554508846,28063,4,13332,-12.926741689231488,33137,,14332
,0,,45824,15941,1.0,2020.0,0,0,-40.24783413091364,26140,4,13205,-13.01983693993778,32860,,14509
,0,,36135,15883,0.0,2020.0,0,0,-40.76409369299393,27397,3,14055,-12.909994860425105,33835,,15807
,0,,33125,15945,0.0,2020.0,0,0,-40.76273026714215,29316,3,14326,-12.90912401881359,32975,,15176
,0,,41968,15843,1.0,2020.0,0,0,-40.43437303871622,26319,4,13383,-12.959604936401963,31384,,14543
,0,,43402,15943,1.0,2020.0,0,0,-40.42701846044857,31827,4,13966,-13.265413440150297,35578,,15076
,0,,46795,16224,1.0,2020.0,0,0,-40.7413398605186,34555,4,14141,-12.94742105089471,45191,,15728
,0,,43988,15908,1.0,2020.0,0,0,-40.76178250169207,35111,4,14193,-12.933409944903747,38522,,15390
,0,,42697,15871,1.0,2020.0,0,0,-40.42882015632432,24802,4,13203,-13.03627917742186,30602,,14533
,0,,42108,15948,1.0,2020.0,0,0,-40.72473145021277,23908,4,12867,-13.268099236180044,30874,,14757
,0,,42274,15616,1.0,2020.0,0,0,-40.51083181459388,24082,4,13378,-13.200961385938754,32246,,14527
,0,,38347,15817,1.0,2020.0,0,0,-40.65814406906023,24242,4,13434,-13.19833329819554,31006,,15023
,0,,35014,15574,1.0,2020.0,0,0,-40.67176803378357,26662,4,13600,-13.176545973251748,32853,,15208
,0,,43742,16247,1.0,2020.0,0,0,-40.77055053143078,30065,4,14109,-13.193494232227687,37457,,15424
,0,,40791,16402,1.0,2020.0,0,0,-40.78266524356571,34552,4,14612,-13.253919060913121,38437,,15707
,0,,35709,15541,1.0,2020.0,0,0,-40.67240312256101,29176,4,14286,-13.160136419113117,33156,,15084
,0,,48087,16077,1.0,2020.0,0,0,-40.51193587230824,28658,4,14014,-12.961894127052213,34911,,14731
,0,,35234,15533,1.0,2020.0,0,0,-40.5779415764328,24331,4,12734,-13.265292482800671,30230,,14297
,0,,45774,15865,1.0,2020.0,0,0,-40.6285519440358,27627,4,13433,-13.063515142459057,35873,,14848
,0,,36587,15599,1.0,2020.0,0,0,-40.58474672787616,34585,4,14853,-13.14878004160962,35790,,15169
,0,,50831,16195,1.0,2020.0,0,0,-40.49119773806473,30164,4,14199,-13.199520751736342,37281,,15394
,0,,48630,16068,1.0,2020.0,0,0,-40.456710219908196,34201,4,14521,-13.22896294077233,38171,,15479
,0,,44040,16313,1.0,2020.0,0,0,-40.506784639391725,32212,4,14453,-13.238907324724183,39782,,15926
,0,,45849,16271,1.0,2020.0,0,0,-40.658434199664285,34545,4,15084,-12.928616456096105,41576,,15900
,0,,42361,16389,1.0,2020.0,0,0,-40.77366569318181,30482,4,14282,-12.901102096851627,41244,,16226
,0,,44399,16285,1.0,2020.0,0,0,-40.716799544662436,27864,4,14036,-12.941761047306304,39026,,15862
,0,,39150,15329,1.0,2020.0,0,0,-40.51369765259006,24920,4,13109,-12.981434777330058,31957,,14336
,0,,43727,16223,0.0,2020.0,0,0,-39.029406468580405,22908,3,14169,-13.278688072387933,40038,,16028
,0,,42144,15824,0.0,2020.0,0,0,-39.185116097167615,29245,3,14585,-13.302145417001487,37179,,15448
,0,,38356,15796,0.0,2020.0,0,0,-39.09055561925956,33496,3,15576,-13.271888454157818,36861,,15783
,0,,51550,16520,0.0,2020.0,0,0,-39.63153420244789,22379,3,13779,-13.431176709581262,39124,,16099
,0,,44166,16319,0.0,2020.0,0,0,-39.53223647665246,22696,3,14011,-13.463453437595685,32462,,15127
,0,,50028,16355,0.0,2020.0,0,0,-39.563336135129326,28818,3,14625,-13.336487520931783,41531,,16070
,0,,46287,16523,0.0,2020.0,0,0,-39.64080889239123,36969,3,15214,-13.290833528197819,41936,,16105
,0,,37256,15831,0.0,2020.0,0,0,-39.404780433797974,33575,3,15446,-13.360584551520205,35625,,15611
,0,,46931,15956,0.0,2020.0,0,0,-39.51682443600934,28772,3,14634,-13.346870356157572,33743,,15004
,0,,45537,16384,0.0,2020.0,0,0,-39.63285087771227,33789,3,14924,-13.315271777828444,42814,,16008
,0,,43370,16194,0.0,2020.0,0,0,-39.559385397363194,32936,3,15050,-13.43338951640532,39992,,15808
,0,,41912,15803,0.0,2020.0,0,0,-39.4482249972629,32552,3,15004,-13.335439553911073,38370,,15337
,0,,37979,15164,1.0,2020.0,0,0,-39.648225541611154,24805,4,13162,-13.283526870341055,32736,,14595
,0,,43101,15946,0.0,2020.0,0,0,-39.71857975238366,27923,3,14181,-13.300279349483134,41304,,15477
,0,,46966,16033,0.0,2020.0,0,0,-39.73709885604052,20026,3,12986,-13.47540750922348,34938,,15464
,0,,41368,16095,0.0,2020.0,0,0,-39.851321915428464,35288,3,14926,-13.638431195393984,38029,,15697
,0,,40014,15797,0.0,2020.0,0,0,-39.68881048977257,26488,3,14283,-13.300958491787023,30871,,15186
,0,,41429,16239,0.0,2020.0,0,0,-39.856740723205235,25980,3,14036,-13.282504326040337,37476,,15836
,0,,43399,16259,0.0,2020.0,0,0,-39.9890816683557,30588,3,14963,-13.3209545883793,36116,,15878
,0,,45279,16253,0.0,2020.0,0,0,-39.774063972742,34971,3,14810,-13.278685987755036,41982,,15955
,0,,42891,16313,0.0,2020.0,0,0,-39.76143865022824,29183,3,14366,-13.354962407418315,38901,,16124
,0,,45518,16439,0.0,2020.0,0,0,-39.933700867821265,24767,3,14267,-13.621278460025753,44151,,16162
,0,,37535,15852,0.0,2020.0,0,0,-39.66783026312352,27004,3,14768,-13.46131583654442,27841,,15005
,0,,43076,16517,0.0,2020.0,0,0,-39.680364388440545,34895,3,15155,-13.301444342631665,36847,,15997
,0,,46983,16360,0.0,2020.0,0,0,-39.8256817117543,25644,3,14059,-13.638765844366388,40757,,16149
,0,,47974,16472,0.0,2020.0,0,0,-39.676266593133796,38113,3,15554,-13.405272344081014,41494,,16020
,0,,41812,16120,0.0,2020.0,0,0,-39.68211317601952,28735,3,14481,-13.33313573356659,35550,,15886
,0,,41994,16247,0.0,2020.0,0,0,-39.72807064062335,33038,3,15127,-13.354858735282356,41671,,16196
,0,,33190,14539,1.0,2020.0,0,0,-39.90588519663281,26340,4,13597,-13.571819392088873,31255,,14374
,0,,37383,15518,1.0,2020.0,0,0,-39.996144592214584,24190,4,13318,-13.41350110327158,31179,,14739
,0,,45889,15685,1.0,2020.0,0,0,-39.864970501980395,26898,4,13357,-13.39749478263872,37457,,14789
,0,,45098,16291,1.0,2020.0,0,0,-39.84742725092721,24986,4,13684,-13.3335225293492,31405,,14862
,0,,33970,15243,1.0,2020.0,0,0,-39.6951134377858,30468,4,13930,-13.303991453161135,31031,,14785
,0,,43998,15982,1.0,2020.0,0,0,-39.696909047549156,31235,4,14547,-13.318836648712953,39653,,15591
,0,,40846,15845,1.0,2020.0,0,0,-40.0104707625187,30020,4,14570,-13.282664590779737,37392,,15313
,0,,40107,15956,1.0,2020.0,0,0,-40.01183422699155,25386,4,13921,-13.283535242038658,40023,,15438
,0,,48020,16161,1.0,2020.0,0,0,-39.952703321255626,30669,4,14477,-13.427657735539562,40187,,15642
,0,,46877,16507,1.0,2020.0,0,0,-39.8906236439943,22239,4,13618,-13.28916848191045,39272,,16067
,0,,42008,16029,1.0,2020.0,0,0,-40.00952356563505,21796,4,13073,-13.306945859179093,38036,,15405
,0,,46345,15704,1.0,2020.0,0,0,-39.87659589385894,28122,4,13317,-13.354801081081048,32078,,14152
,0,,34596,15243,1.0,2020.0,0,0,-39.9776239232646,27686,4,13225,-13.41645020863296,32264,,14144
,0,,48690,15816,1.0,2020.0,0,0,-40.023340229771,28747,4,13495,-13.605143548156768,33730,,14513
,0,,38298,14968,1.0,2020.0,0,0,-39.95846842995091,25307,4,12662,-13.424642120125377,33925,,14270
,0,,32151,14766,1.0,2020.0,0,0,-39.871707204213514,27420,4,13452,-13.39335752890327,31154,,14287
,0,,47382,15610,1.0,2020.0,0,0,-40.04517616233739,29841,4,13465,-13.638881240565086,39521,,14935
,0,,36835,15157,1.0,2020.0,0,0,-40.188445052940914,28145,4,13724,-13.354884250790333,33180,,14583
,0,,39261,15532,1.0,2020.0,0,0,-40.06314340117182,30679,4,13653,-13.631543112026284,34586,,14569
,0,,45844,16208,1.0,2020.0,0,0,-40.03809800774426,31161,4,13877,-13.602414494915909,39702,,15850
,0,,37322,15746,0.0,2020.0,0,0,-40.40774741103358,19864,3,12996,-13.55049318366393,33784,,15109
,0,,40118,15904,1.0,2020.0,0,0,-40.39306892230355,26644,4,13716,-13.290833516094704,33807,,15093
,0,,46069,16240,1.0,2020.0,0,0,-40.043559264446344,24087,4,13312,-13.359853031305601,35038,,14891
,0,,42239,16020,1.0,2020.0,0,0,-40.284890874484915,32902,4,14406,-13.289164779530196,38330,,15369
,0,,36966,14991,1.0,2020.0,0,0,-40.385110906749894,27248,4,13141,-13.315271764016012,31841,,14471
,0,,44064,16307,0.0,2020.0,0,0,-40.18439425277745,25590,3,14007,-13.53363711859147,39692,,15794
,0,,45081,16225,1.0,2020.0,0,0,-40.18164805273927,24052,4,13301,-13.367982092966711,40164,,15687
,0,,37667,15760,1.0,2020.0,0,0,-40.04558881239439,28887,4,14398,-13.306934969961242,34196,,15380
,0,,43413,16183,0.0,2020.0,0,0,-40.36998552472796,27013,3,14222,-13.424157719499776,37017,,15578
,0,,43113,15749,1.0,2020.0,0,0,-40.10433110774464,27623,4,13823,-13.304009028681303,39939,,15295
,0,,37127,15399,1.0,2020.0,0,0,-40.04322431488477,26697,4,13437,-13.436964370548942,32565,,14835
,0,,39854,15584,1.0,2020.0,0,0,-40.28670113790134,31794,4,14393,-13.415653640814305,36820,,15137
,0,,40038,15596,1.0,2020.0,0,0,-40.28630585972014,29859,4,13923,-13.333514880281301,36730,,14974
,0,,50391,16369,0.0,2020.0,0,0,-40.2207676986463,34726,3,14767,-13.607702804628241,41017,,15875
,0,,42543,16026,1.0,2020.0,0,0,-40.33688578940061,28124,4,13691,-13.354777665473227,37690,,15334
,0,,42021,15893,1.0,2020.0,0,0,-40.03922617379898,32075,4,14465,-13.32092686187558,33546,,15061
,0,,51154,16423,1.0,2020.0,0,0,-40.13024528292179,29027,4,14238,-13.590856063159885,41443,,16047
,0,,40083,15968,0.0,2020.0,0,0,-40.370800262932484,32792,3,14971,-13.39331622184147,38158,,15583
,0,,41663,15513,0.0,2020.0,0,0,-40.12622837455487,32005,3,14083,-13.59213757514655,35370,,14780
,0,,42524,16245,1.0,2020.0,0,0,-40.120656576303304,34717,4,14782,-13.333168494522733,35620,,15387
,0,,41961,16106,1.0,2020.0,0,0,-40.34556943447081,31089,4,14445,-13.641572748391038,37542,,15378
,0,,38356,15448,1.0,2020.0,0,0,-40.20048500586082,30532,4,13825,-13.335439561579335,36937,,14742
,0,,40765,15914,0.0,2020.0,0,0,-40.178395484127904,35890,3,15248,-13.532536833393968,41122,,15606
,0,,41826,15766,1.0,2020.0,0,0,-40.195919458454846,33886,4,14376,-13.638765229282946,39488,,15356
,0,,45689,15876,0.0,2020.0,0,0,-40.36822752692392,33978,3,14785,-13.397454399807723,41083,,15509
,0,,42999,16037,1.0,2020.0,0,0,-40.4059996510448,35645,4,15005,-13.605500500875344,38859,,15668
,0,,42927,16197,1.0,2020.0,0,0,-40.18741013373837,34899,4,14689,-13.405327249075405,39827,,15715
,0,,41994,16118,0.0,2020.0,0,0,-40.121058234714916,35450,3,14844,-13.31886042161002,40171,,15810
,0,,42985,15668,1.0,2020.0,0,0,-40.3385172177289,28579,4,12997,-13.428414423790723,31278,,14254
,0,,39622,16346,0.0,2020.0,0,0,-40.49704324559775,33296,3,14637,-13.421958646361837,38099,,15991
,0,,36087,15978,0.0,2020.0,0,0,-40.486347986145766,31784,3,14638,-13.427654030950377,35376,,15374
,0,,44477,16142,0.0,2020.0,0,0,-40.4181779924559,33160,3,15044,-13.47984176895218,39773,,15858
,0,,41806,15506,0.0,2020.0,0,0,-40.439273425862645,31634,3,14227,-13.631543106977428,38533,,15093
,0,,41345,15928,0.0,2020.0,0,0,-40.42990881023482,22604,3,13572,-13.508448487799106,35975,,15657
,0,,48652,16555,1.0,2020.0,0,0,-40.44967313118819,30514,4,14263,-13.38054521961107,36579,,15834
,0,,49673,16378,1.0,2020.0,0,0,-40.5968976922627,24573,4,13399,-13.607702824320116,39657,,15497
,0,,48578,15642,1.0,2020.0,0,0,-40.49678658964936,22462,4,13061,-13.333168470585248,33261,,14430
,0,,45840,16050,1.0,2020.0,0,0,-40.50401402115332,31112,4,13963,-13.383067870513601,35647,,14982
,0,,41020,15659,1.0,2020.0,0,0,-40.42171884054547,28955,4,13649,-13.306934931971574,34201,,14732
,0,,41579,16257,1.0,2020.0,0,0,-40.73168714600909,27463,4,13264,-13.558594661615494,32425,,14898
,0,,46287,15953,1.0,2020.0,0,0,-40.722385418181304,25114,4,13067,-13.359362172571007,33797,,14890
,0,,42513,16366,1.0,2020.0,0,0,-40.73828212870482,26730,4,13438,-13.56010174825446,33015,,15038
,0,,46688,16412,1.0,2020.0,0,0,-40.56838681335309,23664,4,13284,-13.409850487364533,35922,,15383
,0,,38768,15676,1.0,2020.0,0,0,-40.62043255286692,27277,4,13581,-13.28250363700508,30984,,14419
,0,,45067,16551,1.0,2020.0,0,0,-40.55777805405952,23934,4,13302,-13.367982081290213,38709,,15937
,0,,44325,16037,1.0,2020.0,0,0,-40.60757507085061,24272,4,13231,-13.571539522217144,34604,,14981
,0,,39902,15964,1.0,2020.0,0,0,-40.57661500347772,24193,4,13610,-13.33543954737319,31718,,14729
,0,,38111,15781,1.0,2020.0,0,0,-40.464667575369404,23699,4,13433,-13.615901192739917,39651,,15465
,0,,48076,16213,1.0,2020.0,0,0,-40.76303838118357,28200,4,13997,-13.556132040457927,33797,,14756
,0,,34973,15012,1.0,2020.0,0,0,-40.68777539400105,24822,4,12798,-13.433389512046237,30821,,14332
,0,,41570,15800,1.0,2020.0,0,0,-40.735861174998206,24212,4,13380,-13.605168336406487,29174,,14071
,0,,45724,15411,1.0,2020.0,0,0,-40.58475291109152,25721,4,12753,-13.571825686353888,35477,,14415
,0,,40724,15670,1.0,2020.0,0,0,-40.515558321276885,26247,4,13410,-13.413530766657198,34666,,14918
,0,,48625,16538,1.0,2020.0,0,0,-40.533926456831054,28359,4,13856,-13.278688034591596,37602,,15507
,0,,42765,15738,1.0,2020.0,0,0,-40.58758831400786,25328,4,13507,-13.627099567402993,34923,,14923
,0,,38002,15484,1.0,2020.0,0,0,-40.421306190588254,29399,4,14331,-13.638881233115592,35179,,14977
,0,,50808,16658,1.0,2020.0,0,0,-40.739090540850896,32439,4,14030,-13.553802143191746,36484,,15549
,0,,48436,16176,1.0,2020.0,0,0,-40.59735117873501,25861,4,13999,-13.638431206663482,41405,,15634
,0,,39110,16081,1.0,2020.0,0,0,-40.563540133925024,27833,4,14385,-13.4053272435261,35530,,15577
,0,,40867,14905,1.0,2020.0,0,0,-40.489079308886716,28550,4,13211,-13.424642105385146,33699,,13841
,0,,36632,14857,1.0,2020.0,0,0,-40.447740128109025,30432,4,13919,-13.64259995319385,35131,,14674
,0,,40213,16142,1.0,2020.0,0,0,-40.69172613142571,27863,4,14089,-13.33648751322256,31788,,15126
,0,,51171,16466,1.0,2020.0,0,0,-40.598033847895536,28888,4,13798,-13.354976924859562,34479,,14939
,0,,45283,16493,1.0,2020.0,0,0,-40.5645750529287,36588,4,15413,-13.354884238003093,39595,,16067
,0,,45472,16298,1.0,2020.0,0,0,-40.499996374922176,33354,4,14746,-13.4164639267925,37095,,15793
,0,,47178,16047,1.0,2020.0,0,0,-40.66062647563075,27193,4,13672,-13.463453434548144,33971,,14869
,0,,40386,15811,1.0,2020.0,0,0,-40.54392012879077,26030,4,13519,-13.553952415088968,31357,,14813
,0,,47463,16495,1.0,2020.0,0,0,-40.41968929299805,24843,4,14067,-13.35985299785073,40129,,15907
,0,,45235,16028,1.0,2020.0,0,0,-40.662831118532786,26689,4,13449,-13.415653648479,33684,,14930
,0,,43099,16396,1.0,2020.0,0,0,-40.529478855778336,27904,4,13699,-13.560112256334698,35704,,15488
,0,,39099,15674,1.0,2020.0,0,0,-40.41422803737425,26004,4,14303,-13.602414482900912,38869,,15209
,0,,42359,16037,1.0,2020.0,0,0,-40.463159422535455,29303,4,14037,-13.301462442153523,35937,,15426
,0,,40142,15746,1.0,2020.0,0,0,-40.440099512123034,20340,4,13049,-13.574411668055257,38731,,15536
,0,,38358,15690,1.0,2020.0,0,0,-40.5720494569607,29480,4,13525,-13.63876524758073,31566,,14481
,0,,46259,16358,0.0,2020.0,0,0,-39.47918848273412,36996,3,14662,-12.824495050608823,39781,,15842
,0,,38087,15782,0.0,2020.0,0,0,-39.6066347269182,25545,3,14006,-12.76195357339074,36102,,15408
,0,,40361,16169,0.0,2020.0,0,0,-39.43904889611729,32334,3,14856,-12.844507714724536,42494,,15912
,0,,43659,16033,1.0,2020.0,0,0,-39.289788224542164,19100,4,12540,-12.7327653950314,38644,,15655
,0,,42076,15736,1.0,2020.0,0,0,-39.61854142601624,30331,4,14456,-12.646205366677865,39636,,15408
,0,,36928,15719,0.0,2020.0,0,0,-39.53748534786899,27700,3,14366,-12.800743679190262,32680,,15177
,0,,42387,15841,1.0,2020.0,0,0,-39.566577024586344,19478,4,12587,-12.72833318163191,34764,,15270
,0,,42406,15350,1.0,2020.0,0,0,-39.35796183342636,26915,4,14027,-12.680555486923152,40336,,15285
,0,,41232,15477,1.0,2020.0,0,0,-39.360693353280055,31432,4,14382,-12.677542338351547,38714,,15362
,0,,37306,14957,1.0,2020.0,0,0,-39.37562976437001,23899,4,13104,-12.63595177652711,35256,,14748
,0,,42257,15561,1.0,2020.0,0,0,-39.41570501653591,24032,4,13658,-12.743485684241664,35606,,14979
,0,,41012,15892,1.0,2020.0,0,0,-39.61596880799834,28105,4,14005,-12.650345060378417,36712,,15384
,0,,45406,15995,1.0,2020.0,0,0,-39.456365911646685,29645,4,14150,-12.824781344968565,36382,,15087
,0,,33039,14894,1.0,2020.0,0,0,-39.56394686346186,26060,4,13190,-12.819975678184152,31641,,14762
,0,,38340,15259,1.0,2020.0,0,0,-39.483158448962264,28671,4,13713,-12.71429207552354,37083,,14933
,0,,35497,15748,0.0,2020.0,0,0,-39.847424461290785,29958,3,14861,-12.586386408710041,34958,,15514
,0,,43022,16178,0.0,2020.0,0,0,-39.87371459576902,20816,3,13107,-12.589367778729649,38112,,15858
,0,,36527,15443,0.0,2020.0,0,0,-39.92691373164094,29853,3,14200,-12.865278315551596,33278,,15161
,0,,38718,15731,1.0,2020.0,0,0,-39.81676937016721,30022,4,14585,-12.599741621391345,34582,,15528
,0,,37648,15733,1.0,2020.0,0,0,-39.839838111443775,22775,4,13187,-12.677098409115645,33433,,15214
,0,,37652,15729,1.0,2020.0,0,0,-39.96913401417529,27852,4,14075,-12.674849809568766,31756,,14716
,0,,34039,15046,1.0,2020.0,0,0,-39.80830191855377,21942,4,12842,-12.843833590695876,32233,,14674
,0,,37954,15512,1.0,2020.0,0,0,-39.83498352075111,27227,4,13810,-12.86639931610822,33003,,14932
,0,,42726,15874,1.0,2020.0,0,0,-40.02140555168922,28394,4,14303,-12.527488356774976,36322,,15673
,0,,44527,16056,1.0,2020.0,0,0,-39.75967508805508,27039,4,13713,-12.588290906110457,33597,,15032
,0,,34927,15168,1.0,2020.0,0,0,-39.95846437871581,27449,4,13654,-12.677542352885983,29299,,14294
,0,,34286,15261,1.0,2020.0,0,0,-39.87659157025349,28471,4,14063,-12.6076732401263,31898,,14761
,0,,38337,15511,1.0,2020.0,0,0,-39.88134328497534,33059,4,14673,-12.61226328971084,35476,,14939
,0,,34359,14940,1.0,2020.0,0,0,-39.95269902709833,27934,4,13731,-12.680559000911062,31564,,14337
,0,,35544,15319,1.0,2020.0,0,0,-40.01525938519594,26238,4,13687,-12.635916195802924,32416,,14693
,0,,37725,15394,1.0,2020.0,0,0,-39.99707284515015,24901,4,13173,-12.543695689660096,31383,,14588
,0,,36060,15145,1.0,2020.0,0,0,-39.83192789120582,27204,4,13744,-12.732827050724058,31871,,14737
,0,,39862,15882,1.0,2020.0,0,0,-39.871701029543466,31782,4,14317,-12.646244504509879,33714,,15247
,0,,40697,15820,0.0,2020.0,0,0,-39.75452354024047,31345,3,14348,-12.865357483818768,37308,,15319
,0,,36178,15165,1.0,2020.0,0,0,-39.890622652158406,29245,4,13821,-12.54201547787959,32703,,14554
,0,,36134,15120,1.0,2020.0,0,0,-39.97247143253118,24823,4,13214,-12.894555351979998,30306,,14288
,0,,38116,15186,1.0,2020.0,0,0,-39.80410139968289,30913,4,14016,-12.681337170534697,35056,,15024
,0,,35774,15366,1.0,2020.0,0,0,-39.880361291266595,26057,4,13227,-12.798885644362246,28537,,14055
,0,,32271,14856,1.0,2020.0,0,0,-39.80299139738245,29284,4,13844,-12.845116283676507,32420,,14576
,0,,35607,14968,1.0,2020.0,0,0,-39.86240554479032,25096,4,13070,-12.813072895374418,30817,,14187
,0,,33330,14995,1.0,2020.0,0,0,-40.257986837314654,28924,4,13367,-12.860670052999701,30023,,14120
,0,,38967,15528,1.0,2020.0,0,0,-40.33037736627439,28654,4,13123,-12.61276997213756,33483,,14657
,0,,41717,15730,1.0,2020.0,0,0,-40.34860145789737,26536,4,13406,-12.894555337841545,30483,,14336
,0,,36472,15495,1.0,2020.0,0,0,-40.244815895414,24533,4,12708,-12.844508864855067,28429,,14163
,0,,41510,15212,1.0,2020.0,0,0,-40.38565148983881,29972,4,13543,-12.559802212117958,36146,,14578
,0,,37578,15686,1.0,2020.0,0,0,-40.28201296081138,22837,4,12439,-12.824775353591205,33072,,14984
,0,,37714,15582,1.0,2020.0,0,0,-40.05239606185044,24447,4,12552,-12.65816687710147,31466,,15008
,0,,41343,15848,1.0,2020.0,0,0,-40.31064247822038,29347,4,14045,-12.640737436700372,35503,,14997
,0,,43074,15576,1.0,2020.0,0,0,-40.391389413777354,26630,4,13999,-12.635916188929917,36967,,14891
,0,,36911,15822,1.0,2020.0,0,0,-40.387343463234195,28096,4,13678,-12.800701254520412,30848,,15138
,0,,38357,15780,1.0,2020.0,0,0,-40.24783104734494,26030,4,13639,-12.646244497311331,31266,,14914
,0,,35551,15445,0.0,2020.0,0,0,-40.32323647634495,27674,3,13822,-12.743472902108314,31347,,14767
,0,,38076,15610,1.0,2020.0,0,0,-40.184431931589735,28632,4,14066,-12.843833570354153,34530,,15107
,0,,43366,16190,0.0,2020.0,0,0,-40.1791214100218,28776,3,14308,-12.845116263073754,37002,,15496
,0,,33473,15840,0.0,2020.0,0,0,-40.38796321052255,26719,3,14137,-12.536382661447549,32600,,15278
,0,,48799,16318,1.0,2020.0,0,0,-40.34526403929048,33376,4,14580,-12.674849799855554,42178,,15836
,0,,50335,16609,0.0,2020.0,0,0,-40.35375078981225,31319,3,14587,-12.669347753910145,44098,,16154
,0,,48208,16572,1.0,2020.0,0,0,-40.20181143240259,28391,4,14229,-12.891747271868981,37392,,15933
,0,,39389,15514,1.0,2020.0,0,0,-40.38659982277147,29279,4,13670,-12.535511629212097,36207,,15007
,0,,42515,16359,1.0,2020.0,0,0,-40.34066797193552,33170,4,15002,-12.56815427288569,39490,,16044
,0,,37662,15883,0.0,2020.0,0,0,-40.37320287236801,33457,3,14696,-12.543695686790981,35954,,15500
,0,,49496,16342,1.0,2020.0,0,0,-40.30512435417186,35099,4,14784,-12.824482621220813,42142,,15796
,0,,41694,15919,1.0,2020.0,0,0,-40.252721588426986,33336,4,14359,-12.607673239040455,37005,,15310
,0,,38910,15714,1.0,2020.0,0,0,-40.23287020739051,31755,4,14039,-12.535348586694472,33207,,14906
,0,,35202,14887,1.0,2020.0,0,0,-40.07119234115497,25707,4,13364,-12.813047144492812,30264,,14084
,0,,48966,16552,0.0,2020.0,0,0,-39.90836354935961,23798,3,14337,-13.83688846806211,38149,,16251
,0,,35944,15580,0.0,2020.0,0,0,-39.70915698674427,31641,3,15254,-13.895661062383413,35157,,15415
,0,,45805,16480,0.0,2020.0,0,0,-39.79805716817382,36009,3,15254,-13.750555424060904,42317,,16043
,0,,46314,16256,0.0,2020.0,0,0,-39.93136206482714,28805,3,14555,-13.901865275275817,39606,,15899
,0,,44140,16282,0.0,2020.0,0,0,-39.67764848438533,34981,3,15605,-13.881873603151623,38114,,15828
,0,,39172,15843,0.0,2020.0,0,0,-39.66591783478342,32915,3,15291,-13.853272183288178,35239,,15637
,0,,35792,15986,0.0,2020.0,0,0,-39.80226355426449,19982,3,13219,-13.905958664822169,34470,,15792
,0,,36441,16034,0.0,2020.0,0,0,-39.82435336860684,19905,3,13106,-13.708899399466912,31776,,15430
,0,,38411,15991,0.0,2020.0,0,0,-39.75411466377832,27823,3,14669,-13.964266329530284,32437,,15736
,0,,39807,15964,0.0,2020.0,0,0,-39.78090770402682,27058,3,14933,-13.734039362500859,33028,,15628
,0,,43223,16167,0.0,2020.0,0,0,-39.79165867688545,29621,3,14820,-13.927370064406158,39192,,15775
,0,,44641,16343,0.0,2020.0,0,0,-39.894348085242726,33322,3,15112,-13.985721110338414,40105,,16072
,0,,45884,16082,0.0,2020.0,0,0,-39.85531334845681,35580,3,15196,-13.944953933425257,38650,,15629
,0,,46784,16470,0.0,2020.0,0,0,-40.0243555266061,31921,3,14629,-13.65699511381699,39807,,15976
,0,,45138,16018,0.0,2020.0,0,0,-39.940069061060576,33445,3,14621,-13.940435868751672,38410,,15472
,0,,39245,16118,0.0,2020.0,0,0,-39.666761101447555,31730,3,15003,-13.94637713782296,37818,,15804
,0,,43545,16367,0.0,2020.0,0,0,-40.007663668667995,36198,3,15177,-13.804616821516,39506,,15736
,0,,52217,16507,0.0,2020.0,0,0,-39.89295314264081,30880,3,15260,-13.72032791458945,45161,,16185
,0,,46562,16358,0.0,2020.0,0,0,-39.83249139137509,35562,3,15380,-13.945240036677818,43016,,16002
,0,,38016,16287,0.0,2020.0,0,0,-39.98682889960563,22011,3,13993,-13.927218972656028,34763,,16141
,0,,45753,15979,0.0,2020.0,0,0,-39.94270023512159,31420,3,14472,-13.848846202657507,40747,,15568
,0,,42212,15547,0.0,2020.0,0,0,-39.910568958242166,27694,3,14242,-13.789097870875365,36528,,14780
,0,,34229,15902,0.0,2020.0,0,0,-39.81127652300758,24133,3,14280,-13.778773600897468,31761,,15599
,0,,35900,15432,0.0,2020.0,0,0,-40.029869390510115,26862,3,14049,-13.97890671647234,30317,,14726
,0,,41681,15498,0.0,2020.0,0,0,-40.02499236754,30976,3,14169,-13.648111478596675,36861,,15080
,0,,46957,15672,0.0,2020.0,0,0,-39.97942522144607,25535,3,14196,-13.932010671568737,38486,,15381
,0,,49194,15926,0.0,2020.0,0,0,-39.969439298880445,34672,3,14595,-14.01497295422827,43748,,15496
,0,,47356,16174,1.0,2020.0,0,0,-39.99209684351939,32489,4,14576,-13.770901267621749,42161,,15792
,0,,46597,16250,1.0,2020.0,0,0,-40.01077754502686,25748,4,14045,-13.929548049392368,39038,,15654
,0,,31589,14713,6.0,2020.0,0,0,-38.99805261341985,22138,21,12545,-13.177051479861822,28632,,14273
,0,,33088,14156,4.0,2020.0,0,0,-39.12810313930173,29172,15,13622,-13.17244870169674,31772,,13915
,0,,36666,15020,4.0,2020.0,0,0,-38.942853334430644,26062,15,13798,-12.930454843639021,32864,,14689
,0,,35077,14960,4.0,2020.0,0,0,-38.93655042206758,26064,15,13580,-12.927421399380968,31536,,14391
,0,,44434,15170,4.0,2020.0,0,0,-39.1174116482655,36941,15,14440,-13.164571057638366,39598,,14710
,0,,35644,14674,4.0,2020.0,0,0,-38.98906289186055,29705,15,13406,-13.242438009896091,36371,,14407
,0,,37541,15095,6.0,2020.0,0,0,-39.2589537289203,27395,21,13169,-13.174262642841313,29390,,13707
,0,,38417,15035,4.0,2020.0,0,0,-39.26603055417868,27555,15,13595,-13.19349424380418,33976,,14511
,0,,36453,14940,6.0,2020.0,0,0,-39.278145266875505,29843,21,13979,-13.253919067974042,33735,,14621
,0,,42162,15172,4.0,2020.0,0,0,-39.08022674199673,28654,15,13687,-13.148780079408318,37189,,14738
,0,,37159,15301,6.0,2020.0,0,0,-39.17673527976066,21744,21,13084,-13.198040479563426,31276,,14412
,0,,41729,15203,4.0,2020.0,0,0,-39.271080182100015,29331,15,14078,-13.23166530081388,40293,,14929
,0,,44865,15371,4.0,2020.0,0,0,-39.16724805195117,29475,15,13279,-13.176545998444935,36866,,14495
,0,,39726,15695,4.0,2020.0,0,0,-39.10072734135715,29777,15,14444,-13.253624221117166,39621,,15505
,0,,36135,14704,4.0,2020.0,0,0,-39.318933568459364,30389,15,13777,-13.186606329763563,34245,,14485
,0,,38634,14736,4.0,2020.0,0,0,-39.427974109955,31372,15,13678,-13.054922797687635,34251,,14259
,0,,46072,15532,4.0,2020.0,0,0,-39.34767535255963,29497,15,13699,-13.182665811218353,38544,,14818
,0,,47061,15315,4.0,2020.0,0,0,-39.49758626405321,35056,15,13861,-12.962971174690134,40279,,14565
,0,,40017,14159,4.0,2020.0,0,0,-39.55078415340658,31410,15,13292,-13.238828318058943,35323,,14113
,0,,38483,14968,4.0,2020.0,0,0,-39.374182590515325,30197,15,13582,-13.177051447729067,33961,,14281
,0,,36556,14949,4.0,2020.0,0,0,-39.5001619422838,30433,15,13929,-13.063515165606383,36141,,14662
,0,,42994,14752,4.0,2020.0,0,0,-39.6200135010574,28248,15,13583,-13.039985517441107,39961,,14456
,0,,38019,14753,4.0,2020.0,0,0,-39.46371139832557,31678,15,13579,-13.050684944359366,36639,,14489
,0,,40317,15350,4.0,2020.0,0,0,-39.45580189426398,30815,15,13074,-13.106402844217184,33252,,14128
,0,,41289,15312,4.0,2020.0,0,0,-39.47044427405143,28258,15,13790,-13.057713725123483,34701,,14737
,0,,48085,15507,4.0,2020.0,0,0,-39.59300577947214,28181,15,13452,-13.04843602070625,37377,,14771
,0,,40794,14871,4.0,2020.0,0,0,-39.57812010404807,24530,15,12112,-12.98636831121129,28640,,13219
,0,,42554,15311,4.0,2020.0,0,0,-39.58840955052148,24598,15,12975,-12.941761079175855,39253,,14912
,0,,35849,14927,4.0,2020.0,0,0,-39.313861411107005,29831,15,13637,-13.185092427668605,32976,,14445
,0,,31599,14002,4.0,2020.0,0,0,-39.4925569386186,27717,15,13202,-13.218063177612592,29470,,13749
,0,,41587,14919,4.0,2020.0,0,0,-39.49354163009634,35406,15,14069,-13.1645710417359,36788,,14505
,0,,52922,15945,4.0,2020.0,0,0,-39.519710594471334,29625,15,14483,-13.071262645898877,38108,,14957
,0,,48486,15583,4.0,2020.0,0,0,-39.43217338086152,37596,15,14666,-13.21738795429284,41531,,15284
,0,,49200,15441,4.0,2020.0,0,0,-39.63913001946941,27564,15,13108,-13.009509214532224,43264,,14984
,0,,41559,15447,4.0,2020.0,0,0,-39.48061046115806,22056,15,12660,-12.90896240475616,38470,,15202
,0,,46589,15441,4.0,2020.0,0,0,-39.426862858259874,31523,15,14499,-13.218670377091149,40991,,15180
,0,,43724,15733,4.0,2020.0,0,0,-39.36280772447673,34079,15,14402,-13.199520764345111,38894,,15078
,0,,39441,15150,4.0,2020.0,0,0,-39.62094363766861,24883,15,13254,-12.917306752244556,35863,,14860
,0,,48810,15855,4.0,2020.0,0,0,-39.5765711725959,27653,15,13493,-13.054144304149549,42517,,15249
,0,,40249,15512,4.0,2020.0,0,0,-39.514493150789455,28184,15,13892,-12.91562793168962,38951,,15267
,0,,46334,15139,4.0,2020.0,0,0,-39.63508371638463,21417,15,12625,-13.174262646573847,39634,,14657
,0,,46687,15410,4.0,2020.0,0,0,-39.55118377076513,30997,15,14165,-13.139023818784036,43425,,15208
,0,,41644,14643,4.0,2020.0,0,0,-39.50423312155599,36015,15,14075,-13.17244868714742,37299,,14274
,0,,44042,15182,4.0,2020.0,0,0,-39.633392511429555,23160,15,12693,-12.933409978133598,34654,,14260
,0,,50465,15359,4.0,2020.0,0,0,-39.456356722350364,32148,15,14014,-13.148780058599359,44664,,14931
,0,,42587,15717,4.0,2020.0,0,0,-39.39610427600675,34390,15,14839,-13.059880891825259,41250,,15309
,0,,38289,15006,6.0,2020.0,0,0,-39.63570370293864,26354,21,13319,-12.90999489509869,34115,,14706
,0,,38675,15263,6.0,2020.0,0,0,-39.30743322766607,21874,21,13106,-13.156721480336314,34206,,14617
,0,,37783,14864,6.0,2020.0,0,0,-39.64527570393144,29560,21,13650,-12.901102132233698,36427,,14646
,0,,36911,15425,6.0,2020.0,0,0,-39.55838555095388,27202,21,13895,-13.014330591315266,33596,,14804
,0,,35140,14899,6.0,2020.0,0,0,-39.32400899037263,31672,21,13699,-13.25807756306279,33606,,14486
,0,,41998,15773,6.0,2020.0,0,0,-39.53912206414983,33191,21,13530,-13.159038284675416,36355,,15019
,0,,44399,15521,6.0,2020.0,0,0,-39.32832020334826,28899,21,14196,-13.228962951048484,39812,,15318
,0,,41654,15491,6.0,2020.0,0,0,-39.53004420049146,28168,21,13822,-12.928616487335994,32464,,14643
,0,,40444,15655,6.0,2020.0,0,0,-39.634340276962,30045,21,14321,-12.909124053506751,36892,,15383
,0,,48955,15994,6.0,2020.0,0,0,-39.38244180269799,35458,21,14868,-13.200961398660617,45061,,15518
,0,,37937,15717,6.0,2020.0,0,0,-39.612949868492606,29214,21,13879,-12.947421082977222,34904,,15211
,0,,43464,15513,6.0,2020.0,0,0,-39.50521561615832,32702,21,14311,-12.985862252084894,40852,,15199
,0,,39746,15521,6.0,2020.0,0,0,-39.791832579978795,26075,21,13720,-13.117059312125681,37457,,15195
,0,,51746,16200,4.0,2020.0,0,0,-40.01077923684304,24199,15,13038,-13.182644138883358,39599,,14973
,0,,42496,15684,6.0,2020.0,0,0,-39.71240773198189,24609,21,13480,-13.242424384296509,37121,,15062
,0,,44112,15896,6.0,2020.0,0,0,-39.66676122599693,29213,21,14393,-13.199480307626018,37049,,15207
,0,,40450,15221,4.0,2020.0,0,0,-39.69741429927105,23730,15,13208,-13.007023350517347,36164,,14661
,0,,41469,15629,6.0,2020.0,0,0,-39.96943951935911,30142,21,13981,-13.268100731264715,36608,,15227
,0,,39251,15496,6.0,2020.0,0,0,-39.67764907576567,30325,21,13287,-13.13495155120599,32193,,14520
,0,,43756,15938,6.0,2020.0,0,0,-39.992098154988966,27024,21,13538,-13.023935689693708,32494,,14672
,0,,46137,15696,4.0,2020.0,0,0,-39.66904616644775,25839,15,13247,-13.265409544222898,40316,,15094
,0,,36994,14867,4.0,2020.0,0,0,-39.939466881587784,27559,15,13326,-12.962956422787176,33111,,14270
,0,,38980,14984,4.0,2020.0,0,0,-39.85639603433603,25794,15,13205,-13.024972537653788,34022,,14635
,0,,43994,15587,4.0,2020.0,0,0,-39.982763231269765,25083,15,12663,-13.135522862209537,34156,,14374
,0,,50328,15895,4.0,2020.0,0,0,-39.81128370877906,32018,15,13691,-13.031809043467431,39294,,15088
,0,,45597,15251,4.0,2020.0,0,0,-39.79416897548605,29525,15,13204,-13.139030579638373,43269,,14924
,0,,38284,15274,4.0,2020.0,0,0,-39.728202306473236,20449,15,12294,-12.930471974293877,33289,,14905
,0,,33395,14819,6.0,2020.0,0,0,-39.71090057209076,24237,21,13360,-12.927925157092123,28971,,13998
,0,,50442,16132,4.0,2020.0,0,0,-39.74492988074374,37150,15,14562,-12.94532603683885,40265,,15049
,0,,46885,15586,4.0,2020.0,0,0,-39.93551733125992,31799,15,13747,-13.059877030453922,38620,,14916
,0,,45902,15486,4.0,2020.0,0,0,-39.76330116677255,28139,15,13258,-13.040014447725373,41735,,15046
,0,,45168,15645,4.0,2020.0,0,0,-39.98360270823466,31634,15,14053,-13.231689455992754,37246,,14781
,0,,42036,14803,4.0,2020.0,0,0,-39.808266212754624,28785,15,13583,-13.160143627102798,37496,,14706
,0,,46392,15145,4.0,2020.0,0,0,-39.663096310082636,30006,15,13494,-12.947394076093826,39414,,14554
,0,,44224,15413,4.0,2020.0,0,0,-39.9607565103813,23160,15,12252,-12.981250321715645,32567,,14225
,0,,41249,14973,4.0,2020.0,0,0,-39.71885254647597,25177,15,12654,-12.927437848323072,32202,,13961
,0,,43560,14986,4.0,2020.0,0,0,-39.845775735196554,33565,15,13763,-12.98144896581831,38180,,14441
,0,,36749,14920,6.0,2020.0,0,0,-39.90836939120043,23217,21,11669,-13.089946532496493,32298,,13513
,0,,47498,15211,4.0,2020.0,0,0,-40.02211564685742,26297,15,12874,-12.90911655590146,29835,,13681
,0,,43252,14934,4.0,2020.0,0,0,-40.016938937137894,25672,15,11917,-12.917294677924954,30496,,13441
,0,,44031,15450,4.0,2020.0,0,0,-40.02499237615131,26064,15,12570,-12.90109971294332,28075,,13262
,0,,41268,15865,6.0,2020.0,0,0,-39.842815613141056,30308,21,14100,-12.898344477696808,40767,,15265
,0,,38251,14806,4.0,2020.0,0,0,-39.81613042962735,33972,15,13491,-13.036333140371184,34269,,14254
,0,,50820,15849,4.0,2020.0,0,0,-39.99385625931854,28226,15,13282,-13.050644177371549,37864,,14987
,0,,51329,15851,4.0,2020.0,0,0,-39.99467083188023,26112,15,13361,-13.01979675355692,33725,,14548
,0,,35908,14762,4.0,2020.0,0,0,-40.02986985162739,27580,15,12338,-13.232022483914529,33887,,13515
,0,,33998,13890,4.0,2020.0,0,0,-39.91017677077142,26033,15,12606,-12.959982983202543,31848,,13428
,0,,37012,15087,4.0,2020.0,0,0,-39.81231726836885,29925,15,13225,-12.981356327679292,30255,,13967
,0,,31889,13603,4.0,2020.0,0,0,-39.93737644243457,24191,15,12365,-12.92860768375936,29059,,13223
,0,,38335,15096,4.0,2020.0,0,0,-40.2913820828162,28922,15,13297,-13.159038279654366,31915,,14219
,0,,35285,14521,4.0,2020.0,0,0,-40.25242195664182,26087,15,13046,-13.0635151586217,31013,,13900
,0,,43229,15958,4.0,2020.0,0,0,-40.05269012956971,26661,15,13220,-13.036279200032917,29326,,14086
,0,,34138,14502,4.0,2020.0,0,0,-40.399470200673456,31474,15,13351,-13.231665291572591,30685,,14152
,0,,38502,14771,4.0,2020.0,0,0,-40.22911733429481,34018,15,13922,-13.253624211104812,36361,,14547
,0,,43311,15774,4.0,2020.0,0,0,-40.21597140864103,29643,15,13769,-13.050684938424045,34547,,14743
,0,,38665,14525,4.0,2020.0,0,0,-40.23853730682972,25493,15,12763,-13.18663325450889,34328,,14064
,0,,43209,15322,4.0,2020.0,0,0,-40.07835104265853,32985,15,13999,-13.180310064163503,38805,,14772
,0,,42741,15602,4.0,2020.0,0,0,-40.29563805489877,33230,15,13549,-13.176545985013476,36564,,14954
,0,,43718,15623,4.0,2020.0,0,0,-40.11322697507553,29564,15,13553,-13.10190332112435,34529,,14787
,0,,48714,15534,4.0,2020.0,0,0,-40.11506772360709,37821,15,14245,-13.199520784944344,40196,,15074
,0,,42348,15505,4.0,2020.0,0,0,-40.25649313636002,28009,15,13077,-13.172448687597662,37674,,14921
,0,,48515,15541,4.0,2020.0,0,0,-40.244816952125625,36603,15,13934,-13.218063182893307,45354,,15177
,0,,41535,15163,4.0,2020.0,0,0,-40.071193562720005,30507,15,13947,-13.186606351846258,34914,,14699
,0,,47872,15540,4.0,2020.0,0,0,-40.126442590908916,35874,15,14506,-13.177051464966633,42107,,15127
,0,,50401,15871,4.0,2020.0,0,0,-40.04846888800192,30099,15,13878,-13.15490329986068,43173,,15355
,0,,46471,16372,4.0,2020.0,0,0,-40.39442057199487,30034,15,13908,-13.193494232423713,39033,,15638
,0,,41575,15847,6.0,2020.0,0,0,-40.266753166717535,26572,21,13418,-12.915627903845413,30913,,14570
,0,,36760,15321,6.0,2020.0,0,0,-40.05649431699653,26633,21,13626,-12.927907492987064,30395,,14440
,0,,38836,15253,6.0,2020.0,0,0,-40.10419996454123,29969,21,13412,-12.981331456112105,36450,,14713
,0,,41132,15522,6.0,2020.0,0,0,-40.1844333876807,28750,21,13922,-13.217387967283264,40372,,15192
,0,,37099,14829,4.0,2020.0,0,0,-40.34066957464549,27819,15,12977,-12.941761050216547,28709,,13567
,0,,33544,14391,4.0,2020.0,0,0,-40.41025793912669,28980,15,13194,-13.084368005212989,31759,,13983
,0,,31249,14031,4.0,2020.0,0,0,-40.36520989533143,23690,15,12272,-12.94742105299718,26980,,13445
,0,,35680,14734,4.0,2020.0,0,0,-40.05239632873535,22300,15,12069,-13.031755546338537,27034,,13488
,0,,38258,14114,4.0,2020.0,0,0,-40.13580586193268,27783,15,12627,-12.961894140038705,32246,,13384
,0,,33069,14416,4.0,2020.0,0,0,-40.13756764256134,31118,15,13145,-12.981434791872699,32450,,13745
,0,,39002,14563,4.0,2020.0,0,0,-40.141284892415484,28141,15,13301,-13.042132101367049,31080,,13878
,0,,49696,15597,4.0,2020.0,0,0,-40.271970610993954,29737,15,13165,-13.07126263696614,33560,,14240
,0,,37326,14577,4.0,2020.0,0,0,-40.22270428511631,31066,15,12856,-13.057713719725538,34390,,14161
,0,,38555,14781,4.0,2020.0,0,0,-40.303443790768505,29367,15,12923,-13.139023810752903,32796,,13628
,0,,33123,14771,4.0,2020.0,0,0,-40.32323810245453,31796,15,13810,-13.117046158139436,33169,,14525
,0,,44775,15454,4.0,2020.0,0,0,-40.33459642615007,25493,15,12759,-13.051128154403813,32177,,14241
,0,,43201,14979,4.0,2020.0,0,0,-40.10439180793174,25789,15,12705,-13.024945477768245,35838,,14116
,0,,40065,15200,4.0,2020.0,0,0,-40.20806190370854,29429,15,13465,-13.106402846066723,37187,,14633
,0,,43838,15279,4.0,2020.0,0,0,-40.11745286799273,33919,15,13513,-13.242437997975603,38169,,14487
,0,,42694,15558,4.0,2020.0,0,0,-40.05824301305412,34060,15,13981,-12.959604952350064,39222,,15054
,0,,47302,15758,4.0,2020.0,0,0,-40.08422161685796,28981,15,13227,-12.994422982170882,39650,,14795
,0,,47008,15697,4.0,2020.0,0,0,-40.148364278824765,30185,15,13927,-13.059880891478809,36902,,14936
,0,,37842,14357,6.0,2020.0,0,0,-40.119411986791754,32561,21,13332,-13.13553699130096,36970,,13906
,0,,35740,14942,6.0,2020.0,0,0,-40.19098226899401,28720,21,13515,-13.135005371986734,34137,,14278
,0,,40565,14572,4.0,2020.0,0,0,-40.555252866325674,30120,15,13206,-13.218670365082335,33468,,13791
,0,,40149,15155,4.0,2020.0,0,0,-40.599685863501094,35738,15,14314,-12.95999038787508,37417,,14983
,0,,40154,15150,4.0,2020.0,0,0,-40.5690307981171,26496,15,13825,-12.97334298309097,33017,,14422
,0,,53918,16052,4.0,2020.0,0,0,-40.60900046458971,31690,15,13906,-12.908962373592084,45139,,15218
,0,,49673,15226,4.0,2020.0,0,0,-40.44225142890998,27820,15,13149,-13.18509241532046,38832,,14646
,0,,40460,14484,4.0,2020.0,0,0,-40.56056338846795,29918,15,13162,-13.217387942137995,33248,,13672
,0,,37962,15358,4.0,2020.0,0,0,-40.71072639736353,23935,15,12989,-13.05112814802994,29625,,14314
,0,,37376,14732,4.0,2020.0,0,0,-40.592101403217455,28069,15,13206,-13.050684921265136,31603,,14186
,0,,42007,15258,4.0,2020.0,0,0,-40.76752000923548,27808,15,13482,-13.009509186323823,34917,,14526
,0,,45974,15022,4.0,2020.0,0,0,-40.449719283468774,26877,15,13132,-13.269129682348185,38127,,14320
,0,,43713,14923,4.0,2020.0,0,0,-40.623964119213746,34099,15,13223,-13.01983692667147,37170,,14291
,0,,33100,14883,4.0,2020.0,0,0,-40.460351637399135,24688,15,13006,-12.994422964362792,28699,,13894
,0,,46504,15077,4.0,2020.0,0,0,-40.68125526115271,30403,15,13421,-13.198040456630507,36482,,14199
,0,,44207,15443,4.0,2020.0,0,0,-40.476065367451596,31078,15,13446,-13.182665797956847,36021,,14510
,0,,43020,15827,4.0,2020.0,0,0,-40.71568979747301,28051,15,13447,-13.007040970040276,34695,,14892
,0,,49454,15284,4.0,2020.0,0,0,-40.52632388891084,30714,15,13572,-12.905143580319358,37712,,14711
,0,,37969,14878,4.0,2020.0,0,0,-40.4410704146412,27332,15,13174,-12.9274213931237,32621,,14471
,0,,45743,15443,4.0,2020.0,0,0,-40.4523990073001,32176,15,13664,-13.258077554778941,39168,,14714
,0,,36160,15356,4.0,2020.0,0,0,-40.62193163241588,24794,15,12881,-13.164571025412146,30857,,14413
,0,,35790,14314,4.0,2020.0,0,0,-40.61722741467311,27035,15,12891,-13.02397496231649,33356,,13940
,0,,43562,14942,4.0,2020.0,0,0,-40.4805218244982,30138,15,13454,-13.024945458218147,35255,,14245
,0,,33966,13969,4.0,2020.0,0,0,-40.72988233491151,27635,15,13031,-13.042934898027237,29747,,13589
,0,,42328,15019,4.0,2020.0,0,0,-40.66751206253826,31382,15,13361,-13.159038267499978,37342,,14495
,0,,40950,14648,4.0,2020.0,0,0,-40.635321151091645,28208,15,13006,-13.180466551965383,34755,,14040
,0,,41090,15048,4.0,2020.0,0,0,-40.603581787174484,25474,15,12514,-13.264957748774583,33057,,13923
,0,,34009,14153,4.0,2020.0,0,0,-40.614667296959006,24611,15,12478,-13.18663323594169,29175,,13397
,0,,42800,14531,4.0,2020.0,0,0,-40.632623122953845,28472,15,12960,-13.172448671234715,36904,,14027
,0,,39667,15530,4.0,2020.0,0,0,-40.699368075903585,23495,15,13155,-13.117046150007665,33902,,14593
,0,,39627,14222,4.0,2020.0,0,0,-40.6259762660239,22560,15,11766,-12.96297114606063,28572,,13397
,0,,48546,15395,4.0,2020.0,0,0,-40.64810059453783,27900,15,13418,-13.071262623065762,37222,,14796
,0,,34316,14920,6.0,2020.0,0,0,-40.44537299445903,25071,21,12464,-13.232040445065602,27352,,13352
,0,,38029,15779,6.0,2020.0,0,0,-40.721395773217544,26046,21,13694,-13.04843599557941,31898,,14819
,0,,42719,16125,6.0,2020.0,0,0,-40.435823246022125,24565,21,13551,-13.156721466600537,32753,,14909
,0,,39472,14613,4.0,2020.0,0,0,-40.62094694101904,31414,15,13721,-13.218063164868392,34702,,14056
,0,,36095,15384,4.0,2020.0,0,0,-40.679174150788675,26117,15,12816,-13.238828306094623,30997,,14301
,0,,39421,15044,4.0,2020.0,0,0,-40.454481064354255,26087,15,13162,-13.180310030513695,33333,,14362
,0,,37897,14960,4.0,2020.0,0,0,-40.704961167759116,23366,15,12533,-13.054144279577963,31691,,14086
,0,,30659,13897,4.0,2020.0,0,0,-40.49554200039355,22830,15,12506,-13.135536963080183,27158,,13276
,0,,42428,15358,4.0,2020.0,0,0,-40.44737332671025,33877,15,13974,-12.930454836542019,37904,,14912
,0,,38244,15189,4.0,2020.0,0,0,-40.447323585825494,36040,15,14180,-13.186606317380654,36922,,14880
,0,,41344,15155,4.0,2020.0,0,0,-40.6428831512998,29567,15,13565,-12.915627900107177,37904,,14600
,0,,45898,15538,4.0,2020.0,0,0,-40.679573768114224,27197,15,13269,-13.139023800148006,33752,,14190
,0,,34732,14302,4.0,2020.0,0,0,-40.48935698989922,27726,15,12931,-13.101903295472583,31205,,13849
,0,,38620,14494,4.0,2020.0,0,0,-40.556364117925746,26880,15,12842,-13.054922775648047,30094,,13552
,0,,42259,15158,4.0,2020.0,0,0,-40.60524732627934,28798,15,13145,-13.253624190996621,31257,,13773
,0,,38204,14369,4.0,2020.0,0,0,-40.43262434300206,25767,15,12476,-12.927907479607214,29946,,13537
,0,,31219,14048,4.0,2020.0,0,0,-40.68596058098443,23134,15,12283,-13.247802099117283,27707,,13087
,0,,33217,14038,4.0,2020.0,0,0,-40.48032998114352,24282,15,12500,-12.981331440217572,29106,,13342
,0,,40939,14906,4.0,2020.0,0,0,-40.63411750110727,25378,15,12745,-13.234221207436383,30177,,13777
,0,,40657,14778,4.0,2020.0,0,0,-40.52449428672363,24726,15,12634,-13.059880870787875,31359,,13925
,0,,47367,15347,4.0,2020.0,0,0,-40.584191899839546,27337,15,12905,-13.106402824402442,34738,,14134
,0,,38977,14891,4.0,2020.0,0,0,-40.59883427836529,26037,15,12983,-13.057713702251663,33042,,14061
,0,,35569,13993,4.0,2020.0,0,0,-40.44916886308216,23663,15,12053,-12.945302859530562,30270,,13230
,0,,44357,15205,4.0,2020.0,0,0,-40.51741490170968,24467,15,12300,-13.042132081878597,30420,,13622
,0,,37430,14180,4.0,2020.0,0,0,-40.42009010571394,24816,15,12353,-13.087809949222036,27725,,13134
,0,,37238,15038,6.0,2020.0,0,0,-40.44371260341636,24699,21,13007,-13.003538284117152,32025,,14382
,0,,37323,15188,6.0,2020.0,0,0,-39.156500873153014,28492,21,13967,-13.289164788915894,36071,,14879
,0,,29057,14204,6.0,2020.0,0,0,-38.97594113357661,26223,21,13316,-13.30400904094033,29794,,13748
,0,,43692,15506,4.0,2020.0,0,0,-39.61596749975451,25554,15,13270,-13.397454420621099,34432,,14640
,0,,42185,15143,4.0,2020.0,0,0,-39.371790775988416,24533,15,13140,-13.300292437723487,34227,,14685
,0,,35927,14812,4.0,2020.0,0,0,-39.61854023547532,23664,15,13307,-13.393316242522806,31199,,14425
,0,,45745,15080,4.0,2020.0,0,0,-39.56124608168934,29643,15,13906,-13.3021454103892,40354,,14951
,0,,34609,15169,6.0,2020.0,0,0,-39.64886237035165,35970,21,13959,-13.274641536342337,36585,,14541
,0,,37889,15042,6.0,2020.0,0,0,-39.46964384352136,29228,21,13975,-13.35497693095193,35497,,14508
,0,,34999,14882,6.0,2020.0,0,0,-39.617725497362294,29581,21,14127,-13.424157743523644,34120,,14511
,0,,40866,14913,6.0,2020.0,0,0,-39.566572504927564,30372,21,14024,-13.47541375193268,38385,,14594
,0,,35899,15099,4.0,2020.0,0,0,-39.83193589646796,24019,15,13107,-13.479906789305074,30291,,14622
,0,,45671,15220,4.0,2020.0,0,0,-39.91950934669409,26539,15,13261,-13.550036169272984,38357,,14440
,0,,52066,15515,4.0,2020.0,0,0,-39.86967373929543,30791,15,13365,-13.538063773270057,39773,,14626
,0,,34112,15382,4.0,2020.0,0,0,-39.86868799391501,29959,15,13995,-13.591545616039832,34794,,14727
,0,,37987,15217,4.0,2020.0,0,0,-39.69145297798553,27606,15,13352,-13.377060787224337,34773,,14545
,0,,45041,15394,4.0,2020.0,0,0,-39.76515670145337,25894,15,13338,-13.415648070720598,35846,,14487
,0,,43395,15863,4.0,2020.0,0,0,-39.94710970914601,29794,15,13727,-13.490547555422868,36976,,15076
,0,,43946,15585,4.0,2020.0,0,0,-39.67656040783306,27409,15,13829,-13.409795132629716,38099,,15180
,0,,43482,15558,4.0,2020.0,0,0,-39.77223644789182,25816,15,13158,-13.43339350387501,36668,,14961
,0,,46636,15338,4.0,2020.0,0,0,-39.92014465464719,29114,15,13781,-13.533629769622985,42759,,15160
,0,,54076,16307,4.0,2020.0,0,0,-40.01829070448519,28539,15,14049,-13.56697992710713,38896,,15315
,0,,52385,15621,4.0,2020.0,0,0,-39.9645411564744,28921,15,13752,-13.315295999286018,46473,,15152
,0,,46999,15696,6.0,2020.0,0,0,-39.83984468305429,31618,21,14289,-13.424199615374382,36889,,15025
,0,,40030,15122,6.0,2020.0,0,0,-39.85298770081867,22884,21,12566,-13.62709981873658,32893,,14615
,0,,43773,15195,6.0,2020.0,0,0,-39.804106814086246,35246,21,14288,-13.42843655867508,40679,,14809
,0,,49437,15954,6.0,2020.0,0,0,-39.728262843389416,25244,21,13100,-13.398464367749872,42383,,15414
,0,,37012,15158,4.0,2020.0,0,0,-39.86240903902211,31936,15,13842,-13.560121750796045,33699,,14478
,0,,39572,15090,4.0,2020.0,0,0,-39.880364949112504,28266,15,13466,-13.545939870945539,34315,,14322
,0,,49135,15559,4.0,2020.0,0,0,-40.015260657611094,29250,15,13458,-13.383030353161887,38024,,14693
,0,,46323,15300,4.0,2020.0,0,0,-39.89584392859123,30514,15,13263,-13.444773237671138,38523,,14595
,0,,49476,15699,4.0,2020.0,0,0,-39.92691457226455,30088,15,13675,-13.612306452933506,38288,,14522
,0,,50730,16012,4.0,2020.0,0,0,-39.99707443311873,29275,15,12995,-13.290845930558193,40365,,14846
,0,,43792,15553,4.0,2020.0,0,0,-39.963432079997595,32154,15,14040,-13.380563371397416,37151,,14723
,0,,46637,16002,4.0,2020.0,0,0,-39.87371792857674,27604,15,13292,-13.336502680767897,37019,,15121
,0,,48668,15848,4.0,2020.0,0,0,-39.927315479034995,36176,15,14616,-13.51252115853822,40551,,15009
,0,,41000,15367,4.0,2020.0,0,0,-39.88134794577166,27989,15,13150,-13.359389333307188,35913,,14747
,0,,46418,15862,4.0,2020.0,0,0,-39.954252870561774,30574,15,13386,-13.359894769155813,41967,,15125
,0,,42322,15230,6.0,2020.0,0,0,-39.87629588939493,29492,21,13342,-13.437027328481129,32830,,14609
,0,,47846,15447,4.0,2020.0,0,0,-40.20862291508303,32290,15,13782,-13.571825672039155,38661,,14758
,0,,50482,15465,4.0,2020.0,0,0,-40.23144507933801,33695,15,13622,-13.571539504022892,41953,,14918
,0,,50251,15330,4.0,2020.0,0,0,-40.15701232040016,34212,15,13818,-13.545933078409513,44512,,14742
,0,,41161,15281,4.0,2020.0,0,0,-40.32054451428657,37701,15,14095,-13.530248833908853,39892,,15065
,0,,47717,15542,4.0,2020.0,0,0,-40.31350610280503,32783,15,13485,-13.302145407253024,39619,,14664
,0,,39846,14882,4.0,2020.0,0,0,-40.11294929402496,36313,15,13919,-13.424642121005645,38225,,14342
,0,,37255,14775,4.0,2020.0,0,0,-40.28973949602395,25437,15,13316,-13.547796833821481,34531,,14356
,0,,37419,14616,4.0,2020.0,0,0,-40.21145831854989,24037,15,12320,-13.627099547507914,32439,,13922
,0,,42699,14816,4.0,2020.0,0,0,-40.38923878886629,33287,15,13646,-13.627404941234747,38047,,14611
,0,,32211,13935,6.0,2020.0,0,0,-40.36296057523006,21917,21,12077,-13.553802106385662,28329,,13199
,0,,47459,16053,4.0,2020.0,0,0,-40.15779645078877,29065,15,14155,-13.278688062096954,35759,,15324
,0,,41416,15316,4.0,2020.0,0,0,-40.28631543002564,25511,15,12997,-13.621285429741421,35290,,14676
,0,,46100,15585,4.0,2020.0,0,0,-40.31620169095336,30341,15,13796,-13.567020996612616,39281,,15094
,0,,42874,15238,4.0,2020.0,0,0,-40.232523330801335,30548,15,13825,-13.398492121800903,40874,,14866
,0,,43501,15879,6.0,2020.0,0,0,-40.16796015600175,29215,21,14145,-13.490561017276978,35322,,15158
,0,,51267,16157,4.0,2020.0,0,0,-40.20029350193802,30960,15,14308,-13.550045335457794,43239,,15601
,0,,38067,15383,4.0,2020.0,0,0,-40.13942831163797,28962,15,13832,-13.413530778770788,37891,,15064
,0,,45567,15819,4.0,2020.0,0,0,-40.17029686184515,29940,15,14000,-13.512528069067619,42524,,15208
,0,,53412,16368,4.0,2020.0,0,0,-40.31883252664051,32187,15,14479,-13.475413728763481,42435,,15530
,0,,52528,16039,4.0,2020.0,0,0,-40.235410472808255,31632,15,14178,-13.461378955133439,45648,,15404
,0,,45697,16008,4.0,2020.0,0,0,-40.22211806197361,34356,15,14723,-13.457943612493443,40289,,15613
,0,,47502,15376,4.0,2020.0,0,0,-40.192256814120526,29740,15,13576,-13.409850491684516,35539,,14716
,0,,34915,13820,4.0,2020.0,0,0,-40.08702940254681,28604,15,12623,-13.30146247466269,29959,,13273
,0,,46231,15371,4.0,2020.0,0,0,-40.12386636221321,30589,15,13461,-13.41646394129366,36288,,14296
,0,,34163,14340,4.0,2020.0,0,0,-40.09498142476454,21721,15,11827,-13.300975367963758,28556,,13421
,0,,42305,15167,4.0,2020.0,0,0,-40.40112240116483,35253,15,13465,-13.274641525004158,38745,,14805
,0,,40070,14692,4.0,2020.0,0,0,-40.15704043759078,32068,15,13596,-13.360584561955005,36474,,14304
,0,,47955,16165,4.0,2020.0,0,0,-40.35555717893097,33423,15,14362,-13.558594624983327,40423,,15407
,0,,42816,15042,4.0,2020.0,0,0,-40.39824565764431,31951,15,13306,-13.282656876746364,36836,,14389
,0,,44015,15238,4.0,2020.0,0,0,-40.24430256387072,31934,15,13567,-13.282503653759454,39440,,14703
,0,,37064,13979,4.0,2020.0,0,0,-40.26908445221243,29961,15,13030,-13.346870353738222,31937,,13371
,0,,45826,15872,4.0,2020.0,0,0,-40.6923316657786,26500,15,13334,-13.567021028908949,31581,,14350
,0,,42750,15463,4.0,2020.0,0,0,-40.68963607816883,26166,15,13236,-13.302145401528303,32650,,14164
,0,,48258,16094,4.0,2020.0,0,0,-40.7766155305919,27499,15,13002,-13.283526859939467,31451,,14453
,0,,44251,14936,4.0,2020.0,0,0,-40.77437561633152,25956,15,12846,-13.28265687819703,32976,,14325
,0,,53657,15819,4.0,2020.0,0,0,-40.76919888200919,28915,15,13257,-13.29083351812518,35042,,14171
,0,,48883,15681,4.0,2020.0,0,0,-40.611540463538006,27027,15,12923,-13.461378963417602,36202,,14493
,0,,43502,15538,4.0,2020.0,0,0,-40.53314232658195,27377,15,13270,-13.545933081509395,32538,,14307
,0,,43574,15149,4.0,2020.0,0,0,-40.66102085548163,31200,15,13769,-13.289164768533155,34186,,14226
,0,,39345,15543,4.0,2020.0,0,0,-40.69667448825179,24812,15,13135,-13.530248862274597,30967,,14563
,0,,44930,15067,4.0,2020.0,0,0,-40.662445410728225,31109,15,13180,-13.62128546190031,35192,,14163
,0,,53200,16176,4.0,2020.0,0,0,-40.55579776596845,30895,15,13723,-13.613424072021385,36591,,14965
,0,,45257,15432,4.0,2020.0,0,0,-40.554525486089595,31449,15,13129,-13.532536838919034,33993,,14127
,0,,51329,15750,4.0,2020.0,0,0,-40.69496250094771,28603,15,13278,-13.47541374893149,34957,,14386
,0,,32948,14252,4.0,2020.0,0,0,-40.744357491514286,28260,15,13041,-13.397454414444704,31012,,13918
,0,,40761,15542,4.0,2020.0,0,0,-40.746115488973096,28042,15,13262,-13.424157738238481,30093,,14097
,0,,35257,14435,4.0,2020.0,0,0,-40.645214436319634,29720,15,13397,-13.346870349293082,30452,,13858
,0,,45303,15328,4.0,2020.0,0,0,-40.59507560465088,29727,15,13056,-13.271888423631026,33157,,13890
,0,,43132,14818,4.0,2020.0,0,0,-40.66243584043591,34971,15,13248,-13.333514875919331,37290,,13925
,0,,52818,15257,4.0,2020.0,0,0,-40.783877367847616,25049,15,12461,-13.550493225279233,32856,,13659
,0,,42960,14717,4.0,2020.0,0,0,-40.714647188163816,22249,15,11962,-13.428414439433372,31696,,13508
,0,,41260,15691,4.0,2020.0,0,0,-40.735021724513,24259,15,12764,-13.509020254751256,29746,,14298
,0,,32052,14340,4.0,2020.0,0,0,-40.74693022701625,23081,15,12795,-13.39331623617881,29799,,14006
,0,,39418,14512,4.0,2020.0,0,0,-40.567436930333685,25484,15,12534,-13.591544376478385,35752,,13889
,0,,48360,15582,4.0,2020.0,0,0,-40.54642686540323,29032,15,13453,-13.512528071363366,38551,,15011
,0,,41154,14261,4.0,2020.0,0,0,-40.55032019132067,33668,15,13079,-13.377103688803059,39131,,13960
,0,,32787,13838,4.0,2020.0,0,0,-40.560524253559414,29378,15,12711,-13.533637125242945,30997,,13177
,0,,37017,14288,4.0,2020.0,0,0,-40.49718824798072,28922,15,12720,-13.31886039562839,31092,,13450
,0,,45006,15324,4.0,2020.0,0,0,-40.64660899659793,23445,15,12373,-13.612314662995802,28856,,13794
,0,,44358,15630,6.0,2020.0,0,0,-40.77725235927302,26939,21,12969,-13.274641525632292,31128,,14337
,0,,34242,13933,6.0,2020.0,0,0,-40.4153562032053,25801,21,12416,-13.320926824089454,31778,,13453
,0,,49501,15816,6.0,2020.0,0,0,-39.42740883091433,24623,21,13666,-12.866395928255383,37746,,15011
,0,,40150,15969,6.0,2020.0,0,0,-39.61070383445732,29941,21,14281,-12.806752813430805,37129,,15506
,0,,53402,16020,4.0,2020.0,0,0,-39.291299810967864,27897,15,13681,-12.612730368548185,42034,,15218
,0,,50933,15586,4.0,2020.0,0,0,-39.321285501965946,27851,15,13364,-12.633429535382689,37245,,14559
,0,,46747,15310,4.0,2020.0,0,0,-39.29969484633809,35244,15,14005,-12.640696172463727,42297,,14761
,0,,43186,15484,6.0,2020.0,0,0,-39.38717403235318,19690,21,12089,-12.66642618711871,32858,,14611
,0,,41581,15111,6.0,2020.0,0,0,-39.36865776316282,21152,21,12377,-12.674857670288148,37659,,14734
,0,,40283,15247,4.0,2020.0,0,0,-39.534056805561264,25890,15,13025,-12.874260535867451,36337,,14841
,0,,36501,15241,4.0,2020.0,0,0,-39.55938926381436,30892,15,14425,-12.686292633443921,34346,,15107
,0,,39228,15036,4.0,2020.0,0,0,-39.49204300388496,20783,15,11696,-12.535347923334644,35952,,14840
,0,,34518,14682,4.0,2020.0,0,0,-39.60747423012404,26049,15,13204,-12.858138690723159,30137,,14272
,0,,37197,15194,4.0,2020.0,0,0,-39.35207351840632,19913,15,11899,-12.556862987887342,32222,,14250
,0,,36399,14642,4.0,2020.0,0,0,-39.4321381870966,25642,15,13327,-12.786578216847289,31121,,14219
,0,,40328,15260,4.0,2020.0,0,0,-39.53404770287508,19566,15,12189,-12.586379159701007,34673,,14719
,0,,41851,15173,4.0,2020.0,0,0,-39.334771754224285,31018,15,14073,-12.554315908095715,37575,,14835
,0,,46396,15351,4.0,2020.0,0,0,-39.5168270067544,24870,15,13268,-12.599739581963716,36954,,14565
,0,,44979,15138,4.0,2020.0,0,0,-39.44822823113183,26930,15,13209,-12.58830422227566,35012,,14477
,0,,40948,15153,4.0,2020.0,0,0,-39.40478585853984,29331,15,13907,-12.613459303131018,36844,,14771
,0,,38298,15562,4.0,2020.0,0,0,-39.56829012147659,22971,15,12957,-12.783189435437297,33496,,15112
,0,,38050,14563,4.0,2020.0,0,0,-39.36880153954691,22956,15,12670,-12.571719719034473,31250,,13964
,0,,39355,14998,4.0,2020.0,0,0,-39.58462725486096,25396,15,12870,-12.60765105635291,33033,,14205
,0,,35652,15038,4.0,2020.0,0,0,-39.46964763205011,26274,15,13086,-12.607849065441545,33060,,14461
,0,,35981,14434,4.0,2020.0,0,0,-39.532242303898286,20505,15,12229,-12.716367711809836,32315,,14071
,0,,39347,15099,4.0,2020.0,0,0,-39.29096469944146,19432,15,12187,-12.689871417329924,31723,,14354
,0,,37008,15121,4.0,2020.0,0,0,-39.29332962189928,25867,15,13390,-12.559791852643757,29640,,14512
,0,,39083,14906,4.0,2020.0,0,0,-39.63698020646858,23353,15,13002,-12.880384818132196,32807,,14462
,0,,31846,13816,4.0,2020.0,0,0,-39.64822557446182,22963,15,12383,-12.53637472424027,27434,,13358
,0,,38366,14542,4.0,2020.0,0,0,-39.63285115681719,25471,15,12532,-12.568131315106495,31599,,13959
,0,,34412,14348,4.0,2020.0,0,0,-39.51822080548927,25285,15,13082,-12.865286106650068,32623,,13903
,0,,42872,15710,4.0,2020.0,0,0,-39.56124680556969,30235,15,14380,-12.554998038335354,40731,,15237
,0,,32456,14620,4.0,2020.0,0,0,-39.53263140031108,21402,15,12399,-12.542011962281547,31580,,14403
,0,,49996,15748,4.0,2020.0,0,0,-39.609895551225954,29891,15,13470,-12.81305482009448,40472,,15163
,0,,40617,15325,4.0,2020.0,0,0,-39.3717927753577,30370,15,13796,-12.553144543994836,33116,,14378
,0,,36007,14605,4.0,2020.0,0,0,-39.65374007964858,30351,15,13248,-12.85847254385338,33624,,14203
,0,,45154,15352,4.0,2020.0,0,0,-39.28696645960042,24545,15,12801,-12.573789370133799,32118,,14220
,0,,49133,15566,4.0,2020.0,0,0,-39.418041102565184,28548,15,13796,-12.765461170604114,35847,,14511
,0,,36549,14477,4.0,2020.0,0,0,-39.42939335165268,30090,15,13504,-12.62085940991746,33590,,14112
,0,,32249,14015,4.0,2020.0,0,0,-39.46668563614524,27022,15,12552,-12.524728581862906,30536,,13617
,0,,34147,14958,4.0,2020.0,0,0,-39.60330100164688,28770,15,12914,-12.811546969821975,31263,,14333
,0,,38659,14579,4.0,2020.0,0,0,-39.421936176426804,31305,15,13539,-12.6299845991346,37771,,14467
,0,,39159,15392,4.0,2020.0,0,0,-39.55524166316323,30129,15,13687,-12.78138256175497,33564,,14500
,0,,38883,14404,4.0,2020.0,0,0,-39.48026875240928,28663,15,13187,-12.651381019488102,32888,,13735
,0,,34868,14154,4.0,2020.0,0,0,-39.64080897938643,26894,15,13025,-12.543683929813861,29883,,13634
,0,,38856,15327,4.0,2020.0,0,0,-39.63153526778001,25181,15,13068,-12.68408081877922,33904,,14484
,0,,31967,14244,4.0,2020.0,0,0,-39.593996798749906,29460,15,13568,-12.612237551287823,31958,,14208
,0,,33036,14214,4.0,2020.0,0,0,-39.43515729444683,24812,15,13038,-12.658218901283586,31958,,14009
,0,,43425,15008,4.0,2020.0,0,0,-39.34272368120399,28824,15,13179,-12.553828397040869,31931,,13830
,0,,40299,15065,4.0,2020.0,0,0,-39.37161116513384,25790,15,12312,-12.669360773129078,30787,,13712
,0,,31975,14254,4.0,2020.0,0,0,-39.64598566375569,27282,15,13034,-12.53550432640205,27513,,13563
,0,,35152,14396,4.0,2020.0,0,0,-39.59330962984127,24340,15,12585,-12.894556793004616,33000,,13762
,0,,38607,14940,4.0,2020.0,0,0,-39.56333762935683,29932,15,13750,-12.589353408503277,33991,,14451
,0,,35666,14829,4.0,2020.0,0,0,-39.61772701865571,30470,15,14117,-12.67705871500575,34089,,14534
,0,,31353,14921,6.0,2020.0,0,0,-39.74132185461349,25660,21,13824,-12.86888893955678,31834,,14458
,0,,34197,14717,6.0,2020.0,0,0,-39.74327960902575,26352,21,13355,-12.761967339087745,31192,,14505
,0,,40476,15840,4.0,2020.0,0,0,-39.73709508333369,21583,15,12865,-12.728327263320075,32845,,14839
,0,,35287,15182,6.0,2020.0,0,0,-39.75856947879786,33830,21,14331,-12.827404205594691,35006,,15025
,0,,33735,14852,6.0,2020.0,0,0,-39.7238031640781,27779,21,13402,-12.809105476131126,32524,,14673
,0,,40069,15065,4.0,2020.0,0,0,-39.702219602048494,25423,15,13184,-12.80674955305588,32855,,14444
,0,,35293,15435,4.0,2020.0,0,0,-39.963427530684285,26394,15,13169,-12.633446750877676,30654,,14653
,0,,39516,15530,4.0,2020.0,0,0,-39.852986935945054,23029,15,12651,-12.88007673043462,34818,,14915
,0,,39883,15341,6.0,2020.0,0,0,-39.70013846025332,32686,21,14179,-12.884532079420113,35792,,14890
,0,,32763,14530,4.0,2020.0,0,0,-39.72806927603706,30830,15,13688,-12.607732298244768,31017,,14382
,0,,39315,14739,4.0,2020.0,0,0,-39.704448530959446,24187,15,12630,-12.855411798521457,31882,,13816
,0,,32473,14071,4.0,2020.0,0,0,-39.695113160653904,22503,15,11936,-12.556846359133035,27511,,13336
,0,,41535,15162,4.0,2020.0,0,0,-39.69745917738632,26751,15,13441,-12.895586374849684,34001,,14349
,0,,36359,14892,4.0,2020.0,0,0,-39.738935185148755,20681,15,12769,-12.825963495234346,32634,,14516
,0,,33651,14700,4.0,2020.0,0,0,-39.876287997315934,23789,15,12759,-12.689931144564639,29146,,14203
,0,,40242,14831,4.0,2020.0,0,0,-39.688810282904555,27343,15,13430,-12.553812432577924,31411,,13914
,0,,39506,14915,4.0,2020.0,0,0,-39.85674019069622,30987,15,13593,-12.53534857323315,34523,,14337
,0,,39501,15543,6.0,2020.0,0,0,-39.69311163026259,28026,21,14071,-12.858490068132804,34422,,14978
,0,,35487,14876,4.0,2020.0,0,0,-39.714817470940396,30326,15,13712,-12.716341760010089,32295,,14435
,0,,34792,15048,4.0,2020.0,0,0,-40.01121343495582,24529,15,13002,-12.800701265135345,26280,,13556
,0,,36293,15271,4.0,2020.0,0,0,-39.67626605872139,26022,15,13220,-12.658166865646159,32151,,14784
,0,,35952,15244,4.0,2020.0,0,0,-39.82568141805961,26321,15,13432,-12.891747292509855,30939,,14627
,0,,38025,14912,4.0,2020.0,0,0,-40.01183318220226,27258,15,13095,-12.53638266462562,28162,,14008
,0,,37933,14418,4.0,2020.0,0,0,-39.667829886820854,29173,15,13326,-12.714232236001749,33634,,14008
,0,,37346,14401,4.0,2020.0,0,0,-39.77406376923206,20951,15,12038,-12.531529312765375,31396,,13684
,0,,36249,14738,6.0,2020.0,0,0,-39.85132164210273,30372,21,13612,-12.89141246816291,33265,,14391
,0,,31610,14138,4.0,2020.0,0,0,-39.68356247619043,23191,15,12379,-12.783156743733231,28425,,13582
,0,,30693,13827,6.0,2020.0,0,0,-39.9337002977911,23718,21,12372,-12.874253892308104,26472,,13325
,0,,38908,14731,4.0,2020.0,0,0,-39.915250452870495,25722,15,12948,-12.785472838563585,34208,,14257
,0,,35376,14766,4.0,2020.0,0,0,-39.868685877843156,26444,15,13093,-12.844508882589663,30393,,14053
,0,,31336,14100,4.0,2020.0,0,0,-39.98907807346724,25165,15,12558,-12.5738157005636,30282,,13894
,0,,43835,15362,4.0,2020.0,0,0,-39.695062336615,24653,15,12679,-12.813047161678766,35390,,14527
,0,,40753,15121,4.0,2020.0,0,0,-39.70809105293003,27157,15,13104,-12.620826608999407,35852,,14665
,0,,39532,14706,4.0,2020.0,0,0,-39.895837262391645,25851,15,12978,-12.697680192077415,30444,,13659
,0,,38855,14520,4.0,2020.0,0,0,-39.99614241353509,25942,15,12371,-12.666398053761002,28939,,13553
,0,,33563,14304,4.0,2020.0,0,0,-39.95424734227844,26896,15,12939,-12.612769981148986,29715,,13486
,0,,32451,13981,4.0,2020.0,0,0,-39.8465707083878,23100,15,12440,-12.684128541242249,30700,,13804
,0,,44685,15124,4.0,2020.0,0,0,-39.86966951809591,24970,15,12968,-12.791006453409912,28080,,13583
,0,,36554,14188,4.0,2020.0,0,0,-39.814848674775035,25470,15,12735,-12.761435121178518,31195,,13558
,0,,40546,14730,4.0,2020.0,0,0,-39.977620764061,25113,15,12736,-12.669347763138003,27302,,13279
,0,,33192,14164,4.0,2020.0,0,0,-39.690922947771256,25500,15,12979,-12.61342205480696,29383,,13689
,0,,34567,14465,4.0,2020.0,0,0,-39.6914521736244,29504,15,13206,-12.629943936788976,30493,,13815
,0,,36063,14298,4.0,2020.0,0,0,-39.92014159390258,25781,15,12297,-12.786571236427159,29174,,13450
,0,,32688,13866,4.0,2020.0,0,0,-39.927312062802876,24177,15,12392,-12.76545461129947,28216,,13214
,0,,39577,14487,4.0,2020.0,0,0,-39.696908624247094,26401,15,13018,-12.571697213053282,35093,,13960
,0,,34780,13980,4.0,2020.0,0,0,-39.772232094393544,28714,15,12819,-12.68629641299636,28847,,13160
,0,,32898,13838,4.0,2020.0,0,0,-39.864964321059254,29208,15,12977,-12.65038332185888,30696,,13344
,0,,45304,15018,4.0,2020.0,0,0,-40.06494028698028,26190,15,12593,-12.553812460657033,31962,,14082
,0,,41758,15497,4.0,2020.0,0,0,-40.23853556188708,25854,15,13018,-12.813072878045652,27975,,13982
,0,,37995,15103,4.0,2020.0,0,0,-40.241094338354316,26378,15,12447,-12.650383314663355,31132,,14499
,0,,43396,15447,4.0,2020.0,0,0,-40.192899383851795,27550,15,12931,-12.599741628019009,36720,,14727
,0,,41169,14883,4.0,2020.0,0,0,-40.07303862892983,27623,15,12998,-12.571697237193234,35160,,14045
,0,,51396,15689,4.0,2020.0,0,0,-40.15019377971641,26423,15,12856,-12.531529335623036,33552,,14246
,0,,39063,15182,4.0,2020.0,0,0,-40.13756662779972,26542,15,12625,-12.60783531445086,34639,,14150
,0,,34168,14281,4.0,2020.0,0,0,-40.21596812685204,28544,15,13518,-12.677098399986036,29847,,13638
,0,,43432,15150,4.0,2020.0,0,0,-40.365208100080004,29135,15,13455,-12.57381569390079,37285,,14676
,0,,38050,15394,4.0,2020.0,0,0,-40.135805097454806,23980,15,12386,-12.588290920750941,30588,,14207
,0,,45159,15698,4.0,2020.0,0,0,-40.39442041110539,31481,15,13893,-12.819936678218873,36992,,14788
,0,,40514,14947,4.0,2020.0,0,0,-40.218189150294265,28326,15,13486,-12.524728606519993,32510,,14156
,0,,44321,15675,4.0,2020.0,0,0,-40.28230330839982,23782,15,13012,-12.555006623166461,34907,,14724
,0,,41950,15636,4.0,2020.0,0,0,-40.211113535793366,19872,15,12201,-12.866399296436226,31393,,14647
,0,,54312,15855,4.0,2020.0,0,0,-40.33459440302957,32533,15,13406,-12.677542342651499,42374,,14924
,0,,37728,14548,4.0,2020.0,0,0,-40.11322509102949,23182,15,12025,-12.728327256261588,26494,,13114
,0,,33866,13742,4.0,2020.0,0,0,-40.09993317077264,23279,15,12131,-12.809105456583488,28718,,13356
,0,,46397,14970,4.0,2020.0,0,0,-40.056494242279584,23932,15,12585,-12.554298783292488,31855,,13586
,0,,42514,14795,4.0,2020.0,0,0,-40.06612036304437,25312,15,12219,-12.811533032503132,27039,,13426
,0,,31087,14486,4.0,2020.0,0,0,-40.25241801545535,23673,15,12363,-12.689931130500081,26057,,13720
,0,,38297,14522,4.0,2020.0,0,0,-40.06705295200269,25329,15,12356,-12.61342207239864,32394,,13717
,0,,34278,14454,4.0,2020.0,0,0,-40.04846849576582,23321,15,12207,-12.781338380545092,26622,,13087
,0,,38149,14401,4.0,2020.0,0,0,-40.227451658372175,27646,15,12765,-12.89141244864697,29379,,13364
,0,,34548,14786,4.0,2020.0,0,0,-40.291380473937636,26670,15,12627,-12.78547282412103,31147,,13902
,0,,39060,14866,4.0,2020.0,0,0,-40.223554477279,26917,15,13193,-12.586386414379112,29655,,13718
,0,,36522,14342,4.0,2020.0,0,0,-40.069241634653864,25592,15,12507,-12.858490043334388,27190,,13191
,0,,40404,14703,4.0,2020.0,0,0,-40.40653527564615,26053,15,13025,-12.880373349902046,31718,,13642
,0,,41678,14796,4.0,2020.0,0,0,-40.24984461372905,27975,15,12831,-12.589367781099071,33087,,14002
,0,,36213,14185,4.0,2020.0,0,0,-40.11506519297721,25392,15,12413,-12.825963472267865,30928,,13354
,0,,33188,14025,4.0,2020.0,0,0,-40.19097868830204,26463,15,12613,-12.761435102901391,28852,,13539
,0,,32772,14736,4.0,2020.0,0,0,-40.10419928306201,26948,15,12858,-12.607732312889992,28972,,13782
,0,,37039,14626,4.0,2020.0,0,0,-40.30304375358485,25428,15,12369,-12.865278299883938,29547,,13400
,0,,35297,15060,4.0,2020.0,0,0,-40.22911695233858,26101,15,12704,-12.880076711247609,29074,,13863
,0,,41697,15114,4.0,2020.0,0,0,-40.25918951579035,27166,15,12661,-12.80690506070441,31257,,13901
,0,,32446,13813,4.0,2020.0,0,0,-40.09470935078414,27762,15,12921,-12.553132170466387,30755,,13431
,0,,30949,14240,4.0,2020.0,0,0,-40.071243165201615,26729,15,13007,-12.556846386015318,30964,,13871
,0,,44198,15515,4.0,2020.0,0,0,-40.13065354923853,24616,15,12783,-12.86535746067771,36197,,14660
,0,,33633,14324,4.0,2020.0,0,0,-40.296271615338036,27544,15,12742,-12.786571222171602,30410,,13775
,0,,32976,14018,4.0,2020.0,0,0,-40.1412830779868,26836,15,12766,-12.668544263762564,29531,,13278
,0,,40834,15575,4.0,2020.0,0,0,-40.271967281999196,24681,15,12565,-12.697680178690273,31538,,14332
,0,,36337,14798,4.0,2020.0,0,0,-40.33955755537071,28393,15,13574,-12.63344674181117,32683,,14374
,0,,36254,13749,4.0,2020.0,0,0,-40.24579953573833,29188,15,12533,-12.791006436870932,33775,,13507
,0,,31818,13939,4.0,2020.0,0,0,-40.25649130971413,29480,15,12862,-12.798885628115881,29332,,13826
,0,,36270,14708,4.0,2020.0,0,0,-40.25747330350403,35208,15,13976,-12.61226328733496,34444,,14453
,0,,43967,14629,4.0,2020.0,0,0,-40.41025790534759,31200,15,13201,-12.710789753384725,34594,,13902
,0,,37657,14106,4.0,2020.0,0,0,-40.29563674499444,31857,15,13268,-12.802983928321359,33504,,13734
,0,,36847,14582,4.0,2020.0,0,0,-40.090947476963834,25832,15,12130,-12.71634175737294,27591,,13236
,0,,33702,13988,4.0,2020.0,0,0,-40.08422105845213,26387,15,12341,-12.620826623509569,28425,,13358
,0,,42086,15320,4.0,2020.0,0,0,-40.266752671395245,28270,15,12887,-12.542015486599432,38156,,14866
,0,,33523,13667,4.0,2020.0,0,0,-40.30344208477629,26228,15,12368,-12.765454597813994,28533,,13218
,0,,36351,14315,4.0,2020.0,0,0,-40.126439573642045,26047,15,12314,-12.803489709303822,27512,,13468
,0,,50951,16291,4.0,2020.0,0,0,-39.84281557696564,31794,15,14698,-13.645360536487722,44360,,15684
,0,,48190,16117,4.0,2020.0,0,0,-39.99385473425786,28184,15,13909,-13.797599424108652,37571,,14957
,0,,46284,15899,4.0,2020.0,0,0,-39.982760228778616,34124,15,14885,-13.882445763176927,40184,,15797
,0,,42962,15359,4.0,2020.0,0,0,-39.96075501756693,23392,15,12292,-13.728233155852337,33673,,13941
,0,,49129,15516,4.0,2020.0,0,0,-39.970124734414256,31220,15,14106,-13.732816661672775,40142,,14950
,0,,48790,15797,4.0,2020.0,0,0,-39.91018470983194,29901,15,13995,-13.994690092058608,44127,,15406
,0,,41660,15141,4.0,2020.0,0,0,-39.763295429797346,28653,15,13696,-13.786975253068691,36466,,14731
,0,,51261,16008,4.0,2020.0,0,0,-39.86817231876674,29623,15,14535,-13.65597368224264,40884,,15589
,0,,44201,15243,4.0,2020.0,0,0,-39.74773394304455,29571,15,13614,-13.789907704557056,40810,,14745
,0,,42842,14911,4.0,2020.0,0,0,-39.93737571680612,30369,15,13645,-13.675611266006756,40115,,14430
,0,,39338,14937,4.0,2020.0,0,0,-39.76225088684416,32856,15,14029,-13.911470671472102,35319,,14268
,0,,37629,14886,4.0,2020.0,0,0,-39.935513455176775,29313,15,13553,-13.806830124647973,35265,,14258
,0,,47872,15726,4.0,2020.0,0,0,-39.94441166575143,29690,15,14440,-13.903670741733075,41612,,15302
,0,,37874,15042,4.0,2020.0,0,0,-39.82416162184118,30059,15,14314,-13.923463875011233,36250,,14719
,0,,43596,15188,4.0,2020.0,0,0,-40.031617246757044,25516,15,12953,-13.923909948572048,35434,,14596
,0,,38630,14871,4.0,2020.0,0,0,-39.66904615304864,31487,15,14039,-14.012281086118039,35919,,14620
,0,,40332,15156,4.0,2020.0,0,0,-40.022115610181785,30705,15,13754,-13.656125340054066,34301,,14658
,0,,46317,15162,4.0,2020.0,0,0,-39.79182770208903,29241,15,13882,-13.863990872571671,37711,,14726
,0,,45117,15017,4.0,2020.0,0,0,-39.69548009161435,30993,15,13709,-14.015999530555716,38229,,14529
,0,,35139,14640,4.0,2020.0,0,0,-39.93946538370503,28260,15,13336,-13.709946745895136,32293,,14202
,0,,40384,14863,4.0,2020.0,0,0,-39.81612316208895,29213,15,13331,-13.783295990028227,38918,,14420
,0,,40673,14798,4.0,2020.0,0,0,-39.73681724952143,30876,15,13957,-13.798084192964094,37310,,14547
,0,,37969,14336,4.0,2020.0,0,0,-39.73408602525723,30171,15,13371,-13.801095507819184,35268,,13909
,0,,36093,14160,6.0,2020.0,0,0,-40.00898073858401,30627,21,12995,-13.688734178283816,36464,,13823
,41913,,13070,6909,8.0,2020.0,65535,58339,-38.54106920500833,11265,33,4021,-12.933399368873049,11383,,4439
,47424,,11808,5741,8.0,2020.0,47258,36068,-38.5347063036385,11332,33,4220,-12.947394071049318,11393,,4780
,21080,,15365,8570,8.0,2020.0,65535,50772,-38.539039525218264,11055,33,4062,-12.986327652187162,11812,,5496
,42634,,12657,6059,8.0,2020.0,65535,59116,-38.569024296750285,11471,33,4421,-13.007023346642395,11731,,4733
,29585,,12557,6142,8.0,2020.0,65535,41554,-38.54743433127056,11219,33,4313,-13.01428822368284,11481,,4719
,65535,,12976,6401,8.0,2020.0,65535,65535,-38.85844222430879,12255,33,4117,-13.180313430402393,12444,,4582
,65535,,13484,6745,8.0,2020.0,65535,65535,-38.85763387654309,11627,33,3470,-13.18661423646834,11992,,4024
,65535,,13978,6727,8.0,2020.0,65535,65535,-38.94787901526778,11720,33,4094,-13.258077604466258,12125,,4616
,0,,33605,15181,8.0,2020.0,0,0,-39.78166666960256,27464,33,13726,-12.905145624068323,31902,,14599
,0,,48131,15796,8.0,2020.0,0,0,-40.07124330361096,22201,33,11739,-12.930454849512442,27187,,13402
,65535,,13341,6396,8.0,2020.0,65535,65535,-38.958639430995056,11607,33,3463,-13.301462487003253,11794,,4012
,0,,36044,15756,0.0,2021.0,0,0,-38.96631958179274,29105,3,14608,-12.926741685542185,34290,,15642
,0,,43209,16114,0.0,2021.0,0,0,-39.00631182527609,36322,3,15444,-13.20096143080691,39706,,15887
,0,,36921,15485,0.0,2021.0,0,0,-38.92007892225076,21651,3,13343,-13.154903305382986,35241,,15407
,0,,47864,16288,0.0,2021.0,0,0,-38.93130325320922,31613,3,14574,-13.156721505813264,39669,,15791
,0,,35851,15492,0.0,2021.0,0,0,-38.92810435003567,29360,3,14669,-12.927907485425393,36019,,15455
,0,,45734,16023,0.0,2021.0,0,0,-39.07342159024197,26074,3,14781,-13.265292515856904,38049,,15936
,0,,41038,15938,0.0,2021.0,0,0,-39.05073287907848,27079,3,14597,-13.218670403348579,38460,,15830
,0,,39621,16130,0.0,2021.0,0,0,-39.05604340146904,27473,3,14909,-13.217387979780668,37756,,15939
,0,,38717,15747,0.0,2021.0,0,0,-38.9715453765119,19123,3,12839,-13.182665843438633,35077,,15439
,0,,41759,15771,0.0,2021.0,0,0,-39.12959751752738,32708,3,14593,-13.234221234739806,38913,,15542
,0,,38640,15836,0.0,2021.0,0,0,-39.175053786643275,28836,3,14763,-13.139023826123482,35193,,15526
,0,,37174,15711,0.0,2021.0,0,0,-39.18144059980873,28760,3,14450,-13.247802119038457,38641,,15641
,0,,39975,15521,0.0,2021.0,0,0,-39.06259228179189,28977,3,14306,-13.135005388872822,35266,,15075
,0,,40953,15564,0.0,2021.0,0,0,-39.17465416929974,28884,3,14320,-13.23882832732747,36121,,15057
,0,,39953,15950,0.0,2021.0,0,0,-39.16299208050626,26076,3,14124,-13.159038294082821,38349,,15723
,0,,43658,16366,0.0,2021.0,0,0,-39.365192868603344,32511,3,14862,-13.242437974551017,41346,,16071
,0,,44955,16551,0.0,2021.0,0,0,-39.47129585926471,29176,3,14849,-12.959990416062375,41163,,15922
,0,,41628,16009,0.0,2021.0,0,0,-39.32132926630622,33947,3,15194,-13.269129689864924,36498,,15695
,0,,42059,16095,0.0,2021.0,0,0,-39.449551570325916,26497,3,14137,-13.265292491897888,36446,,15798
,0,,48468,16342,0.0,2021.0,0,0,-39.557570584187665,28513,3,14748,-13.247802110558228,42701,,15939
,0,,44760,15999,0.0,2021.0,0,0,-39.52975406986326,32067,3,14889,-13.198333312647375,35707,,15498
,0,,44529,16304,0.0,2021.0,0,0,-39.57097808026065,28962,3,14671,-13.1170461703194,40685,,15956
,0,,38642,15894,0.0,2021.0,0,0,-39.4659291553049,34605,3,15199,-12.898344470218756,39582,,15738
,0,,36916,15164,1.0,2021.0,0,0,-39.601492341896034,22399,4,12615,-13.042934923613513,33031,,14788
,0,,39330,15055,0.0,2021.0,0,0,-39.488837411944964,30139,3,12996,-13.023974987439509,34469,,14399
,0,,45186,16536,0.0,2021.0,0,0,-39.69444614273238,27513,3,14594,-13.071221783068676,40665,,16360
,0,,44862,16472,0.0,2021.0,0,0,-39.7091584417034,32993,3,15343,-13.148743328607518,43518,,16225
,0,,42916,16302,0.0,2021.0,0,0,-39.94441730903895,32918,3,14820,-13.156755100826723,35075,,15700
,0,,39072,16071,0.0,2021.0,0,0,-39.75009893474853,31389,3,15028,-13.218655745797475,36727,,15755
,0,,43609,16383,0.0,2021.0,0,0,-39.84463849939235,30438,3,14875,-13.234223495959286,40344,,15990
,0,,36271,16085,0.0,2021.0,0,0,-39.68701344057672,34357,3,15049,-13.258069693621158,36809,,15669
,0,,43653,16152,0.0,2021.0,0,0,-39.986023846045875,26186,3,14012,-13.186614229404057,43151,,15781
,0,,39530,15809,0.0,2021.0,0,0,-39.82416534869853,26123,3,13750,-13.176554953102292,34086,,15010
,0,,45129,15981,0.0,2021.0,0,0,-39.819789556180986,23573,3,13181,-13.265291936749025,29757,,14752
,0,,37025,15575,0.0,2021.0,0,0,-39.83249440512248,27525,3,14039,-13.198339466856687,33106,,15133
,0,,36112,15334,0.0,2021.0,0,0,-39.75411588248772,30020,3,14618,-13.217373948324672,34362,,15153
,0,,40943,15883,0.0,2021.0,0,0,-39.89434989891012,34854,3,15025,-13.238836329962526,39132,,15449
,0,,45325,15995,0.0,2021.0,0,0,-39.97942907965953,32882,3,14829,-13.185106761903254,44365,,15632
,0,,31990,15087,0.0,2021.0,0,0,-40.008981018349075,25549,3,13775,-12.94173749579961,29144,,14217
,0,,39807,15729,0.0,2021.0,0,0,-39.892955719729784,25377,3,13414,-12.973340932200434,31949,,14627
,0,,38676,15258,0.0,2021.0,0,0,-39.687839721720046,28204,3,14303,-13.200927249369103,37288,,15125
,0,,39093,15498,0.0,2021.0,0,0,-39.74792176850622,20361,3,12591,-12.926754467637004,32724,,14960
,0,,33786,15325,0.0,2021.0,0,0,-39.73408989629241,31012,3,14509,-13.05414072725745,32359,,15016
,0,,36755,15005,0.0,2021.0,0,0,-39.777220027483004,24646,3,13471,-13.186624028479688,30839,,14546
,0,,37510,15395,0.0,2021.0,0,0,-39.73682131792667,32182,3,14428,-13.051128190655403,35002,,15004
,0,,37085,15743,1.0,2021.0,0,0,-40.031617515340066,28242,4,14089,-13.177004608293846,36230,,15431
,0,,38692,15731,1.0,2021.0,0,0,-39.722044734398,26139,4,14005,-13.23889351228618,33781,,15102
,0,,41404,15497,1.0,2021.0,0,0,-39.91361241388184,24272,4,13601,-13.17430622228712,34201,,14823
,0,,40561,15701,1.0,2021.0,0,0,-39.835328671203854,22641,4,13137,-13.253623979099906,27074,,13881
,0,,36222,15813,1.0,2021.0,0,0,-39.84509130584671,30012,4,14592,-13.264957790711058,35786,,15152
,0,,39227,15564,1.0,2021.0,0,0,-39.94007426820944,35349,4,14867,-13.193534302928942,37163,,15279
,0,,42694,15854,1.0,2021.0,0,0,-39.74773875819084,24103,4,12856,-13.042948320077791,35673,,14778
,0,,36709,15234,1.0,2021.0,0,0,-39.80226738381558,25143,4,13321,-13.159043155476352,38151,,14976
,0,,35872,15289,1.0,2021.0,0,0,-40.013109484921515,29821,4,13894,-13.253930842710504,35092,,15013
,0,,37437,15187,1.0,2021.0,0,0,-39.79806317669982,24756,4,13302,-13.00358011736243,31663,,14815
,0,,42807,15594,1.0,2021.0,0,0,-39.81517790496842,24098,4,13021,-13.218061994306439,33927,,14741
,0,,32075,14926,1.0,2021.0,0,0,-39.91018610700285,26335,4,12951,-13.247808942449803,30329,,14338
,0,,47828,15903,1.0,2021.0,0,0,-39.66742953116701,28977,4,13522,-12.986327657447161,39776,,15280
,0,,38485,15134,1.0,2021.0,0,0,-39.78091314227229,22437,4,12297,-12.987057900079527,29745,,13982
,0,,34634,14903,1.0,2021.0,0,0,-39.824356610507024,24389,4,12885,-12.961907858229655,29799,,13926
,0,,36467,15577,1.0,2021.0,0,0,-39.80552069584316,28613,4,13714,-12.994456718888772,31115,,14525
,0,,40465,15262,1.0,2021.0,0,0,-39.67582433625995,30551,4,13703,-13.014288228808146,34837,,14627
,0,,33576,14664,1.0,2021.0,0,0,-39.91057327063417,27174,4,13038,-13.042137563006081,31667,,14035
,0,,43106,15360,0.0,2021.0,0,0,-40.32883119541049,28759,3,13956,-13.054144286650565,33973,,14793
,0,,43232,16017,0.0,2021.0,0,0,-40.211114282044456,33864,3,14340,-13.239949421874805,41189,,15526
,0,,40815,15863,0.0,2021.0,0,0,-40.227451794861494,32350,3,14935,-13.264957769162072,35995,,15468
,0,,44783,16076,0.0,2021.0,0,0,-40.24984627811498,28092,3,14330,-12.962971154471598,35534,,15249
,0,,45869,15888,0.0,2021.0,0,0,-40.241097425044956,31838,3,14496,-13.02397497620634,40737,,15446
,0,,42472,15690,0.0,2021.0,0,0,-40.303044173362586,32383,3,14493,-13.238828317378616,34641,,15197
,0,,45711,16055,0.0,2021.0,0,0,-40.208616731853155,36723,3,15115,-13.148780063472126,41159,,15783
,0,,42918,15867,0.0,2021.0,0,0,-40.24580164371687,36006,3,15083,-13.164571042986198,40804,,15569
,0,,44905,16220,0.0,2021.0,0,0,-40.25272374760332,26141,3,14152,-12.981273084393298,40412,,15890
,0,,42957,16101,0.0,2021.0,0,0,-40.20181157906839,36479,3,15475,-13.265292506154225,38548,,15869
,0,,36084,14910,1.0,2021.0,0,0,-40.373203665395266,26789,4,13323,-12.917306717822107,29173,,13978
,0,,42768,15628,1.0,2021.0,0,0,-40.25747563106852,23055,4,13174,-12.98586223454081,30085,,14408
,0,,31542,14660,1.0,2021.0,0,0,-40.06924297096946,27563,4,13772,-13.232040483424,28940,,14121
,0,,38383,14990,1.0,2021.0,0,0,-40.25919116502885,32368,4,13517,-13.18046656805842,34375,,14285
,0,,36076,14841,1.0,2021.0,0,0,-40.33038012703449,28629,4,13565,-12.986368288562772,32901,,14273
,0,,38202,15361,1.0,2021.0,0,0,-40.38796373228862,28481,4,13589,-12.909994858726337,31986,,14488
,0,,43661,15822,1.0,2021.0,0,0,-40.386600306167026,29344,4,13906,-12.909124017098396,33259,,14640
,0,,37708,15341,1.0,2021.0,0,0,-40.25798751480767,33116,4,14448,-13.234221224001141,35642,,15008
,0,,38125,15617,1.0,2021.0,0,0,-40.28230421814495,28696,4,13816,-12.928616460294032,32261,,15037
,0,,38333,15392,1.0,2021.0,0,0,-40.37227352867521,21193,4,12846,-13.039985493315704,27797,,14250
,0,,45841,16025,1.0,2021.0,0,0,-40.24783413091364,26094,4,13539,-13.01983693993778,37554,,15219
,0,,43156,15582,1.0,2021.0,0,0,-40.07358926083594,29643,4,14131,-13.26912972086523,36580,,15162
,0,,38165,15458,1.0,2021.0,0,0,-40.34526580410525,32452,4,14061,-13.04843600067817,35320,,14750
,0,,41313,15661,1.0,2021.0,0,0,-40.33955982723639,29965,4,14059,-13.00704097555425,35305,,15017
,0,,41611,15871,1.0,2021.0,0,0,-40.23287047333127,28586,4,13057,-12.90896237815448,34690,,14793
,0,,43365,16117,1.0,2021.0,0,0,-40.30512528413664,27764,4,14009,-13.198040467407203,35219,,15244
,0,,45380,16152,1.0,2021.0,0,0,-40.06494039029882,32490,4,14140,-12.927421406100711,35357,,15007
,0,,51297,16314,1.0,2021.0,0,0,-40.22355587041396,26663,4,13681,-12.959990397112715,37354,,15353
,0,,42117,15152,1.0,2021.0,0,0,-40.10419996454123,33823,4,14107,-12.981331456112105,38354,,14661
,0,,39847,15712,1.0,2021.0,0,0,-40.3486014817566,31591,4,14483,-13.268099242197795,36467,,15195
,0,,41847,15655,1.0,2021.0,0,0,-40.04396007724023,34820,4,14618,-13.087809976506286,39857,,15297
,0,,43373,15607,1.0,2021.0,0,0,-40.38734374567013,33331,4,14507,-13.17426263033627,38216,,15206
,0,,41046,15548,1.0,2021.0,0,0,-40.059693220647645,32625,4,14347,-13.15672149903157,36862,,14997
,0,,40430,15771,1.0,2021.0,0,0,-40.29627314380265,33540,4,14832,-13.160136430703623,38758,,15464
,0,,44825,16264,1.0,2021.0,0,0,-40.309830604894216,28589,4,14056,-13.247802109657913,36960,,15497
,0,,38737,14697,1.0,2021.0,0,0,-40.15019388136591,27287,4,12737,-12.905143587944513,32711,,13767
,0,,41241,15380,1.0,2021.0,0,0,-40.094709554508846,25924,4,13368,-12.926741689231488,32659,,14433
,0,,38073,15641,0.0,2021.0,0,0,-40.76273026714215,33903,3,15000,-12.90912401881359,39815,,15637
,0,,42477,15888,1.0,2021.0,0,0,-40.456710219908196,26047,4,13765,-13.22896294077233,32672,,14910
,0,,39743,15521,1.0,2021.0,0,0,-40.506784639391725,31034,4,14205,-13.238907324724183,35932,,15005
,0,,35730,15106,1.0,2021.0,0,0,-40.63360561747196,27339,4,14089,-12.985862224519822,33186,,14746
,0,,42138,15775,1.0,2021.0,0,0,-40.49119773806473,29800,4,14327,-13.199520751736342,34296,,14992
,0,,35442,15222,1.0,2021.0,0,0,-40.42701846044857,20972,4,12364,-13.265413440150297,30683,,14506
,0,,39870,15296,1.0,2021.0,0,0,-40.6285519440358,27885,4,13662,-13.063515142459057,33626,,14716
,0,,37877,15495,1.0,2021.0,0,0,-40.65814406906023,25418,4,13646,-13.19833329819554,30293,,14545
,0,,39542,15687,1.0,2021.0,0,0,-40.658434199664285,24523,4,13517,-12.928616456096105,32139,,15043
,0,,40651,15381,1.0,2021.0,0,0,-40.44318330926815,20409,4,12382,-12.987019574228626,33230,,14693
,0,,31050,14493,0.0,2021.0,0,0,-40.470839572984126,24203,3,13104,-12.926741677534652,27279,,13945
,0,,38419,15550,1.0,2021.0,0,0,-40.58724427757557,22351,4,12985,-13.239949399743718,29278,,14460
,0,,42458,15628,1.0,2021.0,0,0,-40.42882015632432,21508,4,12349,-13.03627917742186,32908,,14731
,0,,39435,15425,1.0,2021.0,0,0,-40.77055053143078,26330,4,13742,-13.193494232227687,31297,,14514
,0,,37415,15245,1.0,2021.0,0,0,-40.67176803378357,26079,4,13588,-13.176545973251748,29360,,14312
,0,,39345,15479,1.0,2021.0,0,0,-40.77560015911754,24391,4,13552,-13.23166529171566,31200,,14567
,0,,44701,16095,1.0,2021.0,0,0,-40.70651009907816,24421,4,13862,-12.986368282094105,33195,,14868
,0,,36452,15052,1.0,2021.0,0,0,-40.72473145021277,24546,4,13323,-13.268099236180044,30411,,14378
,0,,35361,14969,1.0,2021.0,0,0,-40.51193587230824,31521,4,13897,-12.961894127052213,34611,,14482
,0,,37141,15401,1.0,2021.0,0,0,-40.78266524356571,21955,4,13026,-13.253919060913121,31329,,14772
,0,,34643,14924,1.0,2021.0,0,0,-40.67240312256101,25146,4,13101,-13.160136419113117,28730,,14282
,0,,41489,15265,1.0,2021.0,0,0,-40.74933362900471,34882,4,14632,-12.91730671830186,36690,,14849
,0,,38455,15117,1.0,2021.0,0,0,-40.716799544662436,26616,4,13710,-12.941761047306304,32618,,14557
,0,,43038,15682,1.0,2021.0,0,0,-40.42852635554786,26664,4,13575,-13.031755524096717,32382,,14434
,0,,38494,15633,1.0,2021.0,0,0,-40.43437303871622,23993,4,12839,-12.959604936401963,28043,,13878
,0,,32008,14783,1.0,2021.0,0,0,-40.76178250169207,26395,4,13666,-12.933409944903747,31503,,14513
,0,,32185,14764,1.0,2021.0,0,0,-40.5779415764328,23883,4,13213,-13.265292482800671,28009,,14116
,0,,34072,14778,1.0,2021.0,0,0,-40.51083181459388,25695,4,13528,-13.200961385938754,29977,,14328
,0,,33386,14985,1.0,2021.0,0,0,-40.42459891558801,26668,4,13614,-13.154903267128443,29417,,14301
,0,,38425,15528,1.0,2021.0,0,0,-40.51369765259006,28823,4,13449,-12.981434777330058,31748,,14196
,0,,40681,16120,0.0,2021.0,0,0,-39.029406468580405,31907,3,15398,-13.278688072387933,35924,,15831
,0,,35000,15719,0.0,2021.0,0,0,-39.09055561925956,22405,3,13970,-13.271888454157818,32561,,15394
,0,,46623,16007,0.0,2021.0,0,0,-39.4482249972629,32204,3,15312,-13.335439553911073,42242,,15846
,0,,44082,16268,0.0,2021.0,0,0,-39.53223647665246,23319,3,14183,-13.463453437595685,38439,,15764
,0,,43827,16104,0.0,2021.0,0,0,-39.58625719384094,37763,3,15405,-13.428414444240897,41502,,15849
,0,,44461,16132,0.0,2021.0,0,0,-39.51682443600934,33916,3,15385,-13.346870356157572,37405,,15665
,0,,42710,16187,0.0,2021.0,0,0,-39.559385397363194,35175,3,15485,-13.43338951640532,41733,,15961
,0,,41530,16235,0.0,2021.0,0,0,-39.8256817117543,30277,3,15197,-13.638765844366388,40062,,16005
,0,,39389,15893,0.0,2021.0,0,0,-39.66783026312352,24398,3,14290,-13.46131583654442,34283,,15462
,0,,41916,15829,0.0,2021.0,0,0,-39.73709885604052,26749,3,13670,-13.47540750922348,37875,,15395
,0,,49319,16311,0.0,2021.0,0,0,-39.851321915428464,31306,3,14568,-13.638431195393984,41880,,15898
,0,,42333,16308,0.0,2021.0,0,0,-39.680364388440545,25408,3,14379,-13.301444342631665,41113,,16035
,0,,40463,16374,0.0,2021.0,0,0,-39.72807064062335,26002,3,14261,-13.354858735282356,39313,,15972
,0,,41746,16054,0.0,2021.0,0,0,-39.68211317601952,23175,3,13668,-13.33313573356659,36504,,15702
,0,,43469,16094,0.0,2021.0,0,0,-39.856740723205235,33999,3,14777,-13.282504326040337,39676,,15740
,0,,39709,16048,0.0,2021.0,0,0,-39.76143865022824,33071,3,14832,-13.354962407418315,38019,,15802
,0,,42457,16232,0.0,2021.0,0,0,-39.9890816683557,33863,3,14669,-13.3209545883793,39449,,15904
,0,,45620,16041,0.0,2021.0,0,0,-39.774063972742,35395,3,14852,-13.278685987755036,40475,,15510
,0,,41985,15818,1.0,2021.0,0,0,-40.01183422699155,32627,4,14639,-13.283535242038658,35974,,15517
,0,,41372,15719,1.0,2021.0,0,0,-40.0104707625187,29704,4,14262,-13.282664590779737,37409,,15361
,0,,42950,15719,1.0,2021.0,0,0,-39.952703321255626,31059,4,14748,-13.427657735539562,39770,,15311
,0,,42689,16003,1.0,2021.0,0,0,-40.00952356563505,29821,4,14369,-13.306945859179093,35634,,15433
,0,,42018,15819,1.0,2021.0,0,0,-39.84742725092721,27642,4,14239,-13.3335225293492,36909,,15357
,0,,41441,15622,0.0,2021.0,0,0,-39.71857975238366,32124,3,14087,-13.300279349483134,36388,,15065
,0,,47012,16382,1.0,2021.0,0,0,-39.8906236439943,26660,4,14067,-13.28916848191045,38273,,15791
,0,,33776,14547,1.0,2021.0,0,0,-39.842059165829745,28104,4,13302,-13.271888434869998,31110,,13952
,0,,33537,14589,1.0,2021.0,0,0,-39.871707204213514,25847,4,13254,-13.39335752890327,30506,,14252
,0,,32780,14462,1.0,2021.0,0,0,-39.90588519663281,22952,4,12867,-13.571819392088873,29295,,14310
,0,,35620,14950,1.0,2021.0,0,0,-39.864970501980395,22721,4,12947,-13.39749478263872,27457,,14024
,0,,47779,16105,1.0,2021.0,0,0,-39.9061751096924,27364,4,13911,-13.302154459401622,34291,,14862
,0,,35907,15132,1.0,2021.0,0,0,-39.9776239232646,25932,4,13681,-13.41645020863296,29830,,14489
,0,,43199,15835,1.0,2021.0,0,0,-39.969137548162415,29177,4,14010,-13.421950357570482,35241,,15135
,0,,39601,15396,1.0,2021.0,0,0,-39.95846842995091,27645,4,13399,-13.424642120125377,30829,,14127
,0,,36324,15200,1.0,2021.0,0,0,-39.996144592214584,24814,4,13343,-13.41350110327158,29609,,14439
,0,,32677,14926,1.0,2021.0,0,0,-40.03040526768918,24795,4,13252,-13.62739290290072,28385,,13910
,0,,43101,15597,1.0,2021.0,0,0,-39.87659589385894,28301,4,13597,-13.354801081081048,32363,,14457
,0,,42376,15313,1.0,2021.0,0,0,-40.023340229771,28261,4,13561,-13.605143548156768,35732,,14550
,0,,39927,15685,0.0,2021.0,0,0,-40.178395484127904,29075,3,14362,-13.532536833393968,36451,,15292
,0,,46272,16148,0.0,2021.0,0,0,-40.042891166223086,34023,3,14937,-13.572964649844256,37054,,15445
,0,,45482,16214,0.0,2021.0,0,0,-40.38690842027066,33606,3,14833,-13.556132000479295,38395,,15730
,0,,41568,15770,0.0,2021.0,0,0,-40.36998552472796,33351,3,15097,-13.424157719499776,38249,,15581
,0,,44572,15826,0.0,2021.0,0,0,-40.121058234714916,34183,3,14987,-13.31886042161002,40007,,15567
,0,,44318,15939,0.0,2021.0,0,0,-40.370800262932484,34548,3,14795,-13.39331622184147,39358,,15557
,0,,41121,15722,0.0,2021.0,0,0,-40.36822752692392,33847,3,14770,-13.397454399807723,39737,,15500
,0,,34739,15325,0.0,2021.0,0,0,-40.40774741103358,27289,3,13879,-13.55049318366393,30853,,14672
,0,,48543,16251,0.0,2021.0,0,0,-40.307495294065774,33843,3,14749,-13.528442899900542,40599,,15741
,0,,38879,15348,0.0,2021.0,0,0,-40.2207676986463,29748,3,13948,-13.607702804628241,32550,,14571
,0,,37219,14917,0.0,2021.0,0,0,-40.12622837455487,31792,3,14121,-13.59213757514655,33416,,14640
,0,,39332,15527,1.0,2021.0,0,0,-40.4059996510448,24985,4,13333,-13.605500500875344,32401,,14739
,0,,40368,15648,1.0,2021.0,0,0,-40.04558881239439,30918,4,14719,-13.306934969961242,35340,,15167
,0,,46157,15999,1.0,2021.0,0,0,-40.18164805273927,34021,4,14877,-13.367982092966711,40088,,15515
,0,,40020,16053,1.0,2021.0,0,0,-40.39306892230355,28543,4,14389,-13.290833516094704,35108,,15250
,0,,40699,15669,1.0,2021.0,0,0,-40.03922617379898,30779,4,14244,-13.32092686187558,35102,,15020
,0,,41572,15957,1.0,2021.0,0,0,-40.120656576303304,32533,4,14827,-13.333168494522733,37925,,15515
,0,,48441,15969,1.0,2021.0,0,0,-40.362152162923714,33068,4,14668,-13.56010171062214,35703,,15058
,0,,40410,15833,1.0,2021.0,0,0,-40.18741013373837,32568,4,15005,-13.405327249075405,37494,,15447
,0,,47552,15728,1.0,2021.0,0,0,-40.13838220885881,33463,4,14815,-13.538050168675017,42937,,15468
,0,,40445,15494,1.0,2021.0,0,0,-40.28670113790134,32392,4,14315,-13.415653640814305,35935,,15136
,0,,45630,16198,1.0,2021.0,0,0,-40.33688578940061,28189,4,14007,-13.354777665473227,34369,,15055
,0,,39767,15018,1.0,2021.0,0,0,-40.08853755568816,24503,4,13321,-13.615901194892768,28482,,14101
,0,,47712,15836,1.0,2021.0,0,0,-40.06396948759691,28399,4,13824,-13.574411678232623,42200,,15291
,0,,45722,16092,1.0,2021.0,0,0,-40.13024528292179,32200,4,14847,-13.590856063159885,39699,,15587
,0,,35784,14869,1.0,2021.0,0,0,-40.385110906749894,22623,4,12241,-13.315271764016012,30224,,14082
,0,,44225,15534,1.0,2021.0,0,0,-40.20048500586082,27884,4,13755,-13.335439561579335,33391,,14619
,0,,36551,15298,1.0,2021.0,0,0,-40.051953839021124,25051,4,13717,-13.387808372383686,29871,,14475
,0,,38236,15298,1.0,2021.0,0,0,-40.28630585972014,24447,4,13256,-13.333514880281301,30543,,14614
,0,,35911,15021,1.0,2021.0,0,0,-40.195919458454846,31997,4,14137,-13.638765229282946,33178,,14655
,0,,37142,15521,1.0,2021.0,0,0,-40.04322431488477,25856,4,13701,-13.436964370548942,33026,,14926
,0,,41943,15737,1.0,2021.0,0,0,-40.03809800774426,33166,4,14124,-13.602414494915909,37394,,15052
,0,,41093,15405,1.0,2021.0,0,0,-40.284890874484915,29450,4,13881,-13.289164779530196,35186,,14881
,0,,48093,15805,1.0,2021.0,0,0,-40.10433110774464,36408,4,14880,-13.304009028681303,42343,,15533
,0,,42226,15653,1.0,2021.0,0,0,-40.3385172177289,23919,4,12926,-13.428414423790723,31715,,14646
,0,,44798,15577,1.0,2021.0,0,0,-40.188445052940914,26399,4,13477,-13.354884250790333,32547,,14583
,0,,39840,15172,1.0,2021.0,0,0,-40.28449649456581,30868,4,13508,-13.463453420173366,35418,,14276
,0,,36475,14787,1.0,2021.0,0,0,-40.5968976922627,26104,4,13223,-13.607702824320116,29950,,14022
,0,,41499,15568,1.0,2021.0,0,0,-40.57661500347772,26382,4,13560,-13.33543954737319,29244,,14223
,0,,31631,14671,1.0,2021.0,0,0,-40.608653322103294,24749,4,12977,-13.398492120569871,27529,,13849
,0,,32781,14316,1.0,2021.0,0,0,-40.49678658964936,25747,4,12963,-13.333168470585248,28743,,13742
,0,,36351,15043,1.0,2021.0,0,0,-40.50401402115332,26928,4,13590,-13.383067870513601,33295,,14742
,0,,37546,14992,1.0,2021.0,0,0,-40.60757507085061,27344,4,13627,-13.571539522217144,30740,,14345
,0,,36413,14605,1.0,2021.0,0,0,-40.58475291109152,28309,4,13121,-13.571825686353888,28770,,13634
,0,,45891,15340,1.0,2021.0,0,0,-40.544090160019316,25930,4,13063,-13.490561017145367,30691,,13881
,0,,33397,14665,1.0,2021.0,0,0,-40.76536874933987,23772,4,12732,-13.627404991614627,27478,,13779
,0,,34566,14921,1.0,2021.0,0,0,-40.68362527059895,22602,4,12775,-13.52844292646335,26902,,13899
,0,,35263,15129,1.0,2021.0,0,0,-40.69172613142571,23855,4,13157,-13.33648751322256,26973,,14016
,0,,36153,15055,1.0,2021.0,0,0,-40.73168714600909,23728,4,12884,-13.558594661615494,27163,,13693
,0,,42706,15698,1.0,2021.0,0,0,-40.739090540850896,23380,4,12967,-13.553802143191746,28488,,14100
,0,,37563,15090,1.0,2021.0,0,0,-40.598033847895536,24041,4,13253,-13.354976924859562,28491,,13935
,0,,36036,15157,1.0,2021.0,0,0,-40.62043255286692,24699,4,13190,-13.28250363700508,28873,,14134
,0,,36526,14932,1.0,2021.0,0,0,-40.76303838118357,23465,4,12841,-13.556132040457927,26174,,13502
,0,,32594,14607,1.0,2021.0,0,0,-40.735861174998206,23460,4,12847,-13.605168336406487,26677,,13742
,0,,39980,15283,1.0,2021.0,0,0,-40.464667575369404,27244,4,13518,-13.615901192739917,32945,,14638
,0,,42012,15866,1.0,2021.0,0,0,-40.55777805405952,26467,4,13672,-13.367982081290213,32098,,14744
,0,,39249,15749,1.0,2021.0,0,0,-40.563540133925024,26037,4,13699,-13.4053272435261,32724,,14754
,0,,32540,14563,1.0,2021.0,0,0,-40.72169940346335,22765,4,12615,-13.641572792518264,27315,,13522
,0,,40728,16248,0.0,2021.0,0,0,-40.49704324559775,30019,3,14547,-13.421958646361837,32922,,15338
,0,,39676,15386,1.0,2021.0,0,0,-40.59735117873501,29604,4,14102,-13.638431206663482,33192,,14667
,0,,36203,14976,1.0,2021.0,0,0,-40.54392012879077,25215,4,13311,-13.553952415088968,28250,,13959
,0,,46476,15762,1.0,2021.0,0,0,-40.529478855778336,28114,4,13810,-13.560112256334698,35407,,14968
,0,,44070,15991,0.0,2021.0,0,0,-40.42990881023482,33869,3,14853,-13.508448487799106,41813,,15628
,0,,41356,15513,1.0,2021.0,0,0,-40.56838681335309,26083,4,13391,-13.409850487364533,33982,,15048
,0,,44090,15810,1.0,2021.0,0,0,-40.499996374922176,26832,4,13841,-13.4164639267925,32963,,14603
,0,,39192,14977,1.0,2021.0,0,0,-40.515558321276885,24325,4,13086,-13.413530766657198,28793,,13723
,0,,43204,15672,1.0,2021.0,0,0,-40.440099512123034,34186,4,14614,-13.574411668055257,37807,,15352
,0,,36402,15185,1.0,2021.0,0,0,-40.41422803737425,26462,4,13686,-13.602414482900912,30546,,14419
,0,,31669,14655,1.0,2021.0,0,0,-40.68777539400105,23857,4,12876,-13.433389512046237,27944,,13894
,0,,44256,16082,0.0,2021.0,0,0,-40.4181779924559,33550,3,15045,-13.47984176895218,36639,,15366
,0,,42842,16135,1.0,2021.0,0,0,-40.463159422535455,29427,4,14429,-13.301462442153523,36601,,15357
,0,,47325,16191,1.0,2021.0,0,0,-40.41968929299805,27407,4,14215,-13.35985299785073,33702,,14952
,0,,37054,15102,1.0,2021.0,0,0,-40.421306190588254,27778,4,13562,-13.638881233115592,30630,,14450
,0,,35434,14682,0.0,2021.0,0,0,-40.461417741100796,29251,3,13346,-13.522238111726413,31595,,13720
,0,,46435,16737,1.0,2021.0,0,0,-40.44967313118819,30852,4,14822,-13.38054521961107,37478,,15995
,0,,36725,14908,1.0,2021.0,0,0,-40.58758831400786,22781,4,12894,-13.627099567402993,30220,,13930
,0,,32772,14388,1.0,2021.0,0,0,-40.722385418181304,24979,4,12946,-13.359362172571007,27305,,13571
,0,,44198,15700,1.0,2021.0,0,0,-40.533926456831054,26316,4,13722,-13.278688034591596,34510,,14731
,0,,39860,15021,1.0,2021.0,0,0,-40.4804611243092,23528,4,12698,-13.304008998566042,31970,,14103
,0,,40088,15267,1.0,2021.0,0,0,-40.42171884054547,27466,4,13440,-13.306934931971574,33787,,14709
,0,,39164,14664,1.0,2021.0,0,0,-40.471111443167075,30397,4,13089,-13.300975336301093,34018,,14032
,0,,31312,14153,1.0,2021.0,0,0,-39.35796183342636,25671,4,13114,-12.680555486923152,29681,,13629
,0,,33368,14443,1.0,2021.0,0,0,-39.360693353280055,21737,4,12399,-12.677542338351547,28118,,13780
,0,,34327,14679,1.0,2021.0,0,0,-39.483158448962264,23156,4,12792,-12.71429207552354,28876,,14067
,0,,33876,14717,1.0,2021.0,0,0,-39.31831698535914,24640,4,13171,-12.69764037958978,30067,,14264
,0,,33292,14814,1.0,2021.0,0,0,-39.56394686346186,27309,4,13709,-12.819975678184152,31264,,14411
,0,,34308,15059,1.0,2021.0,0,0,-39.61596880799834,22631,4,12623,-12.650345060378417,30537,,14531
,0,,32522,14946,1.0,2021.0,0,0,-39.415532980800876,28387,4,13759,-12.806901493762046,32997,,14262
,0,,37212,15108,1.0,2021.0,0,0,-39.61854142601624,30413,4,13936,-12.646205366677865,33429,,14715
,0,,38078,15299,1.0,2021.0,0,0,-39.42613929778852,26523,4,13354,-12.785477559700901,30674,,14527
,0,,34928,15068,1.0,2021.0,0,0,-39.36840087706408,26686,4,13618,-12.58603331041456,31014,,14687
,0,,37549,15474,1.0,2021.0,0,0,-39.566577024586344,27616,4,13693,-12.72833318163191,32867,,14926
,0,,42681,15665,1.0,2021.0,0,0,-39.456365911646685,23411,4,12892,-12.824781344968565,36040,,15052
,0,,33401,15305,1.0,2021.0,0,0,-39.289788224542164,30709,4,14430,-12.7327653950314,33573,,15086
,0,,36397,15363,0.0,2021.0,0,0,-39.53748534786899,30702,3,14127,-12.800743679190262,32454,,15031
,0,,39093,15774,0.0,2021.0,0,0,-39.43904889611729,21987,3,13425,-12.844507714724536,33052,,15305
,0,,35240,15417,0.0,2021.0,0,0,-39.46896144691479,22796,3,14000,-12.89141248946903,30477,,15160
,0,,36893,15667,0.0,2021.0,0,0,-39.6066347269182,20980,3,12750,-12.76195357339074,36738,,15256
,0,,47559,16179,0.0,2021.0,0,0,-39.53444542143076,22394,3,13930,-12.66854955475926,39790,,15496
,0,,35127,15029,1.0,2021.0,0,0,-39.881856818754386,25609,4,13361,-12.860670070525739,30428,,14139
,0,,34293,14941,1.0,2021.0,0,0,-39.99707284515015,26843,4,13678,-12.543695689660096,30782,,14389
,0,,35091,14801,1.0,2021.0,0,0,-39.682112843337606,26731,4,13143,-12.586002284425826,32133,,14239
,0,,34176,14915,1.0,2021.0,0,0,-39.880361291266595,20672,4,12561,-12.798885644362246,29518,,14407
,0,,35738,15022,1.0,2021.0,0,0,-40.01525938519594,22949,4,12818,-12.635916195802924,31017,,14438
,0,,33879,14550,1.0,2021.0,0,0,-39.95269902709833,23718,4,12919,-12.680559000911062,28281,,13943
,0,,31347,14482,1.0,2021.0,0,0,-39.88305949714156,23434,4,13267,-12.806905077003902,29949,,14261
,0,,34343,15027,1.0,2021.0,0,0,-39.83498352075111,25351,4,13520,-12.86639931610822,30930,,14535
,0,,41090,15560,1.0,2021.0,0,0,-39.80299139738245,23617,4,12879,-12.845116283676507,32859,,14699
,0,,43323,15951,1.0,2021.0,0,0,-39.75967508805508,27274,4,13949,-12.588290906110457,34464,,15007
,0,,40981,15741,1.0,2021.0,0,0,-39.871701029543466,28445,4,14235,-12.646244504509879,33862,,15190
,0,,38716,15501,1.0,2021.0,0,0,-39.87659157025349,26816,4,13838,-12.6076732401263,35237,,14973
,0,,38124,15343,1.0,2021.0,0,0,-39.96913401417529,29078,4,13988,-12.674849809568766,32346,,14724
,0,,40642,15392,1.0,2021.0,0,0,-39.80830191855377,21639,4,12756,-12.843833590695876,35315,,14960
,0,,35732,15115,0.0,2021.0,0,0,-39.92691373164094,22827,3,13148,-12.865278315551596,28435,,14544
,0,,40530,15683,1.0,2021.0,0,0,-39.88134328497534,25575,4,13997,-12.61226328971084,36216,,15180
,0,,43156,15762,0.0,2021.0,0,0,-39.847424461290785,21995,3,13368,-12.586386408710041,38257,,15509
,0,,38698,15724,1.0,2021.0,0,0,-39.81676937016721,29198,4,14346,-12.599741621391345,36581,,15451
,0,,41507,15797,1.0,2021.0,0,0,-39.839838111443775,26199,4,13862,-12.677098409115645,34493,,15386
,0,,40712,15691,0.0,2021.0,0,0,-39.75452354024047,29408,3,14269,-12.865357483818768,35552,,15293
,0,,43143,15800,1.0,2021.0,0,0,-40.02140555168922,25997,4,14142,-12.527488356774976,41009,,15668
,0,,41983,16103,0.0,2021.0,0,0,-40.1791214100218,24004,3,13778,-12.845116263073754,37222,,15597
,0,,32747,15115,0.0,2021.0,0,0,-40.38796321052255,29455,3,14054,-12.536382661447549,28994,,14595
,0,,45814,15840,0.0,2021.0,0,0,-40.37320287236801,30790,3,14291,-12.543695686790981,38676,,15234
,0,,35686,15252,0.0,2021.0,0,0,-40.32323647634495,29270,3,14122,-12.743472902108314,32821,,14809
,0,,33630,15120,0.0,2021.0,0,0,-40.13469948810196,25921,3,13500,-12.827404183448396,30308,,14650
,0,,42036,15928,0.0,2021.0,0,0,-40.35375078981225,28536,3,14004,-12.669347753910145,34530,,14798
,0,,47444,16325,1.0,2021.0,0,0,-40.20181143240259,32042,4,14879,-12.891747271868981,43453,,15896
,0,,44790,15827,1.0,2021.0,0,0,-40.34066797193552,29119,4,14307,-12.56815427288569,40558,,15535
,0,,45738,15948,1.0,2021.0,0,0,-40.30512435417186,35407,4,14781,-12.824482621220813,42417,,15598
,0,,40894,15724,1.0,2021.0,0,0,-40.184431931589735,32449,4,14311,-12.843833570354153,37217,,15303
,0,,46861,16072,1.0,2021.0,0,0,-40.37227244067988,29163,4,13959,-12.666398045398926,37430,,15210
,0,,32663,14814,1.0,2021.0,0,0,-40.05239606185044,23788,4,12839,-12.65816687710147,30120,,14465
,0,,40924,15914,1.0,2021.0,0,0,-40.252721588426986,27099,4,13630,-12.607673239040455,35456,,14957
,0,,36269,14913,1.0,2021.0,0,0,-40.34526403929048,27794,4,13823,-12.674849799855554,31606,,14521
,0,,34507,15197,1.0,2021.0,0,0,-40.257986837314654,23702,4,13006,-12.860670052999701,32247,,14824
,0,,31140,14661,1.0,2021.0,0,0,-40.387343463234195,27791,4,13864,-12.800701254520412,29378,,14261
,0,,38519,15457,1.0,2021.0,0,0,-40.28201296081138,24654,4,13116,-12.824775353591205,29858,,14341
,0,,39938,15432,1.0,2021.0,0,0,-40.38659982277147,28203,4,13713,-12.535511629212097,32764,,14380
,0,,40500,15482,1.0,2021.0,0,0,-40.31064247822038,23136,4,12926,-12.640737436700372,32800,,14554
,0,,36324,14803,1.0,2021.0,0,0,-40.391389413777354,20388,4,12304,-12.635916188929917,30689,,14108
,0,,33803,14633,1.0,2021.0,0,0,-40.05268984883023,23343,4,13039,-12.662691395441675,28286,,13853
,0,,36629,15427,1.0,2021.0,0,0,-40.24783104734494,22443,4,12914,-12.646244497311331,29549,,14404
,0,,33871,14952,1.0,2021.0,0,0,-40.050888189918275,23242,4,12830,-12.891869769245266,25235,,13621
,0,,34054,14963,1.0,2021.0,0,0,-40.23287020739051,28045,4,13155,-12.535348586694472,32702,,14414
,0,,35472,14934,1.0,2021.0,0,0,-40.34860145789737,24504,4,13039,-12.894555337841545,29257,,14003
,0,,35023,14676,1.0,2021.0,0,0,-40.38565148983881,26350,4,12984,-12.559802212117958,29968,,13900
,0,,35224,14768,1.0,2021.0,0,0,-40.33037736627439,28229,4,13200,-12.61276997213756,32306,,14079
,0,,42383,16059,0.0,2021.0,0,0,-39.79165867688545,34330,3,15314,-13.927370064406158,37339,,15704
,0,,40506,15578,0.0,2021.0,0,0,-39.70915698674427,23719,3,13984,-13.895661062383413,34146,,15397
,0,,38739,15787,0.0,2021.0,0,0,-39.66591783478342,32898,3,15092,-13.853272183288178,36525,,15611
,0,,39423,16048,0.0,2021.0,0,0,-39.67764848438533,33521,3,15202,-13.881873603151623,37439,,15857
,0,,43509,16246,0.0,2021.0,0,0,-39.93136206482714,31350,3,15112,-13.901865275275817,37735,,15585
,0,,41761,16199,0.0,2021.0,0,0,-39.666761101447555,34938,3,15447,-13.94637713782296,37831,,15899
,0,,40554,15942,0.0,2021.0,0,0,-39.78090770402682,28207,3,14937,-13.734039362500859,36268,,15637
,0,,46036,16557,0.0,2021.0,0,0,-39.84509103255715,27099,3,14727,-14.011832742056963,42868,,16259
,0,,36926,15213,0.0,2021.0,0,0,-40.02499236754,29468,3,13801,-13.648111478596675,33041,,14655
,0,,31559,14801,0.0,2021.0,0,0,-40.029869390510115,22428,3,12990,-13.97890671647234,25488,,13884
,0,,30531,14868,0.0,2021.0,0,0,-39.962385817160374,24338,3,13586,-13.80185572870533,28502,,14243
,0,,44320,15924,0.0,2021.0,0,0,-39.712407367202715,27223,3,14269,-13.98930615533181,40813,,15488
,0,,47754,15855,0.0,2021.0,0,0,-39.97942522144607,31234,3,14564,-13.932010671568737,36925,,15343
,0,,43624,16297,0.0,2021.0,0,0,-39.90876058100885,32898,3,14696,-13.66263335658724,38841,,15732
,0,,42025,16337,0.0,2021.0,0,0,-39.81127652300758,28492,3,14768,-13.778773600897468,35209,,15716
,0,,43637,16011,0.0,2021.0,0,0,-40.0243555266061,23310,3,13386,-13.65699511381699,37586,,15566
,0,,44532,16075,0.0,2021.0,0,0,-39.94270023512159,23500,3,13898,-13.848846202657507,39240,,15672
,0,,38611,15722,0.0,2021.0,0,0,-39.68701335376803,31672,3,14879,-14.00494467985965,39064,,15602
,0,,36597,15858,0.0,2021.0,0,0,-39.80226355426449,23390,3,13578,-13.905958664822169,33570,,15378
,0,,46854,16208,0.0,2021.0,0,0,-40.007663668667995,34495,3,14904,-13.804616821516,39493,,15807
,0,,47575,16209,0.0,2021.0,0,0,-39.83249139137509,26132,3,14346,-13.945240036677818,40853,,15986
,0,,39028,16174,0.0,2021.0,0,0,-39.81978933258861,24061,3,14239,-14.01216668292954,36359,,15851
,0,,43208,16145,0.0,2021.0,0,0,-39.894348085242726,32313,3,14868,-13.985721110338414,38563,,15705
,0,,44957,15911,0.0,2021.0,0,0,-39.85531334845681,28496,3,14350,-13.944953933425257,35969,,15403
,0,,44772,15875,0.0,2021.0,0,0,-39.910568958242166,33221,3,14042,-13.789097870875365,43580,,15519
,0,,48334,16557,0.0,2021.0,0,0,-39.83532793477788,30646,3,14966,-14.00050327859509,44106,,16161
,0,,39550,16020,0.0,2021.0,0,0,-39.75411466377832,26376,3,14497,-13.964266329530284,34214,,15590
,0,,49472,16547,0.0,2021.0,0,0,-39.79416471870328,31753,3,14919,-13.885953710035261,41440,,16060
,0,,42331,16321,0.0,2021.0,0,0,-40.01310803413235,28765,3,14374,-14.000807238964084,35311,,16194
,0,,33533,14415,1.0,2021.0,0,0,-39.98602042261399,26962,4,13604,-13.933517376430348,30063,,14118
,0,,38112,15339,1.0,2021.0,0,0,-40.01077754502686,26305,4,13920,-13.929548049392368,33699,,14975
,0,,36266,15103,6.0,2021.0,0,0,-39.278145266875505,29413,21,14338,-13.253919067974042,35117,,14992
,0,,40164,15470,6.0,2021.0,0,0,-39.2589537289203,28249,21,14155,-13.174262642841313,36189,,15083
,0,,31334,14949,6.0,2021.0,0,0,-38.99805261341985,26318,21,13287,-13.177051479861822,31798,,14424
,0,,42934,15199,4.0,2021.0,0,0,-39.271080182100015,27640,15,13575,-13.23166530081388,36272,,14710
,0,,36908,14964,4.0,2021.0,0,0,-39.10072734135715,33926,15,14426,-13.253624221117166,36082,,14819
,0,,38502,14735,4.0,2021.0,0,0,-39.1174116482655,31413,15,13773,-13.164571057638366,36362,,14670
,0,,34454,14853,4.0,2021.0,0,0,-38.942853334430644,27001,15,13569,-12.930454843639021,31560,,14397
,0,,33802,14368,4.0,2021.0,0,0,-39.12810313930173,32466,15,13892,-13.17244870169674,33043,,14137
,0,,32152,14459,4.0,2021.0,0,0,-38.93655042206758,27374,15,13511,-12.927421399380968,29102,,13922
,0,,28531,13851,6.0,2021.0,0,0,-38.94280359354785,27941,21,13620,-13.186606361651537,27765,,13688
,0,,30265,14028,4.0,2021.0,0,0,-38.98906289186055,27724,15,13117,-13.242438009896091,28990,,13643
,0,,34627,14624,6.0,2021.0,0,0,-39.32832020334826,21642,21,12751,-13.228962951048484,30984,,14276
,0,,32670,15120,6.0,2021.0,0,0,-39.32609104760312,28675,21,14239,-13.180310043402859,35652,,14857
,0,,39130,15005,4.0,2021.0,0,0,-39.633392511429555,24158,15,12931,-12.933409978133598,28969,,13832
,0,,40785,15301,6.0,2021.0,0,0,-39.53004420049146,22580,21,12747,-12.928616487335994,32700,,14594
,0,,36670,15245,6.0,2021.0,0,0,-39.55838555095388,25968,21,13200,-13.014330591315266,35170,,14863
,0,,37731,15139,6.0,2021.0,0,0,-39.612949868492606,23358,21,12944,-12.947421082977222,32902,,14570
,0,,36227,15077,4.0,2021.0,0,0,-39.62094363766861,23199,15,13102,-12.917306752244556,28470,,13752
,0,,34392,14483,6.0,2021.0,0,0,-39.50521561615832,23677,21,13188,-12.985862252084894,31753,,14095
,0,,38874,14811,4.0,2021.0,0,0,-39.5765711725959,23762,15,12895,-13.054144304149549,33686,,14301
,0,,39799,15610,4.0,2021.0,0,0,-39.338688744559235,26211,15,14051,-13.089919839721437,35993,,15407
,0,,39416,15209,4.0,2021.0,0,0,-39.514493150789455,33949,15,14416,-12.91562793168962,38234,,14813
,0,,38927,15066,4.0,2021.0,0,0,-39.38902489038203,21444,15,13276,-13.042132103713106,32493,,14574
,0,,34185,14699,6.0,2021.0,0,0,-39.64527570393144,25903,21,13130,-12.901102132233698,33069,,14542
,0,,35678,14773,4.0,2021.0,0,0,-39.63570370293864,22206,15,12424,-12.90999489509869,29851,,13825
,0,,41370,15181,4.0,2021.0,0,0,-39.43217338086152,27971,15,12998,-13.21738795429284,30934,,13919
,0,,32987,14674,4.0,2021.0,0,0,-39.313861411107005,25031,15,13170,-13.185092427668605,31444,,14238
,0,,34669,14704,4.0,2021.0,0,0,-39.5001619422838,25153,15,12956,-13.063515165606383,33704,,14435
,0,,41199,14822,4.0,2021.0,0,0,-39.34767535255963,29202,15,13765,-13.182665811218353,36479,,14385
,0,,44973,15326,4.0,2021.0,0,0,-39.5440131245942,29898,15,13840,-13.160136436266768,39990,,14981
,0,,38376,14780,4.0,2021.0,0,0,-39.427974109955,31794,15,13852,-13.054922797687635,36615,,14514
,0,,41604,15215,4.0,2021.0,0,0,-39.55118377076513,34600,15,14457,-13.139023818784036,38681,,14945
,0,,42816,15365,4.0,2021.0,0,0,-39.582336402697884,26038,15,13486,-13.051128172863951,38159,,14963
,0,,41717,15198,4.0,2021.0,0,0,-39.426862858259874,31775,15,14193,-13.218670377091149,36110,,14765
,0,,42509,15145,4.0,2021.0,0,0,-39.374182590515325,32280,15,14214,-13.177051447729067,39760,,14930
,0,,40705,15174,4.0,2021.0,0,0,-39.36715198718012,29882,15,12957,-13.13553697934899,30294,,14096
,0,,34862,14267,4.0,2021.0,0,0,-39.318933568459364,30436,15,13553,-13.186606329763563,32346,,13929
,0,,42061,15910,4.0,2021.0,0,0,-39.475191783278554,29411,15,13120,-13.264957758218484,33780,,14409
,0,,36893,14520,4.0,2021.0,0,0,-39.59300577947214,27339,15,13088,-13.04843602070625,31336,,13982
,0,,42612,14975,6.0,2021.0,0,0,-39.32400899037263,31435,21,13969,-13.25807756306279,38934,,14446
,0,,39478,14926,4.0,2021.0,0,0,-39.58840955052148,28691,15,13353,-12.941761079175855,33435,,14093
,0,,49005,15266,4.0,2021.0,0,0,-39.456356722350364,28567,15,13659,-13.148780058599359,40141,,14434
,0,,38744,14507,4.0,2021.0,0,0,-39.6200135010574,28893,15,13109,-13.039985517441107,34748,,14102
,0,,45405,14933,4.0,2021.0,0,0,-39.45580189426398,27048,15,13377,-13.106402844217184,36142,,14372
,0,,39389,14809,4.0,2021.0,0,0,-39.46371139832557,33727,15,13823,-13.050684944359366,34178,,14003
,0,,39867,14603,4.0,2021.0,0,0,-39.49354163009634,31713,15,13891,-13.1645710417359,37415,,14245
,0,,41682,14776,4.0,2021.0,0,0,-39.63913001946941,31704,15,13152,-13.009509214532224,38286,,14314
,0,,47358,15553,4.0,2021.0,0,0,-39.519710594471334,33356,15,14329,-13.071262645898877,40528,,14997
,0,,32795,13978,4.0,2021.0,0,0,-39.4925569386186,31009,15,13306,-13.218063177612592,32811,,13719
,0,,41739,14798,4.0,2021.0,0,0,-39.50423312155599,35479,15,13820,-13.17244868714742,38395,,14326
,0,,37771,15436,4.0,2021.0,0,0,-39.39610427600675,26656,15,13851,-13.059880891825259,34634,,15107
,0,,40768,15344,4.0,2021.0,0,0,-39.66904616644775,21319,15,12783,-13.265409544222898,31522,,14472
,0,,36586,14806,4.0,2021.0,0,0,-39.69741429927105,24638,15,12927,-13.007023350517347,30346,,14210
,0,,38065,14936,4.0,2021.0,0,0,-39.71240773198189,28986,15,13751,-13.242424384296509,33120,,14453
,0,,37058,14346,4.0,2021.0,0,0,-39.808266212754624,19311,15,11906,-13.160143627102798,34255,,14300
,0,,41597,15561,4.0,2021.0,0,0,-39.98683219371747,24279,15,13028,-13.18031342373954,34458,,14540
,0,,31795,13614,4.0,2021.0,0,0,-39.81613042962735,23367,15,12189,-13.036333140371184,30119,,13351
,0,,41194,15585,6.0,2021.0,0,0,-39.96943951935911,29468,21,14259,-13.268100731264715,36467,,15099
,0,,41768,15526,6.0,2021.0,0,0,-39.66676122599693,30080,21,14269,-13.199480307626018,37431,,15001
,0,,30422,14169,6.0,2021.0,0,0,-39.791832579978795,24666,21,12970,-13.117059312125681,27373,,13691
,0,,38851,15358,6.0,2021.0,0,0,-39.90836939120043,23709,21,12999,-13.089946532496493,32877,,14297
,0,,28977,14253,6.0,2021.0,0,0,-39.71090057209076,22343,21,12446,-12.927925157092123,26737,,13576
,0,,35109,14934,4.0,2021.0,0,0,-39.85639603433603,25335,15,13022,-13.024972537653788,32666,,14265
,0,,37623,15355,4.0,2021.0,0,0,-39.842815613141056,30548,15,13603,-12.898344477696808,33254,,14569
,0,,42310,15324,4.0,2021.0,0,0,-39.93551733125992,26849,15,13050,-13.059877030453922,32645,,13921
,0,,42550,15367,4.0,2021.0,0,0,-39.98360270823466,29038,15,13530,-13.231689455992754,35744,,14417
,0,,39918,15100,4.0,2021.0,0,0,-40.01077923684304,26748,15,12915,-13.182644138883358,34560,,14368
,0,,36070,14517,4.0,2021.0,0,0,-39.81128370877906,25137,15,12974,-13.031809043467431,31781,,13871
,0,,34279,14345,4.0,2021.0,0,0,-39.663096310082636,27844,15,13467,-12.947394076093826,31027,,14018
,0,,30795,14059,4.0,2021.0,0,0,-39.939466881587784,19718,15,11428,-12.962956422787176,24687,,12775
,0,,38165,14973,4.0,2021.0,0,0,-39.99467083188023,26839,15,13093,-13.01979675355692,32376,,13979
,0,,38741,14652,4.0,2021.0,0,0,-39.982763231269765,26776,15,12815,-13.135522862209537,32516,,13849
,0,,35104,14167,4.0,2021.0,0,0,-40.02986985162739,30703,15,13404,-13.232022483914529,32661,,14023
,0,,29232,13671,4.0,2021.0,0,0,-39.76330116677255,25066,15,13082,-13.040014447725373,30019,,13676
,0,,37720,14632,4.0,2021.0,0,0,-39.74492988074374,26959,15,13381,-12.94532603683885,32280,,13926
,0,,38089,14328,4.0,2021.0,0,0,-39.845775735196554,24911,15,12592,-12.98144896581831,31632,,13440
,0,,34109,14283,4.0,2021.0,0,0,-39.94270476609822,29375,15,13070,-13.10190942010749,32304,,13884
,0,,33474,13963,4.0,2021.0,0,0,-39.99385625931854,21920,15,11940,-13.050644177371549,31449,,13534
,0,,33367,14150,4.0,2021.0,0,0,-39.71885254647597,24567,15,12471,-12.927437848323072,28362,,13348
,0,,38152,14574,4.0,2021.0,0,0,-40.0243555595287,22490,15,11748,-12.909986745309684,28278,,13037
,0,,41027,14515,4.0,2021.0,0,0,-39.79416897548605,31815,15,13108,-13.139030579638373,35022,,13725
,0,,31326,13654,4.0,2021.0,0,0,-40.02499237615131,23113,15,11925,-12.90109971294332,29444,,13042
,0,,33645,14012,4.0,2021.0,0,0,-39.91017677077142,31241,15,13055,-12.959982983202543,31904,,13277
,0,,34937,13948,4.0,2021.0,0,0,-40.02211564685742,25416,15,12474,-12.90911655590146,28153,,13008
,0,,34238,14262,4.0,2021.0,0,0,-39.81231726836885,27596,15,12405,-12.981356327679292,30786,,13270
,0,,38713,13696,4.0,2021.0,0,0,-40.016938937137894,27896,15,12083,-12.917294677924954,34575,,13012
,0,,40150,15643,6.0,2021.0,0,0,-39.992098154988966,26743,21,13430,-13.023935689693708,29028,,13954
,0,,28586,13268,6.0,2021.0,0,0,-39.74452872091225,27593,21,12457,-12.959636869343546,29376,,12707
,0,,35957,14831,4.0,2021.0,0,0,-40.2913820828162,28775,15,13635,-13.159038279654366,31158,,14157
,0,,36738,15004,4.0,2021.0,0,0,-40.21597140864103,26099,15,13234,-13.050684938424045,30621,,14203
,0,,38025,15038,4.0,2021.0,0,0,-40.04846888800192,26305,15,12893,-13.15490329986068,31730,,14077
,0,,37758,14032,4.0,2021.0,0,0,-40.13580586193268,28201,15,12676,-12.961894140038705,33713,,13339
,0,,38784,14583,4.0,2021.0,0,0,-40.11506772360709,30925,15,13734,-13.199520784944344,33824,,14325
,0,,40624,15553,4.0,2021.0,0,0,-40.39442057199487,25885,15,13437,-13.193494232423713,32788,,14505
,0,,43989,15445,4.0,2021.0,0,0,-40.25242195664182,26587,15,13519,-13.0635151586217,32110,,14446
,0,,31436,13905,4.0,2021.0,0,0,-40.34066957464549,26100,15,12842,-12.941761050216547,28962,,13349
,0,,28767,13318,4.0,2021.0,0,0,-40.39753573435102,25324,15,12258,-12.901102094016064,26736,,12795
,0,,30181,13663,4.0,2021.0,0,0,-40.11322697507553,25628,15,12769,-13.10190332112435,28126,,13248
,0,,31526,14215,4.0,2021.0,0,0,-40.41025793912669,27230,15,12958,-13.084368005212989,31015,,13804
,0,,29887,14114,4.0,2021.0,0,0,-40.36520989533143,28529,15,13137,-12.94742105299718,29862,,13624
,0,,40538,15217,4.0,2021.0,0,0,-40.05239632873535,25310,15,12795,-13.031755546338537,29066,,13817
,0,,34658,14555,4.0,2021.0,0,0,-40.22911733429481,28201,15,13531,-13.253624211104812,31224,,14071
,0,,37237,14521,4.0,2021.0,0,0,-40.141284892415484,29445,15,12967,-13.042132101367049,30980,,13504
,0,,34233,14606,4.0,2021.0,0,0,-40.11745286799273,26266,15,12855,-13.242437997975603,31580,,13732
,0,,37329,14761,4.0,2021.0,0,0,-40.33459642615007,26129,15,12760,-13.051128154403813,28739,,13547
,0,,35310,14541,4.0,2021.0,0,0,-40.07835104265853,23430,15,12690,-13.180310064163503,33831,,14390
,0,,36539,14906,4.0,2021.0,0,0,-40.073038840335386,24188,15,12527,-12.94530287368592,29081,,13716
,0,,34031,14285,4.0,2021.0,0,0,-40.399470200673456,31219,15,13022,-13.231665291572591,32437,,13549
,0,,38790,13981,4.0,2021.0,0,0,-40.07626898520171,32924,15,12975,-13.258077592912827,35988,,13435
,0,,39696,15048,4.0,2021.0,0,0,-40.22270428511631,29997,15,13434,-13.057713719725538,34979,,14396
,0,,32966,14169,4.0,2021.0,0,0,-40.13756764256134,30428,15,12896,-12.981434791872699,32569,,13718
,0,,37451,15224,4.0,2021.0,0,0,-40.05269012956971,24976,15,13096,-13.036279200032917,32556,,14163
,0,,41264,15198,4.0,2021.0,0,0,-40.18023411630693,29662,15,13729,-13.054922794621477,34384,,14408
,0,,38319,14685,4.0,2021.0,0,0,-40.126442590908916,32037,15,13621,-13.177051464966633,34778,,14413
,0,,39153,15022,4.0,2021.0,0,0,-40.35375236746833,26987,15,12740,-13.042934902087138,33318,,14308
,0,,40529,14717,4.0,2021.0,0,0,-40.119411986791754,31403,15,13198,-13.13553699130096,35638,,13980
,0,,41932,15366,4.0,2021.0,0,0,-40.32323810245453,31764,15,13261,-13.117046158139436,35651,,14716
,0,,43488,15078,4.0,2021.0,0,0,-40.303443790768505,33166,15,13725,-13.139023810752903,34843,,14409
,0,,43746,15295,4.0,2021.0,0,0,-40.10439180793174,31970,15,13588,-13.024945477768245,37890,,14172
,0,,43709,15304,4.0,2021.0,0,0,-40.20806190370854,31863,15,13800,-13.106402846066723,38832,,14807
,0,,43660,15141,4.0,2021.0,0,0,-40.071193562720005,22743,15,12872,-13.186606351846258,35485,,14620
,0,,40088,14935,4.0,2021.0,0,0,-40.08422161685796,26632,15,13024,-12.994422982170882,36889,,14530
,0,,49514,16007,4.0,2021.0,0,0,-40.05824301305412,31577,15,13725,-12.959604952350064,39487,,14953
,0,,39798,15294,4.0,2021.0,0,0,-40.23853730682972,32697,15,13659,-13.18663325450889,37767,,14640
,0,,36814,15096,6.0,2021.0,0,0,-40.19098226899401,32075,21,14104,-13.135005371986734,34356,,14722
,0,,47141,15536,6.0,2021.0,0,0,-40.05649431699653,26153,21,13575,-12.927907492987064,34552,,14513
,0,,41753,15119,6.0,2021.0,0,0,-40.25649313636002,32180,21,13845,-13.172448687597662,38263,,14691
,0,,41141,15566,6.0,2021.0,0,0,-40.07124330361096,22210,21,12158,-12.930454849512442,29763,,13982
,0,,40869,15365,6.0,2021.0,0,0,-40.148364278824765,27452,21,13407,-13.059880891478809,32928,,14221
,0,,40390,14246,6.0,2021.0,0,0,-40.090948741010095,34008,21,13256,-13.089919847192748,37712,,13801
,0,,43939,15662,6.0,2021.0,0,0,-40.266753166717535,27341,21,13683,-12.915627903845413,34301,,14773
,0,,37835,15066,6.0,2021.0,0,0,-40.1844333876807,30001,21,13764,-13.217387967283264,34487,,14442
,0,,37102,15438,6.0,2021.0,0,0,-40.721395773217544,23301,21,13019,-13.04843599557941,30480,,14750
,0,,34716,14901,4.0,2021.0,0,0,-40.5690307981171,28855,15,13457,-12.97334298309097,33195,,14409
,0,,37863,14571,4.0,2021.0,0,0,-40.4523990073001,24934,15,12614,-13.258077554778941,31448,,13804
,0,,33489,14012,4.0,2021.0,0,0,-40.6259762660239,22319,15,11822,-12.96297114606063,26188,,12969
,0,,34805,14216,4.0,2021.0,0,0,-40.52449428672363,20566,15,11895,-13.059880870787875,26987,,13063
,0,,38438,14813,4.0,2021.0,0,0,-40.447323585825494,31539,15,14001,-13.186606317380654,37196,,14580
,0,,34291,14887,4.0,2021.0,0,0,-40.6428831512998,20289,15,12519,-12.915627900107177,34147,,14263
,0,,39435,14903,6.0,2021.0,0,0,-40.71568979747301,31298,21,13739,-13.007040970040276,34500,,14397
,0,,37831,15002,4.0,2021.0,0,0,-40.454481064354255,26245,15,13280,-13.180310030513695,31874,,14331
,0,,38736,15252,4.0,2021.0,0,0,-40.62193163241588,23929,15,12731,-13.164571025412146,29954,,14100
,0,,34258,14474,6.0,2021.0,0,0,-40.44537299445903,23873,21,12672,-13.232040445065602,28720,,13713
,0,,36732,15150,6.0,2021.0,0,0,-40.78638789544839,25621,21,13173,-13.084368007574476,31325,,14333
,0,,35361,15085,6.0,2021.0,0,0,-40.435823246022125,27605,21,13123,-13.156721466600537,31372,,14076
,0,,36780,14945,4.0,2021.0,0,0,-40.52632388891084,31677,15,13284,-12.905143580319358,31012,,14043
,0,,31531,13918,4.0,2021.0,0,0,-40.592101403217455,24915,15,12836,-13.050684921265136,28627,,13369
,0,,32285,15113,4.0,2021.0,0,0,-40.460351637399135,22612,15,12405,-12.994422964362792,28577,,13499
,0,,39430,14724,4.0,2021.0,0,0,-40.44225142890998,31755,15,13510,-13.18509241532046,35034,,14189
,0,,31894,13785,4.0,2021.0,0,0,-40.614667296959006,21164,15,11624,-13.18663323594169,25387,,12645
,0,,35143,14374,4.0,2021.0,0,0,-40.59883427836529,24253,15,12615,-13.057713702251663,29693,,13494
,0,,42493,15087,4.0,2021.0,0,0,-40.64810059453783,26987,15,13013,-13.071262623065762,33195,,14209
,0,,39105,14889,4.0,2021.0,0,0,-40.679573768114224,25964,15,12800,-13.139023800148006,31674,,13731
,0,,34030,14066,4.0,2021.0,0,0,-40.49554200039355,25598,15,12668,-13.135536963080183,27689,,13179
,0,,43045,14758,4.0,2021.0,0,0,-40.62094694101904,27662,15,12996,-13.218063164868392,32436,,13675
,0,,37711,14344,4.0,2021.0,0,0,-40.60524732627934,26663,15,12939,-13.253624190996621,30019,,13368
,0,,40356,14377,4.0,2021.0,0,0,-40.449719283468774,26229,15,12733,-13.269129682348185,31394,,13502
,0,,38703,14296,4.0,2021.0,0,0,-40.66751206253826,25745,15,12563,-13.159038267499978,31024,,13348
,0,,40510,15090,4.0,2021.0,0,0,-40.704961167759116,24973,15,12975,-13.054144279577963,31139,,14060
,0,,29613,13287,4.0,2021.0,0,0,-40.61722741467311,25295,15,12460,-13.02397496231649,28411,,13092
,0,,33193,13630,4.0,2021.0,0,0,-40.555252866325674,25819,15,12485,-13.218670365082335,29292,,13046
,0,,34195,13873,4.0,2021.0,0,0,-40.46707876022283,25951,15,12818,-13.08991982164127,29604,,13449
,0,,44331,15127,4.0,2021.0,0,0,-40.60900046458971,25387,15,12798,-12.908962373592084,32773,,13965
,0,,36710,14366,4.0,2021.0,0,0,-40.63411750110727,25739,15,12651,-13.234221207436383,28873,,13527
,0,,43718,14568,4.0,2021.0,0,0,-40.68596058098443,25421,15,12608,-13.247802099117283,29011,,13249
,0,,33173,13583,4.0,2021.0,0,0,-40.56056338846795,26881,15,12544,-13.217387942137995,29851,,12998
,0,,37615,14049,4.0,2021.0,0,0,-40.4805218244982,28668,15,12804,-13.024945458218147,31384,,13247
,0,,40784,14556,4.0,2021.0,0,0,-40.51741490170968,27119,15,12436,-13.042132081878597,30593,,13221
,0,,36333,14179,4.0,2021.0,0,0,-40.623964119213746,27478,15,12560,-13.01983692667147,32156,,13484
,0,,44698,15846,4.0,2021.0,0,0,-40.44737332671025,31359,15,14286,-12.930454836542019,39713,,15389
,0,,37424,14903,4.0,2021.0,0,0,-40.699368075903585,25569,15,13018,-13.117046150007665,27571,,13544
,0,,34790,14915,4.0,2021.0,0,0,-40.599685863501094,31378,15,13975,-12.95999038787508,33096,,14597
,0,,32333,14621,6.0,2021.0,0,0,-40.44371260341636,27990,21,13249,-13.003538284117152,30095,,13646
,0,,35221,14423,4.0,2021.0,0,0,-40.48935698989922,28500,15,13152,-13.101903295472583,32620,,13927
,0,,28738,13670,4.0,2021.0,0,0,-40.502572603124165,25529,15,12731,-13.177051433548002,26702,,13308
,0,,38171,14495,4.0,2021.0,0,0,-40.476065367451596,27484,15,12795,-13.182665797956847,31505,,13659
,0,,31886,13663,4.0,2021.0,0,0,-40.72988233491151,23922,15,12315,-13.042934898027237,28639,,13402
,0,,28812,13351,4.0,2021.0,0,0,-40.4410704146412,24918,15,12319,-12.9274213931237,27953,,13049
,0,,33761,14043,4.0,2021.0,0,0,-40.6867755476855,26194,15,12735,-13.014330564271516,29376,,13424
,0,,34451,13826,4.0,2021.0,0,0,-40.632623122953845,26998,15,12666,-13.172448671234715,28913,,13161
,0,,27702,13011,4.0,2021.0,0,0,-40.43262434300206,23831,15,12304,-12.927907479607214,26124,,12750
,0,,37808,14309,4.0,2021.0,0,0,-40.679174150788675,32074,15,13404,-13.238828306094623,34352,,13756
,0,,33310,13709,4.0,2021.0,0,0,-40.44916886308216,29272,15,12915,-12.945302859530562,30731,,13269
,0,,32706,13824,4.0,2021.0,0,0,-40.584191899839546,24643,15,12191,-13.106402824402442,28004,,13195
,0,,33539,13615,4.0,2021.0,0,0,-40.635321151091645,28527,15,12717,-13.180466551965383,29527,,13115
,0,,41061,14581,4.0,2021.0,0,0,-40.628853734944094,31887,15,13276,-12.981273074561345,32597,,13453
,0,,39336,14370,4.0,2021.0,0,0,-40.59431916000218,33803,15,13151,-12.898344438776919,34721,,13951
,0,,31988,13620,4.0,2021.0,0,0,-40.42009010571394,26428,15,12405,-13.087809949222036,27952,,12937
,0,,32662,13675,4.0,2021.0,0,0,-40.68125526115271,28744,15,12828,-13.198040456630507,30430,,13250
,0,,34198,13765,4.0,2021.0,0,0,-40.56711226849223,29936,15,12821,-13.135005348126986,31507,,13370
,0,,31180,13452,4.0,2021.0,0,0,-40.556364117925746,27699,15,12703,-13.054922775648047,30360,,13175
,0,,36627,14090,4.0,2021.0,0,0,-40.603581787174484,31996,15,13396,-13.264957748774583,33980,,13713
,0,,30916,13323,4.0,2021.0,0,0,-40.48032998114352,27422,15,12563,-12.981331440217572,28876,,12978
,0,,39997,15796,6.0,2021.0,0,0,-39.49204255043199,26727,21,13784,-13.282503645817457,38355,,15562
,0,,40607,15054,4.0,2021.0,0,0,-39.61596749975451,32059,15,14314,-13.397454420621099,36254,,15047
,0,,33633,14805,6.0,2021.0,0,0,-39.64886237035165,32804,21,13414,-13.274641536342337,33158,,14339
,0,,37377,14959,6.0,2021.0,0,0,-39.617725497362294,29725,21,13942,-13.424157743523644,33880,,14658
,0,,35061,14632,6.0,2021.0,0,0,-39.46964384352136,29537,21,14127,-13.35497693095193,35881,,14659
,0,,33728,14557,4.0,2021.0,0,0,-39.61854023547532,29152,15,14356,-13.393316242522806,31429,,14552
,0,,47157,15192,4.0,2021.0,0,0,-39.56124608168934,28063,15,13794,-13.3021454103892,39523,,14587
,0,,41311,15325,6.0,2021.0,0,0,-39.728262843389416,31580,21,14158,-13.398464367749872,39790,,15168
,0,,39870,15192,6.0,2021.0,0,0,-39.85298770081867,29754,21,14083,-13.62709981873658,32651,,14576
,0,,43956,15756,4.0,2021.0,0,0,-39.77223644789182,29285,15,14205,-13.43339350387501,40034,,15278
,0,,43256,15331,4.0,2021.0,0,0,-39.76515670145337,29343,15,14123,-13.415648070720598,40196,,15104
,0,,41154,15491,4.0,2021.0,0,0,-39.880364949112504,33300,15,14636,-13.545939870945539,37166,,15143
,0,,42894,15838,4.0,2021.0,0,0,-39.83193589646796,31238,15,14270,-13.479906789305074,36106,,15279
,0,,41022,15432,4.0,2021.0,0,0,-39.86868799391501,29975,15,13824,-13.591545616039832,35290,,14754
,0,,42431,15330,6.0,2021.0,0,0,-39.83984468305429,27541,21,13561,-13.424199615374382,35532,,14845
,0,,43437,15192,4.0,2021.0,0,0,-39.963432079997595,35490,15,14429,-13.380563371397416,38256,,14877
,0,,41915,14804,4.0,2021.0,0,0,-39.69092361524259,32246,15,13444,-13.360545245619354,37343,,14376
,0,,41250,15294,4.0,2021.0,0,0,-39.954252870561774,30665,15,14038,-13.359894769155813,34293,,14773
,0,,44611,14964,4.0,2021.0,0,0,-39.86967373929543,32655,15,13771,-13.538063773270057,41947,,14665
,0,,41654,14943,4.0,2021.0,0,0,-39.97247148032927,30113,15,13945,-13.641571266604522,38286,,14478
,0,,48267,15919,4.0,2021.0,0,0,-39.927315479034995,32053,15,14140,-13.51252115853822,41362,,15283
,0,,42539,14938,4.0,2021.0,0,0,-39.9645411564744,30175,15,13866,-13.315295999286018,38024,,14465
,0,,41616,14988,4.0,2021.0,0,0,-39.92014465464719,32177,15,13797,-13.533629769622985,35228,,14508
,0,,47142,15318,4.0,2021.0,0,0,-39.92691457226455,34167,15,14119,-13.612306452933506,40608,,14847
,0,,37972,15310,6.0,2021.0,0,0,-39.87629588939493,27521,21,13400,-13.437027328481129,29345,,13728
,0,,36092,14367,4.0,2021.0,0,0,-39.91525367464073,27310,15,13247,-13.532531865163312,33762,,14181
,0,,39294,15017,4.0,2021.0,0,0,-39.89584392859123,27407,15,13243,-13.444773237671138,31771,,14017
,0,,41987,15387,4.0,2021.0,0,0,-39.93451865037463,31230,15,13691,-13.387851866479716,34798,,14704
,0,,42032,15409,4.0,2021.0,0,0,-39.94710970914601,29691,15,13367,-13.490547555422868,34556,,14244
,0,,31501,13791,6.0,2021.0,0,0,-40.02140585929005,28489,21,12879,-13.274644023311673,30653,,13279
,0,,39171,15425,4.0,2021.0,0,0,-39.87371792857674,29228,15,13794,-13.336502680767897,33688,,14515
,0,,36447,14169,4.0,2021.0,0,0,-39.91950934669409,28285,15,12578,-13.550036169272984,29937,,12869
,0,,45489,15205,4.0,2021.0,0,0,-40.015260657611094,28751,15,13213,-13.383030353161887,35171,,14119
,0,,38749,15028,4.0,2021.0,0,0,-40.01829070448519,28148,15,13159,-13.56697992710713,32492,,14001
,0,,31656,13499,6.0,2021.0,0,0,-39.846577838747116,24622,21,11758,-13.431227047876364,25949,,12292
,0,,34445,14637,4.0,2021.0,0,0,-39.67656040783306,21010,15,12070,-13.409795132629716,30128,,13980
,0,,37561,14778,4.0,2021.0,0,0,-40.28631543002564,27634,15,13517,-13.621285429741421,32120,,14240
,0,,47115,16030,4.0,2021.0,0,0,-40.20029350193802,30789,15,13986,-13.550045335457794,40239,,15256
,0,,37632,15154,4.0,2021.0,0,0,-40.13942831163797,31124,15,13816,-13.413530778770788,31986,,14373
,0,,42202,15621,4.0,2021.0,0,0,-40.192256814120526,35895,15,14026,-13.409850491684516,36449,,14933
,0,,32673,14184,4.0,2021.0,0,0,-40.21145831854989,27120,15,12891,-13.627099547507914,29715,,13790
,0,,40573,15234,4.0,2021.0,0,0,-40.31883252664051,22874,15,12631,-13.475413728763481,32431,,14164
,0,,42909,15381,4.0,2021.0,0,0,-40.15779645078877,28108,15,13691,-13.278688062096954,33968,,14499
,0,,37364,15306,4.0,2021.0,0,0,-40.124050776115844,29170,15,13688,-13.300292459133551,32260,,14474
,0,,39477,14929,4.0,2021.0,0,0,-40.232523330801335,26688,15,13188,-13.398492121800903,28988,,13893
,0,,35525,14714,4.0,2021.0,0,0,-40.08528772077896,22435,15,12386,-13.522238123072185,28631,,13843
,0,,34008,14270,4.0,2021.0,0,0,-40.20862291508303,27043,15,12940,-13.571825672039155,29728,,13660
,0,,40295,14575,4.0,2021.0,0,0,-40.15701232040016,28434,15,12877,-13.545933078409513,34870,,13894
,0,,46847,15461,4.0,2021.0,0,0,-40.22122118520091,29191,15,13461,-13.6384311840544,34160,,14524
,0,,43691,15087,4.0,2021.0,0,0,-40.07057531284057,29256,15,13518,-13.44473127814909,34824,,14386
,0,,41898,15353,4.0,2021.0,0,0,-40.31350610280503,29085,15,13613,-13.302145407253024,34350,,14536
,0,,36444,15069,4.0,2021.0,0,0,-40.32054451428657,30286,15,12948,-13.530248833908853,30993,,14334
,0,,36816,14286,4.0,2021.0,0,0,-40.26908445221243,28825,15,12915,-13.346870353738222,31912,,13554
,0,,40928,15197,4.0,2021.0,0,0,-40.16779012473865,34265,15,14024,-13.553952409408998,37125,,14544
,0,,42615,15101,4.0,2021.0,0,0,-40.235410472808255,32474,15,13428,-13.461378955133439,37071,,14251
,0,,33459,14384,4.0,2021.0,0,0,-40.28973949602395,28148,15,13362,-13.547796833821481,30057,,13858
,0,,37272,14724,4.0,2021.0,0,0,-40.36296057523006,28745,15,12860,-13.553802106385662,31176,,13753
,0,,43348,14996,4.0,2021.0,0,0,-40.23144507933801,26958,15,12920,-13.571539504022892,34891,,14070
,0,,36824,14894,4.0,2021.0,0,0,-40.153348848878615,32290,15,13874,-13.560112252554159,34262,,14433
,0,,38360,14636,4.0,2021.0,0,0,-40.27047901276008,30681,15,13740,-13.612314634358466,36418,,14287
,0,,41536,14839,4.0,2021.0,0,0,-40.191306930913925,31150,15,13418,-13.591544363311872,33041,,13943
,0,,40402,14938,4.0,2021.0,0,0,-40.15704043759078,31859,15,13739,-13.360584561955005,35427,,14231
,0,,46066,15221,4.0,2021.0,0,0,-40.12386636221321,32164,15,13268,-13.41646394129366,35413,,14308
,0,,40263,14809,4.0,2021.0,0,0,-40.24430256387072,30459,15,13580,-13.282503653759454,33816,,14297
,0,,44188,15308,4.0,2021.0,0,0,-40.073543108555725,32664,15,13857,-13.380545246032874,39295,,14976
,0,,39308,14738,4.0,2021.0,0,0,-40.11294929402496,35890,15,13846,-13.424642121005645,35969,,14219
,0,,35644,14624,4.0,2021.0,0,0,-40.39824565764431,30982,15,13531,-13.282656876746364,31857,,14063
,0,,35935,14847,4.0,2021.0,0,0,-40.40112240116483,30585,15,13414,-13.274641525004158,32711,,14185
,0,,33608,13901,4.0,2021.0,0,0,-40.09498142476454,22208,15,11984,-13.300975367963758,27635,,12988
,0,,36963,14487,4.0,2021.0,0,0,-40.38923878886629,28263,15,12837,-13.627404941234747,31752,,13507
,0,,47578,15190,4.0,2021.0,0,0,-40.12091323230551,31719,15,13413,-13.421958660862156,36373,,14281
,0,,37439,14533,4.0,2021.0,0,0,-40.11021797074566,32262,15,13162,-13.42765404675796,33332,,13645
,0,,40455,15139,4.0,2021.0,0,0,-40.31620169095336,25787,15,13058,-13.567020996612616,31271,,13888
,0,,36198,13801,4.0,2021.0,0,0,-40.08702940254681,29040,15,12685,-13.30146247466269,31629,,13028
,0,,40101,13986,4.0,2021.0,0,0,-40.35555717893097,27861,15,12397,-13.558594624983327,31732,,13034
,0,,36215,14369,4.0,2021.0,0,0,-40.17966776425231,26735,15,12702,-13.6134240588264,31627,,13589
,0,,33592,14714,6.0,2021.0,0,0,-40.16796015600175,28933,21,14183,-13.490561017276978,31852,,14498
,0,,44258,15561,6.0,2021.0,0,0,-40.358891758091055,31067,21,14103,-13.509020224955437,35716,,14836
,0,,27847,13500,6.0,2021.0,0,0,-40.400485572345204,22445,21,12159,-13.283526858098332,23565,,12702
,0,,40482,15283,4.0,2021.0,0,0,-40.57642349958829,29652,15,13394,-13.550045346340356,35246,,14494
,0,,33441,13990,4.0,2021.0,0,0,-40.74693022701625,25282,15,12907,-13.39331623617881,28593,,13700
,0,,34195,14097,4.0,2021.0,0,0,-40.744357491514286,27279,15,12768,-13.397454414444704,28892,,13334
,0,,43311,15270,4.0,2021.0,0,0,-40.44670533606112,27406,15,12872,-13.444731257141664,32669,,13949
,0,,31225,14247,4.0,2021.0,0,0,-40.746115488973096,24985,15,12721,-13.424157738238481,26827,,13208
,0,,34160,14043,4.0,2021.0,0,0,-40.66102085548163,26446,15,12549,-13.289164768533155,28693,,13240
,0,,30507,13571,4.0,2021.0,0,0,-40.71301576016074,23440,15,12236,-13.354777670186122,25405,,12900
,0,,31318,13499,4.0,2021.0,0,0,-40.714647188163816,25664,15,12348,-13.428414439433372,28236,,13156
,0,,38901,14866,6.0,2021.0,0,0,-40.77725235927302,25828,21,12821,-13.274641525632292,30568,,13631
,0,,36458,14509,4.0,2021.0,0,0,-40.6923316657786,26177,15,13099,-13.567021028908949,29704,,13839
,0,,33782,15123,4.0,2021.0,0,0,-40.7766155305919,25087,15,13152,-13.283526859939467,28527,,14062
,0,,40294,15296,6.0,2021.0,0,0,-40.68963607816883,25019,21,12887,-13.302145401528303,29280,,13887
,0,,41186,15052,4.0,2021.0,0,0,-40.49718824798072,33399,15,13663,-13.31886039562839,37309,,14528
,0,,31947,14283,4.0,2021.0,0,0,-40.69667448825179,26322,15,13342,-13.530248862274597,28541,,13909
,0,,34277,14143,6.0,2021.0,0,0,-40.4153562032053,29860,21,13220,-13.320926824089454,32223,,13652
,0,,34058,14246,4.0,2021.0,0,0,-40.55579776596845,23470,15,12575,-13.613424072021385,29830,,13713
,0,,39345,14514,4.0,2021.0,0,0,-40.54642686540323,29832,15,13069,-13.512528071363366,32904,,13774
,0,,34586,14715,4.0,2021.0,0,0,-40.53314232658195,27792,15,12967,-13.545933081509395,29128,,14030
,0,,35916,13322,4.0,2021.0,0,0,-40.560524253559414,30731,15,12855,-13.533637125242945,31528,,12882
,0,,37519,14456,4.0,2021.0,0,0,-40.554525486089595,31027,15,12647,-13.532536838919034,30929,,13063
,0,,33099,13519,4.0,2021.0,0,0,-40.665869476048066,29901,15,12693,-13.547796859807477,30212,,13024
,0,,37703,14242,4.0,2021.0,0,0,-40.59507560465088,30176,15,12813,-13.271888423631026,32145,,13459
,0,,29197,13176,4.0,2021.0,0,0,-40.69496250094771,27091,15,12386,-13.47541374893149,27941,,12807
,0,,36707,13827,4.0,2021.0,0,0,-40.662445410728225,29762,15,12604,-13.62128546190031,31044,,12952
,0,,37277,14080,4.0,2021.0,0,0,-40.783877367847616,26600,15,12613,-13.550493225279233,30474,,13358
,0,,29758,13845,4.0,2021.0,0,0,-40.735021724513,24389,15,12306,-13.509020254751256,27345,,13323
,0,,33798,14195,4.0,2021.0,0,0,-40.611540463538006,24664,15,12688,-13.461378963417602,31425,,13716
,0,,31909,13574,4.0,2021.0,0,0,-40.782129608204954,25880,15,12332,-13.605500550306557,28365,,12872
,0,,35250,14046,4.0,2021.0,0,0,-40.77437561633152,24679,15,12411,-13.28265687819703,29614,,13437
,0,,30100,13562,4.0,2021.0,0,0,-40.64660899659793,24360,15,12264,-13.612314662995802,27824,,12944
,0,,32493,14168,4.0,2021.0,0,0,-40.76919888200919,23944,15,12576,-13.29083351812518,27274,,13204
,0,,29149,13410,4.0,2021.0,0,0,-40.759924192868446,22489,15,12039,-13.431176704394751,25262,,12776
,0,,34544,13805,4.0,2021.0,0,0,-39.64822557446182,20689,15,11643,-12.53637472424027,26156,,12774
,0,,34837,14007,4.0,2021.0,0,0,-39.48026875240928,26381,15,12576,-12.651381019488102,28181,,13342
,0,,28409,13943,4.0,2021.0,0,0,-39.58462725486096,21985,15,12240,-12.60765105635291,24898,,13099
,0,,28029,13210,4.0,2021.0,0,0,-39.37161116513384,22132,15,12002,-12.669360773129078,24597,,12582
,0,,27998,13288,4.0,2021.0,0,0,-39.421936176426804,23956,15,12400,-12.6299845991346,25536,,12773
,0,,28710,13500,4.0,2021.0,0,0,-39.53404770287508,23758,15,12410,-12.586379159701007,25138,,12900
,0,,26628,13361,4.0,2021.0,0,0,-39.42939335165268,22544,15,11994,-12.62085940991746,24731,,13178
,0,,36151,14100,4.0,2021.0,0,0,-39.64080897938643,24899,15,12533,-12.543683929813861,29217,,13359
,0,,31305,14076,4.0,2021.0,0,0,-39.36880153954691,23848,15,12631,-12.571719719034473,27375,,13139
,0,,30669,13800,4.0,2021.0,0,0,-39.43515729444683,24897,15,12671,-12.658218901283586,26977,,13289
,0,,30805,13890,4.0,2021.0,0,0,-39.3717927753577,25566,15,12866,-12.553144543994836,27923,,13535
,0,,36791,14434,4.0,2021.0,0,0,-39.63285115681719,27957,15,12989,-12.568131315106495,29335,,13659
,0,,32149,14121,4.0,2021.0,0,0,-39.5168270067544,22843,15,12211,-12.599739581963716,27268,,13400
,0,,28216,13576,4.0,2021.0,0,0,-39.56333762935683,20544,15,11708,-12.589353408503277,27273,,13510
,0,,33255,14039,4.0,2021.0,0,0,-39.532242303898286,19375,15,11409,-12.716367711809836,28106,,13575
,0,,29151,13840,4.0,2021.0,0,0,-39.49204300388496,23503,15,12345,-12.535347923334644,28376,,13690
,0,,26831,13433,6.0,2021.0,0,0,-39.36865776316282,21664,21,12475,-12.674857670288148,24847,,12961
,0,,36638,14417,4.0,2021.0,0,0,-39.609895551225954,24531,15,12236,-12.81305482009448,30763,,13830
,0,,30505,14285,4.0,2021.0,0,0,-39.60747423012404,22421,15,11960,-12.858138690723159,29617,,13866
,0,,30767,14153,4.0,2021.0,0,0,-39.55938926381436,17699,15,11261,-12.686292633443921,28978,,13907
,0,,27664,14097,4.0,2021.0,0,0,-39.29332962189928,24199,15,12754,-12.559791852643757,28700,,13737
,0,,36555,15031,6.0,2021.0,0,0,-39.56829012147659,18790,21,11263,-12.783189435437297,31275,,14062
,0,,41305,14904,4.0,2021.0,0,0,-39.534056805561264,28670,15,13470,-12.874260535867451,34620,,14283
,0,,35037,14704,4.0,2021.0,0,0,-39.63465007858937,21752,15,12091,-12.809084353307048,30826,,14096
,0,,41135,15679,4.0,2021.0,0,0,-39.55524166316323,27362,15,13330,-12.78138256175497,31602,,14433
,0,,36645,15208,4.0,2021.0,0,0,-39.40475517679602,22137,15,12472,-12.798879209173835,30702,,14351
,0,,36299,15154,4.0,2021.0,0,0,-39.56124680556969,22325,15,13209,-12.554998038335354,34005,,14840
,0,,38470,15464,6.0,2021.0,0,0,-39.61070383445732,21662,21,12599,-12.806752813430805,36053,,15061
,0,,28388,13362,4.0,2021.0,0,0,-39.29969484633809,19373,15,11555,-12.640696172463727,27469,,13196
,0,,35836,14517,4.0,2021.0,0,0,-39.291299810967864,19313,15,11369,-12.612730368548185,26056,,13242
,0,,29582,14090,4.0,2021.0,0,0,-39.46964763205011,20811,15,12206,-12.607849065441545,25457,,13151
,0,,31567,13947,4.0,2021.0,0,0,-39.63698020646858,23612,15,12484,-12.880384818132196,29718,,13476
,0,,33150,14020,4.0,2021.0,0,0,-39.64598566375569,19558,15,11406,-12.53550432640205,28728,,13512
,0,,28483,13750,4.0,2021.0,0,0,-39.63153526778001,20349,15,11402,-12.68408081877922,28098,,13655
,0,,27704,13716,4.0,2021.0,0,0,-39.40478585853984,18578,15,11480,-12.613459303131018,27095,,13362
,0,,33589,14136,4.0,2021.0,0,0,-39.65374007964858,28325,15,13096,-12.85847254385338,30757,,13865
,0,,31405,14351,4.0,2021.0,0,0,-39.61772701865571,24661,15,12571,-12.67705871500575,28420,,13806
,0,,38588,14553,4.0,2021.0,0,0,-39.51822080548927,25448,15,13385,-12.865286106650068,34185,,14223
,0,,33603,14251,4.0,2021.0,0,0,-39.593996798749906,19144,15,11258,-12.612237551287823,27461,,13630
,0,,33207,14275,4.0,2021.0,0,0,-39.59330962984127,29497,15,13392,-12.894556793004616,31917,,13983
,0,,36722,14598,4.0,2021.0,0,0,-39.418041102565184,28245,15,13311,-12.765461170604114,31786,,14184
,0,,33604,14576,4.0,2021.0,0,0,-39.28696645960042,19641,15,11837,-12.573789370133799,27795,,13870
,0,,44316,15724,4.0,2021.0,0,0,-39.43618949781165,30480,15,14015,-12.607756470539734,38406,,15136
,0,,31111,13753,4.0,2021.0,0,0,-40.0104697945462,26674,15,12751,-12.535511632098615,28588,,13319
,0,,34595,14398,4.0,2021.0,0,0,-39.704448530959446,24540,15,12657,-12.855411798521457,27335,,13507
,0,,35102,14227,4.0,2021.0,0,0,-39.695113160653904,20488,15,11717,-12.556846359133035,25891,,12921
,0,,32139,13540,4.0,2021.0,0,0,-39.83248375529453,20302,15,11520,-12.775212420426064,26557,,12556
,0,,30017,14220,4.0,2021.0,0,0,-39.695062336615,23175,15,12169,-12.813047161678766,27091,,13194
,0,,28284,13690,4.0,2021.0,0,0,-39.690922947771256,23067,15,12037,-12.61342205480696,26860,,13233
,0,,38568,15004,4.0,2021.0,0,0,-39.67626605872139,26557,15,13067,-12.658166865646159,29476,,14123
,0,,29871,13832,4.0,2021.0,0,0,-39.68036423883924,21872,15,12176,-12.554298754409688,26545,,12993
,0,,28495,13439,4.0,2021.0,0,0,-39.95424734227844,19695,15,11861,-12.612769981148986,25160,,13040
,0,,38328,15294,4.0,2021.0,0,0,-40.01121343495582,18918,15,11415,-12.800701265135345,29732,,14148
,0,,38267,14975,4.0,2021.0,0,0,-39.702219602048494,20476,15,12085,-12.80674955305588,27352,,13520
,0,,36969,15057,4.0,2021.0,0,0,-39.689990358885204,23167,15,12492,-12.8115330488909,28558,,14008
,0,,36431,14999,6.0,2021.0,0,0,-39.69311163026259,27215,21,13615,-12.858490068132804,31682,,14547
,0,,43494,15590,4.0,2021.0,0,0,-39.85674019069622,27381,15,13269,-12.53534857323315,37750,,14633
,0,,35327,14834,6.0,2021.0,0,0,-39.70013846025332,24129,21,13108,-12.884532079420113,32553,,14449
,0,,35595,14559,4.0,2021.0,0,0,-39.714817470940396,21555,15,12566,-12.716341760010089,29528,,13836
,0,,40783,15431,4.0,2021.0,0,0,-39.852986935945054,26260,15,12846,-12.88007673043462,31742,,14365
,0,,35120,14814,4.0,2021.0,0,0,-39.963427530684285,22305,15,12839,-12.633446750877676,31007,,14213
,0,,32518,13941,6.0,2021.0,0,0,-39.74327960902575,24454,21,12889,-12.761967339087745,31249,,13852
,0,,33195,14643,6.0,2021.0,0,0,-39.74132185461349,22131,21,12954,-12.86888893955678,30581,,14389
,0,,40234,15468,4.0,2021.0,0,0,-40.01183318220226,26492,15,13483,-12.53638266462562,37205,,14944
,0,,38138,14981,4.0,2021.0,0,0,-39.76143661826789,22495,15,12545,-12.607835303358835,33729,,14239
,0,,33274,14098,4.0,2021.0,0,0,-39.70809105293003,21250,15,12255,-12.620826608999407,27259,,13531
,0,,35958,14283,4.0,2021.0,0,0,-39.71857934446927,20589,15,11133,-12.553132145411894,29295,,13300
,0,,30490,13777,4.0,2021.0,0,0,-39.7503095649592,21302,15,11358,-12.803489730690254,27798,,12897
,0,,32780,14546,4.0,2021.0,0,0,-39.915250452870495,28180,15,13151,-12.785472838563585,32566,,14004
,0,,42472,15410,4.0,2021.0,0,0,-39.82568141805961,24491,15,12829,-12.891747292509855,30864,,13911
,0,,35596,14082,4.0,2021.0,0,0,-39.667829886820854,25365,15,12725,-12.714232236001749,30919,,13531
,0,,34218,13992,4.0,2021.0,0,0,-39.814848674775035,24180,15,12306,-12.761435121178518,28864,,13269
,0,,37678,14151,4.0,2021.0,0,0,-39.72826076091774,22429,15,11899,-12.651354711850978,30521,,13273
,0,,37884,14311,4.0,2021.0,0,0,-39.772232094393544,22715,15,12164,-12.68629641299636,28303,,12946
,0,,34624,14216,4.0,2021.0,0,0,-39.765153068181576,25629,15,12291,-12.668544263504304,29711,,13478
,0,,33442,13953,4.0,2021.0,0,0,-39.927312062802876,22152,15,12009,-12.76545461129947,26515,,13068
,0,,28683,13361,4.0,2021.0,0,0,-39.68356247619043,20328,15,11547,-12.783156743733231,26952,,13100
,0,,29046,13376,4.0,2021.0,0,0,-39.696908624247094,21784,15,11938,-12.571697213053282,27178,,13073
,0,,28733,13559,4.0,2021.0,0,0,-40.00952146168898,24060,15,12579,-12.559802217589775,27322,,13240
,0,,30329,13611,4.0,2021.0,0,0,-39.9337002977911,20414,15,11862,-12.874253892308104,24769,,12642
,0,,32379,13251,4.0,2021.0,0,0,-39.92014159390258,22089,15,11519,-12.786571236427159,28476,,12915
,0,,33792,14203,4.0,2021.0,0,0,-39.6914521736244,22942,15,12410,-12.629943936788976,29063,,13605
,0,,30652,13544,4.0,2021.0,0,0,-40.02334011335037,23745,15,12225,-12.858115181345552,27002,,12877
,0,,29138,13076,4.0,2021.0,0,0,-39.977620764061,22847,15,11968,-12.669347763138003,26254,,12615
,0,,31996,13871,4.0,2021.0,0,0,-39.91950672360529,25478,15,12582,-12.80298394295566,27652,,13336
,0,,28598,13108,4.0,2021.0,0,0,-40.018290382296065,24101,15,12142,-12.819936688951392,26520,,12912
,0,,30474,14006,6.0,2021.0,0,0,-39.85132164210273,26109,21,12871,-12.89141246816291,28315,,13459
,0,,36807,14327,4.0,2021.0,0,0,-39.8465707083878,27401,15,12545,-12.684128541242249,31034,,13312
,0,,34824,13984,4.0,2021.0,0,0,-39.864964321059254,26899,15,12433,-12.65038332185888,31017,,13338
,0,,33506,13823,4.0,2021.0,0,0,-39.842059134700115,28815,15,12946,-12.524728589544528,30877,,13325
,0,,46529,15146,4.0,2021.0,0,0,-40.365208100080004,26787,15,12860,-12.57381569390079,31523,,13391
,0,,37660,14470,4.0,2021.0,0,0,-40.25649130971413,26982,15,12792,-12.798885628115881,32421,,13988
,0,,43992,15006,4.0,2021.0,0,0,-40.24579953573833,29486,15,13209,-12.791006436870932,35483,,14042
,0,,34249,14523,4.0,2021.0,0,0,-40.291380473937636,24354,15,12608,-12.78547282412103,28869,,13923
,0,,31486,13847,4.0,2021.0,0,0,-40.05969247986698,25864,15,12332,-12.783156732906859,28384,,13319
,0,,33854,14344,4.0,2021.0,0,0,-40.135805097454806,20274,15,11393,-12.588290920750941,28370,,13835
,0,,36929,15038,4.0,2021.0,0,0,-40.192899383851795,23339,15,12357,-12.599741628019009,28289,,13573
,0,,42136,14344,4.0,2021.0,0,0,-40.227451658372175,22510,15,12219,-12.89141244864697,31103,,13336
,0,,35285,13516,4.0,2021.0,0,0,-40.41025790534759,23846,15,12149,-12.710789753384725,32235,,13318
,0,,39000,14212,4.0,2021.0,0,0,-40.29563674499444,22642,15,12093,-12.802983928321359,31965,,13334
,0,,32087,14417,4.0,2021.0,0,0,-40.218189150294265,27864,15,12743,-12.524728606519993,30257,,13657
,0,,33579,13855,4.0,2021.0,0,0,-40.080578536198665,25706,15,12374,-12.855411773422333,29803,,13152
,0,,34386,14119,4.0,2021.0,0,0,-40.241094338354316,23075,15,12105,-12.650383314663355,28729,,13299
,0,,36611,14604,4.0,2021.0,0,0,-40.20805790601436,22640,15,12337,-12.73282703380784,28316,,13073
,0,,33567,14098,4.0,2021.0,0,0,-40.18023141241001,23233,15,12040,-12.681337164466244,27585,,13254
,0,,30877,13532,4.0,2021.0,0,0,-40.30344208477629,24712,15,12188,-12.765454597813994,28871,,13082
,0,,32169,14302,4.0,2021.0,0,0,-40.25241801545535,22791,15,12436,-12.689931130500081,25488,,13059
,0,,35793,14368,4.0,2021.0,0,0,-40.223554477279,23929,15,12067,-12.586386414379112,27641,,13269
,0,,33955,14153,4.0,2021.0,0,0,-40.07303862892983,20557,15,11701,-12.571697237193234,25567,,12732
,0,,33370,13830,4.0,2021.0,0,0,-40.078349607124416,22714,15,11913,-12.806749536192816,26473,,12702
,0,,35108,14340,4.0,2021.0,0,0,-40.39947014253917,27806,15,12649,-12.85811517002161,28788,,13044
,0,,31305,13068,4.0,2021.0,0,0,-40.30983032024619,28428,15,12523,-12.874253876745271,29034,,12778
,0,,31482,13379,4.0,2021.0,0,0,-40.30304375358485,28022,15,12471,-12.865278299883938,29168,,12807
,0,,30390,13518,4.0,2021.0,0,0,-40.40653527564615,25337,15,12389,-12.880373349902046,28201,,13035
,0,,37913,14220,4.0,2021.0,0,0,-40.056494242279584,24478,15,12058,-12.554298783292488,27368,,12925
,0,,32653,13718,4.0,2021.0,0,0,-40.06494028698028,19527,15,11295,-12.553812460657033,26303,,12645
,0,,30375,13383,4.0,2021.0,0,0,-40.06705295200269,20195,15,11227,-12.61342207239864,26644,,12805
,0,,29305,13566,4.0,2021.0,0,0,-40.08422105845213,24088,15,12000,-12.620826623509569,26035,,12690
,0,,28881,13208,4.0,2021.0,0,0,-40.090947476963834,22316,15,12024,-12.71634175737294,28487,,12950
,0,,31674,13722,4.0,2021.0,0,0,-40.09993317077264,19096,15,11326,-12.809105456583488,27429,,12789
,0,,30947,13416,4.0,2021.0,0,0,-40.11322509102949,23669,15,11995,-12.728327256261588,27074,,12678
,0,,31369,13638,4.0,2021.0,0,0,-40.10419928306201,22751,15,11989,-12.607732312889992,26282,,12868
,0,,27698,13275,4.0,2021.0,0,0,-40.06612036304437,22294,15,11864,-12.811533032503132,25029,,12722
,0,,34227,14351,4.0,2021.0,0,0,-40.15019377971641,21731,15,11863,-12.531529335623036,24450,,12686
,0,,49100,15393,4.0,2021.0,0,0,-40.397535580724686,33173,15,13500,-12.527488354108607,38782,,14226
,0,,38044,15429,4.0,2021.0,0,0,-40.211113535793366,22414,15,12591,-12.866399296436226,30614,,14627
,0,,40197,15172,4.0,2021.0,0,0,-40.22270072429955,24277,15,13076,-12.68412853019219,30677,,14217
,0,,43157,15616,4.0,2021.0,0,0,-40.23853556188708,23543,15,13082,-12.813072878045652,32272,,14453
,0,,43697,15357,4.0,2021.0,0,0,-40.13065354923853,21687,15,12152,-12.86535746067771,36734,,14584
,0,,37172,14740,4.0,2021.0,0,0,-40.073589182104755,23772,15,12503,-12.895586348575467,30113,,13551
,0,,39191,14835,4.0,2021.0,0,0,-40.24984461372905,20057,15,11592,-12.589367781099071,31357,,13888
,0,,35261,14079,4.0,2021.0,0,0,-40.25918951579035,26734,15,12697,-12.80690506070441,31911,,13425
,0,,33437,14387,4.0,2021.0,0,0,-40.071243165201615,29365,15,13104,-12.556846386015318,32078,,14032
,0,,37612,14818,4.0,2021.0,0,0,-40.33955755537071,23147,15,12410,-12.63344674181117,30295,,13745
,0,,38585,14803,4.0,2021.0,0,0,-40.21596812685204,29850,15,13216,-12.677098399986036,33648,,13719
,0,,37788,15155,4.0,2021.0,0,0,-40.266752671395245,26800,15,13128,-12.542015486599432,31066,,14034
,0,,40925,14688,4.0,2021.0,0,0,-40.22911695233858,27900,15,13221,-12.880076711247609,32735,,13974
,0,,38202,14319,4.0,2021.0,0,0,-40.069241634653864,24768,15,12350,-12.858490043334388,32372,,13602
,0,,32558,13964,4.0,2021.0,0,0,-40.04846849576582,22517,15,12034,-12.781338380545092,28324,,13328
,0,,37274,14494,4.0,2021.0,0,0,-40.25747330350403,24090,15,12551,-12.61226328733496,32762,,13736
,0,,32062,14429,4.0,2021.0,0,0,-40.296271615338036,26486,15,12545,-12.786571222171602,31073,,13388
,0,,37278,14059,4.0,2021.0,0,0,-40.19097868830204,22294,15,11935,-12.761435102901391,29143,,13174
,0,,39596,15194,4.0,2021.0,0,0,-40.28230330839982,26016,15,12806,-12.555006623166461,27438,,13319
,0,,32965,13749,4.0,2021.0,0,0,-40.09470935078414,23201,15,12184,-12.553132170466387,29541,,13233
,0,,36505,14551,4.0,2021.0,0,0,-40.271967281999196,27665,15,13149,-12.697680178690273,32023,,13675
,0,,31151,13917,4.0,2021.0,0,0,-40.117451862622794,27761,15,12813,-12.868888915765638,28923,,13379
,0,,35285,14716,4.0,2021.0,0,0,-40.33459440302957,31228,15,13290,-12.677542342651499,31814,,13817
,0,,32901,13810,4.0,2021.0,0,0,-40.11506519297721,27410,15,12575,-12.825963472267865,30107,,13196
,0,,34459,13313,4.0,2021.0,0,0,-40.058242846908215,25876,15,12184,-12.586002307673557,33779,,13192
,0,,43527,15705,6.0,2021.0,0,0,-40.07626846517906,27122,21,13597,-12.884532053500594,33202,,14647
,0,,31184,14141,4.0,2021.0,0,0,-40.031617246757044,23309,15,12657,-13.923909948572048,27134,,13496
,0,,42078,15160,4.0,2021.0,0,0,-39.99466963840842,25958,15,13038,-13.766763847459885,34340,,14483
,0,,41435,14561,4.0,2021.0,0,0,-39.69548009161435,31782,15,13710,-14.015999530555716,37327,,14173
,0,,36817,15148,4.0,2021.0,0,0,-39.99385473425786,26865,15,13333,-13.797599424108652,31417,,14311
,0,,35918,14450,4.0,2021.0,0,0,-39.81612316208895,32932,15,13530,-13.783295990028227,35179,,14039
,0,,35342,14087,4.0,2021.0,0,0,-39.73408602525723,25745,15,12728,-13.801095507819184,32991,,13672
,0,,38427,14656,4.0,2021.0,0,0,-39.73681724952143,30977,15,13429,-13.798084192964094,36406,,14187
,0,,39158,14855,4.0,2021.0,0,0,-40.022115610181785,30310,15,13633,-13.656125340054066,33528,,14362
,0,,38710,14466,4.0,2021.0,0,0,-39.935513455176775,28924,15,13221,-13.806830124647973,34427,,13949
,0,,36010,14809,4.0,2021.0,0,0,-39.763295429797346,30705,15,13772,-13.786975253068691,33573,,14176
,0,,37173,14472,4.0,2021.0,0,0,-39.93946538370503,29033,15,13249,-13.709946745895136,34459,,13996
,0,,36738,14857,4.0,2021.0,0,0,-39.82416162184118,25021,15,13210,-13.923463875011233,32697,,14589
,0,,34521,14274,4.0,2021.0,0,0,-39.76225088684416,26277,15,13134,-13.911470671472102,33021,,14004
,0,,42519,14864,4.0,2021.0,0,0,-39.970124734414256,28300,15,13599,-13.732816661672775,37182,,14416
,0,,43280,15090,4.0,2021.0,0,0,-39.91018470983194,29332,15,13663,-13.994690092058608,36962,,14730
,0,,41262,15068,4.0,2021.0,0,0,-39.96075501756693,30181,15,13815,-13.728233155852337,36738,,14670
,0,,41786,15323,4.0,2021.0,0,0,-39.79182770208903,30065,15,13797,-13.863990872571671,31688,,14237
,0,,44152,15287,4.0,2021.0,0,0,-39.75009779549093,30736,15,13920,-13.965547555754728,38367,,14826
,0,,43561,15662,4.0,2021.0,0,0,-39.982760228778616,30446,15,14385,-13.882445763176927,35529,,15086
,0,,37111,15062,6.0,2021.0,0,0,-39.66196799322738,31099,21,14399,-13.975821226447394,32731,,14729
,0,,34097,15098,6.0,2021.0,0,0,-39.80826226157172,27951,21,14081,-13.90705876437749,34018,,14980
,65535,,13011,6302,8.0,2021.0,65535,65535,-38.85763387654309,11622,33,3315,-13.18661423646834,11547,,3869
,65535,,13414,5917,8.0,2021.0,65535,65535,-38.85844222430879,11947,33,3446,-13.180313430402393,11837,,3928
,55164,,12650,6572,8.0,2021.0,65535,65535,-38.569024296750285,11389,33,3854,-13.007023346642395,11784,,4857
,28375,,14688,8111,8.0,2021.0,65535,51864,-38.5347063036385,11259,33,4597,-12.947394071049318,11683,,5057
,42053,,13865,8096,8.0,2021.0,65535,46428,-38.539039525218264,11471,33,4522,-12.986327652187162,11626,,4897
,33755,,13958,8006,8.0,2021.0,65535,52529,-38.54106920500833,11326,33,4473,-12.933399368873049,11827,,5560
,20238,,14436,8119,8.0,2021.0,65535,63408,-38.54743433127056,11016,33,3983,-13.01428822368284,12098,,6348
,65535,,12708,5363,8.0,2021.0,65535,65535,-38.94787901526778,11613,33,3451,-13.258077604466258,11812,,3753
,65535,,14208,6201,8.0,2021.0,65535,65535,-38.958639430995056,11577,33,3178,-13.301462487003253,11907,,4062
,0,,17207,10684,8.0,2021.0,0,0,-38.99566079899557,13154,33,8207,-13.300292470979796,14588,,9221
,0,,39246,15682,0.0,2022.0,0,0,-38.88854897118663,18288,3,12105,-12.917294667903095,31814,,15052
,0,,37593,15772,0.0,2022.0,0,0,-38.89596559442162,33553,3,15058,-12.909986734706903,35036,,15485
,0,,34668,15507,0.0,2022.0,0,0,-38.92810435003567,22657,3,13594,-12.927907485425393,30463,,14845
,0,,39912,15815,0.0,2022.0,0,0,-39.18144059980873,17984,3,12173,-13.247802119038457,28388,,14718
,0,,39309,15533,0.0,2022.0,0,0,-39.06259228179189,31421,3,14574,-13.135005388872822,36478,,15224
,0,,45540,15662,0.0,2022.0,0,0,-39.17465416929974,27896,3,14172,-13.23882832732747,38561,,15332
,0,,43093,15982,0.0,2022.0,0,0,-38.96631958179274,27914,3,14586,-12.926741685542185,39314,,15613
,0,,40669,15968,0.0,2022.0,0,0,-39.00631182527609,17816,3,12388,-13.20096143080691,34468,,15411
,0,,42258,15846,0.0,2022.0,0,0,-38.949961072408975,34350,3,15281,-13.180310074311004,39484,,15493
,0,,44362,16203,0.0,2022.0,0,0,-39.16299208050626,26995,3,14382,-13.159038294082821,39426,,15770
,0,,37056,15821,0.0,2022.0,0,0,-39.05604340146904,31885,3,15193,-13.217387979780668,36993,,15737
,0,,41670,16123,0.0,2022.0,0,0,-38.92007892225076,35871,3,15188,-13.154903305382986,41851,,15737
,0,,41770,15927,0.0,2022.0,0,0,-39.05073287907848,23881,3,14328,-13.218670403348579,38288,,15744
,0,,39846,15923,0.0,2022.0,0,0,-39.175053786643275,29127,3,14688,-13.139023826123482,38280,,15696
,0,,41010,16188,0.0,2022.0,0,0,-38.93130325320922,25594,3,14527,-13.156721505813264,39638,,15877
,0,,42499,16145,0.0,2022.0,0,0,-39.07342159024197,33825,3,15099,-13.265292515856904,39754,,15991
,0,,41767,15619,0.0,2022.0,0,0,-39.12959751752738,24248,3,13528,-13.234221234739806,30460,,14096
,0,,37541,15972,0.0,2022.0,0,0,-38.9715453765119,26056,3,13450,-13.182665843438633,36880,,15553
,0,,33327,15213,0.0,2022.0,0,0,-39.22021147083623,26769,3,13396,-13.268099250149557,31762,,14842
,0,,35804,15375,0.0,2022.0,0,0,-39.130801167566375,27368,3,14163,-13.180466581692851,35077,,15040
,0,,40149,16023,0.0,2022.0,0,0,-39.365192868603344,28119,3,14776,-13.242437974551017,37769,,15855
,0,,44485,16232,0.0,2022.0,0,0,-39.47129585926471,32221,3,15363,-12.959990416062375,42871,,16120
,0,,47113,16418,0.0,2022.0,0,0,-39.57097808026065,22798,3,13895,-13.1170461703194,43444,,16139
,0,,45648,16129,0.0,2022.0,0,0,-39.486277294013256,28685,3,14897,-13.18663325071559,39680,,15967
,0,,38804,15777,0.0,2022.0,0,0,-39.52975406986326,28367,3,14713,-13.198333312647375,33800,,15451
,0,,37446,15866,0.0,2022.0,0,0,-39.32132926630622,33996,3,15370,-13.269129689864924,34759,,15414
,0,,39576,15980,0.0,2022.0,0,0,-39.449551570325916,29019,3,15071,-13.265292491897888,34620,,15672
,0,,38030,15923,0.0,2022.0,0,0,-39.557570584187665,26942,3,14424,-13.247802110558228,33831,,15653
,0,,38195,15254,0.0,2022.0,0,0,-39.488837411944964,24289,3,13630,-13.023974987439509,31606,,14902
,0,,42668,15587,1.0,2022.0,0,0,-39.601492341896034,28306,4,14046,-13.042934923613513,35373,,15019
,0,,40166,15971,0.0,2022.0,0,0,-39.82416534869853,29238,3,14548,-13.176554953102292,36677,,15503
,0,,42691,16257,0.0,2022.0,0,0,-39.7091584417034,22337,3,13731,-13.148743328607518,37334,,15889
,0,,39006,16182,0.0,2022.0,0,0,-39.75009893474853,30104,3,15226,-13.218655745797475,35409,,15906
,0,,41381,16185,0.0,2022.0,0,0,-39.819789556180986,20598,3,13379,-13.265291936749025,35545,,15995
,0,,45300,16536,0.0,2022.0,0,0,-40.008981018349075,28666,3,14526,-12.94173749579961,36215,,16049
,0,,35318,15388,0.0,2022.0,0,0,-39.73408989629241,28296,3,14074,-13.05414072725745,32736,,14901
,0,,40949,15973,0.0,2022.0,0,0,-39.75411588248772,20569,3,12976,-13.217373948324672,33984,,15463
,0,,46322,16758,0.0,2022.0,0,0,-39.69444614273238,27150,3,14608,-13.071221783068676,39116,,16260
,0,,42684,16405,0.0,2022.0,0,0,-39.94441730903895,22399,3,13826,-13.156755100826723,32870,,15994
,0,,42019,16391,0.0,2022.0,0,0,-39.68701344057672,30508,3,15068,-13.258069693621158,35627,,15779
,0,,48799,16461,0.0,2022.0,0,0,-39.79166154524312,27657,3,14807,-13.180462907779436,40143,,15952
,0,,48206,16310,1.0,2022.0,0,0,-39.84509130584671,26743,4,14610,-13.264957790711058,38604,,15826
,0,,43352,15781,1.0,2022.0,0,0,-39.94007426820944,20712,4,13076,-13.193534302928942,36794,,15460
,0,,46514,15819,1.0,2022.0,0,0,-39.66945921072498,22851,4,13783,-12.933399373412128,36294,,15319
,0,,43228,16226,0.0,2022.0,0,0,-39.986023846045875,34043,3,14636,-13.186614229404057,38024,,15686
,0,,44140,16417,0.0,2022.0,0,0,-39.84463849939235,29729,3,15122,-13.234223495959286,39494,,16077
,0,,46687,16080,0.0,2022.0,0,0,-39.97942907965953,34156,3,14994,-13.185106761903254,40730,,15838
,0,,40108,15979,0.0,2022.0,0,0,-39.83249440512248,30026,3,14919,-13.198339466856687,35773,,15562
,0,,45547,16173,0.0,2022.0,0,0,-39.892955719729784,26638,3,13684,-12.973340932200434,33810,,15377
,0,,47857,16275,0.0,2022.0,0,0,-39.89434989891012,32787,3,15141,-13.238836329962526,38064,,15891
,0,,45240,16259,0.0,2022.0,0,0,-39.74792176850622,29329,3,14545,-12.926754467637004,35510,,15481
,0,,38581,15549,0.0,2022.0,0,0,-39.73682131792667,31708,3,14694,-13.051128190655403,35405,,15343
,0,,34353,15282,0.0,2022.0,0,0,-39.777220027483004,26215,3,13732,-13.186624028479688,33054,,14833
,0,,40501,15422,0.0,2022.0,0,0,-39.687839721720046,30717,3,14572,-13.200927249369103,37436,,15201
,0,,46818,16117,1.0,2022.0,0,0,-40.031617515340066,34725,4,15231,-13.177004608293846,40194,,15853
,0,,50648,16434,1.0,2022.0,0,0,-39.79806317669982,32942,4,15240,-13.00358011736243,42522,,16070
,0,,43287,15894,1.0,2022.0,0,0,-40.013109484921515,30274,4,14664,-13.253930842710504,37231,,15544
,0,,39773,15474,1.0,2022.0,0,0,-39.835328671203854,23760,4,13110,-13.253623979099906,33571,,14654
,0,,48119,16253,1.0,2022.0,0,0,-39.84599220411948,29924,4,14619,-13.084435474829228,41829,,15959
,0,,46310,15815,1.0,2022.0,0,0,-39.74773875819084,28947,4,14232,-13.042948320077791,38457,,15424
,0,,46208,15885,1.0,2022.0,0,0,-39.91361241388184,38512,4,14638,-13.17430622228712,41114,,15504
,0,,36257,15435,1.0,2022.0,0,0,-39.91018610700285,27985,4,14155,-13.247808942449803,31429,,15239
,0,,43559,15758,1.0,2022.0,0,0,-39.78166666960256,27474,4,13848,-12.905145624068323,34994,,14896
,0,,42460,15498,1.0,2022.0,0,0,-39.81517790496842,33039,4,14316,-13.218061994306439,38084,,15038
,0,,47140,16273,1.0,2022.0,0,0,-39.824356610507024,28188,4,14119,-12.961907858229655,34405,,15224
,0,,43842,15813,1.0,2022.0,0,0,-39.80226738381558,35840,4,14909,-13.159043155476352,39429,,15513
,0,,43885,15811,1.0,2022.0,0,0,-39.80552069584316,27146,4,14148,-12.994456718888772,33065,,15235
,0,,45063,16001,1.0,2022.0,0,0,-39.722044734398,25456,4,13233,-13.23889351228618,37134,,15484
,0,,51744,16417,1.0,2022.0,0,0,-39.86817277333396,25660,4,13734,-12.908961752288489,35824,,15574
,0,,52689,15997,1.0,2022.0,0,0,-39.66742953116701,28351,4,13740,-12.986327657447161,42487,,15432
,0,,45206,15752,1.0,2022.0,0,0,-39.91057327063417,29658,4,14475,-13.042137563006081,35154,,15231
,0,,49446,16571,1.0,2022.0,0,0,-40.309830604894216,35013,4,15505,-13.247802109657913,42981,,16246
,0,,47362,16629,0.0,2022.0,0,0,-40.25272374760332,28668,3,14774,-12.981273084393298,39937,,16214
,0,,43436,16388,0.0,2022.0,0,0,-40.20181157906839,19439,3,12958,-13.265292506154225,37703,,16294
,0,,49450,16333,0.0,2022.0,0,0,-40.211114282044456,34522,3,15258,-13.239949421874805,43675,,16089
,0,,49153,16209,0.0,2022.0,0,0,-40.28201408749123,38134,3,15344,-13.198333311707719,44328,,16010
,0,,46613,16238,0.0,2022.0,0,0,-40.208616731853155,35183,3,15147,-13.148780063472126,39921,,15631
,0,,48429,16121,1.0,2022.0,0,0,-40.38734374567013,36600,4,15137,-13.17426263033627,42879,,15772
,0,,44907,16152,0.0,2022.0,0,0,-40.32883119541049,20419,3,13037,-13.054144286650565,39556,,15804
,0,,45851,16069,1.0,2022.0,0,0,-40.06758257959673,33453,4,14820,-13.003538303372187,41796,,15616
,0,,46144,15962,0.0,2022.0,0,0,-40.24580164371687,31440,3,14679,-13.164571042986198,39276,,15541
,0,,48641,16188,1.0,2022.0,0,0,-40.04396007724023,31092,4,14598,-13.087809976506286,37422,,15547
,0,,42605,15617,1.0,2022.0,0,0,-40.059693220647645,31533,4,14595,-13.15672149903157,40477,,15301
,0,,48881,16498,1.0,2022.0,0,0,-40.06494039029882,24127,4,13647,-12.927421406100711,38340,,15635
,0,,45560,16333,1.0,2022.0,0,0,-40.37227352867521,21172,4,12850,-13.039985493315704,31631,,15057
,0,,39472,16046,0.0,2022.0,0,0,-40.24984627811498,23978,3,13306,-12.962971154471598,32061,,15054
,0,,51625,16257,1.0,2022.0,0,0,-40.192900798989335,23346,4,12905,-12.97334299470597,33993,,14950
,0,,46517,15889,1.0,2022.0,0,0,-40.07358926083594,33107,4,14695,-13.26912972086523,42771,,15687
,0,,42547,15672,0.0,2022.0,0,0,-40.303044173362586,24164,3,13456,-13.238828317378616,36913,,15404
,0,,45470,16024,1.0,2022.0,0,0,-40.34526580410525,31721,4,14508,-13.04843600067817,36326,,15390
,0,,50345,16199,1.0,2022.0,0,0,-40.30512528413664,28524,4,14509,-13.198040467407203,37491,,15590
,0,,44460,16222,1.0,2022.0,0,0,-40.33955982723639,27710,4,14580,-13.00704097555425,36317,,15540
,0,,44869,16041,0.0,2022.0,0,0,-40.241097425044956,34611,3,14961,-13.02397497620634,38423,,15490
,0,,40698,15964,1.0,2022.0,0,0,-40.29627314380265,28266,4,14470,-13.160136430703623,34751,,15391
,0,,39073,15714,1.0,2022.0,0,0,-40.3486014817566,31360,4,14680,-13.268099242197795,35472,,15374
,0,,43791,15566,1.0,2022.0,0,0,-40.10419996454123,32458,4,14572,-12.981331456112105,37613,,15116
,0,,33917,15146,1.0,2022.0,0,0,-40.06924297096946,21963,4,13121,-13.232040483424,29792,,14705
,0,,44879,15844,1.0,2022.0,0,0,-40.33038012703449,24287,4,13049,-12.986368288562772,35112,,15019
,0,,45376,15982,1.0,2022.0,0,0,-40.22355587041396,28385,4,13577,-12.959990397112715,37270,,15359
,0,,39956,15297,1.0,2022.0,0,0,-40.08058019865405,31160,4,14079,-13.228962978221483,35791,,14961
,0,,43153,15982,1.0,2022.0,0,0,-40.28230421814495,24326,4,13307,-12.928616460294032,30384,,14679
,0,,46225,15834,1.0,2022.0,0,0,-40.15019388136591,20184,4,12209,-12.905143587944513,32143,,14596
,0,,37988,15486,1.0,2022.0,0,0,-40.38796373228862,20588,4,12513,-12.909994858726337,29365,,14451
,0,,37696,15759,1.0,2022.0,0,0,-40.386600306167026,22508,4,12623,-12.909124017098396,28071,,14351
,0,,42138,15725,1.0,2022.0,0,0,-40.24783413091364,24152,4,13237,-13.01983693993778,28597,,14057
,0,,45401,15346,1.0,2022.0,0,0,-40.094709554508846,24187,4,12924,-12.926741689231488,31028,,14239
,0,,44058,15878,1.0,2022.0,0,0,-40.373203665395266,22354,4,12670,-12.917306717822107,27416,,14058
,0,,51828,16610,0.0,2022.0,0,0,-40.76409369299393,34275,3,15465,-12.909994860425105,42047,,16217
,0,,49263,16352,1.0,2022.0,0,0,-40.49119773806473,31912,4,15035,-13.199520751736342,41076,,15862
,0,,46762,16188,1.0,2022.0,0,0,-40.658434199664285,22116,4,12765,-12.928616456096105,36790,,15448
,0,,53269,16103,1.0,2022.0,0,0,-40.456710219908196,31445,4,14651,-13.22896294077233,40900,,15468
,0,,47840,16357,1.0,2022.0,0,0,-40.42459891558801,21802,4,12950,-13.154903267128443,32617,,15252
,0,,46734,16572,1.0,2022.0,0,0,-40.78266524356571,27301,4,14600,-13.253919060913121,37229,,16126
,0,,46012,16302,1.0,2022.0,0,0,-40.42882015632432,22554,4,13030,-13.03627917742186,35292,,15398
,0,,38052,15469,1.0,2022.0,0,0,-40.42701846044857,24934,4,13188,-13.265413440150297,29288,,14433
,0,,42344,15815,1.0,2022.0,0,0,-40.67176803378357,27147,4,14011,-13.176545973251748,34308,,15210
,0,,37002,15419,1.0,2022.0,0,0,-40.51083181459388,23367,4,13478,-13.200961385938754,33700,,15061
,0,,45535,16351,1.0,2022.0,0,0,-40.77560015911754,29972,4,14858,-13.23166529171566,39716,,15757
,0,,40392,15842,1.0,2022.0,0,0,-40.65814406906023,23045,4,12955,-13.19833329819554,31323,,15026
,0,,43968,16315,1.0,2022.0,0,0,-40.77055053143078,27804,4,14429,-13.193494232227687,34867,,15645
,0,,44004,16225,1.0,2022.0,0,0,-40.506784639391725,32824,4,15314,-13.238907324724183,37296,,15850
,0,,42515,15485,1.0,2022.0,0,0,-40.6285519440358,25228,4,13351,-13.063515142459057,33165,,14762
,0,,42382,15840,1.0,2022.0,0,0,-40.63360561747196,28066,4,14250,-12.985862224519822,31228,,14767
,0,,39799,15915,1.0,2022.0,0,0,-40.67240312256101,26893,4,14161,-13.160136419113117,34206,,15313
,0,,49319,16082,1.0,2022.0,0,0,-40.76178250169207,25264,4,13796,-12.933409944903747,32622,,15154
,0,,45667,16427,1.0,2022.0,0,0,-40.42852635554786,24109,4,13478,-13.031755524096717,35145,,15252
,0,,42595,16084,1.0,2022.0,0,0,-40.58724427757557,22486,4,13057,-13.239949399743718,31015,,14894
,0,,48268,15653,1.0,2022.0,0,0,-40.7413398605186,26215,4,13991,-12.94742105089471,34601,,14838
,0,,40773,15883,1.0,2022.0,0,0,-40.5779415764328,22095,4,12902,-13.265292482800671,26691,,14224
,0,,34746,15380,0.0,2022.0,0,0,-40.470839572984126,21495,3,12724,-12.926741677534652,28067,,14715
,0,,45025,16064,1.0,2022.0,0,0,-40.72473145021277,24360,4,13484,-13.268099236180044,33157,,15103
,0,,38562,15828,0.0,2022.0,0,0,-39.09055561925956,25273,3,14334,-13.271888454157818,34659,,15489
,0,,40332,15707,0.0,2022.0,0,0,-39.185116097167615,34306,3,14994,-13.302145417001487,34358,,15530
,0,,43042,16162,0.0,2022.0,0,0,-39.029406468580405,34157,3,15419,-13.278688072387933,40202,,15938
,0,,44456,16286,0.0,2022.0,0,0,-39.63153420244789,20635,3,13444,-13.431176709581262,34015,,15613
,0,,47255,16763,0.0,2022.0,0,0,-39.64080889239123,30980,3,15252,-13.290833528197819,42741,,16310
,0,,39025,15876,0.0,2022.0,0,0,-39.404780433797974,34434,3,15450,-13.360584551520205,36141,,15534
,0,,42279,16041,0.0,2022.0,0,0,-39.559385397363194,25536,3,14287,-13.43338951640532,38383,,15988
,0,,52330,16456,0.0,2022.0,0,0,-39.563336135129326,30852,3,14983,-13.336487520931783,45003,,16073
,0,,44910,16101,0.0,2022.0,0,0,-39.58625719384094,30975,3,15131,-13.428414444240897,40024,,15855
,0,,36733,15723,0.0,2022.0,0,0,-39.53223647665246,24268,3,14230,-13.463453437595685,27773,,14914
,0,,39228,15672,0.0,2022.0,0,0,-39.4482249972629,35524,3,15260,-13.335439553911073,37543,,15530
,0,,37066,15094,1.0,2022.0,0,0,-39.648225541611154,25923,4,13879,-13.283526870341055,32696,,14770
,0,,34113,15682,0.0,2022.0,0,0,-39.66783026312352,29221,3,14538,-13.46131583654442,32406,,15591
,0,,40659,16043,0.0,2022.0,0,0,-39.68881048977257,25245,3,14403,-13.300958491787023,33612,,15546
,0,,44301,16406,0.0,2022.0,0,0,-39.72807064062335,32737,3,15345,-13.354858735282356,39021,,16011
,0,,41577,16354,0.0,2022.0,0,0,-39.856740723205235,33586,3,15501,-13.282504326040337,39974,,16077
,0,,42158,16353,0.0,2022.0,0,0,-39.680364388440545,34327,3,15252,-13.301444342631665,41889,,16179
,0,,47188,16681,0.0,2022.0,0,0,-39.714820002114806,28573,3,14862,-13.463426060397449,39870,,16222
,0,,45913,16435,0.0,2022.0,0,0,-39.9890816683557,24012,3,13968,-13.3209545883793,37843,,16068
,0,,48026,16355,0.0,2022.0,0,0,-39.676266593133796,20700,3,13344,-13.405272344081014,41397,,16221
,0,,44701,15947,0.0,2022.0,0,0,-39.73709885604052,20887,3,12926,-13.47540750922348,35151,,15546
,0,,45903,16260,0.0,2022.0,0,0,-39.8256817117543,24771,3,14147,-13.638765844366388,41859,,16032
,0,,43388,15795,0.0,2022.0,0,0,-39.71857975238366,26781,3,13973,-13.300279349483134,39706,,15637
,0,,41280,16061,0.0,2022.0,0,0,-39.68211317601952,28351,3,14662,-13.33313573356659,38125,,15768
,0,,42205,16163,0.0,2022.0,0,0,-39.76143865022824,28116,3,14321,-13.354962407418315,37602,,15643
,0,,51639,16332,0.0,2022.0,0,0,-39.851321915428464,36285,3,15282,-13.638431195393984,45176,,15949
,0,,45365,16039,0.0,2022.0,0,0,-39.774063972742,26425,3,13911,-13.278685987755036,42375,,15764
,0,,42478,16202,1.0,2022.0,0,0,-40.00952356563505,18723,4,12720,-13.306945859179093,38524,,15914
,0,,42711,16079,1.0,2022.0,0,0,-40.01183422699155,27512,4,14644,-13.283535242038658,35545,,15707
,0,,43903,16395,1.0,2022.0,0,0,-39.8906236439943,19354,4,13066,-13.28916848191045,38767,,16213
,0,,41129,15983,1.0,2022.0,0,0,-40.0104707625187,25919,4,14313,-13.282664590779737,35956,,15641
,0,,33147,14929,1.0,2022.0,0,0,-39.6951134377858,26680,4,13600,-13.303991453161135,31978,,14485
,0,,46682,16079,1.0,2022.0,0,0,-39.952703321255626,34222,4,14486,-13.427657735539562,36730,,15411
,0,,33049,15155,1.0,2022.0,0,0,-40.03040526768918,20555,4,12764,-13.62739290290072,30576,,14809
,0,,41870,15737,1.0,2022.0,0,0,-39.864970501980395,25790,4,13358,-13.39749478263872,34001,,14997
,0,,53130,16038,1.0,2022.0,0,0,-39.9061751096924,27183,4,14017,-13.302154459401622,39610,,15084
,0,,40020,15637,1.0,2022.0,0,0,-39.95846842995091,23414,4,13189,-13.424642120125377,31787,,15252
,0,,34224,14968,1.0,2022.0,0,0,-39.90588519663281,28749,4,13819,-13.571819392088873,30418,,14530
,0,,37147,15488,1.0,2022.0,0,0,-39.996144592214584,26666,4,13952,-13.41350110327158,32089,,14935
,0,,46677,16196,1.0,2022.0,0,0,-39.969137548162415,19792,4,12085,-13.421950357570482,38453,,15656
,0,,34415,15150,1.0,2022.0,0,0,-39.871707204213514,22458,4,12779,-13.39335752890327,31365,,14636
,0,,44399,15690,1.0,2022.0,0,0,-39.87659589385894,24547,4,13216,-13.354801081081048,33635,,14825
,0,,38063,15407,1.0,2022.0,0,0,-39.9776239232646,24247,4,13605,-13.41645020863296,33437,,14971
,0,,43978,16013,1.0,2022.0,0,0,-40.023340229771,27542,4,14172,-13.605143548156768,38924,,15708
,0,,39450,16097,0.0,2022.0,0,0,-40.36998552472796,29560,3,14738,-13.424157719499776,38944,,15824
,0,,45677,16458,1.0,2022.0,0,0,-40.03809800774426,32729,4,14896,-13.602414494915909,39513,,15916
,0,,32134,15129,1.0,2022.0,0,0,-40.051953839021124,25349,4,13852,-13.387808372383686,30979,,14765
,0,,40367,16079,0.0,2022.0,0,0,-40.178395484127904,25276,3,14238,-13.532536833393968,38179,,16091
,0,,41681,16089,1.0,2022.0,0,0,-40.18741013373837,32630,4,15334,-13.405327249075405,35898,,15818
,0,,41612,16188,1.0,2022.0,0,0,-40.39306892230355,26778,4,14296,-13.290833516094704,37200,,15861
,0,,41884,16045,0.0,2022.0,0,0,-40.370800262932484,33855,3,15092,-13.39331622184147,40295,,15706
,0,,41609,15803,1.0,2022.0,0,0,-40.28670113790134,27072,4,14317,-13.415653640814305,37844,,15607
,0,,39422,15736,1.0,2022.0,0,0,-40.04322431488477,22949,4,13273,-13.436964370548942,34287,,15454
,0,,43500,16215,1.0,2022.0,0,0,-40.4059996510448,21779,4,13136,-13.605500500875344,35944,,15794
,0,,37133,15355,0.0,2022.0,0,0,-40.12622837455487,30766,3,14430,-13.59213757514655,35512,,15128
,0,,41877,15866,1.0,2022.0,0,0,-40.3385172177289,23704,4,13411,-13.428414423790723,35984,,15352
,0,,35939,15078,1.0,2022.0,0,0,-40.385110906749894,30994,4,14091,-13.315271764016012,34864,,14791
,0,,45027,16195,1.0,2022.0,0,0,-40.284890874484915,32227,4,14984,-13.289164779530196,37081,,15833
,0,,35015,15135,1.0,2022.0,0,0,-40.28630585972014,28371,4,14317,-13.333514880281301,34251,,14928
,0,,41401,15767,0.0,2022.0,0,0,-40.2207676986463,32299,3,14906,-13.607702804628241,37187,,15375
,0,,45378,16238,1.0,2022.0,0,0,-40.120656576303304,25692,4,14444,-13.333168494522733,35494,,15674
,0,,41626,15914,0.0,2022.0,0,0,-40.121058234714916,29438,3,14738,-13.31886042161002,37185,,15716
,0,,48382,16589,0.0,2022.0,0,0,-40.307495294065774,33111,3,15373,-13.528442899900542,44587,,16318
,0,,40167,15686,0.0,2022.0,0,0,-40.36822752692392,33665,3,14870,-13.397454399807723,38986,,15541
,0,,40892,15696,1.0,2022.0,0,0,-40.03922617379898,28117,4,14438,-13.32092686187558,35496,,15284
,0,,44507,16135,1.0,2022.0,0,0,-40.04558881239439,26319,4,14325,-13.306934969961242,33922,,15285
,0,,45633,16162,1.0,2022.0,0,0,-40.33688578940061,30172,4,14452,-13.354777665473227,40389,,15847
,0,,43438,15989,0.0,2022.0,0,0,-40.40774741103358,28786,3,14612,-13.55049318366393,39190,,15566
,0,,44465,15883,1.0,2022.0,0,0,-40.10433110774464,24856,4,13857,-13.304009028681303,41229,,15704
,0,,46126,16171,1.0,2022.0,0,0,-40.18164805273927,32504,4,15117,-13.367982092966711,41548,,15892
,0,,50005,16428,1.0,2022.0,0,0,-40.362152162923714,31812,4,15125,-13.56010171062214,44387,,16160
,0,,44063,15747,1.0,2022.0,0,0,-40.195919458454846,33571,4,14174,-13.638765229282946,37887,,15365
,0,,51031,16373,1.0,2022.0,0,0,-40.13024528292179,37599,4,15367,-13.590856063159885,44114,,15971
,0,,49256,16124,1.0,2022.0,0,0,-40.188445052940914,30519,4,14598,-13.354884250790333,39357,,15858
,0,,52405,16334,1.0,2022.0,0,0,-40.28449649456581,30696,4,14713,-13.463453420173366,42891,,16122
,0,,51124,16145,1.0,2022.0,0,0,-40.13838220885881,26393,4,13548,-13.538050168675017,44714,,15736
,0,,49587,16004,1.0,2022.0,0,0,-40.20048500586082,32956,4,14840,-13.335439561579335,43164,,15654
,0,,42111,15541,1.0,2022.0,0,0,-40.76303838118357,23499,4,13047,-13.556132040457927,27549,,14079
,0,,41548,15813,1.0,2022.0,0,0,-40.60757507085061,26891,4,13751,-13.571539522217144,33301,,14889
,0,,47223,16165,1.0,2022.0,0,0,-40.57661500347772,22098,4,13043,-13.33543954737319,30565,,14717
,0,,38265,14918,1.0,2022.0,0,0,-40.50018078881024,30002,4,13841,-13.300292430812618,32984,,14340
,0,,37228,15053,1.0,2022.0,0,0,-40.68777539400105,24466,4,12931,-13.433389512046237,27834,,13877
,0,,42542,16199,1.0,2022.0,0,0,-40.73828212870482,23706,4,13523,-13.56010174825446,28450,,14944
,0,,48527,16540,1.0,2022.0,0,0,-40.56838681335309,28552,4,14645,-13.409850487364533,36149,,15796
,0,,47947,16255,1.0,2022.0,0,0,-40.608653322103294,27513,4,13842,-13.398492120569871,35491,,15304
,0,,39764,15935,1.0,2022.0,0,0,-40.533926456831054,24423,4,13586,-13.278688034591596,30334,,14834
,0,,47411,16138,1.0,2022.0,0,0,-40.73168714600909,21215,4,12569,-13.558594661615494,29680,,14847
,0,,42653,16107,1.0,2022.0,0,0,-40.69172613142571,24846,4,14313,-13.33648751322256,31499,,15240
,0,,46640,15793,1.0,2022.0,0,0,-40.722385418181304,27442,4,13707,-13.359362172571007,33407,,14848
,0,,50669,16419,1.0,2022.0,0,0,-40.598033847895536,25298,4,13637,-13.354976924859562,35606,,15377
,0,,39047,15465,1.0,2022.0,0,0,-40.58758831400786,25650,4,13808,-13.627099567402993,31939,,14800
,0,,50150,16209,1.0,2022.0,0,0,-40.5968976922627,28967,4,13979,-13.607702824320116,36115,,15185
,0,,38220,15391,1.0,2022.0,0,0,-40.447740128109025,30577,4,14087,-13.64259995319385,33402,,14632
,0,,43877,15575,1.0,2022.0,0,0,-40.58475291109152,27825,4,13761,-13.571825686353888,33893,,14625
,0,,43383,15668,1.0,2022.0,0,0,-40.515558321276885,25406,4,14100,-13.413530766657198,35391,,15152
,0,,41283,15675,1.0,2022.0,0,0,-40.42171884054547,24507,4,13230,-13.306934931971574,32303,,14686
,0,,47625,16185,1.0,2022.0,0,0,-40.50401402115332,27515,4,14478,-13.383067870513601,35640,,15424
,0,,42117,15405,1.0,2022.0,0,0,-40.53317044376022,29743,4,13932,-13.360584546296973,34668,,14700
,0,,41201,16248,1.0,2022.0,0,0,-40.55777805405952,28803,4,14480,-13.367982081290213,34597,,15426
,0,,38752,16012,1.0,2022.0,0,0,-40.463159422535455,30206,4,14768,-13.301462442153523,35969,,15867
,0,,52454,16364,1.0,2022.0,0,0,-40.42808386591417,24432,4,14367,-13.38780834294048,44469,,15993
,0,,38571,14878,0.0,2022.0,0,0,-40.461417741100796,26202,3,13305,-13.522238111726413,35910,,14570
,0,,50981,16580,1.0,2022.0,0,0,-40.5645750529287,32491,4,15224,-13.354884238003093,38888,,15915
,0,,49667,16149,1.0,2022.0,0,0,-40.59735117873501,29748,4,14234,-13.638431206663482,36693,,15353
,0,,45487,16592,0.0,2022.0,0,0,-40.49704324559775,31001,3,15343,-13.421958646361837,38242,,16162
,0,,42477,16440,1.0,2022.0,0,0,-40.563540133925024,24197,4,13886,-13.4053272435261,37724,,15982
,0,,49376,15961,1.0,2022.0,0,0,-40.544090160019316,22340,4,12914,-13.490561017145367,39264,,15294
,0,,43159,15656,1.0,2022.0,0,0,-40.4804611243092,26730,4,13663,-13.304008998566042,34867,,14986
,0,,49583,16523,1.0,2022.0,0,0,-40.41968929299805,30707,4,15199,-13.35985299785073,40199,,15991
,0,,44970,16209,1.0,2022.0,0,0,-40.464667575369404,27853,4,14254,-13.615901192739917,40573,,15899
,0,,41610,15797,1.0,2022.0,0,0,-40.421306190588254,33958,4,15077,-13.638881233115592,36240,,15656
,0,,42566,16000,0.0,2022.0,0,0,-40.4181779924559,31246,3,14956,-13.47984176895218,40726,,15908
,0,,44153,16126,1.0,2022.0,0,0,-40.499996374922176,28957,4,14583,-13.4164639267925,36982,,15552
,0,,37242,14990,1.0,2022.0,0,0,-40.49678658964936,25966,4,13000,-13.333168470585248,30696,,14132
,0,,47025,16554,1.0,2022.0,0,0,-40.529478855778336,33949,4,15120,-13.560112256334698,38134,,15808
,0,,40901,15861,1.0,2022.0,0,0,-40.440099512123034,31724,4,14688,-13.574411668055257,39638,,15563
,0,,45571,16056,0.0,2022.0,0,0,-40.42990881023482,32057,3,14829,-13.508448487799106,41804,,15928
,0,,42489,15857,1.0,2022.0,0,0,-40.41422803737425,33826,4,14751,-13.602414482900912,35561,,15240
,0,,40153,14939,1.0,2022.0,0,0,-40.471111443167075,30662,4,13941,-13.300975336301093,36070,,14580
,0,,38821,15675,0.0,2022.0,0,0,-39.6066347269182,22773,3,13412,-12.76195357339074,33905,,15331
,0,,47357,16452,0.0,2022.0,0,0,-39.47918848273412,30603,3,15233,-12.824495050608823,43916,,16480
,0,,38031,15677,0.0,2022.0,0,0,-39.53748534786899,27352,3,14114,-12.800743679190262,33077,,15019
,0,,46598,16204,0.0,2022.0,0,0,-39.53444542143076,37578,3,15291,-12.66854955475926,41230,,15859
,0,,37314,15035,1.0,2022.0,0,0,-39.483158448962264,23853,4,12871,-12.71429207552354,31179,,14332
,0,,38814,15318,1.0,2022.0,0,0,-39.42613929778852,23406,4,13068,-12.785477559700901,32638,,14574
,0,,40728,15867,1.0,2022.0,0,0,-39.566577024586344,25908,4,13810,-12.72833318163191,34352,,15169
,0,,40381,15057,1.0,2022.0,0,0,-39.35796183342636,26629,4,13792,-12.680555486923152,37141,,14757
,0,,37442,15051,1.0,2022.0,0,0,-39.415532980800876,29344,4,14261,-12.806901493762046,34060,,14693
,0,,36708,14927,1.0,2022.0,0,0,-39.360693353280055,21259,4,12678,-12.677542338351547,31740,,14344
,0,,37714,15602,1.0,2022.0,0,0,-39.36840087706408,28630,4,14338,-12.58603331041456,34915,,15209
,0,,37454,15111,1.0,2022.0,0,0,-39.40553690610378,23822,4,13475,-12.531531255104992,33213,,14594
,0,,38808,15090,1.0,2022.0,0,0,-39.61854142601624,24361,4,13354,-12.646205366677865,32000,,14511
,0,,37515,15222,1.0,2022.0,0,0,-39.31831698535914,30853,4,14260,-12.69764037958978,34407,,14877
,0,,43820,15773,1.0,2022.0,0,0,-39.456365911646685,24464,4,13890,-12.824781344968565,37283,,15288
,0,,37824,15354,1.0,2022.0,0,0,-39.289788224542164,26654,4,14216,-12.7327653950314,35857,,15043
,0,,50335,15979,1.0,2022.0,0,0,-39.44803721073185,29715,4,14798,-12.80299265187838,45110,,15700
,0,,48804,16183,0.0,2022.0,0,0,-39.7545235402407,22989,3,13691,-12.86535748381941,39370,,15692
,0,,42497,15980,0.0,2022.0,0,0,-39.847424461290316,20244,3,13007,-12.586386408708721,36286,,15541
,0,,41191,15777,0.0,2022.0,0,0,-39.92691373164094,23741,3,13463,-12.865278315551596,31344,,14743
,0,,42266,15968,0.0,2022.0,0,0,-39.87371459576902,25481,3,14132,-12.589367778729649,33031,,15487
,0,,33912,15059,0.0,2022.0,0,0,-39.74132185461368,28782,3,14312,-12.868888939557307,32439,,14943
,0,,40696,15867,1.0,2022.0,0,0,-39.816769370166675,21905,4,12978,-12.599741621389896,33913,,15583
,0,,38013,15346,1.0,2022.0,0,0,-39.97247143253051,22570,4,12958,-12.894555352147815,30482,,14340
,0,,46553,16077,1.0,2022.0,0,0,-39.881856818754386,27264,4,14080,-12.860670070525739,36119,,15266
,0,,45474,15980,1.0,2022.0,0,0,-39.80299139738245,25781,4,13533,-12.845116283676507,36131,,15345
,0,,35366,15139,1.0,2022.0,0,0,-39.95846437871603,25731,4,13230,-12.677542352887919,29616,,14271
,0,,45451,15629,1.0,2022.0,0,0,-39.852986935945566,22045,4,12785,-12.88007673044008,32743,,14428
,0,,43059,16310,1.0,2022.0,0,0,-39.75967508805508,22649,4,13380,-12.588290906110457,35719,,15627
,0,,33564,15029,1.0,2022.0,0,0,-39.88305949714061,27074,4,13496,-12.806905077005709,30068,,14468
,0,,39232,15617,1.0,2022.0,0,0,-39.871701029543466,22094,4,13094,-12.646244504509879,31633,,15029
,0,,37997,15262,1.0,2022.0,0,0,-39.99707284515015,28300,4,14150,-12.543695689660096,31479,,14455
,0,,36926,15059,1.0,2022.0,0,0,-39.952699027098184,27611,4,13802,-12.680559000914227,30149,,14335
,0,,35188,15299,1.0,2022.0,0,0,-39.890622652158406,27592,4,13702,-12.54201547787959,30928,,14306
,0,,36856,15584,1.0,2022.0,0,0,-40.01525938519579,19457,4,12263,-12.635916195805525,30843,,14697
,0,,41290,15815,1.0,2022.0,0,0,-39.88134328497534,24991,4,14005,-12.61226328971084,35216,,15230
,0,,37660,15605,1.0,2022.0,0,0,-39.96913401417529,23798,4,13352,-12.674849809568766,31253,,14920
,0,,40365,15869,1.0,2022.0,0,0,-39.839838111443775,23397,4,13517,-12.677098409115645,34690,,15201
,0,,47397,16240,1.0,2022.0,0,0,-39.83498352075249,23073,4,13184,-12.866399316115603,36225,,15513
,0,,43501,15997,1.0,2022.0,0,0,-39.80830191855448,24708,4,14000,-12.843833590697743,35133,,15199
,0,,37525,15900,0.0,2022.0,0,0,-40.38796321052255,25150,3,13897,-12.536382661447549,32492,,15160
,0,,36932,15889,0.0,2022.0,0,0,-40.13469948810196,23157,3,13340,-12.827404183448396,32450,,15483
,0,,45800,16136,1.0,2022.0,0,0,-40.34066797193552,27696,4,14182,-12.56815427288569,38184,,15628
,0,,39130,15796,0.0,2022.0,0,0,-40.1791214100218,22818,3,13444,-12.845116263073754,31376,,15003
,0,,48732,16277,1.0,2022.0,0,0,-40.34526403929048,25134,4,13646,-12.674849799855554,37520,,15549
,0,,43254,15953,1.0,2022.0,0,0,-40.31064247822038,18301,4,12063,-12.640737436700372,31082,,14881
,0,,46243,16349,0.0,2022.0,0,0,-40.35375078981225,23670,3,13756,-12.669347753910145,33318,,15229
,0,,39533,15606,0.0,2022.0,0,0,-40.32323647634495,26340,3,13621,-12.743472902108314,33698,,14994
,0,,43249,15693,0.0,2022.0,0,0,-40.37320287236801,30526,3,14335,-12.543695686790981,34293,,14938
,0,,41986,15787,1.0,2022.0,0,0,-40.05239606185044,25538,4,13853,-12.65816687710147,33355,,15068
,0,,43852,15886,1.0,2022.0,0,0,-40.38659982277147,26584,4,13850,-12.535511629212097,33034,,14971
,0,,42684,15903,1.0,2022.0,0,0,-40.252721588426986,24625,4,13796,-12.607673239040455,35518,,15402
,0,,53177,16536,1.0,2022.0,0,0,-40.37227244067988,27258,4,14144,-12.666398045398926,40710,,15771
,0,,36424,15559,1.0,2022.0,0,0,-40.28201296081138,21354,4,12627,-12.824775353591205,30673,,14877
,0,,53154,16393,1.0,2022.0,0,0,-40.30512435417186,22566,4,13223,-12.824482621220813,39080,,15404
,0,,40086,15649,1.0,2022.0,0,0,-40.257986837314654,20659,4,12380,-12.860670052999701,32794,,15023
,0,,39542,15499,1.0,2022.0,0,0,-40.184431931589735,19119,4,12232,-12.843833570354153,32983,,15084
,0,,41909,15610,1.0,2022.0,0,0,-40.23287020739051,26941,4,13612,-12.535348586694472,32949,,14731
,0,,38477,15568,1.0,2022.0,0,0,-40.05268984883023,23248,4,12769,-12.662691395441675,31364,,14848
,0,,40735,15754,1.0,2022.0,0,0,-40.050888189918275,22132,4,13027,-12.891869769245266,27590,,14312
,0,,39435,15187,1.0,2022.0,0,0,-40.391389413777354,24009,4,12897,-12.635916188929917,29407,,14043
,0,,41842,15877,1.0,2022.0,0,0,-40.33037736627439,24864,4,13564,-12.61276997213756,34040,,14874
,0,,40670,14736,0.0,2022.0,0,0,-40.32882905097846,24394,3,13018,-12.68055899036362,32220,,13938
,0,,37323,15558,1.0,2022.0,0,0,-40.387343463234195,24950,4,13034,-12.800701254520412,29331,,14736
,0,,37164,15249,1.0,2022.0,0,0,-40.07119234115497,25503,4,13390,-12.813047144492812,29459,,14331
,0,,43750,16467,0.0,2022.0,0,0,-39.859276446478084,24990,3,14626,-13.834814583430886,38000,,16400
,0,,46012,16336,0.0,2022.0,0,0,-39.93136206482714,29665,3,14561,-13.901865275275817,42083,,16057
,0,,37676,15684,0.0,2022.0,0,0,-39.78090770402682,17955,3,12411,-13.734039362500859,32909,,15483
,0,,45815,16095,0.0,2022.0,0,0,-39.79165867688545,19686,3,12872,-13.927370064406158,36588,,15905
,0,,48770,16637,0.0,2022.0,0,0,-39.79416471870328,34887,3,15591,-13.885953710035261,43081,,16104
,0,,44637,16614,0.0,2022.0,0,0,-39.84509103255715,28620,3,15086,-14.011832742056963,37922,,16076
,0,,40634,15949,0.0,2022.0,0,0,-39.75411466377832,27345,3,14556,-13.964266329530284,34482,,15556
,0,,45370,16307,0.0,2022.0,0,0,-39.90836354935961,21752,3,13955,-13.83688846806211,34158,,15674
,0,,45856,16172,0.0,2022.0,0,0,-39.666761101447555,18987,3,12939,-13.94637713782296,37786,,16042
,0,,36809,15679,0.0,2022.0,0,0,-39.66591783478342,33115,3,15132,-13.853272183288178,36936,,15498
,0,,52259,16455,0.0,2022.0,0,0,-39.722044250466325,24397,3,14471,-13.985776897616008,44995,,16132
,0,,44324,16313,0.0,2022.0,0,0,-40.0243555266061,22310,3,14013,-13.65699511381699,38039,,16123
,0,,45093,16423,0.0,2022.0,0,0,-39.79805716817382,26907,3,14708,-13.750555424060904,42717,,16209
,0,,42106,15969,0.0,2022.0,0,0,-39.67764848438533,21167,3,13463,-13.881873603151623,34041,,15295
,0,,39515,16294,0.0,2022.0,0,0,-39.81978933258861,29377,3,15331,-14.01216668292954,35564,,15892
,0,,51116,15964,0.0,2022.0,0,0,-39.85531334845681,25264,3,14321,-13.944953933425257,35773,,15537
,0,,49077,16356,0.0,2022.0,0,0,-39.68701335376803,34887,3,15221,-14.00494467985965,43068,,16025
,0,,38518,15464,0.0,2022.0,0,0,-39.70915698674427,25805,3,14212,-13.895661062383413,28855,,15088
,0,,49523,16592,0.0,2022.0,0,0,-39.90876058100885,30636,3,15206,-13.66263335658724,40272,,16413
,0,,42587,16515,0.0,2022.0,0,0,-39.7772176457239,31726,3,15213,-13.933528628764218,37752,,16062
,0,,49180,16477,0.0,2022.0,0,0,-39.94270023512159,31669,3,14638,-13.848846202657507,43980,,16111
,0,,43179,16168,0.0,2022.0,0,0,-39.894348085242726,33754,3,14976,-13.985721110338414,37721,,15768
,0,,42435,16551,0.0,2022.0,0,0,-39.98682889960563,26020,3,14557,-13.927218972656028,35361,,16171
,0,,35632,15804,0.0,2022.0,0,0,-39.80226355426449,30612,3,15070,-13.905958664822169,33639,,15615
,0,,47815,16184,0.0,2022.0,0,0,-39.83249139137509,30640,3,14905,-13.945240036677818,41915,,15935
,0,,47771,16239,0.0,2022.0,0,0,-40.007663668667995,30885,3,14458,-13.804616821516,36681,,15578
,0,,38745,15792,0.0,2022.0,0,0,-39.962385817160374,26999,3,14469,-13.80185572870533,34511,,15646
,0,,37778,16103,0.0,2022.0,0,0,-39.81127652300758,26266,3,14548,-13.778773600897468,35652,,15811
,0,,44951,15753,0.0,2022.0,0,0,-39.97942522144607,30378,3,14760,-13.932010671568737,38069,,15259
,0,,41815,15587,0.0,2022.0,0,0,-39.940069061060576,32321,3,14593,-13.940435868751672,36006,,15201
,0,,39767,15640,0.0,2022.0,0,0,-40.029869390510115,19270,3,12937,-13.97890671647234,28997,,14739
,0,,40612,15615,1.0,2022.0,0,0,-40.01077754502686,25485,4,13980,-13.929548049392368,35621,,15333
,0,,47866,15748,0.0,2022.0,0,0,-39.969439298880445,30137,3,14588,-14.01497295422827,41819,,15514
,0,,36582,14399,4.0,2022.0,0,0,-39.12810313930173,24563,15,13010,-13.17244870169674,33570,,14060
,0,,32569,14435,4.0,2022.0,0,0,-38.93655042206758,26752,15,13469,-12.927421399380968,33244,,14356
,0,,36256,14955,4.0,2022.0,0,0,-38.942853334430644,27297,15,13775,-12.930454843639021,33137,,14556
,0,,40414,14774,4.0,2022.0,0,0,-39.1174116482655,24461,15,13625,-13.164571057638366,35219,,14384
,0,,50756,15699,4.0,2022.0,0,0,-39.08022674199673,28462,15,13171,-13.148780079408318,35661,,14307
,0,,42850,14802,4.0,2022.0,0,0,-39.26603055417868,20838,15,12327,-13.19349424380418,37048,,14473
,0,,39781,15391,6.0,2022.0,0,0,-39.2589537289203,21971,21,12300,-13.174262642841313,31057,,14328
,0,,37087,15072,6.0,2022.0,0,0,-39.278145266875505,24365,21,13557,-13.253919067974042,35174,,14867
,0,,41355,15511,4.0,2022.0,0,0,-39.10072734135715,26574,15,13909,-13.253624221117166,37683,,15153
,0,,35574,15300,6.0,2022.0,0,0,-39.17673527976066,22066,21,13232,-13.198040479563426,34438,,15068
,0,,42864,15771,6.0,2022.0,0,0,-39.08272429181662,21929,21,13412,-13.23994943284462,38038,,15344
,0,,39029,15427,4.0,2022.0,0,0,-39.475191783278554,17915,15,12397,-13.264957758218484,29151,,14280
,0,,44895,15910,4.0,2022.0,0,0,-39.47685732252554,22992,15,13908,-13.253624201206762,42593,,15619
,0,,39858,15267,4.0,2022.0,0,0,-39.5440131245942,25722,15,13893,-13.160136436266768,33469,,14582
,0,,55173,15775,4.0,2022.0,0,0,-39.587299803234124,32772,15,14258,-13.007040997874538,42138,,15165
,0,,37342,14996,4.0,2022.0,0,0,-39.47044427405143,21557,15,12960,-13.057713725123483,34622,,14666
,0,,40806,15544,4.0,2022.0,0,0,-39.43217338086152,34251,15,14625,-13.21738795429284,37047,,14873
,0,,40652,15189,4.0,2022.0,0,0,-39.5765711725959,25003,15,12949,-13.054144304149549,36180,,14644
,0,,35628,14633,4.0,2022.0,0,0,-39.427974109955,29686,15,13645,-13.054922797687635,34446,,14461
,0,,44217,15118,4.0,2022.0,0,0,-39.49354163009634,21407,15,12325,-13.1645710417359,39021,,14568
,0,,39941,15380,4.0,2022.0,0,0,-39.514493150789455,28013,15,14043,-12.91562793168962,38008,,15118
,0,,45366,15199,4.0,2022.0,0,0,-39.456356722350364,38045,15,14226,-13.148780058599359,42282,,15029
,0,,43997,15266,4.0,2022.0,0,0,-39.582336402697884,22349,15,12931,-13.051128172863951,36396,,14871
,0,,35454,14621,4.0,2022.0,0,0,-39.5001619422838,17961,15,11645,-13.063515165606383,30145,,14042
,0,,43880,15062,4.0,2022.0,0,0,-39.48061046115806,27527,15,13590,-12.90896240475616,33701,,14422
,0,,38931,14741,4.0,2022.0,0,0,-39.45580189426398,26943,15,13335,-13.106402844217184,36139,,14276
,0,,42176,15665,4.0,2022.0,0,0,-39.338688744559235,29045,15,14378,-13.089919839721437,39008,,15390
,0,,41076,15554,4.0,2022.0,0,0,-39.31698297692527,25388,15,13578,-13.232040454942954,37883,,15275
,0,,47739,15843,4.0,2022.0,0,0,-39.647210170047806,29854,15,14262,-13.23166530517091,39335,,15332
,0,,37530,14481,4.0,2022.0,0,0,-39.34767535255963,23312,15,12658,-13.182665811218353,33931,,14069
,0,,38996,15060,4.0,2022.0,0,0,-39.63570370293864,28205,15,13881,-12.90999489509869,35378,,14740
,0,,37389,14507,4.0,2022.0,0,0,-39.58840955052148,24678,15,12966,-12.941761079175855,34758,,14283
,0,,34772,14891,4.0,2022.0,0,0,-39.38902489038203,27747,15,14037,-13.042132103713106,31881,,14610
,0,,43619,15035,4.0,2022.0,0,0,-39.6200135010574,26145,15,13266,-13.039985517441107,38188,,14723
,0,,42557,14623,4.0,2022.0,0,0,-39.59300577947214,28284,15,13216,-13.04843602070625,37903,,14642
,0,,38137,14554,4.0,2022.0,0,0,-39.46371139832557,26347,15,13291,-13.050684944359366,35767,,14457
,0,,35245,14392,4.0,2022.0,0,0,-39.313861411107005,30403,15,13602,-13.185092427668605,33893,,14187
,0,,34325,14422,4.0,2022.0,0,0,-39.50423312155599,33993,15,13999,-13.17244868714742,34639,,14355
,0,,47669,15040,4.0,2022.0,0,0,-39.63913001946941,27523,15,13143,-13.009509214532224,38606,,14521
,0,,38049,15093,4.0,2022.0,0,0,-39.36280772447673,24764,15,12576,-13.199520764345111,30527,,13780
,0,,46155,15339,4.0,2022.0,0,0,-39.633392511429555,25683,15,13524,-12.933409978133598,33823,,14412
,0,,33147,14175,4.0,2022.0,0,0,-39.374182590515325,22444,15,12772,-13.177051447729067,30327,,13844
,0,,33476,14242,4.0,2022.0,0,0,-39.318933568459364,27047,15,12816,-13.186606329763563,31976,,13630
,0,,37621,14729,4.0,2022.0,0,0,-39.55118377076513,25194,15,12344,-13.139023818784036,31677,,13480
,0,,49210,16005,6.0,2022.0,0,0,-39.458854272269996,29167,21,14526,-13.239949410665577,39441,,15727
,0,,37454,15304,6.0,2022.0,0,0,-39.32609104760312,29406,21,14012,-13.180310043402859,36354,,14940
,0,,43804,15933,6.0,2022.0,0,0,-39.634340276962,32046,21,14380,-12.909124053506751,37544,,15510
,0,,44210,15406,6.0,2022.0,0,0,-39.30743322766607,29008,21,14221,-13.156721480336314,40079,,15142
,0,,36387,15140,6.0,2022.0,0,0,-39.53912206414983,27146,21,13950,-13.159038284675416,34119,,14880
,0,,40352,15405,6.0,2022.0,0,0,-39.612949868492606,28689,21,13985,-12.947421082977222,33701,,15048
,0,,42269,15341,6.0,2022.0,0,0,-39.50521561615832,29243,21,14332,-12.985862252084894,40548,,15171
,0,,37333,15176,6.0,2022.0,0,0,-39.32400899037263,30235,21,13937,-13.25807756306279,36151,,14922
,0,,40261,15106,6.0,2022.0,0,0,-39.64527570393144,29113,21,14117,-12.901102132233698,37684,,14885
,0,,44429,15566,6.0,2022.0,0,0,-39.53004420049146,30832,21,13951,-12.928616487335994,37643,,14924
,0,,45246,15814,6.0,2022.0,0,0,-39.64216054192866,29854,21,14837,-13.193494248175087,39406,,15506
,0,,33905,14529,6.0,2022.0,0,0,-39.55838555095388,25733,21,13190,-13.014330591315266,31321,,14282
,0,,42836,15494,6.0,2022.0,0,0,-39.62094363766861,25500,21,13459,-12.917306752244556,34389,,14800
,0,,37525,14773,6.0,2022.0,0,0,-39.32832020334826,27096,21,13397,-13.228962951048484,31395,,14127
,0,,37348,15289,4.0,2022.0,0,0,-39.39610427600675,28090,15,14060,-13.059880891825259,34885,,14910
,0,,38522,14419,4.0,2022.0,0,0,-39.57812010404807,25002,15,11634,-12.98636831121129,29414,,13084
,0,,46889,15539,4.0,2022.0,0,0,-39.982763231269765,26270,15,13535,-13.135522862209537,36804,,14795
,0,,44074,15228,4.0,2022.0,0,0,-39.663096310082636,27859,15,13495,-12.947394076093826,39805,,14645
,0,,43011,15792,4.0,2022.0,0,0,-39.66904616644775,28123,15,14398,-13.265409544222898,35849,,15200
,0,,42833,14981,4.0,2022.0,0,0,-39.69741429927105,22473,15,13106,-13.007023350517347,35029,,14535
,0,,45920,15651,4.0,2022.0,0,0,-39.81231726836885,21334,15,12375,-12.981356327679292,29762,,14359
,0,,42756,15561,4.0,2022.0,0,0,-39.71240773198189,27743,15,13660,-13.242424384296509,34136,,14621
,0,,44752,15367,4.0,2022.0,0,0,-40.01077923684304,30651,15,14143,-13.182644138883358,39026,,15080
,0,,49694,15985,4.0,2022.0,0,0,-39.99467083188023,26544,15,13790,-13.01979675355692,38033,,15213
,0,,39240,14899,4.0,2022.0,0,0,-39.85639603433603,28031,15,13775,-13.024972537653788,33193,,14622
,0,,45197,15587,4.0,2022.0,0,0,-39.93551733125992,28084,15,14277,-13.059877030453922,38495,,15292
,0,,51416,15662,4.0,2022.0,0,0,-39.98683219371747,32322,15,13823,-13.18031342373954,41869,,14997
,0,,50298,15907,4.0,2022.0,0,0,-39.98360270823466,31342,15,14405,-13.231689455992754,42904,,15556
,0,,45981,15450,4.0,2022.0,0,0,-40.016938937137894,25337,15,12671,-12.917294677924954,33944,,14214
,0,,43474,15152,4.0,2022.0,0,0,-39.94270476609822,30003,15,13898,-13.10190942010749,35177,,14674
,0,,43727,14699,4.0,2022.0,0,0,-39.71885254647597,26301,15,12923,-12.927437848323072,33774,,13682
,0,,43243,15047,4.0,2022.0,0,0,-39.939466881587784,19361,15,11583,-12.962956422787176,28161,,13568
,0,,44014,15546,4.0,2022.0,0,0,-40.02986985162739,36115,15,14582,-13.232022483914529,42175,,15293
,0,,41494,14917,4.0,2022.0,0,0,-39.845775735196554,24720,15,13258,-12.98144896581831,33539,,14165
,0,,40753,14939,4.0,2022.0,0,0,-39.91017677077142,26093,15,13441,-12.959982983202543,34703,,14542
,0,,46748,15698,4.0,2022.0,0,0,-39.99385625931854,32710,15,14675,-13.050644177371549,41984,,15299
,0,,42416,14726,4.0,2022.0,0,0,-39.79416897548605,30657,15,13732,-13.139030579638373,41122,,14654
,0,,42557,15263,4.0,2022.0,0,0,-39.81128370877906,33218,15,14404,-13.031809043467431,38818,,15014
,0,,40072,14726,4.0,2022.0,0,0,-39.9701261120049,23421,15,12507,-12.985835818959934,29103,,13730
,0,,38334,14594,4.0,2022.0,0,0,-40.02211564685742,24163,15,12561,-12.90911655590146,28943,,13301
,0,,37412,14695,4.0,2022.0,0,0,-40.0243555595287,26709,15,13211,-12.909986745309684,29519,,13601
,0,,35863,14611,4.0,2022.0,0,0,-40.02499237615131,24393,15,12884,-12.90109971294332,30925,,14320
,0,,38962,14823,4.0,2022.0,0,0,-39.76330116677255,23839,15,12344,-13.040014447725373,33111,,14217
,0,,39714,14615,4.0,2022.0,0,0,-39.81613042962735,19973,15,12263,-13.036333140371184,35676,,14438
,0,,30430,14509,6.0,2022.0,0,0,-39.791832579978795,25278,21,13011,-13.117059312125681,29013,,14071
,0,,34173,15039,6.0,2022.0,0,0,-39.71090057209076,25774,21,14036,-12.927925157092123,30707,,14680
,0,,41450,15680,6.0,2022.0,0,0,-39.96943951935911,30418,21,14350,-13.268100731264715,38050,,15453
,0,,45585,15839,6.0,2022.0,0,0,-39.992098154988966,26712,21,14115,-13.023935689693708,33482,,15018
,0,,46918,16057,6.0,2022.0,0,0,-39.90836939120043,24142,21,13079,-13.089946532496493,34898,,15128
,0,,50509,15960,6.0,2022.0,0,0,-39.66676122599693,31976,21,14179,-13.199480307626018,41674,,15558
,0,,30128,13680,6.0,2022.0,0,0,-39.74452872091225,21275,21,12287,-12.959636869343546,28298,,13536
,0,,32652,13929,6.0,2022.0,0,0,-39.93737644243457,26393,21,12727,-12.92860768375936,30247,,13640
,0,,49299,16118,4.0,2022.0,0,0,-40.35375236746833,32911,15,14040,-13.042934902087138,43855,,15290
,0,,48369,16100,6.0,2022.0,0,0,-40.07124330361096,22616,21,13088,-12.930454849512442,28980,,14503
,0,,47027,16053,4.0,2022.0,0,0,-40.08422161685796,35235,15,14729,-12.994422982170882,38707,,15438
,0,,47335,15858,4.0,2022.0,0,0,-40.04846888800192,37078,15,14813,-13.15490329986068,40494,,15324
,0,,46945,15900,6.0,2022.0,0,0,-40.244816952125625,33727,21,14804,-13.218063182893307,42478,,15648
,0,,43676,15779,6.0,2022.0,0,0,-40.25649313636002,30340,21,14245,-13.172448687597662,36307,,15100
,0,,44587,15592,6.0,2022.0,0,0,-40.05649431699653,27116,21,13763,-12.927907492987064,34739,,14680
,0,,43884,15109,4.0,2022.0,0,0,-40.07835104265853,24240,15,13134,-13.180310064163503,38597,,14917
,0,,45277,15528,4.0,2022.0,0,0,-40.071193562720005,29449,15,13757,-13.186606351846258,38742,,14820
,0,,44583,14873,4.0,2022.0,0,0,-40.126442590908916,36560,15,14356,-13.177051464966633,40537,,14736
,0,,39860,14982,4.0,2022.0,0,0,-40.11506772360709,32001,15,14114,-13.199520784944344,37114,,14750
,0,,43430,15910,4.0,2022.0,0,0,-40.05269012956971,26865,15,13586,-13.036279200032917,33480,,14804
,0,,38435,15497,6.0,2022.0,0,0,-40.148364278824765,28999,21,13994,-13.059880891478809,32299,,14669
,0,,39892,15569,4.0,2022.0,0,0,-40.05824301305412,28503,15,13790,-12.959604952350064,33163,,14798
,0,,44344,15806,4.0,2022.0,0,0,-40.18023411630693,21951,15,12307,-13.054922794621477,31599,,14768
,0,,37748,15028,4.0,2022.0,0,0,-40.11745286799273,27535,15,13743,-13.242437997975603,33735,,14639
,0,,35361,14865,4.0,2022.0,0,0,-40.22911733429481,25382,15,13565,-13.253624211104812,34386,,14610
,0,,38427,15134,4.0,2022.0,0,0,-40.25242195664182,25253,15,12790,-13.0635151586217,29244,,14137
,0,,36081,14926,4.0,2022.0,0,0,-40.19098226899401,31095,15,13362,-13.135005371986734,34990,,14417
,0,,42002,15166,4.0,2022.0,0,0,-40.11322697507553,27637,15,13530,-13.10190332112435,35435,,14703
,0,,50885,15998,4.0,2022.0,0,0,-40.073038840335386,24313,15,13074,-12.94530287368592,30391,,14219
,0,,44387,15077,4.0,2022.0,0,0,-40.303443790768505,29296,15,13613,-13.139023810752903,33589,,14289
,0,,39915,15173,4.0,2022.0,0,0,-40.34066957464549,25275,15,13061,-12.941761050216547,34032,,14350
,0,,44237,15126,4.0,2022.0,0,0,-40.05239632873535,23611,15,12678,-13.031755546338537,31068,,13935
,0,,35178,14925,4.0,2022.0,0,0,-40.22270428511631,29733,15,13510,-13.057713719725538,31938,,14294
,0,,38961,14799,4.0,2022.0,0,0,-40.399470200673456,28196,15,13514,-13.231665291572591,33299,,14082
,0,,38130,15052,4.0,2022.0,0,0,-40.21597140864103,26319,15,13216,-13.050684938424045,31545,,14090
,0,,41026,15339,6.0,2022.0,0,0,-40.266753166717535,21012,21,12348,-12.915627903845413,25479,,13490
,0,,35150,14721,4.0,2022.0,0,0,-40.2913820828162,27962,15,13426,-13.159038279654366,29655,,14141
,0,,40518,15078,4.0,2022.0,0,0,-40.141284892415484,24606,15,13028,-13.042132101367049,31034,,13910
,0,,39843,15183,4.0,2022.0,0,0,-40.20806190370854,27963,15,13384,-13.106402846066723,31730,,14157
,0,,36948,15139,4.0,2022.0,0,0,-40.36520989533143,23157,15,12511,-12.94742105299718,26109,,13848
,0,,39556,14739,4.0,2022.0,0,0,-40.13756764256134,28102,15,13007,-12.981434791872699,30739,,13642
,0,,34488,15137,6.0,2022.0,0,0,-40.41025793912669,23215,21,12746,-13.084368005212989,25944,,13526
,0,,42671,14849,4.0,2022.0,0,0,-40.13580586193268,22118,15,11976,-12.961894140038705,27728,,13087
,0,,45498,15632,4.0,2022.0,0,0,-40.23853730682972,34972,15,14708,-13.18663325450889,41000,,15297
,0,,41597,15222,6.0,2022.0,0,0,-40.1844333876807,29577,21,14020,-13.217387967283264,37048,,15038
,0,,49875,15704,6.0,2022.0,0,0,-40.119411986791754,28171,21,13590,-13.13553699130096,39497,,14896
,0,,45645,15092,4.0,2022.0,0,0,-40.271970610993954,27800,15,13210,-13.07126263696614,32419,,14510
,0,,46891,15473,4.0,2022.0,0,0,-40.10439180793174,27379,15,13609,-13.024945477768245,35157,,14570
,0,,41222,15035,4.0,2022.0,0,0,-40.32323810245453,27027,15,12641,-13.117046158139436,34643,,14214
,0,,41314,14635,4.0,2022.0,0,0,-40.090948741010095,29620,15,13448,-13.089919847192748,35290,,14107
,0,,35480,14130,6.0,2022.0,0,0,-40.39139004920165,25161,21,12681,-13.0095091857194,31510,,13497
,0,,51197,16162,6.0,2022.0,0,0,-40.435823246022125,26634,21,13570,-13.156721466600537,38571,,15318
,0,,48203,16148,6.0,2022.0,0,0,-40.44371260341636,22374,21,12474,-13.003538284117152,29842,,14254
,0,,42103,16046,6.0,2022.0,0,0,-40.721395773217544,22474,21,13487,-13.04843599557941,31958,,15095
,0,,39701,15309,6.0,2022.0,0,0,-40.71568979747301,25978,21,13541,-13.007040970040276,35077,,14761
,0,,37760,15017,6.0,2022.0,0,0,-40.44537299445903,26011,21,13197,-13.232040445065602,31800,,14326
,0,,47949,15452,4.0,2022.0,0,0,-40.60900046458971,23326,15,13188,-12.908962373592084,42956,,15273
,0,,48289,15280,4.0,2022.0,0,0,-40.44225142890998,29555,15,13462,-13.18509241532046,37721,,14593
,0,,45518,14863,4.0,2022.0,0,0,-40.49554200039355,23382,15,12721,-13.135536963080183,32822,,14216
,0,,39225,15131,4.0,2022.0,0,0,-40.447323585825494,28635,15,13855,-13.186606317380654,36059,,14815
,0,,44384,14916,4.0,2022.0,0,0,-40.584191899839546,24624,15,12937,-13.106402824402442,37497,,14493
,0,,41116,14380,4.0,2022.0,0,0,-40.623964119213746,24685,15,12473,-13.01983692667147,35193,,13836
,0,,38532,14821,4.0,2022.0,0,0,-40.679174150788675,27263,15,13537,-13.238828306094623,38859,,14640
,0,,32880,13811,4.0,2022.0,0,0,-40.555252866325674,24743,15,12536,-13.218670365082335,29881,,13208
,0,,45301,14750,4.0,2022.0,0,0,-40.68125526115271,30586,15,13389,-13.198040456630507,37096,,14209
,0,,44419,15388,4.0,2022.0,0,0,-40.679573768114224,24960,15,13267,-13.139023800148006,32920,,14648
,0,,38767,15341,4.0,2022.0,0,0,-40.704961167759116,26917,15,13150,-13.054144279577963,32002,,14535
,0,,37303,14725,6.0,2022.0,0,0,-40.48935698989922,21196,21,12367,-13.101903295472583,29578,,14001
,0,,44671,15325,4.0,2022.0,0,0,-40.592101403217455,25394,15,13218,-13.050684921265136,33056,,14215
,0,,39402,14602,4.0,2022.0,0,0,-40.603581787174484,23136,15,12542,-13.264957748774583,35082,,14149
,0,,44352,15338,4.0,2022.0,0,0,-40.5690307981171,26716,15,13659,-12.97334298309097,33903,,14752
,0,,33055,14325,4.0,2022.0,0,0,-40.60524732627934,19918,15,11509,-13.253624190996621,27359,,13566
,0,,40976,14761,4.0,2022.0,0,0,-40.68596058098443,20233,15,11510,-13.247802099117283,30844,,13674
,0,,43320,15006,4.0,2022.0,0,0,-40.63411750110727,23008,15,12491,-13.234221207436383,30110,,14166
,0,,40645,14374,4.0,2022.0,0,0,-40.59883427836529,25077,15,12879,-13.057713702251663,32247,,13744
,0,,51571,15639,4.0,2022.0,0,0,-40.599685863501094,26165,15,13651,-12.95999038787508,31927,,14121
,0,,42319,14897,4.0,2022.0,0,0,-40.62094694101904,25774,15,12852,-13.218063164868392,32836,,14112
,0,,43269,15189,4.0,2022.0,0,0,-40.556364117925746,22141,15,12406,-13.054922775648047,30797,,13835
,0,,41377,15459,4.0,2022.0,0,0,-40.62193163241588,23524,15,12894,-13.164571025412146,30069,,14367
,0,,33694,13888,4.0,2022.0,0,0,-40.61722741467311,22720,15,12363,-13.02397496231649,30172,,13470
,0,,42838,15726,4.0,2022.0,0,0,-40.699368075903585,25616,15,13208,-13.117046150007665,31981,,14752
,0,,43695,14950,4.0,2022.0,0,0,-40.46707876022283,25053,15,12723,-13.08991982164127,30652,,14014
,0,,45318,15266,4.0,2022.0,0,0,-40.454481064354255,27423,15,13545,-13.180310030513695,36701,,14588
,0,,38561,14645,4.0,2022.0,0,0,-40.476065367451596,28799,15,13286,-13.182665797956847,33581,,14093
,0,,51067,16271,4.0,2022.0,0,0,-40.6428831512998,29607,15,13924,-12.915627900107177,34318,,14716
,0,,48020,15478,4.0,2022.0,0,0,-40.56711226849223,35626,15,14122,-13.135005348126986,40967,,14753
,0,,43955,15213,4.0,2022.0,0,0,-40.628853734944094,29682,15,13576,-12.981273074561345,40858,,15005
,0,,45152,15146,4.0,2022.0,0,0,-40.4805218244982,28119,15,13255,-13.024945458218147,36824,,14368
,0,,46832,15359,4.0,2022.0,0,0,-40.4523990073001,27050,15,13322,-13.258077554778941,34253,,14509
,0,,44622,15271,4.0,2022.0,0,0,-40.48032998114352,23478,15,12324,-12.981331440217572,34069,,14312
,0,,44385,15086,4.0,2022.0,0,0,-40.632623122953845,29728,15,13675,-13.172448671234715,32296,,14090
,0,,47244,15726,4.0,2022.0,0,0,-40.44737332671025,26181,15,13397,-12.930454836542019,35219,,14849
,0,,38556,14373,4.0,2022.0,0,0,-40.635321151091645,33430,15,13797,-13.180466551965383,36251,,14254
,0,,40333,14690,4.0,2022.0,0,0,-40.614667296959006,25066,15,12960,-13.18663323594169,30693,,13787
,0,,36671,14119,4.0,2022.0,0,0,-40.56056338846795,25417,15,12464,-13.217387942137995,32792,,13398
,0,,40380,14472,4.0,2022.0,0,0,-40.66751206253826,27013,15,13106,-13.159038267499978,32652,,13920
,0,,45125,15261,4.0,2022.0,0,0,-40.449719283468774,24392,15,12553,-13.269129682348185,31263,,14078
,0,,40340,14911,4.0,2022.0,0,0,-40.43262434300206,25116,15,12891,-12.927907479607214,29706,,13931
,0,,40458,14949,4.0,2022.0,0,0,-40.64810059453783,25198,15,13152,-13.071262623065762,32353,,14087
,0,,42101,14867,4.0,2022.0,0,0,-40.6867755476855,23908,15,12369,-13.014330564271516,31736,,14032
,0,,39261,14783,4.0,2022.0,0,0,-40.51741490170968,28620,15,13249,-13.042132081878597,30768,,13803
,0,,31625,13834,4.0,2022.0,0,0,-40.72988233491151,23311,15,12349,-13.042934898027237,27622,,13298
,0,,32629,14147,4.0,2022.0,0,0,-40.44916886308216,24677,15,12636,-12.945302859530562,29322,,13683
,0,,33873,14114,4.0,2022.0,0,0,-40.42009010571394,23085,15,12318,-13.087809949222036,27723,,13267
,0,,36516,14095,4.0,2022.0,0,0,-40.52449428672363,27620,15,13134,-13.059880870787875,31339,,13789
,0,,33465,14497,4.0,2022.0,0,0,-40.4410704146412,24335,15,12703,-12.9274213931237,28111,,13716
,0,,43798,15892,6.0,2022.0,0,0,-39.49204255043199,28867,21,14623,-13.282503645817457,38797,,15509
,0,,42338,15388,4.0,2022.0,0,0,-39.645985627156584,25417,15,13424,-13.282656888605402,38103,,14939
,0,,48058,15750,4.0,2022.0,0,0,-39.4055364469314,25576,15,13881,-13.278688042610682,41900,,15183
,0,,44057,15467,4.0,2022.0,0,0,-39.61596749975451,25546,15,13673,-13.397454420621099,38353,,15344
,0,,46427,15468,4.0,2022.0,0,0,-39.534441119745765,28854,15,14098,-13.415653653184476,42157,,15269
,0,,32259,14610,6.0,2022.0,0,0,-39.64886237035165,31695,21,14038,-13.274641536342337,32207,,14250
,0,,49291,15625,4.0,2022.0,0,0,-39.371790775988416,26887,15,13788,-13.300292437723487,38809,,14946
,0,,32854,14663,4.0,2022.0,0,0,-39.61854023547532,25990,15,13760,-13.393316242522806,29806,,13927
,0,,36466,14441,6.0,2022.0,0,0,-39.46964384352136,30368,21,13876,-13.35497693095193,34696,,14305
,0,,44996,14931,4.0,2022.0,0,0,-39.56124608168934,32623,15,13997,-13.3021454103892,37959,,14382
,0,,37630,15011,4.0,2022.0,0,0,-39.93451865037463,24755,15,12948,-13.387851866479716,33374,,14462
,0,,48847,16063,4.0,2022.0,0,0,-40.01829070448519,30492,15,14124,-13.56697992710713,44659,,15635
,0,,47278,16034,4.0,2022.0,0,0,-39.927315479034995,32497,15,14627,-13.51252115853822,43289,,15679
,0,,44885,15023,4.0,2022.0,0,0,-39.89584392859123,28055,15,13002,-13.444773237671138,33669,,14466
,0,,43913,15338,4.0,2022.0,0,0,-39.954252870561774,28481,15,13610,-13.359894769155813,36404,,14860
,0,,38536,15578,4.0,2022.0,0,0,-39.87371792857674,32268,15,14588,-13.336502680767897,34908,,15131
,0,,41151,15023,4.0,2022.0,0,0,-39.69145297798553,27856,15,13457,-13.377060787224337,33161,,14286
,0,,46773,15693,4.0,2022.0,0,0,-39.67656040783306,29844,15,14073,-13.409795132629716,39870,,15630
,0,,38714,14984,4.0,2022.0,0,0,-39.94710970914601,29936,15,13655,-13.490547555422868,35884,,14480
,0,,50859,15782,4.0,2022.0,0,0,-39.92691457226455,25062,15,13455,-13.612306452933506,42321,,15572
,0,,47493,15914,4.0,2022.0,0,0,-39.86240903902211,28612,15,13357,-13.560121750796045,40459,,15370
,0,,45216,15354,4.0,2022.0,0,0,-39.91950934669409,32583,15,14021,-13.550036169272984,41673,,14894
,0,,41990,15303,4.0,2022.0,0,0,-40.015260657611094,26474,15,13559,-13.383030353161887,35917,,14668
,0,,45048,15178,4.0,2022.0,0,0,-39.963432079997595,24992,15,13211,-13.380563371397416,36521,,14786
,0,,38502,14526,4.0,2022.0,0,0,-39.99707443311873,25050,15,12096,-13.290845930558193,34914,,13641
,0,,40059,15321,4.0,2022.0,0,0,-39.86868799391501,20634,15,12850,-13.591545616039832,33654,,14650
,0,,42626,15391,4.0,2022.0,0,0,-39.76515670145337,24316,15,13179,-13.415648070720598,40279,,15071
,0,,33804,14091,4.0,2022.0,0,0,-39.91525367464073,27758,15,12855,-13.532531865163312,31109,,13830
,0,,41497,14813,4.0,2022.0,0,0,-39.69092361524259,22423,15,12628,-13.360545245619354,36206,,14429
,0,,38180,15044,6.0,2022.0,0,0,-39.85298770081867,26607,21,13886,-13.62709981873658,34183,,14702
,0,,50880,15869,6.0,2022.0,0,0,-39.728262843389416,28549,21,14278,-13.398464367749872,41130,,15389
,0,,42305,15506,6.0,2022.0,0,0,-39.83984468305429,33782,21,14635,-13.424199615374382,38033,,15114
,0,,37948,15273,6.0,2022.0,0,0,-39.87629588939493,23244,21,13787,-13.437027328481129,34555,,14934
,0,,48923,15890,6.0,2022.0,0,0,-39.846577838747116,30502,21,13701,-13.431227047876364,42004,,15115
,0,,42784,13906,6.0,2022.0,0,0,-39.804106814086246,32249,21,13568,-13.42843655867508,33403,,13876
,0,,33633,14254,6.0,2022.0,0,0,-40.02140585929005,27181,21,13090,-13.274644023311673,29891,,13786
,0,,33913,14013,6.0,2022.0,0,0,-40.3462554492652,31399,21,13449,-13.359362166082702,31637,,13538
,0,,34378,13925,4.0,2022.0,0,0,-40.11021797074566,31810,15,13325,-13.42765404675796,35336,,13863
,0,,50254,15478,4.0,2022.0,0,0,-40.17966776425231,36865,15,14417,-13.6134240588264,43300,,15105
,0,,43219,15057,4.0,2022.0,0,0,-40.12386636221321,32101,15,13420,-13.41646394129366,38273,,14553
,0,,38301,14325,4.0,2022.0,0,0,-40.38923878886629,27108,15,13272,-13.627404941234747,36128,,14308
,0,,41914,15004,4.0,2022.0,0,0,-40.15704043759078,32438,15,13819,-13.360584561955005,36404,,14466
,0,,45645,15603,4.0,2022.0,0,0,-40.192256814120526,31177,15,13840,-13.409850491684516,35978,,14699
,0,,38637,14529,4.0,2022.0,0,0,-40.12091323230551,26086,15,13171,-13.421958660862156,37846,,14386
,0,,34272,14111,4.0,2022.0,0,0,-40.08702940254681,24336,15,12850,-13.30146247466269,32047,,14042
,0,,45308,15245,4.0,2022.0,0,0,-40.073543108555725,30381,15,13889,-13.380545246032874,36268,,14803
,0,,50181,15436,4.0,2022.0,0,0,-40.27047901276008,33000,15,13795,-13.612314634358466,40547,,14778
,0,,46380,15606,4.0,2022.0,0,0,-40.17029686184515,38582,15,14642,-13.512528069067619,42435,,15319
,0,,51602,15699,4.0,2022.0,0,0,-40.23144507933801,35349,15,14098,-13.571539504022892,43436,,15109
,0,,48893,15361,4.0,2022.0,0,0,-40.153348848878615,28422,15,13526,-13.560112252554159,45140,,15128
,0,,42311,14974,4.0,2022.0,0,0,-40.07057531284057,19318,15,12114,-13.44473127814909,37445,,14777
,0,,50913,15466,4.0,2022.0,0,0,-40.191306930913925,35628,15,14486,-13.591544363311872,40310,,14950
,0,,49877,15755,4.0,2022.0,0,0,-40.16779012473865,36365,15,14881,-13.553952409408998,43356,,15502
,0,,43748,15167,4.0,2022.0,0,0,-40.20862291508303,33266,15,14364,-13.571825672039155,41397,,15044
,0,,48282,15720,6.0,2022.0,0,0,-40.124050776115844,30422,21,14124,-13.300292459133551,40297,,15205
,0,,32563,14491,4.0,2022.0,0,0,-40.08528772077896,24988,15,13090,-13.522238123072185,29292,,13822
,0,,33128,14447,4.0,2022.0,0,0,-40.26908445221243,23000,15,12800,-13.346870353738222,31287,,14010
,0,,33315,14297,6.0,2022.0,0,0,-40.31559615647506,29599,21,12653,-13.336487513692285,31603,,13545
,0,,34710,14726,4.0,2022.0,0,0,-40.09498142476454,29905,15,13983,-13.300975367963758,31966,,14224
,0,,35882,14815,4.0,2022.0,0,0,-40.28973949602395,30195,15,13732,-13.547796833821481,33458,,14355
,0,,38200,15200,4.0,2022.0,0,0,-40.39824565764431,28409,15,13643,-13.282656876746364,33282,,14385
,0,,35758,15068,6.0,2022.0,0,0,-40.16796015600175,27857,21,13731,-13.490561017276978,32045,,14745
,0,,35880,14766,4.0,2022.0,0,0,-40.11294929402496,26775,15,13506,-13.424642121005645,35870,,14622
,0,,46062,16241,6.0,2022.0,0,0,-40.311645418277735,30831,21,14756,-13.433389498853805,41110,,15746
,0,,39065,15207,4.0,2022.0,0,0,-40.31620169095336,27269,15,13360,-13.567020996612616,33724,,14541
,0,,45678,15838,4.0,2022.0,0,0,-40.24430256387072,33143,15,14698,-13.282503653759454,38342,,15420
,0,,41133,15364,4.0,2022.0,0,0,-40.22122118520091,28212,15,13510,-13.6384311840544,38865,,14849
,0,,43965,15701,4.0,2022.0,0,0,-40.31883252664051,30415,15,14454,-13.475413728763481,37732,,15146
,0,,39756,15163,4.0,2022.0,0,0,-40.32054451428657,31952,15,13966,-13.530248833908853,36090,,14734
,0,,40879,15202,4.0,2022.0,0,0,-40.40112240116483,26901,15,13523,-13.274641525004158,36991,,14819
,0,,41158,15252,4.0,2022.0,0,0,-40.31350610280503,29224,15,13739,-13.302145407253024,39736,,14750
,0,,40842,15268,4.0,2022.0,0,0,-40.13942831163797,35637,15,14368,-13.413530778770788,39596,,15155
,0,,37497,14780,4.0,2022.0,0,0,-40.28631543002564,22130,15,12670,-13.621285429741421,32208,,14415
,0,,49016,16019,4.0,2022.0,0,0,-40.15779645078877,25358,15,13922,-13.278688062096954,40903,,15707
,0,,45997,15689,4.0,2022.0,0,0,-40.36296057523006,30457,15,14037,-13.553802106385662,35671,,14751
,0,,38303,14787,4.0,2022.0,0,0,-40.232523330801335,26625,15,13522,-13.398492121800903,35502,,14527
,0,,43752,15498,6.0,2022.0,0,0,-40.6923316657786,24695,21,13378,-13.567021028908949,30410,,14296
,0,,42161,15443,4.0,2022.0,0,0,-40.735021724513,22870,15,12912,-13.509020254751256,28544,,13965
,0,,37987,15133,4.0,2022.0,0,0,-40.746115488973096,24389,15,12802,-13.424157738238481,28467,,14134
,0,,38579,15265,6.0,2022.0,0,0,-40.4153562032053,28122,21,13487,-13.320926824089454,31019,,14144
,0,,44732,15660,4.0,2022.0,0,0,-40.55579776596845,26615,15,13640,-13.613424072021385,32763,,14542
,0,,51986,15950,4.0,2022.0,0,0,-40.49718824798072,31867,15,14014,-13.31886039562839,40735,,15137
,0,,38883,14409,4.0,2022.0,0,0,-40.783877367847616,27175,15,12967,-13.550493225279233,29084,,13381
,0,,41809,15338,4.0,2022.0,0,0,-40.611540463538006,24381,15,12716,-13.461378963417602,29496,,14062
,0,,42529,15362,6.0,2022.0,0,0,-40.77725235927302,26281,21,13309,-13.274641525632292,33226,,14512
,0,,37371,14466,4.0,2022.0,0,0,-40.77437561633152,27182,15,13034,-13.28265687819703,32965,,14096
,0,,37734,14377,4.0,2022.0,0,0,-40.782129608204954,24377,15,12336,-13.605500550306557,27878,,13229
,0,,40552,15036,4.0,2022.0,0,0,-40.665869476048066,28983,15,13251,-13.547796859807477,32649,,14102
,0,,44955,15142,4.0,2022.0,0,0,-40.66102085548163,27371,15,13349,-13.289164768533155,33597,,14268
,0,,30967,14562,4.0,2022.0,0,0,-40.69667448825179,22740,15,12475,-13.530248862274597,26920,,13988
,0,,46195,15650,6.0,2022.0,0,0,-40.68963607816883,23477,21,13141,-13.302145401528303,31637,,14527
,0,,45199,15356,4.0,2022.0,0,0,-40.744357491514286,23579,15,12885,-13.397454414444704,32328,,14363
,0,,40484,14847,4.0,2022.0,0,0,-40.71301576016074,24799,15,13411,-13.354777670186122,33826,,14334
,0,,34779,14451,4.0,2022.0,0,0,-40.74693022701625,17813,15,11688,-13.39331623617881,31094,,14199
,0,,39196,14789,4.0,2022.0,0,0,-40.76919888200919,24862,15,12929,-13.29083351812518,30014,,14070
,0,,42529,15995,4.0,2022.0,0,0,-40.439273425862645,31856,15,15118,-13.631543106977428,39337,,15332
,0,,45916,15019,4.0,2022.0,0,0,-40.59507560465088,31843,15,13647,-13.271888423631026,38371,,14497
,0,,39429,14725,4.0,2022.0,0,0,-40.53314232658195,30117,15,13774,-13.545933081509395,34695,,14216
,0,,36241,14336,4.0,2022.0,0,0,-40.662445410728225,21853,15,11819,-13.62128546190031,26455,,12858
,0,,49132,16118,4.0,2022.0,0,0,-40.57642349958829,31287,15,13852,-13.550045346340356,36360,,14920
,0,,42518,14951,4.0,2022.0,0,0,-40.69496250094771,24360,15,12524,-13.47541374893149,29649,,13563
,0,,41095,14019,4.0,2022.0,0,0,-40.55032019132067,31059,15,13103,-13.377103688803059,35067,,13507
,0,,48611,14921,4.0,2022.0,0,0,-40.66243584043591,35723,15,13483,-13.333514875919331,39765,,14242
,0,,46521,15586,4.0,2022.0,0,0,-40.54642686540323,32362,15,14050,-13.512528071363366,36991,,14901
,0,,42048,14745,4.0,2022.0,0,0,-40.567436930333685,31555,15,13521,-13.591544376478385,34429,,13871
,0,,37681,14584,4.0,2022.0,0,0,-39.418041102565184,21512,15,12240,-12.765461170604114,31140,,13978
,0,,37019,14376,4.0,2022.0,0,0,-39.63698020646858,24265,15,12828,-12.880384818132196,31729,,13764
,0,,32079,14442,4.0,2022.0,0,0,-39.35207351840632,25770,15,13293,-12.556862987887342,28015,,13935
,0,,33284,14238,4.0,2022.0,0,0,-39.56333762935683,20806,15,11845,-12.589353408503277,26112,,13261
,0,,34903,14047,4.0,2022.0,0,0,-39.321285501965946,21950,15,12087,-12.633429535382689,31252,,13549
,0,,31803,14607,4.0,2022.0,0,0,-39.53263140031108,23515,15,12813,-12.542011962281547,28021,,13971
,0,,36657,14588,4.0,2022.0,0,0,-39.34272368120399,26101,15,12972,-12.553828397040869,32253,,14108
,0,,36598,14736,4.0,2022.0,0,0,-39.5168270067544,23702,15,12726,-12.599739581963716,27722,,13406
,0,,38636,14852,4.0,2022.0,0,0,-39.58462725486096,24038,15,12532,-12.60765105635291,29529,,13884
,0,,37335,15023,4.0,2022.0,0,0,-39.53404770287508,22115,15,12568,-12.586379159701007,26144,,13360
,0,,34508,14045,4.0,2022.0,0,0,-39.63285115681719,22385,15,12103,-12.568131315106495,27966,,13227
,0,,33184,14463,4.0,2022.0,0,0,-39.532242303898286,21799,15,12390,-12.716367711809836,24776,,13047
,0,,34948,14680,4.0,2022.0,0,0,-39.64886237895438,18372,15,11349,-12.52748599313686,29382,,13693
,0,,31727,13780,4.0,2022.0,0,0,-39.64080897938643,22775,15,11999,-12.543683929813861,27878,,13283
,0,,31496,13899,4.0,2022.0,0,0,-39.64598566375569,21322,15,11692,-12.53550432640205,27811,,13113
,0,,38833,15382,4.0,2022.0,0,0,-39.63153526778001,21263,15,12667,-12.68408081877922,29234,,14137
,0,,32122,13692,4.0,2022.0,0,0,-39.37161116513384,23389,15,12659,-12.669360773129078,29748,,13239
,0,,34058,14079,4.0,2022.0,0,0,-39.36880153954691,21961,15,12497,-12.571719719034473,28463,,13647
,0,,39104,15009,4.0,2022.0,0,0,-39.46964763205011,21337,15,12392,-12.607849065441545,29098,,13878
,0,,34262,14420,4.0,2022.0,0,0,-39.44822823113183,25299,15,13173,-12.58830422227566,27230,,13436
,0,,38884,14602,4.0,2022.0,0,0,-39.291299810967864,27175,15,13542,-12.612730368548185,32116,,14205
,0,,40215,15240,4.0,2022.0,0,0,-39.3717927753577,24304,15,12947,-12.553144543994836,33465,,14267
,0,,38629,15199,4.0,2022.0,0,0,-39.55938926381436,22268,15,13088,-12.686292633443921,30442,,14244
,0,,37685,14417,4.0,2022.0,0,0,-39.29969484633809,28998,15,13214,-12.640696172463727,32661,,13805
,0,,34010,14775,4.0,2022.0,0,0,-39.61772701865571,22419,15,12732,-12.67705871500575,27863,,14278
,0,,35553,14610,4.0,2022.0,0,0,-39.49204300388496,26595,15,13366,-12.535347923334644,32497,,14287
,0,,34969,14715,4.0,2022.0,0,0,-39.63465007858937,21634,15,12787,-12.809084353307048,29996,,14283
,0,,34952,14840,4.0,2022.0,0,0,-39.29332962189928,20238,15,11958,-12.559791852643757,30890,,14252
,0,,38084,14638,4.0,2022.0,0,0,-39.534056805561264,24789,15,12825,-12.874260535867451,32371,,14016
,0,,37266,14933,4.0,2022.0,0,0,-39.609895551225954,25345,15,12672,-12.81305482009448,32323,,14181
,0,,34455,14874,4.0,2022.0,0,0,-39.334771754224285,28466,15,13863,-12.554315908095715,33001,,14599
,0,,40200,15262,4.0,2022.0,0,0,-39.56124680556969,25983,15,13521,-12.554998038335354,32712,,14478
,0,,38945,15394,4.0,2022.0,0,0,-39.55524166316323,24711,15,13394,-12.78138256175497,32117,,14757
,0,,36156,14830,4.0,2022.0,0,0,-39.40478585853984,26667,15,13511,-12.613459303131018,31496,,14400
,0,,34069,14323,4.0,2022.0,0,0,-39.60747423012404,24709,15,12766,-12.858138690723159,30501,,13756
,0,,36650,14633,4.0,2022.0,0,0,-39.60330100164688,26232,15,13159,-12.811546969821975,31933,,13921
,0,,34821,14212,4.0,2022.0,0,0,-39.51822080548927,25375,15,12981,-12.865286106650068,30392,,13984
,0,,44496,15636,4.0,2022.0,0,0,-39.43618949781165,28667,15,14494,-12.607756470539734,42322,,15523
,0,,34830,14275,4.0,2022.0,0,0,-39.59330962984127,28589,15,13383,-12.894556793004616,33339,,13955
,0,,39171,14691,4.0,2022.0,0,0,-39.65374007964858,27097,15,13461,-12.85847254385338,34066,,14299
,0,,38434,15031,6.0,2022.0,0,0,-39.56829012147659,24960,21,13027,-12.783189435437297,30724,,14516
,0,,41456,15743,6.0,2022.0,0,0,-39.61070383445732,28679,21,14323,-12.806752813430805,34382,,15144
,0,,38066,15551,6.0,2022.0,0,0,-39.42740883091433,28402,21,14490,-12.866395928255383,36028,,15226
,0,,42846,14721,4.0,2022.0,0,0,-39.704448530959645,24202,15,12867,-12.855411798521647,34126,,14304
,0,,40823,14401,4.0,2022.0,0,0,-39.83248375529453,26677,15,12981,-12.775212420426064,32768,,13578
,0,,35852,14718,4.0,2022.0,0,0,-40.01183318220226,24745,15,12650,-12.536382664625622,28533,,13603
,0,,37503,14554,4.0,2022.0,0,0,-39.695062336615,24046,15,12561,-12.813047161678766,30542,,13791
,0,,35415,14451,4.0,2022.0,0,0,-39.6914521736244,22930,15,12590,-12.629943936788976,27538,,13304
,0,,47616,15286,4.0,2022.0,0,0,-39.97762076405977,30500,15,13381,-12.669347763141166,33366,,14334
,0,,40882,14533,4.0,2022.0,0,0,-39.95424734227819,24868,15,12775,-12.61276998115001,30309,,13513
,0,,44065,15114,4.0,2022.0,0,0,-40.018290382296065,22459,15,12258,-12.819936688951392,27458,,13432
,0,,40381,14589,4.0,2022.0,0,0,-39.89583726239144,24496,15,12603,-12.697680192079016,28066,,13165
,0,,36814,14263,4.0,2022.0,0,0,-39.8465707083878,27014,15,12894,-12.684128541242249,31260,,13587
,0,,47816,15429,4.0,2022.0,0,0,-39.688810282904555,21726,15,12318,-12.553812432577923,32642,,14250
,0,,37888,14612,4.0,2022.0,0,0,-39.86966951809591,24739,15,12474,-12.791006453409912,29600,,13451
,0,,33603,13997,4.0,2022.0,0,0,-39.718579344469276,23726,15,12764,-12.553132145411894,26728,,13189
,0,,32845,14318,4.0,2022.0,0,0,-39.93370029779258,20414,15,11851,-12.87425389232458,25893,,13294
,0,,34214,14503,4.0,2022.0,0,0,-39.695113160653904,21615,15,12092,-12.556846359133036,28628,,13558
,0,,34494,14012,4.0,2022.0,0,0,-39.947106452884995,22082,15,12126,-12.743472914260808,26621,,12707
,0,,33593,14259,4.0,2022.0,0,0,-39.765153068181576,20998,15,11924,-12.668544263504304,28470,,13447
,0,,37552,14928,4.0,2022.0,0,0,-39.876287997315636,20484,15,12150,-12.689931144566094,26766,,13275
,0,,41366,14781,4.0,2022.0,0,0,-39.77223209439354,20376,15,11751,-12.68629641299636,29023,,13109
,0,,39955,14645,4.0,2022.0,0,0,-40.02334011335134,21353,15,12259,-12.858115181354092,29235,,13635
,0,,38197,14729,4.0,2022.0,0,0,-39.702219602048494,21039,15,12323,-12.80674955305588,28634,,13964
,0,,43676,15644,4.0,2022.0,0,0,-39.93451245570747,21130,15,12762,-12.640737447177681,30287,,14371
,0,,30944,14374,4.0,2022.0,0,0,-39.690922947771256,19734,15,11837,-12.61342205480696,28096,,13650
,0,,48171,15312,4.0,2022.0,0,0,-40.009521461688756,22731,15,12812,-12.559802217592793,34913,,14514
,0,,45384,15242,4.0,2022.0,0,0,-39.99614241353479,22771,15,12859,-12.66639805376373,34134,,14106
,0,,38340,15359,4.0,2022.0,0,0,-39.67626605872139,23158,15,12363,-12.658166865646159,27556,,13872
,0,,36905,14608,4.0,2022.0,0,0,-39.98907807346652,20722,15,12077,-12.573815700565165,27988,,13505
,0,,33003,14185,4.0,2022.0,0,0,-39.919506723606524,22442,15,12140,-12.802983942958893,27220,,13316
,0,,37529,15338,4.0,2022.0,0,0,-40.0112134349557,22067,15,12578,-12.800701265138672,27692,,14124
,0,,40666,15288,4.0,2022.0,0,0,-39.682112843337606,22232,15,12409,-12.586002284425826,30519,,14033
,0,,40167,14439,4.0,2022.0,0,0,-39.92731206280289,22436,15,12132,-12.765454611302262,30373,,13523
,0,,45837,15180,4.0,2022.0,0,0,-39.70809105293003,24360,15,13102,-12.620826608999407,32121,,14302
,0,,34710,14501,4.0,2022.0,0,0,-39.72806927603706,19769,15,11966,-12.607732298244768,30837,,13854
,0,,39524,14653,4.0,2022.0,0,0,-39.667829886820854,21422,15,12296,-12.714232236001749,32690,,13950
,0,,37369,15398,4.0,2022.0,0,0,-39.73709508333369,25378,15,13532,-12.728327263320073,31577,,14777
,0,,42611,15451,4.0,2022.0,0,0,-39.689990358885204,21882,15,12706,-12.8115330488909,32887,,14571
,0,,37680,15021,4.0,2022.0,0,0,-39.71481747094063,23373,15,12978,-12.716341760008564,32460,,14586
,0,,36557,15081,4.0,2022.0,0,0,-39.73893518514899,28972,15,13920,-12.825963495234587,32905,,14648
,0,,40989,15244,4.0,2022.0,0,0,-39.85674019069622,22839,15,13063,-12.53534857323315,36625,,14918
,0,,42292,15931,4.0,2022.0,0,0,-39.963427530684285,20314,15,12749,-12.633446750877676,32649,,14805
,0,,33296,14455,6.0,2022.0,0,0,-39.85132164210273,26838,21,13532,-12.89141246816291,31318,,14034
,0,,41841,15570,6.0,2022.0,0,0,-39.69311163026259,26600,21,13680,-12.858490068132804,33503,,14807
,0,,37779,14709,6.0,2022.0,0,0,-39.74327960902528,27216,21,13796,-12.761967339087196,33568,,14396
,0,,41023,15663,6.0,2022.0,0,0,-39.758569478798215,29949,21,14566,-12.827404205595158,35846,,15330
,0,,37681,15108,6.0,2022.0,0,0,-39.72380316407831,24213,21,13408,-12.809105476130068,32340,,14485
,0,,38994,14907,6.0,2022.0,0,0,-39.70013846025351,25543,21,13177,-12.884532079420701,34192,,14341
,0,,33237,13617,4.0,2022.0,0,0,-39.7503095649592,23133,15,12226,-12.803489730690254,28741,,13034
,0,,36213,14130,4.0,2022.0,0,0,-39.81484867477527,24176,15,12566,-12.761435121178769,30014,,13002
,0,,36092,14060,4.0,2022.0,0,0,-39.6969086242471,27237,15,12940,-12.571697213053282,32175,,13639
,0,,33717,14238,4.0,2022.0,0,0,-39.842059134700115,26645,15,12981,-12.524728589544528,28734,,13392
,0,,34203,13687,4.0,2022.0,0,0,-39.864964321059254,22730,15,12105,-12.65038332185888,28877,,13200
,0,,36134,14429,4.0,2022.0,0,0,-39.72826076091774,26273,15,12620,-12.651354711850978,29098,,13320
,0,,42738,14836,4.0,2022.0,0,0,-40.0104697945462,22156,15,12035,-12.535511632098615,32005,,13393
,0,,30198,14040,4.0,2022.0,0,0,-39.68356247619043,22021,15,12430,-12.783156743733231,28062,,13601
,0,,40795,15101,4.0,2022.0,0,0,-39.915250452870495,26433,15,13320,-12.785472838563585,33273,,14453
,0,,46191,16177,6.0,2022.0,0,0,-40.07626846517906,25844,21,13558,-12.884532053500594,34644,,15198
,0,,37918,15488,4.0,2022.0,0,0,-40.211113535793366,20065,15,12020,-12.866399296436226,27386,,14123
,0,,45778,15637,4.0,2022.0,0,0,-40.271967281999196,22413,15,12975,-12.697680178690273,31564,,14280
,0,,53719,15606,4.0,2022.0,0,0,-40.397535580724686,28376,15,13827,-12.527488354108607,41033,,15085
,0,,44492,15531,4.0,2022.0,0,0,-40.28230330839982,23139,15,12856,-12.555006623166461,28114,,13919
,0,,46165,15710,4.0,2022.0,0,0,-40.13065354923853,26701,15,13804,-12.86535746067771,36374,,14970
,0,,41033,15335,4.0,2022.0,0,0,-40.22911695233858,20491,15,12522,-12.880076711247609,26923,,13851
,0,,31910,14746,4.0,2022.0,0,0,-40.073589182104755,20326,15,12352,-12.895586348575467,26550,,13915
,0,,45411,15107,4.0,2022.0,0,0,-40.20805790601436,19712,15,11840,-12.73282703380784,29916,,14034
,0,,44941,15513,4.0,2022.0,0,0,-40.22270072429955,23969,15,12908,-12.68412853019219,33449,,14475
,0,,46361,15553,4.0,2022.0,0,0,-40.244815895414,23226,15,12801,-12.844508864855067,32777,,14257
,0,,41989,15459,4.0,2022.0,0,0,-40.296271615338036,26615,15,13741,-12.786571222171602,38300,,15100
,0,,39006,15111,4.0,2022.0,0,0,-40.04846849576582,21923,15,12287,-12.781338380545092,28684,,13592
,0,,42005,14527,4.0,2022.0,0,0,-40.39947014253917,23678,15,12813,-12.85811517002161,30214,,13567
,0,,40336,15003,4.0,2022.0,0,0,-40.21596812685204,22415,15,12479,-12.677098399986036,27212,,13209
,0,,42414,15392,4.0,2022.0,0,0,-40.25918951579035,23651,15,12846,-12.80690506070441,32875,,14488
,0,,40119,14686,4.0,2022.0,0,0,-40.18023141241001,18944,15,11824,-12.681337164466244,27002,,13495
,0,,42099,14600,4.0,2022.0,0,0,-40.135805097454806,24448,15,12762,-12.588290920750941,36200,,14296
,0,,50332,15800,4.0,2022.0,0,0,-40.15019377971641,31173,15,13993,-12.531529335623036,39235,,14870
,0,,44175,14841,4.0,2022.0,0,0,-40.07303862892983,28134,15,13454,-12.571697237193234,37615,,14343
,0,,42300,14981,4.0,2022.0,0,0,-40.126439573642045,21338,15,12062,-12.803489709303822,32951,,14018
,0,,42795,14901,4.0,2022.0,0,0,-40.192899383851795,24944,15,13028,-12.599741628019009,32415,,13993
,0,,37375,14385,4.0,2022.0,0,0,-40.09993317077264,21552,15,12146,-12.809105456583488,30194,,13524
,0,,44512,15295,4.0,2022.0,0,0,-40.24579953573833,21886,15,12226,-12.791006436870932,27766,,13469
,0,,39633,14234,4.0,2022.0,0,0,-40.06494028698028,24254,15,12422,-12.553812460657033,35424,,13922
,0,,46002,14824,4.0,2022.0,0,0,-40.13756662779972,28455,15,13069,-12.60783531445086,37087,,14135
,0,,37691,14259,4.0,2022.0,0,0,-40.30344208477629,25297,15,12878,-12.765454597813994,29447,,13462
,0,,36479,14578,4.0,2022.0,0,0,-40.071243165201615,23665,15,12704,-12.556846386015318,32594,,14092
,0,,40958,15159,4.0,2022.0,0,0,-40.266752671395245,22914,15,12694,-12.542015486599432,30779,,14046
,0,,44865,15487,4.0,2022.0,0,0,-40.291380473937636,21963,15,12274,-12.78547282412103,30800,,14251
,0,,46458,15352,4.0,2022.0,0,0,-40.241094338354316,23180,15,12169,-12.650383314663355,30467,,13861
,0,,36262,14990,4.0,2022.0,0,0,-40.218189150294265,24505,15,13419,-12.524728606519993,28205,,13949
,0,,32579,14305,4.0,2022.0,0,0,-40.25241801545535,24808,15,13227,-12.689931130500081,28296,,13871
,0,,38210,14736,4.0,2022.0,0,0,-40.078349607124416,21370,15,12276,-12.806749536192816,26041,,13178
,0,,36895,14272,4.0,2022.0,0,0,-40.19097868830204,24035,15,12637,-12.761435102901391,32485,,13669
,0,,39728,14643,4.0,2022.0,0,0,-40.33955755537071,26343,15,13491,-12.63344674181117,32097,,14060
,0,,45682,15120,4.0,2022.0,0,0,-40.08422105845213,25487,15,12843,-12.620826623509569,32962,,13868
,0,,37533,14823,4.0,2022.0,0,0,-40.40653527564615,23960,15,12722,-12.880373349902046,28558,,13577
,0,,45614,15251,4.0,2022.0,0,0,-40.33459440302957,32207,15,13775,-12.677542342651499,39689,,14695
,0,,42903,14584,4.0,2022.0,0,0,-40.06705295200269,25986,15,12726,-12.61342207239864,30709,,13370
,0,,40226,14776,4.0,2022.0,0,0,-40.067582177895346,26790,15,13254,-12.629943951482746,32054,,13877
,0,,45407,15201,4.0,2022.0,0,0,-40.29563674499444,31734,15,13543,-12.802983928321359,35965,,14307
,0,,39019,14553,4.0,2022.0,0,0,-40.056494242279584,26044,15,12772,-12.554298783292488,30264,,13617
,0,,40105,14681,4.0,2022.0,0,0,-40.10419928306201,25817,15,12894,-12.607732312889992,31418,,13759
,0,,44959,15166,4.0,2022.0,0,0,-40.30304375358485,27124,15,13174,-12.865278299883938,35308,,14263
,0,,41735,14685,4.0,2022.0,0,0,-40.365208100080004,23753,15,12520,-12.57381569390079,32394,,13958
,0,,41223,14848,4.0,2022.0,0,0,-40.1412830779868,26197,15,12879,-12.668544263762564,34886,,14098
,0,,35204,13895,4.0,2022.0,0,0,-40.080578536198665,21195,15,11679,-12.855411773422333,27235,,12985
,0,,38653,14856,4.0,2022.0,0,0,-40.090947476963834,24879,15,12933,-12.71634175737294,28407,,13379
,0,,42206,14538,4.0,2022.0,0,0,-40.11506519297721,24413,15,12740,-12.825963472267865,27651,,13237
,0,,34674,14184,4.0,2022.0,0,0,-40.24984461372905,20585,15,11616,-12.589367781099071,26136,,12865
,0,,37055,14576,4.0,2022.0,0,0,-40.25649130971413,24553,15,12543,-12.798885628115881,27382,,13334
,0,,39640,14752,4.0,2022.0,0,0,-40.117451862622794,25990,15,12661,-12.868888915765638,29622,,13764
,0,,36844,14264,4.0,2022.0,0,0,-40.11322509102949,23499,15,12442,-12.728327256261588,27331,,13264
,0,,40558,14688,4.0,2022.0,0,0,-40.06612036304437,22881,15,12415,-12.811533032503132,25650,,12938
,0,,34561,14184,4.0,2022.0,0,0,-40.043959889316056,20686,15,11617,-12.714232238703696,26555,,13073
,0,,36029,14002,4.0,2022.0,0,0,-40.069241634653864,23804,15,12584,-12.858490043334388,29493,,13261
,0,,32338,13998,4.0,2022.0,0,0,-40.227451658372175,23968,15,12444,-12.89141244864697,27857,,13214
,0,,44223,14907,4.0,2022.0,0,0,-40.058242846908215,27592,15,13163,-12.586002307673557,34269,,13901
,0,,36312,14389,4.0,2022.0,0,0,-40.05969247986698,23374,15,12321,-12.783156732906859,29459,,13357
,0,,35089,13994,4.0,2022.0,0,0,-40.09470935078414,25162,15,12547,-12.553132170466387,29683,,13242
,0,,35234,13643,4.0,2022.0,0,0,-40.41025790534759,22789,15,12033,-12.710789753384725,30942,,13253
,0,,48801,15844,4.0,2022.0,0,0,-39.84281557696564,30003,15,14493,-13.645360536487722,40377,,15196
,0,,41813,15743,6.0,2022.0,0,0,-39.81517592713233,22598,21,13967,-13.964954890441463,30891,,14688
,0,,45931,15490,4.0,2022.0,0,0,-39.94441166575143,27790,15,13883,-13.903670741733075,40774,,15253
,0,,36949,15232,6.0,2022.0,0,0,-39.80826226157172,30551,21,14584,-13.90705876437749,34220,,14979
,0,,42047,15686,4.0,2022.0,0,0,-39.99385473425786,20521,15,12667,-13.797599424108652,36330,,15021
,0,,32586,14883,4.0,2022.0,0,0,-39.66196799322738,26346,15,13604,-13.975821226447394,31332,,14389
,0,,44624,15305,4.0,2022.0,0,0,-39.66904615304864,34020,15,14450,-14.012281086118039,41724,,15090
,0,,42228,15555,4.0,2022.0,0,0,-39.982760228778616,23020,15,13174,-13.882445763176927,35338,,15042
,0,,41862,15102,4.0,2022.0,0,0,-39.970124734414256,25814,15,13378,-13.732816661672775,40900,,14795
,0,,42046,14829,4.0,2022.0,0,0,-39.76225088684416,30405,15,14160,-13.911470671472102,36154,,14370
,0,,43670,15029,4.0,2022.0,0,0,-39.93737571680612,28908,15,13447,-13.675611266006756,39336,,14468
,0,,43308,15322,4.0,2022.0,0,0,-39.79182770208903,28862,15,13718,-13.863990872571671,38172,,14923
,0,,38829,14594,4.0,2022.0,0,0,-39.935513455176775,25252,15,12918,-13.806830124647973,36481,,14256
,0,,38998,15176,4.0,2022.0,0,0,-39.82416162184118,24137,15,13377,-13.923463875011233,34590,,14690
,0,,39866,14826,4.0,2022.0,0,0,-39.73681724952143,28297,15,13741,-13.798084192964094,35828,,14566
,0,,40367,15124,4.0,2022.0,0,0,-40.022115610181785,28633,15,13958,-13.656125340054066,36387,,14869
,0,,43319,15178,4.0,2022.0,0,0,-39.96075501756693,31331,15,13992,-13.728233155852337,38049,,14759
,0,,44133,15243,4.0,2022.0,0,0,-39.99466963840842,31052,15,13850,-13.766763847459885,39307,,14768
,0,,39029,14769,4.0,2022.0,0,0,-39.91018470983194,32164,15,13926,-13.994690092058608,38888,,14569
,0,,40461,14739,4.0,2022.0,0,0,-39.69548009161435,27143,15,13485,-14.015999530555716,34355,,14361
,0,,39763,14640,4.0,2022.0,0,0,-39.93946538370503,29851,15,13613,-13.709946745895136,37465,,14484
,0,,40079,14775,4.0,2022.0,0,0,-39.81612316208895,24022,15,13139,-13.783295990028227,36245,,14474
,0,,34862,14011,4.0,2022.0,0,0,-39.73408602525723,33096,15,13501,-13.801095507819184,33001,,13778
,0,,38140,14829,4.0,2022.0,0,0,-39.763295429797346,23851,15,11973,-13.786975253068691,28234,,13065
,0,,36354,14735,4.0,2022.0,0,0,-40.031617246757044,23085,15,12829,-13.923909948572048,26835,,13678
,24027,,12219,6364,8.0,2022.0,65535,29908,-38.539039525218264,11255,33,4567,-12.986327652187162,11519,,5144
,26157,,11719,5664,8.0,2022.0,36312,37011,-38.5347063036385,11218,33,4603,-12.947394071049318,11577,,5365
,28066,,12136,6177,8.0,2022.0,65535,49126,-38.54106920500833,11298,33,4647,-12.933399368873049,11630,,5397
,31213,,12989,7225,8.0,2022.0,65535,55816,-38.569024296750285,11138,33,4184,-13.007023346642395,11703,,5368
,24192,,13721,7728,8.0,2022.0,65535,65535,-38.54743433127056,11232,33,4508,-13.01428822368284,12005,,6211
,65535,,12940,5847,8.0,2022.0,65535,65535,-38.85763387654309,11478,33,3203,-13.18661423646834,11809,,4179
,65535,,13594,6345,8.0,2022.0,65535,65535,-38.85844222430879,11610,33,3536,-13.180313430402393,12323,,4716
,65535,,12339,5566,8.0,2022.0,65535,65535,-38.94787901526778,11965,33,3806,-13.258077604466258,11805,,4332
,65535,,13275,6378,8.0,2022.0,65535,65535,-38.958639430995056,11729,33,3506,-13.301462487003253,11755,,4184
,14612,,14336,9150,8.0,2022.0,0,0,-38.99566079899557,13501,33,8254,-13.300292470979796,14010,,8424
,0,,37361,15407,0.0,2023.0,0,0,-38.89372568149277,26739,3,14546,-12.909116545289223,36605,,15447
,0,,38593,15849,0.0,2023.0,0,0,-38.88854897118663,25848,3,13225,-12.917294667903095,37418,,15660
,0,,41428,15943,0.0,2023.0,0,0,-38.89596559442162,23372,3,14156,-12.909986734706903,35399,,15728
,0,,37956,16018,0.0,2023.0,0,0,-38.89660241111129,25590,3,14036,-12.90109970178945,33236,,15771
,0,,35165,15787,0.0,2023.0,0,0,-38.9715453765119,18094,3,12538,-13.182665843438633,34714,,15728
,0,,43878,15941,0.0,2023.0,0,0,-38.96631958179274,33774,3,15046,-12.926741685542185,37482,,15543
,0,,38723,15746,0.0,2023.0,0,0,-38.92007892225076,27764,3,14320,-13.154903305382986,39122,,15641
,0,,42988,16227,0.0,2023.0,0,0,-38.93130325320922,35432,3,15409,-13.156721505813264,41166,,16036
,0,,36179,15507,0.0,2023.0,0,0,-38.92810435003567,24025,3,13929,-12.927907485425393,36130,,15347
,0,,44583,16103,0.0,2023.0,0,0,-39.00631182527609,29480,3,15082,-13.20096143080691,39803,,15896
,0,,46674,16145,0.0,2023.0,0,0,-39.175053786643275,22921,3,13562,-13.139023826123482,36924,,15747
,0,,43168,16021,0.0,2023.0,0,0,-39.07342159024197,37255,3,15541,-13.265292515856904,41439,,15919
,0,,40221,15979,0.0,2023.0,0,0,-39.05604340146904,33913,3,15474,-13.217387979780668,36518,,15675
,0,,44594,15915,0.0,2023.0,0,0,-39.05073287907848,26116,3,14417,-13.218670403348579,37507,,15724
,0,,38687,15431,0.0,2023.0,0,0,-39.17465416929974,23170,3,13613,-13.23882832732747,37543,,15201
,0,,36845,15686,0.0,2023.0,0,0,-39.18144059980873,26236,3,14366,-13.247802119038457,37668,,15683
,0,,37248,15375,0.0,2023.0,0,0,-39.06259228179189,34857,3,14562,-13.135005388872822,35694,,15195
,0,,38501,15438,0.0,2023.0,0,0,-39.130801167566375,21879,3,13536,-13.180466581692851,34857,,15158
,0,,35225,15809,0.0,2023.0,0,0,-39.22021147083623,30026,3,14949,-13.268099250149557,34189,,15562
,0,,44514,15672,0.0,2023.0,0,0,-39.12959751752738,34072,3,14831,-13.234221234739806,36212,,14855
,0,,51856,16417,0.0,2023.0,0,0,-39.365192868603344,28649,3,14780,-13.242437974551017,41910,,15817
,0,,46103,16417,0.0,2023.0,0,0,-39.47129585926471,28840,3,14980,-12.959990416062375,40642,,16261
,0,,45118,16377,0.0,2023.0,0,0,-39.65799790730982,20858,3,13472,-13.08436803097556,41253,,16042
,0,,36762,16085,0.0,2023.0,0,0,-39.32132926630622,33458,3,15579,-13.269129689864924,37614,,15910
,0,,41219,15991,0.0,2023.0,0,0,-39.296208896265114,35791,3,15437,-13.154903280706817,36701,,15624
,0,,46092,15937,0.0,2023.0,0,0,-39.4659291553049,31143,3,15087,-12.898344470218756,40892,,15773
,0,,41556,15919,0.0,2023.0,0,0,-39.486277294013256,37389,3,15345,-13.18663325071559,39979,,15711
,0,,43113,16048,0.0,2023.0,0,0,-39.557570584187665,30768,3,14703,-13.247802110558228,36443,,15780
,0,,45595,16041,0.0,2023.0,0,0,-39.449551570325916,36790,3,15611,-13.265292491897888,41163,,15930
,0,,40216,15887,0.0,2023.0,0,0,-39.52975406986326,19177,3,13129,-13.198333312647375,32998,,15592
,0,,39812,15260,0.0,2023.0,0,0,-39.488837411944964,26713,3,14126,-13.023974987439509,37468,,15014
,0,,38438,15374,1.0,2023.0,0,0,-39.601492341896034,24717,4,13652,-13.042934923613513,32113,,14589
,0,,35104,15151,1.0,2023.0,0,0,-39.80552069584316,22450,4,13137,-12.994456718888772,30433,,14451
,0,,41483,16000,1.0,2023.0,0,0,-39.824356610507024,29015,4,14202,-12.961907858229655,33836,,15118
,0,,36692,15267,1.0,2023.0,0,0,-39.86817277333396,27898,4,13840,-12.908961752288489,30839,,14267
,0,,34563,15212,1.0,2023.0,0,0,-39.91018610700285,24697,4,13654,-13.247808942449803,31650,,14792
,0,,42637,15776,1.0,2023.0,0,0,-39.722044734398,18274,4,12400,-13.23889351228618,34352,,15111
,0,,42185,15578,1.0,2023.0,0,0,-39.91057327063417,17552,4,11919,-13.042137563006081,32486,,14887
,0,,43759,16067,1.0,2023.0,0,0,-39.79806317669982,26709,4,14068,-13.00358011736243,35325,,15432
,0,,31255,15327,0.0,2023.0,0,0,-39.78088374128427,21394,3,13049,-13.172442099586267,30138,,14979
,0,,40984,15736,1.0,2023.0,0,0,-40.031617515340066,21456,4,13016,-13.177004608293846,36314,,15080
,0,,36088,15158,1.0,2023.0,0,0,-39.835328671203854,21301,4,12333,-13.253623979099906,32360,,14491
,0,,37541,15133,1.0,2023.0,0,0,-39.66945921072498,23972,4,13168,-12.933399373412128,31535,,14483
,0,,33000,14940,0.0,2023.0,0,0,-39.777220027483004,22912,3,13531,-13.186624028479688,31886,,14688
,0,,45010,15775,1.0,2023.0,0,0,-39.91361241388184,18603,4,12355,-13.17430622228712,37403,,15170
,0,,38585,15874,1.0,2023.0,0,0,-39.84509130584671,23771,4,13073,-13.264957790711058,30346,,15044
,0,,39005,15833,0.0,2023.0,0,0,-39.83249440512248,19157,3,12860,-13.198339466856687,34639,,15589
,0,,39020,15459,1.0,2023.0,0,0,-39.94007426820944,19161,4,12692,-13.193534302928942,35569,,15240
,0,,34934,15350,0.0,2023.0,0,0,-39.73408989629241,23430,3,13754,-13.05414072725745,30948,,14820
,0,,39213,15966,0.0,2023.0,0,0,-39.819789556180986,23567,3,13523,-13.265291936749025,34227,,15592
,0,,44293,16353,0.0,2023.0,0,0,-39.84463849939235,19866,3,13056,-13.234223495959286,38016,,16139
,0,,36709,15794,0.0,2023.0,0,0,-39.68701344057672,19504,3,12703,-13.258069693621158,31961,,15465
,0,,44286,16040,0.0,2023.0,0,0,-39.89434989891012,23387,3,13944,-13.238836329962526,40212,,15931
,0,,38995,16217,0.0,2023.0,0,0,-40.008981018349075,27390,3,14443,-12.94173749579961,33041,,15328
,0,,36178,16068,0.0,2023.0,0,0,-39.75009893474853,30463,3,14906,-13.218655745797475,34846,,15740
,0,,46715,16263,0.0,2023.0,0,0,-39.695480109368674,25753,3,14148,-13.269128531351233,41940,,15918
,0,,44560,16018,1.0,2023.0,0,0,-39.84599220411948,29768,4,14531,-13.084435474829228,39579,,15519
,0,,41378,15667,0.0,2023.0,0,0,-39.73682131792667,27103,3,13886,-13.051128190655403,36375,,15233
,0,,36004,15653,0.0,2023.0,0,0,-39.75411588248772,30809,3,14935,-13.217373948324672,34386,,15364
,0,,41062,16280,0.0,2023.0,0,0,-39.94441730903895,30259,3,14578,-13.156755100826723,38891,,15985
,0,,49247,16387,0.0,2023.0,0,0,-39.79166154524312,31091,3,14784,-13.180462907779436,40904,,16079
,0,,41325,15928,0.0,2023.0,0,0,-39.82416534869853,28077,3,14094,-13.176554953102292,35815,,15429
,0,,39759,16096,0.0,2023.0,0,0,-39.7091584417034,25500,3,14276,-13.148743328607518,37885,,15812
,0,,42837,15928,0.0,2023.0,0,0,-39.986023846045875,34946,3,14968,-13.186614229404057,39704,,15555
,0,,42228,15940,0.0,2023.0,0,0,-39.892955719729784,32484,3,14434,-12.973340932200434,37029,,15242
,0,,39235,15417,0.0,2023.0,0,0,-39.687839721720046,34720,3,14882,-13.200927249369103,37965,,15310
,0,,46749,15826,1.0,2023.0,0,0,-39.74773875819084,30739,4,13929,-13.042948320077791,39813,,15202
,0,,44283,15536,1.0,2023.0,0,0,-39.66742953116701,28363,4,13444,-12.986327657447161,36361,,14667
,0,,41919,16027,0.0,2023.0,0,0,-40.227451794861494,25590,3,14137,-13.264957769162072,34359,,15321
,0,,45692,16053,0.0,2023.0,0,0,-40.32883119541049,29050,3,14188,-13.054144286650565,39848,,15558
,0,,46103,16190,0.0,2023.0,0,0,-40.208616731853155,31998,3,14742,-13.148780063472126,40046,,15662
,0,,42831,15522,0.0,2023.0,0,0,-40.303044173362586,30850,3,14369,-13.238828317378616,35578,,14795
,0,,42758,15637,0.0,2023.0,0,0,-40.24580164371687,31492,3,14611,-13.164571042986198,36203,,15215
,0,,48683,16023,0.0,2023.0,0,0,-40.28201408749123,27828,3,14238,-13.198333311707719,41617,,15559
,0,,41141,16099,0.0,2023.0,0,0,-40.20181157906839,27677,3,14551,-13.265292506154225,36989,,15595
,0,,45651,15903,0.0,2023.0,0,0,-40.211114282044456,29867,3,14485,-13.239949421874805,38979,,15587
,0,,45123,16316,0.0,2023.0,0,0,-40.24984627811498,36189,3,15319,-12.962971154471598,41564,,16082
,0,,45742,16426,0.0,2023.0,0,0,-40.25272374760332,25101,3,14418,-12.981273084393298,36915,,15617
,0,,29578,14387,1.0,2023.0,0,0,-40.0508884333327,22152,4,12815,-13.265413481321849,28328,,13814
,0,,42254,16122,1.0,2023.0,0,0,-40.28230421814495,27278,4,13545,-12.928616460294032,35203,,15350
,0,,37656,14700,1.0,2023.0,0,0,-40.094709554508846,20795,4,12525,-12.926741689231488,28275,,13641
,0,,41161,15630,1.0,2023.0,0,0,-40.24783413091364,24322,4,13052,-13.01983693993778,32498,,14529
,0,,49948,16165,1.0,2023.0,0,0,-40.22355587041396,20512,4,12907,-12.959990397112715,34341,,14873
,0,,34661,14866,1.0,2023.0,0,0,-40.30512528413664,25076,4,13421,-13.198040467407203,28985,,14180
,0,,35715,15333,1.0,2023.0,0,0,-40.38796373228862,20571,4,11636,-12.909994858726337,27118,,13996
,0,,44281,16029,1.0,2023.0,0,0,-40.192900798989335,24312,4,13251,-12.97334299470597,33842,,14681
,0,,50178,15756,1.0,2023.0,0,0,-40.15019388136591,24508,4,13187,-12.905143587944513,37325,,14782
,0,,31308,14391,1.0,2023.0,0,0,-40.06924297096946,21276,4,12654,-13.232040483424,28731,,14173
,0,,42707,16093,1.0,2023.0,0,0,-40.37227352867521,23024,4,13118,-13.039985493315704,30080,,14405
,0,,50874,16388,1.0,2023.0,0,0,-40.33955982723639,31535,4,14364,-13.00704097555425,41734,,15756
,0,,43938,15741,1.0,2023.0,0,0,-40.07358926083594,23509,4,13266,-13.26912972086523,38197,,15322
,0,,37003,15445,1.0,2023.0,0,0,-40.3486014817566,23308,4,13098,-13.268099242197795,31279,,14797
,0,,41582,15936,1.0,2023.0,0,0,-40.309830604894216,28073,4,14119,-13.247802109657913,32836,,14895
,0,,42696,15837,1.0,2023.0,0,0,-40.29627314380265,28502,4,14207,-13.160136430703623,36991,,15339
,0,,37254,15366,1.0,2023.0,0,0,-40.25798751480767,29750,4,14455,-13.234221224001141,33946,,14933
,0,,40286,14949,1.0,2023.0,0,0,-40.08058019865405,26594,4,13538,-13.228962978221483,34931,,14530
,0,,40827,15741,1.0,2023.0,0,0,-40.38734374567013,22917,4,13424,-13.17426263033627,35964,,15052
,0,,37737,15549,1.0,2023.0,0,0,-40.33038012703449,28795,4,13953,-12.986368288562772,31416,,14745
,0,,44417,15878,1.0,2023.0,0,0,-40.386600306167026,26585,4,13653,-12.909124017098396,31425,,14497
,0,,41215,15413,1.0,2023.0,0,0,-40.10419996454123,33163,4,14426,-12.981331456112105,38631,,15058
,0,,43368,15876,1.0,2023.0,0,0,-40.34526580410525,24198,4,13387,-13.04843600067817,32964,,14921
,0,,39579,15292,1.0,2023.0,0,0,-40.25919116502885,30424,4,13461,-13.18046656805842,34950,,14491
,0,,45501,15987,1.0,2023.0,0,0,-40.04396007724023,29739,4,13843,-13.087809976506286,35707,,15242
,0,,38464,15375,1.0,2023.0,0,0,-40.059693220647645,21219,4,12997,-13.15672149903157,34803,,14958
,0,,44343,16110,0.0,2023.0,0,0,-40.76273026714215,21412,3,14142,-12.90912401881359,30425,,14920
,0,,35792,15433,0.0,2023.0,0,0,-40.470839572984126,23764,3,13358,-12.926741677534652,28255,,14428
,0,,43164,15931,1.0,2023.0,0,0,-40.77366569318181,37767,4,15372,-12.901102096851627,39300,,15522
,0,,44048,16283,1.0,2023.0,0,0,-40.506784639391725,30822,4,14420,-13.238907324724183,37163,,15549
,0,,43480,15796,1.0,2023.0,0,0,-40.51369765259006,25130,4,13773,-12.981434777330058,32731,,14717
,0,,46697,15755,1.0,2023.0,0,0,-40.49119773806473,28319,4,14026,-13.199520751736342,35325,,14866
,0,,42431,15562,1.0,2023.0,0,0,-40.51193587230824,28398,4,14093,-12.961894127052213,39400,,15401
,0,,38579,15127,1.0,2023.0,0,0,-40.6285519440358,26666,4,13401,-13.063515142459057,32629,,14385
,0,,41278,16077,1.0,2023.0,0,0,-40.78266524356571,23350,4,13046,-13.253919060913121,30112,,14738
,0,,41684,16049,1.0,2023.0,0,0,-40.42459891558801,21376,4,12605,-13.154903267128443,31095,,14883
,0,,45103,15937,1.0,2023.0,0,0,-40.42882015632432,22159,4,12858,-13.03627917742186,35793,,15106
,0,,44877,15999,1.0,2023.0,0,0,-40.77055053143078,23903,4,12726,-13.193494232227687,32242,,14803
,0,,35540,15059,1.0,2023.0,0,0,-40.658434199664285,23556,4,13015,-12.928616456096105,28845,,14278
,0,,40490,15550,1.0,2023.0,0,0,-40.456710219908196,26224,4,13445,-13.22896294077233,29472,,14270
,0,,48817,16325,1.0,2023.0,0,0,-40.44318330926815,26451,4,13746,-12.987019574228626,32945,,15046
,0,,36471,15154,1.0,2023.0,0,0,-40.65814406906023,23279,4,13051,-13.19833329819554,30107,,14211
,0,,35082,14979,1.0,2023.0,0,0,-40.63360561747196,26113,4,14013,-12.985862224519822,31216,,14507
,0,,36120,15375,1.0,2023.0,0,0,-40.721395773217544,22069,4,12376,-13.04843599557941,26672,,13876
,0,,42951,15971,1.0,2023.0,0,0,-40.77560015911754,23450,4,13111,-13.23166529171566,30503,,14529
,0,,41380,15877,1.0,2023.0,0,0,-40.58724427757557,22540,4,12953,-13.239949399743718,27992,,14134
,0,,45746,16096,1.0,2023.0,0,0,-40.42852635554786,21069,4,12445,-13.031755524096717,35562,,15041
,0,,39155,15287,1.0,2023.0,0,0,-40.67176803378357,24510,4,12949,-13.176545973251748,26941,,13426
,0,,41199,15247,1.0,2023.0,0,0,-40.74933362900471,27523,4,13657,-12.91730671830186,33510,,14369
,0,,44424,15875,1.0,2023.0,0,0,-40.72473145021277,24339,4,13484,-13.268099236180044,33053,,14803
,0,,32714,15060,1.0,2023.0,0,0,-40.67240312256101,24882,4,13186,-13.160136419113117,26575,,13778
,0,,36303,15353,1.0,2023.0,0,0,-40.51083181459388,22849,4,12748,-13.200961385938754,28435,,14263
,0,,34148,14762,1.0,2023.0,0,0,-40.70651009907816,22157,4,12715,-12.986368282094105,26721,,13761
,0,,43434,15993,0.0,2023.0,0,0,-39.029406468580405,34614,3,15735,-13.278688072387933,40654,,15885
,0,,40935,15883,0.0,2023.0,0,0,-39.185116097167615,29826,3,14976,-13.302145417001487,35521,,15478
,0,,37331,15735,0.0,2023.0,0,0,-39.09055561925956,21043,3,13727,-13.271888454157818,35804,,15619
,0,,43997,16145,0.0,2023.0,0,0,-39.11591256865773,28425,3,14751,-13.282503663267773,41917,,16083
,0,,42260,16019,0.0,2023.0,0,0,-39.404780433797974,18702,3,12684,-13.360584551520205,33451,,15545
,0,,41141,16178,0.0,2023.0,0,0,-39.63153420244789,20927,3,13592,-13.431176709581262,38961,,16187
,0,,43961,16255,0.0,2023.0,0,0,-39.58625719384094,33325,3,15637,-13.428414444240897,38671,,16018
,0,,45031,16273,0.0,2023.0,0,0,-39.53223647665246,28763,3,15219,-13.463453437595685,36183,,15847
,0,,46227,16292,0.0,2023.0,0,0,-39.43618504567231,25890,3,14840,-13.354884243748312,29403,,15183
,0,,37172,15543,0.0,2023.0,0,0,-39.4482249972629,22700,3,13822,-13.335439553911073,33278,,15345
,0,,47714,16258,0.0,2023.0,0,0,-39.51682443600934,32865,3,15188,-13.346870356157572,37367,,15534
,0,,33360,15036,1.0,2023.0,0,0,-39.648225541611154,29099,4,13161,-13.283526870341055,32380,,14353
,0,,45000,16431,0.0,2023.0,0,0,-39.63285087771227,29609,3,14130,-13.315271777828444,34027,,14926
,0,,40727,15729,0.0,2023.0,0,0,-39.71857975238366,27793,3,14349,-13.300279349483134,35822,,15504
,0,,46961,16013,0.0,2023.0,0,0,-39.774063972742,27602,3,14010,-13.278685987755036,38844,,15419
,0,,39031,16155,0.0,2023.0,0,0,-39.9890816683557,29677,3,14606,-13.3209545883793,37677,,15816
,0,,37237,15876,0.0,2023.0,0,0,-39.68881048977257,26873,3,14276,-13.300958491787023,28790,,15213
,0,,44745,16158,0.0,2023.0,0,0,-39.76143865022824,30482,3,14701,-13.354962407418315,38067,,15695
,0,,43066,16471,0.0,2023.0,0,0,-39.88306279973567,30531,3,14785,-13.553956198201469,38290,,15966
,0,,45147,15935,0.0,2023.0,0,0,-39.73709885604052,31934,3,15209,-13.47540750922348,37594,,15563
,0,,44288,16219,0.0,2023.0,0,0,-39.68211317601952,19958,3,13019,-13.33313573356659,38077,,15874
,0,,41427,16169,0.0,2023.0,0,0,-39.72807064062335,29194,3,15467,-13.354858735282356,33938,,15637
,0,,44065,16286,0.0,2023.0,0,0,-39.856740723205235,36001,3,15540,-13.282504326040337,37421,,15918
,0,,49081,16489,0.0,2023.0,0,0,-39.8256817117543,34724,3,15328,-13.638765844366388,42400,,16155
,0,,40744,15887,0.0,2023.0,0,0,-39.66783026312352,19312,3,12995,-13.46131583654442,30176,,15299
,0,,49999,16288,0.0,2023.0,0,0,-39.851321915428464,31132,3,14994,-13.638431195393984,43984,,15918
,0,,47335,16416,0.0,2023.0,0,0,-39.676266593133796,32815,3,14884,-13.405272344081014,42404,,15955
,0,,34416,15030,1.0,2023.0,0,0,-39.90588519663281,23538,4,12776,-13.571819392088873,28430,,14274
,0,,31619,14721,1.0,2023.0,0,0,-39.864970501980395,23650,4,12899,-13.39749478263872,25564,,13592
,0,,32400,15008,1.0,2023.0,0,0,-39.6951134377858,24304,4,13389,-13.303991453161135,29492,,14551
,0,,33564,15222,1.0,2023.0,0,0,-39.95846842995091,23766,4,12992,-13.424642120125377,26167,,13820
,0,,34071,14956,1.0,2023.0,0,0,-39.969137548162415,22134,4,12780,-13.421950357570482,26725,,13685
,0,,34263,15168,1.0,2023.0,0,0,-40.03040526768918,19480,4,12134,-13.62739290290072,28028,,14014
,0,,41964,15817,1.0,2023.0,0,0,-40.023340229771,22488,4,12888,-13.605143548156768,31200,,14577
,0,,39715,15656,1.0,2023.0,0,0,-40.0104707625187,27309,4,13796,-13.282664590779737,34426,,14982
,0,,37839,15629,1.0,2023.0,0,0,-40.00952356563505,23798,4,13514,-13.306945859179093,31109,,14953
,0,,38632,15738,1.0,2023.0,0,0,-39.8906236439943,25819,4,13835,-13.28916848191045,31701,,14920
,0,,40288,15735,1.0,2023.0,0,0,-40.01183422699155,22533,4,13295,-13.283535242038658,33130,,14959
,0,,38741,15795,1.0,2023.0,0,0,-39.84742725092721,26798,4,13971,-13.3335225293492,33736,,15057
,0,,43800,15969,1.0,2023.0,0,0,-39.952703321255626,31330,4,14612,-13.427657735539562,36390,,15279
,0,,40175,15314,1.0,2023.0,0,0,-39.87659589385894,22859,4,12628,-13.354801081081048,32505,,14432
,0,,43348,16074,0.0,2023.0,0,0,-40.178395484127904,33702,3,15348,-13.532536833393968,39570,,15918
,0,,39805,16074,0.0,2023.0,0,0,-40.36998552472796,36728,3,15306,-13.424157719499776,38556,,15841
,0,,47769,16438,0.0,2023.0,0,0,-40.042891166223086,23695,3,13675,-13.572964649844256,31012,,15118
,0,,42153,15836,1.0,2023.0,0,0,-40.4059996510448,22349,4,12728,-13.605500500875344,38222,,15574
,0,,42290,15942,0.0,2023.0,0,0,-40.121058234714916,33814,3,14671,-13.31886042161002,38997,,15716
,0,,45715,16086,0.0,2023.0,0,0,-40.098174499331414,23189,3,13974,-13.612371129830928,41326,,15747
,0,,43945,16067,1.0,2023.0,0,0,-40.120656576303304,28088,4,14321,-13.333168494522733,34451,,15370
,0,,41428,15819,0.0,2023.0,0,0,-40.370800262932484,26692,3,14426,-13.39331622184147,39270,,15613
,0,,39817,15484,0.0,2023.0,0,0,-40.36822752692392,28939,3,14468,-13.397454399807723,34449,,15312
,0,,33299,14842,1.0,2023.0,0,0,-40.28630585972014,20718,4,12580,-13.333514880281301,31050,,14564
,0,,41083,15982,0.0,2023.0,0,0,-40.307495294065774,24314,3,13716,-13.528442899900542,36794,,15541
,0,,42553,15927,1.0,2023.0,0,0,-40.13024528292179,17974,4,12320,-13.590856063159885,37532,,15196
,0,,42548,15735,0.0,2023.0,0,0,-40.40774741103358,25243,3,13771,-13.55049318366393,35827,,14922
,0,,38016,15657,1.0,2023.0,0,0,-40.18741013373837,27274,4,13861,-13.405327249075405,32964,,15106
,0,,44457,15889,1.0,2023.0,0,0,-40.18164805273927,34404,4,14855,-13.367982092966711,41956,,15655
,0,,44406,15839,1.0,2023.0,0,0,-40.20048500586082,27842,4,14054,-13.335439561579335,37830,,15226
,0,,45823,15786,0.0,2023.0,0,0,-40.2207676986463,19784,3,12722,-13.607702804628241,35904,,14739
,0,,35659,15756,1.0,2023.0,0,0,-40.39306892230355,28843,4,14069,-13.290833516094704,32391,,15060
,0,,43321,15849,1.0,2023.0,0,0,-40.03809800774426,27767,4,13913,-13.602414494915909,33550,,14807
,0,,44050,15784,1.0,2023.0,0,0,-40.10433110774464,24624,4,13902,-13.304009028681303,38754,,15203
,0,,38867,15548,1.0,2023.0,0,0,-40.28670113790134,28840,4,14163,-13.415653640814305,35274,,15135
,0,,35844,14947,1.0,2023.0,0,0,-40.385110906749894,25501,4,13174,-13.315271764016012,29905,,14220
,0,,47210,15866,1.0,2023.0,0,0,-40.13838220885881,35356,4,14924,-13.538050168675017,39442,,15253
,0,,44563,15824,1.0,2023.0,0,0,-40.28449649456581,32487,4,14760,-13.463453420173366,37533,,15244
,0,,38844,15302,0.0,2023.0,0,0,-40.12622837455487,27534,3,13785,-13.59213757514655,34253,,14841
,0,,37082,14847,1.0,2023.0,0,0,-40.08853755568816,23465,4,13226,-13.615901194892768,29385,,13982
,0,,49511,16270,1.0,2023.0,0,0,-40.22190385449613,26829,4,13966,-13.354976933688254,36715,,15178
,0,,46687,16068,1.0,2023.0,0,0,-40.33688578940061,24562,4,13435,-13.354777665473227,37065,,15305
,0,,31540,14722,1.0,2023.0,0,0,-40.03922617379898,24351,4,13130,-13.32092686187558,27959,,14326
,0,,46086,15871,1.0,2023.0,0,0,-40.06396948759691,25616,4,13794,-13.574411678232623,37729,,15202
,0,,40655,15679,1.0,2023.0,0,0,-40.3385172177289,25128,4,13460,-13.428414423790723,32116,,14683
,0,,41619,15513,1.0,2023.0,0,0,-40.188445052940914,24715,4,13439,-13.354884250790333,28201,,14177
,0,,32170,14918,1.0,2023.0,0,0,-40.051953839021124,20889,4,12167,-13.387808372383686,28416,,14424
,0,,33949,14801,1.0,2023.0,0,0,-40.284890874484915,26857,4,13495,-13.289164779530196,30102,,14074
,0,,35493,15217,1.0,2023.0,0,0,-40.195919458454846,29794,4,14308,-13.638765229282946,36708,,14970
,0,,34597,15055,1.0,2023.0,0,0,-40.04322431488477,28632,4,13948,-13.436964370548942,30231,,14355
,0,,42038,15854,1.0,2023.0,0,0,-40.533926456831054,23557,4,12949,-13.278688034591596,30941,,14524
,0,,44659,15971,1.0,2023.0,0,0,-40.73168714600909,23619,4,13017,-13.558594661615494,30607,,14674
,0,,43496,15913,1.0,2023.0,0,0,-40.60757507085061,28846,4,14056,-13.571539522217144,33837,,14941
,0,,45642,16223,1.0,2023.0,0,0,-40.739090540850896,24239,4,13373,-13.553802143191746,33829,,15082
,0,,37986,15109,1.0,2023.0,0,0,-40.722385418181304,23454,4,12633,-13.359362172571007,27695,,13922
,0,,40402,15175,1.0,2023.0,0,0,-40.447740128109025,27698,4,13008,-13.64259995319385,36135,,14289
,0,,41003,16111,1.0,2023.0,0,0,-40.55777805405952,24073,4,13742,-13.367982081290213,34529,,15265
,0,,38307,15547,1.0,2023.0,0,0,-40.608653322103294,18941,4,12082,-13.398492120569871,27354,,13894
,0,,40648,15598,1.0,2023.0,0,0,-40.598033847895536,20233,4,12735,-13.354976924859562,28207,,14057
,0,,46386,16487,1.0,2023.0,0,0,-40.56838681335309,26662,4,14127,-13.409850487364533,34429,,15359
,0,,39221,15523,1.0,2023.0,0,0,-40.58758831400786,23661,4,13397,-13.627099567402993,27555,,14104
,0,,30764,14652,1.0,2023.0,0,0,-40.68362527059895,21491,4,12742,-13.52844292646335,27055,,13998
,0,,38777,15781,1.0,2023.0,0,0,-40.69172613142571,21817,4,12792,-13.33648751322256,29238,,14399
,0,,45036,15832,1.0,2023.0,0,0,-40.57661500347772,24316,4,13276,-13.33543954737319,33246,,14670
,0,,38938,15373,1.0,2023.0,0,0,-40.42171884054547,24247,4,13323,-13.306934931971574,29419,,14277
,0,,38278,14850,1.0,2023.0,0,0,-40.471111443167075,25482,4,13025,-13.300975336301093,32370,,14167
,0,,42327,15901,1.0,2023.0,0,0,-40.5645750529287,22958,4,13507,-13.354884238003093,27718,,14643
,0,,46830,16054,1.0,2023.0,0,0,-40.50401402115332,25102,4,13795,-13.383067870513601,34786,,15338
,0,,43900,16229,1.0,2023.0,0,0,-40.529478855778336,27375,4,13605,-13.560112256334698,35189,,15157
,0,,35268,15400,1.0,2023.0,0,0,-40.440099512123034,18755,4,12885,-13.574411668055257,33718,,15118
,0,,40815,15725,1.0,2023.0,0,0,-40.464667575369404,19040,4,12548,-13.615901192739917,34145,,15084
,0,,36342,14980,1.0,2023.0,0,0,-40.49678658964936,23641,4,12729,-13.333168470585248,30565,,13917
,0,,37187,15180,1.0,2023.0,0,0,-40.515558321276885,27386,4,14051,-13.413530766657198,30673,,14342
,0,,39954,15216,1.0,2023.0,0,0,-40.58475291109152,30231,4,13991,-13.571825686353888,35574,,14934
,0,,36011,14991,1.0,2023.0,0,0,-40.62043255286692,24757,4,13244,-13.28250363700508,28337,,13941
,0,,41781,15349,1.0,2023.0,0,0,-40.544090160019316,26426,4,13479,-13.490561017145367,32135,,14500
,0,,40859,16019,1.0,2023.0,0,0,-40.463159422535455,27718,4,13995,-13.301462442153523,35516,,15343
,0,,46548,16151,1.0,2023.0,0,0,-40.41968929299805,25850,4,14078,-13.35985299785073,36174,,15651
,0,,42192,16312,1.0,2023.0,0,0,-40.563540133925024,29566,4,14804,-13.4053272435261,36377,,15749
,0,,39233,16162,0.0,2023.0,0,0,-40.49704324559775,26807,3,14302,-13.421958646361837,36123,,15706
,0,,37688,15789,0.0,2023.0,0,0,-40.4181779924559,27043,3,14208,-13.47984176895218,35619,,15511
,0,,39276,15711,1.0,2023.0,0,0,-40.499996374922176,29594,4,14350,-13.4164639267925,33263,,15024
,0,,37584,15500,1.0,2023.0,0,0,-40.59735117873501,29806,4,14232,-13.638431206663482,32043,,14771
,0,,49846,16105,1.0,2023.0,0,0,-40.42808386591417,30064,4,14710,-13.38780834294048,41995,,15749
,0,,37507,15385,1.0,2023.0,0,0,-40.421306190588254,30612,4,14311,-13.638881233115592,35474,,15054
,0,,41141,15374,1.0,2023.0,0,0,-40.53317044376022,29252,4,13950,-13.360584546296973,34067,,14919
,0,,39260,15125,1.0,2023.0,0,0,-40.489079308886716,32781,4,13691,-13.424642105385146,34915,,14561
,0,,42069,15664,0.0,2023.0,0,0,-40.42990881023482,30830,3,14348,-13.508448487799106,39206,,15462
,0,,39650,15684,1.0,2023.0,0,0,-40.41422803737425,31852,4,14353,-13.602414482900912,34250,,14959
,0,,35829,14966,1.0,2023.0,0,0,-40.4804611243092,23450,4,12614,-13.304008998566042,29873,,14062
,0,,36944,14731,1.0,2023.0,0,0,-40.50018078881024,29069,4,13408,-13.300292430812618,31708,,14128
,0,,38174,15406,0.0,2023.0,0,0,-39.43904889611729,33571,3,14828,-12.844507714724536,35671,,14976
,0,,37393,15657,0.0,2023.0,0,0,-39.6066347269182,28371,3,14454,-12.76195357339074,33710,,15398
,0,,44732,15987,0.0,2023.0,0,0,-39.53444542143076,27262,3,14151,-12.66854955475926,38767,,15585
,0,,38130,15707,0.0,2023.0,0,0,-39.53748534786899,30505,3,14279,-12.800743679190262,33910,,15080
,0,,35851,15421,0.0,2023.0,0,0,-39.46896144691479,22855,3,14010,-12.89141248946903,30043,,15188
,0,,32453,14386,1.0,2023.0,0,0,-39.42613929778852,20712,4,12485,-12.785477559700901,27185,,13708
,0,,35448,14886,1.0,2023.0,0,0,-39.41570501653591,21282,4,12293,-12.743485684241664,30697,,14298
,0,,35192,14807,1.0,2023.0,0,0,-39.4400040558479,28192,4,13521,-12.66274385243554,30953,,14132
,0,,32309,14595,1.0,2023.0,0,0,-39.56394686346186,24720,4,13251,-12.819975678184152,29109,,14205
,0,,40420,15369,1.0,2023.0,0,0,-39.36840087706408,28407,4,14036,-12.58603331041456,34643,,15042
,0,,31786,14748,1.0,2023.0,0,0,-39.61596880799834,26732,4,13549,-12.650345060378417,29533,,14393
,0,,38129,14796,1.0,2023.0,0,0,-39.483158448962264,24238,4,13077,-12.71429207552354,29963,,13958
,0,,37499,14639,1.0,2023.0,0,0,-39.35796183342636,27552,4,13572,-12.680555486923152,29999,,13814
,0,,37037,14904,1.0,2023.0,0,0,-39.360693353280055,28815,4,13612,-12.677542338351547,31817,,14064
,0,,35935,14769,1.0,2023.0,0,0,-39.415532980800876,22278,4,12985,-12.806901493762046,29580,,14173
,0,,40490,15544,1.0,2023.0,0,0,-39.31831698535914,22315,4,13239,-12.69764037958978,32353,,14784
,0,,36081,15027,1.0,2023.0,0,0,-39.61854142601624,25001,4,13122,-12.646205366677865,32915,,14604
,0,,38204,15293,1.0,2023.0,0,0,-39.566577024586344,19206,4,12343,-12.72833318163191,30782,,14709
,0,,40266,15854,1.0,2023.0,0,0,-39.456365911646685,29878,4,14333,-12.824781344968565,34410,,15374
,0,,35693,15153,1.0,2023.0,0,0,-39.289788224542164,23569,4,13066,-12.7327653950314,30402,,14562
,0,,36729,15616,0.0,2023.0,0,0,-39.847424461290785,19345,3,11996,-12.586386408710041,34573,,15149
,0,,38563,15830,0.0,2023.0,0,0,-39.87371459576902,30384,3,14639,-12.589367778729649,34669,,15455
,0,,42867,15846,1.0,2023.0,0,0,-40.02140555168922,27597,4,14413,-12.527488356774976,38681,,15680
,0,,41650,15586,0.0,2023.0,0,0,-39.75452354024047,19063,3,12567,-12.865357483818768,38257,,15329
,0,,36138,15063,0.0,2023.0,0,0,-39.74132185461349,23630,3,13559,-12.86888893955678,31363,,14592
,0,,43434,15821,1.0,2023.0,0,0,-39.83498352075111,24543,4,13521,-12.86639931610822,32737,,14733
,0,,39405,15953,1.0,2023.0,0,0,-39.75967508805508,28865,4,14474,-12.588290906110457,34995,,15497
,0,,36262,15392,1.0,2023.0,0,0,-39.80830191855377,29108,4,13739,-12.843833590695876,33316,,14948
,0,,39117,15507,1.0,2023.0,0,0,-39.880361291266595,18186,4,12131,-12.798885644362246,29719,,14552
,0,,36578,15290,1.0,2023.0,0,0,-39.96913401417529,25123,4,13600,-12.674849809568766,30342,,14367
,0,,39660,15659,1.0,2023.0,0,0,-39.88134328497534,31710,4,14499,-12.61226328971084,33857,,15254
,0,,35005,15292,0.0,2023.0,0,0,-39.92691373164094,24965,3,13229,-12.865278315551596,29569,,14374
,0,,31011,14360,1.0,2023.0,0,0,-39.90617328800004,25424,4,13414,-12.555006618330248,30800,,14252
,0,,38939,15883,1.0,2023.0,0,0,-39.881856818754386,27463,4,13886,-12.860670070525739,30951,,14670
,0,,38727,15648,1.0,2023.0,0,0,-39.83192789120582,20330,4,12469,-12.732827050724058,29310,,14303
,0,,35240,14977,1.0,2023.0,0,0,-39.95846437871581,25203,4,13536,-12.677542352885983,28289,,13949
,0,,33528,14982,1.0,2023.0,0,0,-39.871701029543466,21958,4,12813,-12.646244504509879,29807,,14606
,0,,34272,15023,1.0,2023.0,0,0,-39.88305949714156,21942,4,12732,-12.806905077003902,30024,,14386
,0,,38652,15371,1.0,2023.0,0,0,-39.890622652158406,26828,4,13739,-12.54201547787959,33845,,14769
,0,,30855,14879,1.0,2023.0,0,0,-40.01525938519594,26405,4,13569,-12.635916195802924,28473,,14207
,0,,36189,15197,1.0,2023.0,0,0,-39.97247143253118,25406,4,13430,-12.894555351979998,28599,,14143
,0,,39640,15266,1.0,2023.0,0,0,-39.852986935945054,26924,4,13575,-12.88007673043462,29228,,13902
,0,,31688,14659,1.0,2023.0,0,0,-39.95269902709833,27249,4,13420,-12.680559000911062,29354,,14291
,0,,43367,15791,1.0,2023.0,0,0,-39.80299139738245,24465,4,12781,-12.845116283676507,31033,,14312
,0,,46052,16275,1.0,2023.0,0,0,-39.82568141805961,26294,4,13703,-12.891747292509855,29864,,14450
,0,,41626,15963,0.0,2023.0,0,0,-40.1791214100218,30124,3,14402,-12.845116263073754,35032,,15310
,0,,41674,15665,0.0,2023.0,0,0,-40.32323647634495,20848,3,12664,-12.743472902108314,33910,,15016
,0,,44871,16315,0.0,2023.0,0,0,-40.35375078981225,28336,3,14581,-12.669347753910145,39456,,15841
,0,,44460,16331,1.0,2023.0,0,0,-40.34066797193552,23420,4,13227,-12.56815427288569,39565,,15547
,0,,45429,16219,1.0,2023.0,0,0,-40.34526403929048,22933,4,13176,-12.674849799855554,36808,,15458
,0,,35634,15686,0.0,2023.0,0,0,-40.38796321052255,22179,3,12587,-12.536382661447549,32848,,15285
,0,,34917,15513,1.0,2023.0,0,0,-40.28201296081138,21955,4,12888,-12.824775353591205,30260,,14839
,0,,34915,15504,0.0,2023.0,0,0,-40.13469948810196,22880,3,13087,-12.827404183448396,29775,,14819
,0,,38766,15629,1.0,2023.0,0,0,-40.257986837314654,23505,4,13167,-12.860670052999701,29887,,14595
,0,,40075,15585,1.0,2023.0,0,0,-40.07626846517906,22290,4,12933,-12.884532053500594,29779,,14447
,0,,42708,15855,1.0,2023.0,0,0,-40.387343463234195,21523,4,13374,-12.800701254520412,33382,,14926
,0,,40843,15716,0.0,2023.0,0,0,-40.37320287236801,27135,3,13766,-12.543695686790981,38435,,15305
,0,,42738,16069,1.0,2023.0,0,0,-40.252721588426986,27604,4,13020,-12.607673239040455,33287,,14711
,0,,41002,15597,1.0,2023.0,0,0,-40.184431931589735,30694,4,14315,-12.843833570354153,35801,,15013
,0,,44561,15920,1.0,2023.0,0,0,-40.31064247822038,20128,4,12613,-12.640737436700372,36720,,15324
,0,,35875,15404,1.0,2023.0,0,0,-40.38659982277147,25313,4,13604,-12.535511629212097,29387,,14539
,0,,38130,15546,1.0,2023.0,0,0,-40.05239606185044,25796,4,13722,-12.65816687710147,30021,,14511
,0,,40820,15551,1.0,2023.0,0,0,-40.24783104734494,26597,4,13694,-12.646244497311331,31356,,14527
,0,,33124,14929,1.0,2023.0,0,0,-40.05268984883023,20305,4,12464,-12.662691395441675,26263,,13851
,0,,31993,14483,1.0,2023.0,0,0,-40.33037736627439,26497,4,13193,-12.61276997213756,28355,,13806
,0,,33268,14567,1.0,2023.0,0,0,-40.07119234115497,25229,4,13298,-12.813047144492812,27686,,14016
,0,,31213,14352,1.0,2023.0,0,0,-40.391389413777354,22973,4,12908,-12.635916188929917,27258,,13860
,0,,37830,15277,1.0,2023.0,0,0,-40.23287020739051,24794,4,13231,-12.535348586694472,30389,,14349
,0,,34221,14349,0.0,2023.0,0,0,-40.32882905097846,26314,3,12919,-12.68055899036362,29614,,13938
,0,,36880,15839,0.0,2023.0,0,0,-39.78090770402682,20178,3,13069,-13.734039362500859,29986,,15124
,0,,48132,16235,0.0,2023.0,0,0,-39.94270023512159,30543,3,15076,-13.848846202657507,43071,,15916
,0,,43766,16400,0.0,2023.0,0,0,-39.81978933258861,19687,3,13310,-14.01216668292954,35237,,16106
,0,,47137,16409,0.0,2023.0,0,0,-39.83249139137509,29347,3,14717,-13.945240036677818,41274,,16070
,0,,43066,16196,0.0,2023.0,0,0,-39.79165867688545,20378,3,13391,-13.927370064406158,36634,,15703
,0,,36963,16053,0.0,2023.0,0,0,-39.67764848438533,31873,3,15400,-13.881873603151623,35702,,15898
,0,,43055,16340,0.0,2023.0,0,0,-39.93136206482714,32437,3,15344,-13.901865275275817,36939,,15994
,0,,36880,15720,0.0,2023.0,0,0,-39.70915698674427,22989,3,13977,-13.895661062383413,29488,,15495
,0,,36564,15728,0.0,2023.0,0,0,-39.66591783478342,25366,3,14459,-13.853272183288178,33627,,15565
,0,,47500,16434,0.0,2023.0,0,0,-39.79416471870328,27295,3,14963,-13.885953710035261,39237,,16250
,0,,42484,16490,0.0,2023.0,0,0,-39.7772176457239,24143,3,14670,-13.933528628764218,35132,,16264
,0,,46906,16565,0.0,2023.0,0,0,-39.859276446478084,21022,3,13760,-13.834814583430886,36477,,16215
,0,,45031,16516,0.0,2023.0,0,0,-39.90876058100885,22940,3,13412,-13.66263335658724,36532,,15858
,0,,43474,16299,0.0,2023.0,0,0,-40.0243555266061,24890,3,14216,-13.65699511381699,39460,,15962
,0,,45948,15968,0.0,2023.0,0,0,-39.85531334845681,27748,3,14880,-13.944953933425257,36339,,15562
,0,,42217,16205,0.0,2023.0,0,0,-39.894348085242726,32465,3,15137,-13.985721110338414,40224,,15924
,0,,35363,15957,0.0,2023.0,0,0,-39.75411466377832,26103,3,14411,-13.964266329530284,33976,,15548
,0,,39912,16207,0.0,2023.0,0,0,-39.666761101447555,27267,3,15012,-13.94637713782296,35234,,15857
,0,,43866,15675,0.0,2023.0,0,0,-39.97942522144607,21041,3,13333,-13.932010671568737,38040,,15545
,0,,50480,16268,0.0,2023.0,0,0,-39.68701335376803,24453,3,14273,-14.00494467985965,36621,,15491
,0,,44872,15674,0.0,2023.0,0,0,-39.969439298880445,27086,3,13923,-14.01497295422827,41277,,15497
,0,,30233,15129,0.0,2023.0,0,0,-39.962385817160374,26733,3,13588,-13.80185572870533,29635,,14386
,0,,40391,15586,1.0,2023.0,0,0,-40.01077754502686,25995,4,13878,-13.929548049392368,33726,,14874
,0,,48009,16227,0.0,2023.0,0,0,-39.9101749049368,28448,3,14227,-13.706974915617252,43171,,15810
,0,,33126,15060,0.0,2023.0,0,0,-39.910568958242166,28285,3,14109,-13.789097870875365,33718,,15011
,0,,42550,15963,0.0,2023.0,0,0,-40.007663668667995,35823,3,14551,-13.804616821516,35540,,15540
,0,,45433,15928,0.0,2023.0,0,0,-39.940069061060576,37657,3,15013,-13.940435868751672,40938,,15618
,0,,43493,16339,0.0,2023.0,0,0,-39.81127652300758,23354,3,14174,-13.778773600897468,32800,,15784
,0,,38129,16122,0.0,2023.0,0,0,-39.80226355426449,20498,3,13559,-13.905958664822169,34126,,15590
,0,,41072,15990,6.0,2023.0,0,0,-39.167883140756295,24881,21,13941,-13.16013644501399,36170,,15517
,0,,38386,15458,6.0,2023.0,0,0,-39.17673527976066,26757,21,14053,-13.198040479563426,37227,,15180
,0,,36104,14978,6.0,2023.0,0,0,-39.278145266875505,23063,21,13369,-13.253919067974042,34581,,14606
,0,,42939,15397,4.0,2023.0,0,0,-39.10072734135715,30981,15,14210,-13.253624221117166,39899,,15235
,0,,32726,14550,6.0,2023.0,0,0,-39.08272429181662,29980,21,14155,-13.23994943284462,32425,,14490
,0,,33292,14815,6.0,2023.0,0,0,-38.99805261341985,30913,21,14019,-13.177051479861822,31104,,14682
,0,,32615,14406,6.0,2023.0,0,0,-39.2589537289203,21861,21,12464,-13.174262642841313,28859,,13969
,0,,34825,14818,4.0,2023.0,0,0,-38.942853334430644,25757,15,13614,-12.930454843639021,32802,,14671
,0,,37426,14530,4.0,2023.0,0,0,-39.12810313930173,25919,15,13322,-13.17244870169674,33489,,14242
,0,,40082,14644,4.0,2023.0,0,0,-39.26603055417868,31980,15,13766,-13.19349424380418,35955,,14324
,0,,38860,14561,4.0,2023.0,0,0,-39.16724805195117,29966,15,13299,-13.176545998444935,32362,,13649
,0,,32654,14277,4.0,2023.0,0,0,-38.98906289186055,18560,15,12104,-13.242438009896091,31179,,14146
,0,,33410,14755,4.0,2023.0,0,0,-38.93655042206758,26374,15,13562,-12.927421399380968,32183,,14208
,0,,28947,14021,6.0,2023.0,0,0,-38.94280359354785,24706,21,13229,-13.186606361651537,28144,,13691
,0,,28943,13233,4.0,2023.0,0,0,-39.271080182100015,23432,15,11943,-13.23166530081388,25733,,12612
,0,,46414,15803,4.0,2023.0,0,0,-39.53004420049146,27041,15,13917,-12.928616487335994,39443,,15206
,0,,44112,15624,6.0,2023.0,0,0,-39.32400899037263,29486,21,14368,-13.25807756306279,40063,,15220
,0,,45226,15564,4.0,2023.0,0,0,-39.48061046115806,30205,15,13828,-12.90896240475616,38486,,15021
,0,,41052,15557,4.0,2023.0,0,0,-39.39610427600675,28023,15,14202,-13.059880891825259,35955,,15166
,0,,41919,15554,4.0,2023.0,0,0,-39.634340276962,21273,15,11694,-12.909124053506751,28620,,13491
,0,,42893,15413,4.0,2023.0,0,0,-39.34767535255963,25966,15,13409,-13.182665811218353,35940,,14681
,0,,42695,15254,4.0,2023.0,0,0,-39.49354163009634,33141,15,13980,-13.1645710417359,37681,,14673
,0,,40211,15107,4.0,2023.0,0,0,-39.514493150789455,25354,15,13384,-12.91562793168962,35514,,14517
,0,,36832,15086,4.0,2023.0,0,0,-39.50521561615832,30562,15,14188,-12.985862252084894,35269,,14907
,0,,37957,15079,4.0,2023.0,0,0,-39.64527570393144,30019,15,13985,-12.901102132233698,34112,,14582
,0,,44048,15020,4.0,2023.0,0,0,-39.45580189426398,29596,15,13557,-13.106402844217184,36933,,14455
,0,,43335,14972,4.0,2023.0,0,0,-39.6200135010574,22918,15,13003,-13.039985517441107,39019,,14717
,0,,42392,14969,4.0,2023.0,0,0,-39.456356722350364,29243,15,13362,-13.148780058599359,36436,,14435
,0,,41954,14953,4.0,2023.0,0,0,-39.63508371638463,21300,15,12595,-13.174262646573847,37215,,14633
,0,,37944,14882,4.0,2023.0,0,0,-39.47044427405143,23160,15,13079,-13.057713725123483,34084,,14452
,0,,41448,14871,4.0,2023.0,0,0,-39.36715198718012,27363,15,12032,-13.13553697934899,32075,,13204
,0,,38820,14800,4.0,2023.0,0,0,-39.426862858259874,26858,15,13615,-13.218670377091149,34906,,14653
,0,,37706,14794,4.0,2023.0,0,0,-39.57812010404807,26760,15,13052,-12.98636831121129,34760,,14287
,0,,38884,14780,4.0,2023.0,0,0,-39.46371139832557,24419,15,12672,-13.050684944359366,33340,,14201
,0,,36860,14690,4.0,2023.0,0,0,-39.427974109955,22697,15,12870,-13.054922797687635,33621,,14532
,0,,39255,14663,4.0,2023.0,0,0,-39.50423312155599,32824,15,13738,-13.17244868714742,34380,,13967
,0,,35121,14651,4.0,2023.0,0,0,-39.5001619422838,27972,15,13799,-13.063515165606383,32628,,14496
,0,,39976,14633,4.0,2023.0,0,0,-39.59300577947214,27644,15,13259,-13.04843602070625,36623,,14394
,0,,31207,14620,4.0,2023.0,0,0,-39.38902489038203,25814,15,13771,-13.042132103713106,30864,,14367
,0,,37462,14615,4.0,2023.0,0,0,-39.5765711725959,20041,15,12400,-13.054144304149549,34320,,14360
,0,,42696,14617,4.0,2023.0,0,0,-39.63913001946941,28700,15,12731,-13.009509214532224,34044,,13511
,0,,37074,14580,4.0,2023.0,0,0,-39.58840955052148,24020,15,12370,-12.941761079175855,29489,,13378
,0,,37257,14560,4.0,2023.0,0,0,-39.313861411107005,26765,15,13290,-13.185092427668605,34174,,14356
,0,,37514,14553,4.0,2023.0,0,0,-39.374182590515325,27473,15,13408,-13.177051447729067,34403,,14211
,0,,32618,14410,4.0,2023.0,0,0,-39.633392511429555,24806,15,12905,-12.933409978133598,26496,,13469
,0,,33707,14334,4.0,2023.0,0,0,-39.318933568459364,26928,15,13203,-13.186606329763563,32702,,14042
,0,,36321,14073,4.0,2023.0,0,0,-39.4925569386186,30972,15,13511,-13.218063177612592,32851,,13833
,0,,39718,15600,6.0,2023.0,0,0,-39.54337803576245,25872,21,14151,-13.176545989297056,36704,,15371
,0,,34184,15276,6.0,2023.0,0,0,-39.32609104760312,27471,21,14226,-13.180310043402859,31548,,14718
,0,,35783,15266,6.0,2023.0,0,0,-39.55838555095388,24580,21,13018,-13.014330591315266,32039,,14624
,0,,35444,15058,6.0,2023.0,0,0,-39.32832020334826,21114,21,12948,-13.228962951048484,31242,,14691
,0,,38965,15042,6.0,2023.0,0,0,-39.62094363766861,23088,21,13027,-12.917306752244556,27597,,13866
,0,,27929,13198,4.0,2023.0,0,0,-40.02986985162739,23399,15,12447,-13.232022483914529,27026,,12921
,0,,35209,14146,4.0,2023.0,0,0,-39.845775735196554,25075,15,12741,-12.98144896581831,28607,,13401
,0,,37872,14565,4.0,2023.0,0,0,-39.76330116677255,24667,15,12912,-13.040014447725373,33003,,14091
,0,,37159,14425,4.0,2023.0,0,0,-39.94270476609822,27319,15,13000,-13.10190942010749,33156,,13925
,0,,42088,15218,4.0,2023.0,0,0,-39.98683219371747,31400,15,13766,-13.18031342373954,35696,,14417
,0,,37130,14417,4.0,2023.0,0,0,-40.01077923684304,23644,15,12292,-13.182644138883358,31036,,13675
,0,,43436,15314,4.0,2023.0,0,0,-39.91017677077142,27716,15,13224,-12.959982983202543,34493,,14447
,0,,38613,15092,4.0,2023.0,0,0,-39.982763231269765,18556,15,11755,-13.135522862209537,30127,,14150
,0,,27745,13305,6.0,2023.0,0,0,-39.74452872091225,25025,21,12692,-12.959636869343546,27098,,13072
,0,,33335,14990,6.0,2023.0,0,0,-39.71090057209076,20240,21,12515,-12.927925157092123,29393,,14528
,0,,34536,14497,6.0,2023.0,0,0,-39.67582433625995,25059,21,13063,-13.014288228808146,31227,,14219
,0,,41029,15184,6.0,2023.0,0,0,-39.66904616644775,22576,21,12896,-13.265409544222898,31642,,14426
,0,,41498,15376,4.0,2023.0,0,0,-39.98360270823466,28332,15,13692,-13.231689455992754,35036,,14702
,0,,41043,14731,4.0,2023.0,0,0,-39.808266212754624,24232,15,13096,-13.160143627102798,36531,,14488
,0,,38750,14917,4.0,2023.0,0,0,-39.93551733125992,27063,15,13436,-13.059877030453922,34199,,14498
,0,,35203,15000,6.0,2023.0,0,0,-39.791832579978795,21590,21,12758,-13.117059312125681,33379,,14741
,0,,42046,15810,6.0,2023.0,0,0,-39.66676122599693,25560,21,14087,-13.199480307626018,38321,,15552
,0,,40551,15278,4.0,2023.0,0,0,-39.85639603433603,30613,15,14033,-13.024972537653788,35428,,14725
,0,,37084,14540,4.0,2023.0,0,0,-39.663096310082636,27350,15,13103,-12.947394076093826,33366,,14246
,0,,40113,15066,4.0,2023.0,0,0,-39.71240773198189,31642,15,13890,-13.242424384296509,35263,,14483
,0,,32123,14056,4.0,2023.0,0,0,-39.939466881587784,22029,15,12180,-12.962956422787176,23915,,12878
,0,,33716,14465,4.0,2023.0,0,0,-39.9607565103813,21433,15,12215,-12.981250321715645,24206,,12851
,0,,30588,13822,4.0,2023.0,0,0,-40.02211564685742,21068,15,11864,-12.90911655590146,26666,,13092
,0,,33675,14118,4.0,2023.0,0,0,-39.74492988074374,24776,15,12644,-12.94532603683885,30369,,13601
,0,,34512,14075,4.0,2023.0,0,0,-40.0243555595287,24794,15,12425,-12.909986745309684,30192,,13447
,0,,39043,15133,4.0,2023.0,0,0,-40.02499237615131,22563,15,12127,-12.90109971294332,26316,,13063
,0,,36655,15118,4.0,2023.0,0,0,-39.81231726836885,23474,15,12261,-12.981356327679292,26911,,13465
,0,,30779,13458,4.0,2023.0,0,0,-39.71885254647597,24344,15,12603,-12.927437848323072,27562,,12958
,0,,35351,14119,4.0,2023.0,0,0,-39.81613042962735,25379,15,12417,-13.036333140371184,30783,,13821
,0,,33771,14029,4.0,2023.0,0,0,-40.016938937137894,23603,15,12329,-12.917294677924954,30373,,13548
,0,,36716,14917,4.0,2023.0,0,0,-39.81128370877906,23557,15,12510,-13.031809043467431,26711,,13394
,0,,35390,14863,4.0,2023.0,0,0,-39.99385625931854,24997,15,13184,-13.050644177371549,34098,,14523
,0,,34586,14925,4.0,2023.0,0,0,-39.99467083188023,27388,15,13612,-13.01979675355692,31923,,14537
,0,,39112,14325,4.0,2023.0,0,0,-39.79416897548605,30398,15,13189,-13.139030579638373,36108,,13941
,0,,42241,15872,6.0,2023.0,0,0,-39.842815613141056,24254,21,13618,-12.898344477696808,33499,,14860
,0,,39610,15487,6.0,2023.0,0,0,-39.96943951935911,28990,21,13957,-13.268100731264715,34283,,14937
,0,,43201,15617,4.0,2023.0,0,0,-40.23853730682972,34153,15,14291,-13.18663325450889,37445,,15099
,0,,43519,15958,4.0,2023.0,0,0,-40.05269012956971,24152,15,13487,-13.036279200032917,31627,,14428
,0,,36497,14594,4.0,2023.0,0,0,-40.13756764256134,28948,15,13149,-12.981434791872699,30860,,13832
,0,,37881,14728,4.0,2023.0,0,0,-40.11322697507553,28929,15,13464,-13.10190332112435,32372,,14148
,0,,41671,15604,4.0,2023.0,0,0,-40.19098226899401,26138,15,13306,-13.135005371986734,32688,,14513
,0,,41127,15366,4.0,2023.0,0,0,-40.05824301305412,30486,15,13952,-12.959604952350064,34478,,14604
,0,,35281,14926,4.0,2023.0,0,0,-40.21597140864103,25911,15,13216,-13.050684938424045,32051,,14510
,0,,39892,14899,4.0,2023.0,0,0,-40.141284892415484,22920,15,12558,-13.042132101367049,33321,,14197
,0,,34131,14384,4.0,2023.0,0,0,-40.11745286799273,28062,15,13230,-13.242437997975603,30179,,13710
,0,,45520,15505,4.0,2023.0,0,0,-40.35375236746833,28594,15,13434,-13.042934902087138,36000,,14643
,0,,38826,14880,4.0,2023.0,0,0,-40.303443790768505,29604,15,13556,-13.139023810752903,30214,,13927
,0,,39900,15168,4.0,2023.0,0,0,-40.22270428511631,29613,15,13454,-13.057713719725538,34947,,14557
,0,,37597,14634,4.0,2023.0,0,0,-40.23287047333127,25311,15,12886,-12.90896237815448,30848,,13445
,0,,33012,14083,4.0,2023.0,0,0,-40.1844333876807,28888,15,13141,-13.217387967283264,30694,,13468
,0,,41231,15221,4.0,2023.0,0,0,-40.073038840335386,23082,15,12463,-12.94530287368592,30230,,13931
,0,,43824,15546,4.0,2023.0,0,0,-40.25242195664182,27258,15,13370,-13.0635151586217,30319,,14037
,0,,36171,14525,4.0,2023.0,0,0,-40.399470200673456,26104,15,12656,-13.231665291572591,30664,,13777
,0,,43195,14905,4.0,2023.0,0,0,-40.10439180793174,29162,15,12975,-13.024945477768245,31949,,13800
,0,,31252,14367,4.0,2023.0,0,0,-40.2913820828162,27474,15,13387,-13.159038279654366,28753,,13719
,0,,33260,13874,4.0,2023.0,0,0,-40.13580586193268,25857,15,12382,-12.961894140038705,28364,,13249
,0,,41248,14954,4.0,2023.0,0,0,-40.271970610993954,31552,15,13243,-13.07126263696614,35925,,14243
,0,,41719,14860,4.0,2023.0,0,0,-40.34066957464549,23510,15,12270,-12.941761050216547,32893,,13986
,0,,36354,14402,4.0,2023.0,0,0,-40.39753573435102,23703,15,12471,-12.901102094016064,29423,,13556
,0,,42311,14917,4.0,2023.0,0,0,-40.05239632873535,24298,15,12658,-13.031755546338537,27088,,13387
,0,,35538,14735,4.0,2023.0,0,0,-40.22911733429481,23766,15,12951,-13.253624211104812,29857,,13809
,0,,34426,14365,4.0,2023.0,0,0,-40.07835104265853,19879,15,11468,-13.180310064163503,26046,,13186
,0,,39329,15247,4.0,2023.0,0,0,-40.11506772360709,20356,15,11922,-13.199520784944344,32928,,14250
,0,,41375,15458,4.0,2023.0,0,0,-40.04846888800192,28555,15,13228,-13.15490329986068,33979,,14509
,0,,35819,14943,4.0,2023.0,0,0,-40.33459642615007,25626,15,13158,-13.051128154403813,35564,,14840
,0,,39756,15123,4.0,2023.0,0,0,-40.071193562720005,23167,15,12256,-13.186606351846258,31680,,14062
,0,,41766,14772,4.0,2023.0,0,0,-40.126442590908916,27377,15,13319,-13.177051464966633,32406,,13892
,0,,39807,15237,4.0,2023.0,0,0,-40.20806190370854,27194,15,13413,-13.106402846066723,34631,,14536
,0,,43569,15721,4.0,2023.0,0,0,-40.39442057199487,25959,15,13440,-13.193494232423713,31080,,14159
,0,,47687,14842,6.0,2023.0,0,0,-40.25747563106852,30823,21,14214,-12.98586223454081,35755,,14766
,0,,45599,15698,6.0,2023.0,0,0,-40.148364278824765,33515,21,14251,-13.059880891478809,37171,,15034
,0,,32328,14601,6.0,2023.0,0,0,-40.40653528651126,24945,21,13078,-13.253919060023616,28308,,13964
,0,,34397,15016,6.0,2023.0,0,0,-40.41025793912669,19422,21,11920,-13.084368005212989,26436,,13901
,0,,44741,15823,6.0,2023.0,0,0,-40.08422161685796,24761,21,13362,-12.994422982170882,28713,,14771
,0,,40607,15281,6.0,2023.0,0,0,-40.05649431699653,23249,21,13045,-12.927907492987064,32518,,14569
,0,,40785,15872,6.0,2023.0,0,0,-40.07124330361096,22616,21,13157,-12.930454849512442,27664,,14346
,0,,37332,15195,6.0,2023.0,0,0,-40.25649313636002,30376,21,14014,-13.172448687597662,34108,,14819
,0,,42525,15037,4.0,2023.0,0,0,-40.090948741010095,32743,15,13790,-13.089919847192748,37294,,14559
,0,,34483,14434,4.0,2023.0,0,0,-40.32323810245453,28044,15,13091,-13.117046158139436,30543,,13677
,0,,36256,13839,6.0,2023.0,0,0,-40.07626898520171,28861,21,12550,-13.258077592912827,33077,,13486
,0,,33865,14047,6.0,2023.0,0,0,-40.39139004920165,26959,21,12548,-13.0095091857194,29945,,13465
,0,,40635,15085,4.0,2023.0,0,0,-40.5690307981171,25746,15,13371,-12.97334298309097,28636,,13948
,0,,38351,14984,4.0,2023.0,0,0,-40.447323585825494,30121,15,13711,-13.186606317380654,34173,,14500
,0,,44767,15722,4.0,2023.0,0,0,-40.44737332671025,26858,15,13533,-12.930454836542019,34580,,14904
,0,,33680,14642,4.0,2023.0,0,0,-40.699368075903585,21536,15,12475,-13.117046150007665,28682,,13725
,0,,33752,14187,4.0,2023.0,0,0,-40.592101403217455,22680,15,12438,-13.050684921265136,26972,,13060
,0,,38915,14736,4.0,2023.0,0,0,-40.52632388891084,29355,15,13817,-12.905143580319358,35176,,14397
,0,,36316,14667,4.0,2023.0,0,0,-40.62094694101904,28407,15,13515,-13.218063164868392,31838,,14192
,0,,39456,14658,4.0,2023.0,0,0,-40.599685863501094,25187,15,12895,-12.95999038787508,29309,,13700
,0,,32821,14147,4.0,2023.0,0,0,-40.49554200039355,21954,15,12235,-13.135536963080183,26424,,13230
,0,,43349,15094,4.0,2023.0,0,0,-40.60524732627934,28219,15,13115,-13.253624190996621,32592,,13924
,0,,40994,14691,4.0,2023.0,0,0,-40.60900046458971,21257,15,12356,-12.908962373592084,28996,,13354
,0,,35673,14336,4.0,2023.0,0,0,-40.44225142890998,25940,15,12599,-13.18509241532046,29886,,13603
,0,,34172,14221,4.0,2023.0,0,0,-40.476065367451596,28609,15,13234,-13.182665797956847,31449,,13686
,0,,38847,14451,4.0,2023.0,0,0,-40.46707876022283,24553,15,12741,-13.08991982164127,28797,,13283
,0,,42115,15544,4.0,2023.0,0,0,-40.6428831512998,24363,15,13203,-12.915627900107177,29466,,13908
,0,,38597,14219,4.0,2023.0,0,0,-40.48032998114352,26078,15,12759,-12.981331440217572,28968,,13096
,0,,36619,14515,4.0,2023.0,0,0,-40.679174150788675,28952,15,13435,-13.238828306094623,32517,,14076
,0,,34318,13883,4.0,2023.0,0,0,-40.56711226849223,20539,15,11700,-13.135005348126986,28645,,13245
,0,,35912,14394,4.0,2023.0,0,0,-40.63411750110727,25103,15,12753,-13.234221207436383,33265,,13961
,0,,30752,13500,4.0,2023.0,0,0,-40.59883427836529,22794,15,11922,-13.057713702251663,25660,,12473
,0,,31711,13846,4.0,2023.0,0,0,-40.555252866325674,24623,15,12549,-13.218670365082335,26064,,12747
,0,,33090,13911,4.0,2023.0,0,0,-40.68596058098443,24958,15,12530,-13.247802099117283,29253,,13447
,0,,36360,14635,4.0,2023.0,0,0,-40.44537299445903,22669,15,12049,-13.232040445065602,29200,,13822
,0,,35505,14855,4.0,2023.0,0,0,-40.62193163241588,22624,15,12149,-13.164571025412146,25904,,13261
,0,,30992,14377,4.0,2023.0,0,0,-40.704961167759116,21189,15,12101,-13.054144279577963,26543,,13440
,0,,38576,14549,4.0,2023.0,0,0,-40.4523990073001,26293,15,12774,-13.258077554778941,32225,,13728
,0,,34785,14324,4.0,2023.0,0,0,-40.502572603124165,22613,15,12266,-13.177051433548002,31427,,13624
,0,,34212,14564,4.0,2023.0,0,0,-40.679573768114224,26013,15,12696,-13.139023800148006,26183,,13172
,0,,37377,13660,4.0,2023.0,0,0,-40.623964119213746,27446,15,12269,-13.01983692667147,31414,,12732
,0,,38434,14336,4.0,2023.0,0,0,-40.603581787174484,29761,15,13276,-13.264957748774583,33414,,13723
,0,,42000,14855,4.0,2023.0,0,0,-40.43262434300206,22110,15,12333,-12.927907479607214,30134,,13798
,0,,38215,14497,4.0,2023.0,0,0,-40.4805218244982,26155,15,12675,-13.024945458218147,31039,,13578
,0,,32351,13604,4.0,2023.0,0,0,-40.56056338846795,26416,15,12774,-13.217387942137995,27543,,12898
,0,,31537,14082,4.0,2023.0,0,0,-40.449719283468774,24699,15,12526,-13.269129682348185,27288,,13146
,0,,35805,14025,4.0,2023.0,0,0,-40.584191899839546,23637,15,11994,-13.106402824402442,27032,,12961
,0,,37668,14227,4.0,2023.0,0,0,-40.42009010571394,22113,15,11980,-13.087809949222036,29133,,13266
,0,,32747,13641,4.0,2023.0,0,0,-40.52449428672363,22066,15,11800,-13.059880870787875,26646,,12956
,0,,34467,14177,4.0,2023.0,0,0,-40.44916886308216,25049,15,12713,-12.945302859530562,27422,,13323
,0,,29525,13782,4.0,2023.0,0,0,-40.59431916000218,28421,15,13194,-12.898344438776919,30150,,13396
,0,,32004,13875,4.0,2023.0,0,0,-40.64810059453783,25765,15,12606,-13.071262623065762,26629,,13143
,0,,32160,13477,4.0,2023.0,0,0,-40.61722741467311,25632,15,12305,-13.02397496231649,27542,,12801
,0,,34922,14244,4.0,2023.0,0,0,-40.628853734944094,27212,15,12937,-12.981273074561345,29880,,13314
,0,,32817,13565,4.0,2023.0,0,0,-40.68125526115271,26385,15,12490,-13.198040456630507,28191,,12895
,0,,32516,13814,4.0,2023.0,0,0,-40.556364117925746,26187,15,12525,-13.054922775648047,29275,,13250
,0,,31824,13599,4.0,2023.0,0,0,-40.6867755476855,25576,15,12488,-13.014330564271516,27929,,12937
,0,,28854,13435,4.0,2023.0,0,0,-40.72988233491151,25309,15,12531,-13.042934898027237,26667,,13142
,0,,31512,13571,4.0,2023.0,0,0,-40.66751206253826,23177,15,12194,-13.159038267499978,25542,,12580
,0,,30152,13424,4.0,2023.0,0,0,-40.632623122953845,22899,15,12094,-13.172448671234715,26859,,12943
,0,,33189,13632,4.0,2023.0,0,0,-40.635321151091645,22807,15,11941,-13.180466551965383,26676,,12742
,0,,41168,15516,6.0,2023.0,0,0,-40.44371260341636,22293,21,12344,-13.003538284117152,26663,,13310
,0,,39299,15316,6.0,2023.0,0,0,-40.78638789544839,25163,21,13566,-13.084368007574476,29653,,14181
,0,,43441,16002,6.0,2023.0,0,0,-40.460351637399135,25188,21,13059,-12.994422964362792,29591,,14157
,0,,42713,15188,6.0,2023.0,0,0,-40.454481064354255,26500,21,13371,-13.180310030513695,32015,,14253
,0,,38698,14824,6.0,2023.0,0,0,-40.71568979747301,26581,21,13204,-13.007040970040276,32965,,13973
,0,,34765,14508,6.0,2023.0,0,0,-40.48935698989922,22547,21,12442,-13.101903295472583,26287,,13358
,0,,26511,13518,6.0,2023.0,0,0,-38.97594113357661,23784,21,12670,-13.30400904094033,26911,,13427
,0,,39455,14783,6.0,2023.0,0,0,-39.46964384352136,30260,21,13726,-13.35497693095193,38358,,14626
,0,,31671,14360,4.0,2023.0,0,0,-39.645985627156584,25103,15,13048,-13.282656888605402,30858,,14065
,0,,33769,14793,4.0,2023.0,0,0,-39.61854023547532,28380,15,13937,-13.393316242522806,30643,,14611
,0,,40266,15076,4.0,2023.0,0,0,-39.371790775988416,22816,15,12792,-13.300292437723487,30801,,13986
,0,,39536,15105,6.0,2023.0,0,0,-39.617725497362294,27241,21,13699,-13.424157743523644,34205,,14630
,0,,41361,14906,4.0,2023.0,0,0,-39.56124608168934,29181,15,13674,-13.3021454103892,34951,,14344
,0,,36387,14340,4.0,2023.0,0,0,-39.69092361524259,25863,15,13047,-13.360545245619354,32138,,14154
,0,,33861,14465,4.0,2023.0,0,0,-39.963432079997595,27664,15,13213,-13.380563371397416,32422,,13939
,0,,43677,14932,4.0,2023.0,0,0,-39.86967373929543,29449,15,13347,-13.538063773270057,37565,,14639
,0,,33916,14458,4.0,2023.0,0,0,-39.69145297798553,30215,15,13652,-13.377060787224337,32754,,14243
,0,,41783,15375,4.0,2023.0,0,0,-39.92691457226455,23669,15,12980,-13.612306452933506,35995,,14997
,0,,38372,15164,4.0,2023.0,0,0,-39.880364949112504,32195,15,14166,-13.545939870945539,34612,,14627
,0,,43397,14941,4.0,2023.0,0,0,-39.9645411564744,23603,15,12718,-13.315295999286018,38357,,14657
,0,,40284,15165,4.0,2023.0,0,0,-39.86240903902211,26578,15,13235,-13.560121750796045,35374,,14590
,0,,42154,15374,4.0,2023.0,0,0,-39.927315479034995,26493,15,13084,-13.51252115853822,35858,,14760
,0,,45874,15335,4.0,2023.0,0,0,-39.76515670145337,21594,15,12984,-13.415648070720598,35232,,14774
,0,,44183,15496,4.0,2023.0,0,0,-39.67656040783306,29525,15,14388,-13.409795132629716,38685,,15287
,0,,41310,15202,4.0,2023.0,0,0,-40.015260657611094,23532,15,13063,-13.383030353161887,31056,,14281
,0,,35622,15574,4.0,2023.0,0,0,-39.86868799391501,24191,15,13709,-13.591545616039832,33078,,14869
,0,,42822,15580,4.0,2023.0,0,0,-39.77223644789182,23617,15,13594,-13.43339350387501,38849,,15279
,0,,29208,14319,6.0,2023.0,0,0,-39.83193589646796,25055,21,13169,-13.479906789305074,27186,,13724
,0,,29875,14420,6.0,2023.0,0,0,-39.87629588939493,23400,21,12678,-13.437027328481129,26781,,13597
,0,,44920,14893,6.0,2023.0,0,0,-39.804106814086246,31020,21,13283,-13.42843655867508,36630,,13966
,0,,38224,15324,6.0,2023.0,0,0,-39.83984468305429,24361,21,13352,-13.424199615374382,31362,,14564
,0,,45015,15524,6.0,2023.0,0,0,-39.846577838747116,26161,21,13567,-13.431227047876364,32477,,14405
,0,,41585,15632,6.0,2023.0,0,0,-39.85298770081867,23543,21,13386,-13.62709981873658,35385,,15323
,0,,30655,13767,4.0,2023.0,0,0,-39.89584392859123,23074,15,12452,-13.444773237671138,28020,,13310
,0,,38444,14336,4.0,2023.0,0,0,-39.99707443311873,30547,15,13078,-13.290845930558193,36895,,13774
,0,,30525,14062,4.0,2023.0,0,0,-39.94710970914601,23954,15,12498,-13.490547555422868,27853,,13535
,0,,34446,14313,4.0,2023.0,0,0,-39.92899619434006,29485,15,12646,-13.57152643878465,31463,,13739
,0,,34256,14289,4.0,2023.0,0,0,-39.91525367464073,28703,15,12888,-13.532531865163312,30560,,13464
,0,,39610,14865,4.0,2023.0,0,0,-40.01829070448519,27238,15,13020,-13.56697992710713,30469,,13526
,0,,41655,14742,4.0,2023.0,0,0,-39.91950934669409,29998,15,13182,-13.550036169272984,34496,,13719
,0,,39913,14864,4.0,2023.0,0,0,-39.92014465464719,30580,15,13764,-13.533629769622985,35061,,14409
,0,,38393,14976,4.0,2023.0,0,0,-39.93451865037463,27160,15,12835,-13.387851866479716,30460,,13718
,0,,37681,14692,4.0,2023.0,0,0,-39.954252870561774,25198,15,12626,-13.359894769155813,29099,,13643
,0,,30636,14217,6.0,2023.0,0,0,-40.02140585929005,28314,21,13072,-13.274644023311673,29095,,13556
,0,,41119,15877,6.0,2023.0,0,0,-40.124050776115844,30898,21,14261,-13.300292459133551,34917,,15262
,0,,41010,15618,4.0,2023.0,0,0,-40.35973120875372,28415,15,14046,-13.605168293161103,32001,,14404
,0,,40837,15225,4.0,2023.0,0,0,-40.13942831163797,25190,15,13455,-13.413530778770788,33659,,14379
,0,,47962,15790,6.0,2023.0,0,0,-40.358891758091055,26285,21,13537,-13.509020224955437,38220,,15261
,0,,39169,15504,4.0,2023.0,0,0,-40.15779645078877,22594,15,13009,-13.278688062096954,34404,,14954
,0,,37840,14979,6.0,2023.0,0,0,-40.09498142476454,21108,21,12630,-13.300975367963758,29676,,14082
,0,,42997,15072,4.0,2023.0,0,0,-40.07057531284057,21551,15,11918,-13.44473127814909,32737,,14088
,0,,44529,15200,4.0,2023.0,0,0,-40.191306930913925,24472,15,12896,-13.591544363311872,31343,,14005
,0,,38285,15142,4.0,2023.0,0,0,-40.31883252664051,22999,15,12613,-13.475413728763481,30440,,14113
,0,,31472,14362,4.0,2023.0,0,0,-40.28973949602395,26220,15,12963,-13.547796833821481,28778,,13858
,0,,37022,14708,4.0,2023.0,0,0,-40.28631543002564,29672,15,13953,-13.621285429741421,33272,,14271
,0,,31520,13907,4.0,2023.0,0,0,-40.21145831854989,22283,15,12341,-13.627099547507914,29372,,13646
,0,,46219,15498,4.0,2023.0,0,0,-40.17029686184515,30262,15,13772,-13.512528069067619,37543,,14798
,0,,38264,14982,4.0,2023.0,0,0,-40.22122118520091,25915,15,13268,-13.6384311840544,33523,,14494
,0,,43478,15308,4.0,2023.0,0,0,-40.16779012473865,29821,15,13487,-13.553952409408998,36978,,14630
,0,,42424,15410,4.0,2023.0,0,0,-40.073543108555725,21220,15,12437,-13.380545246032874,34300,,14456
,0,,41886,14819,4.0,2023.0,0,0,-40.27047901276008,28878,15,13423,-13.612314634358466,36994,,14486
,0,,41438,15043,4.0,2023.0,0,0,-40.12386636221321,28799,15,13382,-13.41646394129366,33411,,13966
,0,,34783,14374,4.0,2023.0,0,0,-40.26908445221243,26832,15,12744,-13.346870353738222,29647,,13459
,0,,35632,14528,4.0,2023.0,0,0,-40.08702940254681,27730,15,13288,-13.30146247466269,32231,,13870
,0,,43701,15061,4.0,2023.0,0,0,-40.15701232040016,30760,15,13078,-13.545933078409513,36005,,14089
,0,,38257,14683,4.0,2023.0,0,0,-40.20862291508303,27437,15,13156,-13.571825672039155,32042,,14054
,0,,38511,14826,4.0,2023.0,0,0,-40.32054451428657,25597,15,12949,-13.530248833908853,32909,,14167
,0,,37554,14973,4.0,2023.0,0,0,-40.31350610280503,22576,15,12451,-13.302145407253024,31920,,14141
,0,,38352,15344,4.0,2023.0,0,0,-40.36296057523006,27262,15,13048,-13.553802106385662,32020,,14244
,0,,37318,14907,4.0,2023.0,0,0,-40.15704043759078,24429,15,12748,-13.360584561955005,30300,,14017
,0,,42160,15494,6.0,2023.0,0,0,-40.24430256387072,27134,21,13018,-13.282503653759454,32416,,14287
,0,,31913,14294,6.0,2023.0,0,0,-40.39824565764431,26108,21,13082,-13.282656876746364,29096,,14065
,0,,33911,14113,6.0,2023.0,0,0,-40.3462554492652,26583,21,12678,-13.359362166082702,30458,,13479
,0,,31461,13436,6.0,2023.0,0,0,-40.31559615647506,28635,21,12355,-13.336487513692285,29949,,12922
,0,,38479,14873,4.0,2023.0,0,0,-40.192256814120526,26405,15,12953,-13.409850491684516,29256,,13723
,0,,33996,14243,4.0,2023.0,0,0,-40.31620169095336,23101,15,12292,-13.567020996612616,30098,,13417
,0,,37209,14583,4.0,2023.0,0,0,-40.12091323230551,30799,15,13252,-13.421958660862156,32722,,13810
,0,,33743,14173,4.0,2023.0,0,0,-40.08528772077896,24961,15,12453,-13.522238123072185,30831,,13669
,0,,40022,15103,4.0,2023.0,0,0,-40.35555717893097,30113,15,13488,-13.558594624983327,30956,,14045
,0,,33916,13840,4.0,2023.0,0,0,-40.38923878886629,28897,15,12898,-13.627404941234747,32671,,13611
,0,,33596,14346,4.0,2023.0,0,0,-40.232523330801335,25477,15,12879,-13.398492121800903,28748,,13451
,0,,31347,14128,4.0,2023.0,0,0,-40.40112240116483,26268,15,12851,-13.274641525004158,27210,,13238
,0,,39473,14592,4.0,2023.0,0,0,-40.11021797074566,31989,15,13140,-13.42765404675796,35373,,13806
,0,,41945,14850,4.0,2023.0,0,0,-40.17966776425231,25992,15,12920,-13.6134240588264,32443,,14041
,0,,36359,14854,6.0,2023.0,0,0,-40.6923316657786,23152,21,12746,-13.567021028908949,26693,,13264
,0,,42586,15314,6.0,2023.0,0,0,-40.4153562032053,22994,21,12827,-13.320926824089454,30523,,14039
,0,,42235,15428,4.0,2023.0,0,0,-40.554525486089595,25923,15,13223,-13.532536838919034,31732,,14226
,0,,31919,14340,6.0,2023.0,0,0,-40.53314232658195,24981,21,12251,-13.545933081509395,30811,,14059
,0,,39726,15418,6.0,2023.0,0,0,-40.7766155305919,25689,21,13088,-13.283526859939467,26604,,13650
,0,,38076,14785,4.0,2023.0,0,0,-40.744357491514286,25910,15,12570,-13.397454414444704,27257,,13092
,0,,45644,15885,4.0,2023.0,0,0,-40.57642349958829,31787,15,13943,-13.550045346340356,34108,,14775
,0,,41549,15116,4.0,2023.0,0,0,-40.49718824798072,28144,15,13165,-13.31886039562839,32939,,14166
,0,,38511,14145,4.0,2023.0,0,0,-40.69496250094771,21196,15,11660,-13.47541374893149,27667,,12555
,0,,40279,14720,4.0,2023.0,0,0,-40.76919888200919,27804,15,12980,-13.29083351812518,31545,,13712
,0,,36971,14542,4.0,2023.0,0,0,-40.71301576016074,26340,15,12805,-13.354777670186122,28522,,13267
,0,,29801,13392,4.0,2023.0,0,0,-40.77437561633152,23778,15,12240,-13.28265687819703,26909,,13032
,0,,32726,13763,4.0,2023.0,0,0,-40.783877367847616,21111,15,11716,-13.550493225279233,30043,,13292
,0,,28096,14236,4.0,2023.0,0,0,-40.69667448825179,24727,15,12764,-13.530248862274597,26002,,13640
,0,,36579,14342,4.0,2023.0,0,0,-40.59507560465088,30279,15,13344,-13.271888423631026,33012,,13779
,0,,28507,13863,4.0,2023.0,0,0,-40.746115488973096,22939,15,12384,-13.424157738238481,24218,,12853
,0,,34197,14456,4.0,2023.0,0,0,-40.74693022701625,25502,15,13400,-13.39331623617881,30371,,13882
,0,,32603,13736,4.0,2023.0,0,0,-40.560524253559414,23559,15,12305,-13.533637125242945,28037,,13031
,0,,42976,15376,4.0,2023.0,0,0,-40.611540463538006,27639,15,13237,-13.461378963417602,30350,,13548
,0,,28544,13491,4.0,2023.0,0,0,-40.759924192868446,24214,15,12034,-13.431176704394751,25271,,12600
,0,,38591,14573,4.0,2023.0,0,0,-40.44670533606112,27105,15,12827,-13.444731257141664,30635,,13460
,0,,27311,13460,4.0,2023.0,0,0,-40.665869476048066,26424,15,12527,-13.547796859807477,26859,,13050
,0,,31947,14142,6.0,2023.0,0,0,-40.47430451711212,27131,21,13094,-13.612371128999282,29084,,13608
,0,,35801,14275,4.0,2023.0,0,0,-40.66102085548163,24612,15,12675,-13.289164768533155,29730,,13467
,0,,36753,14779,6.0,2023.0,0,0,-40.77725235927302,18184,21,11500,-13.274641525632292,28462,,13242
,0,,38403,14087,4.0,2023.0,0,0,-40.55032019132067,31026,15,12834,-13.377103688803059,34139,,13372
,0,,35261,14219,4.0,2023.0,0,0,-40.54642686540323,30201,15,13105,-13.512528071363366,32953,,13825
,0,,40416,14540,4.0,2023.0,0,0,-40.66243584043591,32052,15,13284,-13.333514875919331,34445,,13635
,0,,35468,14416,4.0,2023.0,0,0,-40.567436930333685,31617,15,13409,-13.591544376478385,32558,,13685
,0,,31753,13559,4.0,2023.0,0,0,-39.321285501965946,26825,15,12925,-12.633429535382689,29032,,13101
,0,,29219,13307,4.0,2023.0,0,0,-39.29969484633809,26636,15,12764,-12.640696172463727,27613,,13080
,0,,30086,13582,4.0,2023.0,0,0,-39.42939335165268,26907,15,12819,-12.62085940991746,27457,,13023
,0,,28437,13766,4.0,2023.0,0,0,-39.28696645960042,23701,15,12316,-12.573789370133799,25225,,13004
,0,,33347,14244,4.0,2023.0,0,0,-39.421936176426804,27173,15,13016,-12.6299845991346,28446,,13669
,0,,29246,13808,4.0,2023.0,0,0,-39.3717927753577,26326,15,12829,-12.553144543994836,28628,,13427
,0,,31592,13878,4.0,2023.0,0,0,-39.37161116513384,25138,15,12662,-12.669360773129078,27112,,13126
,0,,30991,13777,4.0,2023.0,0,0,-39.36880153954691,25769,15,12703,-12.571719719034473,27187,,13067
,0,,32607,13904,4.0,2023.0,0,0,-39.64080897938643,25210,15,12570,-12.543683929813861,27307,,13113
,0,,34613,14071,4.0,2023.0,0,0,-39.60330100164688,24757,15,12497,-12.811546969821975,28876,,13152
,0,,34993,14440,4.0,2023.0,0,0,-39.44822823113183,23518,15,12580,-12.58830422227566,28962,,13621
,0,,31429,13370,4.0,2023.0,0,0,-39.63698020646858,28937,15,12502,-12.880384818132196,30552,,13106
,0,,30181,14058,4.0,2023.0,0,0,-39.43515729444683,26294,15,13275,-12.658218901283586,28876,,13693
,0,,33054,14627,4.0,2023.0,0,0,-39.40478585853984,27621,15,13303,-12.613459303131018,30041,,13939
,0,,34396,13956,4.0,2023.0,0,0,-39.59330962984127,26198,15,12811,-12.894556793004616,30392,,13519
,0,,29009,13474,4.0,2023.0,0,0,-39.48026875240928,25075,15,12626,-12.651381019488102,26689,,12919
,0,,30421,13892,4.0,2023.0,0,0,-39.532242303898286,21292,15,12237,-12.716367711809836,27751,,13429
,0,,34854,14103,4.0,2023.0,0,0,-39.51822080548927,30702,15,13691,-12.865286106650068,33270,,13893
,0,,40809,14946,4.0,2023.0,0,0,-39.418041102565184,25668,15,13083,-12.765461170604114,29300,,13617
,0,,30089,13900,4.0,2023.0,0,0,-39.36865776316282,23306,15,12780,-12.674857670288148,24996,,13162
,0,,32275,14035,4.0,2023.0,0,0,-39.60747423012404,26937,15,12976,-12.858138690723159,29698,,13502
,0,,40112,14751,4.0,2023.0,0,0,-39.5168270067544,25088,15,12840,-12.599739581963716,30215,,13689
,0,,32943,13940,4.0,2023.0,0,0,-39.63285115681719,27718,15,12969,-12.568131315106495,30791,,13494
,0,,36701,15071,4.0,2023.0,0,0,-39.56124680556969,25826,15,13731,-12.554998038335354,34489,,14829
,0,,29508,13753,4.0,2023.0,0,0,-39.46964763205011,18593,15,11632,-12.607849065441545,26277,,13203
,0,,31484,14403,4.0,2023.0,0,0,-39.53404770287508,21138,15,11944,-12.586379159701007,26823,,13513
,0,,32792,14698,4.0,2023.0,0,0,-39.55938926381436,20982,15,12227,-12.686292633443921,29538,,14109
,0,,30204,13830,4.0,2023.0,0,0,-39.49204300388496,24744,15,12786,-12.535347923334644,28365,,13485
,0,,30064,14375,4.0,2023.0,0,0,-39.334771754224285,24017,15,13133,-12.554315908095715,29176,,13905
,0,,35634,14918,4.0,2023.0,0,0,-39.58462725486096,26934,15,13355,-12.60765105635291,31229,,14295
,0,,36445,14998,4.0,2023.0,0,0,-39.61772701865571,20313,15,12134,-12.67705871500575,29639,,14068
,0,,35737,14399,4.0,2023.0,0,0,-39.534056805561264,23135,15,12591,-12.874260535867451,32034,,14038
,0,,31075,14218,4.0,2023.0,0,0,-39.29332962189928,27502,15,13147,-12.559791852643757,29405,,13786
,0,,35086,14532,4.0,2023.0,0,0,-39.56333762935683,24477,15,12466,-12.589353408503277,27341,,13435
,0,,36432,14776,4.0,2023.0,0,0,-39.609895551225954,27013,15,13035,-12.81305482009448,29580,,13831
,0,,31943,14059,4.0,2023.0,0,0,-39.29096469944146,29075,15,13316,-12.689871417329924,30228,,13823
,0,,34937,15405,4.0,2023.0,0,0,-39.63153526778001,23885,15,13218,-12.68408081877922,30742,,14576
,0,,35217,14706,4.0,2023.0,0,0,-39.63465007858937,19416,15,11908,-12.809084353307048,28060,,13808
,0,,37387,15156,4.0,2023.0,0,0,-39.65374007964858,26143,15,13341,-12.85847254385338,32576,,14495
,0,,32489,14622,6.0,2023.0,0,0,-39.40475517679602,25440,21,13249,-12.798879209173835,27200,,13679
,0,,40114,15188,6.0,2023.0,0,0,-39.56829012147659,26371,21,13429,-12.783189435437297,29540,,13991
,0,,42520,15742,6.0,2023.0,0,0,-39.61070383445732,23121,21,13446,-12.806752813430805,35697,,15150
,0,,41578,15532,6.0,2023.0,0,0,-39.75856947879786,31875,21,14488,-12.827404205594691,37846,,15341
,0,,37636,15422,4.0,2023.0,0,0,-39.714817470940396,19485,15,11956,-12.716341760010089,30206,,14575
,0,,40886,15572,4.0,2023.0,0,0,-39.73709508333369,26718,15,13619,-12.728327263320075,33838,,14755
,0,,36333,14885,6.0,2023.0,0,0,-39.7238031640781,27242,21,13625,-12.809105476131126,31865,,14436
,0,,35646,14533,6.0,2023.0,0,0,-39.74327960902575,21437,21,12531,-12.761967339087745,31975,,14086
,0,,39250,15164,6.0,2023.0,0,0,-39.69311163026259,26428,21,13525,-12.858490068132804,32468,,14559
,0,,39789,15149,6.0,2023.0,0,0,-39.689990358885204,20082,21,12409,-12.8115330488909,28652,,14177
,0,,44190,15586,4.0,2023.0,0,0,-39.85674019069622,25234,15,13279,-12.53534857323315,39460,,14983
,0,,30592,14823,4.0,2023.0,0,0,-39.963427530684285,20071,15,11596,-12.633446750877676,28700,,14030
,0,,37057,15406,4.0,2023.0,0,0,-39.67626605872139,25086,15,13126,-12.658166865646159,31125,,14392
,0,,29507,14222,4.0,2023.0,0,0,-39.702219602048494,19612,15,12106,-12.80674955305588,27242,,13761
,0,,37467,15053,4.0,2023.0,0,0,-39.76143661826789,23357,15,12518,-12.607835303358835,31810,,14314
,0,,39764,14870,6.0,2023.0,0,0,-39.70013846025332,27738,21,13281,-12.884532079420113,31914,,14105
,0,,33882,14927,4.0,2023.0,0,0,-39.738935185148755,30859,15,13832,-12.825963495234346,31671,,14541
,0,,39258,14812,4.0,2023.0,0,0,-39.70809105293003,25830,15,13000,-12.620826608999407,31637,,14042
,0,,30473,14085,4.0,2023.0,0,0,-39.72806927603706,21632,15,12354,-12.607732298244768,28938,,13883
,0,,35659,15106,4.0,2023.0,0,0,-40.01121343495582,24294,15,13040,-12.800701265135345,27564,,13737
,0,,42227,14868,4.0,2023.0,0,0,-39.6914521736244,24471,15,12716,-12.629943936788976,32644,,13846
,0,,40660,15132,4.0,2023.0,0,0,-40.01183318220226,31246,15,14435,-12.53638266462562,34818,,14699
,0,,35934,14499,4.0,2023.0,0,0,-39.91950672360529,21531,15,11882,-12.80298394295566,30211,,13491
,0,,33635,14181,4.0,2023.0,0,0,-39.690922947771256,20797,15,11914,-12.61342205480696,29081,,13358
,0,,36795,14194,4.0,2023.0,0,0,-39.95424734227844,18541,15,11329,-12.612769981148986,28669,,13361
,0,,36467,14171,4.0,2023.0,0,0,-39.704448530959446,22569,15,12478,-12.855411798521457,27914,,13624
,0,,41181,14783,4.0,2023.0,0,0,-40.00952146168898,28072,15,13582,-12.559802217589775,33469,,14374
,0,,30229,13898,4.0,2023.0,0,0,-39.695062336615,18323,15,11368,-12.813047161678766,27386,,13471
,0,,29568,13837,6.0,2023.0,0,0,-39.85132164210273,23964,21,12651,-12.89141246816291,28290,,13592
,0,,40221,14672,4.0,2023.0,0,0,-39.667829886820854,28235,15,13124,-12.714232236001749,32278,,13841
,0,,37101,14065,4.0,2023.0,0,0,-39.96453794715985,26359,15,12725,-12.5681542765066,29849,,12879
,0,,32569,14467,4.0,2023.0,0,0,-39.688810282904555,22374,15,12379,-12.553812432577924,26204,,13248
,0,,38730,15080,4.0,2023.0,0,0,-39.934512455707406,20261,15,11886,-12.640737447176207,26051,,13406
,0,,38929,15015,4.0,2023.0,0,0,-39.915250452870495,29782,15,13618,-12.785472838563585,32216,,14162
,0,,28089,13439,4.0,2023.0,0,0,-39.77406376923206,24582,15,12591,-12.531529312765375,25519,,12923
,0,,33540,14130,4.0,2023.0,0,0,-39.99614241353509,21905,15,12043,-12.666398053761002,26974,,13484
,0,,30960,14253,4.0,2023.0,0,0,-39.876287997315934,24796,15,12705,-12.689931144564639,26897,,13195
,0,,29265,13787,4.0,2023.0,0,0,-39.68356247619043,22219,15,12266,-12.783156743733231,26682,,13342
,0,,37224,14030,4.0,2023.0,0,0,-39.83248375529453,21650,15,11931,-12.775212420426064,29449,,13358
,0,,28339,13660,4.0,2023.0,0,0,-39.9337002977911,21698,15,12127,-12.874253892308104,24510,,12931
,0,,33789,13968,4.0,2023.0,0,0,-39.977620764061,24331,15,12224,-12.669347763138003,29031,,13215
,0,,34971,14092,4.0,2023.0,0,0,-39.842059134700115,24326,15,12341,-12.524728589544528,31937,,13592
,0,,32436,13902,4.0,2023.0,0,0,-39.696908624247094,26938,15,12575,-12.571697213053282,29845,,13420
,0,,37370,14369,4.0,2023.0,0,0,-39.814848674775035,25658,15,12614,-12.761435121178518,27648,,13035
,0,,37178,14317,4.0,2023.0,0,0,-39.86966951809591,21734,15,12065,-12.791006453409912,28991,,13420
,0,,33994,13920,4.0,2023.0,0,0,-39.927312062802876,24171,15,12141,-12.76545461129947,28082,,13137
,0,,33573,13760,4.0,2023.0,0,0,-39.7503095649592,27116,15,12679,-12.803489730690254,29679,,13277
,0,,27662,13057,4.0,2023.0,0,0,-39.72826076091774,24028,15,12099,-12.651354711850978,26475,,12800
,0,,30859,13509,4.0,2023.0,0,0,-39.864964321059254,22049,15,12095,-12.65038332185888,27133,,12786
,0,,36816,15349,4.0,2023.0,0,0,-40.073589182104755,22181,15,12467,-12.895586348575467,28830,,14214
,0,,37287,15134,4.0,2023.0,0,0,-40.211113535793366,19498,15,12087,-12.866399296436226,33349,,14730
,0,,38775,15346,4.0,2023.0,0,0,-40.271967281999196,26548,15,13704,-12.697680178690273,32657,,14539
,0,,40505,14889,4.0,2023.0,0,0,-40.397535580724686,24197,15,12892,-12.527488354108607,34795,,14505
,0,,40936,15207,4.0,2023.0,0,0,-40.22911695233858,18953,15,12078,-12.880076711247609,31991,,14195
,0,,38061,14770,4.0,2023.0,0,0,-40.33955755537071,23102,15,12361,-12.63344674181117,30534,,13949
,0,,35278,14845,4.0,2023.0,0,0,-40.28230330839982,21692,15,12472,-12.555006623166461,30296,,14165
,0,,39843,14750,4.0,2023.0,0,0,-40.22270072429955,26948,15,13081,-12.68412853019219,32746,,14291
,0,,44319,15455,4.0,2023.0,0,0,-40.25918951579035,27364,15,13063,-12.80690506070441,35137,,14459
,0,,48064,15631,4.0,2023.0,0,0,-40.33459440302957,33131,15,14094,-12.677542342651499,39228,,15044
,0,,32290,14310,4.0,2023.0,0,0,-40.25241801545535,24402,15,12977,-12.689931130500081,27278,,13607
,0,,36222,14600,4.0,2023.0,0,0,-40.21596812685204,22907,15,11942,-12.677098399986036,29425,,13554
,0,,38765,14569,4.0,2023.0,0,0,-40.25747330350403,26570,15,13124,-12.61226328733496,31159,,13917
,0,,39900,14972,4.0,2023.0,0,0,-40.23853556188708,23657,15,12627,-12.813072878045652,30489,,14054
,0,,44265,15364,4.0,2023.0,0,0,-40.244815895414,25278,15,12848,-12.844508864855067,34459,,14415
,0,,32265,14230,4.0,2023.0,0,0,-40.29563674499444,26506,15,12705,-12.802983928321359,31689,,13606
,0,,35651,14664,4.0,2023.0,0,0,-40.18023141241001,24969,15,13054,-12.681337164466244,26874,,13847
,0,,42012,14676,4.0,2023.0,0,0,-40.1412830779868,28797,15,13045,-12.668544263762564,32430,,13900
,0,,42749,14894,4.0,2023.0,0,0,-40.365208100080004,24482,15,12589,-12.57381569390079,29313,,13581
,0,,45011,15155,4.0,2023.0,0,0,-40.24579953573833,25350,15,12767,-12.791006436870932,32042,,13378
,0,,39458,15188,4.0,2023.0,0,0,-40.090947476963834,25049,15,12827,-12.71634175737294,27843,,13478
,0,,34345,13803,4.0,2023.0,0,0,-40.11940961718395,26921,15,12957,-12.761967325583987,27037,,13120
,0,,32660,13973,4.0,2023.0,0,0,-40.30304375358485,24996,15,12559,-12.865278299883938,27987,,13245
,0,,40338,14769,4.0,2023.0,0,0,-40.39947014253917,27811,15,13087,-12.85811517002161,33467,,13828
,0,,41646,14992,4.0,2023.0,0,0,-40.40653527564615,20685,15,11784,-12.880373349902046,33993,,14199
,0,,30620,13780,4.0,2023.0,0,0,-40.25649130971413,25710,15,12938,-12.798885628115881,29915,,13595
,0,,39318,14407,4.0,2023.0,0,0,-40.227451658372175,23374,15,12463,-12.89141244864697,33199,,13778
,0,,38182,14240,4.0,2023.0,0,0,-40.06494028698028,23247,15,12693,-12.553812460657033,29044,,13411
,0,,36802,14029,4.0,2023.0,0,0,-40.135805097454806,25561,15,12783,-12.588290920750941,28790,,13389
,0,,43376,14596,4.0,2023.0,0,0,-40.067582177895346,25579,15,12642,-12.629943951482746,29027,,13380
,0,,36748,14976,4.0,2023.0,0,0,-40.20805790601436,25783,15,13010,-12.73282703380784,27840,,13441
,0,,33415,13529,4.0,2023.0,0,0,-40.19097868830204,25723,15,12403,-12.761435102901391,28190,,13001
,0,,29206,13614,4.0,2023.0,0,0,-40.30344208477629,20052,15,11434,-12.765454597813994,26563,,13266
,0,,40550,14851,4.0,2023.0,0,0,-40.058242846908215,22940,15,12333,-12.586002307673557,31849,,13758
,0,,38870,14607,4.0,2023.0,0,0,-40.192899383851795,25555,15,12453,-12.599741628019009,29845,,13860
,0,,39992,14655,4.0,2023.0,0,0,-40.15019377971641,20848,15,11991,-12.531529335623036,32018,,13558
,0,,36514,14511,4.0,2023.0,0,0,-40.24984461372905,23878,15,12627,-12.589367781099071,29105,,13661
,0,,42126,14632,4.0,2023.0,0,0,-40.07303862892983,25056,15,12142,-12.571697237193234,33284,,13656
,0,,35075,14090,4.0,2023.0,0,0,-40.13756662779972,25223,15,12594,-12.60783531445086,33529,,13790
,0,,30837,13970,4.0,2023.0,0,0,-40.218189150294265,23012,15,11902,-12.524728606519993,28726,,13553
,0,,37024,14066,4.0,2023.0,0,0,-40.08422105845213,23050,15,11893,-12.620826623509569,27985,,13212
,0,,41559,15343,4.0,2023.0,0,0,-40.13065354923853,26571,15,13050,-12.86535746067771,34130,,14319
,0,,34746,14278,4.0,2023.0,0,0,-40.071243165201615,25077,15,13004,-12.556846386015318,32242,,13812
,0,,35564,14388,4.0,2023.0,0,0,-40.291380473937636,21260,15,12000,-12.78547282412103,28092,,13235
,0,,35030,14741,4.0,2023.0,0,0,-40.04846849576582,24628,15,12691,-12.781338380545092,27381,,13676
,0,,36761,15193,4.0,2023.0,0,0,-40.266752671395245,28230,15,13697,-12.542015486599432,32370,,14465
,0,,29534,13769,4.0,2023.0,0,0,-40.117451862622794,26717,15,12677,-12.868888915765638,27994,,13290
,0,,46984,15380,4.0,2023.0,0,0,-40.34860145789737,27300,15,13149,-12.894555337841545,34393,,14046
,0,,42971,14958,4.0,2023.0,0,0,-40.296271615338036,26372,15,12944,-12.786571222171602,32807,,14413
,0,,32109,13458,4.0,2023.0,0,0,-40.06705295200269,24595,15,12348,-12.61342207239864,27460,,12986
,0,,35956,13807,4.0,2023.0,0,0,-40.41025790534759,27851,15,12872,-12.710789753384725,30503,,13365
,0,,31066,13768,4.0,2023.0,0,0,-40.11506519297721,24734,15,12500,-12.825963472267865,29131,,13240
,0,,37026,14432,4.0,2023.0,0,0,-40.078349607124416,24801,15,12406,-12.806749536192816,25321,,12852
,0,,35235,14001,4.0,2023.0,0,0,-40.05969247986698,25703,15,12521,-12.783156732906859,27406,,12847
,0,,33654,13600,4.0,2023.0,0,0,-40.069241634653864,21347,15,11751,-12.858490043334388,25829,,13003
,0,,36898,14298,4.0,2023.0,0,0,-40.10419928306201,27073,15,12818,-12.607732312889992,31300,,13603
,0,,33666,13693,4.0,2023.0,0,0,-40.11322509102949,23851,15,12329,-12.728327256261588,24807,,12748
,0,,33567,13793,4.0,2023.0,0,0,-40.09993317077264,24896,15,12448,-12.809105456583488,26866,,12995
,0,,30412,13299,4.0,2023.0,0,0,-40.06612036304437,23309,15,12144,-12.811533032503132,24569,,12570
,0,,32152,14094,4.0,2023.0,0,0,-40.223554477279,24734,15,12392,-12.586386414379112,28541,,13418
,0,,35967,14112,4.0,2023.0,0,0,-40.056494242279584,24782,15,12418,-12.554298783292488,29995,,13593
,0,,30794,13873,4.0,2023.0,0,0,-40.043959889316056,25681,15,12379,-12.714232238703696,25519,,12769
,0,,29870,13582,4.0,2023.0,0,0,-40.09470935078414,25025,15,12534,-12.553132170466387,27540,,13247
,0,,35608,14930,4.0,2023.0,0,0,-40.022115610181785,25422,15,12406,-13.656125340054066,30569,,13787
,0,,35800,14077,4.0,2023.0,0,0,-39.73408602525723,32831,15,13227,-13.801095507819184,34792,,13847
,0,,36687,14804,4.0,2023.0,0,0,-39.93946538370503,28644,15,13505,-13.709946745895136,30879,,14085
,0,,47516,15568,4.0,2023.0,0,0,-39.94441166575143,24969,15,13532,-13.903670741733075,31843,,14223
,0,,38609,14596,4.0,2023.0,0,0,-39.99466963840842,29857,15,13530,-13.766763847459885,36774,,14439
,0,,35447,14580,4.0,2023.0,0,0,-39.763295429797346,29141,15,13503,-13.786975253068691,34220,,14244
,0,,39711,14873,4.0,2023.0,0,0,-39.970124734414256,33777,15,14011,-13.732816661672775,36693,,14445
,0,,38709,15279,4.0,2023.0,0,0,-39.99385473425786,26889,15,13598,-13.797599424108652,32950,,14611
,0,,40958,14750,4.0,2023.0,0,0,-39.93737571680612,28582,15,13721,-13.675611266006756,31041,,13767
,0,,37867,15117,4.0,2023.0,0,0,-39.81612316208895,28921,15,13859,-13.783295990028227,35193,,14728
,0,,41896,14594,4.0,2023.0,0,0,-39.935513455176775,31801,15,13202,-13.806830124647973,37236,,14278
,0,,32869,14549,6.0,2023.0,0,0,-40.02499236754,27930,21,13456,-13.648111478596675,31109,,14172
,0,,43022,15312,4.0,2023.0,0,0,-39.91018470983194,30271,15,13866,-13.994690092058608,40140,,15028
,0,,42898,15509,4.0,2023.0,0,0,-39.82416162184118,32299,15,14353,-13.923463875011233,38657,,15076
,0,,36990,14706,4.0,2023.0,0,0,-39.76225088684416,25645,15,13267,-13.911470671472102,35460,,14352
,0,,45103,15482,4.0,2023.0,0,0,-39.79182770208903,30985,15,14239,-13.863990872571671,35881,,14919
,0,,43678,15417,4.0,2023.0,0,0,-39.66904615304864,24679,15,13735,-14.012281086118039,40609,,15164
,0,,42258,15562,4.0,2023.0,0,0,-39.982760228778616,32525,15,14583,-13.882445763176927,37754,,15182
,0,,36790,15455,6.0,2023.0,0,0,-39.80826226157172,26841,21,14251,-13.90705876437749,35421,,15312
,36462,,12785,7078,8.0,2023.0,65535,65535,-38.54106920500833,11373,33,4956,-12.933399368873049,12141,,6127
,34159,,14149,8185,8.0,2023.0,65535,65535,-38.539039525218264,11503,33,5181,-12.986327652187162,12250,,6254
,31297,,12899,7131,8.0,2023.0,65535,38031,-38.54743433127056,11225,33,4678,-13.01428822368284,11453,,5186
,36100,,12944,7392,8.0,2023.0,65535,65535,-38.569024296750285,11228,33,4758,-13.007023346642395,12273,,6164
,65535,,13058,7326,8.0,2023.0,65535,65535,-38.5347063036385,12684,33,6517,-12.947394071049318,12750,,6787
,65535,,13246,6265,8.0,2023.0,65535,65535,-38.85844222430879,11636,33,3553,-13.180313430402393,11855,,4003
,65535,,14419,6844,8.0,2023.0,65535,65535,-38.85763387654309,11958,33,3810,-13.18661423646834,11841,,4130
,65535,,11638,4658,8.0,2023.0,42162,65535,-38.94787901526778,11796,33,3394,-13.258077604466258,11733,,3857
,65535,,12804,5222,8.0,2023.0,65535,65535,-38.958639430995056,11710,33,3293,-13.301462487003253,11743,,3762
,7900,,13945,8968,8.0,2023.0,0,0,-38.99566079899557,13231,33,8173,-13.300292470979796,13883,,8733
14641.0,0,14436.0,39880,15981,0.0,2024.0,0,0,-38.88854897118663,28347,3,14718,-12.917294667903095,36533,13242.0,15911
14522.0,0,14406.0,39460,15810,0.0,2024.0,0,0,-38.89372568149277,28524,3,14790,-12.909116545289223,37044,13287.0,15636
14799.0,0,14552.0,38166,16118,0.0,2024.0,0,0,-38.89596559442162,27685,3,14662,-12.909986734706903,36426,13279.0,15795
14605.0,0,14398.0,38149,16101,0.0,2024.0,0,0,-38.89660241111129,28383,3,15104,-12.90109970178945,34239,12810.0,15916
14521.0,0,14050.0,39616,15601,0.0,2024.0,0,0,-39.06259228179189,29468,3,14263,-13.135005388872822,36110,12647.0,15208
15090.0,0,15038.0,45366,16239,0.0,2024.0,0,0,-39.07342159024197,27587,3,15124,-13.265292515856904,43079,13104.0,16193
14408.0,0,14232.0,41084,15643,0.0,2024.0,0,0,-39.17465416929974,22419,3,13546,-13.23882832732747,37582,12277.0,15482
14761.0,0,14615.0,40102,16156,0.0,2024.0,0,0,-39.05604340146904,31370,3,15138,-13.217387979780668,38371,13602.0,15885
15058.0,0,14504.0,45613,16015,0.0,2024.0,0,0,-39.175053786643275,22587,3,13343,-13.139023826123482,38489,12018.0,15685
14417.0,0,14183.0,37703,15755,0.0,2024.0,0,0,-38.92810435003567,27237,3,14059,-12.927907485425393,35575,12469.0,15541
15005.0,0,14710.0,44968,16011,0.0,2024.0,0,0,-39.05073287907848,28713,3,14384,-13.218670403348579,39167,13053.0,15751
14994.0,0,14383.0,44295,16131,0.0,2024.0,0,0,-38.96631958179274,26672,3,14438,-12.926741685542185,37070,13235.0,15696
14982.0,0,14685.0,42430,16220,0.0,2024.0,0,0,-38.949961072408975,33189,3,14924,-13.180310074311004,41673,14132.0,15977
14773.0,0,14490.0,39708,16005,0.0,2024.0,0,0,-38.9715453765119,31866,3,15239,-13.182665843438633,37806,13933.0,15733
15252.0,0,14921.0,44796,16394,0.0,2024.0,0,0,-38.93130325320922,32145,3,14668,-13.156721505813264,41699,13537.0,16109
14424.0,0,14171.0,39543,15574,0.0,2024.0,0,0,-39.130801167566375,32973,3,14611,-13.180466581692851,36514,13680.0,15381
14421.0,0,13965.0,37860,15934,0.0,2024.0,0,0,-39.22021147083623,28365,3,14799,-13.268099250149557,34495,13226.0,15551
15150.0,0,14275.0,44547,16275,0.0,2024.0,0,0,-39.16299208050626,31266,3,14755,-13.159038294082821,37365,13383.0,15526
14471.0,0,14441.0,39900,15886,0.0,2024.0,0,0,-39.18144059980873,30671,3,14841,-13.247802119038457,37605,13346.0,15536
14725.0,0,14487.0,41720,15944,1.0,2024.0,0,0,-39.601492341896034,30635,4,14486,-13.042934923613513,39689,12708.0,15445
14785.0,0,14409.0,42310,16143,0.0,2024.0,0,0,-39.557570584187665,36262,3,15551,-13.247802110558228,34275,14215.0,15686
15434.0,0,14945.0,47763,16428,0.0,2024.0,0,0,-39.449551570325916,33039,3,15066,-13.265292491897888,42087,13654.0,16106
14977.0,0,14650.0,46215,15947,0.0,2024.0,0,0,-39.488837411944964,26576,3,14180,-13.023974987439509,42306,12715.0,15679
14595.0,0,14383.0,39298,16112,0.0,2024.0,0,0,-39.32132926630622,28661,3,14881,-13.269129689864924,36179,13390.0,15781
14069.0,0,13977.0,36317,15726,0.0,2024.0,0,0,-39.296208896265114,20094,3,13395,-13.154903280706817,34617,12007.0,15729
15277.0,0,14907.0,48315,16594,0.0,2024.0,0,0,-39.65799790730982,23939,3,14031,-13.08436803097556,44391,12691.0,16211
15585.0,0,14940.0,50759,16502,0.0,2024.0,0,0,-39.365192868603344,34883,3,15475,-13.242437974551017,41920,14121.0,16305
15201.0,0,14954.0,43759,16577,0.0,2024.0,0,0,-39.47129585926471,28889,3,14950,-12.959990416062375,40249,13159.0,16275
14849.0,0,14800.0,44158,16122,0.0,2024.0,0,0,-39.486277294013256,29428,3,14732,-13.18663325071559,38740,13326.0,15965
14409.0,0,13584.0,45043,16000,1.0,2024.0,0,0,-39.80552069584316,23917,4,13588,-12.994456718888772,37255,11950.0,15276
14403.0,0,13589.0,37426,15749,1.0,2024.0,0,0,-39.722044734398,21302,4,13048,-13.23889351228618,33083,11718.0,15194
14066.0,0,13425.0,37951,15538,1.0,2024.0,0,0,-39.91018610700285,22273,4,12875,-13.247808942449803,33281,11689.0,15108
13887.0,0,13165.0,36994,15220,0.0,2024.0,0,0,-39.777220027483004,20081,3,12799,-13.186624028479688,32414,11529.0,14748
14399.0,0,14287.0,37643,16059,0.0,2024.0,0,0,-39.75009893474853,18746,3,12676,-13.218655745797475,35924,11674.0,15903
14601.0,0,14244.0,42647,15895,0.0,2024.0,0,0,-39.73682131792667,20398,3,13304,-13.051128190655403,38577,11952.0,15618
13921.0,0,12891.0,40916,15023,1.0,2024.0,0,0,-39.90876112610193,23018,4,12273,-12.915624333089344,35373,11301.0,14311
13516.0,0,13295.0,37781,15152,1.0,2024.0,0,0,-39.835328671203854,26166,4,13523,-13.253623979099906,31624,12073.0,14568
14334.0,0,13472.0,44730,15719,1.0,2024.0,0,0,-39.78166666960256,31093,4,14164,-12.905145624068323,34502,13118.0,15084
14747.0,0,14115.0,44556,15772,1.0,2024.0,0,0,-39.66945921072498,20848,4,12609,-12.933399373412128,38218,11690.0,15398
14842.0,0,13990.0,49481,16299,1.0,2024.0,0,0,-39.824356610507024,23071,4,13540,-12.961907858229655,41950,12079.0,15897
13677.0,0,13347.0,36383,15458,1.0,2024.0,0,0,-39.84509130584671,21777,4,13551,-13.264957790711058,32610,11980.0,15314
14074.0,0,13765.0,38185,15538,0.0,2024.0,0,0,-39.75411588248772,20633,3,13320,-13.217373948324672,33287,12162.0,15241
14630.0,0,14049.0,45738,15946,1.0,2024.0,0,0,-40.031617515340066,26870,4,14607,-13.177004608293846,36690,12911.0,15545
13910.0,0,13550.0,35553,15593,0.0,2024.0,0,0,-39.819789556180986,25792,3,13827,-13.265291936749025,31119,12220.0,14978
14461.0,0,14102.0,41572,16119,0.0,2024.0,0,0,-39.83249440512248,20152,3,13268,-13.198339466856687,36028,11963.0,15729
14358.0,0,14090.0,43407,16092,0.0,2024.0,0,0,-39.94441730903895,21750,3,13713,-13.156755100826723,38431,12159.0,15708
14948.0,0,13301.0,47592,16227,0.0,2024.0,0,0,-39.892955719729784,24949,3,13531,-12.973340932200434,36626,12184.0,15168
14902.0,0,14245.0,46074,16447,0.0,2024.0,0,0,-39.7091584417034,19894,3,13229,-13.148743328607518,39802,11875.0,16009
14065.0,0,14043.0,40286,15886,0.0,2024.0,0,0,-39.82416534869853,28708,3,14143,-13.176554953102292,34575,12780.0,15367
13941.0,0,13809.0,42884,15399,1.0,2024.0,0,0,-39.91361241388184,27518,4,13942,-13.17430622228712,36448,12689.0,15109
13704.0,0,13591.0,34564,15641,0.0,2024.0,0,0,-39.78088374128427,32083,3,14946,-13.172442099586267,31489,12554.0,15411
14166.0,0,14062.0,39747,15502,0.0,2024.0,0,0,-39.687839721720046,27360,3,14371,-13.200927249369103,37420,12677.0,15463
13547.0,0,13216.0,36391,15394,1.0,2024.0,0,0,-40.013109484921515,29384,4,14115,-13.253930842710504,32632,12742.0,14804
14609.0,0,14350.0,45901,16064,1.0,2024.0,0,0,-39.84599220411948,28245,4,14161,-13.084435474829228,38599,12713.0,15544
14598.0,0,14229.0,44107,16131,0.0,2024.0,0,0,-39.74792176850622,29688,3,14733,-12.926754467637004,37829,13219.0,15637
14681.0,0,14263.0,45730,15942,1.0,2024.0,0,0,-39.74773875819084,25538,4,13787,-13.042948320077791,39257,12451.0,15630
14300.0,0,14181.0,38243,15921,0.0,2024.0,0,0,-39.68701344057672,31070,3,14970,-13.258069693621158,34448,13568.0,15585
13685.0,0,13524.0,34013,15293,0.0,2024.0,0,0,-39.73408989629241,29670,3,14252,-13.05414072725745,32305,12622.0,15067
14691.0,0,14393.0,47802,16274,0.0,2024.0,0,0,-39.84463849939235,30448,3,14718,-13.234223495959286,37269,13192.0,16010
14249.0,0,13712.0,41866,15925,0.0,2024.0,0,0,-40.008981018349075,30459,3,14806,-12.94173749579961,34724,13135.0,15489
14916.0,0,14096.0,50583,16377,1.0,2024.0,0,0,-39.79806317669982,28524,4,14232,-13.00358011736243,38828,12844.0,15814
14733.0,0,14574.0,47323,16169,0.0,2024.0,0,0,-39.986023846045875,31456,3,14723,-13.186614229404057,40606,13039.0,15755
14774.0,0,14427.0,44774,16399,0.0,2024.0,0,0,-39.79166154524312,29665,3,14819,-13.180462907779436,38094,13210.0,15830
15158.0,0,15043.0,47969,16761,0.0,2024.0,0,0,-39.69444614273238,30832,3,15232,-13.071221783068676,44460,13445.0,16508
14589.0,0,13622.0,44318,15926,1.0,2024.0,0,0,-39.86817277333396,29018,4,13868,-12.908961752288489,35101,12631.0,14985
14118.0,0,14026.0,40213,15602,1.0,2024.0,0,0,-39.94007426820944,29594,4,14207,-13.193534302928942,35816,12789.0,15351
14628.0,0,14524.0,46787,16307,0.0,2024.0,0,0,-39.89434989891012,30141,3,14505,-13.238836329962526,38832,12923.0,15875
14621.0,0,14396.0,49696,15905,0.0,2024.0,0,0,-39.97942907965953,33173,3,14868,-13.185106761903254,41776,13459.0,15611
15192.0,0,14910.0,46910,16300,0.0,2024.0,0,0,-39.695480109368674,38124,3,15260,-13.269128531351233,43530,14050.0,16043
14989.0,0,14278.0,45343,15957,1.0,2024.0,0,0,-39.66742953116701,29108,4,13486,-12.986327657447161,42452,12336.0,15650
14058.0,0,13083.0,41479,15562,1.0,2024.0,0,0,-39.91057327063417,27974,4,13558,-13.042137563006081,35097,12098.0,14811
14684.0,0,14272.0,47599,16313,0.0,2024.0,0,0,-40.28201408749123,26860,3,14363,-13.198333311707719,39260,12687.0,15955
14641.0,0,14462.0,44538,16451,0.0,2024.0,0,0,-40.20181157906839,36143,3,15604,-13.265292506154225,38254,14138.0,16094
14515.0,0,14298.0,44078,16254,0.0,2024.0,0,0,-40.24984627811498,28782,3,14613,-12.962971154471598,37042,12963.0,15935
14878.0,0,14450.0,52358,16277,0.0,2024.0,0,0,-40.211114282044456,34880,3,15183,-13.239949421874805,39753,13732.0,15846
14189.0,0,13863.0,42448,15788,0.0,2024.0,0,0,-40.24580164371687,25736,3,14011,-13.164571042986198,35791,12475.0,15220
14154.0,0,14040.0,43165,15783,0.0,2024.0,0,0,-40.303044173362586,31970,3,14885,-13.238828317378616,34670,13447.0,15447
14796.0,0,14167.0,49464,16043,1.0,2024.0,0,0,-40.06758257959673,36785,4,15286,-13.003538303372187,40091,13122.0,15623
14457.0,0,13991.0,44133,16176,0.0,2024.0,0,0,-40.208616731853155,31080,3,14751,-13.148780063472126,36961,13173.0,15569
14724.0,0,13656.0,47213,16388,1.0,2024.0,0,0,-40.309830604894216,21138,4,12657,-13.247802109657913,36671,11506.0,15592
14554.0,0,14425.0,45863,16028,0.0,2024.0,0,0,-40.241097425044956,26901,3,14305,-13.02397497620634,40849,12838.0,15747
14459.0,0,13652.0,41668,15836,1.0,2024.0,0,0,-40.04396007724023,26369,4,14011,-13.087809976506286,36727,12248.0,15178
13876.0,0,13084.0,40298,15689,1.0,2024.0,0,0,-40.25649313636002,30874,4,14210,-13.172448687597662,36084,12635.0,15192
14394.0,0,13920.0,44475,16113,1.0,2024.0,0,0,-40.29627314380265,28787,4,14306,-13.160136430703623,37601,12762.0,15693
13747.0,0,13336.0,38300,15356,1.0,2024.0,0,0,-40.059693220647645,25364,4,13854,-13.15672149903157,34887,12372.0,14890
14629.0,0,13834.0,42841,16366,1.0,2024.0,0,0,-40.37227352867521,22063,4,13261,-13.039985493315704,34495,11749.0,15642
13360.0,0,13340.0,33123,15380,1.0,2024.0,0,0,-40.25798751480767,29709,4,14687,-13.234221224001141,31432,12939.0,15085
13856.0,0,13148.0,37811,15780,1.0,2024.0,0,0,-40.3486014817566,28248,4,13955,-13.268099242197795,31250,12410.0,15203
14726.0,0,14332.0,42651,16115,1.0,2024.0,0,0,-40.06494039029882,31728,4,14742,-12.927421406100711,40210,13089.0,15770
14280.0,0,13648.0,43305,15907,0.0,2024.0,0,0,-40.32883119541049,27928,3,13814,-13.054144286650565,34731,12432.0,15433
14021.0,0,13593.0,36841,15704,1.0,2024.0,0,0,-40.33038012703449,25083,4,13544,-12.986368288562772,32386,12060.0,15319
13289.0,0,13008.0,33700,15106,1.0,2024.0,0,0,-40.06924297096946,27249,4,13874,-13.232040483424,30712,12389.0,14612
14693.0,0,13987.0,49551,16217,1.0,2024.0,0,0,-40.24783413091364,22813,4,13424,-13.01983693993778,35700,11897.0,15699
13708.0,0,13387.0,38512,15225,1.0,2024.0,0,0,-40.10419996454123,28034,4,13560,-12.981331456112105,33598,12286.0,14441
14715.0,0,12854.0,46042,16212,1.0,2024.0,0,0,-40.38796373228862,22279,4,12764,-12.909994858726337,31325,11715.0,14672
14937.0,0,14244.0,47191,16214,1.0,2024.0,0,0,-40.386600306167026,26332,4,13561,-12.909124017098396,37895,11965.0,15570
13505.0,0,13108.0,38802,15215,1.0,2024.0,0,0,-40.25919116502885,32173,4,14133,-13.18046656805842,33561,12665.0,14789
14291.0,0,13826.0,46727,15587,1.0,2024.0,0,0,-40.05649431699653,24718,4,13182,-12.927907492987064,37764,11919.0,15064
14996.0,0,13704.0,51534,16475,1.0,2024.0,0,0,-40.30512528413664,24099,4,13592,-13.198040467407203,32913,12081.0,15141
15142.0,0,13821.0,54185,16396,1.0,2024.0,0,0,-40.22355587041396,28783,4,14150,-12.959990397112715,40984,12524.0,15577
13804.0,0,12968.0,37084,15697,1.0,2024.0,0,0,-40.28230421814495,25624,4,13849,-12.928616460294032,30117,11996.0,14777
14086.0,0,13477.0,41566,15754,1.0,2024.0,0,0,-40.07124330361096,23835,4,13612,-12.930454849512442,31675,11838.0,15182
14165.0,0,12946.0,46586,15433,1.0,2024.0,0,0,-40.15019388136591,21718,4,12688,-12.905143587944513,34451,11036.0,14824
14654.0,0,13265.0,51763,15854,1.0,2024.0,0,0,-40.07358926083594,27920,4,13566,-13.26912972086523,37544,12144.0,14983
14958.0,0,13763.0,47745,16415,1.0,2024.0,0,0,-40.33955982723639,27714,4,13808,-13.00704097555425,38597,12311.0,15566
14588.0,0,12674.0,48563,15542,1.0,2024.0,0,0,-40.094709554508846,23165,4,12482,-12.926741689231488,31964,11356.0,13918
14098.0,0,13475.0,36717,15609,0.0,2024.0,0,0,-40.470839572984126,25270,3,13537,-12.926741677534652,29121,12145.0,14639
14759.0,0,14309.0,45674,16322,0.0,2024.0,0,0,-40.76409369299393,26890,3,14496,-12.909994860425105,42488,12841.0,16252
13896.0,0,13664.0,37906,15402,1.0,2024.0,0,0,-40.63360561747196,28430,4,13892,-12.985862224519822,32482,12917.0,15132
14533.0,0,14471.0,46503,15885,1.0,2024.0,0,0,-40.51193587230824,30456,4,14295,-12.961894127052213,40244,13091.0,15429
14007.0,0,13921.0,38832,15577,1.0,2024.0,0,0,-40.51369765259006,31183,4,14471,-12.981434777330058,34740,13217.0,15287
15219.0,0,14377.0,49503,16282,1.0,2024.0,0,0,-40.6428831512998,27105,4,14682,-12.915627900107177,45727,12584.0,16156
15175.0,0,14913.0,51008,16514,1.0,2024.0,0,0,-40.77366569318181,34981,4,15302,-12.901102096851627,46169,13615.0,16192
14572.0,0,14015.0,42843,16128,1.0,2024.0,0,0,-40.658434199664285,22944,4,13585,-12.928616456096105,37174,12199.0,15696
15266.0,0,14102.0,58221,16396,1.0,2024.0,0,0,-40.49119773806473,26429,4,13971,-13.199520751736342,38234,12411.0,15456
14494.0,0,13511.0,43448,16195,1.0,2024.0,0,0,-40.506784639391725,25007,4,13748,-13.238907324724183,37033,11789.0,15410
14832.0,0,13496.0,48421,16312,1.0,2024.0,0,0,-40.456710219908196,28168,4,14438,-13.22896294077233,36158,12406.0,15416
14917.0,0,14693.0,47843,16356,1.0,2024.0,0,0,-40.77055053143078,29447,4,14702,-13.193494232227687,40627,12975.0,15898
14377.0,0,13203.0,40178,16044,1.0,2024.0,0,0,-40.721395773217544,29163,4,14481,-13.04843599557941,32595,12664.0,15016
14648.0,0,14018.0,43812,16052,1.0,2024.0,0,0,-40.67240312256101,31387,4,14747,-13.160136419113117,35919,13225.0,15455
14814.0,0,13927.0,49688,15823,1.0,2024.0,0,0,-40.6285519440358,30505,4,14199,-13.063515142459057,40319,12886.0,15455
14221.0,0,12600.0,40675,15964,1.0,2024.0,0,0,-40.5779415764328,22628,4,12762,-13.265292482800671,28586,11329.0,14309
14284.0,0,13523.0,40789,15804,1.0,2024.0,0,0,-40.65814406906023,26505,4,13949,-13.19833329819554,32072,12467.0,15008
15325.0,0,14713.0,55619,16339,1.0,2024.0,0,0,-40.7413398605186,31908,4,15079,-12.94742105089471,44009,12762.0,15910
14419.0,0,13470.0,41691,15962,1.0,2024.0,0,0,-40.76178250169207,20781,4,13597,-12.933409944903747,32525,12035.0,15381
14907.0,0,13395.0,48669,16480,1.0,2024.0,0,0,-40.42882015632432,22517,4,12965,-13.03627917742186,34142,11716.0,15414
14409.0,0,12905.0,42857,15869,1.0,2024.0,0,0,-40.67176803378357,28143,4,14012,-13.176545973251748,29814,12585.0,14880
14673.0,0,12608.0,44463,15971,1.0,2024.0,0,0,-40.72473145021277,24144,4,13298,-13.268099236180044,30272,11967.0,14597
14821.0,0,13668.0,51985,15797,1.0,2024.0,0,0,-40.43437303871622,23425,4,12678,-12.959604936401963,35855,11604.0,14872
14198.0,0,13400.0,41310,15907,1.0,2024.0,0,0,-40.51083181459388,26227,4,13892,-13.200961385938754,32375,12185.0,15077
14730.0,0,12971.0,46541,16299,1.0,2024.0,0,0,-40.42459891558801,23184,4,12592,-13.154903267128443,30744,11283.0,14918
15573.0,0,13956.0,53554,16461,1.0,2024.0,0,0,-40.70651009907816,23700,4,13777,-12.986368282094105,32807,12072.0,15694
14957.0,0,14581.0,49759,16245,1.0,2024.0,0,0,-40.44318330926815,27700,4,13588,-12.987019574228626,38632,12562.0,15810
14501.0,0,12471.0,41433,16083,1.0,2024.0,0,0,-40.78266524356571,22722,4,13062,-13.253919060913121,28365,11622.0,14670
14607.0,0,13603.0,47134,15756,1.0,2024.0,0,0,-40.71568979747301,28429,4,13874,-13.007040970040276,35285,12506.0,14845
14924.0,0,13220.0,44743,16526,1.0,2024.0,0,0,-40.58724427757557,30808,4,14363,-13.239949399743718,33780,12337.0,15431
15140.0,0,14730.0,47306,16118,0.0,2024.0,0,0,-39.11591256865773,29297,3,14872,-13.282503663267773,39991,13507.0,15869
14730.0,0,14397.0,39038,16130,0.0,2024.0,0,0,-39.09055561925956,33614,3,15487,-13.271888454157818,35743,13979.0,15799
14518.0,0,14135.0,37401,15915,0.0,2024.0,0,0,-39.185116097167615,22464,3,13915,-13.302145417001487,33754,12358.0,15510
14604.0,0,14523.0,39447,16047,0.0,2024.0,0,0,-39.029406468580405,28315,3,14324,-13.278688072387933,37075,13333.0,15989
13857.0,0,13422.0,37230,15340,1.0,2024.0,0,0,-39.648225541611154,30507,4,14067,-13.283526870341055,32533,12342.0,14716
14242.0,0,13401.0,38174,15960,0.0,2024.0,0,0,-39.43618504567231,26644,3,14403,-13.354884243748312,29172,12944.0,15050
14671.0,0,14443.0,39569,16095,0.0,2024.0,0,0,-39.49204255043199,29048,3,14950,-13.282503645817457,38166,13341.0,15796
14564.0,0,14031.0,45971,16023,0.0,2024.0,0,0,-39.63285087771227,26475,3,14342,-13.315271777828444,35559,13045.0,15478
14359.0,0,13657.0,38709,15716,0.0,2024.0,0,0,-39.51682443600934,23992,3,14055,-13.346870356157572,31353,12441.0,15153
14941.0,0,14577.0,45540,15887,0.0,2024.0,0,0,-39.4482249972629,34179,3,15288,-13.335439553911073,38702,14061.0,15640
14894.0,0,14315.0,41005,16054,0.0,2024.0,0,0,-39.53223647665246,21957,3,13833,-13.463453437595685,34757,12063.0,15667
15371.0,0,15024.0,47774,16435,0.0,2024.0,0,0,-39.60663173194733,26413,3,14539,-13.50902025702419,40951,13010.0,16174
15276.0,0,14746.0,44544,16761,0.0,2024.0,0,0,-39.64080889239123,24729,3,14610,-13.290833528197819,38148,12879.0,16241
14947.0,0,14797.0,45261,16431,0.0,2024.0,0,0,-39.63153420244789,28974,3,14742,-13.431176709581262,40353,13283.0,16140
14178.0,0,13871.0,41068,15861,1.0,2024.0,0,0,-39.84742725092721,26184,4,13930,-13.3335225293492,34077,12352.0,15332
14257.0,0,13910.0,39323,15762,0.0,2024.0,0,0,-39.73709885604052,27662,3,14575,-13.47540750922348,36621,13005.0,15417
14251.0,0,13549.0,37833,16010,0.0,2024.0,0,0,-39.68881048977257,19850,3,12610,-13.300958491787023,29878,11828.0,15361
14493.0,0,14041.0,41587,16071,1.0,2024.0,0,0,-39.952703321255626,33127,4,15040,-13.427657735539562,36318,13237.0,15639
15003.0,0,14727.0,44002,16007,0.0,2024.0,0,0,-39.71857975238366,35911,3,15202,-13.300279349483134,42764,13807.0,15843
14844.0,0,14694.0,44115,16339,0.0,2024.0,0,0,-39.8256817117543,35698,3,15652,-13.638765844366388,39639,13927.0,16059
14578.0,0,14318.0,42044,16218,0.0,2024.0,0,0,-39.851321915428464,25881,3,14286,-13.638431195393984,38842,12439.0,15929
14938.0,0,14861.0,45968,16444,0.0,2024.0,0,0,-39.76143865022824,27676,3,14453,-13.354962407418315,41183,13029.0,16164
14730.0,0,14503.0,48813,16523,0.0,2024.0,0,0,-39.933700867821265,23771,3,14095,-13.621278460025753,41086,12086.0,16039
15154.0,0,14933.0,48247,16525,0.0,2024.0,0,0,-39.676266593133796,27552,3,14335,-13.405272344081014,42612,12854.0,16109
14905.0,0,14503.0,42793,16356,0.0,2024.0,0,0,-39.68211317601952,31615,3,14831,-13.33313573356659,38161,13257.0,15751
14650.0,0,14542.0,46163,16478,0.0,2024.0,0,0,-39.9890816683557,32891,3,15167,-13.3209545883793,38593,13631.0,15956
15046.0,0,14671.0,45939,16574,0.0,2024.0,0,0,-39.680364388440545,21081,3,13838,-13.301444342631665,39902,12030.0,16215
14647.0,0,14529.0,41498,16314,0.0,2024.0,0,0,-39.72807064062335,33269,3,14998,-13.354858735282356,37286,13753.0,16160
14858.0,0,13827.0,46886,16613,0.0,2024.0,0,0,-39.88306279973567,33954,3,14258,-13.553956198201469,37735,11914.0,16089
15185.0,0,14701.0,48040,16675,0.0,2024.0,0,0,-39.714820002114806,24765,3,14453,-13.463426060397449,40955,12649.0,16356
14161.0,0,13719.0,39251,15693,1.0,2024.0,0,0,-39.9776239232646,26023,4,13794,-13.41645020863296,33432,12441.0,15217
13933.0,0,13460.0,36477,15578,1.0,2024.0,0,0,-40.01183422699155,26845,4,13787,-13.283535242038658,32403,12428.0,14925
14861.0,0,14638.0,45120,16138,0.0,2024.0,0,0,-39.774063972742,33676,3,14583,-13.278685987755036,41628,13306.0,15699
15080.0,0,14632.0,49549,16370,0.0,2024.0,0,0,-39.70809217107851,29468,3,14340,-13.367947474403229,39618,13145.0,15740
14022.0,0,13503.0,40084,15760,1.0,2024.0,0,0,-39.95846842995091,25073,4,13803,-13.424642120125377,32025,12310.0,14894
14184.0,0,13741.0,39969,15970,1.0,2024.0,0,0,-39.8906236439943,19237,4,12446,-13.28916848191045,33353,11611.0,15336
13592.0,0,12877.0,35436,15209,1.0,2024.0,0,0,-40.03040526768918,25049,4,13579,-13.62739290290072,29629,12406.0,14457
13994.0,0,13545.0,38976,15686,1.0,2024.0,0,0,-39.864970501980395,24788,4,13801,-13.39749478263872,33051,12406.0,15221
13233.0,0,12884.0,33084,14952,1.0,2024.0,0,0,-39.871707204213514,24575,4,13399,-13.39335752890327,28814,11689.0,14352
13913.0,0,13512.0,36895,15606,1.0,2024.0,0,0,-40.00952356563505,29300,4,14531,-13.306945859179093,32458,12996.0,15110
14401.0,0,13914.0,45095,16134,0.0,2024.0,0,0,-39.856740723205235,23553,3,13846,-13.282504326040337,37986,12196.0,15655
14180.0,0,13529.0,39405,15766,1.0,2024.0,0,0,-39.996144592214584,26466,4,13834,-13.41350110327158,33535,12397.0,15230
14207.0,0,13486.0,38809,15736,1.0,2024.0,0,0,-40.0104707625187,31188,4,13800,-13.282664590779737,34737,12751.0,15218
14485.0,0,13607.0,43620,15920,1.0,2024.0,0,0,-39.969137548162415,22899,4,13036,-13.421950357570482,34096,11933.0,15185
14488.0,0,13070.0,44324,15990,1.0,2024.0,0,0,-40.023340229771,25037,4,13557,-13.605143548156768,33895,12043.0,15020
14389.0,0,13285.0,43240,15594,1.0,2024.0,0,0,-39.9061751096924,25502,4,13409,-13.302154459401622,33657,12187.0,14656
14421.0,0,14212.0,45937,15990,0.0,2024.0,0,0,-40.178395484127904,27730,3,14755,-13.532536833393968,38692,12960.0,15682
14227.0,0,13691.0,42066,16134,0.0,2024.0,0,0,-40.042891166223086,25109,3,14405,-13.572964649844256,32737,12864.0,15619
14919.0,0,14449.0,49566,16744,0.0,2024.0,0,0,-40.38690842027066,28542,3,15057,-13.556132000479295,41165,13207.0,16173
14781.0,0,14368.0,43053,16353,0.0,2024.0,0,0,-40.18439425277745,31790,3,15326,-13.53363711859147,39051,13426.0,15949
14927.0,0,14727.0,48142,16613,0.0,2024.0,0,0,-40.307495294065774,30700,3,14873,-13.528442899900542,43470,13261.0,16329
14598.0,0,14158.0,44995,16189,1.0,2024.0,0,0,-40.18164805273927,31187,4,14126,-13.367982092966711,40152,12600.0,15753
14080.0,0,13960.0,42834,15820,0.0,2024.0,0,0,-40.36822752692392,21336,3,13302,-13.397454399807723,38656,11917.0,15648
14585.0,0,14432.0,43641,16028,0.0,2024.0,0,0,-40.2207676986463,29422,3,14786,-13.607702804628241,41822,13044.0,15837
14911.0,0,14691.0,51749,16332,1.0,2024.0,0,0,-40.362152162923714,33989,4,14893,-13.56010171062214,42364,13535.0,15723
14521.0,0,13822.0,49298,16098,1.0,2024.0,0,0,-40.4059996510448,22927,4,13602,-13.605500500875344,38268,11992.0,15556
14430.0,0,14294.0,42726,16095,0.0,2024.0,0,0,-40.121058234714916,35028,3,15244,-13.31886042161002,38213,13778.0,15916
14422.0,0,13892.0,42434,16109,1.0,2024.0,0,0,-40.18741013373837,24108,4,13703,-13.405327249075405,36884,11848.0,15668
14764.0,0,14536.0,50349,16134,1.0,2024.0,0,0,-40.13838220885881,31485,4,14737,-13.538050168675017,42814,13141.0,15751
13954.0,0,13921.0,39019,15920,0.0,2024.0,0,0,-40.36998552472796,27842,3,14477,-13.424157719499776,34167,12860.0,15594
14388.0,0,13719.0,45205,16006,1.0,2024.0,0,0,-40.28670113790134,25551,4,13753,-13.415653640814305,37480,12191.0,15454
13575.0,0,12969.0,37450,15410,1.0,2024.0,0,0,-40.04558881239439,25599,4,13565,-13.306934969961242,31531,11992.0,14944
14444.0,0,13690.0,46382,16174,1.0,2024.0,0,0,-40.03809800774426,31942,4,14398,-13.602414494915909,35859,12804.0,15562
14231.0,0,13917.0,41397,16042,1.0,2024.0,0,0,-40.120656576303304,26950,4,14340,-13.333168494522733,36497,12431.0,15579
15080.0,0,14461.0,43763,15899,1.0,2024.0,0,0,-40.06396948759691,31391,4,14910,-13.574411678232623,42538,13305.0,15713
13394.0,0,13098.0,34354,15191,1.0,2024.0,0,0,-40.03922617379898,28915,4,13738,-13.32092686187558,29920,12549.0,14622
14770.0,0,14321.0,51270,16136,1.0,2024.0,0,0,-40.20048500586082,33306,4,14682,-13.335439561579335,41550,13172.0,15739
14945.0,0,14591.0,43896,16221,1.0,2024.0,0,0,-40.13024528292179,35431,4,14843,-13.590856063159885,39861,13670.0,15876
14290.0,0,13851.0,39405,15789,1.0,2024.0,0,0,-40.195919458454846,26522,4,14077,-13.638765229282946,36679,12387.0,15545
14578.0,0,14155.0,46515,16022,1.0,2024.0,0,0,-40.10433110774464,28745,4,14131,-13.304009028681303,41390,12635.0,15651
14264.0,0,13678.0,41866,15996,1.0,2024.0,0,0,-40.284890874484915,30946,4,14593,-13.289164779530196,36313,12983.0,15539
14390.0,0,13906.0,38321,15726,0.0,2024.0,0,0,-40.12622837455487,32950,3,14175,-13.59213757514655,35817,12747.0,15301
13456.0,0,12980.0,34900,15120,1.0,2024.0,0,0,-40.28630585972014,27622,4,13585,-13.333514880281301,29557,12018.0,14630
14029.0,0,13486.0,40095,15992,0.0,2024.0,0,0,-40.40774741103358,27915,3,14770,-13.55049318366393,34131,12891.0,15629
13664.0,0,12922.0,38299,15560,1.0,2024.0,0,0,-40.385110906749894,27367,4,13839,-13.315271764016012,29707,12334.0,14418
14183.0,0,13200.0,40619,16123,1.0,2024.0,0,0,-40.39306892230355,26375,4,13860,-13.290833516094704,32553,12500.0,15255
14590.0,0,13337.0,46988,16239,1.0,2024.0,0,0,-40.33688578940061,23301,4,13217,-13.354777665473227,34584,11801.0,15333
13774.0,0,12909.0,36766,15515,1.0,2024.0,0,0,-40.04322431488477,20088,4,12308,-13.436964370548942,30350,11384.0,14804
13580.0,0,12770.0,39495,15304,1.0,2024.0,0,0,-40.188445052940914,22771,4,13178,-13.354884250790333,29124,11742.0,14495
14299.0,0,13290.0,44243,15769,1.0,2024.0,0,0,-40.28449649456581,22369,4,12841,-13.463453420173366,34631,11770.0,15035
13832.0,0,12043.0,40545,15615,1.0,2024.0,0,0,-40.3385172177289,25067,4,12474,-13.428414423790723,30915,11146.0,14230
14459.0,0,14222.0,44366,16134,0.0,2024.0,0,0,-40.42990881023482,24842,3,14100,-13.508448487799106,41864,12371.0,15731
14001.0,0,13809.0,40415,15811,1.0,2024.0,0,0,-40.440099512123034,23872,4,13868,-13.574411668055257,33995,12223.0,15640
14016.0,0,13927.0,44038,15890,0.0,2024.0,0,0,-40.4181779924559,32820,3,14693,-13.47984176895218,37732,13134.0,15445
14539.0,0,13747.0,43048,16126,1.0,2024.0,0,0,-40.421306190588254,23446,4,13565,-13.638881233115592,36041,11866.0,15486
14392.0,0,13482.0,45038,16101,1.0,2024.0,0,0,-40.464667575369404,22562,4,13141,-13.615901192739917,35704,11807.0,15267
14657.0,0,13082.0,42040,16156,1.0,2024.0,0,0,-40.563540133925024,25311,4,13662,-13.4053272435261,31741,12145.0,15391
15095.0,0,13367.0,51011,16571,1.0,2024.0,0,0,-40.41968929299805,26559,4,14132,-13.35985299785073,34061,12314.0,15385
13360.0,0,12401.0,39438,15261,1.0,2024.0,0,0,-40.489079308886716,26360,4,12977,-13.424642105385146,30285,11697.0,13941
14875.0,0,13473.0,46785,16132,1.0,2024.0,0,0,-40.59735117873501,24768,4,13697,-13.638431206663482,36267,12119.0,15196
14173.0,0,12768.0,43593,15959,1.0,2024.0,0,0,-40.499996374922176,19679,4,12070,-13.4164639267925,32598,11235.0,14518
14041.0,0,12663.0,44810,15865,1.0,2024.0,0,0,-40.447740128109025,25153,4,13096,-13.64259995319385,34739,11604.0,14528
14246.0,0,13396.0,42709,15899,1.0,2024.0,0,0,-40.5645750529287,20596,4,12496,-13.354884238003093,32864,11408.0,15320
14103.0,0,13253.0,42075,15491,1.0,2024.0,0,0,-40.49678658964936,26635,4,13634,-13.333168470585248,34368,12401.0,14747
15394.0,0,13239.0,52678,16610,1.0,2024.0,0,0,-40.608653322103294,27009,4,13698,-13.398492120569871,36116,12336.0,15548
14192.0,0,13482.0,43615,15953,1.0,2024.0,0,0,-40.41422803737425,23135,4,12950,-13.602414482900912,35494,11978.0,15219
14353.0,0,13252.0,43044,16004,1.0,2024.0,0,0,-40.58758831400786,32930,4,14682,-13.627099567402993,32313,13068.0,14964
14960.0,0,13408.0,48288,16461,1.0,2024.0,0,0,-40.55777805405952,24886,4,13526,-13.367982081290213,33100,12280.0,14892
15473.0,0,13615.0,52381,16662,1.0,2024.0,0,0,-40.5968976922627,26842,4,13711,-13.607702824320116,38571,12038.0,15363
14742.0,0,13667.0,46082,16361,1.0,2024.0,0,0,-40.529478855778336,27259,4,13961,-13.560112256334698,34716,12516.0,15101
14532.0,0,12719.0,43486,16108,1.0,2024.0,0,0,-40.56838681335309,22549,4,13103,-13.409850487364533,28759,11666.0,14679
14292.0,0,12779.0,44124,15959,1.0,2024.0,0,0,-40.50401402115332,23659,4,13180,-13.383067870513601,30646,11825.0,14598
14276.0,0,12640.0,43284,15689,1.0,2024.0,0,0,-40.62043255286692,21582,4,12654,-13.28250363700508,30513,11260.0,14299
13432.0,0,12640.0,37451,15382,1.0,2024.0,0,0,-40.515558321276885,25648,4,13479,-13.413530766657198,29802,12044.0,14371
15006.0,0,13000.0,50055,16443,1.0,2024.0,0,0,-40.57661500347772,24655,4,13509,-13.33543954737319,33206,11946.0,15258
14503.0,0,12697.0,43796,16107,1.0,2024.0,0,0,-40.73828212870482,21867,4,12572,-13.56010174825446,29077,11447.0,14666
13341.0,0,12831.0,36990,14904,0.0,2024.0,0,0,-40.461417741100796,28073,3,13337,-13.522238111726413,31361,12040.0,14265
14039.0,0,13028.0,42211,15687,1.0,2024.0,0,0,-40.58475291109152,28388,4,13756,-13.571825686353888,37564,12108.0,15068
14849.0,0,12860.0,49199,16190,1.0,2024.0,0,0,-40.60757507085061,28332,4,13998,-13.571539522217144,32009,12265.0,14744
14489.0,0,12579.0,47203,15740,1.0,2024.0,0,0,-40.76303838118357,20421,4,12650,-13.556132040457927,28890,11268.0,14317
14155.0,0,12612.0,45118,15610,1.0,2024.0,0,0,-40.544090160019316,24315,4,13016,-13.490561017145367,32589,11740.0,14436
14361.0,0,12682.0,41081,15915,1.0,2024.0,0,0,-40.69172613142571,23132,4,13359,-13.33648751322256,28546,11888.0,14764
13751.0,0,12637.0,39821,15506,1.0,2024.0,0,0,-40.53317044376022,26892,4,13914,-13.360584546296973,30977,12175.0,14779
14766.0,0,12890.0,46276,16254,1.0,2024.0,0,0,-40.533926456831054,22978,4,13132,-13.278688034591596,32092,11532.0,14990
14672.0,0,13381.0,47066,16011,1.0,2024.0,0,0,-40.722385418181304,24702,4,13126,-13.359362172571007,33056,11802.0,14964
14622.0,0,12554.0,45440,16004,1.0,2024.0,0,0,-40.746115488973096,22428,4,12688,-13.424157738238481,31376,11393.0,14804
14489.0,0,12628.0,45634,15821,1.0,2024.0,0,0,-40.73168714600909,24602,4,13241,-13.558594661615494,28920,11737.0,14099
14007.0,0,13221.0,44119,15716,1.0,2024.0,0,0,-40.4804611243092,25374,4,13205,-13.304008998566042,32889,11838.0,14437
15479.0,0,14824.0,50013,16507,0.0,2024.0,0,0,-39.4436596734194,31292,3,15233,-12.891746740536718,39341,14055.0,16122
15547.0,0,14725.0,50843,16448,0.0,2024.0,0,0,-39.53444542143076,24834,3,14456,-12.66854955475926,41943,12876.0,15965
14640.0,0,14315.0,39886,15950,0.0,2024.0,0,0,-39.6066347269182,22597,3,13911,-12.76195357339074,37817,12558.0,15757
14071.0,0,14088.0,36068,15544,1.0,2024.0,0,0,-39.415532980800876,33716,4,14981,-12.806901493762046,35165,13713.0,15388
14275.0,0,13986.0,39632,15481,1.0,2024.0,0,0,-39.61854142601624,32718,4,14453,-12.646205366677865,37105,13372.0,15173
14875.0,0,14303.0,41503,16037,0.0,2024.0,0,0,-39.43904889611729,32448,3,15053,-12.844507714724536,36574,13479.0,15585
14632.0,0,14168.0,42595,15597,1.0,2024.0,0,0,-39.35796183342636,34183,4,14311,-12.680555486923152,36189,13565.0,15320
14915.0,0,14635.0,42617,16048,1.0,2024.0,0,0,-39.456365911646685,28132,4,14415,-12.824781344968565,40718,13145.0,15691
14780.0,0,14144.0,43587,15788,1.0,2024.0,0,0,-39.360693353280055,31328,4,14142,-12.677542338351547,36450,13044.0,15332
14965.0,0,14268.0,44952,16031,1.0,2024.0,0,0,-39.31831698535914,30448,4,14104,-12.69764037958978,38240,12677.0,15152
14437.0,0,14084.0,39238,15721,1.0,2024.0,0,0,-39.289788224542164,26877,4,13770,-12.7327653950314,33610,12198.0,15283
14882.0,0,14219.0,44161,15741,1.0,2024.0,0,0,-39.36840087706408,29602,4,14261,-12.58603331041456,36242,12845.0,15350
14344.0,0,14030.0,38555,15767,0.0,2024.0,0,0,-39.53748534786899,24681,3,14256,-12.800743679190262,35356,12550.0,15459
14980.0,0,14233.0,44345,15868,1.0,2024.0,0,0,-39.4400040558479,29123,4,14272,-12.66274385243554,40501,12928.0,15446
13596.0,0,13412.0,32922,14996,1.0,2024.0,0,0,-39.56394686346186,29165,4,13795,-12.819975678184152,31581,12681.0,14750
14548.0,0,13990.0,43105,15552,1.0,2024.0,0,0,-39.483158448962264,25672,4,13629,-12.71429207552354,37471,12372.0,15115
14786.0,0,13789.0,42307,15990,1.0,2024.0,0,0,-39.61596880799834,24676,4,13350,-12.650345060378417,32957,12211.0,15040
14232.0,0,13863.0,38737,15331,1.0,2024.0,0,0,-39.40553690610378,30559,4,14118,-12.531531255104992,35357,13044.0,14851
14379.0,0,14061.0,38482,15700,1.0,2024.0,0,0,-39.566577024586344,26467,4,13861,-12.72833318163191,35444,12517.0,15484
14292.0,0,12721.0,37855,15305,0.0,2024.0,0,0,-39.46964763205011,26321,3,13274,-12.607849065441545,30324,12061.0,14410
14768.0,0,14386.0,43150,16090,0.0,2024.0,0,0,-39.847424461290785,25385,3,14597,-12.586386408710041,35905,12916.0,15847
14597.0,0,14180.0,45749,15935,0.0,2024.0,0,0,-39.75452354024047,31137,3,14812,-12.865357483818768,40694,13440.0,15570
14498.0,0,14146.0,40933,15835,0.0,2024.0,0,0,-39.87371459576902,30791,3,14884,-12.589367778729649,38154,13429.0,15574
14796.0,0,14397.0,43562,16128,1.0,2024.0,0,0,-40.02140555168922,26377,4,14051,-12.527488356774976,37243,12538.0,15506
14622.0,0,13742.0,48671,15996,1.0,2024.0,0,0,-39.83498352075111,22349,4,13244,-12.86639931610822,34289,11483.0,15407
14497.0,0,13842.0,42581,15787,1.0,2024.0,0,0,-39.96913401417529,29597,4,14162,-12.674849809568766,35192,12882.0,15134
13666.0,0,13339.0,35160,15175,0.0,2024.0,0,0,-39.74132185461349,30581,3,14306,-12.86888893955678,32421,12989.0,14916
14134.0,0,13578.0,37870,15479,1.0,2024.0,0,0,-39.87659157025349,22187,4,12965,-12.6076732401263,32356,11743.0,14921
14612.0,0,13664.0,44155,15942,0.0,2024.0,0,0,-39.92691373164094,23420,3,13020,-12.865278315551596,36244,11945.0,15541
14647.0,0,14149.0,43218,16009,1.0,2024.0,0,0,-39.839838111443775,26816,4,14392,-12.677098409115645,38898,12574.0,15591
14701.0,0,14060.0,47155,16134,1.0,2024.0,0,0,-39.80830191855377,29446,4,14240,-12.843833590695876,37598,13037.0,15366
13713.0,0,13150.0,37657,15245,1.0,2024.0,0,0,-39.88305949714156,24333,4,13510,-12.806905077003902,32996,12045.0,14942
14620.0,0,13884.0,40907,15868,1.0,2024.0,0,0,-39.88134328497534,24992,4,13809,-12.61226328971084,35597,12440.0,15372
14307.0,0,13229.0,39282,15744,1.0,2024.0,0,0,-39.95846437871581,24975,4,13423,-12.677542352885983,32442,12164.0,14771
14179.0,0,13111.0,38497,15646,1.0,2024.0,0,0,-39.95269902709833,26068,4,13681,-12.680559000911062,31386,12372.0,14529
14815.0,0,13786.0,44651,16262,1.0,2024.0,0,0,-39.871701029543466,32896,4,14172,-12.646244504509879,34952,12764.0,15413
14918.0,0,13922.0,44287,16297,1.0,2024.0,0,0,-39.880361291266595,28814,4,14616,-12.798885644362246,34002,12907.0,15405
14291.0,0,13912.0,41361,15567,1.0,2024.0,0,0,-39.69311163026259,20398,4,12900,-12.858490068132804,35919,11898.0,15196
14498.0,0,13787.0,41464,15902,1.0,2024.0,0,0,-39.83192789120582,24982,4,13420,-12.732827050724058,35907,11943.0,15301
14499.0,0,13600.0,45484,15916,1.0,2024.0,0,0,-39.80299139738245,32598,4,14575,-12.845116283676507,37535,13191.0,15348
14577.0,0,13595.0,43285,15971,1.0,2024.0,0,0,-39.81676937016721,22779,4,12957,-12.599741621391345,38368,11838.0,15782
14263.0,0,13423.0,43788,15683,1.0,2024.0,0,0,-39.97247143253118,27386,4,13907,-12.894555351979998,34629,12449.0,15039
14675.0,0,12879.0,41662,16067,1.0,2024.0,0,0,-39.75967508805508,21694,4,12905,-12.588290906110457,31563,11645.0,14687
14086.0,0,12903.0,39807,15387,1.0,2024.0,0,0,-39.890622652158406,26191,4,13413,-12.54201547787959,32703,12066.0,14628
14760.0,0,14331.0,51012,16103,1.0,2024.0,0,0,-39.881856818754386,28999,4,14080,-12.860670070525739,40387,12560.0,15651
14107.0,0,13238.0,40579,15012,1.0,2024.0,0,0,-39.682112843337606,29679,4,14096,-12.586002284425826,36496,12632.0,14569
14270.0,0,13172.0,44410,15560,1.0,2024.0,0,0,-39.852986935945054,27363,4,13530,-12.88007673043462,33944,12085.0,14836
14392.0,0,13446.0,42746,15737,1.0,2024.0,0,0,-39.73709508333369,27286,4,13917,-12.728327263320075,33337,12448.0,14847
13766.0,0,12163.0,36483,15017,1.0,2024.0,0,0,-39.688810282904555,25282,4,12546,-12.553812432577924,29198,11464.0,14224
14562.0,0,14099.0,41247,16120,1.0,2024.0,0,0,-40.38659982277147,32724,4,15079,-12.535511629212097,38579,13383.0,15714
14866.0,0,14091.0,47035,15928,0.0,2024.0,0,0,-40.37320287236801,28719,3,14365,-12.543695686790981,39319,13067.0,15547
14621.0,0,13812.0,44609,16051,0.0,2024.0,0,0,-40.1791214100218,25419,3,14071,-12.845116263073754,35207,12411.0,15293
14456.0,0,13773.0,45598,15882,0.0,2024.0,0,0,-40.32323647634495,19621,3,12533,-12.743472902108314,32363,11518.0,15145
14038.0,0,13709.0,37224,15833,0.0,2024.0,0,0,-40.38796321052255,30710,3,14782,-12.536382661447549,35179,13150.0,15573
14658.0,0,14456.0,40993,15922,1.0,2024.0,0,0,-40.252721588426986,26498,4,14161,-12.607673239040455,38535,12796.0,15580
15341.0,0,14775.0,47999,16587,0.0,2024.0,0,0,-40.35375078981225,28692,3,14293,-12.669347753910145,44786,12732.0,16327
13727.0,0,13177.0,36004,15302,1.0,2024.0,0,0,-40.05239606185044,22904,4,13210,-12.65816687710147,32681,11774.0,15038
14381.0,0,13981.0,44269,15725,1.0,2024.0,0,0,-40.184431931589735,28410,4,14257,-12.843833570354153,37375,12886.0,15301
14605.0,0,13910.0,44325,16117,1.0,2024.0,0,0,-40.387343463234195,29923,4,14300,-12.800701254520412,34731,12980.0,15705
13467.0,0,13202.0,33682,15005,1.0,2024.0,0,0,-40.05268984883023,26604,4,13446,-12.662691395441675,29617,12457.0,14450
14969.0,0,14592.0,48490,16429,1.0,2024.0,0,0,-40.20181143240259,30399,4,14916,-12.891747271868981,39651,13314.0,15964
13630.0,0,13219.0,32610,15259,0.0,2024.0,0,0,-40.13469948810196,22383,3,13152,-12.827404183448396,28940,11757.0,14608
14978.0,0,14492.0,51030,16255,1.0,2024.0,0,0,-40.30512435417186,32924,4,14638,-12.824482621220813,41305,13077.0,15889
15401.0,0,15058.0,50202,16586,1.0,2024.0,0,0,-40.34526403929048,32454,4,15037,-12.674849799855554,45356,13369.0,16144
15188.0,0,14721.0,47576,16548,1.0,2024.0,0,0,-40.34066797193552,31634,4,14811,-12.56815427288569,45528,12801.0,16028
14627.0,0,13124.0,44837,15800,1.0,2024.0,0,0,-40.23287020739051,20815,4,12543,-12.535348586694472,33738,11545.0,14785
14500.0,0,13518.0,42572,15567,1.0,2024.0,0,0,-40.391389413777354,30328,4,14062,-12.635916188929917,33923,12798.0,14674
14510.0,0,13294.0,45140,15873,1.0,2024.0,0,0,-40.33037736627439,33502,4,14345,-12.61276997213756,36005,13076.0,15153
15031.0,0,13906.0,50191,16327,1.0,2024.0,0,0,-40.07626846517906,25394,4,13679,-12.884532053500594,38107,12030.0,15345
14736.0,0,14051.0,42548,16041,1.0,2024.0,0,0,-40.31064247822038,22871,4,12911,-12.640737436700372,38614,11898.0,15592
13998.0,0,12936.0,41744,15527,1.0,2024.0,0,0,-40.050888189918275,22404,4,13025,-12.891869769245266,28371,11570.0,14507
13835.0,0,13542.0,38656,15392,1.0,2024.0,0,0,-40.28201296081138,22567,4,12760,-12.824775353591205,31919,11663.0,14704
15270.0,0,14985.0,46839,16416,0.0,2024.0,0,0,-39.83249139137509,35962,3,15412,-13.945240036677818,43380,14056.0,16126
14885.0,0,14455.0,44771,16096,0.0,2024.0,0,0,-39.894348085242726,24331,3,13923,-13.985721110338414,37237,12483.0,15661
14586.0,0,14420.0,38966,16125,0.0,2024.0,0,0,-39.80226355426449,20422,3,13583,-13.905958664822169,36079,12231.0,15858
14785.0,0,14229.0,42533,15885,0.0,2024.0,0,0,-39.85531334845681,18471,3,12617,-13.944953933425257,37656,11735.0,15604
14448.0,0,13922.0,36366,15857,0.0,2024.0,0,0,-39.75411466377832,17829,3,12575,-13.964266329530284,32929,11561.0,15491
14840.0,0,14502.0,44737,16678,0.0,2024.0,0,0,-39.98682889960563,24264,3,14591,-13.927218972656028,39648,12902.0,16360
15148.0,0,14940.0,46405,16160,0.0,2024.0,0,0,-39.79165867688545,33633,3,15152,-13.927370064406158,42001,13956.0,15948
14997.0,0,14617.0,46437,16149,0.0,2024.0,0,0,-39.94270023512159,24636,3,14026,-13.848846202657507,44172,12618.0,15875
15260.0,0,14529.0,47430,16250,0.0,2024.0,0,0,-39.666761101447555,35407,3,15795,-13.94637713782296,37853,14108.0,15975
15389.0,0,14995.0,48365,16452,0.0,2024.0,0,0,-39.79416471870328,30577,3,15258,-13.885953710035261,41553,13610.0,16172
14954.0,0,14400.0,48136,16533,0.0,2024.0,0,0,-40.007663668667995,24620,3,14017,-13.804616821516,38642,12587.0,16062
14594.0,0,14517.0,40313,16279,0.0,2024.0,0,0,-39.859276446478084,32741,3,15371,-13.834814583430886,37718,13282.0,15976
14294.0,0,14153.0,37185,15838,0.0,2024.0,0,0,-39.66591783478342,31653,3,15217,-13.853272183288178,35177,13929.0,15835
15520.0,0,15041.0,47074,16747,0.0,2024.0,0,0,-39.84509103255715,30074,3,15114,-14.011832742056963,42508,13536.0,16266
14582.0,0,14150.0,42072,16168,0.0,2024.0,0,0,-39.93136206482714,23089,3,13746,-13.901865275275817,36299,12422.0,15658
14699.0,0,14473.0,44501,16442,0.0,2024.0,0,0,-40.0243555266061,24526,3,13006,-13.65699511381699,36893,11783.0,15991
13813.0,0,13370.0,35730,15453,0.0,2024.0,0,0,-40.029869390510115,18954,3,12788,-13.97890671647234,32262,11660.0,15113
14335.0,0,14067.0,40431,15709,0.0,2024.0,0,0,-39.97942522144607,25466,3,14301,-13.932010671568737,38254,12414.0,15420
14777.0,0,14340.0,40216,15947,0.0,2024.0,0,0,-39.68701335376803,25481,3,14302,-14.00494467985965,34967,13077.0,15472
14608.0,0,14456.0,42134,15916,1.0,2024.0,0,0,-40.01077754502686,35818,4,15194,-13.929548049392368,39775,14086.0,15741
14170.0,0,13400.0,32955,15784,0.0,2024.0,0,0,-39.780880873794935,20312,3,12697,-13.919352209017502,27864,11557.0,15296
14182.0,0,13884.0,37575,16019,0.0,2024.0,0,0,-39.81127652300758,21769,3,13768,-13.778773600897468,34069,12125.0,15729
14518.0,0,14346.0,43808,16519,0.0,2024.0,0,0,-39.90876058100885,22986,3,13819,-13.66263335658724,36604,12047.0,16255
13694.0,0,12938.0,35861,15639,0.0,2024.0,0,0,-39.962385817160374,29073,3,14419,-13.80185572870533,30290,12651.0,15226
14532.0,0,13313.0,40665,15517,0.0,2024.0,0,0,-39.940069061060576,28636,3,13957,-13.940435868751672,34368,12449.0,14821
14046.0,0,13503.0,37196,15447,0.0,2024.0,0,0,-39.910568958242166,24711,3,13466,-13.789097870875365,34197,12161.0,14974
14479.0,0,14101.0,46082,15507,0.0,2024.0,0,0,-39.969439298880445,25981,3,13859,-14.01497295422827,40662,12270.0,15134
13975.0,0,13826.0,37401,15263,6.0,2024.0,0,0,-39.278145266875505,28713,21,13929,-13.253919067974042,34113,12956.0,14965
14486.0,0,14128.0,38491,15525,6.0,2024.0,0,0,-39.08272429181662,31557,21,14531,-13.23994943284462,36084,13263.0,15345
14582.0,0,13916.0,40625,15731,6.0,2024.0,0,0,-39.17673527976066,18727,21,12676,-13.198040479563426,35728,11612.0,15255
13904.0,0,13041.0,36913,14877,6.0,2024.0,0,0,-38.99805261341985,17918,21,11560,-13.177051479861822,33215,11535.0,14447
14885.0,0,14185.0,43860,15742,6.0,2024.0,0,0,-39.2589537289203,29793,21,13713,-13.174262642841313,36833,12699.0,15212
14275.0,0,13704.0,41541,15205,4.0,2024.0,0,0,-39.12810313930173,32707,15,14169,-13.17244870169674,39956,13028.0,14920
14209.0,0,13262.0,44819,14963,4.0,2024.0,0,0,-39.26603055417868,27623,15,13674,-13.19349424380418,36266,12370.0,14474
14205.0,0,13855.0,37074,15482,4.0,2024.0,0,0,-38.942853334430644,29264,15,14344,-12.930454843639021,35674,12954.0,15410
14620.0,0,14265.0,43619,15766,4.0,2024.0,0,0,-39.10072734135715,30208,15,14285,-13.253624221117166,39036,13035.0,15442
14019.0,0,13702.0,40438,14965,4.0,2024.0,0,0,-39.1174116482655,26981,15,13483,-13.164571057638366,34739,12493.0,14758
13870.0,0,12048.0,42251,14895,4.0,2024.0,0,0,-39.08022674199673,25490,15,12853,-13.148780079408318,33773,11530.0,13846
13683.0,0,12994.0,37909,14702,4.0,2024.0,0,0,-38.98906289186055,31879,15,13684,-13.242438009896091,34623,12643.0,14230
14563.0,0,13355.0,44448,15052,4.0,2024.0,0,0,-39.271080182100015,24819,15,12373,-13.23166530081388,34186,11345.0,13877
13684.0,0,13422.0,34070,14854,4.0,2024.0,0,0,-38.93655042206758,29027,15,13979,-12.927421399380968,34199,12658.0,14835
12771.0,0,12608.0,30396,14245,6.0,2024.0,0,0,-38.94280359354785,26696,21,13214,-13.186606361651537,30361,12031.0,13874
14490.0,0,13394.0,44474,15157,4.0,2024.0,0,0,-39.63913001946941,27511,15,12961,-13.009509214532224,39515,11970.0,14519
14898.0,0,13723.0,52334,15509,4.0,2024.0,0,0,-39.63508371638463,28667,15,13262,-13.174262646573847,38199,12009.0,14570
14185.0,0,13307.0,43024,14937,4.0,2024.0,0,0,-39.59300577947214,26973,15,13187,-13.04843602070625,38907,12008.0,14446
15484.0,0,13912.0,48773,16446,4.0,2024.0,0,0,-39.634340276962,34388,15,14099,-12.909124053506751,39874,12590.0,15303
14282.0,0,14015.0,44182,15260,4.0,2024.0,0,0,-39.46371139832557,35022,15,14098,-13.050684944359366,40048,12855.0,14829
13671.0,0,13225.0,37972,14780,4.0,2024.0,0,0,-39.318933568459364,26706,15,13307,-13.186606329763563,33252,11922.0,14566
15018.0,0,14118.0,50850,15771,4.0,2024.0,0,0,-39.582336402697884,29850,15,14020,-13.051128172863951,43714,12516.0,15311
14151.0,0,13116.0,39470,15322,4.0,2024.0,0,0,-39.633392511429555,22040,15,12469,-12.933409978133598,32904,11673.0,14607
14640.0,0,14389.0,45747,15657,4.0,2024.0,0,0,-39.50521561615832,34034,15,14684,-12.985862252084894,40628,13277.0,15400
14421.0,0,13849.0,43239,15339,4.0,2024.0,0,0,-39.58840955052148,22541,15,12882,-12.941761079175855,38039,11588.0,14922
14199.0,0,13420.0,39861,15077,4.0,2024.0,0,0,-39.426862858259874,34123,15,14299,-13.218670377091149,34277,12960.0,14474
14553.0,0,13937.0,40903,15530,4.0,2024.0,0,0,-39.43217338086152,29824,15,14189,-13.21738795429284,39425,12818.0,15255
13975.0,0,12780.0,42153,14790,4.0,2024.0,0,0,-39.55118377076513,20270,15,12396,-13.139023818784036,33527,11336.0,13946
14191.0,0,13754.0,39701,15187,6.0,2024.0,0,0,-39.32832020334826,24391,21,13402,-13.228962951048484,36150,12094.0,14750
14246.0,0,13671.0,43364,15048,4.0,2024.0,0,0,-39.45580189426398,36472,15,14357,-13.106402844217184,40508,13414.0,14721
14763.0,0,13959.0,51095,15227,4.0,2024.0,0,0,-39.456356722350364,37138,15,14204,-13.148780058599359,43064,13097.0,14827
13930.0,0,13790.0,34308,15231,6.0,2024.0,0,0,-39.612949868492606,24456,21,13391,-12.947421082977222,32385,12227.0,15090
14631.0,0,13015.0,43431,15688,4.0,2024.0,0,0,-39.43872226144409,28433,15,13331,-13.135005365851896,34016,11943.0,14333
14762.0,0,14569.0,45281,15817,6.0,2024.0,0,0,-39.54337803576245,32910,21,14888,-13.176545989297056,41359,13161.0,15572
14650.0,0,13825.0,44695,15565,4.0,2024.0,0,0,-39.5765711725959,27774,15,13462,-13.054144304149549,37990,12263.0,14852
14481.0,0,14344.0,40261,15643,6.0,2024.0,0,0,-39.32400899037263,30898,21,14331,-13.25807756306279,40676,12914.0,15383
13709.0,0,13407.0,38993,14814,4.0,2024.0,0,0,-39.374182590515325,27801,15,13706,-13.177051447729067,36747,12584.0,14621
13744.0,0,13525.0,39151,14902,4.0,2024.0,0,0,-39.5001619422838,31329,15,14064,-13.063515165606383,35336,13087.0,14717
14403.0,0,13820.0,45189,15365,4.0,2024.0,0,0,-39.6200135010574,26702,15,13405,-13.039985517441107,41469,12441.0,15074
14741.0,0,14526.0,45623,15650,4.0,2024.0,0,0,-39.31698297692527,29974,15,14437,-13.232040454942954,41857,12919.0,15317
14205.0,0,13628.0,39263,15304,4.0,2024.0,0,0,-39.63570370293864,28960,15,13773,-12.90999489509869,35320,12641.0,14900
14793.0,0,14007.0,46579,15630,6.0,2024.0,0,0,-39.62094363766861,25023,21,13636,-12.917306752244556,38944,12516.0,15198
14658.0,0,14183.0,41917,15558,4.0,2024.0,0,0,-39.338688744559235,20810,15,13016,-13.089919839721437,36563,12039.0,15321
15361.0,0,14436.0,55245,15868,4.0,2024.0,0,0,-39.596341456760676,30249,15,14234,-13.268099246633245,44284,13067.0,15353
14468.0,0,14001.0,39857,15611,6.0,2024.0,0,0,-39.55838555095388,28237,21,13636,-13.014330591315266,36925,12527.0,15326
13911.0,0,13709.0,36751,15236,4.0,2024.0,0,0,-39.514493150789455,28013,15,13746,-12.91562793168962,38134,12360.0,15112
13823.0,0,13591.0,35743,15249,4.0,2024.0,0,0,-39.38902489038203,29463,15,14288,-13.042132103713106,32767,12872.0,14971
14953.0,0,14526.0,50448,15594,4.0,2024.0,0,0,-39.48061046115806,33503,15,14524,-12.90896240475616,44063,13390.0,15385
14241.0,0,13781.0,40271,15372,4.0,2024.0,0,0,-39.64527570393144,22344,15,13237,-12.901102132233698,36948,12001.0,15195
14130.0,0,13814.0,37835,15314,6.0,2024.0,0,0,-39.53912206414983,29994,21,14243,-13.159038284675416,37146,12890.0,15189
14819.0,0,14569.0,43331,15869,6.0,2024.0,0,0,-39.30743322766607,34751,21,14700,-13.156721480336314,41890,13495.0,15544
15022.0,0,14031.0,50804,15666,4.0,2024.0,0,0,-39.49354163009634,35589,15,14272,-13.1645710417359,45004,12723.0,15137
14733.0,0,13840.0,46894,15587,4.0,2024.0,0,0,-39.427974109955,37848,15,14452,-13.054922797687635,40909,13561.0,15244
14822.0,0,14148.0,49761,15561,4.0,2024.0,0,0,-39.647210170047806,23390,15,13527,-13.23166530517091,45145,12367.0,15310
14523.0,0,13821.0,40420,15488,4.0,2024.0,0,0,-39.47044427405143,30775,15,14372,-13.057713725123483,35673,13193.0,15097
14942.0,0,14149.0,46197,15646,4.0,2024.0,0,0,-39.587299803234124,32207,15,14018,-13.007040997874538,42293,12829.0,15164
15041.0,0,14385.0,45471,15981,4.0,2024.0,0,0,-39.53004420049146,27308,15,13885,-12.928616487335994,41106,12756.0,15535
15138.0,0,14219.0,48988,15750,4.0,2024.0,0,0,-39.34767535255963,25001,15,13219,-13.182665811218353,42233,12287.0,15058
14534.0,0,13713.0,44164,15450,4.0,2024.0,0,0,-39.57812010404807,34854,15,14258,-12.98636831121129,39963,12876.0,14888
13930.0,0,13133.0,45610,14842,4.0,2024.0,0,0,-39.55078415340658,33368,15,13527,-13.238828318058943,39834,12440.0,14283
13519.0,0,13345.0,38133,14648,4.0,2024.0,0,0,-39.313861411107005,32285,15,13883,-13.185092427668605,34440,12931.0,14372
12855.0,0,12426.0,34073,13936,4.0,2024.0,0,0,-39.4925569386186,28755,15,13413,-13.218063177612592,30159,12160.0,13700
14121.0,0,14037.0,37458,15673,4.0,2024.0,0,0,-39.39610427600675,29810,15,14468,-13.059880891825259,37307,13093.0,15239
14443.0,0,11848.0,45551,15143,4.0,2024.0,0,0,-39.939466881587784,22347,15,12279,-12.962956422787176,27731,11017.0,13266
13392.0,0,11897.0,35958,14662,4.0,2024.0,0,0,-39.9607565103813,21349,15,12009,-12.981250321715645,26858,11028.0,13375
13872.0,0,12301.0,39694,14633,4.0,2024.0,0,0,-40.02211564685742,24986,15,12598,-12.90911655590146,32926,11252.0,13567
14528.0,0,12157.0,48653,15316,4.0,2024.0,0,0,-40.016938937137894,22281,15,11701,-12.917294677924954,31557,10887.0,13994
13496.0,0,12131.0,42021,14634,4.0,2024.0,0,0,-39.78091314227229,19906,15,11767,-12.987057900079527,32010,10768.0,13752
13506.0,0,12528.0,38254,14825,4.0,2024.0,0,0,-39.9701261120049,22559,15,12497,-12.985835818959934,29539,11190.0,13901
12570.0,0,11975.0,33240,14134,6.0,2024.0,0,0,-39.93737644243457,25888,21,12747,-12.92860768375936,31240,11395.0,13670
13357.0,0,12355.0,38457,14444,4.0,2024.0,0,0,-39.71885254647597,24109,15,13023,-12.927437848323072,29747,11618.0,13596
14085.0,0,12417.0,41653,15432,4.0,2024.0,0,0,-40.02986985162739,28008,15,13249,-13.232022483914529,34099,11705.0,14342
13256.0,0,12632.0,39896,14391,4.0,2024.0,0,0,-39.845775735196554,27023,15,13292,-12.98144896581831,33736,11806.0,13816
14038.0,0,13234.0,41574,14943,4.0,2024.0,0,0,-39.94270476609822,29790,15,13702,-13.10190942010749,36971,11846.0,14467
13301.0,0,12400.0,38702,14756,4.0,2024.0,0,0,-39.76330116677255,30158,15,13380,-13.040014447725373,32395,11599.0,14218
14617.0,0,12429.0,45309,15270,4.0,2024.0,0,0,-39.663096310082636,27346,15,13468,-12.947394076093826,30165,11770.0,13941
13573.0,0,12579.0,44156,14944,4.0,2024.0,0,0,-39.91017677077142,27444,15,13260,-12.959982983202543,33726,11710.0,13965
14434.0,0,13600.0,47302,15609,4.0,2024.0,0,0,-39.98683219371747,33011,15,13852,-13.18031342373954,38868,12378.0,14820
13439.0,0,12208.0,35507,14968,6.0,2024.0,0,0,-39.80226738381558,21210,21,12586,-13.159043155476352,27574,11262.0,13847
14657.0,0,13659.0,46974,15975,6.0,2024.0,0,0,-39.81231726836885,21676,21,12599,-12.981356327679292,35832,11280.0,14983
12489.0,0,12208.0,32950,14053,6.0,2024.0,0,0,-39.74452872091225,23401,21,12329,-12.959636869343546,29071,11208.0,13524
13718.0,0,13063.0,39780,15232,4.0,2024.0,0,0,-40.01077923684304,33456,15,13775,-13.182644138883358,38412,12242.0,14481
14391.0,0,13198.0,47395,15883,6.0,2024.0,0,0,-39.90836939120043,25559,21,13838,-13.089946532496493,37231,12290.0,15285
13708.0,0,13113.0,42839,14726,4.0,2024.0,0,0,-39.808266212754624,21439,15,12427,-13.160143627102798,36385,11307.0,14401
12987.0,0,12730.0,34493,14553,4.0,2024.0,0,0,-39.81613042962735,23882,15,12261,-13.036333140371184,34156,11404.0,14194
13637.0,0,13191.0,34059,15167,6.0,2024.0,0,0,-39.71090057209076,21644,21,12772,-12.927925157092123,29257,11827.0,14830
14357.0,0,13732.0,42510,15626,6.0,2024.0,0,0,-39.66904616644775,23305,21,13110,-13.265409544222898,33236,11749.0,14915
14256.0,0,13424.0,40143,15214,4.0,2024.0,0,0,-39.71240773198189,24099,15,12960,-13.242424384296509,35721,11776.0,14695
13698.0,0,12522.0,40323,14754,4.0,2024.0,0,0,-39.69741429927105,24058,15,12938,-13.007023350517347,29663,11721.0,13817
13445.0,0,13158.0,35091,15115,6.0,2024.0,0,0,-39.791832579978795,23434,21,13409,-13.117059312125681,32420,12128.0,14831
14097.0,0,13728.0,41469,15625,6.0,2024.0,0,0,-39.96943951935911,27575,21,14293,-13.268100731264715,36048,12205.0,15240
14841.0,0,13972.0,49672,16294,6.0,2024.0,0,0,-39.842815613141056,19889,21,13206,-12.898344477696808,38421,11823.0,15659
14268.0,0,13731.0,46106,15666,4.0,2024.0,0,0,-39.98360270823466,28674,15,14054,-13.231689455992754,39651,12380.0,15317
14021.0,0,13384.0,38388,15146,6.0,2024.0,0,0,-39.85639603433603,22780,21,12365,-13.024972537653788,34079,11474.0,14721
14319.0,0,14116.0,42909,15549,6.0,2024.0,0,0,-39.81517790496842,25669,21,13712,-13.218061994306439,39012,12093.0,15225
14664.0,0,14452.0,44884,16103,6.0,2024.0,0,0,-39.66676122599693,27950,21,14336,-13.199480307626018,40305,13066.0,15781
14399.0,0,14072.0,46214,15842,6.0,2024.0,0,0,-39.855316772599046,33423,21,14779,-13.198053237464622,37374,13349.0,15314
13873.0,0,12524.0,38751,15106,4.0,2024.0,0,0,-39.93551733125992,28794,15,12965,-13.059877030453922,30555,11412.0,14270
14011.0,0,13685.0,38677,15223,4.0,2024.0,0,0,-39.81128370877906,36538,15,14618,-13.031809043467431,35789,12586.0,14921
13586.0,0,12323.0,40487,15172,4.0,2024.0,0,0,-39.982763231269765,24623,15,12949,-13.135522862209537,29165,11468.0,14038
13453.0,0,12950.0,40120,14778,4.0,2024.0,0,0,-39.74492988074374,32462,15,13846,-12.94532603683885,36165,12386.0,14397
14092.0,0,12663.0,37885,15548,4.0,2024.0,0,0,-39.99385625931854,31884,15,14173,-13.050644177371549,33122,12107.0,14664
13294.0,0,12794.0,37780,15253,4.0,2024.0,0,0,-39.99467083188023,25187,15,13248,-13.01979675355692,32599,11712.0,14542
14789.0,0,13806.0,48321,15732,6.0,2024.0,0,0,-40.25747563106852,33173,21,14599,-12.98586223454081,36303,13334.0,15305
14627.0,0,14185.0,48002,16232,6.0,2024.0,0,0,-40.13065462800456,23819,21,13798,-13.238907356337176,38898,12250.0,15947
14404.0,0,14161.0,42532,15895,4.0,2024.0,0,0,-40.066121404803994,32845,15,14709,-13.185092449867037,39084,13359.0,15636
14237.0,0,13231.0,45658,15688,4.0,2024.0,0,0,-40.04846888800192,23127,15,13146,-13.15490329986068,34536,11697.0,14896
14246.0,0,13477.0,48971,15318,4.0,2024.0,0,0,-40.126442590908916,20374,15,12436,-13.177051464966633,38445,11449.0,14605
14309.0,0,13270.0,44307,15247,4.0,2024.0,0,0,-40.071193562720005,27703,15,13346,-13.186606351846258,34365,12125.0,14451
13605.0,0,13047.0,35838,14988,4.0,2024.0,0,0,-40.22911733429481,23959,15,13000,-13.253624211104812,33202,11805.0,14625
13737.0,0,13301.0,38059,15358,4.0,2024.0,0,0,-40.19098226899401,30734,15,14275,-13.135005371986734,35918,12864.0,14840
13453.0,0,12948.0,39061,14754,4.0,2024.0,0,0,-40.07835104265853,36575,15,14022,-13.180310064163503,36177,12773.0,14368
13095.0,0,12756.0,34401,14635,4.0,2024.0,0,0,-40.13756764256134,31159,15,13662,-12.981434791872699,32892,12036.0,14238
13925.0,0,13407.0,37324,15315,6.0,2024.0,0,0,-40.23287047333127,31177,21,13647,-12.90896237815448,35216,12119.0,14654
13701.0,0,13208.0,40872,15110,4.0,2024.0,0,0,-40.090948741010095,30882,15,14002,-13.089919847192748,35921,11933.0,14660
14241.0,0,13075.0,45031,15704,4.0,2024.0,0,0,-40.35375236746833,23324,15,12907,-13.042934902087138,34605,11400.0,14879
13197.0,0,12525.0,39261,14610,6.0,2024.0,0,0,-40.39139004920165,23037,21,12396,-13.0095091857194,31061,11244.0,13968
15246.0,0,13231.0,58379,16016,4.0,2024.0,0,0,-40.073038840335386,25936,15,13350,-12.94530287368592,41369,11870.0,14895
14542.0,0,12801.0,45074,15962,4.0,2024.0,0,0,-40.05269012956971,25684,15,13359,-13.036279200032917,30451,11760.0,14674
14126.0,0,13695.0,39548,15866,6.0,2024.0,0,0,-40.08422161685796,23951,21,13079,-12.994422982170882,34610,11135.0,15239
14381.0,0,13418.0,44464,15586,6.0,2024.0,0,0,-40.148364278824765,29991,21,14043,-13.059880891478809,35692,12474.0,15047
14131.0,0,12581.0,42408,15144,4.0,2024.0,0,0,-40.141284892415484,26734,15,13282,-13.042132101367049,32222,11870.0,14098
13370.0,0,12961.0,39881,15041,4.0,2024.0,0,0,-40.2913820828162,30011,15,13855,-13.159038279654366,31970,12300.0,14513
13910.0,0,12636.0,42398,15507,4.0,2024.0,0,0,-40.399470200673456,27147,15,13402,-13.231665291572591,32643,11829.0,14480
13813.0,0,13335.0,45106,15339,4.0,2024.0,0,0,-40.20806190370854,24942,15,13304,-13.106402846066723,34061,11639.0,14689
14572.0,0,12801.0,44108,15978,6.0,2024.0,0,0,-40.40653528651126,21562,21,12068,-13.253919060023616,30913,11182.0,14408
14077.0,0,12413.0,42164,15610,4.0,2024.0,0,0,-40.36520989533143,23889,15,12803,-12.94742105299718,27463,11333.0,14094
14723.0,0,13919.0,46500,16010,4.0,2024.0,0,0,-40.22270428511631,28977,15,13549,-13.057713719725538,40694,11924.0,15441
14915.0,0,13543.0,47957,16029,4.0,2024.0,0,0,-40.11506772360709,30038,15,13846,-13.199520784944344,38837,12202.0,14926
13175.0,0,12874.0,36533,14600,4.0,2024.0,0,0,-40.11322697507553,29093,15,13442,-13.10190332112435,33444,12155.0,14347
14316.0,0,13370.0,45416,15687,6.0,2024.0,0,0,-40.266753166717535,23532,21,13255,-12.915627903845413,32345,11884.0,14858
13306.0,0,12152.0,34232,15250,6.0,2024.0,0,0,-40.41025793912669,25251,21,12885,-13.084368005212989,30010,11264.0,14525
14204.0,0,13306.0,45501,15608,4.0,2024.0,0,0,-40.303443790768505,28869,15,13847,-13.139023810752903,36719,12087.0,14796
13751.0,0,12527.0,41816,15267,4.0,2024.0,0,0,-40.32323810245453,26685,15,12955,-13.117046158139436,35301,11649.0,14462
14636.0,0,12727.0,51108,15765,4.0,2024.0,0,0,-40.25242195664182,25775,15,13335,-13.0635151586217,33324,11724.0,14578
14971.0,0,14308.0,48144,16158,4.0,2024.0,0,0,-40.21597140864103,32984,15,14218,-13.050684938424045,41555,12459.0,15640
14344.0,0,13105.0,44472,15814,4.0,2024.0,0,0,-40.18023411630693,27089,15,13568,-13.054922794621477,35665,11696.0,15066
14043.0,0,12819.0,48454,15437,4.0,2024.0,0,0,-40.271970610993954,27260,15,13240,-13.07126263696614,39465,11878.0,14754
14622.0,0,12090.0,48982,15457,4.0,2024.0,0,0,-40.05239632873535,21721,15,12368,-13.031755546338537,30209,10975.0,13635
14741.0,0,12625.0,48782,15617,4.0,2024.0,0,0,-40.39753573435102,25320,15,13011,-12.901102094016064,33142,11477.0,14073
13683.0,0,12905.0,41299,15053,4.0,2024.0,0,0,-40.33459642615007,27315,15,13243,-13.051128154403813,34379,11480.0,14235
14843.0,0,13564.0,55669,15842,4.0,2024.0,0,0,-40.119411986791754,34132,15,14118,-13.13553699130096,41986,12654.0,14952
12960.0,0,12574.0,38113,14435,4.0,2024.0,0,0,-40.09993535001046,33087,15,13309,-13.182665830926318,39492,11996.0,14119
12807.0,0,12474.0,35876,14539,6.0,2024.0,0,0,-40.1844333876807,25227,21,12898,-13.217387967283264,36193,11531.0,13920
14794.0,0,12688.0,53376,16129,4.0,2024.0,0,0,-40.10439180793174,32251,15,13390,-13.024945477768245,40258,11578.0,14740
13894.0,0,12164.0,39269,15101,4.0,2024.0,0,0,-40.11745286799273,22633,15,12239,-13.242437997975603,33151,11074.0,14065
13383.0,0,12359.0,38901,14958,4.0,2024.0,0,0,-40.05824301305412,28411,15,13506,-12.959604952350064,32243,11794.0,14337
13120.0,0,12657.0,34977,14405,6.0,2024.0,0,0,-40.07626898520171,28045,21,12718,-13.258077592912827,32629,11412.0,13980
13579.0,0,11854.0,37599,14918,4.0,2024.0,0,0,-40.373203665395266,22472,15,12232,-12.917306717822107,29384,10997.0,13862
14319.0,0,14130.0,44094,15616,4.0,2024.0,0,0,-40.5690307981171,24554,15,13745,-12.97334298309097,41092,12395.0,15531
14950.0,0,14368.0,53172,15898,4.0,2024.0,0,0,-40.52632388891084,28973,15,14148,-12.905143580319358,45040,13016.0,15240
13122.0,0,12802.0,40856,14167,4.0,2024.0,0,0,-40.623964119213746,29683,15,13354,-13.01983692667147,37062,11824.0,13837
13761.0,0,13336.0,38218,15004,4.0,2024.0,0,0,-40.592101403217455,30037,15,13917,-13.050684921265136,35273,12684.0,14652
13953.0,0,13620.0,39734,15479,4.0,2024.0,0,0,-40.44737332671025,33493,15,14907,-12.930454836542019,36465,13311.0,15285
14713.0,0,14019.0,46954,16085,4.0,2024.0,0,0,-40.699368075903585,25097,15,13613,-13.117046150007665,36047,12082.0,15366
14984.0,0,13054.0,57332,15750,4.0,2024.0,0,0,-40.56056338846795,28053,15,13299,-13.217387942137995,37256,12047.0,14446
14035.0,0,12860.0,42712,14979,4.0,2024.0,0,0,-40.61722741467311,30200,15,13512,-13.02397496231649,33270,12101.0,14168
13506.0,0,12759.0,41625,14556,4.0,2024.0,0,0,-40.59883427836529,27422,15,13202,-13.057713702251663,33535,11895.0,14044
14283.0,0,13124.0,52322,15148,4.0,2024.0,0,0,-40.52449428672363,25550,15,12866,-13.059880870787875,40215,11535.0,14391
14074.0,0,12725.0,45320,15559,4.0,2024.0,0,0,-40.704961167759116,20789,15,12059,-13.054144279577963,30310,11201.0,14015
14797.0,0,13227.0,50160,15261,4.0,2024.0,0,0,-40.4805218244982,26094,15,12903,-13.024945458218147,42645,11750.0,14536
14167.0,0,12656.0,42704,15029,4.0,2024.0,0,0,-40.46707876022283,26837,15,13132,-13.08991982164127,34226,11767.0,14168
14540.0,0,13441.0,49792,15645,4.0,2024.0,0,0,-40.502572603124165,26935,15,13247,-13.177051433548002,38051,11796.0,14959
13410.0,0,12500.0,38641,14921,4.0,2024.0,0,0,-40.44537299445903,25186,15,12931,-13.232040445065602,33376,11823.0,14328
13661.0,0,12153.0,41832,14694,4.0,2024.0,0,0,-40.49554200039355,22823,15,12561,-13.135536963080183,27048,11430.0,13359
14464.0,0,12947.0,54121,15468,4.0,2024.0,0,0,-40.44225142890998,26568,15,13072,-13.18509241532046,37110,11858.0,14549
14052.0,0,13363.0,40289,15430,4.0,2024.0,0,0,-40.599685863501094,33906,15,13934,-12.95999038787508,37560,12594.0,15136
13937.0,0,12690.0,43127,14993,4.0,2024.0,0,0,-40.555252866325674,28376,15,13294,-13.218670365082335,33021,11979.0,14171
14339.0,0,13762.0,46809,15514,4.0,2024.0,0,0,-40.62094694101904,30893,15,13954,-13.218063164868392,33856,12578.0,14854
14489.0,0,13528.0,47304,15566,4.0,2024.0,0,0,-40.556364117925746,25656,15,13110,-13.054922775648047,36572,11889.0,14802
15189.0,0,13419.0,56973,15938,4.0,2024.0,0,0,-40.584191899839546,31196,15,13721,-13.106402824402442,42136,12192.0,15095
14558.0,0,12857.0,44910,15762,4.0,2024.0,0,0,-40.62193163241588,24819,15,13295,-13.164571025412146,31878,11804.0,14645
14226.0,0,12804.0,44930,15123,4.0,2024.0,0,0,-40.614667296959006,27206,15,13121,-13.18663323594169,31597,11740.0,14098
13944.0,0,12548.0,45147,14853,4.0,2024.0,0,0,-40.66751206253826,26467,15,13030,-13.159038267499978,32284,11619.0,13913
13041.0,0,12279.0,35636,14653,4.0,2024.0,0,0,-40.603581787174484,28590,15,13431,-13.264957748774583,34969,11518.0,14152
14091.0,0,12813.0,46137,15351,4.0,2024.0,0,0,-40.679174150788675,31432,15,13843,-13.238828306094623,34708,12274.0,14764
14280.0,0,12941.0,48422,15361,4.0,2024.0,0,0,-40.476065367451596,28474,15,13206,-13.182665797956847,35984,12068.0,14350
14996.0,0,13159.0,54078,15640,4.0,2024.0,0,0,-40.679573768114224,29091,15,13359,-13.139023800148006,35575,11908.0,14341
12885.0,0,11751.0,35571,14568,4.0,2024.0,0,0,-40.4523990073001,22435,15,12544,-13.258077554778941,28202,11195.0,13580
12910.0,0,12170.0,37332,14207,4.0,2024.0,0,0,-40.60524732627934,25663,15,12885,-13.253624190996621,32354,11358.0,13764
14716.0,0,13464.0,54707,15358,4.0,2024.0,0,0,-40.632623122953845,32453,15,13782,-13.172448671234715,39226,12345.0,14631
13745.0,0,12221.0,42693,14783,4.0,2024.0,0,0,-40.42009010571394,24783,15,12668,-13.087809949222036,28971,11163.0,13585
14643.0,0,13080.0,49801,15482,4.0,2024.0,0,0,-40.43262434300206,22627,15,12579,-12.927907479607214,31157,11206.0,14218
14267.0,0,13262.0,45724,15271,4.0,2024.0,0,0,-40.64810059453783,30841,15,13675,-13.071262623065762,36194,12179.0,14366
14091.0,0,13005.0,47472,15066,4.0,2024.0,0,0,-40.635321151091645,26985,15,13142,-13.180466551965383,39992,11793.0,14612
13552.0,0,11803.0,40546,14703,4.0,2024.0,0,0,-40.72988233491151,20007,15,11838,-13.042934898027237,31791,10905.0,13862
13580.0,0,11976.0,41551,14759,4.0,2024.0,0,0,-40.449719283468774,24005,15,12610,-13.269129682348185,30254,11270.0,14082
13925.0,0,12648.0,40008,15212,4.0,2024.0,0,0,-40.4410704146412,24576,15,12553,-12.9274213931237,29780,11239.0,13890
14377.0,0,13338.0,45267,15001,4.0,2024.0,0,0,-40.48032998114352,29932,15,13282,-12.981331440217572,35295,11981.0,14234
14743.0,0,12450.0,51301,15386,4.0,2024.0,0,0,-40.68596058098443,27741,15,13268,-13.247802099117283,34079,11511.0,13970
13359.0,0,12418.0,37706,14401,4.0,2024.0,0,0,-40.44916886308216,22432,15,12468,-12.945302859530562,30889,11071.0,13745
13494.0,0,12272.0,40768,14547,4.0,2024.0,0,0,-40.63411750110727,23947,15,12422,-13.234221207436383,33913,11222.0,14060
13905.0,0,11969.0,43402,14838,4.0,2024.0,0,0,-40.6867755476855,25120,15,12625,-13.014330564271516,31239,11231.0,13556
13891.0,0,12516.0,45247,14825,4.0,2024.0,0,0,-40.68125526115271,28974,15,13045,-13.198040456630507,37292,11615.0,14316
14907.0,0,13169.0,48406,16219,6.0,2024.0,0,0,-40.435823246022125,24308,21,13096,-13.156721466600537,33567,11808.0,14843
12955.0,0,12380.0,36732,15003,6.0,2024.0,0,0,-40.447323585825494,31728,21,14203,-13.186606317380654,36273,12224.0,14759
14304.0,0,13439.0,45577,15767,6.0,2024.0,0,0,-40.454481064354255,27148,21,13877,-13.180310030513695,35410,12269.0,14875
14563.0,0,12978.0,44807,16222,6.0,2024.0,0,0,-40.460351637399135,27942,21,14151,-12.994422964362792,33202,12627.0,15115
14095.0,0,11880.0,44429,15333,6.0,2024.0,0,0,-40.48935698989922,25395,21,12957,-13.101903295472583,30196,11431.0,13988
15194.0,0,13936.0,51848,15964,4.0,2024.0,0,0,-39.56124608168934,35078,15,13898,-13.3021454103892,39596,12601.0,14899
13416.0,0,12901.0,38361,14715,4.0,2024.0,0,0,-39.371790775988416,30367,15,13945,-13.300292437723487,33223,12564.0,14284
12889.0,0,12902.0,29841,14381,4.0,2024.0,0,0,-39.61854023547532,26338,15,13560,-13.393316242522806,30394,12268.0,14279
13731.0,0,13567.0,37683,14989,6.0,2024.0,0,0,-39.617725497362294,34161,21,14436,-13.424157743523644,35893,13241.0,14877
13533.0,0,13257.0,34642,14964,6.0,2024.0,0,0,-39.64886237035165,22091,21,12720,-13.274641536342337,35137,11461.0,14719
14372.0,0,14127.0,43409,15414,6.0,2024.0,0,0,-39.46964384352136,38316,21,14515,-13.35497693095193,40909,13542.0,15118
14482.0,0,14302.0,43216,15513,4.0,2024.0,0,0,-39.61596749975451,34975,15,14812,-13.397454420621099,39703,13710.0,15376
13337.0,0,12764.0,35019,14813,4.0,2024.0,0,0,-39.645985627156584,22072,15,12777,-13.282656888605402,32364,11724.0,14542
14311.0,0,13552.0,43821,15252,4.0,2024.0,0,0,-39.4055364469314,26313,15,13561,-13.278688042610682,40843,12032.0,14806
14766.0,0,14606.0,41130,16132,6.0,2024.0,0,0,-39.46668560006412,26357,21,13585,-13.27188843257301,36337,12727.0,15894
14404.0,0,14097.0,38630,15818,6.0,2024.0,0,0,-39.85298770081867,29127,21,14366,-13.62709981873658,35994,12855.0,15468
14592.0,0,14121.0,46754,15990,4.0,2024.0,0,0,-39.92899619434006,32169,15,14520,-13.57152643878465,44997,13170.0,15468
14086.0,0,13929.0,44206,15650,4.0,2024.0,0,0,-39.880364949112504,31576,15,14591,-13.545939870945539,39674,13137.0,15313
13893.0,0,13272.0,48709,14998,6.0,2024.0,0,0,-39.804106814086246,28795,21,13540,-13.42843655867508,39799,12172.0,14629
14115.0,0,13747.0,43733,15469,4.0,2024.0,0,0,-39.67656040783306,26954,15,13830,-13.409795132629716,38183,12406.0,15071
13920.0,0,13708.0,37371,15432,6.0,2024.0,0,0,-39.83984468305429,29801,21,14012,-13.424199615374382,34777,12642.0,14819
14576.0,0,13886.0,44476,15669,4.0,2024.0,0,0,-39.728262843389416,22095,15,12816,-13.398464367749872,39238,11683.0,15049
14115.0,0,13912.0,41544,15655,6.0,2024.0,0,0,-39.87629588939493,32143,21,14473,-13.437027328481129,35379,13360.0,14941
14300.0,0,13295.0,44941,15461,4.0,2024.0,0,0,-39.94710970914601,27817,15,13070,-13.490547555422868,37703,11922.0,14699
14195.0,0,13591.0,39384,15593,4.0,2024.0,0,0,-39.954252870561774,33748,15,14165,-13.359894769155813,36669,12514.0,15096
14533.0,0,14175.0,48246,15666,4.0,2024.0,0,0,-39.92691457226455,26307,15,13676,-13.612306452933506,43514,12151.0,15236
14265.0,0,13380.0,42904,15068,4.0,2024.0,0,0,-39.86967373929543,29286,15,13497,-13.538063773270057,41375,12076.0,14587
14310.0,0,13833.0,44765,15524,4.0,2024.0,0,0,-39.76515670145337,31684,15,14008,-13.415648070720598,39437,12593.0,15078
14579.0,0,13655.0,50769,15387,4.0,2024.0,0,0,-39.9645411564744,33329,15,13815,-13.315295999286018,41672,12363.0,14812
14349.0,0,13396.0,40527,15598,4.0,2024.0,0,0,-39.87371792857674,27288,15,14019,-13.336502680767897,35416,12233.0,15063
14587.0,0,12969.0,47308,15571,6.0,2024.0,0,0,-39.846577838747116,28721,21,13472,-13.431227047876364,37728,12016.0,14796
14817.0,0,13788.0,53606,15754,4.0,2024.0,0,0,-39.88185817544756,26726,15,12588,-13.607700508663106,37442,11519.0,14772
13724.0,0,12813.0,37860,14739,4.0,2024.0,0,0,-39.69145297798553,30527,15,13890,-13.377060787224337,31838,12477.0,14101
13810.0,0,13080.0,42034,15005,4.0,2024.0,0,0,-39.91950934669409,27845,15,13298,-13.550036169272984,36761,12096.0,14487
14550.0,0,13666.0,45646,15608,4.0,2024.0,0,0,-39.86240903902211,29122,15,13881,-13.560121750796045,40257,12522.0,14998
14503.0,0,13519.0,44296,15645,4.0,2024.0,0,0,-39.93451865037463,26997,15,13623,-13.387851866479716,38673,12077.0,15209
12752.0,0,12558.0,31678,14298,6.0,2024.0,0,0,-40.02140585929005,26947,21,13389,-13.274644023311673,30642,11862.0,14092
13837.0,0,12614.0,40739,15454,6.0,2024.0,0,0,-40.015260657611094,26981,21,13538,-13.383030353161887,30761,12128.0,14546
13857.0,0,13395.0,38932,15587,4.0,2024.0,0,0,-39.86868799391501,27714,15,14103,-13.591545616039832,34516,12754.0,14889
13927.0,0,13662.0,45010,15296,4.0,2024.0,0,0,-39.92014465464719,36780,15,14244,-13.533629769622985,44114,12922.0,14989
14161.0,0,13005.0,40363,15175,4.0,2024.0,0,0,-39.89584392859123,28150,15,13534,-13.444773237671138,35760,11982.0,14403
13254.0,0,12933.0,37067,14704,4.0,2024.0,0,0,-39.69092361524259,26848,15,13558,-13.360545245619354,34290,12253.0,14310
13616.0,0,12074.0,37962,14876,4.0,2024.0,0,0,-39.91525367464073,30058,15,13247,-13.532531865163312,32449,11725.0,13949
13645.0,0,12390.0,42706,14982,4.0,2024.0,0,0,-39.97247148032927,25292,15,12687,-13.641571266604522,32574,11395.0,13964
14565.0,0,13740.0,45835,16288,6.0,2024.0,0,0,-40.311645418277735,28201,21,14460,-13.433389498853805,38516,12828.0,15564
14540.0,0,14229.0,47839,15456,4.0,2024.0,0,0,-40.235410472808255,34268,15,14386,-13.461378955133439,45868,13147.0,15291
13651.0,0,13350.0,38049,14841,4.0,2024.0,0,0,-40.21145831854989,29035,15,13572,-13.627099547507914,38388,12432.0,14501
15056.0,0,13979.0,55355,16201,4.0,2024.0,0,0,-40.16779012473865,30653,15,14084,-13.553952409408998,41630,12633.0,15441
14017.0,0,13440.0,41176,15410,4.0,2024.0,0,0,-40.11294929402496,30829,15,13687,-13.424642121005645,36837,12357.0,14847
14253.0,0,12608.0,45194,15609,4.0,2024.0,0,0,-40.31883252664051,27696,15,12578,-13.475413728763481,32348,11291.0,14107
14929.0,0,13458.0,51461,16297,4.0,2024.0,0,0,-40.35973120875372,32468,15,14610,-13.605168293161103,38593,12941.0,15260
12953.0,0,12348.0,33506,14585,6.0,2024.0,0,0,-40.26908445221243,27611,21,13278,-13.346870353738222,29491,11933.0,13884
13859.0,0,13453.0,37676,15504,6.0,2024.0,0,0,-40.124050776115844,19115,21,12596,-13.300292459133551,34359,11530.0,15198
13864.0,0,13581.0,39295,15295,4.0,2024.0,0,0,-40.192256814120526,32371,15,14322,-13.409850491684516,38009,12365.0,15038
13263.0,0,13055.0,34369,15137,6.0,2024.0,0,0,-40.16796015600175,26513,21,13766,-13.490561017276978,29566,12437.0,14456
13629.0,0,13471.0,39009,14930,4.0,2024.0,0,0,-40.08528772077896,31427,15,13994,-13.522238123072185,37000,12567.0,14662
13248.0,0,12437.0,36238,14752,4.0,2024.0,0,0,-40.22211806197361,25538,15,12809,-13.457943612493443,32775,11491.0,14271
14359.0,0,13150.0,41820,15559,4.0,2024.0,0,0,-40.20029350193802,23018,15,13214,-13.550045335457794,39362,11681.0,15034
13847.0,0,13293.0,40579,15545,6.0,2024.0,0,0,-40.24430256387072,27706,21,13880,-13.282503653759454,34091,12259.0,14940
13300.0,0,12771.0,37541,14779,6.0,2024.0,0,0,-40.08702940254681,23550,21,12957,-13.30146247466269,33620,11427.0,14299
14106.0,0,13122.0,36324,14925,4.0,2024.0,0,0,-40.28631543002564,25351,15,13762,-13.621285429741421,32654,12006.0,14416
14196.0,0,13636.0,49370,15299,4.0,2024.0,0,0,-40.153348848878615,27787,15,13489,-13.560112252554159,37760,12075.0,14572
13725.0,0,13251.0,43216,15033,4.0,2024.0,0,0,-40.32054451428657,33969,15,14092,-13.530248833908853,36900,12789.0,14419
13487.0,0,12402.0,34985,14945,6.0,2024.0,0,0,-40.09498142476454,21672,21,12544,-13.300975367963758,30547,11429.0,14234
14334.0,0,13779.0,48057,15509,4.0,2024.0,0,0,-40.23144507933801,27952,15,13775,-13.571539504022892,40261,12278.0,15024
12788.0,0,12224.0,35852,14132,6.0,2024.0,0,0,-40.31559615647506,30998,21,12743,-13.336487513692285,33834,11564.0,13421
12873.0,0,12394.0,41790,14083,4.0,2024.0,0,0,-40.15701232040016,29124,15,12773,-13.545933078409513,37758,11453.0,13672
14713.0,0,13908.0,44996,15700,4.0,2024.0,0,0,-40.27047901276008,36060,15,14475,-13.612314634358466,40548,12963.0,15207
14133.0,0,13697.0,38783,15499,4.0,2024.0,0,0,-40.22122118520091,30523,15,13983,-13.6384311840544,36969,12661.0,15072
13428.0,0,12698.0,42280,14643,4.0,2024.0,0,0,-40.12091323230551,25637,15,12265,-13.421958660862156,34607,11343.0,14082
13738.0,0,13313.0,40665,15073,4.0,2024.0,0,0,-40.20862291508303,31934,15,13938,-13.571825672039155,36697,12233.0,14757
15075.0,0,14219.0,55556,16239,4.0,2024.0,0,0,-40.358891758091055,27041,15,13506,-13.509020224955437,39172,12326.0,15505
14459.0,0,13657.0,44608,15620,4.0,2024.0,0,0,-40.13942831163797,21513,15,12763,-13.413530778770788,37982,11749.0,15154
13758.0,0,13596.0,39471,15311,4.0,2024.0,0,0,-40.31350610280503,30798,15,13940,-13.302145407253024,36988,12402.0,14960
15047.0,0,13389.0,48331,16298,4.0,2024.0,0,0,-40.36296057523006,32627,15,13719,-13.553802106385662,39939,12209.0,14955
14239.0,0,13680.0,45005,15544,4.0,2024.0,0,0,-40.17029686184515,26763,15,13391,-13.512528069067619,38861,11712.0,15111
13720.0,0,12898.0,43897,15293,4.0,2024.0,0,0,-40.073543108555725,28464,15,13293,-13.380545246032874,36899,11690.0,14653
13810.0,0,13191.0,40061,15118,4.0,2024.0,0,0,-40.232523330801335,28693,15,13410,-13.398492121800903,37384,11823.0,14606
13708.0,0,12729.0,41479,15439,6.0,2024.0,0,0,-40.39824565764431,31837,21,13740,-13.282656876746364,31893,11904.0,14540
13806.0,0,12685.0,37204,15067,4.0,2024.0,0,0,-40.28973949602395,29166,15,13580,-13.547796833821481,33954,11898.0,14379
13946.0,0,13282.0,38657,15237,4.0,2024.0,0,0,-40.31620169095336,30624,15,13396,-13.567020996612616,36116,11764.0,14699
14610.0,0,13528.0,39870,15571,4.0,2024.0,0,0,-40.07057531284057,32073,15,13750,-13.44473127814909,36827,12088.0,14879
14448.0,0,13201.0,45688,15513,4.0,2024.0,0,0,-40.15704043759078,29856,15,13581,-13.360584561955005,37108,11815.0,14953
14203.0,0,13253.0,45335,15406,4.0,2024.0,0,0,-40.12386636221321,29387,15,13787,-13.41646394129366,37788,12004.0,14665
13441.0,0,12770.0,37856,14704,4.0,2024.0,0,0,-40.38923878886629,35475,15,13845,-13.627404941234747,36992,12364.0,14225
12743.0,0,12249.0,35161,14471,6.0,2024.0,0,0,-40.3462554492652,29047,21,13212,-13.359362166082702,31571,11842.0,13548
13877.0,0,12757.0,41075,14835,4.0,2024.0,0,0,-40.11021797074566,29266,15,13049,-13.42765404675796,38328,11688.0,14554
15322.0,0,13427.0,51907,16329,4.0,2024.0,0,0,-40.35555717893097,29570,15,13350,-13.558594624983327,40356,11963.0,14710
13085.0,0,12392.0,36948,14748,4.0,2024.0,0,0,-40.40112240116483,28276,15,13317,-13.274641525004158,30711,11456.0,13891
14735.0,0,13783.0,48597,15530,4.0,2024.0,0,0,-40.17966776425231,25374,15,12952,-13.6134240588264,43436,11876.0,14930
13608.0,0,13381.0,37320,15603,4.0,2024.0,0,0,-40.439273425862645,26502,15,14036,-13.631543106977428,35571,12373.0,14984
14003.0,0,12394.0,44648,15384,6.0,2024.0,0,0,-40.47430451711212,24962,21,12882,-13.612371128999282,31335,11645.0,14116
13935.0,0,12348.0,41771,15360,6.0,2024.0,0,0,-40.6923316657786,22074,21,12548,-13.567021028908949,28272,11373.0,14042
15224.0,0,12966.0,51200,16359,6.0,2024.0,0,0,-40.7766155305919,23674,21,13116,-13.283526859939467,31289,11525.0,14814
14866.0,0,12722.0,51432,16227,4.0,2024.0,0,0,-40.554525486089595,24848,15,12959,-13.532536838919034,33894,11484.0,14772
14777.0,0,13960.0,50162,15907,4.0,2024.0,0,0,-40.54392012879077,30417,15,13794,-13.553952415088968,43644,11860.0,15198
14392.0,0,11995.0,46933,15593,6.0,2024.0,0,0,-40.68963607816883,23586,21,12825,-13.302145401528303,29002,11287.0,13696
14622.0,0,12458.0,49021,16018,6.0,2024.0,0,0,-40.55579776596845,20323,21,12434,-13.613424072021385,31479,11218.0,14835
13624.0,0,12271.0,41710,15393,6.0,2024.0,0,0,-40.4153562032053,23995,21,12844,-13.320926824089454,29740,11421.0,14283
14017.0,0,13271.0,47457,15210,4.0,2024.0,0,0,-40.44670533606112,29666,15,13316,-13.444731257141664,37837,12012.0,14439
14239.0,0,12743.0,47619,15180,4.0,2024.0,0,0,-40.59507560465088,31117,15,13532,-13.271888423631026,35680,12047.0,14440
13443.0,0,12114.0,36986,14950,4.0,2024.0,0,0,-40.735021724513,26836,15,13109,-13.509020254751256,29188,11464.0,13717
13120.0,0,12059.0,38165,14520,4.0,2024.0,0,0,-40.783877367847616,27228,15,12995,-13.550493225279233,29593,11519.0,13962
14539.0,0,12417.0,47555,15770,6.0,2024.0,0,0,-40.77725235927302,23157,21,12645,-13.274641525632292,33974,11250.0,14798
14185.0,0,12753.0,45624,15329,4.0,2024.0,0,0,-40.71301576016074,25049,15,12967,-13.354777670186122,33968,11566.0,14515
13754.0,0,12678.0,39157,15255,4.0,2024.0,0,0,-40.744357491514286,27979,15,13255,-13.397454414444704,31698,11694.0,14295
14007.0,0,12661.0,43145,14900,4.0,2024.0,0,0,-40.66102085548163,29325,15,13376,-13.289164768533155,35326,11923.0,14132
14142.0,0,12291.0,46571,15072,4.0,2024.0,0,0,-40.77437561633152,24936,15,12824,-13.28265687819703,29944,11268.0,13699
14018.0,0,11836.0,47866,15252,4.0,2024.0,0,0,-40.611540463538006,27049,15,13028,-13.461378963417602,28962,11312.0,13685
14014.0,0,12284.0,48302,15171,4.0,2024.0,0,0,-40.759924192868446,24574,15,12435,-13.431176704394751,31609,11090.0,13701
13434.0,0,11524.0,39766,14762,4.0,2024.0,0,0,-40.665869476048066,28262,15,12973,-13.547796859807477,29396,11452.0,13632
13303.0,0,12560.0,33712,14621,4.0,2024.0,0,0,-40.74693022701625,25721,15,13083,-13.39331623617881,30291,11745.0,14320
13309.0,0,11703.0,37018,14480,4.0,2024.0,0,0,-40.782129608204954,23157,15,12100,-13.605500550306557,28433,10935.0,13468
12899.0,0,12104.0,33834,14325,4.0,2024.0,0,0,-40.49718824798072,27428,15,13077,-13.31886039562839,29198,11592.0,13779
13110.0,0,12105.0,45370,14782,4.0,2024.0,0,0,-40.567436930333685,34935,15,13784,-13.591544376478385,36779,11838.0,14185
13328.0,0,11862.0,42926,14797,6.0,2024.0,0,0,-40.53314232658195,28351,21,12836,-13.545933081509395,31210,11312.0,13713
12632.0,0,11980.0,34230,14153,4.0,2024.0,0,0,-40.560524253559414,26512,15,12760,-13.533637125242945,29838,11515.0,13439
14783.0,0,12320.0,50958,16143,4.0,2024.0,0,0,-40.57642349958829,28755,15,13075,-13.550045346340356,34663,11472.0,14206
14768.0,0,14285.0,42403,16017,6.0,2024.0,0,0,-39.61070383445732,29889,21,13924,-12.806752813430805,37227,12744.0,15559
14373.0,0,13988.0,42966,15189,4.0,2024.0,0,0,-39.609895551225954,27979,15,13591,-12.81305482009448,39746,12272.0,14989
14710.0,0,13685.0,47564,15260,4.0,2024.0,0,0,-39.36865776316282,24312,15,13665,-12.674857670288148,35462,12477.0,14733
13938.0,0,13465.0,38001,15189,4.0,2024.0,0,0,-39.63465007858937,22548,15,13226,-12.809084353307048,34709,11912.0,14763
15137.0,0,14518.0,47921,15819,4.0,2024.0,0,0,-39.43618949781165,31800,15,14428,-12.607756470539734,42133,13286.0,15507
14931.0,0,13499.0,46420,15661,4.0,2024.0,0,0,-39.60330100164688,23436,15,13197,-12.811546969821975,39772,12150.0,15051
14227.0,0,13419.0,40498,15411,6.0,2024.0,0,0,-39.56829012147659,23015,21,13241,-12.783189435437297,34687,11856.0,15023
14003.0,0,13432.0,40318,15116,4.0,2024.0,0,0,-39.65374007964858,22881,15,13498,-12.85847254385338,36336,12013.0,14899
14161.0,0,13639.0,39599,15099,4.0,2024.0,0,0,-39.534056805561264,31584,15,13911,-12.874260535867451,37073,12706.0,14776
14717.0,0,13979.0,44731,15619,4.0,2024.0,0,0,-39.334771754224285,30016,15,14000,-12.554315908095715,36368,12739.0,14988
14357.0,0,13215.0,37911,15657,6.0,2024.0,0,0,-39.55524166316323,23378,21,13374,-12.78138256175497,31177,12085.0,14882
12804.0,0,12572.0,33264,13998,4.0,2024.0,0,0,-39.60747423012404,27717,15,13216,-12.858138690723159,29623,12172.0,13874
14302.0,0,13748.0,39005,15531,4.0,2024.0,0,0,-39.29332962189928,29976,15,13974,-12.559791852643757,34693,12590.0,14687
14748.0,0,13910.0,46148,15698,6.0,2024.0,0,0,-39.40475517679602,30065,21,14014,-12.798879209173835,35616,12841.0,14877
15341.0,0,13802.0,52868,15737,4.0,2024.0,0,0,-39.291299810967864,25880,15,12928,-12.612730368548185,37946,11769.0,14799
14791.0,0,14144.0,50334,14998,4.0,2024.0,0,0,-39.37161116513384,24762,15,12968,-12.669360773129078,43430,12283.0,14816
13964.0,0,13256.0,37274,15324,4.0,2024.0,0,0,-39.53263140031108,27269,15,13473,-12.542011962281547,32641,12211.0,14615
13567.0,0,13077.0,34940,14481,4.0,2024.0,0,0,-39.29096469944146,28632,15,13416,-12.689871417329924,32679,12017.0,14259
13625.0,0,12141.0,34472,14622,4.0,2024.0,0,0,-39.44822823113183,22291,15,12600,-12.58830422227566,30322,11408.0,13968
14330.0,0,13192.0,40361,15637,4.0,2024.0,0,0,-39.61772701865571,21175,15,12378,-12.67705871500575,33073,11500.0,14769
14621.0,0,13916.0,44270,15535,4.0,2024.0,0,0,-39.56124680556969,20907,15,12210,-12.554998038335354,37777,11317.0,15260
14246.0,0,12675.0,39138,15109,4.0,2024.0,0,0,-39.40478585853984,21335,15,12696,-12.613459303131018,29718,11551.0,14130
13427.0,0,12995.0,39335,14686,4.0,2024.0,0,0,-39.59330962984127,28816,15,13500,-12.894556793004616,34048,12179.0,14330
15033.0,0,13274.0,50267,15349,4.0,2024.0,0,0,-39.34272368120399,28964,15,13286,-12.553828397040869,35972,12071.0,14201
13809.0,0,12771.0,35382,14860,4.0,2024.0,0,0,-39.35207351840632,26821,15,13390,-12.556862987887342,29823,12007.0,13945
13897.0,0,12758.0,38900,14638,4.0,2024.0,0,0,-39.56333762935683,25411,15,12850,-12.589353408503277,32389,11764.0,14027
13538.0,0,12750.0,35982,14875,4.0,2024.0,0,0,-39.64886237895438,21453,15,12403,-12.52748599313686,30446,11258.0,14433
13828.0,0,13175.0,39769,14874,4.0,2024.0,0,0,-39.49204300388496,23804,15,12592,-12.535347923334644,34705,11309.0,14412
13383.0,0,12130.0,36307,14580,4.0,2024.0,0,0,-39.53404770287508,20853,15,12076,-12.586379159701007,30528,11129.0,13806
14867.0,0,13852.0,46751,15395,4.0,2024.0,0,0,-39.5168270067544,27897,15,13357,-12.599739581963716,37832,11876.0,14680
14233.0,0,12809.0,42035,15186,4.0,2024.0,0,0,-39.3717927753577,27337,15,13425,-12.553144543994836,29863,11962.0,13889
13851.0,0,12317.0,37548,14406,4.0,2024.0,0,0,-39.36880153954691,19981,15,11677,-12.571719719034473,29785,10817.0,13588
14376.0,0,12661.0,45332,14786,4.0,2024.0,0,0,-39.63285115681719,25907,15,12706,-12.568131315106495,35618,11332.0,14088
13710.0,0,12442.0,41249,14430,4.0,2024.0,0,0,-39.48026875240928,26081,15,12926,-12.651381019488102,32836,11434.0,13955
14710.0,0,13058.0,48249,15152,4.0,2024.0,0,0,-39.29969484633809,27489,15,13085,-12.640696172463727,37006,11566.0,14229
14054.0,0,13233.0,39994,15104,4.0,2024.0,0,0,-39.43515729444683,28592,15,13269,-12.658218901283586,36398,12238.0,14206
14420.0,0,12574.0,45744,15128,4.0,2024.0,0,0,-39.532242303898286,22790,15,12636,-12.716367711809836,31624,11382.0,14154
13809.0,0,12626.0,41840,14473,4.0,2024.0,0,0,-39.64080897938643,25181,15,12922,-12.543683929813861,34066,11665.0,13937
14457.0,0,12778.0,44508,15111,4.0,2024.0,0,0,-39.321285501965946,24844,15,12738,-12.633429535382689,33584,11244.0,14180
15191.0,0,13488.0,55518,15536,4.0,2024.0,0,0,-39.418041102565184,28801,15,13824,-12.765461170604114,34768,12707.0,14555
13220.0,0,11753.0,35850,14495,4.0,2024.0,0,0,-39.63698020646858,29521,15,12770,-12.880384818132196,32415,11266.0,13501
14298.0,0,12130.0,42764,15118,4.0,2024.0,0,0,-39.28696645960042,24187,15,12711,-12.573789370133799,28822,11608.0,13529
13543.0,0,12624.0,35529,14839,4.0,2024.0,0,0,-39.58462725486096,27725,15,13540,-12.60765105635291,31310,12054.0,14396
13367.0,0,12195.0,37603,14449,4.0,2024.0,0,0,-39.593996798749906,23728,15,12169,-12.612237551287823,30491,11233.0,13654
14199.0,0,13147.0,43783,14980,4.0,2024.0,0,0,-39.421936176426804,26875,15,12926,-12.6299845991346,35935,11672.0,14229
15040.0,0,13815.0,51859,15621,4.0,2024.0,0,0,-39.70809105293003,22634,15,12962,-12.620826608999407,40438,11777.0,15072
13336.0,0,13135.0,32161,14620,6.0,2024.0,0,0,-39.74327960902575,22880,21,13082,-12.761967339087745,32348,11829.0,14626
14085.0,0,13741.0,41885,15512,6.0,2024.0,0,0,-39.75856947879786,22742,21,13145,-12.827404205594691,38257,11895.0,15292
14062.0,0,13545.0,40986,15426,4.0,2024.0,0,0,-39.738935185148755,23370,15,13719,-12.825963495234346,34838,12274.0,15117
14126.0,0,13478.0,38680,15533,4.0,2024.0,0,0,-39.963427530684285,28939,15,13968,-12.633446750877676,34232,12687.0,14903
13840.0,0,12483.0,37932,15327,6.0,2024.0,0,0,-39.714817470940396,23657,21,12973,-12.716341760010089,28185,11693.0,14180
15169.0,0,14350.0,52382,16172,4.0,2024.0,0,0,-40.01183318220226,29173,15,14682,-12.53638266462562,41170,13049.0,15651
14259.0,0,12983.0,43323,15330,6.0,2024.0,0,0,-39.99707284515015,26553,21,13457,-12.543695689660096,33734,12095.0,14461
14820.0,0,13991.0,43954,15909,6.0,2024.0,0,0,-39.689990358885204,25757,21,13795,-12.8115330488909,35881,12598.0,15404
14210.0,0,14053.0,41650,15411,4.0,2024.0,0,0,-40.0104697945462,25890,15,13658,-12.535511632098615,41673,12086.0,14846
14138.0,0,13509.0,41890,15222,4.0,2024.0,0,0,-39.85674019069622,26669,15,13075,-12.53534857323315,37773,11788.0,14705
14364.0,0,13734.0,42194,15321,4.0,2024.0,0,0,-39.76143661826789,30474,15,14249,-12.607835303358835,36956,12715.0,14884
14399.0,0,13496.0,42417,15365,6.0,2024.0,0,0,-39.70013846025332,29802,21,13750,-12.884532079420113,37387,12517.0,14936
14905.0,0,13825.0,48152,15713,4.0,2024.0,0,0,-39.876287997315934,28673,15,13982,-12.689931144564639,37077,12681.0,14967
12791.0,0,12141.0,33056,13963,4.0,2024.0,0,0,-39.864964321059254,28608,15,13253,-12.65038332185888,30230,11930.0,13545
14319.0,0,13448.0,44335,15108,4.0,2024.0,0,0,-40.00952146168898,31573,15,14044,-12.559802217589775,38301,12938.0,14751
15025.0,0,13175.0,50734,15504,4.0,2024.0,0,0,-39.6914521736244,28135,15,13708,-12.629943936788976,37230,12115.0,14456
14973.0,0,13415.0,54431,15441,4.0,2024.0,0,0,-39.977620764061,28509,15,13208,-12.669347763138003,40561,11746.0,14629
14370.0,0,12752.0,44017,15652,4.0,2024.0,0,0,-40.01121343495582,24672,15,13386,-12.800701265135345,33364,11987.0,14806
13434.0,0,12080.0,35127,14266,4.0,2024.0,0,0,-39.68036423883924,23201,15,12232,-12.554298754409688,28325,11118.0,13288
13422.0,0,12972.0,37975,14447,4.0,2024.0,0,0,-39.667829886820854,26417,15,12979,-12.714232236001749,34642,11553.0,14130
14043.0,0,13110.0,43265,15047,4.0,2024.0,0,0,-39.695062336615,26637,15,13465,-12.813047161678766,37113,12200.0,14694
14809.0,0,13040.0,49426,15523,4.0,2024.0,0,0,-39.934512455707406,25275,15,12703,-12.640737447176207,36701,11598.0,14283
13098.0,0,12778.0,34446,14216,4.0,2024.0,0,0,-39.8465707083878,28130,15,12826,-12.684128541242249,32199,11422.0,13753
14031.0,0,13319.0,41615,14893,4.0,2024.0,0,0,-39.704448530959446,29726,15,13678,-12.855411798521457,37685,12268.0,14417
13796.0,0,12293.0,38114,14977,4.0,2024.0,0,0,-39.98907807346724,18577,15,11780,-12.5738157005636,29777,10865.0,14031
13346.0,0,12407.0,36096,14095,4.0,2024.0,0,0,-39.96453794715985,25912,15,12761,-12.5681542765066,31984,11418.0,13686
13491.0,0,11998.0,40950,14768,4.0,2024.0,0,0,-39.83248375529453,22876,15,12153,-12.775212420426064,30325,11227.0,13460
14105.0,0,12862.0,43574,15318,4.0,2024.0,0,0,-39.91950672360529,22412,15,12593,-12.80298394295566,33935,11295.0,14473
13811.0,0,12129.0,42888,14586,4.0,2024.0,0,0,-39.95424734227844,25123,15,12810,-12.612769981148986,31177,11385.0,13633
14049.0,0,13000.0,41623,15000,4.0,2024.0,0,0,-39.99614241353509,28207,15,13632,-12.666398053761002,33993,11608.0,14308
13878.0,0,12986.0,43975,14745,4.0,2024.0,0,0,-39.895837262391645,29051,15,13219,-12.697680192077415,35499,11915.0,14127
13243.0,0,11814.0,36276,14423,4.0,2024.0,0,0,-39.690922947771256,25071,15,13098,-12.61342205480696,26286,11495.0,13398
13576.0,0,11961.0,42672,14602,4.0,2024.0,0,0,-39.814848674775035,23682,15,12624,-12.761435121178518,32538,11194.0,13587
13981.0,0,11846.0,44541,14765,4.0,2024.0,0,0,-39.92014159390258,23867,15,12346,-12.786571236427159,29091,11067.0,13296
12964.0,0,12068.0,36211,13907,4.0,2024.0,0,0,-39.947106452884995,25288,15,12576,-12.743472914260808,29796,11257.0,13328
13822.0,0,11952.0,40028,14829,4.0,2024.0,0,0,-39.72826076091774,23951,15,12379,-12.651354711850978,29220,11051.0,13566
13161.0,0,11895.0,38520,14235,4.0,2024.0,0,0,-39.772232094393544,25791,15,12565,-12.68629641299636,30737,11094.0,13538
14718.0,0,11917.0,49789,15329,4.0,2024.0,0,0,-39.765153068181576,24165,15,12743,-12.668544263504304,30106,11268.0,13527
13178.0,0,12735.0,32656,14510,6.0,2024.0,0,0,-39.85132164210273,18393,21,12067,-12.89141246816291,31756,11278.0,14248
12924.0,0,12256.0,35917,14243,4.0,2024.0,0,0,-39.696908624247094,24754,15,12599,-12.571697213053282,32507,11064.0,13727
13797.0,0,13010.0,42279,15155,4.0,2024.0,0,0,-39.915250452870495,29235,15,13908,-12.785472838563585,35397,12249.0,14598
13211.0,0,12154.0,37521,14244,4.0,2024.0,0,0,-39.7503095649592,28060,15,12787,-12.803489730690254,30245,11606.0,13474
12871.0,0,12411.0,30720,14106,4.0,2024.0,0,0,-39.68356247619043,24652,15,12573,-12.783156743733231,29190,11514.0,13597
12548.0,0,12505.0,31324,13893,4.0,2024.0,0,0,-39.72806927603706,26467,15,13123,-12.607732298244768,31466,11674.0,13609
12715.0,0,11845.0,34150,14151,4.0,2024.0,0,0,-40.043959889316056,26495,15,12564,-12.714232238703696,27788,11272.0,13425
13001.0,0,11830.0,37655,14113,4.0,2024.0,0,0,-40.06705295200269,27615,15,12689,-12.61342207239864,30618,11376.0,13791
14097.0,0,12102.0,46997,15018,4.0,2024.0,0,0,-40.058242846908215,26185,15,12911,-12.586002307673557,32365,11446.0,13616
13176.0,0,11520.0,39167,14460,4.0,2024.0,0,0,-40.09470935078414,26548,15,12627,-12.553132170466387,29846,11352.0,13381
14228.0,0,12147.0,45828,14754,4.0,2024.0,0,0,-40.06494028698028,24774,15,12650,-12.553812460657033,30902,11238.0,13424
14063.0,0,12608.0,44703,14966,4.0,2024.0,0,0,-40.07303862892983,29108,15,13230,-12.571697237193234,31924,11940.0,13942
14212.0,0,13287.0,45518,15073,4.0,2024.0,0,0,-40.34860145789737,28952,15,13445,-12.894555337841545,36142,11992.0,14556
13792.0,0,12213.0,39217,14889,4.0,2024.0,0,0,-40.071243165201615,25262,15,13134,-12.556846386015318,29543,11705.0,13628
12745.0,0,12026.0,36465,13895,4.0,2024.0,0,0,-40.069241634653864,25316,15,12697,-12.858490043334388,30264,11313.0,13407
13602.0,0,12816.0,37418,14662,4.0,2024.0,0,0,-40.25649130971413,24201,15,12654,-12.798885628115881,32761,11595.0,14179
14136.0,0,13727.0,42487,15227,4.0,2024.0,0,0,-40.38565148983881,30973,15,14304,-12.559802212117958,38332,13229.0,14639
13147.0,0,12808.0,34920,14401,4.0,2024.0,0,0,-40.117451862622794,27106,15,13160,-12.868888915765638,32834,11753.0,13933
14569.0,0,12635.0,46490,15457,4.0,2024.0,0,0,-40.223554477279,24078,15,12740,-12.586386414379112,31919,11508.0,14270
13588.0,0,12579.0,39558,14572,4.0,2024.0,0,0,-40.1412830779868,27808,15,13267,-12.668544263762564,33408,11780.0,14092
13220.0,0,12361.0,41191,14149,4.0,2024.0,0,0,-40.09993317077264,26141,15,12524,-12.809105456583488,31182,11446.0,13582
13467.0,0,12619.0,37545,14512,4.0,2024.0,0,0,-40.11940961718395,28750,15,13386,-12.761967325583987,31356,11992.0,13862
15016.0,0,14551.0,53929,15726,4.0,2024.0,0,0,-40.21596812685204,32721,15,13946,-12.677098399986036,43536,12384.0,15399
13436.0,0,12393.0,40611,14698,4.0,2024.0,0,0,-40.24579953573833,26593,15,13076,-12.791006436870932,34295,11483.0,14188
13661.0,0,12644.0,44357,14265,4.0,2024.0,0,0,-40.19097868830204,26234,15,12732,-12.761435102901391,34475,11781.0,13718
13891.0,0,12496.0,39707,15134,4.0,2024.0,0,0,-40.18023141241001,19764,15,11873,-12.681337164466244,29164,11185.0,13925
15512.0,0,13195.0,53018,15863,4.0,2024.0,0,0,-40.090947476963834,26011,15,13074,-12.71634175737294,36666,11499.0,14703
14040.0,0,12411.0,45289,15487,4.0,2024.0,0,0,-40.04846849576582,21685,15,12358,-12.781338380545092,32728,10961.0,14482
13809.0,0,13093.0,41780,14600,4.0,2024.0,0,0,-40.227451658372175,26449,15,12988,-12.89141244864697,34986,11548.0,14016
13619.0,0,12312.0,47199,14481,4.0,2024.0,0,0,-40.41025790534759,29747,15,12953,-12.710789753384725,36102,11194.0,13824
14131.0,0,14057.0,41600,15412,4.0,2024.0,0,0,-40.22270072429955,23965,15,12880,-12.68412853019219,40877,11564.0,15150
13668.0,0,12461.0,41091,14987,4.0,2024.0,0,0,-40.244815895414,22805,15,12494,-12.844508864855067,28230,11307.0,13862
14795.0,0,14023.0,48312,15807,6.0,2024.0,0,0,-40.13065354923853,25388,21,13322,-12.86535746067771,39270,11500.0,15242
14519.0,0,12375.0,47886,15202,4.0,2024.0,0,0,-40.24984461372905,24002,15,12898,-12.589367781099071,29947,11425.0,13466
14367.0,0,13821.0,42524,15816,4.0,2024.0,0,0,-40.266752671395245,33785,15,14062,-12.542015486599432,37019,12982.0,15377
14884.0,0,13203.0,49657,15713,4.0,2024.0,0,0,-40.33459440302957,33796,15,14158,-12.677542342651499,38453,12695.0,14722
13078.0,0,12137.0,36215,14246,4.0,2024.0,0,0,-40.11506519297721,22503,15,12412,-12.825963472267865,32890,11181.0,13808
14225.0,0,12922.0,43544,14822,4.0,2024.0,0,0,-40.365208100080004,21963,15,12676,-12.57381569390079,37121,11587.0,14378
13716.0,0,11962.0,35635,14954,4.0,2024.0,0,0,-40.211113535793366,25644,15,12978,-12.866399296436226,29522,11396.0,14067
13290.0,0,12646.0,36674,14187,4.0,2024.0,0,0,-40.126439573642045,22793,15,12284,-12.803489709303822,33895,11294.0,13676
14463.0,0,14099.0,46549,15440,4.0,2024.0,0,0,-40.296271615338036,33457,15,14071,-12.786571222171602,42578,12557.0,15141
13689.0,0,12943.0,39515,15016,4.0,2024.0,0,0,-40.39947014253917,27756,15,13312,-12.85811517002161,31970,11958.0,14225
13975.0,0,12816.0,42259,14707,4.0,2024.0,0,0,-40.135805097454806,28462,15,13286,-12.588290920750941,34269,11976.0,14207
14452.0,0,12312.0,46281,15289,4.0,2024.0,0,0,-40.15019377971641,22907,15,12567,-12.531529335623036,33305,11218.0,13902
14251.0,0,12783.0,47654,15147,4.0,2024.0,0,0,-40.13756662779972,24889,15,12776,-12.60783531445086,37280,11488.0,14078
14859.0,0,13389.0,43261,15913,4.0,2024.0,0,0,-40.28230330839982,23711,15,13247,-12.555006623166461,35597,11966.0,14997
14413.0,0,13496.0,44837,15228,4.0,2024.0,0,0,-40.33955755537071,29439,15,13959,-12.63344674181117,39591,12507.0,15115
14877.0,0,13363.0,48394,15748,4.0,2024.0,0,0,-40.20805790601436,20072,15,11806,-12.73282703380784,35465,11068.0,14549
14585.0,0,14004.0,43364,15780,4.0,2024.0,0,0,-40.271967281999196,28605,15,13646,-12.697680178690273,36991,12133.0,15123
14077.0,0,13359.0,42404,15567,4.0,2024.0,0,0,-40.073589182104755,24044,15,13123,-12.895586348575467,30388,11571.0,14651
13780.0,0,13444.0,41163,14708,4.0,2024.0,0,0,-40.25747330350403,26980,15,13553,-12.61226328733496,33563,12243.0,14255
14878.0,0,13042.0,50592,15662,4.0,2024.0,0,0,-40.192899383851795,26748,15,13535,-12.599741628019009,36301,12301.0,14746
14191.0,0,13173.0,42066,15287,4.0,2024.0,0,0,-40.25918951579035,24482,15,13065,-12.80690506070441,33045,11137.0,14642
14489.0,0,13439.0,43580,15446,4.0,2024.0,0,0,-40.291380473937636,29074,15,13149,-12.78547282412103,37538,11869.0,14691
13807.0,0,12408.0,45493,14968,4.0,2024.0,0,0,-40.29563674499444,30739,15,13332,-12.802983928321359,33867,11492.0,14401
14334.0,0,12887.0,47511,15131,4.0,2024.0,0,0,-40.30304375358485,25609,15,12922,-12.865278299883938,37292,11395.0,14411
14540.0,0,12857.0,53741,15423,6.0,2024.0,0,0,-40.40653527564615,29442,21,13560,-12.880373349902046,37902,11953.0,14440
14282.0,0,13280.0,47920,15096,4.0,2024.0,0,0,-40.30344208477629,23161,15,12502,-12.765454597813994,35572,11356.0,14455
14380.0,0,13544.0,46120,15655,4.0,2024.0,0,0,-39.93737571680612,34872,15,14058,-13.675611266006756,37942,12240.0,14728
14462.0,0,13721.0,40205,15817,6.0,2024.0,0,0,-39.81517592713233,23751,21,13897,-13.964954890441463,30907,12683.0,15235
14755.0,0,14081.0,49119,15961,4.0,2024.0,0,0,-39.84281557696564,24469,15,13491,-13.645360536487722,41832,12293.0,15245
13891.0,0,13654.0,35604,15539,4.0,2024.0,0,0,-39.982760228778616,18800,15,12586,-13.882445763176927,35311,11618.0,15317
14156.0,0,13981.0,36622,15476,6.0,2024.0,0,0,-39.80826226157172,29806,21,14125,-13.90705876437749,34429,12866.0,15134
13649.0,0,13262.0,36515,15145,6.0,2024.0,0,0,-40.02499236754,31482,21,14344,-13.648111478596675,35636,12585.0,14913
14892.0,0,14033.0,47686,16038,4.0,2024.0,0,0,-40.022115610181785,33132,15,14480,-13.656125340054066,44076,12848.0,15450
15042.0,0,13859.0,48488,15854,4.0,2024.0,0,0,-39.75009779549093,29979,15,14247,-13.965547555754728,39852,12621.0,15194
14031.0,0,13661.0,36251,15199,4.0,2024.0,0,0,-39.66196799322738,29101,15,13919,-13.975821226447394,34707,12503.0,14926
14663.0,0,14419.0,44169,15669,4.0,2024.0,0,0,-39.66904615304864,34152,15,14703,-14.012281086118039,40479,13679.0,15304
14980.0,0,14057.0,50697,15964,4.0,2024.0,0,0,-39.96075501756693,26834,15,13773,-13.728233155852337,43087,12226.0,15389
14551.0,0,13904.0,45190,15935,4.0,2024.0,0,0,-39.99385473425786,33562,15,14641,-13.797599424108652,40547,13268.0,15522
14006.0,0,13186.0,42364,14845,4.0,2024.0,0,0,-39.69548009161435,30248,15,13657,-14.015999530555716,34043,12678.0,14324
14395.0,0,13768.0,41907,15370,4.0,2024.0,0,0,-39.82416162184118,29292,15,13772,-13.923463875011233,38530,12366.0,15041
14177.0,0,13630.0,42133,15217,6.0,2024.0,0,0,-39.94441166575143,26409,21,13756,-13.903670741733075,35989,12597.0,14867
14363.0,0,13274.0,43188,15281,4.0,2024.0,0,0,-39.935513455176775,36966,15,13756,-13.806830124647973,39037,12270.0,14711
14337.0,0,13261.0,40405,15297,4.0,2024.0,0,0,-39.763295429797346,28642,15,13293,-13.786975253068691,36629,11664.0,14597
13858.0,0,13286.0,38202,15017,4.0,2024.0,0,0,-39.91018470983194,28155,15,13334,-13.994690092058608,35283,12154.0,14704
14624.0,0,12921.0,47780,15464,4.0,2024.0,0,0,-39.73681724952143,29786,15,13386,-13.798084192964094,40257,12253.0,14758
14808.0,0,13536.0,47399,15626,4.0,2024.0,0,0,-39.79182770208903,28980,15,13964,-13.863990872571671,35927,12784.0,14655
13676.0,0,12813.0,39444,14648,4.0,2024.0,0,0,-39.73408602525723,34471,15,13347,-13.801095507819184,36973,11987.0,14187
13606.0,0,13185.0,39775,15114,4.0,2024.0,0,0,-39.93946538370503,33358,15,13694,-13.709946745895136,37122,12298.0,14548
14113.0,0,13336.0,37175,14965,4.0,2024.0,0,0,-39.76225088684416,25913,15,13033,-13.911470671472102,33121,12085.0,14629
13257.0,0,13248.0,36195,14579,4.0,2024.0,0,0,-39.970124734414256,31338,15,13830,-13.732816661672775,37803,12441.0,14433
14366.0,0,12959.0,42694,15304,4.0,2024.0,0,0,-40.031617246757044,25310,15,13051,-13.923909948572048,31127,11823.0,13989
14666.0,0,13494.0,44477,15976,4.0,2024.0,0,0,-39.99466963840842,32810,15,13612,-13.766763847459885,36506,12272.0,14568
13128.0,0,12487.0,36974,14523,4.0,2024.0,0,0,-39.81612316208895,26049,15,12989,-13.783295990028227,33749,11662.0,14096
9659.0,18884,9620.0,15216,8673,8.0,2024.0,65535,65535,-38.539039525218264,11127,33,4444,-12.986327652187162,13202,9625.0,7322
9630.0,18836,9621.0,12435,6888,8.0,2024.0,65535,51632,-38.54743433127056,11136,33,4388,-13.01428822368284,11701,9612.0,5317
9668.0,30739,9601.0,14213,8016,8.0,2024.0,65535,65535,-38.569024296750285,11287,33,4502,-13.007023346642395,12039,9564.0,5591
9638.0,25848,9612.0,13299,7232,8.0,2024.0,65535,44295,-38.54106920500833,11216,33,4666,-12.933399368873049,11660,9603.0,5198
9629.0,26085,9610.0,12622,6774,8.0,2024.0,65535,44193,-38.5347063036385,11229,33,4720,-12.947394071049318,11804,9598.0,5847
9619.0,56663,9476.0,12883,6234,8.0,2024.0,65535,65535,-38.85763387654309,11319,33,3287,-13.18661423646834,11901,9329.0,4616
9508.0,65535,9375.0,14516,7172,8.0,2024.0,65535,65535,-38.85844222430879,11562,33,3508,-13.180313430402393,12219,9258.0,4656
9562.0,60098,9424.0,13784,6631,8.0,2024.0,65535,65535,-38.94787901526778,11502,33,3855,-13.258077604466258,12087,9283.0,4846
9445.0,65535,9322.0,12644,5144,8.0,2024.0,65535,65535,-38.958639430995056,11274,33,3196,-13.301462487003253,11896,9218.0,3945
14670.0,0,14412.0,40779,15889,0.0,2025.0,0,0,-38.88854897118663,28238,3,14736,-12.917294667903095,36515,13440.0,15587
15023.0,0,14412.0,42158,16216,0.0,2025.0,0,0,-38.89660241111129,20972,3,13668,-12.90109970178945,37595,12357.0,15959
15014.0,0,14885.0,42967,15988,0.0,2025.0,0,0,-38.89596559442162,32801,3,15261,-12.909986734706903,41248,13868.0,15928
14660.0,0,14337.0,38811,15817,0.0,2025.0,0,0,-38.89372568149277,18599,3,12688,-12.909116545289223,36447,11605.0,15719
13910.0,0,12767.0,35047,15056,0.0,2025.0,0,0,-39.16299208050626,16542,3,11486,-13.159038294082821,30931,11001.0,14443
13899.0,0,13054.0,35192,15105,0.0,2025.0,0,0,-39.12959751752738,20388,3,12306,-13.234221234739806,29691,11286.0,14417
14318.0,0,13972.0,37805,15385,0.0,2025.0,0,0,-39.130801167566375,17837,3,12372,-13.180466581692851,34713,11526.0,15262
14593.0,0,14138.0,40771,15750,0.0,2025.0,0,0,-39.06259228179189,24261,3,14253,-13.135005388872822,37309,12707.0,15353
14387.0,0,14293.0,37254,15855,0.0,2025.0,0,0,-39.22021147083623,23212,3,14013,-13.268099250149557,36235,12506.0,15767
14526.0,0,14344.0,38371,15821,0.0,2025.0,0,0,-39.18144059980873,24499,3,13897,-13.247802119038457,36923,12699.0,15660
14622.0,0,14482.0,41683,15637,0.0,2025.0,0,0,-39.17465416929974,32286,3,14945,-13.23882832732747,39550,13629.0,15526
14411.0,0,14150.0,37191,15832,0.0,2025.0,0,0,-38.92810435003567,26291,3,14494,-12.927907485425393,35499,12745.0,15512
15321.0,0,14977.0,45925,16143,0.0,2025.0,0,0,-38.96631958179274,33302,3,15233,-12.926741685542185,42026,13732.0,15922
15067.0,0,14867.0,41745,16241,0.0,2025.0,0,0,-39.07342159024197,22900,3,14265,-13.265292515856904,40985,12717.0,16076
14994.0,0,14816.0,42879,16174,0.0,2025.0,0,0,-39.05604340146904,32659,3,15174,-13.217387979780668,38971,13753.0,15968
14762.0,0,14576.0,41084,16040,0.0,2025.0,0,0,-38.949961072408975,33393,3,15330,-13.180310074311004,36209,13952.0,15734
14970.0,0,14654.0,41193,15895,0.0,2025.0,0,0,-38.92007892225076,28677,3,14474,-13.154903305382986,39244,13230.0,15769
14990.0,0,14806.0,43126,15959,0.0,2025.0,0,0,-39.05073287907848,21948,3,13527,-13.218670403348579,41432,12261.0,15867
14576.0,0,14486.0,38961,15984,0.0,2025.0,0,0,-38.9715453765119,26956,3,14729,-13.182665843438633,37766,12124.0,15759
15328.0,0,14907.0,46495,16270,0.0,2025.0,0,0,-38.93130325320922,24324,3,14232,-13.156721505813264,40968,12808.0,16002
14289.0,0,13719.0,40561,15496,1.0,2025.0,0,0,-39.601492341896034,25863,4,13745,-13.042934923613513,34559,12463.0,15063
14832.0,0,14186.0,41783,15653,0.0,2025.0,0,0,-39.488837411944964,30249,3,14309,-13.023974987439509,37266,12972.0,15227
15157.0,0,14891.0,45300,15913,0.0,2025.0,0,0,-39.50693114992804,33447,3,15071,-13.180466567370134,43257,13775.0,15823
15414.0,0,14639.0,47350,16209,0.0,2025.0,0,0,-39.52975406986326,29646,3,14799,-13.198333312647375,38650,13111.0,15860
15547.0,0,15194.0,48509,16454,0.0,2025.0,0,0,-39.449551570325916,30795,3,15033,-13.265292491897888,44861,13460.0,16084
15483.0,0,14854.0,48658,16231,0.0,2025.0,0,0,-39.486277294013256,28341,3,14305,-13.18663325071559,40920,12837.0,15828
14977.0,0,14670.0,44083,16086,0.0,2025.0,0,0,-39.4659291553049,35835,3,15165,-12.898344470218756,41790,13761.0,15847
15153.0,0,14817.0,42887,16364,0.0,2025.0,0,0,-39.47129585926471,32152,3,15430,-12.959990416062375,39604,13689.0,16044
15431.0,0,14952.0,45758,16325,0.0,2025.0,0,0,-39.365192868603344,26645,3,14380,-13.242437974551017,45404,12737.0,16195
15312.0,0,15114.0,47216,16380,0.0,2025.0,0,0,-39.65799790730982,29094,3,14997,-13.08436803097556,43091,13296.0,16267
14648.0,0,13931.0,39936,15801,0.0,2025.0,0,0,-39.83249440512248,32092,3,14572,-13.198339466856687,35373,12969.0,15377
15067.0,0,14552.0,48056,16365,0.0,2025.0,0,0,-39.84463849939235,31613,3,14375,-13.234223495959286,40165,12953.0,15844
14828.0,0,14811.0,41714,16486,0.0,2025.0,0,0,-39.69444614273238,32909,3,15224,-13.071221783068676,41089,13355.0,16261
14541.0,0,14403.0,40590,16173,0.0,2025.0,0,0,-39.75009893474853,24276,3,14463,-13.218655745797475,36500,12778.0,15978
14878.0,0,14413.0,44128,16223,0.0,2025.0,0,0,-39.819789556180986,22258,3,13548,-13.265291936749025,39073,12256.0,16059
15258.0,0,14737.0,47414,16241,0.0,2025.0,0,0,-39.695480109368674,28954,3,14687,-13.269128531351233,42232,13039.0,15924
14967.0,0,14620.0,42744,16346,0.0,2025.0,0,0,-39.7091584417034,29955,3,14929,-13.148743328607518,39393,13253.0,16166
13414.0,0,12772.0,32748,15177,0.0,2025.0,0,0,-40.008981018349075,24497,3,13699,-12.94173749579961,29082,11963.0,14638
14430.0,0,13954.0,41641,16143,0.0,2025.0,0,0,-39.94441730903895,23581,3,12812,-13.156755100826723,35548,11830.0,15704
14472.0,0,14100.0,37574,15807,0.0,2025.0,0,0,-39.82416534869853,20097,3,12970,-13.176554953102292,36675,11879.0,15507
14972.0,0,14198.0,43633,16256,0.0,2025.0,0,0,-39.68701344057672,25483,3,14505,-13.258069693621158,35860,12786.0,15822
15013.0,0,14662.0,44639,16395,0.0,2025.0,0,0,-39.79166154524312,29330,3,15031,-13.180462907779436,40277,12804.0,16129
13844.0,0,13039.0,34713,15207,0.0,2025.0,0,0,-39.777220027483004,20287,3,12894,-13.186624028479688,30499,11723.0,14622
13823.0,0,13269.0,33386,15806,0.0,2025.0,0,0,-39.78088374128427,20748,3,13191,-13.172442099586267,30321,11816.0,15225
14710.0,0,13901.0,45576,15593,0.0,2025.0,0,0,-39.97942907965953,25256,3,13849,-13.185106761903254,39509,12276.0,15224
14380.0,0,13783.0,40190,15593,0.0,2025.0,0,0,-39.986023846045875,34117,3,14986,-13.186614229404057,35488,13391.0,15146
14186.0,0,13548.0,38395,15393,0.0,2025.0,0,0,-39.73682131792667,21189,3,13039,-13.051128190655403,34281,11680.0,15121
14280.0,0,14109.0,42828,15679,0.0,2025.0,0,0,-39.687839721720046,29063,3,14432,-13.200927249369103,39263,12891.0,15407
14758.0,0,13946.0,43555,15818,0.0,2025.0,0,0,-39.89434989891012,24937,3,13324,-13.238836329962526,36881,12149.0,15184
13712.0,0,13340.0,38668,15303,1.0,2025.0,0,0,-39.94007426820944,25616,4,13599,-13.193534302928942,33132,12149.0,14711
13549.0,0,13098.0,33961,14941,0.0,2025.0,0,0,-39.73408989629241,22387,3,13167,-13.05414072725745,29772,11867.0,14601
14503.0,0,13268.0,41236,15966,1.0,2025.0,0,0,-39.79806317669982,32080,4,14505,-13.00358011736243,33630,12784.0,14957
14574.0,0,13910.0,40500,15713,0.0,2025.0,0,0,-39.75411588248772,29453,3,14321,-13.217373948324672,34923,12920.0,15344
13755.0,0,12825.0,34699,14995,1.0,2025.0,0,0,-39.84599220411948,20081,4,12185,-13.084435474829228,30209,11308.0,14321
13792.0,0,12919.0,33765,14862,1.0,2025.0,0,0,-39.66945921072498,17779,4,12064,-12.933399373412128,29398,11383.0,14292
13477.0,0,13054.0,36609,15191,1.0,2025.0,0,0,-39.91361241388184,20348,4,12329,-13.17430622228712,34122,11416.0,14902
13909.0,0,13252.0,33585,15393,1.0,2025.0,0,0,-40.031617515340066,28798,4,13753,-13.177004608293846,32375,12314.0,15021
14027.0,0,13131.0,33163,15445,1.0,2025.0,0,0,-39.84509130584671,16917,4,12060,-13.264957790711058,28764,11154.0,14779
13870.0,0,12939.0,37470,15332,0.0,2025.0,0,0,-39.74792176850622,26724,3,13813,-12.926754467637004,31604,12310.0,14574
13709.0,0,12599.0,34763,15255,1.0,2025.0,0,0,-39.824356610507024,26151,4,13693,-12.961907858229655,29051,12062.0,14323
13732.0,0,12905.0,35521,15298,1.0,2025.0,0,0,-40.013109484921515,21582,4,13040,-13.253930842710504,30404,11781.0,14661
14783.0,0,13631.0,43607,15998,0.0,2025.0,0,0,-39.892955719729784,28320,3,13918,-12.973340932200434,35206,12297.0,15126
14038.0,0,12969.0,38284,15270,1.0,2025.0,0,0,-39.78166666960256,27931,4,13781,-12.905145624068323,31791,12028.0,14347
14525.0,0,13058.0,42802,15606,1.0,2025.0,0,0,-39.74773875819084,25427,4,12978,-13.042948320077791,33346,11939.0,14523
13360.0,0,12242.0,34709,14682,1.0,2025.0,0,0,-39.86817277333396,23072,4,12997,-12.908961752288489,28467,11599.0,13901
13911.0,0,13330.0,34722,15268,1.0,2025.0,0,0,-39.722044734398,16813,4,11916,-13.23889351228618,30373,11256.0,14840
13178.0,0,12182.0,32250,14461,1.0,2025.0,0,0,-39.91057327063417,22003,4,12657,-13.042137563006081,28565,11249.0,13849
13927.0,0,13403.0,40117,15183,1.0,2025.0,0,0,-39.66742953116701,25151,4,13316,-12.986327657447161,35352,11848.0,14690
13575.0,0,12025.0,35986,15129,1.0,2025.0,0,0,-39.80552069584316,24498,4,12765,-12.994456718888772,28080,11271.0,13943
13144.0,0,12499.0,33328,14904,1.0,2025.0,0,0,-39.91018610700285,28880,4,13417,-13.247808942449803,29314,11696.0,14096
13426.0,0,12407.0,38792,14481,1.0,2025.0,0,0,-39.803538288699805,29051,4,13068,-13.239945946005722,33347,11857.0,13707
14474.0,0,13865.0,41890,15659,0.0,2025.0,0,0,-40.211114282044456,32186,3,14903,-13.239949421874805,38511,13534.0,15398
14701.0,0,13639.0,48431,15920,0.0,2025.0,0,0,-40.28201408749123,30762,3,14136,-13.198333311707719,37918,12721.0,15186
13985.0,0,13111.0,37218,15621,0.0,2025.0,0,0,-40.24984627811498,28090,3,13833,-12.962971154471598,32750,12489.0,15038
14768.0,0,13158.0,45691,16221,1.0,2025.0,0,0,-40.06494039029882,24920,4,13830,-12.927421406100711,33104,12239.0,14867
13262.0,0,13008.0,34827,14988,0.0,2025.0,0,0,-40.303044173362586,28482,3,14106,-13.238828317378616,31173,12688.0,14513
14689.0,0,13695.0,44403,15849,1.0,2025.0,0,0,-40.06758257959673,21503,4,13555,-13.003538303372187,35333,11781.0,15286
13909.0,0,13283.0,38918,15204,0.0,2025.0,0,0,-40.24580164371687,27168,3,13714,-13.164571042986198,35081,12421.0,14822
13817.0,0,12946.0,34647,15292,1.0,2025.0,0,0,-40.309830604894216,30424,4,14214,-13.247802109657913,31381,12528.0,14544
13854.0,0,13028.0,39218,15014,1.0,2025.0,0,0,-40.059693220647645,30899,4,14180,-13.15672149903157,32567,12597.0,14457
14266.0,0,13152.0,41618,15625,0.0,2025.0,0,0,-40.32883119541049,25576,3,13400,-13.054144286650565,33834,11851.0,14992
13018.0,0,12421.0,34891,14526,1.0,2025.0,0,0,-40.25649313636002,30777,4,13587,-13.172448687597662,32398,11927.0,14079
13541.0,0,13336.0,34954,15138,0.0,2025.0,0,0,-40.20181157906839,26676,3,13513,-13.265292506154225,32315,12091.0,15098
13754.0,0,12758.0,36116,15203,1.0,2025.0,0,0,-40.04396007724023,24283,4,13208,-13.087809976506286,30703,11762.0,14562
13759.0,0,13052.0,34876,15353,1.0,2025.0,0,0,-40.3486014817566,28324,4,13938,-13.268099242197795,31345,12667.0,14688
14531.0,0,13764.0,43431,15777,1.0,2025.0,0,0,-40.29627314380265,32567,4,14846,-13.160136430703623,38034,13250.0,15482
14173.0,0,13598.0,40623,15536,0.0,2025.0,0,0,-40.208616731853155,32712,3,14525,-13.148780063472126,34932,13029.0,14895
14341.0,0,13339.0,43964,15286,0.0,2025.0,0,0,-40.241097425044956,19904,3,12628,-13.02397497620634,35576,11664.0,14741
13252.0,0,12832.0,32751,15033,1.0,2025.0,0,0,-40.25798751480767,27394,4,13877,-13.234221224001141,29844,12281.0,14533
14168.0,0,12231.0,37644,15564,1.0,2025.0,0,0,-40.38796373228862,23687,4,13339,-12.909994858726337,28305,11652.0,14133
15014.0,0,13143.0,46397,16215,1.0,2025.0,0,0,-40.386600306167026,23099,4,13407,-12.909124017098396,34637,11600.0,15010
13429.0,0,12433.0,32151,15049,1.0,2025.0,0,0,-40.30512528413664,24303,4,13337,-13.198040467407203,27426,11573.0,14098
13173.0,0,12656.0,34251,14662,1.0,2025.0,0,0,-40.10419996454123,25242,4,13329,-12.981331456112105,32130,11504.0,14336
13835.0,0,12540.0,36856,15436,1.0,2025.0,0,0,-40.24783413091364,24606,4,13361,-13.01983693993778,27738,11623.0,14124
14244.0,0,12860.0,42900,15801,1.0,2025.0,0,0,-40.22355587041396,28446,4,14170,-12.959990397112715,33817,12050.0,14876
13661.0,0,11932.0,32503,15463,1.0,2025.0,0,0,-40.07124330361096,22654,4,12406,-12.930454849512442,25120,11140.0,14105
13686.0,0,12845.0,35793,15326,1.0,2025.0,0,0,-40.28230421814495,24597,4,13593,-12.928616460294032,31247,11747.0,14677
13487.0,0,12237.0,35921,14935,1.0,2025.0,0,0,-40.192900798989335,21465,4,12453,-12.97334299470597,29269,11186.0,13912
12774.0,0,12036.0,31054,14346,1.0,2025.0,0,0,-40.15019388136591,26045,4,13259,-12.905143587944513,27154,11587.0,13754
13418.0,0,12559.0,35364,15137,1.0,2025.0,0,0,-40.33038012703449,24612,4,13163,-12.986368288562772,30851,11863.0,14512
13475.0,0,12266.0,35052,14802,1.0,2025.0,0,0,-40.05649431699653,26304,4,13300,-12.927907492987064,28370,11704.0,13897
13490.0,0,12276.0,36143,14908,1.0,2025.0,0,0,-40.094709554508846,23275,4,13055,-12.926741689231488,29003,11410.0,13820
14531.0,0,14148.0,40456,16146,0.0,2025.0,0,0,-40.76273026714215,23107,3,14077,-12.90912401881359,34155,12410.0,16066
14888.0,0,14643.0,47487,16384,1.0,2025.0,0,0,-40.77366569318181,23163,4,14126,-12.901102096851627,42684,12421.0,15984
15194.0,0,13857.0,49758,16237,1.0,2025.0,0,0,-40.658434199664285,25856,4,13818,-12.928616456096105,36439,12138.0,15289
13209.0,0,12253.0,32999,15018,0.0,2025.0,0,0,-40.470839572984126,24322,3,13459,-12.926741677534652,26120,11771.0,13901
13197.0,0,12464.0,30633,14509,1.0,2025.0,0,0,-40.63360561747196,26255,4,13938,-12.985862224519822,27460,12198.0,13945
13631.0,0,12158.0,38847,14955,1.0,2025.0,0,0,-40.49119773806473,26266,4,13594,-13.199520751736342,28166,11983.0,14133
13457.0,0,12610.0,31724,15079,1.0,2025.0,0,0,-40.76178250169207,25260,4,14423,-12.933409944903747,27088,12015.0,14197
14262.0,0,13480.0,38671,15241,1.0,2025.0,0,0,-40.6285519440358,30301,4,13903,-13.063515142459057,34585,12655.0,14657
13951.0,0,12735.0,37407,15466,1.0,2025.0,0,0,-40.456710219908196,25482,4,13535,-13.22896294077233,31054,11817.0,14423
14457.0,0,13059.0,41481,16000,1.0,2025.0,0,0,-40.506784639391725,27184,4,13821,-13.238907324724183,31447,12102.0,14787
13543.0,0,12433.0,35307,14951,1.0,2025.0,0,0,-40.67176803378357,25106,4,13285,-13.176545973251748,27686,11610.0,13821
13810.0,0,12221.0,36609,15286,1.0,2025.0,0,0,-40.65814406906023,23441,4,13030,-13.19833329819554,26480,11554.0,13829
14475.0,0,12820.0,40230,15772,1.0,2025.0,0,0,-40.77055053143078,23393,4,13431,-13.193494232227687,31260,11641.0,14586
14205.0,0,12314.0,40782,15592,1.0,2025.0,0,0,-40.77560015911754,19124,4,12504,-13.23166529171566,29053,11091.0,14453
14816.0,0,12825.0,43780,16031,1.0,2025.0,0,0,-40.44318330926815,24546,4,13569,-12.987019574228626,30332,11686.0,14677
13933.0,0,12790.0,36098,15336,1.0,2025.0,0,0,-40.67240312256101,27056,4,13612,-13.160136419113117,29860,11928.0,14450
13375.0,0,12763.0,31711,15176,1.0,2025.0,0,0,-40.7413398605186,26578,4,13904,-12.94742105089471,28587,12012.0,14411
13917.0,0,11401.0,37660,15165,1.0,2025.0,0,0,-40.51193587230824,26008,4,12790,-12.961894127052213,30940,11000.0,13734
13212.0,0,12428.0,32859,14567,1.0,2025.0,0,0,-40.51369765259006,24710,4,13251,-12.981434777330058,27463,11718.0,13900
12949.0,0,11510.0,32538,14581,1.0,2025.0,0,0,-40.72473145021277,21912,4,12582,-13.268099236180044,23917,11152.0,13135
13888.0,0,12539.0,36982,15403,1.0,2025.0,0,0,-40.716799544662436,25606,4,13323,-12.941761047306304,27063,11610.0,13835
13582.0,0,12338.0,35943,15346,1.0,2025.0,0,0,-40.78266524356571,26261,4,13729,-13.253919060913121,30014,11680.0,14450
13717.0,0,12490.0,33506,15259,1.0,2025.0,0,0,-40.721395773217544,23500,4,13250,-13.04843599557941,27249,11476.0,14198
13468.0,0,12011.0,33573,14830,1.0,2025.0,0,0,-40.42701846044857,23819,4,12621,-13.265413440150297,26380,11304.0,13450
13216.0,0,11959.0,30683,14737,1.0,2025.0,0,0,-40.70651009907816,20619,4,12602,-12.986368282094105,23850,11098.0,13646
13487.0,0,11941.0,31712,15084,1.0,2025.0,0,0,-40.51083181459388,19894,4,12404,-13.200961385938754,27801,11033.0,14114
13557.0,0,11966.0,32525,14828,1.0,2025.0,0,0,-40.43437303871622,21312,4,12450,-12.959604936401963,26080,11018.0,13806
14007.0,0,13134.0,39403,15379,1.0,2025.0,0,0,-40.71568979747301,31778,4,14018,-13.007040970040276,34040,12392.0,14504
14352.0,0,13591.0,44090,15875,1.0,2025.0,0,0,-40.6428831512998,30210,4,13919,-12.915627900107177,36280,11911.0,15036
15244.0,0,15014.0,44709,16278,0.0,2025.0,0,0,-39.11591256865773,28661,3,14847,-13.282503663267773,42033,13148.0,16108
14952.0,0,14404.0,42901,16126,0.0,2025.0,0,0,-39.09055561925956,28679,3,15101,-13.271888454157818,38262,13375.0,15868
14906.0,0,14484.0,43168,16027,0.0,2025.0,0,0,-39.029406468580405,27327,3,14863,-13.278688072387933,37249,12710.0,15807
14199.0,0,13500.0,40378,15295,0.0,2025.0,0,0,-39.404780433797974,27728,3,13830,-13.360584551520205,34908,12703.0,14649
13965.0,0,13242.0,36184,15282,1.0,2025.0,0,0,-39.648225541611154,29832,4,13816,-13.283526870341055,32335,12540.0,14618
15140.0,0,14446.0,46952,16159,0.0,2025.0,0,0,-39.559385397363194,27011,3,14209,-13.43338951640532,40380,12497.0,15748
13833.0,0,13735.0,31191,15668,0.0,2025.0,0,0,-39.43618504567231,23585,3,14094,-13.354884243748312,28414,12481.0,15427
15173.0,0,14562.0,42993,16172,0.0,2025.0,0,0,-39.63285087771227,32691,3,14852,-13.315271777828444,41272,13732.0,15827
15094.0,0,14679.0,44807,16139,0.0,2025.0,0,0,-39.49204255043199,27442,3,14852,-13.282503645817457,38739,13267.0,15928
14772.0,0,14343.0,41771,15928,0.0,2025.0,0,0,-39.51682443600934,25920,3,14591,-13.346870356157572,33374,12979.0,15644
15488.0,0,14857.0,51792,16371,0.0,2025.0,0,0,-39.58625719384094,25673,3,14555,-13.428414444240897,41915,12895.0,16101
15135.0,0,14713.0,45731,16077,0.0,2025.0,0,0,-39.4482249972629,30983,3,15053,-13.335439553911073,40772,13448.0,15839
14977.0,0,14685.0,43931,16321,0.0,2025.0,0,0,-39.63153420244789,34105,3,15246,-13.431176709581262,38516,13785.0,16054
15047.0,0,14388.0,43621,16178,0.0,2025.0,0,0,-39.53223647665246,26380,3,14593,-13.463453437595685,36635,12767.0,15854
15338.0,0,15164.0,47589,16520,0.0,2025.0,0,0,-39.563336135129326,32158,3,15175,-13.336487520931783,41718,13743.0,16325
13879.0,0,13231.0,36548,15544,0.0,2025.0,0,0,-39.66783026312352,26292,3,13182,-13.46131583654442,28280,12213.0,15167
14469.0,0,13528.0,39211,15931,0.0,2025.0,0,0,-39.68881048977257,18829,3,13206,-13.300958491787023,28943,11799.0,15682
14455.0,0,13869.0,42263,15927,0.0,2025.0,0,0,-39.73709885604052,19844,3,13388,-13.47540750922348,35204,12023.0,15464
14757.0,0,14495.0,43613,16257,0.0,2025.0,0,0,-39.76143865022824,33676,3,14807,-13.354962407418315,38881,12847.0,15842
14687.0,0,14550.0,44058,15954,0.0,2025.0,0,0,-39.71857975238366,29668,3,14489,-13.300279349483134,40551,13020.0,15788
14996.0,0,14818.0,48180,16218,0.0,2025.0,0,0,-39.774063972742,31789,3,14862,-13.278685987755036,44531,13578.0,16088
14735.0,0,14588.0,43995,16204,0.0,2025.0,0,0,-39.8256817117543,33136,3,15509,-13.638765844366388,39930,13919.0,16018
14703.0,0,14523.0,42274,16311,0.0,2025.0,0,0,-39.72807064062335,30544,3,14395,-13.354858735282356,37788,13000.0,16106
14796.0,0,14452.0,44408,16120,0.0,2025.0,0,0,-39.851321915428464,23001,3,13801,-13.638431195393984,40178,12291.0,15832
14802.0,0,14780.0,45885,16276,0.0,2025.0,0,0,-39.68211317601952,28460,3,14865,-13.33313573356659,42138,13295.0,16098
15037.0,0,14931.0,46626,16548,0.0,2025.0,0,0,-39.680364388440545,29922,3,14387,-13.301444342631665,41916,13147.0,16349
15115.0,0,14703.0,46997,16369,0.0,2025.0,0,0,-39.70809217107851,32578,3,15076,-13.367947474403229,43114,13235.0,16054
14653.0,0,14336.0,43126,16272,0.0,2025.0,0,0,-39.9890816683557,26507,3,14084,-13.3209545883793,36640,12516.0,15934
15312.0,0,14495.0,49676,16405,0.0,2025.0,0,0,-39.933700867821265,26538,3,14745,-13.621278460025753,42709,12961.0,16095
14686.0,0,14527.0,44078,16373,0.0,2025.0,0,0,-39.856740723205235,34537,3,15272,-13.282504326040337,42083,13749.0,16067
13376.0,0,13042.0,33526,15252,1.0,2025.0,0,0,-40.00952356563505,21372,4,13109,-13.306945859179093,32177,11658.0,14918
14015.0,0,13139.0,37460,15366,1.0,2025.0,0,0,-39.6951134377858,18324,4,12099,-13.303991453161135,32307,11281.0,14712
14138.0,0,13618.0,39195,15719,1.0,2025.0,0,0,-40.0104707625187,27589,4,13715,-13.282664590779737,35025,12523.0,15236
14695.0,0,13896.0,40311,15993,1.0,2025.0,0,0,-40.01183422699155,31868,4,14875,-13.283535242038658,35999,13141.0,15463
14549.0,0,13420.0,42083,15742,1.0,2025.0,0,0,-39.952703321255626,26114,4,13854,-13.427657735539562,35094,12285.0,15169
12847.0,0,12762.0,30381,14671,1.0,2025.0,0,0,-39.90588519663281,23422,4,13564,-13.571819392088873,30248,11946.0,14580
13943.0,0,12925.0,37643,15527,1.0,2025.0,0,0,-39.84742725092721,23098,4,13120,-13.3335225293492,30258,11642.0,14740
13407.0,0,12415.0,32949,14778,1.0,2025.0,0,0,-40.03040526768918,20765,4,12641,-13.62739290290072,28115,11399.0,14092
13475.0,0,12744.0,31297,14918,1.0,2025.0,0,0,-39.864970501980395,21304,4,13049,-13.39749478263872,28073,11572.0,14245
13748.0,0,12440.0,34165,15098,1.0,2025.0,0,0,-39.996144592214584,21649,4,12780,-13.41350110327158,27117,11129.0,13978
12911.0,0,12216.0,30301,14474,1.0,2025.0,0,0,-39.9776239232646,24928,4,13062,-13.41645020863296,27036,11626.0,13883
13627.0,0,11813.0,35791,14921,1.0,2025.0,0,0,-39.9061751096924,19788,4,12077,-13.302154459401622,27689,11166.0,13571
13830.0,0,12460.0,38910,15256,1.0,2025.0,0,0,-40.023340229771,25073,4,13312,-13.605143548156768,31119,11739.0,14283
13753.0,0,12407.0,36381,15521,1.0,2025.0,0,0,-39.8906236439943,19849,4,12176,-13.28916848191045,28600,11160.0,14571
12995.0,0,11783.0,31256,14525,1.0,2025.0,0,0,-39.969137548162415,24140,4,12567,-13.421950357570482,25015,11066.0,13388
14849.0,0,13240.0,41790,16212,1.0,2025.0,0,0,-40.04558881239439,29661,4,13932,-13.306934969961242,33645,12450.0,15297
14948.0,0,14142.0,49831,15964,1.0,2025.0,0,0,-40.13838220885881,27005,4,14065,-13.538050168675017,41397,12488.0,15541
14888.0,0,14088.0,45795,16166,1.0,2025.0,0,0,-40.13024528292179,28790,4,14309,-13.590856063159885,40215,12816.0,15675
14876.0,0,13251.0,44170,16139,0.0,2025.0,0,0,-40.042891166223086,23438,3,13807,-13.572964649844256,31338,12160.0,15087
14786.0,0,14030.0,44746,16042,0.0,2025.0,0,0,-40.370800262932484,36191,3,14874,-13.39331622184147,39042,13457.0,15513
14395.0,0,13613.0,39955,16044,0.0,2025.0,0,0,-40.18439425277745,22974,3,14151,-13.53363711859147,33356,12288.0,15512
15137.0,0,14775.0,49987,16645,0.0,2025.0,0,0,-40.098174499331414,31303,3,14971,-13.612371129830928,44782,13528.0,16244
14674.0,0,14153.0,43841,16030,0.0,2025.0,0,0,-40.178395484127904,33017,3,15160,-13.532536833393968,40440,13429.0,15721
15539.0,0,14605.0,49117,16597,0.0,2025.0,0,0,-40.38690842027066,32484,3,15007,-13.556132000479295,37728,13127.0,15897
13112.0,0,12225.0,32273,14400,1.0,2025.0,0,0,-40.28630585972014,24014,4,13040,-13.333514880281301,26577,11778.0,13747
13058.0,0,11991.0,32583,14658,1.0,2025.0,0,0,-40.188445052940914,23287,4,12951,-13.354884250790333,26838,11303.0,13582
13285.0,0,12124.0,33146,14786,1.0,2025.0,0,0,-40.051953839021124,20161,4,12602,-13.387808372383686,26461,11285.0,13804
12657.0,0,11877.0,30117,14041,1.0,2025.0,0,0,-40.284890874484915,23995,4,12891,-13.289164779530196,28302,11464.0,13620
13669.0,0,12553.0,35520,15245,1.0,2025.0,0,0,-40.04322431488477,25068,4,13205,-13.436964370548942,29815,12025.0,14267
13728.0,0,12609.0,37363,15156,1.0,2025.0,0,0,-40.28449649456581,26769,4,13906,-13.463453420173366,30332,12054.0,14315
12942.0,0,12184.0,32648,14510,1.0,2025.0,0,0,-40.385110906749894,26401,4,13218,-13.315271764016012,28400,11787.0,13717
14510.0,0,12656.0,42196,15506,1.0,2025.0,0,0,-40.08853755568816,24645,4,13644,-13.615901194892768,28757,12098.0,14346
13632.0,0,12653.0,31160,15089,1.0,2025.0,0,0,-40.03922617379898,25952,4,13608,-13.32092686187558,29189,11924.0,14443
14054.0,0,12834.0,40759,15348,1.0,2025.0,0,0,-40.20048500586082,28906,4,13798,-13.335439561579335,31226,12507.0,14401
14366.0,0,13639.0,41622,15868,1.0,2025.0,0,0,-40.33688578940061,29214,4,14173,-13.354777665473227,34742,12639.0,15064
14409.0,0,13833.0,45007,15649,1.0,2025.0,0,0,-40.10433110774464,32482,4,14676,-13.304009028681303,38414,13220.0,15215
14176.0,0,13076.0,40362,15669,1.0,2025.0,0,0,-40.03809800774426,27520,4,13985,-13.602414494915909,32933,12152.0,14775
13915.0,0,13433.0,38154,15386,1.0,2025.0,0,0,-40.195919458454846,22247,4,13501,-13.638765229282946,33000,12102.0,15042
14432.0,0,13809.0,41456,15745,1.0,2025.0,0,0,-40.18164805273927,34932,4,14961,-13.367982092966711,37938,13409.0,15409
14026.0,0,13214.0,36739,15429,1.0,2025.0,0,0,-40.120656576303304,24104,4,13328,-13.333168494522733,32632,11849.0,14951
13877.0,0,12983.0,35749,15255,0.0,2025.0,0,0,-40.12622837455487,21325,3,13159,-13.59213757514655,30223,11343.0,14427
15231.0,0,13984.0,50560,16149,1.0,2025.0,0,0,-40.22190385449613,25534,4,14173,-13.354976933688254,38518,12592.0,15433
14961.0,0,13849.0,48232,15977,1.0,2025.0,0,0,-40.06396948759691,28794,4,14358,-13.574411678232623,40373,12190.0,15536
14568.0,0,13702.0,43573,16004,0.0,2025.0,0,0,-40.2207676986463,27829,3,14106,-13.607702804628241,38018,12616.0,15224
14577.0,0,13840.0,45729,15941,1.0,2025.0,0,0,-40.4059996510448,34245,4,14763,-13.605500500875344,36594,13499.0,15435
14330.0,0,13447.0,36939,15938,1.0,2025.0,0,0,-40.39306892230355,28770,4,14716,-13.290833516094704,32355,12867.0,15373
14494.0,0,13861.0,41026,15726,1.0,2025.0,0,0,-40.28670113790134,30396,4,14397,-13.415653640814305,36932,12646.0,15211
14470.0,0,13396.0,41128,15929,0.0,2025.0,0,0,-40.40774741103358,30763,3,14586,-13.55049318366393,33098,12317.0,15064
13969.0,0,13482.0,36844,15360,0.0,2025.0,0,0,-40.121058234714916,26758,3,12980,-13.31886042161002,35524,12179.0,15193
14794.0,0,14398.0,47609,16325,0.0,2025.0,0,0,-40.307495294065774,29275,3,14671,-13.528442899900542,41294,13099.0,15953
14871.0,0,14200.0,47092,16140,1.0,2025.0,0,0,-40.362152162923714,30664,4,14596,-13.56010171062214,40279,13033.0,15693
13973.0,0,13743.0,37404,15734,0.0,2025.0,0,0,-40.36998552472796,29281,3,14277,-13.424157719499776,36952,13255.0,15453
14472.0,0,13936.0,41548,15945,1.0,2025.0,0,0,-40.18741013373837,26440,4,14154,-13.405327249075405,39065,12441.0,15595
13922.0,0,13844.0,40053,15439,0.0,2025.0,0,0,-40.36822752692392,29368,3,14355,-13.397454399807723,37319,12830.0,15274
14281.0,0,14002.0,42080,15776,0.0,2025.0,0,0,-40.42990881023482,30515,3,14292,-13.508448487799106,40379,13023.0,15484
14529.0,0,13504.0,39425,15876,0.0,2025.0,0,0,-40.49704324559775,28668,3,13986,-13.421958646361837,34294,12799.0,15131
13626.0,0,12799.0,37210,15242,1.0,2025.0,0,0,-40.464667575369404,20933,4,12511,-13.615901192739917,31554,11435.0,14689
13058.0,0,12292.0,34866,14573,1.0,2025.0,0,0,-40.447740128109025,27934,4,13309,-13.64259995319385,33079,11942.0,13967
14210.0,0,12514.0,37788,15718,1.0,2025.0,0,0,-40.41968929299805,23922,4,13452,-13.35985299785073,28872,11804.0,14458
15346.0,0,14546.0,50740,16478,1.0,2025.0,0,0,-40.42808386591417,31738,4,14449,-13.38780834294048,42693,13156.0,15936
12598.0,0,11669.0,29184,14451,1.0,2025.0,0,0,-40.58758831400786,20582,4,12524,-13.627099567402993,25148,11099.0,13636
14243.0,0,12773.0,38264,15692,1.0,2025.0,0,0,-40.5645750529287,24126,4,13308,-13.354884238003093,29925,11900.0,14733
14015.0,0,13077.0,39855,15512,1.0,2025.0,0,0,-40.421306190588254,20449,4,12596,-13.638881233115592,31262,11428.0,14895
13810.0,0,13509.0,37677,15434,1.0,2025.0,0,0,-40.440099512123034,29502,4,14290,-13.574411668055257,34880,12617.0,15234
13760.0,0,13430.0,37106,15556,0.0,2025.0,0,0,-40.4181779924559,31618,3,14358,-13.47984176895218,33995,13241.0,15295
14613.0,0,12624.0,39224,15944,1.0,2025.0,0,0,-40.563540133925024,24716,4,13223,-13.4053272435261,28896,11884.0,14412
15149.0,0,14238.0,45519,16776,1.0,2025.0,0,0,-40.44967313118819,29315,4,15126,-13.38054521961107,38153,13046.0,16236
14114.0,0,13004.0,40235,15489,1.0,2025.0,0,0,-40.41422803737425,25959,4,14008,-13.602414482900912,33374,12486.0,14449
14559.0,0,12720.0,43764,15732,1.0,2025.0,0,0,-40.598033847895536,24506,4,13420,-13.354976924859562,31676,11474.0,14708
14533.0,0,12705.0,40156,15931,1.0,2025.0,0,0,-40.55777805405952,25389,4,13512,-13.367982081290213,31639,11625.0,15004
13235.0,0,12355.0,33660,14910,1.0,2025.0,0,0,-40.59735117873501,22935,4,13223,-13.638431206663482,29742,11323.0,14360
13809.0,0,12189.0,36263,15286,1.0,2025.0,0,0,-40.73828212870482,23545,4,13031,-13.56010174825446,26612,11124.0,14023
13808.0,0,12177.0,36187,15337,1.0,2025.0,0,0,-40.499996374922176,24283,4,12904,-13.4164639267925,27909,11483.0,14196
14310.0,0,12692.0,41606,15757,1.0,2025.0,0,0,-40.739090540850896,25842,4,13655,-13.553802143191746,29377,11798.0,14672
14210.0,0,12362.0,38941,15751,1.0,2025.0,0,0,-40.69172613142571,24054,4,13315,-13.33648751322256,27565,11554.0,14280
14327.0,0,12656.0,38992,15448,1.0,2025.0,0,0,-40.73168714600909,23247,4,13183,-13.558594661615494,27891,11477.0,14261
13935.0,0,12350.0,34623,15292,1.0,2025.0,0,0,-40.56838681335309,23836,4,13377,-13.409850487364533,28967,11601.0,14447
13096.0,0,12086.0,29780,14494,1.0,2025.0,0,0,-40.50401402115332,24695,4,13336,-13.383067870513601,26916,11682.0,13821
13047.0,0,11807.0,31449,14295,1.0,2025.0,0,0,-40.62043255286692,22879,4,12658,-13.28250363700508,25199,11234.0,13280
12952.0,0,12024.0,28933,14465,1.0,2025.0,0,0,-40.76303838118357,22691,4,13137,-13.556132040457927,25591,11341.0,13740
12958.0,0,11867.0,33484,14690,1.0,2025.0,0,0,-40.5968976922627,23612,4,13080,-13.607702824320116,25256,11358.0,13534
13979.0,0,12276.0,36645,15509,1.0,2025.0,0,0,-40.533926456831054,21912,4,12883,-13.278688034591596,27782,11189.0,14195
13277.0,0,12398.0,33970,14562,1.0,2025.0,0,0,-40.58475291109152,26613,4,13175,-13.571825686353888,29073,11516.0,13832
13046.0,0,11955.0,33770,14551,1.0,2025.0,0,0,-40.544090160019316,21534,4,11936,-13.490561017145367,29189,11060.0,13689
13133.0,0,12337.0,30871,14583,1.0,2025.0,0,0,-40.515558321276885,25589,4,13308,-13.413530766657198,28862,11782.0,14126
13769.0,0,11819.0,35555,15373,1.0,2025.0,0,0,-40.57661500347772,21966,4,12416,-13.33543954737319,26099,11152.0,13763
14375.0,0,12278.0,38096,15483,1.0,2025.0,0,0,-40.529478855778336,25459,4,13191,-13.560112256334698,30278,11804.0,14114
13441.0,0,12425.0,35622,15062,1.0,2025.0,0,0,-40.53317044376022,26814,4,13381,-13.360584546296973,29361,11972.0,14043
12720.0,0,11686.0,32139,14347,1.0,2025.0,0,0,-40.76919888200919,26437,4,12826,-13.29083351812518,28126,11098.0,13423
13562.0,0,12440.0,33335,15252,1.0,2025.0,0,0,-40.608653322103294,24892,4,13239,-13.398492120569871,27350,11466.0,14286
13621.0,0,12470.0,33921,15211,1.0,2025.0,0,0,-40.42171884054547,24610,4,13303,-13.306934931971574,30825,11589.0,14373
12706.0,0,12094.0,31572,14308,0.0,2025.0,0,0,-40.461417741100796,27263,3,13194,-13.522238111726413,28198,11692.0,13543
13308.0,0,11644.0,33040,14908,1.0,2025.0,0,0,-40.60757507085061,25464,4,13254,-13.571539522217144,26840,11406.0,13622
12915.0,0,12056.0,30956,14324,1.0,2025.0,0,0,-40.69667448825179,26167,4,13027,-13.530248862274597,27983,11558.0,13760
13305.0,0,12691.0,34689,14754,1.0,2025.0,0,0,-40.49678658964936,30020,4,13769,-13.333168470585248,31534,12248.0,14258
12523.0,0,11621.0,29569,14242,1.0,2025.0,0,0,-40.722385418181304,24594,4,12998,-13.359362172571007,26375,11315.0,13576
12838.0,0,12024.0,35960,14461,1.0,2025.0,0,0,-40.471111443167075,28642,4,13149,-13.300975336301093,32303,11408.0,13829
13087.0,0,12196.0,34145,14573,1.0,2025.0,0,0,-40.4804611243092,26454,4,13311,-13.304008998566042,31483,11636.0,14287
14924.0,0,14539.0,40749,16225,0.0,2025.0,0,0,-39.47918848273412,31098,3,15261,-12.824495050608823,36456,14024.0,15939
14644.0,0,14290.0,40742,15992,0.0,2025.0,0,0,-39.6066347269182,30699,3,14567,-12.76195357339074,35805,12897.0,15613
15145.0,0,14940.0,48277,16236,0.0,2025.0,0,0,-39.53444542143076,26161,3,14031,-12.66854955475926,44063,12691.0,16036
14035.0,0,13707.0,34910,15403,1.0,2025.0,0,0,-39.415532980800876,26095,4,14078,-12.806901493762046,33027,12459.0,14767
14584.0,0,13851.0,37016,15397,1.0,2025.0,0,0,-39.360693353280055,18725,4,12217,-12.677542338351547,35238,11543.0,14721
14760.0,0,13907.0,39856,15680,1.0,2025.0,0,0,-39.36840087706408,22587,4,13601,-12.58603331041456,33143,12408.0,15067
13723.0,0,13268.0,33140,15121,0.0,2025.0,0,0,-39.53748534786899,27817,3,14093,-12.800743679190262,30453,12651.0,14608
14918.0,0,14151.0,44495,15689,1.0,2025.0,0,0,-39.35796183342636,26961,4,13762,-12.680555486923152,38331,12755.0,14917
14165.0,0,13616.0,35088,15562,0.0,2025.0,0,0,-39.43904889611729,30599,3,14283,-12.844507714724536,32413,12838.0,14856
13930.0,0,13304.0,35642,15119,1.0,2025.0,0,0,-39.61854142601624,17867,4,11973,-12.646205366677865,31809,11159.0,14729
14868.0,0,14087.0,39821,15897,1.0,2025.0,0,0,-39.31831698535914,32967,4,14636,-12.69764037958978,36594,13341.0,15237
14608.0,0,14069.0,38898,15858,1.0,2025.0,0,0,-39.289788224542164,19826,4,12763,-12.7327653950314,33721,11667.0,15356
14630.0,0,14295.0,38322,15940,1.0,2025.0,0,0,-39.456365911646685,27089,4,14339,-12.824781344968565,36223,12676.0,15636
14060.0,0,12969.0,35398,15263,1.0,2025.0,0,0,-39.61596880799834,20793,4,12943,-12.650345060378417,29401,11771.0,14590
14211.0,0,13314.0,35130,15358,1.0,2025.0,0,0,-39.42613929778852,28270,4,13882,-12.785477559700901,33784,12606.0,14897
13751.0,0,12793.0,32945,14871,1.0,2025.0,0,0,-39.37562976437001,26528,4,13646,-12.63595177652711,29815,12409.0,14406
13846.0,0,13147.0,35144,14776,1.0,2025.0,0,0,-39.40553690610378,22756,4,12781,-12.531531255104992,31270,11682.0,14114
13319.0,0,12118.0,30577,14689,0.0,2025.0,0,0,-39.46964763205011,22180,3,12918,-12.607849065441545,26455,11442.0,13786
13872.0,0,13072.0,35955,14906,1.0,2025.0,0,0,-39.4400040558479,26000,4,13322,-12.66274385243554,31173,12326.0,14385
13732.0,0,12286.0,33639,14754,1.0,2025.0,0,0,-39.41570501653591,21356,4,12419,-12.743485684241664,27849,11450.0,13772
13882.0,0,12776.0,34458,14991,1.0,2025.0,0,0,-39.483158448962264,26655,4,13405,-12.71429207552354,30542,11477.0,14189
13767.0,0,12470.0,35395,14943,1.0,2025.0,0,0,-39.63153526778001,18265,4,11933,-12.68408081877922,30934,10998.0,14300
14437.0,0,11977.0,41191,16024,1.0,2025.0,0,0,-39.82568141805961,22860,4,13302,-12.891747292509855,26325,11440.0,13979
13638.0,0,12498.0,39151,14914,1.0,2025.0,0,0,-39.852986935945054,23158,4,13128,-12.88007673043462,30847,11546.0,13985
12604.0,0,12194.0,29462,13955,1.0,2025.0,0,0,-39.95269902709833,20319,4,12312,-12.680559000911062,27969,11233.0,13793
13326.0,0,12288.0,35767,14780,1.0,2025.0,0,0,-39.890622652158406,27101,4,12905,-12.54201547787959,29791,11770.0,13955
13507.0,0,12249.0,33641,14835,1.0,2025.0,0,0,-39.97247143253118,22459,4,12882,-12.894555351979998,28256,11573.0,13863
14220.0,0,12652.0,39241,15501,1.0,2025.0,0,0,-39.688810282904555,23161,4,13001,-12.553812432577924,31113,11708.0,14356
13215.0,0,12565.0,32328,14516,1.0,2025.0,0,0,-39.88305949714156,23943,4,12917,-12.806905077003902,29525,11732.0,14111
13259.0,0,12548.0,32051,14520,1.0,2025.0,0,0,-39.95846437871581,25582,4,13070,-12.677542352885983,29227,11598.0,13927
13373.0,0,12461.0,32521,14671,1.0,2025.0,0,0,-39.880361291266595,24629,4,13416,-12.798885644362246,28235,11827.0,13980
14601.0,0,13427.0,42104,15622,1.0,2025.0,0,0,-39.881856818754386,26341,4,13976,-12.860670070525739,34934,11512.0,14937
14177.0,0,13313.0,38820,15658,1.0,2025.0,0,0,-39.83192789120582,26660,4,13308,-12.732827050724058,32122,12015.0,14724
13860.0,0,12801.0,36167,15237,1.0,2025.0,0,0,-39.871701029543466,21590,4,12642,-12.646244504509879,30211,11617.0,14276
12906.0,0,12582.0,31266,14262,1.0,2025.0,0,0,-39.90617328800004,26224,4,13517,-12.555006618330248,27957,12213.0,13734
14478.0,0,13401.0,41575,15741,1.0,2025.0,0,0,-39.73709508333369,27674,4,13904,-12.728327263320075,35568,12280.0,15167
14658.0,0,13279.0,44862,15920,1.0,2025.0,0,0,-39.83498352075111,25102,4,13526,-12.86639931610822,32588,12204.0,14804
13472.0,0,12743.0,34824,14808,1.0,2025.0,0,0,-39.96913401417529,28682,4,13811,-12.674849809568766,30026,12336.0,14264
13174.0,0,12686.0,32837,14560,0.0,2025.0,0,0,-39.74132185461349,18663,3,11859,-12.86888893955678,29180,11164.0,14037
13959.0,0,13082.0,37038,15248,1.0,2025.0,0,0,-39.87659157025349,23088,4,13553,-12.6076732401263,31820,11952.0,14743
14331.0,0,13711.0,38412,15615,1.0,2025.0,0,0,-39.81676937016721,24570,4,14049,-12.599741621391345,34934,12004.0,15192
14360.0,0,13638.0,39270,15590,1.0,2025.0,0,0,-39.88134328497534,19936,4,12582,-12.61226328971084,35073,11413.0,15042
13954.0,0,13223.0,36685,15178,0.0,2025.0,0,0,-39.75452354024047,24438,3,13569,-12.865357483818768,32581,12115.0,14683
14142.0,0,13650.0,37263,15624,1.0,2025.0,0,0,-39.839838111443775,26731,4,14285,-12.677098409115645,33765,12664.0,15263
13927.0,0,13168.0,37826,15244,1.0,2025.0,0,0,-39.80830191855377,31660,4,14404,-12.843833590695876,33970,12713.0,14627
14465.0,0,13887.0,44025,15857,0.0,2025.0,0,0,-39.87371459576902,19099,3,12717,-12.589367778729649,35657,11566.0,15323
14681.0,0,14200.0,42452,16024,1.0,2025.0,0,0,-40.02140555168922,25510,4,14163,-12.527488356774976,38492,12546.0,15828
14477.0,0,13802.0,39360,15727,0.0,2025.0,0,0,-39.847424461290785,25825,3,14335,-12.586386408710041,36832,12469.0,15409
13186.0,0,12262.0,35107,14002,1.0,2025.0,0,0,-39.71857934446927,23613,4,12496,-12.553132145411894,31524,11163.0,13595
12623.0,0,11880.0,30854,13847,1.0,2025.0,0,0,-39.77406376923206,24698,4,12547,-12.531529312765375,28341,11327.0,13207
13312.0,0,12122.0,36020,14317,1.0,2025.0,0,0,-39.695113160653904,25101,4,12682,-12.556846359133035,30961,11207.0,13668
13074.0,0,11807.0,32614,14822,1.0,2025.0,0,0,-40.050888189918275,22524,4,12781,-12.891869769245266,24776,11306.0,13246
12752.0,0,12055.0,32567,14276,1.0,2025.0,0,0,-40.33037736627439,27041,4,12970,-12.61276997213756,29840,11558.0,13575
13777.0,0,12261.0,36674,14917,1.0,2025.0,0,0,-40.391389413777354,21656,4,12425,-12.635916188929917,29579,11419.0,13820
12999.0,0,12547.0,30926,14349,1.0,2025.0,0,0,-40.07119234115497,27877,4,13336,-12.813047144492812,29376,11940.0,13910
13431.0,0,12555.0,33404,14715,1.0,2025.0,0,0,-40.23287020739051,26150,4,13208,-12.535348586694472,29590,11617.0,14009
13906.0,0,12247.0,35678,15318,1.0,2025.0,0,0,-40.257986837314654,23454,4,13309,-12.860670052999701,27891,11068.0,14047
13596.0,0,12428.0,33669,15088,1.0,2025.0,0,0,-40.31064247822038,25948,4,13384,-12.640737436700372,28400,11835.0,14132
13255.0,0,12561.0,31285,14821,1.0,2025.0,0,0,-40.38659982277147,24452,4,13120,-12.535511629212097,28964,11812.0,14011
13843.0,0,12548.0,33205,15288,1.0,2025.0,0,0,-40.28201296081138,25756,4,13784,-12.824775353591205,28271,11782.0,14454
13356.0,0,12661.0,32209,14706,1.0,2025.0,0,0,-40.05268984883023,25061,4,13420,-12.662691395441675,28694,11808.0,14178
13473.0,0,12836.0,29696,14942,0.0,2025.0,0,0,-40.38796321052255,19528,3,12288,-12.536382661447549,28468,11214.0,14087
13966.0,0,13037.0,38347,15437,1.0,2025.0,0,0,-40.184431931589735,32664,4,14264,-12.843833570354153,33550,12174.0,14863
13573.0,0,13002.0,33581,15010,0.0,2025.0,0,0,-40.13469948810196,24692,3,13255,-12.827404183448396,29988,11879.0,14340
14866.0,0,13014.0,46635,15967,1.0,2025.0,0,0,-40.07626846517906,24369,4,13443,-12.884532053500594,34670,11751.0,14771
14488.0,0,13025.0,41428,15809,1.0,2025.0,0,0,-40.387343463234195,26794,4,13748,-12.800701254520412,30488,12186.0,14631
14217.0,0,13049.0,39209,15461,1.0,2025.0,0,0,-40.252721588426986,28525,4,14016,-12.607673239040455,29772,12114.0,14517
14483.0,0,13375.0,39901,15416,0.0,2025.0,0,0,-40.37320287236801,18287,3,11913,-12.543695686790981,33441,11337.0,14724
14074.0,0,13191.0,36415,15250,1.0,2025.0,0,0,-40.05239606185044,28144,4,13975,-12.65816687710147,32411,12410.0,14674
14661.0,0,13399.0,41966,15683,1.0,2025.0,0,0,-40.34066797193552,27389,4,13884,-12.56815427288569,33739,12177.0,14776
14495.0,0,13371.0,40981,15812,1.0,2025.0,0,0,-40.34526403929048,25595,4,13754,-12.674849799855554,34246,12068.0,15047
15361.0,0,13397.0,49101,16427,1.0,2025.0,0,0,-40.37227244067988,26619,4,14144,-12.666398045398926,34761,12479.0,14945
14373.0,0,13638.0,40480,15791,0.0,2025.0,0,0,-40.1791214100218,29296,3,14269,-12.845116263073754,34133,12568.0,15089
14988.0,0,13740.0,45755,16268,0.0,2025.0,0,0,-40.35375078981225,28406,3,14276,-12.669347753910145,35937,12214.0,15352
14352.0,0,13636.0,38355,15580,0.0,2025.0,0,0,-40.32323647634495,27712,3,14284,-12.743472902108314,33355,12733.0,15020
14783.0,0,14118.0,44077,16197,1.0,2025.0,0,0,-40.20181143240259,34165,4,15095,-12.891747271868981,39078,13545.0,15761
15286.0,0,14292.0,48672,16258,1.0,2025.0,0,0,-40.30512435417186,30772,4,14365,-12.824482621220813,41510,12785.0,15714
13277.0,0,12326.0,31255,14738,0.0,2025.0,0,0,-39.85531334845681,17706,3,11965,-13.944953933425257,25830,11234.0,13978
14521.0,0,13641.0,42128,15787,1.0,2025.0,0,0,-40.01077754502686,25106,4,13709,-13.929548049392368,34550,12222.0,14989
13238.0,0,12619.0,29553,15023,0.0,2025.0,0,0,-40.029869390510115,21786,3,13082,-13.97890671647234,24018,12047.0,14053
14308.0,0,13532.0,39691,15581,0.0,2025.0,0,0,-39.97942522144607,17721,3,12118,-13.932010671568737,31827,11385.0,15190
13477.0,0,12693.0,31613,15314,0.0,2025.0,0,0,-39.962385817160374,25585,3,13661,-13.80185572870533,25931,12302.0,14288
13870.0,0,12619.0,31632,15844,0.0,2025.0,0,0,-39.780880873794935,18875,3,13243,-13.919352209017502,22830,11722.0,14492
14710.0,0,14293.0,40036,16161,0.0,2025.0,0,0,-39.81978933258861,28179,3,15061,-14.01216668292954,34038,13419.0,15755
13835.0,0,13436.0,38416,15268,0.0,2025.0,0,0,-39.910568958242166,22102,3,13447,-13.789097870875365,32891,11886.0,14876
14516.0,0,13906.0,42882,15799,0.0,2025.0,0,0,-39.940069061060576,20770,3,13148,-13.940435868751672,38358,11840.0,15295
15196.0,0,14263.0,43351,16539,0.0,2025.0,0,0,-39.81127652300758,31875,3,14897,-13.778773600897468,36728,13648.0,16028
14973.0,0,14624.0,45855,16096,0.0,2025.0,0,0,-39.894348085242726,30147,3,14483,-13.985721110338414,42627,13125.0,15907
14707.0,0,14312.0,41218,16437,0.0,2025.0,0,0,-39.90876058100885,32902,3,15104,-13.66263335658724,39838,13465.0,16145
14431.0,0,13764.0,36486,15849,0.0,2025.0,0,0,-39.78090770402682,30859,3,14841,-13.734039362500859,33099,13219.0,15495
14625.0,0,14130.0,38856,15949,0.0,2025.0,0,0,-39.75411466377832,22237,3,13912,-13.964266329530284,35871,12377.0,15821
14375.0,0,14092.0,37103,15686,0.0,2025.0,0,0,-39.70915698674427,26730,3,14418,-13.895661062383413,36245,12972.0,15590
14954.0,0,14362.0,42721,16084,0.0,2025.0,0,0,-39.66591783478342,32174,3,15247,-13.853272183288178,35948,13882.0,15701
15050.0,0,14685.0,48012,16243,0.0,2025.0,0,0,-39.94270023512159,26516,3,14679,-13.848846202657507,44088,12849.0,15973
15118.0,0,14888.0,46270,16446,0.0,2025.0,0,0,-39.79416471870328,28782,3,15172,-13.885953710035261,40991,13317.0,16292
15308.0,0,14755.0,45625,16710,0.0,2025.0,0,0,-39.7772176457239,25787,3,14414,-13.933528628764218,38254,12765.0,16132
15328.0,0,14871.0,47466,16616,0.0,2025.0,0,0,-39.859276446478084,27087,3,14949,-13.834814583430886,42495,13199.0,16371
12878.0,0,12556.0,31373,14480,1.0,2025.0,0,0,-39.98602042261399,22906,4,13134,-13.933517376430348,28403,11885.0,14048
14894.0,0,14234.0,39734,16125,0.0,2025.0,0,0,-39.80226355426449,29114,3,15157,-13.905958664822169,35313,13049.0,15695
14947.0,0,14300.0,43910,16247,0.0,2025.0,0,0,-40.007663668667995,33242,3,14648,-13.804616821516,40435,13020.0,15868
15091.0,0,14445.0,46840,16407,0.0,2025.0,0,0,-40.0243555266061,32671,3,15233,-13.65699511381699,40845,13101.0,15833
14079.0,0,13221.0,40419,15309,0.0,2025.0,0,0,-39.67764848438533,28456,3,13933,-13.881873603151623,34243,12506.0,14901
12952.0,0,11552.0,30909,13879,4.0,2025.0,0,0,-39.271080182100015,22947,15,11589,-13.23166530081388,26496,11011.0,12555
13483.0,0,13130.0,33235,14639,4.0,2025.0,0,0,-38.93655042206758,22860,15,13072,-12.927421399380968,32226,11902.0,14290
13299.0,0,12600.0,32976,14451,4.0,2025.0,0,0,-38.98906289186055,29225,15,13555,-13.242438009896091,30780,12332.0,13994
12596.0,0,12622.0,28508,14077,6.0,2025.0,0,0,-38.94280359354785,23201,21,12380,-13.186606361651537,29677,11639.0,13562
13522.0,0,12629.0,36535,14430,4.0,2025.0,0,0,-39.16724805195117,24536,15,12849,-13.176545998444935,33423,11632.0,13865
13821.0,0,12990.0,39525,14722,4.0,2025.0,0,0,-39.12810313930173,25843,15,13258,-13.17244870169674,35404,12026.0,14231
13888.0,0,13224.0,35900,15155,4.0,2025.0,0,0,-38.942853334430644,26635,15,13571,-12.930454843639021,31424,12358.0,14681
14503.0,0,13612.0,44108,14962,4.0,2025.0,0,0,-39.1174116482655,25120,15,13342,-13.164571057638366,37440,11928.0,14498
13416.0,0,13031.0,37118,14544,4.0,2025.0,0,0,-39.26603055417868,23511,15,12886,-13.19349424380418,33584,11882.0,14270
13938.0,0,13359.0,32012,14873,6.0,2025.0,0,0,-39.2589537289203,20959,21,12266,-13.174262642841313,30236,11271.0,14439
13120.0,0,12899.0,30406,14318,6.0,2025.0,0,0,-38.99805261341985,18736,21,12278,-13.177051479861822,29736,11394.0,14245
13553.0,0,13310.0,32031,14914,6.0,2025.0,0,0,-39.08272429181662,28263,21,13991,-13.23994943284462,32066,12470.0,14555
13948.0,0,13655.0,36058,14892,6.0,2025.0,0,0,-39.278145266875505,23782,21,13000,-13.253919067974042,34374,11948.0,14778
13060.0,0,12656.0,34769,14034,4.0,2025.0,0,0,-39.4925569386186,30880,15,13377,-13.218063177612592,34108,12089.0,13885
14622.0,0,13904.0,41554,15787,4.0,2025.0,0,0,-39.39610427600675,25333,15,13755,-13.059880891825259,37214,12620.0,15220
13562.0,0,12905.0,35670,14670,4.0,2025.0,0,0,-39.313861411107005,26905,15,13324,-13.185092427668605,32721,12170.0,14140
13673.0,0,12542.0,36856,14728,4.0,2025.0,0,0,-39.633392511429555,23386,15,12865,-12.933409978133598,30137,11403.0,13998
13217.0,0,12683.0,35169,14238,4.0,2025.0,0,0,-39.374182590515325,29779,15,13266,-13.177051447729067,33331,12336.0,13968
13530.0,0,12994.0,35614,14484,4.0,2025.0,0,0,-39.46371139832557,24871,15,13215,-13.050684944359366,34456,11998.0,14158
14331.0,0,12606.0,47241,14971,4.0,2025.0,0,0,-39.59300577947214,31288,15,13756,-13.04843602070625,37651,12224.0,14112
13758.0,0,12968.0,37929,14575,4.0,2025.0,0,0,-39.45580189426398,25250,15,12676,-13.106402844217184,32998,11472.0,14032
14486.0,0,13552.0,43528,15419,4.0,2025.0,0,0,-39.582336402697884,20233,15,12840,-13.051128172863951,37320,11854.0,14668
13414.0,0,13096.0,34904,14551,4.0,2025.0,0,0,-39.5001619422838,22383,15,12966,-13.063515165606383,34517,11956.0,14523
14086.0,0,13527.0,41413,15272,4.0,2025.0,0,0,-39.6200135010574,25830,15,13731,-13.039985517441107,38831,12446.0,14820
14030.0,0,13027.0,42635,14788,4.0,2025.0,0,0,-39.63913001946941,29016,15,13272,-13.009509214532224,36277,12147.0,14274
13828.0,0,12516.0,39045,14949,4.0,2025.0,0,0,-39.634340276962,29677,15,13585,-12.909124053506751,33011,11871.0,14083
14093.0,0,12704.0,39860,15056,6.0,2025.0,0,0,-39.62094363766861,22836,21,12752,-12.917306752244556,29684,11406.0,14102
13396.0,0,13036.0,34903,14442,4.0,2025.0,0,0,-39.318933568459364,28272,15,13500,-13.186606329763563,33782,12146.0,14087
14062.0,0,13318.0,41730,14855,4.0,2025.0,0,0,-39.427974109955,30273,15,13985,-13.054922797687635,33185,12751.0,14428
13435.0,0,13160.0,33172,14814,4.0,2025.0,0,0,-39.38902489038203,25264,15,13182,-13.042132103713106,31541,12111.0,14555
13801.0,0,13366.0,38172,14677,4.0,2025.0,0,0,-39.34767535255963,21721,15,12712,-13.182665811218353,35004,11675.0,14435
13976.0,0,13293.0,36455,15009,6.0,2025.0,0,0,-39.32832020334826,27377,21,13769,-13.228962951048484,33962,12506.0,14554
14462.0,0,13870.0,44804,15023,4.0,2025.0,0,0,-39.55118377076513,25333,15,13423,-13.139023818784036,39956,12051.0,14846
14500.0,0,14108.0,45252,15130,4.0,2025.0,0,0,-39.456356722350364,30965,15,13762,-13.148780058599359,40646,12578.0,14857
13864.0,0,13427.0,34850,15136,6.0,2025.0,0,0,-39.612949868492606,25281,21,13652,-12.947421082977222,32462,12356.0,14865
14271.0,0,13646.0,34879,15573,6.0,2025.0,0,0,-39.55838555095388,25130,21,13897,-13.014330591315266,33529,12307.0,15080
12985.0,0,12958.0,30782,14066,4.0,2025.0,0,0,-39.55078415340658,27853,15,13254,-13.238828318058943,34246,12282.0,14052
13043.0,0,11702.0,32240,14317,4.0,2025.0,0,0,-39.43872226144409,21488,15,11343,-13.135005365851896,26984,10669.0,13046
14222.0,0,13806.0,37663,15154,4.0,2025.0,0,0,-39.47044427405143,27610,15,14000,-13.057713725123483,34515,12856.0,14922
14624.0,0,13189.0,48319,15121,4.0,2025.0,0,0,-39.63508371638463,24678,15,13238,-13.174262646573847,34876,12070.0,14415
14516.0,0,13952.0,42252,15464,4.0,2025.0,0,0,-39.36715198718012,28917,15,14039,-13.13553697934899,38438,12869.0,15131
14057.0,0,13398.0,35729,15122,4.0,2025.0,0,0,-39.514493150789455,26915,15,13732,-12.91562793168962,35352,12311.0,14664
14105.0,0,12459.0,42255,15217,4.0,2025.0,0,0,-39.57812010404807,28877,15,13274,-12.98636831121129,32464,11701.0,14127
13874.0,0,13547.0,34413,14898,6.0,2025.0,0,0,-39.53912206414983,28180,21,14001,-13.159038284675416,34433,12534.0,14909
14129.0,0,13516.0,39401,15067,4.0,2025.0,0,0,-39.5765711725959,30050,15,13803,-13.054144304149549,34034,11774.0,14688
14028.0,0,13513.0,36656,15293,4.0,2025.0,0,0,-39.64527570393144,24238,15,13552,-12.901102132233698,33312,12178.0,14826
15050.0,0,13975.0,47063,15898,4.0,2025.0,0,0,-39.475191783278554,25226,15,13816,-13.264957758218484,40648,12334.0,15469
14421.0,0,13844.0,41227,15420,4.0,2025.0,0,0,-39.53004420049146,25574,15,13559,-12.928616487335994,38203,12219.0,15140
14464.0,0,12484.0,40554,15693,4.0,2025.0,0,0,-39.63570370293864,25518,15,12413,-12.90999489509869,34066,11185.0,14400
14322.0,0,13929.0,42237,15385,6.0,2025.0,0,0,-39.855316772599046,27626,21,14178,-13.198053237464622,38818,12645.0,15177
13426.0,0,13125.0,35309,15252,6.0,2025.0,0,0,-39.80226738381558,25727,21,13855,-13.159043155476352,31619,12312.0,14774
12866.0,0,12440.0,32562,14340,6.0,2025.0,0,0,-39.67582433625995,20614,21,12274,-13.014288228808146,28184,11009.0,13640
14267.0,0,13140.0,42557,15227,4.0,2025.0,0,0,-39.69741429927105,26453,15,12958,-13.007023350517347,34861,11627.0,14476
14479.0,0,13657.0,43984,15812,6.0,2025.0,0,0,-39.81517790496842,28513,21,13764,-13.218061994306439,35360,12402.0,15228
14437.0,0,13574.0,39571,15783,6.0,2025.0,0,0,-39.96943951935911,28916,21,14317,-13.268100731264715,35433,12464.0,15261
12133.0,0,11570.0,26329,13397,6.0,2025.0,0,0,-39.74452872091225,19727,21,11777,-12.959636869343546,25988,10761.0,13174
12852.0,0,12327.0,30946,14489,6.0,2025.0,0,0,-39.791832579978795,22970,21,12524,-13.117059312125681,26531,11707.0,13802
14733.0,0,14092.0,45322,15817,4.0,2025.0,0,0,-39.71240773198189,27032,15,13835,-13.242424384296509,40011,12136.0,15451
14327.0,0,13294.0,38461,15358,6.0,2025.0,0,0,-39.66904616644775,24207,21,13161,-13.265409544222898,32660,11977.0,14626
12537.0,0,11858.0,35058,14106,4.0,2025.0,0,0,-39.91017677077142,27408,15,12709,-12.959982983202543,30125,11248.0,13396
13412.0,0,12861.0,32989,14810,6.0,2025.0,0,0,-39.85639603433603,23667,21,13318,-13.024972537653788,31945,11932.0,14539
13373.0,0,12913.0,35705,15200,6.0,2025.0,0,0,-39.842815613141056,28712,21,13602,-12.898344477696808,32802,12241.0,14730
14352.0,0,13027.0,42214,15493,4.0,2025.0,0,0,-39.98360270823466,23183,15,13191,-13.231689455992754,35604,11621.0,14590
13320.0,0,12158.0,35919,14911,6.0,2025.0,0,0,-39.90836939120043,22008,21,12470,-13.089946532496493,28889,11236.0,14041
12840.0,0,12141.0,29129,14220,6.0,2025.0,0,0,-39.71090057209076,17619,21,11663,-12.927925157092123,25618,11007.0,13617
13178.0,0,12532.0,35346,14288,4.0,2025.0,0,0,-39.808266212754624,29460,15,13207,-13.160143627102798,34029,11755.0,13971
13778.0,0,13227.0,36927,14720,4.0,2025.0,0,0,-39.663096310082636,27283,15,13576,-12.947394076093826,33956,12212.0,14394
13253.0,0,11873.0,33991,14806,6.0,2025.0,0,0,-39.992098154988966,24904,21,12834,-13.023935689693708,26369,11261.0,13595
13333.0,0,12261.0,35904,14896,4.0,2025.0,0,0,-39.99467083188023,23598,15,12470,-13.01979675355692,29555,11202.0,14056
12509.0,0,11941.0,30807,13894,4.0,2025.0,0,0,-39.98683219371747,21599,15,12327,-13.18031342373954,27906,11270.0,13504
12868.0,0,11833.0,32757,14158,4.0,2025.0,0,0,-39.81128370877906,21595,15,12231,-13.031809043467431,29000,11072.0,13458
12443.0,0,11801.0,30576,13932,4.0,2025.0,0,0,-39.982763231269765,17971,15,11214,-13.135522862209537,27912,10771.0,13237
13317.0,0,12434.0,35707,14941,4.0,2025.0,0,0,-39.93551733125992,25017,15,12180,-13.059877030453922,34168,10704.0,14230
11695.0,0,11233.0,27738,13185,6.0,2025.0,0,0,-39.93737644243457,25832,21,12589,-12.92860768375936,26115,10869.0,12898
12355.0,0,11393.0,32781,14036,4.0,2025.0,0,0,-40.01077923684304,19764,15,11518,-13.182644138883358,29671,10589.0,13205
12715.0,0,11925.0,33395,14231,4.0,2025.0,0,0,-40.02986985162739,27573,15,12940,-13.232022483914529,29895,11372.0,13446
12356.0,0,11586.0,28272,13646,4.0,2025.0,0,0,-39.9607565103813,22769,15,12302,-12.981250321715645,25648,10942.0,13174
12802.0,0,11677.0,38914,14403,4.0,2025.0,0,0,-39.76330116677255,28423,15,12819,-13.040014447725373,35870,11439.0,13691
12427.0,0,11856.0,34784,14237,4.0,2025.0,0,0,-39.94270476609822,23502,15,12631,-13.10190942010749,29017,11428.0,13685
12959.0,0,11839.0,32905,14363,6.0,2025.0,0,0,-39.81231726836885,26825,21,12948,-12.981356327679292,28515,11234.0,13707
12609.0,0,11848.0,31885,13807,4.0,2025.0,0,0,-39.845775735196554,25458,15,12666,-12.98144896581831,29097,11243.0,13292
12795.0,0,11219.0,32477,14027,4.0,2025.0,0,0,-40.02499237615131,21618,15,11670,-12.90109971294332,25507,10632.0,12763
12175.0,0,11465.0,29313,13485,4.0,2025.0,0,0,-39.71885254647597,21961,15,11922,-12.927437848323072,26671,10898.0,12831
12209.0,0,11657.0,32530,13751,4.0,2025.0,0,0,-39.74492988074374,29572,15,12893,-12.94532603683885,31671,11324.0,13292
12341.0,0,11982.0,31739,14137,4.0,2025.0,0,0,-39.99385625931854,28762,15,13278,-13.050644177371549,31541,11437.0,13705
11921.0,0,11361.0,25863,13122,4.0,2025.0,0,0,-39.9701261120049,21308,15,11779,-12.985835818959934,24795,10612.0,12920
12644.0,0,11575.0,35985,13819,4.0,2025.0,0,0,-40.016938937137894,29453,15,12455,-12.917294677924954,31874,10738.0,13352
12019.0,0,11206.0,29885,13668,4.0,2025.0,0,0,-39.78091314227229,19952,15,11627,-12.987057900079527,26605,10617.0,12822
12006.0,0,11195.0,25603,13033,4.0,2025.0,0,0,-40.0243555595287,22967,15,12053,-12.909986745309684,27664,10877.0,13047
12335.0,0,11361.0,32003,13652,4.0,2025.0,0,0,-40.02211564685742,26655,15,12686,-12.90911655590146,27863,11194.0,13025
13757.0,0,12911.0,38580,15260,4.0,2025.0,0,0,-40.23853730682972,31163,15,14099,-13.18663325450889,34494,12327.0,14709
14620.0,0,12386.0,43670,15957,6.0,2025.0,0,0,-40.39442057199487,25652,21,13236,-13.193494232423713,30204,11497.0,14386
13301.0,0,12001.0,40746,14338,4.0,2025.0,0,0,-40.090948741010095,30731,15,13166,-13.089919847192748,31067,11571.0,13338
13841.0,0,11816.0,35818,15136,4.0,2025.0,0,0,-40.36520989533143,23128,15,12720,-12.94742105299718,27182,11073.0,13837
13582.0,0,12560.0,35466,14920,4.0,2025.0,0,0,-40.04846888800192,25629,15,13178,-13.15490329986068,31428,11552.0,14163
14085.0,0,12607.0,40283,15823,6.0,2025.0,0,0,-40.41025793912669,28230,21,13859,-13.084368005212989,31643,11501.0,14519
13354.0,0,12610.0,33058,15102,6.0,2025.0,0,0,-40.08422161685796,23490,21,12815,-12.994422982170882,30021,11421.0,14327
13330.0,0,12227.0,40766,14598,4.0,2025.0,0,0,-40.126442590908916,24404,15,12794,-13.177051464966633,33303,11450.0,13818
12834.0,0,11767.0,29582,14110,4.0,2025.0,0,0,-40.399470200673456,28728,15,12791,-13.231665291572591,30103,11220.0,13268
14137.0,0,12384.0,40440,15298,4.0,2025.0,0,0,-40.071193562720005,21961,15,12253,-13.186606351846258,29706,11103.0,14103
12731.0,0,11877.0,31610,14400,4.0,2025.0,0,0,-40.22911733429481,25551,15,13045,-13.253624211104812,29035,11362.0,13716
13720.0,0,11976.0,37301,15175,4.0,2025.0,0,0,-40.05269012956971,23843,15,12781,-13.036279200032917,28005,11146.0,13727
14246.0,0,12849.0,47403,15615,4.0,2025.0,0,0,-40.34066957464549,31259,15,13785,-12.941761050216547,35326,11697.0,14478
13284.0,0,12420.0,35303,14834,4.0,2025.0,0,0,-40.35375236746833,24964,15,12867,-13.042934902087138,30726,11435.0,14214
13345.0,0,12138.0,34699,14878,4.0,2025.0,0,0,-40.2913820828162,24538,15,13189,-13.159038279654366,28632,11485.0,14163
12790.0,0,11652.0,32277,14201,4.0,2025.0,0,0,-40.303443790768505,24962,15,11942,-13.139023810752903,28128,10788.0,13685
14178.0,0,12190.0,45343,15233,4.0,2025.0,0,0,-40.073038840335386,24954,15,12832,-12.94530287368592,29588,11072.0,14048
13625.0,0,12364.0,39394,15015,4.0,2025.0,0,0,-40.11506772360709,29172,15,13490,-13.199520784944344,33838,11992.0,14364
12525.0,0,12082.0,29505,13939,4.0,2025.0,0,0,-40.32323810245453,28547,15,13229,-13.117046158139436,30867,11619.0,13881
13553.0,0,12123.0,34743,14878,4.0,2025.0,0,0,-40.21597140864103,24759,15,13145,-13.050684938424045,28669,11442.0,13891
12365.0,0,11602.0,30859,13696,4.0,2025.0,0,0,-40.141284892415484,25943,15,12713,-13.042132101367049,28980,11076.0,13061
12153.0,0,11244.0,32771,13976,4.0,2025.0,0,0,-40.05239632873535,20330,15,11740,-13.031755546338537,23853,10684.0,12535
12564.0,0,11942.0,32440,14092,4.0,2025.0,0,0,-40.20806190370854,29021,15,13214,-13.106402846066723,31469,11471.0,13767
13066.0,0,11943.0,33790,14690,4.0,2025.0,0,0,-40.22270428511631,25693,15,13181,-13.057713719725538,28427,11465.0,13704
12407.0,0,11714.0,29908,13995,4.0,2025.0,0,0,-40.19098226899401,26293,15,13014,-13.135005371986734,28567,11468.0,13570
13481.0,0,11905.0,35932,14904,6.0,2025.0,0,0,-40.266753166717535,24387,21,13101,-12.915627903845413,26431,11361.0,13589
13492.0,0,12552.0,38902,14904,4.0,2025.0,0,0,-40.05824301305412,31261,15,13728,-12.959604952350064,34645,11690.0,14327
12316.0,0,11764.0,31118,13594,6.0,2025.0,0,0,-40.25747563106852,24807,21,12537,-12.98586223454081,27161,11364.0,13235
13759.0,0,11446.0,37527,14947,4.0,2025.0,0,0,-40.39753573435102,24686,15,12531,-12.901102094016064,27149,11031.0,13126
13707.0,0,12605.0,45131,14996,4.0,2025.0,0,0,-40.09993535001046,30343,15,13074,-13.182665830926318,36076,11687.0,14194
11972.0,0,11674.0,28684,13350,6.0,2025.0,0,0,-40.1844333876807,25100,21,12678,-13.217387967283264,28528,11336.0,13172
12417.0,0,11485.0,30737,13697,6.0,2025.0,0,0,-40.39139004920165,24065,21,12229,-13.0095091857194,30160,10749.0,13224
12925.0,0,12252.0,38897,14256,4.0,2025.0,0,0,-40.119411986791754,26974,15,12800,-13.13553699130096,32600,11549.0,13584
13173.0,0,12056.0,33361,14389,6.0,2025.0,0,0,-40.148364278824765,28554,21,13177,-13.059880891478809,30063,11514.0,13659
12584.0,0,11526.0,37043,14074,4.0,2025.0,0,0,-40.13756764256134,28291,15,12681,-12.981434791872699,29807,11035.0,12978
11736.0,0,11192.0,29614,13410,6.0,2025.0,0,0,-40.23287047333127,28799,21,13071,-12.90896237815448,27531,10905.0,12940
12027.0,0,11380.0,33126,13483,4.0,2025.0,0,0,-40.07835104265853,30934,15,12539,-13.180310064163503,30047,11188.0,13104
13305.0,0,12348.0,37140,14668,4.0,2025.0,0,0,-40.10439180793174,29232,15,12694,-13.024945477768245,34583,11156.0,14162
12240.0,0,11550.0,31079,13716,4.0,2025.0,0,0,-40.11322697507553,28079,15,12633,-13.10190332112435,27398,11043.0,13066
12075.0,0,11605.0,30411,14172,4.0,2025.0,0,0,-40.18023411630693,25210,15,13160,-13.054922794621477,28171,10864.0,13656
12093.0,0,11171.0,34493,13701,4.0,2025.0,0,0,-40.13580586193268,23657,15,12145,-12.961894140038705,28915,10705.0,12913
12296.0,0,11697.0,29591,13307,6.0,2025.0,0,0,-40.07626898520171,20795,21,11410,-13.258077592912827,27325,10781.0,12796
12529.0,0,11712.0,32289,13758,4.0,2025.0,0,0,-40.271970610993954,33162,15,13148,-13.07126263696614,32464,11352.0,13507
12541.0,0,11819.0,32104,14169,4.0,2025.0,0,0,-40.25242195664182,27699,15,13159,-13.0635151586217,29513,11410.0,13660
12425.0,0,11427.0,32589,14100,4.0,2025.0,0,0,-40.33459642615007,25891,15,12803,-13.051128154403813,26574,11216.0,13002
11587.0,0,11114.0,29588,13080,4.0,2025.0,0,0,-40.52449428672363,25689,15,12496,-13.059880870787875,26177,10858.0,12625
12050.0,0,11092.0,34231,13882,4.0,2025.0,0,0,-40.556364117925746,25685,15,12677,-13.054922775648047,27248,10894.0,12866
12094.0,0,11108.0,27006,13801,4.0,2025.0,0,0,-40.60524732627934,26365,15,12662,-13.253624190996621,26743,10901.0,13103
12339.0,0,11263.0,33191,13837,4.0,2025.0,0,0,-40.632623122953845,26394,15,12677,-13.172448671234715,28413,11089.0,13178
12197.0,0,11114.0,33629,13847,4.0,2025.0,0,0,-40.68596058098443,26907,15,12365,-13.247802099117283,27549,10902.0,12610
12422.0,0,11277.0,32130,13714,4.0,2025.0,0,0,-40.66751206253826,25078,15,12442,-13.159038267499978,25870,10926.0,12711
12195.0,0,11249.0,32807,13761,4.0,2025.0,0,0,-40.4410704146412,25299,15,12481,-12.9274213931237,27074,10929.0,12779
12541.0,0,11371.0,34224,14089,4.0,2025.0,0,0,-40.68125526115271,27492,15,12783,-13.198040456630507,29188,11081.0,13311
12169.0,0,11183.0,31899,13512,4.0,2025.0,0,0,-40.63411750110727,25142,15,12389,-13.234221207436383,27686,10872.0,12799
14127.0,0,12242.0,39551,15480,6.0,2025.0,0,0,-40.454481064354255,22147,21,13035,-13.180310030513695,28320,11626.0,14397
14115.0,0,12911.0,39442,15377,6.0,2025.0,0,0,-40.78638789544839,27400,21,13845,-13.084368007574476,32966,11973.0,14802
12729.0,0,12223.0,37816,14781,6.0,2025.0,0,0,-40.447323585825494,33895,21,13903,-13.186606317380654,34281,11801.0,14286
13154.0,0,12509.0,34652,14739,4.0,2025.0,0,0,-40.5690307981171,27982,15,13822,-12.97334298309097,30245,11980.0,14316
13848.0,0,12234.0,35168,15121,6.0,2025.0,0,0,-40.44371260341636,23472,21,12717,-13.003538284117152,26243,11061.0,13895
13215.0,0,11797.0,32355,14732,6.0,2025.0,0,0,-40.460351637399135,23262,21,12977,-12.994422964362792,26629,11185.0,13956
12903.0,0,11649.0,32629,14229,4.0,2025.0,0,0,-40.699368075903585,24802,15,12990,-13.117046150007665,25619,11327.0,13379
12780.0,0,11943.0,31301,14105,6.0,2025.0,0,0,-40.48935698989922,26400,21,13217,-13.101903295472583,29159,11183.0,13760
12608.0,0,11121.0,33386,13978,4.0,2025.0,0,0,-40.49554200039355,21956,15,11809,-13.135536963080183,23646,10750.0,12408
12877.0,0,11733.0,32937,14128,4.0,2025.0,0,0,-40.56056338846795,24579,15,12437,-13.217387942137995,28821,11012.0,13276
13461.0,0,11668.0,33647,14819,4.0,2025.0,0,0,-40.704961167759116,25074,15,13106,-13.054144279577963,26409,11130.0,13522
13769.0,0,12380.0,38090,14859,4.0,2025.0,0,0,-40.599685863501094,26765,15,13335,-12.95999038787508,29723,11592.0,14022
12269.0,0,11114.0,28786,13742,4.0,2025.0,0,0,-40.592101403217455,23565,15,12540,-13.050684921265136,23995,10918.0,12629
12555.0,0,11122.0,31826,14009,4.0,2025.0,0,0,-40.614667296959006,23176,15,12280,-13.18663323594169,25157,10780.0,12709
14123.0,0,11810.0,42976,15167,4.0,2025.0,0,0,-40.584191899839546,22361,15,12234,-13.106402824402442,30208,11080.0,13625
12546.0,0,11646.0,32545,13883,4.0,2025.0,0,0,-40.44537299445903,28182,15,13035,-13.232040445065602,29150,11343.0,13247
12625.0,0,11769.0,32420,14083,4.0,2025.0,0,0,-40.52632388891084,20194,15,12255,-12.905143580319358,26985,10870.0,13292
13162.0,0,11609.0,34703,14376,4.0,2025.0,0,0,-40.4523990073001,25408,15,12923,-13.258077554778941,26344,11232.0,13260
13075.0,0,11399.0,33714,14305,4.0,2025.0,0,0,-40.46707876022283,24634,15,12684,-13.08991982164127,26697,11100.0,13003
13083.0,0,11715.0,31670,14011,4.0,2025.0,0,0,-40.555252866325674,25810,15,12685,-13.218670365082335,27728,11053.0,13388
13751.0,0,12310.0,38197,15054,4.0,2025.0,0,0,-40.62094694101904,29341,15,13769,-13.218063164868392,30311,11828.0,14081
13667.0,0,12305.0,36745,15145,4.0,2025.0,0,0,-40.62193163241588,22914,15,12795,-13.164571025412146,29603,11206.0,14113
12920.0,0,11720.0,35046,14511,4.0,2025.0,0,0,-40.6867755476855,28456,15,13012,-13.014330564271516,29526,11253.0,13541
12780.0,0,11526.0,32865,14440,4.0,2025.0,0,0,-40.64810059453783,26811,15,12551,-13.071262623065762,28745,11259.0,13614
13185.0,0,11626.0,36651,14317,4.0,2025.0,0,0,-40.56711226849223,28569,15,13017,-13.135005348126986,30192,11155.0,13529
13342.0,0,11738.0,37624,14205,4.0,2025.0,0,0,-40.628853734944094,27421,15,12957,-12.981273074561345,27307,11292.0,13069
12614.0,0,11467.0,31537,14245,4.0,2025.0,0,0,-40.679174150788675,28206,15,13051,-13.238828306094623,27725,11173.0,13320
13173.0,0,11676.0,36501,14258,4.0,2025.0,0,0,-40.44225142890998,28747,15,12914,-13.18509241532046,30684,11312.0,13513
12380.0,0,11548.0,28095,13482,4.0,2025.0,0,0,-40.679573768114224,25676,15,12680,-13.139023800148006,26684,11079.0,12866
12753.0,0,11434.0,33682,13893,4.0,2025.0,0,0,-40.42009010571394,23085,15,12204,-13.087809949222036,26134,10860.0,12950
12525.0,0,11915.0,32261,13781,4.0,2025.0,0,0,-40.60900046458971,26379,15,13115,-12.908962373592084,28108,11368.0,13440
12711.0,0,11835.0,34606,14185,4.0,2025.0,0,0,-40.476065367451596,28879,15,12958,-13.182665797956847,30209,11381.0,13432
12440.0,0,10984.0,35955,14091,4.0,2025.0,0,0,-40.603581787174484,22899,15,12231,-13.264957748774583,26988,10580.0,13002
12172.0,0,11658.0,32211,13995,4.0,2025.0,0,0,-40.44916886308216,27137,15,13022,-12.945302859530562,27713,11337.0,13288
12796.0,0,11514.0,32812,13980,4.0,2025.0,0,0,-40.43262434300206,19296,15,11893,-12.927907479607214,25802,10827.0,12952
12807.0,0,11542.0,35477,14428,4.0,2025.0,0,0,-40.502572603124165,29747,15,13252,-13.177051433548002,31370,11338.0,13663
11905.0,0,11344.0,29208,13334,4.0,2025.0,0,0,-40.48032998114352,24860,15,12101,-12.981331440217572,26842,10946.0,12666
12518.0,0,11401.0,33201,13940,4.0,2025.0,0,0,-40.72988233491151,27141,15,12805,-13.042934898027237,28561,11188.0,13178
13531.0,0,11803.0,37029,14435,4.0,2025.0,0,0,-40.59431916000218,27708,15,12743,-12.898344438776919,31093,11175.0,13661
12738.0,0,11632.0,33228,13964,4.0,2025.0,0,0,-40.51741490170968,28957,15,12817,-13.042132081878597,31379,11143.0,13343
13190.0,0,11613.0,40112,14322,4.0,2025.0,0,0,-40.4805218244982,26190,15,12718,-13.024945458218147,28659,11131.0,12956
12712.0,0,11387.0,36392,14070,4.0,2025.0,0,0,-40.635321151091645,26477,15,12468,-13.180466551965383,28910,10994.0,12980
12742.0,0,12533.0,30365,13970,6.0,2025.0,0,0,-38.97594113357661,27947,21,13654,-13.30400904094033,29004,12299.0,13841
14126.0,0,13111.0,42492,15099,4.0,2025.0,0,0,-39.371790775988416,24255,15,13348,-13.300292437723487,35489,11933.0,14681
13087.0,0,12998.0,32356,14755,4.0,2025.0,0,0,-39.61854023547532,22072,15,13264,-13.393316242522806,30130,11819.0,14525
13360.0,0,12684.0,36608,14848,4.0,2025.0,0,0,-39.645985627156584,28810,15,13214,-13.282656888605402,33490,11788.0,14122
13784.0,0,13611.0,36463,14938,6.0,2025.0,0,0,-39.617725497362294,24102,21,13391,-13.424157743523644,35626,12274.0,14855
14752.0,0,13664.0,46906,15458,4.0,2025.0,0,0,-39.56124608168934,30090,15,13872,-13.3021454103892,40613,12666.0,14840
13474.0,0,13038.0,32119,15081,6.0,2025.0,0,0,-39.64886237035165,26507,21,13483,-13.274641536342337,31159,12155.0,14442
14270.0,0,14063.0,41617,15274,6.0,2025.0,0,0,-39.46964384352136,30090,21,14015,-13.35497693095193,40789,12612.0,14994
13893.0,0,13340.0,41359,15383,4.0,2025.0,0,0,-39.67656040783306,23103,15,13317,-13.409795132629716,36021,12074.0,14979
14458.0,0,13745.0,45175,15565,4.0,2025.0,0,0,-39.728262843389416,20456,15,12948,-13.398464367749872,37487,11788.0,15152
13438.0,0,13142.0,35046,15319,4.0,2025.0,0,0,-39.86868799391501,26698,15,13679,-13.591545616039832,30880,12109.0,14722
13755.0,0,13204.0,43075,14893,4.0,2025.0,0,0,-39.9645411564744,29385,15,13531,-13.315295999286018,38171,12074.0,14479
14092.0,0,13595.0,46689,15133,4.0,2025.0,0,0,-39.86967373929543,25203,15,13289,-13.538063773270057,40753,12110.0,14825
14284.0,0,13461.0,42414,15547,4.0,2025.0,0,0,-39.92014465464719,25493,15,13438,-13.533629769622985,38915,11975.0,15077
13653.0,0,12930.0,38174,14911,4.0,2025.0,0,0,-39.86240903902211,27739,15,13516,-13.560121750796045,34310,12053.0,14337
13217.0,0,12821.0,34697,14641,4.0,2025.0,0,0,-39.91525367464073,27301,15,13549,-13.532531865163312,32089,11966.0,14592
13291.0,0,12884.0,32849,14456,4.0,2025.0,0,0,-39.69145297798553,28318,15,13613,-13.377060787224337,31145,12304.0,14263
13360.0,0,12295.0,36577,14504,4.0,2025.0,0,0,-39.76515670145337,30225,15,13241,-13.415648070720598,33270,12044.0,13946
13905.0,0,13258.0,45621,14881,4.0,2025.0,0,0,-39.97247148032927,22298,15,12514,-13.641571266604522,36342,11617.0,14445
13360.0,0,12937.0,38431,14633,4.0,2025.0,0,0,-39.69092361524259,21258,15,12457,-13.360545245619354,36592,11466.0,14465
13302.0,0,12842.0,39233,14814,4.0,2025.0,0,0,-39.91950934669409,29629,15,13536,-13.550036169272984,36378,11985.0,14385
12804.0,0,12277.0,35943,14185,4.0,2025.0,0,0,-39.99707443311873,32851,15,13284,-13.290845930558193,36243,11776.0,13979
13382.0,0,12549.0,34004,14912,4.0,2025.0,0,0,-39.87371792857674,27494,15,13725,-13.336502680767897,30591,11889.0,14081
13431.0,0,12146.0,34715,14967,4.0,2025.0,0,0,-39.963432079997595,23423,15,12447,-13.380563371397416,31511,11091.0,14221
12910.0,0,12169.0,34171,14100,4.0,2025.0,0,0,-39.94710970914601,24747,15,12758,-13.490547555422868,31156,11313.0,13892
13418.0,0,11996.0,33189,14920,4.0,2025.0,0,0,-39.954252870561774,24669,15,13187,-13.359894769155813,28175,11595.0,14154
14043.0,0,12063.0,42802,15342,4.0,2025.0,0,0,-40.01829070448519,30258,15,13527,-13.56697992710713,34181,11715.0,14043
13698.0,0,12366.0,35017,14657,4.0,2025.0,0,0,-39.89584392859123,26826,15,13136,-13.444773237671138,31012,11334.0,13870
13460.0,0,11548.0,35396,14649,4.0,2025.0,0,0,-39.93451865037463,25829,15,12663,-13.387851866479716,28566,11113.0,13494
13676.0,0,13349.0,37144,14750,6.0,2025.0,0,0,-39.804106814086246,24909,21,13198,-13.42843655867508,36255,11946.0,14576
12592.0,0,12275.0,26975,14317,6.0,2025.0,0,0,-39.83193589646796,21023,21,12388,-13.479906789305074,25800,11446.0,13903
13971.0,0,13533.0,36402,15462,6.0,2025.0,0,0,-39.83984468305429,23402,21,13387,-13.424199615374382,34939,12059.0,15161
12917.0,0,12370.0,29977,14342,6.0,2025.0,0,0,-39.87629588939493,20216,21,12387,-13.437027328481129,28473,11238.0,14094
12494.0,0,11581.0,31974,13815,6.0,2025.0,0,0,-40.02140585929005,28545,21,12867,-13.274644023311673,28702,11208.0,13206
14132.0,0,12116.0,38563,15228,6.0,2025.0,0,0,-40.015260657611094,26186,21,12552,-13.383030353161887,30400,10621.0,14000
14278.0,0,13568.0,45508,15647,4.0,2025.0,0,0,-40.20029350193802,31772,15,14206,-13.550045335457794,37536,12843.0,14949
12785.0,0,11874.0,32714,14187,4.0,2025.0,0,0,-40.15704043759078,24329,15,12633,-13.360584561955005,29463,11332.0,13490
13579.0,0,12225.0,37222,14895,4.0,2025.0,0,0,-40.08528772077896,18865,15,11631,-13.522238123072185,29209,10763.0,13626
12712.0,0,11969.0,31835,14292,6.0,2025.0,0,0,-40.124050776115844,18327,21,12164,-13.300292459133551,26608,11098.0,13757
13117.0,0,12008.0,29261,14316,6.0,2025.0,0,0,-40.09498142476454,24608,21,12754,-13.300975367963758,26662,11307.0,13551
13085.0,0,12501.0,34635,14436,4.0,2025.0,0,0,-40.28973949602395,30178,15,13555,-13.547796833821481,31433,12049.0,13955
12864.0,0,12422.0,35532,14309,4.0,2025.0,0,0,-40.07057531284057,29860,15,13356,-13.44473127814909,32005,11829.0,13925
12244.0,0,11751.0,30007,13577,6.0,2025.0,0,0,-40.26908445221243,24049,21,11959,-13.346870353738222,28828,11083.0,13230
12751.0,0,11980.0,32106,13938,6.0,2025.0,0,0,-40.08702940254681,26750,21,12624,-13.30146247466269,29374,11356.0,13606
13222.0,0,12688.0,39102,14542,4.0,2025.0,0,0,-40.32054451428657,33313,15,13708,-13.530248833908853,34850,12241.0,14118
13353.0,0,12885.0,37062,14827,4.0,2025.0,0,0,-40.191306930913925,32191,15,13870,-13.591544363311872,35035,12368.0,14448
13627.0,0,12790.0,41809,14918,4.0,2025.0,0,0,-40.11021797074566,34434,15,13622,-13.42765404675796,37986,12243.0,14549
13437.0,0,12355.0,36408,14667,4.0,2025.0,0,0,-40.232523330801335,31174,15,13379,-13.398492121800903,31624,11785.0,13881
13433.0,0,12603.0,35277,14801,4.0,2025.0,0,0,-40.28631543002564,27194,15,13330,-13.621285429741421,32115,11776.0,14245
13343.0,0,12690.0,38427,14944,4.0,2025.0,0,0,-40.22211806197361,33509,15,13896,-13.457943612493443,34644,12245.0,14348
13724.0,0,12511.0,37886,14864,4.0,2025.0,0,0,-40.22122118520091,28590,15,13541,-13.6384311840544,33474,11771.0,14090
12913.0,0,12368.0,34816,14232,6.0,2025.0,0,0,-40.24430256387072,32301,21,13561,-13.282503653759454,32965,11924.0,13778
13518.0,0,12428.0,39145,15117,4.0,2025.0,0,0,-40.31620169095336,26148,15,13229,-13.567020996612616,28964,11833.0,13967
13305.0,0,12966.0,37546,14743,4.0,2025.0,0,0,-40.12386636221321,31372,15,13821,-13.41646394129366,38424,12392.0,14515
13347.0,0,12953.0,36359,14671,4.0,2025.0,0,0,-40.13942831163797,30916,15,13526,-13.413530778770788,35872,11503.0,14371
13606.0,0,12826.0,36560,14783,4.0,2025.0,0,0,-40.153348848878615,34526,15,13980,-13.560112252554159,34359,12350.0,14437
12794.0,0,12192.0,34788,14209,4.0,2025.0,0,0,-40.31883252664051,27853,15,12916,-13.475413728763481,31745,11640.0,13699
12787.0,0,12580.0,32512,14332,4.0,2025.0,0,0,-40.21145831854989,25921,15,13311,-13.627099547507914,29478,11822.0,13747
14159.0,0,13100.0,43049,15324,4.0,2025.0,0,0,-40.073543108555725,30414,15,13645,-13.380545246032874,36558,11769.0,14600
13565.0,0,12591.0,38290,15140,4.0,2025.0,0,0,-40.36296057523006,26368,15,13240,-13.553802106385662,34049,11725.0,14363
14427.0,0,13001.0,47469,15557,4.0,2025.0,0,0,-40.17029686184515,31006,15,13756,-13.512528069067619,37641,12271.0,14847
13715.0,0,12939.0,41257,14828,4.0,2025.0,0,0,-40.235410472808255,29951,15,13284,-13.461378955133439,37595,12115.0,14355
14173.0,0,13286.0,42605,15366,4.0,2025.0,0,0,-40.16779012473865,29105,15,13825,-13.553952409408998,36797,12491.0,14855
13586.0,0,12842.0,37987,15107,4.0,2025.0,0,0,-40.192256814120526,31475,15,13939,-13.409850491684516,35607,12388.0,14629
14454.0,0,13422.0,47247,15607,4.0,2025.0,0,0,-40.27047901276008,31096,15,13991,-13.612314634358466,38783,12643.0,14946
13643.0,0,12654.0,37684,14924,4.0,2025.0,0,0,-40.20862291508303,27573,15,13580,-13.571825672039155,32394,12047.0,14208
14079.0,0,12359.0,40924,15437,4.0,2025.0,0,0,-40.35973120875372,25304,15,13431,-13.605168293161103,29371,11918.0,13977
14028.0,0,13509.0,45398,15261,4.0,2025.0,0,0,-40.23144507933801,29881,15,13630,-13.571539504022892,38382,12366.0,14751
14539.0,0,13444.0,45729,15764,4.0,2025.0,0,0,-40.358891758091055,29382,15,13993,-13.509020224955437,36212,12525.0,14916
13376.0,0,13090.0,33138,15064,6.0,2025.0,0,0,-40.16796015600175,21732,21,13208,-13.490561017276978,32513,11872.0,14902
12507.0,0,11663.0,33927,14042,4.0,2025.0,0,0,-40.15779645078877,17384,15,11075,-13.278688062096954,28832,10562.0,13196
12657.0,0,11690.0,35102,13876,4.0,2025.0,0,0,-40.31350610280503,31105,15,12922,-13.302145407253024,32450,11407.0,13365
12272.0,0,11406.0,32228,13296,6.0,2025.0,0,0,-40.31559615647506,26656,21,12325,-13.336487513692285,29835,10968.0,12641
12227.0,0,11797.0,27920,13705,6.0,2025.0,0,0,-40.3462554492652,28610,21,12936,-13.359362166082702,29092,11255.0,13392
13828.0,0,12789.0,40915,14784,4.0,2025.0,0,0,-40.17966776425231,32721,15,13720,-13.6134240588264,34089,12520.0,14074
13392.0,0,12917.0,38307,14474,4.0,2025.0,0,0,-40.12091323230551,33311,15,13587,-13.421958660862156,36650,12296.0,14221
13484.0,0,12643.0,43411,14520,4.0,2025.0,0,0,-40.38923878886629,33073,15,13392,-13.627404941234747,36691,11867.0,13892
12707.0,0,12217.0,34094,14264,4.0,2025.0,0,0,-40.40112240116483,33667,15,13710,-13.274641525004158,30619,12133.0,13799
13838.0,0,12089.0,41153,15125,4.0,2025.0,0,0,-40.35555717893097,28860,15,12788,-13.558594624983327,32497,11239.0,13551
12126.0,0,11957.0,27293,13411,6.0,2025.0,0,0,-40.400485572345204,22785,21,12681,-13.283526858098332,26472,11546.0,13139
12530.0,0,11888.0,37133,14039,6.0,2025.0,0,0,-40.39824565764431,30527,21,13015,-13.282656876746364,34104,11438.0,13820
14074.0,0,12963.0,42956,15549,4.0,2025.0,0,0,-40.439273425862645,23610,15,13465,-13.631543106977428,32517,11989.0,14825
13248.0,0,12865.0,34147,14671,4.0,2025.0,0,0,-40.74693022701625,29464,15,14077,-13.39331623617881,31592,12530.0,14364
13065.0,0,11704.0,32388,14494,6.0,2025.0,0,0,-40.68963607816883,23919,21,12768,-13.302145401528303,26216,11139.0,13516
12626.0,0,11475.0,33522,14219,4.0,2025.0,0,0,-40.735021724513,25031,15,12406,-13.509020254751256,26663,10857.0,12863
12980.0,0,11319.0,34211,14132,4.0,2025.0,0,0,-40.77437561633152,22076,15,11894,-13.28265687819703,29085,10702.0,13244
13075.0,0,11798.0,35558,14713,4.0,2025.0,0,0,-40.554525486089595,25291,15,12589,-13.532536838919034,27755,11219.0,13218
12661.0,0,11237.0,31591,13953,4.0,2025.0,0,0,-40.71301576016074,22357,15,12076,-13.354777670186122,24397,10759.0,12676
12456.0,0,11528.0,33712,14343,6.0,2025.0,0,0,-40.47430451711212,23638,21,12254,-13.612371128999282,25349,11114.0,12831
12503.0,0,11310.0,33188,13798,4.0,2025.0,0,0,-40.59507560465088,25857,15,12469,-13.271888423631026,28176,11004.0,13284
12895.0,0,11905.0,34941,14155,4.0,2025.0,0,0,-40.44670533606112,28029,15,12778,-13.444731257141664,31412,11369.0,13447
12585.0,0,11387.0,36116,14112,4.0,2025.0,0,0,-40.54642686540323,29710,15,12603,-13.512528071363366,32200,11009.0,13207
12800.0,0,11765.0,32033,14253,4.0,2025.0,0,0,-40.744357491514286,25077,15,12979,-13.397454414444704,27289,11103.0,13355
12161.0,0,11657.0,30653,13996,6.0,2025.0,0,0,-40.77725235927302,24001,21,12051,-13.274641525632292,27646,10736.0,13183
11836.0,0,10945.0,31323,13411,4.0,2025.0,0,0,-40.665869476048066,28523,15,12588,-13.547796859807477,28783,10827.0,12655
12844.0,0,11599.0,32640,14115,4.0,2025.0,0,0,-40.57642349958829,30944,15,13080,-13.550045346340356,31685,11308.0,13580
12037.0,0,11519.0,28877,13555,4.0,2025.0,0,0,-40.49718824798072,24245,15,12456,-13.31886039562839,28049,11057.0,13194
12410.0,0,11174.0,31461,13562,4.0,2025.0,0,0,-40.714647188163816,26983,15,12340,-13.428414439433372,28218,10882.0,12947
13342.0,0,11681.0,32967,14852,6.0,2025.0,0,0,-40.7766155305919,25625,21,13140,-13.283526859939467,27170,11280.0,13696
12963.0,0,12014.0,33269,14406,6.0,2025.0,0,0,-40.6923316657786,25407,21,12996,-13.567021028908949,28461,11286.0,13616
13758.0,0,11638.0,37055,15011,4.0,2025.0,0,0,-40.54392012879077,26676,15,13004,-13.553952415088968,31542,11260.0,13898
13314.0,0,12203.0,38458,14849,6.0,2025.0,0,0,-40.4153562032053,28905,21,13339,-13.320926824089454,31823,11516.0,13953
12223.0,0,11537.0,28654,13399,6.0,2025.0,0,0,-40.53314232658195,23375,21,12077,-13.545933081509395,29791,10752.0,13108
12481.0,0,11660.0,31019,14129,6.0,2025.0,0,0,-40.55579776596845,26904,21,13123,-13.613424072021385,27750,11351.0,13755
12673.0,0,11662.0,32859,13816,4.0,2025.0,0,0,-40.560524253559414,27699,15,12769,-13.533637125242945,28492,11306.0,13159
12531.0,0,11496.0,34664,14085,4.0,2025.0,0,0,-40.611540463538006,26707,15,12528,-13.461378963417602,29503,10889.0,13383
12011.0,0,11552.0,30806,13091,4.0,2025.0,0,0,-40.782129608204954,25326,15,12329,-13.605500550306557,27949,11257.0,12733
13319.0,0,12597.0,31847,14332,4.0,2025.0,0,0,-39.334771754224285,26726,15,13467,-12.554315908095715,30872,11699.0,14047
12464.0,0,12157.0,29791,13921,4.0,2025.0,0,0,-39.51822080548927,31192,15,13673,-12.865286106650068,30841,11839.0,13902
13320.0,0,12599.0,33034,14812,4.0,2025.0,0,0,-39.53263140031108,20813,15,12040,-12.542011962281547,28014,11483.0,14224
13773.0,0,12494.0,38948,14857,4.0,2025.0,0,0,-39.60330100164688,27172,15,13093,-12.811546969821975,31005,11867.0,13984
13410.0,0,12615.0,34099,14513,4.0,2025.0,0,0,-39.65374007964858,28056,15,13238,-12.85847254385338,30945,11957.0,13995
12975.0,0,12234.0,31517,14334,4.0,2025.0,0,0,-39.60747423012404,29167,15,13271,-12.858138690723159,30998,11913.0,13691
13369.0,0,12519.0,33308,14730,6.0,2025.0,0,0,-39.56829012147659,22500,21,12479,-12.783189435437297,29258,11182.0,14002
12619.0,0,12098.0,32614,14004,4.0,2025.0,0,0,-39.63698020646858,27256,15,12685,-12.880384818132196,30569,11287.0,13648
13192.0,0,12409.0,30840,14293,4.0,2025.0,0,0,-39.36865776316282,22773,15,12725,-12.674857670288148,27691,11361.0,13707
13190.0,0,11871.0,32522,14157,4.0,2025.0,0,0,-39.37161116513384,20578,15,12056,-12.669360773129078,27960,10919.0,13465
13430.0,0,12563.0,32323,14738,4.0,2025.0,0,0,-39.55938926381436,23938,15,13423,-12.686292633443921,28042,11574.0,13948
13419.0,0,12188.0,35424,14617,4.0,2025.0,0,0,-39.609895551225954,27574,15,13241,-12.81305482009448,31003,11853.0,13847
13255.0,0,12680.0,35304,14476,4.0,2025.0,0,0,-39.59330962984127,24434,15,13063,-12.894556793004616,34360,11414.0,14098
13313.0,0,12836.0,34820,14612,6.0,2025.0,0,0,-39.40475517679602,19356,21,12299,-12.798879209173835,30243,11239.0,14167
14475.0,0,12557.0,44208,15272,4.0,2025.0,0,0,-39.291299810967864,22237,15,12375,-12.612730368548185,32888,11120.0,14020
13944.0,0,12416.0,33745,15213,6.0,2025.0,0,0,-39.55524166316323,24068,21,12894,-12.78138256175497,27540,11480.0,13966
13049.0,0,12316.0,30821,14497,4.0,2025.0,0,0,-39.49204300388496,19054,15,11424,-12.535347923334644,29366,10755.0,13984
13001.0,0,11759.0,30580,14126,4.0,2025.0,0,0,-39.35207351840632,19151,15,11815,-12.556862987887342,25434,10821.0,13225
13401.0,0,12970.0,34156,14526,4.0,2025.0,0,0,-39.40478585853984,23900,15,13109,-12.613459303131018,30901,11652.0,14252
14202.0,0,13674.0,36905,15278,4.0,2025.0,0,0,-39.56124680556969,21422,15,13267,-12.554998038335354,33969,11850.0,15050
13145.0,0,12016.0,36938,14786,4.0,2025.0,0,0,-39.3717927753577,24038,15,12988,-12.553144543994836,28410,10487.0,13919
12890.0,0,11774.0,31562,14097,4.0,2025.0,0,0,-39.53404770287508,20412,15,12078,-12.586379159701007,26525,10864.0,13494
13346.0,0,11717.0,34121,14397,4.0,2025.0,0,0,-39.44822823113183,21031,15,12394,-12.58830422227566,26976,11114.0,13199
14007.0,0,12390.0,39939,14828,4.0,2025.0,0,0,-39.418041102565184,21198,15,12021,-12.765461170604114,31878,11028.0,13799
13226.0,0,12479.0,34068,14669,4.0,2025.0,0,0,-39.61772701865571,29376,15,13482,-12.67705871500575,31446,11800.0,14127
13486.0,0,12758.0,35996,15011,4.0,2025.0,0,0,-39.64886237895438,25648,15,13183,-12.52748599313686,31073,11546.0,14235
12877.0,0,11714.0,30903,13675,4.0,2025.0,0,0,-39.36880153954691,20165,15,11940,-12.571719719034473,29302,10900.0,13490
14082.0,0,12614.0,39533,15043,4.0,2025.0,0,0,-39.534056805561264,25938,15,12981,-12.874260535867451,32999,11763.0,14231
12926.0,0,12254.0,32744,14039,4.0,2025.0,0,0,-39.593996798749906,25362,15,12841,-12.612237551287823,30002,11529.0,13645
11655.0,0,11347.0,29483,13058,4.0,2025.0,0,0,-39.58625993544799,29221,15,12459,-12.681316207610084,29985,11047.0,12664
12747.0,0,12086.0,31179,13967,4.0,2025.0,0,0,-39.56333762935683,20503,15,12081,-12.589353408503277,28934,10944.0,13520
13014.0,0,12135.0,33412,14262,4.0,2025.0,0,0,-39.5168270067544,23006,15,12364,-12.599739581963716,29828,11067.0,13726
12840.0,0,12264.0,30696,13675,4.0,2025.0,0,0,-39.43515729444683,20758,15,12448,-12.658218901283586,27637,11139.0,13559
13238.0,0,11808.0,35075,14235,4.0,2025.0,0,0,-39.58462725486096,23481,15,12441,-12.60765105635291,28241,11129.0,13262
12452.0,0,11914.0,31353,13689,4.0,2025.0,0,0,-39.421936176426804,26375,15,12926,-12.6299845991346,28052,11449.0,13287
12554.0,0,11472.0,30961,13772,4.0,2025.0,0,0,-39.48026875240928,20706,15,11830,-12.651381019488102,28477,10710.0,13320
12948.0,0,11824.0,30720,13854,4.0,2025.0,0,0,-39.29969484633809,21946,15,11981,-12.640696172463727,27179,10935.0,13129
12588.0,0,11795.0,30341,13516,4.0,2025.0,0,0,-39.321285501965946,22957,15,12290,-12.633429535382689,28601,11015.0,13174
12163.0,0,11643.0,25908,13570,4.0,2025.0,0,0,-39.532242303898286,25934,15,12793,-12.716367711809836,26697,11007.0,13063
12322.0,0,11615.0,31796,13731,4.0,2025.0,0,0,-39.63285115681719,22406,15,12330,-12.568131315106495,28697,11113.0,13189
12577.0,0,11482.0,33328,13788,4.0,2025.0,0,0,-39.64080897938643,22088,15,11883,-12.543683929813861,29143,10702.0,13268
13838.0,0,11954.0,37485,14738,4.0,2025.0,0,0,-39.29096469944146,25976,15,12772,-12.689871417329924,29555,11462.0,13653
12451.0,0,11640.0,28831,13648,4.0,2025.0,0,0,-39.29332962189928,20357,15,11873,-12.559791852643757,26449,10830.0,13026
13060.0,0,12215.0,30727,14008,4.0,2025.0,0,0,-39.28696645960042,22721,15,12333,-12.573789370133799,26240,11266.0,13138
12093.0,0,11663.0,27480,13466,4.0,2025.0,0,0,-39.42939335165268,25487,15,12534,-12.62085940991746,26677,11202.0,13065
12764.0,0,11964.0,32000,13997,4.0,2025.0,0,0,-39.68036423883924,23027,15,12371,-12.554298754409688,28514,11242.0,13303
13040.0,0,11985.0,32194,14337,4.0,2025.0,0,0,-39.876287997315934,23622,15,12678,-12.689931144564639,28246,11337.0,13707
12981.0,0,12008.0,29552,14214,6.0,2025.0,0,0,-39.702219602048494,23233,21,12694,-12.80674955305588,25759,11506.0,13331
14169.0,0,12931.0,43562,14781,4.0,2025.0,0,0,-39.70809105293003,28517,15,13170,-12.620826608999407,35489,11729.0,14159
13081.0,0,12604.0,31789,14573,4.0,2025.0,0,0,-39.738935185148755,30996,15,13626,-12.825963495234346,30399,12244.0,14297
13463.0,0,12254.0,34223,14690,6.0,2025.0,0,0,-39.67626605872139,23882,21,12892,-12.658166865646159,27797,11257.0,13885
14025.0,0,12797.0,38714,14781,4.0,2025.0,0,0,-40.00952146168898,26612,15,12989,-12.559802217589775,35900,11422.0,14527
13997.0,0,12903.0,36686,15122,6.0,2025.0,0,0,-39.689990358885204,18792,21,12275,-12.8115330488909,30162,11178.0,14372
13517.0,0,12585.0,36681,14712,6.0,2025.0,0,0,-39.99707284515015,22652,21,12639,-12.543695689660096,29380,11643.0,13837
14050.0,0,12897.0,37216,15376,6.0,2025.0,0,0,-39.714817470940396,22930,21,12847,-12.716341760010089,31180,11582.0,14521
13260.0,0,12673.0,35192,14561,6.0,2025.0,0,0,-39.7238031640781,25987,21,13208,-12.809105476131126,30058,11995.0,13971
13106.0,0,12755.0,31662,14350,6.0,2025.0,0,0,-39.74327960902575,29449,21,13179,-12.761967339087745,30769,12218.0,13984
14061.0,0,12736.0,39126,15282,4.0,2025.0,0,0,-39.963427530684285,25862,15,13403,-12.633446750877676,30387,12077.0,14357
13956.0,0,13320.0,40627,15165,4.0,2025.0,0,0,-39.85674019069622,32165,15,13830,-12.53534857323315,37378,12366.0,14860
14202.0,0,13210.0,39193,15354,6.0,2025.0,0,0,-39.70013846025332,26293,21,13266,-12.884532079420113,33995,11782.0,14567
13726.0,0,13257.0,34964,14953,6.0,2025.0,0,0,-39.75856947879786,31224,21,13847,-12.827404205594691,32266,12157.0,14342
14792.0,0,13705.0,42732,15959,4.0,2025.0,0,0,-40.0104697945462,28503,15,14208,-12.535511632098615,37017,12612.0,15337
12211.0,0,11471.0,30274,13314,4.0,2025.0,0,0,-39.864964321059254,26822,15,12826,-12.65038332185888,28103,11156.0,12954
12146.0,0,11549.0,26103,13102,4.0,2025.0,0,0,-39.68356247619043,22249,15,11845,-12.783156743733231,25319,10973.0,12696
12641.0,0,11730.0,32388,13932,4.0,2025.0,0,0,-39.8465707083878,27652,15,13003,-12.684128541242249,29080,11319.0,13078
12915.0,0,12321.0,34052,14199,4.0,2025.0,0,0,-39.667829886820854,25517,15,12405,-12.714232236001749,31317,11188.0,13748
12659.0,0,10926.0,32174,13641,4.0,2025.0,0,0,-39.977620764061,24835,15,12164,-12.669347763138003,25775,10775.0,12541
11861.0,0,11298.0,29392,13176,4.0,2025.0,0,0,-39.814848674775035,25516,15,12455,-12.761435121178518,28316,11019.0,12894
12036.0,0,11423.0,32143,13716,4.0,2025.0,0,0,-39.842059134700115,28721,15,12876,-12.524728589544528,29642,11036.0,13256
11799.0,0,11182.0,28546,13052,4.0,2025.0,0,0,-39.86966951809591,23466,15,11669,-12.791006453409912,26510,10792.0,12794
12052.0,0,11423.0,27100,13597,4.0,2025.0,0,0,-39.9337002977911,25005,15,12574,-12.874253892308104,26126,10968.0,12873
11807.0,0,11093.0,27572,12939,4.0,2025.0,0,0,-39.96453794715985,22190,15,11936,-12.5681542765066,24882,10722.0,12466
11836.0,0,11230.0,30610,13144,4.0,2025.0,0,0,-39.92014159390258,26071,15,12271,-12.786571236427159,28648,10957.0,12788
11521.0,0,11042.0,28729,12804,4.0,2025.0,0,0,-39.947106452884995,24092,15,12069,-12.743472914260808,25554,10806.0,12435
12075.0,0,11076.0,28230,13514,4.0,2025.0,0,0,-40.02334011335037,20017,15,11613,-12.858115181345552,24720,10714.0,12383
11823.0,0,11314.0,29937,13132,4.0,2025.0,0,0,-39.765153068181576,25698,15,12330,-12.668544263504304,27946,10983.0,12951
11920.0,0,11379.0,30415,13244,4.0,2025.0,0,0,-39.72826076091774,23162,15,12026,-12.651354711850978,27430,10766.0,12784
11811.0,0,11118.0,30659,13383,4.0,2025.0,0,0,-39.7503095649592,27197,15,12418,-12.803489730690254,27457,10871.0,12642
11927.0,0,11459.0,28118,13243,4.0,2025.0,0,0,-39.927312062802876,27107,15,12663,-12.76545461129947,28148,11204.0,12916
13083.0,0,11880.0,32092,14116,4.0,2025.0,0,0,-39.695062336615,25795,15,12912,-12.813047161678766,27599,11116.0,13349
12186.0,0,11441.0,32772,13634,4.0,2025.0,0,0,-39.696908624247094,23061,15,12027,-12.571697213053282,27107,10792.0,12812
11852.0,0,11239.0,27079,12896,4.0,2025.0,0,0,-39.67655984567729,22358,15,11901,-12.662691384799013,24815,10850.0,12573
12987.0,0,11687.0,34533,14191,4.0,2025.0,0,0,-39.704448530959446,24687,15,12559,-12.855411798521457,28330,11159.0,13236
12115.0,0,11583.0,29552,13623,4.0,2025.0,0,0,-39.91950672360529,27754,15,13092,-12.80298394295566,27679,11333.0,13301
12393.0,0,11804.0,32150,13713,4.0,2025.0,0,0,-39.72806927603706,23411,15,12402,-12.607732298244768,29536,11186.0,13266
12937.0,0,11573.0,35996,14217,4.0,2025.0,0,0,-39.895837262391645,23511,15,12115,-12.697680192077415,29792,10754.0,13312
12572.0,0,11702.0,32853,13840,4.0,2025.0,0,0,-39.690922947771256,16513,15,11054,-12.61342205480696,26882,10658.0,13306
12264.0,0,11413.0,33371,13610,4.0,2025.0,0,0,-39.772232094393544,26632,15,12455,-12.68629641299636,29642,11018.0,12916
12258.0,0,11541.0,34124,13822,4.0,2025.0,0,0,-39.76143661826789,24399,15,12732,-12.607835303358835,33138,10990.0,13646
12755.0,0,12225.0,33539,14013,4.0,2025.0,0,0,-39.6914521736244,23823,15,12927,-12.629943936788976,29868,11387.0,13712
13530.0,0,12899.0,37489,14735,4.0,2025.0,0,0,-39.915250452870495,26363,15,13245,-12.785472838563585,33221,11455.0,14241
12588.0,0,12166.0,30330,13958,6.0,2025.0,0,0,-39.85132164210273,22248,21,12381,-12.89141246816291,28692,11353.0,13554
12111.0,0,11422.0,25102,13394,4.0,2025.0,0,0,-40.25241801545535,20458,15,11794,-12.689931130500081,23967,10878.0,12790
12983.0,0,11478.0,31221,14006,4.0,2025.0,0,0,-40.241094338354316,23169,15,12277,-12.650383314663355,25270,11060.0,13004
12512.0,0,11374.0,30651,13680,4.0,2025.0,0,0,-40.135805097454806,19721,15,11614,-12.588290920750941,25718,10664.0,12867
12334.0,0,10986.0,35458,13816,4.0,2025.0,0,0,-40.15019377971641,22721,15,11988,-12.531529335623036,25950,10737.0,12562
12704.0,0,11491.0,30516,13717,4.0,2025.0,0,0,-40.07303862892983,19723,15,11651,-12.571697237193234,25511,10768.0,12847
12039.0,0,11260.0,28376,13410,4.0,2025.0,0,0,-40.24984461372905,22992,15,12236,-12.589367781099071,24249,11001.0,12616
11864.0,0,11136.0,29084,13313,4.0,2025.0,0,0,-40.30983032024619,23680,15,11907,-12.874253876745271,26313,10671.0,12653
12153.0,0,11211.0,29527,13309,4.0,2025.0,0,0,-40.126439573642045,24375,15,12163,-12.803489709303822,26735,10830.0,12779
11934.0,0,11168.0,25934,13261,4.0,2025.0,0,0,-40.19097868830204,22100,15,11914,-12.761435102901391,23736,10733.0,12588
12093.0,0,11285.0,33034,13686,4.0,2025.0,0,0,-40.058242846908215,26468,15,12560,-12.586002307673557,29271,10909.0,13066
12204.0,0,11318.0,30028,13499,4.0,2025.0,0,0,-40.11940961718395,24628,15,12265,-12.761967325583987,26324,11018.0,12835
11851.0,0,11015.0,28885,13195,4.0,2025.0,0,0,-40.18023141241001,21360,15,11806,-12.681337164466244,26239,10735.0,12696
12097.0,0,11312.0,33528,13737,4.0,2025.0,0,0,-40.41025790534759,23901,15,11983,-12.710789753384725,29594,10788.0,13190
12011.0,0,11355.0,29026,13192,4.0,2025.0,0,0,-40.227451658372175,24962,15,12441,-12.89141244864697,27352,11151.0,12932
12606.0,0,11363.0,32520,13690,4.0,2025.0,0,0,-40.13756662779972,23027,15,12095,-12.60783531445086,26491,10812.0,12902
11853.0,0,11231.0,28555,13115,4.0,2025.0,0,0,-40.11322509102949,24258,15,12102,-12.728327256261588,25293,10867.0,12484
12246.0,0,11176.0,33466,13767,4.0,2025.0,0,0,-40.067582177895346,22973,15,11880,-12.629943951482746,26322,10754.0,12600
12563.0,0,11125.0,30971,13763,4.0,2025.0,0,0,-40.365208100080004,24387,15,12381,-12.57381569390079,26241,10818.0,12785
12097.0,0,11279.0,28712,13342,4.0,2025.0,0,0,-40.06494028698028,23982,15,12048,-12.553812460657033,26114,10895.0,12589
12201.0,0,11120.0,31216,13339,4.0,2025.0,0,0,-40.223554477279,26257,15,12343,-12.586386414379112,27011,10929.0,12510
12629.0,0,11510.0,29137,13942,4.0,2025.0,0,0,-40.23853556188708,20293,15,11873,-12.813072878045652,24141,10807.0,13005
12188.0,0,11443.0,29709,13564,4.0,2025.0,0,0,-40.20805790601436,25222,15,12381,-12.73282703380784,27037,11127.0,13059
11897.0,0,11296.0,31248,13288,4.0,2025.0,0,0,-40.090947476963834,24804,15,12437,-12.71634175737294,28702,10818.0,13014
12226.0,0,11133.0,29166,13241,4.0,2025.0,0,0,-40.09993317077264,20458,15,11825,-12.809105456583488,25608,10586.0,12814
12114.0,0,11368.0,31563,13330,4.0,2025.0,0,0,-40.069241634653864,26039,15,12436,-12.858490043334388,27588,10984.0,12860
12305.0,0,11545.0,32976,13807,4.0,2025.0,0,0,-40.29563674499444,25864,15,12729,-12.802983928321359,28978,11081.0,13176
12641.0,0,11559.0,34002,13984,6.0,2025.0,0,0,-40.40653527564615,25681,21,12753,-12.880373349902046,26829,11255.0,13091
11877.0,0,11550.0,28272,13341,4.0,2025.0,0,0,-40.04846849576582,22158,15,12029,-12.781338380545092,26417,10887.0,12833
12398.0,0,11748.0,30842,13499,4.0,2025.0,0,0,-40.117451862622794,26787,15,12753,-12.868888915765638,29561,11124.0,13358
12798.0,0,11775.0,33579,14370,4.0,2025.0,0,0,-40.211113535793366,28303,15,12996,-12.866399296436226,28328,11279.0,13583
12447.0,0,11655.0,30243,13708,4.0,2025.0,0,0,-40.25649130971413,26430,15,12613,-12.798885628115881,29094,11281.0,13236
12946.0,0,11604.0,32503,14148,4.0,2025.0,0,0,-40.25747330350403,26692,15,12925,-12.61226328733496,29038,11272.0,13288
12374.0,0,11569.0,33634,13596,4.0,2025.0,0,0,-40.11506519297721,27733,15,12652,-12.825963472267865,29020,11179.0,13007
12297.0,0,11591.0,33620,13615,4.0,2025.0,0,0,-40.30304375358485,27076,15,12624,-12.865278299883938,28487,11000.0,12939
12570.0,0,11905.0,32026,13864,4.0,2025.0,0,0,-40.071243165201615,23635,15,12594,-12.556846386015318,27890,11224.0,13434
12829.0,0,11776.0,33583,14091,4.0,2025.0,0,0,-40.21596812685204,22124,15,11864,-12.677098399986036,29193,10605.0,13522
12416.0,0,11718.0,27046,13794,4.0,2025.0,0,0,-40.073589182104755,21122,15,11843,-12.895586348575467,25453,10994.0,13594
12406.0,0,11726.0,32530,13898,4.0,2025.0,0,0,-40.24579953573833,27954,15,12941,-12.791006436870932,30917,11191.0,13500
13147.0,0,11752.0,31896,14325,4.0,2025.0,0,0,-40.244815895414,21670,15,12402,-12.844508864855067,27307,11160.0,13633
12705.0,0,12145.0,29604,14108,4.0,2025.0,0,0,-40.22911695233858,22283,15,12635,-12.880076711247609,28516,11234.0,13772
12765.0,0,11865.0,32894,13997,4.0,2025.0,0,0,-40.218189150294265,23413,15,11950,-12.524728606519993,29094,10917.0,13105
13720.0,0,11940.0,38462,14937,4.0,2025.0,0,0,-40.25918951579035,24869,15,12824,-12.80690506070441,29052,11315.0,13566
12943.0,0,12184.0,31566,14287,4.0,2025.0,0,0,-40.28230330839982,23068,15,12453,-12.555006623166461,27448,11284.0,13509
13231.0,0,12317.0,33528,14325,4.0,2025.0,0,0,-40.38565148983881,26753,15,13303,-12.559802212117958,29068,11723.0,13853
13008.0,0,11950.0,32816,14319,4.0,2025.0,0,0,-40.30344208477629,21040,15,12180,-12.765454597813994,31318,10993.0,13728
13283.0,0,12091.0,33794,14130,4.0,2025.0,0,0,-40.33955755537071,25733,15,12629,-12.63344674181117,29156,11384.0,13278
12959.0,0,12173.0,33233,14421,4.0,2025.0,0,0,-40.22270072429955,24739,15,12535,-12.68412853019219,28450,11348.0,13622
13682.0,0,12440.0,36187,14959,4.0,2025.0,0,0,-40.271967281999196,26898,15,13204,-12.697680178690273,29359,11840.0,13885
12796.0,0,12146.0,36571,14301,4.0,2025.0,0,0,-40.33459440302957,31757,15,13672,-12.677542342651499,32850,11639.0,13999
12958.0,0,12342.0,36854,14179,4.0,2025.0,0,0,-40.397535580724686,30590,15,13363,-12.527488354108607,31748,11794.0,13532
13014.0,0,12321.0,34329,14477,4.0,2025.0,0,0,-40.296271615338036,28353,15,13191,-12.786571222171602,31379,11681.0,13920
13603.0,0,12746.0,36493,14860,6.0,2025.0,0,0,-40.13065354923853,30656,21,13948,-12.86535746067771,32447,11857.0,14499
13780.0,0,12912.0,37087,15120,4.0,2025.0,0,0,-40.291380473937636,29004,15,13624,-12.78547282412103,33282,11696.0,14481
13561.0,0,13095.0,39639,14559,4.0,2025.0,0,0,-39.935513455176775,33732,15,13831,-13.806830124647973,38413,12257.0,14239
13356.0,0,12962.0,34401,14846,6.0,2025.0,0,0,-40.02499236754,31107,21,13664,-13.648111478596675,34099,12356.0,14314
14512.0,0,14055.0,44741,15511,4.0,2025.0,0,0,-39.79182770208903,30934,15,14121,-13.863990872571671,39711,12869.0,15138
13557.0,0,13460.0,33312,15070,6.0,2025.0,0,0,-39.80826226157172,25171,21,13607,-13.90705876437749,32954,12265.0,14785
14667.0,0,14019.0,47670,15601,4.0,2025.0,0,0,-39.75009779549093,25238,15,13874,-13.965547555754728,40314,12579.0,15171
14303.0,0,13509.0,39604,15617,4.0,2025.0,0,0,-39.982760228778616,26145,15,14169,-13.882445763176927,34197,12238.0,15184
14573.0,0,14016.0,46516,15707,6.0,2025.0,0,0,-39.94441166575143,29119,21,14379,-13.903670741733075,41132,13081.0,15261
13184.0,0,12925.0,34015,14423,4.0,2025.0,0,0,-39.76225088684416,27211,15,13508,-13.911470671472102,31658,12103.0,14290
13857.0,0,13034.0,41624,15134,4.0,2025.0,0,0,-39.93737571680612,24829,15,12806,-13.675611266006756,35364,11620.0,14487
14376.0,0,13526.0,43696,15488,4.0,2025.0,0,0,-39.73681724952143,21989,15,12971,-13.798084192964094,38923,11870.0,15009
13646.0,0,13475.0,37865,14919,4.0,2025.0,0,0,-39.763295429797346,29627,15,13778,-13.786975253068691,35664,12541.0,14742
13673.0,0,12730.0,39849,14850,4.0,2025.0,0,0,-39.970124734414256,26768,15,13321,-13.732816661672775,34189,12090.0,14268
13478.0,0,12942.0,39259,15018,4.0,2025.0,0,0,-39.93946538370503,28381,15,13545,-13.709946745895136,34615,12112.0,14529
14446.0,0,13498.0,46106,15662,4.0,2025.0,0,0,-39.96075501756693,29334,15,13641,-13.728233155852337,35758,12432.0,14741
13466.0,0,12670.0,33179,14724,4.0,2025.0,0,0,-39.99385473425786,26918,15,13643,-13.797599424108652,28870,12033.0,14297
13431.0,0,12460.0,36945,14380,4.0,2025.0,0,0,-39.73408602525723,27926,15,13128,-13.801095507819184,33421,11933.0,13871
14011.0,0,12838.0,43067,15248,4.0,2025.0,0,0,-39.99466963840842,27873,15,13647,-13.766763847459885,34062,12292.0,14312
13406.0,0,12661.0,39044,14862,4.0,2025.0,0,0,-39.81612316208895,32064,15,13501,-13.783295990028227,34138,12230.0,14404
13898.0,0,12471.0,40696,15230,4.0,2025.0,0,0,-40.022115610181785,31117,15,13623,-13.656125340054066,34966,11940.0,14103
12969.0,0,11933.0,31208,14204,4.0,2025.0,0,0,-40.031617246757044,22290,15,12549,-13.923909948572048,26031,11241.0,13339
9609.0,27734,9590.0,11257,4847,8.0,2025.0,28492,26820,-38.539039525218264,11181,33,4114,-12.986327652187162,11170,9561.0,4238
9647.0,23213,9638.0,13134,7233,8.0,2025.0,44604,35406,-38.54743433127056,11293,33,4738,-13.01428822368284,11575,9635.0,5482
9685.0,29498,9625.0,13715,8024,8.0,2025.0,65535,60880,-38.5347063036385,11230,33,4395,-12.947394071049318,12032,9589.0,6020
9667.0,38640,9571.0,12222,6185,8.0,2025.0,65535,39869,-38.569024296750285,11157,33,3458,-13.007023346642395,11490,9482.0,4469
9661.0,23201,9617.0,13611,7698,8.0,2025.0,65535,32329,-38.54106920500833,11139,33,4162,-12.933399368873049,11256,9598.0,4264
9603.0,65535,9457.0,12700,5634,8.0,2025.0,65535,65535,-38.85763387654309,11629,33,3740,-13.18661423646834,11675,9271.0,4285
9609.0,65535,9292.0,15256,7980,8.0,2025.0,65535,65535,-38.85844222430879,11559,33,3556,-13.180313430402393,12132,9215.0,4325
9445.0,65535,9296.0,12701,5316,8.0,2025.0,65535,65535,-38.94787901526778,11410,33,3361,-13.258077604466258,11611,9246.0,3807
9588.0,65535,9294.0,12251,4687,8.0,2025.0,65535,65535,-38.958639430995056,11217,33,3000,-13.301462487003253,11677,9214.0,3786
