savi_median_wet,avi_median_dry,savi_median,cvi_median_wet,ri_median_wet,classe,year,avi_median_wet,avi_median,Longitude,cvi_median_dry,class,ri_median_dry,Latitude,cvi_median,savi_median_dry,ri_median
,0,,38711,15733,0.0,2016.0,0,0,-43.62629875648376,25514,3,13704,-16.755937678753146,30527,,14680
,0,,37628,15654,0.0,2016.0,0,0,-43.593816804904684,27735,3,14096,-16.88050259051793,30440,,14812
,0,,39226,15796,0.0,2016.0,0,0,-43.47988163682476,30423,3,14080,-16.65888339564138,37105,,15401
,0,,34846,15651,0.0,2016.0,0,0,-43.48957237837103,32244,3,14841,-16.756899393343186,33395,,15406
,0,,31172,14490,1.0,2016.0,0,0,-43.45011145773664,31313,4,13451,-16.659557538769615,31398,,13987
,0,,33494,14398,1.0,2016.0,0,0,-43.71557813975033,31522,4,13680,-16.7183978402154,32986,,14104
,0,,32341,14443,1.0,2016.0,0,0,-43.66719552192755,29459,4,13745,-16.92995889627611,31715,,14213
,0,,32589,14213,1.0,2016.0,0,0,-43.4587600784185,30641,4,13914,-17.000609583331375,31836,,14134
,0,,36509,15015,1.0,2016.0,0,0,-43.441665095392416,27086,4,13432,-16.660041319295544,30345,,14204
,0,,31351,14554,1.0,2016.0,0,0,-43.50263308961414,27832,4,13708,-16.973974797318863,30454,,14331
,0,,38534,15682,1.0,2016.0,0,0,-43.603359323461284,26381,4,13695,-16.63054907539588,30239,,14629
,0,,33218,14371,1.0,2016.0,0,0,-43.79170537454696,32645,4,14138,-16.985422833475862,32361,,14318
,0,,33682,14719,1.0,2016.0,0,0,-43.72585582866657,28627,4,13733,-16.673875324091078,30575,,14274
,0,,40883,16140,1.0,2016.0,0,0,-43.57808516611792,28243,4,14025,-16.70540282676292,31522,,14834
,0,,39782,15670,1.0,2016.0,0,0,-43.52274795215191,30913,4,14230,-16.713475832684534,34840,,15131
,0,,33617,15124,1.0,2016.0,0,0,-43.46939730118609,30893,4,14247,-16.726433039425796,31940,,14787
,0,,41663,15877,1.0,2016.0,0,0,-43.75745455646287,27646,4,13844,-16.77190656591124,35484,,14995
,0,,33693,15077,1.0,2016.0,0,0,-43.782707272396195,29759,4,14343,-16.633286397763133,30707,,14734
,0,,39898,15561,1.0,2016.0,0,0,-43.714022954010865,33217,4,14505,-16.786043571351087,36663,,15106
,0,,38460,15142,1.0,2016.0,0,0,-43.730453706624495,33652,4,14256,-16.78034442476028,36602,,15032
,0,,34916,14895,1.0,2016.0,0,0,-43.45821100371299,34770,4,14339,-16.677405843075746,36021,,14714
,0,,35959,15315,1.0,2016.0,0,0,-43.690304718433794,30694,4,14103,-16.929665018531434,33370,,14798
,0,,41513,15561,1.0,2016.0,0,0,-43.637631965077134,27075,4,13537,-16.79540148237469,34058,,14948
,0,,39920,16044,1.0,2016.0,0,0,-43.63791566098223,28004,4,13978,-16.71331770348167,33312,,15092
,0,,31701,14125,1.0,2016.0,0,0,-43.7795921851936,28584,4,13551,-16.925116400498226,28526,,14059
,0,,35276,15215,1.0,2016.0,0,0,-43.77251659401104,33258,4,14390,-16.905922976705845,33893,,15046
,0,,39895,15284,1.0,2016.0,0,0,-43.489376895307984,32967,4,14019,-16.71336928166784,35997,,14670
,0,,36740,15498,1.0,2016.0,0,0,-43.52647332033536,32842,4,14812,-16.77405664186229,35087,,15278
,0,,35890,15486,1.0,2016.0,0,0,-43.83489006403743,26290,4,13723,-17.000609568106402,28712,,14512
,0,,34845,15109,1.0,2016.0,0,0,-43.95231861956828,36788,4,14422,-16.86675399078788,34481,,15070
,0,,28387,14379,1.0,2016.0,0,0,-43.88777322531876,30167,4,14257,-16.90871502481779,28018,,14338
,0,,37596,15204,0.0,2016.0,0,0,-44.043325518324004,27723,3,13237,-16.929958891247928,29108,,13970
,0,,35614,14434,1.0,2016.0,0,0,-43.954215157904265,29936,4,13506,-16.705402832743324,32003,,13949
,0,,33237,14415,0.0,2016.0,0,0,-43.82888666095159,29157,3,13397,-16.735528373671904,30538,,13964
,0,,35134,14808,1.0,2016.0,0,0,-43.83055654370275,35462,4,14028,-16.963591071924924,33963,,14403
,0,,35722,15634,1.0,2016.0,0,0,-44.009165424386254,29288,4,14533,-16.751807470452192,30702,,15047
,0,,38061,15463,0.0,2016.0,0,0,-43.826241442900596,25689,3,13533,-16.659557545663535,31343,,14570
,0,,38957,15399,0.0,2016.0,0,0,-43.85601162352908,25010,3,13485,-16.658883403082356,29199,,14334
,0,,33612,15281,1.0,2016.0,0,0,-43.89196558186315,29853,4,14486,-16.970452240320068,31273,,14945
,0,,36680,14785,1.0,2016.0,0,0,-43.98487000396049,31921,4,14086,-16.69207640610164,33132,,14414
,0,,38431,15768,1.0,2016.0,0,0,-44.1065837062981,30773,4,14622,-16.78034442950773,34181,,15301
,0,,29808,14328,1.0,2016.0,0,0,-43.80526199113349,27252,4,13362,-16.819633925339794,27632,,14034
,0,,32474,14585,1.0,2016.0,0,0,-44.15883727477673,31166,4,13998,-16.633286411961087,31251,,14438
,0,,35478,14997,1.0,2016.0,0,0,-44.13358455753746,30804,4,14146,-16.77190657194428,32870,,14663
,0,,35445,15140,1.0,2016.0,0,0,-43.813992984645154,32388,4,14555,-16.768203838522208,34635,,15000
,0,,40020,15943,0.0,2016.0,0,0,-43.979489316559636,27865,3,14404,-16.630549086724344,32100,,15223
,0,,32440,15156,1.0,2016.0,0,0,-44.04361344131785,29415,4,14394,-16.660761146654803,30659,,14875
,0,,39498,15385,1.0,2016.0,0,0,-43.81369904318968,34053,4,14532,-16.763688840230394,37657,,15105
,0,,34781,14796,1.0,2016.0,0,0,-43.81779508012037,30251,4,13763,-16.66004132598329,31521,,14434
,0,,35402,15485,1.0,2016.0,0,0,-44.07197696395579,30202,4,14572,-16.746308213972394,32977,,15142
,0,,40523,15853,0.0,2016.0,0,0,-44.152696481638614,30348,3,14186,-16.74148591937987,36359,,15234
,0,,34680,15120,1.0,2016.0,0,0,-43.96994679749775,32415,4,14412,-16.88050258578178,33126,,14909
,0,,32784,14938,1.0,2016.0,0,0,-43.94156156082064,30114,4,14630,-16.786825154266882,31463,,14794
,0,,38633,15709,0.0,2016.0,0,0,-44.011163163576235,26133,3,13608,-16.695051085533446,31085,,14598
,0,,33275,14802,1.0,2016.0,0,0,-44.02050790282894,31663,4,14237,-16.912127592429275,33061,,14782
,0,,32167,15141,1.0,2016.0,0,0,-44.01781167543094,31388,4,14786,-16.90412523445105,31861,,15072
,0,,35550,14490,1.0,2016.0,0,0,-43.87639341980413,34742,4,13974,-16.93113992627876,34902,,14355
,0,,40295,15108,1.0,2016.0,0,0,-44.052698408315315,37201,4,14561,-16.890738901575507,37433,,14751
,0,,40858,15523,0.0,2016.0,0,0,-43.94043763004719,32935,3,14483,-16.95025752557399,39672,,15252
,0,,30795,14015,1.0,2016.0,0,0,-43.88073604440662,29649,4,13726,-16.867279742622515,30085,,13947
,0,,34989,15111,1.0,2016.0,0,0,-44.01404565586259,32745,4,14507,-16.713317709928237,34031,,14900
,0,,33767,14477,1.0,2016.0,0,0,-43.84189708268637,31980,4,13958,-16.96052115549611,33162,,14388
,0,,30763,14103,1.0,2016.0,0,0,-44.08455459975946,28909,4,13589,-16.848824959268274,29561,,13922
,0,,35570,14967,0.0,2016.0,0,0,-44.42231839625778,27134,3,13293,-16.64779382696773,31100,,14305
,0,,36939,15471,0.0,2016.0,0,0,-44.24175011281261,27110,3,13792,-16.66260767346758,30684,,14617
,0,,37364,15152,1.0,2016.0,0,0,-44.381730498384954,35471,4,14357,-16.641145723810737,34912,,14728
,0,,32076,14534,1.0,2016.0,0,0,-44.40650271445937,28029,4,13585,-16.70540019258223,29570,,14131
,0,,36291,14953,1.0,2016.0,0,0,-44.25847314614561,34329,4,14277,-16.677434996516055,35199,,14684
,0,,36879,15042,1.0,2016.0,0,0,-44.500375564740544,36194,4,14606,-16.9119657856251,35274,,14900
,0,,35091,14760,1.0,2016.0,0,0,-44.22271109705153,34166,4,14364,-16.880456538406882,34398,,14547
,0,,32066,14656,1.0,2016.0,0,0,-44.47430899177221,32608,4,13989,-16.713289008917364,31063,,14509
,0,,39792,15226,1.0,2016.0,0,0,-44.50740857873697,33602,4,14289,-16.78254505865278,35296,,14720
,0,,33677,15041,1.0,2016.0,0,0,-44.49956656288993,31212,4,14121,-16.918254578426822,33150,,14904
,0,,34606,15304,1.0,2016.0,0,0,-44.47593469705725,33586,4,14709,-16.786798052772326,33742,,15176
,0,,38210,15322,1.0,2016.0,0,0,-44.311592813554235,33928,4,14694,-16.7355809888393,36305,,15201
,0,,38027,15677,1.0,2016.0,0,0,-44.54342755223646,30756,4,14123,-16.963568474335723,34492,,15146
,0,,32620,15196,1.0,2016.0,0,0,-44.42372736310537,27952,4,14062,-16.692067023820883,31316,,14837
,0,,33720,15017,1.0,2016.0,0,0,-44.49296959729132,31740,4,14138,-16.91675089686395,32820,,14793
,0,,34724,14882,1.0,2016.0,0,0,-44.45301933623636,29557,4,13849,-16.69503248768335,33283,,14709
,0,,35150,15180,1.0,2016.0,0,0,-44.2503607590689,35839,4,14878,-16.783032661997414,35439,,15068
,0,,38314,15642,1.0,2016.0,0,0,-44.53049852867263,32558,4,14257,-16.64944853288828,34223,,14932
,0,,32195,14716,1.0,2016.0,0,0,-44.32480739262089,31843,4,14261,-16.76375615352318,32829,,14606
,0,,35175,14975,1.0,2016.0,0,0,-44.40790075097967,33323,4,14363,-16.97038455989075,34158,,14797
,0,,30558,14736,1.0,2016.0,0,0,-44.18065260789941,28766,4,14188,-16.79532453368024,29993,,14583
,0,,34166,15269,1.0,2016.0,0,0,-44.42411149059044,30019,4,14322,-16.77406348089325,32034,,14900
,0,,37836,15478,1.0,2016.0,0,0,-44.45360795953583,32270,4,14476,-16.925166577092558,35522,,15123
,0,,35316,15391,1.0,2016.0,0,0,-44.37280397862653,33717,4,14671,-16.819711295016692,34582,,15211
,0,,39565,15537,1.0,2016.0,0,0,-44.23240113931548,34826,4,14644,-16.659578232498287,36992,,15247
,0,,30695,14928,1.0,2016.0,0,0,-44.19120609744691,27397,4,14296,-16.866686489637623,27988,,14647
,0,,31219,14646,1.0,2016.0,0,0,-44.29444566216964,27772,4,13925,-16.719089576965203,29394,,14413
,0,,38495,15578,1.0,2016.0,0,0,-44.33790023928445,31641,4,14241,-16.69398987988142,35042,,14996
,0,,36842,15745,1.0,2016.0,0,0,-44.26127442379673,31149,4,14848,-16.774869672368663,32632,,15314
,0,,39845,15559,1.0,2016.0,0,0,-44.180986817472856,34579,4,14593,-16.718346819322,36953,,15208
,0,,38569,15640,1.0,2016.0,0,0,-44.189379281984564,30718,4,14192,-16.746255050826093,34771,,14931
,0,,35727,15292,1.0,2016.0,0,0,-44.258322538367615,34113,4,14928,-16.780354607227988,35760,,15246
,0,,34761,15273,1.0,2016.0,0,0,-44.261471650211675,31655,4,14725,-16.65889947081186,33333,,15089
,0,,32432,15207,1.0,2016.0,0,0,-44.32965370015719,31344,4,14533,-16.76827170749629,32168,,15149
,0,,33356,14254,1.0,2016.0,0,0,-44.44905775868745,32628,4,14028,-16.791766939184267,32632,,14139
,0,,36603,15183,1.0,2016.0,0,0,-44.30536792902332,33064,4,14107,-16.848841444573853,34336,,14785
,0,,36336,14908,1.0,2016.0,0,0,-44.508224828342605,29633,4,13456,-16.751756874247004,32277,,14258
,0,,37382,15351,1.0,2016.0,0,0,-44.356375451848635,37384,4,14453,-16.6305490840633,38592,,14813
,0,,36229,14162,1.0,2016.0,0,0,-44.24763033533943,31294,4,13764,-16.786039097761517,32641,,14032
,0,,42084,15594,1.0,2016.0,0,0,-44.30770746539205,33685,4,14153,-16.870770555470358,37608,,15138
,0,,33726,14785,1.0,2016.0,0,0,-44.319053821851504,33857,4,14372,-16.726475488348463,33153,,14656
,0,,33239,15055,1.0,2016.0,0,0,-44.5056515546199,31037,4,14084,-16.75588821911592,33312,,14867
,0,,37673,15708,0.0,2016.0,0,0,-44.746433187386984,25556,3,13426,-16.641146519976182,29736,,14629
,0,,39387,15776,0.0,2016.0,0,0,-44.74268122972151,28050,3,13939,-16.985145046806103,31960,,14936
,0,,29454,14682,0.0,2016.0,0,0,-44.913030792306635,26546,3,13377,-16.963213125634315,27538,,13972
,0,,33034,15166,0.0,2016.0,0,0,-44.58660101475254,29415,3,14114,-16.677405814007923,31672,,14872
,0,,37736,16053,0.0,2016.0,0,0,-44.58715008948076,28514,3,14181,-17.000609590796657,31382,,15026
,0,,41608,15901,0.0,2016.0,0,0,-44.651137965466745,30292,3,14349,-16.713475809991227,35191,,15176
,0,,36651,15410,1.0,2016.0,0,0,-44.80921136667197,26337,4,13513,-16.90821261222951,28556,,14347
,0,,34485,15303,1.0,2016.0,0,0,-44.70647518138376,31185,4,14214,-16.705402804722315,32619,,14656
,0,,32178,14967,1.0,2016.0,0,0,-44.59778731262058,28609,4,14254,-16.72643301675921,29829,,14583
,0,,30926,15049,1.0,2016.0,0,0,-44.617766907446175,27266,4,13961,-16.71336925797807,29584,,14625
,0,,32287,15022,1.0,2016.0,0,0,-44.617962390517874,29680,4,14239,-16.756899375032123,30149,,14654
,0,,31415,14868,1.0,2016.0,0,0,-44.56625301043723,28868,4,14118,-16.768203820637183,30663,,14688
,0,,35614,15201,1.0,2016.0,0,0,-44.57180472979824,30521,4,14198,-16.691678042779596,33046,,14695
,0,,27057,14594,1.0,2016.0,0,0,-44.57850146848755,26706,4,13745,-16.659557507237157,27316,,14396
,0,,35728,15174,1.0,2016.0,0,0,-44.56203290187385,33106,4,14424,-16.88659893425401,33970,,14926
,0,,35188,15377,1.0,2016.0,0,0,-44.584804737272556,29102,4,14062,-16.662586090484652,32575,,14944
,0,,34933,15149,1.0,2016.0,0,0,-44.72956474061059,31724,4,14353,-16.782596347118826,33865,,15055
,0,,37815,15524,1.0,2016.0,0,0,-44.58281656922925,31408,4,14475,-16.963591091468928,34636,,15149
,0,,37287,15246,1.0,2016.0,0,0,-44.85314289712875,33500,4,14554,-16.739029714610233,36605,,15090
,0,,36405,15414,1.0,2016.0,0,0,-44.56595906898558,33539,4,14619,-16.763688821486994,34340,,15090
,0,,33124,14941,1.0,2016.0,0,0,-44.86732838967132,30784,4,14336,-16.77485283764073,32036,,14865
,0,,34597,15307,1.0,2016.0,0,0,-44.63102310222564,32815,4,14231,-16.973974801179043,33821,,15048
,0,,35085,15510,1.0,2016.0,0,0,-44.604521600637476,34877,4,15039,-16.8217470290369,36052,,15327
,0,,36419,14902,1.0,2016.0,0,0,-44.75838769769679,27699,4,13240,-16.949652251991843,30769,,13875
,0,,37975,15656,1.0,2016.0,0,0,-44.594157108029016,33991,4,14552,-16.96052117432806,36697,,15384
,0,,37285,15470,1.0,2016.0,0,0,-44.55752201706935,32852,4,14296,-16.819633917136066,34900,,15120
,0,,31074,14752,1.0,2016.0,0,0,-44.722206820736176,33559,4,14371,-16.880502585842653,33213,,14688
,0,,37666,15461,1.0,2016.0,0,0,-44.580616698291685,32276,4,14454,-16.719041342472806,35697,,15122
,0,,35649,15305,1.0,2016.0,0,0,-45.113260019571086,31363,4,14315,-16.692076389093724,33229,,14884
,0,,39052,15741,0.0,2016.0,0,0,-44.96273101080338,26630,3,13737,-16.67740582659099,31417,,14745
,0,,32167,14976,1.0,2016.0,0,0,-45.137555439045876,31080,4,14309,-16.751807455869923,31556,,14812
,0,,29641,14535,1.0,2016.0,0,0,-45.11714319036812,28743,4,13669,-16.99645678451515,29395,,14159
,0,,32914,14465,1.0,2016.0,0,0,-45.02441533781569,30883,4,14134,-16.93257969025818,32034,,14385
,0,,33828,15113,1.0,2016.0,0,0,-44.93816289848052,31605,4,14242,-16.886598912186887,32464,,14872
,0,,34777,14953,1.0,2016.0,0,0,-45.00715309725958,35854,4,14553,-16.973974772210415,35282,,14905
,0,,34863,15336,1.0,2016.0,0,0,-45.161694412233544,30148,4,14343,-16.8031332914172,31937,,14942
,0,,36778,15087,1.0,2016.0,0,0,-44.95582200796415,35238,4,14309,-16.916732886249008,35227,,14759
,0,,39143,15475,1.0,2016.0,0,0,-45.00478343966573,31369,4,14170,-16.93113991223978,33413,,14741
,0,,35332,14912,1.0,2016.0,0,0,-44.94793472618751,33408,4,14053,-16.69167805273079,34214,,14576
,0,,38679,15607,1.0,2016.0,0,0,-44.949390768405436,33634,4,14073,-16.888415505023662,34276,,14715
,0,,33102,14678,1.0,2016.0,0,0,-45.020355601111305,33847,4,14227,-16.970452228040337,33497,,14714
,0,,31514,14096,1.0,2016.0,0,0,-45.06882764739822,30618,4,13744,-16.95025751441999,30429,,13766
,0,,32027,14520,1.0,2016.0,0,0,-45.13955317815533,32596,4,14019,-16.695051069469667,33620,,14353
,0,,34479,15013,1.0,2016.0,0,0,-45.12824503271926,32894,4,14230,-16.918282914580733,33140,,14727
,0,,34398,14323,1.0,2016.0,0,0,-44.957276682671335,34060,4,13874,-16.73552835272843,33689,,14155
,0,,36470,15131,1.0,2016.0,0,0,-44.22838898436313,35827,4,14534,-16.075956706373017,36229,,14881
,0,,36484,15092,1.0,2016.0,0,0,-44.215792676133894,28314,4,13873,-16.16620636719722,29816,,14355
,0,,33304,14644,1.0,2016.0,0,0,-44.20668380189008,31264,4,14145,-16.21785605710128,31627,,14394
,0,,35926,14990,1.0,2016.0,0,0,-44.19712922848101,32843,4,14095,-16.14265180205622,34112,,14556
,0,,37894,15482,1.0,2016.0,0,0,-44.328441271568614,34846,4,14606,-16.120979436318187,35658,,15061
,0,,32108,14876,1.0,2016.0,0,0,-44.44726291608522,33100,4,14478,-16.233599962391246,31737,,14851
,0,,30827,14379,1.0,2016.0,0,0,-44.37598144445439,30270,4,13800,-16.17252815942116,30153,,14143
,0,,35534,15104,1.0,2016.0,0,0,-44.36488290724903,31457,4,13995,-16.25073215691987,33142,,14610
,0,,42046,15437,1.0,2016.0,0,0,-44.28581188924144,29476,4,13661,-16.04596878675002,32612,,14336
,0,,35026,15087,1.0,2016.0,0,0,-44.48271009882073,26202,4,13353,-16.03453786368696,27103,,13886
,0,,38538,15430,1.0,2016.0,0,0,-44.42882511755892,31790,4,14358,-16.144973930029444,33062,,14754
,0,,33103,14967,1.0,2016.0,0,0,-44.218023670877834,28012,4,13907,-16.214784633603234,30609,,14442
,0,,35499,15121,1.0,2016.0,0,0,-44.190122412019456,30327,4,14101,-16.022393974546393,33861,,14725
,0,,32546,15048,1.0,2016.0,0,0,-44.221656146206044,29558,4,14205,-15.980606121529615,31522,,14640
,0,,33300,14991,1.0,2016.0,0,0,-44.31656465081318,30995,4,14255,-16.20451526476877,31363,,14794
,0,,31936,14885,1.0,2016.0,0,0,-44.46783248466208,25929,4,13462,-15.972567068238492,27460,,14175
,0,,38339,15641,1.0,2016.0,0,0,-44.43371552730062,32296,4,14374,-16.146070116396842,34002,,14825
,0,,40968,15419,1.0,2016.0,0,0,-44.366550434621864,36363,4,14507,-16.2394160436758,38076,,15049
,0,,34023,14819,1.0,2016.0,0,0,-44.19392493110198,29706,4,14294,-15.91418961545728,31117,,14479
,0,,37407,15099,1.0,2016.0,0,0,-44.53496698134992,33123,4,14300,-15.887424618377123,35252,,14674
,0,,37828,15512,1.0,2016.0,0,0,-44.2418302360094,32479,4,14556,-16.011083723213876,34423,,15170
,0,,33870,15045,1.0,2016.0,0,0,-44.21101990747164,30458,4,14228,-16.254888706037015,31918,,14756
,0,,37366,15470,1.0,2016.0,0,0,-44.20237123564926,33763,4,14708,-15.913705382775742,35711,,15085
,0,,29497,14471,1.0,2016.0,0,0,-44.34552428185564,28560,4,14014,-16.092421278066112,29206,,14340
,0,,30886,14477,1.0,2016.0,0,0,-44.19567436734258,30770,4,14030,-15.945838512042457,30759,,14284
,0,,33675,14816,1.0,2016.0,0,0,-44.34607072230445,28439,4,13852,-16.134733252197332,29742,,14174
,0,,35876,15268,1.0,2016.0,0,0,-44.26389703201245,33321,4,14783,-16.1629574580949,34648,,15037
,0,,33688,15116,1.0,2016.0,0,0,-44.25251822545545,30953,4,14392,-16.185391237044676,32673,,14752
,0,,34522,14788,1.0,2016.0,0,0,-44.528825197706304,33183,4,14168,-15.995665649169275,33364,,14529
,0,,36602,15207,1.0,2016.0,0,0,-44.52477603673544,33503,4,14506,-16.160165985069,35149,,14787
,0,,32897,14894,1.0,2016.0,0,0,-44.25489101830017,31944,4,14212,-16.228242567700573,32199,,14566
,0,,31020,14625,1.0,2016.0,0,0,-44.23214121177869,29023,4,13923,-15.913030153574882,31335,,14394
,0,,32487,14962,1.0,2016.0,0,0,-44.4330786687299,28910,4,13778,-16.162454442214475,30170,,14520
,0,,33639,14943,1.0,2016.0,0,0,-44.20501584076311,31415,4,13996,-15.98970543572359,31551,,14472
,0,,36511,15266,1.0,2016.0,0,0,-44.24163548968612,33808,4,14411,-15.967536826900295,35857,,15002
,0,,35617,14519,1.0,2016.0,0,0,-44.20448599299937,34037,4,14275,-15.973212087803239,34743,,14478
,0,,35395,15140,1.0,2016.0,0,0,-44.51064008942001,31566,4,14213,-15.903607444889412,32751,,14595
,0,,38322,14550,1.0,2016.0,0,0,-44.3609971552378,35444,4,14022,-15.946234361376192,36662,,14401
,0,,33765,14611,1.0,2016.0,0,0,-44.27500586532718,29800,4,13663,-15.96764275870056,33446,,14370
,0,,32805,14525,1.0,2016.0,0,0,-44.27324205823397,33411,4,14178,-15.948132067367709,32926,,14278
,0,,36155,14926,1.0,2016.0,0,0,-44.28762471102534,32309,4,14050,-15.891469819088153,33002,,14420
,0,,32221,14474,1.0,2016.0,0,0,-44.52539795991645,25978,4,13359,-15.896304987526229,27458,,13958
,0,,37686,14746,1.0,2016.0,0,0,-44.38324872077793,32106,4,13851,-16.150499810075942,32605,,14122
,0,,38606,15528,1.0,2016.0,0,0,-44.203559849935395,30603,4,14010,-16.170979906329826,32859,,14584
,0,,34267,14909,1.0,2016.0,0,0,-44.1859020737949,33054,4,14230,-16.14083487561618,33569,,14561
,0,,34317,14507,1.0,2016.0,0,0,-44.38225551661678,33235,4,14197,-16.203909603947658,33082,,14219
,0,,37870,15030,1.0,2016.0,0,0,-44.5318518785386,34941,4,14410,-16.179367035766617,35649,,14526
,0,,38278,14510,1.0,2016.0,0,0,-44.54768821564452,35832,4,14128,-16.070406553675795,37381,,14383
,0,,34926,14591,1.0,2016.0,0,0,-44.208633463769566,32117,4,13719,-16.17249210795371,32520,,14044
,0,,34558,14783,1.0,2016.0,0,0,-44.91468235854457,32694,4,14001,-17.00610636970627,34475,,14512
,0,,32883,14974,1.0,2016.0,0,0,-44.732505443432444,29200,4,13829,-17.003374132570336,31735,,14791
,0,,34180,15112,1.0,2016.0,0,0,-44.63460145954056,31940,4,13910,-17.05025049652293,33199,,14962
,0,,37286,15569,0.0,2016.0,0,0,-44.82914856973627,26825,3,13470,-17.06784470453668,29337,,14529
,0,,37483,15324,0.0,2016.0,0,0,-44.914045406551544,27411,3,13212,-17.014974713334,30363,,14210
,0,,32088,14689,1.0,2016.0,0,0,-45.130821952627834,31808,4,13792,-17.128738522710776,32628,,14523
,0,,30118,14456,1.0,2016.0,0,0,-44.94793489755815,29172,4,13527,-17.064490007568022,29457,,14042
,0,,32056,14269,1.0,2016.0,0,0,-45.10569812196271,29193,4,13674,-17.155392077586487,31693,,14201
,0,,34598,14992,1.0,2016.0,0,0,-45.11243411896791,31545,4,14093,-17.1624060102406,34405,,14916
,0,,36678,15066,1.0,2016.0,0,0,-45.11326145758369,36639,4,14492,-17.06488956440518,37174,,14877
,0,,30715,14494,1.0,2016.0,0,0,-44.94208934096241,29870,4,13472,-17.136486808310668,30327,,13821
,0,,30263,14399,1.0,2016.0,0,0,-44.95727709721639,31259,4,13586,-17.108332002786767,29819,,13865
,0,,36742,15235,1.0,2016.0,0,0,-44.94238329671175,33543,4,14321,-17.141000941726606,34824,,14936
,0,,33012,14560,1.0,2016.0,0,0,-45.03988503316279,32033,4,14434,-17.01015591334841,32276,,14438
,0,,28506,14107,1.0,2016.0,0,0,-44.94618517926533,29378,4,13619,-17.032859324469964,29825,,13779
,0,,33101,14258,1.0,2016.0,0,0,-45.122563454178234,34516,4,13825,-17.013969525376876,32072,,14038
,0,,35474,14783,1.0,2016.0,0,0,-45.08260663541263,35575,4,14115,-17.07821337933667,35571,,14145
,0,,38247,15242,1.0,2016.0,0,0,-44.12652625509902,29882,4,14041,-16.306634750693345,31415,,14395
,0,,37644,15363,1.0,2016.0,0,0,-43.83434077199549,29054,4,13862,-16.304519005683407,31252,,14414
,0,,41375,15963,1.0,2016.0,0,0,-44.01116145120119,33622,4,14594,-16.32216660886084,36250,,15153
,0,,35723,15094,1.0,2016.0,0,0,-43.82624133677155,31924,4,14071,-16.286667378062376,32981,,14570
,0,,37410,15164,1.0,2016.0,0,0,-44.0719737803576,28621,4,14089,-16.37343396874706,30908,,14498
,0,,43497,15695,1.0,2016.0,0,0,-43.8971128335371,28265,4,14088,-16.32108828027922,32328,,14583
,0,,35894,14930,1.0,2016.0,0,0,-43.96311291279818,31978,4,14130,-16.623964385238114,33609,,14588
,0,,34500,14930,1.0,2016.0,0,0,-43.89196447124991,29123,4,13948,-16.597621277633486,30555,,14389
,0,,32890,14539,1.0,2016.0,0,0,-43.83254456958355,31329,4,13616,-16.289696451312036,31617,,13874
,0,,36943,15205,1.0,2016.0,0,0,-44.134510881769025,32303,4,14369,-16.276571541480692,32919,,14773
,0,,32671,14985,1.0,2016.0,0,0,-44.00612658694088,30110,4,14131,-16.576816888771265,31334,,14693
,0,,30196,14906,1.0,2016.0,0,0,-44.10990168515776,25771,4,14163,-16.626759529858795,28073,,14577
,0,,28992,14302,1.0,2016.0,0,0,-44.095914869218895,27122,4,13647,-16.410165698340773,27095,,14086
,0,,32350,15163,1.0,2016.0,0,0,-44.02050620480675,29266,4,14430,-16.53928503157153,31639,,15002
,0,,34783,15446,1.0,2016.0,0,0,-44.066433758351835,31246,4,14662,-16.55682609613339,33975,,15183
,0,,32806,15168,1.0,2016.0,0,0,-44.15572202168197,29789,4,13958,-16.55227768449444,30881,,14707
,0,,29782,15155,1.0,2016.0,0,0,-44.03330097219323,28012,4,14267,-16.430269767682244,28717,,14855
,0,,34562,15188,1.0,2016.0,0,0,-43.94155877845796,29404,4,14198,-16.41395843785758,31560,,14774
,0,,33292,14930,1.0,2016.0,0,0,-44.01375790368698,28723,4,13979,-16.422536382281233,29993,,14454
,0,,39704,15185,1.0,2016.0,0,0,-43.88073360563124,31644,4,14036,-16.494428975905663,34515,,14601
,0,,32929,15174,1.0,2016.0,0,0,-43.98403676220428,28068,4,14272,-16.416745377999767,30828,,14883
,0,,36381,15409,1.0,2016.0,0,0,-44.100880538037046,31907,4,14532,-16.366154371907516,34276,,15036
,0,,33836,14251,1.0,2016.0,0,0,-43.96994374874081,31819,4,14024,-16.50765387081115,33619,,14171
,0,,37598,15467,1.0,2016.0,0,0,-44.05269675188131,31474,4,14292,-16.517892375212693,35143,,14858
,0,,38868,15602,0.0,2016.0,0,0,-43.83250471196744,26186,3,13910,-16.545404328659963,33038,,15065
,0,,33490,15352,1.0,2016.0,0,0,-44.017809794823336,31736,4,14900,-16.531281120777457,32560,,15246
,0,,37725,15551,1.0,2016.0,0,0,-43.99985322117551,33341,4,14733,-16.545441500221482,35627,,15258
,0,,35374,15482,1.0,2016.0,0,0,-44.00712086952079,32509,4,15063,-16.523417382673106,33741,,15354
,0,,41266,15898,0.0,2016.0,0,0,-43.98486857075279,28246,3,13975,-16.319191319178852,30664,,14559
,0,,32441,14380,1.0,2016.0,0,0,-44.08455292574797,30804,4,14048,-16.475970603846143,31919,,14275
,0,,37960,15593,1.0,2016.0,0,0,-43.9523149338326,33669,4,14876,-16.493902662256918,35797,,15225
,0,,35025,14990,1.0,2016.0,0,0,-44.10658188984982,31217,4,14188,-16.407477098009004,32796,,14746
,0,,31612,14070,1.0,2016.0,0,0,-43.979489300718626,28916,4,13713,-16.257652126518405,30752,,14016
,0,,41903,15746,1.0,2016.0,0,0,-43.83488998305425,33470,4,14553,-16.627785083853418,36964,,15313
,0,,38163,15554,1.0,2016.0,0,0,-43.97730134037505,32437,4,14354,-16.409728744468413,35114,,15141
,0,,39621,15686,1.0,2016.0,0,0,-43.878762042455755,32932,4,14433,-16.601144626729493,35568,,15150
,0,,32455,14690,1.0,2016.0,0,0,-44.370302904677246,29260,4,13798,-16.26825165704697,30434,,14418
,0,,31826,14613,1.0,2016.0,0,0,-44.477010557194944,27678,4,13754,-16.36615434490801,29951,,14340
,0,,33625,15076,1.0,2016.0,0,0,-44.202371341451205,30358,4,14290,-16.286667424667844,31445,,14695
,0,,33373,15074,1.0,2016.0,0,0,-44.23214142045932,28180,4,14158,-16.285992735898702,30587,,14585
,0,,31440,14917,0.0,2016.0,0,0,-44.466280764261505,27868,3,14015,-16.413177135746288,28606,,14316
,0,,38922,15541,1.0,2016.0,0,0,-44.528825849540986,33212,4,14286,-16.36861169595925,35102,,14928
,0,,31997,14750,1.0,2016.0,0,0,-44.5476882503066,29457,4,14161,-16.44333787441584,30641,,14528
,0,,33806,15092,1.0,2016.0,0,0,-44.43308001299591,29184,4,13958,-16.535369461786768,31683,,14568
,0,,31458,15147,0.0,2016.0,0,0,-44.52403471900252,30465,3,14476,-16.26840110610164,30484,,14888
,0,,32368,14949,1.0,2016.0,0,0,-44.28762481500703,29290,4,14024,-16.2644370939018,30640,,14549
,0,,33543,15113,1.0,2016.0,0,0,-44.442563775705025,29912,4,14186,-16.556826062903166,30994,,14795
,0,,39962,15568,1.0,2016.0,0,0,-44.47204488811676,33377,4,14433,-16.41016566931134,35508,,14933
,0,,33954,14900,1.0,2016.0,0,0,-44.22165671870563,30139,4,14228,-16.35355553902577,31231,,14581
,0,,38966,15579,1.0,2016.0,0,0,-44.20867457459731,33767,4,14255,-16.289696496076775,35111,,14916
,0,,39018,15896,0.0,2016.0,0,0,-44.46068294404978,26164,3,13615,-16.475970572564176,29671,,14638
,0,,36709,15459,1.0,2016.0,0,0,-44.19712998837899,30561,4,14517,-16.515569618055192,33379,,15017
,0,,35786,14445,1.0,2016.0,0,0,-44.2525208219898,28481,4,13344,-16.558301531556314,31289,,13843
,0,,35832,15196,1.0,2016.0,0,0,-44.2283902808241,31979,4,14350,-16.448887825744986,34353,,15012
,0,,33977,15080,1.0,2016.0,0,0,-44.47811419831456,32930,4,14391,-16.300987386349693,33171,,14808
,0,,35247,15241,1.0,2016.0,0,0,-44.39393980961685,30129,4,14189,-16.531281098831684,32091,,14737
,0,,36443,15635,1.0,2016.0,0,0,-44.348551098667336,29676,4,14252,-16.59866532564195,33946,,15164
,0,,35291,15348,1.0,2016.0,0,0,-44.25067417085872,32237,4,14493,-16.46085297451669,33665,,14861
,0,,34763,15163,1.0,2016.0,0,0,-44.36655082674579,30622,4,14275,-16.612316483915844,32949,,14871
,0,,35379,15287,1.0,2016.0,0,0,-44.35343135303253,31040,4,14235,-16.409728740655144,33449,,14714
,0,,38735,15624,1.0,2016.0,0,0,-44.18590247614325,31790,4,14557,-16.51375285964093,34264,,15182
,0,,37357,15257,1.0,2016.0,0,0,-44.38325088375014,32753,4,14409,-16.523417363367862,34427,,14948
,0,,38855,15613,1.0,2016.0,0,0,-44.24163618835116,32549,4,14618,-16.340489011644454,34375,,14940
,0,,34185,15248,0.0,2016.0,0,0,-44.20863471697482,29064,3,14067,-16.545404344349958,33103,,14833
,0,,32937,15552,0.0,2016.0,0,0,-44.27215294296726,30501,3,14463,-16.559741398599506,32306,,15170
,0,,30048,14525,1.0,2016.0,0,0,-44.19567453761248,30136,4,14145,-16.318794253969003,29909,,14473
,0,,39508,15628,1.0,2016.0,0,0,-44.19012269987963,33767,4,14739,-16.39533486573954,35363,,15235
,0,,39265,15026,1.0,2016.0,0,0,-44.48603170479605,32869,4,14317,-16.626759483360164,33196,,14649
,0,,38732,15546,1.0,2016.0,0,0,-44.18832066406795,33733,4,14647,-16.62407201684841,36268,,15230
,0,,37755,15190,1.0,2016.0,0,0,-44.3872914656477,36847,4,14484,-16.322166606816918,37163,,14812
,0,,32881,14575,1.0,2016.0,0,0,-44.433717095756094,31743,4,14088,-16.518988288999306,31950,,14336
,0,,34685,15114,1.0,2016.0,0,0,-44.41974252152873,30030,4,14012,-16.287870182456853,32239,,14513
,0,,33575,14990,1.0,2016.0,0,0,-44.19392500760909,32700,4,14264,-16.28715143193211,32253,,14708
,0,,33811,14903,1.0,2016.0,0,0,-44.390173448896,31230,4,14140,-16.340436761822772,31807,,14462
,0,,35296,15016,1.0,2016.0,0,0,-44.39492686846146,30499,4,14210,-16.345017827520756,31598,,14604
,0,,34245,15192,1.0,2016.0,0,0,-44.3822566011209,32365,4,14325,-16.576816866011328,33660,,14840
,0,,37182,15457,1.0,2016.0,0,0,-44.52477632664934,25437,4,13493,-16.53308039786072,29349,,14360
,0,,33372,14964,1.0,2016.0,0,0,-44.419454374290574,29629,4,13945,-16.557119845434862,31538,,14670
,0,,36816,15177,1.0,2016.0,0,0,-44.31768878923234,34464,4,14718,-16.413958442191387,35770,,15085
,0,,33326,14858,1.0,2016.0,0,0,-44.491196764948306,31948,4,14293,-16.401984539677674,32708,,14650
,0,,34795,15159,1.0,2016.0,0,0,-44.2373852411933,31411,4,14080,-16.541474207682246,33061,,14628
,0,,37080,15381,1.0,2016.0,0,0,-44.25686361319015,32380,4,14585,-16.494428985767872,35328,,15090
,0,,40238,15606,1.0,2016.0,0,0,-44.375983235024115,28222,4,13790,-16.545441480838786,31580,,14558
,0,,36394,14989,1.0,2016.0,0,0,-44.40418769006801,34183,4,14340,-16.27490483810954,35678,,14823
,0,,36365,15270,1.0,2016.0,0,0,-44.36488304747497,31303,4,14298,-16.623630417084282,32904,,14891
,0,,37145,14525,1.0,2016.0,0,0,-44.20668517297704,29022,4,13419,-16.590759518020903,31974,,13949
,0,,35604,14579,1.0,2016.0,0,0,-44.44726320846292,29030,4,13633,-16.606501162069733,34823,,14422
,0,,37956,15141,1.0,2016.0,0,0,-44.20356091866708,35881,4,14793,-16.543892359120708,37393,,15010
,0,,33868,14863,1.0,2016.0,0,0,-44.21047077710223,32349,4,14321,-16.304519048339802,33469,,14611
,0,,36665,15076,1.0,2016.0,0,0,-44.39663621974268,35206,4,14470,-16.539285008551918,36048,,14988
,0,,36593,14870,1.0,2016.0,0,0,-44.35561931350584,28873,4,13787,-16.257652139277376,31128,,14188
,0,,35547,15009,1.0,2016.0,0,0,-44.18982877266567,29613,4,13890,-16.39081900161583,31090,,14233
,0,,34625,15197,1.0,2016.0,0,0,-44.784031687717594,25830,4,13385,-16.59755322580796,26640,,13897
,0,,34875,15155,1.0,2016.0,0,0,-44.67135461038366,31059,4,13947,-16.264439560670393,32266,,14521
,0,,29690,14542,1.0,2016.0,0,0,-44.73564439483886,33221,4,14138,-16.44342077888395,34251,,14559
,0,,33514,14769,1.0,2016.0,0,0,-44.74606131367555,32221,4,14191,-16.384060836087652,31781,,14379
,0,,36212,14898,1.0,2016.0,0,0,-44.859128548556626,31976,4,13982,-16.626761280325056,33579,,14432
,0,,38586,15398,1.0,2016.0,0,0,-44.62649286256119,28827,4,13837,-16.41016568556456,30821,,14469
,0,,34091,14794,1.0,2016.0,0,0,-44.617881368568376,32537,4,14218,-16.28971757501542,32733,,14633
,0,,30263,14587,1.0,2016.0,0,0,-44.70578743754896,31189,4,14196,-16.39540134168225,29804,,14328
,0,,32493,14710,1.0,2016.0,0,0,-44.70094108840929,32863,4,14201,-16.3908849328088,32375,,14391
,0,,34423,14946,1.0,2016.0,0,0,-44.914682367285344,30636,4,13960,-16.26038848078083,30404,,14251
,0,,42440,15357,1.0,2016.0,0,0,-44.65296512863697,29540,4,13979,-16.39907350349917,33397,,14616
,0,,37380,15540,1.0,2016.0,0,0,-44.63978378972414,27217,4,13587,-16.577404329109967,30152,,14523
,0,,30145,14526,1.0,2016.0,0,0,-44.584128583094305,28493,4,13674,-16.430219472421115,28942,,14189
,0,,40520,15690,1.0,2016.0,0,0,-44.6374069093205,27924,4,13678,-16.40200101131608,32086,,14606
,0,,36561,15168,1.0,2016.0,0,0,-44.85980988379268,29848,4,14097,-16.34498521095532,31559,,14497
,0,,32698,14901,1.0,2016.0,0,0,-44.637602694355685,28084,4,13692,-16.286008453778248,31573,,14553
,0,,35241,15141,1.0,2016.0,0,0,-44.64142069378798,29362,4,13923,-16.36865669189432,30738,,14488
,0,,36986,15246,1.0,2016.0,0,0,-44.85043975876298,27155,4,13816,-16.34040864766269,33263,,14726
,0,,34069,15234,1.0,2016.0,0,0,-44.714031912336,32230,4,14455,-16.321105184871502,33986,,15074
,0,,35856,15233,1.0,2016.0,0,0,-44.82518974927915,30989,4,14208,-16.418901444979003,32081,,14568
,0,,33959,15351,1.0,2016.0,0,0,-44.58517006277705,32589,4,14485,-16.627783607981613,33984,,14885
,0,,36467,15415,1.0,2016.0,0,0,-44.576703080216845,33630,4,14549,-16.61674274211207,34993,,15055
,0,,37329,15269,1.0,2016.0,0,0,-44.683839661878515,33574,4,14449,-16.497920045844136,34932,,14942
,0,,40137,15723,0.0,2016.0,0,0,-44.91404544023882,27765,3,13264,-16.269260221462318,31927,,14628
,0,,34728,15155,1.0,2016.0,0,0,-44.70198702052578,30372,4,14104,-16.340519646225008,31070,,14621
,0,,34289,15196,1.0,2016.0,0,0,-44.80327569759642,32628,4,14541,-16.533133922159458,33675,,15002
,0,,31672,15074,1.0,2016.0,0,0,-44.56733642245086,30165,4,14377,-16.49383644139103,31443,,14975
,0,,32014,15273,0.0,2016.0,0,0,-44.65193162703662,29007,3,14164,-16.5234010885837,30790,,14751
,0,,40995,15746,1.0,2016.0,0,0,-44.551657939828424,32496,4,14780,-16.587655540967546,35871,,15268
,0,,42443,15763,0.0,2016.0,0,0,-44.90279292118428,28930,3,13997,-16.612610330816064,35045,,15034
,0,,41565,15674,1.0,2016.0,0,0,-44.68150044403382,31660,4,14151,-16.47598671827706,36173,,15027
,0,,40423,15813,1.0,2016.0,0,0,-44.735448510139726,35971,4,14587,-16.34061268733096,36481,,15229
,0,,31483,14768,1.0,2016.0,0,0,-44.63460486111272,29203,4,13977,-16.304547578794992,29304,,14130
,0,,37950,14990,1.0,2016.0,0,0,-44.623762337850565,31805,4,14249,-16.413172730505245,34170,,14604
,0,,34906,14773,1.0,2016.0,0,0,-44.7138384427532,31314,4,14348,-16.535380457307664,33248,,14489
,0,,38013,15133,1.0,2016.0,0,0,-44.58709345451461,31952,4,14053,-16.36613262584043,32915,,14318
,0,,34531,14261,1.0,2016.0,0,0,-44.63445488413206,29646,4,13296,-16.407487032641395,32287,,13871
,0,,39681,14929,1.0,2016.0,0,0,-44.74893809330354,36523,4,14249,-16.446850804453742,37854,,14709
,0,,34523,14761,0.0,2016.0,0,0,-45.029095123185385,31361,3,13537,-16.39907352165318,31375,,14305
,0,,31495,15048,0.0,2016.0,0,0,-45.028061621610576,30040,3,14213,-16.523401108602414,31399,,14764
,0,,34382,14955,0.0,2016.0,0,0,-45.08098894142142,25101,3,13479,-16.57681540354617,27841,,14079
,0,,34156,14451,1.0,2016.0,0,0,-45.20319316774773,32195,4,13968,-16.28785931615878,33248,,14230
,0,,32699,14737,1.0,2016.0,0,0,-45.17457867246843,31446,4,14075,-16.274900396074123,31473,,14441
,0,,33439,15027,1.0,2016.0,0,0,-45.210211684534514,34118,4,14442,-16.51561099952101,35561,,14760
,0,,38373,15292,1.0,2016.0,0,0,-44.99401136392844,28758,4,13652,-16.289717586729203,31147,,14592
,0,,37456,15164,1.0,2016.0,0,0,-45.09016190552101,32058,4,14010,-16.321105191521948,35410,,14703
,0,,31804,15003,1.0,2016.0,0,0,-45.01353690422194,26789,4,13805,-16.402001029209,27139,,14108
,0,,33816,15219,1.0,2016.0,0,0,-45.111774387518096,26683,4,13662,-16.443420799345137,29357,,14376
,0,,29418,14603,1.0,2016.0,0,0,-45.11045109237086,28950,4,14073,-16.59294937794985,29768,,14467
,0,,33258,15074,1.0,2016.0,0,0,-44.94346641894133,25241,4,13289,-16.493836459296876,31285,,14878
,0,,33929,14995,1.0,2016.0,0,0,-45.08191743090771,27545,4,13727,-16.395401358865985,31010,,14513
,0,,31930,14874,1.0,2016.0,0,0,-45.17940568874535,31290,4,14211,-16.533133945317733,31960,,14653
,0,,34755,15406,1.0,2016.0,0,0,-45.20850419774128,30098,4,14309,-16.460860455328028,32498,,15006
,0,,35379,15192,1.0,2016.0,0,0,-45.125068085684056,31398,4,14187,-16.446850824276414,32777,,14609
,0,,30982,15010,1.0,2016.0,0,0,-44.98466231151212,31515,4,14226,-16.286687672561115,31885,,14664
,0,,33873,15000,1.0,2016.0,0,0,-45.110910089290364,29833,4,14265,-16.623630439169304,30881,,14686
,0,,32478,14748,1.0,2016.0,0,0,-45.10863547353818,30705,4,14099,-16.25765214340437,30852,,14532
,0,,34241,14873,1.0,2016.0,0,0,-45.17598831603119,30691,4,14086,-16.319182135512495,32607,,14407
,0,,32605,14713,1.0,2016.0,0,0,-45.27347990325885,31730,4,14123,-16.416684933315143,32365,,14494
,0,,32252,14476,1.0,2016.0,0,0,-45.176373697731336,30837,4,13999,-16.401194400017754,30582,,14315
,0,,32433,14452,1.0,2016.0,0,0,-45.22656974885829,30615,4,13820,-16.34040864384452,31594,,14233
,0,,32872,14666,1.0,2016.0,0,0,-45.17416286713613,31506,4,14021,-16.44892068738196,32364,,14415
,0,,32324,14624,1.0,2016.0,0,0,-45.19715938171801,31315,4,14109,-16.513808781284048,31651,,14485
,0,,36846,15446,1.0,2016.0,0,0,-45.010329159728066,27466,4,14031,-16.318833597514203,31573,,14710
,0,,32162,14774,1.0,2016.0,0,0,-45.122191306126766,32408,4,14540,-16.38406084794139,32734,,14751
,0,,31562,14493,1.0,2016.0,0,0,-45.205280097857774,29805,4,13834,-16.322148391564834,30336,,14104
,0,,34429,14638,1.0,2016.0,0,0,-45.077071081877754,28783,4,13419,-16.390884949861093,34655,,14460
,0,,32850,15035,1.0,2016.0,0,0,-45.11157850283796,32396,4,14213,-16.3406126944949,32264,,14721
,0,,33767,14501,1.0,2016.0,0,0,-45.29568777450267,30543,4,13771,-16.59073733472426,31274,,14320
,0,,30513,13926,4.0,2016.0,0,0,-43.68821842780209,27269,15,13123,-16.97037453782321,29145,,13628
,0,,34730,13664,4.0,2016.0,0,0,-43.7731390082448,33202,15,13057,-16.64216365584725,32750,,13122
,0,,29571,14028,4.0,2016.0,0,0,-43.642669253349936,27590,15,13174,-16.71789787215048,27599,,13398
,0,,30585,14578,4.0,2016.0,0,0,-43.633035429760945,27434,15,13151,-16.751807466661123,26794,,13495
,0,,35684,13788,4.0,2016.0,0,0,-43.65192818864854,32838,15,13197,-16.647798365786723,33764,,13590
,0,,33381,14317,4.0,2016.0,0,0,-43.57618862788864,27882,15,13079,-16.866753995360295,27904,,13568
,0,,32270,13500,4.0,2016.0,0,0,-43.75039810166311,32181,15,13268,-16.679521268221908,32373,,13342
,0,,34318,14253,4.0,2016.0,0,0,-43.784640769768366,31136,15,13137,-16.963213140616464,31011,,13634
,0,,38856,15075,4.0,2016.0,0,0,-43.62999768059265,36178,15,14346,-16.94965225717009,37598,,14676
,0,,35724,14666,4.0,2016.0,0,0,-43.69584696607795,30291,15,13721,-16.74630820853249,30545,,14094
,0,,34607,14599,4.0,2016.0,0,0,-43.71978695240031,29969,15,13530,-16.78303262636979,30943,,13892
,0,,36624,13464,4.0,2016.0,0,0,-43.72475287669036,32088,15,12978,-16.739029731748968,34998,,13250
,0,,35955,14148,4.0,2016.0,0,0,-43.61429121317013,33089,15,13443,-16.985145049987118,34256,,13700
,0,,31889,13982,4.0,2016.0,0,0,-43.77177519291011,31513,15,13357,-16.641294712511428,31986,,13516
,0,,39440,14267,4.0,2016.0,0,0,-43.73893836873583,37310,15,13769,-16.77485285474027,37675,,14061
,0,,38753,14498,4.0,2016.0,0,0,-43.641681680356164,35634,15,13599,-16.90412523892404,38306,,14316
,0,,38919,15314,4.0,2016.0,0,0,-43.623725023551486,31636,15,14159,-16.91828293033803,35617,,14916
,0,,36831,14918,4.0,2016.0,0,0,-43.68145865540325,28463,15,13767,-16.89183460238541,30781,,14244
,0,,39310,14806,4.0,2016.0,0,0,-43.66748344490117,29907,15,13376,-16.660761136202215,33999,,14079
,0,,35446,14700,4.0,2016.0,0,0,-43.56543156969393,31662,15,13829,-16.786825153941138,33097,,14213
,0,,34076,14272,4.0,2016.0,0,0,-43.75838169657004,31684,15,13649,-16.649463745965566,31907,,13953
,0,,35933,14049,4.0,2016.0,0,0,-43.73377171014424,35762,15,13581,-16.99958453534791,35731,,13945
,0,,39663,14800,4.0,2016.0,0,0,-43.61804317072179,37654,15,14085,-16.641146548784196,38837,,14433
,0,,37842,15505,4.0,2016.0,0,0,-43.6087400105878,30436,15,13697,-16.69207639872155,30603,,14428
,0,,40714,15091,4.0,2016.0,0,0,-43.56961817801705,32117,15,13468,-16.94897779961111,33436,,14217
,0,,41286,14541,4.0,2016.0,0,0,-43.795428259170855,35474,15,13438,-16.816197369273937,39873,,14273
,0,,42264,14659,4.0,2016.0,0,0,-43.60117472452348,36531,15,13732,-16.78259635893257,39659,,14211
,0,,43033,15793,4.0,2016.0,0,0,-43.77656647957216,30495,15,13931,-16.741485911169406,34568,,14780
,0,,40550,15468,6.0,2016.0,0,0,-43.52098363096144,30177,21,13690,-16.69397263425004,33592,,14517
,0,,41871,15441,6.0,2016.0,0,0,-43.61262318133805,33664,21,14322,-16.99645680272331,36969,,14774
,0,,38152,15307,4.0,2016.0,0,0,-43.98404042655547,28378,15,14174,-16.789611641713588,30504,,14405
,0,,40466,15354,4.0,2016.0,0,0,-44.01376195993732,31547,15,13955,-16.79540148344117,33709,,14588
,0,,36515,14442,4.0,2016.0,0,0,-44.115068368849414,29047,15,13053,-16.774852860038788,30633,,13747
,0,,35947,13820,4.0,2016.0,0,0,-44.05758865253793,33594,15,12759,-16.891834599797754,33020,,13275
,0,,36423,14562,4.0,2016.0,0,0,-44.10198582810402,28474,15,13403,-16.67387533463351,29206,,13740
,0,,32949,14251,4.0,2016.0,0,0,-43.99985501769603,31386,15,13177,-16.918282924565855,31762,,13776
,0,,31972,14611,4.0,2016.0,0,0,-44.00712303966921,29006,15,14142,-16.89626304191885,30770,,14510
,0,,42013,14830,4.0,2016.0,0,0,-43.82100074637654,36603,15,14029,-16.88841552206357,39374,,14578
,0,,38404,15004,4.0,2016.0,0,0,-44.13451169769361,34364,15,14252,-16.649463758679083,35973,,14676
,0,,32027,13994,4.0,2016.0,0,0,-44.056951344883316,32006,15,13513,-16.908212618412158,31342,,13871
,0,,36573,14962,4.0,2016.0,0,0,-43.909686347102685,30660,15,14059,-16.79177182875675,31071,,14353
,0,,38511,14221,4.0,2016.0,0,0,-43.81219091073582,36282,15,13715,-16.996896856568178,36449,,14056
,0,,36529,14849,4.0,2016.0,0,0,-44.095916951520486,33418,15,13864,-16.78303263064467,35194,,14461
,0,,37521,14433,4.0,2016.0,0,0,-43.874546102451674,32995,15,13519,-16.833710140934254,35201,,13856
,0,,40011,14659,4.0,2016.0,0,0,-44.146963187903864,35778,15,13744,-16.66553405890674,36890,,14220
,0,,41269,14427,4.0,2016.0,0,0,-44.14790519472688,36169,15,13580,-16.641294725993323,36922,,13911
,0,,34082,13467,4.0,2016.0,0,0,-44.01879924847746,32549,15,13112,-16.717897878369207,33861,,13144
,0,,39032,14429,4.0,2016.0,0,0,-44.06643471603065,32173,15,13141,-16.929665014245895,35690,,13900
,0,,33121,13912,4.0,2016.0,0,0,-44.126528102369754,28030,15,13045,-16.679521278845286,29772,,13495
,0,,38804,15370,6.0,2016.0,0,0,-44.522539635876065,28921,21,13818,-16.673845626327402,31215,,14461
,0,,33571,13291,4.0,2016.0,0,0,-44.45093280171344,32409,15,12975,-16.660750038823167,32836,,13115
,0,,31757,13387,4.0,2016.0,0,0,-44.496308077687125,29940,15,12955,-16.867261967188554,30766,,13192
,0,,32367,14110,4.0,2016.0,0,0,-44.53791542574833,29951,15,13549,-16.642153384543786,30822,,13883
,0,,35303,14000,4.0,2016.0,0,0,-44.54517618989379,32627,15,13387,-16.908656146814845,32817,,13709
,0,,34900,14382,4.0,2016.0,0,0,-44.32585472059653,33568,15,13620,-16.713400570433272,33084,,13713
,0,,34355,13842,4.0,2016.0,0,0,-44.18301516308504,34288,15,13338,-16.66552074576824,33054,,13431
,0,,37257,14211,4.0,2016.0,0,0,-44.22444868647643,33286,15,13342,-16.660063553054545,34146,,13761
,0,,40906,15443,4.0,2016.0,0,0,-44.52666217867415,30271,15,13763,-16.98543756163201,32726,,14396
,0,,40843,14841,4.0,2016.0,0,0,-44.42189987548463,31364,15,13219,-16.821780584157725,33852,,14056
,0,,41866,14900,4.0,2016.0,0,0,-44.45794879758395,32059,15,13728,-16.888457768533616,33389,,14264
,0,,41125,14871,4.0,2016.0,0,0,-44.427142674351366,37131,15,14150,-16.905977575013196,38703,,14535
,0,,39588,14397,4.0,2016.0,0,0,-44.25806693804328,29226,15,13485,-16.691718245815892,32549,,13823
,0,,38433,15226,6.0,2016.0,0,0,-44.52433071255459,29943,21,13967,-16.914288418985596,31913,,14513
,0,,38684,14886,4.0,2016.0,0,0,-44.72468187790561,32465,15,14139,-16.971496512794715,34723,,14481
,0,,30607,14074,4.0,2016.0,0,0,-44.61351750279618,27859,15,13289,-16.91431568847012,27807,,13605
,0,,37424,14503,4.0,2016.0,0,0,-44.648285343178856,34227,15,13585,-16.93257971491067,34722,,13986
,0,,36607,15029,4.0,2016.0,0,0,-44.76342318611312,31468,15,13755,-16.69505105628923,34086,,14439
,0,,34132,13869,4.0,2016.0,0,0,-44.901529030375734,32646,15,13227,-16.64216363180438,32663,,13411
,0,,35469,14739,4.0,2016.0,0,0,-44.7216625087896,31008,15,13601,-16.838206918631826,32122,,14069
,0,,32906,14694,4.0,2016.0,0,0,-44.63299606910966,29006,15,13509,-16.867279744474306,30094,,14237
,0,,30856,14183,4.0,2016.0,0,0,-44.80984867431714,30841,15,13435,-16.89183459225553,29048,,13862
,0,,34572,14482,4.0,2016.0,0,0,-44.69269765376615,28450,15,13037,-16.95025753402826,30549,,13685
,0,,31541,14488,4.0,2016.0,0,0,-44.7715544089262,27365,15,13293,-16.96577883469573,29837,,14086
,0,,31363,14660,4.0,2016.0,0,0,-44.86216173089743,27996,15,13409,-16.9995845247876,29483,,14012
,0,,36433,15041,4.0,2016.0,0,0,-44.823393505788204,30214,15,13876,-16.979330496677044,32372,,14449
,0,,46247,15409,4.0,2016.0,0,0,-44.56445093655349,32157,15,13674,-16.99689688116804,35080,,14333
,0,,31989,14433,4.0,2016.0,0,0,-44.66194637132578,31883,15,13626,-16.791771816603774,31652,,14055
,0,,33700,14772,4.0,2016.0,0,0,-44.81660844695334,30287,15,13492,-16.97037452938087,30274,,13836
,0,,32687,14609,4.0,2016.0,0,0,-44.80495843017712,32760,15,14156,-16.890738894422178,33757,,14643
,0,,37450,15000,4.0,2016.0,0,0,-44.79587346331208,33973,15,13796,-16.660761111308076,34184,,14305
,0,,35291,15030,6.0,2016.0,0,0,-44.6637549342644,29904,21,13768,-16.637332423936417,31586,,14240
,0,,35098,14766,6.0,2016.0,0,0,-44.84241297407217,27006,21,12918,-16.786043556196958,29339,,13987
,0,,40225,15493,6.0,2016.0,0,0,-44.75938306228888,28802,21,13897,-16.896263039620134,31613,,14565
,0,,42522,15680,6.0,2016.0,0,0,-44.57005510584913,29348,21,14012,-16.66004128758649,32282,,14795
,0,,39287,15463,6.0,2016.0,0,0,-44.89922320819137,28563,21,13676,-16.665534024738797,31738,,14616
,0,,39816,15440,6.0,2016.0,0,0,-44.77105927089635,27981,21,13646,-16.717897853574037,31136,,14391
,0,,34051,14699,6.0,2016.0,0,0,-44.85424584914138,28439,21,13494,-16.67387530255466,29920,,13931
,0,,31795,14500,6.0,2016.0,0,0,-44.64937364421271,32335,21,13871,-16.693972609097248,30448,,13886
,0,,35507,15033,4.0,2016.0,0,0,-44.57326077205627,34649,15,14232,-16.888415527165588,34955,,14687
,0,,29788,13938,4.0,2016.0,0,0,-44.818694737660074,30303,15,13439,-16.92966500884081,30291,,13633
,0,,32160,14526,4.0,2016.0,0,0,-44.90016521499625,27229,15,13496,-16.641294688318368,28938,,14008
,0,,34159,14265,4.0,2016.0,0,0,-44.59192564638652,34631,15,13876,-16.911961569985078,32579,,13971
,0,,35504,14628,4.0,2016.0,0,0,-44.579692011760976,32087,15,13619,-16.91673291288134,32383,,14025
,0,,38134,15050,4.0,2016.0,0,0,-44.65486333378426,34891,15,14112,-16.774056626771543,37210,,14543
,0,,36640,14608,4.0,2016.0,0,0,-44.772767925225445,31619,15,13733,-16.9121275900877,32522,,14173
,0,,32958,14214,4.0,2016.0,0,0,-44.83681462108914,34104,15,13941,-16.848824945696368,33281,,13939
,0,,34194,14369,4.0,2016.0,0,0,-44.91109729487247,30537,15,13811,-16.633286372904692,31991,,14102
,0,,35993,14979,4.0,2016.0,0,0,-44.74101319782783,35090,15,14225,-16.99645679996228,36094,,14623
,0,,34238,14666,4.0,2016.0,0,0,-44.73713002693257,30443,15,13786,-16.692076375945764,30839,,14024
,0,,32412,14478,4.0,2016.0,0,0,-44.77007169787101,30464,15,13354,-16.904125231743045,31634,,14041
,0,,38927,14935,4.0,2016.0,0,0,-44.76630567835799,35057,15,14025,-16.713317684200124,36394,,14496
,0,,31746,14121,4.0,2016.0,0,0,-44.90090661612479,31428,15,13422,-16.905922960962716,33390,,13945
,0,,27492,13755,4.0,2016.0,0,0,-44.90495650182912,30352,15,13381,-16.741485890681037,28445,,13593
,0,,35024,14348,4.0,2016.0,0,0,-44.608271648626115,31822,15,13810,-16.658883364929462,32131,,13973
,0,,33180,14264,4.0,2016.0,0,0,-44.752115040435605,33466,15,13878,-16.918282924718454,32653,,13993
,0,,36381,13661,4.0,2016.0,0,0,-44.87878812300229,32695,15,13428,-16.679521247772936,32725,,13606
,0,,31771,14199,4.0,2016.0,0,0,-44.58983429476297,31728,15,13866,-16.98957913032981,30465,,13820
,0,,39933,14472,4.0,2016.0,0,0,-44.78556442070698,30830,15,13317,-16.80313329147995,31837,,13951
,0,,35644,14021,4.0,2016.0,0,0,-44.62865344458216,31981,15,13473,-16.931139939436115,35741,,13990
,0,,32688,13856,4.0,2016.0,0,0,-44.886771718187056,29076,15,13040,-16.649463722381956,29216,,13413
,0,,35738,14194,4.0,2016.0,0,0,-44.76142544696971,28496,15,12914,-16.751807451990505,29075,,13480
,0,,33213,13842,4.0,2016.0,0,0,-44.754688773454454,31356,15,13158,-16.75593766439409,31927,,13485
,0,,31919,13863,4.0,2016.0,0,0,-44.73630044955955,28053,15,13199,-16.78961163012283,28148,,13378
,0,,33877,14984,6.0,2016.0,0,0,-45.0699515781269,26180,21,13546,-16.786825138413665,29185,,14420
,0,,38574,15250,6.0,2016.0,0,0,-44.9609347333641,31254,21,13989,-16.662586105439974,34701,,14830
,0,,29662,14087,4.0,2016.0,0,0,-45.030993328280445,29628,15,13809,-16.77405662491904,30171,,14077
,0,,38820,14528,4.0,2016.0,0,0,-44.95463146472489,31984,15,13411,-16.65955752256183,34832,,14210
,0,,41451,14997,4.0,2016.0,0,0,-44.99409238585407,33328,15,13603,-16.756899375248334,36176,,14172
,0,,37838,15368,4.0,2016.0,0,0,-44.94238300695181,32792,15,14133,-16.768203817982695,33461,,14615
,0,,34083,14546,4.0,2016.0,0,0,-45.016163244733136,33545,15,14081,-16.908715010521828,32988,,14467
,0,,39778,14949,4.0,2016.0,0,0,-44.98065159627486,33141,15,13996,-16.82174701840165,34978,,14316
,0,,29854,14284,4.0,2016.0,0,0,-45.00293612238259,28057,15,13193,-16.833710124158685,27378,,13700
,0,,32414,14578,4.0,2016.0,0,0,-44.95674669447803,31172,15,13902,-16.719041348129046,30969,,14267
,0,,31054,14182,4.0,2016.0,0,0,-44.958946565358,30835,15,13447,-16.963591057247314,29686,,13694
,0,,33647,14846,4.0,2016.0,0,0,-45.08070863645422,36503,15,13994,-16.86675397752283,36421,,14426
,0,,34103,14218,4.0,2016.0,0,0,-45.07413818650162,33839,15,13995,-16.948977779550358,33469,,14028
,0,,36025,14792,4.0,2016.0,0,0,-45.10081187081159,34824,15,14017,-16.971496496406225,36540,,14355
,0,,35024,14416,4.0,2016.0,0,0,-45.09833681369259,35587,15,14192,-16.88050257356882,35526,,14272
,0,,34967,14565,4.0,2016.0,0,0,-45.091503080370906,33977,15,13936,-16.99679064390145,34365,,14163
,0,,29482,13666,4.0,2016.0,0,0,-45.11881122222027,28772,15,13135,-16.985145032153582,28736,,13308
,0,,34771,14549,4.0,2016.0,0,0,-45.15644819817507,32013,15,13431,-16.647798360053212,32880,,14112
,0,,37550,14472,4.0,2016.0,0,0,-44.946185102277425,31565,15,13664,-16.66004130263052,32838,,14064
,0,,31022,14563,4.0,2016.0,0,0,-45.107879332376584,33064,15,13802,-16.63054906797438,30347,,14374
,0,,35843,14649,4.0,2016.0,0,0,-44.94208906550504,32743,15,13736,-16.763688819560137,32983,,13839
,0,,30704,13769,4.0,2016.0,0,0,-45.03988492857036,29373,15,12887,-16.637332444568052,28908,,13315
,0,,35208,13166,4.0,2016.0,0,0,-44.44088761142852,32511,15,13139,-16.12498956642881,33028,,13165
,0,,35189,14173,4.0,2016.0,0,0,-44.409427572717924,31816,15,13531,-16.05733433253188,32909,,13792
,0,,37731,14973,4.0,2016.0,0,0,-44.46068127556658,34871,15,14218,-16.10304433421609,36490,,14731
,0,,33403,13794,4.0,2016.0,0,0,-44.47204281265078,31565,15,13143,-16.037226863592487,33222,,13546
,0,,40957,14899,4.0,2016.0,0,0,-44.44256282121752,34659,15,13955,-16.183915249961736,38173,,14410
,0,,31305,13818,4.0,2016.0,0,0,-44.4041871821667,29674,15,13612,-15.901939431609252,30106,,13818
,0,,36404,14803,6.0,2016.0,0,0,-44.54396537766548,32349,21,14259,-16.239697130376786,34503,,14560
,0,,36596,14459,4.0,2016.0,0,0,-44.35561929768958,31732,15,13573,-15.88468330771679,32823,,13787
,0,,39379,14466,4.0,2016.0,0,0,-44.41945321797621,36393,15,13798,-16.184208931773153,36768,,14187
,0,,34751,14538,4.0,2016.0,0,0,-44.478112554662815,33589,15,13917,-15.928027599308269,33211,,14176
,0,,35996,14452,4.0,2016.0,0,0,-44.50971234240927,32936,15,13621,-16.026097452102462,34066,,14025
,0,,34742,13979,4.0,2016.0,0,0,-44.39492448137939,32261,15,13275,-15.972065908655049,31927,,13672
,0,,34565,14008,4.0,2016.0,0,0,-44.33034226241785,33787,15,13302,-15.959566018603418,33140,,13617
,0,,34846,14780,4.0,2016.0,0,0,-44.48603168006375,30072,15,13629,-16.25386258486161,30685,,14027
,0,,32798,14212,4.0,2016.0,0,0,-44.39663452734816,33258,15,13874,-16.166370552159524,32912,,14102
,0,,36942,14120,4.0,2016.0,0,0,-44.4481006248058,35350,15,13581,-16.000487830630764,35381,,13736
,0,,37539,13949,4.0,2016.0,0,0,-44.3703026320757,32650,15,12942,-15.89528487502236,34420,,13275
,0,,39358,14280,4.0,2016.0,0,0,-44.38988387530563,36594,15,13396,-16.049599386424276,36093,,13657
,0,,38279,14288,4.0,2016.0,0,0,-44.44047757900493,33676,15,13323,-16.224640434169025,36131,,13795
,0,,29470,13801,4.0,2016.0,0,0,-44.89866949089416,30899,15,13276,-17.04666109178409,29404,,13591
,0,,37417,14714,4.0,2016.0,0,0,-44.67135413731932,35292,15,14208,-17.0101585249899,36426,,14477
,0,,34423,15112,4.0,2016.0,0,0,-44.617878889270415,31867,15,13546,-17.03542585471403,33067,,14409
,0,,29500,13538,4.0,2016.0,0,0,-44.79844812172799,31671,15,12945,-17.02061537555516,31025,,13569
,0,,36075,14854,4.0,2016.0,0,0,-44.85043822638354,33412,15,13912,-17.086097498346277,33374,,14648
,0,,34514,14506,4.0,2016.0,0,0,-45.00293806777955,32371,15,13895,-17.206495437031943,34327,,14433
,0,,31596,13539,4.0,2016.0,0,0,-43.911494805809376,31065,15,13357,-16.26443706537452,30964,,13326
,0,,33601,13550,4.0,2016.0,0,0,-43.887770119588794,32828,15,13081,-16.53587218670078,31919,,13241
,0,,40605,15192,4.0,2016.0,0,0,-43.83055516807335,35087,15,14324,-16.590759507016816,38960,,14723
,0,,40964,15560,4.0,2016.0,0,0,-43.80977247233985,30632,15,14048,-16.513752834869663,33279,,14546
,0,,41194,15450,4.0,2016.0,0,0,-43.81399269585138,32862,15,14140,-16.395334828515544,35903,,14680
,0,,40369,14913,4.0,2016.0,0,0,-44.091705297684356,26801,15,13557,-16.34551840270541,28975,,13707
,0,,42736,15454,4.0,2016.0,0,0,-44.01404343429821,35500,15,14134,-16.34043676663656,37800,,14778
,0,,43263,15255,4.0,2016.0,0,0,-44.14790469736367,31135,15,13712,-16.268401135084215,35700,,14442
,0,,40312,15122,4.0,2016.0,0,0,-44.00916225140581,32033,15,14067,-16.378933942304624,35179,,14719
,0,,37641,14831,4.0,2016.0,0,0,-43.96939837081802,30267,15,13738,-16.46535004759585,33340,,14152
,0,,33595,14541,4.0,2016.0,0,0,-44.064759344685676,29514,15,13623,-16.49791177722735,31348,,13967
,0,,36977,14802,4.0,2016.0,0,0,-43.89602293460111,33133,15,13959,-16.559741398576705,33507,,14282
,0,,35366,14208,4.0,2016.0,0,0,-43.81779500337865,29693,15,13235,-16.28715138333366,32338,,13759
,0,,34886,14522,4.0,2016.0,0,0,-43.81954453328885,33195,15,13703,-16.318794209379774,34531,,14179
,0,,32016,13516,4.0,2016.0,0,0,-44.01879685361435,32024,15,13405,-16.345017833999712,31823,,13515
,0,,42495,15018,4.0,2016.0,0,0,-43.82835632992426,34001,15,13983,-16.34616264830259,35667,,14466
,0,,36139,13751,4.0,2016.0,0,0,-44.167835366176014,35686,15,13465,-16.612595952954102,35519,,13694
,0,,37168,14420,4.0,2016.0,0,0,-43.95421370208638,33753,15,13630,-16.332520359542297,35497,,14104
,0,,38287,14054,4.0,2016.0,0,0,-44.17155822743804,34153,15,13387,-16.44333792057387,35899,,13701
,0,,38526,15017,4.0,2016.0,0,0,-43.89887689725786,32501,15,13907,-16.340595226535342,33010,,14331
,0,,32648,13583,4.0,2016.0,0,0,-43.87454416362557,28933,15,12841,-16.460852959345104,30288,,13144
,0,,37668,13831,4.0,2016.0,0,0,-43.861255234665606,31598,15,12833,-16.54147419847249,33079,,13249
,0,,35371,14164,4.0,2016.0,0,0,-44.13358343769704,30903,15,13434,-16.399037963549546,32470,,13740
,0,,35989,14785,4.0,2016.0,0,0,-44.14926847330017,30286,15,13668,-16.26927026774443,31082,,14100
,0,,43541,14640,4.0,2016.0,0,0,-43.82099998398044,35538,15,13618,-16.51556959619703,38566,,13912
,0,,35152,14605,4.0,2016.0,0,0,-43.94574667022637,28304,15,13237,-16.576142347918168,29323,,13614
,0,,34303,13374,4.0,2016.0,0,0,-43.86570129567802,32993,15,13167,-16.384027487193414,33218,,13298
,0,,36670,15034,6.0,2016.0,0,0,-44.26809447940678,34822,21,14307,-16.597621275859886,35796,,14666
,0,,31260,14592,4.0,2016.0,0,0,-44.48271190930743,29694,15,13980,-16.40747706706757,31059,,14446
,0,,36813,14745,4.0,2016.0,0,0,-44.3165661433087,30412,15,13542,-16.577422340886557,31682,,14079
,0,,40325,14578,4.0,2016.0,0,0,-44.36099858381691,33386,15,13247,-16.31919132382259,33416,,13794
,0,,30735,14194,4.0,2016.0,0,0,-44.51064090269891,29148,15,13338,-16.27657151481172,29139,,13603
,0,,39272,15203,4.0,2016.0,0,0,-44.54396538885018,28064,15,13436,-16.612595895986576,31305,,14339
,0,,42469,15042,4.0,2016.0,0,0,-44.502656275603584,35115,15,13807,-16.30663472270662,36934,,14453
,0,,33543,14186,4.0,2016.0,0,0,-44.21802537670603,31242,15,13819,-16.587688847169797,33692,,14036
,0,,38841,15238,4.0,2016.0,0,0,-44.44088936194679,33079,15,14498,-16.497911748339742,34210,,14800
,0,,37764,15366,4.0,2016.0,0,0,-44.428826768510085,35084,15,14223,-16.517892347332992,37425,,14966
,0,,33846,14557,4.0,2016.0,0,0,-44.27500690578386,32188,15,13831,-16.34059524951015,31848,,14092
,0,,33259,14168,4.0,2016.0,0,0,-44.21370373929511,30397,15,13461,-16.616752465761365,32164,,13905
,0,,43316,15213,4.0,2016.0,0,0,-44.20448633471514,36252,15,14107,-16.34616268764504,35930,,14558
,0,,41719,15164,4.0,2016.0,0,0,-44.39542370362326,33428,15,14032,-16.592946591870625,35700,,14530
,0,,32824,14441,4.0,2016.0,0,0,-44.53496713890353,29894,15,13857,-16.260391423122027,29985,,14096
,0,,35429,13968,4.0,2016.0,0,0,-44.24183130244774,32744,15,13344,-16.38402751323175,33625,,13700
,0,,36462,14881,4.0,2016.0,0,0,-44.18139180134454,36796,15,14097,-16.446775018972044,35483,,14587
,0,,33583,14986,4.0,2016.0,0,0,-44.3218766812237,27889,15,13610,-16.5761423370583,28549,,14329
,0,,36692,14945,4.0,2016.0,0,0,-44.330343713534404,32845,15,13504,-16.332520370071254,33393,,14059
,0,,40044,14330,4.0,2016.0,0,0,-44.21101998819255,35522,15,13555,-16.62778509121088,35469,,13862
,0,,35090,14557,4.0,2016.0,0,0,-44.38529226574169,31882,15,13924,-16.378933934303145,31988,,14029
,0,,31178,14035,4.0,2016.0,0,0,-44.44810379799595,33212,15,13617,-16.373433946935506,30801,,13832
,0,,40794,15040,4.0,2016.0,0,0,-44.34552838305571,29542,15,13339,-16.465350039662,29883,,13654
,0,,37136,14024,4.0,2016.0,0,0,-44.278731451273465,35863,15,13365,-16.40118770786231,36459,,13662
,0,,33925,14113,4.0,2016.0,0,0,-44.32844494517042,30993,15,13351,-16.493902655728537,31529,,13526
,0,,38463,15175,4.0,2016.0,0,0,-44.73478009655945,32626,15,14060,-16.623630415963447,33085,,14501
,0,,38990,15280,4.0,2016.0,0,0,-44.829150107277826,32426,15,14047,-16.32214839575583,32660,,14660
,0,,36667,14949,6.0,2016.0,0,0,-44.7250153567174,26859,21,13256,-16.61231617172543,28999,,14183
,0,,36038,14946,6.0,2016.0,0,0,-44.875698318473496,28177,21,13653,-16.54541400549935,30226,,14391
,0,,33758,14729,6.0,2016.0,0,0,-44.70485894804684,27220,21,13655,-16.576815381671953,28797,,14063
,0,,42108,15579,6.0,2016.0,0,0,-44.91955778597616,28069,21,13711,-16.590737312255875,33352,,14536
,0,,41734,15375,4.0,2016.0,0,0,-44.598841862790536,31148,15,13906,-16.507608679568797,35399,,14651
,0,,33914,14125,4.0,2016.0,0,0,-44.557117116228106,27051,15,13015,-16.345468338650843,31533,,13938
,0,,33268,14289,4.0,2016.0,0,0,-44.79986978878752,30399,15,13613,-16.606509522729613,29634,,13913
,0,,32440,14160,6.0,2016.0,0,0,-44.79985832478613,30190,21,13709,-16.319182137299844,30880,,14110
,0,,37500,15264,4.0,2016.0,0,0,-44.60057991209064,32582,15,14238,-16.287173174504893,36173,,14750
,0,,38372,15173,4.0,2016.0,0,0,-44.61173256829782,32842,15,14116,-16.597604249404434,34649,,14659
,0,,37758,14565,4.0,2016.0,0,0,-44.56550981749829,31715,15,13901,-16.37338180985406,34443,,14221
,0,,42417,15023,6.0,2016.0,0,0,-44.911805510557386,30623,21,13364,-16.26839189290691,31969,,13921
,0,,34636,14534,4.0,2016.0,0,0,-44.782634041916175,32303,15,13767,-16.332517781596938,31846,,14216
,0,,40765,14902,4.0,2016.0,0,0,-44.69194001151676,35175,15,14206,-16.51789831741954,36500,,14617
,0,,36422,14542,4.0,2016.0,0,0,-44.6085323159435,36024,15,14295,-16.28668766035479,35435,,14453
,0,,34048,14558,4.0,2016.0,0,0,-44.732505480772105,28453,15,13263,-16.257652146851104,28642,,13742
,0,,35414,14696,4.0,2016.0,0,0,-44.829740633278846,30367,15,13526,-16.55232682440541,32904,,14201
,0,,38046,15068,4.0,2016.0,0,0,-44.69793828760288,27990,15,13413,-16.518997110107914,32355,,14235
,0,,35107,14503,4.0,2016.0,0,0,-44.66689923514627,30522,15,13758,-16.54543012468243,32112,,14130
,0,,43693,15453,4.0,2016.0,0,0,-44.89734991422854,28152,15,13477,-16.41668493159015,32533,,14399
,0,,32970,14719,4.0,2016.0,0,0,-44.552785085261576,27286,15,13390,-16.306601476196867,27685,,14060
,0,,41038,15327,4.0,2016.0,0,0,-44.85206610770918,32129,15,13908,-16.413931868433455,33255,,14308
,0,,41897,15619,4.0,2016.0,0,0,-44.82706317712208,29275,15,13475,-16.28785932465265,33343,,14633
,0,,35930,14745,4.0,2016.0,0,0,-44.873278852086386,31073,15,13226,-16.590411444475812,31186,,13720
,0,,42644,15031,4.0,2016.0,0,0,-44.82102939096897,33187,15,13602,-16.513808759543224,35474,,13981
,0,,35039,13936,4.0,2016.0,0,0,-44.734321099658615,28828,15,12840,-16.59294935524574,30037,,13110
,0,,38085,14410,4.0,2016.0,0,0,-44.60209610760543,33393,15,13405,-16.60112788392886,34297,,13821
,0,,34937,13702,4.0,2016.0,0,0,-44.69322343217778,29870,15,12756,-16.598661031468403,31185,,13320
,0,,37813,14580,4.0,2016.0,0,0,-44.7980328758653,32167,15,13236,-16.44892067196781,33133,,13860
,0,,42355,15154,4.0,2016.0,0,0,-44.90662857145951,32002,15,13534,-16.276556649916177,34354,,14142
,0,,34748,14496,4.0,2016.0,0,0,-45.010734856093855,30492,15,13536,-16.30454759085636,32757,,14254
,0,,36404,15488,4.0,2016.0,0,0,-44.96025857920391,29867,15,14146,-16.43021948969219,30896,,14693
,0,,43307,14836,4.0,2016.0,0,0,-45.046708458246165,36072,15,13599,-16.346209911034972,36864,,14146
,0,,29827,13975,4.0,2016.0,0,0,-45.04302922938226,30142,15,13813,-16.545430145335768,30567,,14052
,0,,37977,14579,4.0,2016.0,0,0,-44.97822610330868,28958,15,13403,-16.601127904148353,29110,,13450
,0,,30877,14081,4.0,2016.0,0,0,-44.93258069132878,26564,15,12970,-16.55825175450705,28109,,13695
,0,,44957,15266,4.0,2016.0,0,0,-44.92778793667367,29217,15,13662,-16.58765555998664,32389,,13955
,0,,35593,14002,4.0,2016.0,0,0,-44.9613000588602,31491,15,13008,-16.62778362827039,32352,,13397
,0,,33822,14514,4.0,2016.0,0,0,-44.92891508208146,27246,15,13320,-16.306601490970504,30531,,14091
,0,,39750,14465,4.0,2016.0,0,0,-44.95283307649049,32639,15,13418,-16.616742762070743,35726,,13982
,0,,32100,14406,4.0,2016.0,0,0,-45.05746853519217,28560,15,13336,-16.539280511079298,29135,,13901
,0,,33217,14133,4.0,2016.0,0,0,-45.0781170139781,32180,15,13466,-16.34051965657128,30865,,13765
,0,,41497,15366,4.0,2016.0,0,0,-45.01373268927693,30989,15,13702,-16.286008463125448,31946,,14060
,0,,31660,13898,4.0,2016.0,0,0,-45.16016167931074,29509,15,13344,-16.597553249569014,30190,,13737
,0,,30559,13963,4.0,2016.0,0,0,-45.01591378457207,31123,15,13387,-16.577404349712882,29314,,13711
,0,,31462,14363,4.0,2016.0,0,0,-44.976709907825466,28646,15,13652,-16.28717318752113,30518,,14086
,0,,34614,14947,4.0,2016.0,0,0,-44.974971858566136,31825,15,13979,-16.507608698304406,31394,,14469
,0,,40656,15682,6.0,2016.0,0,0,-44.93324711295045,29123,21,13530,-16.345468354101868,32794,,14631
,0,,39338,14920,6.0,2016.0,0,0,-44.95365758460582,30738,21,13626,-16.559699400806185,32955,,14287
,0,,26704,13929,9.0,2016.0,0,0,-43.45442655831656,23896,29,13112,-16.963591085271855,24816,,13398
,0,,22407,13344,9.0,2016.0,0,0,-43.51164323697714,22629,29,13052,-16.9087150335426,22613,,13262
,65535,,14577,6182,8.0,2016.0,65535,65535,-45.02550363884022,15195,33,5878,-16.693972620196917,13973,,5264
,65535,,14067,5429,8.0,2016.0,65535,65535,-45.06385590042356,13719,33,4828,-16.36270440749606,13464,,4762
,0,,33183,14389,1.0,2017.0,0,0,-43.441665095392416,29213,4,13553,-16.660041319295544,29321,,13936
,0,,30880,14678,1.0,2017.0,0,0,-43.46939730118609,29849,4,13970,-16.726433039425796,29947,,14169
,0,,32273,14600,1.0,2017.0,0,0,-43.77251659401104,28026,4,13824,-16.905922976705845,29805,,14238
,0,,35598,15280,1.0,2017.0,0,0,-43.52274795215191,28391,4,13793,-16.713475832684534,30932,,14497
,0,,34954,15035,1.0,2017.0,0,0,-43.782707272396195,30883,4,14209,-16.633286397763133,31583,,14523
,0,,35908,14915,1.0,2017.0,0,0,-43.714022954010865,27435,4,13344,-16.786043571351087,30504,,14089
,0,,30946,14106,1.0,2017.0,0,0,-43.7795921851936,24675,4,12778,-16.925116400498226,28749,,13635
,0,,30324,14473,1.0,2017.0,0,0,-43.51989532995726,27944,4,14007,-16.93257971330773,27957,,14298
,0,,32676,14949,1.0,2017.0,0,0,-43.52647332033536,29034,4,14184,-16.77405664186229,29587,,14427
,0,,35968,14978,1.0,2017.0,0,0,-43.637631965077134,25136,4,13387,-16.79540148237469,27136,,13831
,0,,28768,14026,1.0,2017.0,0,0,-43.50263308961414,24144,4,13039,-16.973974797318863,27505,,13668
,0,,40071,15544,1.0,2017.0,0,0,-43.690304718433794,29468,4,14056,-16.929665018531434,32570,,14513
,0,,35824,15035,1.0,2017.0,0,0,-43.45821100371299,35104,4,14103,-16.677405843075746,34320,,14503
,0,,29101,15057,0.0,2017.0,0,0,-43.48957237837103,27610,3,13900,-16.756899393343186,29926,,14783
,0,,30486,14513,1.0,2017.0,0,0,-43.66719552192755,27356,4,13371,-16.92995889627611,29060,,13801
,0,,31583,14110,1.0,2017.0,0,0,-43.4587600784185,29874,4,13796,-17.000609583331375,30201,,13899
,0,,35518,14425,1.0,2017.0,0,0,-43.71557813975033,33715,4,13693,-16.7183978402154,32616,,13880
,0,,33708,14561,1.0,2017.0,0,0,-43.79170537454696,32518,4,14178,-16.985422833475862,30637,,14190
,0,,33600,15093,0.0,2017.0,0,0,-43.62629875648376,24721,3,13307,-16.755937678753146,27841,,14171
,0,,33261,14505,1.0,2017.0,0,0,-43.730453706624495,31506,4,13810,-16.78034442476028,31621,,14108
,0,,33871,15392,1.0,2017.0,0,0,-43.63791566098223,25202,4,13292,-16.71331770348167,27691,,14202
,0,,31497,14068,1.0,2017.0,0,0,-43.43606092630396,27787,4,13074,-16.996896872306507,27497,,13770
,0,,40068,15494,1.0,2017.0,0,0,-43.75745455646287,25984,4,13469,-16.77190656591124,30495,,14293
,0,,30519,13695,1.0,2017.0,0,0,-43.45011145773664,27828,4,13035,-16.659557538769615,28000,,13300
,0,,33144,14943,1.0,2017.0,0,0,-43.57808516611792,24831,4,13137,-16.70540282676292,25548,,13725
,0,,32458,15026,0.0,2017.0,0,0,-43.593816804904684,24304,3,13302,-16.88050259051793,26455,,13769
,0,,36848,15015,1.0,2017.0,0,0,-43.489376895307984,31989,4,13828,-16.71336928166784,32705,,14304
,0,,35736,15522,0.0,2017.0,0,0,-43.979489316559636,24976,3,13910,-16.630549086724344,27831,,14526
,0,,39233,15648,0.0,2017.0,0,0,-44.0280581842605,28217,3,13981,-16.647798376841383,29879,,14631
,0,,37064,15024,0.0,2017.0,0,0,-43.94043763004719,29676,3,13963,-16.95025752557399,31510,,14384
,0,,40783,15854,0.0,2017.0,0,0,-44.152696481638614,29981,3,14035,-16.74148591937987,32823,,14739
,0,,36682,15213,0.0,2017.0,0,0,-43.809772876010484,24250,3,13496,-16.88659892964236,28025,,14020
,0,,32201,14861,0.0,2017.0,0,0,-43.91149491008823,24651,3,12941,-16.637332465470973,25562,,13906
,0,,30546,14580,1.0,2017.0,0,0,-43.94156156082064,29536,4,14062,-16.786825154266882,29538,,14387
,0,,32186,14968,1.0,2017.0,0,0,-44.04361344131785,26216,4,13820,-16.660761146654803,29058,,14513
,0,,35836,15370,1.0,2017.0,0,0,-44.1065837062981,29570,4,14328,-16.78034442950773,31047,,14730
,0,,31996,14912,1.0,2017.0,0,0,-43.89196558186315,25821,4,13774,-16.970452240320068,29667,,14521
,0,,33289,14968,1.0,2017.0,0,0,-44.07197696395579,29047,4,14197,-16.746308213972394,31328,,14721
,0,,34612,14697,1.0,2017.0,0,0,-44.13358455753746,30582,4,14229,-16.77190657194428,30300,,14315
,0,,39426,15265,1.0,2017.0,0,0,-43.81369904318968,32310,4,14242,-16.763688840230394,36520,,14737
,0,,31693,14843,1.0,2017.0,0,0,-44.01781167543094,29529,4,13449,-16.90412523445105,31223,,14722
,0,,32118,14578,1.0,2017.0,0,0,-44.02050790282894,30204,4,14039,-16.912127592429275,30686,,14265
,0,,32021,14817,1.0,2017.0,0,0,-43.96994679749775,30167,4,14056,-16.88050258578178,31326,,14525
,0,,29144,14411,1.0,2017.0,0,0,-43.88777322531876,27841,4,13869,-16.90871502481779,27855,,13912
,0,,37138,14913,1.0,2017.0,0,0,-44.052698408315315,30668,4,14066,-16.890738901575507,34102,,14542
,0,,35960,15179,1.0,2017.0,0,0,-43.813992984645154,33175,4,14547,-16.768203838522208,32537,,14586
,0,,33817,14982,1.0,2017.0,0,0,-43.95231861956828,31891,4,14352,-16.86675399078788,32741,,14734
,0,,32194,14345,1.0,2017.0,0,0,-43.98487000396049,27024,4,13221,-16.69207640610164,29200,,13875
,0,,31137,14454,1.0,2017.0,0,0,-44.15883727477673,29945,4,13742,-16.633286411961087,29400,,13991
,0,,29115,13939,1.0,2017.0,0,0,-43.80526199113349,26595,4,13289,-16.819633925339794,28046,,13667
,0,,34768,15500,1.0,2017.0,0,0,-43.83489006403743,29342,4,13920,-17.000609568106402,28947,,14081
,0,,35715,14556,1.0,2017.0,0,0,-43.87639341980413,32412,4,13929,-16.93113992627876,35291,,14493
,0,,28845,14034,1.0,2017.0,0,0,-43.88073604440662,28135,4,13556,-16.867279742622515,29987,,13923
,0,,36125,15019,1.0,2017.0,0,0,-44.01404565586259,31149,4,13769,-16.713317709928237,30022,,14278
,0,,35208,14791,1.0,2017.0,0,0,-43.81779508012037,30417,4,13523,-16.66004132598329,30583,,13960
,0,,31910,13971,1.0,2017.0,0,0,-43.954215157904265,29760,4,13406,-16.705402832743324,29942,,13644
,0,,37876,14894,1.0,2017.0,0,0,-43.84189708268637,30553,4,13950,-16.96052115549611,34065,,14516
,0,,32069,14380,1.0,2017.0,0,0,-44.08455459975946,27789,4,13698,-16.848824959268274,31264,,14041
,0,,32895,14936,1.0,2017.0,0,0,-44.009165424386254,27203,4,13560,-16.751807470452192,26104,,13850
,0,,31745,14195,1.0,2017.0,0,0,-43.83055654370275,34715,4,13733,-16.963591071924924,33425,,14033
,0,,30914,15249,1.0,2017.0,0,0,-44.19120609744691,27256,4,14174,-16.866686489637623,28822,,14804
,0,,31617,14798,1.0,2017.0,0,0,-44.258322538367615,25698,4,13779,-16.780354607227988,31182,,14744
,0,,33212,14965,0.0,2017.0,0,0,-44.24175011281261,24436,3,13304,-16.66260767346758,27011,,14089
,0,,31394,14773,1.0,2017.0,0,0,-44.18065260789941,29614,4,14207,-16.79532453368024,30184,,14445
,0,,33036,15118,1.0,2017.0,0,0,-44.42372736310537,25645,4,13646,-16.692067023820883,29279,,14688
,0,,30772,14391,1.0,2017.0,0,0,-44.29444566216964,26380,4,13592,-16.719089576965203,27067,,13907
,0,,38900,15454,1.0,2017.0,0,0,-44.189379281984564,31167,4,14216,-16.746255050826093,32449,,14684
,0,,40705,15394,1.0,2017.0,0,0,-44.180986817472856,33640,4,14495,-16.718346819322,35898,,14847
,0,,37024,15664,0.0,2017.0,0,0,-44.26127442379673,32856,3,14328,-16.774869672368663,32792,,15096
,0,,32567,14978,1.0,2017.0,0,0,-44.261471650211675,32089,4,14339,-16.65889947081186,31584,,14538
,0,,34900,14878,1.0,2017.0,0,0,-44.23240113931548,31077,4,14168,-16.659578232498287,32707,,14432
,0,,35753,14994,1.0,2017.0,0,0,-44.45301933623636,32677,4,14270,-16.69503248768335,33663,,14651
,0,,32684,14903,1.0,2017.0,0,0,-44.32480739262089,32988,4,14416,-16.76375615352318,33954,,14784
,0,,35656,15064,1.0,2017.0,0,0,-44.33790023928445,31787,4,14218,-16.69398987988142,31488,,14469
,0,,33795,14816,1.0,2017.0,0,0,-44.47430899177221,30166,4,13956,-16.713289008917364,30503,,14529
,0,,32059,14504,1.0,2017.0,0,0,-44.40790075097967,31686,4,14066,-16.97038455989075,31509,,14306
,0,,33777,15066,1.0,2017.0,0,0,-44.42411149059044,30109,4,14023,-16.77406348089325,31461,,14600
,0,,32722,14617,1.0,2017.0,0,0,-44.49296959729132,30148,4,13861,-16.91675089686395,31831,,14402
,0,,35260,15174,1.0,2017.0,0,0,-44.47593469705725,29673,4,14222,-16.786798052772326,31986,,14675
,0,,32243,15111,0.0,2017.0,0,0,-44.368859476707335,26951,3,13770,-16.929681008656328,27253,,14056
,0,,37272,15472,1.0,2017.0,0,0,-44.37280397862653,33892,4,14557,-16.819711295016692,34927,,15051
,0,,34692,15002,1.0,2017.0,0,0,-44.5056515546199,31281,4,14345,-16.75588821911592,32024,,14699
,0,,34125,14860,1.0,2017.0,0,0,-44.2503607590689,34285,4,14533,-16.783032661997414,32890,,14686
,0,,35751,15276,0.0,2017.0,0,0,-44.42231839625778,28555,3,13622,-16.64779382696773,30625,,14202
,0,,39719,15407,1.0,2017.0,0,0,-44.30770746539205,33776,4,14552,-16.870770555470358,33104,,15027
,0,,37381,15286,1.0,2017.0,0,0,-44.54342755223646,28699,4,13722,-16.963568474335723,31422,,14537
,0,,34970,15051,1.0,2017.0,0,0,-44.49956656288993,27997,4,13711,-16.918254578426822,32040,,14494
,0,,36953,15036,1.0,2017.0,0,0,-44.500375564740544,32490,4,14208,-16.9119657856251,33649,,14612
,0,,34980,15194,1.0,2017.0,0,0,-44.45360795953583,32366,4,14092,-16.925166577092558,34029,,14825
,0,,36646,15233,1.0,2017.0,0,0,-44.53049852867263,32454,4,14137,-16.64944853288828,32664,,14514
,0,,40238,15315,1.0,2017.0,0,0,-44.50740857873697,32690,4,14005,-16.78254505865278,34674,,14529
,0,,34721,14573,1.0,2017.0,0,0,-44.25847314614561,31937,4,13845,-16.677434996516055,33258,,14227
,0,,35108,14592,1.0,2017.0,0,0,-44.40650271445937,32152,4,14074,-16.70540019258223,33350,,14331
,0,,39161,15123,1.0,2017.0,0,0,-44.319053821851504,35321,4,14416,-16.726475488348463,36126,,14809
,0,,39557,15202,1.0,2017.0,0,0,-44.30536792902332,29518,4,13493,-16.848841444573853,31940,,14432
,0,,35603,14788,1.0,2017.0,0,0,-44.381730498384954,32794,4,14070,-16.641145723810737,33500,,14465
,0,,33449,14545,1.0,2017.0,0,0,-44.22271109705153,34287,4,13813,-16.880456538406882,33718,,14413
,0,,33948,14283,1.0,2017.0,0,0,-44.24763033533943,33512,4,13816,-16.786039097761517,32808,,13894
,0,,29978,13878,1.0,2017.0,0,0,-44.44905775868745,31346,4,13788,-16.791766939184267,31570,,13976
,0,,33832,15182,0.0,2017.0,0,0,-44.746433187386984,24357,3,12963,-16.641146519976182,25162,,13787
,0,,33859,15168,0.0,2017.0,0,0,-44.913030792306635,23917,3,13107,-16.963213125634315,26771,,13909
,0,,37138,15533,0.0,2017.0,0,0,-44.58660101475254,28107,3,14063,-16.677405814007923,29917,,14692
,0,,27382,14562,0.0,2017.0,0,0,-44.58715008948076,28098,3,13569,-17.000609590796657,26881,,13608
,0,,36261,15179,1.0,2017.0,0,0,-44.604521600637476,34574,4,14468,-16.8217470290369,33525,,14757
,0,,33037,14214,1.0,2017.0,0,0,-44.704578643099296,33032,4,13953,-16.866753991473264,31738,,14001
,0,,35237,15071,1.0,2017.0,0,0,-44.722206820736176,31932,4,13981,-16.880502585842653,33436,,14678
,0,,32418,14120,1.0,2017.0,0,0,-44.58476599480039,29697,4,13308,-16.91824468307743,31317,,13833
,0,,30322,14220,1.0,2017.0,0,0,-44.594157108029016,28834,4,13806,-16.96052117432806,30189,,13980
,0,,36271,14335,1.0,2017.0,0,0,-44.92381828208752,30886,4,13521,-16.81619734957841,31920,,13845
,0,,37722,15062,1.0,2017.0,0,0,-44.55752201706935,33199,4,14159,-16.819633917136066,34818,,14674
,0,,33374,14641,1.0,2017.0,0,0,-44.580616698291685,33291,4,14013,-16.719041342472806,32179,,14192
,0,,34102,14797,1.0,2017.0,0,0,-44.70647518138376,29390,4,13899,-16.705402804722315,28782,,14023
,0,,30775,14593,1.0,2017.0,0,0,-44.59778731262058,28373,4,13943,-16.72643301675921,27032,,14111
,0,,30248,14633,1.0,2017.0,0,0,-44.617766907446175,26302,4,13454,-16.71336925797807,26344,,13876
,0,,34041,14844,1.0,2017.0,0,0,-44.86732838967132,28966,4,13545,-16.77485283764073,28549,,13875
,0,,28545,14380,1.0,2017.0,0,0,-44.57850146848755,26054,4,13230,-16.659557507237157,25403,,13787
,0,,34015,14961,1.0,2017.0,0,0,-44.584804737272556,26595,4,13534,-16.662586090484652,27545,,14160
,0,,30706,14609,1.0,2017.0,0,0,-44.617962390517874,28049,4,13833,-16.756899375032123,27936,,14119
,0,,34629,14962,1.0,2017.0,0,0,-44.56625301043723,28697,4,14069,-16.768203820637183,29540,,14486
,0,,35480,15208,1.0,2017.0,0,0,-44.92009539733449,30789,4,14032,-16.985422818648043,30662,,14337
,0,,36814,15208,1.0,2017.0,0,0,-44.56203290187385,31669,4,14029,-16.88659893425401,32043,,14558
,0,,34323,14880,1.0,2017.0,0,0,-44.72956474061059,30711,4,14165,-16.782596347118826,31490,,14588
,0,,33690,14918,1.0,2017.0,0,0,-44.58281656922925,27734,4,13716,-16.963591091468928,30001,,14322
,0,,35712,14861,1.0,2017.0,0,0,-44.79558554033893,25585,4,13288,-16.92995888811317,29719,,14189
,0,,35747,15210,1.0,2017.0,0,0,-44.57180472979824,29701,4,13694,-16.691678042779596,31341,,14352
,0,,35500,14831,1.0,2017.0,0,0,-44.85314289712875,32645,4,13869,-16.739029714610233,32449,,14307
,0,,37448,15113,1.0,2017.0,0,0,-44.63102310222564,33082,4,14132,-16.973974801179043,35543,,14689
,0,,38180,15465,1.0,2017.0,0,0,-45.113260019571086,32269,4,14306,-16.692076389093724,34077,,15011
,0,,36710,15241,0.0,2017.0,0,0,-44.96273101080338,24847,3,13239,-16.67740582659099,26326,,13884
,0,,35688,15187,1.0,2017.0,0,0,-45.137555439045876,31305,4,14136,-16.751807455869923,33013,,14644
,0,,35854,15105,1.0,2017.0,0,0,-44.93816289848052,32503,4,14081,-16.886598912186887,33061,,14684
,0,,39491,15488,1.0,2017.0,0,0,-44.933652013779216,29321,4,14044,-16.819633905912024,32734,,14729
,0,,35344,14848,1.0,2017.0,0,0,-45.00715309725958,31093,4,14124,-16.973974772210415,32190,,14533
,0,,32688,14629,1.0,2017.0,0,0,-45.11714319036812,31841,4,14196,-16.99645678451515,31345,,14429
,0,,38223,15097,1.0,2017.0,0,0,-44.993896902788606,27763,4,13480,-16.71336926528992,28741,,13895
,0,,38348,15505,1.0,2017.0,0,0,-45.161694412233544,28147,4,13625,-16.8031332914172,30386,,14365
,0,,32419,14261,1.0,2017.0,0,0,-45.02441533781569,28902,4,13671,-16.93257969025818,28751,,13947
,0,,33119,14903,1.0,2017.0,0,0,-44.95582200796415,31641,4,14070,-16.916732886249008,31585,,14580
,0,,33259,14527,1.0,2017.0,0,0,-45.020355601111305,31088,4,14102,-16.970452228040337,32100,,14314
,0,,34273,15024,1.0,2017.0,0,0,-45.13955317815533,35492,4,14517,-16.695051069469667,34340,,14707
,0,,33544,14362,1.0,2017.0,0,0,-44.94793472618751,28131,4,13368,-16.69167805273079,30140,,13881
,0,,35705,14842,1.0,2017.0,0,0,-45.00478343966573,26472,4,13205,-16.93113991223978,29328,,13981
,0,,31425,13964,1.0,2017.0,0,0,-45.06882764739822,29020,4,13481,-16.95025751441999,29759,,13662
,0,,33804,14847,1.0,2017.0,0,0,-45.12824503271926,29523,4,13789,-16.918282914580733,29696,,14135
,0,,31742,14054,3.0,2017.0,0,0,-45.135513054407056,29746,12,13552,-16.896263031524274,29779,,13992
,0,,37904,14655,1.0,2017.0,0,0,-44.46627856434126,30481,4,12896,-16.04023884989737,31062,,13712
,0,,34034,15044,1.0,2017.0,0,0,-44.21101990747164,30666,4,14155,-16.254888706037015,32042,,14500
,0,,38201,14945,1.0,2017.0,0,0,-44.53496698134992,33615,4,14120,-15.887424618377123,35161,,14428
,0,,42391,15173,1.0,2017.0,0,0,-44.28581188924144,34973,4,14346,-16.04596878675002,36921,,14786
,0,,32434,14624,1.0,2017.0,0,0,-44.23214121177869,30423,4,13971,-15.913030153574882,29902,,14427
,0,,32732,14753,1.0,2017.0,0,0,-44.25489101830017,30719,4,14157,-16.228242567700573,32144,,14457
,0,,33849,15079,1.0,2017.0,0,0,-44.52477603673544,31913,4,14280,-16.160165985069,31654,,14395
,0,,37510,15021,1.0,2017.0,0,0,-44.27324205823397,31784,4,14184,-15.948132067367709,33559,,14677
,0,,33157,14817,1.0,2017.0,0,0,-44.20668380189008,31835,4,14117,-16.21785605710128,31353,,14494
,0,,33187,15199,1.0,2017.0,0,0,-44.4330786687299,31427,4,14026,-16.162454442214475,33083,,14770
,0,,37867,14600,1.0,2017.0,0,0,-44.20448599299937,33776,4,14137,-15.973212087803239,34743,,14376
,0,,36534,15122,1.0,2017.0,0,0,-44.528825197706304,33829,4,14185,-15.995665649169275,34642,,14623
,0,,35736,14899,1.0,2017.0,0,0,-44.51064008942001,30158,4,13978,-15.903607444889412,29668,,14142
,0,,36302,15211,1.0,2017.0,0,0,-44.44726291608522,30040,4,14259,-16.233599962391246,32718,,14717
,0,,34915,14882,1.0,2017.0,0,0,-44.48271009882073,25399,4,13246,-16.03453786368696,28731,,14035
,0,,36329,15159,1.0,2017.0,0,0,-44.42882511755892,31869,4,14120,-16.144973930029444,32287,,14517
,0,,35075,15173,1.0,2017.0,0,0,-44.36488290724903,34133,4,14555,-16.25073215691987,34052,,14852
,0,,36567,15115,1.0,2017.0,0,0,-44.28762471102534,34889,4,14374,-15.891469819088153,35080,,14812
,0,,38230,14793,1.0,2017.0,0,0,-44.3609971552378,35043,4,13875,-15.946234361376192,36818,,14529
,0,,35685,15052,1.0,2017.0,0,0,-44.27500586532718,33255,4,14212,-15.96764275870056,33918,,14668
,0,,38414,15098,1.0,2017.0,0,0,-44.19712922848101,33072,4,14243,-16.14265180205622,34287,,14470
,0,,37413,15173,1.0,2017.0,0,0,-44.215792676133894,31458,4,14030,-16.16620636719722,32733,,14616
,0,,36465,15160,1.0,2017.0,0,0,-44.38225551661678,34179,4,14325,-16.203909603947658,34828,,14690
,0,,32075,14666,1.0,2017.0,0,0,-44.1859020737949,33374,4,14405,-16.14083487561618,32804,,14652
,0,,42579,14863,1.0,2017.0,0,0,-44.38324872077793,31641,4,13870,-16.150499810075942,34038,,14304
,0,,35876,15031,1.0,2017.0,0,0,-44.50265443434627,26544,4,13213,-15.93367633792956,28740,,14008
,0,,33304,14411,1.0,2017.0,0,0,-44.37598144445439,31828,4,13924,-16.17252815942116,31597,,14336
,0,,31370,14574,1.0,2017.0,0,0,-44.46783248466208,26630,4,13348,-15.972567068238492,27861,,13871
,0,,39587,15036,1.0,2017.0,0,0,-44.208633463769566,34194,4,13933,-16.17249210795371,35758,,14228
,0,,36775,14872,1.0,2017.0,0,0,-44.5318518785386,34047,4,14207,-16.179367035766617,35732,,14590
,0,,37586,15028,1.0,2017.0,0,0,-44.53690067490326,31156,4,13522,-16.217478631793263,30785,,14007
,0,,32285,14764,1.0,2017.0,0,0,-44.52539795991645,26561,4,13336,-15.896304987526229,28238,,13927
,0,,27787,13633,1.0,2017.0,0,0,-44.27215056672005,28177,4,13383,-16.186831196328434,28241,,13470
,0,,36794,15345,1.0,2017.0,0,0,-44.43371552730062,31130,4,14298,-16.146070116396842,32046,,14636
,0,,33509,14965,1.0,2017.0,0,0,-44.25251822545545,30953,4,14379,-16.185391237044676,32120,,14672
,0,,34477,14887,1.0,2017.0,0,0,-44.52309105076818,22836,4,12864,-15.91968432009999,27128,,13991
,0,,33242,14842,1.0,2017.0,0,0,-44.31656465081318,31350,4,14306,-16.20451526476877,31791,,14704
,0,,32989,15086,1.0,2017.0,0,0,-44.221656146206044,31236,4,14509,-15.980606121529615,31463,,14724
,0,,29610,14510,1.0,2017.0,0,0,-44.208674432829454,26223,4,13892,-15.916734944300599,28604,,14270
,0,,30703,14621,1.0,2017.0,0,0,-44.19567436734258,29950,4,13975,-15.945838512042457,31148,,14238
,0,,30479,14475,1.0,2017.0,0,0,-44.34552428185564,29271,4,13947,-16.092421278066112,29083,,14280
,0,,36269,15522,1.0,2017.0,0,0,-44.2418302360094,33668,4,14583,-16.011083723213876,34007,,14961
,0,,35850,15443,1.0,2017.0,0,0,-44.19392493110198,32488,4,14634,-15.91418961545728,33567,,15076
,0,,36411,15239,1.0,2017.0,0,0,-44.26389703201245,34729,4,14820,-16.1629574580949,34931,,15042
,0,,30886,14660,1.0,2017.0,0,0,-44.218023670877834,26480,4,13792,-16.214784633603234,27107,,14132
,0,,34788,15174,1.0,2017.0,0,0,-44.41974158860791,26205,4,13307,-15.914907356535593,27176,,13925
,0,,36093,15187,1.0,2017.0,0,0,-44.34607072230445,30184,4,13959,-16.134733252197332,31101,,14457
,0,,35337,15111,1.0,2017.0,0,0,-44.20501584076311,33185,4,14306,-15.98970543572359,31412,,14707
,0,,33513,14829,1.0,2017.0,0,0,-44.190122412019456,31888,4,14179,-16.022393974546393,32409,,14435
,0,,28903,14304,0.0,2017.0,0,0,-44.63760063622538,25469,3,13139,-17.031718574361793,26594,,13557
,0,,30389,14594,1.0,2017.0,0,0,-44.63460145954056,26584,4,13349,-17.05025049652293,30206,,13944
,0,,29078,13908,0.0,2017.0,0,0,-44.914045406551544,26965,3,13090,-17.014974713334,27053,,13658
,0,,29891,13908,1.0,2017.0,0,0,-44.91468235854457,33091,4,13808,-17.00610636970627,31847,,14192
,0,,38402,15564,1.0,2017.0,0,0,-44.75786027309607,35939,4,14353,-17.013968710861924,36294,,14784
,0,,30884,14256,1.0,2017.0,0,0,-44.732505443432444,33515,4,13992,-17.003374132570336,30729,,14168
,0,,32505,14912,1.0,2017.0,0,0,-44.94238329671175,30587,4,13851,-17.141000941726606,32107,,14118
,0,,30913,14389,1.0,2017.0,0,0,-45.03988503316279,29455,4,13941,-17.01015591334841,32156,,13994
,0,,31370,14069,1.0,2017.0,0,0,-44.95727709721639,30856,4,13683,-17.108332002786767,28923,,13804
,0,,29333,13677,1.0,2017.0,0,0,-45.107879348243,30630,4,13349,-17.003374096632193,28694,,13756
,0,,31612,14200,1.0,2017.0,0,0,-45.00293806777955,31282,4,13559,-17.206495437031943,31613,,14227
,0,,27558,13826,1.0,2017.0,0,0,-44.94793489755815,28267,4,13184,-17.064490007568022,27305,,13844
,0,,28702,14232,1.0,2017.0,0,0,-45.11243411896791,30707,4,13706,-17.1624060102406,29208,,14251
,0,,28419,14073,1.0,2017.0,0,0,-45.10569812196271,27397,4,13521,-17.155392077586487,27908,,13925
,0,,30662,14822,1.0,2017.0,0,0,-44.994093459344185,30890,4,13970,-17.129699389677487,30282,,14664
,0,,28247,13965,1.0,2017.0,0,0,-44.94618517926533,29727,4,13596,-17.032859324469964,29599,,13883
,0,,29581,14137,1.0,2017.0,0,0,-45.130821952627834,30417,4,13881,-17.128738522710776,30339,,14108
,0,,33731,15154,1.0,2017.0,0,0,-44.97391788467581,32881,4,14285,-17.099238657513737,33896,,14835
,0,,32821,14099,1.0,2017.0,0,0,-45.08260663541263,32357,4,13738,-17.07821337933667,32691,,13582
,0,,31720,13875,1.0,2017.0,0,0,-45.122563454178234,31849,4,13480,-17.013969525376876,31828,,13671
,0,,30427,14792,0.0,2017.0,0,0,-43.83250471196744,23563,3,13011,-16.545404328659963,27260,,14075
,0,,38381,15627,0.0,2017.0,0,0,-43.98486857075279,25430,3,13473,-16.319191319178852,28214,,14011
,0,,35713,15359,0.0,2017.0,0,0,-43.97242108626258,26973,3,13210,-16.598665343276263,27820,,14305
,0,,35733,14967,1.0,2017.0,0,0,-43.89196447124991,33170,4,14221,-16.597621277633486,31917,,14245
,0,,37298,15198,1.0,2017.0,0,0,-44.134510881769025,30246,4,14027,-16.276571541480692,29684,,14164
,0,,38790,15721,1.0,2017.0,0,0,-44.01116145120119,30226,4,14049,-16.32216660886084,29350,,14047
,0,,31651,14413,1.0,2017.0,0,0,-44.12652625509902,29973,4,13650,-16.306634750693345,30862,,14071
,0,,34894,14379,1.0,2017.0,0,0,-44.0575870788704,33745,4,13644,-16.518988317919476,33352,,13862
,0,,31610,14840,1.0,2017.0,0,0,-43.8971128335371,25671,4,13414,-16.32108828027922,27962,,13871
,0,,34724,15032,1.0,2017.0,0,0,-44.00612658694088,28089,4,13776,-16.576816888771265,31032,,14417
,0,,32074,14587,1.0,2017.0,0,0,-43.94155877845796,27204,4,13699,-16.41395843785758,28318,,14318
,0,,35712,14283,1.0,2017.0,0,0,-43.96994374874081,29183,4,13902,-16.50765387081115,35311,,14253
,0,,38566,15426,1.0,2017.0,0,0,-44.05269675188131,31731,4,14250,-16.517892375212693,32432,,14381
,0,,33076,14859,1.0,2017.0,0,0,-44.100880538037046,29396,4,14184,-16.366154371907516,30016,,14336
,0,,33445,14720,1.0,2017.0,0,0,-44.0719737803576,25989,4,13604,-16.37343396874706,28305,,13983
,0,,36012,15403,1.0,2017.0,0,0,-44.066433758351835,29288,4,14333,-16.55682609613339,33165,,14931
,0,,31830,14622,1.0,2017.0,0,0,-44.15572202168197,29206,4,13639,-16.55227768449444,29324,,13893
,0,,33456,14990,1.0,2017.0,0,0,-43.83434077199549,25235,4,13259,-16.304519005683407,26701,,13963
,0,,39249,15489,1.0,2017.0,0,0,-43.9523149338326,33565,4,14489,-16.493902662256918,34970,,14924
,0,,33304,15306,1.0,2017.0,0,0,-44.017809794823336,30655,4,14588,-16.531281120777457,32564,,14902
,0,,31282,14178,1.0,2017.0,0,0,-43.979489300718626,26798,4,13167,-16.257652126518405,28767,,13599
,0,,31559,15044,1.0,2017.0,0,0,-44.10990168515776,26636,4,13955,-16.626759529858795,28602,,14545
,0,,32662,15100,1.0,2017.0,0,0,-44.02050620480675,29939,4,14315,-16.53928503157153,33188,,14891
,0,,37805,15403,1.0,2017.0,0,0,-43.99985322117551,32260,4,14312,-16.545441500221482,33985,,14742
,0,,33435,14623,1.0,2017.0,0,0,-43.96311291279818,29722,4,13803,-16.623964385238114,30580,,14222
,0,,32659,14823,1.0,2017.0,0,0,-44.01375790368698,27090,4,13753,-16.422536382281233,30881,,14491
,0,,40435,15049,1.0,2017.0,0,0,-43.88073360563124,33297,4,13988,-16.494428975905663,34980,,14509
,0,,30946,14295,1.0,2017.0,0,0,-44.08455292574797,25436,4,13049,-16.475970603846143,29471,,14103
,0,,33853,14752,1.0,2017.0,0,0,-44.10658188984982,30551,4,14013,-16.407477098009004,31516,,14495
,0,,30898,14918,1.0,2017.0,0,0,-44.03330097219323,29721,4,14052,-16.430269767682244,30607,,14717
,0,,31862,14877,1.0,2017.0,0,0,-43.98403676220428,26264,4,13536,-16.416745377999767,27909,,14136
,0,,37180,15372,1.0,2017.0,0,0,-43.83488998305425,30492,4,14009,-16.627785083853418,32317,,14421
,0,,35114,15383,1.0,2017.0,0,0,-44.00712086952079,30669,4,14745,-16.523417382673106,32716,,15084
,0,,34722,15171,1.0,2017.0,0,0,-43.82624133677155,30664,4,13612,-16.286667378062376,30716,,14289
,0,,38624,15163,1.0,2017.0,0,0,-43.83254456958355,27878,4,12877,-16.289696451312036,32768,,14204
,0,,35223,15113,1.0,2017.0,0,0,-43.97730134037505,29122,4,13570,-16.409728744468413,33419,,14560
,0,,35990,15069,1.0,2017.0,0,0,-43.878762042455755,28793,4,13520,-16.601144626729493,31951,,14525
,0,,38212,15123,1.0,2017.0,0,0,-43.8455267130032,33276,4,14038,-16.353555504659802,34923,,14536
,0,,38903,14965,1.0,2017.0,0,0,-44.00916225140581,33340,4,14037,-16.378933942304624,33157,,14244
,0,,33321,15068,0.0,2017.0,0,0,-44.20863471697482,29376,3,14156,-16.545404344349958,30304,,14407
,0,,37192,15613,0.0,2017.0,0,0,-44.52403471900252,27914,3,14302,-16.26840110610164,32752,,15043
,0,,31432,15093,0.0,2017.0,0,0,-44.27215294296726,25549,3,13428,-16.559741398599506,26104,,13948
,0,,35651,15391,0.0,2017.0,0,0,-44.466280764261505,27128,3,13903,-16.413177135746288,27065,,14244
,0,,36303,15503,0.0,2017.0,0,0,-44.46068294404978,25546,3,13401,-16.475970572564176,27376,,14128
,0,,31351,14823,0.0,2017.0,0,0,-44.52539849500905,24651,3,12950,-16.26927023833413,25206,,13613
,0,,37454,15291,1.0,2017.0,0,0,-44.18832066406795,30576,4,14199,-16.62407201684841,34354,,14765
,0,,39145,15657,1.0,2017.0,0,0,-44.375983235024115,29449,4,13969,-16.545441480838786,30851,,14570
,0,,31015,14657,1.0,2017.0,0,0,-44.28762481500703,28962,4,14114,-16.2644370939018,28928,,14451
,0,,33939,15163,1.0,2017.0,0,0,-44.348551098667336,28404,4,14038,-16.59866532564195,29947,,14513
,0,,31479,14857,1.0,2017.0,0,0,-44.370302904677246,29304,4,13973,-16.26825165704697,30403,,14542
,0,,34637,15102,1.0,2017.0,0,0,-44.43308001299591,30985,4,14289,-16.535369461786768,32120,,14717
,0,,28762,14390,1.0,2017.0,0,0,-44.19567453761248,29415,4,14079,-16.318794253969003,28806,,14365
,0,,34982,15175,1.0,2017.0,0,0,-44.19712998837899,31980,4,14398,-16.515569618055192,32688,,14636
,0,,31820,14875,1.0,2017.0,0,0,-44.442563775705025,28921,4,14133,-16.556826062903166,30076,,14372
,0,,34622,15015,1.0,2017.0,0,0,-44.22165671870563,32151,4,14350,-16.35355553902577,31119,,14458
,0,,34885,15014,1.0,2017.0,0,0,-44.202371341451205,32664,4,14338,-16.286667424667844,31931,,14562
,0,,33600,15206,1.0,2017.0,0,0,-44.23214142045932,29012,4,14014,-16.285992735898702,29816,,14482
,0,,38317,15416,1.0,2017.0,0,0,-44.19012269987963,32933,4,14390,-16.39533486573954,33504,,14619
,0,,33239,14570,1.0,2017.0,0,0,-44.21047077710223,31521,4,14219,-16.304519048339802,31813,,14393
,0,,34091,15007,1.0,2017.0,0,0,-44.491196764948306,31147,4,14001,-16.401984539677674,31319,,14297
,0,,35517,14816,1.0,2017.0,0,0,-44.2373852411933,30690,4,14078,-16.541474207682246,30869,,14233
,0,,31171,14483,1.0,2017.0,0,0,-44.477010557194944,27052,4,13475,-16.36615434490801,26890,,13867
,0,,30402,14333,1.0,2017.0,0,0,-44.5476882503066,27833,4,13657,-16.44333787441584,26865,,13769
,0,,36583,15222,1.0,2017.0,0,0,-44.25067417085872,32023,4,14513,-16.46085297451669,32125,,14457
,0,,33217,14890,1.0,2017.0,0,0,-44.2283902808241,29458,4,13855,-16.448887825744986,30443,,14307
,0,,32961,14692,1.0,2017.0,0,0,-44.35343135303253,30482,4,14082,-16.409728740655144,29684,,14230
,0,,34111,15119,1.0,2017.0,0,0,-44.39393980961685,30788,4,14202,-16.531281098831684,30487,,14507
,0,,33778,14820,1.0,2017.0,0,0,-44.39492686846146,32231,4,14202,-16.345017827520756,31794,,14543
,0,,35995,15067,1.0,2017.0,0,0,-44.36655082674579,28191,4,13927,-16.612316483915844,32309,,14649
,0,,37523,15118,1.0,2017.0,0,0,-44.36016677521538,31997,4,14080,-16.416745371769515,31388,,14244
,0,,36585,15277,1.0,2017.0,0,0,-44.24163618835116,30740,4,14116,-16.340489011644454,31271,,14517
,0,,42801,15318,1.0,2017.0,0,0,-44.433717095756094,32494,4,14431,-16.518988288999306,34965,,14535
,0,,35417,14923,1.0,2017.0,0,0,-44.36488304747497,32021,4,14159,-16.623630417084282,32675,,14462
,0,,35189,15069,1.0,2017.0,0,0,-44.39663621974268,33785,4,14471,-16.539285008551918,32555,,14702
,0,,33120,14908,1.0,2017.0,0,0,-44.41974252152873,32738,4,14449,-16.287870182456853,32176,,14848
,0,,36146,14635,1.0,2017.0,0,0,-44.44726320846292,33352,4,13885,-16.606501162069733,33340,,14184
,0,,32814,14596,1.0,2017.0,0,0,-44.47811419831456,30760,4,14010,-16.300987386349693,30395,,14250
,0,,41652,15232,1.0,2017.0,0,0,-44.18982877266567,31539,4,13714,-16.39081900161583,36952,,14702
,0,,37595,15053,1.0,2017.0,0,0,-44.47204488811676,32779,4,14239,-16.41016566931134,32181,,14514
,0,,35706,14910,1.0,2017.0,0,0,-44.25686361319015,33056,4,14448,-16.494428985767872,32078,,14634
,0,,34032,14934,1.0,2017.0,0,0,-44.528825849540986,30566,4,13944,-16.36861169595925,29912,,14109
,0,,34903,15008,1.0,2017.0,0,0,-44.31768878923234,35415,4,14588,-16.413958442191387,34069,,14738
,0,,39908,15701,1.0,2017.0,0,0,-44.35561931350584,30716,4,14024,-16.257652139277376,34578,,15150
,0,,36820,15061,1.0,2017.0,0,0,-44.38325088375014,31876,4,14082,-16.523417363367862,30960,,14432
,0,,37058,15221,1.0,2017.0,0,0,-44.18590247614325,32972,4,14343,-16.51375285964093,34066,,14605
,0,,36443,15070,1.0,2017.0,0,0,-44.40418769006801,30496,4,14069,-16.27490483810954,33600,,14487
,0,,37878,14907,1.0,2017.0,0,0,-44.20668517297704,31686,4,13606,-16.590759518020903,31928,,14239
,0,,33482,14599,1.0,2017.0,0,0,-44.390173448896,32422,4,14180,-16.340436761822772,30881,,14394
,0,,34613,14973,1.0,2017.0,0,0,-44.19392500760909,32087,4,14026,-16.28715143193211,32803,,14374
,0,,35873,15260,1.0,2017.0,0,0,-44.20867457459731,32380,4,14145,-16.289696496076775,31813,,14540
,0,,35940,14249,1.0,2017.0,0,0,-44.25489204991156,35245,4,13990,-16.601144627305818,34981,,14229
,0,,36035,14857,1.0,2017.0,0,0,-44.20356091866708,35904,4,14396,-16.543892359120708,34246,,14605
,0,,38065,15102,1.0,2017.0,0,0,-44.48603170479605,33805,4,14312,-16.626759483360164,32858,,14546
,0,,36675,14893,1.0,2017.0,0,0,-44.38988791826012,34051,4,14210,-16.42253636855939,34462,,14451
,0,,36851,14946,1.0,2017.0,0,0,-44.3872914656477,36055,4,14288,-16.322166606816918,34581,,14468
,0,,33484,14485,1.0,2017.0,0,0,-44.798448681187715,26248,4,12834,-16.27490040353674,27364,,13546
,0,,32864,14057,1.0,2017.0,0,0,-44.63445488413206,28475,4,13238,-16.407487032641395,29277,,13388
,0,,39864,15497,0.0,2017.0,0,0,-44.832374207244456,25378,3,13334,-16.460860441615186,27163,,13875
,0,,35713,15443,0.0,2017.0,0,0,-44.65193162703662,30310,3,14186,-16.5234010885837,30849,,14753
,0,,34612,14951,1.0,2017.0,0,0,-44.6374069093205,26369,4,13256,-16.40200101131608,26384,,13569
,0,,30834,14339,1.0,2017.0,0,0,-44.62649286256119,27857,4,13493,-16.41016568556456,26620,,13493
,0,,33766,14601,1.0,2017.0,0,0,-44.617881368568376,32079,4,14004,-16.28971757501542,32181,,14185
,0,,33311,14308,1.0,2017.0,0,0,-44.7138384427532,33399,4,14164,-16.535380457307664,33589,,14253
,0,,33896,14395,1.0,2017.0,0,0,-44.74893809330354,34404,4,14045,-16.446850804453742,34998,,14215
,0,,32867,14532,1.0,2017.0,0,0,-44.63460486111272,29762,4,13726,-16.304547578794992,30450,,14349
,0,,34535,14475,1.0,2017.0,0,0,-44.6085323159435,33299,4,13973,-16.28668766035479,33932,,14400
,0,,31260,14372,1.0,2017.0,0,0,-44.623762337850565,29827,4,13765,-16.413172730505245,28614,,13872
,0,,31868,14612,1.0,2017.0,0,0,-44.70198702052578,28445,4,13744,-16.340519646225008,27551,,13950
,0,,36284,15078,1.0,2017.0,0,0,-44.876507253936175,25034,4,13238,-16.53912401237607,26227,,13447
,0,,29417,14224,1.0,2017.0,0,0,-44.64142069378798,26762,4,13612,-16.36865669189432,25733,,13408
,0,,33130,14786,1.0,2017.0,0,0,-44.63978378972414,25432,4,13279,-16.577404329109967,25543,,13698
,0,,32567,14664,1.0,2017.0,0,0,-44.714031912336,29722,4,13704,-16.321105184871502,30157,,14064
,0,,35260,14742,1.0,2017.0,0,0,-44.85980988379268,29887,4,13691,-16.34498521095532,30296,,14147
,0,,31264,14565,1.0,2017.0,0,0,-44.74606131367555,30323,4,13665,-16.384060836087652,29826,,13916
,0,,32996,14862,1.0,2017.0,0,0,-44.67135461038366,29209,4,13690,-16.264439560670393,29727,,14121
,0,,34251,14949,1.0,2017.0,0,0,-44.58517006277705,28682,4,13953,-16.627783607981613,29506,,14134
,0,,32459,14480,1.0,2017.0,0,0,-44.70578743754896,29285,4,13555,-16.39540134168225,28812,,13874
,0,,32472,14609,1.0,2017.0,0,0,-44.82518974927915,29263,4,13933,-16.418901444979003,28746,,14003
,0,,34376,14533,1.0,2017.0,0,0,-44.65296512863697,26193,4,13328,-16.39907350349917,26207,,13470
,0,,30200,14335,1.0,2017.0,0,0,-44.584128583094305,26175,4,13220,-16.430219472421115,27128,,13477
,0,,33767,14672,1.0,2017.0,0,0,-44.914682367285344,29278,4,13541,-16.26038848078083,29215,,13916
,0,,31154,14352,1.0,2017.0,0,0,-44.784031687717594,25716,4,13052,-16.59755322580796,25555,,13437
,0,,38569,15441,1.0,2017.0,0,0,-44.551657939828424,33305,4,14150,-16.587655540967546,32893,,14571
,0,,32087,14739,1.0,2017.0,0,0,-44.80327569759642,31142,4,14216,-16.533133922159458,31058,,14459
,0,,33547,14578,1.0,2017.0,0,0,-44.85043975876298,29685,4,13842,-16.34040864766269,30014,,14081
,0,,32128,14535,1.0,2017.0,0,0,-44.637602694355685,29052,4,13738,-16.286008453778248,30153,,14063
,0,,37594,15092,1.0,2017.0,0,0,-44.68150044403382,28266,4,13556,-16.47598671827706,30011,,13891
,0,,35721,15023,1.0,2017.0,0,0,-44.576703080216845,31630,4,14002,-16.61674274211207,31736,,14347
,0,,35067,14862,1.0,2017.0,0,0,-44.73564439483886,32271,4,14048,-16.44342077888395,31948,,14301
,0,,34319,14386,1.0,2017.0,0,0,-44.859128548556626,29612,4,13553,-16.626761280325056,30769,,13863
,0,,38593,15704,1.0,2017.0,0,0,-44.56733642245086,28540,4,14244,-16.49383644139103,31397,,14788
,0,,35765,14818,1.0,2017.0,0,0,-44.683839661878515,31335,4,14070,-16.497920045844136,31762,,14367
,0,,37226,15263,1.0,2017.0,0,0,-44.735448510139726,31733,4,13996,-16.34061268733096,31591,,14437
,0,,36502,14722,1.0,2017.0,0,0,-44.83408169407921,33815,4,13971,-16.515610978786164,34004,,14367
,0,,37704,15739,0.0,2017.0,0,0,-45.06935342581953,30254,3,14241,-16.598661053448584,31662,,14904
,0,,32338,14791,1.0,2017.0,0,0,-45.122191306126766,31901,4,14583,-16.38406084794139,32808,,14713
,0,,28512,14073,1.0,2017.0,0,0,-45.08098894142142,27793,4,13594,-16.57681540354617,28338,,14010
,0,,38063,15524,0.0,2017.0,0,0,-45.09830073295737,25839,3,13629,-16.55712740439145,29073,,14247
,0,,34482,15359,1.0,2017.0,0,0,-45.11045109237086,31707,4,14377,-16.59294937794985,31774,,14915
,0,,35073,14949,1.0,2017.0,0,0,-45.010329159728066,25820,4,13458,-16.318833597514203,29257,,14389
,0,,33367,15002,1.0,2017.0,0,0,-45.20850419774128,30113,4,14094,-16.460860455328028,30765,,14531
,0,,32700,14764,1.0,2017.0,0,0,-45.01353690422194,26209,4,13344,-16.402001029209,29166,,14391
,0,,31241,14411,1.0,2017.0,0,0,-45.111774387518096,25628,4,13460,-16.443420799345137,25838,,13730
,0,,34561,14863,1.0,2017.0,0,0,-45.110910089290364,27969,4,13691,-16.623630439169304,30515,,14340
,0,,37917,15114,1.0,2017.0,0,0,-45.19715938171801,31882,4,14067,-16.513808781284048,32788,,14516
,0,,34876,14836,1.0,2017.0,0,0,-44.99401136392844,30977,4,13806,-16.289717586729203,30965,,14279
,0,,35963,14800,1.0,2017.0,0,0,-45.077071081877754,30028,4,13712,-16.390884949861093,29318,,14009
,0,,37438,15074,1.0,2017.0,0,0,-45.210211684534514,33500,4,14350,-16.51561099952101,35130,,14565
,0,,33371,14555,1.0,2017.0,0,0,-45.27347990325885,30015,4,13845,-16.416684933315143,30103,,14147
,0,,34548,14815,1.0,2017.0,0,0,-45.08191743090771,27888,4,13507,-16.395401358865985,27190,,13765
,0,,32196,14345,1.0,2017.0,0,0,-45.205280097857774,30842,4,13835,-16.322148391564834,31117,,13900
,0,,34111,14599,1.0,2017.0,0,0,-45.22656974885829,30654,4,13766,-16.34040864384452,29737,,14019
,0,,36302,14515,1.0,2017.0,0,0,-45.11157850283796,29469,4,14170,-16.3406126944949,30257,,14237
,0,,34288,14659,1.0,2017.0,0,0,-45.17416286713613,30805,4,13877,-16.44892068738196,32105,,14358
,0,,33877,14860,1.0,2017.0,0,0,-44.98466231151212,29399,4,13782,-16.286687672561115,29363,,14238
,0,,35205,14864,1.0,2017.0,0,0,-45.10863547353818,29924,4,13521,-16.25765214340437,29208,,13895
,0,,33282,14655,1.0,2017.0,0,0,-45.17940568874535,30882,4,13713,-16.533133945317733,31598,,14371
,0,,32149,14493,1.0,2017.0,0,0,-45.176373697731336,27890,4,13622,-16.401194400017754,29519,,14194
,0,,36013,14960,1.0,2017.0,0,0,-45.125068085684056,29925,4,13758,-16.446850824276414,31161,,14251
,0,,31984,14151,1.0,2017.0,0,0,-45.29568777450267,30644,4,13466,-16.59073733472426,30315,,13877
,0,,35455,14610,1.0,2017.0,0,0,-45.17457867246843,33225,4,13992,-16.274900396074123,32481,,14332
,0,,34551,14537,1.0,2017.0,0,0,-45.17598831603119,30638,4,13678,-16.319182135512495,30321,,14120
,0,,34465,14436,1.0,2017.0,0,0,-45.20319316774773,32108,4,13709,-16.28785931615878,31347,,13954
,0,,31221,14201,1.0,2017.0,0,0,-44.94346641894133,28335,4,13434,-16.493836459296876,29023,,13763
,0,,34950,14684,1.0,2017.0,0,0,-45.04748460451915,26937,4,12821,-16.264439563936556,29081,,13512
,0,,36243,14506,0.0,2017.0,0,0,-45.029095123185385,29476,3,13276,-16.39907352165318,29879,,13919
,0,,42992,14903,4.0,2017.0,0,0,-43.65717440264378,27012,15,12982,-16.803133302425284,32461,,14010
,0,,34347,14722,6.0,2017.0,0,0,-43.52098363096144,27518,21,13393,-16.69397263425004,27461,,13452
,0,,41252,15482,4.0,2017.0,0,0,-43.77656647957216,32476,15,13796,-16.741485911169406,32030,,14362
,0,,40424,15340,4.0,2017.0,0,0,-43.69500348639946,29832,15,14026,-16.97933050533508,33468,,14544
,0,,38621,14479,4.0,2017.0,0,0,-43.63099304514813,33801,15,13350,-16.89626304631588,33567,,13583
,0,,42099,15131,4.0,2017.0,0,0,-43.641681680356164,35836,15,13760,-16.90412523892404,33561,,13857
,0,,39186,14703,4.0,2017.0,0,0,-43.59327249297568,33588,15,13737,-16.83820692441976,32477,,13806
,0,,41198,15071,4.0,2017.0,0,0,-43.784640769768366,30920,15,13405,-16.963213140616464,31655,,13685
,0,,30935,14408,4.0,2017.0,0,0,-43.71978695240031,27118,15,12529,-16.78303262636979,27999,,13499
,0,,41796,14995,4.0,2017.0,0,0,-43.69584696607795,28708,15,13300,-16.74630820853249,35409,,14260
,0,,36976,14651,4.0,2017.0,0,0,-43.56543156969393,31378,15,13573,-16.786825153941138,31156,,13816
,0,,32825,13402,4.0,2017.0,0,0,-43.73377171014424,34180,15,13521,-16.99958453534791,32476,,13228
,0,,37339,14385,4.0,2017.0,0,0,-43.623725023551486,29476,15,13278,-16.91828293033803,30912,,13688
,0,,34120,14179,4.0,2017.0,0,0,-43.77177519291011,32675,15,13278,-16.641294712511428,33427,,13485
,0,,38241,14871,4.0,2017.0,0,0,-43.535364920510325,32526,15,13682,-16.637332455661102,34468,,14006
,0,,36133,13897,4.0,2017.0,0,0,-43.795428259170855,34065,15,13205,-16.816197369273937,36387,,13704
,0,,37654,13838,4.0,2017.0,0,0,-43.72475287669036,34145,15,12919,-16.739029731748968,35487,,13456
,0,,34104,14213,4.0,2017.0,0,0,-43.61429121317013,31800,15,13241,-16.985145049987118,30673,,13443
,0,,33314,13845,4.0,2017.0,0,0,-43.633035429760945,28851,15,12763,-16.751807466661123,28312,,12882
,0,,39936,14065,4.0,2017.0,0,0,-43.63503316884123,36458,15,13172,-16.695051077911412,36223,,13752
,0,,30348,13889,4.0,2017.0,0,0,-43.64316439135926,27241,15,12679,-16.965778840303543,28715,,13507
,0,,38404,13903,4.0,2017.0,0,0,-43.7731390082448,29911,15,12922,-16.64216365584725,34292,,13476
,0,,36554,13369,4.0,2017.0,0,0,-43.67656841143454,33810,15,12962,-16.89073890425832,34616,,13057
,0,,38329,13905,4.0,2017.0,0,0,-43.65192818864854,34309,15,13013,-16.647798365786723,35702,,13283
,0,,39034,14771,4.0,2017.0,0,0,-43.61804317072179,35476,15,13806,-16.641146548784196,35250,,14243
,0,,37828,15316,4.0,2017.0,0,0,-43.68145865540325,28621,15,13594,-16.89183460238541,29227,,13998
,0,,33269,14200,4.0,2017.0,0,0,-43.75838169657004,30184,15,13459,-16.649463745965566,31116,,13687
,0,,46769,15541,4.0,2017.0,0,0,-44.10198582810402,29191,15,13570,-16.67387533463351,33963,,14442
,0,,45130,15468,4.0,2017.0,0,0,-43.96940248553877,33554,15,13840,-16.838206921867428,34704,,14250
,0,,39544,14805,4.0,2017.0,0,0,-44.115068368849414,30715,15,13231,-16.774852860038788,33183,,14025
,0,,36570,15208,6.0,2017.0,0,0,-43.827431986185964,27042,21,13590,-16.9167329023086,28506,,13901
,0,,31931,14606,4.0,2017.0,0,0,-43.98404042655547,27077,15,13145,-16.789611641713588,28212,,13955
,0,,35366,14865,4.0,2017.0,0,0,-43.909686347102685,32397,15,13998,-16.79177182875675,31035,,14358
,0,,36177,14789,4.0,2017.0,0,0,-44.13451169769361,35776,15,14418,-16.649463758679083,33634,,14487
,0,,36229,14831,4.0,2017.0,0,0,-44.01376195993732,28832,15,13377,-16.79540148344117,30226,,13703
,0,,37189,14503,4.0,2017.0,0,0,-43.82100074637654,31492,15,13449,-16.88841552206357,32820,,14013
,0,,31578,13973,4.0,2017.0,0,0,-44.056951344883316,31792,15,13409,-16.908212618412158,30359,,13661
,0,,38246,14885,4.0,2017.0,0,0,-43.874546102451674,26771,15,12725,-16.833710140934254,30253,,13522
,0,,44083,14939,4.0,2017.0,0,0,-44.126528102369754,33261,15,13665,-16.679521278845286,34828,,14006
,0,,35969,14672,4.0,2017.0,0,0,-44.095916951520486,32870,15,13840,-16.78303263064467,33466,,14076
,0,,41876,14843,4.0,2017.0,0,0,-43.81219091073582,30568,15,12863,-16.996896856568178,33212,,13524
,0,,45382,15081,4.0,2017.0,0,0,-44.146963187903864,36274,15,13739,-16.66553405890674,35505,,14297
,0,,37333,14540,4.0,2017.0,0,0,-43.99985501769603,32694,15,13037,-16.918282924565855,32846,,13645
,0,,35724,13893,4.0,2017.0,0,0,-44.06643471603065,29810,15,12808,-16.929665014245895,31852,,13176
,0,,36203,13789,4.0,2017.0,0,0,-43.90260330944827,36532,15,13434,-16.774056642391347,37446,,13635
,0,,38630,14007,4.0,2017.0,0,0,-44.14790519472688,37945,15,13659,-16.641294725993323,37330,,13696
,0,,33382,14626,6.0,2017.0,0,0,-44.03330439851729,29396,21,13380,-16.80313330369898,28120,,13745
,0,,34632,14595,6.0,2017.0,0,0,-43.8325059693074,25359,21,12850,-16.918244672145086,29995,,13880
,0,,38021,15614,6.0,2017.0,0,0,-44.522539635876065,27593,21,13777,-16.673845626327402,29989,,14370
,0,,38992,15292,6.0,2017.0,0,0,-44.52433071255459,24163,21,13092,-16.914288418985596,29320,,13937
,0,,35959,15129,4.0,2017.0,0,0,-44.497147284708035,28668,15,13624,-16.963243379892,31689,,14353
,0,,40753,15134,4.0,2017.0,0,0,-44.22444868647643,31319,15,13614,-16.660063553054545,34413,,14444
,0,,46295,14950,4.0,2017.0,0,0,-44.25806693804328,32953,15,13760,-16.691718245815892,35229,,14013
,0,,40576,15175,4.0,2017.0,0,0,-44.53567549398976,30550,15,13559,-16.641285261518348,32613,,14253
,0,,39650,14976,4.0,2017.0,0,0,-44.427142674351366,36267,15,14062,-16.905977575013196,35986,,14252
,0,,44616,15076,4.0,2017.0,0,0,-44.42189987548463,33201,15,13595,-16.821780584157725,36555,,14234
,0,,42673,15351,4.0,2017.0,0,0,-44.52666217867415,31155,15,13538,-16.98543756163201,35253,,14611
,0,,36873,14742,4.0,2017.0,0,0,-44.45794879758395,29995,15,13357,-16.888457768533616,32519,,14112
,0,,35746,14360,4.0,2017.0,0,0,-44.32585472059653,33181,15,13574,-16.713400570433272,32821,,13876
,0,,34796,14013,4.0,2017.0,0,0,-44.18301516308504,35514,15,13452,-16.66552074576824,33754,,13643
,0,,33408,14155,4.0,2017.0,0,0,-44.53791542574833,29403,15,13089,-16.642153384543786,29624,,13469
,0,,37463,14427,4.0,2017.0,0,0,-44.54517618989379,32689,15,13302,-16.908656146814845,34520,,14039
,0,,33529,13231,4.0,2017.0,0,0,-44.45093280171344,31439,15,12722,-16.660750038823167,32375,,12995
,0,,36415,14677,4.0,2017.0,0,0,-44.817021122670795,27754,15,13065,-16.870762061746216,29339,,13805
,0,,39144,15274,4.0,2017.0,0,0,-44.61351750279618,25727,15,12979,-16.91431568847012,30216,,14203
,0,,33292,14583,4.0,2017.0,0,0,-44.69269765376615,26343,15,12801,-16.95025753402826,29176,,13691
,0,,34225,14287,4.0,2017.0,0,0,-44.76142544696971,27356,15,13019,-16.751807451990505,28469,,13510
,0,,35010,14782,4.0,2017.0,0,0,-44.73713002693257,28683,15,13314,-16.692076375945764,28797,,13638
,0,,33609,13788,4.0,2017.0,0,0,-44.907982207555044,30537,15,12877,-16.925116384804067,30942,,13470
,0,,35302,14454,4.0,2017.0,0,0,-44.77007169787101,29578,15,12959,-16.904125231743045,28770,,13310
,0,,34092,14483,4.0,2017.0,0,0,-44.91109729487247,29807,15,13388,-16.633286372904692,29866,,13839
,0,,33878,14006,4.0,2017.0,0,0,-44.87878812300229,30018,15,13158,-16.679521247772936,30910,,13386
,0,,37327,14508,4.0,2017.0,0,0,-44.80984867431714,28872,15,13222,-16.89183459225553,29816,,13595
,0,,37468,14176,4.0,2017.0,0,0,-44.62865344458216,37317,15,13802,-16.931139939436115,35951,,13851
,0,,30910,14237,4.0,2017.0,0,0,-44.63299606910966,29495,15,13122,-16.867279744474306,28968,,13388
,0,,39258,14598,4.0,2017.0,0,0,-44.78556442070698,31174,15,13156,-16.80313329147995,32340,,13819
,0,,36589,14237,4.0,2017.0,0,0,-44.752115040435605,33830,15,13710,-16.918282924718454,33731,,13872
,0,,38261,14664,4.0,2017.0,0,0,-44.57326077205627,37345,15,14039,-16.888415527165588,37502,,14289
,0,,30342,13624,4.0,2017.0,0,0,-44.886771718187056,28288,15,12959,-16.649463722381956,27792,,13378
,0,,39322,15438,6.0,2017.0,0,0,-44.640033249910786,27726,21,13394,-16.908715034655263,32992,,14570
,0,,34220,14395,6.0,2017.0,0,0,-44.89922320819137,27479,21,13127,-16.665534024738797,28318,,13449
,0,,33532,14766,6.0,2017.0,0,0,-44.6637549342644,27727,21,13047,-16.637332423936417,29513,,13847
,0,,39577,15018,4.0,2017.0,0,0,-44.579692011760976,33890,15,13762,-16.91673291288134,35662,,14551
,0,,38581,14900,4.0,2017.0,0,0,-44.80495843017712,32725,15,13652,-16.890738894422178,33808,,14400
,0,,39258,14688,4.0,2017.0,0,0,-44.79587346331208,33013,15,13406,-16.660761111308076,35463,,14076
,0,,30973,13591,4.0,2017.0,0,0,-44.901529030375734,32087,15,13329,-16.64216363180438,30573,,13416
,0,,34143,14424,4.0,2017.0,0,0,-44.608271648626115,29039,15,13446,-16.658883364929462,28546,,13598
,0,,42146,14868,4.0,2017.0,0,0,-44.81660844695334,34623,15,13616,-16.97037452938087,38222,,14274
,0,,35604,14734,4.0,2017.0,0,0,-44.76342318611312,28328,15,13352,-16.69505105628923,28753,,13545
,0,,39590,14846,4.0,2017.0,0,0,-44.90495650182912,36697,15,13836,-16.741485890681037,36512,,14083
,0,,42946,15298,4.0,2017.0,0,0,-44.73174933960925,31802,15,13606,-16.630549044634392,32501,,14171
,0,,39199,14778,4.0,2017.0,0,0,-44.58983429476297,33272,15,13711,-16.98957913032981,35130,,14038
,0,,38202,15052,4.0,2017.0,0,0,-44.76630567835799,33269,15,13973,-16.713317684200124,33611,,14316
,0,,34923,14574,4.0,2017.0,0,0,-44.73630044955955,29193,15,13282,-16.78961163012283,30339,,13861
,0,,37225,14524,4.0,2017.0,0,0,-44.772767925225445,27526,15,12964,-16.9121275900877,31959,,14041
,0,,38846,14367,4.0,2017.0,0,0,-44.648285343178856,36038,15,13295,-16.93257971491067,37441,,13834
,0,,35300,14386,4.0,2017.0,0,0,-44.65486333378426,29614,15,13646,-16.774056626771543,34046,,14164
,0,,31306,14286,4.0,2017.0,0,0,-44.90016521499625,28823,15,13641,-16.641294688318368,29255,,14047
,0,,38309,14817,4.0,2017.0,0,0,-44.59192564638652,32002,15,13514,-16.911961569985078,32083,,13887
,0,,38866,14393,4.0,2017.0,0,0,-44.818694737660074,34911,15,13605,-16.92966500884081,34616,,13829
,0,,35269,14613,4.0,2017.0,0,0,-44.90090661612479,34677,15,13919,-16.905922960962716,34581,,14343
,0,,38890,14902,4.0,2017.0,0,0,-44.74101319782783,35006,15,13948,-16.99645679996228,36694,,14317
,0,,40056,14705,4.0,2017.0,0,0,-44.71537308725275,36420,15,13753,-16.996790662757565,34674,,14031
,0,,42014,14940,4.0,2017.0,0,0,-44.72468187790561,30664,15,13692,-16.971496512794715,33632,,14036
,0,,34708,14479,4.0,2017.0,0,0,-44.754688773454454,25866,15,13009,-16.75593766439409,26649,,13330
,0,,36122,14828,4.0,2017.0,0,0,-44.823393505788204,29562,15,13293,-16.979330496677044,31837,,14114
,0,,44612,15053,4.0,2017.0,0,0,-44.56445093655349,32853,15,13591,-16.99689688116804,36694,,14447
,0,,33761,14354,4.0,2017.0,0,0,-44.83681462108914,29712,15,13833,-16.848824945696368,29899,,13630
,0,,34085,14587,6.0,2017.0,0,0,-44.64937364421271,32641,21,13423,-16.693972609097248,31502,,13832
,0,,44805,15523,6.0,2017.0,0,0,-44.82423698550122,29382,21,13729,-16.74630819349037,32528,,14433
,0,,38674,15123,6.0,2017.0,0,0,-44.75938306228888,24813,21,12996,-16.896263039620134,30278,,14199
,0,,42478,15594,6.0,2017.0,0,0,-44.57005510584913,28793,21,13855,-16.66004128758649,30444,,14339
,0,,46064,15490,6.0,2017.0,0,0,-44.85424584914138,30306,21,13763,-16.67387530255466,34496,,14577
,0,,38637,15411,6.0,2017.0,0,0,-44.77105927089635,26608,21,13074,-16.717897853574037,30873,,14263
,0,,44084,15503,6.0,2017.0,0,0,-44.84241297407217,32472,21,13626,-16.786043556196958,36336,,14635
,0,,36311,14608,4.0,2017.0,0,0,-44.97391730841693,26950,15,13127,-16.72643302154443,26676,,13345
,0,,33564,13957,4.0,2017.0,0,0,-44.98440164418652,28630,15,12853,-16.658883380938413,30477,,13366
,0,,33244,13919,4.0,2017.0,0,0,-44.99409238585407,28270,15,12858,-16.756899375248334,30027,,13410
,0,,36620,13759,4.0,2017.0,0,0,-44.970287103896936,33743,15,12732,-16.960521141114054,33384,,13164
,0,,35786,14379,4.0,2017.0,0,0,-44.946185102277425,31230,15,13299,-16.66004130263052,30918,,13778
,0,,39463,15163,4.0,2017.0,0,0,-45.00293612238259,29181,15,13377,-16.833710124158685,31175,,13738
,0,,32773,13811,4.0,2017.0,0,0,-45.107879332376584,29906,15,13051,-16.63054906797438,29805,,13374
,0,,34906,13912,4.0,2017.0,0,0,-45.03988492857036,30998,15,12979,-16.637332444568052,30000,,13211
,0,,32796,14355,6.0,2017.0,0,0,-44.9609347333641,27344,21,13372,-16.662586105439974,30679,,14131
,0,,37125,14794,4.0,2017.0,0,0,-45.030993328280445,27080,15,13280,-16.77405662491904,27494,,13612
,0,,40203,15276,6.0,2017.0,0,0,-45.03807636565755,28202,21,13419,-16.791771811993133,28374,,13807
,0,,35791,13941,4.0,2017.0,0,0,-44.95463146472489,30139,15,12893,-16.65955752256183,29358,,13163
,0,,36863,14857,4.0,2017.0,0,0,-44.95674669447803,28465,15,13667,-16.719041348129046,30078,,13918
,0,,36573,14947,4.0,2017.0,0,0,-44.94238300695181,33923,15,13931,-16.768203817982695,33798,,14561
,0,,32294,14519,4.0,2017.0,0,0,-44.96089599088616,29708,15,13624,-16.91824465629763,28928,,13780
,0,,38502,14853,4.0,2017.0,0,0,-45.15644819817507,27823,15,13236,-16.647798360053212,29669,,13678
,0,,35561,14355,4.0,2017.0,0,0,-45.016163244733136,28211,15,13364,-16.908715010521828,29153,,13538
,0,,39987,14768,4.0,2017.0,0,0,-44.98065159627486,32795,15,13593,-16.82174701840165,35641,,14161
,0,,37629,14700,4.0,2017.0,0,0,-44.94208906550504,34585,15,13969,-16.763688819560137,33754,,14299
,0,,34684,13699,4.0,2017.0,0,0,-44.96596429073852,30313,15,13053,-16.989579095121442,31202,,13263
,0,,33087,14248,4.0,2017.0,0,0,-45.091503080370906,30884,15,13751,-16.99679064390145,31321,,14130
,0,,29557,13592,4.0,2017.0,0,0,-45.11881122222027,29492,15,13170,-16.985145032153582,29179,,13436
,0,,34554,14426,4.0,2017.0,0,0,-45.09833681369259,34216,15,14102,-16.88050257356882,34346,,14211
,0,,34425,14517,4.0,2017.0,0,0,-45.10081187081159,32166,15,13624,-16.971496496406225,33574,,14043
,0,,37132,14249,4.0,2017.0,0,0,-45.08070863645422,35041,15,13824,-16.86675397752283,34354,,13955
,0,,33775,13841,4.0,2017.0,0,0,-45.07413818650162,30887,15,13220,-16.948977779550358,32758,,13631
,0,,31758,13160,6.0,2017.0,0,0,-44.44088761142852,31888,21,13019,-16.12498956642881,33673,,13138
,0,,36233,13855,4.0,2017.0,0,0,-44.44047757900493,35688,15,13160,-16.224640434169025,35922,,13515
,0,,36020,13393,4.0,2017.0,0,0,-44.3703026320757,31115,15,12847,-15.89528487502236,32212,,13105
,0,,36964,13642,4.0,2017.0,0,0,-44.38988387530563,35954,15,13098,-16.049599386424276,35511,,13318
,0,,31315,13576,4.0,2017.0,0,0,-44.409427572717924,32418,15,13198,-16.05733433253188,32289,,13375
,0,,37874,14506,4.0,2017.0,0,0,-44.39663452734816,34653,15,13795,-16.166370552159524,34441,,14180
,0,,39124,14703,4.0,2017.0,0,0,-44.35342798693217,32687,15,13315,-16.03678924249562,32683,,13743
,0,,30692,13507,4.0,2017.0,0,0,-44.47204281265078,29908,15,12774,-16.037226863592487,30530,,13162
,0,,35743,13919,4.0,2017.0,0,0,-44.390171234541796,32871,15,13095,-15.967483943902613,32073,,13341
,0,,33678,14530,4.0,2017.0,0,0,-44.48603168006375,31258,15,13550,-16.25386258486161,30519,,13974
,0,,38006,14210,4.0,2017.0,0,0,-44.33034226241785,32183,15,13147,-15.959566018603418,32431,,13527
,0,,41322,15246,4.0,2017.0,0,0,-44.46068127556658,34508,15,14137,-16.10304433421609,35093,,14600
,0,,34013,14064,4.0,2017.0,0,0,-44.39492448137939,34949,15,13631,-15.972065908655049,32982,,13901
,0,,42533,15072,4.0,2017.0,0,0,-44.41945321797621,35999,15,13715,-16.184208931773153,37190,,14511
,0,,37140,15024,4.0,2017.0,0,0,-44.478112554662815,33434,15,13609,-15.928027599308269,34937,,14397
,0,,37189,14834,4.0,2017.0,0,0,-44.54396537766548,33482,15,14215,-16.239697130376786,34502,,14327
,0,,33105,14146,4.0,2017.0,0,0,-44.35561929768958,29970,15,13337,-15.88468330771679,31744,,13588
,0,,33314,14694,4.0,2017.0,0,0,-44.4041871821667,29408,15,13477,-15.901939431609252,29730,,13743
,0,,41170,14428,4.0,2017.0,0,0,-44.4481006248058,35625,15,13364,-16.000487830630764,37108,,13705
,0,,42095,15150,4.0,2017.0,0,0,-44.44256282121752,33991,15,13821,-16.183915249961736,32933,,14209
,0,,30112,13978,4.0,2017.0,0,0,-44.617878889270415,30151,15,13122,-17.03542585471403,29619,,13483
,0,,29460,13825,6.0,2017.0,0,0,-44.600577495568004,29868,21,13355,-17.03288201254877,28996,,13563
,0,,35630,14996,6.0,2017.0,0,0,-44.90662848211711,26822,21,13238,-17.022268577220707,26414,,13667
,0,,32401,14411,4.0,2017.0,0,0,-44.85043822638354,32785,15,13632,-17.086097498346277,32296,,14183
,0,,41073,14894,4.0,2017.0,0,0,-44.14790469736367,31933,15,13779,-16.268401135084215,32855,,14228
,0,,37399,14994,4.0,2017.0,0,0,-43.81399269585138,27696,15,13472,-16.395334828515544,31142,,14042
,0,,37638,15022,4.0,2017.0,0,0,-44.14864630498255,32491,15,14017,-16.533080445629803,33386,,14490
,0,,36805,14924,4.0,2017.0,0,0,-43.84189537120251,27243,15,12919,-16.587688838438414,32278,,13714
,0,,37017,14526,4.0,2017.0,0,0,-43.87454416362557,31048,15,13048,-16.460852959345104,32098,,13565
,0,,37070,15186,4.0,2017.0,0,0,-43.80977247233985,28834,15,13544,-16.513752834869663,32344,,14581
,0,,40116,15365,6.0,2017.0,0,0,-43.9026014425547,26203,21,13504,-16.401187692674757,30663,,14464
,0,,43003,15563,4.0,2017.0,0,0,-43.96939837081802,28921,15,13437,-16.46535004759585,31134,,13971
,0,,34383,14239,4.0,2017.0,0,0,-44.064759344685676,30324,15,13421,-16.49791177722735,31464,,14042
,0,,40631,15039,4.0,2017.0,0,0,-43.89887689725786,32853,15,13728,-16.340595226535342,35982,,14429
,0,,30159,13485,4.0,2017.0,0,0,-44.091705297684356,30992,15,13002,-16.34551840270541,29365,,13076
,0,,39285,14394,4.0,2017.0,0,0,-44.167835366176014,36703,15,13451,-16.612595952954102,37488,,13997
,0,,37069,14438,4.0,2017.0,0,0,-44.14696210678847,34994,15,13942,-16.292645131013018,36213,,14201
,0,,39932,15049,4.0,2017.0,0,0,-44.14926847330017,30535,15,13454,-16.26927026774443,30842,,13830
,0,,39624,14831,4.0,2017.0,0,0,-43.82835632992426,30678,15,13392,-16.34616264830259,31779,,13830
,0,,35010,14309,4.0,2017.0,0,0,-43.94574667022637,30364,15,13085,-16.576142347918168,29820,,13686
,0,,36841,13957,4.0,2017.0,0,0,-44.17155822743804,35223,15,13277,-16.44333792057387,34609,,13595
,0,,34268,14341,4.0,2017.0,0,0,-43.911494805809376,31003,15,13414,-16.26443706537452,32358,,13866
,0,,36100,14049,4.0,2017.0,0,0,-43.81779500337865,32093,15,13211,-16.28715138333366,32134,,13327
,0,,34260,14489,4.0,2017.0,0,0,-43.81954453328885,28598,15,12851,-16.318794209379774,30183,,13562
,0,,32353,14051,4.0,2017.0,0,0,-44.13358343769704,29106,15,13190,-16.399037963549546,30354,,13555
,0,,33293,13401,4.0,2017.0,0,0,-43.86570129567802,32547,15,13105,-16.384027487193414,32232,,13227
,0,,39753,13993,4.0,2017.0,0,0,-43.861255234665606,29984,15,12610,-16.54147419847249,33949,,13224
,0,,36749,14021,4.0,2017.0,0,0,-44.24183130244774,34273,15,13107,-16.38402751323175,33563,,13603
,0,,35841,14638,4.0,2017.0,0,0,-44.27500690578386,32763,15,13527,-16.34059524951015,33017,,14161
,0,,36221,13960,4.0,2017.0,0,0,-44.330343713534404,32079,15,13299,-16.332520370071254,32041,,13554
,0,,34022,14898,4.0,2017.0,0,0,-44.3218766812237,31631,15,13740,-16.5761423370583,30542,,14254
,0,,35688,14624,4.0,2017.0,0,0,-44.51064090269891,31403,15,13627,-16.27657151481172,30611,,13806
,0,,34078,14346,4.0,2017.0,0,0,-44.34552838305571,31355,15,13326,-16.465350039662,31057,,13718
,0,,45296,15507,4.0,2017.0,0,0,-44.48271190930743,32125,15,13639,-16.40747706706757,31565,,13819
,0,,37554,14479,4.0,2017.0,0,0,-44.21101998819255,36402,15,13523,-16.62778509121088,34579,,13772
,0,,37676,14590,4.0,2017.0,0,0,-44.32844494517042,32815,15,13459,-16.493902655728537,31935,,13672
,0,,40526,14757,4.0,2017.0,0,0,-44.36099858381691,31174,15,13149,-16.31919132382259,32793,,13810
,0,,35308,14519,4.0,2017.0,0,0,-44.44810379799595,34503,15,13841,-16.373433946935506,32222,,13874
,0,,35903,14774,4.0,2017.0,0,0,-44.54396538885018,25702,15,13114,-16.612595895986576,27628,,13582
,0,,39281,15066,4.0,2017.0,0,0,-44.21370373929511,31166,15,13757,-16.616752465761365,31238,,14085
,0,,38023,14724,4.0,2017.0,0,0,-44.18139180134454,35377,15,14024,-16.446775018972044,35881,,14332
,0,,41761,15141,4.0,2017.0,0,0,-44.3165661433087,33230,15,13779,-16.577422340886557,36057,,14279
,0,,33029,14905,4.0,2017.0,0,0,-44.38529226574169,29495,15,13935,-16.378933934303145,27893,,13876
,0,,37536,14019,4.0,2017.0,0,0,-44.278731451273465,35626,15,13317,-16.40118770786231,35728,,13577
,0,,33107,14029,4.0,2017.0,0,0,-44.21802537670603,30770,15,13434,-16.587688847169797,30702,,13693
,0,,36048,14469,4.0,2017.0,0,0,-44.502656275603584,31954,15,13394,-16.30663472270662,29628,,13721
,0,,41742,15502,4.0,2017.0,0,0,-44.428826768510085,34425,15,14382,-16.517892347332992,36116,,14595
,0,,44377,15309,4.0,2017.0,0,0,-44.39542370362326,37076,15,13960,-16.592946591870625,35629,,14232
,0,,35550,14668,4.0,2017.0,0,0,-44.53496713890353,32762,15,13899,-16.260391423122027,31324,,14116
,0,,38793,15423,6.0,2017.0,0,0,-44.409430987797094,24896,21,13402,-16.430269749591577,27692,,14240
,0,,37512,14859,6.0,2017.0,0,0,-44.26809447940678,33799,21,14120,-16.597621275859886,33441,,14403
,0,,36782,14633,4.0,2017.0,0,0,-44.873278852086386,29720,15,12922,-16.590411444475812,31999,,13526
,0,,32827,14191,4.0,2017.0,0,0,-44.63419916474306,29664,15,13619,-16.318833583543245,29587,,14042
,0,,34839,13603,4.0,2017.0,0,0,-44.69322343217778,31187,15,12975,-16.598661031468403,30879,,13216
,0,,36495,15026,4.0,2017.0,0,0,-44.68133854128247,27562,15,12975,-16.53928049023334,27111,,13385
,0,,37166,14708,4.0,2017.0,0,0,-44.552785085261576,29724,15,13075,-16.306601476196867,29255,,13820
,0,,31416,14204,4.0,2017.0,0,0,-44.557117116228106,29196,15,13474,-16.345468338650843,28571,,13961
,0,,37327,14327,4.0,2017.0,0,0,-44.7980328758653,29534,15,12588,-16.44892067196781,31335,,12980
,0,,36010,14408,4.0,2017.0,0,0,-44.69793828760288,30163,15,13114,-16.518997110107914,29589,,13457
,0,,34368,14465,4.0,2017.0,0,0,-44.732505480772105,29307,15,13296,-16.257652146851104,29904,,13734
,0,,32857,14301,4.0,2017.0,0,0,-44.55914559690886,27683,15,13112,-16.292632043809284,27586,,13314
,0,,37628,14723,6.0,2017.0,0,0,-44.911805510557386,31760,21,13517,-16.26839189290691,31345,,13808
,0,,34275,14165,4.0,2017.0,0,0,-44.79986978878752,28800,15,13188,-16.606509522729613,27954,,13406
,0,,36933,14924,4.0,2017.0,0,0,-44.73478009655945,31039,15,13657,-16.623630415963447,31076,,14013
,0,,41079,14735,4.0,2017.0,0,0,-44.82102939096897,34885,15,13576,-16.513808759543224,35347,,14321
,0,,43628,14976,4.0,2017.0,0,0,-44.70947857280439,29030,15,13489,-16.62396364179525,31943,,13958
,0,,34687,14660,4.0,2017.0,0,0,-44.85206610770918,29433,15,13478,-16.413931868433455,31584,,13920
,0,,41633,15065,4.0,2017.0,0,0,-44.881782226604884,32840,15,13688,-16.383016457310084,34679,,14228
,0,,36018,14468,4.0,2017.0,0,0,-44.734321099658615,29362,15,12870,-16.59294935524574,28891,,13363
,0,,35883,14457,4.0,2017.0,0,0,-44.782634041916175,32436,15,13706,-16.332517781596938,32197,,14104
,0,,41112,14917,4.0,2017.0,0,0,-44.556782823462896,34011,15,13665,-16.42246090226015,32762,,13847
,0,,34356,14653,4.0,2017.0,0,0,-44.66689923514627,29876,15,13661,-16.54543012468243,30569,,13986
,0,,40620,14989,4.0,2017.0,0,0,-44.69194001151676,34277,15,13754,-16.51789831741954,33817,,14253
,0,,37050,14484,4.0,2017.0,0,0,-44.90662857145951,31101,15,13265,-16.276556649916177,31824,,13769
,0,,34446,13639,4.0,2017.0,0,0,-44.598841862790536,33313,15,13053,-16.507608679568797,33928,,13443
,0,,37123,13821,4.0,2017.0,0,0,-44.60209610760543,33291,15,13161,-16.60112788392886,34128,,13566
,0,,35982,14752,4.0,2017.0,0,0,-44.60057991209064,32149,15,13864,-16.287173174504893,30870,,14145
,0,,43718,15518,4.0,2017.0,0,0,-44.88435543966452,32311,15,13967,-16.378884353272895,34759,,14527
,0,,35284,15015,6.0,2017.0,0,0,-44.79985832478613,28141,21,13309,-16.319182137299844,27607,,13524
,0,,35544,14736,6.0,2017.0,0,0,-44.64380037631018,29977,21,13532,-16.576125094338224,30147,,13992
,0,,33331,14257,6.0,2017.0,0,0,-44.56550981749829,30741,21,13420,-16.37338180985406,30536,,13689
,0,,37308,15068,6.0,2017.0,0,0,-44.90046157856786,24169,21,13110,-16.541447445298886,26789,,13510
,0,,41818,15402,6.0,2017.0,0,0,-44.91955778597616,28164,21,13384,-16.590737312255875,29691,,13965
,0,,37850,15086,6.0,2017.0,0,0,-44.70485894804684,26793,21,13434,-16.576815381671953,27234,,13761
,0,,34183,14370,4.0,2017.0,0,0,-45.01373268927693,28880,15,13322,-16.286008463125448,28039,,13598
,0,,36342,14534,4.0,2017.0,0,0,-44.98786256378155,26488,15,13109,-16.597604269762012,26898,,13545
,0,,36118,14639,4.0,2017.0,0,0,-44.92891508208146,29628,15,13487,-16.306601490970504,30606,,13976
,0,,40519,14933,4.0,2017.0,0,0,-44.93291282019184,27873,15,13284,-16.422460918872623,29681,,13921
,0,,36366,14777,6.0,2017.0,0,0,-44.93324711295045,29332,21,13242,-16.345468354101868,32531,,13979
,0,,39951,14692,4.0,2017.0,0,0,-44.93258069132878,27687,15,12937,-16.55825175450705,30362,,13844
,0,,34964,14300,4.0,2017.0,0,0,-44.99989233306215,30561,15,13131,-16.413172748297196,31783,,13789
,0,,36808,14173,4.0,2017.0,0,0,-44.95283307649049,31689,15,13134,-16.616742762070743,32936,,13924
,0,,34837,13935,4.0,2017.0,0,0,-45.01058487910222,31442,15,13140,-16.40748705056045,32913,,13783
,0,,38232,13911,4.0,2017.0,0,0,-45.01993037106645,35372,15,13112,-16.576125115000256,37053,,13369
,0,,39312,15179,6.0,2017.0,0,0,-45.07131655436985,29372,21,13798,-16.353597119563407,31867,,14609
,0,,39112,15102,4.0,2017.0,0,0,-45.010734856093855,31611,15,13513,-16.30454759085636,31359,,14220
,0,,41689,14506,4.0,2017.0,0,0,-45.08560856606786,32161,15,13344,-16.62396366446992,31501,,13527
,0,,42563,15389,6.0,2017.0,0,0,-45.06807000518839,31929,21,14000,-16.517898338148612,32446,,14438
,0,,37589,14927,4.0,2017.0,0,0,-45.04302922938226,28150,15,13567,-16.545430145335768,30635,,13957
,0,,38814,14807,4.0,2017.0,0,0,-44.97822610330868,28617,15,13130,-16.601127904148353,29092,,13527
,0,,33289,14676,4.0,2017.0,0,0,-45.08996843592511,30969,15,13501,-16.535380478733178,31018,,14088
,0,,35708,15019,4.0,2017.0,0,0,-44.93173697085168,29282,15,14044,-16.46527215361932,30146,,14288
,0,,41673,14866,4.0,2017.0,0,0,-45.05746853519217,26323,15,13272,-16.539280511079298,29190,,13758
,0,,33527,13562,4.0,2017.0,0,0,-44.9613000588602,29990,15,12682,-16.62778362827039,29716,,12925
,0,,41783,15102,4.0,2017.0,0,0,-45.16016167931074,31403,15,13668,-16.597553249569014,31697,,14030
,0,,41566,15203,4.0,2017.0,0,0,-45.01591378457207,31679,15,13585,-16.577404349712882,32661,,14326
,0,,35184,14479,4.0,2017.0,0,0,-44.976709907825466,32057,15,13805,-16.28717318752113,31243,,14067
,0,,37537,14533,4.0,2017.0,0,0,-45.002622857711096,32165,15,13264,-16.410165703366886,33358,,13966
,0,,39341,14672,4.0,2017.0,0,0,-45.0781170139781,34178,15,13435,-16.34051965657128,32655,,13961
,0,,32522,14409,4.0,2017.0,0,0,-44.974971858566136,30272,15,13673,-16.507608698304406,29580,,13993
,0,,36559,15098,4.0,2017.0,0,0,-45.12112123456418,34950,15,14312,-16.55684174656778,34764,,14624
,0,,41982,15047,4.0,2017.0,0,0,-45.07406828113365,31654,15,13196,-16.518997130969552,34633,,14355
,0,,35090,13939,4.0,2017.0,0,0,-44.92778793667367,31817,15,13316,-16.58765555998664,29454,,13404
,0,,35260,14353,4.0,2017.0,0,0,-45.046708458246165,30378,15,12936,-16.346209911034972,30556,,13512
,0,,23257,13253,9.0,2017.0,0,0,-43.51164323697714,22357,29,12919,-16.9087150335426,22234,,12981
,0,,25988,13545,9.0,2017.0,0,0,-43.45442655831656,24324,29,13007,-16.963591085271855,24610,,13351
,65535,,18879,8565,8.0,2017.0,65535,65535,-45.02550363884022,13549,33,4775,-16.693972620196917,13554,,4918
,65535,,17657,7908,8.0,2017.0,65535,65535,-45.06385590042356,13172,33,4413,-16.36270440749606,14354,,5343
,0,,32122,15470,0.0,2018.0,0,0,-43.5643076389782,25902,3,13651,-16.950257534866573,25963,,14196
,0,,40210,16096,0.0,2018.0,0,0,-43.593816804904684,27150,3,13988,-16.88050259051793,31234,,14865
,0,,33953,15405,1.0,2018.0,0,0,-43.52647332033536,30541,4,14526,-16.77405664186229,32848,,15035
,0,,40493,15867,1.0,2018.0,0,0,-43.690304718433794,30450,4,14216,-16.929665018531434,33949,,14993
,0,,39479,15439,1.0,2018.0,0,0,-43.489376895307984,32279,4,14239,-16.71336928166784,33703,,14639
,0,,37945,16077,1.0,2018.0,0,0,-43.63791566098223,25570,4,13771,-16.71331770348167,29187,,14590
,0,,35133,14970,1.0,2018.0,0,0,-43.77251659401104,29036,4,14156,-16.905922976705845,29548,,14394
,0,,36973,15612,1.0,2018.0,0,0,-43.782707272396195,29758,4,14317,-16.633286397763133,31797,,14892
,0,,37306,15230,1.0,2018.0,0,0,-43.45821100371299,33032,4,14247,-16.677405843075746,34645,,14775
,0,,38358,15464,1.0,2018.0,0,0,-43.72585582866657,27695,4,13814,-16.673875324091078,31603,,14593
,0,,38823,15852,1.0,2018.0,0,0,-43.52274795215191,31332,4,14434,-16.713475832684534,35731,,15153
,0,,37621,15953,1.0,2018.0,0,0,-43.603359323461284,26020,4,13856,-16.63054907539588,29896,,14749
,0,,30280,14851,1.0,2018.0,0,0,-43.46939730118609,29053,4,14003,-16.726433039425796,29988,,14383
,0,,44185,15963,1.0,2018.0,0,0,-43.637631965077134,26495,4,13622,-16.79540148237469,32086,,14713
,0,,33012,14708,1.0,2018.0,0,0,-43.441665095392416,28619,4,13840,-16.660041319295544,29676,,14079
,0,,31563,14857,1.0,2018.0,0,0,-43.66719552192755,29560,4,13992,-16.92995889627611,30881,,14380
,0,,32183,14297,1.0,2018.0,0,0,-43.79170537454696,30532,4,13840,-16.985422833475862,31786,,14258
,0,,44565,16004,1.0,2018.0,0,0,-43.75745455646287,28040,4,13943,-16.77190656591124,33029,,14916
,0,,36173,15124,1.0,2018.0,0,0,-43.730453706624495,31522,4,14161,-16.78034442476028,33603,,14630
,0,,29369,14245,1.0,2018.0,0,0,-43.50263308961414,27742,4,13907,-16.973974797318863,29175,,14117
,0,,42190,16112,1.0,2018.0,0,0,-43.57808516611792,26769,4,13776,-16.70540282676292,31081,,14760
,0,,30564,14051,1.0,2018.0,0,0,-43.4587600784185,27922,4,13221,-17.000609583331375,28987,,13777
,0,,36445,14564,1.0,2018.0,0,0,-43.71557813975033,31894,4,13712,-16.7183978402154,32480,,13946
,0,,40012,15435,0.0,2018.0,0,0,-43.94043763004719,30569,3,14314,-16.95025752557399,33601,,14847
,0,,40498,16174,0.0,2018.0,0,0,-43.979489316559636,28964,3,14525,-16.630549086724344,31518,,15180
,0,,30908,15148,1.0,2018.0,0,0,-44.04361344131785,28039,4,14351,-16.660761146654803,29417,,14825
,0,,38519,15302,1.0,2018.0,0,0,-44.052698408315315,34732,4,14683,-16.890738901575507,34915,,14990
,0,,43014,15664,1.0,2018.0,0,0,-43.81369904318968,29482,4,14243,-16.763688840230394,35138,,15017
,0,,30669,14800,1.0,2018.0,0,0,-43.94156156082064,28154,4,14140,-16.786825154266882,29098,,14482
,0,,34683,15336,1.0,2018.0,0,0,-44.07197696395579,29058,4,14395,-16.746308213972394,30648,,14911
,0,,35573,15316,1.0,2018.0,0,0,-43.813992984645154,29979,4,14447,-16.768203838522208,31941,,14814
,0,,32721,15102,1.0,2018.0,0,0,-43.96994679749775,30413,4,14476,-16.88050258578178,30431,,14646
,0,,36240,15033,1.0,2018.0,0,0,-44.02050790282894,31905,4,14415,-16.912127592429275,30990,,14632
,0,,37254,15119,1.0,2018.0,0,0,-44.13358455753746,31100,4,14303,-16.77190657194428,31988,,14701
,0,,37615,15052,1.0,2018.0,0,0,-43.98487000396049,31747,4,14204,-16.69207640610164,33076,,14564
,0,,35951,15571,1.0,2018.0,0,0,-44.1065837062981,27537,4,14309,-16.78034442950773,30971,,15081
,0,,31246,14874,1.0,2018.0,0,0,-43.89196558186315,28890,4,14256,-16.970452240320068,29851,,14609
,0,,33653,15176,1.0,2018.0,0,0,-43.95231861956828,31954,4,14517,-16.86675399078788,32052,,14896
,0,,41332,16081,0.0,2018.0,0,0,-43.91149491008823,29023,3,14207,-16.637332465470973,33687,,15170
,0,,43084,16222,1.0,2018.0,0,0,-44.009165424386254,27556,4,14100,-16.751807470452192,29626,,14879
,0,,32063,14753,1.0,2018.0,0,0,-44.15883727477673,29090,4,13900,-16.633286411961087,30926,,14419
,0,,39398,15950,0.0,2018.0,0,0,-44.152696481638614,27586,3,13897,-16.74148591937987,32363,,14932
,0,,42608,15993,0.0,2018.0,0,0,-43.85601162352908,25435,3,13716,-16.658883403082356,31148,,15013
,0,,39995,15956,0.0,2018.0,0,0,-44.011163163576235,25298,3,13666,-16.695051085533446,31252,,15056
,0,,32178,14832,1.0,2018.0,0,0,-43.87639341980413,32102,4,13999,-16.93113992627876,32351,,14324
,0,,30006,14360,1.0,2018.0,0,0,-43.88073604440662,27832,4,13745,-16.867279742622515,28583,,13960
,0,,31702,14611,1.0,2018.0,0,0,-43.88777322531876,25441,4,13597,-16.90871502481779,26760,,14083
,0,,37099,15322,1.0,2018.0,0,0,-43.81779508012037,30071,4,13954,-16.66004132598329,31143,,14449
,0,,34810,14876,1.0,2018.0,0,0,-44.08455459975946,28931,4,13664,-16.848824959268274,30358,,14150
,0,,31455,15007,1.0,2018.0,0,0,-44.01781167543094,29147,4,14455,-16.90412523445105,29721,,14710
,0,,36028,15280,1.0,2018.0,0,0,-44.01404565586259,31642,4,14363,-16.713317709928237,32907,,14860
,0,,35721,14822,1.0,2018.0,0,0,-43.84189708268637,30918,4,13873,-16.96052115549611,32193,,14379
,0,,36027,14684,1.0,2018.0,0,0,-43.954215157904265,30120,4,13731,-16.705402832743324,31229,,14071
,0,,31054,14381,1.0,2018.0,0,0,-43.83055654370275,32531,4,13874,-16.963591071924924,32208,,14094
,0,,32834,15240,1.0,2018.0,0,0,-43.83489006403743,28450,4,13536,-17.000609568106402,28125,,14267
,0,,37398,14626,1.0,2018.0,0,0,-43.97730471749858,29371,4,13357,-16.78259636013626,32007,,13936
,0,,39419,15853,0.0,2018.0,0,0,-44.26127442379673,31401,3,14807,-16.774869672368663,33556,,15345
,0,,40702,15798,0.0,2018.0,0,0,-44.24175011281261,26397,3,14054,-16.66260767346758,31690,,15118
,0,,39298,15676,0.0,2018.0,0,0,-44.42231839625778,28214,3,13873,-16.64779382696773,33150,,14784
,0,,37468,15770,0.0,2018.0,0,0,-44.368859476707335,28303,3,13917,-16.929681008656328,31476,,14896
,0,,33788,15353,1.0,2018.0,0,0,-44.32965370015719,31687,4,14899,-16.76827170749629,31896,,15064
,0,,35509,15280,1.0,2018.0,0,0,-44.261471650211675,31213,4,14572,-16.65889947081186,32297,,14857
,0,,31064,14645,1.0,2018.0,0,0,-44.29444566216964,26249,4,13658,-16.719089576965203,27415,,14094
,0,,33827,14948,1.0,2018.0,0,0,-44.32480739262089,31087,4,14511,-16.76375615352318,31082,,14642
,0,,30670,14820,1.0,2018.0,0,0,-44.18065260789941,28125,4,13939,-16.79532453368024,28764,,14475
,0,,41912,15761,1.0,2018.0,0,0,-44.189379281984564,29622,4,14081,-16.746255050826093,34087,,14979
,0,,32065,14926,1.0,2018.0,0,0,-44.258322538367615,30897,4,14333,-16.780354607227988,30152,,14626
,0,,37635,15518,1.0,2018.0,0,0,-44.23240113931548,30726,4,14482,-16.659578232498287,33795,,15089
,0,,33024,15238,1.0,2018.0,0,0,-44.19120609744691,27374,4,13994,-16.866686489637623,29415,,14792
,0,,39431,15605,1.0,2018.0,0,0,-44.180986817472856,33234,4,14451,-16.718346819322,35457,,14899
,0,,37984,15499,1.0,2018.0,0,0,-44.311592813554235,33945,4,14882,-16.7355809888393,35322,,15177
,0,,34690,14907,1.0,2018.0,0,0,-44.40790075097967,31681,4,14233,-16.97038455989075,31661,,14668
,0,,36920,15400,1.0,2018.0,0,0,-44.42411149059044,29228,4,14266,-16.77406348089325,30365,,14778
,0,,36266,15146,1.0,2018.0,0,0,-44.45301933623636,32024,4,14368,-16.69503248768335,34148,,14809
,0,,36066,15489,1.0,2018.0,0,0,-44.42372736310537,28763,4,14168,-16.692067023820883,31465,,15032
,0,,39599,15559,1.0,2018.0,0,0,-44.33790023928445,31072,4,14330,-16.69398987988142,34039,,14865
,0,,40772,15668,1.0,2018.0,0,0,-44.45360795953583,33601,4,14452,-16.925166577092558,35163,,15089
,0,,32715,14917,1.0,2018.0,0,0,-44.47430899177221,27651,4,13709,-16.713289008917364,29373,,14347
,0,,32578,14893,1.0,2018.0,0,0,-44.49296959729132,30350,4,14070,-16.91675089686395,30050,,14446
,0,,33571,14940,1.0,2018.0,0,0,-44.2503607590689,32580,4,14469,-16.783032661997414,33154,,14729
,0,,41407,15572,1.0,2018.0,0,0,-44.50740857873697,31775,4,14136,-16.78254505865278,33823,,14781
,0,,37609,15471,1.0,2018.0,0,0,-44.54342755223646,29478,4,13961,-16.963568474335723,33018,,14913
,0,,37314,15152,1.0,2018.0,0,0,-44.500375564740544,32138,4,14283,-16.9119657856251,32489,,14721
,0,,36473,15211,1.0,2018.0,0,0,-44.49956656288993,30748,4,14274,-16.918254578426822,32576,,14775
,0,,39646,15655,1.0,2018.0,0,0,-44.47593469705725,31892,4,14527,-16.786798052772326,33960,,14886
,0,,34385,14672,1.0,2018.0,0,0,-44.22271109705153,33259,4,14058,-16.880456538406882,32315,,14332
,0,,41271,15566,1.0,2018.0,0,0,-44.30770746539205,32341,4,14460,-16.870770555470358,34661,,14869
,0,,38517,15132,1.0,2018.0,0,0,-44.40650271445937,30869,4,13905,-16.70540019258223,33717,,14470
,0,,42506,15881,1.0,2018.0,0,0,-44.53049852867263,31490,4,14338,-16.64944853288828,34832,,14931
,0,,45796,15384,1.0,2018.0,0,0,-44.52121936804622,29092,4,13701,-16.789549979147733,31933,,14198
,0,,34297,15122,1.0,2018.0,0,0,-44.5056515546199,31085,4,14331,-16.75588821911592,32187,,14773
,0,,43228,15657,1.0,2018.0,0,0,-44.53855236528367,31428,4,14329,-16.63328334137136,35913,,14845
,0,,37127,15058,1.0,2018.0,0,0,-44.381730498384954,32383,4,14333,-16.641145723810737,33093,,14629
,0,,37752,15131,1.0,2018.0,0,0,-44.25847314614561,31080,4,14104,-16.677434996516055,32692,,14501
,0,,30451,14014,1.0,2018.0,0,0,-44.44905775868745,28885,4,13536,-16.791766939184267,28658,,13687
,0,,33096,14153,1.0,2018.0,0,0,-44.24763033533943,30797,4,13537,-16.786039097761517,31136,,13792
,0,,44801,16080,0.0,2018.0,0,0,-44.651137965466745,28415,3,13913,-16.713475809991227,33917,,15008
,0,,37585,15893,0.0,2018.0,0,0,-44.58715008948076,25242,3,13360,-17.000609590796657,27971,,14429
,0,,41251,15750,0.0,2018.0,0,0,-44.58660101475254,29111,3,14307,-16.677405814007923,31803,,14913
,0,,41890,15866,1.0,2018.0,0,0,-44.57180472979824,29824,4,13890,-16.691678042779596,32481,,14708
,0,,34077,15034,1.0,2018.0,0,0,-44.86732838967132,28006,4,13751,-16.77485283764073,28568,,14162
,0,,37468,15136,1.0,2018.0,0,0,-44.84396815986741,31519,4,14086,-16.718397823116995,33076,,14558
,0,,34135,15121,1.0,2018.0,0,0,-44.594157108029016,32674,4,14376,-16.96052117432806,33512,,14811
,0,,38005,15462,1.0,2018.0,0,0,-44.92009539733449,28386,4,13830,-16.985422818648043,31030,,14500
,0,,41764,15296,1.0,2018.0,0,0,-44.75838769769679,26847,4,13327,-16.949652251991843,30448,,14071
,0,,32725,14316,1.0,2018.0,0,0,-44.58476599480039,29132,4,13482,-16.91824468307743,29659,,13861
,0,,34682,15324,1.0,2018.0,0,0,-44.617766907446175,26123,4,13775,-16.71336925797807,28802,,14494
,0,,37136,15420,1.0,2018.0,0,0,-44.56203290187385,29803,4,13927,-16.88659893425401,31781,,14560
,0,,34035,15112,1.0,2018.0,0,0,-44.56625301043723,27804,4,13932,-16.768203820637183,29899,,14489
,0,,32081,14963,1.0,2018.0,0,0,-44.59778731262058,29128,4,14262,-16.72643301675921,29436,,14698
,0,,31645,15022,1.0,2018.0,0,0,-44.617962390517874,29071,4,14254,-16.756899375032123,29873,,14669
,0,,35431,15144,1.0,2018.0,0,0,-44.72956474061059,29895,4,14097,-16.782596347118826,31947,,14612
,0,,37457,15364,1.0,2018.0,0,0,-44.58281656922925,28946,4,14076,-16.963591091468928,31780,,14842
,0,,35679,15249,1.0,2018.0,0,0,-44.70647518138376,28732,4,13919,-16.705402804722315,31022,,14467
,0,,39233,15489,1.0,2018.0,0,0,-44.604521600637476,33588,4,14626,-16.8217470290369,33164,,15114
,0,,37772,15378,1.0,2018.0,0,0,-44.63102310222564,30790,4,14097,-16.973974801179043,32642,,14605
,0,,34566,15089,1.0,2018.0,0,0,-44.722206820736176,29698,4,14004,-16.880502585842653,28887,,14505
,0,,45043,15926,1.0,2018.0,0,0,-44.56595906898558,32980,4,14590,-16.763688821486994,35080,,15286
,0,,36713,14983,1.0,2018.0,0,0,-44.85314289712875,30402,4,14133,-16.739029714610233,33014,,14624
,0,,31832,14775,1.0,2018.0,0,0,-44.57850146848755,25737,4,13511,-16.659557507237157,26265,,14139
,0,,35390,15174,1.0,2018.0,0,0,-44.580616698291685,34460,4,14460,-16.719041342472806,34425,,14987
,0,,38967,15170,1.0,2018.0,0,0,-44.55752201706935,34267,4,14427,-16.819633917136066,35315,,14866
,0,,36705,15493,1.0,2018.0,0,0,-45.113260019571086,29400,4,13999,-16.692076389093724,32676,,14848
,0,,41549,15942,0.0,2018.0,0,0,-44.96273101080338,25972,3,13590,-16.67740582659099,29248,,14544
,0,,42799,15817,0.0,2018.0,0,0,-45.13081876568342,25488,3,13705,-16.7559376674643,30301,,14495
,0,,38554,15680,1.0,2018.0,0,0,-44.93816289848052,28439,4,13878,-16.886598912186887,32215,,14685
,0,,40220,15573,1.0,2018.0,0,0,-45.137555439045876,30208,4,14125,-16.751807455869923,32768,,14624
,0,,36594,15481,1.0,2018.0,0,0,-44.968055642309345,27923,4,13589,-16.911961544369785,30156,,14322
,0,,33365,15048,1.0,2018.0,0,0,-45.082605174714516,26549,4,13458,-16.705402815092544,29737,,14387
,0,,35495,15072,1.0,2018.0,0,0,-45.00715309725958,31499,4,14194,-16.973974772210415,32890,,14689
,0,,33646,14635,1.0,2018.0,0,0,-45.020355601111305,30603,4,13990,-16.970452228040337,31036,,14392
,0,,31456,14377,1.0,2018.0,0,0,-45.02441533781569,28157,4,13673,-16.93257969025818,29233,,14078
,0,,39813,15610,1.0,2018.0,0,0,-44.993896902788606,27708,4,13877,-16.71336926528992,29600,,14351
,0,,38696,15630,1.0,2018.0,0,0,-45.161694412233544,26871,4,13822,-16.8031332914172,29078,,14353
,0,,35664,15171,1.0,2018.0,0,0,-44.95582200796415,32350,4,14192,-16.916732886249008,32532,,14651
,0,,35483,15165,1.0,2018.0,0,0,-45.12824503271926,29638,4,13756,-16.918282914580733,31476,,14534
,0,,29236,14224,1.0,2018.0,0,0,-45.06882764739822,28423,4,13401,-16.95025751441999,29002,,13746
,0,,35711,14724,1.0,2018.0,0,0,-44.94793472618751,31997,4,13857,-16.69167805273079,33403,,14281
,0,,30811,14086,1.0,2018.0,0,0,-45.097792501758235,29498,4,13665,-16.838206908346717,29710,,13888
,0,,31886,14733,1.0,2018.0,0,0,-45.11714319036812,28497,4,13851,-16.99645678451515,30524,,14425
,0,,31964,14170,1.0,2018.0,0,0,-44.9632800855141,30761,4,13331,-17.00060955468969,29344,,13888
,0,,31282,14682,1.0,2018.0,0,0,-44.208674432829454,26163,4,13839,-15.916734944300599,26481,,14186
,0,,29724,14483,1.0,2018.0,0,0,-44.34552428185564,28825,4,14059,-16.092421278066112,29472,,14358
,0,,34989,15378,1.0,2018.0,0,0,-44.221656146206044,30714,4,14578,-15.980606121529615,31951,,14882
,0,,39113,15787,1.0,2018.0,0,0,-44.20237123564926,32110,4,14567,-15.913705382775742,35190,,15165
,0,,38535,15418,1.0,2018.0,0,0,-44.26389703201245,31190,4,14629,-16.1629574580949,33026,,14911
,0,,40019,15871,1.0,2018.0,0,0,-44.2418302360094,32470,4,14786,-16.011083723213876,35252,,15336
,0,,35315,15132,1.0,2018.0,0,0,-44.31656465081318,30695,4,14444,-16.20451526476877,31761,,14764
,0,,34478,15331,1.0,2018.0,0,0,-44.25251822545545,30037,4,14452,-16.185391237044676,31656,,14840
,0,,32412,14422,1.0,2018.0,0,0,-44.19567436734258,29290,4,13833,-15.945838512042457,29779,,14082
,0,,42599,16068,1.0,2018.0,0,0,-44.41974158860791,26695,4,13853,-15.914907356535593,30857,,14791
,0,,39111,15797,1.0,2018.0,0,0,-44.19392493110198,30419,4,14561,-15.91418961545728,34170,,15157
,0,,34830,14895,1.0,2018.0,0,0,-44.25489101830017,31219,4,14272,-16.228242567700573,31567,,14485
,0,,39880,15728,1.0,2018.0,0,0,-44.34607072230445,28908,4,14198,-16.134733252197332,33735,,14989
,0,,33174,15052,1.0,2018.0,0,0,-44.218023670877834,27473,4,13998,-16.214784633603234,28386,,14386
,0,,35485,15211,1.0,2018.0,0,0,-44.21101990747164,30741,4,14483,-16.254888706037015,32186,,14793
,0,,30739,14509,1.0,2018.0,0,0,-44.23214121177869,28052,4,13723,-15.913030153574882,28751,,14050
,0,,34783,15059,1.0,2018.0,0,0,-44.20668380189008,30060,4,14265,-16.21785605710128,31356,,14577
,0,,41104,15791,1.0,2018.0,0,0,-44.43371552730062,29544,4,14265,-16.146070116396842,33880,,14842
,0,,38253,15112,1.0,2018.0,0,0,-44.27324205823397,29445,4,13954,-15.948132067367709,31204,,14356
,0,,38462,15312,1.0,2018.0,0,0,-44.20501584076311,30987,4,14447,-15.98970543572359,33442,,14767
,0,,40052,15423,1.0,2018.0,0,0,-44.53496698134992,31131,4,14217,-15.887424618377123,33762,,14714
,0,,35182,15142,1.0,2018.0,0,0,-44.190122412019456,29991,4,14123,-16.022393974546393,32025,,14689
,0,,43980,15663,1.0,2018.0,0,0,-44.28581188924144,31759,4,14436,-16.04596878675002,37829,,15093
,0,,39828,15463,1.0,2018.0,0,0,-44.51064008942001,26586,4,13792,-15.903607444889412,29205,,14396
,0,,35398,15155,1.0,2018.0,0,0,-44.4330786687299,28363,4,13916,-16.162454442214475,29510,,14331
,0,,43248,15922,1.0,2018.0,0,0,-44.48271009882073,25792,4,13436,-16.03453786368696,30832,,14551
,0,,37175,15453,1.0,2018.0,0,0,-44.36488290724903,33617,4,14590,-16.25073215691987,35234,,15059
,0,,37642,15379,1.0,2018.0,0,0,-44.528825197706304,30460,4,14101,-15.995665649169275,32673,,14568
,0,,39096,15564,1.0,2018.0,0,0,-44.46783248466208,26565,4,13585,-15.972567068238492,29686,,14228
,0,,45225,15869,1.0,2018.0,0,0,-44.215792676133894,30310,4,14162,-16.16620636719722,33918,,14878
,0,,40020,15273,1.0,2018.0,0,0,-44.3609971552378,33501,4,14061,-15.946234361376192,34922,,14553
,0,,37922,15320,1.0,2018.0,0,0,-44.27500586532718,31508,4,14093,-15.96764275870056,31409,,14687
,0,,33579,15202,1.0,2018.0,0,0,-44.52477603673544,31351,4,14348,-16.160165985069,32078,,14740
,0,,37198,15105,1.0,2018.0,0,0,-44.19712922848101,31042,4,14038,-16.14265180205622,32253,,14394
,0,,44156,15522,1.0,2018.0,0,0,-44.53690067490326,29777,4,13720,-16.217478631793263,34230,,14466
,0,,42776,15684,1.0,2018.0,0,0,-44.50265443434627,26598,4,13556,-15.93367633792956,29089,,14120
,0,,34182,14402,1.0,2018.0,0,0,-44.31768601594461,27831,4,13462,-16.041019841207913,30548,,13764
,0,,35911,15190,1.0,2018.0,0,0,-44.1859020737949,32228,4,14503,-16.14083487561618,33302,,14788
,0,,40310,15554,1.0,2018.0,0,0,-44.42882511755892,30897,4,14168,-16.144973930029444,34343,,14716
,0,,38054,15090,1.0,2018.0,0,0,-44.28762471102534,31830,4,14192,-15.891469819088153,33401,,14546
,0,,46930,15889,0.0,2018.0,0,0,-44.208633463769566,29764,3,13708,-16.17249210795371,33936,,14495
,0,,42533,15409,1.0,2018.0,0,0,-44.38324872077793,32602,4,14371,-16.150499810075942,36484,,14903
,0,,39791,14884,1.0,2018.0,0,0,-44.20448599299937,33776,4,14063,-15.973212087803239,35864,,14399
,0,,44838,16061,1.0,2018.0,0,0,-44.18832041432185,30727,4,14005,-16.251175267282335,32393,,14399
,0,,35843,15229,1.0,2018.0,0,0,-44.44726291608522,27179,4,13876,-16.233599962391246,29141,,14250
,0,,37355,14964,1.0,2018.0,0,0,-44.37598144445439,31186,4,14087,-16.17252815942116,32333,,14361
,0,,38431,14583,1.0,2018.0,0,0,-44.2373830054684,32328,4,13558,-16.168560834418155,33156,,13943
,0,,38731,15427,1.0,2018.0,0,0,-44.38225551661678,30329,4,14042,-16.203909603947658,31272,,14471
,0,,43018,15920,1.0,2018.0,0,0,-44.203559849935395,28938,4,13936,-16.170979906329826,34486,,14844
,0,,44150,15578,1.0,2018.0,0,0,-44.46627856434126,28938,4,13494,-16.04023884989737,32986,,14406
,0,,36469,15384,1.0,2018.0,0,0,-44.52539795991645,26264,4,13360,-15.896304987526229,29197,,14103
,0,,33260,14321,1.0,2018.0,0,0,-44.24163548968612,31787,4,13576,-15.967536826900295,31911,,13807
,0,,39779,15448,1.0,2018.0,0,0,-44.328441271568614,33112,4,14164,-16.120979436318187,35258,,14777
,0,,40569,15106,1.0,2018.0,0,0,-44.49119514647308,32996,4,13954,-16.029044381377375,33639,,14215
,0,,39131,15310,1.0,2018.0,0,0,-44.5318518785386,32524,4,14230,-16.179367035766617,34551,,14544
,0,,30386,14396,1.0,2018.0,0,0,-44.63460145954056,29964,4,13752,-17.05025049652293,28401,,13854
,0,,31771,14576,1.0,2018.0,0,0,-44.732505443432444,29129,4,13459,-17.003374132570336,28171,,13854
,0,,35810,15333,1.0,2018.0,0,0,-44.75786027309607,32571,4,14238,-17.013968710861924,33222,,14894
,0,,37646,15445,0.0,2018.0,0,0,-44.914045406551544,26265,3,13395,-17.014974713334,27690,,14135
,0,,33781,14930,1.0,2018.0,0,0,-44.94238329671175,27800,4,13559,-17.141000941726606,29577,,14067
,0,,32430,15378,1.0,2018.0,0,0,-44.994093459344185,31436,4,13335,-17.129699389677487,32019,,14954
,0,,38147,15816,1.0,2018.0,0,0,-44.97391788467581,34933,4,14628,-17.099238657513737,35403,,15232
,0,,31772,14676,1.0,2018.0,0,0,-45.130821952627834,30177,4,13687,-17.128738522710776,30098,,14287
,0,,35266,14817,1.0,2018.0,0,0,-45.00293806777955,31037,4,13621,-17.206495437031943,31796,,14275
,0,,33221,15004,1.0,2018.0,0,0,-45.11326145758369,33534,4,14304,-17.06488956440518,32367,,14722
,0,,31017,14609,1.0,2018.0,0,0,-45.11243411896791,30680,4,14075,-17.1624060102406,29587,,14341
,0,,29388,14112,1.0,2018.0,0,0,-45.10569812196271,28342,4,13660,-17.155392077586487,28659,,14002
,0,,29498,14335,1.0,2018.0,0,0,-44.94793489755815,29610,4,13775,-17.064490007568022,29064,,13848
,0,,29031,14084,1.0,2018.0,0,0,-44.94618517926533,29810,4,13619,-17.032859324469964,28038,,13898
,0,,31230,14424,1.0,2018.0,0,0,-45.03988503316279,28544,4,13748,-17.01015591334841,30610,,14270
,0,,31713,14595,1.0,2018.0,0,0,-44.98440185419213,29350,4,13340,-17.031702164206347,30602,,14122
,0,,29309,14199,1.0,2018.0,0,0,-45.038078610338914,28576,4,13536,-17.164565513425387,28334,,13817
,0,,30913,14443,1.0,2018.0,0,0,-44.95727709721639,29004,4,13612,-17.108332002786767,29854,,13995
,0,,32816,14400,1.0,2018.0,0,0,-45.08260663541263,31197,4,13836,-17.07821337933667,31836,,14082
,0,,31096,14024,1.0,2018.0,0,0,-45.122563454178234,29933,4,13607,-17.013969525376876,30783,,13800
,0,,37678,15992,0.0,2018.0,0,0,-43.83250471196744,26557,3,14004,-16.545404328659963,30957,,14905
,0,,43871,16231,0.0,2018.0,0,0,-43.97242108626258,27725,3,14066,-16.598665343276263,31829,,14970
,0,,43821,16166,0.0,2018.0,0,0,-43.98486857075279,26329,3,13718,-16.319191319178852,28721,,14410
,0,,40741,15931,1.0,2018.0,0,0,-44.04332435815205,31345,4,14585,-16.55711987414947,36207,,15373
,0,,36652,15654,1.0,2018.0,0,0,-44.00712086952079,32043,4,14998,-16.523417382673106,32840,,15241
,0,,36942,15272,1.0,2018.0,0,0,-44.01375790368698,27690,4,14070,-16.422536382281233,28677,,14519
,0,,31997,15126,1.0,2018.0,0,0,-44.10990168515776,27764,4,14307,-16.626759529858795,29018,,14558
,0,,39922,15718,1.0,2018.0,0,0,-43.99985322117551,32452,4,14576,-16.545441500221482,35476,,15238
,0,,33779,15460,1.0,2018.0,0,0,-44.02050620480675,29705,4,14792,-16.53928503157153,31703,,15137
,0,,35176,15145,1.0,2018.0,0,0,-44.03330097219323,26610,4,14015,-16.430269767682244,27999,,14511
,0,,40195,15816,1.0,2018.0,0,0,-43.9523149338326,32442,4,14684,-16.493902662256918,34631,,15271
,0,,33850,15115,1.0,2018.0,0,0,-44.100880538037046,29298,4,14433,-16.366154371907516,31107,,14766
,0,,31733,15097,1.0,2018.0,0,0,-43.98403676220428,27883,4,14131,-16.416745377999767,29706,,14661
,0,,34673,15132,1.0,2018.0,0,0,-43.94155877845796,28710,4,14013,-16.41395843785758,30662,,14555
,0,,32078,15097,1.0,2018.0,0,0,-44.00612658694088,30700,4,14464,-16.576816888771265,31545,,14814
,0,,42759,15883,1.0,2018.0,0,0,-43.878762042455755,31792,4,14511,-16.601144626729493,35026,,15212
,0,,37815,15664,1.0,2018.0,0,0,-44.05269675188131,32413,4,14548,-16.517892375212693,35329,,15103
,0,,43537,15602,1.0,2018.0,0,0,-43.88073360563124,32323,4,14252,-16.494428975905663,36216,,14910
,0,,40905,15957,1.0,2018.0,0,0,-43.89196447124991,32752,4,14696,-16.597621277633486,34838,,15221
,0,,37787,15629,1.0,2018.0,0,0,-44.066433758351835,31738,4,14680,-16.55682609613339,33052,,15121
,0,,35009,15209,1.0,2018.0,0,0,-44.15572202168197,29450,4,13995,-16.55227768449444,30483,,14643
,0,,39562,15665,1.0,2018.0,0,0,-43.97730134037505,31231,4,14418,-16.409728744468413,34511,,14978
,0,,41172,15838,1.0,2018.0,0,0,-43.994172891116506,25488,4,13475,-16.268251648889805,29926,,14461
,0,,41465,16004,1.0,2018.0,0,0,-43.82624133677155,27608,4,13875,-16.286667378062376,29445,,14540
,0,,40542,15620,1.0,2018.0,0,0,-44.0719737803576,28416,4,13886,-16.37343396874706,33225,,14777
,0,,30236,14248,1.0,2018.0,0,0,-44.08455292574797,28060,4,13551,-16.475970603846143,28394,,13915
,0,,38429,15546,1.0,2018.0,0,0,-44.16077071232462,33900,4,14500,-16.590381855451945,35416,,14982
,0,,33337,14241,1.0,2018.0,0,0,-43.96994374874081,29569,4,13712,-16.50765387081115,31690,,14005
,0,,39683,15543,1.0,2018.0,0,0,-44.04361250537096,31917,4,14501,-16.287870188442582,33798,,15039
,0,,33508,14903,1.0,2018.0,0,0,-43.979489300718626,31253,4,14068,-16.257652126518405,32726,,14566
,0,,36894,15019,1.0,2018.0,0,0,-43.96311291279818,31621,4,14164,-16.623964385238114,32029,,14546
,0,,42932,15756,1.0,2018.0,0,0,-43.83254456958355,28270,4,13980,-16.289696451312036,31273,,14566
,0,,41025,15730,1.0,2018.0,0,0,-44.134510881769025,30381,4,14261,-16.276571541480692,33357,,14952
,0,,38185,15292,1.0,2018.0,0,0,-44.12652625509902,31701,4,14168,-16.306634750693345,32770,,14699
,0,,34123,14433,1.0,2018.0,0,0,-44.0575870788704,31946,4,13643,-16.518988317919476,32408,,14082
,0,,34766,14462,1.0,2018.0,0,0,-44.09015074566663,32325,4,13550,-16.41317716384639,33567,,13964
,0,,39667,15713,0.0,2018.0,0,0,-44.20863471697482,29196,3,14117,-16.545404344349958,32051,,14790
,0,,43075,16069,0.0,2018.0,0,0,-44.52403471900252,29142,3,14503,-16.26840110610164,32150,,15119
,0,,34749,15332,0.0,2018.0,0,0,-44.52539849500905,24671,3,13271,-16.26927023833413,27851,,14163
,0,,41072,15409,0.0,2018.0,0,0,-44.48603170479605,30933,3,14164,-16.626759483360164,33181,,14587
,0,,41958,16119,0.0,2018.0,0,0,-44.27215294296726,26114,3,13627,-16.559741398599506,31078,,14812
,0,,39495,15570,1.0,2018.0,0,0,-44.18832066406795,30572,4,14376,-16.62407201684841,33320,,14992
,0,,35325,15326,1.0,2018.0,0,0,-44.23214142045932,28859,4,14375,-16.285992735898702,30614,,14870
,0,,38187,15517,1.0,2018.0,0,0,-44.19012269987963,32708,4,14444,-16.39533486573954,32965,,14956
,0,,35681,15494,1.0,2018.0,0,0,-44.19712998837899,30684,4,14489,-16.515569618055192,32688,,15004
,0,,36319,15331,1.0,2018.0,0,0,-44.22165671870563,31115,4,14368,-16.35355553902577,32793,,14974
,0,,31749,14745,1.0,2018.0,0,0,-44.28762481500703,28128,4,14038,-16.2644370939018,29534,,14439
,0,,37167,15322,1.0,2018.0,0,0,-44.202371341451205,32003,4,14514,-16.286667424667844,33038,,14906
,0,,33853,15048,1.0,2018.0,0,0,-44.41974252152873,30030,4,14273,-16.287870182456853,30904,,14701
,0,,40534,15663,1.0,2018.0,0,0,-44.20867457459731,32057,4,14698,-16.289696496076775,35178,,15133
,0,,34878,15223,1.0,2018.0,0,0,-44.442563775705025,28508,4,14215,-16.556826062903166,30346,,14700
,0,,36168,15543,1.0,2018.0,0,0,-44.348551098667336,28014,4,14120,-16.59866532564195,32046,,14964
,0,,37541,15448,1.0,2018.0,0,0,-44.43308001299591,29211,4,14180,-16.535369461786768,31249,,14750
,0,,34501,15120,1.0,2018.0,0,0,-44.370302904677246,28450,4,14060,-16.26825165704697,29568,,14570
,0,,32954,14772,1.0,2018.0,0,0,-44.5476882503066,26763,4,13952,-16.44333787441584,27852,,14272
,0,,34927,15275,1.0,2018.0,0,0,-44.35343135303253,30968,4,14355,-16.409728740655144,32437,,14778
,0,,36960,15467,1.0,2018.0,0,0,-44.36655082674579,31531,4,14486,-16.612316483915844,32279,,14937
,0,,40003,15697,1.0,2018.0,0,0,-44.491196764948306,28838,4,14219,-16.401984539677674,31841,,14824
,0,,32799,14844,1.0,2018.0,0,0,-44.477010557194944,26849,4,13775,-16.36615434490801,28872,,14463
,0,,32871,15118,1.0,2018.0,0,0,-44.24163618835116,29120,4,14500,-16.340489011644454,32021,,14851
,0,,42941,15903,1.0,2018.0,0,0,-44.375983235024115,28286,4,14010,-16.545441480838786,33823,,14978
,0,,41546,16111,1.0,2018.0,0,0,-44.35561931350584,31603,4,14688,-16.257652139277376,35491,,15379
,0,,40812,15349,1.0,2018.0,0,0,-44.44726320846292,30831,4,13962,-16.606501162069733,34332,,14482
,0,,35788,15121,1.0,2018.0,0,0,-44.39492686846146,31166,4,14346,-16.345017827520756,32539,,14743
,0,,32040,14639,1.0,2018.0,0,0,-44.19567453761248,29649,4,14249,-16.318794253969003,29545,,14417
,0,,34355,15067,1.0,2018.0,0,0,-44.2283902808241,29837,4,14214,-16.448887825744986,31406,,14645
,0,,42366,15716,1.0,2018.0,0,0,-44.47204488811676,30248,4,14214,-16.41016566931134,33692,,14721
,0,,39314,15629,1.0,2018.0,0,0,-44.50971345857331,29892,4,14379,-16.39903792787433,31256,,14893
,0,,36936,15585,1.0,2018.0,0,0,-44.528825849540986,30470,4,14170,-16.36861169595925,32211,,14684
,0,,33795,14941,1.0,2018.0,0,0,-44.390173448896,30576,4,14276,-16.340436761822772,32300,,14656
,0,,36012,15235,1.0,2018.0,0,0,-44.36488304747497,31905,4,14374,-16.623630417084282,33646,,14830
,0,,34578,15029,1.0,2018.0,0,0,-44.40418769006801,31083,4,14270,-16.27490483810954,32303,,14683
,0,,44090,15654,1.0,2018.0,0,0,-44.433717095756094,30863,4,14088,-16.518988288999306,33518,,14510
,0,,36721,15365,1.0,2018.0,0,0,-44.39393980961685,29341,4,14063,-16.531281098831684,30591,,14580
,0,,42246,15716,1.0,2018.0,0,0,-44.3872914656477,32823,4,14411,-16.322166606816918,34928,,14890
,0,,40352,15490,1.0,2018.0,0,0,-44.25686361319015,30473,4,14320,-16.494428985767872,32427,,14761
,0,,36696,15151,1.0,2018.0,0,0,-44.19392500760909,33898,4,14364,-16.28715143193211,33836,,14616
,0,,40106,15648,1.0,2018.0,0,0,-44.38325088375014,31553,4,14306,-16.523417363367862,34018,,14903
,0,,43806,15894,1.0,2018.0,0,0,-44.34607376100905,33784,4,14565,-16.50765385988343,36723,,15154
,0,,35812,15138,1.0,2018.0,0,0,-44.47811419831456,28637,4,13928,-16.300987386349693,30483,,14328
,0,,39074,15547,1.0,2018.0,0,0,-44.25067417085872,31619,4,14454,-16.46085297451669,32722,,14879
,0,,36263,15149,1.0,2018.0,0,0,-44.2373852411933,31359,4,13933,-16.541474207682246,33352,,14687
,0,,37071,15150,1.0,2018.0,0,0,-44.20356091866708,33061,4,14398,-16.543892359120708,34139,,14780
,0,,38294,15326,1.0,2018.0,0,0,-44.31768878923234,32617,4,14680,-16.413958442191387,32488,,14910
,0,,41280,15553,1.0,2018.0,0,0,-44.44047801004199,28412,4,14011,-16.597543415026866,31244,,14686
,0,,40762,15401,1.0,2018.0,0,0,-44.38988791826012,31332,4,14126,-16.42253636855939,32871,,14542
,0,,40523,15415,1.0,2018.0,0,0,-44.36016677521538,31118,4,14199,-16.416745371769515,33331,,14633
,0,,39993,15256,1.0,2018.0,0,0,-44.20668517297704,30545,4,13741,-16.590759518020903,33646,,14336
,0,,35638,15331,1.0,2018.0,0,0,-44.39663621974268,32786,4,14565,-16.539285008551918,33440,,14923
,0,,28458,14307,1.0,2018.0,0,0,-44.21047077710223,27641,4,13983,-16.304519048339802,28821,,14261
,0,,42791,15146,1.0,2018.0,0,0,-44.2525208219898,30699,4,13527,-16.558301531556314,32001,,13883
,0,,37611,14941,1.0,2018.0,0,0,-44.18982877266567,29803,4,13568,-16.39081900161583,31389,,14182
,0,,34634,14755,1.0,2018.0,0,0,-44.339242924715485,31633,4,14121,-16.62396436771828,32372,,14304
,0,,37823,14771,1.0,2018.0,0,0,-44.63445488413206,30156,4,13594,-16.407487032641395,31605,,13976
,0,,37580,15800,0.0,2018.0,0,0,-44.65193162703662,31437,3,14738,-16.5234010885837,33519,,15120
,0,,44046,15862,0.0,2018.0,0,0,-44.90279292118428,26474,3,13607,-16.612610330816064,30503,,14334
,0,,37693,14719,1.0,2018.0,0,0,-44.7138384427532,34358,4,14150,-16.535380457307664,33312,,14334
,0,,41519,15591,1.0,2018.0,0,0,-44.72217073997023,31121,4,14166,-16.557127382470167,32385,,14474
,0,,37815,14914,1.0,2018.0,0,0,-44.859128548556626,28815,4,13499,-16.626761280325056,30406,,13921
,0,,37856,15059,1.0,2018.0,0,0,-44.58709345451461,27621,4,13579,-16.36613262584043,30206,,14040
,0,,35843,15148,1.0,2018.0,0,0,-44.551657939828424,30771,4,13934,-16.587655540967546,32317,,14352
,0,,32862,14810,1.0,2018.0,0,0,-44.617881368568376,30717,4,14171,-16.28971757501542,31036,,14525
,0,,37641,15124,1.0,2018.0,0,0,-44.83408169407921,32130,4,14098,-16.515610978786164,34293,,14595
,0,,44970,16029,1.0,2018.0,0,0,-44.56733642245086,27626,4,14349,-16.49383644139103,30166,,14723
,0,,37704,15438,1.0,2018.0,0,0,-44.63460486111272,29216,4,14079,-16.304547578794992,30542,,14504
,0,,38200,15668,1.0,2018.0,0,0,-44.735448510139726,32957,4,14422,-16.34061268733096,34557,,15004
,0,,38162,15279,1.0,2018.0,0,0,-44.683839661878515,30997,4,14231,-16.497920045844136,32720,,14706
,0,,35134,15120,1.0,2018.0,0,0,-44.623762337850565,28379,4,13945,-16.413172730505245,29856,,14309
,0,,41980,15731,1.0,2018.0,0,0,-44.68150044403382,31559,4,14261,-16.47598671827706,35259,,14849
,0,,41616,15755,1.0,2018.0,0,0,-44.57752758834749,31072,4,14197,-16.55969938170005,34534,,15000
,0,,35066,15024,1.0,2018.0,0,0,-44.784031687717594,26627,4,13411,-16.59755322580796,28726,,13894
,0,,33353,14830,1.0,2018.0,0,0,-44.714031912336,31864,4,14380,-16.321105184871502,31913,,14611
,0,,33320,14778,1.0,2018.0,0,0,-44.584128583094305,28834,4,13897,-16.430219472421115,28741,,14313
,0,,36499,15205,1.0,2018.0,0,0,-44.70578743754896,28675,4,13839,-16.39540134168225,30150,,14240
,0,,38903,15344,1.0,2018.0,0,0,-44.69518656076707,27504,4,13572,-16.353597106856917,28218,,13902
,0,,32351,14908,1.0,2018.0,0,0,-44.70198702052578,28861,4,13948,-16.340519646225008,29831,,14431
,0,,32908,14890,1.0,2018.0,0,0,-44.82518974927915,29042,4,13956,-16.418901444979003,29804,,14470
,0,,39685,15168,1.0,2018.0,0,0,-44.65296512863697,29297,4,14147,-16.39907350349917,33141,,14676
,0,,35040,15196,1.0,2018.0,0,0,-44.58517006277705,27886,4,13970,-16.627783607981613,30431,,14588
,0,,38222,15571,1.0,2018.0,0,0,-44.576703080216845,30797,4,14226,-16.61674274211207,34029,,14793
,0,,37442,15399,1.0,2018.0,0,0,-44.62649286256119,27262,4,13772,-16.41016568556456,30424,,14377
,0,,35141,15204,1.0,2018.0,0,0,-44.73564439483886,31280,4,14459,-16.44342077888395,33064,,14963
,0,,31695,14791,1.0,2018.0,0,0,-44.67135461038366,27972,4,13729,-16.264439560670393,29075,,14265
,0,,41944,15700,1.0,2018.0,0,0,-44.63978378972414,26071,4,13550,-16.577404329109967,31264,,14568
,0,,33305,15041,1.0,2018.0,0,0,-44.637602694355685,29812,4,14326,-16.286008453778248,30517,,14588
,0,,33544,14924,1.0,2018.0,0,0,-44.914682367285344,28463,4,13758,-16.26038848078083,29218,,14269
,0,,33414,15036,1.0,2018.0,0,0,-44.80327569759642,30571,4,14289,-16.533133922159458,31855,,14591
,0,,34199,15295,1.0,2018.0,0,0,-44.85043975876298,29649,4,14194,-16.34040864766269,31247,,14588
,0,,36205,15078,1.0,2018.0,0,0,-44.74606131367555,29224,4,14043,-16.384060836087652,29902,,14256
,0,,39378,15656,1.0,2018.0,0,0,-44.89866977787849,25337,4,13586,-16.300958314231085,27680,,14064
,0,,38235,15296,1.0,2018.0,0,0,-44.85980988379268,28287,4,13687,-16.34498521095532,30406,,14276
,0,,31635,14904,1.0,2018.0,0,0,-44.64142069378798,27699,4,14058,-16.36865669189432,28551,,14445
,0,,38882,15865,0.0,2018.0,0,0,-45.09830073295737,26315,3,13744,-16.55712740439145,31342,,14855
,0,,41137,15905,0.0,2018.0,0,0,-45.06935342581953,28842,3,14440,-16.598661053448584,32457,,15322
,0,,41978,16082,0.0,2018.0,0,0,-45.028061621610576,27589,3,14335,-16.523401108602414,31260,,15214
,0,,33128,14452,1.0,2018.0,0,0,-45.29568777450267,30422,4,13879,-16.59073733472426,30978,,14244
,0,,35561,14570,1.0,2018.0,0,0,-45.20319316774773,31161,4,13873,-16.28785931615878,32273,,14275
,0,,34916,15043,1.0,2018.0,0,0,-45.17940568874535,29561,4,13750,-16.533133945317733,31192,,14339
,0,,32383,14463,1.0,2018.0,0,0,-45.04748460451915,29584,4,13377,-16.264439563936556,30591,,13741
,0,,37404,15344,1.0,2018.0,0,0,-45.210211684534514,31249,4,14262,-16.51561099952101,33936,,14723
,0,,33220,15146,1.0,2018.0,0,0,-45.01353690422194,26042,4,13425,-16.402001029209,28428,,14112
,0,,34402,15266,1.0,2018.0,0,0,-45.111774387518096,26523,4,13680,-16.443420799345137,28945,,14331
,0,,39984,15798,1.0,2018.0,0,0,-45.010329159728066,26266,4,13935,-16.318833597514203,31195,,14892
,0,,38425,15685,1.0,2018.0,0,0,-44.99401136392844,29220,4,14145,-16.289717586729203,32548,,14863
,0,,37835,15367,1.0,2018.0,0,0,-45.077071081877754,28423,4,13802,-16.390884949861093,31719,,14413
,0,,37444,15766,1.0,2018.0,0,0,-44.98466231151212,27032,4,13682,-16.286687672561115,28326,,14348
,0,,37922,15375,1.0,2018.0,0,0,-45.08191743090771,27236,4,13716,-16.395401358865985,30358,,14290
,0,,36156,15297,1.0,2018.0,0,0,-45.10863547353818,29358,4,13835,-16.25765214340437,32477,,14714
,0,,33554,14824,1.0,2018.0,0,0,-45.176373697731336,30581,4,14092,-16.401194400017754,30874,,14302
,0,,34159,15228,1.0,2018.0,0,0,-45.20850419774128,29920,4,14236,-16.460860455328028,31898,,14735
,0,,35752,15119,1.0,2018.0,0,0,-45.110910089290364,29930,4,14042,-16.623630439169304,32061,,14713
,0,,35648,15188,1.0,2018.0,0,0,-45.11045109237086,30095,4,14160,-16.59294937794985,31890,,14831
,0,,36506,15539,1.0,2018.0,0,0,-45.125068085684056,29359,4,14003,-16.446850824276414,32299,,14683
,0,,35772,15085,1.0,2018.0,0,0,-45.17598831603119,30837,4,14282,-16.319182135512495,31681,,14579
,0,,40499,15417,1.0,2018.0,0,0,-45.19715938171801,29296,4,13959,-16.513808781284048,32439,,14478
,0,,34208,15140,1.0,2018.0,0,0,-45.122191306126766,32503,4,14714,-16.38406084794139,33730,,14981
,0,,35454,15064,1.0,2018.0,0,0,-45.17416286713613,29676,4,13947,-16.44892068738196,31971,,14514
,0,,36885,15131,1.0,2018.0,0,0,-45.11157850283796,30975,4,14185,-16.3406126944949,31969,,14454
,0,,34652,14727,1.0,2018.0,0,0,-45.22656974885829,29653,4,13711,-16.34040864384452,30771,,14219
,0,,34810,15288,1.0,2018.0,0,0,-44.94346641894133,28260,4,13764,-16.493836459296876,30457,,14416
,0,,32726,14494,1.0,2018.0,0,0,-45.205280097857774,29594,4,13769,-16.322148391564834,30665,,14002
,0,,35115,14925,1.0,2018.0,0,0,-45.17457867246843,31459,4,14122,-16.274900396074123,32158,,14552
,0,,33669,14696,1.0,2018.0,0,0,-45.27347990325885,30263,4,13940,-16.416684933315143,31814,,14283
,0,,51170,16234,4.0,2018.0,0,0,-43.56961817801705,31483,15,14016,-16.94897779961111,33845,,14526
,0,,39705,14983,4.0,2018.0,0,0,-43.68863110350489,27165,15,13171,-16.8707620729223,30341,,13808
,0,,35776,14902,4.0,2018.0,0,0,-43.75838169657004,30750,15,13620,-16.649463745965566,31499,,14142
,0,,46380,15969,4.0,2018.0,0,0,-43.642669253349936,27024,15,13633,-16.71789787215048,30119,,14267
,0,,39841,15660,6.0,2018.0,0,0,-43.644377907614206,24815,21,13086,-16.912127597231905,28337,,14127
,0,,40386,15669,4.0,2018.0,0,0,-43.69584696607795,29832,15,13906,-16.74630820853249,31785,,14464
,0,,48888,15916,4.0,2018.0,0,0,-43.56543156969393,30593,15,14041,-16.786825153941138,32608,,14453
,0,,43165,15748,4.0,2018.0,0,0,-43.633035429760945,33388,15,13662,-16.751807466661123,35271,,14505
,0,,34640,14831,4.0,2018.0,0,0,-43.61429121317013,34037,15,13750,-16.985145049987118,32254,,13972
,0,,40309,14596,4.0,2018.0,0,0,-43.77177519291011,31104,15,13374,-16.641294712511428,33979,,13845
,0,,45054,15139,4.0,2018.0,0,0,-43.60117472452348,31978,15,13476,-16.78259635893257,33453,,13846
,0,,43817,15193,4.0,2018.0,0,0,-43.7731390082448,26813,15,13361,-16.64216365584725,28826,,13680
,0,,42532,15041,4.0,2018.0,0,0,-43.784640769768366,31821,15,13505,-16.963213140616464,33128,,13870
,0,,35328,14300,4.0,2018.0,0,0,-43.75039810166311,34093,15,13862,-16.679521268221908,34346,,14093
,0,,37324,14440,4.0,2018.0,0,0,-43.63099304514813,29489,15,13078,-16.89626304631588,29676,,13403
,0,,35683,14681,4.0,2018.0,0,0,-43.71978695240031,29506,15,13108,-16.78303262636979,30950,,13644
,0,,42433,14810,4.0,2018.0,0,0,-43.641681680356164,32489,15,13469,-16.90412523892404,34202,,13906
,0,,45392,15610,4.0,2018.0,0,0,-43.62999768059265,34367,15,14248,-16.94965225717009,38119,,14757
,0,,40088,15015,4.0,2018.0,0,0,-43.66748344490117,26546,15,13136,-16.660761136202215,29011,,13636
,0,,42406,15017,4.0,2018.0,0,0,-43.623725023551486,31065,15,14061,-16.91828293033803,33428,,14314
,0,,39269,15397,4.0,2018.0,0,0,-43.69500348639946,35597,15,14281,-16.97933050533508,36502,,14680
,0,,36541,14145,4.0,2018.0,0,0,-43.73893836873583,34739,15,13676,-16.77485285474027,35270,,13863
,0,,36652,14318,4.0,2018.0,0,0,-43.63503316884123,34094,15,13467,-16.695051077911412,35188,,13802
,0,,36738,13860,4.0,2018.0,0,0,-43.67656841143454,32937,15,13226,-16.89073890425832,32365,,13341
,0,,39201,14454,4.0,2018.0,0,0,-43.59327249297568,33872,15,13366,-16.83820692441976,33401,,13557
,0,,39482,15324,6.0,2018.0,0,0,-43.52098363096144,28133,21,13398,-16.69397263425004,30810,,14189
,0,,40228,15726,4.0,2018.0,0,0,-43.98404042655547,27869,15,13890,-16.789611641713588,30349,,14652
,0,,35624,14599,4.0,2018.0,0,0,-43.82100074637654,33118,15,14029,-16.88841552206357,34244,,14393
,0,,35921,15103,4.0,2018.0,0,0,-44.13451169769361,30211,15,14165,-16.649463758679083,31780,,14722
,0,,40020,15711,4.0,2018.0,0,0,-43.874546102451674,28515,15,13631,-16.833710140934254,30855,,14352
,0,,39699,15292,4.0,2018.0,0,0,-44.01376195993732,29777,15,13844,-16.79540148344117,30742,,14202
,0,,34339,14297,4.0,2018.0,0,0,-43.81219091073582,32521,15,13671,-16.996896856568178,32696,,13905
,0,,44081,15433,4.0,2018.0,0,0,-44.115068368849414,30096,15,13542,-16.774852860038788,32991,,14302
,0,,43319,15218,4.0,2018.0,0,0,-43.99985501769603,31646,15,13330,-16.918282924565855,32718,,14066
,0,,41476,15266,6.0,2018.0,0,0,-43.8325059693074,30932,21,13946,-16.918244672145086,32793,,14398
,0,,34808,15126,6.0,2018.0,0,0,-44.03330439851729,27972,21,13376,-16.80313330369898,27911,,14058
,0,,34159,14976,4.0,2018.0,0,0,-44.095916951520486,32032,15,13933,-16.78303263064467,33029,,14400
,0,,42790,15313,4.0,2018.0,0,0,-43.96940248553877,32477,15,13810,-16.838206921867428,33735,,14172
,0,,33737,14218,4.0,2018.0,0,0,-44.056951344883316,31283,15,13431,-16.908212618412158,31778,,13784
,0,,43741,15104,4.0,2018.0,0,0,-44.146963187903864,34905,15,13701,-16.66553405890674,35018,,14154
,0,,46193,15215,4.0,2018.0,0,0,-44.14926901013504,33415,15,13675,-16.642163669291694,36705,,14280
,0,,38435,13953,4.0,2018.0,0,0,-44.14790519472688,33921,15,13121,-16.641294725993323,33978,,13390
,0,,45357,15372,4.0,2018.0,0,0,-44.091708138651136,33054,15,13530,-16.7183978477247,35548,,14223
,0,,37538,15131,4.0,2018.0,0,0,-44.497147284708035,29450,15,14062,-16.963243379892,32689,,14680
,0,,41993,15341,4.0,2018.0,0,0,-44.265287719178374,34109,15,13782,-16.741531819557466,36676,,14355
,0,,45073,15535,4.0,2018.0,0,0,-44.45794879758395,30375,15,13852,-16.888457768533616,35369,,14763
,0,,44102,15341,4.0,2018.0,0,0,-44.22444868647643,31077,15,13633,-16.660063553054545,35847,,14537
,0,,44860,16078,6.0,2018.0,0,0,-44.522539635876065,28129,21,13890,-16.673845626327402,32816,,14918
,0,,47340,15803,6.0,2018.0,0,0,-44.508224828342605,28251,21,13669,-16.751756874247004,32064,,14350
,0,,44499,15609,4.0,2018.0,0,0,-44.53567549398976,31247,15,13909,-16.641285261518348,36603,,14801
,0,,43749,15532,4.0,2018.0,0,0,-44.54517618989379,29922,15,13693,-16.908656146814845,31272,,14096
,0,,41091,15014,4.0,2018.0,0,0,-44.32585472059653,30849,15,13526,-16.713400570433272,34041,,14292
,0,,46228,15069,4.0,2018.0,0,0,-44.18301516308504,35595,15,13805,-16.66552074576824,37165,,14221
,0,,38297,14626,4.0,2018.0,0,0,-44.427142674351366,31407,15,13332,-16.905977575013196,34263,,14064
,0,,45532,15058,4.0,2018.0,0,0,-44.42189987548463,30552,15,13384,-16.821780584157725,33432,,13853
,0,,37237,14912,4.0,2018.0,0,0,-44.53791542574833,29481,15,13480,-16.642153384543786,31123,,14104
,0,,35235,13708,4.0,2018.0,0,0,-44.45093280171344,31736,15,13031,-16.660750038823167,32374,,13311
,0,,51019,15794,4.0,2018.0,0,0,-44.817021122670795,30436,15,13536,-16.870762061746216,33912,,14166
,0,,44127,15551,4.0,2018.0,0,0,-44.7715544089262,27823,15,13319,-16.96577883469573,31156,,14458
,0,,39006,14933,4.0,2018.0,0,0,-44.579692011760976,30058,15,13660,-16.91673291288134,32300,,14157
,0,,37032,14683,4.0,2018.0,0,0,-44.83681462108914,30029,15,13551,-16.848824945696368,31309,,14016
,0,,44994,15205,4.0,2018.0,0,0,-44.56445093655349,32587,15,13499,-16.99689688116804,37019,,14406
,0,,41519,15309,4.0,2018.0,0,0,-44.754688773454454,26466,15,13208,-16.75593766439409,29854,,13934
,0,,40987,15263,4.0,2018.0,0,0,-44.80495843017712,34432,15,13780,-16.890738894422178,34030,,14413
,0,,42991,15170,4.0,2018.0,0,0,-44.90495650182912,30540,15,13466,-16.741485890681037,31244,,13949
,0,,39179,14552,4.0,2018.0,0,0,-44.818694737660074,31471,15,13618,-16.92966500884081,32252,,13774
,0,,42227,14707,4.0,2018.0,0,0,-44.648285343178856,31478,15,13010,-16.93257971491067,34980,,13731
,0,,34780,13792,4.0,2018.0,0,0,-44.901529030375734,31590,15,13136,-16.64216363180438,32165,,13411
,0,,35040,14836,4.0,2018.0,0,0,-44.91109729487247,30848,15,13950,-16.633286372904692,31523,,14178
,0,,43649,15373,4.0,2018.0,0,0,-44.73630044955955,25709,15,13129,-16.78961163012283,29375,,13855
,0,,42385,15617,4.0,2018.0,0,0,-44.73713002693257,26953,15,13492,-16.692076375945764,28445,,13923
,0,,37054,14509,4.0,2018.0,0,0,-44.907982207555044,27599,15,12894,-16.925116384804067,29344,,13665
,0,,40825,14986,4.0,2018.0,0,0,-44.608271648626115,28000,15,13495,-16.658883364929462,30966,,13977
,0,,43194,15700,4.0,2018.0,0,0,-44.61351750279618,26032,15,13142,-16.91431568847012,28305,,13791
,0,,40029,14739,4.0,2018.0,0,0,-44.81660844695334,31222,15,13235,-16.97037452938087,33652,,13840
,0,,43034,15123,4.0,2018.0,0,0,-44.66194637132578,28577,15,13105,-16.791771816603774,30742,,13696
,0,,49418,15355,4.0,2018.0,0,0,-44.79587346331208,31245,15,13077,-16.660761111308076,34356,,13873
,0,,37269,14839,4.0,2018.0,0,0,-44.69269765376615,28264,15,13291,-16.95025753402826,29953,,13814
,0,,47013,15632,4.0,2018.0,0,0,-44.76630567835799,33476,15,13691,-16.713317684200124,34791,,14227
,0,,39664,15401,4.0,2018.0,0,0,-44.63299606910966,27842,15,13513,-16.867279744474306,27683,,14032
,0,,39785,14941,4.0,2018.0,0,0,-44.80984867431714,29176,15,13269,-16.89183459225553,30509,,13667
,0,,37109,15152,4.0,2018.0,0,0,-44.823393505788204,30232,15,13732,-16.979330496677044,31062,,14222
,0,,48625,15792,6.0,2018.0,0,0,-44.85424584914138,28686,21,13579,-16.67387530255466,31912,,14263
,0,,43069,15320,6.0,2018.0,0,0,-44.84241297407217,27223,21,13044,-16.786043556196958,28643,,13680
,0,,42893,15934,6.0,2018.0,0,0,-44.640033249910786,31195,21,14100,-16.908715034655263,32283,,14850
,0,,42441,16011,6.0,2018.0,0,0,-44.6637549342644,28868,21,13990,-16.637332423936417,33158,,14755
,0,,46517,15881,6.0,2018.0,0,0,-44.75938306228888,26474,21,13563,-16.896263039620134,31766,,14492
,0,,44135,15600,6.0,2018.0,0,0,-44.89922320819137,26189,21,13303,-16.665534024738797,28596,,13854
,0,,37986,15042,6.0,2018.0,0,0,-44.64937364421271,28363,21,13403,-16.693972609097248,28546,,13603
,0,,45098,15330,4.0,2018.0,0,0,-44.71537308725275,35303,15,13987,-16.996790662757565,37631,,14558
,0,,38911,15182,4.0,2018.0,0,0,-44.90090661612479,34271,15,13889,-16.905922960962716,35536,,14419
,0,,41687,15171,4.0,2018.0,0,0,-44.57326077205627,35681,15,14171,-16.888415527165588,35381,,14500
,0,,34560,14754,4.0,2018.0,0,0,-44.90016521499625,30057,15,13653,-16.641294688318368,29832,,13943
,0,,38503,15296,4.0,2018.0,0,0,-44.59192564638652,30173,15,13777,-16.911961569985078,32649,,14321
,0,,36572,14142,4.0,2018.0,0,0,-44.87878812300229,31234,15,13315,-16.679521247772936,32544,,13648
,0,,44219,15211,4.0,2018.0,0,0,-44.58983429476297,31366,15,13603,-16.98957913032981,33191,,14017
,0,,42447,15078,4.0,2018.0,0,0,-44.772767925225445,28825,15,13039,-16.9121275900877,30801,,13629
,0,,37180,14960,4.0,2018.0,0,0,-44.74101319782783,32456,15,13786,-16.99645679996228,32729,,14120
,0,,41188,15254,4.0,2018.0,0,0,-44.76342318611312,28688,15,13429,-16.69505105628923,30915,,14017
,0,,46133,15312,4.0,2018.0,0,0,-44.752115040435605,30729,15,13732,-16.918282924718454,32686,,13980
,0,,38922,14734,4.0,2018.0,0,0,-44.65486333378426,35155,15,14076,-16.774056626771543,33933,,14330
,0,,39294,14582,4.0,2018.0,0,0,-44.62865344458216,35217,15,13822,-16.931139939436115,35488,,14082
,0,,36158,14510,4.0,2018.0,0,0,-44.77007169787101,28428,15,12933,-16.904125231743045,29496,,13593
,0,,43558,15194,4.0,2018.0,0,0,-44.78556442070698,30744,15,13217,-16.80313329147995,31963,,13657
,0,,38191,14874,4.0,2018.0,0,0,-44.95674669447803,27565,15,13231,-16.719041348129046,28299,,13522
,0,,34807,14669,4.0,2018.0,0,0,-45.00293612238259,26723,15,12804,-16.833710124158685,28002,,13356
,0,,36775,14379,4.0,2018.0,0,0,-45.107879332376584,30029,15,13097,-16.63054906797438,31119,,13565
,0,,35550,14185,4.0,2018.0,0,0,-45.03988492857036,29019,15,13061,-16.637332444568052,29686,,13227
,0,,41409,16045,6.0,2018.0,0,0,-45.0699515781269,25261,21,13409,-16.786825138413665,29169,,14471
,0,,44328,15496,4.0,2018.0,0,0,-44.94238300695181,27317,15,13733,-16.768203817982695,29491,,14120
,0,,39866,15576,6.0,2018.0,0,0,-45.009126064096144,27178,21,13313,-16.867279726963588,28764,,13975
,0,,41762,15392,6.0,2018.0,0,0,-44.9609347333641,30175,21,14099,-16.662586105439974,34792,,14530
,0,,38811,15152,4.0,2018.0,0,0,-44.94208906550504,26600,15,13446,-16.763688819560137,27700,,13740
,0,,34938,14697,4.0,2018.0,0,0,-45.1225631798229,26537,15,13478,-16.641146541631507,28544,,13911
,0,,40004,15390,4.0,2018.0,0,0,-45.030993328280445,26832,15,13367,-16.77405662491904,29290,,14091
,0,,34209,14804,4.0,2018.0,0,0,-44.96089599088616,30763,15,13863,-16.91824465629763,30051,,14138
,0,,39088,14604,4.0,2018.0,0,0,-44.95463146472489,30860,15,13545,-16.65955752256183,33391,,13946
,0,,45199,14926,4.0,2018.0,0,0,-44.98440164418652,30785,15,13433,-16.658883380938413,33060,,13917
,0,,33401,14379,4.0,2018.0,0,0,-45.11881122222027,28493,15,13130,-16.985145032153582,29272,,13808
,0,,50232,16169,6.0,2018.0,0,0,-45.03807636565755,28014,21,13649,-16.791771811993133,34019,,14687
,0,,40353,15157,4.0,2018.0,0,0,-45.016163244733136,29328,15,13665,-16.908715010521828,31797,,14087
,0,,35873,14342,4.0,2018.0,0,0,-44.946185102277425,29443,15,13420,-16.66004130263052,30517,,13810
,0,,49206,15562,4.0,2018.0,0,0,-44.98065159627486,30478,15,13415,-16.82174701840165,34272,,14306
,0,,35115,14139,4.0,2018.0,0,0,-44.96596429073852,30612,15,13225,-16.989579095121442,31621,,13556
,0,,47416,15403,4.0,2018.0,0,0,-44.97391730841693,28518,15,13214,-16.72643302154443,30609,,13631
,0,,45090,14863,4.0,2018.0,0,0,-44.99409238585407,30026,15,13418,-16.756899375248334,32756,,13789
,0,,33513,14209,4.0,2018.0,0,0,-45.07413818650162,31569,15,13719,-16.948977779550358,31976,,13966
,0,,32865,14242,4.0,2018.0,0,0,-45.09833681369259,31244,15,13913,-16.88050257356882,31207,,14038
,0,,36323,14445,4.0,2018.0,0,0,-45.08070863645422,32233,15,13917,-16.86675397752283,33781,,14241
,0,,33544,14462,4.0,2018.0,0,0,-45.091503080370906,32031,15,14008,-16.99679064390145,32500,,14363
,0,,34386,14668,4.0,2018.0,0,0,-45.10081187081159,32600,15,13557,-16.971496496406225,33307,,14163
,0,,37033,15323,4.0,2018.0,0,0,-44.4041871821667,27866,15,13634,-15.901939431609252,30707,,14172
,0,,38010,15229,4.0,2018.0,0,0,-44.48603168006375,26889,15,13437,-16.25386258486161,28117,,13900
,0,,40713,15654,4.0,2018.0,0,0,-44.478112554662815,29905,15,13983,-15.928027599308269,34286,,14674
,0,,43126,15318,4.0,2018.0,0,0,-44.50971234240927,29388,15,13401,-16.026097452102462,32093,,14026
,0,,37296,14853,4.0,2018.0,0,0,-44.44256282121752,28369,15,13364,-16.183915249961736,30044,,13816
,0,,39286,15389,4.0,2018.0,0,0,-44.54396537766548,31044,15,14225,-16.239697130376786,33608,,14623
,0,,37500,14528,4.0,2018.0,0,0,-44.390171234541796,32444,15,13360,-15.967483943902613,33744,,13715
,0,,34187,14153,4.0,2018.0,0,0,-44.47204281265078,28408,15,12864,-16.037226863592487,30100,,13265
,0,,39987,15049,4.0,2018.0,0,0,-44.39663452734816,29666,15,13722,-16.166370552159524,31550,,14159
,0,,43099,14567,4.0,2018.0,0,0,-44.4481006248058,33144,15,13263,-16.000487830630764,35602,,13735
,0,,45617,15477,4.0,2018.0,0,0,-44.41945321797621,30601,15,13534,-16.184208931773153,32373,,14085
,0,,37982,14642,4.0,2018.0,0,0,-44.35561929768958,31754,15,13528,-15.88468330771679,33596,,13933
,0,,38237,14291,4.0,2018.0,0,0,-44.38988387530563,32707,15,13290,-16.049599386424276,34461,,13585
,0,,37662,14287,4.0,2018.0,0,0,-44.44047757900493,31345,15,13211,-16.224640434169025,33688,,13624
,0,,34542,13694,4.0,2018.0,0,0,-44.409427572717924,32003,15,13147,-16.05733433253188,31410,,13270
,0,,37541,13917,4.0,2018.0,0,0,-44.3703026320757,31243,15,12893,-15.89528487502236,32710,,13165
,0,,39133,14577,4.0,2018.0,0,0,-44.33034226241785,31675,15,13400,-15.959566018603418,32862,,13747
,0,,33816,14318,4.0,2018.0,0,0,-44.79844812172799,30683,15,12989,-17.02061537555516,29192,,13389
,0,,34255,14689,6.0,2018.0,0,0,-44.600577495568004,27909,21,13343,-17.03288201254877,27477,,13514
,0,,35523,14706,4.0,2018.0,0,0,-44.67135413731932,33033,15,13938,-17.0101585249899,34120,,14372
,0,,38526,15336,4.0,2018.0,0,0,-44.85043822638354,31454,15,13913,-17.086097498346277,31726,,14506
,0,,40553,15798,6.0,2018.0,0,0,-44.90662848211711,25355,21,13404,-17.022268577220707,26834,,13835
,0,,32246,14519,6.0,2018.0,0,0,-45.03099520146958,29689,21,13483,-17.146853686551548,31250,,14017
,0,,41063,15865,4.0,2018.0,0,0,-43.80977247233985,31409,15,14289,-16.513752834869663,33365,,14834
,0,,47915,15758,4.0,2018.0,0,0,-43.84189537120251,31995,15,14008,-16.587688838438414,34798,,14553
,0,,44153,15659,4.0,2018.0,0,0,-43.96939837081802,30336,15,13700,-16.46535004759585,32227,,14329
,0,,39594,15787,4.0,2018.0,0,0,-43.81954453328885,28062,15,13589,-16.318794209379774,28591,,14299
,0,,41453,16061,6.0,2018.0,0,0,-43.8763908146639,26298,21,13744,-16.55830152758084,30294,,14674
,0,,42200,15223,4.0,2018.0,0,0,-43.94574667022637,30924,15,13727,-16.576142347918168,34139,,14562
,0,,39058,15208,4.0,2018.0,0,0,-44.14864630498255,32626,15,13782,-16.533080445629803,34392,,14150
,0,,49466,15819,4.0,2018.0,0,0,-43.89887689725786,35039,15,13848,-16.340595226535342,35768,,14425
,0,,39787,15152,4.0,2018.0,0,0,-43.81779500337865,30549,15,13461,-16.28715138333366,30720,,13913
,0,,35095,14841,4.0,2018.0,0,0,-44.064759344685676,28478,15,13543,-16.49791177722735,29314,,13869
,0,,41597,15559,4.0,2018.0,0,0,-44.14926847330017,29855,15,13885,-16.26927026774443,33031,,14579
,0,,39280,14849,4.0,2018.0,0,0,-43.87454416362557,27519,15,12997,-16.460852959345104,28981,,13437
,0,,38138,14952,4.0,2018.0,0,0,-44.14790469736367,27705,15,13159,-16.268401135084215,29059,,13937
,0,,39784,15470,4.0,2018.0,0,0,-43.861255234665606,28497,15,13345,-16.54147419847249,28695,,13711
,0,,48596,15757,4.0,2018.0,0,0,-43.95421370208638,30842,15,13675,-16.332520359542297,33173,,14435
,0,,37642,14686,4.0,2018.0,0,0,-44.167835366176014,34601,15,13778,-16.612595952954102,34057,,14063
,0,,40797,15089,4.0,2018.0,0,0,-43.911494805809376,31614,15,13436,-16.26443706537452,31749,,13763
,0,,34223,13887,4.0,2018.0,0,0,-44.17155822743804,32802,15,13169,-16.44333792057387,33643,,13573
,0,,40416,14417,4.0,2018.0,0,0,-43.887770119588794,33557,15,13362,-16.53587218670078,34176,,13802
,0,,38849,14015,4.0,2018.0,0,0,-43.82099998398044,33218,15,12916,-16.51556959619703,34211,,13252
,0,,35257,14301,6.0,2018.0,0,0,-44.13358343769704,30388,21,13307,-16.399037963549546,31066,,13627
,0,,42226,15595,4.0,2018.0,0,0,-44.52309212836595,24360,15,13194,-16.292645099960772,28021,,13834
,0,,48613,15858,4.0,2018.0,0,0,-44.21370373929511,31454,15,13881,-16.616752465761365,35542,,14678
,0,,44124,15922,4.0,2018.0,0,0,-44.53496713890353,27125,15,13739,-16.260391423122027,29953,,14518
,0,,45886,15447,4.0,2018.0,0,0,-44.28581411907306,32793,15,14176,-16.418906256303725,36414,,14733
,0,,41616,15488,4.0,2018.0,0,0,-44.54396538885018,27433,15,13450,-16.612595895986576,31149,,14278
,0,,40960,15721,6.0,2018.0,0,0,-44.273242841970564,30318,21,14208,-16.321088305895415,32291,,14762
,0,,43221,15784,4.0,2018.0,0,0,-44.3218766812237,27215,15,13697,-16.5761423370583,30574,,14487
,0,,42005,15651,4.0,2018.0,0,0,-44.38529226574169,26780,15,13637,-16.378933934303145,31072,,14534
,0,,40784,15411,4.0,2018.0,0,0,-44.20448633471514,34250,15,14319,-16.34616268764504,35943,,14842
,0,,37622,15085,4.0,2018.0,0,0,-44.26809447940678,34206,15,14148,-16.597621275859886,35759,,14615
,0,,37484,14896,4.0,2018.0,0,0,-44.18139180134454,33070,15,14058,-16.446775018972044,32837,,14321
,0,,41799,15265,4.0,2018.0,0,0,-44.51064090269891,30492,15,13831,-16.27657151481172,33301,,14424
,0,,46913,15865,4.0,2018.0,0,0,-44.32844494517042,31963,15,13672,-16.493902655728537,35311,,14366
,0,,43989,15281,4.0,2018.0,0,0,-44.44810379799595,30295,15,13560,-16.373433946935506,33684,,14192
,0,,43369,15037,4.0,2018.0,0,0,-44.20501625260349,32854,15,13648,-16.362652863269115,36262,,14407
,0,,44222,15407,4.0,2018.0,0,0,-44.3165661433087,30516,15,13404,-16.577422340886557,34176,,14117
,0,,39331,15096,4.0,2018.0,0,0,-44.21101998819255,33619,15,13991,-16.62778509121088,36126,,14485
,0,,40082,15457,4.0,2018.0,0,0,-44.428826768510085,33512,15,14211,-16.517892347332992,35519,,14702
,0,,38288,14618,4.0,2018.0,0,0,-44.27500690578386,32838,15,13552,-16.34059524951015,34683,,14036
,0,,39500,14326,4.0,2018.0,0,0,-44.24183130244774,32484,15,13239,-16.38402751323175,33907,,13722
,0,,38192,14015,4.0,2018.0,0,0,-44.278731451273465,32990,15,13230,-16.40118770786231,33946,,13539
,0,,38353,14649,4.0,2018.0,0,0,-44.34552838305571,28956,15,13023,-16.465350039662,29203,,13221
,0,,36033,14436,4.0,2018.0,0,0,-44.330343713534404,31479,15,13396,-16.332520370071254,31833,,13799
,0,,41048,14986,4.0,2018.0,0,0,-44.36099858381691,30385,15,13108,-16.31919132382259,32029,,13768
,0,,40940,14807,4.0,2018.0,0,0,-44.39542370362326,32322,15,13412,-16.592946591870625,32933,,13828
,0,,38789,15186,6.0,2018.0,0,0,-44.26390012751809,31467,21,13997,-16.535872190155416,33190,,14331
,0,,45648,15391,4.0,2018.0,0,0,-44.552785085261576,28731,15,13277,-16.306601476196867,32586,,14303
,0,,39887,14822,4.0,2018.0,0,0,-44.873278852086386,27666,15,12636,-16.590411444475812,29787,,13285
,0,,38565,15044,4.0,2018.0,0,0,-44.69194001151676,31355,15,13988,-16.51789831741954,31661,,14134
,0,,40098,14794,4.0,2018.0,0,0,-44.782634041916175,30578,15,13615,-16.332517781596938,31728,,14021
,0,,38624,15226,4.0,2018.0,0,0,-44.732505480772105,28149,15,13389,-16.257652146851104,28659,,13667
,0,,37004,14839,4.0,2018.0,0,0,-44.66689923514627,29647,15,13723,-16.54543012468243,31459,,14135
,0,,43836,14848,4.0,2018.0,0,0,-44.60209610760543,31962,15,13319,-16.60112788392886,33021,,13669
,0,,46955,15199,4.0,2018.0,0,0,-44.556782823462896,32719,15,13529,-16.42246090226015,37279,,14165
,0,,51763,15561,4.0,2018.0,0,0,-44.55914559690886,33111,15,13767,-16.292632043809284,38075,,14420
,0,,42180,14960,4.0,2018.0,0,0,-44.82102939096897,31212,15,13385,-16.513808759543224,33961,,13967
,0,,37729,14234,4.0,2018.0,0,0,-44.69322343217778,29821,15,13044,-16.598661031468403,32207,,13475
,0,,40805,14614,4.0,2018.0,0,0,-44.598841862790536,30407,15,13175,-16.507608679568797,32408,,13487
,0,,35445,14665,4.0,2018.0,0,0,-44.557117116228106,32135,15,13796,-16.345468338650843,33660,,14126
,0,,51162,16083,4.0,2018.0,0,0,-44.75786073984053,29385,15,13634,-16.26825085207543,32448,,14269
,0,,46315,15197,4.0,2018.0,0,0,-44.70947857280439,28050,15,13172,-16.62396364179525,31648,,13910
,0,,44631,15494,4.0,2018.0,0,0,-44.73478009655945,31071,15,13963,-16.623630415963447,34234,,14507
,0,,44655,15400,4.0,2018.0,0,0,-44.90662857145951,26221,15,13365,-16.276556649916177,27797,,13684
,0,,37929,14790,4.0,2018.0,0,0,-44.79986978878752,28357,15,13392,-16.606509522729613,30148,,13729
,0,,40479,15304,4.0,2018.0,0,0,-44.74499124209255,32575,15,14007,-16.556841724199398,33975,,14433
,0,,38095,14631,4.0,2018.0,0,0,-44.734321099658615,26677,15,12955,-16.59294935524574,27404,,13409
,0,,42935,15598,4.0,2018.0,0,0,-44.60057991209064,28455,15,13887,-16.287173174504893,30754,,14467
,0,,46390,15844,4.0,2018.0,0,0,-44.881782226604884,33117,15,13995,-16.383016457310084,36282,,14710
,0,,38286,14984,4.0,2018.0,0,0,-44.85206610770918,27875,15,13402,-16.413931868433455,29610,,13722
,0,,37404,14993,4.0,2018.0,0,0,-44.63419916474306,25880,15,13470,-16.318833583543245,28121,,13882
,0,,43352,15628,4.0,2018.0,0,0,-44.88435543966452,32642,15,14127,-16.378884353272895,35102,,14596
,0,,44015,15677,6.0,2018.0,0,0,-44.70485894804684,26128,21,13501,-16.576815381671953,30032,,14265
,0,,47982,16110,6.0,2018.0,0,0,-44.64380037631018,29545,21,13997,-16.576125094338224,34877,,14946
,0,,41581,15952,6.0,2018.0,0,0,-44.55560697409719,25858,21,13715,-16.46527213638033,31137,,14661
,0,,44721,15827,6.0,2018.0,0,0,-44.91955778597616,27252,21,13442,-16.590737312255875,30496,,14178
,0,,42060,15749,6.0,2018.0,0,0,-44.79985832478613,27828,21,13332,-16.319182137299844,28616,,13834
,0,,42498,15530,6.0,2018.0,0,0,-44.9213063247675,26126,21,13336,-16.535814439638262,28613,,13993
,0,,42442,16043,6.0,2018.0,0,0,-44.90046157856786,25838,21,13185,-16.541447445298886,28875,,14177
,0,,48114,15909,4.0,2018.0,0,0,-45.01373268927693,26232,15,13491,-16.286008463125448,31056,,14586
,0,,46798,15534,4.0,2018.0,0,0,-45.08996843592511,32052,15,14058,-16.535380478733178,37634,,14782
,0,,52841,16069,6.0,2018.0,0,0,-44.95365758460582,29181,21,13593,-16.559699400806185,33118,,14599
,0,,39047,15339,4.0,2018.0,0,0,-44.974971858566136,29209,15,14268,-16.507608698304406,29014,,14268
,0,,46612,15609,4.0,2018.0,0,0,-45.06807000518839,29498,15,13856,-16.517898338148612,33247,,14402
,0,,41096,14960,4.0,2018.0,0,0,-45.010734856093855,29701,15,13439,-16.30454759085636,32229,,14190
,0,,40294,14995,4.0,2018.0,0,0,-45.05746853519217,26883,15,13420,-16.539280511079298,31161,,14188
,0,,49299,15036,4.0,2018.0,0,0,-45.08560856606786,30029,15,13130,-16.62396366446992,36520,,13966
,0,,36202,15377,4.0,2018.0,0,0,-44.96025857920391,27958,15,13875,-16.43021948969219,28443,,14348
,0,,41758,15250,4.0,2018.0,0,0,-45.16016167931074,27293,15,13530,-16.597553249569014,29446,,14069
,0,,41754,15630,4.0,2018.0,0,0,-45.12112123456418,32660,15,14430,-16.55684174656778,35021,,14868
,0,,40669,15254,4.0,2018.0,0,0,-44.93291282019184,30225,15,13660,-16.422460918872623,31441,,14084
,0,,39478,15320,4.0,2018.0,0,0,-45.04302922938226,32073,15,13637,-16.545430145335768,33376,,14337
,0,,45693,15017,4.0,2018.0,0,0,-44.92778793667367,29440,15,13174,-16.58765555998664,32018,,13753
,0,,37778,14888,4.0,2018.0,0,0,-45.01058487910222,29717,15,13123,-16.40748705056045,33085,,13990
,0,,35806,14039,4.0,2018.0,0,0,-44.9613000588602,29827,15,12753,-16.62778362827039,31212,,13123
,0,,36555,14762,4.0,2018.0,0,0,-45.002622857711096,30220,15,13182,-16.410165703366886,31162,,13672
,0,,43859,15298,4.0,2018.0,0,0,-45.0781170139781,32453,15,13595,-16.34051965657128,35319,,14138
,0,,41854,15362,4.0,2018.0,0,0,-44.92891508208146,27512,15,13359,-16.306601490970504,28087,,13668
,0,,40254,14970,4.0,2018.0,0,0,-44.95283307649049,32380,15,13546,-16.616742762070743,34460,,14120
,0,,33545,14410,4.0,2018.0,0,0,-44.99989233306215,29767,15,13183,-16.413172748297196,29728,,13614
,0,,42406,15071,4.0,2018.0,0,0,-45.07406828113365,27337,15,13101,-16.518997130969552,31750,,13964
,0,,43856,15904,4.0,2018.0,0,0,-44.976709907825466,27632,15,13655,-16.28717318752113,29960,,14403
,0,,46267,15647,4.0,2018.0,0,0,-45.01591378457207,26047,15,13215,-16.577404349712882,29093,,13894
,0,,36774,15417,4.0,2018.0,0,0,-44.93173697085168,27948,15,13838,-16.46527215361932,31098,,14517
,0,,49139,15887,6.0,2018.0,0,0,-44.93324711295045,28935,21,13481,-16.345468354101868,32671,,14215
,0,,43138,15709,6.0,2018.0,0,0,-45.01755068859896,26356,21,13713,-16.368656709356816,32355,,14581
,0,,21349,13040,9.0,2018.0,0,0,-43.51164323697714,20535,29,12498,-16.9087150335426,20647,,12629
,0,,23324,13196,9.0,2018.0,0,0,-43.45442655831656,22972,29,12556,-16.963591085271855,22787,,13078
,65535,,14100,5837,8.0,2018.0,65535,65535,-45.02550363884022,13360,33,4785,-16.693972620196917,13903,,5339
,65535,,13749,5963,8.0,2018.0,65535,65535,-45.06385590042356,13277,33,4467,-16.36270440749606,13650,,5045
,0,,36540,14719,1.0,2019.0,0,0,-43.77083318613516,33286,4,13844,-16.665534046916115,34341,,14228
,0,,39115,15911,0.0,2019.0,0,0,-43.593816804904684,25486,3,13543,-16.88050259051793,28835,,14329
,0,,40115,15506,0.0,2019.0,0,0,-43.47988163682476,25846,3,13079,-16.65888339564138,29613,,14281
,0,,32990,14669,1.0,2019.0,0,0,-43.7795921851936,26528,4,13360,-16.925116400498226,28943,,14318
,0,,34913,15329,1.0,2019.0,0,0,-43.52647332033536,28641,4,14156,-16.77405664186229,31542,,14913
,0,,40974,15425,1.0,2019.0,0,0,-43.489376895307984,29222,4,13731,-16.71336928166784,35660,,14882
,0,,37867,15545,1.0,2019.0,0,0,-43.782707272396195,29169,4,14104,-16.633286397763133,32920,,15033
,0,,42486,15762,1.0,2019.0,0,0,-43.690304718433794,31170,4,14159,-16.929665018531434,36170,,15030
,0,,34327,14961,1.0,2019.0,0,0,-43.46939730118609,27862,4,13876,-16.726433039425796,30018,,14700
,0,,36908,15178,1.0,2019.0,0,0,-43.45821100371299,32990,4,14256,-16.677405843075746,34189,,14842
,0,,40542,15837,1.0,2019.0,0,0,-43.52274795215191,29394,4,14152,-16.713475832684534,33787,,15137
,0,,34416,14920,1.0,2019.0,0,0,-43.77251659401104,29156,4,13874,-16.905922976705845,31274,,14349
,0,,36982,15003,1.0,2019.0,0,0,-43.441665095392416,27316,4,13521,-16.660041319295544,31260,,14343
,0,,40187,15268,1.0,2019.0,0,0,-43.72585582866657,26045,4,13399,-16.673875324091078,31741,,14489
,0,,34972,15214,1.0,2019.0,0,0,-43.66719552192755,29523,4,13971,-16.92995889627611,31801,,14525
,0,,33001,14616,1.0,2019.0,0,0,-43.79170537454696,31102,4,14011,-16.985422833475862,31576,,14328
,0,,36461,15474,1.0,2019.0,0,0,-43.63791566098223,24031,4,13178,-16.71331770348167,28121,,14269
,0,,38425,15090,1.0,2019.0,0,0,-43.730453706624495,27420,4,13435,-16.78034442476028,35131,,14674
,0,,30874,14478,1.0,2019.0,0,0,-43.50263308961414,28162,4,13736,-16.973974797318863,29656,,14204
,0,,29440,14079,1.0,2019.0,0,0,-43.43606092630396,27560,4,13200,-16.996896872306507,27918,,13940
,0,,34444,15337,1.0,2019.0,0,0,-43.603359323461284,24254,4,13143,-16.63054907539588,26368,,13805
,0,,32862,14166,1.0,2019.0,0,0,-43.45011145773664,29016,4,13193,-16.659557538769615,31462,,13875
,0,,40301,15575,1.0,2019.0,0,0,-43.75745455646287,25847,4,13458,-16.77190656591124,29925,,14362
,0,,30844,14066,1.0,2019.0,0,0,-43.4587600784185,27819,4,13447,-17.000609583331375,29431,,13854
,0,,36471,15036,1.0,2019.0,0,0,-43.44341471927963,31736,4,13803,-16.691678070529413,34488,,14561
,0,,36137,15289,1.0,2019.0,0,0,-43.57808516611792,24412,4,13287,-16.70540282676292,26668,,13919
,0,,37992,14609,1.0,2019.0,0,0,-43.71557813975033,31265,4,13505,-16.7183978402154,33589,,14028
,0,,38368,15516,0.0,2019.0,0,0,-43.85601162352908,23110,3,13200,-16.658883403082356,28582,,14451
,0,,39999,15961,0.0,2019.0,0,0,-43.979489316559636,26130,3,13791,-16.630549086724344,30298,,14945
,0,,40038,15796,0.0,2019.0,0,0,-43.809772876010484,24579,3,13492,-16.88659892964236,31512,,14891
,0,,38096,15382,0.0,2019.0,0,0,-43.94043763004719,28251,3,13977,-16.95025752557399,31972,,14632
,0,,42029,15721,0.0,2019.0,0,0,-44.152696481638614,31442,3,14222,-16.74148591937987,36526,,15070
,0,,33472,15151,1.0,2019.0,0,0,-44.1065837062981,25407,4,13530,-16.78034442950773,29088,,14388
,0,,34018,15240,1.0,2019.0,0,0,-44.04361344131785,26448,4,13881,-16.660761146654803,29866,,14809
,0,,36406,15022,1.0,2019.0,0,0,-44.13358455753746,29647,4,13987,-16.77190657194428,32424,,14407
,0,,34461,15086,1.0,2019.0,0,0,-43.89196558186315,28870,4,14205,-16.970452240320068,31520,,14788
,0,,39330,15346,1.0,2019.0,0,0,-43.81779508012037,29683,4,13783,-16.66004132598329,32206,,14458
,0,,35878,14833,1.0,2019.0,0,0,-43.98487000396049,29786,4,13816,-16.69207640610164,32378,,14317
,0,,34333,14806,1.0,2019.0,0,0,-44.15883727477673,28742,4,13669,-16.633286411961087,30760,,14217
,0,,30287,14240,1.0,2019.0,0,0,-43.88073604440662,27073,4,13634,-16.867279742622515,29498,,14023
,0,,42355,15459,1.0,2019.0,0,0,-43.81369904318968,33525,4,14294,-16.763688840230394,37749,,15024
,0,,40643,15909,1.0,2019.0,0,0,-44.009165424386254,29331,4,14124,-16.751807470452192,32903,,15188
,0,,36341,15029,1.0,2019.0,0,0,-44.02050790282894,30355,4,14272,-16.912127592429275,31814,,14616
,0,,32298,14952,1.0,2019.0,0,0,-43.94156156082064,26653,4,14074,-16.786825154266882,29627,,14512
,0,,37179,15516,1.0,2019.0,0,0,-44.07197696395579,29193,4,14279,-16.746308213972394,32697,,14853
,0,,34763,15108,1.0,2019.0,0,0,-43.96994679749775,30873,4,14204,-16.88050258578178,31962,,14663
,0,,38730,15117,1.0,2019.0,0,0,-43.84189708268637,31118,4,14069,-16.96052115549611,33545,,14661
,0,,39276,15506,1.0,2019.0,0,0,-43.813992984645154,32383,4,14477,-16.768203838522208,35204,,15088
,0,,31490,14368,1.0,2019.0,0,0,-44.08455459975946,28284,4,13576,-16.848824959268274,29711,,14003
,0,,35667,15472,1.0,2019.0,0,0,-43.95231861956828,33272,4,14402,-16.86675399078788,33672,,15040
,0,,36276,14587,1.0,2019.0,0,0,-43.954215157904265,29364,4,13434,-16.705402832743324,31844,,14031
,0,,36137,14784,1.0,2019.0,0,0,-43.83055654370275,32501,4,13877,-16.963591071924924,33118,,14214
,0,,40483,15745,0.0,2019.0,0,0,-43.91149491008823,23851,3,13176,-16.637332465470973,29748,,14579
,0,,36216,14937,1.0,2019.0,0,0,-44.052698408315315,36005,4,14277,-16.890738901575507,35545,,14658
,0,,37537,15404,1.0,2019.0,0,0,-44.01404565586259,28564,4,13976,-16.713317709928237,33397,,14649
,0,,34134,15304,1.0,2019.0,0,0,-43.83489006403743,29198,4,13687,-17.000609568106402,30287,,14694
,0,,32315,15053,1.0,2019.0,0,0,-44.01781167543094,28924,4,14348,-16.90412523445105,29371,,14590
,0,,34981,14181,1.0,2019.0,0,0,-44.24763033533943,32989,4,13880,-16.786039097761517,32929,,13916
,0,,30315,14102,1.0,2019.0,0,0,-44.44905775868745,27841,4,13681,-16.791766939184267,28459,,13858
,0,,39078,15493,1.0,2019.0,0,0,-44.53855236528367,31174,4,14004,-16.63328334137136,34032,,14733
,0,,35096,14702,1.0,2019.0,0,0,-44.40650271445937,30642,4,13761,-16.70540019258223,30714,,13995
,0,,37098,15003,1.0,2019.0,0,0,-44.25847314614561,31237,4,14025,-16.677434996516055,33166,,14555
,0,,37397,15004,1.0,2019.0,0,0,-44.381730498384954,32145,4,14238,-16.641145723810737,33487,,14644
,0,,34859,15010,1.0,2019.0,0,0,-44.5056515546199,29104,4,13937,-16.75588821911592,29968,,14360
,0,,34051,14934,1.0,2019.0,0,0,-44.2503607590689,33094,4,14462,-16.783032661997414,33151,,14779
,0,,39643,15546,1.0,2019.0,0,0,-44.30770746539205,30567,4,14042,-16.870770555470358,34137,,14806
,0,,39645,15148,1.0,2019.0,0,0,-44.50740857873697,29253,4,13623,-16.78254505865278,31119,,14171
,0,,38256,15462,1.0,2019.0,0,0,-44.54342755223646,28129,4,13709,-16.963568474335723,31312,,14478
,0,,39140,15448,0.0,2019.0,0,0,-44.42231839625778,26785,3,13288,-16.64779382696773,30992,,14359
,0,,36374,15031,1.0,2019.0,0,0,-44.500375564740544,29804,4,14096,-16.9119657856251,31621,,14414
,0,,37994,15375,1.0,2019.0,0,0,-44.22271109705153,33474,4,14350,-16.880456538406882,34359,,14853
,0,,36217,15277,1.0,2019.0,0,0,-44.47593469705725,29370,4,13965,-16.786798052772326,31187,,14537
,0,,30936,14546,1.0,2019.0,0,0,-44.29444566216964,26767,4,13514,-16.719089576965203,28454,,14204
,0,,31379,14795,1.0,2019.0,0,0,-44.18065260789941,27956,4,13849,-16.79532453368024,28987,,14365
,0,,34451,14888,1.0,2019.0,0,0,-44.49296959729132,28322,4,13827,-16.91675089686395,29273,,14303
,0,,35935,14945,1.0,2019.0,0,0,-44.45301933623636,28313,4,13772,-16.69503248768335,31133,,14412
,0,,29428,14533,1.0,2019.0,0,0,-44.47430899177221,26330,4,13464,-16.713289008917364,27433,,14052
,0,,42220,15296,1.0,2019.0,0,0,-44.52121936804622,29810,4,13736,-16.789549979147733,32816,,14175
,0,,34923,15182,1.0,2019.0,0,0,-44.49956656288993,30029,4,14225,-16.918254578426822,30502,,14747
,0,,41305,15723,1.0,2019.0,0,0,-44.369928512260486,33761,4,14646,-16.756933422579344,36273,,15187
,0,,39369,15422,1.0,2019.0,0,0,-44.23240113931548,31802,4,14313,-16.659578232498287,34452,,14834
,0,,36783,15323,1.0,2019.0,0,0,-44.42372736310537,28359,4,13816,-16.692067023820883,30646,,14553
,0,,38458,15845,0.0,2019.0,0,0,-44.368859476707335,28944,3,14092,-16.929681008656328,33281,,15102
,0,,35056,15474,1.0,2019.0,0,0,-44.19120609744691,28348,4,14434,-16.866686489637623,31045,,15162
,0,,34704,15171,1.0,2019.0,0,0,-44.42411149059044,29010,4,14259,-16.77406348089325,30140,,14616
,0,,32169,14821,1.0,2019.0,0,0,-44.258322538367615,29827,4,14195,-16.780354607227988,30565,,14685
,0,,39596,15518,1.0,2019.0,0,0,-44.189379281984564,30326,4,14127,-16.746255050826093,34526,,14891
,0,,41640,15747,1.0,2019.0,0,0,-44.53049852867263,30493,4,14055,-16.64944853288828,34259,,14890
,0,,33949,15089,1.0,2019.0,0,0,-44.32480739262089,31712,4,14520,-16.76375615352318,32642,,14829
,0,,37560,15528,0.0,2019.0,0,0,-44.24175011281261,25595,3,13848,-16.66260767346758,29684,,14670
,0,,39143,15361,1.0,2019.0,0,0,-44.180986817472856,33370,4,14506,-16.718346819322,35690,,15030
,0,,37205,15209,1.0,2019.0,0,0,-44.40790075097967,32422,4,14343,-16.97038455989075,33459,,14773
,0,,36674,15329,1.0,2019.0,0,0,-44.261471650211675,30012,4,14210,-16.65889947081186,32223,,14772
,0,,40944,15733,1.0,2019.0,0,0,-44.45360795953583,33537,4,14525,-16.925166577092558,35943,,15140
,0,,38485,15506,1.0,2019.0,0,0,-44.33790023928445,31745,4,14440,-16.69398987988142,35094,,15080
,0,,33427,15268,1.0,2019.0,0,0,-44.32965370015719,30249,4,14678,-16.76827170749629,31871,,15021
,0,,40060,15396,0.0,2019.0,0,0,-44.74268122972151,24248,3,13101,-16.985145046806103,27950,,13923
,0,,39098,15601,0.0,2019.0,0,0,-44.913030792306635,23255,3,12933,-16.963213125634315,27887,,14183
,0,,42036,15621,0.0,2019.0,0,0,-44.58660101475254,26446,3,13620,-16.677405814007923,30587,,14573
,0,,34300,14911,1.0,2019.0,0,0,-44.56625301043723,26570,4,13525,-16.768203820637183,27649,,13872
,0,,33473,14909,1.0,2019.0,0,0,-44.617766907446175,25052,4,13333,-16.71336925797807,26817,,13887
,0,,32059,14695,1.0,2019.0,0,0,-44.59778731262058,26552,4,13592,-16.72643301675921,27547,,14025
,0,,33989,14992,1.0,2019.0,0,0,-44.617962390517874,27739,4,13781,-16.756899375032123,29263,,14237
,0,,35082,15086,1.0,2019.0,0,0,-44.70647518138376,28681,4,13821,-16.705402804722315,30167,,14407
,0,,33505,14923,1.0,2019.0,0,0,-44.722206820736176,28190,4,13741,-16.880502585842653,29321,,14076
,0,,38638,15539,1.0,2019.0,0,0,-44.92009539733449,28082,4,13769,-16.985422818648043,30200,,14331
,0,,35833,15216,1.0,2019.0,0,0,-44.56203290187385,28805,4,13627,-16.88659893425401,31144,,14385
,0,,37818,15245,1.0,2019.0,0,0,-44.58281656922925,27187,4,13576,-16.963591091468928,30536,,14301
,0,,36158,15158,1.0,2019.0,0,0,-44.86732838967132,27461,4,13651,-16.77485283764073,29609,,14284
,0,,37159,15284,1.0,2019.0,0,0,-44.72956474061059,30651,4,14171,-16.782596347118826,32561,,14602
,0,,37587,15112,1.0,2019.0,0,0,-44.63102310222564,30044,4,13937,-16.973974801179043,31150,,14354
,0,,39628,15546,1.0,2019.0,0,0,-44.604521600637476,32153,4,14305,-16.8217470290369,34055,,14724
,0,,31470,14873,1.0,2019.0,0,0,-44.57850146848755,25757,4,13404,-16.659557507237157,27613,,14138
,0,,41946,15598,1.0,2019.0,0,0,-44.56595906898558,28797,4,13854,-16.763688821486994,33719,,14782
,0,,36511,15200,1.0,2019.0,0,0,-44.85314289712875,30909,4,14033,-16.739029714610233,33534,,14565
,0,,36754,14895,1.0,2019.0,0,0,-44.84396815986741,29815,4,13710,-16.718397823116995,31697,,14159
,0,,34319,15691,0.0,2019.0,0,0,-44.58715008948076,26320,3,13338,-17.000609590796657,26767,,14229
,0,,42083,15877,0.0,2019.0,0,0,-44.651137965466745,29742,3,14163,-16.713475809991227,35913,,15100
,0,,43896,15463,1.0,2019.0,0,0,-44.92381828208752,31656,4,13496,-16.81619734957841,34805,,14516
,0,,38074,14987,1.0,2019.0,0,0,-44.55752201706935,33480,4,14201,-16.819633917136066,34372,,14578
,0,,37695,15070,1.0,2019.0,0,0,-44.580616698291685,32025,4,14220,-16.719041342472806,33742,,14425
,0,,39827,14943,1.0,2019.0,0,0,-44.75838769769679,25975,4,13089,-16.949652251991843,29722,,13734
,0,,40544,15674,1.0,2019.0,0,0,-44.80921136667197,23712,4,13033,-16.90821261222951,29559,,14497
,0,,32545,14238,1.0,2019.0,0,0,-44.58476599480039,28671,4,13386,-16.91824468307743,29845,,13796
,0,,37012,15101,1.0,2019.0,0,0,-44.594157108029016,32026,4,14085,-16.96052117432806,33563,,14578
,0,,38394,15170,1.0,2019.0,0,0,-44.57180472979824,31021,4,13420,-16.691678042779596,32820,,14005
,0,,43854,15957,0.0,2019.0,0,0,-45.13081876568342,27048,3,13799,-16.7559376674643,33134,,15007
,0,,41778,15959,0.0,2019.0,0,0,-44.96273101080338,25250,3,13435,-16.67740582659099,30810,,14749
,0,,42978,15481,0.0,2019.0,0,0,-44.957276682671335,31254,3,13710,-16.73552835272843,33148,,14486
,0,,39038,15426,1.0,2019.0,0,0,-45.113260019571086,28845,4,13838,-16.692076389093724,31612,,14641
,0,,42829,15759,1.0,2019.0,0,0,-45.137555439045876,30492,4,14427,-16.751807455869923,33664,,15080
,0,,38782,15369,1.0,2019.0,0,0,-44.93816289848052,28171,4,13495,-16.886598912186887,29764,,14201
,0,,36284,15227,1.0,2019.0,0,0,-44.968055642309345,27676,4,13548,-16.911961544369785,30066,,14332
,0,,32592,14719,1.0,2019.0,0,0,-45.082605174714516,25095,4,13089,-16.705402815092544,26950,,13695
,0,,33373,14962,1.0,2019.0,0,0,-45.11714319036812,31480,4,14382,-16.99645678451515,32514,,14886
,0,,33047,14698,1.0,2019.0,0,0,-45.020355601111305,30894,4,14086,-16.970452228040337,30943,,14375
,0,,32451,14607,1.0,2019.0,0,0,-45.02441533781569,27885,4,13698,-16.93257969025818,29047,,14088
,0,,45074,16118,1.0,2019.0,0,0,-45.161694412233544,28320,4,14036,-16.8031332914172,32800,,15029
,0,,43364,15875,1.0,2019.0,0,0,-44.993896902788606,28085,4,13858,-16.71336926528992,32364,,14753
,0,,42796,15775,1.0,2019.0,0,0,-44.933652013779216,26637,4,13323,-16.819633905912024,30828,,14484
,0,,37008,15220,1.0,2019.0,0,0,-45.00715309725958,30967,4,14180,-16.973974772210415,33249,,14714
,0,,36519,15127,1.0,2019.0,0,0,-45.12824503271926,28927,4,13726,-16.918282914580733,30568,,14286
,0,,31159,14278,1.0,2019.0,0,0,-45.097792501758235,29072,4,13764,-16.838206908346717,29824,,13968
,0,,31141,14277,1.0,2019.0,0,0,-45.06882764739822,29070,4,13556,-16.95025751441999,29868,,13841
,0,,34774,14771,1.0,2019.0,0,0,-44.949390768405436,29350,4,13572,-16.888415505023662,30446,,14041
,0,,36034,14818,1.0,2019.0,0,0,-44.94793472618751,31682,4,13915,-16.69167805273079,32596,,14310
,0,,37006,15089,1.0,2019.0,0,0,-44.37598144445439,32524,4,14233,-16.17252815942116,33004,,14608
,0,,35778,15410,1.0,2019.0,0,0,-44.44726291608522,28637,4,14000,-16.233599962391246,30012,,14413
,0,,36381,15284,1.0,2019.0,0,0,-44.38225551661678,29233,4,13832,-16.203909603947658,31005,,14395
,0,,28824,13908,1.0,2019.0,0,0,-44.27215056672005,27989,4,13548,-16.186831196328434,28094,,13719
,0,,33711,14861,1.0,2019.0,0,0,-44.190122412019456,28779,4,13780,-16.022393974546393,30339,,14293
,0,,36102,15266,1.0,2019.0,0,0,-44.19392493110198,27603,4,13960,-15.91418961545728,29754,,14463
,0,,29607,14341,1.0,2019.0,0,0,-44.19567436734258,26899,4,13620,-15.945838512042457,28095,,13993
,0,,30665,14457,1.0,2019.0,0,0,-44.23214121177869,25862,4,13346,-15.913030153574882,27540,,13944
,0,,35100,14806,1.0,2019.0,0,0,-44.27324205823397,28203,4,13760,-15.948132067367709,30445,,14238
,0,,37812,15428,1.0,2019.0,0,0,-44.34607072230445,27096,4,13681,-16.134733252197332,30793,,14494
,0,,35677,15253,1.0,2019.0,0,0,-44.528825197706304,30969,4,14093,-15.995665649169275,32313,,14587
,0,,34070,15164,1.0,2019.0,0,0,-44.221656146206044,28148,4,13947,-15.980606121529615,30985,,14632
,0,,36053,15207,1.0,2019.0,0,0,-44.20501584076311,31246,4,14230,-15.98970543572359,34144,,14823
,0,,27939,14266,1.0,2019.0,0,0,-44.34552428185564,26229,4,13584,-16.092421278066112,27188,,13978
,0,,33528,14992,1.0,2019.0,0,0,-44.218023670877834,26676,4,13620,-16.214784633603234,29792,,14430
,0,,36628,15496,1.0,2019.0,0,0,-44.20237123564926,29805,4,14330,-15.913705382775742,31352,,14792
,0,,34601,15215,1.0,2019.0,0,0,-44.25251822545545,30825,4,14391,-16.185391237044676,32014,,14784
,0,,35164,14978,1.0,2019.0,0,0,-44.22838898436313,31458,4,14133,-16.075956706373017,32360,,14470
,0,,35424,15094,1.0,2019.0,0,0,-44.51064008942001,27448,4,13781,-15.903607444889412,30952,,14512
,0,,36842,15457,1.0,2019.0,0,0,-44.2418302360094,28854,4,14112,-16.011083723213876,31754,,14717
,0,,39943,15711,1.0,2019.0,0,0,-44.43371552730062,29121,4,14012,-16.146070116396842,32859,,14756
,0,,36077,15059,1.0,2019.0,0,0,-44.53496698134992,30047,4,14075,-15.887424618377123,32404,,14659
,0,,33486,15016,1.0,2019.0,0,0,-44.31656465081318,30021,4,14275,-16.20451526476877,30703,,14711
,0,,33749,15020,1.0,2019.0,0,0,-44.26389703201245,30123,4,14291,-16.1629574580949,31628,,14739
,0,,34409,15230,1.0,2019.0,0,0,-44.52309105076818,23362,4,12856,-15.91968432009999,27679,,14170
,0,,42939,15889,1.0,2019.0,0,0,-44.48271009882073,25758,4,13258,-16.03453786368696,31741,,14605
,0,,37815,14831,1.0,2019.0,0,0,-44.31768601594461,26955,4,13427,-16.041019841207913,29702,,13895
,0,,34875,15212,1.0,2019.0,0,0,-44.21101990747164,30457,4,14318,-16.254888706037015,32302,,14784
,0,,40300,15747,1.0,2019.0,0,0,-44.366550434621864,34317,4,14495,-16.2394160436758,37043,,15217
,0,,33768,14967,1.0,2019.0,0,0,-44.25489101830017,30950,4,14376,-16.228242567700573,32001,,14734
,0,,39719,15495,1.0,2019.0,0,0,-44.52477603673544,29951,4,14176,-16.160165985069,33785,,14828
,0,,41973,15616,1.0,2019.0,0,0,-44.28581188924144,30338,4,14206,-16.04596878675002,36079,,15121
,0,,40375,15907,1.0,2019.0,0,0,-44.41974158860791,26769,4,13855,-15.914907356535593,31774,,14979
,0,,38851,14992,1.0,2019.0,0,0,-44.20448599299937,35078,4,14404,-15.973212087803239,36571,,14697
,0,,37782,15548,1.0,2019.0,0,0,-44.52539795991645,27377,4,13476,-15.896304987526229,31171,,14512
,0,,36601,15162,1.0,2019.0,0,0,-44.24163548968612,35163,4,14280,-15.967536826900295,35146,,14924
,0,,37865,15190,1.0,2019.0,0,0,-44.203559849935395,28097,4,13736,-16.170979906329826,32452,,14475
,0,,35940,14478,1.0,2019.0,0,0,-44.27872959044794,33744,4,13753,-16.028246873712405,34557,,14060
,0,,38942,15567,1.0,2019.0,0,0,-44.46783248466208,26867,4,13555,-15.972567068238492,28874,,14252
,0,,40509,15526,1.0,2019.0,0,0,-44.42882511755892,30217,4,14019,-16.144973930029444,33110,,14627
,0,,41962,15585,1.0,2019.0,0,0,-44.50265443434627,26789,4,13554,-15.93367633792956,31870,,14403
,0,,38581,15427,1.0,2019.0,0,0,-44.5318518785386,30950,4,14127,-16.179367035766617,32187,,14508
,0,,37770,15327,1.0,2019.0,0,0,-44.4330786687299,28037,4,13858,-16.162454442214475,30534,,14546
,0,,39428,15386,1.0,2019.0,0,0,-44.19712922848101,31658,4,13993,-16.14265180205622,33082,,14587
,0,,34200,15022,1.0,2019.0,0,0,-44.27500586532718,30376,4,14137,-15.96764275870056,30752,,14377
,0,,37665,14829,1.0,2019.0,0,0,-44.3609971552378,30449,4,13626,-15.946234361376192,32674,,14135
,0,,35828,14961,1.0,2019.0,0,0,-44.20668380189008,29093,4,14061,-16.21785605710128,30703,,14485
,0,,37735,15250,1.0,2019.0,0,0,-44.1859020737949,33049,4,14446,-16.14083487561618,34338,,14847
,0,,34958,15228,1.0,2019.0,0,0,-44.36488290724903,30957,4,14304,-16.25073215691987,33427,,14809
,0,,40148,15380,1.0,2019.0,0,0,-44.215792676133894,28878,4,13821,-16.16620636719722,33111,,14569
,0,,45597,15815,0.0,2019.0,0,0,-44.208633463769566,30427,3,13861,-16.17249210795371,35431,,14853
,0,,44466,15287,1.0,2019.0,0,0,-44.38324872077793,30465,4,13828,-16.150499810075942,34652,,14494
,0,,45350,16025,1.0,2019.0,0,0,-44.328441271568614,30640,4,14053,-16.120979436318187,34498,,15023
,0,,34749,14731,1.0,2019.0,0,0,-44.28762471102534,30824,4,13848,-15.891469819088153,31495,,14163
,0,,32413,14580,1.0,2019.0,0,0,-44.63460145954056,30847,4,13654,-17.05025049652293,28580,,14044
,0,,32593,14608,1.0,2019.0,0,0,-44.732505443432444,27799,4,13391,-17.003374132570336,27155,,13718
,0,,34122,15017,1.0,2019.0,0,0,-44.75786027309607,30695,4,13700,-17.013968710861924,31826,,14373
,0,,34659,15296,1.0,2019.0,0,0,-44.91180547303005,25277,4,13142,-17.014106795133596,25872,,13780
,0,,30065,14641,1.0,2019.0,0,0,-45.11243411896791,31965,4,14276,-17.1624060102406,30102,,14490
,0,,30029,14337,1.0,2019.0,0,0,-45.130821952627834,29601,4,13754,-17.128738522710776,28961,,14247
,0,,28815,14084,1.0,2019.0,0,0,-45.10569812196271,28562,4,13562,-17.155392077586487,28344,,14017
,0,,35287,14985,1.0,2019.0,0,0,-45.00293806777955,33357,4,14012,-17.206495437031943,33596,,14659
,0,,29595,14233,1.0,2019.0,0,0,-44.94793489755815,29453,4,13777,-17.064490007568022,29287,,14113
,0,,29648,14228,1.0,2019.0,0,0,-44.95727709721639,29287,4,13497,-17.108332002786767,28688,,13943
,0,,30322,13905,1.0,2019.0,0,0,-45.107879348243,29075,4,13663,-17.003374096632193,29321,,13815
,0,,32277,14537,1.0,2019.0,0,0,-44.994093459344185,30625,4,13819,-17.129699389677487,30264,,14177
,0,,30771,14313,1.0,2019.0,0,0,-45.03099520146958,29033,4,13567,-17.146853686551548,29420,,14014
,0,,29633,14293,1.0,2019.0,0,0,-44.98440185419213,28669,4,13443,-17.031702164206347,28884,,13693
,0,,35230,15275,1.0,2019.0,0,0,-44.94238329671175,30945,4,13949,-17.141000941726606,32308,,14599
,0,,32184,14518,1.0,2019.0,0,0,-45.03988503316279,28887,4,13727,-17.01015591334841,31273,,14389
,0,,30771,14274,1.0,2019.0,0,0,-44.94208934096241,27841,4,13100,-17.136486808310668,28175,,13712
,0,,33038,14197,1.0,2019.0,0,0,-45.08260663541263,32157,4,13713,-17.07821337933667,31703,,13884
,0,,40409,16005,0.0,2019.0,0,0,-43.97242108626258,25916,3,13760,-16.598665343276263,32477,,14923
,0,,41660,15954,0.0,2019.0,0,0,-43.98486857075279,26810,3,13840,-16.319191319178852,33353,,14911
,0,,39013,15886,0.0,2019.0,0,0,-43.813698768652145,31296,3,14639,-16.390818963812453,35406,,15372
,0,,41237,15573,1.0,2019.0,0,0,-44.16077071232462,33842,4,14704,-16.590381855451945,36820,,15181
,0,,41171,15647,1.0,2019.0,0,0,-44.0719737803576,27362,4,13884,-16.37343396874706,32642,,14867
,0,,32411,14978,1.0,2019.0,0,0,-43.82624133677155,28559,4,13648,-16.286667378062376,29583,,14183
,0,,33576,15029,1.0,2019.0,0,0,-44.15572202168197,29671,4,13974,-16.55227768449444,30733,,14448
,0,,41237,15700,1.0,2019.0,0,0,-43.89196447124991,30294,4,14073,-16.597621277633486,34752,,14955
,0,,39518,15423,1.0,2019.0,0,0,-43.994172891116506,22822,4,13124,-16.268251648889805,30109,,14511
,0,,34401,14711,1.0,2019.0,0,0,-43.96311291279818,29108,4,13848,-16.623964385238114,31686,,14335
,0,,43558,15745,1.0,2019.0,0,0,-44.134510881769025,29690,4,14089,-16.276571541480692,33807,,14740
,0,,37200,15343,1.0,2019.0,0,0,-44.04361250537096,32404,4,14290,-16.287870188442582,34152,,14687
,0,,34806,14798,1.0,2019.0,0,0,-43.83254456958355,30389,4,13533,-16.289696451312036,31002,,14008
,0,,35125,15112,1.0,2019.0,0,0,-43.83757373401696,22977,4,12896,-16.616752458170772,26965,,13850
,0,,35409,14237,1.0,2019.0,0,0,-44.09015074566663,33166,4,13618,-16.41317716384639,33614,,13945
,0,,32781,15127,1.0,2019.0,0,0,-44.10990168515776,26279,4,13859,-16.626759529858795,28525,,14531
,0,,33562,15382,1.0,2019.0,0,0,-44.03330097219323,26658,4,14197,-16.430269767682244,29198,,14658
,0,,36331,15593,1.0,2019.0,0,0,-44.02050620480675,29874,4,14431,-16.53928503157153,32500,,15061
,0,,32076,14094,1.0,2019.0,0,0,-43.96994374874081,30058,4,13900,-16.50765387081115,31388,,13992
,0,,34384,15070,1.0,2019.0,0,0,-43.94155877845796,27757,4,13960,-16.41395843785758,30667,,14508
,0,,34339,15232,1.0,2019.0,0,0,-44.100880538037046,29601,4,14153,-16.366154371907516,31440,,14869
,0,,32543,15026,1.0,2019.0,0,0,-44.00612658694088,29251,4,14044,-16.576816888771265,31395,,14635
,0,,36129,15633,1.0,2019.0,0,0,-44.017809794823336,30432,4,14609,-16.531281120777457,32892,,15147
,0,,41426,15733,1.0,2019.0,0,0,-43.99985322117551,31300,4,14332,-16.545441500221482,35396,,15078
,0,,41428,15820,1.0,2019.0,0,0,-44.12652625509902,30740,4,14126,-16.306634750693345,34472,,15027
,0,,32775,15034,1.0,2019.0,0,0,-43.98403676220428,26137,4,13843,-16.416745377999767,28969,,14511
,0,,38524,15508,1.0,2019.0,0,0,-43.9523149338326,28653,4,14080,-16.493902662256918,32417,,14828
,0,,42786,15307,1.0,2019.0,0,0,-43.88073360563124,31007,4,14009,-16.494428975905663,36507,,14757
,0,,34025,15028,1.0,2019.0,0,0,-44.01375790368698,29574,4,14318,-16.422536382281233,30504,,14499
,0,,35679,15569,1.0,2019.0,0,0,-44.00712086952079,31263,4,14767,-16.523417382673106,32553,,15100
,0,,36206,15358,1.0,2019.0,0,0,-44.066433758351835,32218,4,14480,-16.55682609613339,32369,,14893
,0,,33480,14671,1.0,2019.0,0,0,-44.08455292574797,28889,4,13796,-16.475970603846143,29787,,14183
,0,,38809,15328,1.0,2019.0,0,0,-44.05269675188131,30118,4,14235,-16.517892375212693,32525,,14667
,0,,39257,15711,1.0,2019.0,0,0,-44.04332435815205,30831,4,14566,-16.55711987414947,36157,,15302
,0,,36460,15324,1.0,2019.0,0,0,-43.97730134037505,29338,4,13968,-16.409728744468413,32558,,14731
,0,,38353,15459,1.0,2019.0,0,0,-43.878762042455755,29826,4,14002,-16.601144626729493,33340,,14804
,0,,32233,14372,1.0,2019.0,0,0,-43.979489300718626,27589,4,13485,-16.257652126518405,29410,,13943
,0,,36787,15415,0.0,2019.0,0,0,-44.20863471697482,28799,3,14103,-16.545404344349958,31221,,14822
,0,,41509,15925,0.0,2019.0,0,0,-44.46068294404978,26272,3,13647,-16.475970572564176,32011,,15018
,0,,35310,15343,0.0,2019.0,0,0,-44.52539849500905,24613,3,13261,-16.26927023833413,26929,,13988
,0,,39104,15850,0.0,2019.0,0,0,-44.27215294296726,24800,3,13309,-16.559741398599506,30931,,14766
,0,,38005,15385,1.0,2019.0,0,0,-44.18832066406795,29658,4,14321,-16.62407201684841,33533,,14917
,0,,31734,14805,1.0,2019.0,0,0,-44.28762481500703,28121,4,13987,-16.2644370939018,28838,,14353
,0,,31156,14722,1.0,2019.0,0,0,-44.19567453761248,27927,4,13878,-16.318794253969003,29254,,14351
,0,,36430,15477,1.0,2019.0,0,0,-44.348551098667336,27718,4,14012,-16.59866532564195,31995,,14853
,0,,34315,15293,1.0,2019.0,0,0,-44.23214142045932,28064,4,14004,-16.285992735898702,30288,,14561
,0,,41006,15693,1.0,2019.0,0,0,-44.20867457459731,31081,4,14175,-16.289696496076775,34772,,15019
,0,,39035,15493,1.0,2019.0,0,0,-44.38325088375014,29465,4,14069,-16.523417363367862,32428,,14810
,0,,36640,15400,1.0,2019.0,0,0,-44.202371341451205,31346,4,14418,-16.286667424667844,33366,,14918
,0,,34208,15123,1.0,2019.0,0,0,-44.19712998837899,29606,4,14154,-16.515569618055192,30753,,14622
,0,,37448,15390,1.0,2019.0,0,0,-44.19012269987963,30974,4,14234,-16.39533486573954,34398,,14861
,0,,35598,15219,1.0,2019.0,0,0,-44.36655082674579,29441,4,14090,-16.612316483915844,31127,,14642
,0,,34554,15111,1.0,2019.0,0,0,-44.442563775705025,28537,4,13981,-16.556826062903166,30599,,14591
,0,,32879,14999,1.0,2019.0,0,0,-44.370302904677246,26293,4,13577,-16.26825165704697,28688,,14236
,0,,37399,15266,1.0,2019.0,0,0,-44.22165671870563,31518,4,14354,-16.35355553902577,32478,,14674
,0,,35681,15292,1.0,2019.0,0,0,-44.31768878923234,31642,4,14659,-16.413958442191387,31998,,14835
,0,,41567,15657,1.0,2019.0,0,0,-44.18590247614325,31991,4,14234,-16.51375285964093,34998,,14843
,0,,37247,15449,1.0,2019.0,0,0,-44.491196764948306,29468,4,14117,-16.401984539677674,32766,,14878
,0,,31573,14562,1.0,2019.0,0,0,-44.21047077710223,29747,4,14065,-16.304519048339802,29829,,14352
,0,,35788,15380,1.0,2019.0,0,0,-44.24163618835116,30547,4,14234,-16.340489011644454,31225,,14780
,0,,32550,14903,1.0,2019.0,0,0,-44.5476882503066,27610,4,13794,-16.44333787441584,29646,,14363
,0,,42083,15955,1.0,2019.0,0,0,-44.375983235024115,28257,4,14081,-16.545441480838786,34307,,15231
,0,,35997,15302,1.0,2019.0,0,0,-44.41974252152873,30660,4,14188,-16.287870182456853,31928,,14765
,0,,36334,15363,1.0,2019.0,0,0,-44.43308001299591,29787,4,14119,-16.535369461786768,31940,,14696
,0,,37408,15426,1.0,2019.0,0,0,-44.50971345857331,29157,4,14185,-16.39903792787433,30884,,14686
,0,,37020,15297,1.0,2019.0,0,0,-44.39393980961685,27989,4,13795,-16.531281098831684,30899,,14617
,0,,37317,15397,1.0,2019.0,0,0,-44.3822566011209,34882,4,14634,-16.576816866011328,36774,,15020
,0,,32596,14820,1.0,2019.0,0,0,-44.477010557194944,27369,4,13695,-16.36615434490801,29228,,14387
,0,,36769,15263,1.0,2019.0,0,0,-44.35343135303253,31535,4,14398,-16.409728740655144,33295,,14845
,0,,34072,14786,1.0,2019.0,0,0,-44.19392500760909,33180,4,14286,-16.28715143193211,33465,,14650
,0,,40674,15048,1.0,2019.0,0,0,-44.44726320846292,31114,4,13847,-16.606501162069733,35177,,14369
,0,,39615,15322,1.0,2019.0,0,0,-44.2373852411933,30930,4,14169,-16.541474207682246,33640,,14712
,0,,35573,15146,1.0,2019.0,0,0,-44.39492686846146,31787,4,14272,-16.345017827520756,33013,,14699
,0,,38788,15599,1.0,2019.0,0,0,-44.528825849540986,31394,4,14173,-16.36861169595925,33969,,14840
,0,,34716,15108,1.0,2019.0,0,0,-44.40418769006801,31569,4,14250,-16.27490483810954,31946,,14810
,0,,36494,15224,1.0,2019.0,0,0,-44.2283902808241,28623,4,13959,-16.448887825744986,31306,,14470
,0,,38251,15419,1.0,2019.0,0,0,-44.3872914656477,33105,4,14477,-16.322166606816918,34743,,14894
,0,,37835,15323,1.0,2019.0,0,0,-44.39663621974268,31623,4,14215,-16.539285008551918,32449,,14671
,0,,34611,15138,1.0,2019.0,0,0,-44.25067417085872,32145,4,14429,-16.46085297451669,33161,,14586
,0,,34827,14972,1.0,2019.0,0,0,-44.47811419831456,29617,4,13993,-16.300987386349693,30525,,14380
,0,,34514,14823,1.0,2019.0,0,0,-44.390173448896,31852,4,14181,-16.340436761822772,32298,,14578
,0,,38390,15270,1.0,2019.0,0,0,-44.36488304747497,32383,4,14309,-16.623630417084282,33673,,14685
,0,,39325,15194,1.0,2019.0,0,0,-44.38988791826012,34632,4,14428,-16.42253636855939,35820,,14706
,0,,39926,15400,1.0,2019.0,0,0,-44.36016677521538,34960,4,14338,-16.416745371769515,35630,,14935
,0,,40772,15325,1.0,2019.0,0,0,-44.20668517297704,30867,4,13850,-16.590759518020903,34318,,14485
,0,,37203,14745,1.0,2019.0,0,0,-44.25489204991156,32771,4,14035,-16.601144627305818,34354,,14390
,0,,36373,15013,1.0,2019.0,0,0,-44.339242924715485,32874,4,14336,-16.62396436771828,34441,,14690
,0,,42030,15458,1.0,2019.0,0,0,-44.419454374290574,34006,4,14299,-16.557119845434862,37558,,14895
,0,,38503,15195,1.0,2019.0,0,0,-44.44047801004199,31814,4,14255,-16.597543415026866,34409,,14797
,0,,38998,15065,1.0,2019.0,0,0,-44.18982877266567,31563,4,13960,-16.39081900161583,34055,,14557
,0,,34916,14161,1.0,2019.0,0,0,-44.63445488413206,29286,4,13308,-16.407487032641395,30792,,13645
,0,,44020,15836,1.0,2019.0,0,0,-44.72217073997023,30168,4,13990,-16.557127382470167,33251,,14646
,0,,34252,14871,1.0,2019.0,0,0,-44.623762337850565,27993,4,13640,-16.413172730505245,28338,,13955
,0,,39289,15522,1.0,2019.0,0,0,-44.57752758834749,32681,4,14180,-16.55969938170005,33012,,14604
,0,,39176,15072,1.0,2019.0,0,0,-44.58709345451461,26337,4,13284,-16.36613262584043,28012,,13724
,0,,39895,15335,1.0,2019.0,0,0,-44.69518656076707,27013,4,13513,-16.353597106856917,28662,,13980
,0,,35170,15050,1.0,2019.0,0,0,-44.85043975876298,28293,4,13676,-16.34040864766269,29876,,14241
,0,,34802,15009,1.0,2019.0,0,0,-44.70578743754896,28578,4,13606,-16.39540134168225,30028,,14249
,0,,36473,15077,1.0,2019.0,0,0,-44.62649286256119,25333,4,13276,-16.41016568556456,28036,,14013
,0,,35881,15035,1.0,2019.0,0,0,-44.85980988379268,27595,4,13452,-16.34498521095532,29545,,14089
,0,,32290,14655,1.0,2019.0,0,0,-44.80327569759642,27828,4,13728,-16.533133922159458,28592,,14167
,0,,34628,15058,1.0,2019.0,0,0,-44.64142069378798,27376,4,13837,-16.36865669189432,28562,,14297
,0,,40852,15767,1.0,2019.0,0,0,-44.89866977787849,24005,4,13241,-16.300958314231085,27046,,14127
,0,,35256,15112,1.0,2019.0,0,0,-44.637602694355685,29379,4,14140,-16.286008453778248,31013,,14446
,0,,35522,15048,1.0,2019.0,0,0,-44.82518974927915,28271,4,13716,-16.418901444979003,29758,,14203
,0,,35478,15021,1.0,2019.0,0,0,-44.914682367285344,29099,4,13680,-16.26038848078083,30175,,14065
,0,,35626,15353,1.0,2019.0,0,0,-44.74606131367555,28633,4,13654,-16.384060836087652,30689,,14512
,0,,33006,14802,1.0,2019.0,0,0,-44.67135461038366,29101,4,13938,-16.264439560670393,30150,,14368
,0,,34905,15142,1.0,2019.0,0,0,-44.58517006277705,28010,4,13772,-16.627783607981613,29687,,14371
,0,,38718,15472,1.0,2019.0,0,0,-44.576703080216845,28825,4,13828,-16.61674274211207,31552,,14391
,0,,39186,15249,1.0,2019.0,0,0,-44.65296512863697,27000,4,13539,-16.39907350349917,29918,,14195
,0,,35379,15132,1.0,2019.0,0,0,-44.70198702052578,28941,4,13951,-16.340519646225008,30917,,14493
,0,,37673,15165,1.0,2019.0,0,0,-44.83408169407921,30048,4,13589,-16.515610978786164,32869,,14290
,0,,34579,14952,1.0,2019.0,0,0,-44.584128583094305,28046,4,13696,-16.430219472421115,29751,,14299
,0,,41219,15717,1.0,2019.0,0,0,-44.735448510139726,32504,4,14335,-16.34061268733096,34489,,14850
,0,,42821,15780,1.0,2019.0,0,0,-44.6374069093205,28258,4,13835,-16.40200101131608,32835,,14687
,0,,44248,16011,1.0,2019.0,0,0,-44.56733642245086,29191,4,14180,-16.49383644139103,32838,,15007
,0,,38044,15465,1.0,2019.0,0,0,-44.73564439483886,32371,4,14420,-16.44342077888395,34879,,15066
,0,,44802,15795,1.0,2019.0,0,0,-44.68150044403382,30768,4,13996,-16.47598671827706,35489,,14889
,0,,35501,15263,1.0,2019.0,0,0,-44.714031912336,33236,4,14664,-16.321105184871502,33607,,14931
,0,,40703,16039,0.0,2019.0,0,0,-44.65193162703662,30785,3,14411,-16.5234010885837,33655,,15231
,0,,38428,15025,1.0,2019.0,0,0,-44.859128548556626,27862,4,13388,-16.626761280325056,31092,,14071
,0,,35285,14936,1.0,2019.0,0,0,-44.7138384427532,30791,4,14001,-16.535380457307664,30906,,14203
,0,,38768,15260,1.0,2019.0,0,0,-44.829150107277826,30149,4,13909,-16.32214839575583,31672,,14242
,0,,43440,15856,1.0,2019.0,0,0,-44.90279292118428,26346,4,13413,-16.612610330816064,30810,,14524
,0,,40075,15521,1.0,2019.0,0,0,-44.63978378972414,25919,4,13289,-16.577404329109967,29255,,14212
,0,,42816,16027,1.0,2019.0,0,0,-44.55560697409719,25711,4,13351,-16.46527213638033,30569,,14713
,0,,38792,15322,1.0,2019.0,0,0,-44.784031687717594,26459,4,13440,-16.59755322580796,28922,,14072
,0,,39555,15310,1.0,2019.0,0,0,-44.551657939828424,29368,4,13657,-16.587655540967546,32493,,14482
,0,,38280,15223,1.0,2019.0,0,0,-44.683839661878515,30444,4,14047,-16.497920045844136,32935,,14535
,0,,38879,15508,1.0,2019.0,0,0,-44.63460486111272,30123,4,14250,-16.304547578794992,31784,,14764
,0,,37219,15227,1.0,2019.0,0,0,-44.74499124209255,29812,4,14016,-16.556841724199398,32147,,14493
,0,,35651,14878,1.0,2019.0,0,0,-44.617881368568376,32593,4,14342,-16.28971757501542,32939,,14483
,0,,33448,14496,1.0,2019.0,0,0,-44.74893809330354,32092,4,14102,-16.446850804453742,32425,,14250
,0,,41507,15609,1.0,2019.0,0,0,-44.99401136392844,28259,4,13842,-16.289717586729203,30188,,14317
,0,,34635,15059,1.0,2019.0,0,0,-45.111774387518096,25878,4,13426,-16.443420799345137,27781,,14035
,0,,33253,14489,1.0,2019.0,0,0,-45.22656974885829,28606,4,13499,-16.34040864384452,29922,,13939
,0,,39515,15444,1.0,2019.0,0,0,-45.08191743090771,28141,4,13721,-16.395401358865985,30124,,14358
,0,,38622,15575,1.0,2019.0,0,0,-45.010329159728066,26148,4,13581,-16.318833597514203,28775,,14220
,0,,34750,14906,1.0,2019.0,0,0,-45.176373697731336,28240,4,13587,-16.401194400017754,29895,,14078
,0,,34774,14772,1.0,2019.0,0,0,-45.110910089290364,26387,4,13431,-16.623630439169304,27872,,13925
,0,,40181,15369,1.0,2019.0,0,0,-45.077071081877754,28737,4,13768,-16.390884949861093,32148,,14505
,0,,37795,15268,1.0,2019.0,0,0,-44.94346641894133,26550,4,13282,-16.493836459296876,29769,,14126
,0,,36436,14829,1.0,2019.0,0,0,-45.17598831603119,29460,4,13643,-16.319182135512495,30819,,14150
,0,,36459,15263,1.0,2019.0,0,0,-45.20850419774128,30860,4,14227,-16.460860455328028,31835,,14700
,0,,38363,15297,1.0,2019.0,0,0,-45.19715938171801,31978,4,14105,-16.513808781284048,33064,,14489
,0,,38922,15517,1.0,2019.0,0,0,-45.125068085684056,29870,4,13885,-16.446850824276414,31130,,14590
,0,,43528,15633,1.0,2019.0,0,0,-45.04748460451915,27198,4,13627,-16.264439563936556,31437,,14486
,0,,44633,15988,1.0,2019.0,0,0,-44.94163981402863,25902,4,13366,-16.373381825893272,32239,,14752
,0,,35869,15002,1.0,2019.0,0,0,-45.17416286713613,29744,4,13997,-16.44892068738196,31804,,14470
,0,,32871,14439,1.0,2019.0,0,0,-45.29568777450267,29277,4,13724,-16.59073733472426,30030,,14142
,0,,36177,14706,1.0,2019.0,0,0,-45.11157850283796,30322,4,14172,-16.3406126944949,32137,,14424
,0,,41426,15962,0.0,2019.0,0,0,-45.09830073295737,27178,3,13927,-16.55712740439145,31598,,15013
,0,,41423,15935,0.0,2019.0,0,0,-45.06935342581953,30047,3,14483,-16.598661053448584,32616,,15194
,0,,33508,14728,1.0,2019.0,0,0,-45.17940568874535,30814,4,13714,-16.533133945317733,31772,,14089
,0,,36315,14896,1.0,2019.0,0,0,-45.17457867246843,29884,4,13675,-16.274900396074123,30420,,14017
,0,,37966,15093,1.0,2019.0,0,0,-45.15876403354734,28664,4,13644,-16.33251778319925,31567,,14297
,0,,36248,15375,1.0,2019.0,0,0,-44.98466231151212,29116,4,13867,-16.286687672561115,30252,,14442
,0,,36536,14707,1.0,2019.0,0,0,-45.20319316774773,29882,4,13664,-16.28785931615878,31493,,13866
,0,,34695,14540,1.0,2019.0,0,0,-45.205280097857774,30998,4,13718,-16.322148391564834,31272,,13944
,0,,33641,14428,1.0,2019.0,0,0,-45.27347990325885,29374,4,13682,-16.416684933315143,30207,,14129
,0,,44657,15611,0.0,2019.0,0,0,-45.029095123185385,30565,3,13743,-16.39907352165318,33018,,14378
,0,,39381,15269,1.0,2019.0,0,0,-45.210211684534514,31876,4,14210,-16.51561099952101,34262,,14760
,0,,44568,15658,4.0,2019.0,0,0,-43.64316439135926,27231,15,13112,-16.965778840303543,28344,,13597
,0,,41147,15563,4.0,2019.0,0,0,-43.69500348639946,33848,15,14217,-16.97933050533508,37285,,14862
,0,,37480,14306,4.0,2019.0,0,0,-43.63503316884123,34247,15,13142,-16.695051077911412,35155,,13664
,0,,37737,13697,4.0,2019.0,0,0,-43.67656841143454,34516,15,13117,-16.89073890425832,35448,,13341
,0,,37548,15402,4.0,2019.0,0,0,-43.71978695240031,26269,15,13347,-16.78303262636979,29846,,14359
,0,,45418,15296,4.0,2019.0,0,0,-43.68863110350489,31278,15,13670,-16.8707620729223,36864,,14561
,0,,43960,15101,4.0,2019.0,0,0,-43.57618862788864,33855,15,13607,-16.866753995360295,35590,,14006
,0,,48225,15682,4.0,2019.0,0,0,-43.784640769768366,32171,15,13808,-16.963213140616464,37795,,14834
,0,,35307,14726,4.0,2019.0,0,0,-43.75838169657004,30015,15,13655,-16.649463745965566,31274,,14209
,0,,44993,14907,4.0,2019.0,0,0,-43.60117472452348,34720,15,13599,-16.78259635893257,36648,,13958
,0,,36043,14894,4.0,2019.0,0,0,-43.77177519291011,29105,15,13428,-16.641294712511428,32583,,14146
,0,,45893,15122,4.0,2019.0,0,0,-43.65717440264378,28069,15,12827,-16.803133302425284,32349,,13930
,0,,42847,15440,4.0,2019.0,0,0,-43.535364920510325,28519,15,13518,-16.637332455661102,32248,,14232
,0,,41888,15263,4.0,2019.0,0,0,-43.7731390082448,28473,15,13583,-16.64216365584725,31354,,14149
,0,,40118,15261,4.0,2019.0,0,0,-43.69584696607795,29072,15,13657,-16.74630820853249,31921,,14261
,0,,38108,14911,4.0,2019.0,0,0,-43.61429121317013,27062,15,12812,-16.985145049987118,31460,,13933
,0,,44891,15715,4.0,2019.0,0,0,-43.56543156969393,28457,15,13632,-16.786825153941138,31665,,14105
,0,,41332,15487,4.0,2019.0,0,0,-43.633035429760945,30102,15,13264,-16.751807466661123,30536,,13943
,0,,45551,15137,4.0,2019.0,0,0,-43.63099304514813,33073,15,13383,-16.89626304631588,34867,,13895
,0,,36047,14434,4.0,2019.0,0,0,-43.75039810166311,32944,15,13835,-16.679521268221908,34000,,14104
,0,,44287,15150,4.0,2019.0,0,0,-43.66748344490117,30363,15,13417,-16.660761136202215,33888,,14252
,0,,40638,14445,4.0,2019.0,0,0,-43.795428259170855,36245,15,13638,-16.816197369273937,36589,,14027
,0,,39429,15394,4.0,2019.0,0,0,-43.623725023551486,29330,15,13800,-16.91828293033803,33622,,14416
,0,,38459,14484,4.0,2019.0,0,0,-43.73893836873583,35688,15,13935,-16.77485285474027,35776,,14196
,0,,32417,13552,4.0,2019.0,0,0,-43.73377171014424,31524,15,13154,-16.99958453534791,32780,,13530
,0,,41967,15528,4.0,2019.0,0,0,-43.642669253349936,28131,15,12698,-16.71789787215048,31357,,13725
,0,,40810,14695,4.0,2019.0,0,0,-43.59327249297568,34801,15,13349,-16.83820692441976,34591,,13523
,0,,45221,15560,6.0,2019.0,0,0,-43.61262318133805,28184,21,13636,-16.99645680272331,32233,,14494
,0,,37600,15127,6.0,2019.0,0,0,-43.52098363096144,26569,21,12934,-16.69397263425004,29412,,13794
,0,,42727,15780,4.0,2019.0,0,0,-43.98404042655547,28129,15,13725,-16.789611641713588,32442,,14788
,0,,38251,14758,4.0,2019.0,0,0,-43.82100074637654,33729,15,14031,-16.88841552206357,35221,,14289
,0,,46446,16129,6.0,2019.0,0,0,-43.827431986185964,27562,21,13713,-16.9167329023086,32957,,14805
,0,,39417,14956,4.0,2019.0,0,0,-43.81219091073582,32503,15,13889,-16.996896856568178,33925,,14541
,0,,38088,14875,4.0,2019.0,0,0,-44.115068368849414,29973,15,13448,-16.774852860038788,32551,,14118
,0,,38249,15386,4.0,2019.0,0,0,-43.874546102451674,29189,15,13186,-16.833710140934254,31662,,14175
,0,,31862,14027,4.0,2019.0,0,0,-44.056951344883316,29777,15,13188,-16.908212618412158,30167,,13446
,0,,48503,16019,4.0,2019.0,0,0,-44.10198582810402,29867,15,13749,-16.67387533463351,37071,,14945
,0,,42775,15464,4.0,2019.0,0,0,-44.14790519472688,34536,15,13729,-16.641294725993323,36455,,14560
,0,,39295,14994,4.0,2019.0,0,0,-44.091708138651136,31024,15,13532,-16.7183978477247,32036,,13913
,0,,38987,15231,4.0,2019.0,0,0,-44.01376195993732,29472,15,13696,-16.79540148344117,32279,,14348
,0,,47487,15431,4.0,2019.0,0,0,-43.96940248553877,35575,15,13876,-16.838206921867428,39890,,14818
,0,,36111,14765,4.0,2019.0,0,0,-44.095916951520486,32396,15,13782,-16.78303263064467,33768,,14215
,0,,35750,13632,4.0,2019.0,0,0,-43.852261575470635,33816,15,13285,-16.82174703622959,34428,,13462
,0,,42782,14943,4.0,2019.0,0,0,-44.14926901013504,33165,15,13532,-16.642163669291694,35552,,13872
,0,,34169,14487,4.0,2019.0,0,0,-44.13451169769361,31656,15,13537,-16.649463758679083,31533,,13862
,0,,39410,15353,6.0,2019.0,0,0,-43.8325059693074,29333,21,13707,-16.918244672145086,32576,,14517
,0,,37117,14976,6.0,2019.0,0,0,-44.03330439851729,29551,21,13373,-16.80313330369898,28949,,14055
,0,,36759,15150,4.0,2019.0,0,0,-44.53791542574833,28583,15,13331,-16.642153384543786,31479,,14197
,0,,36861,14578,4.0,2019.0,0,0,-44.32585472059653,31379,15,13491,-16.713400570433272,32588,,13885
,0,,42157,15264,4.0,2019.0,0,0,-44.54517618989379,29861,15,13554,-16.908656146814845,32343,,14179
,0,,47327,15123,4.0,2019.0,0,0,-44.42189987548463,34549,15,13727,-16.821780584157725,36372,,14218
,0,,44073,15631,4.0,2019.0,0,0,-44.53567549398976,31109,15,13810,-16.641285261518348,35785,,14590
,0,,41653,15148,4.0,2019.0,0,0,-44.22444868647643,32466,15,13650,-16.660063553054545,33849,,14309
,0,,43484,15681,6.0,2019.0,0,0,-44.508224828342605,26353,21,13372,-16.751756874247004,31220,,14297
,0,,43062,15823,6.0,2019.0,0,0,-44.522539635876065,27468,21,13872,-16.673845626327402,31609,,14801
,0,,48799,16063,6.0,2019.0,0,0,-44.52433071255459,28548,21,13760,-16.914288418985596,33456,,14685
,0,,47711,15804,4.0,2019.0,0,0,-44.265287719178374,32327,15,13901,-16.741531819557466,38503,,14622
,0,,43850,15248,4.0,2019.0,0,0,-44.427142674351366,34738,15,13914,-16.905977575013196,36823,,14513
,0,,39072,15367,4.0,2019.0,0,0,-44.497147284708035,28272,15,13617,-16.963243379892,31266,,14460
,0,,44805,15010,4.0,2019.0,0,0,-44.72468187790561,26466,15,13038,-16.971496512794715,30277,,13476
,0,,34276,14541,4.0,2019.0,0,0,-44.823393505788204,30005,15,13559,-16.979330496677044,30827,,13973
,0,,35005,14701,4.0,2019.0,0,0,-44.83681462108914,31312,15,13766,-16.848824945696368,32558,,14315
,0,,38219,15059,4.0,2019.0,0,0,-44.90495650182912,30516,15,13635,-16.741485890681037,31494,,14183
,0,,42130,15370,4.0,2019.0,0,0,-44.80495843017712,32683,15,14115,-16.890738894422178,35050,,14590
,0,,47468,15741,4.0,2019.0,0,0,-44.7715544089262,28497,15,13499,-16.96577883469573,37467,,14510
,0,,48690,15852,6.0,2019.0,0,0,-44.82423698550122,28577,21,13785,-16.74630819349037,37084,,14957
,0,,44633,15453,6.0,2019.0,0,0,-44.84241297407217,31192,21,13499,-16.786043556196958,36204,,14538
,0,,44089,15248,4.0,2019.0,0,0,-44.76630567835799,30331,15,13513,-16.713317684200124,33757,,14286
,0,,35241,14586,4.0,2019.0,0,0,-44.69269765376615,26355,15,13016,-16.95025753402826,29018,,13500
,0,,34684,14833,4.0,2019.0,0,0,-44.886771718187056,25794,15,13087,-16.649463722381956,27415,,13547
,0,,45088,15419,4.0,2019.0,0,0,-44.772767925225445,28578,15,13285,-16.9121275900877,32829,,14041
,0,,35489,14037,4.0,2019.0,0,0,-44.901529030375734,32152,15,13446,-16.64216363180438,31388,,13652
,0,,40382,15224,4.0,2019.0,0,0,-44.76342318611312,28083,15,13322,-16.69505105628923,31144,,14091
,0,,37208,14969,4.0,2019.0,0,0,-44.57326077205627,32385,15,13976,-16.888415527165588,33269,,14417
,0,,36194,14657,4.0,2019.0,0,0,-44.90090661612479,31150,15,13871,-16.905922960962716,31902,,14149
,0,,38245,14698,4.0,2019.0,0,0,-44.66194637132578,30115,15,13289,-16.791771816603774,30978,,13704
,0,,34102,14668,4.0,2019.0,0,0,-44.90016521499625,30694,15,13914,-16.641294688318368,30531,,14137
,0,,37465,15205,4.0,2019.0,0,0,-44.59192564638652,30056,15,13453,-16.911961569985078,33685,,14195
,0,,31529,14240,4.0,2019.0,0,0,-44.86216173089743,33925,15,13629,-16.9995845247876,30760,,13969
,0,,38232,14500,4.0,2019.0,0,0,-44.648285343178856,28936,15,12884,-16.93257971491067,30264,,13375
,0,,38347,14865,4.0,2019.0,0,0,-44.65486333378426,33274,15,13948,-16.774056626771543,34064,,14320
,0,,38921,14880,4.0,2019.0,0,0,-44.87878812300229,31013,15,13487,-16.679521247772936,32221,,13870
,0,,41108,15023,4.0,2019.0,0,0,-44.62865344458216,35312,15,13798,-16.931139939436115,35339,,14229
,0,,36485,14343,4.0,2019.0,0,0,-44.77007169787101,28274,15,12911,-16.904125231743045,29222,,13352
,0,,44922,15192,4.0,2019.0,0,0,-44.79587346331208,29598,15,13130,-16.660761111308076,33658,,13905
,0,,39682,14648,4.0,2019.0,0,0,-44.63299606910966,29447,15,13181,-16.867279744474306,30883,,13677
,0,,38490,14460,4.0,2019.0,0,0,-44.71537308725275,34335,15,13673,-16.996790662757565,35488,,13927
,0,,38952,14648,4.0,2019.0,0,0,-44.74101319782783,33607,15,13778,-16.99645679996228,34813,,14141
,0,,36717,14295,4.0,2019.0,0,0,-44.81660844695334,33081,15,13203,-16.97037452938087,33671,,13636
,0,,39258,14580,4.0,2019.0,0,0,-44.58983429476297,31390,15,13555,-16.98957913032981,31660,,13722
,0,,40712,14838,4.0,2019.0,0,0,-44.78556442070698,30922,15,13183,-16.80313329147995,31154,,13600
,0,,38442,14905,4.0,2019.0,0,0,-44.754688773454454,26574,15,13215,-16.75593766439409,28706,,13614
,0,,42506,15739,4.0,2019.0,0,0,-44.61351750279618,26029,15,13078,-16.91431568847012,29417,,14290
,0,,36188,14533,4.0,2019.0,0,0,-44.907982207555044,28742,15,13187,-16.925116384804067,29530,,13845
,0,,46189,15266,4.0,2019.0,0,0,-44.817021122670795,31013,15,13573,-16.870762061746216,35394,,14283
,0,,35970,14999,4.0,2019.0,0,0,-44.84817697266387,30380,15,13492,-16.783032610750773,31970,,14304
,0,,35801,14644,4.0,2019.0,0,0,-44.579692011760976,29981,15,13517,-16.91673291288134,31357,,14070
,0,,46819,15268,4.0,2019.0,0,0,-44.56445093655349,32003,15,13538,-16.99689688116804,36911,,14349
,0,,42397,14876,4.0,2019.0,0,0,-44.73630044955955,34342,15,13771,-16.78961163012283,36780,,14312
,0,,48825,15831,4.0,2019.0,0,0,-44.73174933960925,29836,15,13658,-16.630549044634392,35364,,14576
,0,,40182,15468,4.0,2019.0,0,0,-44.73713002693257,27841,15,13440,-16.692076375945764,29829,,14130
,0,,37902,14538,4.0,2019.0,0,0,-44.818694737660074,32180,15,13677,-16.92966500884081,33235,,13990
,0,,32174,14390,6.0,2019.0,0,0,-44.64937364421271,32003,21,13615,-16.693972609097248,30700,,13891
,0,,37811,15154,6.0,2019.0,0,0,-44.89922320819137,27130,21,13232,-16.665534024738797,28595,,13858
,0,,43958,15649,6.0,2019.0,0,0,-44.75938306228888,25497,21,13197,-16.896263039620134,30395,,14329
,0,,41799,15633,6.0,2019.0,0,0,-44.7216625087896,29607,21,13529,-16.838206918631826,33471,,14350
,0,,47396,15582,6.0,2019.0,0,0,-44.85424584914138,29451,21,13597,-16.67387530255466,33903,,14285
,0,,45115,15768,6.0,2019.0,0,0,-44.77105927089635,25800,21,13104,-16.717897853574037,31440,,14500
,0,,43752,15869,6.0,2019.0,0,0,-44.640033249910786,33195,21,14021,-16.908715034655263,35691,,14835
,0,,36885,14847,4.0,2019.0,0,0,-45.02726796005139,26733,15,13185,-16.713475817950616,28166,,13580
,0,,34775,14840,4.0,2019.0,0,0,-45.15644819817507,28742,15,13435,-16.647798360053212,29742,,14111
,0,,42048,15352,4.0,2019.0,0,0,-45.030993328280445,27215,15,13389,-16.77405662491904,31540,,14201
,0,,37095,15084,4.0,2019.0,0,0,-44.96089599088616,30424,15,13978,-16.91824465629763,31350,,14508
,0,,42489,15257,4.0,2019.0,0,0,-44.95674669447803,28709,15,13669,-16.719041348129046,32693,,14387
,0,,41321,15234,4.0,2019.0,0,0,-44.94238300695181,27555,15,13397,-16.768203817982695,29152,,13685
,0,,31296,14012,4.0,2019.0,0,0,-45.11881122222027,27474,15,13154,-16.985145032153582,28409,,13625
,0,,39658,14776,4.0,2019.0,0,0,-44.95463146472489,29206,15,13311,-16.65955752256183,31770,,13721
,0,,42353,14950,4.0,2019.0,0,0,-44.97391730841693,32799,15,13669,-16.72643302154443,34455,,14223
,0,,48309,15040,4.0,2019.0,0,0,-44.98440164418652,36104,15,13685,-16.658883380938413,38553,,14286
,0,,36792,14790,4.0,2019.0,0,0,-45.1225631798229,26414,15,13462,-16.641146541631507,28328,,13901
,0,,39175,14873,4.0,2019.0,0,0,-45.016163244733136,29356,15,13666,-16.908715010521828,30109,,13884
,0,,36489,14424,4.0,2019.0,0,0,-44.946185102277425,29053,15,13485,-16.66004130263052,31894,,13910
,0,,35047,14784,4.0,2019.0,0,0,-44.94208906550504,29413,15,13614,-16.763688819560137,29441,,14016
,0,,33305,14464,4.0,2019.0,0,0,-45.091503080370906,31701,15,13959,-16.99679064390145,31535,,14328
,0,,33539,14406,4.0,2019.0,0,0,-45.10081187081159,31320,15,13599,-16.971496496406225,31064,,14143
,0,,34224,14097,4.0,2019.0,0,0,-45.08070863645422,31789,15,13793,-16.86675397752283,32830,,14008
,0,,34921,14272,4.0,2019.0,0,0,-45.107879332376584,28084,15,13156,-16.63054906797438,29285,,13568
,0,,41806,14896,4.0,2019.0,0,0,-44.99409238585407,30216,15,13479,-16.756899375248334,33235,,13971
,0,,34040,14112,4.0,2019.0,0,0,-44.96596429073852,28680,15,13059,-16.989579095121442,30605,,13523
,0,,34406,14230,4.0,2019.0,0,0,-45.07413818650162,33108,15,13745,-16.948977779550358,32162,,13800
,0,,36850,14306,4.0,2019.0,0,0,-44.970287103896936,31085,15,13056,-16.960521141114054,30628,,13337
,0,,44102,15124,4.0,2019.0,0,0,-44.98065159627486,33747,15,13445,-16.82174701840165,35555,,14116
,0,,45951,15383,4.0,2019.0,0,0,-45.00293612238259,31917,15,13328,-16.833710124158685,33978,,13897
,0,,41810,15431,6.0,2019.0,0,0,-44.9609347333641,31078,21,14021,-16.662586105439974,33086,,14497
,0,,41137,15445,6.0,2019.0,0,0,-45.00478343966573,27220,21,13503,-16.93113991223978,29838,,14119
,0,,52051,15807,6.0,2019.0,0,0,-44.958946565358,33356,21,13612,-16.963591057247314,37924,,14480
,0,,49994,15740,4.0,2019.0,0,0,-44.41945321797621,29913,15,13624,-16.184208931773153,35257,,14567
,0,,37865,14971,4.0,2019.0,0,0,-44.39663452734816,33593,15,13840,-16.166370552159524,33120,,14191
,0,,33717,14759,4.0,2019.0,0,0,-44.48603168006375,29646,15,13469,-16.25386258486161,29851,,13960
,0,,35040,14240,4.0,2019.0,0,0,-44.33034226241785,29822,15,13150,-15.959566018603418,30706,,13591
,0,,39356,14108,4.0,2019.0,0,0,-44.36016312283348,34883,15,13510,-16.04380722551727,36149,,13689
,0,,39012,14793,4.0,2019.0,0,0,-44.409427572717924,30725,15,13234,-16.05733433253188,31276,,13462
,0,,39745,15497,6.0,2019.0,0,0,-44.54396537766548,32322,21,14236,-16.239697130376786,33483,,14616
,0,,39432,15443,4.0,2019.0,0,0,-44.44256282121752,28617,15,13448,-16.183915249961736,29453,,13768
,0,,43427,15641,4.0,2019.0,0,0,-44.478112554662815,36092,15,13733,-15.928027599308269,39130,,14783
,0,,43456,14383,4.0,2019.0,0,0,-44.4481006248058,35995,15,13514,-16.000487830630764,38586,,13980
,0,,40395,15095,4.0,2019.0,0,0,-44.50971234240927,31124,15,13310,-16.026097452102462,32405,,13965
,0,,38464,14654,4.0,2019.0,0,0,-44.47204281265078,31917,15,13125,-16.037226863592487,32340,,13674
,0,,39335,14454,4.0,2019.0,0,0,-44.390171234541796,32767,15,13133,-15.967483943902613,33532,,13573
,0,,36238,14326,4.0,2019.0,0,0,-44.35561929768958,30195,15,13459,-15.88468330771679,32298,,13763
,0,,41131,14665,4.0,2019.0,0,0,-44.38988387530563,33690,15,13268,-16.049599386424276,35329,,13818
,0,,38529,14194,4.0,2019.0,0,0,-44.3703026320757,33167,15,13135,-15.89528487502236,35328,,13539
,0,,37921,14200,4.0,2019.0,0,0,-44.44047757900493,33038,15,13164,-16.224640434169025,33978,,13597
,0,,38313,15486,4.0,2019.0,0,0,-44.4041871821667,27200,15,13459,-15.901939431609252,30488,,14307
,0,,35868,14650,4.0,2019.0,0,0,-44.617878889270415,32639,15,13588,-17.03542585471403,32326,,14038
,0,,33506,14254,4.0,2019.0,0,0,-44.79844812172799,32400,15,13107,-17.02061537555516,30631,,13646
,0,,35428,14588,6.0,2019.0,0,0,-44.600577495568004,28664,21,13431,-17.03288201254877,27521,,13707
,0,,35085,15169,6.0,2019.0,0,0,-44.60852999646375,28985,21,13469,-17.03239688674855,30364,,14148
,0,,43392,15408,4.0,2019.0,0,0,-44.14790469736367,26887,15,13434,-16.268401135084215,33570,,14488
,0,,37901,15372,4.0,2019.0,0,0,-43.80977247233985,29543,15,13700,-16.513752834869663,31409,,14439
,0,,48316,15794,4.0,2019.0,0,0,-43.89602293460111,32750,15,13545,-16.559741398576705,38402,,14533
,0,,45254,15527,4.0,2019.0,0,0,-43.96939837081802,29020,15,13299,-16.46535004759585,34025,,14258
,0,,39410,14891,4.0,2019.0,0,0,-44.167835366176014,34015,15,13981,-16.612595952954102,36105,,14351
,0,,37251,14553,4.0,2019.0,0,0,-43.9404361325929,27847,15,12716,-16.57742235079096,32005,,13634
,0,,41545,15111,4.0,2019.0,0,0,-43.84189537120251,32038,15,13371,-16.587688838438414,35028,,14207
,0,,37169,14770,4.0,2019.0,0,0,-43.80526179777936,30535,15,13520,-16.446774985491654,31677,,14099
,0,,45775,15607,4.0,2019.0,0,0,-43.89887689725786,35276,15,13795,-16.340595226535342,38492,,14548
,0,,41226,15385,4.0,2019.0,0,0,-43.94574667022637,31641,15,13878,-16.576142347918168,36583,,14754
,0,,39653,15077,4.0,2019.0,0,0,-44.14864630498255,32050,15,13755,-16.533080445629803,34038,,14227
,0,,41968,15275,4.0,2019.0,0,0,-43.861255234665606,32534,15,13301,-16.54147419847249,33704,,14236
,0,,42763,15446,4.0,2019.0,0,0,-44.14926847330017,32079,15,13612,-16.26927026774443,32309,,14096
,0,,38353,15204,4.0,2019.0,0,0,-43.82835632992426,27557,15,13300,-16.34616264830259,29284,,13904
,0,,36229,14619,4.0,2019.0,0,0,-44.064759344685676,30242,15,13087,-16.49791177722735,31613,,13655
,0,,38433,14966,4.0,2019.0,0,0,-44.15269582766247,28943,15,12995,-16.36861173331766,32967,,13977
,0,,47252,15322,4.0,2019.0,0,0,-43.887770119588794,33690,15,13386,-16.53587218670078,37549,,14183
,0,,34882,14309,4.0,2019.0,0,0,-43.81779500337865,29384,15,13014,-16.28715138333366,29531,,13316
,0,,36834,14363,4.0,2019.0,0,0,-43.911494805809376,29342,15,13163,-16.26443706537452,31392,,13602
,0,,33963,13760,4.0,2019.0,0,0,-44.17155822743804,34149,15,13299,-16.44333792057387,33372,,13550
,0,,37496,14093,4.0,2019.0,0,0,-43.82099998398044,33244,15,13084,-16.51556959619703,34625,,13367
,0,,41933,15758,6.0,2019.0,0,0,-43.8971128335371,26247,21,13501,-16.32108828027922,31458,,14679
,0,,43834,15686,6.0,2019.0,0,0,-43.9026014425547,25167,21,13198,-16.401187692674757,29517,,14180
,0,,41038,15266,4.0,2019.0,0,0,-44.21370373929511,30761,15,13818,-16.616752465761365,34554,,14621
,0,,41116,15078,4.0,2019.0,0,0,-44.44810379799595,30608,15,13481,-16.373433946935506,32575,,13927
,0,,42088,15304,4.0,2019.0,0,0,-44.54396538885018,26539,15,13073,-16.612595895986576,29960,,13951
,0,,37188,14981,4.0,2019.0,0,0,-44.26809447940678,34565,15,14183,-16.597621275859886,35068,,14571
,0,,36894,14996,4.0,2019.0,0,0,-44.38529226574169,29002,15,13766,-16.378933934303145,28929,,14035
,0,,39183,14982,4.0,2019.0,0,0,-44.53496713890353,30345,15,13826,-16.260391423122027,30698,,14022
,0,,38141,14932,4.0,2019.0,0,0,-44.502656275603584,29844,15,13548,-16.30663472270662,29884,,13931
,0,,42062,15744,6.0,2019.0,0,0,-44.409430987797094,24913,21,13465,-16.430269749591577,30569,,14594
,0,,45453,15855,6.0,2019.0,0,0,-44.3785555885348,29867,21,13706,-16.383064929898183,35605,,15016
,0,,33964,14188,4.0,2019.0,0,0,-44.21802537670603,30153,15,13112,-16.587688847169797,31696,,13580
,0,,42040,15764,4.0,2019.0,0,0,-44.3218766812237,29019,15,14121,-16.5761423370583,30428,,14438
,0,,40806,15193,4.0,2019.0,0,0,-44.27500690578386,33032,15,13835,-16.34059524951015,34625,,14472
,0,,37136,14411,4.0,2019.0,0,0,-44.20501625260349,34194,15,13769,-16.362652863269115,33615,,14088
,0,,42123,15061,4.0,2019.0,0,0,-44.3165661433087,32009,15,13622,-16.577422340886557,34876,,14398
,0,,37935,13945,4.0,2019.0,0,0,-44.278731451273465,34623,15,13317,-16.40118770786231,35367,,13533
,0,,43945,15102,4.0,2019.0,0,0,-44.24183130244774,32491,15,13560,-16.38402751323175,34516,,14167
,0,,39394,15164,4.0,2019.0,0,0,-44.51064090269891,32844,15,13599,-16.27657151481172,34074,,14255
,0,,37760,14663,4.0,2019.0,0,0,-44.18139180134454,33868,15,13849,-16.446775018972044,34343,,14275
,0,,36948,14711,4.0,2019.0,0,0,-44.21101998819255,34756,15,13828,-16.62778509121088,34682,,14171
,0,,45524,15438,4.0,2019.0,0,0,-44.36099858381691,30107,15,13158,-16.31919132382259,30351,,13601
,0,,36925,14664,4.0,2019.0,0,0,-44.39542370362326,30921,15,13785,-16.592946591870625,32065,,13984
,0,,35532,14192,4.0,2019.0,0,0,-44.330343713534404,31577,15,13333,-16.332520370071254,32772,,13603
,0,,40367,15021,4.0,2019.0,0,0,-44.782634041916175,31202,15,13755,-16.332517781596938,32349,,14115
,0,,38058,15318,4.0,2019.0,0,0,-44.66689923514627,29795,15,13776,-16.54543012468243,31474,,14122
,0,,34902,14609,4.0,2019.0,0,0,-44.557117116228106,30589,15,13722,-16.345468338650843,32228,,14182
,0,,44446,15839,6.0,2019.0,0,0,-44.61173256829782,29910,21,13945,-16.597604249404434,32249,,14434
,0,,38423,14966,4.0,2019.0,0,0,-44.63419916474306,30563,15,13962,-16.318833583543245,31508,,14173
,0,,46315,15812,6.0,2019.0,0,0,-44.70485894804684,26863,21,13501,-16.576815381671953,32082,,14644
,0,,50251,15744,6.0,2019.0,0,0,-44.82706317712208,33771,21,13658,-16.28785932465265,38935,,14573
,0,,48885,15160,4.0,2019.0,0,0,-44.82102939096897,33180,15,13734,-16.513808759543224,37262,,14510
,0,,44896,15363,4.0,2019.0,0,0,-44.69194001151676,34427,15,13883,-16.51789831741954,36122,,14569
,0,,44832,15584,4.0,2019.0,0,0,-44.881782226604884,33635,15,14057,-16.383016457310084,36939,,14739
,0,,36176,14420,4.0,2019.0,0,0,-44.79986978878752,29181,15,13311,-16.606509522729613,31381,,13746
,0,,36911,14191,4.0,2019.0,0,0,-44.69322343217778,29747,15,13159,-16.598661031468403,31549,,13474
,0,,45101,14824,4.0,2019.0,0,0,-44.67056074143002,31676,15,13036,-16.531272983410716,33654,,13539
,0,,40753,14865,4.0,2019.0,0,0,-44.873278852086386,29520,15,12759,-16.590411444475812,31099,,13290
,0,,37699,14408,4.0,2019.0,0,0,-44.598841862790536,31727,15,13088,-16.507608679568797,32240,,13612
,0,,39600,14565,4.0,2019.0,0,0,-44.60209610760543,32891,15,13182,-16.60112788392886,34063,,13608
,0,,40347,15483,6.0,2019.0,0,0,-44.875698318473496,26109,21,13118,-16.54541400549935,28377,,13787
,0,,46247,15892,6.0,2019.0,0,0,-44.91955778597616,27886,21,13539,-16.590737312255875,31555,,14498
,0,,41701,15869,6.0,2019.0,0,0,-44.90046157856786,25979,21,13290,-16.541447445298886,30332,,14524
,0,,43263,15588,6.0,2019.0,0,0,-44.7250153567174,26870,21,13336,-16.61231617172543,32518,,14563
,0,,43919,15718,6.0,2019.0,0,0,-44.9213063247675,27551,21,13488,-16.535814439638262,29624,,14120
,0,,41885,15630,6.0,2019.0,0,0,-44.79985832478613,26511,21,13265,-16.319182137299844,30330,,14190
,0,,44117,15542,4.0,2019.0,0,0,-44.73478009655945,29406,15,13662,-16.623630415963447,33099,,14384
,0,,40035,15673,4.0,2019.0,0,0,-44.68133854128247,27623,15,13268,-16.53928049023334,28595,,13967
,0,,42631,15842,4.0,2019.0,0,0,-44.732505480772105,30517,15,13789,-16.257652146851104,30693,,14099
,0,,41875,15215,4.0,2019.0,0,0,-44.734321099658615,28918,15,13474,-16.59294935524574,32061,,14014
,0,,44970,15405,4.0,2019.0,0,0,-44.90662857145951,31357,15,13896,-16.276556649916177,33387,,14309
,0,,47080,15142,4.0,2019.0,0,0,-44.70947857280439,35540,15,13582,-16.62396364179525,36316,,13977
,0,,42196,14890,4.0,2019.0,0,0,-44.55914559690886,32381,15,13786,-16.292632043809284,34755,,14262
,0,,43590,15415,4.0,2019.0,0,0,-44.556782823462896,33666,15,13501,-16.42246090226015,36204,,14231
,0,,43749,15743,4.0,2019.0,0,0,-44.88435543966452,32119,15,14157,-16.378884353272895,35389,,14769
,0,,47173,15536,6.0,2019.0,0,0,-44.911805510557386,33526,21,13778,-16.26839189290691,37171,,14655
,0,,41194,15219,6.0,2019.0,0,0,-44.89734991422854,27133,21,13308,-16.41668493159015,30350,,13979
,0,,44989,15405,4.0,2019.0,0,0,-45.16016167931074,26960,15,13467,-16.597553249569014,28737,,13836
,0,,41212,14986,4.0,2019.0,0,0,-45.002622857711096,33042,15,13653,-16.410165703366886,32517,,13968
,0,,44370,15781,6.0,2019.0,0,0,-45.07131655436985,29672,21,14079,-16.353597119563407,32535,,14744
,0,,39506,14809,4.0,2019.0,0,0,-45.01058487910222,33171,15,13589,-16.40748705056045,32271,,13756
,0,,45654,15021,4.0,2019.0,0,0,-45.05763043793666,29044,15,13386,-16.475986738162508,32583,,14018
,0,,38646,14957,4.0,2019.0,0,0,-45.01373268927693,29287,15,13405,-16.286008463125448,30259,,13849
,0,,47829,15230,4.0,2019.0,0,0,-44.93258069132878,30435,15,13343,-16.55825175450705,33512,,14007
,0,,46872,15412,4.0,2019.0,0,0,-45.08560856606786,33515,15,13522,-16.62396366446992,35945,,14305
,0,,45525,15636,4.0,2019.0,0,0,-45.0781170139781,35444,15,13892,-16.34051965657128,40053,,14662
,0,,38589,15378,4.0,2019.0,0,0,-44.92891508208146,29272,15,13489,-16.306601490970504,31013,,14265
,0,,40833,15097,6.0,2019.0,0,0,-44.93324711295045,30872,21,13624,-16.345468354101868,32173,,14167
,0,,43154,15333,4.0,2019.0,0,0,-44.97822610330868,26539,15,13365,-16.601127904148353,27958,,13660
,0,,43294,14971,4.0,2019.0,0,0,-44.92778793667367,31729,15,13444,-16.58765555998664,30758,,13514
,0,,36000,14783,4.0,2019.0,0,0,-44.976709907825466,34672,15,14056,-16.28717318752113,34331,,14228
,0,,37224,15001,4.0,2019.0,0,0,-44.974971858566136,28620,15,13767,-16.507608698304406,29534,,14109
,0,,36420,14769,4.0,2019.0,0,0,-45.01591378457207,26124,15,13071,-16.577404349712882,27944,,13558
,0,,39361,15662,4.0,2019.0,0,0,-44.96025857920391,28323,15,13661,-16.43021948969219,31943,,14530
,0,,34480,14684,4.0,2019.0,0,0,-44.98786256378155,28361,15,13547,-16.597604269762012,27843,,13782
,0,,38532,15485,4.0,2019.0,0,0,-44.93173697085168,27153,15,13488,-16.46527215361932,30775,,14237
,0,,45264,15378,6.0,2019.0,0,0,-44.95365758460582,31556,21,13647,-16.559699400806185,34181,,14407
,0,,39493,14931,4.0,2019.0,0,0,-45.010734856093855,29272,15,13366,-16.30454759085636,30609,,13729
,0,,42532,15079,4.0,2019.0,0,0,-45.05746853519217,28730,15,13376,-16.539280511079298,32124,,14082
,0,,49962,15967,4.0,2019.0,0,0,-45.06807000518839,32926,15,13745,-16.517898338148612,37941,,14689
,0,,41255,15155,4.0,2019.0,0,0,-45.07406828113365,33021,15,13586,-16.518997130969552,35762,,14309
,0,,41916,15089,4.0,2019.0,0,0,-45.04302922938226,31378,15,13473,-16.545430145335768,32580,,14042
,0,,39449,14897,4.0,2019.0,0,0,-44.99989233306215,33982,15,13603,-16.413172748297196,33702,,14142
,0,,43282,15442,4.0,2019.0,0,0,-45.12112123456418,31653,15,14228,-16.55684174656778,34675,,14542
,0,,40092,14842,4.0,2019.0,0,0,-44.95283307649049,31329,15,13591,-16.616742762070743,33458,,14069
,0,,22851,13188,9.0,2019.0,0,0,-43.51164323697714,21771,29,12782,-16.9087150335426,22051,,13012
,0,,25851,13582,9.0,2019.0,0,0,-43.45442655831656,24633,29,12891,-16.963591085271855,25474,,13463
,65535,,20461,8770,8.0,2019.0,65535,65535,-45.02550363884022,14627,33,5515,-16.693972620196917,15014,,6021
,65535,,20861,9098,8.0,2019.0,65535,65535,-45.06385590042356,14236,33,5284,-16.36270440749606,14713,,5647
,0,,31795,15500,0.0,2020.0,0,0,-43.48957237837103,29796,3,15073,-16.756899393343186,32366,,15348
,0,,33612,15170,0.0,2020.0,0,0,-43.53355635762442,26169,3,13875,-16.791771829295186,28159,,14507
,0,,38984,15694,0.0,2020.0,0,0,-43.47988163682476,31049,3,14192,-16.65888339564138,33374,,15025
,0,,43170,16317,0.0,2020.0,0,0,-43.593816804904684,28187,3,14253,-16.88050259051793,34092,,15508
,0,,41206,16062,0.0,2020.0,0,0,-43.62629875648376,25280,3,13623,-16.755937678753146,31539,,14996
,0,,29817,14388,1.0,2020.0,0,0,-43.7795921851936,26826,4,13474,-16.925116400498226,27859,,14085
,0,,37674,15461,1.0,2020.0,0,0,-43.489376895307984,31395,4,14217,-16.71336928166784,33486,,14814
,0,,32740,15277,1.0,2020.0,0,0,-43.52647332033536,29106,4,14490,-16.77405664186229,31212,,15001
,0,,37302,15699,1.0,2020.0,0,0,-43.782707272396195,30665,4,14590,-16.633286397763133,33120,,15242
,0,,39252,15914,1.0,2020.0,0,0,-43.52274795215191,32286,4,14838,-16.713475832684534,36801,,15549
,0,,33930,15068,1.0,2020.0,0,0,-43.45821100371299,35337,4,14349,-16.677405843075746,33522,,14754
,0,,28070,14782,1.0,2020.0,0,0,-43.51989532995726,27433,4,14032,-16.93257971330773,27409,,14470
,0,,39752,15571,1.0,2020.0,0,0,-43.72585582866657,28736,4,14046,-16.673875324091078,33029,,15001
,0,,32061,14900,1.0,2020.0,0,0,-43.46939730118609,29905,4,14144,-16.726433039425796,29924,,14672
,0,,34071,14861,1.0,2020.0,0,0,-43.77251659401104,28093,4,13754,-16.905922976705845,29764,,14535
,0,,43144,15782,1.0,2020.0,0,0,-43.637631965077134,27472,4,13831,-16.79540148237469,34154,,15033
,0,,34547,15491,1.0,2020.0,0,0,-43.66719552192755,30975,4,14418,-16.92995889627611,32176,,15019
,0,,46632,15902,1.0,2020.0,0,0,-43.714022954010865,28676,4,13861,-16.786043571351087,34504,,14920
,0,,33901,14893,1.0,2020.0,0,0,-43.441665095392416,28484,4,13716,-16.660041319295544,30369,,14279
,0,,31140,14486,1.0,2020.0,0,0,-43.79170537454696,30073,4,14075,-16.985422833475862,29990,,14385
,0,,30483,14523,1.0,2020.0,0,0,-43.50263308961414,28590,4,13935,-16.973974797318863,29361,,14231
,0,,36915,15004,1.0,2020.0,0,0,-43.730453706624495,32487,4,14168,-16.78034442476028,33820,,14614
,0,,44578,15988,1.0,2020.0,0,0,-43.75745455646287,27080,4,13786,-16.77190656591124,33377,,15148
,0,,42318,16011,1.0,2020.0,0,0,-43.57808516611792,26095,4,13511,-16.70540282676292,30638,,14756
,0,,40118,15662,1.0,2020.0,0,0,-43.44341471927963,36246,4,14342,-16.691678070529413,38169,,15065
,0,,32027,14306,1.0,2020.0,0,0,-43.45011145773664,30119,4,13548,-16.659557538769615,29753,,14002
,0,,36435,14704,1.0,2020.0,0,0,-43.71557813975033,30967,4,13541,-16.7183978402154,32266,,14162
,0,,29827,14247,1.0,2020.0,0,0,-43.4587600784185,29769,4,13782,-17.000609583331375,29982,,14050
,0,,46563,16183,0.0,2020.0,0,0,-43.826241442900596,27277,3,13962,-16.659557545663535,34659,,15264
,0,,40924,16202,0.0,2020.0,0,0,-43.979489316559636,27206,3,14270,-16.630549086724344,32553,,15301
,0,,41897,16083,0.0,2020.0,0,0,-43.809772876010484,26120,3,14063,-16.88659892964236,32349,,15299
,0,,37519,15308,0.0,2020.0,0,0,-43.94043763004719,28235,3,14164,-16.95025752557399,29875,,14725
,0,,41626,16039,0.0,2020.0,0,0,-44.011163163576235,26432,3,13906,-16.695051085533446,35132,,15414
,0,,42444,16271,0.0,2020.0,0,0,-44.152696481638614,30496,3,14337,-16.74148591937987,35803,,15407
,0,,41793,16243,0.0,2020.0,0,0,-43.91149491008823,25882,3,13765,-16.637332465470973,32803,,15290
,0,,34168,14903,1.0,2020.0,0,0,-43.87639341980413,33215,4,14501,-16.93113992627876,34226,,14706
,0,,38186,15582,1.0,2020.0,0,0,-44.01404565586259,35718,4,14816,-16.713317709928237,34258,,15247
,0,,37734,14616,1.0,2020.0,0,0,-43.83055654370275,34463,4,14144,-16.963591071924924,33825,,14231
,0,,38141,15858,1.0,2020.0,0,0,-44.009165424386254,28884,4,14323,-16.751807470452192,30442,,14998
,0,,38708,15657,1.0,2020.0,0,0,-43.81779508012037,30793,4,14150,-16.66004132598329,34007,,15041
,0,,35373,15365,1.0,2020.0,0,0,-43.89196558186315,30731,4,14740,-16.970452240320068,31366,,15026
,0,,32246,15114,1.0,2020.0,0,0,-44.04361344131785,28029,4,14557,-16.660761146654803,28390,,14779
,0,,31873,14853,1.0,2020.0,0,0,-43.96994679749775,29413,4,14274,-16.88050258578178,29635,,14534
,0,,34479,15082,1.0,2020.0,0,0,-44.15883727477673,30731,4,14221,-16.633286411961087,31537,,14678
,0,,35040,15503,1.0,2020.0,0,0,-44.1065837062981,29819,4,14628,-16.78034442950773,31098,,15202
,0,,36190,15255,1.0,2020.0,0,0,-44.13358455753746,31685,4,14480,-16.77190657194428,32547,,14960
,0,,35455,15279,1.0,2020.0,0,0,-44.00242875076021,30946,4,14637,-16.755937682156077,32468,,15027
,0,,37859,15599,1.0,2020.0,0,0,-43.813992984645154,33743,4,14742,-16.768203838522208,36004,,15319
,0,,35579,15779,1.0,2020.0,0,0,-43.83489006403743,30547,4,14275,-17.000609568106402,30878,,15158
,0,,38876,15589,1.0,2020.0,0,0,-43.81369904318968,34436,4,14750,-16.763688840230394,36603,,15238
,0,,31928,14945,1.0,2020.0,0,0,-44.02050790282894,30721,4,14335,-16.912127592429275,31516,,14683
,0,,32183,14922,1.0,2020.0,0,0,-43.94156156082064,29727,4,14381,-16.786825154266882,30180,,14702
,0,,35738,15144,1.0,2020.0,0,0,-43.98487000396049,32798,4,14361,-16.69207640610164,34516,,14827
,0,,34669,15269,1.0,2020.0,0,0,-43.95231861956828,34041,4,14737,-16.86675399078788,34644,,15111
,0,,33393,15465,1.0,2020.0,0,0,-44.07197696395579,30510,4,14703,-16.746308213972394,32489,,15160
,0,,36498,14937,1.0,2020.0,0,0,-43.954215157904265,30437,4,13876,-16.705402832743324,31769,,14477
,0,,34699,15131,1.0,2020.0,0,0,-43.84189708268637,32144,4,14299,-16.96052115549611,33106,,14927
,0,,38374,15170,1.0,2020.0,0,0,-44.052698408315315,34824,4,14520,-16.890738901575507,35321,,14756
,0,,29030,14549,1.0,2020.0,0,0,-43.88777322531876,30057,4,14212,-16.90871502481779,28167,,14434
,0,,32868,14920,1.0,2020.0,0,0,-44.01781167543094,28997,4,14053,-16.90412523445105,28782,,14302
,0,,34238,15753,1.0,2020.0,0,0,-44.19120609744691,29045,4,14970,-16.866686489637623,30865,,15327
,0,,40526,15887,0.0,2020.0,0,0,-44.24175011281261,29629,3,14508,-16.66260767346758,31929,,15228
,0,,33780,15317,1.0,2020.0,0,0,-44.261471650211675,31259,4,14525,-16.65889947081186,32019,,15014
,0,,37640,15727,1.0,2020.0,0,0,-44.23240113931548,33936,4,14914,-16.659578232498287,35671,,15317
,0,,38665,15846,1.0,2020.0,0,0,-44.189379281984564,32073,4,14554,-16.746255050826093,34530,,15268
,0,,32587,15040,1.0,2020.0,0,0,-44.258322538367615,30130,4,14459,-16.780354607227988,30793,,14713
,0,,35673,15499,1.0,2020.0,0,0,-44.311592813554235,33648,4,14953,-16.7355809888393,33839,,15220
,0,,37437,15445,1.0,2020.0,0,0,-44.32965370015719,31410,4,14846,-16.76827170749629,32169,,15119
,0,,40315,15803,1.0,2020.0,0,0,-44.180986817472856,33078,4,14923,-16.718346819322,36070,,15456
,0,,32542,15154,1.0,2020.0,0,0,-44.5056515546199,29524,4,14235,-16.75588821911592,29843,,14698
,0,,35223,15352,1.0,2020.0,0,0,-44.42411149059044,29851,4,14571,-16.77406348089325,30367,,14912
,0,,31882,14964,1.0,2020.0,0,0,-44.18065260789941,29518,4,14316,-16.79532453368024,30441,,14601
,0,,35995,15459,1.0,2020.0,0,0,-44.42372736310537,29368,4,14492,-16.692067023820883,30483,,14952
,0,,39113,15730,0.0,2020.0,0,0,-44.42231839625778,29314,3,14070,-16.64779382696773,31981,,14857
,0,,40767,15856,1.0,2020.0,0,0,-44.33790023928445,31904,4,14514,-16.69398987988142,33870,,15135
,0,,32640,14817,1.0,2020.0,0,0,-44.29444566216964,28281,4,13772,-16.719089576965203,28365,,14302
,0,,40414,15809,1.0,2020.0,0,0,-44.45360795953583,33340,4,14653,-16.925166577092558,34868,,15340
,0,,43309,15944,1.0,2020.0,0,0,-44.369928512260486,34904,4,14747,-16.756933422579344,36785,,15486
,0,,32781,14912,1.0,2020.0,0,0,-44.2503607590689,33130,4,14657,-16.783032661997414,33517,,14828
,0,,35393,15237,1.0,2020.0,0,0,-44.49956656288993,30640,4,14478,-16.918254578426822,31492,,14878
,0,,36634,15367,1.0,2020.0,0,0,-44.54342755223646,30925,4,14401,-16.963568474335723,32796,,14980
,0,,41887,15898,1.0,2020.0,0,0,-44.53049852867263,32414,4,14842,-16.64944853288828,34956,,15457
,0,,36281,15350,1.0,2020.0,0,0,-44.47593469705725,31848,4,14663,-16.786798052772326,32166,,14993
,0,,35470,15032,1.0,2020.0,0,0,-44.40790075097967,29373,4,14132,-16.97038455989075,31888,,14681
,0,,35689,15185,1.0,2020.0,0,0,-44.32480739262089,31789,4,14440,-16.76375615352318,31950,,14802
,0,,34671,15096,1.0,2020.0,0,0,-44.22271109705153,35376,4,14298,-16.880456538406882,34509,,14810
,0,,33075,14755,1.0,2020.0,0,0,-44.49296959729132,29361,4,14052,-16.91675089686395,29368,,14340
,0,,35749,15146,1.0,2020.0,0,0,-44.45301933623636,32643,4,14637,-16.69503248768335,33690,,14878
,0,,41643,15653,1.0,2020.0,0,0,-44.50740857873697,32483,4,14299,-16.78254505865278,33227,,14662
,0,,34388,14935,1.0,2020.0,0,0,-44.500375564740544,30425,4,14250,-16.9119657856251,30718,,14561
,0,,38011,15305,1.0,2020.0,0,0,-44.381730498384954,33167,4,14665,-16.641145723810737,33299,,14921
,0,,40870,15460,1.0,2020.0,0,0,-44.40650271445937,33020,4,14464,-16.70540019258223,34747,,14846
,0,,46601,15712,1.0,2020.0,0,0,-44.52121936804622,30522,4,14138,-16.789549979147733,34977,,14741
,0,,38580,15435,1.0,2020.0,0,0,-44.30770746539205,31140,4,14279,-16.870770555470358,33387,,15016
,0,,36528,15186,1.0,2020.0,0,0,-44.25847314614561,30905,4,14097,-16.677434996516055,32850,,14677
,0,,46164,15755,1.0,2020.0,0,0,-44.53855236528367,32849,4,14376,-16.63328334137136,35904,,14996
,0,,40045,15123,1.0,2020.0,0,0,-44.319053821851504,33897,4,13955,-16.726475488348463,33010,,14253
,0,,29869,13993,1.0,2020.0,0,0,-44.44905775868745,29338,4,13725,-16.791766939184267,28490,,13773
,0,,34284,14613,1.0,2020.0,0,0,-44.47430899177221,28512,4,13638,-16.713289008917364,29494,,14215
,0,,33460,14641,1.0,2020.0,0,0,-44.24763033533943,33804,4,14065,-16.786039097761517,34378,,14210
,0,,38784,15100,1.0,2020.0,0,0,-44.356375451848635,34827,4,14535,-16.6305490840633,35522,,14865
,0,,39423,16147,0.0,2020.0,0,0,-44.746433187386984,25078,3,13546,-16.641146519976182,29824,,14827
,0,,40392,16148,0.0,2020.0,0,0,-44.913030792306635,26131,3,13822,-16.963213125634315,31925,,15119
,0,,44785,16106,0.0,2020.0,0,0,-44.74268122972151,26997,3,13669,-16.985145046806103,33922,,15096
,0,,42482,16034,0.0,2020.0,0,0,-44.780318206507616,25868,3,13832,-16.64779833882095,30144,,14878
,0,,39058,16337,0.0,2020.0,0,0,-44.58715008948076,28897,3,14032,-17.000609590796657,31852,,15175
,0,,42720,15343,1.0,2020.0,0,0,-44.75838769769679,29403,4,13551,-16.949652251991843,33507,,14349
,0,,38624,15618,1.0,2020.0,0,0,-44.79558554033893,25966,4,13527,-16.92995888811317,29222,,14377
,0,,41581,15974,1.0,2020.0,0,0,-44.80921136667197,25832,4,13773,-16.90821261222951,31191,,14898
,0,,31937,14552,1.0,2020.0,0,0,-44.58476599480039,28507,4,13490,-16.91824468307743,30370,,14182
,0,,30245,14899,1.0,2020.0,0,0,-44.57850146848755,26417,4,13766,-16.659557507237157,26233,,14325
,0,,36687,15606,1.0,2020.0,0,0,-44.766021982452116,34195,4,15132,-16.795401472506423,33493,,15365
,0,,37614,15244,1.0,2020.0,0,0,-44.84396815986741,29563,4,14099,-16.718397823116995,31716,,14643
,0,,35083,15392,1.0,2020.0,0,0,-44.58281656922925,25185,4,13778,-16.963591091468928,31864,,14745
,0,,37509,15427,1.0,2020.0,0,0,-44.594157108029016,29420,4,14216,-16.96052117432806,34433,,14981
,0,,30953,15029,1.0,2020.0,0,0,-44.617766907446175,27826,4,14101,-16.71336925797807,28513,,14626
,0,,32512,15027,1.0,2020.0,0,0,-44.617962390517874,28574,4,14330,-16.756899375032123,29587,,14658
,0,,37788,15589,1.0,2020.0,0,0,-44.604521600637476,33616,4,14750,-16.8217470290369,33102,,15178
,0,,34979,15258,1.0,2020.0,0,0,-44.86732838967132,28819,4,14285,-16.77485283764073,30371,,14698
,0,,33941,15093,1.0,2020.0,0,0,-44.70647518138376,29685,4,14240,-16.705402804722315,30841,,14709
,0,,35302,15966,1.0,2020.0,0,0,-44.64422560637797,34476,4,15139,-16.97045225507996,34801,,15620
,0,,36257,15305,1.0,2020.0,0,0,-44.85314289712875,31204,4,14661,-16.739029714610233,33678,,15036
,0,,35341,15305,1.0,2020.0,0,0,-44.722206820736176,29452,4,14298,-16.880502585842653,28524,,14521
,0,,38222,15481,1.0,2020.0,0,0,-44.63102310222564,31349,4,14573,-16.973974801179043,32759,,15053
,0,,36280,15412,1.0,2020.0,0,0,-44.56203290187385,30128,4,14260,-16.88659893425401,32639,,14749
,0,,34211,15219,1.0,2020.0,0,0,-44.56625301043723,28224,4,14106,-16.768203820637183,28941,,14676
,0,,39873,15728,1.0,2020.0,0,0,-44.92009539733449,29739,4,14469,-16.985422818648043,33642,,15132
,0,,35087,15101,1.0,2020.0,0,0,-44.72956474061059,30367,4,14471,-16.782596347118826,30706,,14749
,0,,38531,15802,1.0,2020.0,0,0,-44.56595906898558,31351,4,14773,-16.763688821486994,34904,,15423
,0,,40207,15752,1.0,2020.0,0,0,-44.58114668649644,34284,4,14902,-16.735528349761996,36784,,15361
,0,,34774,15206,1.0,2020.0,0,0,-44.59778731262058,28651,4,14342,-16.72643301675921,28677,,14695
,0,,40685,14909,1.0,2020.0,0,0,-44.69382158452033,32494,4,13754,-16.786825141586107,32391,,14017
,0,,37525,15480,1.0,2020.0,0,0,-44.580616698291685,35622,4,14317,-16.719041342472806,38960,,14970
,0,,46384,15837,1.0,2020.0,0,0,-44.57180472979824,33383,4,14012,-16.691678042779596,37465,,15071
,0,,43072,16053,0.0,2020.0,0,0,-44.96273101080338,26030,3,13627,-16.67740582659099,30729,,14786
,0,,46401,16269,0.0,2020.0,0,0,-45.13081876568342,30426,3,14700,-16.7559376674643,33618,,15346
,0,,30382,14327,1.0,2020.0,0,0,-44.9632800855141,30357,4,13693,-17.00060955468969,30034,,13949
,0,,31204,14198,1.0,2020.0,0,0,-45.097792501758235,29046,4,13833,-16.838206908346717,29499,,13917
,0,,31938,14219,1.0,2020.0,0,0,-45.06882764739822,29308,4,13737,-16.95025751441999,29116,,13906
,0,,40359,15706,1.0,2020.0,0,0,-45.12824503271926,29694,4,14110,-16.918282914580733,29826,,14569
,0,,29410,14316,1.0,2020.0,0,0,-45.10569473340603,26572,4,13565,-16.782596345344622,26975,,13862
,0,,32969,14723,1.0,2020.0,0,0,-45.020355601111305,30349,4,14273,-16.970452228040337,30839,,14517
,0,,33848,15173,1.0,2020.0,0,0,-45.11714319036812,31857,4,14817,-16.99645678451515,33282,,15023
,0,,29580,14350,1.0,2020.0,0,0,-45.112430442199866,27157,4,13572,-16.789611627332935,27334,,13998
,0,,31924,14676,1.0,2020.0,0,0,-45.02441533781569,30032,4,14157,-16.93257969025818,30539,,14326
,0,,37585,15428,1.0,2020.0,0,0,-44.94793472618751,32466,4,14133,-16.69167805273079,31966,,14591
,0,,36909,15311,1.0,2020.0,0,0,-44.949390768405436,30119,4,14100,-16.888415505023662,31681,,14628
,0,,44278,16125,1.0,2020.0,0,0,-45.161694412233544,30777,4,14585,-16.8031332914172,35073,,15480
,0,,36961,15301,1.0,2020.0,0,0,-45.00715309725958,32116,4,14626,-16.973974772210415,33500,,14999
,0,,34825,15403,1.0,2020.0,0,0,-45.082605174714516,30193,4,14189,-16.705402815092544,31000,,14749
,0,,40075,15809,1.0,2020.0,0,0,-44.93816289848052,30933,4,14342,-16.886598912186887,33465,,15128
,0,,43254,15995,1.0,2020.0,0,0,-45.137555439045876,33136,4,14833,-16.751807455869923,34515,,15300
,0,,38450,15469,1.0,2020.0,0,0,-45.113260019571086,30801,4,14459,-16.692076389093724,31690,,14942
,0,,36401,15491,1.0,2020.0,0,0,-44.52539795991645,26498,4,13426,-15.896304987526229,28364,,14162
,0,,34497,15679,1.0,2020.0,0,0,-44.19392493110198,30657,4,14731,-15.91418961545728,33586,,15377
,0,,35036,15574,1.0,2020.0,0,0,-44.20237123564926,32969,4,14719,-15.913705382775742,33075,,15369
,0,,33661,15294,1.0,2020.0,0,0,-44.221656146206044,31659,4,14645,-15.980606121529615,32726,,15015
,0,,31436,15143,1.0,2020.0,0,0,-44.218023670877834,29202,4,14411,-16.214784633603234,29806,,14897
,0,,37620,15559,1.0,2020.0,0,0,-44.34607072230445,32275,4,14731,-16.134733252197332,33086,,15212
,0,,34568,15275,1.0,2020.0,0,0,-44.26389703201245,30126,4,14843,-16.1629574580949,31846,,14993
,0,,33259,15146,1.0,2020.0,0,0,-44.25251822545545,31087,4,14605,-16.185391237044676,31653,,14923
,0,,37132,15617,1.0,2020.0,0,0,-44.43371552730062,32227,4,14797,-16.146070116396842,33840,,15239
,0,,32134,14875,1.0,2020.0,0,0,-44.31656465081318,29821,4,14438,-16.20451526476877,29766,,14618
,0,,29615,14086,1.0,2020.0,0,0,-44.27215056672005,29127,4,13848,-16.186831196328434,29790,,13991
,0,,29330,14325,1.0,2020.0,0,0,-44.19567436734258,26614,4,13748,-15.945838512042457,29013,,14220
,0,,33546,15531,1.0,2020.0,0,0,-44.4330786687299,28844,4,14298,-16.162454442214475,31616,,15119
,0,,35895,15013,1.0,2020.0,0,0,-44.25489101830017,31597,4,14450,-16.228242567700573,31759,,14754
,0,,33835,15131,1.0,2020.0,0,0,-44.22838898436313,32467,4,14702,-16.075956706373017,32484,,14975
,0,,35348,15285,1.0,2020.0,0,0,-44.21101990747164,32997,4,14659,-16.254888706037015,32770,,15009
,0,,29865,14429,1.0,2020.0,0,0,-44.23214121177869,28062,4,13931,-15.913030153574882,28597,,14242
,0,,35818,15106,1.0,2020.0,0,0,-44.20668380189008,31349,4,14244,-16.21785605710128,32011,,14673
,0,,41797,15972,1.0,2020.0,0,0,-44.48271009882073,26910,4,13777,-16.03453786368696,32417,,14956
,0,,42429,16195,1.0,2020.0,0,0,-44.41974158860791,26760,4,13890,-15.914907356535593,31576,,15160
,0,,35746,15287,1.0,2020.0,0,0,-44.20501584076311,31442,4,14458,-15.98970543572359,34035,,15011
,0,,39528,15185,1.0,2020.0,0,0,-44.27324205823397,29732,4,14416,-15.948132067367709,33544,,14755
,0,,29782,14229,1.0,2020.0,0,0,-44.21047056048134,28495,4,13766,-15.931560329115408,28260,,13956
,0,,35629,15444,1.0,2020.0,0,0,-44.44726291608522,30401,4,14641,-16.233599962391246,30780,,15059
,0,,37232,15396,1.0,2020.0,0,0,-44.53496698134992,30708,4,14363,-15.887424618377123,33339,,14749
,0,,42700,15622,1.0,2020.0,0,0,-44.51064008942001,27931,4,13887,-15.903607444889412,32427,,14785
,0,,36526,15633,1.0,2020.0,0,0,-44.24163548968612,35786,4,14782,-15.967536826900295,36036,,15314
,0,,39312,15718,1.0,2020.0,0,0,-44.42882511755892,32406,4,14616,-16.144973930029444,34082,,15138
,0,,38814,15686,1.0,2020.0,0,0,-44.366550434621864,35093,4,14775,-16.2394160436758,37413,,15321
,0,,37449,15545,1.0,2020.0,0,0,-44.2418302360094,33362,4,14812,-16.011083723213876,34208,,15267
,0,,44642,16013,1.0,2020.0,0,0,-44.215792676133894,31038,4,14367,-16.16620636719722,36518,,15319
,0,,39030,15286,1.0,2020.0,0,0,-44.38324872077793,33735,4,14487,-16.150499810075942,36816,,14950
,0,,37748,14768,1.0,2020.0,0,0,-44.31768601594461,28902,4,13673,-16.041019841207913,31559,,14183
,0,,33604,15103,1.0,2020.0,0,0,-44.190122412019456,30999,4,14228,-16.022393974546393,31984,,14715
,0,,36419,15244,1.0,2020.0,0,0,-44.28581188924144,29418,4,14140,-16.04596878675002,30630,,14651
,0,,34276,15290,1.0,2020.0,0,0,-44.36488290724903,31708,4,14463,-16.25073215691987,32960,,14909
,0,,43408,16221,1.0,2020.0,0,0,-44.46783248466208,27195,4,13939,-15.972567068238492,31570,,15021
,0,,39187,15466,1.0,2020.0,0,0,-44.3609971552378,30200,4,14016,-15.946234361376192,30818,,14487
,0,,40344,15680,1.0,2020.0,0,0,-44.19712922848101,32697,4,14432,-16.14265180205622,35571,,15178
,0,,35930,15384,1.0,2020.0,0,0,-44.1859020737949,33225,4,14575,-16.14083487561618,33414,,14950
,0,,44439,16298,1.0,2020.0,0,0,-44.203559849935395,31005,4,14319,-16.170979906329826,36754,,15411
,0,,31439,14974,1.0,2020.0,0,0,-44.27500586532718,28788,4,14076,-15.96764275870056,29369,,14392
,0,,32504,14807,1.0,2020.0,0,0,-44.28762471102534,33128,4,14389,-15.891469819088153,31634,,14539
,0,,38254,15661,1.0,2020.0,0,0,-44.528825197706304,31440,4,14234,-15.995665649169275,32694,,14989
,0,,38204,15555,1.0,2020.0,0,0,-44.5318518785386,30622,4,14459,-16.179367035766617,33048,,15062
,0,,37807,15429,1.0,2020.0,0,0,-44.38225551661678,32630,4,14505,-16.203909603947658,33229,,14855
,0,,35953,15054,1.0,2020.0,0,0,-44.37598144445439,31131,4,14494,-16.17252815942116,32889,,14703
,0,,33328,15181,1.0,2020.0,0,0,-44.52477603673544,33200,4,14368,-16.160165985069,32564,,14888
,0,,45196,15844,1.0,2020.0,0,0,-44.53690067490326,30691,4,13844,-16.217478631793263,34119,,14796
,0,,48474,15820,1.0,2020.0,0,0,-44.49119514647308,33030,4,14158,-16.029044381377375,36563,,15007
,0,,35539,14753,1.0,2020.0,0,0,-44.27872959044794,33512,4,14163,-16.028246873712405,34465,,14484
,0,,36280,15669,1.0,2020.0,0,0,-44.63460145954056,32147,4,14162,-17.05025049652293,31839,,14795
,0,,36278,16006,0.0,2020.0,0,0,-44.82914856973627,27228,3,13726,-17.06784470453668,31401,,15121
,0,,41662,16180,0.0,2020.0,0,0,-44.88178088020924,29561,3,14115,-17.128688111374444,32357,,15136
,0,,35091,15142,1.0,2020.0,0,0,-44.732505443432444,30161,4,14323,-17.003374132570336,31041,,14662
,0,,39365,15853,0.0,2020.0,0,0,-44.63760063622538,27150,3,13498,-17.031718574361793,30383,,14515
,0,,42545,16123,1.0,2020.0,0,0,-44.91180547303005,27949,4,14016,-17.014106795133596,31595,,14989
,0,,38961,15926,1.0,2020.0,0,0,-44.75786027309607,33116,4,14390,-17.013968710861924,35552,,15299
,0,,42039,16082,0.0,2020.0,0,0,-44.914045406551544,26497,3,13605,-17.014974713334,28444,,14454
,0,,33847,15012,1.0,2020.0,0,0,-44.91468235854457,32543,4,14080,-17.00610636970627,32530,,14610
,0,,30840,14697,1.0,2020.0,0,0,-45.130821952627834,30083,4,13884,-17.128738522710776,28938,,14311
,0,,38765,15370,1.0,2020.0,0,0,-44.994093459344185,33877,4,14396,-17.129699389677487,33643,,14941
,0,,30789,14233,1.0,2020.0,0,0,-45.107879348243,28348,4,13653,-17.003374096632193,29297,,14034
,0,,36372,15304,1.0,2020.0,0,0,-45.00293806777955,34155,4,14458,-17.206495437031943,34221,,14928
,0,,30304,14661,1.0,2020.0,0,0,-45.11243411896791,33222,4,14355,-17.1624060102406,29694,,14506
,0,,29393,14284,1.0,2020.0,0,0,-45.10569812196271,28128,4,13789,-17.155392077586487,27662,,14017
,0,,29548,14177,1.0,2020.0,0,0,-45.038078610338914,28841,4,13491,-17.164565513425387,28172,,13943
,0,,30583,14572,1.0,2020.0,0,0,-45.03099520146958,29218,4,13409,-17.146853686551548,29495,,14261
,0,,31252,14560,1.0,2020.0,0,0,-44.95727709721639,28820,4,13616,-17.108332002786767,28660,,14021
,0,,31124,14529,1.0,2020.0,0,0,-44.94793489755815,30302,4,14149,-17.064490007568022,29705,,14296
,0,,35722,14654,1.0,2020.0,0,0,-44.94208934096241,29931,4,13395,-17.136486808310668,30106,,14099
,0,,33112,14586,1.0,2020.0,0,0,-45.03988503316279,32151,4,14406,-17.01015591334841,31547,,14450
,0,,30007,14055,1.0,2020.0,0,0,-44.94618517926533,30637,4,13945,-17.032859324469964,29826,,14137
,0,,33259,14179,1.0,2020.0,0,0,-44.96093487602714,32769,4,13705,-17.03540386130843,31714,,13938
,0,,32106,14331,1.0,2020.0,0,0,-44.96273122881869,31568,4,13824,-17.050220753354754,31556,,14152
,0,,37480,16090,0.0,2020.0,0,0,-43.83250471196744,26774,3,14257,-16.545404328659963,31411,,15353
,0,,32474,15169,1.0,2020.0,0,0,-44.15572202168197,30175,4,14157,-16.55227768449444,30386,,14697
,0,,38152,15452,1.0,2020.0,0,0,-44.04361250537096,34023,4,14799,-16.287870188442582,35013,,15143
,0,,44555,15943,1.0,2020.0,0,0,-44.0719737803576,26527,4,13756,-16.37343396874706,30809,,14689
,0,,38990,15600,1.0,2020.0,0,0,-43.89196447124991,33640,4,14566,-16.597621277633486,35512,,15226
,0,,34836,14801,1.0,2020.0,0,0,-43.96311291279818,29666,4,14002,-16.623964385238114,30579,,14417
,0,,34012,15252,1.0,2020.0,0,0,-44.100880538037046,27083,4,14106,-16.366154371907516,31147,,14887
,0,,41951,15958,1.0,2020.0,0,0,-44.12652625509902,32123,4,14357,-16.306634750693345,34751,,15111
,0,,27845,14272,1.0,2020.0,0,0,-44.095914869218895,28244,4,13973,-16.410165698340773,27929,,14074
,0,,31075,14995,1.0,2020.0,0,0,-44.10990168515776,27464,4,14273,-16.626759529858795,27793,,14599
,0,,34106,15349,1.0,2020.0,0,0,-44.00612658694088,31171,4,14344,-16.576816888771265,32286,,14967
,0,,31021,14365,1.0,2020.0,0,0,-44.08455292574797,28233,4,13839,-16.475970603846143,28510,,14174
,0,,38670,15870,1.0,2020.0,0,0,-44.05269675188131,32196,4,14516,-16.517892375212693,34530,,15152
,0,,33257,15191,1.0,2020.0,0,0,-43.94155877845796,28491,4,14420,-16.41395843785758,30992,,14922
,0,,37631,15678,1.0,2020.0,0,0,-43.97730134037505,31976,4,14637,-16.409728744468413,34105,,15260
,0,,32046,15242,1.0,2020.0,0,0,-44.01375790368698,31388,4,14538,-16.422536382281233,30539,,14731
,0,,31242,15355,1.0,2020.0,0,0,-44.03330097219323,29165,4,14741,-16.430269767682244,29475,,14911
,0,,37536,15551,1.0,2020.0,0,0,-43.9523149338326,32106,4,14648,-16.493902662256918,33376,,15198
,0,,41832,15799,1.0,2020.0,0,0,-43.99985322117551,32409,4,14714,-16.545441500221482,35950,,15254
,0,,34541,15378,1.0,2020.0,0,0,-43.98403676220428,30043,4,14638,-16.416745377999767,31760,,15106
,0,,37564,15700,1.0,2020.0,0,0,-44.017809794823336,31083,4,15060,-16.531281120777457,33917,,15426
,0,,41053,15866,1.0,2020.0,0,0,-43.878762042455755,32330,4,14613,-16.601144626729493,34981,,15359
,0,,35750,15314,1.0,2020.0,0,0,-44.00916225140581,34055,4,14523,-16.378933942304624,34127,,14871
,0,,37526,15667,1.0,2020.0,0,0,-44.066433758351835,33200,4,14926,-16.55682609613339,34514,,15285
,0,,37535,15592,1.0,2020.0,0,0,-44.00712086952079,33034,4,15126,-16.523417382673106,33562,,15284
,0,,42982,16088,1.0,2020.0,0,0,-43.82624133677155,31702,4,13993,-16.286667378062376,36439,,15357
,0,,34110,14787,1.0,2020.0,0,0,-43.979489300718626,30666,4,13894,-16.257652126518405,31799,,14404
,0,,39845,15712,1.0,2020.0,0,0,-44.04332435815205,35497,4,14727,-16.55711987414947,35971,,15236
,0,,44276,15650,1.0,2020.0,0,0,-43.8455267130032,33897,4,14429,-16.353555504659802,35120,,14895
,0,,34465,14715,1.0,2020.0,0,0,-44.0575870788704,33390,4,13791,-16.518988317919476,33971,,14108
,0,,35044,14501,1.0,2020.0,0,0,-44.09015074566663,33576,4,13802,-16.41317716384639,33206,,14004
,0,,38423,15642,1.0,2020.0,0,0,-44.3872914656477,34954,4,14772,-16.322166606816918,36030,,15169
,0,,36405,15098,1.0,2020.0,0,0,-44.19392500760909,33102,4,14452,-16.28715143193211,34167,,14748
,0,,35270,15489,0.0,2020.0,0,0,-44.52539849500905,25642,3,13654,-16.26927023833413,27019,,14271
,0,,40470,15561,1.0,2020.0,0,0,-44.2373852411933,32172,4,14375,-16.541474207682246,33442,,14848
,0,,42299,15366,1.0,2020.0,0,0,-44.44726320846292,34324,4,14226,-16.606501162069733,37095,,14903
,0,,45458,16288,1.0,2020.0,0,0,-44.35561931350584,30052,4,14280,-16.257652139277376,35498,,15597
,0,,37261,15358,1.0,2020.0,0,0,-44.25686361319015,31975,4,14172,-16.494428985767872,32193,,14647
,0,,32290,14871,1.0,2020.0,0,0,-44.370302904677246,26842,4,13922,-16.26825165704697,28918,,14463
,0,,35317,15467,1.0,2020.0,0,0,-44.36655082674579,29949,4,14262,-16.612316483915844,30755,,14809
,0,,35376,15406,1.0,2020.0,0,0,-44.23214142045932,29922,4,14392,-16.285992735898702,30474,,14882
,0,,37298,15454,1.0,2020.0,0,0,-44.50971345857331,29306,4,14338,-16.39903792787433,30985,,14870
,0,,37024,15555,1.0,2020.0,0,0,-44.348551098667336,29555,4,14437,-16.59866532564195,32743,,15095
,0,,32562,15091,1.0,2020.0,0,0,-44.5476882503066,29507,4,14461,-16.44333787441584,29843,,14818
,0,,41887,16091,0.0,2020.0,0,0,-44.27215294296726,26337,3,13966,-16.559741398599506,31863,,15327
,0,,42224,16264,0.0,2020.0,0,0,-44.46068294404978,27438,3,13969,-16.475970572564176,29545,,14791
,0,,34230,15258,1.0,2020.0,0,0,-44.442563775705025,30812,4,14590,-16.556826062903166,30952,,14866
,0,,32376,14950,1.0,2020.0,0,0,-44.19567453761248,28558,4,14438,-16.318794253969003,29909,,14543
,0,,35764,15443,1.0,2020.0,0,0,-44.19712998837899,31689,4,14737,-16.515569618055192,32397,,15103
,0,,39340,15712,1.0,2020.0,0,0,-44.20867457459731,33927,4,14836,-16.289696496076775,36126,,15194
,0,,46242,16005,1.0,2020.0,0,0,-44.44047801004199,29030,4,14411,-16.597543415026866,32101,,14991
,0,,40310,15863,1.0,2020.0,0,0,-44.38325088375014,32786,4,14828,-16.523417363367862,35420,,15433
,0,,36089,15181,1.0,2020.0,0,0,-44.31768878923234,32283,4,14572,-16.413958442191387,32293,,14900
,0,,35655,15428,1.0,2020.0,0,0,-44.39393980961685,30886,4,14297,-16.531281098831684,31901,,14940
,0,,36012,15389,1.0,2020.0,0,0,-44.35343135303253,31556,4,14663,-16.409728740655144,31662,,14943
,0,,36190,15556,1.0,2020.0,0,0,-44.202371341451205,32479,4,14769,-16.286667424667844,33258,,15073
,0,,36516,15529,1.0,2020.0,0,0,-44.43308001299591,30267,4,14475,-16.535369461786768,32034,,14971
,0,,33451,15170,1.0,2020.0,0,0,-44.41974252152873,30833,4,14531,-16.287870182456853,30752,,14839
,0,,35780,15706,0.0,2020.0,0,0,-44.20863471697482,30882,3,14489,-16.545404344349958,32204,,15060
,0,,34181,15173,1.0,2020.0,0,0,-44.28762481500703,29726,4,14602,-16.2644370939018,30296,,14821
,0,,38360,15629,1.0,2020.0,0,0,-44.19012269987963,33857,4,14825,-16.39533486573954,33423,,15077
,0,,34413,15229,1.0,2020.0,0,0,-44.25067417085872,30409,4,14443,-16.46085297451669,30461,,14583
,0,,39272,15760,1.0,2020.0,0,0,-44.491196764948306,32047,4,14794,-16.401984539677674,34140,,15374
,0,,35890,15301,1.0,2020.0,0,0,-44.22165671870563,33390,4,14777,-16.35355553902577,33162,,15079
,0,,44852,16190,1.0,2020.0,0,0,-44.18590247614325,34754,4,14947,-16.51375285964093,37940,,15582
,0,,37475,15550,1.0,2020.0,0,0,-44.39663621974268,33185,4,14809,-16.539285008551918,32601,,15115
,0,,35752,15361,1.0,2020.0,0,0,-44.47811419831456,30233,4,14342,-16.300987386349693,31110,,14835
,0,,37587,15586,1.0,2020.0,0,0,-44.18832066406795,31849,4,14572,-16.62407201684841,32939,,15134
,0,,40841,15852,1.0,2020.0,0,0,-44.36016677521538,30532,4,14465,-16.416745371769515,33904,,15192
,0,,42104,16158,0.0,2020.0,0,0,-44.52403471900252,31281,3,14989,-16.26840110610164,32029,,15544
,0,,34332,15114,1.0,2020.0,0,0,-44.2283902808241,31528,4,14206,-16.448887825744986,32369,,14783
,0,,37983,15665,1.0,2020.0,0,0,-44.528825849540986,32927,4,14669,-16.36861169595925,34701,,15221
,0,,46036,16288,1.0,2020.0,0,0,-44.375983235024115,32134,4,14738,-16.545441480838786,36553,,15531
,0,,45378,15992,0.0,2020.0,0,0,-44.48603170479605,34852,3,14844,-16.626759483360164,36957,,15427
,0,,35586,15227,1.0,2020.0,0,0,-44.40418769006801,32229,4,14799,-16.27490483810954,31983,,15046
,0,,35629,15249,1.0,2020.0,0,0,-44.39492686846146,32942,4,14659,-16.345017827520756,33228,,14977
,0,,33146,15161,1.0,2020.0,0,0,-44.477010557194944,29441,4,14379,-16.36615434490801,29594,,14652
,0,,36143,15477,1.0,2020.0,0,0,-44.24163618835116,33078,4,14956,-16.340489011644454,33611,,15221
,0,,37261,15325,1.0,2020.0,0,0,-44.36488304747497,32806,4,14668,-16.623630417084282,32731,,14941
,0,,46485,16174,1.0,2020.0,0,0,-44.536900734627594,32354,4,14674,-16.59038180140009,36273,,15554
,0,,35762,14986,1.0,2020.0,0,0,-44.390173448896,32632,4,14531,-16.340436761822772,33372,,14801
,0,,47913,15699,1.0,2020.0,0,0,-44.20668517297704,33055,4,14289,-16.590759518020903,37122,,14955
,0,,39245,15277,1.0,2020.0,0,0,-44.339242924715485,34207,4,14446,-16.62396436771828,35180,,14851
,0,,31179,14569,1.0,2020.0,0,0,-44.21047077710223,29730,4,14239,-16.304519048339802,29906,,14370
,0,,38754,14961,1.0,2020.0,0,0,-44.20356091866708,34161,4,14046,-16.543892359120708,35510,,14416
,0,,40865,15901,0.0,2020.0,0,0,-44.91404544023882,25470,3,13633,-16.269260221462318,30434,,14960
,0,,39592,16089,0.0,2020.0,0,0,-44.65193162703662,31865,3,14667,-16.5234010885837,32788,,15187
,0,,40499,15592,1.0,2020.0,0,0,-44.829150107277826,31361,4,14351,-16.32214839575583,33436,,15070
,0,,39987,15673,1.0,2020.0,0,0,-44.69518656076707,31607,4,14119,-16.353597106856917,33092,,14758
,0,,38246,15765,1.0,2020.0,0,0,-44.63460486111272,32105,4,14526,-16.304547578794992,33416,,15132
,0,,44715,16383,1.0,2020.0,0,0,-44.55560697409719,28552,4,14206,-16.46527213638033,35230,,15500
,0,,38992,15522,1.0,2020.0,0,0,-44.623762337850565,30700,4,14303,-16.413172730505245,32718,,14956
,0,,39441,15440,1.0,2020.0,0,0,-44.74499124209255,30721,4,14429,-16.556841724199398,31811,,14813
,0,,44312,15767,1.0,2020.0,0,0,-44.58709345451461,29337,4,14107,-16.36613262584043,33160,,14741
,0,,37899,15561,1.0,2020.0,0,0,-44.69793828760288,28067,4,13538,-16.518997110107914,30559,,14395
,0,,36441,15470,1.0,2020.0,0,0,-44.70578743754896,29060,4,14140,-16.39540134168225,31197,,14882
,0,,35479,15324,1.0,2020.0,0,0,-44.85980988379268,28458,4,13841,-16.34498521095532,32082,,14563
,0,,35683,15464,1.0,2020.0,0,0,-44.74606131367555,28641,4,14328,-16.384060836087652,30356,,14898
,0,,32567,14962,1.0,2020.0,0,0,-44.67135461038366,29328,4,14035,-16.264439560670393,30271,,14536
,0,,35149,15210,1.0,2020.0,0,0,-44.85043975876298,29681,4,14178,-16.34040864766269,31243,,14715
,0,,44716,16019,1.0,2020.0,0,0,-44.56733642245086,29361,4,14464,-16.49383644139103,31937,,15140
,0,,31901,15055,1.0,2020.0,0,0,-44.64142069378798,28356,4,14170,-16.36865669189432,29289,,14652
,0,,35047,15064,1.0,2020.0,0,0,-44.637602694355685,30269,4,14320,-16.286008453778248,30756,,14628
,0,,45510,16293,1.0,2020.0,0,0,-44.876507253936175,28216,4,14082,-16.53912401237607,33322,,15201
,0,,38785,15700,1.0,2020.0,0,0,-44.62649286256119,28460,4,14041,-16.41016568556456,33399,,14979
,0,,31918,14861,1.0,2020.0,0,0,-44.82518974927915,29183,4,13770,-16.418901444979003,29054,,14362
,0,,37098,15350,1.0,2020.0,0,0,-44.83408169407921,32551,4,14430,-16.515610978786164,33992,,15018
,0,,47989,16094,1.0,2020.0,0,0,-44.72217073997023,31726,4,14361,-16.557127382470167,36233,,15229
,0,,35046,15338,1.0,2020.0,0,0,-44.914682367285344,29274,4,14077,-16.26038848078083,31523,,14688
,0,,32951,15124,1.0,2020.0,0,0,-44.80327569759642,30800,4,14587,-16.533133922159458,31834,,14843
,0,,34194,15298,1.0,2020.0,0,0,-44.70198702052578,30028,4,14251,-16.340519646225008,31146,,14830
,0,,44148,16316,1.0,2020.0,0,0,-44.89866977787849,26098,4,13842,-16.300958314231085,31325,,15039
,0,,47156,16240,1.0,2020.0,0,0,-44.90279292118428,29348,4,14387,-16.612610330816064,34386,,15260
,0,,40189,15568,1.0,2020.0,0,0,-44.859128548556626,31873,4,14407,-16.626761280325056,34899,,14943
,0,,36303,15436,1.0,2020.0,0,0,-44.58517006277705,30803,4,14589,-16.627783607981613,32056,,15080
,0,,38790,15938,1.0,2020.0,0,0,-44.576703080216845,31927,4,14463,-16.61674274211207,34823,,15232
,0,,33997,15377,1.0,2020.0,0,0,-44.584128583094305,30439,4,14460,-16.430219472421115,30946,,14918
,0,,39609,15939,1.0,2020.0,0,0,-44.735448510139726,33260,4,14804,-16.34061268733096,35502,,15440
,0,,43871,16142,1.0,2020.0,0,0,-44.63978378972414,28251,4,13994,-16.577404329109967,34169,,15275
,0,,37081,15555,1.0,2020.0,0,0,-44.73564439483886,32488,4,14304,-16.44342077888395,34111,,14857
,0,,34663,15176,1.0,2020.0,0,0,-44.714031912336,33085,4,14644,-16.321105184871502,33151,,14931
,0,,44633,15759,1.0,2020.0,0,0,-44.65296512863697,30657,4,14296,-16.39907350349917,35655,,15089
,0,,40808,15635,1.0,2020.0,0,0,-44.784031687717594,31272,4,14218,-16.59755322580796,33728,,14848
,0,,44375,15963,1.0,2020.0,0,0,-44.68150044403382,30786,4,14249,-16.47598671827706,36287,,15138
,0,,45232,16013,1.0,2020.0,0,0,-44.57752758834749,33575,4,14485,-16.55969938170005,35399,,15119
,0,,36650,15164,1.0,2020.0,0,0,-44.617881368568376,33833,4,14590,-16.28971757501542,34238,,14899
,0,,33943,14606,1.0,2020.0,0,0,-44.74893809330354,32214,4,14205,-16.446850804453742,32803,,14486
,0,,42155,15569,1.0,2020.0,0,0,-44.6085323159435,33056,4,14407,-16.28668766035479,33556,,14568
,0,,32958,14902,1.0,2020.0,0,0,-44.7138384427532,31133,4,14268,-16.535380457307664,31134,,14427
,0,,37889,14799,1.0,2020.0,0,0,-44.63445488413206,30652,4,13603,-16.407487032641395,32579,,14033
,0,,37466,15888,0.0,2020.0,0,0,-45.09830073295737,31457,3,15184,-16.55712740439145,33764,,15483
,0,,35751,15573,1.0,2020.0,0,0,-45.20850419774128,31369,4,14770,-16.460860455328028,32310,,15121
,0,,35310,15077,1.0,2020.0,0,0,-45.17598831603119,30545,4,14268,-16.319182135512495,31976,,14771
,0,,33586,15112,1.0,2020.0,0,0,-45.176373697731336,28991,4,14308,-16.401194400017754,32066,,14867
,0,,34992,15271,1.0,2020.0,0,0,-45.17416286713613,31703,4,14505,-16.44892068738196,32517,,14853
,0,,36765,15558,1.0,2020.0,0,0,-45.111774387518096,28779,4,14312,-16.443420799345137,30929,,14874
,0,,33205,14878,1.0,2020.0,0,0,-45.17457867246843,31403,4,14002,-16.274900396074123,31994,,14445
,0,,33660,14814,1.0,2020.0,0,0,-45.27347990325885,31189,4,14144,-16.416684933315143,31308,,14406
,0,,34402,15153,1.0,2020.0,0,0,-45.110910089290364,30520,4,14447,-16.623630439169304,31755,,14749
,0,,41130,15736,1.0,2020.0,0,0,-45.08191743090771,30164,4,14283,-16.395401358865985,32847,,14933
,0,,39217,15657,1.0,2020.0,0,0,-45.077071081877754,31357,4,14403,-16.390884949861093,34211,,15022
,0,,33833,15465,1.0,2020.0,0,0,-45.01353690422194,26661,4,13780,-16.402001029209,29695,,14685
,0,,41568,16148,1.0,2020.0,0,0,-44.98466231151212,28839,4,13867,-16.286687672561115,31348,,14683
,0,,38825,15865,1.0,2020.0,0,0,-45.010329159728066,26699,4,14060,-16.318833597514203,30347,,14854
,0,,31966,14494,1.0,2020.0,0,0,-45.29568777450267,31083,4,13992,-16.59073733472426,31051,,14237
,0,,39635,15633,1.0,2020.0,0,0,-45.15876403354734,31122,4,14298,-16.33251778319925,32946,,15014
,0,,32984,14933,1.0,2020.0,0,0,-45.17940568874535,30233,4,14070,-16.533133945317733,30324,,14450
,0,,39306,16055,1.0,2020.0,0,0,-45.125068085684056,33480,4,14956,-16.446850824276414,35504,,15541
,0,,40120,15684,1.0,2020.0,0,0,-44.94346641894133,28560,4,13742,-16.493836459296876,30492,,14241
,0,,42218,16005,1.0,2020.0,0,0,-45.19715938171801,34308,4,14897,-16.513808781284048,37186,,15483
,0,,43682,15948,1.0,2020.0,0,0,-44.99401136392844,28690,4,14144,-16.289717586729203,34125,,15009
,0,,39015,15358,1.0,2020.0,0,0,-45.11157850283796,33636,4,14623,-16.3406126944949,34044,,14944
,0,,48819,15964,0.0,2020.0,0,0,-45.029095123185385,31085,3,14124,-16.39907352165318,37031,,15094
,0,,33661,14511,1.0,2020.0,0,0,-45.20319316774773,31312,4,13999,-16.28785931615878,30413,,14243
,0,,31660,14627,1.0,2020.0,0,0,-45.205280097857774,32147,4,14023,-16.322148391564834,31738,,14316
,0,,31696,14595,1.0,2020.0,0,0,-45.22656974885829,30155,4,13935,-16.34040864384452,30291,,14245
,0,,39163,15546,1.0,2020.0,0,0,-45.210211684534514,33798,4,14743,-16.51561099952101,35561,,15144
,0,,50568,16073,4.0,2020.0,0,0,-43.623725023551486,34875,15,14500,-16.91828293033803,40948,,15492
,0,,39434,15617,4.0,2020.0,0,0,-43.71978695240031,28093,15,13742,-16.78303262636979,30941,,14368
,0,,44306,15785,4.0,2020.0,0,0,-43.64316439135926,29333,15,13574,-16.965778840303543,31522,,14551
,0,,37437,15308,4.0,2020.0,0,0,-43.69500348639946,30429,15,14091,-16.97933050533508,32363,,14699
,0,,40980,15546,4.0,2020.0,0,0,-43.62999768059265,36437,15,14478,-16.94965225717009,39300,,15157
,0,,38597,14809,4.0,2020.0,0,0,-43.63503316884123,33878,15,13503,-16.695051077911412,34493,,14150
,0,,47195,16378,4.0,2020.0,0,0,-43.77656647957216,33605,15,14751,-16.741485911169406,40266,,15653
,0,,45499,16233,4.0,2020.0,0,0,-43.68145865540325,29478,15,14032,-16.89183460238541,35632,,15360
,0,,54286,16120,4.0,2020.0,0,0,-43.68863110350489,32362,15,13911,-16.8707620729223,37637,,14712
,0,,46742,15071,4.0,2020.0,0,0,-43.57618862788864,34180,15,13846,-16.866753995360295,38957,,14606
,0,,49205,15993,4.0,2020.0,0,0,-43.68082134778035,36059,15,14397,-16.908212621874885,40432,,15351
,0,,38585,15337,4.0,2020.0,0,0,-43.77177519291011,29893,15,13966,-16.641294712511428,32243,,14648
,0,,50742,15972,4.0,2020.0,0,0,-43.7731390082448,27622,15,13964,-16.64216365584725,33593,,14682
,0,,51956,16362,4.0,2020.0,0,0,-43.56543156969393,28654,15,13825,-16.786825153941138,37163,,15231
,0,,35535,15156,4.0,2020.0,0,0,-43.61429121317013,28473,15,13196,-16.985145049987118,29378,,14202
,0,,48031,15885,4.0,2020.0,0,0,-43.56961817801705,28724,15,13424,-16.94897779961111,29653,,13804
,0,,37270,15087,4.0,2020.0,0,0,-43.75838169657004,31071,15,13532,-16.649463745965566,34245,,14434
,0,,40256,14823,4.0,2020.0,0,0,-43.633035429760945,32701,15,13538,-16.751807466661123,34392,,14215
,0,,34989,14569,4.0,2020.0,0,0,-43.75039810166311,32148,15,13748,-16.679521268221908,32955,,14252
,0,,48882,15383,4.0,2020.0,0,0,-43.60117472452348,35414,15,13825,-16.78259635893257,37883,,14464
,0,,48389,15910,4.0,2020.0,0,0,-43.66748344490117,31569,15,13723,-16.660761136202215,37411,,14847
,0,,42801,15458,4.0,2020.0,0,0,-43.784640769768366,31422,15,13847,-16.963213140616464,32797,,14277
,0,,46937,15046,4.0,2020.0,0,0,-43.63099304514813,33216,15,13321,-16.89626304631588,37461,,14224
,0,,42452,15061,4.0,2020.0,0,0,-43.61804317072179,36913,15,13893,-16.641146548784196,37698,,14334
,0,,38647,14844,4.0,2020.0,0,0,-43.642669253349936,33390,15,13851,-16.71789787215048,34549,,14199
,0,,42475,14669,4.0,2020.0,0,0,-43.795428259170855,37482,15,13679,-16.816197369273937,37974,,14178
,0,,41578,14912,4.0,2020.0,0,0,-43.59327249297568,34670,15,13463,-16.83820692441976,34220,,13940
,0,,46805,15906,6.0,2020.0,0,0,-43.61262318133805,33812,21,14756,-16.99645680272331,38877,,15476
,0,,34584,14760,6.0,2020.0,0,0,-43.52098363096144,30021,21,13702,-16.69397263425004,31889,,14180
,0,,40520,15179,4.0,2020.0,0,0,-43.81219091073582,28972,15,13720,-16.996896856568178,35239,,14726
,0,,36094,14712,4.0,2020.0,0,0,-43.82100074637654,34457,15,14200,-16.88841552206357,35431,,14453
,0,,48593,16167,4.0,2020.0,0,0,-43.874546102451674,29541,15,13824,-16.833710140934254,34243,,14707
,0,,52925,16314,4.0,2020.0,0,0,-44.10198582810402,32507,15,14257,-16.67387533463351,39364,,15422
,0,,42113,15892,4.0,2020.0,0,0,-43.98404042655547,31715,15,14151,-16.789611641713588,34969,,15006
,0,,41770,15676,4.0,2020.0,0,0,-44.115068368849414,34480,15,14141,-16.774852860038788,36179,,15031
,0,,41302,15209,4.0,2020.0,0,0,-44.091708138651136,35070,15,13843,-16.7183978477247,37070,,14604
,0,,37988,15115,4.0,2020.0,0,0,-44.01376195993732,30873,15,13718,-16.79540148344117,32662,,14338
,0,,50872,16133,4.0,2020.0,0,0,-43.96940248553877,32274,15,13620,-16.838206921867428,40016,,14977
,0,,55150,15993,4.0,2020.0,0,0,-44.146963187903864,36779,15,13906,-16.66553405890674,41948,,14971
,0,,49207,15709,4.0,2020.0,0,0,-43.99985501769603,33283,15,13630,-16.918282924565855,33690,,14172
,0,,44439,15761,4.0,2020.0,0,0,-44.13451169769361,39659,15,14131,-16.649463758679083,38165,,14969
,0,,37668,14998,4.0,2020.0,0,0,-44.095916951520486,35589,15,14114,-16.78303263064467,36096,,14650
,0,,50194,15833,4.0,2020.0,0,0,-44.14926901013504,35867,15,13838,-16.642163669291694,39404,,14703
,0,,41406,14665,4.0,2020.0,0,0,-43.90260330944827,36547,15,13627,-16.774056642391347,38827,,13965
,0,,43969,14866,4.0,2020.0,0,0,-44.14790519472688,33390,15,13400,-16.641294725993323,34921,,14031
,0,,35760,14987,6.0,2020.0,0,0,-44.03330439851729,27939,21,13394,-16.80313330369898,29795,,13788
,0,,43522,15416,6.0,2020.0,0,0,-44.06643471603065,32554,21,13654,-16.929665014245895,37291,,14670
,0,,43015,15878,4.0,2020.0,0,0,-44.30536792902332,35609,15,14428,-16.848841444573853,37633,,15117
,0,,36927,15271,4.0,2020.0,0,0,-44.497147284708035,31321,15,14388,-16.963243379892,31903,,14784
,0,,47304,16230,6.0,2020.0,0,0,-44.52433071255459,28775,21,13986,-16.914288418985596,34985,,15159
,0,,56633,16025,4.0,2020.0,0,0,-44.22444868647643,31422,15,13898,-16.660063553054545,39297,,15085
,0,,46292,16310,6.0,2020.0,0,0,-44.522539635876065,29086,21,14029,-16.673845626327402,35789,,15282
,0,,49567,16336,6.0,2020.0,0,0,-44.508224828342605,28025,21,13998,-16.751756874247004,32784,,15029
,0,,48196,16146,4.0,2020.0,0,0,-44.53567549398976,35398,15,14338,-16.641285261518348,40074,,15253
,0,,42132,15768,4.0,2020.0,0,0,-44.53791542574833,29355,15,13466,-16.642153384543786,31327,,14244
,0,,55418,16343,6.0,2020.0,0,0,-44.52666217867415,31732,21,14440,-16.98543756163201,37876,,15366
,0,,48483,15839,4.0,2020.0,0,0,-44.54517618989379,32500,15,13771,-16.908656146814845,35534,,14683
,0,,46734,15704,4.0,2020.0,0,0,-44.265287719178374,32068,15,13966,-16.741531819557466,35627,,14738
,0,,44691,15225,4.0,2020.0,0,0,-44.427142674351366,31687,15,13680,-16.905977575013196,35447,,14321
,0,,53942,15522,4.0,2020.0,0,0,-44.25806693804328,33895,15,13831,-16.691718245815892,40988,,14478
,0,,54392,15550,4.0,2020.0,0,0,-44.42189987548463,34067,15,13834,-16.821780584157725,38035,,14473
,0,,49263,15103,4.0,2020.0,0,0,-44.18301516308504,34602,15,13631,-16.66552074576824,40330,,14333
,0,,46232,15504,4.0,2020.0,0,0,-44.32585472059653,31450,15,13795,-16.713400570433272,33956,,14459
,0,,49076,15752,4.0,2020.0,0,0,-44.63299606910966,30602,15,13789,-16.867279744474306,37236,,14808
,0,,41824,15255,4.0,2020.0,0,0,-44.77007169787101,27579,15,13306,-16.904125231743045,28631,,13684
,0,,44521,15487,4.0,2020.0,0,0,-44.648285343178856,27210,15,13381,-16.93257971491067,30996,,14263
,0,,43777,15352,4.0,2020.0,0,0,-44.72468187790561,29021,15,13434,-16.971496512794715,32394,,14142
,0,,43256,16011,4.0,2020.0,0,0,-44.86216173089743,32816,15,13856,-16.9995845247876,32046,,14557
,0,,45228,16118,4.0,2020.0,0,0,-44.73713002693257,29507,15,13891,-16.692076375945764,31947,,14564
,0,,43422,15597,4.0,2020.0,0,0,-44.76342318611312,30360,15,14016,-16.69505105628923,35221,,14669
,0,,48784,16015,4.0,2020.0,0,0,-44.772767925225445,28868,15,13770,-16.9121275900877,35088,,14782
,0,,40147,15140,4.0,2020.0,0,0,-44.818694737660074,30612,15,13746,-16.92966500884081,31279,,14051
,0,,41802,15136,4.0,2020.0,0,0,-44.907982207555044,28363,15,13413,-16.925116384804067,29891,,13823
,0,,37240,15121,4.0,2020.0,0,0,-44.83681462108914,30562,15,13768,-16.848824945696368,30160,,14230
,0,,40309,15413,4.0,2020.0,0,0,-44.7715544089262,28147,15,13655,-16.96577883469573,31881,,14379
,0,,50282,15988,4.0,2020.0,0,0,-44.79587346331208,27646,15,13680,-16.660761111308076,30233,,14348
,0,,55322,16395,4.0,2020.0,0,0,-44.73174933960925,32091,15,14011,-16.630549044634392,38974,,15185
,0,,36809,14519,4.0,2020.0,0,0,-44.901529030375734,30442,15,13721,-16.64216363180438,32667,,13978
,0,,41818,15563,4.0,2020.0,0,0,-44.81660844695334,27759,15,13561,-16.97037452938087,29320,,14208
,0,,37616,15148,4.0,2020.0,0,0,-44.90016521499625,30060,15,14058,-16.641294688318368,31223,,14507
,0,,48053,15736,4.0,2020.0,0,0,-44.80984867431714,34112,15,13981,-16.89183459225553,37887,,14880
,0,,46206,15628,4.0,2020.0,0,0,-44.90495650182912,30039,15,13677,-16.741485890681037,33244,,14476
,0,,41156,15606,4.0,2020.0,0,0,-44.80495843017712,32298,15,14180,-16.890738894422178,33227,,14644
,0,,52761,16310,4.0,2020.0,0,0,-44.886771718187056,29509,15,14289,-16.649463722381956,34308,,15200
,0,,45783,16262,6.0,2020.0,0,0,-44.77105927089635,27801,21,13774,-16.717897853574037,32545,,14923
,0,,45286,16239,6.0,2020.0,0,0,-44.640033249910786,34974,21,14565,-16.908715034655263,35223,,15365
,0,,52831,15962,6.0,2020.0,0,0,-44.85424584914138,31520,21,14032,-16.67387530255466,36889,,14882
,0,,45017,15869,6.0,2020.0,0,0,-44.89922320819137,28654,21,13697,-16.665534024738797,30462,,14382
,0,,47532,15888,6.0,2020.0,0,0,-44.84241297407217,32284,21,13836,-16.786043556196958,37179,,14823
,0,,47079,16186,6.0,2020.0,0,0,-44.75938306228888,27906,21,13949,-16.896263039620134,33758,,15014
,0,,45153,16268,6.0,2020.0,0,0,-44.7216625087896,31375,21,14331,-16.838206918631826,36212,,15335
,0,,50598,16184,6.0,2020.0,0,0,-44.82423698550122,29606,21,14123,-16.74630819349037,38020,,15275
,0,,45301,15912,6.0,2020.0,0,0,-44.64937364421271,26091,21,13663,-16.693972609097248,30670,,14842
,0,,46014,15403,4.0,2020.0,0,0,-44.78556442070698,32377,15,13700,-16.80313329147995,33576,,14026
,0,,39998,15152,4.0,2020.0,0,0,-44.65486333378426,33123,15,14173,-16.774056626771543,34433,,14543
,0,,44397,15095,4.0,2020.0,0,0,-44.817021122670795,30769,15,13094,-16.870762061746216,32075,,13579
,0,,39080,15077,4.0,2020.0,0,0,-44.84817697266387,29435,15,13248,-16.783032610750773,30369,,13774
,0,,39825,15019,4.0,2020.0,0,0,-44.74101319782783,34269,15,13934,-16.99645679996228,35812,,14395
,0,,44303,15414,4.0,2020.0,0,0,-44.823393505788204,34275,15,13515,-16.979330496677044,33530,,14286
,0,,43068,15390,4.0,2020.0,0,0,-44.59192564638652,33937,15,13822,-16.911961569985078,36281,,14687
,0,,43472,15566,4.0,2020.0,0,0,-44.58983429476297,28006,15,13441,-16.98957913032981,29482,,13912
,0,,40109,15120,4.0,2020.0,0,0,-44.87878812300229,31601,15,13856,-16.679521247772936,33787,,14312
,0,,40374,15214,4.0,2020.0,0,0,-44.62865344458216,30005,15,13724,-16.931139939436115,31497,,14189
,0,,38884,14995,4.0,2020.0,0,0,-44.90090661612479,31794,15,13831,-16.905922960962716,33278,,14483
,0,,45666,15556,4.0,2020.0,0,0,-44.56445093655349,31500,15,13627,-16.99689688116804,35408,,14592
,0,,42638,15013,4.0,2020.0,0,0,-44.73630044955955,31863,15,13495,-16.78961163012283,35429,,14255
,0,,41463,15229,4.0,2020.0,0,0,-44.71537308725275,31999,15,13710,-16.996790662757565,33934,,14188
,0,,40277,15586,4.0,2020.0,0,0,-44.57326077205627,33342,15,14326,-16.888415527165588,34447,,14725
,0,,48873,15976,4.0,2020.0,0,0,-44.76630567835799,33718,15,14394,-16.713317684200124,38538,,15328
,0,,36137,14731,4.0,2020.0,0,0,-44.579692011760976,31339,15,13799,-16.91673291288134,32071,,14096
,0,,34153,14721,4.0,2020.0,0,0,-45.091503080370906,33478,15,13909,-16.99679064390145,32243,,14599
,0,,40414,14738,4.0,2020.0,0,0,-45.11881122222027,29174,15,13232,-16.985145032153582,32384,,14012
,0,,41153,15003,4.0,2020.0,0,0,-44.98065159627486,31985,15,13549,-16.82174701840165,32565,,14010
,0,,36142,14423,4.0,2020.0,0,0,-45.08070863645422,34030,15,14126,-16.86675397752283,34940,,14256
,0,,37138,14789,4.0,2020.0,0,0,-45.107879332376584,30359,15,13479,-16.63054906797438,30815,,13813
,0,,33655,14352,4.0,2020.0,0,0,-45.09833681369259,31763,15,14069,-16.88050257356882,31221,,14163
,0,,38349,14789,4.0,2020.0,0,0,-44.946185102277425,30942,15,13946,-16.66004130263052,33763,,14410
,0,,35858,14233,4.0,2020.0,0,0,-45.07413818650162,33062,15,13598,-16.948977779550358,33216,,13838
,0,,40485,15390,4.0,2020.0,0,0,-44.95674669447803,27456,15,13580,-16.719041348129046,27574,,13673
,0,,45897,15264,4.0,2020.0,0,0,-45.00293612238259,32416,15,13477,-16.833710124158685,34178,,14014
,0,,35236,14538,4.0,2020.0,0,0,-44.96596429073852,30507,15,13638,-16.989579095121442,31416,,13971
,0,,41803,14941,4.0,2020.0,0,0,-44.98964749822496,30675,15,13548,-16.914315662899295,32703,,13961
,0,,33412,14626,4.0,2020.0,0,0,-45.10081187081159,31843,15,14068,-16.971496496406225,32680,,14358
,0,,46655,15460,4.0,2020.0,0,0,-44.97391730841693,28340,15,13565,-16.72643302154443,30735,,14142
,0,,38541,15350,4.0,2020.0,0,0,-45.016163244733136,31686,15,14116,-16.908715010521828,31855,,14580
,0,,40779,15629,4.0,2020.0,0,0,-44.96089599088616,31657,15,13807,-16.91824465629763,30743,,14454
,0,,44135,15669,4.0,2020.0,0,0,-45.030993328280445,26774,15,13471,-16.77405662491904,30546,,14165
,0,,39733,14908,4.0,2020.0,0,0,-44.95463146472489,31289,15,13619,-16.65955752256183,33329,,14212
,0,,43112,14968,4.0,2020.0,0,0,-44.970287103896936,31988,15,13485,-16.960521141114054,33775,,14034
,0,,43555,15338,4.0,2020.0,0,0,-45.02726796005139,30152,15,13492,-16.713475817950616,33200,,14281
,0,,38582,15280,4.0,2020.0,0,0,-45.15644819817507,29399,15,13671,-16.647798360053212,30699,,14153
,0,,46314,15355,4.0,2020.0,0,0,-44.99409238585407,35663,15,14247,-16.756899375248334,41682,,14830
,0,,45886,16429,6.0,2020.0,0,0,-45.0699515781269,28317,21,14198,-16.786825138413665,34749,,15417
,0,,41569,15645,6.0,2020.0,0,0,-44.9609347333641,32871,21,14194,-16.662586105439974,36294,,14839
,0,,47173,16223,6.0,2020.0,0,0,-45.009126064096144,29030,21,13802,-16.867279726963588,32488,,14711
,0,,48550,16225,6.0,2020.0,0,0,-45.00478343966573,30559,21,14436,-16.93113991223978,36178,,15386
,0,,50176,16062,4.0,2020.0,0,0,-44.41945321797621,32506,15,14163,-16.184208931773153,36650,,15142
,0,,44401,15279,4.0,2020.0,0,0,-44.36016312283348,33036,15,13748,-16.04380722551727,33334,,13959
,0,,42723,15053,4.0,2020.0,0,0,-44.409427572717924,31979,15,13267,-16.05733433253188,33966,,13951
,0,,38455,14637,4.0,2020.0,0,0,-44.33034226241785,30220,15,13260,-15.959566018603418,31439,,13709
,0,,41894,15942,4.0,2020.0,0,0,-44.46068127556658,33911,15,14719,-16.10304433421609,37738,,15322
,0,,46567,15060,4.0,2020.0,0,0,-44.39492448137939,32455,15,13781,-15.972065908655049,33925,,14016
,0,,42700,15998,4.0,2020.0,0,0,-44.4041871821667,27580,15,13736,-15.901939431609252,32308,,14805
,0,,44380,16375,4.0,2020.0,0,0,-44.48603168006375,28878,15,14026,-16.25386258486161,30650,,14662
,0,,45449,15881,4.0,2020.0,0,0,-44.478112554662815,35262,15,14254,-15.928027599308269,38108,,14972
,0,,46029,15745,4.0,2020.0,0,0,-44.39663452734816,35333,15,14045,-16.166370552159524,37870,,14825
,0,,37999,14952,4.0,2020.0,0,0,-44.35561929768958,31103,15,13695,-15.88468330771679,33418,,14181
,0,,42692,14481,4.0,2020.0,0,0,-44.38988387530563,33578,15,13396,-16.049599386424276,35099,,13837
,0,,44422,14635,4.0,2020.0,0,0,-44.4481006248058,32420,15,13463,-16.000487830630764,35195,,13997
,0,,39973,14958,4.0,2020.0,0,0,-44.47204281265078,31885,15,13270,-16.037226863592487,34386,,14043
,0,,43873,14922,4.0,2020.0,0,0,-44.390171234541796,33011,15,13128,-15.967483943902613,33876,,13766
,0,,39706,14844,4.0,2020.0,0,0,-44.44047757900493,36020,15,13435,-16.224640434169025,36485,,14283
,0,,37093,15342,6.0,2020.0,0,0,-44.54396537766548,32323,21,14312,-16.239697130376786,32569,,14669
,0,,45333,16275,6.0,2020.0,0,0,-44.60852999646375,29202,21,14083,-17.03239688674855,32485,,15056
,0,,47816,16012,6.0,2020.0,0,0,-44.600577495568004,30436,21,13945,-17.03288201254877,32362,,14696
,0,,39495,15388,4.0,2020.0,0,0,-44.617878889270415,33300,15,13389,-17.03542585471403,32618,,14161
,0,,52998,16153,4.0,2020.0,0,0,-44.14790469736367,36055,15,14545,-16.268401135084215,39412,,15351
,0,,56242,16239,4.0,2020.0,0,0,-44.15269582766247,34308,15,14149,-16.36861173331766,39186,,14921
,0,,54993,16344,4.0,2020.0,0,0,-43.95421370208638,36352,15,14232,-16.332520359542297,38919,,15042
,0,,39057,14960,4.0,2020.0,0,0,-44.14864630498255,30593,15,13836,-16.533080445629803,29867,,14008
,0,,49449,16136,4.0,2020.0,0,0,-43.84189537120251,31637,15,13761,-16.587688838438414,38118,,15052
,0,,47774,16445,4.0,2020.0,0,0,-43.80977247233985,32356,15,14561,-16.513752834869663,37809,,15769
,0,,45344,15266,6.0,2020.0,0,0,-44.091705297684356,26107,21,13299,-16.34551840270541,33855,,14135
,0,,48203,16341,6.0,2020.0,0,0,-43.82888624778432,31884,21,14721,-16.36265282592122,38504,,15671
,0,,41687,15693,4.0,2020.0,0,0,-44.01404343429821,35958,15,14577,-16.34043676663656,37933,,15206
,0,,54998,16326,4.0,2020.0,0,0,-43.87454416362557,34478,15,13855,-16.460852959345104,40546,,14948
,0,,43150,15241,4.0,2020.0,0,0,-43.9404361325929,31580,15,13474,-16.57742235079096,34836,,14283
,0,,50590,15969,4.0,2020.0,0,0,-43.89887689725786,37004,15,13994,-16.340595226535342,40563,,14815
,0,,45370,14849,4.0,2020.0,0,0,-43.812190660142285,34853,15,13380,-16.624072004778725,38306,,14058
,0,,32954,14368,4.0,2020.0,0,0,-43.96939837081802,28083,15,13426,-16.46535004759585,31491,,14145
,0,,41760,15994,4.0,2020.0,0,0,-43.81954453328885,28870,15,13584,-16.318794209379774,33421,,14750
,0,,46157,15628,4.0,2020.0,0,0,-43.861255234665606,33832,15,13506,-16.54147419847249,37334,,14326
,0,,53036,16045,4.0,2020.0,0,0,-43.81779500337865,31168,15,13651,-16.28715138333366,38504,,15014
,0,,52180,15853,4.0,2020.0,0,0,-44.14926847330017,30680,15,13646,-16.26927026774443,36359,,14553
,0,,38482,15183,4.0,2020.0,0,0,-43.94574667022637,32514,15,14034,-16.576142347918168,34721,,14651
,0,,37260,14385,4.0,2020.0,0,0,-44.167835366176014,35670,15,13557,-16.612595952954102,35105,,13964
,0,,35548,13883,4.0,2020.0,0,0,-44.17155822743804,33581,15,13309,-16.44333792057387,34352,,13585
,0,,40007,14835,4.0,2020.0,0,0,-43.911494805809376,34801,15,13594,-16.26443706537452,34145,,13905
,0,,41168,15107,4.0,2020.0,0,0,-44.064759344685676,31552,15,13332,-16.49791177722735,30822,,13703
,0,,46053,14939,4.0,2020.0,0,0,-43.887770119588794,35965,15,13507,-16.53587218670078,36956,,13989
,0,,40687,14492,4.0,2020.0,0,0,-43.82099998398044,34090,15,13275,-16.51556959619703,35700,,13711
,0,,45117,15830,4.0,2020.0,0,0,-44.44088936194679,31550,15,14482,-16.497911748339742,33454,,14765
,0,,49629,15660,4.0,2020.0,0,0,-44.32844494517042,35128,15,14065,-16.493902655728537,40273,,14997
,0,,46652,16092,6.0,2020.0,0,0,-44.3785555885348,34938,21,14567,-16.383064929898183,37738,,15338
,0,,53047,16373,4.0,2020.0,0,0,-44.21370373929511,34455,15,14265,-16.616752465761365,40228,,15353
,0,,48896,15526,4.0,2020.0,0,0,-44.20448633471514,32476,15,14003,-16.34616268764504,35718,,14547
,0,,45440,15884,4.0,2020.0,0,0,-44.51064090269891,30835,15,14187,-16.27657151481172,32821,,14741
,0,,38160,15297,4.0,2020.0,0,0,-44.26809447940678,35319,15,14472,-16.597621275859886,36305,,14972
,0,,41952,15670,4.0,2020.0,0,0,-44.44810379799595,26638,15,13690,-16.373433946935506,29171,,14258
,0,,38671,15642,6.0,2020.0,0,0,-44.273242841970564,30440,21,14430,-16.321088305895415,33070,,15040
,0,,41256,15241,4.0,2020.0,0,0,-44.21802537670603,33079,15,13882,-16.587688847169797,36226,,14595
,0,,44643,15834,4.0,2020.0,0,0,-44.54396538885018,29086,15,13869,-16.612595895986576,35098,,14894
,0,,38312,15044,4.0,2020.0,0,0,-44.20501625260349,33425,15,14054,-16.362652863269115,35205,,14409
,0,,40204,14377,4.0,2020.0,0,0,-44.278731451273465,35289,15,13494,-16.40118770786231,35665,,13858
,0,,45818,15457,4.0,2020.0,0,0,-44.36099858381691,32426,15,13469,-16.31919132382259,33832,,13973
,0,,45448,15562,4.0,2020.0,0,0,-44.3165661433087,30592,15,13631,-16.577422340886557,33767,,14124
,0,,36801,15076,4.0,2020.0,0,0,-44.24183130244774,32339,15,13616,-16.38402751323175,31214,,13900
,0,,41322,15511,4.0,2020.0,0,0,-44.53496713890353,30183,15,13876,-16.260391423122027,30823,,14260
,0,,42529,15819,4.0,2020.0,0,0,-44.428826768510085,34691,15,14591,-16.517892347332992,36384,,15137
,0,,40935,15264,4.0,2020.0,0,0,-44.21101998819255,35604,15,13932,-16.62778509121088,34766,,14742
,0,,48388,16624,4.0,2020.0,0,0,-44.3218766812237,32725,15,14206,-16.5761423370583,38670,,15415
,0,,40754,15172,4.0,2020.0,0,0,-44.27500690578386,32545,15,13660,-16.34059524951015,34125,,14306
,0,,36166,14888,4.0,2020.0,0,0,-44.38529226574169,31832,15,14185,-16.378933934303145,31216,,14420
,0,,37780,15174,4.0,2020.0,0,0,-44.18139180134454,32738,15,13838,-16.446775018972044,32642,,14509
,0,,39115,15198,4.0,2020.0,0,0,-44.330343713534404,28583,15,13245,-16.332520370071254,28221,,13579
,0,,46577,15812,4.0,2020.0,0,0,-44.502656275603584,30389,15,13533,-16.30663472270662,30447,,13963
,0,,45633,15845,4.0,2020.0,0,0,-44.39542370362326,34210,15,13927,-16.592946591870625,33826,,14245
,0,,41150,15136,4.0,2020.0,0,0,-44.34552838305571,31598,15,13156,-16.465350039662,31453,,13540
,0,,41163,15462,4.0,2020.0,0,0,-44.70094108840929,29667,15,13994,-16.3908849328088,32797,,14734
,0,,42415,15405,4.0,2020.0,0,0,-44.90662857145951,31399,15,13930,-16.276556649916177,34722,,14761
,0,,44506,15740,4.0,2020.0,0,0,-44.734321099658615,29841,15,13831,-16.59294935524574,32388,,14455
,0,,45666,15543,4.0,2020.0,0,0,-44.63419916474306,30717,15,13966,-16.318833583543245,32912,,14510
,0,,44103,15869,4.0,2020.0,0,0,-44.88435543966452,33263,15,14208,-16.378884353272895,36914,,14859
,0,,46148,15695,4.0,2020.0,0,0,-44.73478009655945,30785,15,14017,-16.623630415963447,35245,,14576
,0,,40752,15170,4.0,2020.0,0,0,-44.79986978878752,31111,15,13805,-16.606509522729613,34303,,14356
,0,,45596,15259,4.0,2020.0,0,0,-44.552785085261576,29355,15,13370,-16.306601476196867,33725,,14395
,0,,40017,15788,4.0,2020.0,0,0,-44.66689923514627,29412,15,14114,-16.54543012468243,32966,,14679
,0,,44830,15690,4.0,2020.0,0,0,-44.732505480772105,32526,15,13721,-16.257652146851104,34652,,14493
,0,,44508,15992,4.0,2020.0,0,0,-44.68133854128247,26756,15,13588,-16.53928049023334,29188,,14577
,0,,42214,15910,6.0,2020.0,0,0,-44.875698318473496,28897,21,13781,-16.54541400549935,30861,,14507
,0,,47408,16281,6.0,2020.0,0,0,-44.79985832478613,28827,21,14026,-16.319182137299844,32354,,14761
,0,,47109,15762,6.0,2020.0,0,0,-44.89734991422854,27633,21,13692,-16.41668493159015,31459,,14489
,0,,47034,16024,6.0,2020.0,0,0,-44.9213063247675,28210,21,13905,-16.535814439638262,31220,,14757
,0,,47043,16412,6.0,2020.0,0,0,-44.90046157856786,28948,21,13925,-16.541447445298886,35305,,15246
,0,,50220,16321,6.0,2020.0,0,0,-44.91955778597616,28438,21,14025,-16.590737312255875,35349,,15201
,0,,50565,16371,6.0,2020.0,0,0,-44.61173256829782,32174,21,14522,-16.597604249404434,38364,,15760
,0,,49962,16207,6.0,2020.0,0,0,-44.70485894804684,28108,21,14044,-16.576815381671953,35181,,15215
,0,,48566,15657,6.0,2020.0,0,0,-44.82706317712208,34900,21,14084,-16.28785932465265,39855,,14746
,0,,47602,15682,4.0,2020.0,0,0,-44.60209610760543,31913,15,13704,-16.60112788392886,34508,,14345
,0,,54854,15452,4.0,2020.0,0,0,-44.70947857280439,30731,15,13410,-16.62396364179525,36777,,14125
,0,,38852,15028,4.0,2020.0,0,0,-44.782634041916175,31893,15,14047,-16.332517781596938,32273,,14395
,0,,42233,14845,4.0,2020.0,0,0,-44.69322343217778,32508,15,13649,-16.598661031468403,34925,,14096
,0,,41721,15059,4.0,2020.0,0,0,-44.556782823462896,32245,15,13447,-16.42246090226015,34149,,14032
,0,,42236,15150,4.0,2020.0,0,0,-44.598841862790536,31104,15,13240,-16.507608679568797,32828,,14019
,0,,43099,14968,4.0,2020.0,0,0,-44.69194001151676,33177,15,13888,-16.51789831741954,34078,,14266
,0,,35190,14511,4.0,2020.0,0,0,-44.557117116228106,28956,15,13617,-16.345468338650843,30797,,14132
,0,,54355,16055,4.0,2020.0,0,0,-44.75786073984053,31701,15,13756,-16.26825085207543,34818,,14566
,0,,48013,14978,4.0,2020.0,0,0,-44.67056074143002,31276,15,13048,-16.531272983410716,34652,,13801
,0,,43648,15525,4.0,2020.0,0,0,-44.881782226604884,35294,15,14183,-16.383016457310084,37402,,14763
,0,,51760,15432,4.0,2020.0,0,0,-44.88353936013729,33834,15,13932,-16.409678456005416,35994,,14459
,0,,46205,15407,4.0,2020.0,0,0,-44.873278852086386,29231,15,13190,-16.590411444475812,31240,,13846
,0,,42686,15286,6.0,2020.0,0,0,-44.911805510557386,33421,21,13753,-16.26839189290691,34582,,14436
,0,,44951,15018,6.0,2020.0,0,0,-44.7980328758653,31596,21,13368,-16.44892067196781,32913,,13875
,0,,38499,15546,4.0,2020.0,0,0,-44.974971858566136,28537,15,13843,-16.507608698304406,30121,,14381
,0,,49108,15903,4.0,2020.0,0,0,-45.01373268927693,35503,15,13945,-16.286008463125448,40352,,15067
,0,,43840,16166,6.0,2020.0,0,0,-45.07131655436985,31679,21,14695,-16.353597119563407,36726,,15590
,0,,44649,15570,6.0,2020.0,0,0,-44.95365758460582,33986,21,14595,-16.559699400806185,38326,,15432
,0,,46244,15740,6.0,2020.0,0,0,-45.01755068859896,30295,21,14036,-16.368656709356816,32434,,14615
,0,,39641,15635,4.0,2020.0,0,0,-45.09016190552101,33599,15,14688,-16.321105191521948,34920,,15168
,0,,38992,14141,4.0,2020.0,0,0,-44.9613000588602,30787,15,13182,-16.62778362827039,32350,,13553
,0,,38011,15593,4.0,2020.0,0,0,-44.93173697085168,28680,15,13916,-16.46527215361932,30222,,14461
,0,,43459,15949,4.0,2020.0,0,0,-44.96025857920391,28358,15,13803,-16.43021948969219,30944,,14730
,0,,42791,15679,4.0,2020.0,0,0,-44.92891508208146,32015,15,14079,-16.306601490970504,32717,,14526
,0,,40021,15199,4.0,2020.0,0,0,-44.99989233306215,28876,15,13505,-16.413172748297196,29284,,13795
,0,,47997,15569,4.0,2020.0,0,0,-45.010734856093855,32283,15,13909,-16.30454759085636,37368,,14676
,0,,41673,15386,4.0,2020.0,0,0,-44.95283307649049,33075,15,13975,-16.616742762070743,35621,,14627
,0,,38410,15101,4.0,2020.0,0,0,-44.98786256378155,27747,15,13386,-16.597604269762012,28836,,13741
,0,,51002,15850,4.0,2020.0,0,0,-44.93258069132878,35340,15,13815,-16.55825175450705,41996,,14891
,0,,41210,15424,4.0,2020.0,0,0,-45.04302922938226,31193,15,13740,-16.545430145335768,32580,,14335
,0,,43627,15701,4.0,2020.0,0,0,-45.12112123456418,35145,15,14715,-16.55684174656778,36627,,15108
,0,,43569,15482,4.0,2020.0,0,0,-45.05746853519217,28645,15,13641,-16.539280511079298,31418,,14270
,0,,53475,15895,4.0,2020.0,0,0,-45.0781170139781,33725,15,13798,-16.34051965657128,41069,,14890
,0,,46459,15687,4.0,2020.0,0,0,-44.976709907825466,29716,15,13720,-16.28717318752113,31016,,14249
,0,,39247,15130,4.0,2020.0,0,0,-45.01591378457207,30721,15,13641,-16.577404349712882,32955,,14251
,0,,33078,14461,4.0,2020.0,0,0,-45.01058487910222,32505,15,13455,-16.40748705056045,30819,,13993
,0,,47870,15307,4.0,2020.0,0,0,-44.92778793667367,31463,15,13589,-16.58765555998664,32201,,13765
,0,,52976,16035,4.0,2020.0,0,0,-45.06807000518839,36014,15,14055,-16.517898338148612,37648,,14586
,0,,41056,14742,4.0,2020.0,0,0,-45.05763043793666,29100,15,13276,-16.475986738162508,31349,,13717
,0,,47638,15500,4.0,2020.0,0,0,-45.08560856606786,34211,15,13816,-16.62396366446992,38324,,14525
,0,,41101,14097,4.0,2020.0,0,0,-45.01993037106645,36182,15,13379,-16.576125115000256,36202,,13657
,0,,48182,16069,6.0,2020.0,0,0,-44.93324711295045,26990,21,13616,-16.345468354101868,31347,,14570
,0,,23658,13326,9.0,2020.0,0,0,-43.51164323697714,20665,29,12611,-16.9087150335426,21163,,12914
,0,,25354,13805,9.0,2020.0,0,0,-43.45442655831656,25509,29,13256,-16.963591085271855,26178,,13696
,65535,,18298,8163,8.0,2020.0,65535,65535,-45.02550363884022,14379,33,5769,-16.693972620196917,14217,,5867
,65535,,18260,7991,8.0,2020.0,65535,65535,-45.06385590042356,13395,33,4919,-16.36270440749606,14347,,5566
,0,,42971,15981,0.0,2021.0,0,0,-43.68145865540325,27166,3,13778,-16.89183460238541,30415,,14594
,0,,40798,15718,0.0,2021.0,0,0,-43.47988163682476,29426,3,13625,-16.65888339564138,31572,,14441
,0,,44167,16116,1.0,2021.0,0,0,-43.57808516611792,26518,4,13767,-16.70540282676292,31155,,14851
,0,,30920,14013,1.0,2021.0,0,0,-43.4587600784185,27275,4,13331,-17.000609583331375,29856,,13847
,0,,41484,15452,1.0,2021.0,0,0,-43.714022954010865,27504,4,13652,-16.786043571351087,30259,,14268
,0,,38868,16092,1.0,2021.0,0,0,-43.603359323461284,25510,4,13642,-16.63054907539588,29901,,14901
,0,,36802,15021,1.0,2021.0,0,0,-43.441665095392416,28125,4,13782,-16.660041319295544,29574,,14252
,0,,34247,15017,1.0,2021.0,0,0,-43.7795921851936,26284,4,13771,-16.925116400498226,28865,,14227
,0,,39349,15631,1.0,2021.0,0,0,-43.782707272396195,29829,4,14178,-16.633286397763133,31002,,14802
,0,,41078,15326,1.0,2021.0,0,0,-43.72585582866657,27073,4,13592,-16.673875324091078,30430,,14249
,0,,41480,15844,1.0,2021.0,0,0,-43.52274795215191,31888,4,14541,-16.713475832684534,36068,,15253
,0,,43286,15890,1.0,2021.0,0,0,-43.690304718433794,30895,4,14155,-16.929665018531434,34651,,14721
,0,,44301,15750,1.0,2021.0,0,0,-43.489376895307984,28413,4,14070,-16.71336928166784,35536,,14884
,0,,43120,15443,1.0,2021.0,0,0,-43.637631965077134,25163,4,13443,-16.79540148237469,30536,,14509
,0,,32819,14543,1.0,2021.0,0,0,-43.79170537454696,30040,4,13898,-16.985422833475862,29701,,14081
,0,,33813,15160,1.0,2021.0,0,0,-43.52647332033536,28671,4,14232,-16.77405664186229,30861,,14713
,0,,33911,14856,1.0,2021.0,0,0,-43.77251659401104,28559,4,14026,-16.905922976705845,28321,,14226
,0,,33981,15155,1.0,2021.0,0,0,-43.46939730118609,28202,4,13754,-16.726433039425796,30366,,14577
,0,,38157,15453,1.0,2021.0,0,0,-43.45821100371299,31275,4,14499,-16.677405843075746,34337,,14801
,0,,35832,14770,1.0,2021.0,0,0,-43.730453706624495,31531,4,13999,-16.78034442476028,31928,,14349
,0,,31400,14470,1.0,2021.0,0,0,-43.50263308961414,27641,4,13759,-16.973974797318863,29330,,14224
,0,,31846,14365,1.0,2021.0,0,0,-43.45011145773664,29811,4,13546,-16.659557538769615,29681,,13889
,0,,37349,15315,1.0,2021.0,0,0,-43.66719552192755,30106,4,14096,-16.92995889627611,31547,,14479
,0,,36942,14457,1.0,2021.0,0,0,-43.71557813975033,30067,4,13559,-16.7183978402154,31993,,13926
,0,,37478,15969,0.0,2021.0,0,0,-43.979489316559636,27117,3,14366,-16.630549086724344,28603,,14699
,0,,41372,16184,0.0,2021.0,0,0,-44.152696481638614,30966,3,14192,-16.74148591937987,35104,,15353
,0,,38823,15753,0.0,2021.0,0,0,-43.809772876010484,23842,3,13547,-16.88659892964236,27828,,14516
,0,,37645,15888,0.0,2021.0,0,0,-44.011163163576235,25396,3,13634,-16.695051085533446,30330,,14930
,0,,35045,15135,0.0,2021.0,0,0,-43.94043763004719,26751,3,13990,-16.95025752557399,30004,,14479
,0,,42174,16010,0.0,2021.0,0,0,-43.91149491008823,25394,3,13606,-16.637332465470973,30993,,14867
,0,,34279,14971,1.0,2021.0,0,0,-43.94156156082064,28604,4,14277,-16.786825154266882,30128,,14705
,0,,34002,15316,1.0,2021.0,0,0,-44.04361344131785,27650,4,14488,-16.660761146654803,29510,,14778
,0,,36428,15491,1.0,2021.0,0,0,-44.07197696395579,31061,4,14627,-16.746308213972394,32046,,15000
,0,,34007,15250,1.0,2021.0,0,0,-43.89196558186315,28440,4,14431,-16.970452240320068,29889,,14659
,0,,35669,15620,1.0,2021.0,0,0,-44.1065837062981,27697,4,14364,-16.78034442950773,32068,,15136
,0,,34268,15070,1.0,2021.0,0,0,-44.00242875076021,27864,4,13989,-16.755937682156077,29471,,14351
,0,,30152,15303,1.0,2021.0,0,0,-43.83489006403743,28329,4,13670,-17.000609568106402,27415,,14110
,0,,41374,15521,1.0,2021.0,0,0,-43.81369904318968,33411,4,14376,-16.763688840230394,35790,,14906
,0,,32550,14938,1.0,2021.0,0,0,-43.96994679749775,29851,4,14192,-16.88050258578178,29682,,14474
,0,,39049,15490,1.0,2021.0,0,0,-43.813992984645154,32512,4,14366,-16.768203838522208,34859,,14820
,0,,34040,14998,1.0,2021.0,0,0,-44.15883727477673,29686,4,13919,-16.633286411961087,31085,,14478
,0,,41338,15436,1.0,2021.0,0,0,-44.13358455753746,32279,4,14480,-16.77190657194428,33808,,14843
,0,,37813,15230,1.0,2021.0,0,0,-44.052698408315315,33160,4,14514,-16.890738901575507,33672,,14715
,0,,34375,15335,1.0,2021.0,0,0,-43.95231861956828,30536,4,14533,-16.86675399078788,31176,,15045
,0,,33870,14784,1.0,2021.0,0,0,-43.87639341980413,32480,4,13996,-16.93113992627876,33193,,14355
,0,,40002,15274,1.0,2021.0,0,0,-43.98487000396049,32519,4,14391,-16.69207640610164,35065,,14822
,0,,31095,14667,1.0,2021.0,0,0,-43.88777322531876,27878,4,14022,-16.90871502481779,27560,,14227
,0,,40006,15597,1.0,2021.0,0,0,-43.81779508012037,28404,4,13867,-16.66004132598329,32392,,14732
,0,,36396,15171,1.0,2021.0,0,0,-43.84189708268637,30912,4,14211,-16.96052115549611,31611,,14548
,0,,34743,14448,1.0,2021.0,0,0,-44.02050790282894,28542,4,13213,-16.912127592429275,30176,,13683
,0,,37783,14607,1.0,2021.0,0,0,-43.82100074637654,32801,4,13941,-16.88841552206357,33366,,14087
,0,,35457,14910,1.0,2021.0,0,0,-43.83055654370275,32356,4,13827,-16.963591071924924,33062,,14337
,0,,38498,15745,1.0,2021.0,0,0,-44.009165424386254,29443,4,13981,-16.751807470452192,29897,,14470
,0,,35872,14681,1.0,2021.0,0,0,-43.954215157904265,28447,4,13446,-16.705402832743324,30646,,14015
,0,,29985,14199,1.0,2021.0,0,0,-43.88073604440662,26711,4,13561,-16.867279742622515,28302,,13862
,0,,31417,15044,1.0,2021.0,0,0,-44.01781167543094,28159,4,13993,-16.90412523445105,29379,,14655
,0,,45627,15497,1.0,2021.0,0,0,-43.97730471749858,31218,4,13769,-16.78259636013626,34326,,14506
,0,,40918,15917,0.0,2021.0,0,0,-44.24175011281261,28077,3,14291,-16.66260767346758,32712,,15156
,0,,39307,15726,1.0,2021.0,0,0,-44.23240113931548,31744,4,14548,-16.659578232498287,34357,,15185
,0,,35190,15212,1.0,2021.0,0,0,-44.261471650211675,28050,4,14219,-16.65889947081186,30689,,14735
,0,,34190,15281,1.0,2021.0,0,0,-44.32965370015719,29439,4,14575,-16.76827170749629,31788,,14985
,0,,39276,15716,1.0,2021.0,0,0,-44.189379281984564,29759,4,14274,-16.746255050826093,33071,,14892
,0,,32401,14917,1.0,2021.0,0,0,-44.258322538367615,30214,4,14340,-16.780354607227988,30325,,14609
,0,,33965,15155,1.0,2021.0,0,0,-44.311592813554235,31155,4,14512,-16.7355809888393,32798,,14857
,0,,32028,14617,1.0,2021.0,0,0,-44.29444566216964,27317,4,13729,-16.719089576965203,27743,,14084
,0,,34421,15084,1.0,2021.0,0,0,-44.42411149059044,28078,4,14199,-16.77406348089325,29393,,14593
,0,,36844,15323,1.0,2021.0,0,0,-44.45360795953583,28292,4,13920,-16.925166577092558,31707,,14654
,0,,39357,15625,1.0,2021.0,0,0,-44.53049852867263,31054,4,14495,-16.64944853288828,33985,,15103
,0,,39751,15514,1.0,2021.0,0,0,-44.53855236528367,31864,4,14305,-16.63328334137136,34708,,15000
,0,,34378,15296,1.0,2021.0,0,0,-44.42372736310537,28901,4,14261,-16.692067023820883,30764,,14737
,0,,35639,15291,1.0,2021.0,0,0,-44.49956656288993,30190,4,14218,-16.918254578426822,31470,,14719
,0,,37710,15264,1.0,2021.0,0,0,-44.40790075097967,31209,4,14350,-16.97038455989075,32703,,14672
,0,,34042,15238,1.0,2021.0,0,0,-44.54342755223646,29282,4,14316,-16.963568474335723,31205,,14766
,0,,33059,15048,1.0,2021.0,0,0,-44.32480739262089,29750,4,14310,-16.76375615352318,30918,,14690
,0,,33320,14923,1.0,2021.0,0,0,-44.18065260789941,29769,4,14219,-16.79532453368024,30632,,14503
,0,,39419,15370,1.0,2021.0,0,0,-44.30770746539205,31026,4,14236,-16.870770555470358,33779,,14816
,0,,36842,15393,1.0,2021.0,0,0,-44.47593469705725,33002,4,14685,-16.786798052772326,33275,,15040
,0,,38981,15563,1.0,2021.0,0,0,-44.33790023928445,30885,4,14346,-16.69398987988142,33447,,14988
,0,,35798,15025,1.0,2021.0,0,0,-44.500375564740544,30133,4,14129,-16.9119657856251,30309,,14478
,0,,41132,15835,0.0,2021.0,0,0,-44.42231839625778,27186,3,13631,-16.64779382696773,31750,,14656
,0,,33661,14893,1.0,2021.0,0,0,-44.2503607590689,32226,4,14507,-16.783032661997414,32983,,14749
,0,,37677,15084,1.0,2021.0,0,0,-44.50740857873697,31562,4,14174,-16.78254505865278,32746,,14610
,0,,33289,14733,1.0,2021.0,0,0,-44.49296959729132,28970,4,13875,-16.91675089686395,29149,,14127
,0,,37976,15357,1.0,2021.0,0,0,-44.381730498384954,31818,4,14432,-16.641145723810737,33144,,14756
,0,,39493,15148,1.0,2021.0,0,0,-44.52121936804622,30025,4,13855,-16.789549979147733,33464,,14442
,0,,36722,15291,1.0,2021.0,0,0,-44.40650271445937,31126,4,14266,-16.70540019258223,32743,,14677
,0,,36754,15133,1.0,2021.0,0,0,-44.45301933623636,30901,4,14376,-16.69503248768335,32800,,14736
,0,,33419,15104,1.0,2021.0,0,0,-44.5056515546199,30406,4,14277,-16.75588821911592,31236,,14727
,0,,36091,14995,1.0,2021.0,0,0,-44.25847314614561,30141,4,13928,-16.677434996516055,31729,,14500
,0,,34499,14816,1.0,2021.0,0,0,-44.22271109705153,32528,4,14092,-16.880456538406882,31460,,14264
,0,,32338,14821,1.0,2021.0,0,0,-44.617962390517874,26208,4,13777,-16.756899375032123,28167,,14090
,0,,33729,14958,1.0,2021.0,0,0,-44.56625301043723,27626,4,13982,-16.768203820637183,28925,,14373
,0,,34993,15086,1.0,2021.0,0,0,-44.72956474061059,28946,4,14079,-16.782596347118826,29881,,14577
,0,,37983,15184,1.0,2021.0,0,0,-44.85314289712875,30758,4,14144,-16.739029714610233,32451,,14630
,0,,32601,14772,1.0,2021.0,0,0,-44.70647518138376,27253,4,13790,-16.705402804722315,28427,,14199
,0,,32184,14873,1.0,2021.0,0,0,-44.617766907446175,26483,4,14075,-16.71336925797807,26803,,14338
,0,,38880,15357,1.0,2021.0,0,0,-44.594157108029016,31595,4,14439,-16.96052117432806,33791,,14933
,0,,36276,15280,1.0,2021.0,0,0,-44.92009539733449,26335,4,13532,-16.985422818648043,27999,,13958
,0,,33913,14985,1.0,2021.0,0,0,-44.722206820736176,28139,4,13977,-16.880502585842653,28164,,14232
,0,,35728,14879,1.0,2021.0,0,0,-44.91109729487247,32330,4,14205,-16.633286372904692,33526,,14520
,0,,34408,15084,1.0,2021.0,0,0,-44.59778731262058,27130,4,14115,-16.72643301675921,28438,,14490
,0,,37299,15301,1.0,2021.0,0,0,-44.58281656922925,29178,4,14240,-16.963591091468928,31963,,14892
,0,,37156,15303,1.0,2021.0,0,0,-44.86732838967132,27269,4,13751,-16.77485283764073,30143,,14281
,0,,34790,15141,1.0,2021.0,0,0,-44.56203290187385,29756,4,14249,-16.88659893425401,31089,,14608
,0,,37314,15120,1.0,2021.0,0,0,-44.752115040435605,30298,4,13857,-16.918282924718454,31416,,14242
,0,,35157,15804,0.0,2021.0,0,0,-44.58715008948076,26542,3,13646,-17.000609590796657,27345,,14498
,0,,41978,15656,1.0,2021.0,0,0,-44.63102310222564,30953,4,14412,-16.973974801179043,34653,,15196
,0,,37431,14917,1.0,2021.0,0,0,-44.608271648626115,25976,4,13567,-16.658883364929462,27735,,13948
,0,,40652,15870,1.0,2021.0,0,0,-44.56595906898558,31740,4,14698,-16.763688821486994,34304,,15241
,0,,30669,14736,1.0,2021.0,0,0,-44.57850146848755,25573,4,13473,-16.659557507237157,27394,,14182
,0,,40750,15474,1.0,2021.0,0,0,-44.79558554033893,26586,4,13561,-16.92995888811317,28742,,14082
,0,,32081,14246,1.0,2021.0,0,0,-44.58476599480039,27359,4,13412,-16.91824468307743,28531,,13775
,0,,36956,15256,1.0,2021.0,0,0,-44.604521600637476,29987,4,14451,-16.8217470290369,30679,,14647
,0,,37279,14971,1.0,2021.0,0,0,-44.84396815986741,29673,4,13863,-16.718397823116995,31309,,14357
,0,,45492,15616,1.0,2021.0,0,0,-44.57180472979824,32006,4,13830,-16.691678042779596,34014,,14465
,0,,39446,15054,1.0,2021.0,0,0,-44.75838769769679,28105,4,13488,-16.949652251991843,32032,,14020
,0,,38945,15324,1.0,2021.0,0,0,-44.580616698291685,30091,4,14019,-16.719041342472806,33245,,14713
,0,,40827,15770,0.0,2021.0,0,0,-44.96273101080338,25096,3,13521,-16.67740582659099,29092,,14439
,0,,43701,15733,1.0,2021.0,0,0,-45.137555439045876,30893,4,14210,-16.751807455869923,33448,,14777
,0,,46557,15534,0.0,2021.0,0,0,-44.957276682671335,30895,3,13747,-16.73552835272843,34043,,14321
,0,,41254,15641,1.0,2021.0,0,0,-44.93816289848052,30221,4,14040,-16.886598912186887,32060,,14658
,0,,34029,14777,1.0,2021.0,0,0,-45.020355601111305,30033,4,14168,-16.970452228040337,30869,,14418
,0,,44649,15839,1.0,2021.0,0,0,-45.161694412233544,28365,4,14053,-16.8031332914172,32374,,14911
,0,,32172,14709,1.0,2021.0,0,0,-45.113260019571086,26922,4,13655,-16.692076389093724,28134,,14125
,0,,37664,15198,1.0,2021.0,0,0,-44.949390768405436,29686,4,13710,-16.888415505023662,32919,,14263
,0,,36274,15199,1.0,2021.0,0,0,-45.082605174714516,30582,4,13983,-16.705402815092544,31842,,14337
,0,,34173,15110,1.0,2021.0,0,0,-45.11714319036812,30368,4,14564,-16.99645678451515,31343,,14885
,0,,34308,14755,1.0,2021.0,0,0,-44.94793472618751,29553,4,13594,-16.69167805273079,29195,,13977
,0,,33689,14662,1.0,2021.0,0,0,-45.02441533781569,28450,4,13878,-16.93257969025818,29956,,14205
,0,,33882,14511,1.0,2021.0,0,0,-45.06882764739822,29759,4,13760,-16.95025751441999,30891,,14194
,0,,38581,15397,1.0,2021.0,0,0,-45.12824503271926,27243,4,13871,-16.918282914580733,29270,,14595
,0,,32857,14283,1.0,2021.0,0,0,-45.097792501758235,29602,4,13720,-16.838206908346717,30430,,13929
,0,,31616,14703,1.0,2021.0,0,0,-44.208674432829454,25628,4,13833,-15.916734944300599,26028,,14046
,0,,38481,15640,1.0,2021.0,0,0,-44.20237123564926,30525,4,14519,-15.913705382775742,32215,,14929
,0,,30193,14504,1.0,2021.0,0,0,-44.34552428185564,28732,4,14107,-16.092421278066112,28745,,14349
,0,,33941,15246,1.0,2021.0,0,0,-44.25251822545545,29799,4,14454,-16.185391237044676,30811,,14864
,0,,35172,15353,1.0,2021.0,0,0,-44.221656146206044,30506,4,14526,-15.980606121529615,32193,,14838
,0,,38252,15746,1.0,2021.0,0,0,-44.19392493110198,29110,4,14290,-15.91418961545728,32223,,14903
,0,,34984,15253,1.0,2021.0,0,0,-44.26389703201245,30697,4,14644,-16.1629574580949,31062,,14833
,0,,35591,15303,1.0,2021.0,0,0,-44.218023670877834,27640,4,13928,-16.214784633603234,29368,,14454
,0,,35119,15129,1.0,2021.0,0,0,-44.25489101830017,30900,4,14251,-16.228242567700573,31699,,14630
,0,,33935,14993,1.0,2021.0,0,0,-44.31656465081318,28114,4,14239,-16.20451526476877,29385,,14521
,0,,33317,15072,1.0,2021.0,0,0,-44.20668380189008,30104,4,14236,-16.21785605710128,30408,,14636
,0,,35764,15370,1.0,2021.0,0,0,-44.21101990747164,31074,4,14540,-16.254888706037015,32100,,14889
,0,,30603,14401,1.0,2021.0,0,0,-44.19567436734258,26844,4,13846,-15.945838512042457,28168,,14065
,0,,39855,15705,1.0,2021.0,0,0,-44.43371552730062,28175,4,14048,-16.146070116396842,30727,,14512
,0,,39813,15756,1.0,2021.0,0,0,-44.2418302360094,33174,4,14762,-16.011083723213876,34530,,15269
,0,,34896,15055,1.0,2021.0,0,0,-44.22838898436313,29701,4,14347,-16.075956706373017,30973,,14577
,0,,36848,15434,1.0,2021.0,0,0,-44.4330786687299,29345,4,13976,-16.162454442214475,30768,,14586
,0,,41674,15764,1.0,2021.0,0,0,-44.48271009882073,25382,4,13496,-16.03453786368696,29727,,14450
,0,,30333,14346,1.0,2021.0,0,0,-44.23214121177869,26328,4,13619,-15.913030153574882,27572,,13974
,0,,42209,15621,1.0,2021.0,0,0,-44.215792676133894,27574,4,13798,-16.16620636719722,30508,,14489
,0,,38997,15299,1.0,2021.0,0,0,-44.37598144445439,33367,4,14668,-16.17252815942116,33424,,14943
,0,,36046,15378,1.0,2021.0,0,0,-44.27500586532718,28500,4,13882,-15.96764275870056,29719,,14284
,0,,35741,15147,1.0,2021.0,0,0,-44.20501584076311,28965,4,14090,-15.98970543572359,30971,,14551
,0,,36308,15442,1.0,2021.0,0,0,-44.44726291608522,30343,4,14367,-16.233599962391246,31580,,14708
,0,,37150,15083,1.0,2021.0,0,0,-44.51064008942001,26304,4,13391,-15.903607444889412,29217,,14091
,0,,34981,15157,1.0,2021.0,0,0,-44.190122412019456,29635,4,14084,-16.022393974546393,31533,,14546
,0,,40245,15242,1.0,2021.0,0,0,-44.20448599299937,33835,4,14470,-15.973212087803239,35254,,14763
,0,,41035,15445,1.0,2021.0,0,0,-44.46068127556658,30806,4,13860,-16.10304433421609,34352,,14746
,0,,36494,15024,1.0,2021.0,0,0,-44.28581188924144,27284,4,13668,-16.04596878675002,30192,,14360
,0,,36124,15089,1.0,2021.0,0,0,-44.53496698134992,28460,4,13851,-15.887424618377123,30835,,14369
,0,,40587,15809,1.0,2021.0,0,0,-44.46783248466208,25485,4,13656,-15.972567068238492,28230,,14235
,0,,40592,15484,1.0,2021.0,0,0,-44.19712922848101,29929,4,14039,-16.14265180205622,31631,,14383
,0,,37892,15342,1.0,2021.0,0,0,-44.42882511755892,30645,4,14135,-16.144973930029444,31605,,14492
,0,,39033,15459,1.0,2021.0,0,0,-44.528825197706304,30827,4,14064,-15.995665649169275,32927,,14640
,0,,34286,14929,1.0,2021.0,0,0,-44.52477603673544,29061,4,13933,-16.160165985069,30130,,14243
,0,,44234,15912,1.0,2021.0,0,0,-44.203559849935395,29440,4,14054,-16.170979906329826,32200,,14686
,0,,39969,15750,1.0,2021.0,0,0,-44.34607072230445,29309,4,14001,-16.134733252197332,31764,,14698
,0,,35648,14825,1.0,2021.0,0,0,-44.28762471102534,31240,4,14022,-15.891469819088153,31888,,14356
,0,,37183,15285,1.0,2021.0,0,0,-44.38225551661678,32419,4,14421,-16.203909603947658,34618,,14780
,0,,35709,15084,1.0,2021.0,0,0,-44.36488290724903,29839,4,14094,-16.25073215691987,32075,,14624
,0,,38758,15322,1.0,2021.0,0,0,-44.1859020737949,32359,4,14468,-16.14083487561618,32594,,14714
,0,,46969,15794,1.0,2021.0,0,0,-44.328441271568614,32036,4,14086,-16.120979436318187,33712,,14366
,0,,42308,15504,1.0,2021.0,0,0,-44.53690067490326,31401,4,13723,-16.217478631793263,33276,,14511
,0,,36969,15390,1.0,2021.0,0,0,-44.52539795991645,26067,4,13366,-15.896304987526229,27775,,13908
,0,,41721,15158,1.0,2021.0,0,0,-44.46627856434126,29601,4,13269,-16.04023884989737,31737,,13912
,0,,38862,15276,1.0,2021.0,0,0,-44.5318518785386,30289,4,14042,-16.179367035766617,31955,,14423
,0,,37431,14794,1.0,2021.0,0,0,-44.49119514647308,31739,4,13625,-16.029044381377375,31801,,13959
,0,,40982,15524,1.0,2021.0,0,0,-44.54396537766548,33207,4,14304,-16.239697130376786,35537,,14778
,0,,44203,16275,0.0,2021.0,0,0,-44.79985640938546,28697,3,14031,-17.064880026904937,32628,,14981
,0,,38731,15889,0.0,2021.0,0,0,-44.88178088020924,30416,3,13676,-17.128688111374444,30194,,14768
,0,,38760,15837,0.0,2021.0,0,0,-44.63760063622538,26968,3,13757,-17.031718574361793,30165,,14557
,0,,34216,15464,1.0,2021.0,0,0,-44.63460145954056,30338,4,13976,-17.05025049652293,31191,,14596
,0,,35468,15109,1.0,2021.0,0,0,-44.732505443432444,28450,4,13735,-17.003374132570336,30213,,14442
,0,,33463,15236,0.0,2021.0,0,0,-44.82914856973627,26227,3,13650,-17.06784470453668,26175,,14154
,0,,38989,15681,1.0,2021.0,0,0,-44.91180547303005,27450,4,13539,-17.014106795133596,28468,,14420
,0,,37922,15638,0.0,2021.0,0,0,-44.914045406551544,26206,3,13411,-17.014974713334,27180,,14033
,0,,31528,14547,1.0,2021.0,0,0,-44.91468235854457,30156,4,13780,-17.00610636970627,28628,,14039
,0,,32499,14266,1.0,2021.0,0,0,-44.96273122881869,30480,4,13584,-17.050220753354754,31487,,14008
,0,,29245,14354,1.0,2021.0,0,0,-45.130821952627834,27916,4,13613,-17.128738522710776,28005,,14161
,0,,29640,14457,1.0,2021.0,0,0,-45.11243411896791,29483,4,13887,-17.1624060102406,28371,,14304
,0,,33086,15225,1.0,2021.0,0,0,-44.994093459344185,30864,4,14142,-17.129699389677487,31654,,14937
,0,,31053,14378,1.0,2021.0,0,0,-44.95727709721639,27923,4,13438,-17.108332002786767,28757,,13895
,0,,36530,15039,1.0,2021.0,0,0,-45.00293806777955,31436,4,13750,-17.206495437031943,32518,,14292
,0,,32375,14450,1.0,2021.0,0,0,-44.94793489755815,31125,4,14092,-17.064490007568022,30770,,14136
,0,,32321,14673,1.0,2021.0,0,0,-45.03988503316279,30752,4,14125,-17.01015591334841,32435,,14498
,0,,31853,14291,1.0,2021.0,0,0,-44.94618517926533,31726,4,14050,-17.032859324469964,30291,,14282
,0,,32566,14116,1.0,2021.0,0,0,-44.96093487602714,30799,4,13676,-17.03540386130843,31271,,14021
,0,,33302,14075,1.0,2021.0,0,0,-45.03099520146958,31234,4,13779,-17.146853686551548,32718,,14082
,0,,40667,15888,0.0,2021.0,0,0,-43.98486857075279,25384,3,13478,-16.319191319178852,29246,,14322
,0,,43107,16162,0.0,2021.0,0,0,-43.83488998305425,29385,3,14216,-16.627785083853418,33404,,15154
,0,,34976,15880,0.0,2021.0,0,0,-43.83250471196744,24790,3,13611,-16.545404328659963,27867,,14516
,0,,36502,15414,1.0,2021.0,0,0,-43.9523149338326,28472,4,13800,-16.493902662256918,30746,,14578
,0,,37247,15477,1.0,2021.0,0,0,-44.12652625509902,28900,4,13915,-16.306634750693345,30907,,14609
,0,,30467,14256,1.0,2021.0,0,0,-44.00916225140581,30000,4,13891,-16.378933942304624,30340,,14074
,0,,33216,15004,1.0,2021.0,0,0,-44.15572202168197,28230,4,13812,-16.55227768449444,30327,,14319
,0,,37239,15074,1.0,2021.0,0,0,-43.96311291279818,29716,4,13847,-16.623964385238114,30976,,14458
,0,,31544,15349,1.0,2021.0,0,0,-44.03330097219323,30796,4,14388,-16.430269767682244,28372,,14840
,0,,39677,15665,1.0,2021.0,0,0,-44.04361250537096,31758,4,14732,-16.287870188442582,32521,,14990
,0,,40660,15895,1.0,2021.0,0,0,-43.82624133677155,28490,4,13617,-16.286667378062376,30714,,14474
,0,,32341,14982,1.0,2021.0,0,0,-44.01375790368698,28560,4,14136,-16.422536382281233,29173,,14494
,0,,31412,14402,1.0,2021.0,0,0,-44.08455292574797,27721,4,13616,-16.475970603846143,28580,,14162
,0,,34539,15197,1.0,2021.0,0,0,-43.94155877845796,28114,4,14195,-16.41395843785758,30239,,14649
,0,,35572,15227,1.0,2021.0,0,0,-43.97730134037505,29893,4,13981,-16.409728744468413,31748,,14635
,0,,33043,14735,1.0,2021.0,0,0,-43.979489300718626,28648,4,13807,-16.257652126518405,29994,,14247
,0,,36008,15525,1.0,2021.0,0,0,-44.02050620480675,30177,4,14627,-16.53928503157153,31235,,15024
,0,,41288,15805,1.0,2021.0,0,0,-44.0719737803576,27671,4,14012,-16.37343396874706,31942,,14691
,0,,34058,15428,1.0,2021.0,0,0,-44.100880538037046,29830,4,14506,-16.366154371907516,31477,,14949
,0,,37698,15503,1.0,2021.0,0,0,-43.98403676220428,28914,4,14242,-16.416745377999767,32181,,14968
,0,,33892,15291,1.0,2021.0,0,0,-44.10990168515776,27560,4,14007,-16.626759529858795,30062,,14815
,0,,39385,15684,1.0,2021.0,0,0,-44.05269675188131,30292,4,14254,-16.517892375212693,34785,,15060
,0,,44402,15521,1.0,2021.0,0,0,-43.88073360563124,32029,4,14063,-16.494428975905663,36271,,14728
,0,,35981,15510,1.0,2021.0,0,0,-44.00612658694088,30986,4,14285,-16.576816888771265,32745,,14894
,0,,37672,15729,1.0,2021.0,0,0,-44.017809794823336,29960,4,14516,-16.531281120777457,32096,,15233
,0,,39986,15778,1.0,2021.0,0,0,-43.89196447124991,30321,4,14158,-16.597621277633486,33669,,14877
,0,,38754,15714,1.0,2021.0,0,0,-44.066433758351835,32839,4,14744,-16.55682609613339,34976,,15331
,0,,37016,15737,1.0,2021.0,0,0,-44.00712086952079,31325,4,14836,-16.523417382673106,33321,,15379
,0,,41558,15690,1.0,2021.0,0,0,-43.99985322117551,33392,4,14676,-16.545441500221482,35675,,15132
,0,,39248,15722,1.0,2021.0,0,0,-44.16077071232462,31074,4,14663,-16.590381855451945,34964,,15227
,0,,39646,15683,1.0,2021.0,0,0,-44.04332435815205,31615,4,14235,-16.55711987414947,34024,,15051
,0,,35359,14302,1.0,2021.0,0,0,-44.0575870788704,32117,4,13671,-16.518988317919476,32622,,13906
,0,,39533,15043,1.0,2021.0,0,0,-43.8455267130032,32843,4,14160,-16.353555504659802,33010,,14364
,0,,41285,15545,1.0,2021.0,0,0,-44.134510881769025,30630,4,14249,-16.276571541480692,31114,,14563
,0,,38239,15479,1.0,2021.0,0,0,-43.878762042455755,30149,4,14013,-16.601144626729493,30409,,14466
,0,,31158,14572,1.0,2021.0,0,0,-44.21047077710223,27629,4,13950,-16.304519048339802,28345,,14176
,0,,33164,14934,1.0,2021.0,0,0,-44.25067417085872,30517,4,14279,-16.46085297451669,30625,,14436
,0,,35212,14849,1.0,2021.0,0,0,-44.19392500760909,32201,4,14170,-16.28715143193211,33103,,14465
,0,,36833,14983,1.0,2021.0,0,0,-44.20356091866708,29525,4,13922,-16.543892359120708,30642,,14172
,0,,32059,14957,1.0,2021.0,0,0,-44.370302904677246,26054,4,13581,-16.26825165704697,27358,,14149
,0,,34258,15341,1.0,2021.0,0,0,-44.23214142045932,28430,4,14440,-16.285992735898702,30022,,14832
,0,,34360,15140,1.0,2021.0,0,0,-44.47811419831456,29281,4,14147,-16.300987386349693,30529,,14611
,0,,33352,15010,1.0,2021.0,0,0,-44.477010557194944,27412,4,13877,-16.36615434490801,28422,,14391
,0,,34296,15111,1.0,2021.0,0,0,-44.2283902808241,30011,4,14148,-16.448887825744986,31345,,14590
,0,,35889,15275,1.0,2021.0,0,0,-44.39663621974268,30696,4,14437,-16.539285008551918,31718,,14792
,0,,32578,14952,1.0,2021.0,0,0,-44.28762481500703,27696,4,14095,-16.2644370939018,29020,,14533
,0,,36132,15458,1.0,2021.0,0,0,-44.24163618835116,29244,4,14403,-16.340489011644454,30791,,14867
,0,,32085,14777,1.0,2021.0,0,0,-44.19567453761248,29289,4,14254,-16.318794253969003,30128,,14538
,0,,37926,15381,1.0,2021.0,0,0,-44.3872914656477,30650,4,14234,-16.322166606816918,31378,,14618
,0,,37310,15471,1.0,2021.0,0,0,-44.44047801004199,30282,4,14448,-16.597543415026866,32063,,14829
,0,,34981,15173,1.0,2021.0,0,0,-44.36655082674579,27611,4,14081,-16.612316483915844,29554,,14628
,0,,35141,15272,1.0,2021.0,0,0,-44.19712998837899,29185,4,14310,-16.515569618055192,30228,,14665
,0,,36331,15510,1.0,2021.0,0,0,-44.348551098667336,28836,4,14378,-16.59866532564195,31948,,15024
,0,,36503,15290,1.0,2021.0,0,0,-44.31768878923234,31066,4,14583,-16.413958442191387,31616,,14843
,0,,35663,15342,1.0,2021.0,0,0,-44.22165671870563,30702,4,14405,-16.35355553902577,31727,,14803
,0,,35675,15254,1.0,2021.0,0,0,-44.442563775705025,30085,4,14279,-16.556826062903166,31834,,14808
,0,,37212,15408,1.0,2021.0,0,0,-44.35343135303253,31368,4,14546,-16.409728740655144,31874,,14846
,0,,35545,15255,1.0,2021.0,0,0,-44.19012269987963,31698,4,14326,-16.39533486573954,31229,,14815
,0,,34798,15104,1.0,2021.0,0,0,-44.40418769006801,30274,4,14494,-16.27490483810954,31284,,14744
,0,,35802,15182,1.0,2021.0,0,0,-44.39492686846146,30417,4,14255,-16.345017827520756,31198,,14563
,0,,34945,14900,1.0,2021.0,0,0,-44.390173448896,30288,4,14148,-16.340436761822772,31617,,14505
,0,,37735,15426,1.0,2021.0,0,0,-44.36488304747497,32577,4,14807,-16.623630417084282,33825,,15164
,0,,35017,15102,1.0,2021.0,0,0,-44.5476882503066,28350,4,14150,-16.44333787441584,29565,,14526
,0,,38290,15554,1.0,2021.0,0,0,-44.38325088375014,29464,4,14309,-16.523417363367862,31687,,14930
,0,,36311,15277,1.0,2021.0,0,0,-44.39393980961685,29716,4,14262,-16.531281098831684,31078,,14771
,0,,36832,15351,1.0,2021.0,0,0,-44.202371341451205,31477,4,14457,-16.286667424667844,31664,,14799
,0,,34803,15046,1.0,2021.0,0,0,-44.41974252152873,29710,4,14275,-16.287870182456853,30740,,14674
,0,,42576,16215,1.0,2021.0,0,0,-44.35561931350584,28876,4,14303,-16.257652139277376,33268,,15196
,0,,37783,15553,1.0,2021.0,0,0,-44.43308001299591,30946,4,14418,-16.535369461786768,32677,,15033
,0,,38093,15780,0.0,2021.0,0,0,-44.20863471697482,30606,3,14294,-16.545404344349958,33096,,15022
,0,,39650,15496,1.0,2021.0,0,0,-44.25686361319015,30973,4,14206,-16.494428985767872,32933,,14899
,0,,43096,16115,0.0,2021.0,0,0,-44.52477632664934,26710,3,13708,-16.53308039786072,32672,,14956
,0,,42076,16119,0.0,2021.0,0,0,-44.46068294404978,24802,3,13517,-16.475970572564176,30158,,14802
,0,,39450,15567,1.0,2021.0,0,0,-44.20867457459731,32190,4,14522,-16.289696496076775,34175,,15044
,0,,39632,15624,1.0,2021.0,0,0,-44.528825849540986,31873,4,14444,-16.36861169595925,33165,,15086
,0,,38192,15560,1.0,2021.0,0,0,-44.491196764948306,30660,4,14651,-16.401984539677674,32669,,15178
,0,,41488,15780,1.0,2021.0,0,0,-44.34607376100905,32742,4,14629,-16.50765385988343,36094,,15262
,0,,43110,16102,0.0,2021.0,0,0,-44.52403471900252,27182,3,14276,-16.26840110610164,31002,,15121
,0,,40572,15640,1.0,2021.0,0,0,-44.36016677521538,32188,4,14511,-16.416745371769515,33335,,14938
,0,,37538,15156,1.0,2021.0,0,0,-44.2373852411933,29507,4,14005,-16.541474207682246,32541,,14601
,0,,37017,15237,1.0,2021.0,0,0,-44.50971345857331,30057,4,13960,-16.39903792787433,30250,,14743
,0,,40927,15612,1.0,2021.0,0,0,-44.18590247614325,29730,4,14195,-16.51375285964093,32652,,14751
,0,,40352,15662,1.0,2021.0,0,0,-44.18832066406795,30186,4,14515,-16.62407201684841,34415,,15136
,0,,44571,16078,1.0,2021.0,0,0,-44.375983235024115,28716,4,14189,-16.545441480838786,35058,,15236
,0,,43455,15930,0.0,2021.0,0,0,-44.48603170479605,33053,3,14444,-16.626759483360164,36202,,15156
,0,,42910,15676,1.0,2021.0,0,0,-44.26390012751809,27885,4,13820,-16.535872190155416,31208,,14444
,0,,39407,15096,1.0,2021.0,0,0,-44.433717095756094,32657,4,14169,-16.518988288999306,33596,,14573
,0,,46315,15854,1.0,2021.0,0,0,-44.536900734627594,29508,4,14075,-16.59038180140009,33670,,14877
,0,,37149,14956,1.0,2021.0,0,0,-44.339242924715485,33177,4,14368,-16.62396436771828,35061,,14627
,0,,37865,15098,1.0,2021.0,0,0,-44.20668517297704,30039,4,13688,-16.590759518020903,32594,,14216
,0,,34744,15228,1.0,2021.0,0,0,-44.623762337850565,29406,4,13973,-16.413172730505245,30358,,14539
,0,,34524,14894,1.0,2021.0,0,0,-44.714031912336,30957,4,14203,-16.321105184871502,31684,,14523
,0,,44026,16102,1.0,2021.0,0,0,-44.55560697409719,27227,4,14053,-16.46527213638033,32529,,15072
,0,,42155,15561,1.0,2021.0,0,0,-44.68150044403382,28427,4,13786,-16.47598671827706,32274,,14465
,0,,39809,15274,1.0,2021.0,0,0,-44.58709345451461,26951,4,13811,-16.36613262584043,30819,,14407
,0,,36099,15431,1.0,2021.0,0,0,-44.74606131367555,28731,4,13832,-16.384060836087652,30591,,14485
,0,,33852,14935,1.0,2021.0,0,0,-44.85043975876298,28561,4,13835,-16.34040864766269,30035,,14310
,0,,35015,14968,1.0,2021.0,0,0,-44.82518974927915,28665,4,13791,-16.418901444979003,29697,,14309
,0,,37168,15284,1.0,2021.0,0,0,-44.914682367285344,29768,4,13936,-16.26038848078083,30495,,14486
,0,,38360,14977,1.0,2021.0,0,0,-44.859128548556626,28450,4,13626,-16.626761280325056,30605,,14094
,0,,34081,15017,1.0,2021.0,0,0,-44.637602694355685,29629,4,14179,-16.286008453778248,30192,,14502
,0,,34208,14863,1.0,2021.0,0,0,-44.85980988379268,27914,4,13528,-16.34498521095532,29205,,13970
,0,,38148,15288,1.0,2021.0,0,0,-44.83408169407921,31151,4,13969,-16.515610978786164,33733,,14684
,0,,33611,15019,1.0,2021.0,0,0,-44.67135461038366,29483,4,14008,-16.264439560670393,30893,,14507
,0,,33476,14839,1.0,2021.0,0,0,-44.80327569759642,28331,4,13814,-16.533133922159458,28562,,14061
,0,,34416,14944,1.0,2021.0,0,0,-44.64142069378798,27947,4,14060,-16.36865669189432,29437,,14391
,0,,37079,15216,1.0,2021.0,0,0,-44.62649286256119,26694,4,13732,-16.41016568556456,29773,,14413
,0,,39996,15363,1.0,2021.0,0,0,-44.69518656076707,29024,4,14047,-16.353597106856917,29485,,14249
,0,,35787,15250,1.0,2021.0,0,0,-44.58517006277705,28953,4,14192,-16.627783607981613,31637,,14821
,0,,34536,15162,1.0,2021.0,0,0,-44.584128583094305,28008,4,14013,-16.430219472421115,29853,,14539
,0,,43121,15970,1.0,2021.0,0,0,-44.876507253936175,28193,4,13810,-16.53912401237607,30481,,14632
,0,,33869,14890,1.0,2021.0,0,0,-44.70198702052578,28599,4,13887,-16.340519646225008,29724,,14337
,0,,42076,15868,1.0,2021.0,0,0,-44.89866977787849,27025,4,13881,-16.300958314231085,28850,,14631
,0,,43281,16028,1.0,2021.0,0,0,-44.56733642245086,27704,4,14204,-16.49383644139103,31745,,14990
,0,,44513,15589,1.0,2021.0,0,0,-44.65296512863697,27933,4,13815,-16.39907350349917,32516,,14563
,0,,41565,16053,0.0,2021.0,0,0,-44.91404544023882,26640,3,13851,-16.269260221462318,31307,,14994
,0,,37735,15415,1.0,2021.0,0,0,-44.73564439483886,29979,4,13761,-16.44342077888395,33076,,14547
,0,,38681,15590,1.0,2021.0,0,0,-44.63460486111272,30624,4,14472,-16.304547578794992,32236,,14894
,0,,36477,15214,1.0,2021.0,0,0,-44.70578743754896,30039,4,14099,-16.39540134168225,30777,,14568
,0,,36854,15353,1.0,2021.0,0,0,-44.784031687717594,27517,4,13746,-16.59755322580796,30353,,14292
,0,,39328,15940,0.0,2021.0,0,0,-44.65193162703662,29401,3,14639,-16.5234010885837,31760,,15055
,0,,39377,15759,1.0,2021.0,0,0,-44.63978378972414,27935,4,13891,-16.577404329109967,31654,,14725
,0,,38977,15688,1.0,2021.0,0,0,-44.57752758834749,32188,4,14303,-16.55969938170005,35182,,15147
,0,,35809,14980,1.0,2021.0,0,0,-44.617881368568376,32171,4,14442,-16.28971757501542,32018,,14611
,0,,40880,15582,1.0,2021.0,0,0,-44.735448510139726,30824,4,14193,-16.34061268733096,32603,,14641
,0,,40167,15103,1.0,2021.0,0,0,-44.6085323159435,30529,4,14014,-16.28668766035479,31671,,14343
,0,,38618,14847,1.0,2021.0,0,0,-44.55645069459168,27331,4,13455,-16.558251735839224,30396,,13976
,0,,35736,14870,1.0,2021.0,0,0,-44.7138384427532,31157,4,14079,-16.535380457307664,32534,,14412
,0,,34787,14577,1.0,2021.0,0,0,-44.74893809330354,32932,4,14061,-16.446850804453742,33444,,14217
,0,,42287,15262,1.0,2021.0,0,0,-44.551657939828424,30889,4,13727,-16.587655540967546,32687,,14324
,0,,36188,14955,1.0,2021.0,0,0,-44.74499124209255,28542,4,13978,-16.556841724199398,28981,,14029
,0,,37105,14540,1.0,2021.0,0,0,-44.63445488413206,29424,4,13474,-16.407487032641395,31327,,13907
,0,,40690,16011,0.0,2021.0,0,0,-45.09830073295737,29292,3,14584,-16.55712740439145,33169,,15364
,0,,37989,15771,0.0,2021.0,0,0,-45.06935342581953,26457,3,13974,-16.598661053448584,29203,,14764
,0,,37357,15360,1.0,2021.0,0,0,-45.20850419774128,29539,4,14326,-16.460860455328028,31688,,14945
,0,,33760,15179,1.0,2021.0,0,0,-45.01353690422194,26201,4,13680,-16.402001029209,28008,,14399
,0,,36364,15372,1.0,2021.0,0,0,-45.111774387518096,25738,4,13655,-16.443420799345137,28136,,14341
,0,,39930,14967,1.0,2021.0,0,0,-45.08996843592511,32297,4,14432,-16.535380478733178,32740,,14547
,0,,38396,15328,1.0,2021.0,0,0,-45.110910089290364,28425,4,13901,-16.623630439169304,30806,,14590
,0,,39989,15623,1.0,2021.0,0,0,-45.08191743090771,28477,4,13940,-16.395401358865985,31278,,14643
,0,,36937,15185,1.0,2021.0,0,0,-45.17416286713613,30676,4,14017,-16.44892068738196,32165,,14544
,0,,38501,15191,1.0,2021.0,0,0,-45.11157850283796,31254,4,14354,-16.3406126944949,33263,,14789
,0,,39980,15410,1.0,2021.0,0,0,-45.077071081877754,28265,4,13747,-16.390884949861093,31600,,14402
,0,,38361,15610,1.0,2021.0,0,0,-45.010329159728066,27703,4,13966,-16.318833597514203,29673,,14673
,0,,38320,15447,1.0,2021.0,0,0,-45.19715938171801,30190,4,14171,-16.513808781284048,31338,,14545
,0,,35704,14948,1.0,2021.0,0,0,-45.17598831603119,28645,4,14007,-16.319182135512495,30537,,14368
,0,,39385,15854,1.0,2021.0,0,0,-44.98466231151212,29268,4,14002,-16.286687672561115,31254,,14725
,0,,32712,14422,1.0,2021.0,0,0,-45.29568777450267,29274,4,13722,-16.59073733472426,29786,,14101
,0,,42243,15981,1.0,2021.0,0,0,-45.125068085684056,29284,4,13999,-16.446850824276414,32651,,14803
,0,,35129,14876,1.0,2021.0,0,0,-45.176373697731336,26993,4,13619,-16.401194400017754,28120,,13936
,0,,38533,15427,1.0,2021.0,0,0,-45.15876403354734,28105,4,13865,-16.33251778319925,30353,,14627
,0,,33393,14623,1.0,2021.0,0,0,-45.27347990325885,28567,4,13705,-16.416684933315143,29590,,14060
,0,,36113,15097,1.0,2021.0,0,0,-45.17457867246843,29231,4,13915,-16.274900396074123,30959,,14530
,0,,44997,15980,1.0,2021.0,0,0,-44.94163981402863,26308,4,13732,-16.373381825893272,32358,,14891
,0,,43105,15813,1.0,2021.0,0,0,-44.99401136392844,28534,4,14008,-16.289717586729203,32647,,14919
,0,,35288,14694,1.0,2021.0,0,0,-45.205280097857774,30202,4,13874,-16.322148391564834,31182,,14199
,0,,35523,14692,1.0,2021.0,0,0,-45.22656974885829,29221,4,13656,-16.34040864384452,30510,,14082
,0,,37173,14759,1.0,2021.0,0,0,-45.20319316774773,30635,4,13915,-16.28785931615878,32152,,14327
,0,,40519,15554,1.0,2021.0,0,0,-44.94346641894133,28032,4,13785,-16.493836459296876,30345,,14206
,0,,34723,15017,1.0,2021.0,0,0,-45.17940568874535,29129,4,13806,-16.533133945317733,29891,,14182
,0,,41367,15881,1.0,2021.0,0,0,-44.93527559358533,29868,4,13986,-16.292632058498047,32286,,14803
,0,,41616,15229,0.0,2021.0,0,0,-45.029095123185385,32289,3,13806,-16.39907352165318,33937,,14427
,0,,38979,15298,1.0,2021.0,0,0,-45.210211684534514,31522,4,14142,-16.51561099952101,34314,,14565
,0,,48591,16056,4.0,2021.0,0,0,-43.784640769768366,30174,15,14063,-16.963213140616464,35064,,14845
,0,,41569,14774,4.0,2021.0,0,0,-43.60117472452348,32076,15,13513,-16.78259635893257,33343,,13827
,0,,45439,15683,4.0,2021.0,0,0,-43.68082134778035,33685,15,14008,-16.908212621874885,36233,,14806
,0,,37450,14736,4.0,2021.0,0,0,-43.75838169657004,30268,15,13427,-16.649463745965566,30696,,13760
,0,,42176,15128,4.0,2021.0,0,0,-43.68821842780209,28246,15,13180,-16.97037453782321,30993,,13812
,0,,41128,15339,4.0,2021.0,0,0,-43.7731390082448,25898,15,13389,-16.64216365584725,31122,,14451
,0,,43920,15153,4.0,2021.0,0,0,-43.68863110350489,29645,15,13505,-16.8707620729223,34137,,14331
,0,,41663,14525,4.0,2021.0,0,0,-43.57618862788864,30968,15,13489,-16.866753995360295,32673,,13829
,0,,40770,15292,6.0,2021.0,0,0,-43.52098363096144,31193,21,13707,-16.69397263425004,33498,,14226
,0,,41885,15910,6.0,2021.0,0,0,-43.644377907614206,26455,21,13493,-16.912127597231905,29815,,14483
,0,,47329,15893,4.0,2021.0,0,0,-43.56961817801705,33322,15,13827,-16.94897779961111,35199,,14836
,0,,33465,14123,4.0,2021.0,0,0,-43.75039810166311,31905,15,13457,-16.679521268221908,32443,,13794
,0,,41892,15254,4.0,2021.0,0,0,-43.61804317072179,35467,15,13751,-16.641146548784196,37156,,14405
,0,,43717,15678,4.0,2021.0,0,0,-43.623725023551486,31130,15,13921,-16.91828293033803,32830,,14507
,0,,34543,13693,4.0,2021.0,0,0,-43.73377171014424,32189,15,13442,-16.99958453534791,34039,,13573
,0,,42842,15607,4.0,2021.0,0,0,-43.56543156969393,31154,15,13772,-16.786825153941138,32358,,14278
,0,,40133,14452,4.0,2021.0,0,0,-43.63099304514813,33787,15,13403,-16.89626304631588,35420,,13835
,0,,38268,14842,4.0,2021.0,0,0,-43.71978695240031,30199,15,13500,-16.78303262636979,31975,,14000
,0,,34362,14493,4.0,2021.0,0,0,-43.61429121317013,29545,15,13110,-16.985145049987118,28361,,13629
,0,,41568,15612,4.0,2021.0,0,0,-43.69500348639946,31536,15,13732,-16.97933050533508,33596,,14485
,0,,38900,13995,4.0,2021.0,0,0,-43.67656841143454,33126,15,13023,-16.89073890425832,34015,,13225
,0,,37036,14267,4.0,2021.0,0,0,-43.633035429760945,30203,15,12928,-16.751807466661123,31643,,13448
,0,,35185,14951,4.0,2021.0,0,0,-43.64316439135926,27938,15,13277,-16.965778840303543,28694,,13902
,0,,37086,14269,4.0,2021.0,0,0,-43.63503316884123,33266,15,13165,-16.695051077911412,32662,,13592
,0,,41874,15178,4.0,2021.0,0,0,-43.642669253349936,29099,15,13056,-16.71789787215048,34285,,14208
,0,,38322,14329,4.0,2021.0,0,0,-43.65717440264378,30066,15,12949,-16.803133302425284,31054,,13467
,0,,38461,14417,4.0,2021.0,0,0,-43.59327249297568,30191,15,12921,-16.83820692441976,32592,,13433
,0,,45827,15479,4.0,2021.0,0,0,-43.874546102451674,33550,15,13908,-16.833710140934254,36275,,14711
,0,,37230,15528,4.0,2021.0,0,0,-43.98404042655547,26560,15,13455,-16.789611641713588,30952,,14771
,0,,47396,15846,4.0,2021.0,0,0,-44.10198582810402,30733,15,13735,-16.67387533463351,34514,,14584
,0,,41621,15518,4.0,2021.0,0,0,-44.095916951520486,31086,15,13884,-16.78303263064467,34766,,14782
,0,,36651,14774,4.0,2021.0,0,0,-43.81219091073582,31515,15,13947,-16.996896856568178,32368,,14273
,0,,33550,14319,4.0,2021.0,0,0,-44.056951344883316,29748,15,13423,-16.908212618412158,29948,,13642
,0,,40042,15586,4.0,2021.0,0,0,-44.01376195993732,29553,15,13833,-16.79540148344117,32032,,14529
,0,,39566,14760,6.0,2021.0,0,0,-44.06643471603065,31846,21,13469,-16.929665014245895,33548,,14072
,0,,48901,15910,4.0,2021.0,0,0,-44.091708138651136,33386,15,13721,-16.7183978477247,38639,,14803
,0,,42355,15360,4.0,2021.0,0,0,-43.96940248553877,31446,15,13581,-16.838206921867428,33830,,13955
,0,,45526,15197,4.0,2021.0,0,0,-43.99985501769603,30518,15,13399,-16.918282924565855,32015,,13799
,0,,39098,14880,4.0,2021.0,0,0,-44.115068368849414,32176,15,13261,-16.774852860038788,35037,,13930
,0,,37890,14667,4.0,2021.0,0,0,-44.13451169769361,33730,15,14074,-16.649463758679083,34741,,14276
,0,,41585,14584,4.0,2021.0,0,0,-44.14790519472688,30744,15,13332,-16.641294725993323,32495,,13651
,0,,41973,14653,4.0,2021.0,0,0,-44.14926901013504,33600,15,13354,-16.642163669291694,35867,,13675
,0,,35282,13659,4.0,2021.0,0,0,-43.852261575470635,33471,15,13219,-16.82174703622959,34079,,13445
,0,,36496,15174,4.0,2021.0,0,0,-44.497147284708035,28560,15,14065,-16.963243379892,31907,,14621
,0,,44560,15648,4.0,2021.0,0,0,-44.265287719178374,32754,15,14076,-16.741531819557466,35670,,14814
,0,,44325,16080,6.0,2021.0,0,0,-44.522539635876065,29019,21,14076,-16.673845626327402,32989,,14933
,0,,48104,16030,6.0,2021.0,0,0,-44.508224828342605,28407,21,13882,-16.751756874247004,32968,,14713
,0,,46365,15402,4.0,2021.0,0,0,-44.22444868647643,31119,15,13600,-16.660063553054545,34444,,14449
,0,,46212,15569,4.0,2021.0,0,0,-44.54517618989379,32595,15,13895,-16.908656146814845,33278,,14336
,0,,47872,16000,6.0,2021.0,0,0,-44.52433071255459,28237,21,13893,-16.914288418985596,31452,,14440
,0,,48230,14828,4.0,2021.0,0,0,-44.25806693804328,32915,15,13576,-16.691718245815892,37720,,14120
,0,,43725,15833,4.0,2021.0,0,0,-44.53567549398976,32794,15,13998,-16.641285261518348,36229,,14811
,0,,37358,15214,4.0,2021.0,0,0,-44.53791542574833,30073,15,13841,-16.642153384543786,32209,,14399
,0,,38182,14724,4.0,2021.0,0,0,-44.32585472059653,32410,15,13576,-16.713400570433272,32492,,14054
,0,,40472,14726,4.0,2021.0,0,0,-44.427142674351366,33366,15,13673,-16.905977575013196,35320,,14028
,0,,43880,14869,4.0,2021.0,0,0,-44.42189987548463,30851,15,13442,-16.821780584157725,34137,,13966
,0,,42804,15349,4.0,2021.0,0,0,-44.76342318611312,28614,15,13664,-16.69505105628923,31131,,14178
,0,,46486,16013,6.0,2021.0,0,0,-44.75938306228888,27451,21,13773,-16.896263039620134,32226,,14613
,0,,42147,15663,4.0,2021.0,0,0,-44.61351750279618,25784,15,13242,-16.91431568847012,29686,,14224
,0,,43350,15812,6.0,2021.0,0,0,-44.7216625087896,29697,21,13899,-16.838206918631826,32720,,14617
,0,,46009,15782,4.0,2021.0,0,0,-44.73174933960925,29094,15,13661,-16.630549044634392,34213,,14639
,0,,38908,15250,4.0,2021.0,0,0,-44.80984867431714,31178,15,13705,-16.89183459225553,31860,,14110
,0,,38095,15530,6.0,2021.0,0,0,-44.89922320819137,29065,21,13791,-16.665534024738797,32110,,14640
,0,,43424,15763,6.0,2021.0,0,0,-44.77105927089635,26126,21,13379,-16.717897853574037,29958,,14282
,0,,40420,15486,6.0,2021.0,0,0,-44.886771718187056,30111,21,13916,-16.649463722381956,32017,,14481
,0,,36670,15008,4.0,2021.0,0,0,-44.90495650182912,29133,15,13600,-16.741485890681037,29564,,14066
,0,,41583,15325,4.0,2021.0,0,0,-44.76630567835799,29958,15,13657,-16.713317684200124,30305,,13845
,0,,32351,14558,4.0,2021.0,0,0,-44.90016521499625,28261,15,13772,-16.641294688318368,28738,,14144
,0,,36596,14900,4.0,2021.0,0,0,-44.907982207555044,27899,15,13140,-16.925116384804067,28908,,13504
,0,,35999,15097,6.0,2021.0,0,0,-44.64937364421271,27323,21,13687,-16.693972609097248,28816,,14179
,0,,35368,14838,4.0,2021.0,0,0,-44.83681462108914,27721,15,13201,-16.848824945696368,29984,,13953
,0,,36559,14795,4.0,2021.0,0,0,-44.579692011760976,29538,15,13668,-16.91673291288134,31457,,14097
,0,,46722,15707,6.0,2021.0,0,0,-44.85424584914138,30187,21,13821,-16.67387530255466,33866,,14586
,0,,46954,15354,4.0,2021.0,0,0,-44.56445093655349,32376,15,13730,-16.99689688116804,35677,,14261
,0,,44050,15418,6.0,2021.0,0,0,-44.84241297407217,29131,21,13369,-16.786043556196958,33722,,14458
,0,,39039,15091,4.0,2021.0,0,0,-44.65486333378426,31194,15,14169,-16.774056626771543,32397,,14539
,0,,40289,15505,4.0,2021.0,0,0,-44.59192564638652,29828,15,13744,-16.911961569985078,32910,,14507
,0,,41733,15011,4.0,2021.0,0,0,-44.823393505788204,29345,15,13584,-16.979330496677044,31432,,14045
,0,,38686,14984,4.0,2021.0,0,0,-44.648285343178856,27810,15,13273,-16.93257971491067,28309,,13713
,0,,42065,15420,4.0,2021.0,0,0,-44.79587346331208,30699,15,13665,-16.660761111308076,31772,,14292
,0,,42228,14909,4.0,2021.0,0,0,-44.63299606910966,29409,15,13409,-16.867279744474306,31697,,13956
,0,,50403,15259,4.0,2021.0,0,0,-44.66194637132578,32919,15,13684,-16.791771816603774,36233,,14270
,0,,43578,14983,4.0,2021.0,0,0,-44.76142544696971,34307,15,13754,-16.751807451990505,35694,,14183
,0,,40413,14776,4.0,2021.0,0,0,-44.72468187790561,29181,15,13363,-16.971496512794715,32281,,14008
,0,,40554,14840,4.0,2021.0,0,0,-44.87878812300229,32328,15,13769,-16.679521247772936,34248,,14050
,0,,34430,14574,4.0,2021.0,0,0,-44.84817697266387,28722,15,13407,-16.783032610750773,29226,,13788
,0,,37805,14781,4.0,2021.0,0,0,-44.74101319782783,31762,15,13780,-16.99645679996228,32941,,14082
,0,,36095,14830,4.0,2021.0,0,0,-44.73713002693257,31957,15,13707,-16.692076375945764,33056,,14379
,0,,36602,14200,4.0,2021.0,0,0,-44.772767925225445,29245,15,12814,-16.9121275900877,31669,,13309
,0,,41006,15739,4.0,2021.0,0,0,-44.6637549342644,31975,15,13965,-16.637332423936417,33912,,14674
,0,,33223,14587,4.0,2021.0,0,0,-44.86216173089743,33258,15,13808,-16.9995845247876,31580,,13980
,0,,41884,15033,4.0,2021.0,0,0,-44.57326077205627,36433,15,14084,-16.888415527165588,36804,,14292
,0,,36572,14647,4.0,2021.0,0,0,-44.71537308725275,31868,15,13827,-16.996790662757565,32603,,14130
,0,,39268,14815,4.0,2021.0,0,0,-44.73630044955955,30518,15,13400,-16.78961163012283,31030,,13868
,0,,37130,14696,4.0,2021.0,0,0,-44.62865344458216,30888,15,13497,-16.931139939436115,31152,,13881
,0,,44305,15783,6.0,2021.0,0,0,-44.640033249910786,31638,21,14139,-16.908715034655263,36117,,14925
,0,,38244,14909,4.0,2021.0,0,0,-44.80495843017712,33691,15,14033,-16.890738894422178,34097,,14337
,0,,38025,14760,4.0,2021.0,0,0,-44.90090661612479,32831,15,13989,-16.905922960962716,34068,,14181
,0,,40967,14940,4.0,2021.0,0,0,-44.817021122670795,29619,15,13099,-16.870762061746216,30540,,13673
,0,,38697,14707,4.0,2021.0,0,0,-44.7715544089262,26488,15,13128,-16.96577883469573,29089,,13635
,0,,37260,14511,4.0,2021.0,0,0,-44.818694737660074,33381,15,13665,-16.92966500884081,33718,,13906
,0,,37640,14624,4.0,2021.0,0,0,-44.77007169787101,28777,15,13232,-16.904125231743045,30243,,13730
,0,,38898,14693,4.0,2021.0,0,0,-44.78556442070698,30849,15,13223,-16.80313329147995,32167,,13603
,0,,47236,15134,4.0,2021.0,0,0,-44.754688773454454,36260,15,13641,-16.75593766439409,36940,,14024
,0,,44852,16045,6.0,2021.0,0,0,-44.94058093312468,26232,21,13594,-16.996896842221002,29416,,14437
,0,,41207,15184,6.0,2021.0,0,0,-44.9609347333641,30965,21,14047,-16.662586105439974,32985,,14282
,0,,46645,15857,6.0,2021.0,0,0,-45.00478343966573,29210,21,14015,-16.93113991223978,34149,,14877
,0,,37842,15022,4.0,2021.0,0,0,-45.030993328280445,26714,15,13398,-16.77405662491904,27862,,13782
,0,,41237,14953,4.0,2021.0,0,0,-45.11881122222027,27346,15,13300,-16.985145032153582,29213,,13950
,0,,43921,15922,6.0,2021.0,0,0,-45.009126064096144,30152,21,13839,-16.867279726963588,34139,,14753
,0,,35973,14735,4.0,2021.0,0,0,-45.02726796005139,31733,15,13495,-16.713475817950616,31559,,14156
,0,,39312,14540,4.0,2021.0,0,0,-44.95463146472489,30869,15,13665,-16.65955752256183,31714,,13887
,0,,35249,14696,4.0,2021.0,0,0,-44.94238300695181,27686,15,13470,-16.768203817982695,28663,,13919
,0,,38800,15029,4.0,2021.0,0,0,-45.15644819817507,28850,15,13480,-16.647798360053212,28555,,13775
,0,,39846,15353,4.0,2021.0,0,0,-44.94208906550504,28054,15,13788,-16.763688819560137,29501,,14122
,0,,41859,14813,4.0,2021.0,0,0,-44.970287103896936,29845,15,13333,-16.960521141114054,32586,,14073
,0,,34106,14144,4.0,2021.0,0,0,-44.96596429073852,29745,15,13378,-16.989579095121442,31563,,13756
,0,,37005,14425,4.0,2021.0,0,0,-44.97391730841693,27058,15,13221,-16.72643302154443,27900,,13575
,0,,36834,14499,4.0,2021.0,0,0,-44.98964749822496,30121,15,13325,-16.914315662899295,31457,,13854
,0,,34427,14513,4.0,2021.0,0,0,-44.946185102277425,29561,15,13610,-16.66004130263052,30522,,13910
,0,,34942,14676,4.0,2021.0,0,0,-44.95674669447803,29527,15,13659,-16.719041348129046,29821,,14148
,0,,34683,14348,4.0,2021.0,0,0,-44.96089599088616,29525,15,13378,-16.91824465629763,29529,,13648
,0,,44489,15182,4.0,2021.0,0,0,-44.98065159627486,32072,15,13590,-16.82174701840165,35666,,14157
,0,,35495,14338,4.0,2021.0,0,0,-45.08070863645422,32887,15,13769,-16.86675397752283,34430,,14081
,0,,34116,14567,4.0,2021.0,0,0,-45.091503080370906,31039,15,13949,-16.99679064390145,32452,,14260
,0,,35648,14299,4.0,2021.0,0,0,-45.07413818650162,32047,15,13789,-16.948977779550358,32878,,14116
,0,,35160,14368,4.0,2021.0,0,0,-45.107879332376584,29343,15,13176,-16.63054906797438,28097,,13292
,0,,45234,15221,4.0,2021.0,0,0,-44.99409238585407,32818,15,13678,-16.756899375248334,36111,,14504
,0,,32211,14253,4.0,2021.0,0,0,-45.09833681369259,31544,15,13922,-16.88050257356882,32291,,14139
,0,,34999,14477,4.0,2021.0,0,0,-45.10081187081159,30910,15,13592,-16.971496496406225,33079,,14112
,0,,37668,14333,4.0,2021.0,0,0,-45.00293612238259,31348,15,13182,-16.833710124158685,31926,,13558
,0,,32004,14203,4.0,2021.0,0,0,-44.95582200796415,30544,15,13478,-16.916732886249008,30297,,13707
,0,,40698,14738,4.0,2021.0,0,0,-44.39492448137939,30765,15,13447,-15.972065908655049,32920,,13945
,0,,49404,15823,4.0,2021.0,0,0,-44.50971234240927,31469,15,13695,-16.026097452102462,34913,,14495
,0,,44103,15189,4.0,2021.0,0,0,-44.39663452734816,33666,15,13893,-16.166370552159524,36251,,14424
,0,,38947,15374,4.0,2021.0,0,0,-44.4041871821667,28547,15,13469,-15.901939431609252,31134,,14068
,0,,38335,15477,4.0,2021.0,0,0,-44.48603168006375,30400,15,13654,-16.25386258486161,30137,,14166
,0,,48823,15483,4.0,2021.0,0,0,-44.409427572717924,30811,15,14037,-16.05733433253188,32586,,14346
,0,,40410,15042,4.0,2021.0,0,0,-44.478112554662815,32371,15,13545,-15.928027599308269,33211,,13965
,0,,37276,14501,4.0,2021.0,0,0,-44.35561929768958,30097,15,13431,-15.88468330771679,32280,,13780
,0,,45033,15261,4.0,2021.0,0,0,-44.41945321797621,31619,15,13613,-16.184208931773153,31523,,13961
,0,,40908,14584,4.0,2021.0,0,0,-44.390171234541796,33870,15,13414,-15.967483943902613,35202,,13839
,0,,37828,15070,4.0,2021.0,0,0,-44.44047757900493,30393,15,13550,-16.224640434169025,32367,,13988
,0,,37718,14344,4.0,2021.0,0,0,-44.47204281265078,32057,15,13125,-16.037226863592487,32643,,13486
,0,,40323,14110,4.0,2021.0,0,0,-44.4481006248058,32785,15,13177,-16.000487830630764,34212,,13423
,0,,40730,14950,4.0,2021.0,0,0,-44.36016312283348,32084,15,13504,-16.04380722551727,32572,,13822
,0,,38751,14584,4.0,2021.0,0,0,-44.33034226241785,29401,15,13347,-15.959566018603418,30386,,13615
,0,,40279,13942,4.0,2021.0,0,0,-44.38988387530563,33221,15,13226,-16.049599386424276,34480,,13523
,0,,47702,15879,6.0,2021.0,0,0,-44.600577495568004,31497,21,13883,-17.03288201254877,32733,,14545
,0,,34882,14610,4.0,2021.0,0,0,-44.617878889270415,30623,15,13313,-17.03542585471403,29617,,13640
,0,,47864,16109,4.0,2021.0,0,0,-43.80526179777936,33778,15,13750,-16.446774985491654,38184,,14664
,0,,37636,14702,4.0,2021.0,0,0,-43.81954453328885,32200,15,13441,-16.318794209379774,34405,,14310
,0,,41445,15027,4.0,2021.0,0,0,-43.95421370208638,32784,15,13595,-16.332520359542297,35051,,14251
,0,,39670,15066,4.0,2021.0,0,0,-44.14864630498255,32021,15,13758,-16.533080445629803,32711,,14132
,0,,40327,15271,4.0,2021.0,0,0,-43.81779500337865,28345,15,13350,-16.28715138333366,30225,,13851
,0,,40005,15105,4.0,2021.0,0,0,-44.064759344685676,31458,15,13572,-16.49791177722735,30607,,13888
,0,,35166,14485,4.0,2021.0,0,0,-44.10658188984982,33460,15,13623,-16.407477098009004,32021,,14006
,0,,47901,15564,4.0,2021.0,0,0,-43.89887689725786,35619,15,13792,-16.340595226535342,35454,,14158
,0,,40274,14238,4.0,2021.0,0,0,-43.812190660142285,33459,15,13161,-16.624072004778725,34786,,13682
,0,,42623,15229,4.0,2021.0,0,0,-43.911494805809376,29371,15,13388,-16.26443706537452,31254,,13851
,0,,40875,14651,4.0,2021.0,0,0,-43.87454416362557,30411,15,13139,-16.460852959345104,30392,,13523
,0,,37083,14817,4.0,2021.0,0,0,-43.94574667022637,31616,15,13903,-16.576142347918168,33376,,14377
,0,,40168,14531,4.0,2021.0,0,0,-44.167835366176014,34102,15,13344,-16.612595952954102,35023,,13621
,0,,34280,13853,4.0,2021.0,0,0,-43.86570129567802,30790,15,13153,-16.384027487193414,31345,,13362
,0,,45295,14669,4.0,2021.0,0,0,-43.887770119588794,34941,15,13407,-16.53587218670078,35222,,13673
,0,,34954,13919,4.0,2021.0,0,0,-44.17155822743804,33235,15,13189,-16.44333792057387,33484,,13543
,0,,41191,15631,4.0,2021.0,0,0,-43.80977247233985,27837,15,13475,-16.513752834869663,28530,,14029
,0,,40061,14888,4.0,2021.0,0,0,-44.15269582766247,32003,15,13815,-16.36861173331766,32449,,14051
,0,,43704,15701,4.0,2021.0,0,0,-43.84189537120251,31015,15,13652,-16.587688838438414,32672,,14184
,0,,48317,15766,4.0,2021.0,0,0,-44.14790469736367,31592,15,13881,-16.268401135084215,34059,,14628
,0,,38556,15532,4.0,2021.0,0,0,-43.861255234665606,28642,15,13488,-16.54147419847249,30399,,14171
,0,,48738,15645,4.0,2021.0,0,0,-44.14926847330017,31157,15,13663,-16.26927026774443,32833,,14184
,0,,48450,15945,4.0,2021.0,0,0,-43.8560114141992,33612,15,13995,-16.28599269636039,37121,,15014
,0,,40677,15578,4.0,2021.0,0,0,-44.01404343429821,33259,15,13947,-16.34043676663656,35228,,14654
,0,,50392,15956,4.0,2021.0,0,0,-43.96939837081802,31757,15,13824,-16.46535004759585,35528,,14579
,0,,39244,15129,6.0,2021.0,0,0,-44.13358343769704,32527,21,13903,-16.399037963549546,33360,,14313
,0,,46749,15996,6.0,2021.0,0,0,-43.83434077199549,28065,21,13535,-16.304519005683407,29390,,14280
,0,,42333,15949,6.0,2021.0,0,0,-43.8971128335371,26452,21,13606,-16.32108828027922,30620,,14567
,0,,48737,15955,6.0,2021.0,0,0,-43.81399269585138,30764,21,14113,-16.395334828515544,35323,,14784
,0,,45404,15075,4.0,2021.0,0,0,-44.32844494517042,32779,15,13673,-16.493902655728537,35145,,14216
,0,,40516,14855,4.0,2021.0,0,0,-44.20501625260349,32872,15,13936,-16.362652863269115,33552,,14288
,0,,48024,15487,4.0,2021.0,0,0,-44.502656275603584,33538,15,13546,-16.30663472270662,35359,,14109
,0,,46631,15452,4.0,2021.0,0,0,-44.28581411907306,33591,15,14204,-16.418906256303725,37705,,14790
,0,,39648,15517,6.0,2021.0,0,0,-44.47204488811676,30736,21,14302,-16.41016566931134,31675,,14724
,0,,38527,15115,4.0,2021.0,0,0,-44.26809447940678,33525,15,14118,-16.597621275859886,35048,,14606
,0,,40979,15585,4.0,2021.0,0,0,-44.21101998819255,31500,15,13959,-16.62778509121088,34563,,14740
,0,,36495,14839,4.0,2021.0,0,0,-44.21802537670603,28673,15,13425,-16.587688847169797,31520,,14095
,0,,41772,15451,4.0,2021.0,0,0,-44.419454374290574,32231,15,13994,-16.557119845434862,33788,,14588
,0,,48035,16107,6.0,2021.0,0,0,-44.3785555885348,30158,21,13945,-16.383064929898183,34660,,15015
,0,,42754,15525,4.0,2021.0,0,0,-44.44088936194679,32682,15,14015,-16.497911748339742,34199,,14688
,0,,40265,15151,4.0,2021.0,0,0,-44.24183130244774,32396,15,13921,-16.38402751323175,33280,,14296
,0,,45563,15710,4.0,2021.0,0,0,-44.34552838305571,36407,15,13827,-16.465350039662,38488,,14573
,0,,43322,15452,4.0,2021.0,0,0,-44.54396538885018,28364,15,13556,-16.612595895986576,34240,,14567
,0,,45389,15601,6.0,2021.0,0,0,-44.52309212836595,32597,21,13683,-16.292645099960772,33920,,14254
,0,,40164,15440,6.0,2021.0,0,0,-44.273242841970564,32686,21,14169,-16.321088305895415,34428,,14737
,0,,40499,14761,4.0,2021.0,0,0,-44.27500690578386,30526,15,13494,-16.34059524951015,31753,,13839
,0,,43130,15041,4.0,2021.0,0,0,-44.20448633471514,31385,15,13834,-16.34616268764504,34664,,14384
,0,,42038,15134,4.0,2021.0,0,0,-44.51064090269891,28436,15,13168,-16.27657151481172,29784,,13625
,0,,38566,14089,4.0,2021.0,0,0,-44.278731451273465,33266,15,13268,-16.40118770786231,34111,,13529
,0,,39471,15265,4.0,2021.0,0,0,-44.428826768510085,31784,15,14265,-16.517892347332992,33446,,14671
,0,,38299,15087,4.0,2021.0,0,0,-44.18139180134454,31950,15,14069,-16.446775018972044,31698,,14497
,0,,46312,16016,4.0,2021.0,0,0,-44.3218766812237,32340,15,13886,-16.5761423370583,34772,,14797
,0,,40258,15284,4.0,2021.0,0,0,-44.330343713534404,28936,15,13394,-16.332520370071254,30194,,13998
,0,,41658,15672,6.0,2021.0,0,0,-44.79985832478613,27926,21,13561,-16.319182137299844,28456,,14142
,0,,43987,15851,6.0,2021.0,0,0,-44.61173256829782,30196,21,14123,-16.597604249404434,34654,,14701
,0,,44985,15211,4.0,2021.0,0,0,-44.90662857145951,30286,15,13923,-16.276556649916177,33537,,14451
,0,,48881,15060,4.0,2021.0,0,0,-44.70947857280439,32365,15,13544,-16.62396364179525,35062,,14108
,0,,41011,15406,4.0,2021.0,0,0,-44.734321099658615,29786,15,13749,-16.59294935524574,32529,,14253
,0,,42532,15322,6.0,2021.0,0,0,-44.89734991422854,28988,21,13903,-16.41668493159015,32312,,14490
,0,,42813,15530,6.0,2021.0,0,0,-44.9213063247675,29700,21,13875,-16.535814439638262,32341,,14363
,0,,45007,15635,4.0,2021.0,0,0,-44.73478009655945,30725,15,13914,-16.623630415963447,34605,,14513
,0,,38563,15078,4.0,2021.0,0,0,-44.63419916474306,30482,15,14133,-16.318833583543245,32080,,14304
,0,,43575,15905,6.0,2021.0,0,0,-44.70485894804684,26616,21,13656,-16.576815381671953,31235,,14738
,0,,44457,16042,6.0,2021.0,0,0,-44.90046157856786,26956,21,13444,-16.541447445298886,31823,,14664
,0,,42621,14901,6.0,2021.0,0,0,-44.82706317712208,32889,21,13546,-16.28785932465265,36850,,14244
,0,,39326,15481,6.0,2021.0,0,0,-44.875698318473496,28610,21,13750,-16.54541400549935,29306,,14131
,0,,46318,15845,6.0,2021.0,0,0,-44.91955778597616,28479,21,13691,-16.590737312255875,31365,,14524
,0,,43907,15520,4.0,2021.0,0,0,-44.80024370650434,32002,15,13651,-16.401194391076892,36414,,14646
,0,,40661,15219,4.0,2021.0,0,0,-44.60209610760543,32946,15,13635,-16.60112788392886,34962,,14170
,0,,41565,14447,4.0,2021.0,0,0,-44.556782823462896,32813,15,13402,-16.42246090226015,33726,,13776
,0,,49652,15493,4.0,2021.0,0,0,-44.88353936013729,34676,15,13862,-16.409678456005416,35083,,14307
,0,,39572,14781,4.0,2021.0,0,0,-44.69322343217778,32758,15,13960,-16.598661031468403,34620,,14124
,0,,36907,14665,4.0,2021.0,0,0,-44.79986978878752,28632,15,13714,-16.606509522729613,29641,,14068
,0,,42764,15193,4.0,2021.0,0,0,-44.598841862790536,30531,15,13629,-16.507608679568797,32628,,14189
,0,,41217,15034,4.0,2021.0,0,0,-44.732505480772105,32921,15,13602,-16.257652146851104,34066,,14152
,0,,42029,14777,4.0,2021.0,0,0,-44.82102939096897,32203,15,13900,-16.513808759543224,35022,,14227
,0,,37395,15184,4.0,2021.0,0,0,-44.66689923514627,30001,15,13907,-16.54543012468243,31429,,14328
,0,,39383,14863,4.0,2021.0,0,0,-44.70094108840929,30634,15,13703,-16.3908849328088,30924,,13912
,0,,39285,14471,6.0,2021.0,0,0,-44.7980328758653,31204,21,13070,-16.44892067196781,33578,,13514
,0,,43656,14803,4.0,2021.0,0,0,-44.67056074143002,29636,15,13198,-16.531272983410716,31260,,13671
,0,,40074,14773,4.0,2021.0,0,0,-44.552785085261576,28143,15,13207,-16.306601476196867,29436,,13610
,0,,41299,15087,6.0,2021.0,0,0,-44.911805510557386,31278,21,13568,-16.26839189290691,32788,,14172
,0,,46375,15720,4.0,2021.0,0,0,-44.881782226604884,34379,15,14253,-16.383016457310084,37030,,14861
,0,,36233,14755,4.0,2021.0,0,0,-44.782634041916175,32568,15,13886,-16.332517781596938,33350,,14274
,0,,40766,14769,4.0,2021.0,0,0,-44.69194001151676,32377,15,13757,-16.51789831741954,32834,,14049
,0,,37265,14467,4.0,2021.0,0,0,-44.557117116228106,31999,15,13692,-16.345468338650843,33536,,14061
,0,,41560,14923,4.0,2021.0,0,0,-44.873278852086386,32077,15,13209,-16.590411444475812,32711,,13691
,0,,32986,13723,4.0,2021.0,0,0,-44.55873614016869,30107,15,13161,-16.624067159633373,31002,,13394
,0,,40095,15522,4.0,2021.0,0,0,-44.93173697085168,29285,15,14227,-16.46527215361932,31921,,14824
,0,,38406,15338,4.0,2021.0,0,0,-44.974971858566136,30758,15,14125,-16.507608698304406,31746,,14552
,0,,39097,15256,4.0,2021.0,0,0,-44.92891508208146,29211,15,13952,-16.306601490970504,31649,,14444
,0,,35704,14267,4.0,2021.0,0,0,-45.05763043793666,27210,15,13051,-16.475986738162508,29741,,13596
,0,,39702,14894,4.0,2021.0,0,0,-45.05746853519217,27670,15,13439,-16.539280511079298,28312,,13520
,0,,38525,14775,4.0,2021.0,0,0,-45.010734856093855,32452,15,13700,-16.30454759085636,34546,,14288
,0,,40727,15890,4.0,2021.0,0,0,-44.96025857920391,29774,15,13799,-16.43021948969219,31580,,14556
,0,,40513,15059,4.0,2021.0,0,0,-45.01373268927693,31287,15,13643,-16.286008463125448,34162,,14137
,0,,46184,15036,4.0,2021.0,0,0,-44.93258069132878,29444,15,13347,-16.55825175450705,33092,,14138
,0,,43627,15114,4.0,2021.0,0,0,-45.07406828113365,32269,15,13315,-16.518997130969552,32224,,13901
,0,,51074,16080,6.0,2021.0,0,0,-45.01755068859896,30593,21,13976,-16.368656709356816,34283,,14665
,0,,45908,15666,6.0,2021.0,0,0,-44.95365758460582,32610,21,13636,-16.559699400806185,34344,,14395
,0,,39604,15366,4.0,2021.0,0,0,-45.09016190552101,32112,15,14261,-16.321105191521948,34125,,14844
,0,,40746,15326,4.0,2021.0,0,0,-45.12112123456418,31942,15,14424,-16.55684174656778,34191,,14818
,0,,34087,14149,4.0,2021.0,0,0,-44.99989233306215,29010,15,13289,-16.413172748297196,28602,,13614
,0,,34925,14294,4.0,2021.0,0,0,-45.002622857711096,29697,15,13346,-16.410165703366886,28464,,13596
,0,,40478,15075,4.0,2021.0,0,0,-45.04302922938226,30325,15,13618,-16.545430145335768,31795,,14139
,0,,39012,14536,4.0,2021.0,0,0,-45.01058487910222,31234,15,13487,-16.40748705056045,31605,,13846
,0,,38443,15123,4.0,2021.0,0,0,-44.976709907825466,31139,15,13745,-16.28717318752113,31502,,14015
,0,,35619,14624,4.0,2021.0,0,0,-44.92778793667367,28210,15,12941,-16.58765555998664,28711,,13233
,0,,37439,14593,4.0,2021.0,0,0,-44.97822610330868,29810,15,13255,-16.601127904148353,31546,,13817
,0,,40116,15129,4.0,2021.0,0,0,-44.95283307649049,32677,15,13844,-16.616742762070743,35570,,14586
,0,,37371,14025,4.0,2021.0,0,0,-44.9613000588602,30483,15,13171,-16.62778362827039,31681,,13478
,0,,44614,14879,4.0,2021.0,0,0,-45.0781170139781,32513,15,13490,-16.34051965657128,35122,,14090
,0,,45359,15275,4.0,2021.0,0,0,-45.06807000518839,32587,15,13514,-16.517898338148612,34408,,13977
,0,,39317,15255,6.0,2021.0,0,0,-44.93324711295045,28382,21,13520,-16.345468354101868,30901,,14036
,0,,27500,13958,9.0,2021.0,0,0,-43.45442655831656,24298,29,13159,-16.963591085271855,25292,,13321
,0,,23214,13328,9.0,2021.0,0,0,-43.51164323697714,21999,29,12813,-16.9087150335426,22553,,13176
,65535,,17562,8061,8.0,2021.0,65535,65535,-45.02550363884022,13492,33,5172,-16.693972620196917,13728,,5699
,65535,,17530,7925,8.0,2021.0,65535,65535,-45.06385590042356,14104,33,5207,-16.36270440749606,13724,,5357
,0,,39970,15756,0.0,2022.0,0,0,-43.68145865540325,26301,3,13595,-16.89183460238541,29006,,14412
,0,,40621,15737,0.0,2022.0,0,0,-43.47988163682476,29003,3,13836,-16.65888339564138,32865,,14689
,0,,34414,15367,0.0,2022.0,0,0,-43.53355635762442,25263,3,13755,-16.791771829295186,28458,,14538
,0,,36726,15159,1.0,2022.0,0,0,-43.71978695240031,28224,4,13341,-16.78303262636979,28669,,13848
,0,,32937,14634,1.0,2022.0,0,0,-43.441665095392416,26858,4,13352,-16.660041319295544,27780,,13820
,0,,31097,14504,1.0,2022.0,0,0,-43.77251659401104,28719,4,13974,-16.905922976705845,28652,,14064
,0,,38723,16101,1.0,2022.0,0,0,-43.603359323461284,25408,4,13721,-16.63054907539588,27762,,14574
,0,,43432,15712,1.0,2022.0,0,0,-43.714022954010865,29331,4,14009,-16.786043571351087,33075,,14720
,0,,33705,14511,1.0,2022.0,0,0,-43.71557813975033,30518,4,13620,-16.7183978402154,31541,,13930
,0,,41958,15678,1.0,2022.0,0,0,-43.637631965077134,26058,4,13534,-16.79540148237469,31292,,14607
,0,,39420,15385,1.0,2022.0,0,0,-43.72585582866657,28252,4,13966,-16.673875324091078,31145,,14491
,0,,42543,16179,1.0,2022.0,0,0,-43.57808516611792,28496,4,14199,-16.70540282676292,32446,,14912
,0,,30539,14185,1.0,2022.0,0,0,-43.45011145773664,27012,4,13349,-16.659557538769615,28276,,13746
,0,,34872,14789,1.0,2022.0,0,0,-43.730453706624495,31679,4,14140,-16.78034442476028,31839,,14428
,0,,37370,15427,1.0,2022.0,0,0,-43.66719552192755,30224,4,14117,-16.92995889627611,31797,,14646
,0,,31469,14841,1.0,2022.0,0,0,-43.46939730118609,28300,4,13933,-16.726433039425796,28946,,14346
,0,,35095,15295,1.0,2022.0,0,0,-43.782707272396195,29155,4,14335,-16.633286397763133,31703,,14795
,0,,31812,14328,1.0,2022.0,0,0,-43.79170537454696,30056,4,13865,-16.985422833475862,30049,,14151
,0,,29384,14623,1.0,2022.0,0,0,-43.51989532995726,27140,4,14018,-16.93257971330773,27929,,14412
,0,,31415,14667,1.0,2022.0,0,0,-43.7795921851936,29113,4,13722,-16.925116400498226,28498,,14209
,0,,30563,14349,1.0,2022.0,0,0,-43.50263308961414,28584,4,13907,-16.973974797318863,29357,,14223
,0,,32979,15118,1.0,2022.0,0,0,-43.52647332033536,29764,4,14308,-16.77405664186229,31207,,14735
,0,,40446,15556,1.0,2022.0,0,0,-43.489376895307984,31088,4,14243,-16.71336928166784,33197,,14782
,0,,37409,15325,1.0,2022.0,0,0,-43.45821100371299,32788,4,14477,-16.677405843075746,34083,,14881
,0,,40582,15792,1.0,2022.0,0,0,-43.52274795215191,31640,4,14560,-16.713475832684534,36086,,15276
,0,,41753,15844,1.0,2022.0,0,0,-43.690304718433794,32643,4,14360,-16.929665018531434,35800,,15031
,0,,31713,14126,1.0,2022.0,0,0,-43.4587600784185,28752,4,13598,-17.000609583331375,29421,,13802
,0,,34990,15696,0.0,2022.0,0,0,-43.979489316559636,25791,3,14134,-16.630549086724344,27680,,14541
,0,,33100,15098,1.0,2022.0,0,0,-43.89196558186315,27904,4,14011,-16.970452240320068,29570,,14653
,0,,32753,14916,1.0,2022.0,0,0,-43.96994679749775,29209,4,14198,-16.88050258578178,30627,,14546
,0,,37698,15347,1.0,2022.0,0,0,-43.813992984645154,33496,4,14571,-16.768203838522208,33872,,14874
,0,,37863,15417,1.0,2022.0,0,0,-43.81779508012037,29235,4,14181,-16.66004132598329,33087,,14957
,0,,33909,14820,1.0,2022.0,0,0,-44.15883727477673,28734,4,13923,-16.633286411961087,30286,,14393
,0,,36202,15036,1.0,2022.0,0,0,-43.98487000396049,31310,4,14157,-16.69207640610164,33323,,14658
,0,,32016,14845,1.0,2022.0,0,0,-44.00242875076021,28281,4,14075,-16.755937682156077,29784,,14441
,0,,34223,15213,1.0,2022.0,0,0,-43.95231861956828,30332,4,14554,-16.86675399078788,30957,,14883
,0,,34951,15509,1.0,2022.0,0,0,-43.83489006403743,26731,4,13401,-17.000609568106402,28305,,14377
,0,,34404,14417,1.0,2022.0,0,0,-44.02050790282894,31944,4,13849,-16.912127592429275,31813,,14069
,0,,36277,15240,1.0,2022.0,0,0,-44.13358455753746,32386,4,14614,-16.77190657194428,33369,,14837
,0,,37606,15298,1.0,2022.0,0,0,-43.81369904318968,31054,4,14077,-16.763688840230394,33973,,14688
,0,,37402,15754,1.0,2022.0,0,0,-44.1065837062981,29214,4,14618,-16.78034442950773,32470,,15216
,0,,30412,14163,1.0,2022.0,0,0,-43.88073604440662,28374,4,13716,-16.867279742622515,28808,,13998
,0,,35868,14678,1.0,2022.0,0,0,-43.82100074637654,32555,4,14045,-16.88841552206357,33472,,14334
,0,,32712,15010,1.0,2022.0,0,0,-43.94156156082064,28925,4,14368,-16.786825154266882,30250,,14675
,0,,39163,15844,0.0,2022.0,0,0,-44.152696481638614,30128,3,14337,-16.74148591937987,33364,,15059
,0,,32480,15140,1.0,2022.0,0,0,-44.04361344131785,30205,4,14582,-16.660761146654803,30415,,14900
,0,,28139,14406,1.0,2022.0,0,0,-43.88777322531876,27089,4,13867,-16.90871502481779,27066,,14163
,0,,36393,15483,1.0,2022.0,0,0,-44.07197696395579,31269,4,14647,-16.746308213972394,32779,,15128
,0,,39481,15188,1.0,2022.0,0,0,-44.052698408315315,32041,4,14310,-16.890738901575507,34559,,14727
,0,,37023,15380,1.0,2022.0,0,0,-44.01404565586259,30849,4,14675,-16.713317709928237,33763,,15054
,0,,42660,16080,0.0,2022.0,0,0,-43.91149491008823,27475,3,14038,-16.637332465470973,33196,,14987
,0,,37402,15527,0.0,2022.0,0,0,-43.94043763004719,29109,3,14247,-16.95025752557399,32534,,14843
,0,,39795,16035,0.0,2022.0,0,0,-44.011163163576235,25765,3,13615,-16.695051085533446,31351,,14939
,0,,44046,15896,0.0,2022.0,0,0,-44.043325518324004,30365,3,14187,-16.929958891247928,35103,,14905
,0,,33977,14842,1.0,2022.0,0,0,-43.87639341980413,31670,4,14270,-16.93113992627876,33376,,14639
,0,,36201,15568,1.0,2022.0,0,0,-44.009165424386254,26633,4,14026,-16.751807470452192,27106,,14282
,0,,31397,14408,1.0,2022.0,0,0,-43.954215157904265,26965,4,13487,-16.705402832743324,28654,,13917
,0,,35242,15012,1.0,2022.0,0,0,-43.84189708268637,31157,4,14167,-16.96052115549611,31746,,14598
,0,,36066,14784,1.0,2022.0,0,0,-43.83055654370275,32881,4,14060,-16.963591071924924,33987,,14396
,0,,41700,15127,1.0,2022.0,0,0,-43.97730471749858,31617,4,13740,-16.78259636013626,34182,,14256
,0,,32890,15068,1.0,2022.0,0,0,-44.01781167543094,30734,4,14537,-16.90412523445105,30791,,14755
,0,,38767,15639,1.0,2022.0,0,0,-44.23240113931548,31906,4,14569,-16.659578232498287,34222,,15102
,0,,31097,14567,1.0,2022.0,0,0,-44.29444566216964,27650,4,13817,-16.719089576965203,28588,,14201
,0,,36237,15650,0.0,2022.0,0,0,-44.24175011281261,27552,3,14167,-16.66260767346758,31094,,14985
,0,,38521,15721,1.0,2022.0,0,0,-44.189379281984564,31878,4,14659,-16.746255050826093,34946,,15167
,0,,34795,15343,1.0,2022.0,0,0,-44.261471650211675,29840,4,14351,-16.65889947081186,30409,,14798
,0,,33540,15281,1.0,2022.0,0,0,-44.32965370015719,31302,4,14810,-16.76827170749629,31996,,15112
,0,,36301,15459,0.0,2022.0,0,0,-44.42231839625778,28236,3,13641,-16.64779382696773,30768,,14492
,0,,40267,15603,1.0,2022.0,0,0,-44.180986817472856,34129,4,14849,-16.718346819322,36778,,15157
,0,,30808,14907,1.0,2022.0,0,0,-44.258322538367615,29250,4,14342,-16.780354607227988,29485,,14632
,0,,33966,15029,1.0,2022.0,0,0,-44.42411149059044,28130,4,14070,-16.77406348089325,29461,,14524
,0,,39064,15739,1.0,2022.0,0,0,-44.33790023928445,32213,4,14570,-16.69398987988142,34472,,15141
,0,,31274,14734,1.0,2022.0,0,0,-44.18065260789941,28032,4,14040,-16.79532453368024,28711,,14370
,0,,32617,14988,1.0,2022.0,0,0,-44.32480739262089,29553,4,14328,-16.76375615352318,30666,,14718
,0,,32683,15076,1.0,2022.0,0,0,-44.311592813554235,30813,4,14451,-16.7355809888393,31462,,14820
,0,,39281,15699,1.0,2022.0,0,0,-44.53049852867263,31033,4,14530,-16.64944853288828,33445,,15180
,0,,34651,15281,1.0,2022.0,0,0,-44.54342755223646,30779,4,14464,-16.963568474335723,31981,,14870
,0,,34022,15156,1.0,2022.0,0,0,-44.42372736310537,30154,4,14386,-16.692067023820883,30661,,14782
,0,,37016,15484,1.0,2022.0,0,0,-44.47593469705725,33229,4,14789,-16.786798052772326,34028,,15143
,0,,33705,14902,1.0,2022.0,0,0,-44.40790075097967,29579,4,14050,-16.97038455989075,29979,,14450
,0,,33652,15061,1.0,2022.0,0,0,-44.49956656288993,29668,4,14214,-16.918254578426822,30685,,14788
,0,,34415,14695,1.0,2022.0,0,0,-44.52121936804622,27219,4,13511,-16.789549979147733,27742,,13894
,0,,33466,15011,1.0,2022.0,0,0,-44.45360795953583,29729,4,14430,-16.925166577092558,29873,,14622
,0,,33200,14673,1.0,2022.0,0,0,-44.49296959729132,29927,4,14048,-16.91675089686395,29844,,14303
,0,,36617,15402,1.0,2022.0,0,0,-44.381730498384954,31895,4,14638,-16.641145723810737,32973,,15021
,0,,33454,14877,1.0,2022.0,0,0,-44.500375564740544,30192,4,14238,-16.9119657856251,30497,,14522
,0,,32919,14819,1.0,2022.0,0,0,-44.2503607590689,31360,4,14417,-16.783032661997414,31344,,14650
,0,,29459,13900,1.0,2022.0,0,0,-44.44905775868745,26999,4,13691,-16.791766939184267,27469,,13691
,0,,38383,15183,1.0,2022.0,0,0,-44.50740857873697,32491,4,14145,-16.78254505865278,34020,,14747
,0,,41049,15376,1.0,2022.0,0,0,-44.53855236528367,30513,4,14082,-16.63328334137136,32915,,14568
,0,,35760,15109,1.0,2022.0,0,0,-44.40650271445937,29967,4,14099,-16.70540019258223,30297,,14424
,0,,35352,14788,1.0,2022.0,0,0,-44.22271109705153,32542,4,14310,-16.880456538406882,32104,,14442
,0,,34220,14801,1.0,2022.0,0,0,-44.25847314614561,29679,4,13862,-16.677434996516055,30928,,14298
,0,,34657,15116,1.0,2022.0,0,0,-44.5056515546199,31021,4,14471,-16.75588821911592,31053,,14790
,0,,33030,14717,1.0,2022.0,0,0,-44.30770746539205,28455,4,13769,-16.870770555470358,29694,,14378
,0,,36894,15175,1.0,2022.0,0,0,-44.45301933623636,30348,4,14256,-16.69503248768335,32131,,14553
,0,,34690,14113,1.0,2022.0,0,0,-44.24763033533943,32407,4,13746,-16.786039097761517,33558,,13999
,0,,34105,14892,1.0,2022.0,0,0,-44.356375451848635,33420,4,14573,-16.6305490840633,34128,,14793
,0,,38266,15991,0.0,2022.0,0,0,-44.746433187386984,26878,3,14023,-16.641146519976182,31004,,15028
,0,,37304,16037,0.0,2022.0,0,0,-44.58715008948076,28813,3,14091,-17.000609590796657,29012,,14875
,0,,36078,14980,1.0,2022.0,0,0,-44.65486333378426,29454,4,14152,-16.774056626771543,30467,,14496
,0,,39137,14916,1.0,2022.0,0,0,-44.75838769769679,27300,4,13360,-16.949652251991843,30150,,13939
,0,,34901,15158,1.0,2022.0,0,0,-44.92009539733449,27983,4,13944,-16.985422818648043,29198,,14508
,0,,34275,15068,1.0,2022.0,0,0,-44.86732838967132,28536,4,14094,-16.77485283764073,29688,,14510
,0,,34105,14761,1.0,2022.0,0,0,-44.84396815986741,28693,4,13886,-16.718397823116995,29541,,14239
,0,,31857,14871,1.0,2022.0,0,0,-44.59778731262058,28169,4,14179,-16.72643301675921,28470,,14528
,0,,32610,15056,1.0,2022.0,0,0,-44.617766907446175,27882,4,14288,-16.71336925797807,29032,,14682
,0,,33647,15142,1.0,2022.0,0,0,-44.70647518138376,29379,4,14277,-16.705402804722315,30853,,14723
,0,,32741,14900,1.0,2022.0,0,0,-44.617962390517874,27596,4,14045,-16.756899375032123,29299,,14508
,0,,31686,14834,1.0,2022.0,0,0,-44.722206820736176,28436,4,14128,-16.880502585842653,28571,,14410
,0,,35139,15199,1.0,2022.0,0,0,-44.56625301043723,30368,4,14561,-16.768203820637183,31225,,14917
,0,,36383,15328,1.0,2022.0,0,0,-44.56203290187385,31105,4,14376,-16.88659893425401,31207,,14819
,0,,34213,15048,1.0,2022.0,0,0,-44.72956474061059,30521,4,14478,-16.782596347118826,30785,,14672
,0,,36149,15034,1.0,2022.0,0,0,-44.91109729487247,29755,4,13952,-16.633286372904692,30679,,14409
,0,,39648,15150,1.0,2022.0,0,0,-44.752115040435605,29964,4,13649,-16.918282924718454,30748,,14039
,0,,36066,15371,1.0,2022.0,0,0,-44.58281656922925,30799,4,14537,-16.963591091468928,33159,,14933
,0,,39816,15607,1.0,2022.0,0,0,-44.58114668649644,32081,4,14601,-16.735528349761996,35229,,15119
,0,,37259,15284,1.0,2022.0,0,0,-44.63102310222564,32527,4,14709,-16.973974801179043,33910,,15052
,0,,41191,15755,1.0,2022.0,0,0,-44.56595906898558,31117,4,14441,-16.763688821486994,34338,,15180
,0,,39335,15661,1.0,2022.0,0,0,-44.604521600637476,33953,4,15034,-16.8217470290369,33570,,15216
,0,,37092,15006,1.0,2022.0,0,0,-44.608271648626115,26555,4,13644,-16.658883364929462,28535,,13987
,0,,36188,15164,1.0,2022.0,0,0,-44.85314289712875,31645,4,14541,-16.739029714610233,32955,,14879
,0,,36468,15187,1.0,2022.0,0,0,-44.594157108029016,32315,4,14607,-16.96052117432806,33054,,14902
,0,,36198,15179,1.0,2022.0,0,0,-44.580616698291685,31551,4,14247,-16.719041342472806,33251,,14662
,0,,43184,15997,0.0,2022.0,0,0,-45.13081876568342,29183,3,14430,-16.7559376674643,33198,,15093
,0,,38982,15827,0.0,2022.0,0,0,-44.96273101080338,24986,3,13569,-16.67740582659099,29597,,14750
,0,,37862,14794,0.0,2022.0,0,0,-44.957276682671335,29962,3,13576,-16.73552835272843,29817,,13837
,0,,39378,15558,1.0,2022.0,0,0,-45.137555439045876,30515,4,14348,-16.751807455869923,32878,,14811
,0,,30548,14790,1.0,2022.0,0,0,-45.113260019571086,26738,4,14071,-16.692076389093724,27522,,14367
,0,,39097,15608,1.0,2022.0,0,0,-44.93816289848052,30858,4,14249,-16.886598912186887,33493,,14978
,0,,35553,15277,1.0,2022.0,0,0,-45.11714319036812,32616,4,14874,-16.99645678451515,34002,,15129
,0,,40352,15765,1.0,2022.0,0,0,-45.161694412233544,28150,4,14086,-16.8031332914172,31114,,14903
,0,,36452,15217,1.0,2022.0,0,0,-45.082605174714516,31712,4,14165,-16.705402815092544,33122,,14670
,0,,35399,15083,1.0,2022.0,0,0,-44.949390768405436,29725,4,13877,-16.888415505023662,31469,,14498
,0,,34446,14718,1.0,2022.0,0,0,-44.94793472618751,29934,4,13815,-16.69167805273079,30198,,14231
,0,,36199,15121,1.0,2022.0,0,0,-45.12824503271926,26463,4,13619,-16.918282914580733,27883,,14172
,0,,31654,14527,1.0,2022.0,0,0,-45.02441533781569,29112,4,13994,-16.93257969025818,29774,,14295
,0,,33240,14582,1.0,2022.0,0,0,-45.020355601111305,29926,4,14104,-16.970452228040337,30185,,14367
,0,,29890,14205,1.0,2022.0,0,0,-45.10569473340603,27167,4,13623,-16.782596345344622,27547,,13810
,0,,29692,14151,1.0,2022.0,0,0,-45.112430442199866,26477,4,13423,-16.789611627332935,26997,,13775
,0,,31540,14188,1.0,2022.0,0,0,-45.06882764739822,29759,4,13766,-16.95025751441999,30041,,13992
,0,,30956,14272,1.0,2022.0,0,0,-45.097792501758235,29861,4,13926,-16.838206908346717,29715,,14054
,0,,29771,14207,1.0,2022.0,0,0,-44.9632800855141,29197,4,13464,-17.00060955468969,28590,,13628
,0,,30517,14445,1.0,2022.0,0,0,-44.31656465081318,28816,4,13959,-16.20451526476877,29578,,14254
,0,,37989,15360,1.0,2022.0,0,0,-44.36488290724903,31655,4,14314,-16.25073215691987,33028,,14847
,0,,36985,15282,1.0,2022.0,0,0,-44.5318518785386,31833,4,14384,-16.179367035766617,31811,,14675
,0,,43618,15146,1.0,2022.0,0,0,-44.38324872077793,30687,4,14051,-16.150499810075942,34301,,14556
,0,,43048,15948,1.0,2022.0,0,0,-44.203559849935395,32536,4,14455,-16.170979906329826,36583,,15246
,0,,39574,15129,1.0,2022.0,0,0,-44.28581188924144,28950,4,13945,-16.04596878675002,32544,,14529
,0,,35769,14776,1.0,2022.0,0,0,-44.28762471102534,32781,4,14184,-15.891469819088153,33074,,14416
,0,,35927,15214,1.0,2022.0,0,0,-44.38225551661678,32364,4,14410,-16.203909603947658,32044,,14605
,0,,39792,15367,1.0,2022.0,0,0,-44.54396537766548,31941,4,14266,-16.239697130376786,32615,,14714
,0,,42237,15129,1.0,2022.0,0,0,-44.328441271568614,31507,4,14075,-16.120979436318187,32520,,14203
,0,,40109,15366,1.0,2022.0,0,0,-44.53690067490326,30920,4,13800,-16.217478631793263,34890,,14776
,0,,37539,15435,1.0,2022.0,0,0,-44.528825197706304,27168,4,13754,-15.995665649169275,31695,,14688
,0,,35735,15328,1.0,2022.0,0,0,-44.52539795991645,26457,4,13396,-15.896304987526229,27706,,14072
,0,,35913,15081,1.0,2022.0,0,0,-44.51064008942001,26607,4,13523,-15.903607444889412,28758,,14149
,0,,35603,15048,1.0,2022.0,0,0,-44.53496698134992,29550,4,14041,-15.887424618377123,30944,,14594
,0,,34372,15218,1.0,2022.0,0,0,-44.44726291608522,27551,4,14094,-16.233599962391246,28355,,14545
,0,,39450,15420,1.0,2022.0,0,0,-44.19712922848101,29588,4,14120,-16.14265180205622,31249,,14501
,0,,34175,15246,1.0,2022.0,0,0,-44.27500586532718,29530,4,14091,-15.96764275870056,29352,,14587
,0,,29886,14328,1.0,2022.0,0,0,-44.19567436734258,28214,4,13864,-15.945838512042457,28153,,14044
,0,,36224,15231,1.0,2022.0,0,0,-44.37598144445439,30649,4,14298,-16.17252815942116,31466,,14735
,0,,33694,15024,1.0,2022.0,0,0,-44.190122412019456,29293,4,14142,-16.022393974546393,31455,,14544
,0,,29271,13945,1.0,2022.0,0,0,-44.21047056048134,27546,4,13386,-15.931560329115408,28048,,13641
,0,,34659,15295,1.0,2022.0,0,0,-44.25251822545545,30265,4,14443,-16.185391237044676,31573,,14935
,0,,30592,14485,1.0,2022.0,0,0,-44.23214121177869,27271,4,13746,-15.913030153574882,28015,,14079
,0,,30111,14162,1.0,2022.0,0,0,-44.27215056672005,30098,4,13890,-16.186831196328434,30149,,14014
,0,,38949,15765,1.0,2022.0,0,0,-44.46783248466208,26285,4,13625,-15.972567068238492,28514,,14255
,0,,39396,15812,1.0,2022.0,0,0,-44.39393793523375,31546,4,14597,-16.15836509051986,34069,,15074
,0,,36677,15614,1.0,2022.0,0,0,-44.19392493110198,30775,4,14461,-15.91418961545728,33502,,15117
,0,,39359,15485,1.0,2022.0,0,0,-44.42882511755892,31345,4,14364,-16.144973930029444,33623,,14920
,0,,34718,15176,1.0,2022.0,0,0,-44.22838898436313,31806,4,14585,-16.075956706373017,32379,,14908
,0,,33658,14918,1.0,2022.0,0,0,-44.25489101830017,29966,4,14229,-16.228242567700573,30505,,14568
,0,,34932,15114,1.0,2022.0,0,0,-44.20501584076311,29874,4,14075,-15.98970543572359,31488,,14611
,0,,28674,14315,1.0,2022.0,0,0,-44.34552428185564,28536,4,14054,-16.092421278066112,28242,,14178
,0,,35900,15619,1.0,2022.0,0,0,-44.4330786687299,30633,4,14348,-16.162454442214475,32458,,15051
,0,,35176,15404,1.0,2022.0,0,0,-44.221656146206044,31724,4,14611,-15.980606121529615,32937,,15071
,0,,34491,15321,1.0,2022.0,0,0,-44.21101990747164,32380,4,14703,-16.254888706037015,32428,,15041
,0,,38781,15770,1.0,2022.0,0,0,-44.2418302360094,32623,4,14829,-16.011083723213876,33721,,15261
,0,,33475,15168,1.0,2022.0,0,0,-44.218023670877834,29265,4,14256,-16.214784633603234,30523,,14849
,0,,38296,15655,1.0,2022.0,0,0,-44.43371552730062,31090,4,14497,-16.146070116396842,33921,,15157
,0,,40327,15490,1.0,2022.0,0,0,-44.215792676133894,29045,4,14016,-16.16620636719722,32159,,14699
,0,,39711,15680,1.0,2022.0,0,0,-44.48271009882073,26407,4,13461,-16.03453786368696,29744,,14393
,0,,36836,15613,1.0,2022.0,0,0,-44.20237123564926,32279,4,14764,-15.913705382775742,34242,,15298
,0,,36985,15303,1.0,2022.0,0,0,-44.1859020737949,31717,4,14486,-16.14083487561618,32690,,14877
,0,,34646,15286,1.0,2022.0,0,0,-44.52477603673544,31523,4,14565,-16.160165985069,31884,,14946
,0,,39739,15580,1.0,2022.0,0,0,-44.46068127556658,31795,4,14181,-16.10304433421609,33886,,14862
,0,,36045,15391,1.0,2022.0,0,0,-44.26389703201245,34501,4,14883,-16.1629574580949,34432,,15196
,0,,34114,14849,1.0,2022.0,0,0,-44.20668380189008,28174,4,13952,-16.21785605710128,30036,,14355
,0,,43496,15709,0.0,2022.0,0,0,-44.208633463769566,31572,3,14379,-16.17249210795371,33614,,14910
,0,,33030,14332,1.0,2022.0,0,0,-44.31768601594461,28007,4,13298,-16.041019841207913,29969,,13833
,0,,33819,14696,1.0,2022.0,0,0,-44.34607072230445,32251,4,14303,-16.134733252197332,32351,,14503
,0,,33269,15139,1.0,2022.0,0,0,-44.63460145954056,30777,4,14136,-17.05025049652293,30597,,14585
,0,,32364,14734,1.0,2022.0,0,0,-44.91468235854457,30528,4,13968,-17.00610636970627,29764,,14413
,0,,35427,15084,1.0,2022.0,0,0,-44.732505443432444,30501,4,14103,-17.003374132570336,31887,,14580
,0,,37365,15706,0.0,2022.0,0,0,-44.88178088020924,28565,3,13723,-17.128688111374444,29650,,14506
,0,,42175,15840,1.0,2022.0,0,0,-44.91180547303005,27376,4,13531,-17.014106795133596,28044,,14417
,0,,40409,15894,0.0,2022.0,0,0,-44.63760063622538,27690,3,13871,-17.031718574361793,31603,,14752
,0,,37851,15771,0.0,2022.0,0,0,-44.82914856973627,25449,3,13657,-17.06784470453668,29714,,14576
,0,,42529,16133,0.0,2022.0,0,0,-44.90662848211711,27364,3,13698,-17.022268577220707,31398,,14537
,0,,28390,13982,1.0,2022.0,0,0,-45.107879348243,27782,4,13657,-17.003374096632193,27841,,13854
,0,,29173,14191,1.0,2022.0,0,0,-45.025504427710366,26178,4,13516,-17.066785066547304,28887,,14091
,0,,29667,14531,1.0,2022.0,0,0,-45.11243411896791,30400,4,14206,-17.1624060102406,28627,,14260
,0,,29543,14395,1.0,2022.0,0,0,-45.130821952627834,27731,4,13588,-17.128738522710776,27585,,14080
,0,,32123,15216,1.0,2022.0,0,0,-44.994093459344185,33548,4,14729,-17.129699389677487,32009,,15051
,0,,28644,14087,1.0,2022.0,0,0,-44.956747038431736,27806,4,13517,-17.0918481664763,26555,,13807
,0,,29370,14035,1.0,2022.0,0,0,-44.95727709721639,27943,4,13349,-17.108332002786767,27481,,13677
,0,,36431,15009,1.0,2022.0,0,0,-45.00293806777955,31631,4,13957,-17.206495437031943,32608,,14429
,0,,31891,14547,1.0,2022.0,0,0,-44.94793489755815,30487,4,13991,-17.064490007568022,29925,,14225
,0,,32584,14553,1.0,2022.0,0,0,-45.03988503316279,29882,4,14215,-17.01015591334841,31663,,14368
,0,,32354,14316,1.0,2022.0,0,0,-44.94618517926533,31638,4,13944,-17.032859324469964,30004,,14043
,0,,32233,14276,1.0,2022.0,0,0,-44.96273122881869,31352,4,13859,-17.050220753354754,31559,,14138
,0,,33083,14230,1.0,2022.0,0,0,-44.96093487602714,33152,4,13817,-17.03540386130843,32719,,14021
,0,,33783,14219,1.0,2022.0,0,0,-45.08260663541263,31603,4,13748,-17.07821337933667,33091,,13932
,0,,31950,14107,1.0,2022.0,0,0,-45.03099520146958,31093,4,13663,-17.146853686551548,30103,,13952
,0,,40912,16100,0.0,2022.0,0,0,-43.97242108626258,26150,3,13744,-16.598665343276263,31625,,15030
,0,,39640,15833,0.0,2022.0,0,0,-43.98486857075279,25304,3,13510,-16.319191319178852,29239,,14477
,0,,39917,15777,1.0,2022.0,0,0,-44.04332435815205,32127,4,14687,-16.55711987414947,34270,,15224
,0,,32787,15353,1.0,2022.0,0,0,-44.03330097219323,28093,4,14552,-16.430269767682244,28804,,14887
,0,,33010,14438,1.0,2022.0,0,0,-43.96994374874081,29247,4,13912,-16.50765387081115,30910,,14189
,0,,33003,15269,1.0,2022.0,0,0,-44.10990168515776,29498,4,14444,-16.626759529858795,30125,,14815
,0,,39046,15594,1.0,2022.0,0,0,-43.99985322117551,32962,4,14766,-16.545441500221482,35201,,15229
,0,,35511,15439,1.0,2022.0,0,0,-43.94155877845796,30146,4,14552,-16.41395843785758,31579,,14896
,0,,33692,15053,1.0,2022.0,0,0,-44.01375790368698,27571,4,14170,-16.422536382281233,28872,,14391
,0,,35445,15472,1.0,2022.0,0,0,-44.100880538037046,31139,4,14515,-16.366154371907516,33243,,15164
,0,,35807,15380,1.0,2022.0,0,0,-44.00612658694088,32289,4,14638,-16.576816888771265,34008,,15055
,0,,36198,15445,1.0,2022.0,0,0,-43.9523149338326,28295,4,14218,-16.493902662256918,30980,,14861
,0,,34680,15271,1.0,2022.0,0,0,-43.98403676220428,31008,4,14554,-16.416745377999767,32130,,14904
,0,,37004,15647,1.0,2022.0,0,0,-44.066433758351835,32358,4,14962,-16.55682609613339,34759,,15325
,0,,30303,14366,1.0,2022.0,0,0,-44.08455292574797,27090,4,13561,-16.475970603846143,28882,,14038
,0,,39875,15543,1.0,2022.0,0,0,-44.05269675188131,30346,4,14247,-16.517892375212693,32923,,14837
,0,,34440,15306,1.0,2022.0,0,0,-43.97730134037505,30551,4,14401,-16.409728744468413,31897,,14912
,0,,39338,15464,1.0,2022.0,0,0,-43.89196447124991,29460,4,14097,-16.597621277633486,31907,,14770
,0,,41453,15757,1.0,2022.0,0,0,-44.16077071232462,33000,4,14567,-16.590381855451945,35641,,15155
,0,,42382,15937,1.0,2022.0,0,0,-44.0719737803576,28378,4,14108,-16.37343396874706,33354,,15036
,0,,35038,15008,1.0,2022.0,0,0,-43.979489300718626,32176,4,14331,-16.257652126518405,32298,,14656
,0,,42666,15676,1.0,2022.0,0,0,-43.878762042455755,28367,4,14009,-16.601144626729493,31069,,14641
,0,,42291,15463,1.0,2022.0,0,0,-43.88073360563124,31685,4,14091,-16.494428975905663,34721,,14642
,0,,36494,15287,1.0,2022.0,0,0,-43.82624133677155,28906,4,13832,-16.286667378062376,31958,,14573
,0,,34062,15088,1.0,2022.0,0,0,-44.15572202168197,28542,4,13885,-16.55227768449444,30858,,14454
,0,,40198,15553,1.0,2022.0,0,0,-44.134510881769025,29092,4,14079,-16.276571541480692,31646,,14641
,0,,33625,14790,1.0,2022.0,0,0,-43.96311291279818,29004,4,13969,-16.623964385238114,29996,,14362
,0,,32949,14378,1.0,2022.0,0,0,-44.0575870788704,31529,4,13790,-16.518988317919476,32103,,14067
,0,,42591,15977,1.0,2022.0,0,0,-44.13358343769704,31515,4,14066,-16.399037963549546,33890,,14813
,0,,34212,15044,1.0,2022.0,0,0,-44.12652625509902,31174,4,14219,-16.306634750693345,30845,,14591
,0,,32585,14590,1.0,2022.0,0,0,-44.00916225140581,29662,4,13709,-16.378933942304624,29940,,14134
,0,,35177,14415,1.0,2022.0,0,0,-44.09015074566663,31423,4,13555,-16.41317716384639,32367,,13885
,0,,36691,14975,1.0,2022.0,0,0,-43.8455267130032,31831,4,14299,-16.353555504659802,33312,,14592
,0,,34992,15053,1.0,2022.0,0,0,-44.04361250537096,28414,4,13903,-16.287870188442582,28783,,14038
,0,,39424,15560,0.0,2022.0,0,0,-44.48603170479605,29295,3,14162,-16.626759483360164,31357,,14469
,0,,41369,16089,0.0,2022.0,0,0,-44.27215294296726,27363,3,14180,-16.559741398599506,32057,,15178
,0,,37593,15753,0.0,2022.0,0,0,-44.52403471900252,28330,3,14442,-16.26840110610164,29667,,14955
,0,,36116,15644,0.0,2022.0,0,0,-44.20863471697482,30577,3,14658,-16.545404344349958,32339,,15175
,0,,34231,15108,1.0,2022.0,0,0,-44.40418769006801,30451,4,14235,-16.27490483810954,30876,,14691
,0,,38156,15203,1.0,2022.0,0,0,-44.2373852411933,31460,4,14178,-16.541474207682246,32283,,14646
,0,,37802,15477,1.0,2022.0,0,0,-44.44047801004199,29875,4,14493,-16.597543415026866,30089,,14751
,0,,37229,14965,1.0,2022.0,0,0,-44.53185204372015,31038,4,14316,-16.55227763401836,31634,,14521
,0,,39779,15698,1.0,2022.0,0,0,-44.26390012751809,29771,4,13844,-16.535872190155416,32315,,14614
,0,,38234,15340,1.0,2022.0,0,0,-44.25686361319015,30949,4,14217,-16.494428985767872,31690,,14716
,0,,31069,14460,1.0,2022.0,0,0,-44.21047077710223,29784,4,14086,-16.304519048339802,29789,,14316
,0,,42988,15700,1.0,2022.0,0,0,-44.536900734627594,29896,4,14083,-16.59038180140009,33654,,14859
,0,,31890,14864,1.0,2022.0,0,0,-44.370302904677246,26311,4,13739,-16.26825165704697,27376,,14190
,0,,34703,15158,1.0,2022.0,0,0,-44.5476882503066,28891,4,14276,-16.44333787441584,29975,,14757
,0,,33086,15243,1.0,2022.0,0,0,-44.36655082674579,28250,4,14428,-16.612316483915844,30028,,14791
,0,,34199,15143,1.0,2022.0,0,0,-44.442563775705025,29915,4,14396,-16.556826062903166,30222,,14735
,0,,35013,15231,1.0,2022.0,0,0,-44.47811419831456,28753,4,14128,-16.300987386349693,30095,,14602
,0,,33899,15230,1.0,2022.0,0,0,-44.348551098667336,28682,4,14278,-16.59866532564195,30936,,14864
,0,,33556,15185,1.0,2022.0,0,0,-44.23214142045932,29936,4,14441,-16.285992735898702,30821,,14819
,0,,33511,15141,1.0,2022.0,0,0,-44.35343135303253,30448,4,14313,-16.409728740655144,30791,,14751
,0,,31967,14900,1.0,2022.0,0,0,-44.28762481500703,28312,4,14114,-16.2644370939018,29251,,14496
,0,,34570,15242,1.0,2022.0,0,0,-44.43308001299591,30597,4,14409,-16.535369461786768,31431,,14837
,0,,38342,15616,1.0,2022.0,0,0,-44.528825849540986,31859,4,14442,-16.36861169595925,33055,,15002
,0,,35352,15406,1.0,2022.0,0,0,-44.39393980961685,30675,4,14442,-16.531281098831684,31567,,14946
,0,,35447,15394,1.0,2022.0,0,0,-44.19712998837899,30746,4,14513,-16.515569618055192,31661,,14974
,0,,34132,15280,1.0,2022.0,0,0,-44.39663621974268,30403,4,14575,-16.539285008551918,31319,,14951
,0,,32605,15077,1.0,2022.0,0,0,-44.477010557194944,28807,4,14124,-16.36615434490801,29062,,14515
,0,,34455,15227,1.0,2022.0,0,0,-44.202371341451205,31574,4,14462,-16.286667424667844,32380,,14819
,0,,38014,15622,1.0,2022.0,0,0,-44.38325088375014,31664,4,14745,-16.523417363367862,33231,,15168
,0,,31229,14706,1.0,2022.0,0,0,-44.19567453761248,28712,4,14312,-16.318794253969003,29883,,14519
,0,,40954,16020,1.0,2022.0,0,0,-44.35561931350584,28232,4,14160,-16.257652139277376,31993,,15029
,0,,37898,15498,1.0,2022.0,0,0,-44.20867457459731,32708,4,14734,-16.289696496076775,34617,,15081
,0,,36732,15270,1.0,2022.0,0,0,-44.3872914656477,31125,4,14331,-16.322166606816918,31724,,14720
,0,,35650,15218,1.0,2022.0,0,0,-44.41974252152873,30868,4,14285,-16.287870182456853,31706,,14800
,0,,33236,15007,1.0,2022.0,0,0,-44.31768878923234,29508,4,14274,-16.413958442191387,30569,,14597
,0,,35186,15185,1.0,2022.0,0,0,-44.2283902808241,32232,4,14517,-16.448887825744986,32453,,14775
,0,,35660,15432,1.0,2022.0,0,0,-44.24163618835116,30056,4,14501,-16.340489011644454,31401,,14933
,0,,39475,15513,1.0,2022.0,0,0,-44.19012269987963,33786,4,14629,-16.39533486573954,34585,,15164
,0,,35083,15116,1.0,2022.0,0,0,-44.39492686846146,30499,4,14218,-16.345017827520756,31562,,14625
,0,,37676,15493,1.0,2022.0,0,0,-44.18832066406795,31165,4,14531,-16.62407201684841,34354,,15059
,0,,38234,15392,1.0,2022.0,0,0,-44.36016677521538,31424,4,14405,-16.416745371769515,32079,,14753
,0,,40264,15198,1.0,2022.0,0,0,-44.20668517297704,30271,4,13756,-16.590759518020903,32720,,14339
,0,,33140,14743,1.0,2022.0,0,0,-44.25067417085872,29536,4,14152,-16.46085297451669,30074,,14394
,0,,39919,15378,1.0,2022.0,0,0,-44.38988791826012,30672,4,14271,-16.42253636855939,31946,,14589
,0,,35648,15423,1.0,2022.0,0,0,-44.36488304747497,32891,4,14814,-16.623630417084282,33003,,15140
,0,,35086,14894,1.0,2022.0,0,0,-44.19392500760909,32293,4,14264,-16.28715143193211,32188,,14542
,0,,34916,14910,1.0,2022.0,0,0,-44.390173448896,30227,4,14118,-16.340436761822772,31417,,14475
,0,,41168,15976,1.0,2022.0,0,0,-44.375983235024115,30547,4,14492,-16.545441480838786,33390,,15162
,0,,42346,15176,1.0,2022.0,0,0,-44.44726320846292,33182,4,14199,-16.606501162069733,35462,,14640
,0,,35702,15020,1.0,2022.0,0,0,-44.339242924715485,33541,4,14337,-16.62396436771828,33957,,14688
,0,,36070,15105,1.0,2022.0,0,0,-44.433717095756094,32865,4,14220,-16.518988288999306,32515,,14477
,0,,35539,14862,1.0,2022.0,0,0,-44.20356091866708,31927,4,14054,-16.543892359120708,32514,,14252
,0,,34713,15217,1.0,2022.0,0,0,-44.491196764948306,31884,4,14073,-16.401984539677674,31191,,14433
,0,,39936,14996,1.0,2022.0,0,0,-44.50971345857331,31594,4,14104,-16.39903792787433,32969,,14474
,0,,34371,14293,1.0,2022.0,0,0,-44.22165671870563,32681,4,13976,-16.35355553902577,33529,,14144
,0,,40870,15727,1.0,2022.0,0,0,-44.57752758834749,33016,4,14362,-16.55969938170005,34546,,14916
,0,,41355,15594,1.0,2022.0,0,0,-44.68150044403382,29599,4,13942,-16.47598671827706,32803,,14666
,0,,38107,15715,1.0,2022.0,0,0,-44.55560697409719,26652,4,13811,-16.46527213638033,29843,,14651
,0,,38540,15202,1.0,2022.0,0,0,-44.58709345451461,26287,4,13534,-16.36613262584043,30018,,14384
,0,,33729,14648,1.0,2022.0,0,0,-44.7138384427532,30664,4,14159,-16.535380457307664,29982,,14241
,0,,33023,15206,1.0,2022.0,0,0,-44.74606131367555,27211,4,14058,-16.384060836087652,28231,,14435
,0,,42566,15495,1.0,2022.0,0,0,-44.69518656076707,28121,4,13996,-16.353597106856917,29865,,14481
,0,,34126,15065,1.0,2022.0,0,0,-44.85043975876298,29843,4,14145,-16.34040864766269,30442,,14566
,0,,34552,14969,1.0,2022.0,0,0,-44.637602694355685,29918,4,14199,-16.286008453778248,31026,,14554
,0,,36151,14976,1.0,2022.0,0,0,-44.85980988379268,28257,4,13740,-16.34498521095532,30708,,14309
,0,,34332,14962,1.0,2022.0,0,0,-44.83408169407921,31397,4,14251,-16.515610978786164,32048,,14627
,0,,37272,15299,1.0,2022.0,0,0,-44.914682367285344,30414,4,14077,-16.26038848078083,32344,,14682
,0,,33790,15032,1.0,2022.0,0,0,-44.64142069378798,28550,4,14247,-16.36865669189432,29733,,14575
,0,,40010,15846,1.0,2022.0,0,0,-44.876507253936175,27375,4,13733,-16.53912401237607,28267,,14155
,0,,39748,15685,1.0,2022.0,0,0,-44.56733642245086,27864,4,14082,-16.49383644139103,29859,,14789
,0,,33663,15204,1.0,2022.0,0,0,-44.58517006277705,29078,4,14299,-16.627783607981613,30181,,14774
,0,,32196,14782,1.0,2022.0,0,0,-44.80327569759642,30247,4,14271,-16.533133922159458,30250,,14531
,0,,37946,15424,1.0,2022.0,0,0,-44.62649286256119,27813,4,13803,-16.41016568556456,30749,,14556
,0,,35834,15269,1.0,2022.0,0,0,-44.584128583094305,29121,4,14167,-16.430219472421115,30367,,14641
,0,,33294,14921,1.0,2022.0,0,0,-44.82518974927915,29917,4,14175,-16.418901444979003,30161,,14556
,0,,36473,15373,1.0,2022.0,0,0,-44.73564439483886,31053,4,14381,-16.44342077888395,33032,,14958
,0,,34731,15052,1.0,2022.0,0,0,-44.70198702052578,30249,4,14275,-16.340519646225008,31047,,14746
,0,,36555,15516,1.0,2022.0,0,0,-44.89866977787849,25407,4,13528,-16.300958314231085,27989,,14226
,0,,31889,14884,1.0,2022.0,0,0,-44.67135461038366,29623,4,13929,-16.264439560670393,30095,,14338
,0,,40847,15376,1.0,2022.0,0,0,-44.65296512863697,29305,4,14012,-16.39907350349917,33327,,14700
,0,,32687,14832,1.0,2022.0,0,0,-44.714031912336,31536,4,14355,-16.321105184871502,31266,,14576
,0,,38247,15558,1.0,2022.0,0,0,-44.63460486111272,29178,4,14308,-16.304547578794992,32087,,14895
,0,,35238,15102,1.0,2022.0,0,0,-44.70578743754896,30108,4,14254,-16.39540134168225,30035,,14547
,0,,38508,15867,0.0,2022.0,0,0,-44.91404544023882,26783,3,13845,-16.269260221462318,31984,,14968
,0,,41018,15921,1.0,2022.0,0,0,-44.63978378972414,27211,4,13800,-16.577404329109967,32338,,14900
,0,,36984,14949,1.0,2022.0,0,0,-44.859128548556626,30387,4,13849,-16.626761280325056,31450,,14291
,0,,35665,15312,1.0,2022.0,0,0,-44.784031687717594,28560,4,13832,-16.59755322580796,30984,,14509
,0,,38754,15688,1.0,2022.0,0,0,-44.735448510139726,32774,4,14631,-16.34061268733096,34852,,15216
,0,,43071,16017,1.0,2022.0,0,0,-44.90279292118428,27892,4,13878,-16.612610330816064,31253,,14723
,0,,36618,15327,1.0,2022.0,0,0,-44.623762337850565,29294,4,14038,-16.413172730505245,31504,,14638
,0,,35454,15688,0.0,2022.0,0,0,-44.65193162703662,28578,3,14225,-16.5234010885837,29373,,14785
,0,,35304,14948,1.0,2022.0,0,0,-44.617881368568376,31764,4,14422,-16.28971757501542,31845,,14626
,0,,41466,15293,1.0,2022.0,0,0,-44.6085323159435,31903,4,14175,-16.28668766035479,32681,,14447
,0,,37507,15166,1.0,2022.0,0,0,-44.74499124209255,30731,4,14377,-16.556841724199398,31158,,14645
,0,,33953,14498,1.0,2022.0,0,0,-44.74893809330354,32585,4,14152,-16.446850804453742,33297,,14371
,0,,37042,14494,1.0,2022.0,0,0,-44.63445488413206,28982,4,13298,-16.407487032641395,30154,,13735
,0,,40323,15998,0.0,2022.0,0,0,-45.028061621610576,32770,3,14925,-16.523401108602414,34352,,15313
,0,,38469,15878,0.0,2022.0,0,0,-45.06935342581953,27007,3,14171,-16.598661053448584,30312,,15012
,0,,35820,15386,1.0,2022.0,0,0,-45.20850419774128,30752,4,14502,-16.460860455328028,32060,,14989
,0,,34817,15522,0.0,2022.0,0,0,-45.09830073295737,27705,3,14423,-16.55712740439145,30966,,15000
,0,,34856,15312,1.0,2022.0,0,0,-45.111774387518096,27379,4,13862,-16.443420799345137,29351,,14508
,0,,38596,15829,1.0,2022.0,0,0,-45.125068085684056,31460,4,14404,-16.446850824276414,33599,,15151
,0,,36624,15104,1.0,2022.0,0,0,-45.17416286713613,30453,4,14057,-16.44892068738196,31846,,14601
,0,,38180,15687,1.0,2022.0,0,0,-44.98466231151212,29025,4,13846,-16.286687672561115,31665,,14757
,0,,32502,14534,1.0,2022.0,0,0,-45.08996843592511,30547,4,14234,-16.535380478733178,31737,,14414
,0,,36453,15369,1.0,2022.0,0,0,-45.19715938171801,30171,4,14250,-16.513808781284048,32260,,14839
,0,,36368,15199,1.0,2022.0,0,0,-45.110910089290364,29970,4,14148,-16.623630439169304,30400,,14541
,0,,37471,15367,1.0,2022.0,0,0,-45.08191743090771,29065,4,14064,-16.395401358865985,31618,,14694
,0,,34593,15330,1.0,2022.0,0,0,-45.010329159728066,25999,4,13732,-16.318833597514203,27770,,14375
,0,,42494,16073,1.0,2022.0,0,0,-44.94163981402863,27683,4,14145,-16.373381825893272,32430,,15194
,0,,36196,15270,1.0,2022.0,0,0,-45.15876403354734,29988,4,14108,-16.33251778319925,30870,,14575
,0,,39576,15509,1.0,2022.0,0,0,-44.94346641894133,29145,4,13964,-16.493836459296876,32301,,14616
,0,,34964,15304,1.0,2022.0,0,0,-45.01353690422194,27104,4,13853,-16.402001029209,28920,,14425
,0,,40038,15623,1.0,2022.0,0,0,-44.99401136392844,29592,4,14127,-16.289717586729203,32869,,14947
,0,,32673,14798,1.0,2022.0,0,0,-45.176373697731336,29629,4,14163,-16.401194400017754,29637,,14335
,0,,33968,14879,1.0,2022.0,0,0,-45.17598831603119,31213,4,14210,-16.319182135512495,30243,,14400
,0,,33945,14873,1.0,2022.0,0,0,-45.17940568874535,29771,4,13917,-16.533133945317733,29964,,14327
,0,,35335,14971,1.0,2022.0,0,0,-45.17457867246843,30600,4,14131,-16.274900396074123,31642,,14599
,0,,38265,15339,1.0,2022.0,0,0,-45.077071081877754,30102,4,14298,-16.390884949861093,32736,,14740
,0,,31946,14485,1.0,2022.0,0,0,-45.29568777450267,29151,4,13797,-16.59073733472426,29244,,14095
,0,,32324,14525,1.0,2022.0,0,0,-45.27347990325885,29905,4,13914,-16.416684933315143,29935,,14262
,0,,36316,15009,1.0,2022.0,0,0,-45.11157850283796,29869,4,14122,-16.3406126944949,31567,,14460
,0,,33428,14573,1.0,2022.0,0,0,-45.22656974885829,28890,4,13695,-16.34040864384452,29704,,14069
,0,,35793,14656,1.0,2022.0,0,0,-45.20319316774773,31600,4,14043,-16.28785931615878,32109,,14332
,0,,32623,14394,1.0,2022.0,0,0,-45.205280097857774,30173,4,13816,-16.322148391564834,30557,,14092
,0,,34647,15167,1.0,2022.0,0,0,-44.93527559358533,28363,4,13879,-16.292632058498047,29794,,14235
,0,,39400,15373,0.0,2022.0,0,0,-45.029095123185385,34640,3,14623,-16.39907352165318,36933,,15155
,0,,37404,15239,1.0,2022.0,0,0,-45.210211684534514,32132,4,14287,-16.51561099952101,33877,,14843
,0,,39940,15161,4.0,2022.0,0,0,-43.7731390082448,29699,15,13592,-16.64216365584725,31516,,14240
,0,,37407,15177,4.0,2022.0,0,0,-43.64316439135926,29117,15,13227,-16.965778840303543,27775,,13709
,0,,44599,15527,4.0,2022.0,0,0,-43.623725023551486,30977,15,13963,-16.91828293033803,33997,,14528
,0,,44557,15423,4.0,2022.0,0,0,-43.784640769768366,31005,15,13738,-16.963213140616464,34265,,14440
,0,,43538,14938,4.0,2022.0,0,0,-43.60117472452348,32741,15,13508,-16.78259635893257,32840,,13783
,0,,34107,13979,4.0,2022.0,0,0,-43.73377171014424,32874,15,13341,-16.99958453534791,33312,,13571
,0,,34512,14794,4.0,2022.0,0,0,-43.69500348639946,29761,15,13687,-16.97933050533508,30038,,14023
,0,,41956,14959,4.0,2022.0,0,0,-43.641681680356164,30800,15,13398,-16.90412523892404,31591,,13565
,0,,40011,15010,4.0,2022.0,0,0,-43.68821842780209,29421,15,13454,-16.97037453782321,32542,,14167
,0,,33516,14338,4.0,2022.0,0,0,-43.75039810166311,30647,15,13651,-16.679521268221908,30786,,13886
,0,,35613,14865,4.0,2022.0,0,0,-43.75838169657004,28895,15,13505,-16.649463745965566,30726,,14171
,0,,43788,14664,4.0,2022.0,0,0,-43.57618862788864,30289,15,13305,-16.866753995360295,34345,,13843
,0,,42260,16123,4.0,2022.0,0,0,-43.77656647957216,28525,15,13983,-16.741485911169406,31227,,14799
,0,,40179,14790,4.0,2022.0,0,0,-43.68863110350489,27993,15,13242,-16.8707620729223,31311,,13821
,0,,42969,15696,4.0,2022.0,0,0,-43.68082134778035,33130,15,14199,-16.908212621874885,36191,,14775
,0,,42783,15474,6.0,2022.0,0,0,-43.52098363096144,30986,21,13826,-16.69397263425004,34186,,14502
,0,,44358,14914,4.0,2022.0,0,0,-43.66748344490117,29920,15,13390,-16.660761136202215,31283,,13746
,0,,41022,15038,4.0,2022.0,0,0,-43.61804317072179,34339,15,13783,-16.641146548784196,35620,,14241
,0,,39444,14350,4.0,2022.0,0,0,-43.63099304514813,31941,15,13217,-16.89626304631588,32085,,13397
,0,,35701,14711,4.0,2022.0,0,0,-43.61429121317013,28543,15,13029,-16.985145049987118,28982,,13551
,0,,35549,14211,4.0,2022.0,0,0,-43.63503316884123,32468,15,13266,-16.695051077911412,32107,,13534
,0,,38549,14228,4.0,2022.0,0,0,-43.59327249297568,33679,15,13322,-16.83820692441976,32998,,13444
,0,,36181,13975,4.0,2022.0,0,0,-43.633035429760945,30114,15,12745,-16.751807466661123,30117,,13033
,0,,34085,13910,4.0,2022.0,0,0,-43.65192818864854,29931,15,12935,-16.647798365786723,29700,,13170
,0,,45984,15334,4.0,2022.0,0,0,-43.96940248553877,30022,15,13629,-16.838206921867428,35096,,14396
,0,,43411,15653,4.0,2022.0,0,0,-43.8325447117877,31628,15,13940,-16.662586128226724,35690,,14675
,0,,46602,15704,6.0,2022.0,0,0,-44.10198582810402,31114,21,13750,-16.67387533463351,33581,,14448
,0,,36796,15542,4.0,2022.0,0,0,-43.98404042655547,27013,15,13708,-16.789611641713588,28593,,14381
,0,,31020,13902,4.0,2022.0,0,0,-44.056951344883316,29389,15,13217,-16.908212618412158,28757,,13484
,0,,39541,15162,4.0,2022.0,0,0,-44.095916951520486,32286,15,13787,-16.78303263064467,33300,,14228
,0,,42461,15061,4.0,2022.0,0,0,-43.874546102451674,31364,15,13677,-16.833710140934254,33387,,14153
,0,,35410,14372,4.0,2022.0,0,0,-43.81219091073582,32429,15,13587,-16.996896856568178,33494,,14155
,0,,41252,14767,4.0,2022.0,0,0,-44.115068368849414,31938,15,13332,-16.774852860038788,32773,,13675
,0,,38851,15397,4.0,2022.0,0,0,-44.01376195993732,29182,15,13755,-16.79540148344117,31476,,14406
,0,,38857,14748,6.0,2022.0,0,0,-44.06643471603065,29371,21,13271,-16.929665014245895,32174,,14032
,0,,39356,14429,4.0,2022.0,0,0,-44.126528102369754,29519,15,13254,-16.679521278845286,32941,,13827
,0,,39676,14720,4.0,2022.0,0,0,-44.091708138651136,31045,15,13362,-16.7183978477247,33399,,13837
,0,,38125,14880,4.0,2022.0,0,0,-44.13451169769361,32755,15,13997,-16.649463758679083,33563,,14300
,0,,34021,13516,4.0,2022.0,0,0,-43.852261575470635,33361,15,13424,-16.82174703622959,33964,,13500
,0,,35410,14148,4.0,2022.0,0,0,-43.99985501769603,29142,15,13075,-16.918282924565855,29472,,13419
,0,,39788,14377,4.0,2022.0,0,0,-44.14790519472688,30217,15,13248,-16.641294725993323,31577,,13599
,0,,38463,14243,4.0,2022.0,0,0,-44.14926901013504,35736,15,13644,-16.642163669291694,37252,,13867
,0,,42265,14337,4.0,2022.0,0,0,-43.90260330944827,35114,15,13336,-16.774056642391347,35620,,13533
,0,,37140,15253,4.0,2022.0,0,0,-44.497147284708035,29955,15,14159,-16.963243379892,31124,,14713
,0,,44168,16084,6.0,2022.0,0,0,-44.522539635876065,27661,21,14009,-16.673845626327402,31631,,14884
,0,,45898,15917,6.0,2022.0,0,0,-44.52433071255459,27143,21,13731,-16.914288418985596,29488,,14304
,0,,41964,15743,6.0,2022.0,0,0,-44.508224828342605,26811,21,13699,-16.751756874247004,29882,,14481
,0,,42108,15357,4.0,2022.0,0,0,-44.54517618989379,29540,15,13725,-16.908656146814845,30355,,14148
,0,,37818,15257,4.0,2022.0,0,0,-44.53791542574833,30539,15,13848,-16.642153384543786,32727,,14393
,0,,47353,14851,4.0,2022.0,0,0,-44.42189987548463,33789,15,13555,-16.821780584157725,37905,,14198
,0,,40874,14534,4.0,2022.0,0,0,-44.25806693804328,29228,15,13310,-16.691718245815892,32152,,13823
,0,,36515,14513,4.0,2022.0,0,0,-44.22444868647643,28076,15,13283,-16.660063553054545,30037,,13888
,0,,36226,14598,4.0,2022.0,0,0,-44.32585472059653,31652,15,13546,-16.713400570433272,32152,,13851
,0,,37512,14555,4.0,2022.0,0,0,-44.265287719178374,31165,15,13396,-16.741531819557466,32240,,13784
,0,,36660,14642,4.0,2022.0,0,0,-44.319053821851504,34007,15,13984,-16.726475488348463,33527,,14160
,0,,41676,14664,4.0,2022.0,0,0,-44.444896102681064,35668,15,13960,-16.886656011890537,37313,,14244
,0,,40439,14530,4.0,2022.0,0,0,-44.18301516308504,34962,15,13448,-16.66552074576824,37276,,13921
,0,,35215,14212,4.0,2022.0,0,0,-44.427142674351366,30161,15,13094,-16.905977575013196,30827,,13539
,0,,35518,14776,4.0,2022.0,0,0,-44.80495843017712,30246,15,13798,-16.890738894422178,30924,,14176
,0,,42642,15548,4.0,2022.0,0,0,-44.76342318611312,30971,15,14012,-16.69505105628923,35193,,14728
,0,,44070,15663,4.0,2022.0,0,0,-44.73174933960925,30367,15,13952,-16.630549044634392,34420,,14707
,0,,39611,14689,4.0,2022.0,0,0,-44.76142544696971,31446,15,13570,-16.751807451990505,32423,,13885
,0,,34405,14495,4.0,2022.0,0,0,-44.80984867431714,28277,15,13270,-16.89183459225553,29171,,13747
,0,,37121,14620,4.0,2022.0,0,0,-44.90495650182912,30625,15,13540,-16.741485890681037,31254,,13995
,0,,33881,14639,4.0,2022.0,0,0,-44.90016521499625,29078,15,13868,-16.641294688318368,29585,,14229
,0,,34853,14566,4.0,2022.0,0,0,-44.579692011760976,28346,15,13366,-16.91673291288134,29776,,13909
,0,,40832,15027,4.0,2022.0,0,0,-44.66194637132578,32160,15,13785,-16.791771816603774,34544,,14395
,0,,41021,15024,4.0,2022.0,0,0,-44.76630567835799,27520,15,13569,-16.713317684200124,27775,,13702
,0,,34963,14488,4.0,2022.0,0,0,-44.71537308725275,29184,15,13492,-16.996790662757565,29512,,13789
,0,,33255,14180,4.0,2022.0,0,0,-44.901529030375734,29704,15,13282,-16.64216363180438,29681,,13677
,0,,38755,15392,4.0,2022.0,0,0,-44.59192564638652,29276,15,13618,-16.911961569985078,30859,,14386
,0,,37239,14997,4.0,2022.0,0,0,-44.823393505788204,28424,15,13806,-16.979330496677044,28549,,14002
,0,,44465,15408,4.0,2022.0,0,0,-44.85424584914138,28905,15,13458,-16.67387530255466,31610,,14132
,0,,40943,15682,4.0,2022.0,0,0,-44.73713002693257,29630,15,13923,-16.692076375945764,30912,,14465
,0,,42750,15818,6.0,2022.0,0,0,-44.7216625087896,28453,21,13688,-16.838206918631826,32559,,14700
,0,,37079,14904,6.0,2022.0,0,0,-44.84241297407217,26461,21,13064,-16.786043556196958,28073,,13730
,0,,39455,15254,6.0,2022.0,0,0,-44.64937364421271,25164,21,13379,-16.693972609097248,27938,,13912
,0,,46408,15973,6.0,2022.0,0,0,-44.82423698550122,27901,21,13913,-16.74630819349037,33160,,14880
,0,,43104,15822,6.0,2022.0,0,0,-44.886771718187056,28777,21,13968,-16.649463722381956,31132,,14712
,0,,38650,15584,6.0,2022.0,0,0,-44.89922320819137,27596,21,13735,-16.665534024738797,30414,,14581
,0,,40787,15807,6.0,2022.0,0,0,-44.77105927089635,25619,21,13157,-16.717897853574037,29537,,14285
,0,,44056,15906,6.0,2022.0,0,0,-44.640033249910786,32030,21,14159,-16.908715034655263,35084,,14867
,0,,34912,14529,4.0,2022.0,0,0,-44.818694737660074,30139,15,13547,-16.92966500884081,30536,,13780
,0,,37399,15026,4.0,2022.0,0,0,-44.84817697266387,26260,15,13169,-16.783032610750773,27775,,13720
,0,,34725,14467,4.0,2022.0,0,0,-44.704578643099296,31538,15,13969,-16.866753991473264,31755,,14140
,0,,36414,14562,4.0,2022.0,0,0,-44.74101319782783,31788,15,13952,-16.99645679996228,32594,,14177
,0,,28380,13990,4.0,2022.0,0,0,-44.86216173089743,30247,15,13653,-16.9995845247876,28079,,13742
,0,,34109,14718,4.0,2022.0,0,0,-44.90090661612479,30257,15,13812,-16.905922960962716,30783,,14169
,0,,33348,14309,4.0,2022.0,0,0,-44.83681462108914,28203,15,13451,-16.848824945696368,28817,,13584
,0,,35918,15072,4.0,2022.0,0,0,-44.6637549342644,30645,15,13791,-16.637332423936417,30499,,14171
,0,,38827,14935,4.0,2022.0,0,0,-44.87878812300229,31490,15,13756,-16.679521247772936,32695,,14228
,0,,39590,15044,4.0,2022.0,0,0,-44.77007169787101,28085,15,13350,-16.904125231743045,29821,,14011
,0,,34653,14516,4.0,2022.0,0,0,-44.648285343178856,28402,15,13288,-16.93257971491067,30257,,14056
,0,,38046,14662,4.0,2022.0,0,0,-44.57326077205627,33485,15,14043,-16.888415527165588,32868,,14335
,0,,44496,15133,4.0,2022.0,0,0,-44.72468187790561,30804,15,13398,-16.971496512794715,33966,,14213
,0,,34806,14601,4.0,2022.0,0,0,-44.62865344458216,29716,15,13344,-16.931139939436115,29519,,13750
,0,,34956,14336,4.0,2022.0,0,0,-44.817021122670795,27668,15,12826,-16.870762061746216,28750,,13376
,0,,33710,14090,4.0,2022.0,0,0,-44.772767925225445,28697,15,12975,-16.9121275900877,28359,,13237
,0,,34553,14636,4.0,2022.0,0,0,-44.907982207555044,28263,15,13049,-16.925116384804067,28960,,13529
,0,,35301,14234,4.0,2022.0,0,0,-44.63299606910966,29010,15,13182,-16.867279744474306,29527,,13575
,0,,39643,14974,4.0,2022.0,0,0,-44.56445093655349,30577,15,13611,-16.99689688116804,31873,,13993
,0,,31221,14016,4.0,2022.0,0,0,-44.7715544089262,27810,15,13263,-16.96577883469573,27983,,13517
,0,,37569,14999,4.0,2022.0,0,0,-44.79587346331208,29890,15,13445,-16.660761111308076,29654,,13934
,0,,31018,14180,4.0,2022.0,0,0,-44.58983429476297,27634,15,13341,-16.98957913032981,26526,,13468
,0,,33951,14256,4.0,2022.0,0,0,-44.81660844695334,28238,15,13203,-16.97037452938087,28508,,13448
,0,,37417,14560,4.0,2022.0,0,0,-44.78556442070698,30067,15,13131,-16.80313329147995,30249,,13537
,0,,37259,14619,4.0,2022.0,0,0,-44.99409238585407,27429,15,13175,-16.756899375248334,35515,,14401
,0,,37068,15085,4.0,2022.0,0,0,-44.94208906550504,24738,15,13245,-16.763688819560137,25724,,13657
,0,,35607,14462,4.0,2022.0,0,0,-44.95463146472489,29256,15,13382,-16.65955752256183,30265,,13795
,0,,33959,14800,4.0,2022.0,0,0,-45.15644819817507,28261,15,13459,-16.647798360053212,28560,,13966
,0,,33243,14399,4.0,2022.0,0,0,-44.96089599088616,31252,15,13398,-16.91824465629763,29592,,14102
,0,,35397,14567,4.0,2022.0,0,0,-45.11881122222027,25733,15,13018,-16.985145032153582,27577,,13525
,0,,38747,14762,4.0,2022.0,0,0,-44.946185102277425,29446,15,13597,-16.66004130263052,31311,,14116
,0,,35777,14501,4.0,2022.0,0,0,-44.97391730841693,27486,15,13146,-16.72643302154443,26719,,13312
,0,,33010,14138,4.0,2022.0,0,0,-44.96596429073852,29003,15,13135,-16.989579095121442,28910,,13620
,0,,32209,14264,4.0,2022.0,0,0,-44.95582200796415,31747,15,13392,-16.916732886249008,31071,,13833
,0,,32365,13841,4.0,2022.0,0,0,-44.970287103896936,29890,15,13031,-16.960521141114054,30038,,13431
,0,,34624,14100,4.0,2022.0,0,0,-45.07413818650162,32811,15,13879,-16.948977779550358,32026,,13891
,0,,32589,14340,4.0,2022.0,0,0,-45.10081187081159,32270,15,13932,-16.971496496406225,31702,,14087
,0,,35097,14337,4.0,2022.0,0,0,-45.02726796005139,30327,15,13221,-16.713475817950616,31788,,13751
,0,,37132,14540,4.0,2022.0,0,0,-45.00293612238259,28978,15,13098,-16.833710124158685,29473,,13432
,0,,47838,15108,4.0,2022.0,0,0,-44.98440164418652,31526,15,13288,-16.658883380938413,33042,,13810
,0,,34944,14253,4.0,2022.0,0,0,-45.08070863645422,32692,15,13886,-16.86675397752283,34300,,14035
,0,,33353,14555,4.0,2022.0,0,0,-44.95674669447803,30127,15,13559,-16.719041348129046,28301,,13770
,0,,31618,14063,4.0,2022.0,0,0,-45.09833681369259,31583,15,13792,-16.88050257356882,30320,,13844
,0,,37480,14663,4.0,2022.0,0,0,-45.107879332376584,27429,15,13141,-16.63054906797438,26645,,13286
,0,,33222,14613,4.0,2022.0,0,0,-45.091503080370906,33148,15,14162,-16.99679064390145,31080,,14403
,0,,35599,14626,4.0,2022.0,0,0,-44.98964749822496,26787,15,13077,-16.914315662899295,26137,,13263
,0,,41438,14922,4.0,2022.0,0,0,-44.98065159627486,31787,15,13331,-16.82174701840165,32542,,13685
,0,,35358,13907,4.0,2022.0,0,0,-45.13955317815533,30488,15,12981,-16.695051069469667,31191,,13325
,0,,36936,15095,6.0,2022.0,0,0,-44.9609347333641,29114,21,13862,-16.662586105439974,30049,,14320
,0,,46512,16014,6.0,2022.0,0,0,-45.009126064096144,30216,21,13879,-16.867279726963588,34559,,14783
,0,,41681,16139,6.0,2022.0,0,0,-45.0699515781269,26339,21,13666,-16.786825138413665,30188,,14653
,0,,43581,15740,6.0,2022.0,0,0,-45.00478343966573,29374,21,14025,-16.93113991223978,32695,,14841
,0,,47136,16133,6.0,2022.0,0,0,-45.03807636565755,29695,21,13885,-16.791771811993133,33318,,14745
,0,,49829,15557,4.0,2022.0,0,0,-44.409427572717924,29750,15,13836,-16.05733433253188,33910,,14404
,0,,37919,14659,4.0,2022.0,0,0,-44.39492448137939,30933,15,13321,-15.972065908655049,31447,,13753
,0,,36530,14716,4.0,2022.0,0,0,-44.478112554662815,32327,15,13666,-15.928027599308269,32924,,14105
,0,,37339,14737,6.0,2022.0,0,0,-44.54768821564452,27999,21,13546,-16.070406553675795,27961,,13760
,0,,33407,14860,4.0,2022.0,0,0,-44.4041871821667,27320,15,13474,-15.901939431609252,28503,,13750
,0,,45777,15555,4.0,2022.0,0,0,-44.3703026320757,34915,15,14029,-15.89528487502236,34882,,14208
,0,,42557,15611,4.0,2022.0,0,0,-44.44047757900493,27951,15,13339,-16.224640434169025,30819,,14050
,0,,36132,15289,4.0,2022.0,0,0,-44.48603168006375,29462,15,13844,-16.25386258486161,29666,,14325
,0,,45604,15540,4.0,2022.0,0,0,-44.41945321797621,31755,15,13840,-16.184208931773153,33726,,14477
,0,,43966,15439,4.0,2022.0,0,0,-44.36016312283348,34173,15,13756,-16.04380722551727,35191,,14275
,0,,37484,14588,6.0,2022.0,0,0,-44.35561929768958,32474,21,13369,-15.88468330771679,32914,,13934
,0,,37749,14671,4.0,2022.0,0,0,-44.39663452734816,30772,15,13537,-16.166370552159524,30321,,13724
,0,,46534,15474,4.0,2022.0,0,0,-44.50971234240927,32965,15,13414,-16.026097452102462,34843,,14102
,0,,35910,14177,4.0,2022.0,0,0,-44.47204281265078,31279,15,13069,-16.037226863592487,31807,,13419
,0,,39499,14451,4.0,2022.0,0,0,-44.390171234541796,33868,15,13106,-15.967483943902613,34377,,13579
,0,,40427,14916,4.0,2022.0,0,0,-44.33034226241785,31580,15,13655,-15.959566018603418,32332,,14027
,0,,36858,14154,4.0,2022.0,0,0,-44.4481006248058,32308,15,13297,-16.000487830630764,31797,,13521
,0,,40044,14470,4.0,2022.0,0,0,-44.38988387530563,31463,15,13242,-16.049599386424276,31877,,13659
,0,,44756,15497,6.0,2022.0,0,0,-44.600577495568004,30209,21,13783,-17.03288201254877,29695,,14370
,0,,39787,15793,6.0,2022.0,0,0,-44.60852999646375,32075,21,14243,-17.03239688674855,33164,,15026
,0,,36191,14439,4.0,2022.0,0,0,-44.617878889270415,29936,15,13205,-17.03542585471403,31200,,13715
,0,,39816,14475,4.0,2022.0,0,0,-43.87454416362557,30638,15,13008,-16.460852959345104,30976,,13386
,0,,38490,14993,4.0,2022.0,0,0,-43.81779500337865,28126,15,13172,-16.28715138333366,27713,,13474
,0,,38083,14602,4.0,2022.0,0,0,-43.911494805809376,31201,15,13403,-16.26443706537452,34472,,13866
,0,,43958,14731,4.0,2022.0,0,0,-43.887770119588794,34360,15,13362,-16.53587218670078,35685,,13760
,0,,33832,13906,4.0,2022.0,0,0,-44.17155822743804,33130,15,13315,-16.44333792057387,33549,,13508
,0,,38066,14350,4.0,2022.0,0,0,-43.82099998398044,32566,15,13358,-16.51556959619703,33374,,13646
,0,,41272,15834,4.0,2022.0,0,0,-43.80977247233985,26206,15,13337,-16.513752834869663,29686,,14362
,0,,43680,15244,4.0,2022.0,0,0,-44.14926847330017,30896,15,13663,-16.26927026774443,32728,,14245
,0,,49052,15585,4.0,2022.0,0,0,-43.80526179777936,32585,15,13802,-16.446774985491654,34734,,14420
,0,,45401,15486,4.0,2022.0,0,0,-43.89602293460111,32749,15,13821,-16.559741398576705,37385,,14650
,0,,41981,15590,4.0,2022.0,0,0,-43.861255234665606,28282,15,13382,-16.54147419847249,30018,,14320
,0,,43305,15770,4.0,2022.0,0,0,-43.84189537120251,30431,15,13660,-16.587688838438414,33970,,14598
,0,,43294,15392,4.0,2022.0,0,0,-43.96939837081802,27259,15,13080,-16.46535004759585,31537,,14134
,0,,37608,15109,4.0,2022.0,0,0,-44.064759344685676,28345,15,13168,-16.49791177722735,28995,,13600
,0,,37182,14330,4.0,2022.0,0,0,-43.9404361325929,26563,15,12581,-16.57742235079096,29107,,13261
,0,,38626,15299,4.0,2022.0,0,0,-43.94574667022637,31871,15,13964,-16.576142347918168,32661,,14545
,0,,37010,14669,4.0,2022.0,0,0,-44.10658188984982,32921,15,14082,-16.407477098009004,33507,,14252
,0,,43697,15135,4.0,2022.0,0,0,-43.95421370208638,31903,15,13408,-16.332520359542297,35661,,14134
,0,,33055,14596,4.0,2022.0,0,0,-43.81954453328885,29617,15,13449,-16.318794209379774,30377,,13868
,0,,34643,14826,4.0,2022.0,0,0,-44.14864630498255,30241,15,13696,-16.533080445629803,30588,,14018
,0,,41114,15131,4.0,2022.0,0,0,-44.01404343429821,30881,15,13502,-16.34043676663656,32829,,14057
,0,,45984,15372,4.0,2022.0,0,0,-43.89887689725786,35151,15,13696,-16.340595226535342,35717,,14240
,0,,41510,14508,4.0,2022.0,0,0,-44.167835366176014,33047,15,13362,-16.612595952954102,34963,,13783
,0,,39125,14712,4.0,2022.0,0,0,-44.15269582766247,30388,15,13490,-16.36861173331766,31698,,13837
,0,,31530,13537,4.0,2022.0,0,0,-44.01879685361435,29371,15,13190,-16.345017833999712,29688,,13369
,0,,39256,14367,4.0,2022.0,0,0,-43.812190660142285,30863,15,13083,-16.624072004778725,32179,,13534
,0,,33629,13618,4.0,2022.0,0,0,-43.86570129567802,33679,15,13524,-16.384027487193414,33097,,13555
,0,,41786,14464,4.0,2022.0,0,0,-44.11506674504443,33388,15,13319,-16.401984571912905,34610,,13716
,0,,42559,16085,6.0,2022.0,0,0,-43.98875303420789,28117,21,14104,-16.62363043963639,32268,,14955
,0,,41841,15859,6.0,2022.0,0,0,-43.82888624778432,25250,21,13435,-16.36265282592122,29133,,14380
,0,,46681,15966,6.0,2022.0,0,0,-43.81399269585138,29625,21,14052,-16.395334828515544,35051,,14834
,0,,38740,15175,4.0,2022.0,0,0,-44.419454374290574,31803,15,14065,-16.557119845434862,32692,,14460
,0,,40578,15283,4.0,2022.0,0,0,-44.54396538885018,26832,15,13282,-16.612595895986576,29930,,13976
,0,,45982,15212,4.0,2022.0,0,0,-44.502656275603584,32777,15,13610,-16.30663472270662,34395,,14104
,0,,39547,15358,4.0,2022.0,0,0,-44.21101998819255,31405,15,13876,-16.62778509121088,31918,,14389
,0,,40880,15082,4.0,2022.0,0,0,-44.28581411907306,32081,15,14029,-16.418906256303725,33770,,14382
,0,,36410,15241,4.0,2022.0,0,0,-44.44088936194679,28977,15,14260,-16.497911748339742,29313,,14342
,0,,36136,15105,4.0,2022.0,0,0,-44.428826768510085,31541,15,14054,-16.517892347332992,30935,,14386
,0,,35520,14314,4.0,2022.0,0,0,-44.21802537670603,29654,15,13331,-16.587688847169797,31531,,13805
,0,,37386,15067,4.0,2022.0,0,0,-44.26809447940678,33278,15,14143,-16.597621275859886,33548,,14549
,0,,38469,15167,4.0,2022.0,0,0,-44.24183130244774,30158,15,13789,-16.38402751323175,29724,,14109
,0,,41888,14826,4.0,2022.0,0,0,-44.32844494517042,32725,15,13722,-16.493902655728537,34713,,14251
,0,,39817,14897,4.0,2022.0,0,0,-44.3165661433087,32734,15,13592,-16.577422340886557,34900,,14243
,0,,40292,14889,4.0,2022.0,0,0,-44.27500690578386,32609,15,13588,-16.34059524951015,34080,,14139
,0,,33507,15043,4.0,2022.0,0,0,-44.38529226574169,28126,15,13935,-16.378933934303145,26655,,13955
,0,,42223,15323,4.0,2022.0,0,0,-44.53496713890353,32147,15,13737,-16.260391423122027,32434,,13923
,0,,34137,14919,4.0,2022.0,0,0,-44.44810379799595,28052,15,13767,-16.373433946935506,27648,,13915
,0,,42755,14623,4.0,2022.0,0,0,-44.36099858381691,34588,15,13597,-16.31919132382259,36016,,13797
,0,,37598,15151,4.0,2022.0,0,0,-44.18139180134454,31593,15,13807,-16.446775018972044,31786,,14308
,0,,36168,14452,4.0,2022.0,0,0,-44.20448633471514,30062,15,13471,-16.34616268764504,29646,,13775
,0,,41550,15572,4.0,2022.0,0,0,-44.3218766812237,29181,15,13722,-16.5761423370583,30684,,14496
,0,,37469,13996,4.0,2022.0,0,0,-44.278731451273465,33144,15,13260,-16.40118770786231,33726,,13544
,0,,35503,14804,4.0,2022.0,0,0,-44.330343713534404,28157,15,13249,-16.332520370071254,28003,,13684
,0,,33958,14276,4.0,2022.0,0,0,-44.39542370362326,33138,15,13551,-16.592946591870625,31833,,13885
,0,,36867,14655,4.0,2022.0,0,0,-44.20501625260349,26591,15,13248,-16.362652863269115,30578,,13857
,0,,37687,14414,4.0,2022.0,0,0,-44.34552838305571,30120,15,13101,-16.465350039662,29892,,13353
,0,,38901,14801,4.0,2022.0,0,0,-44.51064090269891,29749,15,13427,-16.27657151481172,29883,,13691
,0,,37625,15519,6.0,2022.0,0,0,-44.409430987797094,24567,21,13360,-16.430269749591577,26653,,14019
,0,,40842,15628,6.0,2022.0,0,0,-44.3785555885348,30592,21,13929,-16.383064929898183,33789,,14820
,0,,38808,15309,6.0,2022.0,0,0,-44.47204488811676,30148,21,14272,-16.41016566931134,30689,,14577
,0,,40796,15085,6.0,2022.0,0,0,-44.52309212836595,29602,21,13304,-16.292645099960772,30822,,13743
,0,,38672,15220,6.0,2022.0,0,0,-44.273242841970564,32128,21,14024,-16.321088305895415,30747,,14325
,0,,44030,15563,4.0,2022.0,0,0,-44.73478009655945,31362,15,14142,-16.623630415963447,35080,,14843
,0,,38673,15493,4.0,2022.0,0,0,-44.66689923514627,27900,15,13795,-16.54543012468243,30854,,14510
,0,,42745,15817,6.0,2022.0,0,0,-44.91955778597616,27386,21,13496,-16.590737312255875,30124,,14259
,0,,30788,14083,4.0,2022.0,0,0,-44.829740633278846,27330,15,13260,-16.55232682440541,28194,,13617
,0,,41386,15300,4.0,2022.0,0,0,-44.70094108840929,29262,15,13755,-16.3908849328088,30619,,14200
,0,,41199,15551,6.0,2022.0,0,0,-44.9213063247675,29020,21,13848,-16.535814439638262,31015,,14312
,0,,40868,15204,4.0,2022.0,0,0,-44.69322343217778,31060,15,13799,-16.598661031468403,32595,,14301
,0,,48437,15973,6.0,2022.0,0,0,-44.64380037631018,28746,21,13924,-16.576125094338224,33060,,14709
,0,,41114,15490,6.0,2022.0,0,0,-44.89734991422854,27445,21,13727,-16.41668493159015,28947,,14109
,0,,41889,15714,6.0,2022.0,0,0,-44.70485894804684,25050,21,13386,-16.576815381671953,29020,,14412
,0,,39769,15816,6.0,2022.0,0,0,-44.90046157856786,26185,21,13252,-16.541447445298886,27654,,13915
,0,,46709,15006,6.0,2022.0,0,0,-44.82706317712208,32382,21,13554,-16.28785932465265,35530,,14167
,0,,38723,15468,6.0,2022.0,0,0,-44.79985832478613,25668,21,13435,-16.319182137299844,27088,,14054
,0,,37296,15480,6.0,2022.0,0,0,-44.875698318473496,28339,21,13626,-16.54541400549935,28426,,14042
,0,,40936,15301,6.0,2022.0,0,0,-44.911805510557386,32235,21,13621,-16.26839189290691,33007,,14375
,0,,38363,14794,4.0,2022.0,0,0,-44.90662857145951,27214,15,13503,-16.276556649916177,28112,,13710
,0,,44800,15660,4.0,2022.0,0,0,-44.60209610760543,33162,15,13987,-16.60112788392886,35577,,14661
,0,,35769,14590,4.0,2022.0,0,0,-44.79986978878752,30522,15,13626,-16.606509522729613,31433,,13998
,0,,38098,14680,4.0,2022.0,0,0,-44.88353936013729,31040,15,13352,-16.409678456005416,30481,,13561
,0,,38222,14796,4.0,2022.0,0,0,-44.598841862790536,29329,15,13250,-16.507608679568797,30311,,13752
,0,,36283,14539,4.0,2022.0,0,0,-44.732505480772105,29414,15,13505,-16.257652146851104,28975,,13708
,0,,34908,14576,4.0,2022.0,0,0,-44.63419916474306,30009,15,13792,-16.318833583543245,30267,,13965
,0,,40060,14379,4.0,2022.0,0,0,-44.67056074143002,30309,15,13150,-16.531272983410716,32453,,13873
,0,,42670,14995,4.0,2022.0,0,0,-44.70947857280439,31967,15,13449,-16.62396364179525,32121,,13837
,0,,40569,15193,4.0,2022.0,0,0,-44.556782823462896,30157,15,13287,-16.42246090226015,30290,,13750
,0,,36216,14549,4.0,2022.0,0,0,-44.873278852086386,32770,15,13292,-16.590411444475812,30990,,13587
,0,,34441,14413,4.0,2022.0,0,0,-44.552785085261576,28314,15,13139,-16.306601476196867,28566,,13392
,0,,44629,15242,4.0,2022.0,0,0,-44.75786073984053,30686,15,13440,-16.26825085207543,33581,,14133
,0,,32696,14123,6.0,2022.0,0,0,-44.7980328758653,27433,21,12767,-16.44892067196781,28050,,13184
,0,,44933,15889,4.0,2022.0,0,0,-44.88435543966452,32918,15,14112,-16.378884353272895,36289,,14916
,0,,35559,14683,4.0,2022.0,0,0,-44.782634041916175,32208,15,13933,-16.332517781596938,32017,,14166
,0,,35065,14424,4.0,2022.0,0,0,-44.557117116228106,30054,15,13609,-16.345468338650843,30748,,13995
,0,,35131,14480,4.0,2022.0,0,0,-44.69194001151676,30184,15,13778,-16.51789831741954,30353,,14008
,0,,35182,14190,4.0,2022.0,0,0,-44.82102939096897,31259,15,13196,-16.513808759543224,31220,,13517
,0,,33847,14032,4.0,2022.0,0,0,-44.55873614016869,30118,15,12860,-16.624067159633373,30651,,13333
,0,,37494,15339,6.0,2022.0,0,0,-45.01755068859896,31548,21,13971,-16.368656709356816,34134,,14654
,0,,38960,15578,4.0,2022.0,0,0,-44.96025857920391,29142,15,13873,-16.43021948969219,30891,,14446
,0,,36066,15110,4.0,2022.0,0,0,-44.93173697085168,28223,15,13828,-16.46527215361932,29594,,14347
,0,,35829,14600,4.0,2022.0,0,0,-45.16016167931074,24312,15,13124,-16.597553249569014,25932,,13522
,0,,32340,14440,4.0,2022.0,0,0,-44.98786256378155,27791,15,13443,-16.597604269762012,26276,,13673
,0,,32417,14729,4.0,2022.0,0,0,-44.974971858566136,28039,15,13834,-16.507608698304406,28074,,14000
,0,,44056,15775,6.0,2022.0,0,0,-44.95365758460582,32220,21,13914,-16.559699400806185,36431,,14907
,0,,40840,14927,4.0,2022.0,0,0,-45.01373268927693,34599,15,13716,-16.286008463125448,38151,,14599
,0,,43300,15585,6.0,2022.0,0,0,-44.93324711295045,30097,21,13900,-16.345468354101868,32584,,14505
,0,,47437,15313,4.0,2022.0,0,0,-45.0781170139781,33759,15,13652,-16.34051965657128,36673,,14380
,0,,43188,15038,4.0,2022.0,0,0,-44.93258069132878,30168,15,13404,-16.55825175450705,31349,,13662
,0,,36932,14941,4.0,2022.0,0,0,-44.92778793667367,31024,15,13487,-16.58765555998664,30254,,13744
,0,,39299,15289,4.0,2022.0,0,0,-45.04302922938226,29169,15,13501,-16.545430145335768,29287,,13828
,0,,35956,14826,4.0,2022.0,0,0,-44.92891508208146,29516,15,13416,-16.306601490970504,27534,,13625
,0,,37338,14775,4.0,2022.0,0,0,-45.010734856093855,31121,15,13517,-16.30454759085636,30717,,13931
,0,,39487,14586,4.0,2022.0,0,0,-44.93291282019184,30197,15,13280,-16.422460918872623,29243,,13620
,0,,39416,14889,4.0,2022.0,0,0,-45.05746853519217,27669,15,13358,-16.539280511079298,28209,,13603
,0,,32585,14121,4.0,2022.0,0,0,-44.99989233306215,28888,15,13321,-16.413172748297196,27790,,13387
,0,,33342,14234,4.0,2022.0,0,0,-45.002622857711096,29892,15,13260,-16.410165703366886,28484,,13438
,0,,34836,13926,4.0,2022.0,0,0,-44.9613000588602,29448,15,13100,-16.62778362827039,30198,,13350
,0,,38259,14654,4.0,2022.0,0,0,-45.06807000518839,31889,15,13344,-16.517898338148612,33499,,13950
,0,,34085,14365,4.0,2022.0,0,0,-45.01591378457207,28736,15,13375,-16.577404349712882,28696,,13635
,0,,33741,14052,4.0,2022.0,0,0,-45.01058487910222,29726,15,13107,-16.40748705056045,28596,,13368
,0,,35069,14249,4.0,2022.0,0,0,-45.07406828113365,29235,15,12994,-16.518997130969552,29435,,13493
,0,,32984,14293,4.0,2022.0,0,0,-44.976709907825466,32609,15,13749,-16.28717318752113,31844,,13968
,0,,36914,15138,4.0,2022.0,0,0,-45.09016190552101,31511,15,14193,-16.321105191521948,32536,,14508
,0,,34022,14082,4.0,2022.0,0,0,-44.97822610330868,32594,15,13432,-16.601127904148353,30923,,13783
,0,,36588,14468,4.0,2022.0,0,0,-44.95283307649049,29474,15,13128,-16.616742762070743,30560,,13684
,0,,23010,13242,9.0,2022.0,0,0,-43.51164323697714,21618,29,12727,-16.9087150335426,22604,,13133
,0,,26994,13735,9.0,2022.0,0,0,-43.45442655831656,26357,29,13410,-16.963591085271855,25984,,13587
,65535,,16268,7344,8.0,2022.0,65535,65535,-45.02550363884022,15957,33,6236,-16.693972620196917,14887,,6237
,65535,,17521,7826,8.0,2022.0,65535,65535,-45.06385590042356,15646,33,6076,-16.36270440749606,15022,,5996
,0,,42299,15692,0.0,2023.0,0,0,-43.47988163682476,26377,3,13401,-16.65888339564138,29546,,14163
,0,,43165,15991,0.0,2023.0,0,0,-43.68145865540325,24933,3,13547,-16.89183460238541,31962,,14860
,0,,39620,15836,0.0,2023.0,0,0,-43.53355635762442,23470,3,13436,-16.791771829295186,31522,,14952
,0,,37378,15617,1.0,2023.0,0,0,-43.57808516611792,24573,4,13347,-16.70540282676292,26976,,13929
,0,,36838,15082,1.0,2023.0,0,0,-43.71978695240031,27288,4,13283,-16.78303262636979,28959,,13902
,0,,35434,14594,1.0,2023.0,0,0,-43.71557813975033,29199,4,13322,-16.7183978402154,31499,,13890
,0,,31137,14176,1.0,2023.0,0,0,-43.45011145773664,26276,4,13168,-16.659557538769615,28542,,13508
,0,,34436,14822,1.0,2023.0,0,0,-43.730453706624495,30631,4,13998,-16.78034442476028,31822,,14430
,0,,36907,15319,1.0,2023.0,0,0,-43.66719552192755,28498,4,13787,-16.92995889627611,32192,,14625
,0,,44812,15665,1.0,2023.0,0,0,-43.714022954010865,26522,4,13480,-16.786043571351087,32428,,14561
,0,,32908,14971,1.0,2023.0,0,0,-43.46939730118609,28229,4,13964,-16.726433039425796,29209,,14408
,0,,37570,15116,1.0,2023.0,0,0,-43.72585582866657,25493,4,13273,-16.673875324091078,29713,,14226
,0,,31043,14066,1.0,2023.0,0,0,-43.4587600784185,27194,4,13374,-17.000609583331375,30084,,13827
,0,,31428,14532,1.0,2023.0,0,0,-43.50263308961414,27095,4,13507,-16.973974797318863,29437,,14029
,0,,32590,14953,1.0,2023.0,0,0,-43.7795921851936,25923,4,13565,-16.925116400498226,28962,,14352
,0,,31046,14345,1.0,2023.0,0,0,-43.79170537454696,28997,4,13788,-16.985422833475862,29572,,14117
,0,,40905,15789,1.0,2023.0,0,0,-43.52274795215191,30673,4,14436,-16.713475832684534,36833,,15272
,0,,31744,14635,1.0,2023.0,0,0,-43.77251659401104,29042,4,13952,-16.905922976705845,29943,,14316
,0,,36929,15428,1.0,2023.0,0,0,-43.45821100371299,30323,4,14269,-16.677405843075746,34025,,14827
,0,,30780,14708,1.0,2023.0,0,0,-43.51989532995726,26855,4,13777,-16.93257971330773,28869,,14461
,0,,40595,15499,1.0,2023.0,0,0,-43.489376895307984,30336,4,13991,-16.71336928166784,35117,,14871
,0,,33347,15090,1.0,2023.0,0,0,-43.52647332033536,29152,4,14335,-16.77405664186229,31867,,14792
,0,,44220,15856,1.0,2023.0,0,0,-43.690304718433794,30355,4,14002,-16.929665018531434,35687,,14902
,0,,40387,15850,0.0,2023.0,0,0,-44.152696481638614,31120,3,14255,-16.74148591937987,36447,,15303
,0,,38344,15883,0.0,2023.0,0,0,-43.979489316559636,25345,3,13935,-16.630549086724344,28845,,14738
,0,,38700,15568,0.0,2023.0,0,0,-43.94043763004719,27134,3,13919,-16.95025752557399,32931,,15024
,0,,40511,16105,0.0,2023.0,0,0,-44.011163163576235,24126,3,13366,-16.695051085533446,29511,,14692
,0,,38961,15911,1.0,2023.0,0,0,-44.1065837062981,30670,4,14768,-16.78034442950773,34421,,15460
,0,,33917,15416,1.0,2023.0,0,0,-44.04361344131785,29525,4,14440,-16.660761146654803,31383,,15058
,0,,41148,15396,1.0,2023.0,0,0,-43.81369904318968,31586,4,14235,-16.763688840230394,36363,,14977
,0,,35753,15230,1.0,2023.0,0,0,-43.94156156082064,25518,4,14376,-16.786825154266882,31052,,14801
,0,,37040,15404,1.0,2023.0,0,0,-44.07197696395579,28862,4,14449,-16.746308213972394,32530,,14973
,0,,37615,15478,1.0,2023.0,0,0,-43.813992984645154,30753,4,14296,-16.768203838522208,33804,,14916
,0,,36462,15159,1.0,2023.0,0,0,-44.052698408315315,32028,4,14477,-16.890738901575507,34789,,14845
,0,,35386,15078,1.0,2023.0,0,0,-43.87639341980413,31650,4,14126,-16.93113992627876,33179,,14773
,0,,37807,15144,1.0,2023.0,0,0,-44.13358455753746,31915,4,14385,-16.77190657194428,34294,,14808
,0,,32968,15018,1.0,2023.0,0,0,-43.89196558186315,28659,4,14190,-16.970452240320068,31448,,14615
,0,,35128,14885,1.0,2023.0,0,0,-44.15883727477673,28574,4,13810,-16.633286411961087,31101,,14396
,0,,31713,15130,1.0,2023.0,0,0,-43.83489006403743,25586,4,13492,-17.000609568106402,28061,,14403
,0,,34203,14773,1.0,2023.0,0,0,-44.02050790282894,30653,4,14020,-16.912127592429275,33970,,14533
,0,,39261,15524,1.0,2023.0,0,0,-44.01404565586259,31692,4,14665,-16.713317709928237,35331,,15244
,0,,33122,14939,1.0,2023.0,0,0,-43.96994679749775,29276,4,14148,-16.88050258578178,31219,,14636
,0,,32836,14849,1.0,2023.0,0,0,-44.00242875076021,27325,4,13937,-16.755937682156077,29626,,14430
,0,,39991,15819,1.0,2023.0,0,0,-44.009165424386254,26336,4,13705,-16.751807470452192,29250,,14685
,0,,36820,15015,1.0,2023.0,0,0,-43.98487000396049,31216,4,14140,-16.69207640610164,32746,,14550
,0,,36527,15173,1.0,2023.0,0,0,-43.84189708268637,27606,4,13441,-16.96052115549611,32792,,14699
,0,,34725,15138,1.0,2023.0,0,0,-43.95231861956828,31532,4,14562,-16.86675399078788,32386,,14865
,0,,29421,14486,1.0,2023.0,0,0,-43.88777322531876,25766,4,13871,-16.90871502481779,27260,,14256
,0,,30429,14294,1.0,2023.0,0,0,-43.88073604440662,28095,4,13659,-16.867279742622515,29516,,14031
,0,,37942,14760,1.0,2023.0,0,0,-43.82100074637654,32379,4,13890,-16.88841552206357,34329,,14420
,0,,37233,14797,1.0,2023.0,0,0,-43.83055654370275,32557,4,13901,-16.963591071924924,33982,,14235
,0,,40828,15627,1.0,2023.0,0,0,-44.01376195993732,28534,4,13849,-16.79540148344117,32279,,14698
,0,,33408,15290,1.0,2023.0,0,0,-44.01781167543094,30792,4,14489,-16.90412523445105,32121,,14993
,0,,31927,14354,1.0,2023.0,0,0,-43.954215157904265,26173,4,13315,-16.705402832743324,28112,,13766
,0,,35828,14605,1.0,2023.0,0,0,-43.97730471749858,28191,4,13249,-16.78259636013626,30482,,13678
,0,,39854,15991,0.0,2023.0,0,0,-44.24175011281261,28515,3,14336,-16.66260767346758,34048,,15397
,0,,37057,15445,1.0,2023.0,0,0,-44.261471650211675,28660,4,14371,-16.65889947081186,32755,,15072
,0,,36839,15486,1.0,2023.0,0,0,-44.23240113931548,29885,4,14470,-16.659578232498287,33616,,15068
,0,,39103,15712,1.0,2023.0,0,0,-44.189379281984564,31289,4,14533,-16.746255050826093,35716,,15312
,0,,34468,15273,1.0,2023.0,0,0,-44.32965370015719,30202,4,14733,-16.76827170749629,31932,,15038
,0,,31953,14662,1.0,2023.0,0,0,-44.29444566216964,26348,4,13570,-16.719089576965203,28905,,14103
,0,,39525,15459,1.0,2023.0,0,0,-44.180986817472856,32121,4,14512,-16.718346819322,35917,,15117
,0,,35252,15349,1.0,2023.0,0,0,-44.54342755223646,30095,4,14541,-16.963568474335723,32971,,15101
,0,,33125,15073,1.0,2023.0,0,0,-44.32480739262089,30917,4,14530,-16.76375615352318,31610,,14792
,0,,31513,14871,1.0,2023.0,0,0,-44.258322538367615,29181,4,14317,-16.780354607227988,30940,,14713
,0,,33200,15013,1.0,2023.0,0,0,-44.42411149059044,26849,4,13888,-16.77406348089325,28909,,14425
,0,,33009,14789,1.0,2023.0,0,0,-44.18065260789941,29441,4,14171,-16.79532453368024,30557,,14483
,0,,37684,15495,1.0,2023.0,0,0,-44.33790023928445,30464,4,14238,-16.69398987988142,33525,,14807
,0,,32243,14985,1.0,2023.0,0,0,-44.311592813554235,29220,4,14395,-16.7355809888393,30754,,14818
,0,,35399,15363,1.0,2023.0,0,0,-44.42372736310537,28949,4,14181,-16.692067023820883,30972,,14820
,0,,33945,14853,1.0,2023.0,0,0,-44.40790075097967,29678,4,14048,-16.97038455989075,31029,,14463
,0,,40040,15746,1.0,2023.0,0,0,-44.53049852867263,30701,4,14356,-16.64944853288828,33320,,14947
,0,,38284,15549,0.0,2023.0,0,0,-44.42231839625778,26786,3,13559,-16.64779382696773,30182,,14446
,0,,36832,15361,1.0,2023.0,0,0,-44.45360795953583,30448,4,14385,-16.925166577092558,31768,,14819
,0,,34581,15154,1.0,2023.0,0,0,-44.49956656288993,29279,4,14272,-16.918254578426822,31593,,14766
,0,,36997,15446,1.0,2023.0,0,0,-44.47593469705725,31244,4,14510,-16.786798052772326,33027,,15033
,0,,31769,14633,1.0,2023.0,0,0,-44.49296959729132,27962,4,13855,-16.91675089686395,29477,,14218
,0,,34321,14890,1.0,2023.0,0,0,-44.500375564740544,30090,4,14134,-16.9119657856251,31513,,14549
,0,,37377,15219,1.0,2023.0,0,0,-44.22271109705153,31577,4,14284,-16.880456538406882,32662,,14581
,0,,36772,15307,1.0,2023.0,0,0,-44.381730498384954,31453,4,14624,-16.641145723810737,33879,,15022
,0,,42279,15443,1.0,2023.0,0,0,-44.50740857873697,29246,4,13737,-16.78254505865278,30914,,14069
,0,,30236,14533,1.0,2023.0,0,0,-44.47430899177221,26040,4,13457,-16.713289008917364,26268,,13989
,0,,34725,14977,1.0,2023.0,0,0,-44.30770746539205,29444,4,14128,-16.870770555470358,31219,,14642
,0,,39695,15255,1.0,2023.0,0,0,-44.53855236528367,28553,4,13822,-16.63328334137136,30755,,14381
,0,,37781,15319,1.0,2023.0,0,0,-44.40650271445937,30713,4,14049,-16.70540019258223,32329,,14595
,0,,34778,15168,1.0,2023.0,0,0,-44.5056515546199,29299,4,14151,-16.75588821911592,31172,,14679
,0,,38408,15015,1.0,2023.0,0,0,-44.319053821851504,29943,4,13891,-16.726475488348463,31120,,14172
,0,,34980,14775,1.0,2023.0,0,0,-44.25847314614561,30333,4,13932,-16.677434996516055,31467,,14348
,0,,29912,14119,1.0,2023.0,0,0,-44.44905775868745,28160,4,13621,-16.791766939184267,28255,,13839
,0,,38498,15301,1.0,2023.0,0,0,-44.45301933623636,28940,4,14060,-16.69503248768335,32950,,14754
,0,,37201,15846,0.0,2023.0,0,0,-44.58715008948076,26776,3,13971,-17.000609590796657,31571,,15197
,0,,30265,14645,1.0,2023.0,0,0,-44.57850146848755,25495,4,13541,-16.659557507237157,26451,,13991
,0,,42342,15775,1.0,2023.0,0,0,-44.80921136667197,24702,4,13401,-16.90821261222951,29372,,14329
,0,,37770,15941,1.0,2023.0,0,0,-44.64422560637797,31276,4,14840,-16.97045225507996,33979,,15408
,0,,35302,15298,1.0,2023.0,0,0,-44.58281656922925,31071,4,14609,-16.963591091468928,33236,,15046
,0,,32380,14843,1.0,2023.0,0,0,-44.722206820736176,28023,4,13965,-16.880502585842653,28721,,14368
,0,,33648,15187,1.0,2023.0,0,0,-44.617766907446175,27391,4,14026,-16.71336925797807,29260,,14621
,0,,37120,15379,1.0,2023.0,0,0,-44.56625301043723,29763,4,14400,-16.768203820637183,32030,,14761
,0,,33695,15078,1.0,2023.0,0,0,-44.59778731262058,27064,4,13981,-16.72643301675921,28878,,14461
,0,,36787,15080,1.0,2023.0,0,0,-44.85314289712875,30910,4,14142,-16.739029714610233,32597,,14647
,0,,37540,15345,1.0,2023.0,0,0,-44.63102310222564,31526,4,14553,-16.973974801179043,33402,,14964
,0,,43210,15840,1.0,2023.0,0,0,-44.56595906898558,29708,4,14374,-16.763688821486994,34289,,15177
,0,,31865,14800,1.0,2023.0,0,0,-44.617962390517874,27358,4,14003,-16.756899375032123,28756,,14305
,0,,33793,14977,1.0,2023.0,0,0,-44.72956474061059,29677,4,14072,-16.782596347118826,30299,,14525
,0,,36690,15277,1.0,2023.0,0,0,-44.594157108029016,31879,4,14456,-16.96052117432806,32981,,14930
,0,,35712,15156,1.0,2023.0,0,0,-44.86732838967132,26636,4,13802,-16.77485283764073,29717,,14378
,0,,41075,15077,1.0,2023.0,0,0,-44.752115040435605,28923,4,13614,-16.918282924718454,31391,,13956
,0,,34819,15096,1.0,2023.0,0,0,-44.70647518138376,29538,4,14129,-16.705402804722315,31270,,14663
,0,,39784,15633,1.0,2023.0,0,0,-44.604521600637476,31719,4,14607,-16.8217470290369,33438,,15072
,0,,33718,14643,1.0,2023.0,0,0,-44.84396815986741,26693,4,13469,-16.718397823116995,28433,,13845
,0,,35994,15048,1.0,2023.0,0,0,-44.65486333378426,30417,4,14266,-16.774056626771543,31941,,14637
,0,,34665,15116,1.0,2023.0,0,0,-44.92009539733449,27174,4,13932,-16.985422818648043,29580,,14521
,0,,37787,15407,1.0,2023.0,0,0,-44.56203290187385,31202,4,14499,-16.88659893425401,33208,,14977
,0,,41402,15684,1.0,2023.0,0,0,-44.58114668649644,30966,4,14558,-16.735528349761996,35068,,15225
,0,,39060,15197,1.0,2023.0,0,0,-44.608271648626115,26520,4,13683,-16.658883364929462,28723,,14047
,0,,39186,14988,1.0,2023.0,0,0,-44.75838769769679,25921,4,13237,-16.949652251991843,28436,,13639
,0,,38176,14838,1.0,2023.0,0,0,-44.57180472979824,32376,4,13818,-16.691678042779596,33840,,14214
,0,,34445,14791,1.0,2023.0,0,0,-44.91109729487247,29092,4,13862,-16.633286372904692,31280,,14164
,0,,37431,14689,1.0,2023.0,0,0,-44.818694737660074,32196,4,13776,-16.92966500884081,32991,,14000
,0,,36871,15128,1.0,2023.0,0,0,-44.580616698291685,32206,4,14318,-16.719041342472806,35659,,14672
,0,,42193,15763,1.0,2023.0,0,0,-45.137555439045876,29638,4,14202,-16.751807455869923,33984,,14914
,0,,32795,14977,1.0,2023.0,0,0,-45.113260019571086,27499,4,13991,-16.692076389093724,28855,,14456
,0,,41769,15736,1.0,2023.0,0,0,-44.93816289848052,29516,4,14087,-16.886598912186887,33059,,14829
,0,,35865,15415,1.0,2023.0,0,0,-45.11714319036812,31804,4,14745,-16.99645678451515,34295,,15152
,0,,40588,15809,0.0,2023.0,0,0,-44.96273101080338,23737,3,13232,-16.67740582659099,29198,,14416
,0,,42509,15697,1.0,2023.0,0,0,-45.161694412233544,25673,4,13716,-16.8031332914172,30687,,14720
,0,,32968,14640,1.0,2023.0,0,0,-45.02441533781569,28355,4,13858,-16.93257969025818,29800,,14215
,0,,35374,15137,1.0,2023.0,0,0,-44.949390768405436,27567,4,13691,-16.888415505023662,31005,,14441
,0,,33015,14837,1.0,2023.0,0,0,-45.12824503271926,26258,4,13582,-16.918282914580733,27171,,14052
,0,,39761,15254,0.0,2023.0,0,0,-44.957276682671335,29437,3,13765,-16.73552835272843,32394,,14307
,0,,33483,14610,1.0,2023.0,0,0,-45.020355601111305,28903,4,13914,-16.970452228040337,30129,,14208
,0,,36446,14989,1.0,2023.0,0,0,-44.94793472618751,28516,4,13667,-16.69167805273079,30253,,14081
,0,,36548,15098,1.0,2023.0,0,0,-45.082605174714516,29975,4,13815,-16.705402815092544,31477,,14295
,0,,30913,14252,1.0,2023.0,0,0,-45.06882764739822,27950,4,13721,-16.95025751441999,29197,,13831
,0,,29727,14168,1.0,2023.0,0,0,-45.112430442199866,26826,4,13476,-16.789611627332935,27918,,13908
,0,,29478,14104,1.0,2023.0,0,0,-44.9632800855141,27713,4,13425,-17.00060955468969,27526,,13797
,0,,30833,14124,1.0,2023.0,0,0,-45.097792501758235,28441,4,13666,-16.838206908346717,29300,,13906
,0,,30535,14551,1.0,2023.0,0,0,-44.208674432829454,25912,4,13804,-15.916734944300599,27118,,14075
,0,,38363,15638,1.0,2023.0,0,0,-44.20237123564926,31705,4,14620,-15.913705382775742,34572,,15251
,0,,29048,14433,1.0,2023.0,0,0,-44.34552428185564,29161,4,14091,-16.092421278066112,28967,,14339
,0,,38443,15706,1.0,2023.0,0,0,-44.19392493110198,29486,4,14235,-15.91418961545728,33703,,15110
,0,,35071,15256,1.0,2023.0,0,0,-44.25251822545545,29841,4,14277,-16.185391237044676,32659,,14911
,0,,34934,15324,1.0,2023.0,0,0,-44.221656146206044,29946,4,14399,-15.980606121529615,32197,,14926
,0,,36895,15375,1.0,2023.0,0,0,-44.26389703201245,33588,4,14769,-16.1629574580949,34384,,15138
,0,,33742,15052,1.0,2023.0,0,0,-44.218023670877834,27057,4,13746,-16.214784633603234,29075,,14340
,0,,35467,15163,1.0,2023.0,0,0,-44.22838898436313,31480,4,14386,-16.075956706373017,32726,,14894
,0,,30373,14416,1.0,2023.0,0,0,-44.19567436734258,28726,4,13942,-15.945838512042457,29389,,14226
,0,,33561,14884,1.0,2023.0,0,0,-44.25489101830017,29917,4,14174,-16.228242567700573,31106,,14572
,0,,38944,15630,1.0,2023.0,0,0,-44.43371552730062,28948,4,14095,-16.146070116396842,32478,,14811
,0,,35868,15370,1.0,2023.0,0,0,-44.21101990747164,31134,4,14453,-16.254888706037015,32944,,14920
,0,,37157,15428,1.0,2023.0,0,0,-44.4330786687299,29000,4,14201,-16.162454442214475,31739,,14728
,0,,33849,14983,1.0,2023.0,0,0,-44.31656465081318,30413,4,14403,-16.20451526476877,31969,,14778
,0,,36793,15400,1.0,2023.0,0,0,-44.27500586532718,30640,4,14198,-15.96764275870056,33076,,14964
,0,,33771,14702,1.0,2023.0,0,0,-44.20668380189008,28210,4,13745,-16.21785605710128,29931,,14283
,0,,39753,15380,1.0,2023.0,0,0,-44.215792676133894,28370,4,13811,-16.16620636719722,32055,,14566
,0,,39861,15750,1.0,2023.0,0,0,-44.2418302360094,32030,4,14704,-16.011083723213876,35198,,15237
,0,,43046,15578,1.0,2023.0,0,0,-44.18832041432185,29390,4,14002,-16.251175267282335,33162,,14625
,0,,44646,15961,1.0,2023.0,0,0,-44.203559849935395,28280,4,13936,-16.170979906329826,33043,,14819
,0,,37162,15249,1.0,2023.0,0,0,-44.53496698134992,28928,4,13869,-15.887424618377123,32339,,14605
,0,,30392,14422,1.0,2023.0,0,0,-44.23214121177869,27680,4,13657,-15.913030153574882,28368,,14115
,0,,30058,14189,1.0,2023.0,0,0,-44.27215056672005,29667,4,13741,-16.186831196328434,29725,,13991
,0,,36575,15304,1.0,2023.0,0,0,-44.1859020737949,30732,4,14354,-16.14083487561618,32555,,14843
,0,,39465,15440,1.0,2023.0,0,0,-44.19712922848101,29447,4,14013,-16.14265180205622,30813,,14469
,0,,36259,15361,1.0,2023.0,0,0,-44.52477603673544,31029,4,14500,-16.160165985069,32351,,14868
,0,,39591,15204,1.0,2023.0,0,0,-44.53690067490326,31195,4,14136,-16.217478631793263,32514,,14625
,0,,35324,15080,1.0,2023.0,0,0,-44.20501584076311,29197,4,13920,-15.98970543572359,31529,,14519
,0,,36296,15120,1.0,2023.0,0,0,-44.37598144445439,31815,4,14415,-16.17252815942116,33144,,14882
,0,,37423,15264,1.0,2023.0,0,0,-44.36488290724903,30604,4,14105,-16.25073215691987,34054,,14855
,0,,43390,14914,1.0,2023.0,0,0,-44.38324872077793,30027,4,13863,-16.150499810075942,36185,,14575
,0,,35401,15334,1.0,2023.0,0,0,-44.44726291608522,27450,4,14025,-16.233599962391246,29509,,14606
,0,,35071,15135,1.0,2023.0,0,0,-44.190122412019456,30447,4,14050,-16.022393974546393,32470,,14558
,0,,30341,13934,1.0,2023.0,0,0,-44.21047056048134,28135,4,13500,-15.931560329115408,29078,,13694
,0,,38903,15387,1.0,2023.0,0,0,-44.48271009882073,25134,4,13210,-16.03453786368696,28238,,14012
,0,,37979,14905,1.0,2023.0,0,0,-44.20448599299937,33022,4,14153,-15.973212087803239,35145,,14640
,0,,39723,15243,1.0,2023.0,0,0,-44.328441271568614,32212,4,14356,-16.120979436318187,34408,,14754
,0,,37170,15268,1.0,2023.0,0,0,-44.5318518785386,32458,4,14462,-16.179367035766617,33365,,14862
,0,,38043,15507,1.0,2023.0,0,0,-44.46783248466208,24677,4,13277,-15.972567068238492,26492,,13914
,0,,39787,15496,1.0,2023.0,0,0,-44.54396537766548,31808,4,14502,-16.239697130376786,34451,,14960
,0,,42706,15413,1.0,2023.0,0,0,-44.46068127556658,31015,4,14118,-16.10304433421609,33508,,14708
,0,,36532,14998,1.0,2023.0,0,0,-44.51064008942001,26729,4,13589,-15.903607444889412,27963,,14012
,0,,38642,14957,1.0,2023.0,0,0,-44.28581188924144,28142,4,13514,-16.04596878675002,31558,,14163
,0,,37184,15336,1.0,2023.0,0,0,-44.38225551661678,32612,4,14370,-16.203909603947658,33325,,14771
,0,,36927,15270,1.0,2023.0,0,0,-44.528825197706304,31411,4,14127,-15.995665649169275,33128,,14524
,0,,35498,15339,1.0,2023.0,0,0,-44.52539795991645,25471,4,13268,-15.896304987526229,27227,,13912
,0,,42740,15631,1.0,2023.0,0,0,-44.44047757900493,27355,4,13379,-16.224640434169025,31060,,14161
,0,,38826,15523,0.0,2023.0,0,0,-44.63760063622538,26729,3,13645,-17.031718574361793,29816,,14428
,0,,37940,15612,0.0,2023.0,0,0,-44.914045406551544,24644,3,13257,-17.014974713334,26512,,13969
,0,,32227,14658,1.0,2023.0,0,0,-44.91468235854457,28890,4,13807,-17.00610636970627,30110,,14331
,0,,44728,15772,1.0,2023.0,0,0,-44.91180547303005,24789,4,13533,-17.014106795133596,30146,,14501
,0,,36640,15309,0.0,2023.0,0,0,-44.82914856973627,24983,3,13474,-17.06784470453668,29127,,14312
,0,,34318,15127,1.0,2023.0,0,0,-44.732505443432444,25528,4,13006,-17.003374132570336,31215,,14445
,0,,32710,14987,1.0,2023.0,0,0,-44.63460145954056,28056,4,13715,-17.05025049652293,30059,,14403
,0,,37291,15576,0.0,2023.0,0,0,-44.88178088020924,26686,3,13364,-17.128688111374444,30280,,14591
,0,,40667,15953,0.0,2023.0,0,0,-44.79985640938546,29412,3,14225,-17.064880026904937,35896,,15382
,0,,30187,14512,1.0,2023.0,0,0,-45.130821952627834,27516,4,13565,-17.128738522710776,28582,,14179
,0,,35316,14919,1.0,2023.0,0,0,-45.00293806777955,29992,4,13754,-17.206495437031943,30909,,14232
,0,,31632,14420,1.0,2023.0,0,0,-44.94793489755815,31033,4,13934,-17.064490007568022,30525,,14378
,0,,29948,14577,1.0,2023.0,0,0,-45.11243411896791,27990,4,14065,-17.1624060102406,29376,,14324
,0,,31625,14172,1.0,2023.0,0,0,-45.025504427710366,26184,4,13505,-17.066785066547304,26170,,13655
,0,,32053,14208,1.0,2023.0,0,0,-44.94208934096241,27470,4,13308,-17.136486808310668,29090,,13711
,0,,32712,14595,1.0,2023.0,0,0,-45.03988503316279,29792,4,14027,-17.01015591334841,31918,,14316
,0,,28813,14055,1.0,2023.0,0,0,-45.107879348243,26548,4,13675,-17.003374096632193,28283,,13844
,0,,30089,14118,1.0,2023.0,0,0,-44.95727709721639,27677,4,13489,-17.108332002786767,28804,,13864
,0,,31105,14254,1.0,2023.0,0,0,-44.94618517926533,29869,4,13752,-17.032859324469964,30347,,14013
,0,,34591,14283,1.0,2023.0,0,0,-45.08260663541263,32153,4,13918,-17.07821337933667,33385,,14057
,0,,31928,14388,1.0,2023.0,0,0,-45.03099520146958,30039,4,13566,-17.146853686551548,31382,,14079
,0,,31220,14080,1.0,2023.0,0,0,-45.122563454178234,31348,4,13612,-17.013969525376876,31185,,13946
,0,,32645,14213,1.0,2023.0,0,0,-44.96273122881869,31297,4,13815,-17.050220753354754,31709,,14161
,0,,30509,14310,1.0,2023.0,0,0,-44.08455292574797,27695,4,13651,-16.475970603846143,28438,,14003
,0,,35836,15377,1.0,2023.0,0,0,-43.82624133677155,28250,4,13606,-16.286667378062376,31301,,14401
,0,,34788,14838,1.0,2023.0,0,0,-43.96311291279818,28700,4,13891,-16.623964385238114,31678,,14438
,0,,42170,16030,0.0,2023.0,0,0,-43.97242108626258,24516,3,13607,-16.598665343276263,32023,,15000
,0,,39765,15537,1.0,2023.0,0,0,-43.89196447124991,28677,4,13902,-16.597621277633486,31427,,14564
,0,,28383,14297,1.0,2023.0,0,0,-44.095914869218895,26788,4,13814,-16.410165698340773,27641,,14064
,0,,35697,14901,1.0,2023.0,0,0,-43.979489300718626,25885,4,13606,-16.257652126518405,30954,,14382
,0,,37333,15269,1.0,2023.0,0,0,-44.15572202168197,30632,4,14292,-16.55227768449444,32414,,14777
,0,,40768,15573,1.0,2023.0,0,0,-43.878762042455755,28595,4,14006,-16.601144626729493,32442,,14730
,0,,36177,15297,1.0,2023.0,0,0,-43.97730134037505,29551,4,14276,-16.409728744468413,32425,,14836
,0,,35786,15755,0.0,2023.0,0,0,-43.83250471196744,24613,3,13634,-16.545404328659963,30305,,14958
,0,,35905,15371,1.0,2023.0,0,0,-43.9523149338326,28779,4,14117,-16.493902662256918,30963,,14886
,0,,38454,15444,1.0,2023.0,0,0,-44.05269675188131,28148,4,13864,-16.517892375212693,32185,,14709
,0,,34171,14983,1.0,2023.0,0,0,-44.01375790368698,27258,4,13859,-16.422536382281233,29868,,14444
,0,,41410,15977,1.0,2023.0,0,0,-44.01116145120119,28893,4,14133,-16.32216660886084,32519,,14752
,0,,40697,15792,1.0,2023.0,0,0,-44.16077071232462,32037,4,14539,-16.590381855451945,34999,,15174
,0,,34460,15294,1.0,2023.0,0,0,-44.03330097219323,27333,4,14176,-16.430269767682244,29694,,14649
,0,,37910,15677,1.0,2023.0,0,0,-44.066433758351835,31345,4,14710,-16.55682609613339,34009,,15185
,0,,37755,15504,1.0,2023.0,0,0,-44.100880538037046,32423,4,14659,-16.366154371907516,34727,,15160
,0,,36737,15372,1.0,2023.0,0,0,-44.00612658694088,29497,4,14255,-16.576816888771265,32905,,14895
,0,,34144,15370,1.0,2023.0,0,0,-44.10990168515776,30051,4,14468,-16.626759529858795,31730,,14998
,0,,37422,15601,1.0,2023.0,0,0,-43.98403676220428,32767,4,14888,-16.416745377999767,35158,,15345
,0,,36795,15408,1.0,2023.0,0,0,-43.94155877845796,29496,4,14613,-16.41395843785758,33148,,15054
,0,,37044,15657,1.0,2023.0,0,0,-44.02050620480675,30286,4,14856,-16.53928503157153,33195,,15232
,0,,37085,15686,1.0,2023.0,0,0,-44.00712086952079,30370,4,14788,-16.523417382673106,33435,,15354
,0,,37073,15749,1.0,2023.0,0,0,-44.017809794823336,31265,4,14901,-16.531281120777457,32776,,15354
,0,,39353,15565,1.0,2023.0,0,0,-43.99985322117551,31881,4,14518,-16.545441500221482,35506,,15171
,0,,36669,14624,1.0,2023.0,0,0,-43.8455267130032,30587,4,13731,-16.353555504659802,32188,,13893
,0,,35039,14260,1.0,2023.0,0,0,-44.09015074566663,31756,4,13921,-16.41317716384639,33338,,14074
,0,,35182,14734,1.0,2023.0,0,0,-44.00916225140581,32751,4,14170,-16.378933942304624,32993,,14462
,0,,42106,15474,1.0,2023.0,0,0,-44.134510881769025,30549,4,14202,-16.276571541480692,33126,,14662
,0,,33008,14386,1.0,2023.0,0,0,-44.0575870788704,30115,4,13744,-16.518988317919476,31998,,14034
,0,,39993,15421,1.0,2023.0,0,0,-44.04361250537096,33687,4,14600,-16.287870188442582,34531,,14946
,0,,38067,15564,1.0,2023.0,0,0,-44.12652625509902,31270,4,14262,-16.306634750693345,33307,,14886
,0,,38000,15441,1.0,2023.0,0,0,-44.18832066406795,28876,4,14232,-16.62407201684841,31730,,14788
,0,,38967,15820,0.0,2023.0,0,0,-44.20863471697482,30143,3,14487,-16.545404344349958,33602,,15172
,0,,36823,15226,0.0,2023.0,0,0,-44.48603170479605,26568,3,13927,-16.626759483360164,28657,,14369
,0,,38452,15708,0.0,2023.0,0,0,-44.52403471900252,26150,3,14165,-16.26840110610164,29152,,14777
,0,,33238,15130,1.0,2023.0,0,0,-44.23214142045932,28493,4,14227,-16.285992735898702,30051,,14658
,0,,31157,14674,1.0,2023.0,0,0,-44.28762481500703,26893,4,13878,-16.2644370939018,28352,,14372
,0,,33115,14831,1.0,2023.0,0,0,-44.19567453761248,30271,4,14433,-16.318794253969003,31099,,14624
,0,,37770,15529,1.0,2023.0,0,0,-44.24163618835116,31025,4,14715,-16.340489011644454,33447,,15183
,0,,34961,15368,1.0,2023.0,0,0,-44.36655082674579,29726,4,14391,-16.612316483915844,31001,,14889
,0,,35401,15332,1.0,2023.0,0,0,-44.19712998837899,28907,4,14244,-16.515569618055192,31339,,14796
,0,,38696,15427,1.0,2023.0,0,0,-44.20867457459731,31695,4,14409,-16.289696496076775,35938,,14988
,0,,34186,15142,1.0,2023.0,0,0,-44.5476882503066,28808,4,14359,-16.44333787441584,30303,,14721
,0,,39045,15756,0.0,2023.0,0,0,-44.46068294404978,23936,3,13253,-16.475970572564176,27494,,14144
,0,,38599,15155,1.0,2023.0,0,0,-44.53185204372015,30995,4,14505,-16.55227763401836,32993,,14759
,0,,35160,15242,1.0,2023.0,0,0,-44.202371341451205,30197,4,14317,-16.286667424667844,32037,,14814
,0,,37510,15526,1.0,2023.0,0,0,-44.19012269987963,30744,4,14360,-16.39533486573954,33285,,14978
,0,,34751,15070,1.0,2023.0,0,0,-44.2283902808241,31700,4,14356,-16.448887825744986,32734,,14778
,0,,32792,14952,1.0,2023.0,0,0,-44.370302904677246,26057,4,13491,-16.26825165704697,28945,,14379
,0,,33268,15172,1.0,2023.0,0,0,-44.39663621974268,29139,4,14324,-16.539285008551918,31161,,14765
,0,,35348,15204,1.0,2023.0,0,0,-44.35343135303253,30407,4,14346,-16.409728740655144,31935,,14860
,0,,34545,15120,1.0,2023.0,0,0,-44.442563775705025,28792,4,14088,-16.556826062903166,30396,,14648
,0,,36214,15356,1.0,2023.0,0,0,-44.43308001299591,29755,4,14271,-16.535369461786768,31595,,14753
,0,,38744,15534,1.0,2023.0,0,0,-44.38325088375014,30785,4,14438,-16.523417363367862,33231,,14947
,0,,35178,14900,1.0,2023.0,0,0,-44.19392500760909,30582,4,14103,-16.28715143193211,32330,,14550
,0,,37779,15366,1.0,2023.0,0,0,-44.36488304747497,33923,4,14721,-16.623630417084282,35143,,15160
,0,,36996,15308,1.0,2023.0,0,0,-44.41974252152873,29115,4,14163,-16.287870182456853,33078,,14876
,0,,31961,14595,1.0,2023.0,0,0,-44.21047077710223,29954,4,14254,-16.304519048339802,31116,,14469
,0,,40105,15275,1.0,2023.0,0,0,-44.2373852411933,29820,4,14017,-16.541474207682246,33310,,14633
,0,,33119,14984,1.0,2023.0,0,0,-44.477010557194944,26817,4,13767,-16.36615434490801,28946,,14350
,0,,35813,15124,1.0,2023.0,0,0,-44.39492686846146,29414,4,14162,-16.345017827520756,32221,,14734
,0,,40136,15340,1.0,2023.0,0,0,-44.20668517297704,29321,4,13687,-16.590759518020903,33712,,14544
,0,,36133,15168,1.0,2023.0,0,0,-44.47811419831456,28826,4,14033,-16.300987386349693,31651,,14687
,0,,36315,15353,1.0,2023.0,0,0,-44.39393980961685,29632,4,14099,-16.531281098831684,31121,,14717
,0,,39393,15575,1.0,2023.0,0,0,-44.528825849540986,29247,4,14052,-16.36861169595925,32180,,14648
,0,,36476,15183,1.0,2023.0,0,0,-44.433717095756094,32523,4,14419,-16.518988288999306,33428,,14681
,0,,35187,15210,1.0,2023.0,0,0,-44.31768878923234,30212,4,14336,-16.413958442191387,32396,,14875
,0,,41548,15815,0.0,2023.0,0,0,-44.26390012751809,32532,3,14278,-16.535872190155416,34713,,14995
,0,,41039,15636,1.0,2023.0,0,0,-44.38988791826012,32535,4,14441,-16.42253636855939,34474,,14910
,0,,34504,14826,1.0,2023.0,0,0,-44.390173448896,29607,4,13856,-16.340436761822772,31746,,14513
,0,,36386,15170,1.0,2023.0,0,0,-44.40418769006801,29969,4,14157,-16.27490483810954,32770,,14707
,0,,36805,15268,1.0,2023.0,0,0,-44.3872914656477,28915,4,14027,-16.322166606816918,31153,,14562
,0,,37779,15340,1.0,2023.0,0,0,-44.25686361319015,31245,4,14378,-16.494428985767872,31813,,14769
,0,,35745,14977,1.0,2023.0,0,0,-44.25067417085872,31202,4,14271,-16.46085297451669,32251,,14628
,0,,38236,15055,1.0,2023.0,0,0,-44.50971345857331,29227,4,13869,-16.39903792787433,31933,,14361
,0,,36097,15091,1.0,2023.0,0,0,-44.36016677521538,31246,4,14098,-16.416745371769515,33376,,14704
,0,,36814,15411,1.0,2023.0,0,0,-44.44047801004199,30179,4,14425,-16.597543415026866,31501,,14803
,0,,37571,15244,1.0,2023.0,0,0,-44.38529226574169,30430,4,14337,-16.378933934303145,30064,,14516
,0,,39407,14867,1.0,2023.0,0,0,-44.44726320846292,30325,4,13655,-16.606501162069733,32990,,14155
,0,,37360,15042,1.0,2023.0,0,0,-44.22165671870563,33925,4,14444,-16.35355553902577,35738,,14826
,0,,38369,15027,1.0,2023.0,0,0,-44.20356091866708,34954,4,14171,-16.543892359120708,35135,,14520
,0,,34769,14816,1.0,2023.0,0,0,-44.491196764948306,31784,4,14167,-16.401984539677674,31359,,14327
,0,,42758,15752,1.0,2023.0,0,0,-44.57752758834749,31738,4,14127,-16.55969938170005,34776,,14804
,0,,34463,14914,1.0,2023.0,0,0,-44.67135461038366,28552,4,13848,-16.264439560670393,29986,,14135
,0,,34641,14603,1.0,2023.0,0,0,-44.74893809330354,32818,4,14204,-16.446850804453742,33652,,14428
,0,,39112,14975,1.0,2023.0,0,0,-44.6085323159435,30421,4,13921,-16.28668766035479,32435,,14402
,0,,35053,14582,1.0,2023.0,0,0,-44.7138384427532,28497,4,13812,-16.535380457307664,29933,,14108
,0,,36090,14330,1.0,2023.0,0,0,-44.63445488413206,28329,4,13249,-16.407487032641395,29367,,13547
,0,,34961,15237,1.0,2023.0,0,0,-44.876507253936175,26470,4,13425,-16.53912401237607,27679,,14014
,0,,33872,14663,1.0,2023.0,0,0,-44.714031912336,31563,4,14060,-16.321105184871502,32104,,14495
,0,,39155,14912,1.0,2023.0,0,0,-44.859128548556626,28281,4,13594,-16.626761280325056,32033,,14117
,0,,37307,15170,1.0,2023.0,0,0,-44.784031687717594,26960,4,13735,-16.59755322580796,29285,,14025
,0,,34745,15100,1.0,2023.0,0,0,-44.70578743754896,28998,4,14092,-16.39540134168225,29639,,14388
,0,,33346,14701,1.0,2023.0,0,0,-44.83408169407921,27841,4,13441,-16.515610978786164,30002,,14222
,0,,36396,14965,1.0,2023.0,0,0,-44.69518656076707,31603,4,14378,-16.353597106856917,32865,,14647
,0,,37315,14976,1.0,2023.0,0,0,-44.551657939828424,26532,4,13450,-16.587655540967546,27674,,13820
,0,,35123,14772,1.0,2023.0,0,0,-44.58709345451461,25679,4,13464,-16.36613262584043,28204,,13910
,0,,36913,15014,1.0,2023.0,0,0,-44.74499124209255,31147,4,14270,-16.556841724199398,31641,,14492
,0,,37630,15625,1.0,2023.0,0,0,-44.89866977787849,23614,4,13189,-16.300958314231085,27320,,14263
,0,,33903,14913,1.0,2023.0,0,0,-44.637602694355685,28595,4,13947,-16.286008453778248,30116,,14360
,0,,32005,14777,1.0,2023.0,0,0,-44.80327569759642,27863,4,13905,-16.533133922159458,29216,,14246
,0,,41754,15895,1.0,2023.0,0,0,-44.63978378972414,25643,4,13662,-16.577404329109967,29541,,14462
,0,,36365,15282,1.0,2023.0,0,0,-44.63460486111272,28256,4,14036,-16.304547578794992,29788,,14414
,0,,37172,15267,1.0,2023.0,0,0,-44.623762337850565,29081,4,14105,-16.413172730505245,31280,,14578
,0,,34972,15064,1.0,2023.0,0,0,-44.617881368568376,32030,4,14345,-16.28971757501542,33097,,14718
,0,,39960,15790,1.0,2023.0,0,0,-44.55560697409719,26060,4,13720,-16.46527213638033,30487,,14678
,0,,35244,15033,1.0,2023.0,0,0,-44.85043975876298,24230,4,12962,-16.34040864766269,30122,,14420
,0,,34102,15026,1.0,2023.0,0,0,-44.64142069378798,25832,4,13729,-16.36865669189432,27852,,14254
,0,,35281,15166,1.0,2023.0,0,0,-44.70198702052578,29276,4,14050,-16.340519646225008,30643,,14500
,0,,35808,15202,1.0,2023.0,0,0,-44.73564439483886,29024,4,14000,-16.44342077888395,32334,,14725
,0,,37067,15439,1.0,2023.0,0,0,-44.90279292118428,24932,4,13199,-16.612610330816064,28116,,14024
,0,,37698,15253,1.0,2023.0,0,0,-44.62649286256119,26826,4,13794,-16.41016568556456,29500,,14482
,0,,35722,15194,1.0,2023.0,0,0,-44.82518974927915,29192,4,14055,-16.418901444979003,31375,,14685
,0,,36051,14912,1.0,2023.0,0,0,-44.85980988379268,28266,4,13685,-16.34498521095532,30242,,14314
,0,,44695,15946,1.0,2023.0,0,0,-44.6374069093205,28882,4,14031,-16.40200101131608,34427,,15024
,0,,42806,15151,1.0,2023.0,0,0,-44.55645069459168,32363,4,14392,-16.558251735839224,34886,,14761
,0,,36358,15090,1.0,2023.0,0,0,-44.914682367285344,30932,4,14187,-16.26038848078083,34270,,14711
,0,,42104,15389,1.0,2023.0,0,0,-44.911805510557386,31556,4,13758,-16.26839189290691,35179,,14690
,0,,42442,15431,1.0,2023.0,0,0,-44.65296512863697,28233,4,13896,-16.39907350349917,33077,,14556
,0,,40288,15727,1.0,2023.0,0,0,-44.735448510139726,31949,4,14364,-16.34061268733096,35145,,15044
,0,,31632,15063,1.0,2023.0,0,0,-44.74606131367555,26609,4,13857,-16.384060836087652,28321,,14456
,0,,41874,16078,0.0,2023.0,0,0,-44.91404544023882,26303,3,13787,-16.269260221462318,32187,,14980
,0,,41879,15524,1.0,2023.0,0,0,-44.68150044403382,29341,4,13906,-16.47598671827706,32949,,14546
,0,,35262,15271,1.0,2023.0,0,0,-44.584128583094305,28691,4,14121,-16.430219472421115,30044,,14648
,0,,38217,15650,0.0,2023.0,0,0,-44.65193162703662,28150,3,14382,-16.5234010885837,30924,,14989
,0,,35334,15312,1.0,2023.0,0,0,-44.58517006277705,29371,4,14258,-16.627783607981613,31232,,14754
,0,,43176,15880,1.0,2023.0,0,0,-44.56733642245086,27197,4,14159,-16.49383644139103,29526,,14657
,0,,39441,15962,0.0,2023.0,0,0,-45.06935342581953,25730,3,14220,-16.598661053448584,30592,,14957
,0,,36829,15825,0.0,2023.0,0,0,-45.09830073295737,28736,3,14331,-16.55712740439145,32308,,15227
,0,,39737,15123,1.0,2023.0,0,0,-45.08996843592511,33628,4,14056,-16.535380478733178,35519,,14751
,0,,35565,14680,1.0,2023.0,0,0,-45.20319316774773,31437,4,13819,-16.28785931615878,32168,,14223
,0,,36794,15194,1.0,2023.0,0,0,-45.15876403354734,28835,4,13714,-16.33251778319925,30426,,14164
,0,,34252,14648,1.0,2023.0,0,0,-45.205280097857774,29860,4,13756,-16.322148391564834,30742,,14105
,0,,39486,15685,1.0,2023.0,0,0,-44.93527559358533,31501,4,14199,-16.292632058498047,33764,,14796
,0,,36642,15203,1.0,2023.0,0,0,-45.125068085684056,26197,4,13483,-16.446850824276414,28318,,14016
,0,,33017,14666,1.0,2023.0,0,0,-45.176373697731336,26729,4,13561,-16.401194400017754,27954,,13886
,0,,33745,14952,1.0,2023.0,0,0,-45.111774387518096,23960,4,13252,-16.443420799345137,25852,,13785
,0,,34547,14788,1.0,2023.0,0,0,-45.17940568874535,27735,4,13579,-16.533133945317733,29452,,14082
,0,,35897,15208,1.0,2023.0,0,0,-45.08191743090771,26814,4,13611,-16.395401358865985,29073,,14114
,0,,37181,15088,1.0,2023.0,0,0,-45.077071081877754,27603,4,13658,-16.390884949861093,29988,,14079
,0,,37483,15339,1.0,2023.0,0,0,-44.94346641894133,28945,4,13567,-16.493836459296876,31102,,14333
,0,,41852,15634,1.0,2023.0,0,0,-44.99401136392844,27319,4,14029,-16.289717586729203,32566,,14866
,0,,38518,15501,1.0,2023.0,0,0,-44.98466231151212,28123,4,13738,-16.286687672561115,31019,,14623
,0,,38970,15625,1.0,2023.0,0,0,-45.010329159728066,25006,4,13738,-16.318833597514203,29485,,14547
,0,,36838,15080,1.0,2023.0,0,0,-45.17416286713613,29909,4,13871,-16.44892068738196,31628,,14431
,0,,36284,15202,1.0,2023.0,0,0,-45.01353690422194,27102,4,13816,-16.402001029209,29417,,14356
,0,,35403,15197,1.0,2023.0,0,0,-45.20850419774128,28953,4,14158,-16.460860455328028,30708,,14633
,0,,37933,15391,1.0,2023.0,0,0,-45.19715938171801,29690,4,14117,-16.513808781284048,31543,,14551
,0,,34541,14870,1.0,2023.0,0,0,-45.110910089290364,26590,4,13777,-16.623630439169304,29142,,14304
,0,,34896,14822,1.0,2023.0,0,0,-45.17598831603119,28271,4,13760,-16.319182135512495,29266,,13994
,0,,35734,15033,1.0,2023.0,0,0,-45.17457867246843,29871,4,13796,-16.274900396074123,31586,,14400
,0,,32287,14551,1.0,2023.0,0,0,-45.27347990325885,30332,4,13947,-16.416684933315143,30921,,14310
,0,,32248,14433,1.0,2023.0,0,0,-45.29568777450267,27897,4,13651,-16.59073733472426,29007,,14000
,0,,31730,14233,1.0,2023.0,0,0,-45.22656974885829,27549,4,13424,-16.34040864384452,29079,,13906
,0,,32900,14359,1.0,2023.0,0,0,-45.11157850283796,27844,4,13572,-16.3406126944949,29135,,13886
,0,,37709,15033,1.0,2023.0,0,0,-45.210211684534514,31185,4,13806,-16.51561099952101,32623,,14371
,0,,44856,15623,4.0,2023.0,0,0,-43.68082134778035,32274,15,14077,-16.908212621874885,36875,,14795
,0,,43915,15412,4.0,2023.0,0,0,-43.68821842780209,28296,15,13425,-16.97037453782321,32709,,14098
,0,,44159,15430,4.0,2023.0,0,0,-43.784640769768366,30992,15,13684,-16.963213140616464,37536,,14759
,0,,42386,14796,4.0,2023.0,0,0,-43.60117472452348,28963,15,13175,-16.78259635893257,33748,,13968
,0,,33871,14220,4.0,2023.0,0,0,-43.61429121317013,27844,15,12893,-16.985145049987118,27762,,13360
,0,,36097,14701,4.0,2023.0,0,0,-43.64316439135926,26495,15,12978,-16.965778840303543,27265,,13413
,0,,41118,15038,4.0,2023.0,0,0,-43.7731390082448,27478,15,13340,-16.64216365584725,31756,,13986
,0,,41048,14418,4.0,2023.0,0,0,-43.66748344490117,26951,15,12912,-16.660761136202215,29770,,13277
,0,,36950,14930,4.0,2023.0,0,0,-43.75838169657004,28107,15,13461,-16.649463745965566,31769,,14197
,0,,35414,14150,4.0,2023.0,0,0,-43.57618862788864,25512,15,12795,-16.866753995360295,28816,,13229
,0,,32084,14043,4.0,2023.0,0,0,-43.75039810166311,27016,15,13280,-16.679521268221908,29804,,13681
,0,,44637,15540,4.0,2023.0,0,0,-43.623725023551486,29460,15,14021,-16.91828293033803,32753,,14442
,0,,42468,16081,4.0,2023.0,0,0,-43.77656647957216,27492,15,13741,-16.741485911169406,31846,,14879
,0,,38368,13731,4.0,2023.0,0,0,-43.73893836873583,33600,15,13157,-16.77485285474027,35163,,13482
,0,,36911,14385,4.0,2023.0,0,0,-43.642669253349936,33280,15,13443,-16.71789787215048,32730,,13755
,0,,37847,13810,4.0,2023.0,0,0,-43.67656841143454,32708,15,13025,-16.89073890425832,34747,,13356
,0,,39134,14149,4.0,2023.0,0,0,-43.633035429760945,29454,15,12633,-16.751807466661123,29521,,12962
,0,,33722,13619,4.0,2023.0,0,0,-43.73377171014424,33348,15,13267,-16.99958453534791,33714,,13447
,0,,40189,14214,4.0,2023.0,0,0,-43.63099304514813,30794,15,12991,-16.89626304631588,34034,,13563
,0,,36559,14334,4.0,2023.0,0,0,-43.63503316884123,30081,15,13037,-16.695051077911412,31010,,13418
,0,,37009,14927,4.0,2023.0,0,0,-43.69500348639946,32069,15,13428,-16.97933050533508,33483,,14244
,0,,44752,15162,4.0,2023.0,0,0,-43.641681680356164,30956,15,13284,-16.90412523892404,33987,,13822
,0,,36008,14402,4.0,2023.0,0,0,-43.65192818864854,28900,15,12820,-16.647798365786723,29636,,13268
,0,,38994,14693,4.0,2023.0,0,0,-43.59327249297568,29303,15,12946,-16.83820692441976,31109,,13399
,0,,40242,14897,4.0,2023.0,0,0,-43.61804317072179,31467,15,13506,-16.641146548784196,33181,,13923
,0,,48424,15523,4.0,2023.0,0,0,-43.56961817801705,31312,15,13604,-16.94897779961111,35398,,14242
,0,,46436,15564,6.0,2023.0,0,0,-43.52098363096144,28653,21,13568,-16.69397263425004,34192,,14518
,0,,38892,15557,4.0,2023.0,0,0,-43.98404042655547,26257,15,13825,-16.789611641713588,30029,,14658
,0,,40703,14928,4.0,2023.0,0,0,-43.874546102451674,29696,15,13600,-16.833710140934254,32948,,13985
,0,,47476,15253,4.0,2023.0,0,0,-43.96940248553877,31487,15,13754,-16.838206921867428,35176,,14243
,0,,32815,14125,4.0,2023.0,0,0,-44.056951344883316,28331,15,13274,-16.908212618412158,29904,,13617
,0,,41472,15195,4.0,2023.0,0,0,-44.095916951520486,31095,15,13741,-16.78303263064467,33682,,14327
,0,,39364,14691,4.0,2023.0,0,0,-44.115068368849414,31153,15,13136,-16.774852860038788,33662,,13776
,0,,37511,14121,4.0,2023.0,0,0,-43.81219091073582,33646,15,13436,-16.996896856568178,34593,,13947
,0,,35817,13506,4.0,2023.0,0,0,-44.05758865253793,32185,15,12823,-16.891834599797754,32522,,13053
,0,,39595,14380,4.0,2023.0,0,0,-44.126528102369754,32756,15,13219,-16.679521278845286,34108,,13666
,0,,38250,14529,4.0,2023.0,0,0,-44.091708138651136,33633,15,13688,-16.7183978477247,34472,,13955
,0,,37811,14860,4.0,2023.0,0,0,-43.90260330944827,32195,15,13111,-16.774056642391347,33708,,13954
,0,,35391,13684,4.0,2023.0,0,0,-43.852261575470635,32320,15,13132,-16.82174703622959,33278,,13329
,0,,42066,14523,4.0,2023.0,0,0,-44.14926901013504,34567,15,13380,-16.642163669291694,35655,,13689
,0,,36442,14367,4.0,2023.0,0,0,-43.99985501769603,29448,15,12869,-16.918282924565855,31780,,13491
,0,,39683,14300,4.0,2023.0,0,0,-44.14790519472688,31279,15,13100,-16.641294725993323,31809,,13398
,0,,42820,15417,6.0,2023.0,0,0,-43.8325447117877,30854,21,13844,-16.662586128226724,34821,,14490
,0,,36718,15439,6.0,2023.0,0,0,-44.03330439851729,25051,21,13208,-16.80313330369898,28448,,14305
,0,,42321,15838,6.0,2023.0,0,0,-44.522539635876065,27000,21,13861,-16.673845626327402,31010,,14566
,0,,46227,15738,6.0,2023.0,0,0,-44.52433071255459,26562,21,13687,-16.914288418985596,32224,,14502
,0,,43051,15804,6.0,2023.0,0,0,-44.508224828342605,26251,21,13679,-16.751756874247004,30022,,14444
,0,,41236,14489,4.0,2023.0,0,0,-44.25806693804328,27108,15,13132,-16.691718245815892,31360,,13779
,0,,45697,15631,4.0,2023.0,0,0,-44.53567549398976,31005,15,13849,-16.641285261518348,35243,,14671
,0,,42779,15568,4.0,2023.0,0,0,-44.54517618989379,29394,15,13665,-16.908656146814845,31288,,14259
,0,,39278,14895,4.0,2023.0,0,0,-44.22444868647643,29532,15,13135,-16.660063553054545,31806,,13822
,0,,40029,14701,4.0,2023.0,0,0,-44.265287719178374,32092,15,13586,-16.741531819557466,34258,,13909
,0,,40898,14363,4.0,2023.0,0,0,-44.18301516308504,31729,15,13290,-16.66552074576824,34475,,13681
,0,,36428,14906,4.0,2023.0,0,0,-44.53791542574833,28902,15,13498,-16.642153384543786,31342,,14047
,0,,35589,13987,4.0,2023.0,0,0,-44.427142674351366,31782,15,13137,-16.905977575013196,33603,,13582
,0,,39327,14500,4.0,2023.0,0,0,-44.32585472059653,32743,15,13501,-16.713400570433272,33293,,13786
,0,,44367,15764,6.0,2023.0,0,0,-44.82423698550122,26106,21,13535,-16.74630819349037,29600,,14158
,0,,40684,15654,6.0,2023.0,0,0,-44.7216625087896,27188,21,13493,-16.838206918631826,30770,,14318
,0,,42432,15790,6.0,2023.0,0,0,-44.75938306228888,25639,21,13497,-16.896263039620134,28376,,14079
,0,,48030,15625,4.0,2023.0,0,0,-44.85424584914138,28097,15,13548,-16.67387530255466,32986,,14277
,0,,40080,15541,6.0,2023.0,0,0,-44.89922320819137,25819,21,13418,-16.665534024738797,28951,,14062
,0,,39569,15526,6.0,2023.0,0,0,-44.640033249910786,29278,21,13975,-16.908715034655263,33761,,14757
,0,,37407,15063,6.0,2023.0,0,0,-44.84241297407217,25403,21,13073,-16.786043556196958,27568,,13692
,0,,39743,15266,6.0,2023.0,0,0,-44.886771718187056,27090,21,13616,-16.649463722381956,30147,,14081
,0,,34063,14372,4.0,2023.0,0,0,-44.90495650182912,27644,15,13257,-16.741485890681037,28307,,13591
,0,,35253,14808,4.0,2023.0,0,0,-44.80984867431714,26742,15,13189,-16.89183459225553,27200,,13443
,0,,40953,15616,4.0,2023.0,0,0,-44.61351750279618,23925,15,13121,-16.91431568847012,29343,,14215
,0,,39485,14775,4.0,2023.0,0,0,-44.87878812300229,29864,15,13583,-16.679521247772936,32098,,13927
,0,,39583,15364,4.0,2023.0,0,0,-44.59192564638652,28051,15,13610,-16.911961569985078,32150,,14424
,0,,37045,14689,4.0,2023.0,0,0,-44.76342318611312,26969,15,13214,-16.69505105628923,28668,,13571
,0,,36700,14716,4.0,2023.0,0,0,-44.579692011760976,26246,15,13362,-16.91673291288134,28818,,13973
,0,,33385,14461,4.0,2023.0,0,0,-44.90016521499625,28362,15,13666,-16.641294688318368,30208,,14071
,0,,33049,14287,4.0,2023.0,0,0,-44.772767925225445,28578,15,13101,-16.9121275900877,28708,,13404
,0,,37048,14589,4.0,2023.0,0,0,-44.71537308725275,32598,15,13635,-16.996790662757565,33034,,14009
,0,,37462,15275,4.0,2023.0,0,0,-44.73713002693257,28104,15,13535,-16.692076375945764,29531,,13992
,0,,41836,14736,4.0,2023.0,0,0,-44.63299606910966,28200,15,13366,-16.867279744474306,31289,,13893
,0,,41075,14981,4.0,2023.0,0,0,-44.62865344458216,28019,15,13404,-16.931139939436115,31790,,13996
,0,,38214,15127,4.0,2023.0,0,0,-44.58983429476297,26612,15,13299,-16.98957913032981,27596,,13623
,0,,38446,15247,6.0,2023.0,0,0,-44.64937364421271,29011,21,13498,-16.693972609097248,30499,,13860
,0,,37025,15043,4.0,2023.0,0,0,-44.80495843017712,29901,15,13880,-16.890738894422178,31637,,14246
,0,,35389,14794,4.0,2023.0,0,0,-44.90090661612479,29149,15,13805,-16.905922960962716,30218,,14103
,0,,34134,14409,4.0,2023.0,0,0,-44.83681462108914,29794,15,13802,-16.848824945696368,30210,,13851
,0,,38428,15292,4.0,2023.0,0,0,-44.84817697266387,25645,15,13147,-16.783032610750773,28664,,13854
,0,,33479,14013,4.0,2023.0,0,0,-44.901529030375734,28941,15,13131,-16.64216363180438,29256,,13351
,0,,39665,14920,4.0,2023.0,0,0,-44.648285343178856,27656,15,13387,-16.93257971491067,30143,,13889
,0,,38588,14970,4.0,2023.0,0,0,-44.81660844695334,27084,15,13111,-16.97037452938087,28238,,13380
,0,,34296,14451,4.0,2023.0,0,0,-44.73630044955955,26360,15,13002,-16.78961163012283,26851,,13228
,0,,35672,14704,4.0,2023.0,0,0,-44.79587346331208,29510,15,13557,-16.660761111308076,31540,,14124
,0,,44275,15573,4.0,2023.0,0,0,-44.66194637132578,33251,15,13852,-16.791771816603774,38695,,14662
,0,,38459,14431,4.0,2023.0,0,0,-44.817021122670795,28121,15,12990,-16.870762061746216,30722,,13435
,0,,34456,14163,4.0,2023.0,0,0,-44.76142544696971,27133,15,12937,-16.751807451990505,28197,,13237
,0,,42053,15369,4.0,2023.0,0,0,-44.7715544089262,28585,15,13637,-16.96577883469573,30419,,13918
,0,,35911,14839,4.0,2023.0,0,0,-44.823393505788204,30665,15,13462,-16.979330496677044,31184,,14255
,0,,38174,15248,6.0,2023.0,0,0,-44.73174933960925,27880,21,13487,-16.630549044634392,30438,,14023
,0,,35320,14802,4.0,2023.0,0,0,-44.6637549342644,28980,15,13618,-16.637332423936417,30365,,14020
,0,,39528,15112,4.0,2023.0,0,0,-44.57326077205627,34268,15,14179,-16.888415527165588,34076,,14461
,0,,33948,14479,4.0,2023.0,0,0,-44.704578643099296,30431,15,13776,-16.866753991473264,31881,,14136
,0,,36962,14499,6.0,2023.0,0,0,-44.77007169787101,27864,21,12961,-16.904125231743045,28367,,13346
,0,,41420,15211,4.0,2023.0,0,0,-44.56445093655349,31561,15,13907,-16.99689688116804,33742,,14235
,0,,37009,14707,4.0,2023.0,0,0,-44.74101319782783,30838,15,13743,-16.99645679996228,32786,,14070
,0,,37146,14406,4.0,2023.0,0,0,-44.78556442070698,29658,15,13004,-16.80313329147995,29990,,13274
,0,,45863,15920,6.0,2023.0,0,0,-45.009126064096144,27894,21,13748,-16.867279726963588,34214,,14612
,0,,41991,15576,6.0,2023.0,0,0,-45.00478343966573,28551,21,13976,-16.93113991223978,31622,,14505
,0,,41051,15077,6.0,2023.0,0,0,-44.9609347333641,27254,21,13697,-16.662586105439974,30147,,13982
,0,,35859,14952,4.0,2023.0,0,0,-45.15644819817507,25231,15,13240,-16.647798360053212,27219,,13819
,0,,39166,14609,4.0,2023.0,0,0,-44.95463146472489,28092,15,13463,-16.65955752256183,30140,,13860
,0,,41054,15178,4.0,2023.0,0,0,-45.030993328280445,26279,15,13346,-16.77405662491904,28736,,13838
,0,,34384,14595,4.0,2023.0,0,0,-44.96089599088616,28751,15,13348,-16.91824465629763,29190,,13616
,0,,43742,15362,4.0,2023.0,0,0,-44.97391730841693,28058,15,13588,-16.72643302154443,33392,,14490
,0,,34025,14302,4.0,2023.0,0,0,-45.11881122222027,26660,15,13036,-16.985145032153582,28866,,13541
,0,,42505,14959,4.0,2023.0,0,0,-44.99409238585407,28633,15,13694,-16.756899375248334,33338,,14190
,0,,38604,14815,4.0,2023.0,0,0,-45.02726796005139,27853,15,13247,-16.713475817950616,28568,,13569
,0,,38203,14711,4.0,2023.0,0,0,-44.946185102277425,29489,15,13527,-16.66004130263052,31748,,13917
,0,,33087,14452,4.0,2023.0,0,0,-44.95582200796415,29674,15,13559,-16.916732886249008,30139,,13920
,0,,33118,14181,4.0,2023.0,0,0,-44.96596429073852,28236,15,13198,-16.989579095121442,29531,,13500
,0,,36626,14806,4.0,2023.0,0,0,-44.94208906550504,27983,15,13755,-16.763688819560137,28657,,13948
,0,,40360,15010,4.0,2023.0,0,0,-44.98065159627486,28320,15,13430,-16.82174701840165,30147,,13769
,0,,37338,14704,4.0,2023.0,0,0,-44.94238300695181,26000,15,13327,-16.768203817982695,27066,,13619
,0,,37072,14754,4.0,2023.0,0,0,-44.95674669447803,27798,15,13483,-16.719041348129046,29826,,13722
,0,,37228,14431,4.0,2023.0,0,0,-44.958946565358,29899,15,13239,-16.963591057247314,33903,,13882
,0,,36694,14328,4.0,2023.0,0,0,-44.970287103896936,29710,15,13001,-16.960521141114054,31001,,13327
,0,,37232,14598,4.0,2023.0,0,0,-45.00293612238259,27682,15,13009,-16.833710124158685,29137,,13493
,0,,33786,14295,4.0,2023.0,0,0,-45.10081187081159,31051,15,13788,-16.971496496406225,31755,,14050
,0,,37946,14336,4.0,2023.0,0,0,-44.98440164418652,27939,15,13073,-16.658883380938413,31614,,13512
,0,,35849,14062,4.0,2023.0,0,0,-45.07413818650162,31135,15,13767,-16.948977779550358,32265,,13812
,0,,34688,14189,4.0,2023.0,0,0,-45.13955317815533,28280,15,13062,-16.695051069469667,29605,,13280
,0,,36999,14354,4.0,2023.0,0,0,-45.08070863645422,33356,15,14105,-16.86675397752283,35243,,14254
,0,,33823,14549,4.0,2023.0,0,0,-45.091503080370906,30167,15,14059,-16.99679064390145,31840,,14267
,0,,35226,14574,4.0,2023.0,0,0,-45.107879332376584,26726,15,13036,-16.63054906797438,27547,,13240
,0,,40656,14913,4.0,2023.0,0,0,-44.98964749822496,27295,15,13054,-16.914315662899295,29192,,13527
,0,,43103,15082,4.0,2023.0,0,0,-44.409427572717924,30639,15,14257,-16.05733433253188,34187,,14398
,0,,33257,14655,4.0,2023.0,0,0,-44.54768821564452,28223,15,13625,-16.070406553675795,28553,,14036
,0,,42283,15147,4.0,2023.0,0,0,-44.478112554662815,28904,15,13362,-15.928027599308269,31399,,13921
,0,,35403,15145,4.0,2023.0,0,0,-44.48603168006375,26579,15,13438,-16.25386258486161,26445,,13795
,0,,36161,15079,4.0,2023.0,0,0,-44.4041871821667,28029,15,13527,-15.901939431609252,29186,,14131
,0,,39769,14811,4.0,2023.0,0,0,-44.50971234240927,31123,15,13526,-16.026097452102462,32108,,14129
,0,,46215,14897,4.0,2023.0,0,0,-44.35342798693217,33909,15,13415,-16.03678924249562,35910,,13903
,0,,36831,14217,4.0,2023.0,0,0,-44.39492448137939,28496,15,12981,-15.972065908655049,29469,,13289
,0,,45881,15466,4.0,2023.0,0,0,-44.41945321797621,30640,15,13748,-16.184208931773153,33220,,14255
,0,,46287,15257,4.0,2023.0,0,0,-44.3703026320757,32696,15,13770,-15.89528487502236,35761,,14596
,0,,38035,14488,4.0,2023.0,0,0,-44.49119514647308,32048,15,13521,-16.029044381377375,33090,,13754
,0,,38401,14304,4.0,2023.0,0,0,-44.4481006248058,32087,15,13344,-16.000487830630764,32988,,13683
,0,,38149,14524,4.0,2023.0,0,0,-44.36016312283348,33953,15,13420,-16.04380722551727,35085,,13998
,0,,35486,13960,4.0,2023.0,0,0,-44.47204281265078,30304,15,12952,-16.037226863592487,30943,,13282
,0,,35237,13542,4.0,2023.0,0,0,-44.390171234541796,30638,15,12811,-15.967483943902613,31890,,13055
,0,,41941,14883,4.0,2023.0,0,0,-44.33034226241785,30621,15,13337,-15.959566018603418,32433,,13932
,0,,36920,14377,4.0,2023.0,0,0,-44.39663452734816,30943,15,13475,-16.166370552159524,31367,,13615
,0,,35597,13658,4.0,2023.0,0,0,-44.38988387530563,33003,15,13148,-16.049599386424276,33839,,13422
,0,,37482,14603,6.0,2023.0,0,0,-44.35561929768958,29313,21,13271,-15.88468330771679,31860,,13707
,0,,30639,13760,4.0,2023.0,0,0,-44.617878889270415,27709,15,12981,-17.03542585471403,28579,,13304
,0,,36362,15027,4.0,2023.0,0,0,-44.67135413731932,32594,15,14204,-17.0101585249899,34545,,14380
,0,,38956,14975,6.0,2023.0,0,0,-44.600577495568004,26257,21,13592,-17.03288201254877,28453,,13973
,0,,37441,15544,6.0,2023.0,0,0,-44.60852999646375,27772,21,13815,-17.03239688674855,32879,,14869
,0,,40528,15703,4.0,2023.0,0,0,-43.80977247233985,26524,15,13570,-16.513752834869663,30853,,14607
,0,,43314,15822,6.0,2023.0,0,0,-43.82888624778432,26573,21,13742,-16.36265282592122,30904,,14600
,0,,33740,14100,4.0,2023.0,0,0,-43.81779500337865,29704,15,12898,-16.28715138333366,29358,,13207
,0,,40005,14336,4.0,2023.0,0,0,-43.87454416362557,28946,15,12808,-16.460852959345104,30987,,13352
,0,,40383,14523,4.0,2023.0,0,0,-43.82099998398044,32020,15,13173,-16.51556959619703,32822,,13504
,0,,40343,14565,4.0,2023.0,0,0,-43.89887689725786,31700,15,13502,-16.340595226535342,33089,,13774
,0,,37749,14391,4.0,2023.0,0,0,-43.95421370208638,30685,15,13213,-16.332520359542297,32643,,13647
,0,,37983,14001,4.0,2023.0,0,0,-43.812190660142285,29455,15,12889,-16.624072004778725,31063,,13163
,0,,43004,14370,4.0,2023.0,0,0,-43.887770119588794,33349,15,13120,-16.53587218670078,34783,,13457
,0,,35848,13813,4.0,2023.0,0,0,-44.17155822743804,32667,15,13259,-16.44333792057387,34279,,13591
,0,,36892,14587,4.0,2023.0,0,0,-43.911494805809376,27028,15,12814,-16.26443706537452,27884,,13324
,0,,39444,14569,4.0,2023.0,0,0,-44.14926847330017,29564,15,13201,-16.26927026774443,30856,,13556
,0,,37429,14177,4.0,2023.0,0,0,-44.167835366176014,32626,15,13201,-16.612595952954102,33319,,13537
,0,,36324,15175,4.0,2023.0,0,0,-43.94574667022637,29453,15,13884,-16.576142347918168,32166,,14541
,0,,34489,14388,4.0,2023.0,0,0,-44.064759344685676,27628,15,13086,-16.49791177722735,28614,,13436
,0,,30956,14230,4.0,2023.0,0,0,-43.81954453328885,26885,15,12925,-16.318794209379774,27860,,13539
,0,,34881,13732,4.0,2023.0,0,0,-43.86570129567802,32376,15,13291,-16.384027487193414,32506,,13455
,0,,38356,14438,4.0,2023.0,0,0,-44.15269582766247,31983,15,13665,-16.36861173331766,33480,,13906
,0,,43660,15025,4.0,2023.0,0,0,-43.80526179777936,29520,15,13329,-16.446774985491654,32181,,13970
,0,,38058,14996,4.0,2023.0,0,0,-44.14790469736367,28803,15,13727,-16.268401135084215,30774,,14080
,0,,31767,13585,6.0,2023.0,0,0,-44.01879685361435,29827,21,13191,-16.345017833999712,30018,,13366
,0,,41012,15029,4.0,2023.0,0,0,-44.01404343429821,30970,15,13431,-16.34043676663656,32191,,13835
,0,,44521,14781,4.0,2023.0,0,0,-44.11506674504443,33127,15,13354,-16.401984571912905,35412,,13887
,0,,39837,15441,4.0,2023.0,0,0,-43.861255234665606,26339,15,13192,-16.54147419847249,27805,,13771
,0,,45930,15795,4.0,2023.0,0,0,-43.84189537120251,29950,15,13669,-16.587688838438414,33915,,14401
,0,,46551,15834,6.0,2023.0,0,0,-43.81399269585138,29064,21,13915,-16.395334828515544,34171,,14657
,0,,35158,14770,4.0,2023.0,0,0,-44.14864630498255,30617,15,13789,-16.533080445629803,32183,,14394
,0,,44542,15589,4.0,2023.0,0,0,-43.89602293460111,30298,15,13622,-16.559741398576705,36090,,14360
,0,,37322,15004,4.0,2023.0,0,0,-44.330343713534404,27456,15,13279,-16.332520370071254,28180,,13817
,0,,38762,14760,4.0,2023.0,0,0,-44.502656275603584,27251,15,13212,-16.30663472270662,28539,,13454
,0,,40465,15634,6.0,2023.0,0,0,-44.3218766812237,28097,21,13567,-16.5761423370583,29914,,14402
,0,,40542,14873,4.0,2023.0,0,0,-44.3165661433087,30014,15,13332,-16.577422340886557,32321,,13838
,0,,41495,15071,4.0,2023.0,0,0,-44.53496713890353,26846,15,13246,-16.260391423122027,27413,,13455
,0,,39390,14780,4.0,2023.0,0,0,-44.51064090269891,27784,15,13162,-16.27657151481172,28528,,13466
,0,,45575,14838,4.0,2023.0,0,0,-44.36099858381691,33973,15,13407,-16.31919132382259,37022,,13969
,0,,36306,14283,4.0,2023.0,0,0,-44.34552838305571,30386,15,13036,-16.465350039662,30455,,13332
,0,,46475,14886,4.0,2023.0,0,0,-44.48271190930743,32834,15,13500,-16.40747706706757,37676,,13915
,0,,40483,14818,4.0,2023.0,0,0,-44.39542370362326,32854,15,13632,-16.592946591870625,33719,,13907
,0,,35375,14476,4.0,2023.0,0,0,-44.21802537670603,31980,15,13636,-16.587688847169797,33187,,14163
,0,,39240,15490,6.0,2023.0,0,0,-44.47204488811676,31162,21,14335,-16.41016566931134,31611,,14703
,0,,39555,15268,6.0,2023.0,0,0,-44.3785555885348,26950,21,13447,-16.383064929898183,29959,,14250
,0,,41027,15213,4.0,2023.0,0,0,-44.54396538885018,25892,15,13005,-16.612595895986576,29625,,13859
,0,,39099,14766,4.0,2023.0,0,0,-44.20501625260349,28855,15,13465,-16.362652863269115,31243,,13884
,0,,41608,15509,4.0,2023.0,0,0,-44.273242841970564,31296,15,13951,-16.321088305895415,32111,,14445
,0,,39306,15125,6.0,2023.0,0,0,-44.26809447940678,32586,21,14090,-16.597621275859886,34899,,14559
,0,,39083,14923,4.0,2023.0,0,0,-44.28581411907306,33993,15,14302,-16.418906256303725,35285,,14588
,0,,41207,15446,4.0,2023.0,0,0,-44.21101998819255,30474,15,13780,-16.62778509121088,33030,,14480
,0,,40924,15080,6.0,2023.0,0,0,-44.52309212836595,27446,21,13198,-16.292645099960772,29956,,13784
,0,,38845,15214,4.0,2023.0,0,0,-44.428826768510085,31369,15,14211,-16.517892347332992,32212,,14651
,0,,39120,14204,4.0,2023.0,0,0,-44.278731451273465,32710,15,13211,-16.40118770786231,34144,,13666
,0,,43982,15034,4.0,2023.0,0,0,-44.32844494517042,30214,15,13529,-16.493902655728537,33429,,14120
,0,,39783,15005,4.0,2023.0,0,0,-44.24183130244774,33109,15,13882,-16.38402751323175,35706,,14444
,0,,38965,15071,4.0,2023.0,0,0,-44.18139180134454,29542,15,13931,-16.446775018972044,31624,,14371
,0,,42696,14991,4.0,2023.0,0,0,-44.27500690578386,32286,15,13620,-16.34059524951015,34690,,14141
,0,,42386,14933,4.0,2023.0,0,0,-44.20448633471514,33168,15,13680,-16.34616268764504,33002,,13789
,0,,40310,14914,4.0,2023.0,0,0,-44.44810379799595,34578,15,14007,-16.373433946935506,35206,,14323
,0,,44233,15712,6.0,2023.0,0,0,-44.9213063247675,27885,21,13553,-16.535814439638262,30086,,14161
,0,,40867,15191,4.0,2023.0,0,0,-44.69322343217778,30501,15,13784,-16.598661031468403,32604,,14199
,0,,40003,15230,4.0,2023.0,0,0,-44.73478009655945,28599,15,13742,-16.623630415963447,30261,,13970
,0,,44905,15711,6.0,2023.0,0,0,-44.64380037631018,26748,21,13620,-16.576125094338224,29721,,14041
,0,,35116,14454,4.0,2023.0,0,0,-44.79986978878752,28148,15,13313,-16.606509522729613,29902,,13686
,0,,44411,15462,4.0,2023.0,0,0,-44.60209610760543,31527,15,13759,-16.60112788392886,33346,,14393
,0,,42308,15477,4.0,2023.0,0,0,-44.881782226604884,33168,15,14087,-16.383016457310084,36859,,14653
,0,,37366,14761,4.0,2023.0,0,0,-44.782634041916175,32191,15,13913,-16.332517781596938,33246,,14191
,0,,39509,14966,4.0,2023.0,0,0,-44.598841862790536,29778,15,13345,-16.507608679568797,30746,,13819
,0,,46893,15696,4.0,2023.0,0,0,-44.556782823462896,28196,15,13312,-16.42246090226015,29262,,13628
,0,,36711,14576,4.0,2023.0,0,0,-44.90662857145951,28603,15,13312,-16.276556649916177,29197,,13579
,0,,41933,15113,4.0,2023.0,0,0,-44.69194001151676,31223,15,13908,-16.51789831741954,32355,,14076
,0,,33468,14533,4.0,2023.0,0,0,-44.732505480772105,25619,15,13128,-16.257652146851104,26365,,13314
,0,,36119,14438,4.0,2023.0,0,0,-44.70947857280439,27015,15,13213,-16.62396364179525,26997,,13150
,0,,38873,15480,6.0,2023.0,0,0,-44.89734991422854,25134,21,13373,-16.41668493159015,26305,,13780
,0,,35994,15130,6.0,2023.0,0,0,-44.875698318473496,27297,21,13601,-16.54541400549935,28853,,14022
,0,,37485,15329,4.0,2023.0,0,0,-44.66689923514627,26967,15,13526,-16.54543012468243,28392,,14011
,0,,41284,15187,4.0,2023.0,0,0,-44.70094108840929,27562,15,13390,-16.3908849328088,27505,,13576
,0,,34848,14309,4.0,2023.0,0,0,-44.557117116228106,30036,15,13542,-16.345468338650843,31784,,13925
,0,,39703,15625,6.0,2023.0,0,0,-44.79985832478613,25839,21,13370,-16.319182137299844,27321,,13893
,0,,40330,15392,4.0,2023.0,0,0,-44.61173256829782,31600,15,14263,-16.597604249404434,33605,,14717
,0,,44007,15518,4.0,2023.0,0,0,-44.75786073984053,29019,15,13552,-16.26825085207543,34119,,14554
,0,,44743,15723,4.0,2023.0,0,0,-44.88435543966452,32039,15,14163,-16.378884353272895,35445,,14718
,0,,41889,14637,4.0,2023.0,0,0,-44.67056074143002,28601,15,13118,-16.531272983410716,30990,,13864
,0,,39221,14991,6.0,2023.0,0,0,-44.82706317712208,29281,21,13325,-16.28785932465265,34641,,14295
,0,,36235,14036,4.0,2023.0,0,0,-44.873278852086386,31315,15,12957,-16.590411444475812,32410,,13533
,0,,35764,14078,6.0,2023.0,0,0,-44.7980328758653,28641,21,12583,-16.44892067196781,28946,,12972
,0,,34065,13982,4.0,2023.0,0,0,-44.82102939096897,30132,15,12949,-16.513808759543224,31132,,13268
,0,,40613,14655,4.0,2023.0,0,0,-44.88353936013729,30458,15,13156,-16.409678456005416,32197,,13541
,0,,38689,14673,4.0,2023.0,0,0,-44.63419916474306,31758,15,13605,-16.318833583543245,33106,,13820
,0,,43334,14988,4.0,2023.0,0,0,-45.046708458246165,32873,15,13891,-16.346209911034972,35829,,14458
,0,,42031,15651,4.0,2023.0,0,0,-44.96025857920391,28898,15,13838,-16.43021948969219,30649,,14462
,0,,32524,14430,4.0,2023.0,0,0,-44.98786256378155,29897,15,13714,-16.597604269762012,29919,,14046
,0,,40561,15279,4.0,2023.0,0,0,-44.974971858566136,32889,15,14138,-16.507608698304406,34990,,14627
,0,,41376,15374,4.0,2023.0,0,0,-45.04302922938226,29980,15,13575,-16.545430145335768,31410,,14077
,0,,37093,14638,4.0,2023.0,0,0,-45.06807000518839,29777,15,13498,-16.517898338148612,32344,,13969
,0,,40368,14926,4.0,2023.0,0,0,-44.95283307649049,28675,15,13554,-16.616742762070743,31930,,14028
,0,,38711,15119,4.0,2023.0,0,0,-45.05746853519217,26921,15,13356,-16.539280511079298,27557,,13549
,0,,35084,14634,4.0,2023.0,0,0,-45.002622857711096,30626,15,13404,-16.410165703366886,29789,,13772
,0,,38342,14951,4.0,2023.0,0,0,-44.976709907825466,34149,15,14024,-16.28717318752113,33793,,14411
,0,,39227,15123,4.0,2023.0,0,0,-45.01591378457207,26714,15,13239,-16.577404349712882,28323,,13661
,0,,42459,15436,4.0,2023.0,0,0,-44.92891508208146,26247,15,13227,-16.306601490970504,27375,,13853
,0,,34509,14455,4.0,2023.0,0,0,-44.99989233306215,29321,15,13160,-16.413172748297196,29346,,13459
,0,,44189,15030,4.0,2023.0,0,0,-45.0781170139781,32181,15,13451,-16.34051965657128,34212,,13944
,0,,40006,14911,4.0,2023.0,0,0,-44.92778793667367,28288,15,13141,-16.58765555998664,29678,,13575
,0,,32806,14515,4.0,2023.0,0,0,-45.01058487910222,28852,15,12943,-16.40748705056045,30225,,13576
,0,,38066,14419,4.0,2023.0,0,0,-44.93291282019184,27611,15,12880,-16.422460918872623,27869,,13153
,0,,42613,15002,4.0,2023.0,0,0,-44.97822610330868,30830,15,13384,-16.601127904148353,31598,,13691
,0,,37377,15238,6.0,2023.0,0,0,-44.93324711295045,27205,21,13335,-16.345468354101868,28397,,13750
,0,,36496,14591,6.0,2023.0,0,0,-44.93258069132878,26733,21,12953,-16.55825175450705,26628,,13074
,0,,42435,15589,6.0,2023.0,0,0,-45.07131655436985,27734,21,13918,-16.353597119563407,31660,,14683
,0,,42193,15243,6.0,2023.0,0,0,-44.95365758460582,31123,21,13692,-16.559699400806185,36099,,14638
,0,,39180,15092,4.0,2023.0,0,0,-45.09016190552101,30511,15,14032,-16.321105191521948,33137,,14482
,0,,35403,14446,4.0,2023.0,0,0,-45.01373268927693,30375,15,13490,-16.286008463125448,32277,,14019
,0,,34776,14613,4.0,2023.0,0,0,-45.010734856093855,29409,15,13469,-16.30454759085636,31329,,13909
,0,,27247,13915,9.0,2023.0,0,0,-43.45442655831656,21683,29,12185,-16.963591085271855,25630,,13508
,0,,23139,13293,9.0,2023.0,0,0,-43.51164323697714,22086,29,12883,-16.9087150335426,22816,,13233
,65535,,17608,8081,8.0,2023.0,65535,65535,-45.02550363884022,14498,33,5587,-16.693972620196917,14350,,5796
,65535,,17165,8042,8.0,2023.0,65535,65535,-45.06385590042356,13984,33,5188,-16.36270440749606,14360,,5537
12716.0,0,12320.0,32291,14307,1.0,2024.0,0,0,-43.4587600784185,29566,4,13478,-17.000609583331375,30481,11920.0,14075
12424.0,0,11954.0,29932,14128,1.0,2024.0,0,0,-43.45011145773664,27516,4,13467,-16.659557538769615,29001,11722.0,13918
12591.0,0,12409.0,31305,14253,1.0,2024.0,0,0,-43.79170537454696,30565,4,14123,-16.985422833475862,30079,12264.0,14187
12680.0,0,12462.0,29796,14443,1.0,2024.0,0,0,-43.50263308961414,27917,4,13702,-16.973974797318863,29708,12030.0,14154
13022.0,0,12553.0,34954,14775,1.0,2024.0,0,0,-43.71557813975033,31130,4,13790,-16.7183978402154,32858,11897.0,14302
13126.0,0,12770.0,34716,14905,1.0,2024.0,0,0,-43.730453706624495,31819,4,14257,-16.78034442476028,33343,12319.0,14546
12968.0,0,12463.0,32286,15007,1.0,2024.0,0,0,-43.46939730118609,29523,4,13940,-16.726433039425796,29193,12233.0,14508
13277.0,0,12366.0,34912,15107,1.0,2024.0,0,0,-43.441665095392416,28152,4,13679,-16.660041319295544,29620,11838.0,14286
13118.0,0,12707.0,34182,14840,1.0,2024.0,0,0,-43.77251659401104,29783,4,14227,-16.905922976705845,30638,12321.0,14470
12666.0,0,12390.0,28894,14645,1.0,2024.0,0,0,-43.51989532995726,28066,4,14112,-16.93257971330773,26823,12296.0,14361
14188.0,0,13311.0,44027,15603,1.0,2024.0,0,0,-43.714022954010865,29455,4,14053,-16.786043571351087,35514,12215.0,14881
13613.0,0,12890.0,38468,15338,1.0,2024.0,0,0,-43.72585582866657,29098,4,13843,-16.673875324091078,32439,12104.0,14695
13607.0,0,12787.0,37131,15497,1.0,2024.0,0,0,-43.66719552192755,31058,4,14129,-16.92995889627611,32715,12128.0,14818
13177.0,0,12475.0,32675,15016,1.0,2024.0,0,0,-43.7795921851936,28585,4,13866,-16.925116400498226,28177,12026.0,14538
14029.0,0,13131.0,39896,15754,1.0,2024.0,0,0,-43.782707272396195,30573,4,14122,-16.633286397763133,33250,12437.0,14919
13354.0,0,13020.0,34592,15259,1.0,2024.0,0,0,-43.45821100371299,33648,4,14336,-16.677405843075746,34304,12738.0,15072
13399.0,0,13230.0,33563,15357,1.0,2024.0,0,0,-43.52647332033536,31643,4,14781,-16.77405664186229,32719,12940.0,15091
14011.0,0,12823.0,37639,15979,1.0,2024.0,0,0,-43.603359323461284,25871,4,13706,-16.63054907539588,29859,11765.0,14780
14286.0,0,13192.0,41840,16090,0.0,2024.0,0,0,-43.62629875648376,26537,3,13783,-16.755937678753146,34110,11971.0,15264
14316.0,0,13173.0,43118,15907,1.0,2024.0,0,0,-43.57808516611792,28152,4,13980,-16.70540282676292,33746,11849.0,15013
14277.0,0,13088.0,44077,15772,1.0,2024.0,0,0,-43.637631965077134,27424,4,13756,-16.79540148237469,33981,11893.0,14893
14266.0,0,12958.0,40890,16005,0.0,2024.0,0,0,-43.68145865540325,26021,3,13825,-16.89183460238541,32070,11889.0,14893
14408.0,0,13582.0,43935,16001,1.0,2024.0,0,0,-43.690304718433794,33736,4,14518,-16.929665018531434,37572,12746.0,15243
13950.0,0,12696.0,37204,15870,0.0,2024.0,0,0,-43.58698307166622,24713,3,13380,-16.99679066384676,29517,11607.0,14744
14151.0,0,13340.0,40433,15905,0.0,2024.0,0,0,-43.47988163682476,30360,3,14095,-16.65888339564138,33958,12370.0,15093
13934.0,0,13394.0,39993,15585,1.0,2024.0,0,0,-43.489376895307984,33087,4,14223,-16.71336928166784,35645,12477.0,15074
13814.0,0,13032.0,38151,15532,0.0,2024.0,0,0,-43.53355635762442,27095,3,14156,-16.791771829295186,31733,12300.0,14858
13344.0,0,12146.0,37795,15282,1.0,2024.0,0,0,-43.71978695240031,29231,4,13680,-16.78303262636979,30816,11581.0,14255
12436.0,0,12200.0,30469,14253,1.0,2024.0,0,0,-43.88073604440662,28379,4,13636,-16.867279742622515,29056,11914.0,14073
12982.0,0,12467.0,33164,14635,1.0,2024.0,0,0,-43.954215157904265,29218,4,13778,-16.705402832743324,30455,12013.0,14135
13229.0,0,12918.0,32535,15382,1.0,2024.0,0,0,-44.01781167543094,31910,4,14604,-16.90412523445105,31263,12754.0,14976
14449.0,0,13105.0,42473,16069,0.0,2024.0,0,0,-43.826241442900596,25557,3,13437,-16.659557545663535,32097,11764.0,14885
13281.0,0,12921.0,35210,14914,1.0,2024.0,0,0,-43.98487000396049,30309,4,14064,-16.69207640610164,32314,12519.0,14545
12942.0,0,12554.0,31472,14767,1.0,2024.0,0,0,-44.00242875076021,29670,4,14160,-16.755937682156077,28489,12421.0,14369
13894.0,0,12879.0,37619,15964,1.0,2024.0,0,0,-44.009165424386254,29052,4,14450,-16.751807470452192,30338,12340.0,14953
13523.0,0,13104.0,36906,15447,1.0,2024.0,0,0,-44.01404565586259,32112,4,14612,-16.713317709928237,33643,12921.0,15150
13319.0,0,12924.0,35096,15021,1.0,2024.0,0,0,-44.13358455753746,32541,4,14475,-16.77190657194428,32829,12732.0,14666
13429.0,0,12890.0,35965,15211,1.0,2024.0,0,0,-43.84189708268637,34020,4,14466,-16.96052115549611,33127,12558.0,14810
13201.0,0,13032.0,32353,15219,1.0,2024.0,0,0,-43.95231861956828,31992,4,14626,-16.86675399078788,31757,12849.0,15039
13236.0,0,12703.0,34348,14975,1.0,2024.0,0,0,-44.15883727477673,29302,4,13907,-16.633286411961087,30753,12294.0,14570
13194.0,0,12777.0,33549,15008,1.0,2024.0,0,0,-43.96994679749775,30818,4,14380,-16.88050258578178,31016,12558.0,14641
13126.0,0,12830.0,32783,14901,1.0,2024.0,0,0,-44.02050790282894,30497,4,14261,-16.912127592429275,31865,12586.0,14551
13301.0,0,12855.0,33411,15207,1.0,2024.0,0,0,-43.89196558186315,28942,4,14154,-16.970452240320068,29995,12442.0,14727
13553.0,0,12699.0,33134,15496,1.0,2024.0,0,0,-43.83489006403743,28515,4,14110,-17.000609568106402,29164,11967.0,14688
12983.0,0,12752.0,30010,14864,1.0,2024.0,0,0,-43.94156156082064,31352,4,14227,-16.786825154266882,29718,12658.0,14670
13096.0,0,12857.0,36325,14807,1.0,2024.0,0,0,-43.82100074637654,34769,4,14390,-16.88841552206357,35217,12546.0,14589
14480.0,0,13190.0,44671,16193,0.0,2024.0,0,0,-43.91149491008823,26753,3,13832,-16.637332465470973,33578,11987.0,15177
14095.0,0,12816.0,41433,16031,1.0,2024.0,0,0,-43.809772876010484,25518,4,13846,-16.88659892964236,31633,11782.0,15041
14372.0,0,13169.0,41788,16170,0.0,2024.0,0,0,-44.011163163576235,26959,3,13891,-16.695051085533446,32641,11992.0,15071
13536.0,0,13255.0,35874,15334,1.0,2024.0,0,0,-43.813992984645154,32849,4,14600,-16.768203838522208,34621,12995.0,15050
13933.0,0,12985.0,38279,15753,0.0,2024.0,0,0,-43.979489316559636,26432,3,14025,-16.630549086724344,29979,12250.0,14870
13445.0,0,12724.0,35829,15396,1.0,2024.0,0,0,-44.07197696395579,30344,4,14550,-16.746308213972394,31541,12354.0,14848
13096.0,0,12844.0,33705,14798,1.0,2024.0,0,0,-43.87639341980413,29596,4,14071,-16.93113992627876,32697,12184.0,14575
13318.0,0,13013.0,33496,15310,1.0,2024.0,0,0,-44.04361344131785,29861,4,14620,-16.660761146654803,30441,12722.0,14986
13699.0,0,13302.0,35739,15660,1.0,2024.0,0,0,-44.1065837062981,31543,4,14846,-16.78034442950773,33085,12999.0,15268
13479.0,0,13101.0,36526,15210,1.0,2024.0,0,0,-44.052698408315315,32422,4,14408,-16.890738901575507,33397,12886.0,14942
13964.0,0,13558.0,38651,15513,1.0,2024.0,0,0,-43.81369904318968,33375,4,14640,-16.763688840230394,36314,12901.0,15086
13707.0,0,13128.0,36994,15518,0.0,2024.0,0,0,-43.94043763004719,29357,3,14213,-16.95025752557399,32551,12641.0,15043
12606.0,0,12221.0,36691,14716,1.0,2024.0,0,0,-43.83055654370275,33432,4,14172,-16.963591071924924,33866,12110.0,14495
14168.0,0,12764.0,45373,15551,1.0,2024.0,0,0,-43.97730471749858,33718,4,13895,-16.78259636013626,35998,11835.0,14601
14075.0,0,12897.0,41221,15783,1.0,2024.0,0,0,-44.01376195993732,30668,4,14131,-16.79540148344117,33245,12029.0,14783
12918.0,0,12543.0,38070,14966,1.0,2024.0,0,0,-44.356375451848635,36997,4,14241,-16.6305490840633,36602,12053.0,14716
13617.0,0,12876.0,38194,15453,1.0,2024.0,0,0,-44.40650271445937,33576,4,14461,-16.70540019258223,34324,12244.0,14760
13191.0,0,12504.0,36150,14975,1.0,2024.0,0,0,-44.25847314614561,30921,4,13866,-16.677434996516055,33344,12190.0,14502
13470.0,0,12874.0,37327,15024,1.0,2024.0,0,0,-44.53855236528367,32254,4,14404,-16.63328334137136,34064,12492.0,14940
12296.0,0,12041.0,29971,14129,1.0,2024.0,0,0,-44.44905775868745,29674,4,13836,-16.791766939184267,28728,11913.0,13961
13396.0,0,12884.0,36055,15195,1.0,2024.0,0,0,-44.30770746539205,31538,4,14240,-16.870770555470358,32605,12469.0,14763
13447.0,0,12821.0,34547,15367,1.0,2024.0,0,0,-44.42372736310537,29610,4,14298,-16.692067023820883,31890,12192.0,14818
13320.0,0,12844.0,34987,15176,1.0,2024.0,0,0,-44.5056515546199,31445,4,14219,-16.75588821911592,31595,12496.0,14796
13722.0,0,12389.0,36880,15367,0.0,2024.0,0,0,-44.42231839625778,27408,3,13698,-16.64779382696773,29866,11739.0,14275
12699.0,0,11957.0,30784,14553,1.0,2024.0,0,0,-44.47430899177221,27653,4,13667,-16.713289008917364,27119,11636.0,14008
13512.0,0,13111.0,36991,15079,1.0,2024.0,0,0,-44.45301933623636,31561,4,14353,-16.69503248768335,34070,12594.0,14759
13064.0,0,12674.0,33336,14870,1.0,2024.0,0,0,-44.500375564740544,30495,4,14275,-16.9119657856251,30665,12349.0,14546
13470.0,0,12338.0,39187,15221,1.0,2024.0,0,0,-44.319053821851504,33011,4,14125,-16.726475488348463,34047,12042.0,14623
13762.0,0,13217.0,39556,15507,1.0,2024.0,0,0,-44.381730498384954,32934,4,14690,-16.641145723810737,34359,12618.0,15214
13890.0,0,13254.0,38835,15654,1.0,2024.0,0,0,-44.45360795953583,33412,4,14655,-16.925166577092558,33473,12825.0,15092
14055.0,0,13619.0,39233,15803,1.0,2024.0,0,0,-44.53049852867263,33353,4,14725,-16.64944853288828,36091,12852.0,15351
13128.0,0,12714.0,32692,15013,1.0,2024.0,0,0,-44.49956656288993,29585,4,14171,-16.918254578426822,29726,12280.0,14729
13013.0,0,12801.0,32835,15173,1.0,2024.0,0,0,-44.22271109705153,32694,4,14479,-16.880456538406882,31986,12551.0,14886
13773.0,0,12658.0,40819,15402,1.0,2024.0,0,0,-44.50740857873697,31578,4,14235,-16.78254505865278,32994,12275.0,14633
13817.0,0,13429.0,39115,15606,1.0,2024.0,0,0,-44.47593469705725,34237,4,14828,-16.786798052772326,35628,12908.0,15400
13616.0,0,13143.0,35987,15419,1.0,2024.0,0,0,-44.54342755223646,30743,4,14383,-16.963568474335723,32340,12475.0,14988
13195.0,0,12614.0,33035,15035,1.0,2024.0,0,0,-44.42411149059044,28310,4,14160,-16.77406348089325,29224,12198.0,14587
13944.0,0,13226.0,39282,15718,1.0,2024.0,0,0,-44.33790023928445,32953,4,14607,-16.69398987988142,35249,12511.0,15058
13003.0,0,12517.0,33039,14776,1.0,2024.0,0,0,-44.49296959729132,30803,4,14210,-16.91675089686395,30069,12371.0,14372
13262.0,0,12888.0,34701,15058,1.0,2024.0,0,0,-44.40790075097967,31734,4,14420,-16.97038455989075,32370,12566.0,14725
12958.0,0,12668.0,31696,14847,1.0,2024.0,0,0,-44.258322538367615,29209,4,14111,-16.780354607227988,30202,12474.0,14519
13133.0,0,12806.0,32457,15014,1.0,2024.0,0,0,-44.311592813554235,27330,4,14132,-16.7355809888393,30100,12441.0,14698
13119.0,0,12591.0,33560,14951,1.0,2024.0,0,0,-44.18065260789941,29230,4,14127,-16.79532453368024,30544,12291.0,14627
12995.0,0,12554.0,32826,14714,1.0,2024.0,0,0,-44.29444566216964,28569,4,13941,-16.719089576965203,29157,12252.0,14232
14166.0,0,13384.0,41577,15922,1.0,2024.0,0,0,-44.369928512260486,35304,4,14669,-16.756933422579344,36373,12730.0,15303
13903.0,0,13511.0,37992,15618,1.0,2024.0,0,0,-44.23240113931548,32308,4,14729,-16.659578232498287,35007,13046.0,15298
13969.0,0,13317.0,39549,15642,1.0,2024.0,0,0,-44.180986817472856,33848,4,14792,-16.718346819322,35108,12991.0,15133
13830.0,0,13138.0,38351,15733,0.0,2024.0,0,0,-44.24175011281261,29090,3,14338,-16.66260767346758,31669,12603.0,15140
13309.0,0,13127.0,33084,15270,1.0,2024.0,0,0,-44.32965370015719,31084,4,14812,-16.76827170749629,31875,12970.0,15121
14110.0,0,13595.0,40305,15873,1.0,2024.0,0,0,-44.189379281984564,32073,4,14678,-16.746255050826093,35572,12967.0,15415
13399.0,0,13112.0,33431,15252,1.0,2024.0,0,0,-44.261471650211675,29359,4,14278,-16.65889947081186,31445,12749.0,14936
13112.0,0,12757.0,33404,15090,1.0,2024.0,0,0,-44.32480739262089,29747,4,14286,-16.76375615352318,30936,12608.0,14798
13294.0,0,12801.0,36501,15069,1.0,2024.0,0,0,-44.580616698291685,33529,4,14519,-16.719041342472806,35257,12291.0,14936
13352.0,0,12201.0,39680,15158,1.0,2024.0,0,0,-44.56203290187385,33504,4,14260,-16.88659893425401,33431,11927.0,14632
13641.0,0,12440.0,39954,15352,1.0,2024.0,0,0,-44.608271648626115,28823,4,13936,-16.658883364929462,30247,12054.0,14487
13675.0,0,12546.0,38432,15068,1.0,2024.0,0,0,-44.75838769769679,28222,4,13312,-16.949652251991843,32003,11542.0,14184
13012.0,0,12304.0,32738,14805,1.0,2024.0,0,0,-44.57850146848755,27194,4,13593,-16.659557507237157,27192,12022.0,14280
13650.0,0,13258.0,36682,15300,1.0,2024.0,0,0,-44.85314289712875,31731,4,14459,-16.739029714610233,33463,12639.0,14953
13227.0,0,12696.0,33338,15005,1.0,2024.0,0,0,-44.617962390517874,29338,4,14125,-16.756899375032123,30019,12256.0,14561
13025.0,0,12482.0,36231,14646,1.0,2024.0,0,0,-44.818694737660074,33722,4,13976,-16.92966500884081,33708,12076.0,14337
13130.0,0,12367.0,33598,14874,1.0,2024.0,0,0,-44.59778731262058,27385,4,14151,-16.72643301675921,27402,12122.0,14372
13847.0,0,13445.0,38912,15636,1.0,2024.0,0,0,-44.604521600637476,33590,4,14893,-16.8217470290369,34419,13158.0,15401
13921.0,0,13513.0,39464,15565,1.0,2024.0,0,0,-44.58114668649644,32931,4,14723,-16.735528349761996,35958,12969.0,15224
13232.0,0,12824.0,34621,14820,1.0,2024.0,0,0,-44.91109729487247,31962,4,14142,-16.633286372904692,33762,12114.0,14410
13805.0,0,12401.0,43154,15570,1.0,2024.0,0,0,-44.57180472979824,32838,4,14067,-16.691678042779596,34171,12011.0,14668
14435.0,0,12824.0,42777,15878,1.0,2024.0,0,0,-44.80921136667197,25785,4,13538,-16.90821261222951,31541,11521.0,14859
13642.0,0,13093.0,35638,15326,1.0,2024.0,0,0,-44.86732838967132,29708,4,14150,-16.77485283764073,31317,12308.0,14764
13527.0,0,12765.0,34607,15273,1.0,2024.0,0,0,-44.92009539733449,28995,4,13993,-16.985422818648043,30622,12160.0,14630
13468.0,0,13041.0,37072,15397,1.0,2024.0,0,0,-44.65486333378426,33628,4,14646,-16.774056626771543,33896,12549.0,15058
13395.0,0,13052.0,34892,15225,1.0,2024.0,0,0,-44.594157108029016,32180,4,14382,-16.96052117432806,33571,12453.0,14943
13506.0,0,12784.0,34934,15430,1.0,2024.0,0,0,-44.56625301043723,29184,4,14245,-16.768203820637183,30631,12238.0,14809
13551.0,0,12902.0,37212,15177,1.0,2024.0,0,0,-44.84396815986741,32117,4,14204,-16.718397823116995,33017,12423.0,14701
13399.0,0,12736.0,34003,15277,1.0,2024.0,0,0,-44.617766907446175,27744,4,14042,-16.71336925797807,28883,12134.0,14658
13369.0,0,12949.0,35381,15169,1.0,2024.0,0,0,-44.63102310222564,30690,4,14341,-16.973974801179043,31184,12410.0,14791
13634.0,0,13147.0,36618,15402,1.0,2024.0,0,0,-44.58281656922925,31044,4,14410,-16.963591091468928,31960,12572.0,14937
13427.0,0,13076.0,35014,15207,1.0,2024.0,0,0,-44.70647518138376,31535,4,14500,-16.705402804722315,32722,12589.0,14880
13423.0,0,13108.0,34493,15117,1.0,2024.0,0,0,-44.72956474061059,31442,4,14455,-16.782596347118826,31794,12668.0,14872
13818.0,0,12707.0,35363,15769,0.0,2024.0,0,0,-44.58715008948076,27695,3,13820,-17.000609590796657,29260,11784.0,14827
13328.0,0,12594.0,34681,15290,1.0,2024.0,0,0,-44.64422560637797,33886,4,14016,-16.97045225507996,33176,11873.0,14563
13572.0,0,13074.0,34350,15270,1.0,2024.0,0,0,-45.113260019571086,30238,4,14271,-16.692076389093724,31103,12741.0,14853
13649.0,0,13473.0,36733,15414,1.0,2024.0,0,0,-45.11714319036812,33445,4,14698,-16.99645678451515,34610,13225.0,15303
14256.0,0,13499.0,41240,15751,1.0,2024.0,0,0,-45.137555439045876,30711,4,14382,-16.751807455869923,34491,12555.0,15071
14184.0,0,13293.0,41006,15618,1.0,2024.0,0,0,-44.93816289848052,31436,4,14330,-16.886598912186887,34358,12533.0,15030
13845.0,0,13009.0,38302,15424,1.0,2024.0,0,0,-44.949390768405436,30728,4,14178,-16.888415505023662,33423,12281.0,14819
14521.0,0,13447.0,42562,16091,0.0,2024.0,0,0,-44.96273101080338,26313,3,13995,-16.67740582659099,31939,12189.0,15196
13811.0,0,13220.0,36917,15497,1.0,2024.0,0,0,-45.082605174714516,32491,4,14251,-16.705402815092544,34723,12455.0,14901
13023.0,0,12574.0,33013,14692,1.0,2024.0,0,0,-45.02441533781569,28884,4,13845,-16.93257969025818,29803,12170.0,14376
14142.0,0,13164.0,42133,15541,0.0,2024.0,0,0,-44.957276682671335,30161,3,14182,-16.73552835272843,34219,12492.0,14878
14196.0,0,13004.0,40770,15765,1.0,2024.0,0,0,-45.161694412233544,27520,4,14069,-16.8031332914172,32416,11836.0,15107
13042.0,0,12615.0,33205,14457,1.0,2024.0,0,0,-45.097792501758235,29498,4,13844,-16.838206908346717,30269,12276.0,14241
13143.0,0,12595.0,33962,14777,1.0,2024.0,0,0,-45.020355601111305,29690,4,13919,-16.970452228040337,30357,12247.0,14522
13630.0,0,12770.0,36556,15205,1.0,2024.0,0,0,-45.12824503271926,28825,4,13785,-16.918282914580733,30544,12046.0,14532
13205.0,0,12752.0,38162,14933,1.0,2024.0,0,0,-44.94793472618751,33918,4,14255,-16.69167805273079,34520,12326.0,14644
12718.0,0,12345.0,31712,14363,1.0,2024.0,0,0,-45.06882764739822,29266,4,13745,-16.95025751441999,29896,12015.0,14052
12769.0,0,12416.0,30432,14482,1.0,2024.0,0,0,-45.112430442199866,28366,4,13732,-16.789611627332935,29779,11929.0,14124
12772.0,0,12455.0,31761,14528,1.0,2024.0,0,0,-45.10569473340603,28941,4,13946,-16.782596345344622,29992,12055.0,14248
12685.0,0,12241.0,29698,14362,1.0,2024.0,0,0,-44.9632800855141,30006,4,13539,-17.00060955468969,29041,11830.0,14104
12607.0,0,12389.0,29884,14143,1.0,2024.0,0,0,-44.27215056672005,29480,4,13763,-16.186831196328434,29103,12257.0,14003
13881.0,0,13247.0,38182,15681,1.0,2024.0,0,0,-44.20237123564926,30324,4,14353,-15.913705382775742,33303,12564.0,15104
13551.0,0,12995.0,35025,15400,1.0,2024.0,0,0,-44.221656146206044,29223,4,14350,-15.980606121529615,32143,12454.0,14845
12631.0,0,12369.0,30285,14459,1.0,2024.0,0,0,-44.19567436734258,29165,4,14157,-15.945838512042457,29102,12231.0,14269
13458.0,0,13091.0,36916,15293,1.0,2024.0,0,0,-44.26389703201245,31105,4,14607,-16.1629574580949,32589,12663.0,14921
13333.0,0,12860.0,35651,15197,1.0,2024.0,0,0,-44.22838898436313,31277,4,14511,-16.075956706373017,32013,12549.0,14835
13051.0,0,12785.0,32501,15015,1.0,2024.0,0,0,-44.31656465081318,29558,4,14364,-16.20451526476877,30446,12498.0,14670
13040.0,0,12624.0,34267,14892,1.0,2024.0,0,0,-44.25489101830017,30224,4,14221,-16.228242567700573,30719,12295.0,14437
13847.0,0,13305.0,37050,15686,1.0,2024.0,0,0,-44.19392493110198,28836,4,14217,-15.91418961545728,33125,12270.0,15053
12944.0,0,12558.0,32226,14732,1.0,2024.0,0,0,-44.23214121177869,29137,4,14060,-15.913030153574882,29866,12196.0,14444
14115.0,0,13145.0,40849,15737,1.0,2024.0,0,0,-44.43371552730062,30409,4,14275,-16.146070116396842,33885,12317.0,14862
14059.0,0,13113.0,37292,15986,1.0,2024.0,0,0,-44.41974158860791,26826,4,13569,-15.914907356535593,31853,11882.0,14943
12547.0,0,12172.0,31049,14059,1.0,2024.0,0,0,-44.21047056048134,29274,4,13492,-15.931560329115408,29129,11924.0,13862
13869.0,0,13381.0,38446,15782,1.0,2024.0,0,0,-44.2418302360094,33161,4,14693,-16.011083723213876,35733,12748.0,15281
14318.0,0,13406.0,42880,15938,1.0,2024.0,0,0,-44.18832041432185,31172,4,14582,-16.251175267282335,36113,12583.0,15175
13432.0,0,12918.0,34640,15310,1.0,2024.0,0,0,-44.25251822545545,30090,4,14438,-16.185391237044676,32057,12339.0,14851
13168.0,0,12449.0,35275,15069,1.0,2024.0,0,0,-44.20668380189008,29627,4,13997,-16.21785605710128,30131,11987.0,14456
13312.0,0,12519.0,33536,15209,1.0,2024.0,0,0,-44.218023670877834,26752,4,13728,-16.214784633603234,29510,11948.0,14436
13446.0,0,12946.0,34396,15331,1.0,2024.0,0,0,-44.21101990747164,30523,4,14375,-16.254888706037015,31854,12457.0,14821
14141.0,0,13310.0,42651,15745,1.0,2024.0,0,0,-44.46068127556658,33298,4,14424,-16.10304433421609,35908,12480.0,15046
14280.0,0,12927.0,44657,15763,1.0,2024.0,0,0,-44.215792676133894,29385,4,13885,-16.16620636719722,32753,12078.0,14658
13395.0,0,12606.0,35359,15179,1.0,2024.0,0,0,-44.190122412019456,29718,4,13958,-16.022393974546393,31487,12019.0,14511
13728.0,0,12831.0,37755,15497,1.0,2024.0,0,0,-44.4330786687299,31164,4,14162,-16.162454442214475,33110,12276.0,15000
13540.0,0,12829.0,37670,15107,1.0,2024.0,0,0,-44.53496698134992,32018,4,14192,-15.887424618377123,33743,12157.0,14722
13618.0,0,13082.0,38125,15368,1.0,2024.0,0,0,-44.37598144445439,32914,4,14637,-16.17252815942116,33890,12517.0,14978
14053.0,0,12669.0,40647,15694,1.0,2024.0,0,0,-44.19712922848101,30800,4,14180,-16.14265180205622,33337,12140.0,14688
13686.0,0,13445.0,36415,15612,1.0,2024.0,0,0,-44.52477603673544,32685,4,14710,-16.160165985069,35480,12720.0,15296
13932.0,0,12332.0,39729,15560,1.0,2024.0,0,0,-44.51064008942001,28720,4,13782,-15.903607444889412,31319,11657.0,14430
14260.0,0,12569.0,42257,15946,1.0,2024.0,0,0,-44.46783248466208,27746,4,13654,-15.972567068238492,30573,11597.0,14584
12743.0,0,11889.0,32660,14532,1.0,2024.0,0,0,-44.31768601594461,28122,4,13659,-16.041019841207913,28556,11737.0,13953
14316.0,0,13084.0,44979,15945,1.0,2024.0,0,0,-44.34607072230445,34748,4,14559,-16.134733252197332,36293,12491.0,15035
14087.0,0,12802.0,43245,15668,1.0,2024.0,0,0,-44.44047757900493,30752,4,13846,-16.224640434169025,34792,11908.0,14716
14297.0,0,12773.0,44436,15811,1.0,2024.0,0,0,-44.42882511755892,34803,4,14453,-16.144973930029444,35635,12375.0,14922
13601.0,0,13062.0,39591,15351,1.0,2024.0,0,0,-44.36488290724903,32113,4,14407,-16.25073215691987,34921,12299.0,14939
13926.0,0,12842.0,44861,15220,1.0,2024.0,0,0,-44.38324872077793,30762,4,13825,-16.150499810075942,36793,11751.0,14666
13553.0,0,12772.0,39553,15430,1.0,2024.0,0,0,-44.1859020737949,31959,4,14446,-16.14083487561618,33495,12303.0,14840
13672.0,0,13379.0,37965,15563,1.0,2024.0,0,0,-44.5318518785386,35335,4,14679,-16.179367035766617,36874,12577.0,15271
14371.0,0,13294.0,45494,16031,1.0,2024.0,0,0,-44.203559849935395,31184,4,14460,-16.170979906329826,36402,12108.0,15225
14060.0,0,12512.0,41937,15481,1.0,2024.0,0,0,-44.28581188924144,28424,4,13642,-16.04596878675002,31502,11897.0,14545
13415.0,0,12750.0,36632,15442,1.0,2024.0,0,0,-44.38225551661678,35604,4,14655,-16.203909603947658,34490,12193.0,14839
13301.0,0,12633.0,34915,15199,1.0,2024.0,0,0,-44.27500586532718,31463,4,14388,-15.96764275870056,30246,12120.0,14768
13313.0,0,12586.0,37559,15164,1.0,2024.0,0,0,-44.20501584076311,31546,4,14335,-15.98970543572359,32162,12067.0,14679
13669.0,0,12883.0,35496,15511,1.0,2024.0,0,0,-44.44726291608522,31539,4,14478,-16.233599962391246,33139,12118.0,14922
13815.0,0,12976.0,38719,15634,1.0,2024.0,0,0,-44.54396537766548,33428,4,14320,-16.239697130376786,34456,12078.0,15139
13771.0,0,12632.0,39065,15470,1.0,2024.0,0,0,-44.528825197706304,30742,4,14117,-15.995665649169275,32081,11931.0,14485
14184.0,0,13541.0,42379,15647,1.0,2024.0,0,0,-44.53690067490326,34086,4,14393,-16.217478631793263,37390,12671.0,15209
13801.0,0,12832.0,36189,15506,0.0,2024.0,0,0,-44.88178088020924,29057,3,13725,-17.128688111374444,29214,12029.0,14565
14021.0,0,12702.0,36483,15827,0.0,2024.0,0,0,-44.82914856973627,25727,3,13306,-17.06784470453668,29934,11713.0,14542
13227.0,0,12017.0,31116,15090,1.0,2024.0,0,0,-44.63460145954056,28473,4,13768,-17.05025049652293,28150,11749.0,14099
14130.0,0,12395.0,40101,15768,0.0,2024.0,0,0,-44.63760063622538,26258,3,13424,-17.031718574361793,28202,11526.0,14129
12839.0,0,12397.0,31250,14639,1.0,2024.0,0,0,-44.91468235854457,27946,4,13507,-17.00610636970627,29204,11944.0,14236
13713.0,0,12981.0,36557,15511,1.0,2024.0,0,0,-44.732505443432444,31637,4,14177,-17.003374132570336,33738,12177.0,14934
12581.0,0,12405.0,33320,14448,1.0,2024.0,0,0,-44.96273122881869,32811,4,14027,-17.050220753354754,33271,12156.0,14365
12333.0,0,12144.0,31328,14370,1.0,2024.0,0,0,-45.122563454178234,32170,4,13835,-17.013969525376876,30894,12011.0,14256
12465.0,0,12181.0,32483,14244,1.0,2024.0,0,0,-44.96093487602714,31555,4,13796,-17.03540386130843,31591,11912.0,14043
12585.0,0,12203.0,32182,14448,1.0,2024.0,0,0,-45.03099520146958,30510,4,13504,-17.146853686551548,31427,11636.0,14196
12577.0,0,12249.0,29792,14208,1.0,2024.0,0,0,-44.94618517926533,30826,4,13991,-17.032859324469964,29573,12013.0,14112
12699.0,0,12335.0,31039,14439,1.0,2024.0,0,0,-45.03988503316279,28680,4,13533,-17.01015591334841,29587,11905.0,14305
12876.0,0,12511.0,32045,14711,1.0,2024.0,0,0,-44.94793489755815,32277,4,14093,-17.064490007568022,30850,11937.0,14526
12531.0,0,12127.0,28989,14301,1.0,2024.0,0,0,-45.10569812196271,27075,4,13346,-17.155392077586487,28158,11851.0,14078
12429.0,0,12111.0,31595,14153,1.0,2024.0,0,0,-45.038078610338914,29527,4,13420,-17.164565513425387,30693,11700.0,13947
13604.0,0,12883.0,37917,15250,1.0,2024.0,0,0,-45.00293806777955,30486,4,13824,-17.206495437031943,33645,12255.0,14688
12613.0,0,11959.0,30281,14350,1.0,2024.0,0,0,-44.95727709721639,29236,4,13505,-17.108332002786767,29240,11806.0,14007
12947.0,0,12120.0,33775,14585,1.0,2024.0,0,0,-44.94208934096241,31078,4,13397,-17.136486808310668,30843,11563.0,13951
12838.0,0,12663.0,29956,14517,1.0,2024.0,0,0,-45.11243411896791,30683,4,14156,-17.1624060102406,29166,12433.0,14444
12339.0,0,12117.0,29658,14241,1.0,2024.0,0,0,-45.107879348243,29838,4,13745,-17.003374096632193,27671,11950.0,14142
12451.0,0,11904.0,28368,14178,1.0,2024.0,0,0,-44.956747038431736,28771,4,13386,-17.0918481664763,27074,11830.0,13942
12927.0,0,12467.0,31054,14677,1.0,2024.0,0,0,-45.130821952627834,28409,4,13641,-17.128738522710776,29273,11939.0,14468
13541.0,0,13348.0,34369,15642,1.0,2024.0,0,0,-44.994093459344185,33162,4,14773,-17.129699389677487,34058,12775.0,15439
13364.0,0,12844.0,33852,15277,1.0,2024.0,0,0,-44.10990168515776,28168,4,14456,-16.626759529858795,29522,12477.0,14840
13645.0,0,13243.0,37607,15630,1.0,2024.0,0,0,-44.04332435815205,33382,4,14812,-16.55711987414947,33724,12991.0,15454
13713.0,0,13193.0,37591,15672,1.0,2024.0,0,0,-44.02050620480675,30956,4,14970,-16.53928503157153,32712,12983.0,15316
13420.0,0,13105.0,33905,15569,1.0,2024.0,0,0,-44.00712086952079,30242,4,14768,-16.523417382673106,32154,12699.0,15243
13138.0,0,12728.0,31840,15225,1.0,2024.0,0,0,-44.03330097219323,28366,4,14312,-16.430269767682244,28490,12504.0,14813
13789.0,0,13384.0,38838,15553,1.0,2024.0,0,0,-43.99985322117551,31718,4,14602,-16.545441500221482,34555,12986.0,15129
13725.0,0,13372.0,37791,15604,1.0,2024.0,0,0,-43.98403676220428,31460,4,14620,-16.416745377999767,34581,12856.0,15257
13562.0,0,13118.0,36157,15443,1.0,2024.0,0,0,-44.00612658694088,30049,4,14404,-16.576816888771265,32878,12565.0,15087
13425.0,0,12997.0,35869,15226,1.0,2024.0,0,0,-43.94155877845796,29316,4,14164,-16.41395843785758,31411,12641.0,14815
13784.0,0,13283.0,37167,15639,1.0,2024.0,0,0,-44.066433758351835,32941,4,14673,-16.55682609613339,34394,12900.0,15274
13234.0,0,12829.0,33959,15234,1.0,2024.0,0,0,-44.017809794823336,30073,4,14622,-16.531281120777457,31069,12584.0,15002
13159.0,0,12583.0,33629,15061,1.0,2024.0,0,0,-44.01375790368698,28518,4,14107,-16.422536382281233,29314,12376.0,14574
13671.0,0,13374.0,36678,15569,1.0,2024.0,0,0,-44.100880538037046,32785,4,14700,-16.366154371907516,34172,12964.0,15202
12401.0,0,12148.0,30232,14091,1.0,2024.0,0,0,-43.96994374874081,28020,4,13511,-16.50765387081115,28865,11823.0,13930
12430.0,0,12199.0,29267,14283,1.0,2024.0,0,0,-44.095914869218895,27123,4,13802,-16.410165698340773,26575,12068.0,13947
14379.0,0,13091.0,42658,16147,0.0,2024.0,0,0,-43.852260274768135,25939,3,13953,-16.448887803837714,30827,12017.0,15033
14193.0,0,13536.0,44859,15683,1.0,2024.0,0,0,-43.88073360563124,32685,4,14277,-16.494428975905663,37773,12715.0,15003
13751.0,0,13174.0,38537,15593,1.0,2024.0,0,0,-44.05269675188131,30773,4,14261,-16.517892375212693,34287,12401.0,14986
13373.0,0,12973.0,34744,15142,1.0,2024.0,0,0,-43.979489300718626,30384,4,14481,-16.257652126518405,32726,12494.0,14777
12681.0,0,12352.0,30956,14306,1.0,2024.0,0,0,-44.08455292574797,27815,4,13644,-16.475970603846143,28417,12066.0,14082
13954.0,0,13425.0,39822,15505,1.0,2024.0,0,0,-44.16077071232462,33124,4,14556,-16.590381855451945,35890,12801.0,15102
13417.0,0,12943.0,34647,15365,1.0,2024.0,0,0,-43.9523149338326,29442,4,14276,-16.493902662256918,31611,12267.0,14979
14278.0,0,13241.0,42400,15900,1.0,2024.0,0,0,-43.878762042455755,31529,4,14378,-16.601144626729493,35163,12412.0,15164
13942.0,0,13143.0,37252,16002,0.0,2024.0,0,0,-43.83250471196744,26606,3,14059,-16.545404328659963,31695,12166.0,15260
13314.0,0,12664.0,35234,15237,1.0,2024.0,0,0,-43.97730134037505,28753,4,14011,-16.409728744468413,30996,12179.0,14732
13227.0,0,12783.0,35154,14873,1.0,2024.0,0,0,-43.96311291279818,30268,4,14003,-16.623964385238114,31813,12407.0,14512
12876.0,0,12470.0,35076,14583,1.0,2024.0,0,0,-44.0575870788704,31971,4,13875,-16.518988317919476,32964,11980.0,14227
12641.0,0,12007.0,37224,14497,1.0,2024.0,0,0,-44.09015074566663,32097,4,13848,-16.41317716384639,32938,11677.0,14163
14648.0,0,13163.0,46167,16263,0.0,2024.0,0,0,-43.83488998305425,29997,3,14129,-16.627785083853418,34712,12135.0,15106
13809.0,0,12905.0,38644,15656,1.0,2024.0,0,0,-43.89196447124991,30157,4,14177,-16.597621277633486,33044,12193.0,15057
13962.0,0,12798.0,39192,15686,1.0,2024.0,0,0,-44.12652625509902,30665,4,14448,-16.306634750693345,33200,12219.0,14923
14089.0,0,12370.0,44373,15944,0.0,2024.0,0,0,-43.98486857075279,26421,3,13698,-16.319191319178852,29951,11563.0,14500
14286.0,0,13109.0,43909,15950,1.0,2024.0,0,0,-44.134510881769025,31845,4,14753,-16.276571541480692,33155,12505.0,15217
13102.0,0,12624.0,37306,15189,1.0,2024.0,0,0,-44.00916225140581,32684,4,14390,-16.378933942304624,34734,12228.0,14794
13718.0,0,12471.0,36215,15529,1.0,2024.0,0,0,-43.82624133677155,29964,4,13825,-16.286667378062376,31230,11859.0,14546
13597.0,0,12905.0,37367,15472,1.0,2024.0,0,0,-44.15572202168197,31507,4,14283,-16.55227768449444,33785,12251.0,14872
14224.0,0,12727.0,42732,16024,1.0,2024.0,0,0,-44.01116145120119,31010,4,14444,-16.32216660886084,32621,12056.0,14777
13999.0,0,12657.0,43039,15840,1.0,2024.0,0,0,-44.13358343769704,31210,4,13899,-16.399037963549546,34950,11862.0,14742
14001.0,0,13182.0,39878,15795,0.0,2024.0,0,0,-44.48603170479605,32294,3,14765,-16.626759483360164,31812,12745.0,15112
13944.0,0,13158.0,38786,15599,1.0,2024.0,0,0,-44.18832066406795,30314,4,14202,-16.62407201684841,32760,12673.0,14950
13793.0,0,13003.0,36675,15720,0.0,2024.0,0,0,-44.20863471697482,30184,3,14329,-16.545404344349958,32579,12561.0,14988
12907.0,0,12694.0,30002,14823,1.0,2024.0,0,0,-44.28762481500703,27355,4,13846,-16.2644370939018,29539,12172.0,14473
12963.0,0,12655.0,32190,14887,1.0,2024.0,0,0,-44.19567453761248,29252,4,14187,-16.318794253969003,30051,12311.0,14636
13361.0,0,13017.0,33304,15253,1.0,2024.0,0,0,-44.442563775705025,30789,4,14441,-16.556826062903166,31066,12739.0,14936
13956.0,0,13240.0,36868,15947,0.0,2024.0,0,0,-44.52403471900252,29460,3,14519,-16.26840110610164,31659,12748.0,15420
13663.0,0,13061.0,37166,15511,1.0,2024.0,0,0,-44.36655082674579,31304,4,14642,-16.612316483915844,31708,12613.0,15000
13383.0,0,12838.0,34319,15340,1.0,2024.0,0,0,-44.23214142045932,29030,4,14406,-16.285992735898702,30678,12365.0,14804
14081.0,0,13399.0,42268,15729,1.0,2024.0,0,0,-44.20867457459731,33383,4,14527,-16.289696496076775,35912,12660.0,15135
13685.0,0,13004.0,38710,15531,1.0,2024.0,0,0,-44.19012269987963,29358,4,14136,-16.39533486573954,32917,12221.0,14905
14191.0,0,13371.0,42437,15911,1.0,2024.0,0,0,-44.18590247614325,33117,4,14638,-16.51375285964093,35868,12720.0,15317
13703.0,0,13065.0,38585,15249,1.0,2024.0,0,0,-44.53185204372015,31711,4,14516,-16.55227763401836,31833,12719.0,14932
13379.0,0,12683.0,35337,15290,1.0,2024.0,0,0,-44.19712998837899,28877,4,14138,-16.515569618055192,29915,12159.0,14721
13708.0,0,13028.0,37050,15544,1.0,2024.0,0,0,-44.202371341451205,31479,4,14589,-16.286667424667844,33000,12561.0,14934
13900.0,0,13207.0,41788,15738,1.0,2024.0,0,0,-44.38988791826012,33812,4,14667,-16.42253636855939,35796,12564.0,15174
13717.0,0,12420.0,35727,15764,0.0,2024.0,0,0,-44.46068294404978,26733,3,13576,-16.475970572564176,27448,11777.0,14446
13510.0,0,12911.0,35616,15275,1.0,2024.0,0,0,-44.5476882503066,29597,4,14301,-16.44333787441584,31210,12321.0,14852
13487.0,0,12864.0,35772,15262,1.0,2024.0,0,0,-44.43308001299591,29615,4,14055,-16.535369461786768,31053,12242.0,14711
14317.0,0,13211.0,41860,15960,0.0,2024.0,0,0,-44.26390012751809,32521,3,14215,-16.535872190155416,35303,12347.0,14980
13320.0,0,12596.0,34062,15101,1.0,2024.0,0,0,-44.370302904677246,28393,4,14027,-16.26825165704697,29286,12123.0,14369
13669.0,0,13290.0,36192,15487,1.0,2024.0,0,0,-44.39393980961685,32263,4,14485,-16.531281098831684,33906,12697.0,15119
13283.0,0,12211.0,33553,15290,0.0,2024.0,0,0,-44.52539849500905,25683,3,13543,-16.26927023833413,26573,11643.0,14102
13655.0,0,13084.0,37763,15400,1.0,2024.0,0,0,-44.35343135303253,31955,4,14598,-16.409728740655144,33584,12505.0,15028
13691.0,0,12979.0,37800,15564,1.0,2024.0,0,0,-44.24163618835116,29172,4,14154,-16.340489011644454,31569,12333.0,14893
13439.0,0,12922.0,35883,15220,1.0,2024.0,0,0,-44.2283902808241,29705,4,14101,-16.448887825744986,32060,12262.0,14852
13436.0,0,12976.0,35533,15236,1.0,2024.0,0,0,-44.41974252152873,30960,4,14394,-16.287870182456853,31901,12370.0,14852
13305.0,0,12664.0,32268,15148,1.0,2024.0,0,0,-44.477010557194944,27613,4,13901,-16.36615434490801,29515,12136.0,14587
14348.0,0,12927.0,43673,16015,1.0,2024.0,0,0,-44.35561931350584,28437,4,14192,-16.257652139277376,32456,12165.0,14892
13730.0,0,13027.0,37256,15580,1.0,2024.0,0,0,-44.528825849540986,31547,4,14333,-16.36861169595925,33543,12352.0,14852
13121.0,0,12644.0,36445,15076,1.0,2024.0,0,0,-44.19392500760909,32840,4,14324,-16.28715143193211,32976,12181.0,14597
13674.0,0,12881.0,37853,15448,1.0,2024.0,0,0,-44.3872914656477,31739,4,14505,-16.322166606816918,32820,12364.0,14857
12879.0,0,12680.0,32618,14830,1.0,2024.0,0,0,-44.21047077710223,30795,4,14333,-16.304519048339802,31193,12466.0,14516
13380.0,0,12633.0,38567,14822,1.0,2024.0,0,0,-44.44726320846292,32956,4,13816,-16.606501162069733,34637,12056.0,14317
13590.0,0,12761.0,39238,15232,1.0,2024.0,0,0,-44.2373852411933,31029,4,14067,-16.541474207682246,32781,12271.0,14527
13226.0,0,12815.0,35413,14997,1.0,2024.0,0,0,-44.39492686846146,31055,4,14357,-16.345017827520756,31845,12295.0,14783
13356.0,0,13067.0,35225,15173,1.0,2024.0,0,0,-44.40418769006801,31669,4,14521,-16.27490483810954,33639,12502.0,14984
13585.0,0,12844.0,35716,15453,1.0,2024.0,0,0,-44.47811419831456,31439,4,14376,-16.300987386349693,32513,12270.0,14867
13831.0,0,12961.0,41401,15573,1.0,2024.0,0,0,-44.22165671870563,32265,4,14305,-16.35355553902577,34442,12357.0,14984
13153.0,0,12442.0,35534,15170,1.0,2024.0,0,0,-44.25067417085872,32199,4,14346,-16.46085297451669,32297,12036.0,14616
13079.0,0,12550.0,34813,14758,1.0,2024.0,0,0,-44.390173448896,31100,4,14128,-16.340436761822772,31557,12024.0,14403
13476.0,0,12823.0,35891,15244,1.0,2024.0,0,0,-44.31768878923234,30889,4,14205,-16.413958442191387,32383,12229.0,14744
13713.0,0,13202.0,40001,15429,1.0,2024.0,0,0,-44.36016677521538,33364,4,14319,-16.416745371769515,35768,12508.0,15033
13399.0,0,12598.0,36711,15083,1.0,2024.0,0,0,-44.433717095756094,33818,4,14241,-16.518988288999306,33894,12181.0,14572
13298.0,0,12653.0,40951,15057,1.0,2024.0,0,0,-44.20356091866708,35754,4,14505,-16.543892359120708,37197,12445.0,14785
13868.0,0,13139.0,39056,15673,1.0,2024.0,0,0,-44.44047801004199,34341,4,14824,-16.597543415026866,34274,12525.0,15229
13102.0,0,12394.0,36004,15161,1.0,2024.0,0,0,-44.38529226574169,33389,4,14427,-16.378933934303145,32170,12115.0,14658
13414.0,0,12901.0,40705,15292,1.0,2024.0,0,0,-44.25686361319015,34974,4,14219,-16.494428985767872,37955,12235.0,15002
13068.0,0,12416.0,34578,15101,1.0,2024.0,0,0,-44.36488304747497,33239,4,14461,-16.623630417084282,32856,12204.0,14719
14019.0,0,13108.0,38306,15821,0.0,2024.0,0,0,-44.65193162703662,30072,3,14506,-16.5234010885837,31113,12537.0,14941
13701.0,0,13352.0,36223,15435,1.0,2024.0,0,0,-44.58517006277705,32001,4,14582,-16.627783607981613,33691,12763.0,15053
14489.0,0,13111.0,43883,16088,1.0,2024.0,0,0,-44.56733642245086,30456,4,14581,-16.49383644139103,31404,12713.0,15015
13261.0,0,13097.0,33970,15086,1.0,2024.0,0,0,-44.80327569759642,31624,4,14446,-16.533133922159458,32747,12779.0,14890
13531.0,0,13066.0,36026,15337,1.0,2024.0,0,0,-44.584128583094305,30519,4,14382,-16.430219472421115,31691,12637.0,14907
14236.0,0,13332.0,44029,15518,1.0,2024.0,0,0,-44.65296512863697,30767,4,14080,-16.39907350349917,34799,12232.0,14762
14425.0,0,13080.0,41601,15992,0.0,2024.0,0,0,-44.91404544023882,26688,3,13721,-16.269260221462318,31662,11997.0,14860
13461.0,0,13151.0,34990,15234,1.0,2024.0,0,0,-44.82518974927915,32175,4,14385,-16.418901444979003,32725,12594.0,14995
13574.0,0,12944.0,35344,15389,1.0,2024.0,0,0,-44.64142069378798,28812,4,14076,-16.36865669189432,30214,12317.0,14706
13534.0,0,13040.0,33975,15499,1.0,2024.0,0,0,-44.74606131367555,29794,4,14473,-16.384060836087652,31174,12464.0,15053
14583.0,0,13344.0,46466,15959,1.0,2024.0,0,0,-44.6374069093205,30092,4,14111,-16.40200101131608,35853,12233.0,14993
13522.0,0,12898.0,35621,15196,1.0,2024.0,0,0,-44.637602694355685,31419,4,14346,-16.286008453778248,32144,12516.0,14650
13807.0,0,13427.0,39026,15517,1.0,2024.0,0,0,-44.73564439483886,32968,4,14387,-16.44342077888395,35579,12566.0,15157
14207.0,0,12733.0,40012,15882,1.0,2024.0,0,0,-44.89866977787849,27489,4,13562,-16.300958314231085,30369,11789.0,14596
13852.0,0,12553.0,38394,15482,1.0,2024.0,0,0,-44.784031687717594,28371,4,13891,-16.59755322580796,31273,11709.0,14458
14131.0,0,12918.0,39606,15865,1.0,2024.0,0,0,-44.90279292118428,27872,4,13998,-16.612610330816064,29764,12044.0,14820
14383.0,0,13565.0,43105,15936,1.0,2024.0,0,0,-44.735448510139726,33735,4,14568,-16.34061268733096,37430,12781.0,15367
13568.0,0,13015.0,35513,15309,1.0,2024.0,0,0,-44.70198702052578,30878,4,14233,-16.340519646225008,32190,12378.0,14895
14058.0,0,12728.0,41455,15633,1.0,2024.0,0,0,-44.551657939828424,29488,4,13966,-16.587655540967546,31483,11943.0,14680
13290.0,0,12525.0,34332,14957,1.0,2024.0,0,0,-44.83408169407921,30332,4,13638,-16.515610978786164,32050,11779.0,14251
13708.0,0,13018.0,39599,15216,1.0,2024.0,0,0,-44.859128548556626,32367,4,14169,-16.626761280325056,34498,12205.0,14576
13672.0,0,12731.0,39308,15674,1.0,2024.0,0,0,-44.57752758834749,31546,4,14223,-16.55969938170005,33719,11986.0,14804
14485.0,0,12936.0,45370,15913,1.0,2024.0,0,0,-44.63978378972414,29289,4,13676,-16.577404329109967,33301,11761.0,14789
13844.0,0,12839.0,40240,15368,1.0,2024.0,0,0,-44.62649286256119,27946,4,13807,-16.41016568556456,32508,11893.0,14689
13493.0,0,12913.0,36703,15376,1.0,2024.0,0,0,-44.70578743754896,32556,4,14462,-16.39540134168225,32725,12384.0,14957
13847.0,0,12859.0,41362,15043,1.0,2024.0,0,0,-44.55645069459168,33028,4,13730,-16.558251735839224,34848,12102.0,14388
14190.0,0,13159.0,42841,15741,1.0,2024.0,0,0,-44.68150044403382,31554,4,13975,-16.47598671827706,34861,12045.0,14947
13267.0,0,13050.0,36346,15181,1.0,2024.0,0,0,-44.617881368568376,32327,4,14386,-16.28971757501542,34235,12594.0,14965
13338.0,0,13039.0,35604,15289,1.0,2024.0,0,0,-44.714031912336,34113,4,14659,-16.321105184871502,34916,12618.0,14951
13879.0,0,13032.0,41551,15467,1.0,2024.0,0,0,-44.74499124209255,31515,4,14433,-16.556841724199398,32649,12545.0,14819
13537.0,0,12812.0,35258,15383,1.0,2024.0,0,0,-44.63460486111272,29925,4,14253,-16.304547578794992,31328,12235.0,14746
13679.0,0,12810.0,36932,15423,1.0,2024.0,0,0,-44.623762337850565,30404,4,14123,-16.413172730505245,32640,12131.0,14882
13549.0,0,13075.0,38726,15180,1.0,2024.0,0,0,-44.914682367285344,33370,4,14310,-16.26038848078083,34383,12371.0,14757
13816.0,0,13198.0,38928,15384,1.0,2024.0,0,0,-44.85043975876298,32974,4,14276,-16.34040864766269,35885,12486.0,14964
13955.0,0,12713.0,42501,15441,1.0,2024.0,0,0,-44.6085323159435,31902,4,14174,-16.28668766035479,34303,12121.0,14738
13938.0,0,12701.0,42908,15515,1.0,2024.0,0,0,-44.911805510557386,32665,4,13822,-16.26839189290691,34719,11765.0,14512
13531.0,0,12206.0,37653,15099,1.0,2024.0,0,0,-44.58709345451461,28726,4,13698,-16.36613262584043,30009,11571.0,14185
13098.0,0,12856.0,34256,14991,1.0,2024.0,0,0,-44.67135461038366,32464,4,14375,-16.264439560670393,32955,12223.0,14742
12529.0,0,12027.0,32741,14641,1.0,2024.0,0,0,-44.7138384427532,31766,4,14129,-16.535380457307664,30696,11647.0,14489
12864.0,0,12616.0,35906,14657,1.0,2024.0,0,0,-44.74893809330354,33838,4,14136,-16.446850804453742,34041,12271.0,14460
14198.0,0,13401.0,38067,15950,0.0,2024.0,0,0,-45.06935342581953,28163,3,14491,-16.598661053448584,31814,12697.0,15282
14438.0,0,13494.0,42427,16015,0.0,2024.0,0,0,-45.09830073295737,29586,3,14371,-16.55712740439145,33458,12469.0,15269
14280.0,0,13461.0,43554,15484,1.0,2024.0,0,0,-45.08996843592511,31670,4,14513,-16.535380478733178,35543,13048.0,15027
13858.0,0,13306.0,37581,15407,1.0,2024.0,0,0,-45.20850419774128,31175,4,14484,-16.460860455328028,33255,12732.0,14955
13812.0,0,13258.0,36837,15330,1.0,2024.0,0,0,-45.17416286713613,31747,4,14450,-16.44892068738196,34112,12714.0,14882
13709.0,0,13121.0,36033,15165,1.0,2024.0,0,0,-45.110910089290364,30521,4,14212,-16.623630439169304,31692,12615.0,14753
13838.0,0,13384.0,35132,15571,1.0,2024.0,0,0,-45.01353690422194,31213,4,14375,-16.402001029209,32640,12586.0,15103
13708.0,0,12657.0,35870,15287,1.0,2024.0,0,0,-45.111774387518096,25827,4,13568,-16.443420799345137,29530,11752.0,14441
13847.0,0,12896.0,36775,15524,1.0,2024.0,0,0,-44.98466231151212,28890,4,13604,-16.286687672561115,31765,11889.0,14639
14088.0,0,13226.0,39510,15643,1.0,2024.0,0,0,-45.19715938171801,32489,4,14387,-16.513808781284048,34209,12547.0,15012
14215.0,0,12669.0,39503,15868,1.0,2024.0,0,0,-45.010329159728066,27055,4,14027,-16.318833597514203,29918,11892.0,14760
13621.0,0,12894.0,36249,15285,1.0,2024.0,0,0,-45.17457867246843,30164,4,13938,-16.274900396074123,32353,12302.0,14661
12879.0,0,12503.0,30914,14484,1.0,2024.0,0,0,-45.29568777450267,28805,4,13708,-16.59073733472426,29592,12160.0,14242
14606.0,0,13076.0,45194,15853,1.0,2024.0,0,0,-44.99401136392844,29306,4,14071,-16.289717586729203,33544,11908.0,14987
14047.0,0,13040.0,38761,15709,1.0,2024.0,0,0,-45.125068085684056,29450,4,14064,-16.446850824276414,32466,12140.0,14917
13667.0,0,12755.0,36379,15191,1.0,2024.0,0,0,-45.176373697731336,28894,4,14016,-16.401194400017754,30412,12198.0,14541
13727.0,0,12768.0,36127,15389,1.0,2024.0,0,0,-45.15876403354734,29377,4,13871,-16.33251778319925,31655,12027.0,14611
13778.0,0,12850.0,37643,15314,1.0,2024.0,0,0,-45.08191743090771,28062,4,13889,-16.395401358865985,31306,11941.0,14528
13212.0,0,12642.0,35629,14682,1.0,2024.0,0,0,-45.20319316774773,30419,4,13830,-16.28785931615878,31875,12077.0,14427
13101.0,0,12802.0,33648,14674,1.0,2024.0,0,0,-45.27347990325885,31170,4,13974,-16.416684933315143,31739,12211.0,14297
14033.0,0,13060.0,40810,15459,1.0,2024.0,0,0,-45.077071081877754,29550,4,13940,-16.390884949861093,32967,12195.0,14750
13356.0,0,12771.0,35784,14649,1.0,2024.0,0,0,-45.11157850283796,30356,4,13795,-16.3406126944949,31375,12182.0,14311
13271.0,0,12723.0,34213,14928,1.0,2024.0,0,0,-45.17940568874535,32235,4,14063,-16.533133945317733,32757,12045.0,14500
13166.0,0,12549.0,34243,14800,1.0,2024.0,0,0,-45.205280097857774,30464,4,13858,-16.322148391564834,31526,12024.0,14416
13552.0,0,12629.0,36923,15230,1.0,2024.0,0,0,-44.94346641894133,31544,4,14065,-16.493836459296876,32603,11897.0,14580
12974.0,0,12514.0,32331,14584,1.0,2024.0,0,0,-45.22656974885829,28914,4,13577,-16.34040864384452,30212,12026.0,14224
13424.0,0,12520.0,34491,14950,1.0,2024.0,0,0,-45.17598831603119,28677,4,13706,-16.319182135512495,30137,11896.0,14237
12681.0,0,12205.0,29569,14355,1.0,2024.0,0,0,-45.27659156752472,26548,4,13373,-16.541447463109918,27356,11759.0,13865
13635.0,0,12459.0,41164,15244,1.0,2024.0,0,0,-44.93527559358533,31611,4,13959,-16.292632058498047,33933,11842.0,14354
13889.0,0,13171.0,39157,15278,1.0,2024.0,0,0,-45.210211684534514,34575,4,14219,-16.51561099952101,36517,12702.0,14783
13824.0,0,12587.0,43704,14956,4.0,2024.0,0,0,-43.57618862788864,32722,15,13569,-16.866753995360295,35095,11761.0,13985
14062.0,0,12949.0,40281,15844,4.0,2024.0,0,0,-43.77656647957216,29994,15,14254,-16.741485911169406,32019,12483.0,14826
12396.0,0,12014.0,32346,14011,4.0,2024.0,0,0,-43.75039810166311,30057,15,13416,-16.679521268221908,30832,11663.0,13788
13182.0,0,11539.0,38169,15144,4.0,2024.0,0,0,-43.64316439135926,30212,15,13464,-16.965778840303543,30195,11252.0,13807
13957.0,0,12398.0,45519,15100,4.0,2024.0,0,0,-43.66748344490117,30677,15,13380,-16.660761136202215,35360,11613.0,14195
13040.0,0,12279.0,37921,14765,4.0,2024.0,0,0,-43.52098363096144,29878,15,13483,-16.69397263425004,32491,11671.0,14178
13438.0,0,12454.0,37948,15118,6.0,2024.0,0,0,-43.75838169657004,30963,21,13741,-16.649463745965566,32374,11895.0,14288
13581.0,0,12267.0,42330,14990,4.0,2024.0,0,0,-43.68863110350489,30931,15,13499,-16.8707620729223,32989,11601.0,14128
14294.0,0,12869.0,49829,15434,4.0,2024.0,0,0,-43.60117472452348,36413,15,13826,-16.78259635893257,39764,12091.0,14361
13386.0,0,12220.0,42380,14739,4.0,2024.0,0,0,-43.59327249297568,34379,15,13583,-16.83820692441976,35838,11611.0,14079
14188.0,0,13268.0,45357,15731,4.0,2024.0,0,0,-43.68082134778035,34613,15,14353,-16.908212621874885,37785,12523.0,14992
14112.0,0,13061.0,45077,15616,4.0,2024.0,0,0,-43.623725023551486,32253,15,14040,-16.91828293033803,35602,12334.0,14707
14299.0,0,12881.0,46113,15667,4.0,2024.0,0,0,-43.68821842780209,31956,15,13935,-16.97037453782321,35884,11849.0,14659
14200.0,0,12899.0,46082,15697,4.0,2024.0,0,0,-43.65717440264378,28742,15,13109,-16.803133302425284,37039,11586.0,14426
14494.0,0,12743.0,48325,15888,4.0,2024.0,0,0,-43.784640769768366,30104,15,13609,-16.963213140616464,35958,11702.0,14692
14166.0,0,12413.0,41533,15804,6.0,2024.0,0,0,-43.644377907614206,27053,21,13602,-16.912127597231905,31092,11495.0,14639
12763.0,0,11841.0,35557,14728,4.0,2024.0,0,0,-43.69500348639946,31700,15,13618,-16.97933050533508,33359,11515.0,14189
12538.0,0,11755.0,34310,14483,4.0,2024.0,0,0,-43.61429121317013,30527,15,13333,-16.985145049987118,29180,11347.0,13745
12563.0,0,11932.0,37544,14377,4.0,2024.0,0,0,-43.63503316884123,33050,15,13451,-16.695051077911412,33907,11561.0,13908
12740.0,0,11697.0,36818,14358,4.0,2024.0,0,0,-43.642669253349936,32679,15,13333,-16.71789787215048,33683,11483.0,13651
12933.0,0,11848.0,39968,14639,4.0,2024.0,0,0,-43.65192818864854,33009,15,13241,-16.647798365786723,35028,11244.0,13736
11949.0,0,11404.0,38087,14142,4.0,2024.0,0,0,-43.73377171014424,35965,15,13400,-16.99958453534791,35305,11142.0,13736
14023.0,0,11899.0,52377,15565,4.0,2024.0,0,0,-43.641681680356164,37086,15,13787,-16.90412523892404,37666,11559.0,14054
12358.0,0,11902.0,38805,14384,4.0,2024.0,0,0,-43.61804317072179,35931,15,13770,-16.641146548784196,37677,11572.0,14106
13538.0,0,12072.0,43738,15058,4.0,2024.0,0,0,-43.7731390082448,33975,15,13546,-16.64216365584725,36109,11373.0,14041
13563.0,0,11767.0,47292,15232,4.0,2024.0,0,0,-43.63099304514813,34520,15,13391,-16.89626304631588,36119,11321.0,13790
13741.0,0,13162.0,42276,15058,4.0,2024.0,0,0,-43.874546102451674,35503,15,13817,-16.833710140934254,38961,12391.0,14444
13806.0,0,13294.0,39999,15418,6.0,2024.0,0,0,-43.8325447117877,33777,21,14408,-16.662586128226724,36649,12774.0,14935
13769.0,0,12253.0,45264,15336,4.0,2024.0,0,0,-43.96940248553877,32518,15,13858,-16.838206921867428,33644,11892.0,14125
13922.0,0,12216.0,43970,15138,6.0,2024.0,0,0,-44.06643471603065,30424,21,13374,-16.929665014245895,32712,11587.0,14028
13133.0,0,11851.0,45544,14533,4.0,2024.0,0,0,-43.9457481693607,37490,15,13317,-16.948977790552398,38346,11488.0,13709
14425.0,0,12120.0,52937,15562,4.0,2024.0,0,0,-44.126528102369754,31729,15,13750,-16.679521278845286,35131,11640.0,14040
13620.0,0,12379.0,43590,15313,4.0,2024.0,0,0,-44.13451169769361,32761,15,14107,-16.649463758679083,33572,12050.0,14523
13842.0,0,12927.0,40085,15660,4.0,2024.0,0,0,-43.98404042655547,32559,15,14440,-16.789611641713588,32957,12382.0,14869
14273.0,0,12711.0,45529,15642,4.0,2024.0,0,0,-44.115068368849414,33090,15,13696,-16.774852860038788,36181,11732.0,14585
14091.0,0,12708.0,48089,15428,4.0,2024.0,0,0,-44.146963187903864,38321,15,14046,-16.66553405890674,40225,11949.0,14582
14568.0,0,12559.0,47709,15897,4.0,2024.0,0,0,-44.091708138651136,33874,15,13734,-16.7183978477247,37899,11554.0,14485
12867.0,0,11655.0,39504,14585,4.0,2024.0,0,0,-43.90260330944827,34957,15,13408,-16.774056642391347,35034,11148.0,13767
13281.0,0,12041.0,41415,14638,4.0,2024.0,0,0,-43.99985501769603,32949,15,13344,-16.918282924565855,34062,11612.0,13778
12810.0,0,12014.0,37890,14801,4.0,2024.0,0,0,-44.095916951520486,34426,15,14108,-16.78303263064467,34612,11715.0,14272
12788.0,0,12225.0,39843,14418,4.0,2024.0,0,0,-43.81219091073582,34992,15,13728,-16.996896856568178,35817,12024.0,13972
13421.0,0,12048.0,46793,14958,4.0,2024.0,0,0,-44.14926901013504,37263,15,13734,-16.642163669291694,37792,11632.0,14123
12101.0,0,11451.0,38207,14188,4.0,2024.0,0,0,-44.32585472059653,35381,15,13607,-16.713400570433272,36100,11154.0,13879
13478.0,0,12066.0,38157,15034,4.0,2024.0,0,0,-44.53791542574833,32121,15,13853,-16.642153384543786,33812,11667.0,14333
13588.0,0,12647.0,43835,14899,4.0,2024.0,0,0,-44.427142674351366,35160,15,13399,-16.905977575013196,40004,11781.0,14328
13510.0,0,11939.0,40667,15213,4.0,2024.0,0,0,-44.54517618989379,31644,15,13795,-16.908656146814845,30033,11707.0,14029
13730.0,0,12514.0,43138,15283,4.0,2024.0,0,0,-44.22444868647643,32095,15,13932,-16.660063553054545,34900,11873.0,14716
13756.0,0,12304.0,47966,15035,4.0,2024.0,0,0,-44.18301516308504,34939,15,13602,-16.66552074576824,38355,11542.0,14229
14348.0,0,12820.0,42099,15901,6.0,2024.0,0,0,-44.508224828342605,28160,21,13786,-16.751756874247004,32531,11955.0,14835
14664.0,0,12732.0,47227,16067,6.0,2024.0,0,0,-44.52433071255459,28265,21,13837,-16.914288418985596,34129,11714.0,14795
14182.0,0,12508.0,51190,15243,4.0,2024.0,0,0,-44.25806693804328,31477,15,13600,-16.691718245815892,37462,11769.0,14377
13600.0,0,12141.0,42097,15221,4.0,2024.0,0,0,-44.265287719178374,32751,15,13694,-16.741531819557466,33953,11731.0,14151
14275.0,0,12705.0,43606,15944,6.0,2024.0,0,0,-44.522539635876065,29008,21,14024,-16.673845626327402,31914,11810.0,14644
14714.0,0,13002.0,47650,16024,4.0,2024.0,0,0,-44.53567549398976,34033,15,14177,-16.641285261518348,37893,11946.0,14852
14653.0,0,13239.0,45345,16289,6.0,2024.0,0,0,-44.21096220689467,28503,21,14031,-16.73900759798157,32934,12247.0,15048
13668.0,0,12791.0,36857,15361,4.0,2024.0,0,0,-44.497147284708035,28482,15,14006,-16.963243379892,30794,12133.0,14714
12926.0,0,12037.0,35376,14584,4.0,2024.0,0,0,-44.6637549342644,30542,15,13566,-16.637332423936417,31541,11672.0,13890
12564.0,0,11630.0,34951,14424,4.0,2024.0,0,0,-44.62865344458216,30803,15,13539,-16.931139939436115,30811,11371.0,13738
14349.0,0,13119.0,48891,15810,4.0,2024.0,0,0,-44.72468187790561,32993,15,13930,-16.971496512794715,37602,11943.0,14824
14273.0,0,12484.0,47940,15546,4.0,2024.0,0,0,-44.823393505788204,32130,15,13779,-16.979330496677044,34509,11689.0,14704
13501.0,0,11779.0,43286,14886,4.0,2024.0,0,0,-44.78556442070698,34397,15,13418,-16.80313329147995,35144,11382.0,13960
13474.0,0,12224.0,41357,14720,4.0,2024.0,0,0,-44.76142544696971,32330,15,13389,-16.751807451990505,34226,11634.0,14015
13772.0,0,12334.0,43463,15027,4.0,2024.0,0,0,-44.63299606910966,31253,15,13505,-16.867279744474306,32717,11618.0,14329
13261.0,0,11882.0,37817,14995,4.0,2024.0,0,0,-44.58983429476297,32235,15,13691,-16.98957913032981,30766,11500.0,13982
13229.0,0,12407.0,39126,14995,4.0,2024.0,0,0,-44.74101319782783,33642,15,13906,-16.99645679996228,33329,11930.0,14302
13300.0,0,12618.0,37971,14981,4.0,2024.0,0,0,-44.90090661612479,30561,15,14055,-16.905922960962716,31752,12120.0,14465
12737.0,0,12193.0,34993,14383,4.0,2024.0,0,0,-44.901529030375734,32024,15,13662,-16.64216363180438,32297,11898.0,13979
13864.0,0,12627.0,39198,15408,6.0,2024.0,0,0,-44.84241297407217,29367,21,13668,-16.786043556196958,30845,11781.0,14520
14353.0,0,12701.0,41638,15973,6.0,2024.0,0,0,-44.77105927089635,26133,21,13318,-16.717897853574037,31433,11520.0,14507
12830.0,0,11683.0,34750,14670,6.0,2024.0,0,0,-44.77007169787101,30858,21,13231,-16.904125231743045,30430,11287.0,13613
13913.0,0,11995.0,43139,15494,4.0,2024.0,0,0,-44.79587346331208,32146,15,13703,-16.660761111308076,33198,11669.0,14320
14759.0,0,13067.0,48165,16151,6.0,2024.0,0,0,-44.73174933960925,30592,21,13931,-16.630549044634392,34367,11929.0,14812
13857.0,0,12601.0,39743,15536,4.0,2024.0,0,0,-44.73713002693257,31104,15,13843,-16.692076375945764,32873,11784.0,14526
13480.0,0,12568.0,38387,15292,4.0,2024.0,0,0,-44.59192564638652,29291,15,13757,-16.911961569985078,31980,11645.0,14528
14177.0,0,12491.0,40798,15775,4.0,2024.0,0,0,-44.61351750279618,26812,15,13386,-16.91431568847012,29910,11413.0,14440
13449.0,0,12188.0,37479,15107,6.0,2024.0,0,0,-44.76630567835799,28016,21,13435,-16.713317684200124,29194,11568.0,14303
12524.0,0,12227.0,33913,14445,6.0,2024.0,0,0,-44.704578643099296,32751,21,13968,-16.866753991473264,32457,11977.0,14328
13761.0,0,12303.0,40719,15120,4.0,2024.0,0,0,-44.81660844695334,31397,15,13482,-16.97037452938087,32656,11777.0,14245
14394.0,0,13066.0,45657,15761,4.0,2024.0,0,0,-44.76342318611312,31342,15,13846,-16.69505105628923,35385,11824.0,14823
14618.0,0,12891.0,47759,15812,6.0,2024.0,0,0,-44.85424584914138,29226,21,13864,-16.67387530255466,34128,11907.0,14841
13519.0,0,12088.0,37950,14746,4.0,2024.0,0,0,-44.907982207555044,29193,15,13220,-16.925116384804067,29949,11284.0,14100
13647.0,0,12167.0,42122,15156,4.0,2024.0,0,0,-44.71537308725275,32013,15,13775,-16.996790662757565,33023,11688.0,14267
13102.0,0,12549.0,34736,14862,4.0,2024.0,0,0,-44.90016521499625,31045,15,14110,-16.641294688318368,31574,12040.0,14424
14136.0,0,12549.0,45732,15314,4.0,2024.0,0,0,-44.817021122670795,31661,15,13509,-16.870762061746216,33966,11794.0,14243
14525.0,0,13057.0,43897,16080,6.0,2024.0,0,0,-44.75938306228888,27862,21,13805,-16.896263039620134,32871,11661.0,15064
14385.0,0,13221.0,42953,15895,6.0,2024.0,0,0,-44.7216625087896,30466,21,14032,-16.838206918631826,34793,12027.0,15035
13705.0,0,12555.0,40875,15137,4.0,2024.0,0,0,-44.648285343178856,31710,15,13609,-16.93257971491067,33473,11746.0,14360
14281.0,0,13208.0,48875,15495,4.0,2024.0,0,0,-44.73630044955955,38244,15,14035,-16.78961163012283,39076,12371.0,14667
14206.0,0,12497.0,42030,15752,6.0,2024.0,0,0,-44.84817697266387,30610,21,13410,-16.783032610750773,33180,11518.0,14728
13886.0,0,11890.0,43649,15246,4.0,2024.0,0,0,-44.754688773454454,28686,15,13501,-16.75593766439409,28824,11516.0,13886
14405.0,0,12535.0,47182,15682,4.0,2024.0,0,0,-44.56445093655349,32993,15,13823,-16.99689688116804,35395,11698.0,14586
13632.0,0,12324.0,40081,15038,4.0,2024.0,0,0,-44.90495650182912,32251,15,13907,-16.741485890681037,33141,11905.0,14240
14315.0,0,11972.0,44467,15396,4.0,2024.0,0,0,-44.772767925225445,32473,15,13600,-16.9121275900877,34022,11524.0,14184
13796.0,0,12890.0,42484,15173,4.0,2024.0,0,0,-44.80984867431714,31878,15,13748,-16.89183459225553,35145,11961.0,14562
14925.0,0,13381.0,48685,16273,6.0,2024.0,0,0,-44.82423698550122,28942,21,14000,-16.74630819349037,36918,11904.0,15278
14095.0,0,12790.0,43013,15431,4.0,2024.0,0,0,-44.80495843017712,33707,15,14247,-16.890738894422178,34480,12468.0,14707
14742.0,0,13259.0,44598,16168,6.0,2024.0,0,0,-44.89922320819137,29320,21,14172,-16.665534024738797,33879,12091.0,15243
14229.0,0,12544.0,43771,15489,4.0,2024.0,0,0,-44.87878812300229,33006,15,14000,-16.679521247772936,36803,11892.0,14577
14203.0,0,12731.0,44133,15416,4.0,2024.0,0,0,-44.7715544089262,29514,15,13628,-16.96577883469573,31774,11831.0,14401
13447.0,0,12142.0,34737,15112,4.0,2024.0,0,0,-44.86216173089743,30393,15,13662,-16.9995845247876,30096,11707.0,14400
14424.0,0,12562.0,48562,15632,6.0,2024.0,0,0,-44.64937364421271,32511,21,13776,-16.693972609097248,33752,11761.0,14488
14193.0,0,12292.0,48172,15367,4.0,2024.0,0,0,-44.66194637132578,33179,15,13850,-16.791771816603774,34289,11931.0,14210
14906.0,0,13054.0,48613,16235,6.0,2024.0,0,0,-44.886771718187056,32012,21,14257,-16.649463722381956,35530,12137.0,15093
14784.0,0,13212.0,44989,16223,6.0,2024.0,0,0,-45.0699515781269,27143,21,13788,-16.786825138413665,33292,11960.0,15052
14891.0,0,13596.0,48997,16066,6.0,2024.0,0,0,-45.00478343966573,30645,21,14237,-16.93113991223978,37331,12248.0,15265
14795.0,0,13027.0,46982,16077,6.0,2024.0,0,0,-45.009126064096144,30604,21,13896,-16.867279726963588,35399,11862.0,15020
13643.0,0,12630.0,37434,15122,6.0,2024.0,0,0,-44.9609347333641,29037,21,13712,-16.662586105439974,31773,11854.0,14380
13102.0,0,12025.0,35179,14836,4.0,2024.0,0,0,-44.95582200796415,30770,15,13523,-16.916732886249008,30967,11555.0,14027
13412.0,0,11839.0,37082,14879,4.0,2024.0,0,0,-44.96089599088616,30998,15,13307,-16.91824465629763,31431,11505.0,13799
14408.0,0,12715.0,50487,15016,4.0,2024.0,0,0,-44.98440164418652,35646,15,13705,-16.658883380938413,39557,11716.0,14202
13024.0,0,12212.0,35217,14495,6.0,2024.0,0,0,-44.95463146472489,29561,21,13485,-16.65955752256183,31272,11638.0,13977
13624.0,0,12252.0,36834,15140,4.0,2024.0,0,0,-45.15644819817507,28887,15,13424,-16.647798360053212,30556,11522.0,14212
15093.0,0,13271.0,50144,16290,6.0,2024.0,0,0,-45.03807636565755,29624,21,13906,-16.791771811993133,35981,11819.0,15123
14105.0,0,12216.0,42886,15503,4.0,2024.0,0,0,-45.030993328280445,27687,15,13525,-16.77405662491904,30827,11502.0,14231
13826.0,0,12237.0,42423,14928,4.0,2024.0,0,0,-45.11881122222027,29430,15,13414,-16.985145032153582,31724,11555.0,14002
13029.0,0,12029.0,37095,14483,4.0,2024.0,0,0,-45.13955317815533,31565,15,13359,-16.695051069469667,33014,11509.0,13942
13026.0,0,12264.0,34346,14288,4.0,2024.0,0,0,-44.96596429073852,30136,15,13415,-16.989579095121442,31203,11605.0,13973
14237.0,0,12776.0,45056,15268,4.0,2024.0,0,0,-44.97391730841693,32121,15,13854,-16.72643302154443,37163,11864.0,14523
14332.0,0,12717.0,47330,15277,4.0,2024.0,0,0,-45.02726796005139,31816,15,13516,-16.713475817950616,36269,11730.0,14265
12909.0,0,12440.0,36950,14406,4.0,2024.0,0,0,-44.946185102277425,33792,15,13977,-16.66004130263052,34552,11909.0,14278
14101.0,0,12257.0,42190,15556,4.0,2024.0,0,0,-44.94238300695181,31565,15,13893,-16.768203817982695,31280,12014.0,14319
14398.0,0,12518.0,46445,15728,4.0,2024.0,0,0,-44.94208906550504,28119,15,13920,-16.763688819560137,29708,11924.0,14409
13206.0,0,12020.0,40118,14540,4.0,2024.0,0,0,-44.970287103896936,32042,15,13123,-16.960521141114054,32635,11286.0,13641
13977.0,0,12595.0,42798,15122,4.0,2024.0,0,0,-44.99409238585407,30801,15,13749,-16.756899375248334,33717,12021.0,14381
13417.0,0,11809.0,38790,14896,4.0,2024.0,0,0,-44.95674669447803,27108,15,13525,-16.719041348129046,28529,11541.0,13655
14574.0,0,12189.0,47322,15784,4.0,2024.0,0,0,-44.98065159627486,31751,15,13687,-16.82174701840165,35921,11738.0,14745
13868.0,0,11945.0,45504,15245,4.0,2024.0,0,0,-45.00293612238259,30294,15,13439,-16.833710124158685,31546,11489.0,13861
13139.0,0,11998.0,38369,14683,4.0,2024.0,0,0,-45.03988492857036,31448,15,13442,-16.637332444568052,31691,11568.0,14000
12608.0,0,12294.0,35104,14306,4.0,2024.0,0,0,-45.07413818650162,31944,15,13835,-16.948977779550358,33704,11932.0,14154
12972.0,0,12743.0,34018,14564,4.0,2024.0,0,0,-45.10081187081159,31450,15,13910,-16.971496496406225,32938,12272.0,14296
12575.0,0,12304.0,37277,14399,4.0,2024.0,0,0,-45.08070863645422,36275,15,14128,-16.86675397752283,36403,12018.0,14340
13496.0,0,12036.0,38330,14808,4.0,2024.0,0,0,-45.107879332376584,30971,15,13428,-16.63054906797438,31701,11575.0,13872
12890.0,0,12096.0,37241,14347,4.0,2024.0,0,0,-44.98964749822496,32942,15,13432,-16.914315662899295,33313,11686.0,13884
12907.0,0,12711.0,33849,14840,4.0,2024.0,0,0,-45.091503080370906,32339,15,14209,-16.99679064390145,32306,12471.0,14653
12592.0,0,12307.0,32902,14396,4.0,2024.0,0,0,-45.09833681369259,33297,15,14047,-16.88050257356882,32506,11958.0,14328
14435.0,0,12648.0,44397,15819,4.0,2024.0,0,0,-44.478112554662815,31721,15,13920,-15.928027599308269,35024,11821.0,14557
13828.0,0,12428.0,39002,15466,4.0,2024.0,0,0,-44.4041871821667,29983,15,13807,-15.901939431609252,32105,11767.0,14480
13829.0,0,12095.0,39774,15768,4.0,2024.0,0,0,-44.48603168006375,31082,15,14237,-16.25386258486161,31555,11715.0,14651
13841.0,0,12471.0,42558,15352,4.0,2024.0,0,0,-44.50971234240927,33736,15,13844,-16.026097452102462,36434,11804.0,14591
12990.0,0,11795.0,39399,14663,6.0,2024.0,0,0,-44.35561929768958,31745,21,13478,-15.88468330771679,33620,11315.0,13940
13822.0,0,11985.0,44189,15242,6.0,2024.0,0,0,-44.49119514647308,32417,21,13721,-16.029044381377375,31893,11516.0,13962
12914.0,0,11674.0,39833,14495,4.0,2024.0,0,0,-44.47204281265078,31032,15,13173,-16.037226863592487,33159,11251.0,13648
14101.0,0,12427.0,43511,15429,4.0,2024.0,0,0,-44.41945321797621,34560,15,14213,-16.184208931773153,35645,11809.0,14584
12857.0,0,11678.0,39990,14391,4.0,2024.0,0,0,-44.4481006248058,33904,15,13425,-16.000487830630764,34628,11314.0,13771
13321.0,0,12102.0,41525,14879,4.0,2024.0,0,0,-44.39492448137939,31919,15,13367,-15.972065908655049,34032,11307.0,13907
13880.0,0,11969.0,45133,15469,4.0,2024.0,0,0,-44.36016312283348,35041,15,13816,-16.04380722551727,36655,11499.0,14205
12892.0,0,11960.0,37805,14880,4.0,2024.0,0,0,-44.54768821564452,33921,15,13891,-16.070406553675795,33825,11550.0,14211
12555.0,0,11677.0,36505,14725,4.0,2024.0,0,0,-44.39663452734816,31933,15,13716,-16.166370552159524,32619,11349.0,14071
13499.0,0,11859.0,42005,14855,4.0,2024.0,0,0,-44.33034226241785,32077,15,13698,-15.959566018603418,33487,11543.0,14038
12614.0,0,11721.0,37757,14309,4.0,2024.0,0,0,-44.409427572717924,32043,15,13482,-16.05733433253188,33331,11488.0,13733
13697.0,0,11814.0,39569,15311,6.0,2024.0,0,0,-44.600577495568004,30392,21,13933,-17.03288201254877,30763,11679.0,14430
13121.0,0,11804.0,38583,14944,4.0,2024.0,0,0,-44.617878889270415,31256,15,13239,-17.03542585471403,32120,11316.0,13911
13359.0,0,12742.0,37920,15373,4.0,2024.0,0,0,-44.67135413731932,35374,15,14389,-17.0101585249899,36873,12052.0,14980
11916.0,0,11639.0,35453,13731,4.0,2024.0,0,0,-44.17155822743804,32812,15,13171,-16.44333792057387,33896,11325.0,13442
12815.0,0,11845.0,40103,14495,4.0,2024.0,0,0,-43.82099998398044,33891,15,13512,-16.51556959619703,35146,11491.0,13821
13717.0,0,12391.0,50420,14982,4.0,2024.0,0,0,-43.887770119588794,34627,15,13511,-16.53587218670078,38956,11433.0,14164
14533.0,0,13119.0,46758,16096,6.0,2024.0,0,0,-43.82888624778432,26806,21,13690,-16.36265282592122,33534,11878.0,14898
14772.0,0,12994.0,47630,16083,4.0,2024.0,0,0,-44.14790469736367,32895,15,14203,-16.268401135084215,35411,12192.0,14978
14658.0,0,13243.0,44899,16113,6.0,2024.0,0,0,-43.8971128335371,29264,21,14045,-16.32108828027922,34390,12033.0,15048
13611.0,0,11937.0,39696,15279,4.0,2024.0,0,0,-43.96939837081802,27693,15,13388,-16.46535004759585,29501,11534.0,13890
13889.0,0,12894.0,39185,15690,4.0,2024.0,0,0,-43.80977247233985,30221,15,13903,-16.513752834869663,33445,12034.0,14760
14604.0,0,13289.0,50607,15923,4.0,2024.0,0,0,-43.89602293460111,35449,15,14181,-16.559741398576705,40275,12241.0,15134
13863.0,0,12498.0,42449,15398,4.0,2024.0,0,0,-43.80526179777936,30902,15,13674,-16.446774985491654,34105,11722.0,14343
14904.0,0,12511.0,55461,16003,4.0,2024.0,0,0,-44.14926847330017,29853,15,13876,-16.26927026774443,34034,11775.0,14342
13490.0,0,12070.0,39786,14728,4.0,2024.0,0,0,-43.9404361325929,29611,15,13001,-16.57742235079096,31173,11329.0,13730
14691.0,0,13019.0,51456,16226,6.0,2024.0,0,0,-43.9026014425547,28138,21,13835,-16.401187692674757,35420,11885.0,15017
12859.0,0,11789.0,33041,14630,4.0,2024.0,0,0,-43.81954453328885,27957,15,13127,-16.318794209379774,29832,11290.0,13731
13376.0,0,12554.0,37465,15317,4.0,2024.0,0,0,-43.94574667022637,30766,15,13871,-16.576142347918168,33183,11880.0,14648
14129.0,0,13071.0,47695,15549,4.0,2024.0,0,0,-44.01404343429821,36066,15,14036,-16.34043676663656,40748,12221.0,14823
14593.0,0,13154.0,44634,16198,6.0,2024.0,0,0,-43.83434077199549,28695,21,14126,-16.304519005683407,34402,11926.0,15267
14369.0,0,12780.0,43451,16173,6.0,2024.0,0,0,-43.82743091392894,26140,21,13696,-16.543892342034265,30959,11623.0,14772
14190.0,0,12564.0,46341,15820,6.0,2024.0,0,0,-43.81399269585138,31025,21,14026,-16.395334828515544,34048,11730.0,14703
13529.0,0,11682.0,43373,15351,4.0,2024.0,0,0,-44.064759344685676,29620,15,13448,-16.49791177722735,28710,11345.0,13795
13311.0,0,12226.0,39287,14839,4.0,2024.0,0,0,-43.81779500337865,32661,15,13567,-16.28715138333366,34680,11845.0,14157
13072.0,0,11971.0,42313,14616,4.0,2024.0,0,0,-44.167835366176014,35361,15,13495,-16.612595952954102,35702,11367.0,13978
13096.0,0,12306.0,40660,14766,4.0,2024.0,0,0,-44.15269582766247,34626,15,13797,-16.36861173331766,37369,11929.0,14293
14225.0,0,12690.0,45592,15871,4.0,2024.0,0,0,-43.84189537120251,31636,15,13726,-16.587688838438414,36039,11797.0,14677
13389.0,0,11523.0,44725,15326,4.0,2024.0,0,0,-43.89887689725786,33972,15,13639,-16.340595226535342,33715,11290.0,14026
12490.0,0,11671.0,38351,14084,4.0,2024.0,0,0,-43.812190660142285,32709,15,13248,-16.624072004778725,33471,11380.0,13558
13576.0,0,12275.0,41087,15265,4.0,2024.0,0,0,-43.861255234665606,32454,15,13778,-16.54147419847249,34905,11622.0,14356
13177.0,0,12027.0,38343,15052,4.0,2024.0,0,0,-44.14864630498255,33629,15,13955,-16.533080445629803,33917,11628.0,14361
14230.0,0,12604.0,50631,15138,4.0,2024.0,0,0,-44.11506674504443,36072,15,13500,-16.401984571912905,39193,11862.0,14242
13695.0,0,11654.0,44844,15238,4.0,2024.0,0,0,-43.87454416362557,30473,15,13254,-16.460852959345104,32585,11214.0,13811
14024.0,0,12323.0,44995,15501,4.0,2024.0,0,0,-43.95421370208638,32020,15,13806,-16.332520359542297,35723,11481.0,14097
14587.0,0,12875.0,47373,16105,6.0,2024.0,0,0,-44.409430987797094,27181,21,13802,-16.430269749591577,32426,11739.0,14951
14213.0,0,13008.0,46868,15831,4.0,2024.0,0,0,-44.419454374290574,32632,15,14748,-16.557119845434862,35573,12585.0,15073
14202.0,0,12624.0,43790,15666,4.0,2024.0,0,0,-44.273242841970564,31883,15,14088,-16.321088305895415,34127,11967.0,14754
13819.0,0,12180.0,43082,15361,6.0,2024.0,0,0,-44.52309212836595,31791,21,13843,-16.292645099960772,33694,11654.0,14203
13976.0,0,12643.0,42927,15524,4.0,2024.0,0,0,-44.21802537670603,35871,15,13769,-16.587688847169797,39487,11753.0,14665
14365.0,0,12957.0,43610,15888,6.0,2024.0,0,0,-44.3785555885348,31583,21,14101,-16.383064929898183,34277,12147.0,14954
13535.0,0,12518.0,42254,15070,6.0,2024.0,0,0,-44.20501625260349,32257,21,14067,-16.362652863269115,33883,11941.0,14459
14840.0,0,13072.0,50560,15912,6.0,2024.0,0,0,-44.3165661433087,32421,21,13971,-16.577422340886557,38068,11994.0,14870
13886.0,0,12448.0,40468,15673,4.0,2024.0,0,0,-44.44088936194679,31468,15,14149,-16.497911748339742,30577,11997.0,14591
14066.0,0,13249.0,41638,15794,6.0,2024.0,0,0,-44.47204488811676,34368,21,14574,-16.41016566931134,36496,12605.0,15292
13927.0,0,12108.0,43170,15379,4.0,2024.0,0,0,-44.54396538885018,27842,15,13491,-16.612595895986576,30318,11422.0,14038
13592.0,0,13048.0,38406,15257,6.0,2024.0,0,0,-44.26809447940678,33846,21,14261,-16.597621275859886,35992,12417.0,14754
13575.0,0,12941.0,35504,15519,6.0,2024.0,0,0,-44.3218766812237,32404,21,14289,-16.5761423370583,33332,12084.0,14961
14468.0,0,12014.0,48829,15874,4.0,2024.0,0,0,-44.44810379799595,30998,15,13838,-16.373433946935506,32697,11685.0,14444
13937.0,0,11673.0,45114,15377,4.0,2024.0,0,0,-44.502656275603584,29136,15,13574,-16.30663472270662,30810,11464.0,14067
13670.0,0,12634.0,40209,15404,4.0,2024.0,0,0,-44.428826768510085,34397,15,14310,-16.517892347332992,34680,12124.0,14706
13605.0,0,12748.0,37709,15463,4.0,2024.0,0,0,-44.21101998819255,32797,15,14282,-16.62778509121088,33640,12119.0,14918
14284.0,0,12883.0,47283,15569,4.0,2024.0,0,0,-44.32844494517042,32122,15,13909,-16.493902655728537,36179,11906.0,14634
13151.0,0,12214.0,39002,14930,4.0,2024.0,0,0,-44.27500690578386,33840,15,13836,-16.34059524951015,34108,11692.0,14173
13163.0,0,12274.0,40219,15035,4.0,2024.0,0,0,-44.24183130244774,33935,15,13864,-16.38402751323175,35294,11830.0,14491
13152.0,0,11817.0,39580,15055,4.0,2024.0,0,0,-44.20448633471514,33711,15,13803,-16.34616268764504,33718,11609.0,14151
13698.0,0,11656.0,43419,15326,4.0,2024.0,0,0,-44.51064090269891,29835,15,13512,-16.27657151481172,31274,11249.0,13932
13410.0,0,12551.0,39322,15258,4.0,2024.0,0,0,-44.18139180134454,33386,15,13911,-16.446775018972044,32373,11969.0,14493
12440.0,0,11737.0,38139,14224,4.0,2024.0,0,0,-44.278731451273465,34287,15,13371,-16.40118770786231,34402,11359.0,13783
13753.0,0,11935.0,40773,15402,4.0,2024.0,0,0,-44.330343713534404,31006,15,13671,-16.332520370071254,33209,11448.0,14303
13639.0,0,12567.0,45564,15326,6.0,2024.0,0,0,-44.348551098667336,34087,21,13935,-16.59866532564195,39517,11710.0,14695
12588.0,0,11728.0,41838,14622,4.0,2024.0,0,0,-44.36099858381691,35817,15,13763,-16.31919132382259,36180,11597.0,13912
13088.0,0,11685.0,41960,14686,4.0,2024.0,0,0,-44.34552838305571,31850,15,13308,-16.465350039662,33109,11295.0,13717
13556.0,0,11803.0,46275,15094,4.0,2024.0,0,0,-44.48271190930743,34146,15,13608,-16.40747706706757,35908,11373.0,14001
12779.0,0,11922.0,39567,14667,4.0,2024.0,0,0,-44.39542370362326,35127,15,13900,-16.592946591870625,35323,11493.0,14105
14441.0,0,13048.0,47078,15412,6.0,2024.0,0,0,-44.82706317712208,31489,21,13740,-16.28785932465265,36315,11981.0,14500
14986.0,0,13305.0,48706,16172,6.0,2024.0,0,0,-44.91955778597616,28484,21,13706,-16.590737312255875,35502,11795.0,15021
14799.0,0,12833.0,48703,16142,6.0,2024.0,0,0,-44.70485894804684,26457,21,13697,-16.576815381671953,31993,11728.0,14843
13852.0,0,12282.0,40793,15548,6.0,2024.0,0,0,-44.875698318473496,29844,21,13977,-16.54541400549935,30924,11682.0,14248
14816.0,0,13243.0,45263,16356,6.0,2024.0,0,0,-44.90046157856786,28700,21,13839,-16.541447445298886,34226,11928.0,14999
13941.0,0,12109.0,44142,15198,4.0,2024.0,0,0,-44.732505480772105,31879,15,13882,-16.257652146851104,33303,11739.0,14269
14484.0,0,12295.0,49216,15907,4.0,2024.0,0,0,-44.60209610760543,33597,15,14072,-16.60112788392886,35625,11850.0,14571
14727.0,0,13032.0,47794,16069,6.0,2024.0,0,0,-44.9213063247675,31801,21,14205,-16.535814439638262,35379,12068.0,15086
13934.0,0,12637.0,44410,15453,4.0,2024.0,0,0,-44.69322343217778,33665,15,14103,-16.598661031468403,35615,11863.0,14613
14335.0,0,12514.0,45934,15617,4.0,2024.0,0,0,-44.73478009655945,30728,15,13975,-16.623630415963447,34364,11797.0,14625
14807.0,0,12812.0,50519,15842,4.0,2024.0,0,0,-44.70094108840929,30915,15,13919,-16.3908849328088,34049,12015.0,14593
15054.0,0,13072.0,54471,16086,6.0,2024.0,0,0,-44.64380037631018,29863,21,13919,-16.576125094338224,35830,11798.0,15074
14022.0,0,11636.0,39586,15654,6.0,2024.0,0,0,-44.79985832478613,31843,21,13677,-16.319182137299844,32885,11303.0,14153
14224.0,0,12356.0,46252,15029,4.0,2024.0,0,0,-44.67056074143002,31446,15,13130,-16.531272983410716,34701,11405.0,13884
13911.0,0,11756.0,45535,15186,4.0,2024.0,0,0,-44.734321099658615,30273,15,13263,-16.59294935524574,30022,11275.0,14030
13125.0,0,11992.0,39501,14667,4.0,2024.0,0,0,-44.79986978878752,32054,15,13698,-16.606509522729613,34085,11462.0,14016
13891.0,0,11961.0,39773,15749,4.0,2024.0,0,0,-44.68133854128247,27086,15,13514,-16.53928049023334,26602,11588.0,13932
13978.0,0,12357.0,42767,15538,6.0,2024.0,0,0,-44.89734991422854,30719,21,13715,-16.41668493159015,33116,11610.0,14438
14093.0,0,12489.0,44144,15314,4.0,2024.0,0,0,-44.75786073984053,31546,15,13555,-16.26825085207543,33995,11658.0,14165
13190.0,0,11696.0,38282,14474,6.0,2024.0,0,0,-44.7980328758653,30127,21,13152,-16.44892067196781,32014,11275.0,13510
13830.0,0,12938.0,41434,15428,4.0,2024.0,0,0,-44.61173256829782,35184,15,14473,-16.597604249404434,36693,12257.0,14938
14101.0,0,13001.0,47127,15621,4.0,2024.0,0,0,-44.881782226604884,34965,15,14215,-16.383016457310084,39195,12201.0,14696
13651.0,0,12262.0,44721,15350,4.0,2024.0,0,0,-44.69194001151676,32523,15,14012,-16.51789831741954,33107,11830.0,14527
13260.0,0,12320.0,36636,15011,4.0,2024.0,0,0,-44.66689923514627,28311,15,13688,-16.54543012468243,29435,11562.0,14201
13064.0,0,11796.0,37404,14608,4.0,2024.0,0,0,-44.70947857280439,30797,15,13446,-16.62396364179525,31515,11573.0,13862
13729.0,0,11816.0,42052,15218,4.0,2024.0,0,0,-44.63419916474306,32054,15,13609,-16.318833583543245,34636,11219.0,14050
13587.0,0,12104.0,43711,15091,4.0,2024.0,0,0,-44.82102939096897,34616,15,13983,-16.513808759543224,35381,11786.0,14260
14371.0,0,12757.0,44814,15762,4.0,2024.0,0,0,-44.88435543966452,32936,15,14147,-16.378884353272895,36061,12054.0,14824
13316.0,0,12238.0,41355,14880,4.0,2024.0,0,0,-44.598841862790536,32410,15,13419,-16.507608679568797,34453,11711.0,14008
13209.0,0,12620.0,38527,14735,4.0,2024.0,0,0,-44.557117116228106,32533,15,13952,-16.345468338650843,34572,12129.0,14429
13299.0,0,12397.0,37865,15093,4.0,2024.0,0,0,-44.782634041916175,33559,15,14133,-16.332517781596938,33839,11932.0,14522
12636.0,0,11791.0,36102,14536,4.0,2024.0,0,0,-44.90662857145951,31239,15,13798,-16.276556649916177,31942,11582.0,13924
12448.0,0,11657.0,36892,14247,4.0,2024.0,0,0,-44.556782823462896,34577,15,13683,-16.42246090226015,35404,11354.0,13982
12555.0,0,11936.0,37687,14192,4.0,2024.0,0,0,-44.873278852086386,32209,15,13200,-16.590411444475812,33175,11634.0,13455
14082.0,0,12847.0,46912,14940,4.0,2024.0,0,0,-45.05763043793666,31651,15,13503,-16.475986738162508,37097,11766.0,14234
14618.0,0,13009.0,46710,15768,4.0,2024.0,0,0,-45.010734856093855,31046,15,14012,-16.30454759085636,34727,12135.0,14880
14336.0,0,12926.0,46393,15650,4.0,2024.0,0,0,-45.002622857711096,32944,15,14166,-16.410165703366886,34843,12222.0,14728
13607.0,0,12779.0,38488,15293,4.0,2024.0,0,0,-44.98786256378155,32331,15,14177,-16.597604269762012,32543,12193.0,14490
14014.0,0,12931.0,41153,15459,4.0,2024.0,0,0,-44.974971858566136,36367,15,14071,-16.507608698304406,36474,12285.0,14705
14596.0,0,13215.0,47286,15734,4.0,2024.0,0,0,-45.06807000518839,36682,15,14206,-16.517898338148612,40481,12257.0,15077
14091.0,0,12753.0,38426,15700,4.0,2024.0,0,0,-44.96025857920391,30254,15,13681,-16.43021948969219,33105,11792.0,14517
13731.0,0,13126.0,36814,15600,4.0,2024.0,0,0,-44.93173697085168,31158,15,14291,-16.46527215361932,32913,12419.0,14842
13841.0,0,12548.0,39393,15320,4.0,2024.0,0,0,-45.01058487910222,31034,15,13398,-16.40748705056045,33639,11494.0,14327
14325.0,0,12424.0,45391,15770,4.0,2024.0,0,0,-44.99989233306215,34105,15,13990,-16.413172748297196,34145,11961.0,14582
13734.0,0,12502.0,40733,15267,4.0,2024.0,0,0,-44.976709907825466,36829,15,14048,-16.28717318752113,36482,11905.0,14485
13775.0,0,12318.0,38848,15253,4.0,2024.0,0,0,-45.16016167931074,27170,15,13628,-16.597553249569014,29370,11716.0,14221
13432.0,0,12218.0,37164,14925,4.0,2024.0,0,0,-44.95283307649049,29213,15,13560,-16.616742762070743,30623,11552.0,14191
13822.0,0,12503.0,41367,15372,4.0,2024.0,0,0,-45.01373268927693,31490,15,13686,-16.286008463125448,33928,11688.0,14466
14000.0,0,12168.0,43857,15510,4.0,2024.0,0,0,-44.92891508208146,30560,15,13641,-16.306601490970504,32021,11667.0,14167
13906.0,0,12377.0,42093,15071,4.0,2024.0,0,0,-45.05746853519217,31177,15,13889,-16.539280511079298,32206,11898.0,14259
13883.0,0,13234.0,38490,15287,4.0,2024.0,0,0,-45.09016190552101,32120,15,14329,-16.321105191521948,33987,12658.0,14781
14195.0,0,12719.0,41584,15738,4.0,2024.0,0,0,-45.04302922938226,32721,15,13799,-16.545430145335768,35260,11850.0,14467
14268.0,0,12480.0,43717,15743,4.0,2024.0,0,0,-45.01591378457207,29830,15,13726,-16.577404349712882,32588,11725.0,14445
13712.0,0,12525.0,39163,15167,4.0,2024.0,0,0,-44.93291282019184,29187,15,13324,-16.422460918872623,34017,11449.0,14251
13737.0,0,12115.0,42320,14956,4.0,2024.0,0,0,-45.07406828113365,31753,15,13465,-16.518997130969552,33889,11539.0,14068
12500.0,0,11933.0,32587,14013,4.0,2024.0,0,0,-44.97822610330868,31893,15,13447,-16.601127904148353,30861,11560.0,13754
12568.0,0,11775.0,38194,14368,4.0,2024.0,0,0,-45.0781170139781,33813,15,13555,-16.34051965657128,33957,11554.0,13745
14862.0,0,13182.0,48866,16209,6.0,2024.0,0,0,-44.93324711295045,34270,21,14116,-16.345468354101868,38048,12134.0,14895
14771.0,0,13131.0,47081,16026,6.0,2024.0,0,0,-45.07131655436985,29806,21,14034,-16.353597119563407,34174,12207.0,15114
11650.0,0,11458.0,22332,13271,9.0,2024.0,0,0,-43.51164323697714,22191,29,12961,-16.9087150335426,21671,11409.0,13042
12100.0,0,11712.0,26532,14000,9.0,2024.0,0,0,-43.45442655831656,24890,29,13297,-16.963591085271855,25850,11657.0,13561
9270.0,65535,9055.0,16489,7839,8.0,2024.0,65535,65535,-45.02550363884022,13216,33,5052,-16.693972620196917,13590,8898.0,5486
10763.0,65535,8870.0,24509,11398,8.0,2024.0,0,65535,-45.06385590042356,14958,33,6192,-16.36270440749606,19743,8622.0,9298
12332.0,0,12041.0,30263,14084,1.0,2025.0,0,0,-43.45011145773664,28990,4,13653,-16.659557538769615,28837,11777.0,13903
12988.0,0,12193.0,36153,14710,1.0,2025.0,0,0,-43.71557813975033,30394,4,13654,-16.7183978402154,31391,11688.0,14073
13807.0,0,12141.0,40695,15486,1.0,2025.0,0,0,-43.637631965077134,24614,4,13291,-16.79540148237469,27636,11381.0,13966
12548.0,0,11972.0,31276,14271,1.0,2025.0,0,0,-43.43606092630396,28733,4,13333,-16.996896872306507,28347,11604.0,13888
12764.0,0,12424.0,32698,14317,1.0,2025.0,0,0,-43.4587600784185,30449,4,13820,-17.000609583331375,30249,11992.0,14064
14030.0,0,12425.0,42299,15477,1.0,2025.0,0,0,-43.714022954010865,26695,4,13457,-16.786043571351087,29643,11626.0,14209
14019.0,0,12351.0,40378,15863,0.0,2025.0,0,0,-43.68145865540325,24797,3,13397,-16.89183460238541,27832,11580.0,14300
13159.0,0,12345.0,34872,14948,1.0,2025.0,0,0,-43.441665095392416,26499,4,13726,-16.660041319295544,28857,11712.0,14191
13651.0,0,12308.0,36246,15387,0.0,2025.0,0,0,-43.47988163682476,26465,3,13257,-16.65888339564138,27314,11503.0,14139
12631.0,0,12464.0,30773,14422,1.0,2025.0,0,0,-43.79170537454696,30640,4,14178,-16.985422833475862,29734,12313.0,14265
13754.0,0,12689.0,39607,15535,1.0,2025.0,0,0,-43.66719552192755,30723,4,14222,-16.92995889627611,32415,11989.0,14731
13448.0,0,12834.0,37430,14986,1.0,2025.0,0,0,-43.730453706624495,31304,4,14076,-16.78034442476028,32993,12151.0,14492
13055.0,0,12486.0,32413,15096,1.0,2025.0,0,0,-43.46939730118609,28336,4,13730,-16.726433039425796,30181,12155.0,14596
12813.0,0,12551.0,31472,14538,1.0,2025.0,0,0,-43.50263308961414,28567,4,13953,-16.973974797318863,30454,12094.0,14294
13862.0,0,12663.0,40830,15411,1.0,2025.0,0,0,-43.72585582866657,28746,4,13753,-16.673875324091078,31785,12036.0,14313
13113.0,0,12645.0,33326,14883,1.0,2025.0,0,0,-43.77251659401104,29836,4,14186,-16.905922976705845,30172,12203.0,14436
12919.0,0,12579.0,31495,14876,1.0,2025.0,0,0,-43.51989532995726,28195,4,14057,-16.93257971330773,28930,12313.0,14563
13096.0,0,12419.0,32040,15040,1.0,2025.0,0,0,-43.7795921851936,28239,4,13959,-16.925116400498226,27501,12020.0,14432
14094.0,0,13097.0,41609,15814,1.0,2025.0,0,0,-43.52274795215191,28203,4,14126,-16.713475832684534,33435,12039.0,14977
13760.0,0,13063.0,38353,15599,1.0,2025.0,0,0,-43.782707272396195,28305,4,14082,-16.633286397763133,31700,12165.0,14775
13339.0,0,13001.0,34563,15287,1.0,2025.0,0,0,-43.52647332033536,28683,4,14259,-16.77405664186229,31254,12361.0,14887
13757.0,0,13071.0,39216,15409,1.0,2025.0,0,0,-43.489376895307984,31592,4,14006,-16.71336928166784,33743,12350.0,14742
13697.0,0,13333.0,36859,15616,1.0,2025.0,0,0,-43.45821100371299,35090,4,14778,-16.677405843075746,34544,12895.0,15223
13331.0,0,11843.0,36883,15149,1.0,2025.0,0,0,-43.71978695240031,27345,4,13437,-16.78303262636979,28450,11417.0,13994
12933.0,0,12398.0,38633,15030,1.0,2025.0,0,0,-43.83055654370275,32708,4,14174,-16.963591071924924,33291,12174.0,14478
13619.0,0,13377.0,36121,15514,0.0,2025.0,0,0,-44.152696481638614,33804,3,14463,-16.74148591937987,34654,12605.0,15158
13219.0,0,12537.0,35705,14818,1.0,2025.0,0,0,-43.954215157904265,28999,4,13685,-16.705402832743324,30304,12033.0,14214
13388.0,0,12865.0,35110,15446,1.0,2025.0,0,0,-44.01781167543094,29442,4,14604,-16.90412523445105,30469,12588.0,14935
13885.0,0,12495.0,40285,15648,0.0,2025.0,0,0,-43.91149491008823,23372,3,13320,-16.637332465470973,28606,11440.0,14476
14057.0,0,13031.0,40347,15838,1.0,2025.0,0,0,-44.01376195993732,29826,4,14098,-16.79540148344117,32959,12023.0,14857
13489.0,0,12831.0,37344,15315,1.0,2025.0,0,0,-43.84189708268637,32067,4,14306,-16.96052115549611,32830,12426.0,14833
13850.0,0,13065.0,36379,15945,1.0,2025.0,0,0,-44.009165424386254,28508,4,14307,-16.751807470452192,30630,12317.0,15030
13240.0,0,12784.0,37710,14891,1.0,2025.0,0,0,-43.82100074637654,36369,4,13578,-16.88841552206357,35123,11957.0,14421
13451.0,0,13134.0,35932,15410,1.0,2025.0,0,0,-43.95231861956828,30899,4,14688,-16.86675399078788,32583,12922.0,15012
13129.0,0,12697.0,33688,14969,1.0,2025.0,0,0,-44.02050790282894,31066,4,14086,-16.912127592429275,31806,12354.0,14605
12559.0,0,12153.0,29421,14545,1.0,2025.0,0,0,-43.88777322531876,26607,4,13931,-16.90871502481779,25664,12029.0,14052
13977.0,0,13004.0,38636,15832,0.0,2025.0,0,0,-44.011163163576235,25680,3,13667,-16.695051085533446,30896,11895.0,14893
13362.0,0,13016.0,36683,14998,1.0,2025.0,0,0,-43.98487000396049,31143,4,14135,-16.69207640610164,32694,12554.0,14560
13521.0,0,13093.0,38152,15166,1.0,2025.0,0,0,-44.13358455753746,32092,4,14374,-16.77190657194428,33243,12709.0,14802
12655.0,0,12491.0,30742,14345,1.0,2025.0,0,0,-43.89196558186315,30661,4,13883,-16.970452240320068,30799,12268.0,14039
13123.0,0,12748.0,33283,14981,1.0,2025.0,0,0,-43.96994679749775,29293,4,14365,-16.88050258578178,30091,12442.0,14607
13838.0,0,13143.0,38044,15814,1.0,2025.0,0,0,-44.1065837062981,28751,4,14376,-16.78034442950773,31210,12440.0,15127
13907.0,0,13373.0,40597,15517,1.0,2025.0,0,0,-43.813992984645154,33743,4,14508,-16.768203838522208,35288,12847.0,14989
13193.0,0,12776.0,34559,14943,1.0,2025.0,0,0,-44.15883727477673,29651,4,13924,-16.633286411961087,31082,12373.0,14536
13121.0,0,12854.0,33122,14918,1.0,2025.0,0,0,-44.00242875076021,29738,4,14323,-16.755937682156077,30483,12553.0,14622
13449.0,0,12570.0,33986,15300,1.0,2025.0,0,0,-43.83489006403743,28907,4,14043,-17.000609568106402,28797,11896.0,14569
14047.0,0,13530.0,42627,15468,1.0,2025.0,0,0,-43.81369904318968,33074,4,14298,-16.763688840230394,35615,12756.0,14859
13690.0,0,13262.0,38587,15554,1.0,2025.0,0,0,-44.01404565586259,33777,4,14765,-16.713317709928237,33585,12943.0,15067
13528.0,0,13039.0,38134,15178,1.0,2025.0,0,0,-44.052698408315315,32605,4,14409,-16.890738901575507,33161,12779.0,14735
13187.0,0,12828.0,32773,15082,1.0,2025.0,0,0,-43.94156156082064,26327,4,14137,-16.786825154266882,29462,12462.0,14700
13676.0,0,12758.0,37290,15447,0.0,2025.0,0,0,-43.94043763004719,28019,3,13932,-16.95025752557399,30820,12299.0,14569
13096.0,0,12877.0,32991,14749,1.0,2025.0,0,0,-43.87639341980413,31575,4,14030,-16.93113992627876,31994,12300.0,14581
14055.0,0,13112.0,39103,15983,0.0,2025.0,0,0,-43.979489316559636,26484,3,14225,-16.630549086724344,30010,12221.0,15035
13671.0,0,13221.0,35250,15657,1.0,2025.0,0,0,-44.04361344131785,29465,4,14667,-16.660761146654803,30931,12778.0,15183
13743.0,0,13281.0,38368,15621,1.0,2025.0,0,0,-44.07197696395579,31394,4,14830,-16.746308213972394,33016,12908.0,15224
14028.0,0,13188.0,39862,15980,0.0,2025.0,0,0,-44.24175011281261,27620,3,14272,-16.66260767346758,31469,12353.0,15099
13642.0,0,13069.0,37029,15383,1.0,2025.0,0,0,-44.261471650211675,28948,4,14281,-16.65889947081186,31570,12626.0,14846
13171.0,0,12632.0,33527,14837,1.0,2025.0,0,0,-44.29444566216964,28597,4,13838,-16.719089576965203,29963,12222.0,14364
13354.0,0,13164.0,33991,15326,1.0,2025.0,0,0,-44.32965370015719,31648,4,14855,-16.76827170749629,31449,12969.0,15088
13880.0,0,13302.0,39616,15569,1.0,2025.0,0,0,-44.180986817472856,32275,4,14614,-16.718346819322,35229,12816.0,15167
14202.0,0,13515.0,42931,15868,1.0,2025.0,0,0,-44.189379281984564,32333,4,14453,-16.746255050826093,36447,12784.0,15176
13151.0,0,12931.0,32153,15160,1.0,2025.0,0,0,-44.32480739262089,30379,4,14692,-16.76375615352318,30645,12716.0,14893
12944.0,0,12476.0,32549,14856,1.0,2025.0,0,0,-44.18065260789941,27801,4,14019,-16.79532453368024,29173,12125.0,14404
13992.0,0,13388.0,39771,15716,1.0,2025.0,0,0,-44.54342755223646,29070,4,14108,-16.963568474335723,33393,12112.0,15173
13677.0,0,12975.0,35797,15609,1.0,2025.0,0,0,-44.42372736310537,28623,4,14325,-16.692067023820883,30928,12181.0,15065
13436.0,0,12947.0,36696,15166,1.0,2025.0,0,0,-44.40790075097967,30857,4,14306,-16.97038455989075,32100,12460.0,14662
12949.0,0,12771.0,31330,14911,1.0,2025.0,0,0,-44.258322538367615,28876,4,14239,-16.780354607227988,29444,12476.0,14684
13139.0,0,12872.0,32368,15050,1.0,2025.0,0,0,-44.311592813554235,28380,4,14286,-16.7355809888393,29945,12429.0,14763
13298.0,0,12944.0,34418,15296,1.0,2025.0,0,0,-44.22271109705153,31812,4,14371,-16.880456538406882,32386,12193.0,14939
13292.0,0,12510.0,34081,15020,1.0,2025.0,0,0,-44.42411149059044,27662,4,13926,-16.77406348089325,28610,11996.0,14406
14024.0,0,13442.0,40392,15736,1.0,2025.0,0,0,-44.23240113931548,31568,4,14669,-16.659578232498287,34235,12944.0,15115
13810.0,0,13424.0,39662,15691,1.0,2025.0,0,0,-44.369928512260486,33554,4,14396,-16.756933422579344,34627,12315.0,15219
14109.0,0,13109.0,41901,15795,1.0,2025.0,0,0,-44.33790023928445,32113,4,14465,-16.69398987988142,34740,12275.0,15082
13445.0,0,12828.0,36031,15259,1.0,2025.0,0,0,-44.49956656288993,29295,4,14251,-16.918254578426822,30569,12243.0,14796
13888.0,0,12696.0,38450,15532,0.0,2025.0,0,0,-44.42231839625778,26950,3,13589,-16.64779382696773,30455,11787.0,14431
13291.0,0,12700.0,35183,15026,1.0,2025.0,0,0,-44.500375564740544,29688,4,14157,-16.9119657856251,31595,12205.0,14564
13649.0,0,13264.0,37593,15487,1.0,2025.0,0,0,-44.381730498384954,31319,4,14466,-16.641145723810737,34364,12385.0,15138
12830.0,0,12344.0,32302,14544,1.0,2025.0,0,0,-44.49296959729132,28997,4,13896,-16.91675089686395,28529,11974.0,14148
14042.0,0,13019.0,40003,15772,1.0,2025.0,0,0,-44.53049852867263,31096,4,14422,-16.64944853288828,32959,12200.0,15025
13521.0,0,12936.0,37108,15203,1.0,2025.0,0,0,-44.45301933623636,28264,4,13911,-16.69503248768335,31982,12002.0,14632
12437.0,0,12032.0,27680,14391,1.0,2025.0,0,0,-44.47430899177221,26182,4,13576,-16.713289008917364,25990,11645.0,14085
13448.0,0,12921.0,35879,15244,1.0,2025.0,0,0,-44.30770746539205,31426,4,14205,-16.870770555470358,32460,12389.0,14839
13199.0,0,12390.0,34402,15030,1.0,2025.0,0,0,-44.5056515546199,27350,4,13870,-16.75588821911592,28790,11797.0,14312
13257.0,0,12463.0,35488,14845,1.0,2025.0,0,0,-44.319053821851504,29336,4,13883,-16.726475488348463,31655,11814.0,14521
13606.0,0,12436.0,37794,15491,1.0,2025.0,0,0,-44.47593469705725,29152,4,14109,-16.786798052772326,30353,11908.0,14510
13310.0,0,12758.0,36991,15076,1.0,2025.0,0,0,-44.25847314614561,31305,4,14155,-16.677434996516055,32150,12218.0,14615
13048.0,0,12874.0,33037,14977,1.0,2025.0,0,0,-44.45360795953583,34447,4,14634,-16.925166577092558,32935,12533.0,14780
12313.0,0,11960.0,29590,13998,1.0,2025.0,0,0,-44.44905775868745,27766,4,13603,-16.791766939184267,27444,11686.0,13758
13276.0,0,12612.0,37245,15213,1.0,2025.0,0,0,-44.40650271445937,31790,4,14301,-16.70540019258223,32499,12105.0,14662
13449.0,0,12023.0,37814,15016,1.0,2025.0,0,0,-44.50740857873697,30165,4,13552,-16.78254505865278,30423,11574.0,13937
13821.0,0,12720.0,41655,15335,1.0,2025.0,0,0,-44.53855236528367,30630,4,14115,-16.63328334137136,31546,12279.0,14456
12829.0,0,12165.0,36606,14896,1.0,2025.0,0,0,-44.580616698291685,29752,4,13789,-16.719041342472806,32111,11570.0,14362
13260.0,0,12092.0,35137,14868,1.0,2025.0,0,0,-44.608271648626115,25801,4,13504,-16.658883364929462,28147,11606.0,13959
13383.0,0,12126.0,35147,15184,1.0,2025.0,0,0,-44.56625301043723,26650,4,13729,-16.768203820637183,27979,11579.0,14242
12983.0,0,12095.0,34708,14842,1.0,2025.0,0,0,-44.57180472979824,29984,4,13759,-16.691678042779596,30016,11766.0,14239
13799.0,0,12931.0,38482,15385,1.0,2025.0,0,0,-44.85314289712875,29064,4,13991,-16.739029714610233,31538,12027.0,14556
12832.0,0,12147.0,31108,14715,1.0,2025.0,0,0,-44.57850146848755,26834,4,13495,-16.659557507237157,26780,11547.0,13859
13217.0,0,12705.0,34557,15037,1.0,2025.0,0,0,-44.65486333378426,30858,4,14281,-16.774056626771543,32015,12208.0,14652
13422.0,0,12422.0,34145,15244,1.0,2025.0,0,0,-44.617766907446175,25842,4,13651,-16.71336925797807,27742,11673.0,14332
13735.0,0,12398.0,37195,15374,1.0,2025.0,0,0,-44.86732838967132,26704,4,13609,-16.77485283764073,29313,11641.0,14381
13190.0,0,12253.0,35190,14848,1.0,2025.0,0,0,-44.56203290187385,29796,4,13897,-16.88659893425401,31651,11723.0,14428
13557.0,0,12597.0,35938,15220,1.0,2025.0,0,0,-44.92009539733449,28539,4,13966,-16.985422818648043,29431,11878.0,14426
13143.0,0,12494.0,33013,14928,1.0,2025.0,0,0,-44.617962390517874,28374,4,14069,-16.756899375032123,28873,11984.0,14439
13453.0,0,12593.0,35706,15152,1.0,2025.0,0,0,-44.70647518138376,28035,4,13874,-16.705402804722315,30138,11970.0,14385
13971.0,0,13213.0,39762,15798,1.0,2025.0,0,0,-44.64422560637797,34309,4,14754,-16.97045225507996,35664,12516.0,15234
13447.0,0,12412.0,34779,15193,1.0,2025.0,0,0,-44.59778731262058,27482,4,14025,-16.72643301675921,28162,11876.0,14309
13797.0,0,12925.0,40486,15241,1.0,2025.0,0,0,-44.91109729487247,32332,4,14356,-16.633286372904692,35092,12087.0,14765
13551.0,0,12496.0,36794,15043,1.0,2025.0,0,0,-44.84396815986741,28965,4,13821,-16.718397823116995,31111,11784.0,14285
13787.0,0,13230.0,37768,15471,1.0,2025.0,0,0,-44.58281656922925,29293,4,14210,-16.963591091468928,32764,12115.0,14902
13729.0,0,13147.0,39284,15451,1.0,2025.0,0,0,-44.594157108029016,30469,4,14371,-16.96052117432806,33227,12253.0,15037
13512.0,0,12842.0,35986,15314,1.0,2025.0,0,0,-44.63102310222564,29309,4,14091,-16.973974801179043,30537,12066.0,14712
13776.0,0,12547.0,35410,15765,0.0,2025.0,0,0,-44.58715008948076,27365,3,13786,-17.000609590796657,27850,11688.0,14566
13392.0,0,12175.0,38911,14718,1.0,2025.0,0,0,-44.75838769769679,27540,4,13286,-16.949652251991843,30574,11411.0,13873
13600.0,0,13011.0,37459,15474,1.0,2025.0,0,0,-44.604521600637476,32539,4,14609,-16.8217470290369,31984,12644.0,15032
13927.0,0,12932.0,40203,15594,1.0,2025.0,0,0,-44.58114668649644,29710,4,14242,-16.735528349761996,32263,12369.0,14889
13439.0,0,13032.0,34146,15186,1.0,2025.0,0,0,-44.72956474061059,30386,4,14415,-16.782596347118826,31015,12512.0,14777
14361.0,0,13428.0,44154,15964,1.0,2025.0,0,0,-44.56595906898558,33277,4,14696,-16.763688821486994,35184,12734.0,15275
12468.0,0,12087.0,34394,14120,1.0,2025.0,0,0,-44.818694737660074,31735,4,13682,-16.92966500884081,31647,11775.0,13885
13764.0,0,13258.0,35944,15502,1.0,2025.0,0,0,-45.113260019571086,30209,4,14531,-16.692076389093724,31199,12836.0,15023
14699.0,0,13149.0,44282,16086,0.0,2025.0,0,0,-44.957276682671335,31470,3,14376,-16.73552835272843,33211,12607.0,15006
12919.0,0,12841.0,31363,14481,1.0,2025.0,0,0,-45.097792501758,30449,4,14121,-16.838206908346482,30285,12562.0,14337
13031.0,0,12650.0,32776,14765,1.0,2025.0,0,0,-45.02035560111131,29972,4,14147,-16.970452228040337,30048,12262.0,14315
12769.0,0,12389.0,30775,14407,1.0,2025.0,0,0,-45.10569473340603,27550,4,13790,-16.78259634534462,27921,11925.0,14039
12598.0,0,12318.0,29591,14166,1.0,2025.0,0,0,-45.112430442199866,27319,4,13581,-16.789611627332935,28061,11888.0,13946
12785.0,0,12269.0,31663,14444,1.0,2025.0,0,0,-45.06882764739822,28102,4,13703,-16.95025751441999,28425,11823.0,13977
12512.0,0,12303.0,28832,14006,3.0,2025.0,0,0,-45.135513054407056,28056,12,13563,-16.896263031524274,28506,11843.0,13822
14301.0,0,13595.0,41233,15801,1.0,2025.0,0,0,-45.137555439045876,31326,4,14510,-16.751807455869923,34256,12686.0,15109
14153.0,0,13159.0,40293,15608,1.0,2025.0,0,0,-44.93816289848052,31135,4,14307,-16.886598912186887,33760,12392.0,14956
14426.0,0,12902.0,40515,16015,0.0,2025.0,0,0,-44.96273101080338,25225,3,13584,-16.67740582659099,29912,11783.0,14742
13446.0,0,13085.0,35039,15028,1.0,2025.0,0,0,-44.949390768405436,31432,4,14136,-16.888415505023662,33016,12319.0,14755
13015.0,0,12401.0,32859,14651,1.0,2025.0,0,0,-45.02441533781569,27853,4,13759,-16.93257969025818,28311,11944.0,14089
13200.0,0,12160.0,33059,14809,1.0,2025.0,0,0,-45.12824503271926,27584,4,13522,-16.918282914580733,27834,11659.0,14053
13972.0,0,12211.0,37132,15624,1.0,2025.0,0,0,-45.161694412233544,25055,4,13676,-16.8031332914172,28297,11459.0,14448
13521.0,0,12396.0,37610,15151,1.0,2025.0,0,0,-44.94793472618751,30813,4,13864,-16.69167805273079,31373,11808.0,14360
12724.0,0,12067.0,30228,14140,1.0,2025.0,0,0,-44.9632800855141,29120,4,13456,-17.00060955468969,27676,11508.0,13913
13762.0,0,12535.0,37379,15351,1.0,2025.0,0,0,-45.082605174714516,30052,4,14029,-16.705402815092544,31597,11882.0,14563
12605.0,0,12506.0,29985,14238,1.0,2025.0,0,0,-44.27215056672005,28761,4,13976,-16.186831196328434,29345,12297.0,14137
13008.0,0,12754.0,32940,14823,1.0,2025.0,0,0,-44.25489101830017,30163,4,14349,-16.228242567700573,30953,12437.0,14637
13355.0,0,13002.0,34998,15253,1.0,2025.0,0,0,-44.31656465081318,31007,4,14412,-16.20451526476877,31907,12587.0,14873
13832.0,0,13115.0,38504,15620,1.0,2025.0,0,0,-44.20237123564926,30532,4,14499,-15.913705382775742,32378,12471.0,15102
13789.0,0,13209.0,37313,15663,1.0,2025.0,0,0,-44.221656146206044,30092,4,14428,-15.980606121529615,32041,12559.0,14990
12744.0,0,12426.0,31389,14530,1.0,2025.0,0,0,-44.19567436734258,29428,4,13978,-15.945838512042457,29322,12147.0,14219
13184.0,0,12846.0,33686,15046,1.0,2025.0,0,0,-44.22838898436313,30108,4,14291,-16.075956706373017,31865,12284.0,14813
14104.0,0,13431.0,41096,15793,1.0,2025.0,0,0,-44.43371552730062,31068,4,14494,-16.146070116396842,34837,12642.0,15174
13426.0,0,12907.0,34261,15332,1.0,2025.0,0,0,-44.218023670877834,28900,4,14210,-16.214784633603234,30536,12338.0,14884
13589.0,0,13233.0,36312,15526,1.0,2025.0,0,0,-44.25251822545545,31351,4,14663,-16.185391237044676,32759,12638.0,15118
13108.0,0,12615.0,34325,15162,1.0,2025.0,0,0,-44.20668380189008,29819,4,14243,-16.21785605710128,30527,12204.0,14670
13864.0,0,12924.0,38049,15646,1.0,2025.0,0,0,-44.19392493110198,27933,4,13943,-15.91418961545728,30738,12057.0,14755
12924.0,0,12115.0,30605,15010,0.0,2025.0,0,0,-44.38728975881905,24184,3,13282,-15.949210256554663,25156,11632.0,13921
13919.0,0,13452.0,39349,15825,1.0,2025.0,0,0,-44.39393793523375,33309,4,14838,-16.15836509051986,35083,12710.0,15455
14210.0,0,13313.0,45708,15743,1.0,2025.0,0,0,-44.215792676133894,29954,4,14134,-16.16620636719722,34711,12358.0,14939
14279.0,0,13088.0,43721,15877,1.0,2025.0,0,0,-44.328441271568614,32377,4,14547,-16.120979436318187,34867,12401.0,15147
13587.0,0,13150.0,35838,15447,1.0,2025.0,0,0,-44.21101990747164,31127,4,14560,-16.254888706037015,32825,12529.0,15017
13799.0,0,13144.0,37590,15683,1.0,2025.0,0,0,-44.4330786687299,32067,4,14426,-16.162454442214475,33969,12520.0,15201
13728.0,0,13207.0,40193,15309,1.0,2025.0,0,0,-44.20448599299937,34867,4,14442,-15.973212087803239,36025,12743.0,14881
14190.0,0,13521.0,43553,15711,1.0,2025.0,0,0,-44.42882511755892,34790,4,14650,-16.144973930029444,37286,12669.0,15189
14165.0,0,12882.0,42193,15998,1.0,2025.0,0,0,-44.44047757900493,28034,4,13647,-16.224640434169025,34196,11732.0,15043
13786.0,0,13307.0,38907,15525,1.0,2025.0,0,0,-44.37598144445439,32656,4,14748,-16.17252815942116,34686,12633.0,15215
13535.0,0,12770.0,36641,15530,1.0,2025.0,0,0,-44.27500586532718,31139,4,14526,-15.96764275870056,31343,12177.0,14920
13765.0,0,13066.0,38841,15351,1.0,2025.0,0,0,-44.46068127556658,31238,4,14276,-16.10304433421609,34180,12316.0,14947
13890.0,0,12831.0,37566,15714,1.0,2025.0,0,0,-44.41974158860791,24882,4,13368,-15.914907356535593,29555,11685.0,14635
13989.0,0,13294.0,39878,15843,1.0,2025.0,0,0,-44.2418302360094,32080,4,14626,-16.011083723213876,34097,12561.0,15236
13011.0,0,12541.0,33431,14839,1.0,2025.0,0,0,-44.23214121177869,28190,4,13870,-15.913030153574882,29756,11955.0,14391
13447.0,0,12366.0,36531,15153,1.0,2025.0,0,0,-44.53496698134992,30493,4,13947,-15.887424618377123,31442,11867.0,14414
12931.0,0,12417.0,34696,14641,1.0,2025.0,0,0,-44.31768601594461,29976,4,13911,-16.041019841207913,31518,12040.0,14346
13646.0,0,13035.0,37433,15554,1.0,2025.0,0,0,-44.1859020737949,31871,4,14742,-16.14083487561618,34288,12393.0,15263
13149.0,0,11852.0,33756,14920,1.0,2025.0,0,0,-44.51064008942001,27181,4,13559,-15.903607444889412,27797,11452.0,13953
13295.0,0,12523.0,35329,15113,1.0,2025.0,0,0,-44.190122412019456,28151,4,13796,-16.022393974546393,29909,11951.0,14325
12505.0,0,12190.0,31263,14147,1.0,2025.0,0,0,-44.21047056048134,29065,4,13605,-15.931560329115408,29260,11910.0,13750
13705.0,0,13131.0,38235,15534,1.0,2025.0,0,0,-44.19712922848101,32634,4,14619,-16.14265180205622,35598,12528.0,15158
13683.0,0,12392.0,37757,15315,1.0,2025.0,0,0,-44.48271009882073,25071,4,13247,-16.03453786368696,29084,11294.0,14298
13910.0,0,13069.0,42369,15341,1.0,2025.0,0,0,-44.28581188924144,29922,4,14107,-16.04596878675002,35209,12093.0,14946
13746.0,0,12754.0,37873,15721,1.0,2025.0,0,0,-44.38225551661678,32275,4,14568,-16.203909603947658,32717,12037.0,15087
14190.0,0,13477.0,42816,15869,1.0,2025.0,0,0,-44.18832041432185,27938,4,13870,-16.251175267282335,36211,11881.0,15173
13524.0,0,12474.0,35040,15433,1.0,2025.0,0,0,-44.44726291608522,28860,4,14118,-16.233599962391246,29184,11851.0,14524
13900.0,0,13391.0,40703,15332,1.0,2025.0,0,0,-44.53690067490326,31877,4,13821,-16.217478631793263,34397,12072.0,14847
14000.0,0,12800.0,43775,15653,1.0,2025.0,0,0,-44.34607072230445,34217,4,14407,-16.134733252197332,35151,12434.0,14863
13595.0,0,12430.0,37124,15407,1.0,2025.0,0,0,-44.528825197706304,29603,4,13981,-15.995665649169275,31489,11768.0,14527
13631.0,0,12941.0,36778,15365,1.0,2025.0,0,0,-44.52477603673544,31558,4,14469,-16.160165985069,33301,12243.0,14922
13466.0,0,12231.0,35230,15224,1.0,2025.0,0,0,-44.46783248466208,25347,4,13241,-15.972567068238492,27461,11385.0,14167
13513.0,0,13166.0,36096,15274,1.0,2025.0,0,0,-44.36488290724903,33617,4,14537,-16.25073215691987,34893,12468.0,15065
13772.0,0,12695.0,39648,15553,1.0,2025.0,0,0,-44.54396537766548,33094,4,14486,-16.239697130376786,34250,12014.0,14899
13541.0,0,12586.0,39625,15467,1.0,2025.0,0,0,-44.20501584076311,31475,4,14307,-15.98970543572359,31995,12050.0,14641
13245.0,0,12389.0,36936,15142,1.0,2025.0,0,0,-44.5318518785386,31321,4,14161,-16.179367035766617,32294,11857.0,14599
12959.0,0,12321.0,31897,14581,1.0,2025.0,0,0,-44.91468235854457,29398,4,13799,-17.00610636970627,28487,11799.0,14146
13261.0,0,12181.0,32812,14874,1.0,2025.0,0,0,-44.63460145954056,27875,4,13663,-17.05025049652293,29211,11781.0,14287
13347.0,0,12548.0,32297,15122,0.0,2025.0,0,0,-44.82914856973627,25391,3,13231,-17.06784470453668,27940,11656.0,14211
13571.0,0,12181.0,37388,15050,1.0,2025.0,0,0,-44.732505443432444,29989,4,13960,-17.003374132570336,29847,11967.0,14372
14026.0,0,11932.0,38722,15434,1.0,2025.0,0,0,-44.91180547303005,26694,4,13520,-17.014106795133596,28242,11434.0,14135
14022.0,0,12973.0,37713,15658,0.0,2025.0,0,0,-44.88178088020924,30741,3,14028,-17.128688111374444,31232,12012.0,15018
14457.0,0,13535.0,40881,16110,0.0,2025.0,0,0,-44.79985640938546,27888,3,13914,-17.064880026904937,33039,12068.0,15129
12963.0,0,12625.0,30094,14668,1.0,2025.0,0,0,-45.11243411896791,30132,4,14127,-17.1624060102406,29256,12170.0,14432
12503.0,0,12115.0,27526,14187,1.0,2025.0,0,0,-45.10569812196271,27793,4,13629,-17.155392077586487,26598,11680.0,13943
12947.0,0,12562.0,30856,14681,1.0,2025.0,0,0,-45.130821952627834,30051,4,14021,-17.128738522710776,28818,11961.0,14382
13731.0,0,12901.0,36649,15258,1.0,2025.0,0,0,-45.00293806777955,32904,4,14100,-17.206495437031943,34610,12335.0,14735
12421.0,0,12283.0,29874,14201,1.0,2025.0,0,0,-45.107879348243,29205,4,13733,-17.003374096632193,29300,11963.0,14042
12507.0,0,12064.0,28679,14120,1.0,2025.0,0,0,-44.956747038431736,28819,4,13718,-17.0918481664763,26915,11772.0,13985
12554.0,0,12289.0,29492,14348,1.0,2025.0,0,0,-44.95727709721639,29504,4,13663,-17.108332002786767,28262,11856.0,14141
12862.0,0,12519.0,32797,14711,1.0,2025.0,0,0,-44.94793489755815,33055,4,13995,-17.064490007568022,31585,11906.0,14491
12628.0,0,12283.0,30682,14421,1.0,2025.0,0,0,-44.94618517926533,31369,4,14031,-17.032859324469964,29757,12006.0,14175
12879.0,0,12509.0,31583,14765,1.0,2025.0,0,0,-44.994093459344185,33582,4,14085,-17.129699389677487,29701,11732.0,14426
12336.0,0,12071.0,30226,14259,1.0,2025.0,0,0,-45.03099520146958,29886,4,13591,-17.146853686551548,29672,11589.0,13998
12299.0,0,12027.0,29766,14080,1.0,2025.0,0,0,-45.122563454178234,29129,4,13471,-17.013969525376876,28282,11751.0,13981
12402.0,0,12155.0,31049,14007,1.0,2025.0,0,0,-44.96093487602714,32633,4,13827,-17.03540386130843,30760,11797.0,13929
12600.0,0,12400.0,32470,14449,1.0,2025.0,0,0,-44.96273122881869,31769,4,13914,-17.050220753354754,31822,11880.0,14297
12759.0,0,12036.0,33070,14334,1.0,2025.0,0,0,-44.94208934096241,31217,4,13359,-17.136486808310668,29860,11596.0,13917
12798.0,0,12525.0,32171,14531,1.0,2025.0,0,0,-45.03988503316279,29673,4,13906,-17.01015591334841,29588,12008.0,14287
13872.0,0,12980.0,39467,15847,1.0,2025.0,0,0,-44.134510881769025,32242,4,14765,-16.276571541480692,33078,12433.0,15325
14305.0,0,12595.0,45188,16140,1.0,2025.0,0,0,-44.01116145120119,28072,4,14077,-16.32216660886084,31403,11791.0,14660
13290.0,0,12620.0,34504,15106,1.0,2025.0,0,0,-43.83757373401696,24615,4,13395,-16.616752458170772,28928,11448.0,14444
13505.0,0,12719.0,38107,15452,1.0,2025.0,0,0,-44.04361250537096,31415,4,14404,-16.287870188442582,32294,12285.0,14899
13505.0,0,12709.0,37528,15497,1.0,2025.0,0,0,-44.12652625509902,30596,4,14450,-16.306634750693345,31874,12114.0,14948
13877.0,0,12880.0,39984,15703,1.0,2025.0,0,0,-43.878762042455755,30547,4,14320,-16.601144626729493,32659,12103.0,14916
14023.0,0,12517.0,42934,15645,1.0,2025.0,0,0,-44.0719737803576,26372,4,13711,-16.37343396874706,30277,11649.0,14373
13655.0,0,12948.0,37983,15603,1.0,2025.0,0,0,-43.9523149338326,30701,4,14402,-16.493902662256918,32423,12144.0,15009
13517.0,0,12959.0,39231,15082,1.0,2025.0,0,0,-43.96311291279818,30998,4,14284,-16.623964385238114,33540,12451.0,14594
13971.0,0,12735.0,41562,15761,1.0,2025.0,0,0,-44.13358343769704,30503,4,13973,-16.399037963549546,33848,11714.0,14826
13772.0,0,12837.0,38024,15503,1.0,2025.0,0,0,-44.15572202168197,30783,4,14176,-16.55227768449444,32194,11994.0,14733
13899.0,0,13073.0,40310,15734,1.0,2025.0,0,0,-43.89196447124991,30822,4,14285,-16.597621277633486,32870,12133.0,15006
14166.0,0,13222.0,41704,15941,0.0,2025.0,0,0,-43.83488998305425,27932,3,13924,-16.627785083853418,33551,11826.0,14937
14040.0,0,12661.0,40493,15767,0.0,2025.0,0,0,-43.97242108626258,25335,3,13516,-16.598665343276263,29291,11626.0,14602
13344.0,0,12958.0,35310,15380,1.0,2025.0,0,0,-43.97730134037505,30588,4,14398,-16.409728744468413,32155,12286.0,14936
13590.0,0,13107.0,37010,15434,1.0,2025.0,0,0,-44.00612658694088,30022,4,14250,-16.576816888771265,32277,12368.0,14824
13829.0,0,13128.0,38798,15600,1.0,2025.0,0,0,-44.05269675188131,30095,4,14271,-16.517892375212693,32841,12319.0,14923
13774.0,0,13110.0,39530,15653,1.0,2025.0,0,0,-44.066433758351835,30885,4,14435,-16.55682609613339,33204,12398.0,15110
13793.0,0,13319.0,38127,15626,1.0,2025.0,0,0,-44.100880538037046,31800,4,14583,-16.366154371907516,34288,12639.0,15144
13075.0,0,12663.0,36848,15110,1.0,2025.0,0,0,-44.00916225140581,33840,4,14476,-16.378933942304624,34667,12155.0,14768
12758.0,0,12393.0,34901,14531,1.0,2025.0,0,0,-44.0575870788704,32005,4,13877,-16.518988317919476,32637,11947.0,14223
12630.0,0,12403.0,30192,14445,1.0,2025.0,0,0,-44.08455292574797,28041,4,13698,-16.475970603846143,28751,11932.0,14154
13947.0,0,13367.0,44857,15401,1.0,2025.0,0,0,-43.88073360563124,32255,4,14170,-16.494428975905663,36839,12518.0,14801
14033.0,0,13503.0,41456,15711,1.0,2025.0,0,0,-44.16077071232462,33371,4,14666,-16.590381855451945,35090,12925.0,15161
13344.0,0,12929.0,33456,15411,1.0,2025.0,0,0,-44.10990168515776,28034,4,14414,-16.626759529858795,29867,12421.0,14938
13789.0,0,13373.0,38360,15588,1.0,2025.0,0,0,-43.94155877845796,31863,4,14594,-16.41395843785758,33527,12914.0,15117
13603.0,0,13269.0,36074,15719,1.0,2025.0,0,0,-44.017809794823336,30930,4,14840,-16.531281120777457,32065,12807.0,15322
13784.0,0,13383.0,36759,15887,1.0,2025.0,0,0,-44.02050620480675,31249,4,14900,-16.53928503157153,32597,12864.0,15491
13999.0,0,13506.0,40938,15740,1.0,2025.0,0,0,-43.99985322117551,32748,4,14771,-16.545441500221482,34920,12996.0,15253
14018.0,0,13609.0,38769,15883,1.0,2025.0,0,0,-43.98403676220428,32412,4,14854,-16.416745377999767,35140,12898.0,15464
13474.0,0,12671.0,34774,15536,1.0,2025.0,0,0,-44.03330097219323,26904,4,14429,-16.430269767682244,27717,12520.0,14695
12710.0,0,12461.0,37494,14529,1.0,2025.0,0,0,-43.8455267130032,33516,4,13850,-16.353555504659802,35242,11776.0,14369
13503.0,0,12738.0,37093,15285,1.0,2025.0,0,0,-43.979489300718626,29891,4,14154,-16.257652126518405,31554,12193.0,14525
13044.0,0,12508.0,33102,14939,1.0,2025.0,0,0,-44.01375790368698,28269,4,14073,-16.422536382281233,28545,12236.0,14376
12568.0,0,12481.0,32044,14295,1.0,2025.0,0,0,-43.96994374874081,31397,4,14056,-16.50765387081115,31175,12289.0,14203
13665.0,0,13213.0,36949,15641,1.0,2025.0,0,0,-44.04332435815205,31874,4,14887,-16.55711987414947,33264,12900.0,15211
13730.0,0,12676.0,36475,15303,1.0,2025.0,0,0,-43.82624133677155,30109,4,13914,-16.286667378062376,32151,12000.0,14636
14414.0,0,13372.0,43535,16060,1.0,2025.0,0,0,-44.375983235024115,31334,4,14512,-16.545441480838786,35444,12231.0,15318
13484.0,0,12730.0,36396,15364,1.0,2025.0,0,0,-44.47811419831456,30502,4,14267,-16.300987386349693,31476,12106.0,14716
13628.0,0,12847.0,38413,15462,1.0,2025.0,0,0,-44.38325088375014,31330,4,14412,-16.523417363367862,32461,12200.0,14912
14002.0,0,12427.0,39259,15781,0.0,2025.0,0,0,-44.52477632664934,24530,3,13329,-16.53308039786072,28304,11365.0,14447
13971.0,0,13024.0,40175,15756,1.0,2025.0,0,0,-44.528825849540986,30268,4,14215,-16.36861169595925,33487,12080.0,15010
13356.0,0,12627.0,35499,15194,1.0,2025.0,0,0,-44.39492686846146,31216,4,14366,-16.345017827520756,31981,12115.0,14759
13660.0,0,12952.0,37401,15440,1.0,2025.0,0,0,-44.35343135303253,31397,4,14436,-16.409728740655144,32828,12273.0,14947
13494.0,0,12919.0,37251,15366,1.0,2025.0,0,0,-44.3872914656477,31595,4,14376,-16.322166606816918,33379,12254.0,14871
13640.0,0,12731.0,36423,15431,1.0,2025.0,0,0,-44.5476882503066,28906,4,14278,-16.44333787441584,30983,12036.0,14804
13508.0,0,13223.0,35660,15284,1.0,2025.0,0,0,-44.40418769006801,32530,4,14551,-16.27490483810954,34002,12566.0,15074
13262.0,0,12498.0,33897,15069,1.0,2025.0,0,0,-44.370302904677246,26705,4,13855,-16.26825165704697,29021,11862.0,14504
13025.0,0,12210.0,30230,15053,0.0,2025.0,0,0,-44.52539849500905,25087,3,13450,-16.26927023833413,25821,11629.0,14062
13893.0,0,13127.0,40448,15649,1.0,2025.0,0,0,-44.38988791826012,31711,4,14436,-16.42253636855939,34652,12279.0,15112
13321.0,0,12559.0,34748,15209,1.0,2025.0,0,0,-44.19712998837899,28491,4,14113,-16.515569618055192,29722,12022.0,14593
13707.0,0,12996.0,36772,15619,1.0,2025.0,0,0,-44.202371341451205,31393,4,14484,-16.286667424667844,32849,12399.0,14969
13737.0,0,13143.0,37293,15486,1.0,2025.0,0,0,-44.43308001299591,30329,4,14418,-16.535369461786768,32365,12473.0,14935
13711.0,0,13271.0,37533,15590,1.0,2025.0,0,0,-44.24163618835116,29815,4,14444,-16.340489011644454,32489,12395.0,15182
13990.0,0,13470.0,40945,15684,1.0,2025.0,0,0,-44.20867457459731,32631,4,14201,-16.289696496076775,36857,12314.0,15258
13612.0,0,12088.0,34331,15653,0.0,2025.0,0,0,-44.46068294404978,24808,3,13544,-16.475970572564176,25925,11594.0,14322
13576.0,0,13083.0,37474,15310,1.0,2025.0,0,0,-44.41974252152873,30975,4,14260,-16.287870182456853,32921,12378.0,14926
14392.0,0,13220.0,43072,16102,1.0,2025.0,0,0,-44.35561931350584,27729,4,14159,-16.257652139277376,33232,12194.0,15310
14019.0,0,13014.0,40546,15824,1.0,2025.0,0,0,-44.18590247614325,30738,4,14404,-16.51375285964093,32936,12260.0,14954
13852.0,0,13194.0,38164,15724,1.0,2025.0,0,0,-44.36655082674579,31099,4,14549,-16.612316483915844,33382,12383.0,15265
13788.0,0,12882.0,37972,15442,1.0,2025.0,0,0,-44.433717095756094,33913,4,14293,-16.518988288999306,34326,12325.0,14733
13588.0,0,13135.0,35713,15519,1.0,2025.0,0,0,-44.23214142045932,30052,4,14494,-16.285992735898702,32117,12380.0,15049
13865.0,0,12888.0,38131,15620,0.0,2025.0,0,0,-44.20863471697482,28729,3,14004,-16.545404344349958,30853,12224.0,14642
13869.0,0,13382.0,39910,15648,1.0,2025.0,0,0,-44.19012269987963,32082,4,14650,-16.39533486573954,34585,12596.0,15267
14210.0,0,13379.0,39684,16087,0.0,2025.0,0,0,-44.52403471900252,30250,3,14784,-16.26840110610164,32183,12940.0,15451
13902.0,0,13473.0,39961,15628,1.0,2025.0,0,0,-44.3822566011209,35544,4,14798,-16.576816866011328,35982,12783.0,15299
13258.0,0,13056.0,33348,15135,1.0,2025.0,0,0,-44.28762481500703,30542,4,14553,-16.2644370939018,31475,12767.0,14924
13724.0,0,13186.0,36796,15607,0.0,2025.0,0,0,-44.48603170479605,31892,3,14711,-16.626759483360164,32204,12748.0,15173
13924.0,0,13342.0,40219,15664,1.0,2025.0,0,0,-44.18832066406795,31663,4,14609,-16.62407201684841,33040,12909.0,15105
13733.0,0,12929.0,37920,15436,1.0,2025.0,0,0,-44.36016677521538,34014,4,14403,-16.416745371769515,35246,12176.0,14959
13569.0,0,12823.0,37204,15384,1.0,2025.0,0,0,-44.39393980961685,30440,4,14237,-16.531281098831684,32792,12105.0,14889
13558.0,0,12873.0,37573,15400,1.0,2025.0,0,0,-44.2283902808241,29163,4,14157,-16.448887825744986,31882,12049.0,14778
13258.0,0,12676.0,33425,15123,1.0,2025.0,0,0,-44.477010557194944,27516,4,13862,-16.36615434490801,29551,11973.0,14593
13147.0,0,12711.0,33010,15011,1.0,2025.0,0,0,-44.442563775705025,28181,4,14168,-16.556826062903166,29350,12187.0,14595
13077.0,0,12662.0,35262,14816,1.0,2025.0,0,0,-44.390173448896,31228,4,14121,-16.340436761822772,31966,12121.0,14505
13097.0,0,12775.0,32516,14960,1.0,2025.0,0,0,-44.19567453761248,29632,4,14386,-16.318794253969003,30135,12505.0,14710
13727.0,0,13341.0,37804,15661,1.0,2025.0,0,0,-44.44047801004199,33262,4,14784,-16.597543415026866,34394,12434.0,15338
13154.0,0,12688.0,36485,15095,1.0,2025.0,0,0,-44.25067417085872,32320,4,14548,-16.46085297451669,32602,12156.0,14746
13511.0,0,13028.0,37109,15368,1.0,2025.0,0,0,-44.31768878923234,31214,4,14466,-16.413958442191387,32822,12382.0,14922
12808.0,0,12500.0,35342,14804,1.0,2025.0,0,0,-44.19392500760909,32948,4,14328,-16.28715143193211,32701,12092.0,14565
13315.0,0,12530.0,38589,15231,1.0,2025.0,0,0,-44.25686361319015,31117,4,14224,-16.494428985767872,31943,11997.0,14647
13546.0,0,12821.0,38881,15218,1.0,2025.0,0,0,-44.2373852411933,31560,4,14107,-16.541474207682246,33303,12214.0,14600
13222.0,0,12714.0,36635,15219,1.0,2025.0,0,0,-44.22165671870563,32491,4,14370,-16.35355553902577,33058,12144.0,14808
12843.0,0,12694.0,31556,14744,1.0,2025.0,0,0,-44.21047077710223,30730,4,14274,-16.304519048339802,30911,12385.0,14658
13060.0,0,12627.0,38511,15033,1.0,2025.0,0,0,-44.20356091866708,34308,4,14182,-16.543892359120708,34825,12129.0,14639
13016.0,0,12678.0,36872,14525,1.0,2025.0,0,0,-44.44726320846292,32096,4,13780,-16.606501162069733,34469,12122.0,14294
13013.0,0,12139.0,34770,15212,1.0,2025.0,0,0,-44.38529226574169,32565,4,14092,-16.378933934303145,31540,11400.0,14554
12739.0,0,12437.0,33102,14738,1.0,2025.0,0,0,-44.36488304747497,31283,4,14353,-16.623630417084282,31335,12189.0,14538
12509.0,0,11906.0,33191,14418,1.0,2025.0,0,0,-44.68150044403382,31561,4,13751,-16.47598671827706,31555,11558.0,14013
13452.0,0,12483.0,36621,15311,1.0,2025.0,0,0,-44.70578743754896,31819,4,14422,-16.39540134168225,32219,11970.0,14794
13166.0,0,12647.0,34690,14950,1.0,2025.0,0,0,-44.67135461038366,31090,4,14099,-16.264439560670393,31768,11866.0,14615
13225.0,0,12312.0,35623,15001,1.0,2025.0,0,0,-44.911805510557386,31119,4,13707,-16.26839189290691,30877,11673.0,14275
12354.0,0,11974.0,30877,14451,1.0,2025.0,0,0,-44.7138384427532,31256,4,14150,-16.535380457307664,29969,11493.0,14226
13473.0,0,12405.0,36677,15095,1.0,2025.0,0,0,-44.58709345451461,26628,4,13751,-16.36613262584043,29874,11518.0,14338
13177.0,0,12235.0,34951,14867,1.0,2025.0,0,0,-44.551657939828424,29491,4,13927,-16.587655540967546,29629,11789.0,14275
13567.0,0,12515.0,36399,15245,1.0,2025.0,0,0,-44.70198702052578,28166,4,13833,-16.340519646225008,30143,11796.0,14397
13252.0,0,12723.0,35576,14951,1.0,2025.0,0,0,-44.83408169407921,30411,4,13876,-16.515610978786164,31504,11858.0,14501
13634.0,0,12850.0,37347,15415,1.0,2025.0,0,0,-44.623762337850565,30422,4,14244,-16.413172730505245,32649,12051.0,14901
12786.0,0,12493.0,35529,14616,1.0,2025.0,0,0,-44.74893809330354,32276,4,14017,-16.446850804453742,32798,12058.0,14372
13264.0,0,12511.0,36453,15036,1.0,2025.0,0,0,-44.714031912336,31361,4,14080,-16.321105184871502,31918,11941.0,14505
13653.0,0,12893.0,37738,15318,1.0,2025.0,0,0,-44.62649286256119,28740,4,13997,-16.41016568556456,32096,12034.0,14832
13451.0,0,12046.0,36904,15144,1.0,2025.0,0,0,-44.63978378972414,25884,4,13345,-16.577404329109967,28158,11472.0,14118
13657.0,0,12868.0,37010,15368,1.0,2025.0,0,0,-44.85043975876298,30289,4,14190,-16.34040864766269,32696,12217.0,14826
13811.0,0,12974.0,38886,15575,1.0,2025.0,0,0,-44.63460486111272,29975,4,14320,-16.304547578794992,31899,12130.0,14906
13813.0,0,12789.0,40585,15479,1.0,2025.0,0,0,-44.6085323159435,31942,4,14245,-16.28668766035479,34744,12155.0,14884
14056.0,0,13071.0,40297,15665,1.0,2025.0,0,0,-44.735448510139726,32338,4,14398,-16.34061268733096,35209,12347.0,14935
13851.0,0,12728.0,40666,15227,1.0,2025.0,0,0,-44.859128548556626,29125,4,13886,-16.626761280325056,32673,11783.0,14507
13510.0,0,13025.0,36915,15224,1.0,2025.0,0,0,-44.73564439483886,30561,4,14140,-16.44342077888395,32758,12209.0,14816
13419.0,0,12616.0,36049,15061,1.0,2025.0,0,0,-44.637602694355685,28567,4,13946,-16.286008453778248,29516,12129.0,14413
13594.0,0,12817.0,37854,15212,1.0,2025.0,0,0,-44.914682367285344,32312,4,14312,-16.26038848078083,34205,12093.0,14841
14216.0,0,12792.0,39953,15863,1.0,2025.0,0,0,-44.876507253936175,26790,4,13619,-16.53912401237607,30841,11508.0,14767
13846.0,0,13169.0,39395,15429,1.0,2025.0,0,0,-44.74499124209255,30355,4,14494,-16.556841724199398,33904,12481.0,15000
13468.0,0,13056.0,37261,15347,1.0,2025.0,0,0,-44.617881368568376,32451,4,14528,-16.28971757501542,33838,12403.0,14921
14102.0,0,12825.0,37898,15827,1.0,2025.0,0,0,-44.90279292118428,26400,4,13886,-16.612610330816064,29695,11832.0,14884
13224.0,0,12594.0,32067,15071,1.0,2025.0,0,0,-44.74606131367555,28184,4,13926,-16.384060836087652,29462,11990.0,14522
13528.0,0,12687.0,36018,15269,1.0,2025.0,0,0,-44.82518974927915,30363,4,13990,-16.418901444979003,31116,12015.0,14585
13141.0,0,12670.0,33795,14919,1.0,2025.0,0,0,-44.80327569759642,30196,4,14161,-16.533133922159458,31101,12219.0,14502
13696.0,0,11761.0,37458,15255,1.0,2025.0,0,0,-44.784031687717594,25502,4,13574,-16.59755322580796,27694,11391.0,14251
14368.0,0,12899.0,43442,15857,1.0,2025.0,0,0,-44.6374069093205,29737,4,14015,-16.40200101131608,33633,11950.0,14842
13735.0,0,13327.0,39489,15086,1.0,2025.0,0,0,-44.55645069459168,34361,4,14175,-16.558251735839224,36570,12706.0,14806
14236.0,0,12781.0,43823,15571,1.0,2025.0,0,0,-44.65296512863697,28683,4,13985,-16.39907350349917,33580,11832.0,14727
13515.0,0,12935.0,36359,15306,1.0,2025.0,0,0,-44.584128583094305,29326,4,14159,-16.430219472421115,31570,12212.0,14798
14371.0,0,13125.0,41214,15940,1.0,2025.0,0,0,-44.89866977787849,26500,4,13735,-16.300958314231085,31115,11906.0,14841
13629.0,0,12787.0,36170,15358,1.0,2025.0,0,0,-44.58517006277705,28674,4,14094,-16.627783607981613,30469,12216.0,14656
13442.0,0,12771.0,34620,15124,1.0,2025.0,0,0,-44.64142069378798,27578,4,14049,-16.36865669189432,29826,12186.0,14530
14209.0,0,13321.0,38997,15914,0.0,2025.0,0,0,-44.91404544023882,26813,3,13810,-16.269260221462318,31314,12003.0,15019
14101.0,0,13202.0,39843,15903,1.0,2025.0,0,0,-44.56733642245086,30642,4,14513,-16.49383644139103,32110,12786.0,15121
14004.0,0,13230.0,37042,15892,0.0,2025.0,0,0,-44.65193162703662,29635,3,14352,-16.5234010885837,32310,12206.0,15233
14003.0,0,13206.0,36457,15816,0.0,2025.0,0,0,-45.06935342581953,27691,3,14349,-16.598661053448584,30457,12513.0,15176
13809.0,0,13225.0,35861,15387,1.0,2025.0,0,0,-45.20850419774128,29405,4,14210,-16.460860455328028,32443,12576.0,14842
13809.0,0,13215.0,36187,15304,1.0,2025.0,0,0,-45.17416286713613,31422,4,14233,-16.44892068738196,33226,12603.0,14902
14068.0,0,13240.0,38688,15602,1.0,2025.0,0,0,-45.19715938171801,30982,4,14283,-16.513808781284048,33347,12485.0,14959
13804.0,0,12964.0,37980,15213,1.0,2025.0,0,0,-45.110910089290364,28497,4,13969,-16.623630439169304,31027,12367.0,14652
13378.0,0,12424.0,35746,14941,1.0,2025.0,0,0,-45.176373697731336,27519,4,13683,-16.401194400017754,28435,11959.0,14069
13372.0,0,11890.0,35832,14958,1.0,2025.0,0,0,-45.111774387518096,24730,4,13181,-16.443420799345137,26201,11582.0,13717
13617.0,0,12919.0,37141,14823,1.0,2025.0,0,0,-45.11157850283796,29595,4,14107,-16.3406126944949,33238,12341.0,14539
12856.0,0,12594.0,30556,14529,1.0,2025.0,0,0,-45.29568777450267,28621,4,13844,-16.59073733472426,29299,12184.0,14158
13920.0,0,13367.0,40174,15305,1.0,2025.0,0,0,-45.210211684534514,32820,4,14301,-16.51561099952101,35954,12761.0,14812
12843.0,0,12333.0,29822,14345,1.0,2025.0,0,0,-45.27659156752472,26475,4,13463,-16.541447463109918,28018,11890.0,13976
13157.0,0,12355.0,33593,14703,1.0,2025.0,0,0,-45.22656974885829,28550,4,13647,-16.34040864384452,29269,11763.0,13954
13841.0,0,12772.0,38268,15518,1.0,2025.0,0,0,-44.93527559358533,30483,4,14250,-16.292632058498047,32533,12073.0,14751
14004.0,0,12583.0,39712,15475,1.0,2025.0,0,0,-45.08191743090771,28638,4,13918,-16.395401358865985,30372,12017.0,14454
13694.0,0,12239.0,35688,15357,1.0,2025.0,0,0,-45.010329159728066,25161,4,13724,-16.318833597514203,26976,11466.0,14312
13197.0,0,12899.0,33143,14749,1.0,2025.0,0,0,-45.27347990325885,30886,4,13958,-16.416684933315143,31842,12211.0,14398
14119.0,0,12992.0,39350,15678,1.0,2025.0,0,0,-45.01353690422194,28557,4,14189,-16.402001029209,31424,12209.0,14786
13743.0,0,12843.0,36585,15369,1.0,2025.0,0,0,-44.98466231151212,27228,4,13580,-16.286687672561115,30314,11856.0,14554
13798.0,0,12185.0,37964,15347,1.0,2025.0,0,0,-45.125068085684056,28681,4,13709,-16.446850824276414,29098,11814.0,14211
13047.0,0,12232.0,32983,14671,1.0,2025.0,0,0,-45.205280097857774,29282,4,13657,-16.322148391564834,30172,11636.0,14045
13891.0,0,12266.0,36720,15552,1.0,2025.0,0,0,-44.94163981402863,24623,4,13354,-16.373381825893272,28333,11385.0,14411
13382.0,0,12634.0,34966,15106,1.0,2025.0,0,0,-44.94346641894133,30975,4,13993,-16.493836459296876,33058,11911.0,14584
14309.0,0,12740.0,42440,15674,1.0,2025.0,0,0,-44.99401136392844,28182,4,13908,-16.289717586729203,31842,11761.0,14756
12995.0,0,12292.0,33655,14619,1.0,2025.0,0,0,-45.20319316774773,28999,4,13630,-16.28785931615878,29458,11694.0,13995
13464.0,0,12615.0,35091,15023,1.0,2025.0,0,0,-45.17457867246843,29291,4,13921,-16.274900396074123,29586,12034.0,14287
13782.0,0,12871.0,36255,15369,1.0,2025.0,0,0,-45.17940568874535,30363,4,14022,-16.533133945317733,32775,11994.0,14733
13311.0,0,12181.0,35384,14848,1.0,2025.0,0,0,-45.17598831603119,28612,4,13660,-16.319182135512495,29323,11752.0,14048
13886.0,0,12650.0,37669,15380,1.0,2025.0,0,0,-45.15876403354734,27979,4,13724,-16.33251778319925,31042,11779.0,14543
12251.0,0,11337.0,34471,13541,4.0,2025.0,0,0,-43.59327249297568,31638,15,13206,-16.83820692441976,33048,10978.0,13369
12223.0,0,11351.0,39720,13934,4.0,2025.0,0,0,-43.708424601227726,32702,15,12979,-16.84882495877432,32820,11070.0,13203
12995.0,0,11736.0,38286,14487,4.0,2025.0,0,0,-43.66748344490117,29577,15,13020,-16.660761136202215,29352,11314.0,13502
12972.0,0,11819.0,41117,14760,4.0,2025.0,0,0,-43.641681680356164,31649,15,13390,-16.90412523892404,33729,11375.0,13946
13197.0,0,11569.0,40951,14687,4.0,2025.0,0,0,-43.63099304514813,31369,15,13135,-16.89626304631588,32327,11107.0,13597
13377.0,0,12435.0,41241,15208,4.0,2025.0,0,0,-43.69500348639946,33536,15,13884,-16.97933050533508,36920,11751.0,14614
12663.0,0,11522.0,31788,14549,4.0,2025.0,0,0,-43.64316439135926,27753,15,13284,-16.965778840303543,28014,11261.0,13632
12875.0,0,12068.0,35837,14934,4.0,2025.0,0,0,-43.642669253349936,30198,15,13447,-16.71789787215048,30114,11524.0,13922
13830.0,0,12490.0,41803,15599,4.0,2025.0,0,0,-43.68821842780209,29632,15,13617,-16.97037453782321,31067,11680.0,14177
13550.0,0,12507.0,39613,15242,6.0,2025.0,0,0,-43.75838169657004,29284,21,13709,-16.649463745965566,31432,11695.0,14236
14332.0,0,12449.0,44608,15971,6.0,2025.0,0,0,-43.644377907614206,26353,21,13648,-16.912127597231905,30127,11425.0,14511
14813.0,0,12947.0,48414,16186,4.0,2025.0,0,0,-43.784640769768366,30144,15,13683,-16.963213140616464,34374,11767.0,14647
13952.0,0,12494.0,42611,15058,4.0,2025.0,0,0,-43.57618862788864,31590,15,13292,-16.866753995360295,37757,11352.0,14363
13746.0,0,12370.0,44994,15240,4.0,2025.0,0,0,-43.56961817801705,32518,15,13539,-16.94897779961111,34262,11662.0,14102
14063.0,0,12795.0,40713,15888,4.0,2025.0,0,0,-43.77656647957216,27466,15,13693,-16.741485911169406,30413,11934.0,14704
12411.0,0,11859.0,36983,14245,4.0,2025.0,0,0,-43.63503316884123,33809,15,13511,-16.695051077911412,33118,11496.0,13801
12612.0,0,11620.0,35064,14717,4.0,2025.0,0,0,-43.61429121317013,28989,15,13335,-16.985145049987118,28318,11291.0,13827
12225.0,0,11448.0,39987,14307,4.0,2025.0,0,0,-43.61804317072179,35100,15,13555,-16.641146548784196,34993,11181.0,13674
12386.0,0,12172.0,31857,13998,4.0,2025.0,0,0,-43.75039810166311,30321,15,13472,-16.679521268221908,31192,11776.0,13945
13506.0,0,11901.0,41722,14887,4.0,2025.0,0,0,-43.68863110350489,29751,15,13285,-16.8707620729223,30814,11442.0,13838
13140.0,0,12337.0,38167,14713,4.0,2025.0,0,0,-43.7731390082448,30894,15,13392,-16.64216365584725,33470,11631.0,14066
13398.0,0,12189.0,40253,15120,6.0,2025.0,0,0,-43.56543156969393,31351,21,13663,-16.786825153941138,32759,11595.0,14145
13574.0,0,12228.0,42498,14931,4.0,2025.0,0,0,-43.60117472452348,32037,15,13330,-16.78259635893257,34314,11466.0,13966
13179.0,0,11841.0,38588,14889,4.0,2025.0,0,0,-43.52098363096144,29021,15,13238,-16.69397263425004,30076,11257.0,13801
14197.0,0,13227.0,46234,15616,4.0,2025.0,0,0,-43.623725023551486,31249,15,14273,-16.91828293033803,36627,12262.0,14945
14272.0,0,13306.0,45327,15842,4.0,2025.0,0,0,-43.68082134778035,34902,15,14365,-16.908212621874885,38224,12552.0,15006
12802.0,0,11808.0,36078,14444,4.0,2025.0,0,0,-43.99985501769603,32151,15,13275,-16.918282924565855,31817,11487.0,13694
12947.0,0,12060.0,38988,14341,4.0,2025.0,0,0,-44.14926901013504,36375,15,13534,-16.642163669291694,36030,11616.0,13894
12831.0,0,11894.0,39625,14522,4.0,2025.0,0,0,-43.90260330944827,34537,15,13524,-16.774056642391347,36487,11332.0,13991
13061.0,0,12120.0,37455,14534,4.0,2025.0,0,0,-43.874546102451674,31097,15,13399,-16.833710140934254,31265,11675.0,13815
11760.0,0,11399.0,34342,13675,4.0,2025.0,0,0,-43.852261575470635,31552,15,13262,-16.82174703622959,32053,11093.0,13419
13114.0,0,12423.0,39677,15180,4.0,2025.0,0,0,-44.095916951520486,32708,15,14112,-16.78303263064467,34682,11660.0,14528
13640.0,0,12646.0,40597,15090,4.0,2025.0,0,0,-44.14790519472688,33192,15,13567,-16.641294725993323,37313,11406.0,14528
12946.0,0,12375.0,38890,14818,4.0,2025.0,0,0,-44.13451169769361,31951,15,14005,-16.649463758679083,32495,11907.0,14250
12640.0,0,12016.0,40498,14436,4.0,2025.0,0,0,-43.81779508012037,35345,15,13535,-16.66004132598329,35797,11584.0,13917
12993.0,0,12419.0,39309,14576,4.0,2025.0,0,0,-43.81219091073582,34570,15,13879,-16.996896856568178,34389,11929.0,14114
13544.0,0,12421.0,40715,14902,4.0,2025.0,0,0,-44.126528102369754,30326,15,13452,-16.679521278845286,34351,11581.0,14265
13942.0,0,12932.0,38196,15876,4.0,2025.0,0,0,-43.98404042655547,28247,15,13934,-16.789611641713588,31597,12146.0,15124
13160.0,0,12396.0,36837,14810,4.0,2025.0,0,0,-43.96940248553877,31298,15,13530,-16.838206921867428,33449,11456.0,14295
13456.0,0,12356.0,39192,15064,4.0,2025.0,0,0,-44.115068368849414,29351,15,13496,-16.774852860038788,32456,11492.0,14291
12245.0,0,11819.0,32931,13977,4.0,2025.0,0,0,-44.056951344883316,29253,15,13393,-16.908212618412158,29410,11436.0,13668
14736.0,0,12876.0,46654,16108,6.0,2025.0,0,0,-43.8325447117877,33607,21,13609,-16.662586128226724,37073,11939.0,14665
14438.0,0,13250.0,48053,15483,6.0,2025.0,0,0,-44.06643471603065,33948,21,13653,-16.929665014245895,40457,11827.0,14467
14314.0,0,13050.0,43877,15812,4.0,2025.0,0,0,-44.091708138651136,33893,15,13825,-16.7183978477247,38400,11627.0,14967
13342.0,0,12440.0,33708,15376,6.0,2025.0,0,0,-44.03330439851729,25243,21,13772,-16.80313330369898,26268,11903.0,14540
13721.0,0,12696.0,39555,15474,4.0,2025.0,0,0,-44.497147284708035,26792,15,13687,-16.963243379892,31116,11899.0,14602
14250.0,0,12455.0,42631,15874,6.0,2025.0,0,0,-44.522539635876065,27061,21,13766,-16.673845626327402,29587,11662.0,14488
14171.0,0,12664.0,41821,15699,6.0,2025.0,0,0,-44.508224828342605,25942,21,13662,-16.751756874247004,31677,11563.0,14822
13456.0,0,12587.0,36535,15184,4.0,2025.0,0,0,-44.22444868647643,32287,15,13827,-16.660063553054545,31527,11964.0,14378
13526.0,0,12579.0,41327,14993,4.0,2025.0,0,0,-44.265287719178374,34188,15,13838,-16.741531819557466,35521,11864.0,14464
14366.0,0,12221.0,46532,15693,4.0,2025.0,0,0,-44.53567549398976,30423,15,13759,-16.641285261518348,34561,11660.0,14441
13207.0,0,12327.0,42288,14491,4.0,2025.0,0,0,-44.25806693804328,28737,15,13310,-16.691718245815892,32121,11547.0,13964
13954.0,0,11809.0,41823,15501,6.0,2025.0,0,0,-44.52433071255459,25455,21,13266,-16.914288418985596,27352,11291.0,13791
14444.0,0,12439.0,46836,15341,4.0,2025.0,0,0,-44.42189987548463,31812,15,13505,-16.821780584157725,35481,11624.0,14266
13257.0,0,12329.0,42974,14841,4.0,2025.0,0,0,-44.18301516308504,34078,15,13525,-16.66552074576824,38428,11476.0,14148
13071.0,0,11998.0,38527,14573,4.0,2025.0,0,0,-44.427142674351366,31092,15,13295,-16.905977575013196,32717,11330.0,14014
13072.0,0,12158.0,37478,14909,4.0,2025.0,0,0,-44.54517618989379,30845,15,13815,-16.908656146814845,30820,11677.0,14231
12180.0,0,11699.0,35821,14212,6.0,2025.0,0,0,-44.24763033533943,33882,21,13655,-16.786039097761517,34622,11232.0,13997
12490.0,0,11957.0,32975,14073,4.0,2025.0,0,0,-44.52121936804622,29416,15,13204,-16.789549979147733,30487,11461.0,13703
12747.0,0,11738.0,33875,14505,4.0,2025.0,0,0,-44.53791542574833,29153,15,13480,-16.642153384543786,29760,11399.0,13821
12373.0,0,11859.0,35415,14377,4.0,2025.0,0,0,-44.32585472059653,34652,15,13666,-16.713400570433272,34853,11275.0,14075
12792.0,0,12355.0,34598,14825,4.0,2025.0,0,0,-44.57326077205627,31890,15,14244,-16.888415527165588,31834,11929.0,14456
13269.0,0,12370.0,35511,14932,4.0,2025.0,0,0,-44.6637549342644,29967,15,13829,-16.637332423936417,31831,11815.0,14207
12736.0,0,11909.0,34810,14375,4.0,2025.0,0,0,-44.62865344458216,29558,15,13452,-16.931139939436115,30967,11399.0,13993
13910.0,0,12182.0,41159,15324,4.0,2025.0,0,0,-44.79587346331208,28830,15,13551,-16.660761111308076,30238,11555.0,14232
12985.0,0,12136.0,32890,14749,6.0,2025.0,0,0,-44.76630567835799,28610,21,13601,-16.713317684200124,29060,11549.0,14160
13522.0,0,12832.0,37860,15283,4.0,2025.0,0,0,-44.59192564638652,29785,15,13970,-16.911961569985078,33518,11917.0,14710
13089.0,0,12066.0,33475,14832,4.0,2025.0,0,0,-44.90090661612479,30499,15,13868,-16.905922960962716,30161,11606.0,14161
14702.0,0,13179.0,45620,16139,6.0,2025.0,0,0,-44.73174933960925,29775,21,13876,-16.630549044634392,33170,11981.0,14848
12521.0,0,12168.0,30060,14146,4.0,2025.0,0,0,-44.83681462108914,30175,15,13716,-16.848824945696368,28313,11828.0,13791
13525.0,0,12214.0,38270,14891,4.0,2025.0,0,0,-44.63299606910966,30582,15,13464,-16.867279744474306,33011,11492.0,14345
13504.0,0,11945.0,40641,15125,4.0,2025.0,0,0,-44.56445093655349,29600,15,13596,-16.99689688116804,30406,11472.0,14059
12880.0,0,12359.0,38746,14651,4.0,2025.0,0,0,-44.74101319782783,32768,15,13927,-16.99645679996228,33924,11837.0,14316
14086.0,0,12366.0,44306,15360,4.0,2025.0,0,0,-44.87878812300229,30686,15,13906,-16.679521247772936,34146,11721.0,14407
13674.0,0,12437.0,38042,15394,4.0,2025.0,0,0,-44.73713002693257,30241,15,13862,-16.692076375945764,30876,11614.0,14495
14604.0,0,13040.0,50191,15893,4.0,2025.0,0,0,-44.72468187790561,31081,15,13779,-16.971496512794715,37349,11742.0,14840
13273.0,0,12176.0,31672,14911,4.0,2025.0,0,0,-44.86216173089743,31539,15,14003,-16.9995845247876,29523,11703.0,14361
13792.0,0,13021.0,38347,15395,4.0,2025.0,0,0,-44.7715544089262,29714,15,13572,-16.96577883469573,33001,11802.0,14789
12953.0,0,12518.0,34798,14610,4.0,2025.0,0,0,-44.80495843017712,32215,15,13914,-16.890738894422178,32615,12048.0,14279
12824.0,0,11665.0,35379,14692,4.0,2025.0,0,0,-44.58983429476297,29929,15,13509,-16.98957913032981,28269,11300.0,13595
13726.0,0,12121.0,38385,15119,6.0,2025.0,0,0,-44.84817697266387,29017,21,13349,-16.783032610750773,29562,11373.0,14218
12813.0,0,11998.0,33283,14346,4.0,2025.0,0,0,-44.579692011760976,29065,15,13429,-16.91673291288134,30055,11615.0,13820
12616.0,0,12307.0,32607,14398,6.0,2025.0,0,0,-44.704578643099296,32720,21,13962,-16.866753991473264,31720,11900.0,14251
13248.0,0,12024.0,34039,14891,6.0,2025.0,0,0,-44.84241297407217,28587,21,13546,-16.786043556196958,28581,11492.0,14117
14233.0,0,12514.0,44877,15443,4.0,2025.0,0,0,-44.76342318611312,28753,15,13816,-16.69505105628923,31980,11574.0,14406
12737.0,0,12126.0,33016,14293,4.0,2025.0,0,0,-44.648285343178856,28568,15,13485,-16.93257971491067,29443,11608.0,14002
12810.0,0,11875.0,32434,14543,4.0,2025.0,0,0,-44.73630044955955,26571,15,13207,-16.78961163012283,28372,11351.0,13802
13083.0,0,12501.0,33621,14686,4.0,2025.0,0,0,-44.90016521499625,30176,15,14020,-16.641294688318368,30447,11905.0,14303
14113.0,0,12919.0,41041,15698,6.0,2025.0,0,0,-44.7216625087896,28783,21,13992,-16.838206918631826,33080,11814.0,14707
12972.0,0,12101.0,35701,14709,4.0,2025.0,0,0,-44.81660844695334,29731,15,13451,-16.97037452938087,30179,11695.0,13918
13212.0,0,12241.0,34248,14699,4.0,2025.0,0,0,-44.90495650182912,30428,15,13547,-16.741485890681037,31360,11653.0,14232
14186.0,0,12134.0,41494,15732,6.0,2025.0,0,0,-44.75938306228888,25651,21,13363,-16.896263039620134,28657,11348.0,14125
14078.0,0,12664.0,42284,15389,6.0,2025.0,0,0,-44.85424584914138,27958,21,13622,-16.67387530255466,31389,11782.0,14320
14722.0,0,12778.0,47277,15964,6.0,2025.0,0,0,-44.82423698550122,27898,21,13767,-16.74630819349037,32691,11666.0,14664
14384.0,0,12511.0,41920,15826,6.0,2025.0,0,0,-44.89922320819137,26839,21,13711,-16.665534024738797,30485,11651.0,14551
12933.0,0,11658.0,35539,14214,4.0,2025.0,0,0,-44.907982207555044,30339,15,13425,-16.925116384804067,30828,11272.0,14145
12647.0,0,12207.0,31786,14177,4.0,2025.0,0,0,-44.901529030375734,30941,15,13736,-16.64216363180438,31187,11800.0,13836
12755.0,0,11848.0,33572,14373,4.0,2025.0,0,0,-44.71537308725275,30426,15,13454,-16.996790662757565,29701,11457.0,13911
13654.0,0,12865.0,37590,15250,6.0,2025.0,0,0,-44.640033249910786,32106,21,14049,-16.908715034655263,32563,12123.0,14627
14117.0,0,12042.0,40650,15682,6.0,2025.0,0,0,-44.77105927089635,25299,21,13122,-16.717897853574037,27782,11245.0,13964
14499.0,0,12676.0,43822,15889,6.0,2025.0,0,0,-44.886771718187056,29101,21,13980,-16.649463722381956,32749,11735.0,14768
12928.0,0,11927.0,34433,14187,4.0,2025.0,0,0,-44.817021122670795,28350,15,13167,-16.870762061746216,29075,11351.0,13463
13185.0,0,11428.0,38752,14593,4.0,2025.0,0,0,-44.78556442070698,33163,15,13227,-16.80313329147995,32894,11111.0,13554
13112.0,0,12077.0,35016,14752,4.0,2025.0,0,0,-44.80984867431714,32957,15,13468,-16.89183459225553,33050,11613.0,14180
14115.0,0,13037.0,44556,15323,4.0,2025.0,0,0,-44.76142544696971,33178,15,13638,-16.751807451990505,37722,11770.0,14589
14061.0,0,12220.0,43548,15301,4.0,2025.0,0,0,-44.66194637132578,32612,15,13684,-16.791771816603774,34223,11830.0,14190
12851.0,0,11644.0,35164,14598,6.0,2025.0,0,0,-44.64937364421271,31970,21,13545,-16.693972609097248,30973,11439.0,13921
12201.0,0,11416.0,31915,13793,4.0,2025.0,0,0,-44.772767925225445,29201,15,13030,-16.9121275900877,28769,11130.0,13279
12670.0,0,11491.0,35398,14451,6.0,2025.0,0,0,-44.77007169787101,28994,21,13053,-16.904125231743045,29212,11137.0,13317
13696.0,0,11802.0,38123,14998,4.0,2025.0,0,0,-45.030993328280445,27030,15,13321,-16.774056624919037,28258,11405.0,13827
12822.0,0,12402.0,36086,14341,4.0,2025.0,0,0,-44.946185102277425,32950,15,14055,-16.66004130263052,33940,12005.0,14200
12419.0,0,12180.0,35333,14332,4.0,2025.0,0,0,-45.08070863645539,33100,15,13983,-16.866753977521363,34482,11766.0,14226
12950.0,0,12086.0,31818,14396,4.0,2025.0,0,0,-45.107879332376584,28160,15,13066,-16.63054906797438,28354,11444.0,13911
12839.0,0,12150.0,33277,14368,4.0,2025.0,0,0,-45.15644819817506,29122,15,13438,-16.647798360053212,29902,11686.0,13953
14889.0,0,12919.0,49788,15754,4.0,2025.0,0,0,-44.99409238585407,30200,15,14031,-16.756899375248334,34278,12105.0,14640
14318.0,0,12500.0,40006,15928,6.0,2025.0,0,0,-45.069951578126464,25637,21,13581,-16.78682513841308,29234,11595.0,14479
14220.0,0,12784.0,43334,15442,6.0,2025.0,0,0,-45.00478343966573,29089,21,13900,-16.93113991223978,32701,11916.0,14525
13321.0,0,12383.0,36558,14687,6.0,2025.0,0,0,-44.95463146472489,28157,21,13605,-16.65955752256183,30215,11532.0,14018
13366.0,0,12474.0,35697,14891,6.0,2025.0,0,0,-44.9609347333641,27422,21,13604,-16.66258610543997,29057,11596.0,14253
12697.0,0,11716.0,35417,14214,4.0,2025.0,0,0,-45.13955317815534,31514,15,13284,-16.69505106946967,30752,11230.0,13596
14299.0,0,12046.0,43319,15692,6.0,2025.0,0,0,-45.03807636565701,26550,21,13420,-16.79177181199458,29271,11436.0,14138
13293.0,0,12430.0,35127,14921,4.0,2025.0,0,0,-44.94208906550495,29110,15,13946,-16.763688819562653,28936,12072.0,14341
12678.0,0,12339.0,31125,14203,4.0,2025.0,0,0,-45.10081187081159,29318,15,13756,-16.971496496406225,29739,11869.0,14002
12675.0,0,12009.0,34237,14158,4.0,2025.0,0,0,-44.96596429073852,28749,15,13232,-16.989579095121442,30134,11420.0,13575
12630.0,0,12163.0,34428,14239,4.0,2025.0,0,0,-45.07413818650162,32183,15,13711,-16.948977779550358,31280,11796.0,13872
12865.0,0,12076.0,35810,14701,4.0,2025.0,0,0,-44.94238300695181,29545,15,13674,-16.768203817982695,29782,11691.0,13974
13050.0,0,12107.0,35227,14515,4.0,2025.0,0,0,-44.95674669447803,30295,15,13786,-16.719041348129046,29884,11838.0,14055
12825.0,0,11944.0,36904,14184,4.0,2025.0,0,0,-44.970287103896936,32931,15,13109,-16.960521141114054,34261,11273.0,13693
12414.0,0,12141.0,33036,14152,4.0,2025.0,0,0,-45.09833681369377,33710,15,13888,-16.880502573567355,33232,11843.0,14019
14402.0,0,12549.0,43550,15812,6.0,2025.0,0,0,-45.009126064096144,28129,21,13655,-16.867279726963588,31464,11620.0,14520
12892.0,0,11734.0,32018,14451,4.0,2025.0,0,0,-44.955822007964144,27990,15,13139,-16.916732886249008,28827,11300.0,13735
13611.0,0,12159.0,38179,14941,4.0,2025.0,0,0,-45.002936122382586,29008,15,13324,-16.833710124158685,30363,11477.0,13974
13598.0,0,11963.0,39722,14863,4.0,2025.0,0,0,-45.02726796005139,29928,15,13233,-16.713475817950616,32445,11309.0,13950
14612.0,0,12088.0,50317,15217,4.0,2025.0,0,0,-44.98440164418652,29286,15,13085,-16.658883380938413,33007,11397.0,13878
14177.0,0,12304.0,44948,15347,4.0,2025.0,0,0,-44.958946565358,30919,15,13259,-16.963591057247314,33500,11394.0,14095
13925.0,0,12067.0,44264,14984,4.0,2025.0,0,0,-44.989647498225814,32311,15,13403,-16.91431566289761,34163,11591.0,13906
13184.0,0,12311.0,35381,14689,4.0,2025.0,0,0,-44.97391730841694,31459,15,13712,-16.72643302154443,31367,11725.0,14209
13936.0,0,12968.0,42328,15555,4.0,2025.0,0,0,-44.50971234240927,31575,15,13853,-16.026097452102462,36750,11731.0,14795
13829.0,0,12473.0,41614,15094,4.0,2025.0,0,0,-44.409427572717924,30552,15,14235,-16.05733433253188,33308,11832.0,14429
13322.0,0,12368.0,35085,15148,4.0,2025.0,0,0,-44.4041871821667,28084,15,13581,-15.901939431609252,30438,11641.0,14277
12944.0,0,11773.0,40779,14381,4.0,2025.0,0,0,-44.4481006248058,31843,15,13167,-16.000487830630764,33739,11163.0,13630
12671.0,0,11619.0,37226,14371,6.0,2025.0,0,0,-44.35561929768958,30370,21,13313,-15.88468330771679,31894,11163.0,13590
12564.0,0,11620.0,31748,14241,6.0,2025.0,0,0,-44.49119514647308,30961,21,13684,-16.029044381377375,28903,11386.0,13819
13538.0,0,12264.0,38973,15088,4.0,2025.0,0,0,-44.41945321797621,31781,15,13924,-16.184208931773153,33187,11526.0,14643
12744.0,0,12065.0,33369,14842,4.0,2025.0,0,0,-44.54768821564452,29005,15,13508,-16.070406553675795,29443,11465.0,14008
12774.0,0,12143.0,37306,14820,4.0,2025.0,0,0,-44.39663452734816,33298,15,13952,-16.166370552159524,32262,11660.0,14273
13034.0,0,12347.0,35850,14741,4.0,2025.0,0,0,-44.478112554662815,32449,15,13821,-15.928027599308269,32149,11788.0,14353
13059.0,0,11907.0,40947,14841,4.0,2025.0,0,0,-44.36016312283348,35384,15,13537,-16.04380722551727,35411,11352.0,13926
12948.0,0,11748.0,34856,14416,4.0,2025.0,0,0,-44.3703026320757,30393,15,13339,-15.89528487502236,30661,11345.0,13758
12315.0,0,11773.0,36786,14168,4.0,2025.0,0,0,-44.47204281265078,32370,15,13237,-16.037226863592487,33309,11301.0,13718
13097.0,0,12135.0,35768,15094,4.0,2025.0,0,0,-44.48603168006375,30994,15,14011,-16.25386258486161,31124,11592.0,14353
12128.0,0,11469.0,32839,13863,4.0,2025.0,0,0,-44.39492448137939,30316,15,13094,-15.972065908655049,30258,11192.0,13439
13143.0,0,12085.0,39090,14701,4.0,2025.0,0,0,-44.33034226241785,30280,15,13427,-15.959566018603418,32103,11390.0,13906
14305.0,0,12953.0,40635,16030,6.0,2025.0,0,0,-44.60852999646375,28701,21,13900,-17.03239688674855,30189,11987.0,14721
12823.0,0,11769.0,34693,14452,4.0,2025.0,0,0,-44.617878889270415,29565,15,13250,-17.03542585471403,30290,11277.0,13789
13430.0,0,12320.0,37339,15342,4.0,2025.0,0,0,-44.67135413731932,32880,15,13991,-17.0101585249899,34221,11838.0,14767
14160.0,0,11693.0,45557,15469,6.0,2025.0,0,0,-44.600577495568004,28691,21,13626,-17.03288201254877,28704,11498.0,14173
11982.0,0,11352.0,38908,14749,6.0,2025.0,0,0,-43.81399269585138,33560,21,13621,-16.395334828515544,34481,10958.0,13987
12404.0,0,11738.0,38824,14105,4.0,2025.0,0,0,-43.82099998398044,33121,15,13321,-16.51556959619703,33721,11316.0,13570
11882.0,0,11607.0,35326,13704,4.0,2025.0,0,0,-44.17155822743804,33551,15,13253,-16.44333792057387,34119,11330.0,13482
12588.0,0,11670.0,35320,14316,4.0,2025.0,0,0,-43.87454416362557,30349,15,13173,-16.460852959345104,31220,11199.0,13650
13100.0,0,12514.0,33024,15118,4.0,2025.0,0,0,-43.94574667022637,30213,15,13858,-16.576142347918168,31892,11653.0,14659
12859.0,0,12097.0,32972,14728,6.0,2025.0,0,0,-43.82743091392894,26959,21,13478,-16.543892342034265,28966,11385.0,14116
13931.0,0,13018.0,38521,15609,6.0,2025.0,0,0,-43.83434077199549,28084,21,13911,-16.304519005683407,32592,11871.0,14860
14488.0,0,13000.0,44493,16164,6.0,2025.0,0,0,-43.98875303420789,26660,21,13753,-16.62363043963639,32446,11851.0,14962
12610.0,0,11869.0,35358,14661,4.0,2025.0,0,0,-44.14864630498255,31913,15,13915,-16.533080445629803,31720,11470.0,14141
13742.0,0,12499.0,42076,15289,4.0,2025.0,0,0,-43.95421370208638,31602,15,13625,-16.332520359542297,36104,11556.0,14615
14437.0,0,13049.0,49167,15396,4.0,2025.0,0,0,-44.11506674504443,34679,15,13781,-16.401984571912905,40655,12010.0,14685
13821.0,0,12579.0,41361,15099,4.0,2025.0,0,0,-44.14926847330017,31246,15,13625,-16.26927026774443,34657,11614.0,14436
13359.0,0,11865.0,40161,15081,4.0,2025.0,0,0,-44.064759344685676,30044,15,13469,-16.49791177722735,31529,11352.0,13905
14530.0,0,12371.0,46789,15980,6.0,2025.0,0,0,-43.9026014425547,25737,21,13598,-16.401187692674757,30203,11472.0,14243
13748.0,0,11964.0,45916,15519,4.0,2025.0,0,0,-43.89887689725786,32925,15,13789,-16.340595226535342,33376,11453.0,14191
13697.0,0,12033.0,39580,15160,4.0,2025.0,0,0,-43.861255234665606,30230,15,13488,-16.54147419847249,31496,11491.0,14129
13480.0,0,12512.0,39982,15205,4.0,2025.0,0,0,-43.84189537120251,30916,15,13887,-16.587688838438414,33874,11741.0,14455
13361.0,0,12698.0,39270,15091,4.0,2025.0,0,0,-44.15269582766247,34681,15,14140,-16.36861173331766,35790,12066.0,14589
13925.0,0,13138.0,39298,15515,6.0,2025.0,0,0,-43.8971128335371,29612,21,14068,-16.32108828027922,34310,12106.0,14856
13663.0,0,12730.0,37261,15422,6.0,2025.0,0,0,-43.8763908146639,24586,21,13340,-16.55830152758084,29771,11552.0,14459
13919.0,0,13061.0,39161,15604,6.0,2025.0,0,0,-43.82888624778432,25936,21,13647,-16.36265282592122,31650,11720.0,14753
13242.0,0,12131.0,39752,14704,4.0,2025.0,0,0,-44.167835366176014,32035,15,13594,-16.612595952954102,33491,11421.0,14142
13035.0,0,12663.0,37045,14951,6.0,2025.0,0,0,-44.10658188984982,35739,21,14404,-16.407477098009004,35022,12213.0,14598
14396.0,0,12839.0,46278,15936,4.0,2025.0,0,0,-43.80977247233985,28297,15,13907,-16.513752834869663,31678,11913.0,14756
13951.0,0,12526.0,47855,14958,4.0,2025.0,0,0,-43.887770119588794,36211,15,13504,-16.53587218670078,40281,11648.0,14105
12785.0,0,11960.0,33970,14203,4.0,2025.0,0,0,-43.9404361325929,27666,15,12887,-16.57742235079096,30573,11295.0,13559
12967.0,0,11862.0,34635,14504,4.0,2025.0,0,0,-43.81954453328885,30408,15,13260,-16.318794209379774,30437,11406.0,13789
14195.0,0,12146.0,43265,15332,4.0,2025.0,0,0,-43.81779500337865,29185,15,13203,-16.28715138333366,31801,11502.0,14149
13802.0,0,12479.0,41644,15266,4.0,2025.0,0,0,-44.01404343429821,33130,15,13710,-16.34043676663656,36800,11723.0,14705
14335.0,0,13061.0,49067,15710,4.0,2025.0,0,0,-43.80526179777936,34274,15,13830,-16.446774985491654,38900,11730.0,14871
12492.0,0,11555.0,36909,14049,4.0,2025.0,0,0,-43.812190660142285,32383,15,12919,-16.624072004778725,32731,11194.0,13388
14250.0,0,12625.0,45338,15573,4.0,2025.0,0,0,-43.96939837081802,32802,15,13762,-16.46535004759585,33912,11651.0,14432
13728.0,0,12210.0,40335,15072,4.0,2025.0,0,0,-44.54396538885018,25801,15,13083,-16.612595895986576,29788,11274.0,14041
13978.0,0,13048.0,38946,15590,6.0,2025.0,0,0,-44.3785555885348,29654,21,14080,-16.383064929898183,34829,12150.0,14989
13922.0,0,12739.0,43517,15455,6.0,2025.0,0,0,-44.3165661433087,31110,21,13761,-16.577422340886557,34221,11675.0,14601
13874.0,0,12258.0,39988,15505,6.0,2025.0,0,0,-44.409430987797094,24436,21,13343,-16.430269749591577,28544,11392.0,14359
13939.0,0,12790.0,40891,15731,6.0,2025.0,0,0,-44.47204488811676,33735,21,14604,-16.41016566931134,33858,12273.0,14960
13462.0,0,12482.0,36485,15353,4.0,2025.0,0,0,-44.44088936194679,29989,15,14352,-16.497911748339742,29657,12023.0,14639
13256.0,0,12837.0,34746,15166,4.0,2025.0,0,0,-44.273242841970564,32383,15,14399,-16.321088305895415,34004,12175.0,14943
13564.0,0,12684.0,37877,15422,4.0,2025.0,0,0,-44.21101998819255,30968,15,13983,-16.62778509121088,31462,12077.0,14677
13442.0,0,12678.0,39587,15144,6.0,2025.0,0,0,-44.26809447940678,32992,21,14096,-16.597621275859886,33784,12117.0,14477
14031.0,0,13025.0,43344,15308,4.0,2025.0,0,0,-44.53496713890353,36823,15,13949,-16.260391423122027,39302,11876.0,14762
13526.0,0,12611.0,40327,15085,4.0,2025.0,0,0,-44.24183130244774,34613,15,13674,-16.38402751323175,36791,11637.0,14634
12965.0,0,11826.0,35253,14772,4.0,2025.0,0,0,-44.44810379799595,30464,15,13642,-16.373433946935506,30028,11519.0,13883
13649.0,0,12436.0,41157,15116,4.0,2025.0,0,0,-44.21802537670603,31373,15,13315,-16.587688847169797,34262,11540.0,14263
13284.0,0,12336.0,40997,15085,4.0,2025.0,0,0,-44.28581411907306,34083,15,14029,-16.418906256303725,35014,12091.0,14300
12908.0,0,12203.0,35064,14706,6.0,2025.0,0,0,-44.20501625260349,30202,21,13780,-16.362652863269115,30586,11699.0,14169
13041.0,0,12518.0,37528,14725,4.0,2025.0,0,0,-44.27500690578386,33303,15,13768,-16.34059524951015,35943,11893.0,14473
13114.0,0,12260.0,36112,14912,4.0,2025.0,0,0,-44.20448633471514,31996,15,13939,-16.34616268764504,31826,11783.0,14405
13199.0,0,12661.0,37383,14746,4.0,2025.0,0,0,-44.32844494517042,33978,15,13853,-16.493902655728537,34836,11931.0,14488
13072.0,0,12046.0,36567,14770,4.0,2025.0,0,0,-44.330343713534404,31383,15,13771,-16.332520370071254,32478,11543.0,14273
13218.0,0,12389.0,36014,15248,6.0,2025.0,0,0,-44.3218766812237,30481,21,14269,-16.5761423370583,31036,11787.0,14584
12344.0,0,11721.0,37638,14138,4.0,2025.0,0,0,-44.278731451273465,33960,15,13453,-16.40118770786231,34419,11247.0,13792
13257.0,0,12402.0,37014,15190,4.0,2025.0,0,0,-44.18139180134454,31694,15,13749,-16.446775018972044,30743,11794.0,14371
12957.0,0,12339.0,35756,15049,4.0,2025.0,0,0,-44.428826768510085,32776,15,14112,-16.517892347332992,32224,11940.0,14446
12373.0,0,11995.0,41311,14433,6.0,2025.0,0,0,-44.25489204991156,36781,21,13821,-16.601144627305818,36926,11560.0,14012
12425.0,0,11926.0,35130,14213,4.0,2025.0,0,0,-44.36099858381691,34066,15,13646,-16.31919132382259,33573,11680.0,13914
12753.0,0,11571.0,35744,14328,4.0,2025.0,0,0,-44.34552838305571,29675,15,13215,-16.465350039662,30740,11183.0,13605
12873.0,0,11837.0,39317,14634,4.0,2025.0,0,0,-44.48271190930743,33531,15,13516,-16.40747706706757,34962,11267.0,13953
13113.0,0,12030.0,39419,14944,4.0,2025.0,0,0,-44.63419916474306,34425,15,13682,-16.318833583543245,36563,11221.0,14233
13652.0,0,12760.0,41772,15184,4.0,2025.0,0,0,-44.881782226604884,32756,15,13935,-16.383016457310084,35483,11893.0,14577
13558.0,0,12113.0,37366,15163,4.0,2025.0,0,0,-44.66689923514627,26810,15,13470,-16.54543012468243,28837,11481.0,14194
14327.0,0,12084.0,45478,15525,4.0,2025.0,0,0,-44.70947857280439,28770,15,13442,-16.62396364179525,30512,11572.0,13974
13300.0,0,12781.0,37009,14858,4.0,2025.0,0,0,-44.557117116228106,33394,15,14050,-16.345468338650843,34539,12257.0,14481
13334.0,0,12049.0,36578,14717,4.0,2025.0,0,0,-44.70094108840929,31810,15,13754,-16.3908849328088,30670,11782.0,14111
13433.0,0,12425.0,31030,15360,4.0,2025.0,0,0,-44.68133854128247,26011,15,13625,-16.53928049023334,28239,11611.0,14638
13720.0,0,12223.0,41793,15038,4.0,2025.0,0,0,-44.88353936013729,33810,15,13475,-16.409678456005416,35055,11560.0,14117
13799.0,0,12841.0,41593,15179,4.0,2025.0,0,0,-44.598841862790536,31584,15,13812,-16.507608679568797,36284,11868.0,14701
14025.0,0,12880.0,42341,15559,4.0,2025.0,0,0,-44.75786073984053,31084,15,13697,-16.26825085207543,34691,11841.0,14685
13711.0,0,12892.0,42387,14933,4.0,2025.0,0,0,-44.782634041916175,33615,15,14036,-16.332517781596938,36901,11920.0,14545
14587.0,0,12433.0,48675,15378,4.0,2025.0,0,0,-44.67056074143002,31012,15,13296,-16.531272983410716,36093,11318.0,14490
13771.0,0,12115.0,40664,15246,4.0,2025.0,0,0,-44.61173256829782,29385,15,13767,-16.597604249404434,29914,11541.0,14114
13699.0,0,12522.0,40705,14860,4.0,2025.0,0,0,-44.873278852086386,31011,15,13415,-16.590411444475812,33803,11669.0,14126
13149.0,0,11764.0,37574,14794,4.0,2025.0,0,0,-44.60209610760543,29653,15,13475,-16.60112788392886,30648,11424.0,13970
13702.0,0,12137.0,40434,15205,6.0,2025.0,0,0,-44.79985832478613,29760,21,13416,-16.319182137299844,30592,11318.0,14090
13406.0,0,12374.0,37182,15161,6.0,2025.0,0,0,-44.89734991422854,28086,21,13687,-16.41668493159015,31213,11536.0,14438
13591.0,0,12313.0,39467,15129,4.0,2025.0,0,0,-44.69194001151676,32736,15,14054,-16.51789831741954,32744,11786.0,14469
13997.0,0,11858.0,43595,15437,6.0,2025.0,0,0,-44.64380037631018,26411,21,13450,-16.576125094338224,28988,11396.0,14210
13744.0,0,12392.0,41877,15158,4.0,2025.0,0,0,-44.69322343217778,29933,15,13785,-16.598661031468403,33663,11643.0,14464
13228.0,0,12330.0,35890,14619,4.0,2025.0,0,0,-44.82102939096897,32580,15,13584,-16.513808759543224,33762,11759.0,14045
13117.0,0,12083.0,37659,14710,4.0,2025.0,0,0,-44.79986978878752,31066,15,13763,-16.606509522729613,32013,11549.0,14009
13760.0,0,12361.0,42679,15338,6.0,2025.0,0,0,-44.552785085261576,32059,21,13709,-16.306601476196867,32538,11708.0,14336
13610.0,0,11958.0,37489,15074,4.0,2025.0,0,0,-44.732505480772105,29940,15,13551,-16.257652146851104,31803,11347.0,14070
14684.0,0,13366.0,46904,15976,4.0,2025.0,0,0,-44.88435543966452,31926,15,14210,-16.378884353272895,36619,12116.0,15095
13686.0,0,11518.0,39308,14924,4.0,2025.0,0,0,-44.734321099658615,28997,15,13351,-16.59294935524574,28637,11245.0,13640
14423.0,0,12653.0,45929,15662,4.0,2025.0,0,0,-44.73478009655945,29840,15,13917,-16.623630415963447,34706,11794.0,14743
14439.0,0,12875.0,44704,15797,6.0,2025.0,0,0,-44.9213063247675,29623,21,14028,-16.535814439638262,32043,11791.0,14742
14356.0,0,12495.0,42742,15787,6.0,2025.0,0,0,-44.70485894804684,24276,21,13300,-16.576815381671953,28940,11472.0,14327
14445.0,0,12814.0,43158,15936,6.0,2025.0,0,0,-44.90046157856786,26543,21,13401,-16.541447445298886,30992,11497.0,14745
13344.0,0,12003.0,35757,15111,6.0,2025.0,0,0,-44.875698318473496,27794,21,13605,-16.54541400549935,29259,11478.0,14048
14490.0,0,12978.0,43978,15914,6.0,2025.0,0,0,-44.91955778597616,27764,21,13648,-16.590737312255875,33113,11682.0,14841
14008.0,0,13185.0,40262,15216,6.0,2025.0,0,0,-44.82706317712208,33063,21,13686,-16.28785932465265,36270,12015.0,14532
14363.0,0,12632.0,43810,15464,4.0,2025.0,0,0,-45.06807000518839,32536,15,13871,-16.517898338148612,33191,12067.0,14368
13385.0,0,12729.0,35343,14933,4.0,2025.0,0,0,-45.002622857711096,30072,15,13940,-16.410165703366886,30745,12210.0,14522
14091.0,0,13285.0,41924,15584,6.0,2025.0,0,0,-44.93324711295045,32027,21,14011,-16.345468354101868,36000,12146.0,14873
13674.0,0,12929.0,37161,15150,4.0,2025.0,0,0,-45.09016190552101,32038,15,14124,-16.321105191521948,32746,12369.0,14633
13268.0,0,12479.0,36014,14859,4.0,2025.0,0,0,-45.01373268927693,31447,15,13720,-16.286008463125448,32740,11866.0,14175
13781.0,0,13224.0,37613,15415,4.0,2025.0,0,0,-44.93173697085168,30586,15,14347,-16.46527215361932,33359,12386.0,14981
13010.0,0,12443.0,32262,14729,4.0,2025.0,0,0,-44.974971858566136,30408,15,13969,-16.507608698304406,29350,11965.0,14325
13515.0,0,12164.0,38419,15116,4.0,2025.0,0,0,-44.976709907825466,29965,15,13719,-16.28717318752113,29833,11602.0,14097
13469.0,0,12264.0,38271,14837,4.0,2025.0,0,0,-45.07406828113365,30598,15,13253,-16.518997130969552,31093,11591.0,13877
13366.0,0,12727.0,34359,14979,4.0,2025.0,0,0,-44.99989233306215,32179,15,14176,-16.413172748297196,32427,12248.0,14528
13454.0,0,12434.0,39993,14707,6.0,2025.0,0,0,-44.93258069132878,28942,21,13616,-16.55825175450705,31063,11588.0,14240
13895.0,0,12371.0,40172,15258,4.0,2025.0,0,0,-45.04302922938226,31111,15,13701,-16.545430145335768,31898,11679.0,14143
13603.0,0,12073.0,40433,14884,4.0,2025.0,0,0,-44.97822610330868,29282,15,13541,-16.601127904148353,29509,11509.0,13964
13697.0,0,12710.0,39275,15062,4.0,2025.0,0,0,-44.95283307649049,30069,15,13672,-16.616742762070743,32677,11634.0,14559
14221.0,0,12423.0,44962,15469,4.0,2025.0,0,0,-45.01591378457207,27701,15,13620,-16.577404349712882,30614,11513.0,14284
14551.0,0,13024.0,44573,15911,4.0,2025.0,0,0,-44.96025857920391,30305,15,13631,-16.43021948969219,33927,11797.0,14797
13034.0,0,11961.0,34569,14686,4.0,2025.0,0,0,-45.01058487910222,31002,15,13398,-16.40748705056045,29366,11368.0,13822
13526.0,0,12358.0,35645,14958,4.0,2025.0,0,0,-45.05746853519217,28589,15,13690,-16.539280511079298,29763,11651.0,14197
14811.0,0,12296.0,49544,15841,4.0,2025.0,0,0,-44.92891508208146,31212,15,13718,-16.306601490970504,33375,11632.0,14190
13280.0,0,12419.0,33492,14978,4.0,2025.0,0,0,-44.98786256378155,30094,15,13703,-16.597604269762012,30940,11622.0,14131
14187.0,0,12735.0,41455,15564,4.0,2025.0,0,0,-45.010734856093855,29159,15,13702,-16.30454759085636,31139,11580.0,14589
13528.0,0,12312.0,38216,14752,4.0,2025.0,0,0,-45.0781170139781,31258,15,13509,-16.34051965657128,33813,11535.0,14123
13456.0,0,12034.0,38796,14939,4.0,2025.0,0,0,-44.93291282019184,27844,15,13481,-16.422460918872623,29903,11374.0,13968
12129.0,0,11811.0,26852,14015,9.0,2025.0,0,0,-43.45442655831656,25871,29,13399,-16.963591085271855,26386,11656.0,13753
11726.0,0,11467.0,23295,13449,9.0,2025.0,0,0,-43.51164323697714,21791,29,12803,-16.9087150335426,21971,11374.0,12926
9310.0,65535,9030.0,16687,7812,8.0,2025.0,65535,65535,-45.02550363884022,15286,33,6151,-16.693972620196917,13891,8370.0,5749
8839.0,65535,8732.0,14211,5786,8.0,2025.0,65535,65535,-45.06385590042356,13271,33,4814,-16.36270440749606,13560,8669.0,5161
