system:index,area,classe,id_bacia,year,.geo
1_1_1_1_1_1_1_1_1_1_1_1_1_1_1_1_1_1_1_1_1_1_1_1_1_1_1_1_1_1_1_1_1_1_1_1_1_1_1_1_1_1_1_1_1_1_1_2_1_1_1_1_1_1_1_1_2_0,10873.100942286608,3,7754,2016,"{""type"":""Point"",""coordinates"":[0.0,0.0]}"
1_1_1_1_1_1_1_1_1_1_1_1_1_1_1_1_1_1_1_1_1_1_1_1_1_1_1_1_1_1_1_1_1_1_1_1_1_1_1_1_1_1_1_1_1_1_1_2_1_1_1_1_1_1_1_1_2_1,67558.47110307608,4,7754,2016,"{""type"":""Point"",""coordinates"":[0.0,0.0]}"
1_1_1_1_1_1_1_1_1_1_1_1_1_1_1_1_1_1_1_1_1_1_1_1_1_1_1_1_1_1_1_1_1_1_1_1_1_1_1_1_1_1_1_1_1_1_1_2_1_1_1_1_1_1_1_1_2_2,70.24818061523439,12,7754,2016,"{""type"":""Point"",""coordinates"":[0.0,0.0]}"
1_1_1_1_1_1_1_1_1_1_1_1_1_1_1_1_1_1_1_1_1_1_1_1_1_1_1_1_1_1_1_1_1_1_1_1_1_1_1_1_1_1_1_1_1_1_1_2_1_1_1_1_1_1_1_1_2_3,104546.205204488,21,7754,2016,"{""type"":""Point"",""coordinates"":[0.0,0.0]}"
1_1_1_1_1_1_1_1_1_1_1_1_1_1_1_1_1_1_1_1_1_1_1_1_1_1_1_1_1_1_1_1_1_1_1_1_1_1_1_1_1_1_1_1_1_1_1_2_1_1_1_1_1_1_1_1_2_4,0.6104738220214844,22,7754,2016,"{""type"":""Point"",""coordinates"":[0.0,0.0]}"
1_1_1_1_1_1_1_1_1_1_1_1_1_1_1_1_1_1_1_1_1_1_1_1_1_1_1_1_1_1_1_1_1_1_1_1_1_1_1_1_1_1_1_1_1_1_1_2_1_1_1_1_1_1_1_1_2_5,11.594854593936695,29,7754,2016,"{""type"":""Point"",""coordinates"":[0.0,0.0]}"
1_1_1_1_1_1_1_1_1_1_1_1_1_1_1_1_1_1_1_1_1_1_1_1_1_1_1_1_1_1_1_1_1_1_1_1_1_1_1_1_1_1_1_1_1_1_1_2_1_1_1_1_1_1_1_1_2_6,83.08042945070753,33,7754,2016,"{""type"":""Point"",""coordinates"":[0.0,0.0]}"
1_1_1_1_1_1_1_1_1_1_1_1_1_1_1_1_1_1_1_1_1_1_1_1_1_1_1_1_1_1_1_1_1_1_1_1_1_1_1_1_1_1_1_1_1_1_1_2_1_1_1_1_1_1_1_2_0,12943.52647957018,3,7754,2017,"{""type"":""Point"",""coordinates"":[0.0,0.0]}"
1_1_1_1_1_1_1_1_1_1_1_1_1_1_1_1_1_1_1_1_1_1_1_1_1_1_1_1_1_1_1_1_1_1_1_1_1_1_1_1_1_1_1_1_1_1_1_2_1_1_1_1_1_1_1_2_1,66054.00620986105,4,7754,2017,"{""type"":""Point"",""coordinates"":[0.0,0.0]}"
1_1_1_1_1_1_1_1_1_1_1_1_1_1_1_1_1_1_1_1_1_1_1_1_1_1_1_1_1_1_1_1_1_1_1_1_1_1_1_1_1_1_1_1_1_1_1_2_1_1_1_1_1_1_1_2_2,12.991181976318366,12,7754,2017,"{""type"":""Point"",""coordinates"":[0.0,0.0]}"
1_1_1_1_1_1_1_1_1_1_1_1_1_1_1_1_1_1_1_1_1_1_1_1_1_1_1_1_1_1_1_1_1_1_1_1_1_1_1_1_1_1_1_1_1_1_1_2_1_1_1_1_1_1_1_2_3,104095.97125608362,21,7754,2017,"{""type"":""Point"",""coordinates"":[0.0,0.0]}"
1_1_1_1_1_1_1_1_1_1_1_1_1_1_1_1_1_1_1_1_1_1_1_1_1_1_1_1_1_1_1_1_1_1_1_1_1_1_1_1_1_1_1_1_1_1_1_2_1_1_1_1_1_1_1_2_4,0.17439530029296874,22,7754,2017,"{""type"":""Point"",""coordinates"":[0.0,0.0]}"
1_1_1_1_1_1_1_1_1_1_1_1_1_1_1_1_1_1_1_1_1_1_1_1_1_1_1_1_1_1_1_1_1_1_1_1_1_1_1_1_1_1_1_1_1_1_1_2_1_1_1_1_1_1_1_2_5,0.17422587280273438,29,7754,2017,"{""type"":""Point"",""coordinates"":[0.0,0.0]}"
1_1_1_1_1_1_1_1_1_1_1_1_1_1_1_1_1_1_1_1_1_1_1_1_1_1_1_1_1_1_1_1_1_1_1_1_1_1_1_1_1_1_1_1_1_1_1_2_1_1_1_1_1_1_1_2_6,36.46743966234396,33,7754,2017,"{""type"":""Point"",""coordinates"":[0.0,0.0]}"
1_1_1_1_1_1_1_1_1_1_1_1_1_1_1_1_1_1_1_1_1_1_1_1_1_1_1_1_1_1_1_1_1_1_1_1_1_1_1_1_1_1_1_1_1_1_1_2_1_1_1_1_1_1_2_0,12661.821174581164,3,7754,2018,"{""type"":""Point"",""coordinates"":[0.0,0.0]}"
1_1_1_1_1_1_1_1_1_1_1_1_1_1_1_1_1_1_1_1_1_1_1_1_1_1_1_1_1_1_1_1_1_1_1_1_1_1_1_1_1_1_1_1_1_1_1_2_1_1_1_1_1_1_2_1,65838.50099048208,4,7754,2018,"{""type"":""Point"",""coordinates"":[0.0,0.0]}"
1_1_1_1_1_1_1_1_1_1_1_1_1_1_1_1_1_1_1_1_1_1_1_1_1_1_1_1_1_1_1_1_1_1_1_1_1_1_1_1_1_1_1_1_1_1_1_2_1_1_1_1_1_1_2_2,9.204134412458831,12,7754,2018,"{""type"":""Point"",""coordinates"":[0.0,0.0]}"
1_1_1_1_1_1_1_1_1_1_1_1_1_1_1_1_1_1_1_1_1_1_1_1_1_1_1_1_1_1_1_1_1_1_1_1_1_1_1_1_1_1_1_1_1_1_1_2_1_1_1_1_1_1_2_3,104497.78291797996,21,7754,2018,"{""type"":""Point"",""coordinates"":[0.0,0.0]}"
1_1_1_1_1_1_1_1_1_1_1_1_1_1_1_1_1_1_1_1_1_1_1_1_1_1_1_1_1_1_1_1_1_1_1_1_1_1_1_1_1_1_1_1_1_1_1_2_1_1_1_1_1_1_2_4,1.5464372639255894,22,7754,2018,"{""type"":""Point"",""coordinates"":[0.0,0.0]}"
1_1_1_1_1_1_1_1_1_1_1_1_1_1_1_1_1_1_1_1_1_1_1_1_1_1_1_1_1_1_1_1_1_1_1_1_1_1_1_1_1_1_1_1_1_1_1_2_1_1_1_1_1_1_2_5,0.17415041503906248,29,7754,2018,"{""type"":""Point"",""coordinates"":[0.0,0.0]}"
1_1_1_1_1_1_1_1_1_1_1_1_1_1_1_1_1_1_1_1_1_1_1_1_1_1_1_1_1_1_1_1_1_1_1_1_1_1_1_1_1_1_1_1_1_1_1_2_1_1_1_1_1_1_2_6,134.28138319761976,33,7754,2018,"{""type"":""Point"",""coordinates"":[0.0,0.0]}"
1_1_1_1_1_1_1_1_1_1_1_1_1_1_1_1_1_1_1_1_1_1_1_1_1_1_1_1_1_1_1_1_1_1_1_1_1_1_1_1_1_1_1_1_1_1_1_2_1_1_1_1_1_2_0,18766.19531481079,3,7754,2019,"{""type"":""Point"",""coordinates"":[0.0,0.0]}"
1_1_1_1_1_1_1_1_1_1_1_1_1_1_1_1_1_1_1_1_1_1_1_1_1_1_1_1_1_1_1_1_1_1_1_1_1_1_1_1_1_1_1_1_1_1_1_2_1_1_1_1_1_2_1,59967.99495594567,4,7754,2019,"{""type"":""Point"",""coordinates"":[0.0,0.0]}"
1_1_1_1_1_1_1_1_1_1_1_1_1_1_1_1_1_1_1_1_1_1_1_1_1_1_1_1_1_1_1_1_1_1_1_1_1_1_1_1_1_1_1_1_1_1_1_2_1_1_1_1_1_2_2,54.56658037863342,12,7754,2019,"{""type"":""Point"",""coordinates"":[0.0,0.0]}"
1_1_1_1_1_1_1_1_1_1_1_1_1_1_1_1_1_1_1_1_1_1_1_1_1_1_1_1_1_1_1_1_1_1_1_1_1_1_1_1_1_1_1_1_1_1_1_2_1_1_1_1_1_2_3,104217.508352426,21,7754,2019,"{""type"":""Point"",""coordinates"":[0.0,0.0]}"
1_1_1_1_1_1_1_1_1_1_1_1_1_1_1_1_1_1_1_1_1_1_1_1_1_1_1_1_1_1_1_1_1_1_1_1_1_1_1_1_1_1_1_1_1_1_1_2_1_1_1_1_1_2_4,137.04598477055572,33,7754,2019,"{""type"":""Point"",""coordinates"":[0.0,0.0]}"
1_1_1_1_1_1_1_1_1_1_1_1_1_1_1_1_1_1_1_1_1_1_1_1_1_1_1_1_1_1_1_1_1_1_1_1_1_1_1_1_1_1_1_1_1_1_1_2_1_1_1_1_2_0,10120.443038287081,3,7754,2020,"{""type"":""Point"",""coordinates"":[0.0,0.0]}"
1_1_1_1_1_1_1_1_1_1_1_1_1_1_1_1_1_1_1_1_1_1_1_1_1_1_1_1_1_1_1_1_1_1_1_1_1_1_1_1_1_1_1_1_1_1_1_2_1_1_1_1_2_1,77163.5432022563,4,7754,2020,"{""type"":""Point"",""coordinates"":[0.0,0.0]}"
1_1_1_1_1_1_1_1_1_1_1_1_1_1_1_1_1_1_1_1_1_1_1_1_1_1_1_1_1_1_1_1_1_1_1_1_1_1_1_1_1_1_1_1_1_1_1_2_1_1_1_1_2_2,111.57737088874379,12,7754,2020,"{""type"":""Point"",""coordinates"":[0.0,0.0]}"
1_1_1_1_1_1_1_1_1_1_1_1_1_1_1_1_1_1_1_1_1_1_1_1_1_1_1_1_1_1_1_1_1_1_1_1_1_1_1_1_1_1_1_1_1_1_1_2_1_1_1_1_2_3,95625.59240116167,21,7754,2020,"{""type"":""Point"",""coordinates"":[0.0,0.0]}"
1_1_1_1_1_1_1_1_1_1_1_1_1_1_1_1_1_1_1_1_1_1_1_1_1_1_1_1_1_1_1_1_1_1_1_1_1_1_1_1_1_1_1_1_1_1_1_2_1_1_1_1_2_4,0.5229456115722656,22,7754,2020,"{""type"":""Point"",""coordinates"":[0.0,0.0]}"
1_1_1_1_1_1_1_1_1_1_1_1_1_1_1_1_1_1_1_1_1_1_1_1_1_1_1_1_1_1_1_1_1_1_1_1_1_1_1_1_1_1_1_1_1_1_1_2_1_1_1_1_2_5,121.63223012582814,33,7754,2020,"{""type"":""Point"",""coordinates"":[0.0,0.0]}"
1_1_1_1_1_1_1_1_1_1_1_1_1_1_1_1_1_1_1_1_1_1_1_1_1_1_1_1_1_1_1_1_1_1_1_1_1_1_1_1_1_1_1_1_1_1_1_2_1_1_1_2_0,18268.10461927763,3,7754,2021,"{""type"":""Point"",""coordinates"":[0.0,0.0]}"
1_1_1_1_1_1_1_1_1_1_1_1_1_1_1_1_1_1_1_1_1_1_1_1_1_1_1_1_1_1_1_1_1_1_1_1_1_1_1_1_1_1_1_1_1_1_1_2_1_1_1_2_1,74490.16923842744,4,7754,2021,"{""type"":""Point"",""coordinates"":[0.0,0.0]}"
1_1_1_1_1_1_1_1_1_1_1_1_1_1_1_1_1_1_1_1_1_1_1_1_1_1_1_1_1_1_1_1_1_1_1_1_1_1_1_1_1_1_1_1_1_1_1_2_1_1_1_2_2,57.40692890634575,12,7754,2021,"{""type"":""Point"",""coordinates"":[0.0,0.0]}"
1_1_1_1_1_1_1_1_1_1_1_1_1_1_1_1_1_1_1_1_1_1_1_1_1_1_1_1_1_1_1_1_1_1_1_1_1_1_1_1_1_1_1_1_1_1_1_2_1_1_1_2_3,90157.96125355375,21,7754,2021,"{""type"":""Point"",""coordinates"":[0.0,0.0]}"
1_1_1_1_1_1_1_1_1_1_1_1_1_1_1_1_1_1_1_1_1_1_1_1_1_1_1_1_1_1_1_1_1_1_1_1_1_1_1_1_1_1_1_1_1_1_1_2_1_1_1_2_4,1.916535302734375,22,7754,2021,"{""type"":""Point"",""coordinates"":[0.0,0.0]}"
1_1_1_1_1_1_1_1_1_1_1_1_1_1_1_1_1_1_1_1_1_1_1_1_1_1_1_1_1_1_1_1_1_1_1_1_1_1_1_1_1_1_1_1_1_1_1_2_1_1_1_2_5,24.05356863403319,29,7754,2021,"{""type"":""Point"",""coordinates"":[0.0,0.0]}"
1_1_1_1_1_1_1_1_1_1_1_1_1_1_1_1_1_1_1_1_1_1_1_1_1_1_1_1_1_1_1_1_1_1_1_1_1_1_1_1_1_1_1_1_1_1_1_2_1_1_1_2_6,143.69904423363786,33,7754,2021,"{""type"":""Point"",""coordinates"":[0.0,0.0]}"
1_1_1_1_1_1_1_1_1_1_1_1_1_1_1_1_1_1_1_1_1_1_1_1_1_1_1_1_1_1_1_1_1_1_1_1_1_1_1_1_1_1_1_1_1_1_1_2_1_1_2_0,22676.960808383228,3,7754,2022,"{""type"":""Point"",""coordinates"":[0.0,0.0]}"
1_1_1_1_1_1_1_1_1_1_1_1_1_1_1_1_1_1_1_1_1_1_1_1_1_1_1_1_1_1_1_1_1_1_1_1_1_1_1_1_1_1_1_1_1_1_1_2_1_1_2_1,80637.89043383264,4,7754,2022,"{""type"":""Point"",""coordinates"":[0.0,0.0]}"
1_1_1_1_1_1_1_1_1_1_1_1_1_1_1_1_1_1_1_1_1_1_1_1_1_1_1_1_1_1_1_1_1_1_1_1_1_1_1_1_1_1_1_1_1_1_1_2_1_1_2_2,54.893721828373934,12,7754,2022,"{""type"":""Point"",""coordinates"":[0.0,0.0]}"
1_1_1_1_1_1_1_1_1_1_1_1_1_1_1_1_1_1_1_1_1_1_1_1_1_1_1_1_1_1_1_1_1_1_1_1_1_1_1_1_1_1_1_1_1_1_1_2_1_1_2_3,79518.07337684852,21,7754,2022,"{""type"":""Point"",""coordinates"":[0.0,0.0]}"
1_1_1_1_1_1_1_1_1_1_1_1_1_1_1_1_1_1_1_1_1_1_1_1_1_1_1_1_1_1_1_1_1_1_1_1_1_1_1_1_1_1_1_1_1_1_1_2_1_1_2_4,0.6096784606933593,22,7754,2022,"{""type"":""Point"",""coordinates"":[0.0,0.0]}"
1_1_1_1_1_1_1_1_1_1_1_1_1_1_1_1_1_1_1_1_1_1_1_1_1_1_1_1_1_1_1_1_1_1_1_1_1_1_1_1_1_1_1_1_1_1_1_2_1_1_2_5,5.749512976074218,29,7754,2022,"{""type"":""Point"",""coordinates"":[0.0,0.0]}"
1_1_1_1_1_1_1_1_1_1_1_1_1_1_1_1_1_1_1_1_1_1_1_1_1_1_1_1_1_1_1_1_1_1_1_1_1_1_1_1_1_1_1_1_1_1_1_2_1_1_2_6,249.13365601658307,33,7754,2022,"{""type"":""Point"",""coordinates"":[0.0,0.0]}"
1_1_1_1_1_1_1_1_1_1_1_1_1_1_1_1_1_1_1_1_1_1_1_1_1_1_1_1_1_1_1_1_1_1_1_1_1_1_1_1_1_1_1_1_1_1_1_2_1_2_0,17880.01073639051,3,7754,2023,"{""type"":""Point"",""coordinates"":[0.0,0.0]}"
1_1_1_1_1_1_1_1_1_1_1_1_1_1_1_1_1_1_1_1_1_1_1_1_1_1_1_1_1_1_1_1_1_1_1_1_1_1_1_1_1_1_1_1_1_1_1_2_1_2_1,88559.34151757698,4,7754,2023,"{""type"":""Point"",""coordinates"":[0.0,0.0]}"
1_1_1_1_1_1_1_1_1_1_1_1_1_1_1_1_1_1_1_1_1_1_1_1_1_1_1_1_1_1_1_1_1_1_1_1_1_1_1_1_1_1_1_1_1_1_1_2_1_2_2,24.02012094199985,12,7754,2023,"{""type"":""Point"",""coordinates"":[0.0,0.0]}"
1_1_1_1_1_1_1_1_1_1_1_1_1_1_1_1_1_1_1_1_1_1_1_1_1_1_1_1_1_1_1_1_1_1_1_1_1_1_1_1_1_1_1_1_1_1_1_2_1_2_3,76365.87829934573,21,7754,2023,"{""type"":""Point"",""coordinates"":[0.0,0.0]}"
1_1_1_1_1_1_1_1_1_1_1_1_1_1_1_1_1_1_1_1_1_1_1_1_1_1_1_1_1_1_1_1_1_1_1_1_1_1_1_1_1_1_1_1_1_1_1_2_1_2_4,33.625823335128494,29,7754,2023,"{""type"":""Point"",""coordinates"":[0.0,0.0]}"
1_1_1_1_1_1_1_1_1_1_1_1_1_1_1_1_1_1_1_1_1_1_1_1_1_1_1_1_1_1_1_1_1_1_1_1_1_1_1_1_1_1_1_1_1_1_1_2_1_2_5,280.43469075346184,33,7754,2023,"{""type"":""Point"",""coordinates"":[0.0,0.0]}"
1_1_1_1_1_1_1_1_1_1_1_1_1_1_1_1_1_1_1_1_1_1_1_1_1_1_1_1_1_1_1_1_1_1_1_1_1_1_1_1_1_1_1_1_1_1_1_2_2_0,26436.22052668638,3,7754,2024,"{""type"":""Point"",""coordinates"":[0.0,0.0]}"
1_1_1_1_1_1_1_1_1_1_1_1_1_1_1_1_1_1_1_1_1_1_1_1_1_1_1_1_1_1_1_1_1_1_1_1_1_1_1_1_1_1_1_1_1_1_1_2_2_1,81667.55918806452,4,7754,2024,"{""type"":""Point"",""coordinates"":[0.0,0.0]}"
1_1_1_1_1_1_1_1_1_1_1_1_1_1_1_1_1_1_1_1_1_1_1_1_1_1_1_1_1_1_1_1_1_1_1_1_1_1_1_1_1_1_1_1_1_1_1_2_2_2,20.848795531436696,12,7754,2024,"{""type"":""Point"",""coordinates"":[0.0,0.0]}"
1_1_1_1_1_1_1_1_1_1_1_1_1_1_1_1_1_1_1_1_1_1_1_1_1_1_1_1_1_1_1_1_1_1_1_1_1_1_1_1_1_1_1_1_1_1_1_2_2_3,74589.3531591577,21,7754,2024,"{""type"":""Point"",""coordinates"":[0.0,0.0]}"
1_1_1_1_1_1_1_1_1_1_1_1_1_1_1_1_1_1_1_1_1_1_1_1_1_1_1_1_1_1_1_1_1_1_1_1_1_1_1_1_1_1_1_1_1_1_1_2_2_4,48.403631576933,22,7754,2024,"{""type"":""Point"",""coordinates"":[0.0,0.0]}"
1_1_1_1_1_1_1_1_1_1_1_1_1_1_1_1_1_1_1_1_1_1_1_1_1_1_1_1_1_1_1_1_1_1_1_1_1_1_1_1_1_1_1_1_1_1_1_2_2_5,1.917673162841797,29,7754,2024,"{""type"":""Point"",""coordinates"":[0.0,0.0]}"
1_1_1_1_1_1_1_1_1_1_1_1_1_1_1_1_1_1_1_1_1_1_1_1_1_1_1_1_1_1_1_1_1_1_1_1_1_1_1_1_1_1_1_1_1_1_1_2_2_6,379.0082141693717,33,7754,2024,"{""type"":""Point"",""coordinates"":[0.0,0.0]}"
1_1_1_1_1_1_1_1_1_1_1_1_1_1_1_1_1_1_1_1_1_1_1_1_1_1_1_1_1_1_1_1_1_1_1_1_1_1_1_1_1_1_1_1_1_1_2_1_1_1_1_1_1_1_1_2_0,4467.162333457936,3,7581,2016,"{""type"":""Point"",""coordinates"":[0.0,0.0]}"
1_1_1_1_1_1_1_1_1_1_1_1_1_1_1_1_1_1_1_1_1_1_1_1_1_1_1_1_1_1_1_1_1_1_1_1_1_1_1_1_1_1_1_1_1_1_2_1_1_1_1_1_1_1_1_2_1,271004.1552837764,4,7581,2016,"{""type"":""Point"",""coordinates"":[0.0,0.0]}"
1_1_1_1_1_1_1_1_1_1_1_1_1_1_1_1_1_1_1_1_1_1_1_1_1_1_1_1_1_1_1_1_1_1_1_1_1_1_1_1_1_1_1_1_1_1_2_1_1_1_1_1_1_1_1_2_2,387959.17082985025,21,7581,2016,"{""type"":""Point"",""coordinates"":[0.0,0.0]}"
1_1_1_1_1_1_1_1_1_1_1_1_1_1_1_1_1_1_1_1_1_1_1_1_1_1_1_1_1_1_1_1_1_1_1_1_1_1_1_1_1_1_1_1_1_1_2_1_1_1_1_1_1_1_1_2_3,479.3813984883868,22,7581,2016,"{""type"":""Point"",""coordinates"":[0.0,0.0]}"
1_1_1_1_1_1_1_1_1_1_1_1_1_1_1_1_1_1_1_1_1_1_1_1_1_1_1_1_1_1_1_1_1_1_1_1_1_1_1_1_1_1_1_1_1_1_2_1_1_1_1_1_1_1_1_2_4,3.3043190614947155,29,7581,2016,"{""type"":""Point"",""coordinates"":[0.0,0.0]}"
1_1_1_1_1_1_1_1_1_1_1_1_1_1_1_1_1_1_1_1_1_1_1_1_1_1_1_1_1_1_1_1_1_1_1_1_1_1_1_1_1_1_1_1_1_1_2_1_1_1_1_1_1_1_1_2_5,2316.29479495472,33,7581,2016,"{""type"":""Point"",""coordinates"":[0.0,0.0]}"
1_1_1_1_1_1_1_1_1_1_1_1_1_1_1_1_1_1_1_1_1_1_1_1_1_1_1_1_1_1_1_1_1_1_1_1_1_1_1_1_1_1_1_1_1_1_2_1_1_1_1_1_1_1_2_0,2430.5486989116584,3,7581,2017,"{""type"":""Point"",""coordinates"":[0.0,0.0]}"
1_1_1_1_1_1_1_1_1_1_1_1_1_1_1_1_1_1_1_1_1_1_1_1_1_1_1_1_1_1_1_1_1_1_1_1_1_1_1_1_1_1_1_1_1_1_2_1_1_1_1_1_1_1_2_1,276664.78498333384,4,7581,2017,"{""type"":""Point"",""coordinates"":[0.0,0.0]}"
1_1_1_1_1_1_1_1_1_1_1_1_1_1_1_1_1_1_1_1_1_1_1_1_1_1_1_1_1_1_1_1_1_1_1_1_1_1_1_1_1_1_1_1_1_1_2_1_1_1_1_1_1_1_2_2,0.17738367919921877,12,7581,2017,"{""type"":""Point"",""coordinates"":[0.0,0.0]}"
1_1_1_1_1_1_1_1_1_1_1_1_1_1_1_1_1_1_1_1_1_1_1_1_1_1_1_1_1_1_1_1_1_1_1_1_1_1_1_1_1_1_1_1_1_1_2_1_1_1_1_1_1_1_2_3,385684.1936597013,21,7581,2017,"{""type"":""Point"",""coordinates"":[0.0,0.0]}"
1_1_1_1_1_1_1_1_1_1_1_1_1_1_1_1_1_1_1_1_1_1_1_1_1_1_1_1_1_1_1_1_1_1_1_1_1_1_1_1_1_1_1_1_1_1_2_1_1_1_1_1_1_1_2_4,33.26160225219728,22,7581,2017,"{""type"":""Point"",""coordinates"":[0.0,0.0]}"
1_1_1_1_1_1_1_1_1_1_1_1_1_1_1_1_1_1_1_1_1_1_1_1_1_1_1_1_1_1_1_1_1_1_1_1_1_1_1_1_1_1_1_1_1_1_2_1_1_1_1_1_1_1_2_5,0.46512446681602326,29,7581,2017,"{""type"":""Point"",""coordinates"":[0.0,0.0]}"
1_1_1_1_1_1_1_1_1_1_1_1_1_1_1_1_1_1_1_1_1_1_1_1_1_1_1_1_1_1_1_1_1_1_1_1_1_1_1_1_1_1_1_1_1_1_2_1_1_1_1_1_1_1_2_6,1416.037507253966,33,7581,2017,"{""type"":""Point"",""coordinates"":[0.0,0.0]}"
1_1_1_1_1_1_1_1_1_1_1_1_1_1_1_1_1_1_1_1_1_1_1_1_1_1_1_1_1_1_1_1_1_1_1_1_1_1_1_1_1_1_1_1_1_1_2_1_1_1_1_1_1_2_0,600.5129952631142,3,7581,2018,"{""type"":""Point"",""coordinates"":[0.0,0.0]}"
1_1_1_1_1_1_1_1_1_1_1_1_1_1_1_1_1_1_1_1_1_1_1_1_1_1_1_1_1_1_1_1_1_1_1_1_1_1_1_1_1_1_1_1_1_1_2_1_1_1_1_1_1_2_1,271563.77438881755,4,7581,2018,"{""type"":""Point"",""coordinates"":[0.0,0.0]}"
1_1_1_1_1_1_1_1_1_1_1_1_1_1_1_1_1_1_1_1_1_1_1_1_1_1_1_1_1_1_1_1_1_1_1_1_1_1_1_1_1_1_1_1_1_1_2_1_1_1_1_1_1_2_2,0.1773443359375,12,7581,2018,"{""type"":""Point"",""coordinates"":[0.0,0.0]}"
1_1_1_1_1_1_1_1_1_1_1_1_1_1_1_1_1_1_1_1_1_1_1_1_1_1_1_1_1_1_1_1_1_1_1_1_1_1_1_1_1_1_1_1_1_1_2_1_1_1_1_1_1_2_3,390328.50285842904,21,7581,2018,"{""type"":""Point"",""coordinates"":[0.0,0.0]}"
1_1_1_1_1_1_1_1_1_1_1_1_1_1_1_1_1_1_1_1_1_1_1_1_1_1_1_1_1_1_1_1_1_1_1_1_1_1_1_1_1_1_1_1_1_1_2_1_1_1_1_1_1_2_4,501.96265320745704,22,7581,2018,"{""type"":""Point"",""coordinates"":[0.0,0.0]}"
1_1_1_1_1_1_1_1_1_1_1_1_1_1_1_1_1_1_1_1_1_1_1_1_1_1_1_1_1_1_1_1_1_1_1_1_1_1_1_1_1_1_1_1_1_1_2_1_1_1_1_1_1_2_5,1.2420434631347657,29,7581,2018,"{""type"":""Point"",""coordinates"":[0.0,0.0]}"
1_1_1_1_1_1_1_1_1_1_1_1_1_1_1_1_1_1_1_1_1_1_1_1_1_1_1_1_1_1_1_1_1_1_1_1_1_1_1_1_1_1_1_1_1_1_2_1_1_1_1_1_1_2_6,3233.2966760778636,33,7581,2018,"{""type"":""Point"",""coordinates"":[0.0,0.0]}"
1_1_1_1_1_1_1_1_1_1_1_1_1_1_1_1_1_1_1_1_1_1_1_1_1_1_1_1_1_1_1_1_1_1_1_1_1_1_1_1_1_1_1_1_1_1_2_1_1_1_1_1_2_0,3400.2765774731834,3,7581,2019,"{""type"":""Point"",""coordinates"":[0.0,0.0]}"
1_1_1_1_1_1_1_1_1_1_1_1_1_1_1_1_1_1_1_1_1_1_1_1_1_1_1_1_1_1_1_1_1_1_1_1_1_1_1_1_1_1_1_1_1_1_2_1_1_1_1_1_2_1,237327.41015520744,4,7581,2019,"{""type"":""Point"",""coordinates"":[0.0,0.0]}"
1_1_1_1_1_1_1_1_1_1_1_1_1_1_1_1_1_1_1_1_1_1_1_1_1_1_1_1_1_1_1_1_1_1_1_1_1_1_1_1_1_1_1_1_1_1_2_1_1_1_1_1_2_2,0.9758517456054687,12,7581,2019,"{""type"":""Point"",""coordinates"":[0.0,0.0]}"
1_1_1_1_1_1_1_1_1_1_1_1_1_1_1_1_1_1_1_1_1_1_1_1_1_1_1_1_1_1_1_1_1_1_1_1_1_1_1_1_1_1_1_1_1_1_2_1_1_1_1_1_2_3,422052.2962490247,21,7581,2019,"{""type"":""Point"",""coordinates"":[0.0,0.0]}"
1_1_1_1_1_1_1_1_1_1_1_1_1_1_1_1_1_1_1_1_1_1_1_1_1_1_1_1_1_1_1_1_1_1_1_1_1_1_1_1_1_1_1_1_1_1_2_1_1_1_1_1_2_4,73.3454323107192,22,7581,2019,"{""type"":""Point"",""coordinates"":[0.0,0.0]}"
1_1_1_1_1_1_1_1_1_1_1_1_1_1_1_1_1_1_1_1_1_1_1_1_1_1_1_1_1_1_1_1_1_1_1_1_1_1_1_1_1_1_1_1_1_1_2_1_1_1_1_1_2_5,0.08871253051757813,29,7581,2019,"{""type"":""Point"",""coordinates"":[0.0,0.0]}"
1_1_1_1_1_1_1_1_1_1_1_1_1_1_1_1_1_1_1_1_1_1_1_1_1_1_1_1_1_1_1_1_1_1_1_1_1_1_1_1_1_1_1_1_1_1_2_1_1_1_1_1_2_6,3375.0759812777233,33,7581,2019,"{""type"":""Point"",""coordinates"":[0.0,0.0]}"
1_1_1_1_1_1_1_1_1_1_1_1_1_1_1_1_1_1_1_1_1_1_1_1_1_1_1_1_1_1_1_1_1_1_1_1_1_1_1_1_1_1_1_1_1_1_2_1_1_1_1_2_0,1748.8999528678246,3,7581,2020,"{""type"":""Point"",""coordinates"":[0.0,0.0]}"
1_1_1_1_1_1_1_1_1_1_1_1_1_1_1_1_1_1_1_1_1_1_1_1_1_1_1_1_1_1_1_1_1_1_1_1_1_1_1_1_1_1_1_1_1_1_2_1_1_1_1_2_1,235270.62017436058,4,7581,2020,"{""type"":""Point"",""coordinates"":[0.0,0.0]}"
1_1_1_1_1_1_1_1_1_1_1_1_1_1_1_1_1_1_1_1_1_1_1_1_1_1_1_1_1_1_1_1_1_1_1_1_1_1_1_1_1_1_1_1_1_1_2_1_1_1_1_2_2,2.5719881469726555,12,7581,2020,"{""type"":""Point"",""coordinates"":[0.0,0.0]}"
1_1_1_1_1_1_1_1_1_1_1_1_1_1_1_1_1_1_1_1_1_1_1_1_1_1_1_1_1_1_1_1_1_1_1_1_1_1_1_1_1_1_1_1_1_1_2_1_1_1_1_2_3,423972.37497511104,21,7581,2020,"{""type"":""Point"",""coordinates"":[0.0,0.0]}"
1_1_1_1_1_1_1_1_1_1_1_1_1_1_1_1_1_1_1_1_1_1_1_1_1_1_1_1_1_1_1_1_1_1_1_1_1_1_1_1_1_1_1_1_1_1_2_1_1_1_1_2_4,1882.7701783883708,22,7581,2020,"{""type"":""Point"",""coordinates"":[0.0,0.0]}"
1_1_1_1_1_1_1_1_1_1_1_1_1_1_1_1_1_1_1_1_1_1_1_1_1_1_1_1_1_1_1_1_1_1_1_1_1_1_1_1_1_1_1_1_1_1_2_1_1_1_1_2_5,2.128297210693359,29,7581,2020,"{""type"":""Point"",""coordinates"":[0.0,0.0]}"
1_1_1_1_1_1_1_1_1_1_1_1_1_1_1_1_1_1_1_1_1_1_1_1_1_1_1_1_1_1_1_1_1_1_1_1_1_1_1_1_1_1_1_1_1_1_2_1_1_1_1_2_6,3350.103393479715,33,7581,2020,"{""type"":""Point"",""coordinates"":[0.0,0.0]}"
1_1_1_1_1_1_1_1_1_1_1_1_1_1_1_1_1_1_1_1_1_1_1_1_1_1_1_1_1_1_1_1_1_1_1_1_1_1_1_1_1_1_1_1_1_1_2_1_1_1_2_0,1245.5921663991342,3,7581,2021,"{""type"":""Point"",""coordinates"":[0.0,0.0]}"
1_1_1_1_1_1_1_1_1_1_1_1_1_1_1_1_1_1_1_1_1_1_1_1_1_1_1_1_1_1_1_1_1_1_1_1_1_1_1_1_1_1_1_1_1_1_2_1_1_1_2_1,258859.264896087,4,7581,2021,"{""type"":""Point"",""coordinates"":[0.0,0.0]}"
1_1_1_1_1_1_1_1_1_1_1_1_1_1_1_1_1_1_1_1_1_1_1_1_1_1_1_1_1_1_1_1_1_1_1_1_1_1_1_1_1_1_1_1_1_1_2_1_1_1_2_2,1.8623765075683594,12,7581,2021,"{""type"":""Point"",""coordinates"":[0.0,0.0]}"
1_1_1_1_1_1_1_1_1_1_1_1_1_1_1_1_1_1_1_1_1_1_1_1_1_1_1_1_1_1_1_1_1_1_1_1_1_1_1_1_1_1_1_1_1_1_2_1_1_1_2_3,400706.9643634351,21,7581,2021,"{""type"":""Point"",""coordinates"":[0.0,0.0]}"
1_1_1_1_1_1_1_1_1_1_1_1_1_1_1_1_1_1_1_1_1_1_1_1_1_1_1_1_1_1_1_1_1_1_1_1_1_1_1_1_1_1_1_1_1_1_2_1_1_1_2_4,959.9459018091571,22,7581,2021,"{""type"":""Point"",""coordinates"":[0.0,0.0]}"
1_1_1_1_1_1_1_1_1_1_1_1_1_1_1_1_1_1_1_1_1_1_1_1_1_1_1_1_1_1_1_1_1_1_1_1_1_1_1_1_1_1_1_1_1_1_2_1_1_1_2_5,0.0886536865234375,29,7581,2021,"{""type"":""Point"",""coordinates"":[0.0,0.0]}"
1_1_1_1_1_1_1_1_1_1_1_1_1_1_1_1_1_1_1_1_1_1_1_1_1_1_1_1_1_1_1_1_1_1_1_1_1_1_1_1_1_1_1_1_1_1_2_1_1_1_2_6,4455.750601659061,33,7581,2021,"{""type"":""Point"",""coordinates"":[0.0,0.0]}"
1_1_1_1_1_1_1_1_1_1_1_1_1_1_1_1_1_1_1_1_1_1_1_1_1_1_1_1_1_1_1_1_1_1_1_1_1_1_1_1_1_1_1_1_1_1_2_1_1_2_0,2334.3880160356357,3,7581,2022,"{""type"":""Point"",""coordinates"":[0.0,0.0]}"
1_1_1_1_1_1_1_1_1_1_1_1_1_1_1_1_1_1_1_1_1_1_1_1_1_1_1_1_1_1_1_1_1_1_1_1_1_1_1_1_1_1_1_1_1_1_2_1_1_2_1,259458.40936967815,4,7581,2022,"{""type"":""Point"",""coordinates"":[0.0,0.0]}"
1_1_1_1_1_1_1_1_1_1_1_1_1_1_1_1_1_1_1_1_1_1_1_1_1_1_1_1_1_1_1_1_1_1_1_1_1_1_1_1_1_1_1_1_1_1_2_1_1_2_2,1.2412958435058592,12,7581,2022,"{""type"":""Point"",""coordinates"":[0.0,0.0]}"
1_1_1_1_1_1_1_1_1_1_1_1_1_1_1_1_1_1_1_1_1_1_1_1_1_1_1_1_1_1_1_1_1_1_1_1_1_1_1_1_1_1_1_1_1_1_2_1_1_2_3,400144.68742583704,21,7581,2022,"{""type"":""Point"",""coordinates"":[0.0,0.0]}"
1_1_1_1_1_1_1_1_1_1_1_1_1_1_1_1_1_1_1_1_1_1_1_1_1_1_1_1_1_1_1_1_1_1_1_1_1_1_1_1_1_1_1_1_1_1_2_1_1_2_4,348.2488005444815,22,7581,2022,"{""type"":""Point"",""coordinates"":[0.0,0.0]}"
1_1_1_1_1_1_1_1_1_1_1_1_1_1_1_1_1_1_1_1_1_1_1_1_1_1_1_1_1_1_1_1_1_1_1_1_1_1_1_1_1_1_1_1_1_1_2_1_1_2_5,835.2990299377483,29,7581,2022,"{""type"":""Point"",""coordinates"":[0.0,0.0]}"
1_1_1_1_1_1_1_1_1_1_1_1_1_1_1_1_1_1_1_1_1_1_1_1_1_1_1_1_1_1_1_1_1_1_1_1_1_1_1_1_1_1_1_1_1_1_2_1_1_2_6,3107.1950217064973,33,7581,2022,"{""type"":""Point"",""coordinates"":[0.0,0.0]}"
1_1_1_1_1_1_1_1_1_1_1_1_1_1_1_1_1_1_1_1_1_1_1_1_1_1_1_1_1_1_1_1_1_1_1_1_1_1_1_1_1_1_1_1_1_1_2_1_2_0,4040.954048135303,3,7581,2023,"{""type"":""Point"",""coordinates"":[0.0,0.0]}"
1_1_1_1_1_1_1_1_1_1_1_1_1_1_1_1_1_1_1_1_1_1_1_1_1_1_1_1_1_1_1_1_1_1_1_1_1_1_1_1_1_1_1_1_1_1_2_1_2_1,270255.02214779763,4,7581,2023,"{""type"":""Point"",""coordinates"":[0.0,0.0]}"
1_1_1_1_1_1_1_1_1_1_1_1_1_1_1_1_1_1_1_1_1_1_1_1_1_1_1_1_1_1_1_1_1_1_1_1_1_1_1_1_1_1_1_1_1_1_2_1_2_2,1.8625680908203124,12,7581,2023,"{""type"":""Point"",""coordinates"":[0.0,0.0]}"
1_1_1_1_1_1_1_1_1_1_1_1_1_1_1_1_1_1_1_1_1_1_1_1_1_1_1_1_1_1_1_1_1_1_1_1_1_1_1_1_1_1_1_1_1_1_2_1_2_3,381781.75065086037,21,7581,2023,"{""type"":""Point"",""coordinates"":[0.0,0.0]}"
1_1_1_1_1_1_1_1_1_1_1_1_1_1_1_1_1_1_1_1_1_1_1_1_1_1_1_1_1_1_1_1_1_1_1_1_1_1_1_1_1_1_1_1_1_1_2_1_2_4,5464.6935678702885,22,7581,2023,"{""type"":""Point"",""coordinates"":[0.0,0.0]}"
1_1_1_1_1_1_1_1_1_1_1_1_1_1_1_1_1_1_1_1_1_1_1_1_1_1_1_1_1_1_1_1_1_1_1_1_1_1_1_1_1_1_1_1_1_1_2_1_2_5,4.878611541748048,29,7581,2023,"{""type"":""Point"",""coordinates"":[0.0,0.0]}"
1_1_1_1_1_1_1_1_1_1_1_1_1_1_1_1_1_1_1_1_1_1_1_1_1_1_1_1_1_1_1_1_1_1_1_1_1_1_1_1_1_1_1_1_1_1_2_1_2_6,4680.307365291833,33,7581,2023,"{""type"":""Point"",""coordinates"":[0.0,0.0]}"
1_1_1_1_1_1_1_1_1_1_1_1_1_1_1_1_1_1_1_1_1_1_1_1_1_1_1_1_1_1_1_1_1_1_1_1_1_1_1_1_1_1_1_1_1_1_2_2_0,8581.353197266866,3,7581,2024,"{""type"":""Point"",""coordinates"":[0.0,0.0]}"
1_1_1_1_1_1_1_1_1_1_1_1_1_1_1_1_1_1_1_1_1_1_1_1_1_1_1_1_1_1_1_1_1_1_1_1_1_1_1_1_1_1_1_1_1_1_2_2_1,264161.59303690615,4,7581,2024,"{""type"":""Point"",""coordinates"":[0.0,0.0]}"
1_1_1_1_1_1_1_1_1_1_1_1_1_1_1_1_1_1_1_1_1_1_1_1_1_1_1_1_1_1_1_1_1_1_1_1_1_1_1_1_1_1_1_1_1_1_2_2_2,0.3546768798828125,12,7581,2024,"{""type"":""Point"",""coordinates"":[0.0,0.0]}"
1_1_1_1_1_1_1_1_1_1_1_1_1_1_1_1_1_1_1_1_1_1_1_1_1_1_1_1_1_1_1_1_1_1_1_1_1_1_1_1_1_1_1_1_1_1_2_2_3,385873.1830271471,21,7581,2024,"{""type"":""Point"",""coordinates"":[0.0,0.0]}"
1_1_1_1_1_1_1_1_1_1_1_1_1_1_1_1_1_1_1_1_1_1_1_1_1_1_1_1_1_1_1_1_1_1_1_1_1_1_1_1_1_1_1_1_1_1_2_2_4,434.79736396920134,22,7581,2024,"{""type"":""Point"",""coordinates"":[0.0,0.0]}"
1_1_1_1_1_1_1_1_1_1_1_1_1_1_1_1_1_1_1_1_1_1_1_1_1_1_1_1_1_1_1_1_1_1_1_1_1_1_1_1_1_1_1_1_1_1_2_2_5,1.2420534667968748,29,7581,2024,"{""type"":""Point"",""coordinates"":[0.0,0.0]}"
1_1_1_1_1_1_1_1_1_1_1_1_1_1_1_1_1_1_1_1_1_1_1_1_1_1_1_1_1_1_1_1_1_1_1_1_1_1_1_1_1_1_1_1_1_1_2_2_6,7176.9456039748575,33,7581,2024,"{""type"":""Point"",""coordinates"":[0.0,0.0]}"
1_1_1_1_1_1_1_1_1_1_1_1_1_1_1_1_1_1_1_1_1_1_1_1_1_1_1_1_1_1_1_1_1_1_1_1_1_1_1_1_1_1_1_1_1_2_1_1_1_1_1_1_1_1_2_0,72.59205872551416,3,7625,2016,"{""type"":""Point"",""coordinates"":[0.0,0.0]}"
1_1_1_1_1_1_1_1_1_1_1_1_1_1_1_1_1_1_1_1_1_1_1_1_1_1_1_1_1_1_1_1_1_1_1_1_1_1_1_1_1_1_1_1_1_2_1_1_1_1_1_1_1_1_2_1,6977.312065751151,4,7625,2016,"{""type"":""Point"",""coordinates"":[0.0,0.0]}"
1_1_1_1_1_1_1_1_1_1_1_1_1_1_1_1_1_1_1_1_1_1_1_1_1_1_1_1_1_1_1_1_1_1_1_1_1_1_1_1_1_1_1_1_1_2_1_1_1_1_1_1_1_1_2_2,7.561279552863628,12,7625,2016,"{""type"":""Point"",""coordinates"":[0.0,0.0]}"
1_1_1_1_1_1_1_1_1_1_1_1_1_1_1_1_1_1_1_1_1_1_1_1_1_1_1_1_1_1_1_1_1_1_1_1_1_1_1_1_1_1_1_1_1_2_1_1_1_1_1_1_1_1_2_3,2356.4461525319107,21,7625,2016,"{""type"":""Point"",""coordinates"":[0.0,0.0]}"
1_1_1_1_1_1_1_1_1_1_1_1_1_1_1_1_1_1_1_1_1_1_1_1_1_1_1_1_1_1_1_1_1_1_1_1_1_1_1_1_1_1_1_1_1_2_1_1_1_1_1_1_1_1_2_4,2.8220402552226953,22,7625,2016,"{""type"":""Point"",""coordinates"":[0.0,0.0]}"
1_1_1_1_1_1_1_1_1_1_1_1_1_1_1_1_1_1_1_1_1_1_1_1_1_1_1_1_1_1_1_1_1_1_1_1_1_1_1_1_1_1_1_1_1_2_1_1_1_1_1_1_1_1_2_5,0.17493919677734376,29,7625,2016,"{""type"":""Point"",""coordinates"":[0.0,0.0]}"
1_1_1_1_1_1_1_1_1_1_1_1_1_1_1_1_1_1_1_1_1_1_1_1_1_1_1_1_1_1_1_1_1_1_1_1_1_1_1_1_1_1_1_1_1_2_1_1_1_1_1_1_1_2_0,192.57781660290343,3,7625,2017,"{""type"":""Point"",""coordinates"":[0.0,0.0]}"
1_1_1_1_1_1_1_1_1_1_1_1_1_1_1_1_1_1_1_1_1_1_1_1_1_1_1_1_1_1_1_1_1_1_1_1_1_1_1_1_1_1_1_1_1_2_1_1_1_1_1_1_1_2_1,6928.055592563472,4,7625,2017,"{""type"":""Point"",""coordinates"":[0.0,0.0]}"
1_1_1_1_1_1_1_1_1_1_1_1_1_1_1_1_1_1_1_1_1_1_1_1_1_1_1_1_1_1_1_1_1_1_1_1_1_1_1_1_1_1_1_1_1_2_1_1_1_1_1_1_1_2_2,2.3616196411132813,12,7625,2017,"{""type"":""Point"",""coordinates"":[0.0,0.0]}"
1_1_1_1_1_1_1_1_1_1_1_1_1_1_1_1_1_1_1_1_1_1_1_1_1_1_1_1_1_1_1_1_1_1_1_1_1_1_1_1_1_1_1_1_1_2_1_1_1_1_1_1_1_2_3,2291.5780011953575,21,7625,2017,"{""type"":""Point"",""coordinates"":[0.0,0.0]}"
1_1_1_1_1_1_1_1_1_1_1_1_1_1_1_1_1_1_1_1_1_1_1_1_1_1_1_1_1_1_1_1_1_1_1_1_1_1_1_1_1_1_1_1_1_2_1_1_1_1_1_1_1_2_4,1.985633793634153,22,7625,2017,"{""type"":""Point"",""coordinates"":[0.0,0.0]}"
1_1_1_1_1_1_1_1_1_1_1_1_1_1_1_1_1_1_1_1_1_1_1_1_1_1_1_1_1_1_1_1_1_1_1_1_1_1_1_1_1_1_1_1_1_2_1_1_1_1_1_1_1_2_5,0.349872216796875,29,7625,2017,"{""type"":""Point"",""coordinates"":[0.0,0.0]}"
1_1_1_1_1_1_1_1_1_1_1_1_1_1_1_1_1_1_1_1_1_1_1_1_1_1_1_1_1_1_1_1_1_1_1_1_1_1_1_1_1_1_1_1_1_2_1_1_1_1_1_1_2_0,76.94008742783494,3,7625,2018,"{""type"":""Point"",""coordinates"":[0.0,0.0]}"
1_1_1_1_1_1_1_1_1_1_1_1_1_1_1_1_1_1_1_1_1_1_1_1_1_1_1_1_1_1_1_1_1_1_1_1_1_1_1_1_1_1_1_1_1_2_1_1_1_1_1_1_2_1,7066.724019753785,4,7625,2018,"{""type"":""Point"",""coordinates"":[0.0,0.0]}"
1_1_1_1_1_1_1_1_1_1_1_1_1_1_1_1_1_1_1_1_1_1_1_1_1_1_1_1_1_1_1_1_1_1_1_1_1_1_1_1_1_1_1_1_1_2_1_1_1_1_1_1_2_2,6.909643548583988,12,7625,2018,"{""type"":""Point"",""coordinates"":[0.0,0.0]}"
1_1_1_1_1_1_1_1_1_1_1_1_1_1_1_1_1_1_1_1_1_1_1_1_1_1_1_1_1_1_1_1_1_1_1_1_1_1_1_1_1_1_1_1_1_2_1_1_1_1_1_1_2_3,2265.5475559619877,21,7625,2018,"{""type"":""Point"",""coordinates"":[0.0,0.0]}"
1_1_1_1_1_1_1_1_1_1_1_1_1_1_1_1_1_1_1_1_1_1_1_1_1_1_1_1_1_1_1_1_1_1_1_1_1_1_1_1_1_1_1_1_1_2_1_1_1_1_1_1_2_4,0.17493190307617187,22,7625,2018,"{""type"":""Point"",""coordinates"":[0.0,0.0]}"
1_1_1_1_1_1_1_1_1_1_1_1_1_1_1_1_1_1_1_1_1_1_1_1_1_1_1_1_1_1_1_1_1_1_1_1_1_1_1_1_1_1_1_1_1_2_1_1_1_1_1_1_2_5,0.08746646728515625,29,7625,2018,"{""type"":""Point"",""coordinates"":[0.0,0.0]}"
1_1_1_1_1_1_1_1_1_1_1_1_1_1_1_1_1_1_1_1_1_1_1_1_1_1_1_1_1_1_1_1_1_1_1_1_1_1_1_1_1_1_1_1_1_2_1_1_1_1_1_1_2_6,0.5248309509277345,33,7625,2018,"{""type"":""Point"",""coordinates"":[0.0,0.0]}"
1_1_1_1_1_1_1_1_1_1_1_1_1_1_1_1_1_1_1_1_1_1_1_1_1_1_1_1_1_1_1_1_1_1_1_1_1_1_1_1_1_1_1_1_1_2_1_1_1_1_1_2_0,65.36475939072555,3,7625,2019,"{""type"":""Point"",""coordinates"":[0.0,0.0]}"
1_1_1_1_1_1_1_1_1_1_1_1_1_1_1_1_1_1_1_1_1_1_1_1_1_1_1_1_1_1_1_1_1_1_1_1_1_1_1_1_1_1_1_1_1_2_1_1_1_1_1_2_1,7048.343854106824,4,7625,2019,"{""type"":""Point"",""coordinates"":[0.0,0.0]}"
1_1_1_1_1_1_1_1_1_1_1_1_1_1_1_1_1_1_1_1_1_1_1_1_1_1_1_1_1_1_1_1_1_1_1_1_1_1_1_1_1_1_1_1_1_2_1_1_1_1_1_2_2,7.1722901306152345,12,7625,2019,"{""type"":""Point"",""coordinates"":[0.0,0.0]}"
1_1_1_1_1_1_1_1_1_1_1_1_1_1_1_1_1_1_1_1_1_1_1_1_1_1_1_1_1_1_1_1_1_1_1_1_1_1_1_1_1_1_1_1_1_2_1_1_1_1_1_2_3,2294.8030656312135,21,7625,2019,"{""type"":""Point"",""coordinates"":[0.0,0.0]}"
1_1_1_1_1_1_1_1_1_1_1_1_1_1_1_1_1_1_1_1_1_1_1_1_1_1_1_1_1_1_1_1_1_1_1_1_1_1_1_1_1_1_1_1_1_2_1_1_1_1_1_2_4,0.9621628051757812,22,7625,2019,"{""type"":""Point"",""coordinates"":[0.0,0.0]}"
1_1_1_1_1_1_1_1_1_1_1_1_1_1_1_1_1_1_1_1_1_1_1_1_1_1_1_1_1_1_1_1_1_1_1_1_1_1_1_1_1_1_1_1_1_2_1_1_1_1_1_2_5,0.1749343933105469,29,7625,2019,"{""type"":""Point"",""coordinates"":[0.0,0.0]}"
1_1_1_1_1_1_1_1_1_1_1_1_1_1_1_1_1_1_1_1_1_1_1_1_1_1_1_1_1_1_1_1_1_1_1_1_1_1_1_1_1_1_1_1_1_2_1_1_1_1_1_2_6,0.0874695556640625,33,7625,2019,"{""type"":""Point"",""coordinates"":[0.0,0.0]}"
1_1_1_1_1_1_1_1_1_1_1_1_1_1_1_1_1_1_1_1_1_1_1_1_1_1_1_1_1_1_1_1_1_1_1_1_1_1_1_1_1_1_1_1_1_2_1_1_1_1_2_0,157.59959035240024,3,7625,2020,"{""type"":""Point"",""coordinates"":[0.0,0.0]}"
1_1_1_1_1_1_1_1_1_1_1_1_1_1_1_1_1_1_1_1_1_1_1_1_1_1_1_1_1_1_1_1_1_1_1_1_1_1_1_1_1_1_1_1_1_2_1_1_1_1_2_1,6873.985630875896,4,7625,2020,"{""type"":""Point"",""coordinates"":[0.0,0.0]}"
1_1_1_1_1_1_1_1_1_1_1_1_1_1_1_1_1_1_1_1_1_1_1_1_1_1_1_1_1_1_1_1_1_1_1_1_1_1_1_1_1_1_1_1_1_2_1_1_1_1_2_2,11.788487971119604,12,7625,2020,"{""type"":""Point"",""coordinates"":[0.0,0.0]}"
1_1_1_1_1_1_1_1_1_1_1_1_1_1_1_1_1_1_1_1_1_1_1_1_1_1_1_1_1_1_1_1_1_1_1_1_1_1_1_1_1_1_1_1_1_2_1_1_1_1_2_3,2370.648440815323,21,7625,2020,"{""type"":""Point"",""coordinates"":[0.0,0.0]}"
1_1_1_1_1_1_1_1_1_1_1_1_1_1_1_1_1_1_1_1_1_1_1_1_1_1_1_1_1_1_1_1_1_1_1_1_1_1_1_1_1_1_1_1_1_2_1_1_1_1_2_4,0.17495797119140624,22,7625,2020,"{""type"":""Point"",""coordinates"":[0.0,0.0]}"
1_1_1_1_1_1_1_1_1_1_1_1_1_1_1_1_1_1_1_1_1_1_1_1_1_1_1_1_1_1_1_1_1_1_1_1_1_1_1_1_1_1_1_1_1_2_1_1_1_1_2_5,2.7114280273437505,33,7625,2020,"{""type"":""Point"",""coordinates"":[0.0,0.0]}"
1_1_1_1_1_1_1_1_1_1_1_1_1_1_1_1_1_1_1_1_1_1_1_1_1_1_1_1_1_1_1_1_1_1_1_1_1_1_1_1_1_1_1_1_1_2_1_1_1_2_0,33.30597457143746,3,7625,2021,"{""type"":""Point"",""coordinates"":[0.0,0.0]}"
1_1_1_1_1_1_1_1_1_1_1_1_1_1_1_1_1_1_1_1_1_1_1_1_1_1_1_1_1_1_1_1_1_1_1_1_1_1_1_1_1_1_1_1_1_2_1_1_1_2_1,7017.7558947438765,4,7625,2021,"{""type"":""Point"",""coordinates"":[0.0,0.0]}"
1_1_1_1_1_1_1_1_1_1_1_1_1_1_1_1_1_1_1_1_1_1_1_1_1_1_1_1_1_1_1_1_1_1_1_1_1_1_1_1_1_1_1_1_1_2_1_1_1_2_2,3.822738558134191,12,7625,2021,"{""type"":""Point"",""coordinates"":[0.0,0.0]}"
1_1_1_1_1_1_1_1_1_1_1_1_1_1_1_1_1_1_1_1_1_1_1_1_1_1_1_1_1_1_1_1_1_1_1_1_1_1_1_1_1_1_1_1_1_2_1_1_1_2_3,2356.140684057841,21,7625,2021,"{""type"":""Point"",""coordinates"":[0.0,0.0]}"
1_1_1_1_1_1_1_1_1_1_1_1_1_1_1_1_1_1_1_1_1_1_1_1_1_1_1_1_1_1_1_1_1_1_1_1_1_1_1_1_1_1_1_1_1_2_1_1_1_2_4,5.183520095310586,22,7625,2021,"{""type"":""Point"",""coordinates"":[0.0,0.0]}"
1_1_1_1_1_1_1_1_1_1_1_1_1_1_1_1_1_1_1_1_1_1_1_1_1_1_1_1_1_1_1_1_1_1_1_1_1_1_1_1_1_1_1_1_1_2_1_1_1_2_5,0.6997239868164062,33,7625,2021,"{""type"":""Point"",""coordinates"":[0.0,0.0]}"
1_1_1_1_1_1_1_1_1_1_1_1_1_1_1_1_1_1_1_1_1_1_1_1_1_1_1_1_1_1_1_1_1_1_1_1_1_1_1_1_1_1_1_1_1_2_1_1_2_0,42.05584359324735,3,7625,2022,"{""type"":""Point"",""coordinates"":[0.0,0.0]}"
1_1_1_1_1_1_1_1_1_1_1_1_1_1_1_1_1_1_1_1_1_1_1_1_1_1_1_1_1_1_1_1_1_1_1_1_1_1_1_1_1_1_1_1_1_2_1_1_2_1,6926.683464144481,4,7625,2022,"{""type"":""Point"",""coordinates"":[0.0,0.0]}"
1_1_1_1_1_1_1_1_1_1_1_1_1_1_1_1_1_1_1_1_1_1_1_1_1_1_1_1_1_1_1_1_1_1_1_1_1_1_1_1_1_1_1_1_1_2_1_1_2_2,3.061354992675782,12,7625,2022,"{""type"":""Point"",""coordinates"":[0.0,0.0]}"
1_1_1_1_1_1_1_1_1_1_1_1_1_1_1_1_1_1_1_1_1_1_1_1_1_1_1_1_1_1_1_1_1_1_1_1_1_1_1_1_1_1_1_1_1_2_1_1_2_3,2440.6171438504807,21,7625,2022,"{""type"":""Point"",""coordinates"":[0.0,0.0]}"
1_1_1_1_1_1_1_1_1_1_1_1_1_1_1_1_1_1_1_1_1_1_1_1_1_1_1_1_1_1_1_1_1_1_1_1_1_1_1_1_1_1_1_1_1_2_1_1_2_4,3.1786610793169814,22,7625,2022,"{""type"":""Point"",""coordinates"":[0.0,0.0]}"
1_1_1_1_1_1_1_1_1_1_1_1_1_1_1_1_1_1_1_1_1_1_1_1_1_1_1_1_1_1_1_1_1_1_1_1_1_1_1_1_1_1_1_1_1_2_1_1_2_5,1.3120683532714845,33,7625,2022,"{""type"":""Point"",""coordinates"":[0.0,0.0]}"
1_1_1_1_1_1_1_1_1_1_1_1_1_1_1_1_1_1_1_1_1_1_1_1_1_1_1_1_1_1_1_1_1_1_1_1_1_1_1_1_1_1_1_1_1_2_1_2_0,178.86640676133197,3,7625,2023,"{""type"":""Point"",""coordinates"":[0.0,0.0]}"
1_1_1_1_1_1_1_1_1_1_1_1_1_1_1_1_1_1_1_1_1_1_1_1_1_1_1_1_1_1_1_1_1_1_1_1_1_1_1_1_1_1_1_1_1_2_1_2_1,6823.680170821286,4,7625,2023,"{""type"":""Point"",""coordinates"":[0.0,0.0]}"
1_1_1_1_1_1_1_1_1_1_1_1_1_1_1_1_1_1_1_1_1_1_1_1_1_1_1_1_1_1_1_1_1_1_1_1_1_1_1_1_1_1_1_1_1_2_1_2_2,1.3120313110351567,12,7625,2023,"{""type"":""Point"",""coordinates"":[0.0,0.0]}"
1_1_1_1_1_1_1_1_1_1_1_1_1_1_1_1_1_1_1_1_1_1_1_1_1_1_1_1_1_1_1_1_1_1_1_1_1_1_1_1_1_1_1_1_1_2_1_2_3,2399.685479418346,21,7625,2023,"{""type"":""Point"",""coordinates"":[0.0,0.0]}"
1_1_1_1_1_1_1_1_1_1_1_1_1_1_1_1_1_1_1_1_1_1_1_1_1_1_1_1_1_1_1_1_1_1_1_1_1_1_1_1_1_1_1_1_1_2_1_2_4,1.6620883422851565,22,7625,2023,"{""type"":""Point"",""coordinates"":[0.0,0.0]}"
1_1_1_1_1_1_1_1_1_1_1_1_1_1_1_1_1_1_1_1_1_1_1_1_1_1_1_1_1_1_1_1_1_1_1_1_1_1_1_1_1_1_1_1_1_2_1_2_5,0.6997245300292968,29,7625,2023,"{""type"":""Point"",""coordinates"":[0.0,0.0]}"
1_1_1_1_1_1_1_1_1_1_1_1_1_1_1_1_1_1_1_1_1_1_1_1_1_1_1_1_1_1_1_1_1_1_1_1_1_1_1_1_1_1_1_1_1_2_1_2_6,11.002634829029763,33,7625,2023,"{""type"":""Point"",""coordinates"":[0.0,0.0]}"
1_1_1_1_1_1_1_1_1_1_1_1_1_1_1_1_1_1_1_1_1_1_1_1_1_1_1_1_1_1_1_1_1_1_1_1_1_1_1_1_1_1_1_1_1_2_2_0,61.09163975944969,3,7625,2024,"{""type"":""Point"",""coordinates"":[0.0,0.0]}"
1_1_1_1_1_1_1_1_1_1_1_1_1_1_1_1_1_1_1_1_1_1_1_1_1_1_1_1_1_1_1_1_1_1_1_1_1_1_1_1_1_1_1_1_1_2_2_1,6793.801649070153,4,7625,2024,"{""type"":""Point"",""coordinates"":[0.0,0.0]}"
1_1_1_1_1_1_1_1_1_1_1_1_1_1_1_1_1_1_1_1_1_1_1_1_1_1_1_1_1_1_1_1_1_1_1_1_1_1_1_1_1_1_1_1_1_2_2_2,0.9621709655761719,12,7625,2024,"{""type"":""Point"",""coordinates"":[0.0,0.0]}"
1_1_1_1_1_1_1_1_1_1_1_1_1_1_1_1_1_1_1_1_1_1_1_1_1_1_1_1_1_1_1_1_1_1_1_1_1_1_1_1_1_1_1_1_1_2_2_3,2556.417102560999,21,7625,2024,"{""type"":""Point"",""coordinates"":[0.0,0.0]}"
1_1_1_1_1_1_1_1_1_1_1_1_1_1_1_1_1_1_1_1_1_1_1_1_1_1_1_1_1_1_1_1_1_1_1_1_1_1_1_1_1_1_1_1_1_2_2_4,1.7493841918945312,22,7625,2024,"{""type"":""Point"",""coordinates"":[0.0,0.0]}"
1_1_1_1_1_1_1_1_1_1_1_1_1_1_1_1_1_1_1_1_1_1_1_1_1_1_1_1_1_1_1_1_1_1_1_1_1_1_1_1_1_1_1_1_1_2_2_5,1.0495866088867187,29,7625,2024,"{""type"":""Point"",""coordinates"":[0.0,0.0]}"
1_1_1_1_1_1_1_1_1_1_1_1_1_1_1_1_1_1_1_1_1_1_1_1_1_1_1_1_1_1_1_1_1_1_1_1_1_1_1_1_1_1_1_1_1_2_2_6,1.837002856445313,33,7625,2024,"{""type"":""Point"",""coordinates"":[0.0,0.0]}"
1_1_1_1_1_1_1_1_1_1_1_1_1_1_1_1_1_1_1_1_1_1_1_1_1_1_1_1_1_1_1_1_1_1_1_1_1_1_1_1_1_1_1_1_2_1_1_1_1_1_1_1_1_2_0,91.49800167121435,3,7584,2016,"{""type"":""Point"",""coordinates"":[0.0,0.0]}"
1_1_1_1_1_1_1_1_1_1_1_1_1_1_1_1_1_1_1_1_1_1_1_1_1_1_1_1_1_1_1_1_1_1_1_1_1_1_1_1_1_1_1_1_2_1_1_1_1_1_1_1_1_2_1,759071.823263359,4,7584,2016,"{""type"":""Point"",""coordinates"":[0.0,0.0]}"
1_1_1_1_1_1_1_1_1_1_1_1_1_1_1_1_1_1_1_1_1_1_1_1_1_1_1_1_1_1_1_1_1_1_1_1_1_1_1_1_1_1_1_1_2_1_1_1_1_1_1_1_1_2_2,6.293426116943359,12,7584,2016,"{""type"":""Point"",""coordinates"":[0.0,0.0]}"
1_1_1_1_1_1_1_1_1_1_1_1_1_1_1_1_1_1_1_1_1_1_1_1_1_1_1_1_1_1_1_1_1_1_1_1_1_1_1_1_1_1_1_1_2_1_1_1_1_1_1_1_1_2_3,449945.8586254277,21,7584,2016,"{""type"":""Point"",""coordinates"":[0.0,0.0]}"
1_1_1_1_1_1_1_1_1_1_1_1_1_1_1_1_1_1_1_1_1_1_1_1_1_1_1_1_1_1_1_1_1_1_1_1_1_1_1_1_1_1_1_1_2_1_1_1_1_1_1_1_1_2_4,495.07546700011034,22,7584,2016,"{""type"":""Point"",""coordinates"":[0.0,0.0]}"
1_1_1_1_1_1_1_1_1_1_1_1_1_1_1_1_1_1_1_1_1_1_1_1_1_1_1_1_1_1_1_1_1_1_1_1_1_1_1_1_1_1_1_1_2_1_1_1_1_1_1_1_1_2_5,118.04720930453432,29,7584,2016,"{""type"":""Point"",""coordinates"":[0.0,0.0]}"
1_1_1_1_1_1_1_1_1_1_1_1_1_1_1_1_1_1_1_1_1_1_1_1_1_1_1_1_1_1_1_1_1_1_1_1_1_1_1_1_1_1_1_1_2_1_1_1_1_1_1_1_1_2_6,1029.9016661708915,33,7584,2016,"{""type"":""Point"",""coordinates"":[0.0,0.0]}"
1_1_1_1_1_1_1_1_1_1_1_1_1_1_1_1_1_1_1_1_1_1_1_1_1_1_1_1_1_1_1_1_1_1_1_1_1_1_1_1_1_1_1_1_2_1_1_1_1_1_1_1_2_0,120.39857322344618,3,7584,2017,"{""type"":""Point"",""coordinates"":[0.0,0.0]}"
1_1_1_1_1_1_1_1_1_1_1_1_1_1_1_1_1_1_1_1_1_1_1_1_1_1_1_1_1_1_1_1_1_1_1_1_1_1_1_1_1_1_1_1_2_1_1_1_1_1_1_1_2_1,761161.0297927449,4,7584,2017,"{""type"":""Point"",""coordinates"":[0.0,0.0]}"
1_1_1_1_1_1_1_1_1_1_1_1_1_1_1_1_1_1_1_1_1_1_1_1_1_1_1_1_1_1_1_1_1_1_1_1_1_1_1_1_1_1_1_1_2_1_1_1_1_1_1_1_2_2,0.9754848571777344,12,7584,2017,"{""type"":""Point"",""coordinates"":[0.0,0.0]}"
1_1_1_1_1_1_1_1_1_1_1_1_1_1_1_1_1_1_1_1_1_1_1_1_1_1_1_1_1_1_1_1_1_1_1_1_1_1_1_1_1_1_1_1_2_1_1_1_1_1_1_1_2_3,447981.4302586584,21,7584,2017,"{""type"":""Point"",""coordinates"":[0.0,0.0]}"
1_1_1_1_1_1_1_1_1_1_1_1_1_1_1_1_1_1_1_1_1_1_1_1_1_1_1_1_1_1_1_1_1_1_1_1_1_1_1_1_1_1_1_1_2_1_1_1_1_1_1_1_2_4,517.9155642341879,22,7584,2017,"{""type"":""Point"",""coordinates"":[0.0,0.0]}"
1_1_1_1_1_1_1_1_1_1_1_1_1_1_1_1_1_1_1_1_1_1_1_1_1_1_1_1_1_1_1_1_1_1_1_1_1_1_1_1_1_1_1_1_2_1_1_1_1_1_1_1_2_5,94.57389657686116,29,7584,2017,"{""type"":""Point"",""coordinates"":[0.0,0.0]}"
1_1_1_1_1_1_1_1_1_1_1_1_1_1_1_1_1_1_1_1_1_1_1_1_1_1_1_1_1_1_1_1_1_1_1_1_1_1_1_1_1_1_1_1_2_1_1_1_1_1_1_1_2_6,882.1740887600037,33,7584,2017,"{""type"":""Point"",""coordinates"":[0.0,0.0]}"
1_1_1_1_1_1_1_1_1_1_1_1_1_1_1_1_1_1_1_1_1_1_1_1_1_1_1_1_1_1_1_1_1_1_1_1_1_1_1_1_1_1_1_1_2_1_1_1_1_1_1_2_0,89.0286181872798,3,7584,2018,"{""type"":""Point"",""coordinates"":[0.0,0.0]}"
1_1_1_1_1_1_1_1_1_1_1_1_1_1_1_1_1_1_1_1_1_1_1_1_1_1_1_1_1_1_1_1_1_1_1_1_1_1_1_1_1_1_1_1_2_1_1_1_1_1_1_2_1,782001.7013176883,4,7584,2018,"{""type"":""Point"",""coordinates"":[0.0,0.0]}"
1_1_1_1_1_1_1_1_1_1_1_1_1_1_1_1_1_1_1_1_1_1_1_1_1_1_1_1_1_1_1_1_1_1_1_1_1_1_1_1_1_1_1_1_2_1_1_1_1_1_1_2_2,16.563698590087892,12,7584,2018,"{""type"":""Point"",""coordinates"":[0.0,0.0]}"
1_1_1_1_1_1_1_1_1_1_1_1_1_1_1_1_1_1_1_1_1_1_1_1_1_1_1_1_1_1_1_1_1_1_1_1_1_1_1_1_1_1_1_1_2_1_1_1_1_1_1_2_3,425151.5535402993,21,7584,2018,"{""type"":""Point"",""coordinates"":[0.0,0.0]}"
1_1_1_1_1_1_1_1_1_1_1_1_1_1_1_1_1_1_1_1_1_1_1_1_1_1_1_1_1_1_1_1_1_1_1_1_1_1_1_1_1_1_1_1_2_1_1_1_1_1_1_2_4,191.2377464570888,22,7584,2018,"{""type"":""Point"",""coordinates"":[0.0,0.0]}"
1_1_1_1_1_1_1_1_1_1_1_1_1_1_1_1_1_1_1_1_1_1_1_1_1_1_1_1_1_1_1_1_1_1_1_1_1_1_1_1_1_1_1_1_2_1_1_1_1_1_1_2_5,42.993357775878906,29,7584,2018,"{""type"":""Point"",""coordinates"":[0.0,0.0]}"
1_1_1_1_1_1_1_1_1_1_1_1_1_1_1_1_1_1_1_1_1_1_1_1_1_1_1_1_1_1_1_1_1_1_1_1_1_1_1_1_1_1_1_1_2_1_1_1_1_1_1_2_6,3265.4193800565445,33,7584,2018,"{""type"":""Point"",""coordinates"":[0.0,0.0]}"
1_1_1_1_1_1_1_1_1_1_1_1_1_1_1_1_1_1_1_1_1_1_1_1_1_1_1_1_1_1_1_1_1_1_1_1_1_1_1_1_1_1_1_1_2_1_1_1_1_1_2_0,93.78334595456593,3,7584,2019,"{""type"":""Point"",""coordinates"":[0.0,0.0]}"
1_1_1_1_1_1_1_1_1_1_1_1_1_1_1_1_1_1_1_1_1_1_1_1_1_1_1_1_1_1_1_1_1_1_1_1_1_1_1_1_1_1_1_1_2_1_1_1_1_1_2_1,769859.9454249212,4,7584,2019,"{""type"":""Point"",""coordinates"":[0.0,0.0]}"
1_1_1_1_1_1_1_1_1_1_1_1_1_1_1_1_1_1_1_1_1_1_1_1_1_1_1_1_1_1_1_1_1_1_1_1_1_1_1_1_1_1_1_1_2_1_1_1_1_1_2_2,22.783238153076166,12,7584,2019,"{""type"":""Point"",""coordinates"":[0.0,0.0]}"
1_1_1_1_1_1_1_1_1_1_1_1_1_1_1_1_1_1_1_1_1_1_1_1_1_1_1_1_1_1_1_1_1_1_1_1_1_1_1_1_1_1_1_1_2_1_1_1_1_1_2_3,435711.2597432181,21,7584,2019,"{""type"":""Point"",""coordinates"":[0.0,0.0]}"
1_1_1_1_1_1_1_1_1_1_1_1_1_1_1_1_1_1_1_1_1_1_1_1_1_1_1_1_1_1_1_1_1_1_1_1_1_1_1_1_1_1_1_1_2_1_1_1_1_1_2_4,425.7053171325683,22,7584,2019,"{""type"":""Point"",""coordinates"":[0.0,0.0]}"
1_1_1_1_1_1_1_1_1_1_1_1_1_1_1_1_1_1_1_1_1_1_1_1_1_1_1_1_1_1_1_1_1_1_1_1_1_1_1_1_1_1_1_1_2_1_1_1_1_1_2_5,95.56134431152346,29,7584,2019,"{""type"":""Point"",""coordinates"":[0.0,0.0]}"
1_1_1_1_1_1_1_1_1_1_1_1_1_1_1_1_1_1_1_1_1_1_1_1_1_1_1_1_1_1_1_1_1_1_1_1_1_1_1_1_1_1_1_1_2_1_1_1_1_1_2_6,4549.459245319314,33,7584,2019,"{""type"":""Point"",""coordinates"":[0.0,0.0]}"
1_1_1_1_1_1_1_1_1_1_1_1_1_1_1_1_1_1_1_1_1_1_1_1_1_1_1_1_1_1_1_1_1_1_1_1_1_1_1_1_1_1_1_1_2_1_1_1_1_2_0,95.0497467790192,3,7584,2020,"{""type"":""Point"",""coordinates"":[0.0,0.0]}"
1_1_1_1_1_1_1_1_1_1_1_1_1_1_1_1_1_1_1_1_1_1_1_1_1_1_1_1_1_1_1_1_1_1_1_1_1_1_1_1_1_1_1_1_2_1_1_1_1_2_1,761571.0723775355,4,7584,2020,"{""type"":""Point"",""coordinates"":[0.0,0.0]}"
1_1_1_1_1_1_1_1_1_1_1_1_1_1_1_1_1_1_1_1_1_1_1_1_1_1_1_1_1_1_1_1_1_1_1_1_1_1_1_1_1_1_1_1_2_1_1_1_1_2_2,14.36342074584961,12,7584,2020,"{""type"":""Point"",""coordinates"":[0.0,0.0]}"
1_1_1_1_1_1_1_1_1_1_1_1_1_1_1_1_1_1_1_1_1_1_1_1_1_1_1_1_1_1_1_1_1_1_1_1_1_1_1_1_1_1_1_1_2_1_1_1_1_2_3,438689.3242050931,21,7584,2020,"{""type"":""Point"",""coordinates"":[0.0,0.0]}"
1_1_1_1_1_1_1_1_1_1_1_1_1_1_1_1_1_1_1_1_1_1_1_1_1_1_1_1_1_1_1_1_1_1_1_1_1_1_1_1_1_1_1_1_2_1_1_1_1_2_4,334.7687302505792,22,7584,2020,"{""type"":""Point"",""coordinates"":[0.0,0.0]}"
1_1_1_1_1_1_1_1_1_1_1_1_1_1_1_1_1_1_1_1_1_1_1_1_1_1_1_1_1_1_1_1_1_1_1_1_1_1_1_1_1_1_1_1_2_1_1_1_1_2_5,2216.891356545647,29,7584,2020,"{""type"":""Point"",""coordinates"":[0.0,0.0]}"
1_1_1_1_1_1_1_1_1_1_1_1_1_1_1_1_1_1_1_1_1_1_1_1_1_1_1_1_1_1_1_1_1_1_1_1_1_1_1_1_1_1_1_1_2_1_1_1_1_2_6,7837.027822058432,33,7584,2020,"{""type"":""Point"",""coordinates"":[0.0,0.0]}"
1_1_1_1_1_1_1_1_1_1_1_1_1_1_1_1_1_1_1_1_1_1_1_1_1_1_1_1_1_1_1_1_1_1_1_1_1_1_1_1_1_1_1_1_2_1_1_1_2_0,11.973980597785502,3,7584,2021,"{""type"":""Point"",""coordinates"":[0.0,0.0]}"
1_1_1_1_1_1_1_1_1_1_1_1_1_1_1_1_1_1_1_1_1_1_1_1_1_1_1_1_1_1_1_1_1_1_1_1_1_1_1_1_1_1_1_1_2_1_1_1_2_1,763129.2468220518,4,7584,2021,"{""type"":""Point"",""coordinates"":[0.0,0.0]}"
1_1_1_1_1_1_1_1_1_1_1_1_1_1_1_1_1_1_1_1_1_1_1_1_1_1_1_1_1_1_1_1_1_1_1_1_1_1_1_1_1_1_1_1_2_1_1_1_2_2,74.85398806762701,12,7584,2021,"{""type"":""Point"",""coordinates"":[0.0,0.0]}"
1_1_1_1_1_1_1_1_1_1_1_1_1_1_1_1_1_1_1_1_1_1_1_1_1_1_1_1_1_1_1_1_1_1_1_1_1_1_1_1_1_1_1_1_2_1_1_1_2_3,440745.8076632589,21,7584,2021,"{""type"":""Point"",""coordinates"":[0.0,0.0]}"
1_1_1_1_1_1_1_1_1_1_1_1_1_1_1_1_1_1_1_1_1_1_1_1_1_1_1_1_1_1_1_1_1_1_1_1_1_1_1_1_1_1_1_1_2_1_1_1_2_4,421.41163834372173,22,7584,2021,"{""type"":""Point"",""coordinates"":[0.0,0.0]}"
1_1_1_1_1_1_1_1_1_1_1_1_1_1_1_1_1_1_1_1_1_1_1_1_1_1_1_1_1_1_1_1_1_1_1_1_1_1_1_1_1_1_1_1_2_1_1_1_2_5,124.06957952270525,29,7584,2021,"{""type"":""Point"",""coordinates"":[0.0,0.0]}"
1_1_1_1_1_1_1_1_1_1_1_1_1_1_1_1_1_1_1_1_1_1_1_1_1_1_1_1_1_1_1_1_1_1_1_1_1_1_1_1_1_1_1_1_2_1_1_1_2_6,6251.133987161722,33,7584,2021,"{""type"":""Point"",""coordinates"":[0.0,0.0]}"
1_1_1_1_1_1_1_1_1_1_1_1_1_1_1_1_1_1_1_1_1_1_1_1_1_1_1_1_1_1_1_1_1_1_1_1_1_1_1_1_1_1_1_1_2_1_1_2_0,12.117602710008809,3,7584,2022,"{""type"":""Point"",""coordinates"":[0.0,0.0]}"
1_1_1_1_1_1_1_1_1_1_1_1_1_1_1_1_1_1_1_1_1_1_1_1_1_1_1_1_1_1_1_1_1_1_1_1_1_1_1_1_1_1_1_1_2_1_1_2_1,793051.4394903025,4,7584,2022,"{""type"":""Point"",""coordinates"":[0.0,0.0]}"
1_1_1_1_1_1_1_1_1_1_1_1_1_1_1_1_1_1_1_1_1_1_1_1_1_1_1_1_1_1_1_1_1_1_1_1_1_1_1_1_1_1_1_1_2_1_1_2_2,170.4422904767923,12,7584,2022,"{""type"":""Point"",""coordinates"":[0.0,0.0]}"
1_1_1_1_1_1_1_1_1_1_1_1_1_1_1_1_1_1_1_1_1_1_1_1_1_1_1_1_1_1_1_1_1_1_1_1_1_1_1_1_1_1_1_1_2_1_1_2_3,405067.99406243634,21,7584,2022,"{""type"":""Point"",""coordinates"":[0.0,0.0]}"
1_1_1_1_1_1_1_1_1_1_1_1_1_1_1_1_1_1_1_1_1_1_1_1_1_1_1_1_1_1_1_1_1_1_1_1_1_1_1_1_1_1_1_1_2_1_1_2_4,7554.151281226212,22,7584,2022,"{""type"":""Point"",""coordinates"":[0.0,0.0]}"
1_1_1_1_1_1_1_1_1_1_1_1_1_1_1_1_1_1_1_1_1_1_1_1_1_1_1_1_1_1_1_1_1_1_1_1_1_1_1_1_1_1_1_1_2_1_1_2_5,1.0638342224121093,29,7584,2022,"{""type"":""Point"",""coordinates"":[0.0,0.0]}"
1_1_1_1_1_1_1_1_1_1_1_1_1_1_1_1_1_1_1_1_1_1_1_1_1_1_1_1_1_1_1_1_1_1_1_1_1_1_1_1_1_1_1_1_2_1_1_2_6,4901.289097607727,33,7584,2022,"{""type"":""Point"",""coordinates"":[0.0,0.0]}"
1_1_1_1_1_1_1_1_1_1_1_1_1_1_1_1_1_1_1_1_1_1_1_1_1_1_1_1_1_1_1_1_1_1_1_1_1_1_1_1_1_1_1_1_2_1_2_0,46.28482554974726,3,7584,2023,"{""type"":""Point"",""coordinates"":[0.0,0.0]}"
1_1_1_1_1_1_1_1_1_1_1_1_1_1_1_1_1_1_1_1_1_1_1_1_1_1_1_1_1_1_1_1_1_1_1_1_1_1_1_1_1_1_1_1_2_1_2_1,789046.9636459434,4,7584,2023,"{""type"":""Point"",""coordinates"":[0.0,0.0]}"
1_1_1_1_1_1_1_1_1_1_1_1_1_1_1_1_1_1_1_1_1_1_1_1_1_1_1_1_1_1_1_1_1_1_1_1_1_1_1_1_1_1_1_1_2_1_2_2,29.07261732177734,12,7584,2023,"{""type"":""Point"",""coordinates"":[0.0,0.0]}"
1_1_1_1_1_1_1_1_1_1_1_1_1_1_1_1_1_1_1_1_1_1_1_1_1_1_1_1_1_1_1_1_1_1_1_1_1_1_1_1_1_1_1_1_2_1_2_3,416825.1508976202,21,7584,2023,"{""type"":""Point"",""coordinates"":[0.0,0.0]}"
1_1_1_1_1_1_1_1_1_1_1_1_1_1_1_1_1_1_1_1_1_1_1_1_1_1_1_1_1_1_1_1_1_1_1_1_1_1_1_1_1_1_1_1_2_1_2_4,654.8435413111539,22,7584,2023,"{""type"":""Point"",""coordinates"":[0.0,0.0]}"
1_1_1_1_1_1_1_1_1_1_1_1_1_1_1_1_1_1_1_1_1_1_1_1_1_1_1_1_1_1_1_1_1_1_1_1_1_1_1_1_1_1_1_1_2_1_2_5,779.0380565916284,29,7584,2023,"{""type"":""Point"",""coordinates"":[0.0,0.0]}"
1_1_1_1_1_1_1_1_1_1_1_1_1_1_1_1_1_1_1_1_1_1_1_1_1_1_1_1_1_1_1_1_1_1_1_1_1_1_1_1_1_1_1_1_2_1_2_6,3377.144074678613,33,7584,2023,"{""type"":""Point"",""coordinates"":[0.0,0.0]}"
1_1_1_1_1_1_1_1_1_1_1_1_1_1_1_1_1_1_1_1_1_1_1_1_1_1_1_1_1_1_1_1_1_1_1_1_1_1_1_1_1_1_1_1_2_2_0,71.78571069192326,3,7584,2024,"{""type"":""Point"",""coordinates"":[0.0,0.0]}"
1_1_1_1_1_1_1_1_1_1_1_1_1_1_1_1_1_1_1_1_1_1_1_1_1_1_1_1_1_1_1_1_1_1_1_1_1_1_1_1_1_1_1_1_2_2_1,809286.8134949083,4,7584,2024,"{""type"":""Point"",""coordinates"":[0.0,0.0]}"
1_1_1_1_1_1_1_1_1_1_1_1_1_1_1_1_1_1_1_1_1_1_1_1_1_1_1_1_1_1_1_1_1_1_1_1_1_1_1_1_1_1_1_1_2_2_2,1.950746838378906,12,7584,2024,"{""type"":""Point"",""coordinates"":[0.0,0.0]}"
1_1_1_1_1_1_1_1_1_1_1_1_1_1_1_1_1_1_1_1_1_1_1_1_1_1_1_1_1_1_1_1_1_1_1_1_1_1_1_1_1_1_1_1_2_2_3,393304.6049968331,21,7584,2024,"{""type"":""Point"",""coordinates"":[0.0,0.0]}"
1_1_1_1_1_1_1_1_1_1_1_1_1_1_1_1_1_1_1_1_1_1_1_1_1_1_1_1_1_1_1_1_1_1_1_1_1_1_1_1_1_1_1_1_2_2_4,131.86371845475742,22,7584,2024,"{""type"":""Point"",""coordinates"":[0.0,0.0]}"
1_1_1_1_1_1_1_1_1_1_1_1_1_1_1_1_1_1_1_1_1_1_1_1_1_1_1_1_1_1_1_1_1_1_1_1_1_1_1_1_1_1_1_1_2_2_5,282.6592624488981,29,7584,2024,"{""type"":""Point"",""coordinates"":[0.0,0.0]}"
1_1_1_1_1_1_1_1_1_1_1_1_1_1_1_1_1_1_1_1_1_1_1_1_1_1_1_1_1_1_1_1_1_1_1_1_1_1_1_1_1_1_1_1_2_2_6,7678.8197288250185,33,7584,2024,"{""type"":""Point"",""coordinates"":[0.0,0.0]}"
1_1_1_1_1_1_1_1_1_1_1_1_1_1_1_1_1_1_1_1_1_1_1_1_1_1_1_1_1_1_1_1_1_1_1_1_1_1_1_1_1_1_1_2_1_1_1_1_1_1_1_1_2_0,175368.49317738865,3,751,2016,"{""type"":""Point"",""coordinates"":[0.0,0.0]}"
1_1_1_1_1_1_1_1_1_1_1_1_1_1_1_1_1_1_1_1_1_1_1_1_1_1_1_1_1_1_1_1_1_1_1_1_1_1_1_1_1_1_1_2_1_1_1_1_1_1_1_1_2_1,998485.3540539651,4,751,2016,"{""type"":""Point"",""coordinates"":[0.0,0.0]}"
1_1_1_1_1_1_1_1_1_1_1_1_1_1_1_1_1_1_1_1_1_1_1_1_1_1_1_1_1_1_1_1_1_1_1_1_1_1_1_1_1_1_1_2_1_1_1_1_1_1_1_1_2_2,64.91309638061523,12,751,2016,"{""type"":""Point"",""coordinates"":[0.0,0.0]}"
1_1_1_1_1_1_1_1_1_1_1_1_1_1_1_1_1_1_1_1_1_1_1_1_1_1_1_1_1_1_1_1_1_1_1_1_1_1_1_1_1_1_1_2_1_1_1_1_1_1_1_1_2_3,116957.58326722177,21,751,2016,"{""type"":""Point"",""coordinates"":[0.0,0.0]}"
1_1_1_1_1_1_1_1_1_1_1_1_1_1_1_1_1_1_1_1_1_1_1_1_1_1_1_1_1_1_1_1_1_1_1_1_1_1_1_1_1_1_1_2_1_1_1_1_1_1_1_1_2_4,20512.786700704663,22,751,2016,"{""type"":""Point"",""coordinates"":[0.0,0.0]}"
1_1_1_1_1_1_1_1_1_1_1_1_1_1_1_1_1_1_1_1_1_1_1_1_1_1_1_1_1_1_1_1_1_1_1_1_1_1_1_1_1_1_1_2_1_1_1_1_1_1_1_1_2_5,0.08929126586914063,29,751,2016,"{""type"":""Point"",""coordinates"":[0.0,0.0]}"
1_1_1_1_1_1_1_1_1_1_1_1_1_1_1_1_1_1_1_1_1_1_1_1_1_1_1_1_1_1_1_1_1_1_1_1_1_1_1_1_1_1_1_2_1_1_1_1_1_1_1_1_2_6,16053.095898286885,33,751,2016,"{""type"":""Point"",""coordinates"":[0.0,0.0]}"
1_1_1_1_1_1_1_1_1_1_1_1_1_1_1_1_1_1_1_1_1_1_1_1_1_1_1_1_1_1_1_1_1_1_1_1_1_1_1_1_1_1_1_2_1_1_1_1_1_1_1_2_0,210458.79175063275,3,751,2017,"{""type"":""Point"",""coordinates"":[0.0,0.0]}"
1_1_1_1_1_1_1_1_1_1_1_1_1_1_1_1_1_1_1_1_1_1_1_1_1_1_1_1_1_1_1_1_1_1_1_1_1_1_1_1_1_1_1_2_1_1_1_1_1_1_1_2_1,967378.1774149438,4,751,2017,"{""type"":""Point"",""coordinates"":[0.0,0.0]}"
1_1_1_1_1_1_1_1_1_1_1_1_1_1_1_1_1_1_1_1_1_1_1_1_1_1_1_1_1_1_1_1_1_1_1_1_1_1_1_1_1_1_1_2_1_1_1_1_1_1_1_2_2,125.48687376079486,12,751,2017,"{""type"":""Point"",""coordinates"":[0.0,0.0]}"
1_1_1_1_1_1_1_1_1_1_1_1_1_1_1_1_1_1_1_1_1_1_1_1_1_1_1_1_1_1_1_1_1_1_1_1_1_1_1_1_1_1_1_2_1_1_1_1_1_1_1_2_3,112548.47941275156,21,751,2017,"{""type"":""Point"",""coordinates"":[0.0,0.0]}"
1_1_1_1_1_1_1_1_1_1_1_1_1_1_1_1_1_1_1_1_1_1_1_1_1_1_1_1_1_1_1_1_1_1_1_1_1_1_1_1_1_1_1_2_1_1_1_1_1_1_1_2_4,21458.53384195079,22,751,2017,"{""type"":""Point"",""coordinates"":[0.0,0.0]}"
1_1_1_1_1_1_1_1_1_1_1_1_1_1_1_1_1_1_1_1_1_1_1_1_1_1_1_1_1_1_1_1_1_1_1_1_1_1_1_1_1_1_1_2_1_1_1_1_1_1_1_2_5,0.178552685546875,29,751,2017,"{""type"":""Point"",""coordinates"":[0.0,0.0]}"
1_1_1_1_1_1_1_1_1_1_1_1_1_1_1_1_1_1_1_1_1_1_1_1_1_1_1_1_1_1_1_1_1_1_1_1_1_1_1_1_1_1_1_2_1_1_1_1_1_1_1_2_6,15472.667638547748,33,751,2017,"{""type"":""Point"",""coordinates"":[0.0,0.0]}"
1_1_1_1_1_1_1_1_1_1_1_1_1_1_1_1_1_1_1_1_1_1_1_1_1_1_1_1_1_1_1_1_1_1_1_1_1_1_1_1_1_1_1_2_1_1_1_1_1_1_2_0,208656.13982950957,3,751,2018,"{""type"":""Point"",""coordinates"":[0.0,0.0]}"
1_1_1_1_1_1_1_1_1_1_1_1_1_1_1_1_1_1_1_1_1_1_1_1_1_1_1_1_1_1_1_1_1_1_1_1_1_1_1_1_1_1_1_2_1_1_1_1_1_1_2_1,942173.756862366,4,751,2018,"{""type"":""Point"",""coordinates"":[0.0,0.0]}"
1_1_1_1_1_1_1_1_1_1_1_1_1_1_1_1_1_1_1_1_1_1_1_1_1_1_1_1_1_1_1_1_1_1_1_1_1_1_1_1_1_1_1_2_1_1_1_1_1_1_2_2,172.2753848723527,12,751,2018,"{""type"":""Point"",""coordinates"":[0.0,0.0]}"
1_1_1_1_1_1_1_1_1_1_1_1_1_1_1_1_1_1_1_1_1_1_1_1_1_1_1_1_1_1_1_1_1_1_1_1_1_1_1_1_1_1_1_2_1_1_1_1_1_1_2_3,137284.68830031058,21,751,2018,"{""type"":""Point"",""coordinates"":[0.0,0.0]}"
1_1_1_1_1_1_1_1_1_1_1_1_1_1_1_1_1_1_1_1_1_1_1_1_1_1_1_1_1_1_1_1_1_1_1_1_1_1_1_1_1_1_1_2_1_1_1_1_1_1_2_4,18000.349255684,22,751,2018,"{""type"":""Point"",""coordinates"":[0.0,0.0]}"
1_1_1_1_1_1_1_1_1_1_1_1_1_1_1_1_1_1_1_1_1_1_1_1_1_1_1_1_1_1_1_1_1_1_1_1_1_1_1_1_1_1_1_2_1_1_1_1_1_1_2_5,0.1785787109375,29,751,2018,"{""type"":""Point"",""coordinates"":[0.0,0.0]}"
1_1_1_1_1_1_1_1_1_1_1_1_1_1_1_1_1_1_1_1_1_1_1_1_1_1_1_1_1_1_1_1_1_1_1_1_1_1_1_1_1_1_1_2_1_1_1_1_1_1_2_6,21154.927273822203,33,751,2018,"{""type"":""Point"",""coordinates"":[0.0,0.0]}"
1_1_1_1_1_1_1_1_1_1_1_1_1_1_1_1_1_1_1_1_1_1_1_1_1_1_1_1_1_1_1_1_1_1_1_1_1_1_1_1_1_1_1_2_1_1_1_1_1_2_0,221802.86858040158,3,751,2019,"{""type"":""Point"",""coordinates"":[0.0,0.0]}"
1_1_1_1_1_1_1_1_1_1_1_1_1_1_1_1_1_1_1_1_1_1_1_1_1_1_1_1_1_1_1_1_1_1_1_1_1_1_1_1_1_1_1_2_1_1_1_1_1_2_1,925427.6081264126,4,751,2019,"{""type"":""Point"",""coordinates"":[0.0,0.0]}"
1_1_1_1_1_1_1_1_1_1_1_1_1_1_1_1_1_1_1_1_1_1_1_1_1_1_1_1_1_1_1_1_1_1_1_1_1_1_1_1_1_1_1_2_1_1_1_1_1_2_2,81.96228014370787,12,751,2019,"{""type"":""Point"",""coordinates"":[0.0,0.0]}"
1_1_1_1_1_1_1_1_1_1_1_1_1_1_1_1_1_1_1_1_1_1_1_1_1_1_1_1_1_1_1_1_1_1_1_1_1_1_1_1_1_1_1_2_1_1_1_1_1_2_3,134461.61417071574,21,751,2019,"{""type"":""Point"",""coordinates"":[0.0,0.0]}"
1_1_1_1_1_1_1_1_1_1_1_1_1_1_1_1_1_1_1_1_1_1_1_1_1_1_1_1_1_1_1_1_1_1_1_1_1_1_1_1_1_1_1_2_1_1_1_1_1_2_4,21892.17687199709,22,751,2019,"{""type"":""Point"",""coordinates"":[0.0,0.0]}"
1_1_1_1_1_1_1_1_1_1_1_1_1_1_1_1_1_1_1_1_1_1_1_1_1_1_1_1_1_1_1_1_1_1_1_1_1_1_1_1_1_1_1_2_1_1_1_1_1_2_5,23776.08545556761,33,751,2019,"{""type"":""Point"",""coordinates"":[0.0,0.0]}"
1_1_1_1_1_1_1_1_1_1_1_1_1_1_1_1_1_1_1_1_1_1_1_1_1_1_1_1_1_1_1_1_1_1_1_1_1_1_1_1_1_1_1_2_1_1_1_1_2_0,204919.03894171325,3,751,2020,"{""type"":""Point"",""coordinates"":[0.0,0.0]}"
1_1_1_1_1_1_1_1_1_1_1_1_1_1_1_1_1_1_1_1_1_1_1_1_1_1_1_1_1_1_1_1_1_1_1_1_1_1_1_1_1_1_1_2_1_1_1_1_2_1,956341.9131508829,4,751,2020,"{""type"":""Point"",""coordinates"":[0.0,0.0]}"
1_1_1_1_1_1_1_1_1_1_1_1_1_1_1_1_1_1_1_1_1_1_1_1_1_1_1_1_1_1_1_1_1_1_1_1_1_1_1_1_1_1_1_2_1_1_1_1_2_2,18.099372983111213,12,751,2020,"{""type"":""Point"",""coordinates"":[0.0,0.0]}"
1_1_1_1_1_1_1_1_1_1_1_1_1_1_1_1_1_1_1_1_1_1_1_1_1_1_1_1_1_1_1_1_1_1_1_1_1_1_1_1_1_1_1_2_1_1_1_1_2_3,127103.36292629165,21,751,2020,"{""type"":""Point"",""coordinates"":[0.0,0.0]}"
1_1_1_1_1_1_1_1_1_1_1_1_1_1_1_1_1_1_1_1_1_1_1_1_1_1_1_1_1_1_1_1_1_1_1_1_1_1_1_1_1_1_1_2_1_1_1_1_2_4,16523.633891953417,22,751,2020,"{""type"":""Point"",""coordinates"":[0.0,0.0]}"
1_1_1_1_1_1_1_1_1_1_1_1_1_1_1_1_1_1_1_1_1_1_1_1_1_1_1_1_1_1_1_1_1_1_1_1_1_1_1_1_1_1_1_2_1_1_1_1_2_5,22536.267201338927,33,751,2020,"{""type"":""Point"",""coordinates"":[0.0,0.0]}"
1_1_1_1_1_1_1_1_1_1_1_1_1_1_1_1_1_1_1_1_1_1_1_1_1_1_1_1_1_1_1_1_1_1_1_1_1_1_1_1_1_1_1_2_1_1_1_2_0,205968.13835285598,3,751,2021,"{""type"":""Point"",""coordinates"":[0.0,0.0]}"
1_1_1_1_1_1_1_1_1_1_1_1_1_1_1_1_1_1_1_1_1_1_1_1_1_1_1_1_1_1_1_1_1_1_1_1_1_1_1_1_1_1_1_2_1_1_1_2_1,952864.710487925,4,751,2021,"{""type"":""Point"",""coordinates"":[0.0,0.0]}"
1_1_1_1_1_1_1_1_1_1_1_1_1_1_1_1_1_1_1_1_1_1_1_1_1_1_1_1_1_1_1_1_1_1_1_1_1_1_1_1_1_1_1_2_1_1_1_2_2,8.033965274155559,12,751,2021,"{""type"":""Point"",""coordinates"":[0.0,0.0]}"
1_1_1_1_1_1_1_1_1_1_1_1_1_1_1_1_1_1_1_1_1_1_1_1_1_1_1_1_1_1_1_1_1_1_1_1_1_1_1_1_1_1_1_2_1_1_1_2_3,127705.71402630201,21,751,2021,"{""type"":""Point"",""coordinates"":[0.0,0.0]}"
1_1_1_1_1_1_1_1_1_1_1_1_1_1_1_1_1_1_1_1_1_1_1_1_1_1_1_1_1_1_1_1_1_1_1_1_1_1_1_1_1_1_1_2_1_1_1_2_4,19008.13793198973,22,751,2021,"{""type"":""Point"",""coordinates"":[0.0,0.0]}"
1_1_1_1_1_1_1_1_1_1_1_1_1_1_1_1_1_1_1_1_1_1_1_1_1_1_1_1_1_1_1_1_1_1_1_1_1_1_1_1_1_1_1_2_1_1_1_2_5,0.08929193115234375,29,751,2021,"{""type"":""Point"",""coordinates"":[0.0,0.0]}"
1_1_1_1_1_1_1_1_1_1_1_1_1_1_1_1_1_1_1_1_1_1_1_1_1_1_1_1_1_1_1_1_1_1_1_1_1_1_1_1_1_1_1_2_1_1_1_2_6,21887.49142891086,33,751,2021,"{""type"":""Point"",""coordinates"":[0.0,0.0]}"
1_1_1_1_1_1_1_1_1_1_1_1_1_1_1_1_1_1_1_1_1_1_1_1_1_1_1_1_1_1_1_1_1_1_1_1_1_1_1_1_1_1_1_2_1_1_2_0,131207.81230716567,3,751,2022,"{""type"":""Point"",""coordinates"":[0.0,0.0]}"
1_1_1_1_1_1_1_1_1_1_1_1_1_1_1_1_1_1_1_1_1_1_1_1_1_1_1_1_1_1_1_1_1_1_1_1_1_1_1_1_1_1_1_2_1_1_2_1,1015615.8473501967,4,751,2022,"{""type"":""Point"",""coordinates"":[0.0,0.0]}"
1_1_1_1_1_1_1_1_1_1_1_1_1_1_1_1_1_1_1_1_1_1_1_1_1_1_1_1_1_1_1_1_1_1_1_1_1_1_1_1_1_1_1_2_1_1_2_2,49.32594563634537,12,751,2022,"{""type"":""Point"",""coordinates"":[0.0,0.0]}"
1_1_1_1_1_1_1_1_1_1_1_1_1_1_1_1_1_1_1_1_1_1_1_1_1_1_1_1_1_1_1_1_1_1_1_1_1_1_1_1_1_1_1_2_1_1_2_3,134911.21237057837,21,751,2022,"{""type"":""Point"",""coordinates"":[0.0,0.0]}"
1_1_1_1_1_1_1_1_1_1_1_1_1_1_1_1_1_1_1_1_1_1_1_1_1_1_1_1_1_1_1_1_1_1_1_1_1_1_1_1_1_1_1_2_1_1_2_4,21404.320158641152,22,751,2022,"{""type"":""Point"",""coordinates"":[0.0,0.0]}"
1_1_1_1_1_1_1_1_1_1_1_1_1_1_1_1_1_1_1_1_1_1_1_1_1_1_1_1_1_1_1_1_1_1_1_1_1_1_1_1_1_1_1_2_1_1_2_5,0.6250027160644531,29,751,2022,"{""type"":""Point"",""coordinates"":[0.0,0.0]}"
1_1_1_1_1_1_1_1_1_1_1_1_1_1_1_1_1_1_1_1_1_1_1_1_1_1_1_1_1_1_1_1_1_1_1_1_1_1_1_1_1_1_1_2_1_1_2_6,24253.17235017373,33,751,2022,"{""type"":""Point"",""coordinates"":[0.0,0.0]}"
1_1_1_1_1_1_1_1_1_1_1_1_1_1_1_1_1_1_1_1_1_1_1_1_1_1_1_1_1_1_1_1_1_1_1_1_1_1_1_1_1_1_1_2_1_2_0,167248.86518418594,3,751,2023,"{""type"":""Point"",""coordinates"":[0.0,0.0]}"
1_1_1_1_1_1_1_1_1_1_1_1_1_1_1_1_1_1_1_1_1_1_1_1_1_1_1_1_1_1_1_1_1_1_1_1_1_1_1_1_1_1_1_2_1_2_1,983859.732923626,4,751,2023,"{""type"":""Point"",""coordinates"":[0.0,0.0]}"
1_1_1_1_1_1_1_1_1_1_1_1_1_1_1_1_1_1_1_1_1_1_1_1_1_1_1_1_1_1_1_1_1_1_1_1_1_1_1_1_1_1_1_2_1_2_2,76.59792257975259,12,751,2023,"{""type"":""Point"",""coordinates"":[0.0,0.0]}"
1_1_1_1_1_1_1_1_1_1_1_1_1_1_1_1_1_1_1_1_1_1_1_1_1_1_1_1_1_1_1_1_1_1_1_1_1_1_1_1_1_1_1_2_1_2_3,128024.3270992511,21,751,2023,"{""type"":""Point"",""coordinates"":[0.0,0.0]}"
1_1_1_1_1_1_1_1_1_1_1_1_1_1_1_1_1_1_1_1_1_1_1_1_1_1_1_1_1_1_1_1_1_1_1_1_1_1_1_1_1_1_1_2_1_2_4,23808.772062167576,22,751,2023,"{""type"":""Point"",""coordinates"":[0.0,0.0]}"
1_1_1_1_1_1_1_1_1_1_1_1_1_1_1_1_1_1_1_1_1_1_1_1_1_1_1_1_1_1_1_1_1_1_1_1_1_1_1_1_1_1_1_2_1_2_5,24424.02029338123,33,751,2023,"{""type"":""Point"",""coordinates"":[0.0,0.0]}"
1_1_1_1_1_1_1_1_1_1_1_1_1_1_1_1_1_1_1_1_1_1_1_1_1_1_1_1_1_1_1_1_1_1_1_1_1_1_1_1_1_1_1_2_2_0,106724.17337069701,3,751,2024,"{""type"":""Point"",""coordinates"":[0.0,0.0]}"
1_1_1_1_1_1_1_1_1_1_1_1_1_1_1_1_1_1_1_1_1_1_1_1_1_1_1_1_1_1_1_1_1_1_1_1_1_1_1_1_1_1_1_2_2_1,1047604.9252239601,4,751,2024,"{""type"":""Point"",""coordinates"":[0.0,0.0]}"
1_1_1_1_1_1_1_1_1_1_1_1_1_1_1_1_1_1_1_1_1_1_1_1_1_1_1_1_1_1_1_1_1_1_1_1_1_1_1_1_1_1_1_2_2_2,240.60121865200855,12,751,2024,"{""type"":""Point"",""coordinates"":[0.0,0.0]}"
1_1_1_1_1_1_1_1_1_1_1_1_1_1_1_1_1_1_1_1_1_1_1_1_1_1_1_1_1_1_1_1_1_1_1_1_1_1_1_1_1_1_1_2_2_3,130658.85742529883,21,751,2024,"{""type"":""Point"",""coordinates"":[0.0,0.0]}"
1_1_1_1_1_1_1_1_1_1_1_1_1_1_1_1_1_1_1_1_1_1_1_1_1_1_1_1_1_1_1_1_1_1_1_1_1_1_1_1_1_1_1_2_2_4,20039.551671464003,22,751,2024,"{""type"":""Point"",""coordinates"":[0.0,0.0]}"
1_1_1_1_1_1_1_1_1_1_1_1_1_1_1_1_1_1_1_1_1_1_1_1_1_1_1_1_1_1_1_1_1_1_1_1_1_1_1_1_1_1_1_2_2_5,22174.206575017997,33,751,2024,"{""type"":""Point"",""coordinates"":[0.0,0.0]}"
1_1_1_1_1_1_1_1_1_1_1_1_1_1_1_1_1_1_1_1_1_1_1_1_1_1_1_1_1_1_1_1_1_1_1_1_1_1_1_1_1_1_2_1_1_1_1_1_1_1_1_2_0,9676.183586949877,3,7614,2016,"{""type"":""Point"",""coordinates"":[0.0,0.0]}"
1_1_1_1_1_1_1_1_1_1_1_1_1_1_1_1_1_1_1_1_1_1_1_1_1_1_1_1_1_1_1_1_1_1_1_1_1_1_1_1_1_1_2_1_1_1_1_1_1_1_1_2_1,873614.1834029938,4,7614,2016,"{""type"":""Point"",""coordinates"":[0.0,0.0]}"
1_1_1_1_1_1_1_1_1_1_1_1_1_1_1_1_1_1_1_1_1_1_1_1_1_1_1_1_1_1_1_1_1_1_1_1_1_1_1_1_1_1_2_1_1_1_1_1_1_1_1_2_2,10.54306140136719,12,7614,2016,"{""type"":""Point"",""coordinates"":[0.0,0.0]}"
1_1_1_1_1_1_1_1_1_1_1_1_1_1_1_1_1_1_1_1_1_1_1_1_1_1_1_1_1_1_1_1_1_1_1_1_1_1_1_1_1_1_2_1_1_1_1_1_1_1_1_2_3,487853.26284156763,21,7614,2016,"{""type"":""Point"",""coordinates"":[0.0,0.0]}"
1_1_1_1_1_1_1_1_1_1_1_1_1_1_1_1_1_1_1_1_1_1_1_1_1_1_1_1_1_1_1_1_1_1_1_1_1_1_1_1_1_1_2_1_1_1_1_1_1_1_1_2_4,185.42395179443344,22,7614,2016,"{""type"":""Point"",""coordinates"":[0.0,0.0]}"
1_1_1_1_1_1_1_1_1_1_1_1_1_1_1_1_1_1_1_1_1_1_1_1_1_1_1_1_1_1_1_1_1_1_1_1_1_1_1_1_1_1_2_1_1_1_1_1_1_1_1_2_5,97.69824509277346,29,7614,2016,"{""type"":""Point"",""coordinates"":[0.0,0.0]}"
1_1_1_1_1_1_1_1_1_1_1_1_1_1_1_1_1_1_1_1_1_1_1_1_1_1_1_1_1_1_1_1_1_1_1_1_1_1_1_1_1_1_2_1_1_1_1_1_1_1_1_2_6,621.0678531762461,33,7614,2016,"{""type"":""Point"",""coordinates"":[0.0,0.0]}"
1_1_1_1_1_1_1_1_1_1_1_1_1_1_1_1_1_1_1_1_1_1_1_1_1_1_1_1_1_1_1_1_1_1_1_1_1_1_1_1_1_1_2_1_1_1_1_1_1_1_2_0,17082.002282192403,3,7614,2017,"{""type"":""Point"",""coordinates"":[0.0,0.0]}"
1_1_1_1_1_1_1_1_1_1_1_1_1_1_1_1_1_1_1_1_1_1_1_1_1_1_1_1_1_1_1_1_1_1_1_1_1_1_1_1_1_1_2_1_1_1_1_1_1_1_2_1,884117.9748320933,4,7614,2017,"{""type"":""Point"",""coordinates"":[0.0,0.0]}"
1_1_1_1_1_1_1_1_1_1_1_1_1_1_1_1_1_1_1_1_1_1_1_1_1_1_1_1_1_1_1_1_1_1_1_1_1_1_1_1_1_1_2_1_1_1_1_1_1_1_2_2,19.75738182983399,12,7614,2017,"{""type"":""Point"",""coordinates"":[0.0,0.0]}"
1_1_1_1_1_1_1_1_1_1_1_1_1_1_1_1_1_1_1_1_1_1_1_1_1_1_1_1_1_1_1_1_1_1_1_1_1_1_1_1_1_1_2_1_1_1_1_1_1_1_2_3,468739.5877345266,21,7614,2017,"{""type"":""Point"",""coordinates"":[0.0,0.0]}"
1_1_1_1_1_1_1_1_1_1_1_1_1_1_1_1_1_1_1_1_1_1_1_1_1_1_1_1_1_1_1_1_1_1_1_1_1_1_1_1_1_1_2_1_1_1_1_1_1_1_2_4,334.739440588379,22,7614,2017,"{""type"":""Point"",""coordinates"":[0.0,0.0]}"
1_1_1_1_1_1_1_1_1_1_1_1_1_1_1_1_1_1_1_1_1_1_1_1_1_1_1_1_1_1_1_1_1_1_1_1_1_1_1_1_1_1_2_1_1_1_1_1_1_1_2_5,349.95423035888666,29,7614,2017,"{""type"":""Point"",""coordinates"":[0.0,0.0]}"
1_1_1_1_1_1_1_1_1_1_1_1_1_1_1_1_1_1_1_1_1_1_1_1_1_1_1_1_1_1_1_1_1_1_1_1_1_1_1_1_1_1_2_1_1_1_1_1_1_1_2_6,1414.3470413632847,33,7614,2017,"{""type"":""Point"",""coordinates"":[0.0,0.0]}"
1_1_1_1_1_1_1_1_1_1_1_1_1_1_1_1_1_1_1_1_1_1_1_1_1_1_1_1_1_1_1_1_1_1_1_1_1_1_1_1_1_1_2_1_1_1_1_1_1_2_0,16754.415063027547,3,7614,2018,"{""type"":""Point"",""coordinates"":[0.0,0.0]}"
1_1_1_1_1_1_1_1_1_1_1_1_1_1_1_1_1_1_1_1_1_1_1_1_1_1_1_1_1_1_1_1_1_1_1_1_1_1_1_1_1_1_2_1_1_1_1_1_1_2_1,877639.281116708,4,7614,2018,"{""type"":""Point"",""coordinates"":[0.0,0.0]}"
1_1_1_1_1_1_1_1_1_1_1_1_1_1_1_1_1_1_1_1_1_1_1_1_1_1_1_1_1_1_1_1_1_1_1_1_1_1_1_1_1_1_2_1_1_1_1_1_1_2_2,5.053076666259766,12,7614,2018,"{""type"":""Point"",""coordinates"":[0.0,0.0]}"
1_1_1_1_1_1_1_1_1_1_1_1_1_1_1_1_1_1_1_1_1_1_1_1_1_1_1_1_1_1_1_1_1_1_1_1_1_1_1_1_1_1_2_1_1_1_1_1_1_2_3,473486.52401308465,21,7614,2018,"{""type"":""Point"",""coordinates"":[0.0,0.0]}"
1_1_1_1_1_1_1_1_1_1_1_1_1_1_1_1_1_1_1_1_1_1_1_1_1_1_1_1_1_1_1_1_1_1_1_1_1_1_1_1_1_1_2_1_1_1_1_1_1_2_4,1176.6788286984424,22,7614,2018,"{""type"":""Point"",""coordinates"":[0.0,0.0]}"
1_1_1_1_1_1_1_1_1_1_1_1_1_1_1_1_1_1_1_1_1_1_1_1_1_1_1_1_1_1_1_1_1_1_1_1_1_1_1_1_1_1_2_1_1_1_1_1_1_2_5,6.025177612304688,29,7614,2018,"{""type"":""Point"",""coordinates"":[0.0,0.0]}"
1_1_1_1_1_1_1_1_1_1_1_1_1_1_1_1_1_1_1_1_1_1_1_1_1_1_1_1_1_1_1_1_1_1_1_1_1_1_1_1_1_1_2_1_1_1_1_1_1_2_6,2990.385667159091,33,7614,2018,"{""type"":""Point"",""coordinates"":[0.0,0.0]}"
1_1_1_1_1_1_1_1_1_1_1_1_1_1_1_1_1_1_1_1_1_1_1_1_1_1_1_1_1_1_1_1_1_1_1_1_1_1_1_1_1_1_2_1_1_1_1_1_2_0,26656.286475087923,3,7614,2019,"{""type"":""Point"",""coordinates"":[0.0,0.0]}"
1_1_1_1_1_1_1_1_1_1_1_1_1_1_1_1_1_1_1_1_1_1_1_1_1_1_1_1_1_1_1_1_1_1_1_1_1_1_1_1_1_1_2_1_1_1_1_1_2_1,905558.7133802696,4,7614,2019,"{""type"":""Point"",""coordinates"":[0.0,0.0]}"
1_1_1_1_1_1_1_1_1_1_1_1_1_1_1_1_1_1_1_1_1_1_1_1_1_1_1_1_1_1_1_1_1_1_1_1_1_1_1_1_1_1_2_1_1_1_1_1_2_2,31.367207830810543,12,7614,2019,"{""type"":""Point"",""coordinates"":[0.0,0.0]}"
1_1_1_1_1_1_1_1_1_1_1_1_1_1_1_1_1_1_1_1_1_1_1_1_1_1_1_1_1_1_1_1_1_1_1_1_1_1_1_1_1_1_2_1_1_1_1_1_2_3,434565.5988048822,21,7614,2019,"{""type"":""Point"",""coordinates"":[0.0,0.0]}"
1_1_1_1_1_1_1_1_1_1_1_1_1_1_1_1_1_1_1_1_1_1_1_1_1_1_1_1_1_1_1_1_1_1_1_1_1_1_1_1_1_1_2_1_1_1_1_1_2_4,1169.1667957839072,22,7614,2019,"{""type"":""Point"",""coordinates"":[0.0,0.0]}"
1_1_1_1_1_1_1_1_1_1_1_1_1_1_1_1_1_1_1_1_1_1_1_1_1_1_1_1_1_1_1_1_1_1_1_1_1_1_1_1_1_1_2_1_1_1_1_1_2_5,3.8101260009765627,29,7614,2019,"{""type"":""Point"",""coordinates"":[0.0,0.0]}"
1_1_1_1_1_1_1_1_1_1_1_1_1_1_1_1_1_1_1_1_1_1_1_1_1_1_1_1_1_1_1_1_1_1_1_1_1_1_1_1_1_1_2_1_1_1_1_1_2_6,4073.4201531387243,33,7614,2019,"{""type"":""Point"",""coordinates"":[0.0,0.0]}"
1_1_1_1_1_1_1_1_1_1_1_1_1_1_1_1_1_1_1_1_1_1_1_1_1_1_1_1_1_1_1_1_1_1_1_1_1_1_1_1_1_1_2_1_1_1_1_2_0,16143.345904015458,3,7614,2020,"{""type"":""Point"",""coordinates"":[0.0,0.0]}"
1_1_1_1_1_1_1_1_1_1_1_1_1_1_1_1_1_1_1_1_1_1_1_1_1_1_1_1_1_1_1_1_1_1_1_1_1_1_1_1_1_1_2_1_1_1_1_2_1,908765.2065958253,4,7614,2020,"{""type"":""Point"",""coordinates"":[0.0,0.0]}"
1_1_1_1_1_1_1_1_1_1_1_1_1_1_1_1_1_1_1_1_1_1_1_1_1_1_1_1_1_1_1_1_1_1_1_1_1_1_1_1_1_1_2_1_1_1_1_2_2,73.7183911376953,12,7614,2020,"{""type"":""Point"",""coordinates"":[0.0,0.0]}"
1_1_1_1_1_1_1_1_1_1_1_1_1_1_1_1_1_1_1_1_1_1_1_1_1_1_1_1_1_1_1_1_1_1_1_1_1_1_1_1_1_1_2_1_1_1_1_2_3,442589.5899226095,21,7614,2020,"{""type"":""Point"",""coordinates"":[0.0,0.0]}"
1_1_1_1_1_1_1_1_1_1_1_1_1_1_1_1_1_1_1_1_1_1_1_1_1_1_1_1_1_1_1_1_1_1_1_1_1_1_1_1_1_1_2_1_1_1_1_2_4,870.6008580547013,22,7614,2020,"{""type"":""Point"",""coordinates"":[0.0,0.0]}"
1_1_1_1_1_1_1_1_1_1_1_1_1_1_1_1_1_1_1_1_1_1_1_1_1_1_1_1_1_1_1_1_1_1_1_1_1_1_1_1_1_1_2_1_1_1_1_2_5,43.67152422485352,29,7614,2020,"{""type"":""Point"",""coordinates"":[0.0,0.0]}"
1_1_1_1_1_1_1_1_1_1_1_1_1_1_1_1_1_1_1_1_1_1_1_1_1_1_1_1_1_1_1_1_1_1_1_1_1_1_1_1_1_1_2_1_1_1_1_2_6,3572.2297471400984,33,7614,2020,"{""type"":""Point"",""coordinates"":[0.0,0.0]}"
1_1_1_1_1_1_1_1_1_1_1_1_1_1_1_1_1_1_1_1_1_1_1_1_1_1_1_1_1_1_1_1_1_1_1_1_1_1_1_1_1_1_2_1_1_1_2_0,13665.93341424579,3,7614,2021,"{""type"":""Point"",""coordinates"":[0.0,0.0]}"
1_1_1_1_1_1_1_1_1_1_1_1_1_1_1_1_1_1_1_1_1_1_1_1_1_1_1_1_1_1_1_1_1_1_1_1_1_1_1_1_1_1_2_1_1_1_2_1,903726.3012908532,4,7614,2021,"{""type"":""Point"",""coordinates"":[0.0,0.0]}"
1_1_1_1_1_1_1_1_1_1_1_1_1_1_1_1_1_1_1_1_1_1_1_1_1_1_1_1_1_1_1_1_1_1_1_1_1_1_1_1_1_1_2_1_1_1_2_2,18.967152541001262,12,7614,2021,"{""type"":""Point"",""coordinates"":[0.0,0.0]}"
1_1_1_1_1_1_1_1_1_1_1_1_1_1_1_1_1_1_1_1_1_1_1_1_1_1_1_1_1_1_1_1_1_1_1_1_1_1_1_1_1_1_2_1_1_1_2_3,450443.328446778,21,7614,2021,"{""type"":""Point"",""coordinates"":[0.0,0.0]}"
1_1_1_1_1_1_1_1_1_1_1_1_1_1_1_1_1_1_1_1_1_1_1_1_1_1_1_1_1_1_1_1_1_1_1_1_1_1_1_1_1_1_2_1_1_1_2_4,801.145501981344,22,7614,2021,"{""type"":""Point"",""coordinates"":[0.0,0.0]}"
1_1_1_1_1_1_1_1_1_1_1_1_1_1_1_1_1_1_1_1_1_1_1_1_1_1_1_1_1_1_1_1_1_1_1_1_1_1_1_1_1_1_2_1_1_1_2_5,133.60617373046875,29,7614,2021,"{""type"":""Point"",""coordinates"":[0.0,0.0]}"
1_1_1_1_1_1_1_1_1_1_1_1_1_1_1_1_1_1_1_1_1_1_1_1_1_1_1_1_1_1_1_1_1_1_1_1_1_1_1_1_1_1_2_1_1_1_2_6,3269.0809628719753,33,7614,2021,"{""type"":""Point"",""coordinates"":[0.0,0.0]}"
1_1_1_1_1_1_1_1_1_1_1_1_1_1_1_1_1_1_1_1_1_1_1_1_1_1_1_1_1_1_1_1_1_1_1_1_1_1_1_1_1_1_2_1_1_2_0,14612.907711611064,3,7614,2022,"{""type"":""Point"",""coordinates"":[0.0,0.0]}"
1_1_1_1_1_1_1_1_1_1_1_1_1_1_1_1_1_1_1_1_1_1_1_1_1_1_1_1_1_1_1_1_1_1_1_1_1_1_1_1_1_1_2_1_1_2_1,883885.0920826663,4,7614,2022,"{""type"":""Point"",""coordinates"":[0.0,0.0]}"
1_1_1_1_1_1_1_1_1_1_1_1_1_1_1_1_1_1_1_1_1_1_1_1_1_1_1_1_1_1_1_1_1_1_1_1_1_1_1_1_1_1_2_1_1_2_2,69.53228356143728,12,7614,2022,"{""type"":""Point"",""coordinates"":[0.0,0.0]}"
1_1_1_1_1_1_1_1_1_1_1_1_1_1_1_1_1_1_1_1_1_1_1_1_1_1_1_1_1_1_1_1_1_1_1_1_1_1_1_1_1_1_2_1_1_2_3,470251.5460928615,21,7614,2022,"{""type"":""Point"",""coordinates"":[0.0,0.0]}"
1_1_1_1_1_1_1_1_1_1_1_1_1_1_1_1_1_1_1_1_1_1_1_1_1_1_1_1_1_1_1_1_1_1_1_1_1_1_1_1_1_1_2_1_1_2_4,443.2540676589063,22,7614,2022,"{""type"":""Point"",""coordinates"":[0.0,0.0]}"
1_1_1_1_1_1_1_1_1_1_1_1_1_1_1_1_1_1_1_1_1_1_1_1_1_1_1_1_1_1_1_1_1_1_1_1_1_1_1_1_1_1_2_1_1_2_5,285.54459625983753,29,7614,2022,"{""type"":""Point"",""coordinates"":[0.0,0.0]}"
1_1_1_1_1_1_1_1_1_1_1_1_1_1_1_1_1_1_1_1_1_1_1_1_1_1_1_1_1_1_1_1_1_1_1_1_1_1_1_1_1_1_2_1_1_2_6,2510.4861083660526,33,7614,2022,"{""type"":""Point"",""coordinates"":[0.0,0.0]}"
1_1_1_1_1_1_1_1_1_1_1_1_1_1_1_1_1_1_1_1_1_1_1_1_1_1_1_1_1_1_1_1_1_1_1_1_1_1_1_1_1_1_2_1_2_0,13972.388461542285,3,7614,2023,"{""type"":""Point"",""coordinates"":[0.0,0.0]}"
1_1_1_1_1_1_1_1_1_1_1_1_1_1_1_1_1_1_1_1_1_1_1_1_1_1_1_1_1_1_1_1_1_1_1_1_1_1_1_1_1_1_2_1_2_1,888095.6497790698,4,7614,2023,"{""type"":""Point"",""coordinates"":[0.0,0.0]}"
1_1_1_1_1_1_1_1_1_1_1_1_1_1_1_1_1_1_1_1_1_1_1_1_1_1_1_1_1_1_1_1_1_1_1_1_1_1_1_1_1_1_2_1_2_2,8.06333388671875,12,7614,2023,"{""type"":""Point"",""coordinates"":[0.0,0.0]}"
1_1_1_1_1_1_1_1_1_1_1_1_1_1_1_1_1_1_1_1_1_1_1_1_1_1_1_1_1_1_1_1_1_1_1_1_1_1_1_1_1_1_2_1_2_3,465055.0671812816,21,7614,2023,"{""type"":""Point"",""coordinates"":[0.0,0.0]}"
1_1_1_1_1_1_1_1_1_1_1_1_1_1_1_1_1_1_1_1_1_1_1_1_1_1_1_1_1_1_1_1_1_1_1_1_1_1_1_1_1_1_2_1_2_4,2324.141304551371,22,7614,2023,"{""type"":""Point"",""coordinates"":[0.0,0.0]}"
1_1_1_1_1_1_1_1_1_1_1_1_1_1_1_1_1_1_1_1_1_1_1_1_1_1_1_1_1_1_1_1_1_1_1_1_1_1_1_1_1_1_2_1_2_5,48.16822228185315,29,7614,2023,"{""type"":""Point"",""coordinates"":[0.0,0.0]}"
1_1_1_1_1_1_1_1_1_1_1_1_1_1_1_1_1_1_1_1_1_1_1_1_1_1_1_1_1_1_1_1_1_1_1_1_1_1_1_1_1_1_2_1_2_6,2554.884660360896,33,7614,2023,"{""type"":""Point"",""coordinates"":[0.0,0.0]}"
1_1_1_1_1_1_1_1_1_1_1_1_1_1_1_1_1_1_1_1_1_1_1_1_1_1_1_1_1_1_1_1_1_1_1_1_1_1_1_1_1_1_2_2_0,4417.730315025547,3,7614,2024,"{""type"":""Point"",""coordinates"":[0.0,0.0]}"
1_1_1_1_1_1_1_1_1_1_1_1_1_1_1_1_1_1_1_1_1_1_1_1_1_1_1_1_1_1_1_1_1_1_1_1_1_1_1_1_1_1_2_2_1,871783.5609218087,4,7614,2024,"{""type"":""Point"",""coordinates"":[0.0,0.0]}"
1_1_1_1_1_1_1_1_1_1_1_1_1_1_1_1_1_1_1_1_1_1_1_1_1_1_1_1_1_1_1_1_1_1_1_1_1_1_1_1_1_1_2_2_2,26.841351007080085,12,7614,2024,"{""type"":""Point"",""coordinates"":[0.0,0.0]}"
1_1_1_1_1_1_1_1_1_1_1_1_1_1_1_1_1_1_1_1_1_1_1_1_1_1_1_1_1_1_1_1_1_1_1_1_1_1_1_1_1_1_2_2_3,491516.5886247538,21,7614,2024,"{""type"":""Point"",""coordinates"":[0.0,0.0]}"
1_1_1_1_1_1_1_1_1_1_1_1_1_1_1_1_1_1_1_1_1_1_1_1_1_1_1_1_1_1_1_1_1_1_1_1_1_1_1_1_1_1_2_2_4,445.26889519758583,22,7614,2024,"{""type"":""Point"",""coordinates"":[0.0,0.0]}"
1_1_1_1_1_1_1_1_1_1_1_1_1_1_1_1_1_1_1_1_1_1_1_1_1_1_1_1_1_1_1_1_1_1_1_1_1_1_1_1_1_1_2_2_5,1235.5094933776832,29,7614,2024,"{""type"":""Point"",""coordinates"":[0.0,0.0]}"
1_1_1_1_1_1_1_1_1_1_1_1_1_1_1_1_1_1_1_1_1_1_1_1_1_1_1_1_1_1_1_1_1_1_1_1_1_1_1_1_1_1_2_2_6,2632.8633417623614,33,7614,2024,"{""type"":""Point"",""coordinates"":[0.0,0.0]}"
1_1_1_1_1_1_1_1_1_1_1_1_1_1_1_1_1_1_1_1_1_1_1_1_1_1_1_1_1_1_1_1_1_1_1_1_1_1_1_1_1_2_1_1_1_1_1_1_1_1_2_0,5913.160809709781,3,7616,2016,"{""type"":""Point"",""coordinates"":[0.0,0.0]}"
1_1_1_1_1_1_1_1_1_1_1_1_1_1_1_1_1_1_1_1_1_1_1_1_1_1_1_1_1_1_1_1_1_1_1_1_1_1_1_1_1_2_1_1_1_1_1_1_1_1_2_1,952856.0353904754,4,7616,2016,"{""type"":""Point"",""coordinates"":[0.0,0.0]}"
1_1_1_1_1_1_1_1_1_1_1_1_1_1_1_1_1_1_1_1_1_1_1_1_1_1_1_1_1_1_1_1_1_1_1_1_1_1_1_1_1_2_1_1_1_1_1_1_1_1_2_2,30.000299181841683,12,7616,2016,"{""type"":""Point"",""coordinates"":[0.0,0.0]}"
1_1_1_1_1_1_1_1_1_1_1_1_1_1_1_1_1_1_1_1_1_1_1_1_1_1_1_1_1_1_1_1_1_1_1_1_1_1_1_1_1_2_1_1_1_1_1_1_1_1_2_3,460294.8588186082,21,7616,2016,"{""type"":""Point"",""coordinates"":[0.0,0.0]}"
1_1_1_1_1_1_1_1_1_1_1_1_1_1_1_1_1_1_1_1_1_1_1_1_1_1_1_1_1_1_1_1_1_1_1_1_1_1_1_1_1_2_1_1_1_1_1_1_1_1_2_4,1751.9006001798077,22,7616,2016,"{""type"":""Point"",""coordinates"":[0.0,0.0]}"
1_1_1_1_1_1_1_1_1_1_1_1_1_1_1_1_1_1_1_1_1_1_1_1_1_1_1_1_1_1_1_1_1_1_1_1_1_1_1_1_1_2_1_1_1_1_1_1_1_1_2_5,219.16260989990224,29,7616,2016,"{""type"":""Point"",""coordinates"":[0.0,0.0]}"
1_1_1_1_1_1_1_1_1_1_1_1_1_1_1_1_1_1_1_1_1_1_1_1_1_1_1_1_1_1_1_1_1_1_1_1_1_1_1_1_1_2_1_1_1_1_1_1_1_1_2_6,237.26589919031537,33,7616,2016,"{""type"":""Point"",""coordinates"":[0.0,0.0]}"
1_1_1_1_1_1_1_1_1_1_1_1_1_1_1_1_1_1_1_1_1_1_1_1_1_1_1_1_1_1_1_1_1_1_1_1_1_1_1_1_1_2_1_1_1_1_1_1_1_2_0,3637.1105125964596,3,7616,2017,"{""type"":""Point"",""coordinates"":[0.0,0.0]}"
1_1_1_1_1_1_1_1_1_1_1_1_1_1_1_1_1_1_1_1_1_1_1_1_1_1_1_1_1_1_1_1_1_1_1_1_1_1_1_1_1_2_1_1_1_1_1_1_1_2_1,958097.8277794694,4,7616,2017,"{""type"":""Point"",""coordinates"":[0.0,0.0]}"
1_1_1_1_1_1_1_1_1_1_1_1_1_1_1_1_1_1_1_1_1_1_1_1_1_1_1_1_1_1_1_1_1_1_1_1_1_1_1_1_1_2_1_1_1_1_1_1_1_2_2,9.762943204441447,12,7616,2017,"{""type"":""Point"",""coordinates"":[0.0,0.0]}"
1_1_1_1_1_1_1_1_1_1_1_1_1_1_1_1_1_1_1_1_1_1_1_1_1_1_1_1_1_1_1_1_1_1_1_1_1_1_1_1_1_2_1_1_1_1_1_1_1_2_3,458845.4015435801,21,7616,2017,"{""type"":""Point"",""coordinates"":[0.0,0.0]}"
1_1_1_1_1_1_1_1_1_1_1_1_1_1_1_1_1_1_1_1_1_1_1_1_1_1_1_1_1_1_1_1_1_1_1_1_1_1_1_1_1_2_1_1_1_1_1_1_1_2_4,370.0023509274949,22,7616,2017,"{""type"":""Point"",""coordinates"":[0.0,0.0]}"
1_1_1_1_1_1_1_1_1_1_1_1_1_1_1_1_1_1_1_1_1_1_1_1_1_1_1_1_1_1_1_1_1_1_1_1_1_1_1_1_1_2_1_1_1_1_1_1_1_2_5,63.19404812011713,29,7616,2017,"{""type"":""Point"",""coordinates"":[0.0,0.0]}"
1_1_1_1_1_1_1_1_1_1_1_1_1_1_1_1_1_1_1_1_1_1_1_1_1_1_1_1_1_1_1_1_1_1_1_1_1_1_1_1_1_2_1_1_1_1_1_1_1_2_6,279.085249356929,33,7616,2017,"{""type"":""Point"",""coordinates"":[0.0,0.0]}"
1_1_1_1_1_1_1_1_1_1_1_1_1_1_1_1_1_1_1_1_1_1_1_1_1_1_1_1_1_1_1_1_1_1_1_1_1_1_1_1_1_2_1_1_1_1_1_1_2_0,6454.19143799432,3,7616,2018,"{""type"":""Point"",""coordinates"":[0.0,0.0]}"
1_1_1_1_1_1_1_1_1_1_1_1_1_1_1_1_1_1_1_1_1_1_1_1_1_1_1_1_1_1_1_1_1_1_1_1_1_1_1_1_1_2_1_1_1_1_1_1_2_1,959732.0246959385,4,7616,2018,"{""type"":""Point"",""coordinates"":[0.0,0.0]}"
1_1_1_1_1_1_1_1_1_1_1_1_1_1_1_1_1_1_1_1_1_1_1_1_1_1_1_1_1_1_1_1_1_1_1_1_1_1_1_1_1_2_1_1_1_1_1_1_2_2,2.2024321350097655,12,7616,2018,"{""type"":""Point"",""coordinates"":[0.0,0.0]}"
1_1_1_1_1_1_1_1_1_1_1_1_1_1_1_1_1_1_1_1_1_1_1_1_1_1_1_1_1_1_1_1_1_1_1_1_1_1_1_1_1_2_1_1_1_1_1_1_2_3,453633.2279492115,21,7616,2018,"{""type"":""Point"",""coordinates"":[0.0,0.0]}"
1_1_1_1_1_1_1_1_1_1_1_1_1_1_1_1_1_1_1_1_1_1_1_1_1_1_1_1_1_1_1_1_1_1_1_1_1_1_1_1_1_2_1_1_1_1_1_1_2_4,991.4089021883134,22,7616,2018,"{""type"":""Point"",""coordinates"":[0.0,0.0]}"
1_1_1_1_1_1_1_1_1_1_1_1_1_1_1_1_1_1_1_1_1_1_1_1_1_1_1_1_1_1_1_1_1_1_1_1_1_1_1_1_1_2_1_1_1_1_1_1_2_5,84.67197288286994,29,7616,2018,"{""type"":""Point"",""coordinates"":[0.0,0.0]}"
1_1_1_1_1_1_1_1_1_1_1_1_1_1_1_1_1_1_1_1_1_1_1_1_1_1_1_1_1_1_1_1_1_1_1_1_1_1_1_1_1_2_1_1_1_1_1_1_2_6,404.6570368940529,33,7616,2018,"{""type"":""Point"",""coordinates"":[0.0,0.0]}"
1_1_1_1_1_1_1_1_1_1_1_1_1_1_1_1_1_1_1_1_1_1_1_1_1_1_1_1_1_1_1_1_1_1_1_1_1_1_1_1_1_2_1_1_1_1_1_2_0,5760.909559454435,3,7616,2019,"{""type"":""Point"",""coordinates"":[0.0,0.0]}"
1_1_1_1_1_1_1_1_1_1_1_1_1_1_1_1_1_1_1_1_1_1_1_1_1_1_1_1_1_1_1_1_1_1_1_1_1_1_1_1_1_2_1_1_1_1_1_2_1,939918.3018318432,4,7616,2019,"{""type"":""Point"",""coordinates"":[0.0,0.0]}"
1_1_1_1_1_1_1_1_1_1_1_1_1_1_1_1_1_1_1_1_1_1_1_1_1_1_1_1_1_1_1_1_1_1_1_1_1_1_1_1_1_2_1_1_1_1_1_2_2,93.14190653787048,12,7616,2019,"{""type"":""Point"",""coordinates"":[0.0,0.0]}"
1_1_1_1_1_1_1_1_1_1_1_1_1_1_1_1_1_1_1_1_1_1_1_1_1_1_1_1_1_1_1_1_1_1_1_1_1_1_1_1_1_2_1_1_1_1_1_2_3,471958.3857673641,21,7616,2019,"{""type"":""Point"",""coordinates"":[0.0,0.0]}"
1_1_1_1_1_1_1_1_1_1_1_1_1_1_1_1_1_1_1_1_1_1_1_1_1_1_1_1_1_1_1_1_1_1_1_1_1_1_1_1_1_2_1_1_1_1_1_2_4,3094.0689730201993,22,7616,2019,"{""type"":""Point"",""coordinates"":[0.0,0.0]}"
1_1_1_1_1_1_1_1_1_1_1_1_1_1_1_1_1_1_1_1_1_1_1_1_1_1_1_1_1_1_1_1_1_1_1_1_1_1_1_1_1_2_1_1_1_1_1_2_5,192.70303687133793,29,7616,2019,"{""type"":""Point"",""coordinates"":[0.0,0.0]}"
1_1_1_1_1_1_1_1_1_1_1_1_1_1_1_1_1_1_1_1_1_1_1_1_1_1_1_1_1_1_1_1_1_1_1_1_1_1_1_1_1_2_1_1_1_1_1_2_6,284.8733521271356,33,7616,2019,"{""type"":""Point"",""coordinates"":[0.0,0.0]}"
1_1_1_1_1_1_1_1_1_1_1_1_1_1_1_1_1_1_1_1_1_1_1_1_1_1_1_1_1_1_1_1_1_1_1_1_1_1_1_1_1_2_1_1_1_1_2_0,3769.076344551923,3,7616,2020,"{""type"":""Point"",""coordinates"":[0.0,0.0]}"
1_1_1_1_1_1_1_1_1_1_1_1_1_1_1_1_1_1_1_1_1_1_1_1_1_1_1_1_1_1_1_1_1_1_1_1_1_1_1_1_1_2_1_1_1_1_2_1,939239.2634274217,4,7616,2020,"{""type"":""Point"",""coordinates"":[0.0,0.0]}"
1_1_1_1_1_1_1_1_1_1_1_1_1_1_1_1_1_1_1_1_1_1_1_1_1_1_1_1_1_1_1_1_1_1_1_1_1_1_1_1_1_2_1_1_1_1_2_2,417.94938182133643,12,7616,2020,"{""type"":""Point"",""coordinates"":[0.0,0.0]}"
1_1_1_1_1_1_1_1_1_1_1_1_1_1_1_1_1_1_1_1_1_1_1_1_1_1_1_1_1_1_1_1_1_1_1_1_1_1_1_1_1_2_1_1_1_1_2_3,473308.78410575865,21,7616,2020,"{""type"":""Point"",""coordinates"":[0.0,0.0]}"
1_1_1_1_1_1_1_1_1_1_1_1_1_1_1_1_1_1_1_1_1_1_1_1_1_1_1_1_1_1_1_1_1_1_1_1_1_1_1_1_1_2_1_1_1_1_2_4,3591.545332042645,22,7616,2020,"{""type"":""Point"",""coordinates"":[0.0,0.0]}"
1_1_1_1_1_1_1_1_1_1_1_1_1_1_1_1_1_1_1_1_1_1_1_1_1_1_1_1_1_1_1_1_1_1_1_1_1_1_1_1_1_2_1_1_1_1_2_5,825.1567122009275,29,7616,2020,"{""type"":""Point"",""coordinates"":[0.0,0.0]}"
1_1_1_1_1_1_1_1_1_1_1_1_1_1_1_1_1_1_1_1_1_1_1_1_1_1_1_1_1_1_1_1_1_1_1_1_1_1_1_1_1_2_1_1_1_1_2_6,150.6091234393435,33,7616,2020,"{""type"":""Point"",""coordinates"":[0.0,0.0]}"
1_1_1_1_1_1_1_1_1_1_1_1_1_1_1_1_1_1_1_1_1_1_1_1_1_1_1_1_1_1_1_1_1_1_1_1_1_1_1_1_1_2_1_1_1_2_0,5159.797379241862,3,7616,2021,"{""type"":""Point"",""coordinates"":[0.0,0.0]}"
1_1_1_1_1_1_1_1_1_1_1_1_1_1_1_1_1_1_1_1_1_1_1_1_1_1_1_1_1_1_1_1_1_1_1_1_1_1_1_1_1_2_1_1_1_2_1,932256.8236193833,4,7616,2021,"{""type"":""Point"",""coordinates"":[0.0,0.0]}"
1_1_1_1_1_1_1_1_1_1_1_1_1_1_1_1_1_1_1_1_1_1_1_1_1_1_1_1_1_1_1_1_1_1_1_1_1_1_1_1_1_2_1_1_1_2_2,35.92206569824217,12,7616,2021,"{""type"":""Point"",""coordinates"":[0.0,0.0]}"
1_1_1_1_1_1_1_1_1_1_1_1_1_1_1_1_1_1_1_1_1_1_1_1_1_1_1_1_1_1_1_1_1_1_1_1_1_1_1_1_1_2_1_1_1_2_3,478945.1042203485,21,7616,2021,"{""type"":""Point"",""coordinates"":[0.0,0.0]}"
1_1_1_1_1_1_1_1_1_1_1_1_1_1_1_1_1_1_1_1_1_1_1_1_1_1_1_1_1_1_1_1_1_1_1_1_1_1_1_1_1_2_1_1_1_2_4,4043.061055719266,22,7616,2021,"{""type"":""Point"",""coordinates"":[0.0,0.0]}"
1_1_1_1_1_1_1_1_1_1_1_1_1_1_1_1_1_1_1_1_1_1_1_1_1_1_1_1_1_1_1_1_1_1_1_1_1_1_1_1_1_2_1_1_1_2_5,520.1667082580567,29,7616,2021,"{""type"":""Point"",""coordinates"":[0.0,0.0]}"
1_1_1_1_1_1_1_1_1_1_1_1_1_1_1_1_1_1_1_1_1_1_1_1_1_1_1_1_1_1_1_1_1_1_1_1_1_1_1_1_1_2_1_1_1_2_6,341.50937856629747,33,7616,2021,"{""type"":""Point"",""coordinates"":[0.0,0.0]}"
1_1_1_1_1_1_1_1_1_1_1_1_1_1_1_1_1_1_1_1_1_1_1_1_1_1_1_1_1_1_1_1_1_1_1_1_1_1_1_1_1_2_1_1_2_0,3974.0006666280374,3,7616,2022,"{""type"":""Point"",""coordinates"":[0.0,0.0]}"
1_1_1_1_1_1_1_1_1_1_1_1_1_1_1_1_1_1_1_1_1_1_1_1_1_1_1_1_1_1_1_1_1_1_1_1_1_1_1_1_1_2_1_1_2_1,941125.0234780009,4,7616,2022,"{""type"":""Point"",""coordinates"":[0.0,0.0]}"
1_1_1_1_1_1_1_1_1_1_1_1_1_1_1_1_1_1_1_1_1_1_1_1_1_1_1_1_1_1_1_1_1_1_1_1_1_1_1_1_1_2_1_1_2_2,33.49054624820484,12,7616,2022,"{""type"":""Point"",""coordinates"":[0.0,0.0]}"
1_1_1_1_1_1_1_1_1_1_1_1_1_1_1_1_1_1_1_1_1_1_1_1_1_1_1_1_1_1_1_1_1_1_1_1_1_1_1_1_1_2_1_1_2_3,473334.6348351799,21,7616,2022,"{""type"":""Point"",""coordinates"":[0.0,0.0]}"
1_1_1_1_1_1_1_1_1_1_1_1_1_1_1_1_1_1_1_1_1_1_1_1_1_1_1_1_1_1_1_1_1_1_1_1_1_1_1_1_1_2_1_1_2_4,1412.2987773135499,22,7616,2022,"{""type"":""Point"",""coordinates"":[0.0,0.0]}"
1_1_1_1_1_1_1_1_1_1_1_1_1_1_1_1_1_1_1_1_1_1_1_1_1_1_1_1_1_1_1_1_1_1_1_1_1_1_1_1_1_2_1_1_2_5,1086.2938455527876,29,7616,2022,"{""type"":""Point"",""coordinates"":[0.0,0.0]}"
1_1_1_1_1_1_1_1_1_1_1_1_1_1_1_1_1_1_1_1_1_1_1_1_1_1_1_1_1_1_1_1_1_1_1_1_1_1_1_1_1_2_1_1_2_6,336.6422782911122,33,7616,2022,"{""type"":""Point"",""coordinates"":[0.0,0.0]}"
1_1_1_1_1_1_1_1_1_1_1_1_1_1_1_1_1_1_1_1_1_1_1_1_1_1_1_1_1_1_1_1_1_1_1_1_1_1_1_1_1_2_1_2_0,4070.227487542099,3,7616,2023,"{""type"":""Point"",""coordinates"":[0.0,0.0]}"
1_1_1_1_1_1_1_1_1_1_1_1_1_1_1_1_1_1_1_1_1_1_1_1_1_1_1_1_1_1_1_1_1_1_1_1_1_1_1_1_1_2_1_2_1,931317.6034294664,4,7616,2023,"{""type"":""Point"",""coordinates"":[0.0,0.0]}"
1_1_1_1_1_1_1_1_1_1_1_1_1_1_1_1_1_1_1_1_1_1_1_1_1_1_1_1_1_1_1_1_1_1_1_1_1_1_1_1_1_2_1_2_2,67.27772860720165,12,7616,2023,"{""type"":""Point"",""coordinates"":[0.0,0.0]}"
1_1_1_1_1_1_1_1_1_1_1_1_1_1_1_1_1_1_1_1_1_1_1_1_1_1_1_1_1_1_1_1_1_1_1_1_1_1_1_1_1_2_1_2_3,482295.7850627773,21,7616,2023,"{""type"":""Point"",""coordinates"":[0.0,0.0]}"
1_1_1_1_1_1_1_1_1_1_1_1_1_1_1_1_1_1_1_1_1_1_1_1_1_1_1_1_1_1_1_1_1_1_1_1_1_1_1_1_1_2_1_2_4,1004.446633528667,22,7616,2023,"{""type"":""Point"",""coordinates"":[0.0,0.0]}"
1_1_1_1_1_1_1_1_1_1_1_1_1_1_1_1_1_1_1_1_1_1_1_1_1_1_1_1_1_1_1_1_1_1_1_1_1_1_1_1_1_2_1_2_5,2303.7695609232123,29,7616,2023,"{""type"":""Point"",""coordinates"":[0.0,0.0]}"
1_1_1_1_1_1_1_1_1_1_1_1_1_1_1_1_1_1_1_1_1_1_1_1_1_1_1_1_1_1_1_1_1_1_1_1_1_1_1_1_1_2_1_2_6,243.27452435020354,33,7616,2023,"{""type"":""Point"",""coordinates"":[0.0,0.0]}"
1_1_1_1_1_1_1_1_1_1_1_1_1_1_1_1_1_1_1_1_1_1_1_1_1_1_1_1_1_1_1_1_1_1_1_1_1_1_1_1_1_2_2_0,5521.304982001805,3,7616,2024,"{""type"":""Point"",""coordinates"":[0.0,0.0]}"
1_1_1_1_1_1_1_1_1_1_1_1_1_1_1_1_1_1_1_1_1_1_1_1_1_1_1_1_1_1_1_1_1_1_1_1_1_1_1_1_1_2_2_1,907029.4580436415,4,7616,2024,"{""type"":""Point"",""coordinates"":[0.0,0.0]}"
1_1_1_1_1_1_1_1_1_1_1_1_1_1_1_1_1_1_1_1_1_1_1_1_1_1_1_1_1_1_1_1_1_1_1_1_1_1_1_1_1_2_2_2,15.128067004394536,12,7616,2024,"{""type"":""Point"",""coordinates"":[0.0,0.0]}"
1_1_1_1_1_1_1_1_1_1_1_1_1_1_1_1_1_1_1_1_1_1_1_1_1_1_1_1_1_1_1_1_1_1_1_1_1_1_1_1_1_2_2_3,491126.14653281623,21,7616,2024,"{""type"":""Point"",""coordinates"":[0.0,0.0]}"
1_1_1_1_1_1_1_1_1_1_1_1_1_1_1_1_1_1_1_1_1_1_1_1_1_1_1_1_1_1_1_1_1_1_1_1_1_1_1_1_1_2_2_4,1687.4509451265956,22,7616,2024,"{""type"":""Point"",""coordinates"":[0.0,0.0]}"
1_1_1_1_1_1_1_1_1_1_1_1_1_1_1_1_1_1_1_1_1_1_1_1_1_1_1_1_1_1_1_1_1_1_1_1_1_1_1_1_1_2_2_5,215.86637375631878,29,7616,2024,"{""type"":""Point"",""coordinates"":[0.0,0.0]}"
1_1_1_1_1_1_1_1_1_1_1_1_1_1_1_1_1_1_1_1_1_1_1_1_1_1_1_1_1_1_1_1_1_1_1_1_1_1_1_1_1_2_2_6,15707.029482855056,33,7616,2024,"{""type"":""Point"",""coordinates"":[0.0,0.0]}"
1_1_1_1_1_1_1_1_1_1_1_1_1_1_1_1_1_1_1_1_1_1_1_1_1_1_1_1_1_1_1_1_1_1_1_1_1_1_1_1_2_1_1_1_1_1_1_1_1_2_0,187383.36302901426,3,745,2016,"{""type"":""Point"",""coordinates"":[0.0,0.0]}"
1_1_1_1_1_1_1_1_1_1_1_1_1_1_1_1_1_1_1_1_1_1_1_1_1_1_1_1_1_1_1_1_1_1_1_1_1_1_1_1_2_1_1_1_1_1_1_1_1_2_1,439332.3833804264,4,745,2016,"{""type"":""Point"",""coordinates"":[0.0,0.0]}"
1_1_1_1_1_1_1_1_1_1_1_1_1_1_1_1_1_1_1_1_1_1_1_1_1_1_1_1_1_1_1_1_1_1_1_1_1_1_1_1_2_1_1_1_1_1_1_1_1_2_2,137.23579413193647,12,745,2016,"{""type"":""Point"",""coordinates"":[0.0,0.0]}"
1_1_1_1_1_1_1_1_1_1_1_1_1_1_1_1_1_1_1_1_1_1_1_1_1_1_1_1_1_1_1_1_1_1_1_1_1_1_1_1_2_1_1_1_1_1_1_1_1_2_3,25951.009828820428,21,745,2016,"{""type"":""Point"",""coordinates"":[0.0,0.0]}"
1_1_1_1_1_1_1_1_1_1_1_1_1_1_1_1_1_1_1_1_1_1_1_1_1_1_1_1_1_1_1_1_1_1_1_1_1_1_1_1_2_1_1_1_1_1_1_1_1_2_4,51.02146198792701,22,745,2016,"{""type"":""Point"",""coordinates"":[0.0,0.0]}"
1_1_1_1_1_1_1_1_1_1_1_1_1_1_1_1_1_1_1_1_1_1_1_1_1_1_1_1_1_1_1_1_1_1_1_1_1_1_1_1_2_1_1_1_1_1_1_1_1_2_5,21.176181683349615,29,745,2016,"{""type"":""Point"",""coordinates"":[0.0,0.0]}"
1_1_1_1_1_1_1_1_1_1_1_1_1_1_1_1_1_1_1_1_1_1_1_1_1_1_1_1_1_1_1_1_1_1_1_1_1_1_1_1_2_1_1_1_1_1_1_1_1_2_6,997.4150229797395,33,745,2016,"{""type"":""Point"",""coordinates"":[0.0,0.0]}"
1_1_1_1_1_1_1_1_1_1_1_1_1_1_1_1_1_1_1_1_1_1_1_1_1_1_1_1_1_1_1_1_1_1_1_1_1_1_1_1_2_1_1_1_1_1_1_1_2_0,224430.92061679673,3,745,2017,"{""type"":""Point"",""coordinates"":[0.0,0.0]}"
1_1_1_1_1_1_1_1_1_1_1_1_1_1_1_1_1_1_1_1_1_1_1_1_1_1_1_1_1_1_1_1_1_1_1_1_1_1_1_1_2_1_1_1_1_1_1_1_2_1,402919.6582626681,4,745,2017,"{""type"":""Point"",""coordinates"":[0.0,0.0]}"
1_1_1_1_1_1_1_1_1_1_1_1_1_1_1_1_1_1_1_1_1_1_1_1_1_1_1_1_1_1_1_1_1_1_1_1_1_1_1_1_2_1_1_1_1_1_1_1_2_2,352.7059708857277,12,745,2017,"{""type"":""Point"",""coordinates"":[0.0,0.0]}"
1_1_1_1_1_1_1_1_1_1_1_1_1_1_1_1_1_1_1_1_1_1_1_1_1_1_1_1_1_1_1_1_1_1_1_1_1_1_1_1_2_1_1_1_1_1_1_1_2_3,25108.144946775832,21,745,2017,"{""type"":""Point"",""coordinates"":[0.0,0.0]}"
1_1_1_1_1_1_1_1_1_1_1_1_1_1_1_1_1_1_1_1_1_1_1_1_1_1_1_1_1_1_1_1_1_1_1_1_1_1_1_1_2_1_1_1_1_1_1_1_2_4,40.403472735595706,22,745,2017,"{""type"":""Point"",""coordinates"":[0.0,0.0]}"
1_1_1_1_1_1_1_1_1_1_1_1_1_1_1_1_1_1_1_1_1_1_1_1_1_1_1_1_1_1_1_1_1_1_1_1_1_1_1_1_2_1_1_1_1_1_1_1_2_5,19.4914328857422,29,745,2017,"{""type"":""Point"",""coordinates"":[0.0,0.0]}"
1_1_1_1_1_1_1_1_1_1_1_1_1_1_1_1_1_1_1_1_1_1_1_1_1_1_1_1_1_1_1_1_1_1_1_1_1_1_1_1_2_1_1_1_1_1_1_1_2_6,1002.2799962890681,33,745,2017,"{""type"":""Point"",""coordinates"":[0.0,0.0]}"
1_1_1_1_1_1_1_1_1_1_1_1_1_1_1_1_1_1_1_1_1_1_1_1_1_1_1_1_1_1_1_1_1_1_1_1_1_1_1_1_2_1_1_1_1_1_1_2_0,261471.60920108057,3,745,2018,"{""type"":""Point"",""coordinates"":[0.0,0.0]}"
1_1_1_1_1_1_1_1_1_1_1_1_1_1_1_1_1_1_1_1_1_1_1_1_1_1_1_1_1_1_1_1_1_1_1_1_1_1_1_1_2_1_1_1_1_1_1_2_1,370448.59862060816,4,745,2018,"{""type"":""Point"",""coordinates"":[0.0,0.0]}"
1_1_1_1_1_1_1_1_1_1_1_1_1_1_1_1_1_1_1_1_1_1_1_1_1_1_1_1_1_1_1_1_1_1_1_1_1_1_1_1_2_1_1_1_1_1_1_2_2,245.96040090272217,12,745,2018,"{""type"":""Point"",""coordinates"":[0.0,0.0]}"
1_1_1_1_1_1_1_1_1_1_1_1_1_1_1_1_1_1_1_1_1_1_1_1_1_1_1_1_1_1_1_1_1_1_1_1_1_1_1_1_2_1_1_1_1_1_1_2_3,19931.83384744516,21,745,2018,"{""type"":""Point"",""coordinates"":[0.0,0.0]}"
1_1_1_1_1_1_1_1_1_1_1_1_1_1_1_1_1_1_1_1_1_1_1_1_1_1_1_1_1_1_1_1_1_1_1_1_1_1_1_1_2_1_1_1_1_1_1_2_4,551.856202664628,22,745,2018,"{""type"":""Point"",""coordinates"":[0.0,0.0]}"
1_1_1_1_1_1_1_1_1_1_1_1_1_1_1_1_1_1_1_1_1_1_1_1_1_1_1_1_1_1_1_1_1_1_1_1_1_1_1_1_2_1_1_1_1_1_1_2_5,85.65502553710941,29,745,2018,"{""type"":""Point"",""coordinates"":[0.0,0.0]}"
1_1_1_1_1_1_1_1_1_1_1_1_1_1_1_1_1_1_1_1_1_1_1_1_1_1_1_1_1_1_1_1_1_1_1_1_1_1_1_1_2_1_1_1_1_1_1_2_6,1138.0914007934643,33,745,2018,"{""type"":""Point"",""coordinates"":[0.0,0.0]}"
1_1_1_1_1_1_1_1_1_1_1_1_1_1_1_1_1_1_1_1_1_1_1_1_1_1_1_1_1_1_1_1_1_1_1_1_1_1_1_1_2_1_1_1_1_1_2_0,250329.07658353087,3,745,2019,"{""type"":""Point"",""coordinates"":[0.0,0.0]}"
1_1_1_1_1_1_1_1_1_1_1_1_1_1_1_1_1_1_1_1_1_1_1_1_1_1_1_1_1_1_1_1_1_1_1_1_1_1_1_1_2_1_1_1_1_1_2_1,381698.03663283575,4,745,2019,"{""type"":""Point"",""coordinates"":[0.0,0.0]}"
1_1_1_1_1_1_1_1_1_1_1_1_1_1_1_1_1_1_1_1_1_1_1_1_1_1_1_1_1_1_1_1_1_1_1_1_1_1_1_1_2_1_1_1_1_1_2_2,149.2143388033758,12,745,2019,"{""type"":""Point"",""coordinates"":[0.0,0.0]}"
1_1_1_1_1_1_1_1_1_1_1_1_1_1_1_1_1_1_1_1_1_1_1_1_1_1_1_1_1_1_1_1_1_1_1_1_1_1_1_1_2_1_1_1_1_1_2_3,20117.92398982015,21,745,2019,"{""type"":""Point"",""coordinates"":[0.0,0.0]}"
1_1_1_1_1_1_1_1_1_1_1_1_1_1_1_1_1_1_1_1_1_1_1_1_1_1_1_1_1_1_1_1_1_1_1_1_1_1_1_1_2_1_1_1_1_1_2_4,430.06713864458834,22,745,2019,"{""type"":""Point"",""coordinates"":[0.0,0.0]}"
1_1_1_1_1_1_1_1_1_1_1_1_1_1_1_1_1_1_1_1_1_1_1_1_1_1_1_1_1_1_1_1_1_1_1_1_1_1_1_1_2_1_1_1_1_1_2_5,152.587829635297,29,745,2019,"{""type"":""Point"",""coordinates"":[0.0,0.0]}"
1_1_1_1_1_1_1_1_1_1_1_1_1_1_1_1_1_1_1_1_1_1_1_1_1_1_1_1_1_1_1_1_1_1_1_1_1_1_1_1_2_1_1_1_1_1_2_6,996.6981857727093,33,745,2019,"{""type"":""Point"",""coordinates"":[0.0,0.0]}"
1_1_1_1_1_1_1_1_1_1_1_1_1_1_1_1_1_1_1_1_1_1_1_1_1_1_1_1_1_1_1_1_1_1_1_1_1_1_1_1_2_1_1_1_1_2_0,269403.2345116219,3,745,2020,"{""type"":""Point"",""coordinates"":[0.0,0.0]}"
1_1_1_1_1_1_1_1_1_1_1_1_1_1_1_1_1_1_1_1_1_1_1_1_1_1_1_1_1_1_1_1_1_1_1_1_1_1_1_1_2_1_1_1_1_2_1,362339.10283233225,4,745,2020,"{""type"":""Point"",""coordinates"":[0.0,0.0]}"
1_1_1_1_1_1_1_1_1_1_1_1_1_1_1_1_1_1_1_1_1_1_1_1_1_1_1_1_1_1_1_1_1_1_1_1_1_1_1_1_2_1_1_1_1_2_2,95.84058911841298,12,745,2020,"{""type"":""Point"",""coordinates"":[0.0,0.0]}"
1_1_1_1_1_1_1_1_1_1_1_1_1_1_1_1_1_1_1_1_1_1_1_1_1_1_1_1_1_1_1_1_1_1_1_1_1_1_1_1_2_1_1_1_1_2_3,20013.327278524856,21,745,2020,"{""type"":""Point"",""coordinates"":[0.0,0.0]}"
1_1_1_1_1_1_1_1_1_1_1_1_1_1_1_1_1_1_1_1_1_1_1_1_1_1_1_1_1_1_1_1_1_1_1_1_1_1_1_1_2_1_1_1_1_2_4,936.042892170505,22,745,2020,"{""type"":""Point"",""coordinates"":[0.0,0.0]}"
1_1_1_1_1_1_1_1_1_1_1_1_1_1_1_1_1_1_1_1_1_1_1_1_1_1_1_1_1_1_1_1_1_1_1_1_1_1_1_1_2_1_1_1_1_2_5,111.84139519078882,29,745,2020,"{""type"":""Point"",""coordinates"":[0.0,0.0]}"
1_1_1_1_1_1_1_1_1_1_1_1_1_1_1_1_1_1_1_1_1_1_1_1_1_1_1_1_1_1_1_1_1_1_1_1_1_1_1_1_2_1_1_1_1_2_6,974.2152000560852,33,745,2020,"{""type"":""Point"",""coordinates"":[0.0,0.0]}"
1_1_1_1_1_1_1_1_1_1_1_1_1_1_1_1_1_1_1_1_1_1_1_1_1_1_1_1_1_1_1_1_1_1_1_1_1_1_1_1_2_1_1_1_2_0,275199.16876055865,3,745,2021,"{""type"":""Point"",""coordinates"":[0.0,0.0]}"
1_1_1_1_1_1_1_1_1_1_1_1_1_1_1_1_1_1_1_1_1_1_1_1_1_1_1_1_1_1_1_1_1_1_1_1_1_1_1_1_2_1_1_1_2_1,353735.10929278366,4,745,2021,"{""type"":""Point"",""coordinates"":[0.0,0.0]}"
1_1_1_1_1_1_1_1_1_1_1_1_1_1_1_1_1_1_1_1_1_1_1_1_1_1_1_1_1_1_1_1_1_1_1_1_1_1_1_1_2_1_1_1_2_2,403.51276645079366,12,745,2021,"{""type"":""Point"",""coordinates"":[0.0,0.0]}"
1_1_1_1_1_1_1_1_1_1_1_1_1_1_1_1_1_1_1_1_1_1_1_1_1_1_1_1_1_1_1_1_1_1_1_1_1_1_1_1_2_1_1_1_2_3,23179.143362714218,21,745,2021,"{""type"":""Point"",""coordinates"":[0.0,0.0]}"
1_1_1_1_1_1_1_1_1_1_1_1_1_1_1_1_1_1_1_1_1_1_1_1_1_1_1_1_1_1_1_1_1_1_1_1_1_1_1_1_2_1_1_1_2_4,331.07272970186193,22,745,2021,"{""type"":""Point"",""coordinates"":[0.0,0.0]}"
1_1_1_1_1_1_1_1_1_1_1_1_1_1_1_1_1_1_1_1_1_1_1_1_1_1_1_1_1_1_1_1_1_1_1_1_1_1_1_1_2_1_1_1_2_5,110.57106245765844,29,745,2021,"{""type"":""Point"",""coordinates"":[0.0,0.0]}"
1_1_1_1_1_1_1_1_1_1_1_1_1_1_1_1_1_1_1_1_1_1_1_1_1_1_1_1_1_1_1_1_1_1_1_1_1_1_1_1_2_1_1_1_2_6,915.0267243483665,33,745,2021,"{""type"":""Point"",""coordinates"":[0.0,0.0]}"
1_1_1_1_1_1_1_1_1_1_1_1_1_1_1_1_1_1_1_1_1_1_1_1_1_1_1_1_1_1_1_1_1_1_1_1_1_1_1_1_2_1_1_2_0,241988.03715784708,3,745,2022,"{""type"":""Point"",""coordinates"":[0.0,0.0]}"
1_1_1_1_1_1_1_1_1_1_1_1_1_1_1_1_1_1_1_1_1_1_1_1_1_1_1_1_1_1_1_1_1_1_1_1_1_1_1_1_2_1_1_2_1,388288.16423813684,4,745,2022,"{""type"":""Point"",""coordinates"":[0.0,0.0]}"
1_1_1_1_1_1_1_1_1_1_1_1_1_1_1_1_1_1_1_1_1_1_1_1_1_1_1_1_1_1_1_1_1_1_1_1_1_1_1_1_2_1_1_2_2,86.08657285685224,12,745,2022,"{""type"":""Point"",""coordinates"":[0.0,0.0]}"
1_1_1_1_1_1_1_1_1_1_1_1_1_1_1_1_1_1_1_1_1_1_1_1_1_1_1_1_1_1_1_1_1_1_1_1_1_1_1_1_2_1_1_2_3,22210.465099154833,21,745,2022,"{""type"":""Point"",""coordinates"":[0.0,0.0]}"
1_1_1_1_1_1_1_1_1_1_1_1_1_1_1_1_1_1_1_1_1_1_1_1_1_1_1_1_1_1_1_1_1_1_1_1_1_1_1_1_2_1_1_2_4,358.1239273988253,22,745,2022,"{""type"":""Point"",""coordinates"":[0.0,0.0]}"
1_1_1_1_1_1_1_1_1_1_1_1_1_1_1_1_1_1_1_1_1_1_1_1_1_1_1_1_1_1_1_1_1_1_1_1_1_1_1_1_2_1_1_2_5,82.8325121582031,29,745,2022,"{""type"":""Point"",""coordinates"":[0.0,0.0]}"
1_1_1_1_1_1_1_1_1_1_1_1_1_1_1_1_1_1_1_1_1_1_1_1_1_1_1_1_1_1_1_1_1_1_1_1_1_1_1_1_2_1_1_2_6,859.8951914856065,33,745,2022,"{""type"":""Point"",""coordinates"":[0.0,0.0]}"
1_1_1_1_1_1_1_1_1_1_1_1_1_1_1_1_1_1_1_1_1_1_1_1_1_1_1_1_1_1_1_1_1_1_1_1_1_1_1_1_2_1_2_0,258467.79536241805,3,745,2023,"{""type"":""Point"",""coordinates"":[0.0,0.0]}"
1_1_1_1_1_1_1_1_1_1_1_1_1_1_1_1_1_1_1_1_1_1_1_1_1_1_1_1_1_1_1_1_1_1_1_1_1_1_1_1_2_1_2_1,373568.73047826753,4,745,2023,"{""type"":""Point"",""coordinates"":[0.0,0.0]}"
1_1_1_1_1_1_1_1_1_1_1_1_1_1_1_1_1_1_1_1_1_1_1_1_1_1_1_1_1_1_1_1_1_1_1_1_1_1_1_1_2_1_2_2,178.97936174244586,12,745,2023,"{""type"":""Point"",""coordinates"":[0.0,0.0]}"
1_1_1_1_1_1_1_1_1_1_1_1_1_1_1_1_1_1_1_1_1_1_1_1_1_1_1_1_1_1_1_1_1_1_1_1_1_1_1_1_2_1_2_3,20387.81560734791,21,745,2023,"{""type"":""Point"",""coordinates"":[0.0,0.0]}"
1_1_1_1_1_1_1_1_1_1_1_1_1_1_1_1_1_1_1_1_1_1_1_1_1_1_1_1_1_1_1_1_1_1_1_1_1_1_1_1_2_1_2_4,301.2179610212498,22,745,2023,"{""type"":""Point"",""coordinates"":[0.0,0.0]}"
1_1_1_1_1_1_1_1_1_1_1_1_1_1_1_1_1_1_1_1_1_1_1_1_1_1_1_1_1_1_1_1_1_1_1_1_1_1_1_1_2_1_2_5,70.54535270917108,29,745,2023,"{""type"":""Point"",""coordinates"":[0.0,0.0]}"
1_1_1_1_1_1_1_1_1_1_1_1_1_1_1_1_1_1_1_1_1_1_1_1_1_1_1_1_1_1_1_1_1_1_1_1_1_1_1_1_2_1_2_6,898.5205755615339,33,745,2023,"{""type"":""Point"",""coordinates"":[0.0,0.0]}"
1_1_1_1_1_1_1_1_1_1_1_1_1_1_1_1_1_1_1_1_1_1_1_1_1_1_1_1_1_1_1_1_1_1_1_1_1_1_1_1_2_2_0,253683.22370128887,3,745,2024,"{""type"":""Point"",""coordinates"":[0.0,0.0]}"
1_1_1_1_1_1_1_1_1_1_1_1_1_1_1_1_1_1_1_1_1_1_1_1_1_1_1_1_1_1_1_1_1_1_1_1_1_1_1_1_2_2_1,374861.19777359476,4,745,2024,"{""type"":""Point"",""coordinates"":[0.0,0.0]}"
1_1_1_1_1_1_1_1_1_1_1_1_1_1_1_1_1_1_1_1_1_1_1_1_1_1_1_1_1_1_1_1_1_1_1_1_1_1_1_1_2_2_2,63.18834233305089,12,745,2024,"{""type"":""Point"",""coordinates"":[0.0,0.0]}"
1_1_1_1_1_1_1_1_1_1_1_1_1_1_1_1_1_1_1_1_1_1_1_1_1_1_1_1_1_1_1_1_1_1_1_1_1_1_1_1_2_2_3,24155.277585866887,21,745,2024,"{""type"":""Point"",""coordinates"":[0.0,0.0]}"
1_1_1_1_1_1_1_1_1_1_1_1_1_1_1_1_1_1_1_1_1_1_1_1_1_1_1_1_1_1_1_1_1_1_1_1_1_1_1_1_2_2_4,70.54950714111328,22,745,2024,"{""type"":""Point"",""coordinates"":[0.0,0.0]}"
1_1_1_1_1_1_1_1_1_1_1_1_1_1_1_1_1_1_1_1_1_1_1_1_1_1_1_1_1_1_1_1_1_1_1_1_1_1_1_1_2_2_5,158.4724507941513,29,745,2024,"{""type"":""Point"",""coordinates"":[0.0,0.0]}"
1_1_1_1_1_1_1_1_1_1_1_1_1_1_1_1_1_1_1_1_1_1_1_1_1_1_1_1_1_1_1_1_1_1_1_1_1_1_1_1_2_2_6,881.6953380493209,33,745,2024,"{""type"":""Point"",""coordinates"":[0.0,0.0]}"
1_1_1_1_1_1_1_1_1_1_1_1_1_1_1_1_1_1_1_1_1_1_1_1_1_1_1_1_1_1_1_1_1_1_1_1_1_1_1_2_1_1_1_1_1_1_1_1_2_0,94.25550471603097,3,7424,2016,"{""type"":""Point"",""coordinates"":[0.0,0.0]}"
1_1_1_1_1_1_1_1_1_1_1_1_1_1_1_1_1_1_1_1_1_1_1_1_1_1_1_1_1_1_1_1_1_1_1_1_1_1_1_2_1_1_1_1_1_1_1_1_2_1,824007.35472061,4,7424,2016,"{""type"":""Point"",""coordinates"":[0.0,0.0]}"
1_1_1_1_1_1_1_1_1_1_1_1_1_1_1_1_1_1_1_1_1_1_1_1_1_1_1_1_1_1_1_1_1_1_1_1_1_1_1_2_1_1_1_1_1_1_1_1_2_2,101.54682292008943,12,7424,2016,"{""type"":""Point"",""coordinates"":[0.0,0.0]}"
1_1_1_1_1_1_1_1_1_1_1_1_1_1_1_1_1_1_1_1_1_1_1_1_1_1_1_1_1_1_1_1_1_1_1_1_1_1_1_2_1_1_1_1_1_1_1_1_2_3,99299.23176219451,21,7424,2016,"{""type"":""Point"",""coordinates"":[0.0,0.0]}"
1_1_1_1_1_1_1_1_1_1_1_1_1_1_1_1_1_1_1_1_1_1_1_1_1_1_1_1_1_1_1_1_1_1_1_1_1_1_1_2_1_1_1_1_1_1_1_1_2_4,6.130128216552734,22,7424,2016,"{""type"":""Point"",""coordinates"":[0.0,0.0]}"
1_1_1_1_1_1_1_1_1_1_1_1_1_1_1_1_1_1_1_1_1_1_1_1_1_1_1_1_1_1_1_1_1_1_1_1_1_1_1_2_1_1_1_1_1_1_1_1_2_5,23.106675219726558,29,7424,2016,"{""type"":""Point"",""coordinates"":[0.0,0.0]}"
1_1_1_1_1_1_1_1_1_1_1_1_1_1_1_1_1_1_1_1_1_1_1_1_1_1_1_1_1_1_1_1_1_1_1_1_1_1_1_2_1_1_1_1_1_1_1_1_2_6,40.623655755615225,33,7424,2016,"{""type"":""Point"",""coordinates"":[0.0,0.0]}"
1_1_1_1_1_1_1_1_1_1_1_1_1_1_1_1_1_1_1_1_1_1_1_1_1_1_1_1_1_1_1_1_1_1_1_1_1_1_1_2_1_1_1_1_1_1_1_2_0,203.70264379033094,3,7424,2017,"{""type"":""Point"",""coordinates"":[0.0,0.0]}"
1_1_1_1_1_1_1_1_1_1_1_1_1_1_1_1_1_1_1_1_1_1_1_1_1_1_1_1_1_1_1_1_1_1_1_1_1_1_1_2_1_1_1_1_1_1_1_2_1,826427.9007543025,4,7424,2017,"{""type"":""Point"",""coordinates"":[0.0,0.0]}"
1_1_1_1_1_1_1_1_1_1_1_1_1_1_1_1_1_1_1_1_1_1_1_1_1_1_1_1_1_1_1_1_1_1_1_1_1_1_1_2_1_1_1_1_1_1_1_2_2,303.6597715661857,12,7424,2017,"{""type"":""Point"",""coordinates"":[0.0,0.0]}"
1_1_1_1_1_1_1_1_1_1_1_1_1_1_1_1_1_1_1_1_1_1_1_1_1_1_1_1_1_1_1_1_1_1_1_1_1_1_1_2_1_1_1_1_1_1_1_2_3,96553.43856344969,21,7424,2017,"{""type"":""Point"",""coordinates"":[0.0,0.0]}"
1_1_1_1_1_1_1_1_1_1_1_1_1_1_1_1_1_1_1_1_1_1_1_1_1_1_1_1_1_1_1_1_1_1_1_1_1_1_1_2_1_1_1_1_1_1_1_2_4,20.441150390624998,22,7424,2017,"{""type"":""Point"",""coordinates"":[0.0,0.0]}"
1_1_1_1_1_1_1_1_1_1_1_1_1_1_1_1_1_1_1_1_1_1_1_1_1_1_1_1_1_1_1_1_1_1_1_1_1_1_1_2_1_1_1_1_1_1_1_2_5,0.7996732788085937,29,7424,2017,"{""type"":""Point"",""coordinates"":[0.0,0.0]}"
1_1_1_1_1_1_1_1_1_1_1_1_1_1_1_1_1_1_1_1_1_1_1_1_1_1_1_1_1_1_1_1_1_1_1_1_1_1_1_2_1_1_1_1_1_1_1_2_6,62.30671287231447,33,7424,2017,"{""type"":""Point"",""coordinates"":[0.0,0.0]}"
1_1_1_1_1_1_1_1_1_1_1_1_1_1_1_1_1_1_1_1_1_1_1_1_1_1_1_1_1_1_1_1_1_1_1_1_1_1_1_2_1_1_1_1_1_1_2_0,254.35685668131492,3,7424,2018,"{""type"":""Point"",""coordinates"":[0.0,0.0]}"
1_1_1_1_1_1_1_1_1_1_1_1_1_1_1_1_1_1_1_1_1_1_1_1_1_1_1_1_1_1_1_1_1_1_1_1_1_1_1_2_1_1_1_1_1_1_2_1,837540.6414250827,4,7424,2018,"{""type"":""Point"",""coordinates"":[0.0,0.0]}"
1_1_1_1_1_1_1_1_1_1_1_1_1_1_1_1_1_1_1_1_1_1_1_1_1_1_1_1_1_1_1_1_1_1_1_1_1_1_1_2_1_1_1_1_1_1_2_2,158.88586181578395,12,7424,2018,"{""type"":""Point"",""coordinates"":[0.0,0.0]}"
1_1_1_1_1_1_1_1_1_1_1_1_1_1_1_1_1_1_1_1_1_1_1_1_1_1_1_1_1_1_1_1_1_1_1_1_1_1_1_2_1_1_1_1_1_1_2_3,85388.60768622474,21,7424,2018,"{""type"":""Point"",""coordinates"":[0.0,0.0]}"
1_1_1_1_1_1_1_1_1_1_1_1_1_1_1_1_1_1_1_1_1_1_1_1_1_1_1_1_1_1_1_1_1_1_1_1_1_1_1_2_1_1_1_1_1_1_2_4,77.77340214233404,22,7424,2018,"{""type"":""Point"",""coordinates"":[0.0,0.0]}"
1_1_1_1_1_1_1_1_1_1_1_1_1_1_1_1_1_1_1_1_1_1_1_1_1_1_1_1_1_1_1_1_1_1_1_1_1_1_1_2_1_1_1_1_1_1_2_5,32.34071030273439,29,7424,2018,"{""type"":""Point"",""coordinates"":[0.0,0.0]}"
1_1_1_1_1_1_1_1_1_1_1_1_1_1_1_1_1_1_1_1_1_1_1_1_1_1_1_1_1_1_1_1_1_1_1_1_1_1_1_2_1_1_1_1_1_1_2_6,119.64332728271486,33,7424,2018,"{""type"":""Point"",""coordinates"":[0.0,0.0]}"
1_1_1_1_1_1_1_1_1_1_1_1_1_1_1_1_1_1_1_1_1_1_1_1_1_1_1_1_1_1_1_1_1_1_1_1_1_1_1_2_1_1_1_1_1_2_0,570.1216298749606,3,7424,2019,"{""type"":""Point"",""coordinates"":[0.0,0.0]}"
1_1_1_1_1_1_1_1_1_1_1_1_1_1_1_1_1_1_1_1_1_1_1_1_1_1_1_1_1_1_1_1_1_1_1_1_1_1_1_2_1_1_1_1_1_2_1,857890.4361795525,4,7424,2019,"{""type"":""Point"",""coordinates"":[0.0,0.0]}"
1_1_1_1_1_1_1_1_1_1_1_1_1_1_1_1_1_1_1_1_1_1_1_1_1_1_1_1_1_1_1_1_1_1_1_1_1_1_1_2_1_1_1_1_1_2_2,280.2728729457002,12,7424,2019,"{""type"":""Point"",""coordinates"":[0.0,0.0]}"
1_1_1_1_1_1_1_1_1_1_1_1_1_1_1_1_1_1_1_1_1_1_1_1_1_1_1_1_1_1_1_1_1_1_1_1_1_1_1_2_1_1_1_1_1_2_3,64474.771354736935,21,7424,2019,"{""type"":""Point"",""coordinates"":[0.0,0.0]}"
1_1_1_1_1_1_1_1_1_1_1_1_1_1_1_1_1_1_1_1_1_1_1_1_1_1_1_1_1_1_1_1_1_1_1_1_1_1_1_2_1_1_1_1_1_2_4,92.70240886216109,22,7424,2019,"{""type"":""Point"",""coordinates"":[0.0,0.0]}"
1_1_1_1_1_1_1_1_1_1_1_1_1_1_1_1_1_1_1_1_1_1_1_1_1_1_1_1_1_1_1_1_1_1_1_1_1_1_1_2_1_1_1_1_1_2_5,156.13010255091052,29,7424,2019,"{""type"":""Point"",""coordinates"":[0.0,0.0]}"
1_1_1_1_1_1_1_1_1_1_1_1_1_1_1_1_1_1_1_1_1_1_1_1_1_1_1_1_1_1_1_1_1_1_1_1_1_1_1_2_1_1_1_1_1_2_6,107.81472092285156,33,7424,2019,"{""type"":""Point"",""coordinates"":[0.0,0.0]}"
1_1_1_1_1_1_1_1_1_1_1_1_1_1_1_1_1_1_1_1_1_1_1_1_1_1_1_1_1_1_1_1_1_1_1_1_1_1_1_2_1_1_1_1_2_0,219.56254426724306,3,7424,2020,"{""type"":""Point"",""coordinates"":[0.0,0.0]}"
1_1_1_1_1_1_1_1_1_1_1_1_1_1_1_1_1_1_1_1_1_1_1_1_1_1_1_1_1_1_1_1_1_1_1_1_1_1_1_2_1_1_1_1_2_1,855258.4325670098,4,7424,2020,"{""type"":""Point"",""coordinates"":[0.0,0.0]}"
1_1_1_1_1_1_1_1_1_1_1_1_1_1_1_1_1_1_1_1_1_1_1_1_1_1_1_1_1_1_1_1_1_1_1_1_1_1_1_2_1_1_1_1_2_2,509.10685587847524,12,7424,2020,"{""type"":""Point"",""coordinates"":[0.0,0.0]}"
1_1_1_1_1_1_1_1_1_1_1_1_1_1_1_1_1_1_1_1_1_1_1_1_1_1_1_1_1_1_1_1_1_1_1_1_1_1_1_2_1_1_1_1_2_3,66956.83307661227,21,7424,2020,"{""type"":""Point"",""coordinates"":[0.0,0.0]}"
1_1_1_1_1_1_1_1_1_1_1_1_1_1_1_1_1_1_1_1_1_1_1_1_1_1_1_1_1_1_1_1_1_1_1_1_1_1_1_2_1_1_1_1_2_4,13.142645812988283,22,7424,2020,"{""type"":""Point"",""coordinates"":[0.0,0.0]}"
1_1_1_1_1_1_1_1_1_1_1_1_1_1_1_1_1_1_1_1_1_1_1_1_1_1_1_1_1_1_1_1_1_1_1_1_1_1_1_2_1_1_1_1_2_5,522.5540126734601,29,7424,2020,"{""type"":""Point"",""coordinates"":[0.0,0.0]}"
1_1_1_1_1_1_1_1_1_1_1_1_1_1_1_1_1_1_1_1_1_1_1_1_1_1_1_1_1_1_1_1_1_1_1_1_1_1_1_2_1_1_1_1_2_6,92.61756724243169,33,7424,2020,"{""type"":""Point"",""coordinates"":[0.0,0.0]}"
1_1_1_1_1_1_1_1_1_1_1_1_1_1_1_1_1_1_1_1_1_1_1_1_1_1_1_1_1_1_1_1_1_1_1_1_1_1_1_2_1_1_1_2_0,119.72999131958007,3,7424,2021,"{""type"":""Point"",""coordinates"":[0.0,0.0]}"
1_1_1_1_1_1_1_1_1_1_1_1_1_1_1_1_1_1_1_1_1_1_1_1_1_1_1_1_1_1_1_1_1_1_1_1_1_1_1_2_1_1_1_2_1,845954.3659249574,4,7424,2021,"{""type"":""Point"",""coordinates"":[0.0,0.0]}"
1_1_1_1_1_1_1_1_1_1_1_1_1_1_1_1_1_1_1_1_1_1_1_1_1_1_1_1_1_1_1_1_1_1_1_1_1_1_1_2_1_1_1_2_2,51.886917144775396,12,7424,2021,"{""type"":""Point"",""coordinates"":[0.0,0.0]}"
1_1_1_1_1_1_1_1_1_1_1_1_1_1_1_1_1_1_1_1_1_1_1_1_1_1_1_1_1_1_1_1_1_1_1_1_1_1_1_2_1_1_1_2_3,77107.45835348376,21,7424,2021,"{""type"":""Point"",""coordinates"":[0.0,0.0]}"
1_1_1_1_1_1_1_1_1_1_1_1_1_1_1_1_1_1_1_1_1_1_1_1_1_1_1_1_1_1_1_1_1_1_1_1_1_1_1_2_1_1_1_2_4,206.7121293332329,22,7424,2021,"{""type"":""Point"",""coordinates"":[0.0,0.0]}"
1_1_1_1_1_1_1_1_1_1_1_1_1_1_1_1_1_1_1_1_1_1_1_1_1_1_1_1_1_1_1_1_1_1_1_1_1_1_1_2_1_1_1_2_5,64.54551945190433,29,7424,2021,"{""type"":""Point"",""coordinates"":[0.0,0.0]}"
1_1_1_1_1_1_1_1_1_1_1_1_1_1_1_1_1_1_1_1_1_1_1_1_1_1_1_1_1_1_1_1_1_1_1_1_1_1_1_2_1_1_1_2_6,67.55043387451174,33,7424,2021,"{""type"":""Point"",""coordinates"":[0.0,0.0]}"
1_1_1_1_1_1_1_1_1_1_1_1_1_1_1_1_1_1_1_1_1_1_1_1_1_1_1_1_1_1_1_1_1_1_1_1_1_1_1_2_1_1_2_0,333.5367497851322,3,7424,2022,"{""type"":""Point"",""coordinates"":[0.0,0.0]}"
1_1_1_1_1_1_1_1_1_1_1_1_1_1_1_1_1_1_1_1_1_1_1_1_1_1_1_1_1_1_1_1_1_1_1_1_1_1_1_2_1_1_2_1,845507.5121924942,4,7424,2022,"{""type"":""Point"",""coordinates"":[0.0,0.0]}"
1_1_1_1_1_1_1_1_1_1_1_1_1_1_1_1_1_1_1_1_1_1_1_1_1_1_1_1_1_1_1_1_1_1_1_1_1_1_1_2_1_1_2_2,176.72476575094774,12,7424,2022,"{""type"":""Point"",""coordinates"":[0.0,0.0]}"
1_1_1_1_1_1_1_1_1_1_1_1_1_1_1_1_1_1_1_1_1_1_1_1_1_1_1_1_1_1_1_1_1_1_1_1_1_1_1_2_1_1_2_3,77174.98729829649,21,7424,2022,"{""type"":""Point"",""coordinates"":[0.0,0.0]}"
1_1_1_1_1_1_1_1_1_1_1_1_1_1_1_1_1_1_1_1_1_1_1_1_1_1_1_1_1_1_1_1_1_1_1_1_1_1_1_2_1_1_2_4,81.35238436889647,22,7424,2022,"{""type"":""Point"",""coordinates"":[0.0,0.0]}"
1_1_1_1_1_1_1_1_1_1_1_1_1_1_1_1_1_1_1_1_1_1_1_1_1_1_1_1_1_1_1_1_1_1_1_1_1_1_1_2_1_1_2_5,223.73785297059288,29,7424,2022,"{""type"":""Point"",""coordinates"":[0.0,0.0]}"
1_1_1_1_1_1_1_1_1_1_1_1_1_1_1_1_1_1_1_1_1_1_1_1_1_1_1_1_1_1_1_1_1_1_1_1_1_1_1_2_1_1_2_6,74.39802586669927,33,7424,2022,"{""type"":""Point"",""coordinates"":[0.0,0.0]}"
1_1_1_1_1_1_1_1_1_1_1_1_1_1_1_1_1_1_1_1_1_1_1_1_1_1_1_1_1_1_1_1_1_1_1_1_1_1_1_2_1_2_0,217.5961797505457,3,7424,2023,"{""type"":""Point"",""coordinates"":[0.0,0.0]}"
1_1_1_1_1_1_1_1_1_1_1_1_1_1_1_1_1_1_1_1_1_1_1_1_1_1_1_1_1_1_1_1_1_1_1_1_1_1_1_2_1_2_1,861086.3140752944,4,7424,2023,"{""type"":""Point"",""coordinates"":[0.0,0.0]}"
1_1_1_1_1_1_1_1_1_1_1_1_1_1_1_1_1_1_1_1_1_1_1_1_1_1_1_1_1_1_1_1_1_1_1_1_1_1_1_2_1_2_2,348.2880590185307,12,7424,2023,"{""type"":""Point"",""coordinates"":[0.0,0.0]}"
1_1_1_1_1_1_1_1_1_1_1_1_1_1_1_1_1_1_1_1_1_1_1_1_1_1_1_1_1_1_1_1_1_1_1_1_1_1_1_2_1_2_3,61636.123907370114,21,7424,2023,"{""type"":""Point"",""coordinates"":[0.0,0.0]}"
1_1_1_1_1_1_1_1_1_1_1_1_1_1_1_1_1_1_1_1_1_1_1_1_1_1_1_1_1_1_1_1_1_1_1_1_1_1_1_2_1_2_4,122.41918864746086,22,7424,2023,"{""type"":""Point"",""coordinates"":[0.0,0.0]}"
1_1_1_1_1_1_1_1_1_1_1_1_1_1_1_1_1_1_1_1_1_1_1_1_1_1_1_1_1_1_1_1_1_1_1_1_1_1_1_2_1_2_5,51.90886429443359,29,7424,2023,"{""type"":""Point"",""coordinates"":[0.0,0.0]}"
1_1_1_1_1_1_1_1_1_1_1_1_1_1_1_1_1_1_1_1_1_1_1_1_1_1_1_1_1_1_1_1_1_1_1_1_1_1_1_2_1_2_6,109.59899509887697,33,7424,2023,"{""type"":""Point"",""coordinates"":[0.0,0.0]}"
1_1_1_1_1_1_1_1_1_1_1_1_1_1_1_1_1_1_1_1_1_1_1_1_1_1_1_1_1_1_1_1_1_1_1_1_1_1_1_2_2_0,491.0152391740141,3,7424,2024,"{""type"":""Point"",""coordinates"":[0.0,0.0]}"
1_1_1_1_1_1_1_1_1_1_1_1_1_1_1_1_1_1_1_1_1_1_1_1_1_1_1_1_1_1_1_1_1_1_1_1_1_1_1_2_2_1,875093.4055251835,4,7424,2024,"{""type"":""Point"",""coordinates"":[0.0,0.0]}"
1_1_1_1_1_1_1_1_1_1_1_1_1_1_1_1_1_1_1_1_1_1_1_1_1_1_1_1_1_1_1_1_1_1_1_1_1_1_1_2_2_2,3.5544734272317324,12,7424,2024,"{""type"":""Point"",""coordinates"":[0.0,0.0]}"
1_1_1_1_1_1_1_1_1_1_1_1_1_1_1_1_1_1_1_1_1_1_1_1_1_1_1_1_1_1_1_1_1_1_1_1_1_1_1_2_2_3,47693.48769016322,21,7424,2024,"{""type"":""Point"",""coordinates"":[0.0,0.0]}"
1_1_1_1_1_1_1_1_1_1_1_1_1_1_1_1_1_1_1_1_1_1_1_1_1_1_1_1_1_1_1_1_1_1_1_1_1_1_1_2_2_4,31.106612829589846,22,7424,2024,"{""type"":""Point"",""coordinates"":[0.0,0.0]}"
1_1_1_1_1_1_1_1_1_1_1_1_1_1_1_1_1_1_1_1_1_1_1_1_1_1_1_1_1_1_1_1_1_1_1_1_1_1_1_2_2_5,163.23980936889646,29,7424,2024,"{""type"":""Point"",""coordinates"":[0.0,0.0]}"
1_1_1_1_1_1_1_1_1_1_1_1_1_1_1_1_1_1_1_1_1_1_1_1_1_1_1_1_1_1_1_1_1_1_1_1_1_1_1_2_2_6,96.43991925048833,33,7424,2024,"{""type"":""Point"",""coordinates"":[0.0,0.0]}"
1_1_1_1_1_1_1_1_1_1_1_1_1_1_1_1_1_1_1_1_1_1_1_1_1_1_1_1_1_1_1_1_1_1_1_1_1_1_2_1_1_1_1_1_1_1_1_2_0,2180.0266594907607,3,773,2016,"{""type"":""Point"",""coordinates"":[0.0,0.0]}"
1_1_1_1_1_1_1_1_1_1_1_1_1_1_1_1_1_1_1_1_1_1_1_1_1_1_1_1_1_1_1_1_1_1_1_1_1_1_2_1_1_1_1_1_1_1_1_2_1,66880.62874748097,4,773,2016,"{""type"":""Point"",""coordinates"":[0.0,0.0]}"
1_1_1_1_1_1_1_1_1_1_1_1_1_1_1_1_1_1_1_1_1_1_1_1_1_1_1_1_1_1_1_1_1_1_1_1_1_1_2_1_1_1_1_1_1_1_1_2_2,0.5856815834434359,12,773,2016,"{""type"":""Point"",""coordinates"":[0.0,0.0]}"
1_1_1_1_1_1_1_1_1_1_1_1_1_1_1_1_1_1_1_1_1_1_1_1_1_1_1_1_1_1_1_1_1_1_1_1_1_1_2_1_1_1_1_1_1_1_1_2_3,306639.58552759764,21,773,2016,"{""type"":""Point"",""coordinates"":[0.0,0.0]}"
1_1_1_1_1_1_1_1_1_1_1_1_1_1_1_1_1_1_1_1_1_1_1_1_1_1_1_1_1_1_1_1_1_1_1_1_1_1_2_1_1_1_1_1_1_1_1_2_4,52.14541256651635,22,773,2016,"{""type"":""Point"",""coordinates"":[0.0,0.0]}"
1_1_1_1_1_1_1_1_1_1_1_1_1_1_1_1_1_1_1_1_1_1_1_1_1_1_1_1_1_1_1_1_1_1_1_1_1_1_2_1_1_1_1_1_1_1_1_2_5,4.290117730712891,29,773,2016,"{""type"":""Point"",""coordinates"":[0.0,0.0]}"
1_1_1_1_1_1_1_1_1_1_1_1_1_1_1_1_1_1_1_1_1_1_1_1_1_1_1_1_1_1_1_1_1_1_1_1_1_1_2_1_1_1_1_1_1_1_1_2_6,129.2907335460947,33,773,2016,"{""type"":""Point"",""coordinates"":[0.0,0.0]}"
1_1_1_1_1_1_1_1_1_1_1_1_1_1_1_1_1_1_1_1_1_1_1_1_1_1_1_1_1_1_1_1_1_1_1_1_1_1_2_1_1_1_1_1_1_1_2_0,2501.4539261923865,3,773,2017,"{""type"":""Point"",""coordinates"":[0.0,0.0]}"
1_1_1_1_1_1_1_1_1_1_1_1_1_1_1_1_1_1_1_1_1_1_1_1_1_1_1_1_1_1_1_1_1_1_1_1_1_1_2_1_1_1_1_1_1_1_2_1,70879.30422618733,4,773,2017,"{""type"":""Point"",""coordinates"":[0.0,0.0]}"
1_1_1_1_1_1_1_1_1_1_1_1_1_1_1_1_1_1_1_1_1_1_1_1_1_1_1_1_1_1_1_1_1_1_1_1_1_1_2_1_1_1_1_1_1_1_2_2,0.43729119873046873,12,773,2017,"{""type"":""Point"",""coordinates"":[0.0,0.0]}"
1_1_1_1_1_1_1_1_1_1_1_1_1_1_1_1_1_1_1_1_1_1_1_1_1_1_1_1_1_1_1_1_1_1_1_1_1_1_2_1_1_1_1_1_1_1_2_3,302215.5659459136,21,773,2017,"{""type"":""Point"",""coordinates"":[0.0,0.0]}"
1_1_1_1_1_1_1_1_1_1_1_1_1_1_1_1_1_1_1_1_1_1_1_1_1_1_1_1_1_1_1_1_1_1_1_1_1_1_2_1_1_1_1_1_1_1_2_4,18.890239980995332,22,773,2017,"{""type"":""Point"",""coordinates"":[0.0,0.0]}"
1_1_1_1_1_1_1_1_1_1_1_1_1_1_1_1_1_1_1_1_1_1_1_1_1_1_1_1_1_1_1_1_1_1_1_1_1_1_2_1_1_1_1_1_1_1_2_5,83.50830006890986,29,773,2017,"{""type"":""Point"",""coordinates"":[0.0,0.0]}"
1_1_1_1_1_1_1_1_1_1_1_1_1_1_1_1_1_1_1_1_1_1_1_1_1_1_1_1_1_1_1_1_1_1_1_1_1_1_2_1_1_1_1_1_1_1_2_6,187.39295045261738,33,773,2017,"{""type"":""Point"",""coordinates"":[0.0,0.0]}"
1_1_1_1_1_1_1_1_1_1_1_1_1_1_1_1_1_1_1_1_1_1_1_1_1_1_1_1_1_1_1_1_1_1_1_1_1_1_2_1_1_1_1_1_1_2_0,2145.9448687229997,3,773,2018,"{""type"":""Point"",""coordinates"":[0.0,0.0]}"
1_1_1_1_1_1_1_1_1_1_1_1_1_1_1_1_1_1_1_1_1_1_1_1_1_1_1_1_1_1_1_1_1_1_1_1_1_1_2_1_1_1_1_1_1_2_1,62751.4584503676,4,773,2018,"{""type"":""Point"",""coordinates"":[0.0,0.0]}"
1_1_1_1_1_1_1_1_1_1_1_1_1_1_1_1_1_1_1_1_1_1_1_1_1_1_1_1_1_1_1_1_1_1_1_1_1_1_2_1_1_1_1_1_1_2_2,2.4512061340332028,12,773,2018,"{""type"":""Point"",""coordinates"":[0.0,0.0]}"
1_1_1_1_1_1_1_1_1_1_1_1_1_1_1_1_1_1_1_1_1_1_1_1_1_1_1_1_1_1_1_1_1_1_1_1_1_1_2_1_1_1_1_1_1_2_3,310574.32112152176,21,773,2018,"{""type"":""Point"",""coordinates"":[0.0,0.0]}"
1_1_1_1_1_1_1_1_1_1_1_1_1_1_1_1_1_1_1_1_1_1_1_1_1_1_1_1_1_1_1_1_1_1_1_1_1_1_2_1_1_1_1_1_1_2_4,11.473476989985448,22,773,2018,"{""type"":""Point"",""coordinates"":[0.0,0.0]}"
1_1_1_1_1_1_1_1_1_1_1_1_1_1_1_1_1_1_1_1_1_1_1_1_1_1_1_1_1_1_1_1_1_1_1_1_1_1_2_1_1_1_1_1_1_2_5,15.359312664794913,29,773,2018,"{""type"":""Point"",""coordinates"":[0.0,0.0]}"
1_1_1_1_1_1_1_1_1_1_1_1_1_1_1_1_1_1_1_1_1_1_1_1_1_1_1_1_1_1_1_1_1_1_1_1_1_1_2_1_1_1_1_1_1_2_6,385.54444358290635,33,773,2018,"{""type"":""Point"",""coordinates"":[0.0,0.0]}"
1_1_1_1_1_1_1_1_1_1_1_1_1_1_1_1_1_1_1_1_1_1_1_1_1_1_1_1_1_1_1_1_1_1_1_1_1_1_2_1_1_1_1_1_2_0,2625.4514432109977,3,773,2019,"{""type"":""Point"",""coordinates"":[0.0,0.0]}"
1_1_1_1_1_1_1_1_1_1_1_1_1_1_1_1_1_1_1_1_1_1_1_1_1_1_1_1_1_1_1_1_1_1_1_1_1_1_2_1_1_1_1_1_2_1,64558.52912468863,4,773,2019,"{""type"":""Point"",""coordinates"":[0.0,0.0]}"
1_1_1_1_1_1_1_1_1_1_1_1_1_1_1_1_1_1_1_1_1_1_1_1_1_1_1_1_1_1_1_1_1_1_1_1_1_1_2_1_1_1_1_1_2_2,3.238232037353515,12,773,2019,"{""type"":""Point"",""coordinates"":[0.0,0.0]}"
1_1_1_1_1_1_1_1_1_1_1_1_1_1_1_1_1_1_1_1_1_1_1_1_1_1_1_1_1_1_1_1_1_1_1_1_1_1_2_1_1_1_1_1_2_3,308361.4968247854,21,773,2019,"{""type"":""Point"",""coordinates"":[0.0,0.0]}"
1_1_1_1_1_1_1_1_1_1_1_1_1_1_1_1_1_1_1_1_1_1_1_1_1_1_1_1_1_1_1_1_1_1_1_1_1_1_2_1_1_1_1_1_2_4,62.674040688117564,22,773,2019,"{""type"":""Point"",""coordinates"":[0.0,0.0]}"
1_1_1_1_1_1_1_1_1_1_1_1_1_1_1_1_1_1_1_1_1_1_1_1_1_1_1_1_1_1_1_1_1_1_1_1_1_1_2_1_1_1_1_1_2_5,13.792146590408617,29,773,2019,"{""type"":""Point"",""coordinates"":[0.0,0.0]}"
1_1_1_1_1_1_1_1_1_1_1_1_1_1_1_1_1_1_1_1_1_1_1_1_1_1_1_1_1_1_1_1_1_1_1_1_1_1_2_1_1_1_1_1_2_6,261.3710680011584,33,773,2019,"{""type"":""Point"",""coordinates"":[0.0,0.0]}"
1_1_1_1_1_1_1_1_1_1_1_1_1_1_1_1_1_1_1_1_1_1_1_1_1_1_1_1_1_1_1_1_1_1_1_1_1_1_2_1_1_1_1_2_0,3669.122632156472,3,773,2020,"{""type"":""Point"",""coordinates"":[0.0,0.0]}"
1_1_1_1_1_1_1_1_1_1_1_1_1_1_1_1_1_1_1_1_1_1_1_1_1_1_1_1_1_1_1_1_1_1_1_1_1_1_2_1_1_1_1_2_1,76192.40975185236,4,773,2020,"{""type"":""Point"",""coordinates"":[0.0,0.0]}"
1_1_1_1_1_1_1_1_1_1_1_1_1_1_1_1_1_1_1_1_1_1_1_1_1_1_1_1_1_1_1_1_1_1_1_1_1_1_2_1_1_1_1_2_2,0.34533636661305145,12,773,2020,"{""type"":""Point"",""coordinates"":[0.0,0.0]}"
1_1_1_1_1_1_1_1_1_1_1_1_1_1_1_1_1_1_1_1_1_1_1_1_1_1_1_1_1_1_1_1_1_1_1_1_1_1_2_1_1_1_1_2_3,294471.25188449066,21,773,2020,"{""type"":""Point"",""coordinates"":[0.0,0.0]}"
1_1_1_1_1_1_1_1_1_1_1_1_1_1_1_1_1_1_1_1_1_1_1_1_1_1_1_1_1_1_1_1_1_1_1_1_1_1_2_1_1_1_1_2_4,756.8834202038626,22,773,2020,"{""type"":""Point"",""coordinates"":[0.0,0.0]}"
1_1_1_1_1_1_1_1_1_1_1_1_1_1_1_1_1_1_1_1_1_1_1_1_1_1_1_1_1_1_1_1_1_1_1_1_1_1_2_1_1_1_1_2_5,401.66083032118866,29,773,2020,"{""type"":""Point"",""coordinates"":[0.0,0.0]}"
1_1_1_1_1_1_1_1_1_1_1_1_1_1_1_1_1_1_1_1_1_1_1_1_1_1_1_1_1_1_1_1_1_1_1_1_1_1_2_1_1_1_1_2_6,394.87902459446195,33,773,2020,"{""type"":""Point"",""coordinates"":[0.0,0.0]}"
1_1_1_1_1_1_1_1_1_1_1_1_1_1_1_1_1_1_1_1_1_1_1_1_1_1_1_1_1_1_1_1_1_1_1_1_1_1_2_1_1_1_2_0,3232.6266716580158,3,773,2021,"{""type"":""Point"",""coordinates"":[0.0,0.0]}"
1_1_1_1_1_1_1_1_1_1_1_1_1_1_1_1_1_1_1_1_1_1_1_1_1_1_1_1_1_1_1_1_1_1_1_1_1_1_2_1_1_1_2_1,79622.34877465563,4,773,2021,"{""type"":""Point"",""coordinates"":[0.0,0.0]}"
1_1_1_1_1_1_1_1_1_1_1_1_1_1_1_1_1_1_1_1_1_1_1_1_1_1_1_1_1_1_1_1_1_1_1_1_1_1_2_1_1_1_2_2,291655.01021490723,21,773,2021,"{""type"":""Point"",""coordinates"":[0.0,0.0]}"
1_1_1_1_1_1_1_1_1_1_1_1_1_1_1_1_1_1_1_1_1_1_1_1_1_1_1_1_1_1_1_1_1_1_1_1_1_1_2_1_1_1_2_3,340.3807728524487,22,773,2021,"{""type"":""Point"",""coordinates"":[0.0,0.0]}"
1_1_1_1_1_1_1_1_1_1_1_1_1_1_1_1_1_1_1_1_1_1_1_1_1_1_1_1_1_1_1_1_1_1_1_1_1_1_2_1_1_1_2_4,96.74761187294152,29,773,2021,"{""type"":""Point"",""coordinates"":[0.0,0.0]}"
1_1_1_1_1_1_1_1_1_1_1_1_1_1_1_1_1_1_1_1_1_1_1_1_1_1_1_1_1_1_1_1_1_1_1_1_1_1_2_1_1_1_2_5,939.4388340343784,33,773,2021,"{""type"":""Point"",""coordinates"":[0.0,0.0]}"
1_1_1_1_1_1_1_1_1_1_1_1_1_1_1_1_1_1_1_1_1_1_1_1_1_1_1_1_1_1_1_1_1_1_1_1_1_1_2_1_1_2_0,2982.6698888889227,3,773,2022,"{""type"":""Point"",""coordinates"":[0.0,0.0]}"
1_1_1_1_1_1_1_1_1_1_1_1_1_1_1_1_1_1_1_1_1_1_1_1_1_1_1_1_1_1_1_1_1_1_1_1_1_1_2_1_1_2_1,76876.7213957812,4,773,2022,"{""type"":""Point"",""coordinates"":[0.0,0.0]}"
1_1_1_1_1_1_1_1_1_1_1_1_1_1_1_1_1_1_1_1_1_1_1_1_1_1_1_1_1_1_1_1_1_1_1_1_1_1_2_1_1_2_2,294637.637443687,21,773,2022,"{""type"":""Point"",""coordinates"":[0.0,0.0]}"
1_1_1_1_1_1_1_1_1_1_1_1_1_1_1_1_1_1_1_1_1_1_1_1_1_1_1_1_1_1_1_1_1_1_1_1_1_1_2_1_1_2_3,34.36371673150754,22,773,2022,"{""type"":""Point"",""coordinates"":[0.0,0.0]}"
1_1_1_1_1_1_1_1_1_1_1_1_1_1_1_1_1_1_1_1_1_1_1_1_1_1_1_1_1_1_1_1_1_1_1_1_1_1_2_1_1_2_4,467.2638937056977,29,773,2022,"{""type"":""Point"",""coordinates"":[0.0,0.0]}"
1_1_1_1_1_1_1_1_1_1_1_1_1_1_1_1_1_1_1_1_1_1_1_1_1_1_1_1_1_1_1_1_1_1_1_1_1_1_2_1_1_2_5,887.8965411824834,33,773,2022,"{""type"":""Point"",""coordinates"":[0.0,0.0]}"
1_1_1_1_1_1_1_1_1_1_1_1_1_1_1_1_1_1_1_1_1_1_1_1_1_1_1_1_1_1_1_1_1_1_1_1_1_1_2_1_2_0,2545.534159392707,3,773,2023,"{""type"":""Point"",""coordinates"":[0.0,0.0]}"
1_1_1_1_1_1_1_1_1_1_1_1_1_1_1_1_1_1_1_1_1_1_1_1_1_1_1_1_1_1_1_1_1_1_1_1_1_1_2_1_2_1,75027.46068212553,4,773,2023,"{""type"":""Point"",""coordinates"":[0.0,0.0]}"
1_1_1_1_1_1_1_1_1_1_1_1_1_1_1_1_1_1_1_1_1_1_1_1_1_1_1_1_1_1_1_1_1_1_1_1_1_1_2_1_2_2,0.26224492187500004,12,773,2023,"{""type"":""Point"",""coordinates"":[0.0,0.0]}"
1_1_1_1_1_1_1_1_1_1_1_1_1_1_1_1_1_1_1_1_1_1_1_1_1_1_1_1_1_1_1_1_1_1_1_1_1_1_2_1_2_3,297494.80866917875,21,773,2023,"{""type"":""Point"",""coordinates"":[0.0,0.0]}"
1_1_1_1_1_1_1_1_1_1_1_1_1_1_1_1_1_1_1_1_1_1_1_1_1_1_1_1_1_1_1_1_1_1_1_1_1_1_2_1_2_4,7.838458539225262,22,773,2023,"{""type"":""Point"",""coordinates"":[0.0,0.0]}"
1_1_1_1_1_1_1_1_1_1_1_1_1_1_1_1_1_1_1_1_1_1_1_1_1_1_1_1_1_1_1_1_1_1_1_1_1_1_2_1_2_5,250.2343473369766,29,773,2023,"{""type"":""Point"",""coordinates"":[0.0,0.0]}"
1_1_1_1_1_1_1_1_1_1_1_1_1_1_1_1_1_1_1_1_1_1_1_1_1_1_1_1_1_1_1_1_1_1_1_1_1_1_2_1_2_6,560.4143184821878,33,773,2023,"{""type"":""Point"",""coordinates"":[0.0,0.0]}"
1_1_1_1_1_1_1_1_1_1_1_1_1_1_1_1_1_1_1_1_1_1_1_1_1_1_1_1_1_1_1_1_1_1_1_1_1_1_2_2_0,2847.3461946224274,3,773,2024,"{""type"":""Point"",""coordinates"":[0.0,0.0]}"
1_1_1_1_1_1_1_1_1_1_1_1_1_1_1_1_1_1_1_1_1_1_1_1_1_1_1_1_1_1_1_1_1_1_1_1_1_1_2_2_1,76496.97034781343,4,773,2024,"{""type"":""Point"",""coordinates"":[0.0,0.0]}"
1_1_1_1_1_1_1_1_1_1_1_1_1_1_1_1_1_1_1_1_1_1_1_1_1_1_1_1_1_1_1_1_1_1_1_1_1_1_2_2_2,0.17490491333007813,12,773,2024,"{""type"":""Point"",""coordinates"":[0.0,0.0]}"
1_1_1_1_1_1_1_1_1_1_1_1_1_1_1_1_1_1_1_1_1_1_1_1_1_1_1_1_1_1_1_1_1_1_1_1_1_1_2_2_3,294605.3596339685,21,773,2024,"{""type"":""Point"",""coordinates"":[0.0,0.0]}"
1_1_1_1_1_1_1_1_1_1_1_1_1_1_1_1_1_1_1_1_1_1_1_1_1_1_1_1_1_1_1_1_1_1_1_1_1_1_2_2_4,508.20257811308244,22,773,2024,"{""type"":""Point"",""coordinates"":[0.0,0.0]}"
1_1_1_1_1_1_1_1_1_1_1_1_1_1_1_1_1_1_1_1_1_1_1_1_1_1_1_1_1_1_1_1_1_1_1_1_1_1_2_2_5,2.6230679382324222,29,773,2024,"{""type"":""Point"",""coordinates"":[0.0,0.0]}"
1_1_1_1_1_1_1_1_1_1_1_1_1_1_1_1_1_1_1_1_1_1_1_1_1_1_1_1_1_1_1_1_1_1_1_1_1_1_2_2_6,1425.8761525993802,33,773,2024,"{""type"":""Point"",""coordinates"":[0.0,0.0]}"
1_1_1_1_1_1_1_1_1_1_1_1_1_1_1_1_1_1_1_1_1_1_1_1_1_1_1_1_1_1_1_1_1_1_1_1_1_2_1_1_1_1_1_1_1_1_2_0,1278.3057206890473,3,7612,2016,"{""type"":""Point"",""coordinates"":[0.0,0.0]}"
1_1_1_1_1_1_1_1_1_1_1_1_1_1_1_1_1_1_1_1_1_1_1_1_1_1_1_1_1_1_1_1_1_1_1_1_1_2_1_1_1_1_1_1_1_1_2_1,1278738.248139365,4,7612,2016,"{""type"":""Point"",""coordinates"":[0.0,0.0]}"
1_1_1_1_1_1_1_1_1_1_1_1_1_1_1_1_1_1_1_1_1_1_1_1_1_1_1_1_1_1_1_1_1_1_1_1_1_2_1_1_1_1_1_1_1_1_2_2,11.226461395263673,12,7612,2016,"{""type"":""Point"",""coordinates"":[0.0,0.0]}"
1_1_1_1_1_1_1_1_1_1_1_1_1_1_1_1_1_1_1_1_1_1_1_1_1_1_1_1_1_1_1_1_1_1_1_1_1_2_1_1_1_1_1_1_1_1_2_3,403438.62898998806,21,7612,2016,"{""type"":""Point"",""coordinates"":[0.0,0.0]}"
1_1_1_1_1_1_1_1_1_1_1_1_1_1_1_1_1_1_1_1_1_1_1_1_1_1_1_1_1_1_1_1_1_1_1_1_1_2_1_1_1_1_1_1_1_1_2_4,412.71441930135035,22,7612,2016,"{""type"":""Point"",""coordinates"":[0.0,0.0]}"
1_1_1_1_1_1_1_1_1_1_1_1_1_1_1_1_1_1_1_1_1_1_1_1_1_1_1_1_1_1_1_1_1_1_1_1_1_2_1_1_1_1_1_1_1_1_2_5,94.28704352416993,29,7612,2016,"{""type"":""Point"",""coordinates"":[0.0,0.0]}"
1_1_1_1_1_1_1_1_1_1_1_1_1_1_1_1_1_1_1_1_1_1_1_1_1_1_1_1_1_1_1_1_1_1_1_1_1_2_1_1_1_1_1_1_1_1_2_6,4641.262318765584,33,7612,2016,"{""type"":""Point"",""coordinates"":[0.0,0.0]}"
1_1_1_1_1_1_1_1_1_1_1_1_1_1_1_1_1_1_1_1_1_1_1_1_1_1_1_1_1_1_1_1_1_1_1_1_1_2_1_1_1_1_1_1_1_2_0,291.7321110407333,3,7612,2017,"{""type"":""Point"",""coordinates"":[0.0,0.0]}"
1_1_1_1_1_1_1_1_1_1_1_1_1_1_1_1_1_1_1_1_1_1_1_1_1_1_1_1_1_1_1_1_1_1_1_1_1_2_1_1_1_1_1_1_1_2_1,1288142.025306868,4,7612,2017,"{""type"":""Point"",""coordinates"":[0.0,0.0]}"
1_1_1_1_1_1_1_1_1_1_1_1_1_1_1_1_1_1_1_1_1_1_1_1_1_1_1_1_1_1_1_1_1_1_1_1_1_2_1_1_1_1_1_1_1_2_2,35.14555346387679,12,7612,2017,"{""type"":""Point"",""coordinates"":[0.0,0.0]}"
1_1_1_1_1_1_1_1_1_1_1_1_1_1_1_1_1_1_1_1_1_1_1_1_1_1_1_1_1_1_1_1_1_1_1_1_1_2_1_1_1_1_1_1_1_2_3,394114.4400847796,21,7612,2017,"{""type"":""Point"",""coordinates"":[0.0,0.0]}"
1_1_1_1_1_1_1_1_1_1_1_1_1_1_1_1_1_1_1_1_1_1_1_1_1_1_1_1_1_1_1_1_1_1_1_1_1_2_1_1_1_1_1_1_1_2_4,89.94371589965816,22,7612,2017,"{""type"":""Point"",""coordinates"":[0.0,0.0]}"
1_1_1_1_1_1_1_1_1_1_1_1_1_1_1_1_1_1_1_1_1_1_1_1_1_1_1_1_1_1_1_1_1_1_1_1_1_2_1_1_1_1_1_1_1_2_5,37.15117932128906,29,7612,2017,"{""type"":""Point"",""coordinates"":[0.0,0.0]}"
1_1_1_1_1_1_1_1_1_1_1_1_1_1_1_1_1_1_1_1_1_1_1_1_1_1_1_1_1_1_1_1_1_1_1_1_1_2_1_1_1_1_1_1_1_2_6,5904.235141672856,33,7612,2017,"{""type"":""Point"",""coordinates"":[0.0,0.0]}"
1_1_1_1_1_1_1_1_1_1_1_1_1_1_1_1_1_1_1_1_1_1_1_1_1_1_1_1_1_1_1_1_1_1_1_1_1_2_1_1_1_1_1_1_2_0,494.04003202512274,3,7612,2018,"{""type"":""Point"",""coordinates"":[0.0,0.0]}"
1_1_1_1_1_1_1_1_1_1_1_1_1_1_1_1_1_1_1_1_1_1_1_1_1_1_1_1_1_1_1_1_1_1_1_1_1_2_1_1_1_1_1_1_2_1,1292258.586780169,4,7612,2018,"{""type"":""Point"",""coordinates"":[0.0,0.0]}"
1_1_1_1_1_1_1_1_1_1_1_1_1_1_1_1_1_1_1_1_1_1_1_1_1_1_1_1_1_1_1_1_1_1_1_1_1_2_1_1_1_1_1_1_2_2,471.7063631725598,12,7612,2018,"{""type"":""Point"",""coordinates"":[0.0,0.0]}"
1_1_1_1_1_1_1_1_1_1_1_1_1_1_1_1_1_1_1_1_1_1_1_1_1_1_1_1_1_1_1_1_1_1_1_1_1_2_1_1_1_1_1_1_2_3,387780.15406769933,21,7612,2018,"{""type"":""Point"",""coordinates"":[0.0,0.0]}"
1_1_1_1_1_1_1_1_1_1_1_1_1_1_1_1_1_1_1_1_1_1_1_1_1_1_1_1_1_1_1_1_1_1_1_1_1_2_1_1_1_1_1_1_2_4,11.681564868164061,22,7612,2018,"{""type"":""Point"",""coordinates"":[0.0,0.0]}"
1_1_1_1_1_1_1_1_1_1_1_1_1_1_1_1_1_1_1_1_1_1_1_1_1_1_1_1_1_1_1_1_1_1_1_1_1_2_1_1_1_1_1_1_2_5,2.916641436767578,29,7612,2018,"{""type"":""Point"",""coordinates"":[0.0,0.0]}"
1_1_1_1_1_1_1_1_1_1_1_1_1_1_1_1_1_1_1_1_1_1_1_1_1_1_1_1_1_1_1_1_1_1_1_1_1_2_1_1_1_1_1_1_2_6,7595.587643707666,33,7612,2018,"{""type"":""Point"",""coordinates"":[0.0,0.0]}"
1_1_1_1_1_1_1_1_1_1_1_1_1_1_1_1_1_1_1_1_1_1_1_1_1_1_1_1_1_1_1_1_1_1_1_1_1_2_1_1_1_1_1_2_0,624.9195303849033,3,7612,2019,"{""type"":""Point"",""coordinates"":[0.0,0.0]}"
1_1_1_1_1_1_1_1_1_1_1_1_1_1_1_1_1_1_1_1_1_1_1_1_1_1_1_1_1_1_1_1_1_1_1_1_1_2_1_1_1_1_1_2_1,1288005.1057031834,4,7612,2019,"{""type"":""Point"",""coordinates"":[0.0,0.0]}"
1_1_1_1_1_1_1_1_1_1_1_1_1_1_1_1_1_1_1_1_1_1_1_1_1_1_1_1_1_1_1_1_1_1_1_1_1_2_1_1_1_1_1_2_2,710.9226412084987,12,7612,2019,"{""type"":""Point"",""coordinates"":[0.0,0.0]}"
1_1_1_1_1_1_1_1_1_1_1_1_1_1_1_1_1_1_1_1_1_1_1_1_1_1_1_1_1_1_1_1_1_1_1_1_1_2_1_1_1_1_1_2_3,389589.4121307689,21,7612,2019,"{""type"":""Point"",""coordinates"":[0.0,0.0]}"
1_1_1_1_1_1_1_1_1_1_1_1_1_1_1_1_1_1_1_1_1_1_1_1_1_1_1_1_1_1_1_1_1_1_1_1_1_2_1_1_1_1_1_2_4,423.76523181645393,22,7612,2019,"{""type"":""Point"",""coordinates"":[0.0,0.0]}"
1_1_1_1_1_1_1_1_1_1_1_1_1_1_1_1_1_1_1_1_1_1_1_1_1_1_1_1_1_1_1_1_1_1_1_1_1_2_1_1_1_1_1_2_5,117.09752763217101,29,7612,2019,"{""type"":""Point"",""coordinates"":[0.0,0.0]}"
1_1_1_1_1_1_1_1_1_1_1_1_1_1_1_1_1_1_1_1_1_1_1_1_1_1_1_1_1_1_1_1_1_1_1_1_1_2_1_1_1_1_1_2_6,9143.450328055607,33,7612,2019,"{""type"":""Point"",""coordinates"":[0.0,0.0]}"
1_1_1_1_1_1_1_1_1_1_1_1_1_1_1_1_1_1_1_1_1_1_1_1_1_1_1_1_1_1_1_1_1_1_1_1_1_2_1_1_1_1_2_0,945.7355483065016,3,7612,2020,"{""type"":""Point"",""coordinates"":[0.0,0.0]}"
1_1_1_1_1_1_1_1_1_1_1_1_1_1_1_1_1_1_1_1_1_1_1_1_1_1_1_1_1_1_1_1_1_1_1_1_1_2_1_1_1_1_2_1,1304219.5354198588,4,7612,2020,"{""type"":""Point"",""coordinates"":[0.0,0.0]}"
1_1_1_1_1_1_1_1_1_1_1_1_1_1_1_1_1_1_1_1_1_1_1_1_1_1_1_1_1_1_1_1_1_1_1_1_1_2_1_1_1_1_2_2,159.39146088149116,12,7612,2020,"{""type"":""Point"",""coordinates"":[0.0,0.0]}"
1_1_1_1_1_1_1_1_1_1_1_1_1_1_1_1_1_1_1_1_1_1_1_1_1_1_1_1_1_1_1_1_1_1_1_1_1_2_1_1_1_1_2_3,372128.0613424133,21,7612,2020,"{""type"":""Point"",""coordinates"":[0.0,0.0]}"
1_1_1_1_1_1_1_1_1_1_1_1_1_1_1_1_1_1_1_1_1_1_1_1_1_1_1_1_1_1_1_1_1_1_1_1_1_2_1_1_1_1_2_4,175.66828512274046,22,7612,2020,"{""type"":""Point"",""coordinates"":[0.0,0.0]}"
1_1_1_1_1_1_1_1_1_1_1_1_1_1_1_1_1_1_1_1_1_1_1_1_1_1_1_1_1_1_1_1_1_1_1_1_1_2_1_1_1_1_2_5,283.7304660438454,29,7612,2020,"{""type"":""Point"",""coordinates"":[0.0,0.0]}"
1_1_1_1_1_1_1_1_1_1_1_1_1_1_1_1_1_1_1_1_1_1_1_1_1_1_1_1_1_1_1_1_1_1_1_1_1_2_1_1_1_1_2_6,10702.55057049448,33,7612,2020,"{""type"":""Point"",""coordinates"":[0.0,0.0]}"
1_1_1_1_1_1_1_1_1_1_1_1_1_1_1_1_1_1_1_1_1_1_1_1_1_1_1_1_1_1_1_1_1_1_1_1_1_2_1_1_1_2_0,2399.0993734443136,3,7612,2021,"{""type"":""Point"",""coordinates"":[0.0,0.0]}"
1_1_1_1_1_1_1_1_1_1_1_1_1_1_1_1_1_1_1_1_1_1_1_1_1_1_1_1_1_1_1_1_1_1_1_1_1_2_1_1_1_2_1,1310574.9227768725,4,7612,2021,"{""type"":""Point"",""coordinates"":[0.0,0.0]}"
1_1_1_1_1_1_1_1_1_1_1_1_1_1_1_1_1_1_1_1_1_1_1_1_1_1_1_1_1_1_1_1_1_1_1_1_1_2_1_1_1_2_2,210.63756674299648,12,7612,2021,"{""type"":""Point"",""coordinates"":[0.0,0.0]}"
1_1_1_1_1_1_1_1_1_1_1_1_1_1_1_1_1_1_1_1_1_1_1_1_1_1_1_1_1_1_1_1_1_1_1_1_1_2_1_1_1_2_3,363042.1975772991,21,7612,2021,"{""type"":""Point"",""coordinates"":[0.0,0.0]}"
1_1_1_1_1_1_1_1_1_1_1_1_1_1_1_1_1_1_1_1_1_1_1_1_1_1_1_1_1_1_1_1_1_1_1_1_1_2_1_1_1_2_4,564.8996673019104,22,7612,2021,"{""type"":""Point"",""coordinates"":[0.0,0.0]}"
1_1_1_1_1_1_1_1_1_1_1_1_1_1_1_1_1_1_1_1_1_1_1_1_1_1_1_1_1_1_1_1_1_1_1_1_1_2_1_1_1_2_5,26.298794226074207,29,7612,2021,"{""type"":""Point"",""coordinates"":[0.0,0.0]}"
1_1_1_1_1_1_1_1_1_1_1_1_1_1_1_1_1_1_1_1_1_1_1_1_1_1_1_1_1_1_1_1_1_1_1_1_1_2_1_1_1_2_6,11796.617337215499,33,7612,2021,"{""type"":""Point"",""coordinates"":[0.0,0.0]}"
1_1_1_1_1_1_1_1_1_1_1_1_1_1_1_1_1_1_1_1_1_1_1_1_1_1_1_1_1_1_1_1_1_1_1_1_1_2_1_1_2_0,2476.0090516888285,3,7612,2022,"{""type"":""Point"",""coordinates"":[0.0,0.0]}"
1_1_1_1_1_1_1_1_1_1_1_1_1_1_1_1_1_1_1_1_1_1_1_1_1_1_1_1_1_1_1_1_1_1_1_1_1_2_1_1_2_1,1299396.269871672,4,7612,2022,"{""type"":""Point"",""coordinates"":[0.0,0.0]}"
1_1_1_1_1_1_1_1_1_1_1_1_1_1_1_1_1_1_1_1_1_1_1_1_1_1_1_1_1_1_1_1_1_1_1_1_1_2_1_1_2_2,743.1694511874341,12,7612,2022,"{""type"":""Point"",""coordinates"":[0.0,0.0]}"
1_1_1_1_1_1_1_1_1_1_1_1_1_1_1_1_1_1_1_1_1_1_1_1_1_1_1_1_1_1_1_1_1_1_1_1_1_2_1_1_2_3,375480.22172602743,21,7612,2022,"{""type"":""Point"",""coordinates"":[0.0,0.0]}"
1_1_1_1_1_1_1_1_1_1_1_1_1_1_1_1_1_1_1_1_1_1_1_1_1_1_1_1_1_1_1_1_1_1_1_1_1_2_1_1_2_4,37.288299585415714,22,7612,2022,"{""type"":""Point"",""coordinates"":[0.0,0.0]}"
1_1_1_1_1_1_1_1_1_1_1_1_1_1_1_1_1_1_1_1_1_1_1_1_1_1_1_1_1_1_1_1_1_1_1_1_1_2_1_1_2_5,4.5097029296875,29,7612,2022,"{""type"":""Point"",""coordinates"":[0.0,0.0]}"
1_1_1_1_1_1_1_1_1_1_1_1_1_1_1_1_1_1_1_1_1_1_1_1_1_1_1_1_1_1_1_1_1_1_1_1_1_2_1_1_2_6,10477.20498998476,33,7612,2022,"{""type"":""Point"",""coordinates"":[0.0,0.0]}"
1_1_1_1_1_1_1_1_1_1_1_1_1_1_1_1_1_1_1_1_1_1_1_1_1_1_1_1_1_1_1_1_1_1_1_1_1_2_1_2_0,1740.3533745325462,3,7612,2023,"{""type"":""Point"",""coordinates"":[0.0,0.0]}"
1_1_1_1_1_1_1_1_1_1_1_1_1_1_1_1_1_1_1_1_1_1_1_1_1_1_1_1_1_1_1_1_1_1_1_1_1_2_1_2_1,1278257.3803396958,4,7612,2023,"{""type"":""Point"",""coordinates"":[0.0,0.0]}"
1_1_1_1_1_1_1_1_1_1_1_1_1_1_1_1_1_1_1_1_1_1_1_1_1_1_1_1_1_1_1_1_1_1_1_1_1_2_1_2_2,996.142519082319,12,7612,2023,"{""type"":""Point"",""coordinates"":[0.0,0.0]}"
1_1_1_1_1_1_1_1_1_1_1_1_1_1_1_1_1_1_1_1_1_1_1_1_1_1_1_1_1_1_1_1_1_1_1_1_1_2_1_2_3,395377.7954679963,21,7612,2023,"{""type"":""Point"",""coordinates"":[0.0,0.0]}"
1_1_1_1_1_1_1_1_1_1_1_1_1_1_1_1_1_1_1_1_1_1_1_1_1_1_1_1_1_1_1_1_1_1_1_1_1_2_1_2_4,786.2183707100423,22,7612,2023,"{""type"":""Point"",""coordinates"":[0.0,0.0]}"
1_1_1_1_1_1_1_1_1_1_1_1_1_1_1_1_1_1_1_1_1_1_1_1_1_1_1_1_1_1_1_1_1_1_1_1_1_2_1_2_5,1752.227005445155,29,7612,2023,"{""type"":""Point"",""coordinates"":[0.0,0.0]}"
1_1_1_1_1_1_1_1_1_1_1_1_1_1_1_1_1_1_1_1_1_1_1_1_1_1_1_1_1_1_1_1_1_1_1_1_1_2_1_2_6,9704.556015616585,33,7612,2023,"{""type"":""Point"",""coordinates"":[0.0,0.0]}"
1_1_1_1_1_1_1_1_1_1_1_1_1_1_1_1_1_1_1_1_1_1_1_1_1_1_1_1_1_1_1_1_1_1_1_1_1_2_2_0,1124.2263303564237,3,7612,2024,"{""type"":""Point"",""coordinates"":[0.0,0.0]}"
1_1_1_1_1_1_1_1_1_1_1_1_1_1_1_1_1_1_1_1_1_1_1_1_1_1_1_1_1_1_1_1_1_1_1_1_1_2_2_1,1220812.543517052,4,7612,2024,"{""type"":""Point"",""coordinates"":[0.0,0.0]}"
1_1_1_1_1_1_1_1_1_1_1_1_1_1_1_1_1_1_1_1_1_1_1_1_1_1_1_1_1_1_1_1_1_1_1_1_1_2_2_2,197.03282425005733,12,7612,2024,"{""type"":""Point"",""coordinates"":[0.0,0.0]}"
1_1_1_1_1_1_1_1_1_1_1_1_1_1_1_1_1_1_1_1_1_1_1_1_1_1_1_1_1_1_1_1_1_1_1_1_1_2_2_3,455116.76492346515,21,7612,2024,"{""type"":""Point"",""coordinates"":[0.0,0.0]}"
1_1_1_1_1_1_1_1_1_1_1_1_1_1_1_1_1_1_1_1_1_1_1_1_1_1_1_1_1_1_1_1_1_1_1_1_1_2_2_4,708.6894864434694,22,7612,2024,"{""type"":""Point"",""coordinates"":[0.0,0.0]}"
1_1_1_1_1_1_1_1_1_1_1_1_1_1_1_1_1_1_1_1_1_1_1_1_1_1_1_1_1_1_1_1_1_1_1_1_1_2_2_5,39.14146802334656,29,7612,2024,"{""type"":""Point"",""coordinates"":[0.0,0.0]}"
1_1_1_1_1_1_1_1_1_1_1_1_1_1_1_1_1_1_1_1_1_1_1_1_1_1_1_1_1_1_1_1_1_1_1_1_1_2_2_6,10616.274543354308,33,7612,2024,"{""type"":""Point"",""coordinates"":[0.0,0.0]}"
1_1_1_1_1_1_1_1_1_1_1_1_1_1_1_1_1_1_1_1_1_1_1_1_1_1_1_1_1_1_1_1_1_1_1_1_2_1_1_1_1_1_1_1_1_2_0,269.63509056391706,3,7613,2016,"{""type"":""Point"",""coordinates"":[0.0,0.0]}"
1_1_1_1_1_1_1_1_1_1_1_1_1_1_1_1_1_1_1_1_1_1_1_1_1_1_1_1_1_1_1_1_1_1_1_1_2_1_1_1_1_1_1_1_1_2_1,1127005.314263095,4,7613,2016,"{""type"":""Point"",""coordinates"":[0.0,0.0]}"
1_1_1_1_1_1_1_1_1_1_1_1_1_1_1_1_1_1_1_1_1_1_1_1_1_1_1_1_1_1_1_1_1_1_1_1_2_1_1_1_1_1_1_1_1_2_2,1.4160390686035158,12,7613,2016,"{""type"":""Point"",""coordinates"":[0.0,0.0]}"
1_1_1_1_1_1_1_1_1_1_1_1_1_1_1_1_1_1_1_1_1_1_1_1_1_1_1_1_1_1_1_1_1_1_1_1_2_1_1_1_1_1_1_1_1_2_3,576887.9264815801,21,7613,2016,"{""type"":""Point"",""coordinates"":[0.0,0.0]}"
1_1_1_1_1_1_1_1_1_1_1_1_1_1_1_1_1_1_1_1_1_1_1_1_1_1_1_1_1_1_1_1_1_1_1_1_2_1_1_1_1_1_1_1_1_2_4,1827.1099097989422,22,7613,2016,"{""type"":""Point"",""coordinates"":[0.0,0.0]}"
1_1_1_1_1_1_1_1_1_1_1_1_1_1_1_1_1_1_1_1_1_1_1_1_1_1_1_1_1_1_1_1_1_1_1_1_2_1_1_1_1_1_1_1_1_2_5,13.351045416259765,29,7613,2016,"{""type"":""Point"",""coordinates"":[0.0,0.0]}"
1_1_1_1_1_1_1_1_1_1_1_1_1_1_1_1_1_1_1_1_1_1_1_1_1_1_1_1_1_1_1_1_1_1_1_1_2_1_1_1_1_1_1_1_1_2_6,18588.138496476357,33,7613,2016,"{""type"":""Point"",""coordinates"":[0.0,0.0]}"
1_1_1_1_1_1_1_1_1_1_1_1_1_1_1_1_1_1_1_1_1_1_1_1_1_1_1_1_1_1_1_1_1_1_1_1_2_1_1_1_1_1_1_1_2_0,98.7215194229425,3,7613,2017,"{""type"":""Point"",""coordinates"":[0.0,0.0]}"
1_1_1_1_1_1_1_1_1_1_1_1_1_1_1_1_1_1_1_1_1_1_1_1_1_1_1_1_1_1_1_1_1_1_1_1_2_1_1_1_1_1_1_1_2_1,1135507.0741801462,4,7613,2017,"{""type"":""Point"",""coordinates"":[0.0,0.0]}"
1_1_1_1_1_1_1_1_1_1_1_1_1_1_1_1_1_1_1_1_1_1_1_1_1_1_1_1_1_1_1_1_1_1_1_1_2_1_1_1_1_1_1_1_2_2,15.64145061645508,12,7613,2017,"{""type"":""Point"",""coordinates"":[0.0,0.0]}"
1_1_1_1_1_1_1_1_1_1_1_1_1_1_1_1_1_1_1_1_1_1_1_1_1_1_1_1_1_1_1_1_1_1_1_1_2_1_1_1_1_1_1_1_2_3,570316.4873412193,21,7613,2017,"{""type"":""Point"",""coordinates"":[0.0,0.0]}"
1_1_1_1_1_1_1_1_1_1_1_1_1_1_1_1_1_1_1_1_1_1_1_1_1_1_1_1_1_1_1_1_1_1_1_1_2_1_1_1_1_1_1_1_2_4,438.642895894847,22,7613,2017,"{""type"":""Point"",""coordinates"":[0.0,0.0]}"
1_1_1_1_1_1_1_1_1_1_1_1_1_1_1_1_1_1_1_1_1_1_1_1_1_1_1_1_1_1_1_1_1_1_1_1_2_1_1_1_1_1_1_1_2_5,200.05088320795986,29,7613,2017,"{""type"":""Point"",""coordinates"":[0.0,0.0]}"
1_1_1_1_1_1_1_1_1_1_1_1_1_1_1_1_1_1_1_1_1_1_1_1_1_1_1_1_1_1_1_1_1_1_1_1_2_1_1_1_1_1_1_1_2_6,18016.273055508715,33,7613,2017,"{""type"":""Point"",""coordinates"":[0.0,0.0]}"
1_1_1_1_1_1_1_1_1_1_1_1_1_1_1_1_1_1_1_1_1_1_1_1_1_1_1_1_1_1_1_1_1_1_1_1_2_1_1_1_1_1_1_2_0,90.37182529112573,3,7613,2018,"{""type"":""Point"",""coordinates"":[0.0,0.0]}"
1_1_1_1_1_1_1_1_1_1_1_1_1_1_1_1_1_1_1_1_1_1_1_1_1_1_1_1_1_1_1_1_1_1_1_1_2_1_1_1_1_1_1_2_1,1153128.1325103503,4,7613,2018,"{""type"":""Point"",""coordinates"":[0.0,0.0]}"
1_1_1_1_1_1_1_1_1_1_1_1_1_1_1_1_1_1_1_1_1_1_1_1_1_1_1_1_1_1_1_1_1_1_1_1_2_1_1_1_1_1_1_2_2,254.30788653492664,12,7613,2018,"{""type"":""Point"",""coordinates"":[0.0,0.0]}"
1_1_1_1_1_1_1_1_1_1_1_1_1_1_1_1_1_1_1_1_1_1_1_1_1_1_1_1_1_1_1_1_1_1_1_1_2_1_1_1_1_1_1_2_3,550653.7879142809,21,7613,2018,"{""type"":""Point"",""coordinates"":[0.0,0.0]}"
1_1_1_1_1_1_1_1_1_1_1_1_1_1_1_1_1_1_1_1_1_1_1_1_1_1_1_1_1_1_1_1_1_1_1_1_2_1_1_1_1_1_1_2_4,1125.7101889795683,22,7613,2018,"{""type"":""Point"",""coordinates"":[0.0,0.0]}"
1_1_1_1_1_1_1_1_1_1_1_1_1_1_1_1_1_1_1_1_1_1_1_1_1_1_1_1_1_1_1_1_1_1_1_1_2_1_1_1_1_1_1_2_5,30.43133637084961,29,7613,2018,"{""type"":""Point"",""coordinates"":[0.0,0.0]}"
1_1_1_1_1_1_1_1_1_1_1_1_1_1_1_1_1_1_1_1_1_1_1_1_1_1_1_1_1_1_1_1_1_1_1_1_2_1_1_1_1_1_1_2_6,19310.149664157663,33,7613,2018,"{""type"":""Point"",""coordinates"":[0.0,0.0]}"
1_1_1_1_1_1_1_1_1_1_1_1_1_1_1_1_1_1_1_1_1_1_1_1_1_1_1_1_1_1_1_1_1_1_1_1_2_1_1_1_1_1_2_0,460.3853499529678,3,7613,2019,"{""type"":""Point"",""coordinates"":[0.0,0.0]}"
1_1_1_1_1_1_1_1_1_1_1_1_1_1_1_1_1_1_1_1_1_1_1_1_1_1_1_1_1_1_1_1_1_1_1_1_2_1_1_1_1_1_2_1,1162161.49514731,4,7613,2019,"{""type"":""Point"",""coordinates"":[0.0,0.0]}"
1_1_1_1_1_1_1_1_1_1_1_1_1_1_1_1_1_1_1_1_1_1_1_1_1_1_1_1_1_1_1_1_1_1_1_1_2_1_1_1_1_1_2_2,869.0017944546328,12,7613,2019,"{""type"":""Point"",""coordinates"":[0.0,0.0]}"
1_1_1_1_1_1_1_1_1_1_1_1_1_1_1_1_1_1_1_1_1_1_1_1_1_1_1_1_1_1_1_1_1_1_1_1_2_1_1_1_1_1_2_3,535631.1103342475,21,7613,2019,"{""type"":""Point"",""coordinates"":[0.0,0.0]}"
1_1_1_1_1_1_1_1_1_1_1_1_1_1_1_1_1_1_1_1_1_1_1_1_1_1_1_1_1_1_1_1_1_1_1_1_2_1_1_1_1_1_2_4,5534.929866972411,22,7613,2019,"{""type"":""Point"",""coordinates"":[0.0,0.0]}"
1_1_1_1_1_1_1_1_1_1_1_1_1_1_1_1_1_1_1_1_1_1_1_1_1_1_1_1_1_1_1_1_1_1_1_1_2_1_1_1_1_1_2_5,35.02091832275391,29,7613,2019,"{""type"":""Point"",""coordinates"":[0.0,0.0]}"
1_1_1_1_1_1_1_1_1_1_1_1_1_1_1_1_1_1_1_1_1_1_1_1_1_1_1_1_1_1_1_1_1_1_1_1_2_1_1_1_1_1_2_6,19900.947914695025,33,7613,2019,"{""type"":""Point"",""coordinates"":[0.0,0.0]}"
1_1_1_1_1_1_1_1_1_1_1_1_1_1_1_1_1_1_1_1_1_1_1_1_1_1_1_1_1_1_1_1_1_1_1_1_2_1_1_1_1_2_0,512.6468688583295,3,7613,2020,"{""type"":""Point"",""coordinates"":[0.0,0.0]}"
1_1_1_1_1_1_1_1_1_1_1_1_1_1_1_1_1_1_1_1_1_1_1_1_1_1_1_1_1_1_1_1_1_1_1_1_2_1_1_1_1_2_1,1166423.8797696456,4,7613,2020,"{""type"":""Point"",""coordinates"":[0.0,0.0]}"
1_1_1_1_1_1_1_1_1_1_1_1_1_1_1_1_1_1_1_1_1_1_1_1_1_1_1_1_1_1_1_1_1_1_1_1_2_1_1_1_1_2_2,166.43567303545782,12,7613,2020,"{""type"":""Point"",""coordinates"":[0.0,0.0]}"
1_1_1_1_1_1_1_1_1_1_1_1_1_1_1_1_1_1_1_1_1_1_1_1_1_1_1_1_1_1_1_1_1_1_1_1_2_1_1_1_1_2_3,519608.58780959685,21,7613,2020,"{""type"":""Point"",""coordinates"":[0.0,0.0]}"
1_1_1_1_1_1_1_1_1_1_1_1_1_1_1_1_1_1_1_1_1_1_1_1_1_1_1_1_1_1_1_1_1_1_1_1_2_1_1_1_1_2_4,16903.610971066762,22,7613,2020,"{""type"":""Point"",""coordinates"":[0.0,0.0]}"
1_1_1_1_1_1_1_1_1_1_1_1_1_1_1_1_1_1_1_1_1_1_1_1_1_1_1_1_1_1_1_1_1_1_1_1_2_1_1_1_1_2_5,110.40660129626707,29,7613,2020,"{""type"":""Point"",""coordinates"":[0.0,0.0]}"
1_1_1_1_1_1_1_1_1_1_1_1_1_1_1_1_1_1_1_1_1_1_1_1_1_1_1_1_1_1_1_1_1_1_1_1_2_1_1_1_1_2_6,20867.32363244106,33,7613,2020,"{""type"":""Point"",""coordinates"":[0.0,0.0]}"
1_1_1_1_1_1_1_1_1_1_1_1_1_1_1_1_1_1_1_1_1_1_1_1_1_1_1_1_1_1_1_1_1_1_1_1_2_1_1_1_2_0,467.77001515565183,3,7613,2021,"{""type"":""Point"",""coordinates"":[0.0,0.0]}"
1_1_1_1_1_1_1_1_1_1_1_1_1_1_1_1_1_1_1_1_1_1_1_1_1_1_1_1_1_1_1_1_1_1_1_1_2_1_1_1_2_1,1158825.3821759038,4,7613,2021,"{""type"":""Point"",""coordinates"":[0.0,0.0]}"
1_1_1_1_1_1_1_1_1_1_1_1_1_1_1_1_1_1_1_1_1_1_1_1_1_1_1_1_1_1_1_1_1_1_1_1_2_1_1_1_2_2,994.0498379288719,12,7613,2021,"{""type"":""Point"",""coordinates"":[0.0,0.0]}"
1_1_1_1_1_1_1_1_1_1_1_1_1_1_1_1_1_1_1_1_1_1_1_1_1_1_1_1_1_1_1_1_1_1_1_1_2_1_1_1_2_3,543362.6529584188,21,7613,2021,"{""type"":""Point"",""coordinates"":[0.0,0.0]}"
1_1_1_1_1_1_1_1_1_1_1_1_1_1_1_1_1_1_1_1_1_1_1_1_1_1_1_1_1_1_1_1_1_1_1_1_2_1_1_1_2_4,247.4490129276771,22,7613,2021,"{""type"":""Point"",""coordinates"":[0.0,0.0]}"
1_1_1_1_1_1_1_1_1_1_1_1_1_1_1_1_1_1_1_1_1_1_1_1_1_1_1_1_1_1_1_1_1_1_1_1_2_1_1_1_2_5,8.310442529296875,29,7613,2021,"{""type"":""Point"",""coordinates"":[0.0,0.0]}"
1_1_1_1_1_1_1_1_1_1_1_1_1_1_1_1_1_1_1_1_1_1_1_1_1_1_1_1_1_1_1_1_1_1_1_1_2_1_1_1_2_6,20687.27688311342,33,7613,2021,"{""type"":""Point"",""coordinates"":[0.0,0.0]}"
1_1_1_1_1_1_1_1_1_1_1_1_1_1_1_1_1_1_1_1_1_1_1_1_1_1_1_1_1_1_1_1_1_1_1_1_2_1_1_2_0,1143.9022852188393,3,7613,2022,"{""type"":""Point"",""coordinates"":[0.0,0.0]}"
1_1_1_1_1_1_1_1_1_1_1_1_1_1_1_1_1_1_1_1_1_1_1_1_1_1_1_1_1_1_1_1_1_1_1_1_2_1_1_2_1,1163804.5106314723,4,7613,2022,"{""type"":""Point"",""coordinates"":[0.0,0.0]}"
1_1_1_1_1_1_1_1_1_1_1_1_1_1_1_1_1_1_1_1_1_1_1_1_1_1_1_1_1_1_1_1_1_1_1_1_2_1_1_2_2,1207.360964500824,12,7613,2022,"{""type"":""Point"",""coordinates"":[0.0,0.0]}"
1_1_1_1_1_1_1_1_1_1_1_1_1_1_1_1_1_1_1_1_1_1_1_1_1_1_1_1_1_1_1_1_1_1_1_1_2_1_1_2_3,535798.8278158909,21,7613,2022,"{""type"":""Point"",""coordinates"":[0.0,0.0]}"
1_1_1_1_1_1_1_1_1_1_1_1_1_1_1_1_1_1_1_1_1_1_1_1_1_1_1_1_1_1_1_1_1_1_1_1_2_1_1_2_4,1346.32358469705,22,7613,2022,"{""type"":""Point"",""coordinates"":[0.0,0.0]}"
1_1_1_1_1_1_1_1_1_1_1_1_1_1_1_1_1_1_1_1_1_1_1_1_1_1_1_1_1_1_1_1_1_1_1_1_2_1_1_2_5,6.65558534119849,29,7613,2022,"{""type"":""Point"",""coordinates"":[0.0,0.0]}"
1_1_1_1_1_1_1_1_1_1_1_1_1_1_1_1_1_1_1_1_1_1_1_1_1_1_1_1_1_1_1_1_1_1_1_1_2_1_1_2_6,21285.31045883911,33,7613,2022,"{""type"":""Point"",""coordinates"":[0.0,0.0]}"
1_1_1_1_1_1_1_1_1_1_1_1_1_1_1_1_1_1_1_1_1_1_1_1_1_1_1_1_1_1_1_1_1_1_1_1_2_1_2_0,679.6825120127484,3,7613,2023,"{""type"":""Point"",""coordinates"":[0.0,0.0]}"
1_1_1_1_1_1_1_1_1_1_1_1_1_1_1_1_1_1_1_1_1_1_1_1_1_1_1_1_1_1_1_1_1_1_1_1_2_1_2_1,1128264.0808132892,4,7613,2023,"{""type"":""Point"",""coordinates"":[0.0,0.0]}"
1_1_1_1_1_1_1_1_1_1_1_1_1_1_1_1_1_1_1_1_1_1_1_1_1_1_1_1_1_1_1_1_1_1_1_1_2_1_2_2,450.62214183727815,12,7613,2023,"{""type"":""Point"",""coordinates"":[0.0,0.0]}"
1_1_1_1_1_1_1_1_1_1_1_1_1_1_1_1_1_1_1_1_1_1_1_1_1_1_1_1_1_1_1_1_1_1_1_1_2_1_2_3,568278.0698833478,21,7613,2023,"{""type"":""Point"",""coordinates"":[0.0,0.0]}"
1_1_1_1_1_1_1_1_1_1_1_1_1_1_1_1_1_1_1_1_1_1_1_1_1_1_1_1_1_1_1_1_1_1_1_1_2_1_2_4,3011.3737972492786,22,7613,2023,"{""type"":""Point"",""coordinates"":[0.0,0.0]}"
1_1_1_1_1_1_1_1_1_1_1_1_1_1_1_1_1_1_1_1_1_1_1_1_1_1_1_1_1_1_1_1_1_1_1_1_2_1_2_5,1165.215154732379,29,7613,2023,"{""type"":""Point"",""coordinates"":[0.0,0.0]}"
1_1_1_1_1_1_1_1_1_1_1_1_1_1_1_1_1_1_1_1_1_1_1_1_1_1_1_1_1_1_1_1_1_1_1_1_2_1_2_6,22743.847023484883,33,7613,2023,"{""type"":""Point"",""coordinates"":[0.0,0.0]}"
1_1_1_1_1_1_1_1_1_1_1_1_1_1_1_1_1_1_1_1_1_1_1_1_1_1_1_1_1_1_1_1_1_1_1_1_2_2_0,735.4100464064902,3,7613,2024,"{""type"":""Point"",""coordinates"":[0.0,0.0]}"
1_1_1_1_1_1_1_1_1_1_1_1_1_1_1_1_1_1_1_1_1_1_1_1_1_1_1_1_1_1_1_1_1_1_1_1_2_2_1,1091469.212526912,4,7613,2024,"{""type"":""Point"",""coordinates"":[0.0,0.0]}"
1_1_1_1_1_1_1_1_1_1_1_1_1_1_1_1_1_1_1_1_1_1_1_1_1_1_1_1_1_1_1_1_1_1_1_1_2_2_2,65.67379815702547,12,7613,2024,"{""type"":""Point"",""coordinates"":[0.0,0.0]}"
1_1_1_1_1_1_1_1_1_1_1_1_1_1_1_1_1_1_1_1_1_1_1_1_1_1_1_1_1_1_1_1_1_1_1_1_2_2_3,609234.9837302999,21,7613,2024,"{""type"":""Point"",""coordinates"":[0.0,0.0]}"
1_1_1_1_1_1_1_1_1_1_1_1_1_1_1_1_1_1_1_1_1_1_1_1_1_1_1_1_1_1_1_1_1_1_1_1_2_2_4,169.51129258422847,22,7613,2024,"{""type"":""Point"",""coordinates"":[0.0,0.0]}"
1_1_1_1_1_1_1_1_1_1_1_1_1_1_1_1_1_1_1_1_1_1_1_1_1_1_1_1_1_1_1_1_1_1_1_1_2_2_5,947.9003560956648,29,7613,2024,"{""type"":""Point"",""coordinates"":[0.0,0.0]}"
1_1_1_1_1_1_1_1_1_1_1_1_1_1_1_1_1_1_1_1_1_1_1_1_1_1_1_1_1_1_1_1_1_1_1_1_2_2_6,21970.19957553837,33,7613,2024,"{""type"":""Point"",""coordinates"":[0.0,0.0]}"
1_1_1_1_1_1_1_1_1_1_1_1_1_1_1_1_1_1_1_1_1_1_1_1_1_1_1_1_1_1_1_1_1_1_1_2_1_1_1_1_1_1_1_1_2_0,15614.224466514324,3,765,2016,"{""type"":""Point"",""coordinates"":[0.0,0.0]}"
1_1_1_1_1_1_1_1_1_1_1_1_1_1_1_1_1_1_1_1_1_1_1_1_1_1_1_1_1_1_1_1_1_1_1_2_1_1_1_1_1_1_1_1_2_1,1032871.2648786036,4,765,2016,"{""type"":""Point"",""coordinates"":[0.0,0.0]}"
1_1_1_1_1_1_1_1_1_1_1_1_1_1_1_1_1_1_1_1_1_1_1_1_1_1_1_1_1_1_1_1_1_1_1_2_1_1_1_1_1_1_1_1_2_2,5193.255633518741,12,765,2016,"{""type"":""Point"",""coordinates"":[0.0,0.0]}"
1_1_1_1_1_1_1_1_1_1_1_1_1_1_1_1_1_1_1_1_1_1_1_1_1_1_1_1_1_1_1_1_1_1_1_2_1_1_1_1_1_1_1_1_2_3,1081341.1508697036,21,765,2016,"{""type"":""Point"",""coordinates"":[0.0,0.0]}"
1_1_1_1_1_1_1_1_1_1_1_1_1_1_1_1_1_1_1_1_1_1_1_1_1_1_1_1_1_1_1_1_1_1_1_2_1_1_1_1_1_1_1_1_2_4,272.93595870318126,22,765,2016,"{""type"":""Point"",""coordinates"":[0.0,0.0]}"
1_1_1_1_1_1_1_1_1_1_1_1_1_1_1_1_1_1_1_1_1_1_1_1_1_1_1_1_1_1_1_1_1_1_1_2_1_1_1_1_1_1_1_1_2_5,10548.919671438895,29,765,2016,"{""type"":""Point"",""coordinates"":[0.0,0.0]}"
1_1_1_1_1_1_1_1_1_1_1_1_1_1_1_1_1_1_1_1_1_1_1_1_1_1_1_1_1_1_1_1_1_1_1_2_1_1_1_1_1_1_1_1_2_6,15441.640355505355,33,765,2016,"{""type"":""Point"",""coordinates"":[0.0,0.0]}"
1_1_1_1_1_1_1_1_1_1_1_1_1_1_1_1_1_1_1_1_1_1_1_1_1_1_1_1_1_1_1_1_1_1_1_2_1_1_1_1_1_1_1_2_0,12965.728752814673,3,765,2017,"{""type"":""Point"",""coordinates"":[0.0,0.0]}"
1_1_1_1_1_1_1_1_1_1_1_1_1_1_1_1_1_1_1_1_1_1_1_1_1_1_1_1_1_1_1_1_1_1_1_2_1_1_1_1_1_1_1_2_1,1051218.1182249854,4,765,2017,"{""type"":""Point"",""coordinates"":[0.0,0.0]}"
1_1_1_1_1_1_1_1_1_1_1_1_1_1_1_1_1_1_1_1_1_1_1_1_1_1_1_1_1_1_1_1_1_1_1_2_1_1_1_1_1_1_1_2_2,1160.2107328088146,12,765,2017,"{""type"":""Point"",""coordinates"":[0.0,0.0]}"
1_1_1_1_1_1_1_1_1_1_1_1_1_1_1_1_1_1_1_1_1_1_1_1_1_1_1_1_1_1_1_1_1_1_1_2_1_1_1_1_1_1_1_2_3,1071075.559148425,21,765,2017,"{""type"":""Point"",""coordinates"":[0.0,0.0]}"
1_1_1_1_1_1_1_1_1_1_1_1_1_1_1_1_1_1_1_1_1_1_1_1_1_1_1_1_1_1_1_1_1_1_1_2_1_1_1_1_1_1_1_2_4,101.56238624877929,22,765,2017,"{""type"":""Point"",""coordinates"":[0.0,0.0]}"
1_1_1_1_1_1_1_1_1_1_1_1_1_1_1_1_1_1_1_1_1_1_1_1_1_1_1_1_1_1_1_1_1_1_1_2_1_1_1_1_1_1_1_2_5,11241.779942281271,29,765,2017,"{""type"":""Point"",""coordinates"":[0.0,0.0]}"
1_1_1_1_1_1_1_1_1_1_1_1_1_1_1_1_1_1_1_1_1_1_1_1_1_1_1_1_1_1_1_1_1_1_1_2_1_1_1_1_1_1_1_2_6,13520.432646380075,33,765,2017,"{""type"":""Point"",""coordinates"":[0.0,0.0]}"
1_1_1_1_1_1_1_1_1_1_1_1_1_1_1_1_1_1_1_1_1_1_1_1_1_1_1_1_1_1_1_1_1_1_1_2_1_1_1_1_1_1_2_0,15086.297871032339,3,765,2018,"{""type"":""Point"",""coordinates"":[0.0,0.0]}"
1_1_1_1_1_1_1_1_1_1_1_1_1_1_1_1_1_1_1_1_1_1_1_1_1_1_1_1_1_1_1_1_1_1_1_2_1_1_1_1_1_1_2_1,1067945.9376793026,4,765,2018,"{""type"":""Point"",""coordinates"":[0.0,0.0]}"
1_1_1_1_1_1_1_1_1_1_1_1_1_1_1_1_1_1_1_1_1_1_1_1_1_1_1_1_1_1_1_1_1_1_1_2_1_1_1_1_1_1_2_2,1992.4163189398587,12,765,2018,"{""type"":""Point"",""coordinates"":[0.0,0.0]}"
1_1_1_1_1_1_1_1_1_1_1_1_1_1_1_1_1_1_1_1_1_1_1_1_1_1_1_1_1_1_1_1_1_1_1_2_1_1_1_1_1_1_2_3,1049939.2853442435,21,765,2018,"{""type"":""Point"",""coordinates"":[0.0,0.0]}"
1_1_1_1_1_1_1_1_1_1_1_1_1_1_1_1_1_1_1_1_1_1_1_1_1_1_1_1_1_1_1_1_1_1_1_2_1_1_1_1_1_1_2_4,129.16291431982899,22,765,2018,"{""type"":""Point"",""coordinates"":[0.0,0.0]}"
1_1_1_1_1_1_1_1_1_1_1_1_1_1_1_1_1_1_1_1_1_1_1_1_1_1_1_1_1_1_1_1_1_1_1_2_1_1_1_1_1_1_2_5,11737.710124883677,29,765,2018,"{""type"":""Point"",""coordinates"":[0.0,0.0]}"
1_1_1_1_1_1_1_1_1_1_1_1_1_1_1_1_1_1_1_1_1_1_1_1_1_1_1_1_1_1_1_1_1_1_1_2_1_1_1_1_1_1_2_6,14452.581581239594,33,765,2018,"{""type"":""Point"",""coordinates"":[0.0,0.0]}"
1_1_1_1_1_1_1_1_1_1_1_1_1_1_1_1_1_1_1_1_1_1_1_1_1_1_1_1_1_1_1_1_1_1_1_2_1_1_1_1_1_2_0,20103.706582207826,3,765,2019,"{""type"":""Point"",""coordinates"":[0.0,0.0]}"
1_1_1_1_1_1_1_1_1_1_1_1_1_1_1_1_1_1_1_1_1_1_1_1_1_1_1_1_1_1_1_1_1_1_1_2_1_1_1_1_1_2_1,1064680.9813435124,4,765,2019,"{""type"":""Point"",""coordinates"":[0.0,0.0]}"
1_1_1_1_1_1_1_1_1_1_1_1_1_1_1_1_1_1_1_1_1_1_1_1_1_1_1_1_1_1_1_1_1_1_1_2_1_1_1_1_1_2_2,3316.650081270329,12,765,2019,"{""type"":""Point"",""coordinates"":[0.0,0.0]}"
1_1_1_1_1_1_1_1_1_1_1_1_1_1_1_1_1_1_1_1_1_1_1_1_1_1_1_1_1_1_1_1_1_1_1_2_1_1_1_1_1_2_3,1048125.2752711406,21,765,2019,"{""type"":""Point"",""coordinates"":[0.0,0.0]}"
1_1_1_1_1_1_1_1_1_1_1_1_1_1_1_1_1_1_1_1_1_1_1_1_1_1_1_1_1_1_1_1_1_1_1_2_1_1_1_1_1_2_4,779.2328527075674,22,765,2019,"{""type"":""Point"",""coordinates"":[0.0,0.0]}"
1_1_1_1_1_1_1_1_1_1_1_1_1_1_1_1_1_1_1_1_1_1_1_1_1_1_1_1_1_1_1_1_1_1_1_2_1_1_1_1_1_2_5,9968.81787924855,29,765,2019,"{""type"":""Point"",""coordinates"":[0.0,0.0]}"
1_1_1_1_1_1_1_1_1_1_1_1_1_1_1_1_1_1_1_1_1_1_1_1_1_1_1_1_1_1_1_1_1_1_1_2_1_1_1_1_1_2_6,14308.727823902193,33,765,2019,"{""type"":""Point"",""coordinates"":[0.0,0.0]}"
1_1_1_1_1_1_1_1_1_1_1_1_1_1_1_1_1_1_1_1_1_1_1_1_1_1_1_1_1_1_1_1_1_1_1_2_1_1_1_1_2_0,21158.72241222492,3,765,2020,"{""type"":""Point"",""coordinates"":[0.0,0.0]}"
1_1_1_1_1_1_1_1_1_1_1_1_1_1_1_1_1_1_1_1_1_1_1_1_1_1_1_1_1_1_1_1_1_1_1_2_1_1_1_1_2_1,1045150.6781622466,4,765,2020,"{""type"":""Point"",""coordinates"":[0.0,0.0]}"
1_1_1_1_1_1_1_1_1_1_1_1_1_1_1_1_1_1_1_1_1_1_1_1_1_1_1_1_1_1_1_1_1_1_1_2_1_1_1_1_2_2,3496.3604152711714,12,765,2020,"{""type"":""Point"",""coordinates"":[0.0,0.0]}"
1_1_1_1_1_1_1_1_1_1_1_1_1_1_1_1_1_1_1_1_1_1_1_1_1_1_1_1_1_1_1_1_1_1_1_2_1_1_1_1_2_3,1063764.3605491824,21,765,2020,"{""type"":""Point"",""coordinates"":[0.0,0.0]}"
1_1_1_1_1_1_1_1_1_1_1_1_1_1_1_1_1_1_1_1_1_1_1_1_1_1_1_1_1_1_1_1_1_1_1_2_1_1_1_1_2_4,114.91624215758077,22,765,2020,"{""type"":""Point"",""coordinates"":[0.0,0.0]}"
1_1_1_1_1_1_1_1_1_1_1_1_1_1_1_1_1_1_1_1_1_1_1_1_1_1_1_1_1_1_1_1_1_1_1_2_1_1_1_1_2_5,12105.192147831787,29,765,2020,"{""type"":""Point"",""coordinates"":[0.0,0.0]}"
1_1_1_1_1_1_1_1_1_1_1_1_1_1_1_1_1_1_1_1_1_1_1_1_1_1_1_1_1_1_1_1_1_1_1_2_1_1_1_1_2_6,15493.161905032255,33,765,2020,"{""type"":""Point"",""coordinates"":[0.0,0.0]}"
1_1_1_1_1_1_1_1_1_1_1_1_1_1_1_1_1_1_1_1_1_1_1_1_1_1_1_1_1_1_1_1_1_1_1_2_1_1_1_2_0,17297.15392745901,3,765,2021,"{""type"":""Point"",""coordinates"":[0.0,0.0]}"
1_1_1_1_1_1_1_1_1_1_1_1_1_1_1_1_1_1_1_1_1_1_1_1_1_1_1_1_1_1_1_1_1_1_1_2_1_1_1_2_1,1042509.6515410525,4,765,2021,"{""type"":""Point"",""coordinates"":[0.0,0.0]}"
1_1_1_1_1_1_1_1_1_1_1_1_1_1_1_1_1_1_1_1_1_1_1_1_1_1_1_1_1_1_1_1_1_1_1_2_1_1_1_2_2,2320.0178223536814,12,765,2021,"{""type"":""Point"",""coordinates"":[0.0,0.0]}"
1_1_1_1_1_1_1_1_1_1_1_1_1_1_1_1_1_1_1_1_1_1_1_1_1_1_1_1_1_1_1_1_1_1_1_2_1_1_1_2_3,1075218.3234823796,21,765,2021,"{""type"":""Point"",""coordinates"":[0.0,0.0]}"
1_1_1_1_1_1_1_1_1_1_1_1_1_1_1_1_1_1_1_1_1_1_1_1_1_1_1_1_1_1_1_1_1_1_1_2_1_1_1_2_4,1016.0884843802171,22,765,2021,"{""type"":""Point"",""coordinates"":[0.0,0.0]}"
1_1_1_1_1_1_1_1_1_1_1_1_1_1_1_1_1_1_1_1_1_1_1_1_1_1_1_1_1_1_1_1_1_1_1_2_1_1_1_2_5,9462.029985326633,29,765,2021,"{""type"":""Point"",""coordinates"":[0.0,0.0]}"
1_1_1_1_1_1_1_1_1_1_1_1_1_1_1_1_1_1_1_1_1_1_1_1_1_1_1_1_1_1_1_1_1_1_1_2_1_1_1_2_6,13460.126591014181,33,765,2021,"{""type"":""Point"",""coordinates"":[0.0,0.0]}"
1_1_1_1_1_1_1_1_1_1_1_1_1_1_1_1_1_1_1_1_1_1_1_1_1_1_1_1_1_1_1_1_1_1_1_2_1_1_2_0,25668.26930040753,3,765,2022,"{""type"":""Point"",""coordinates"":[0.0,0.0]}"
1_1_1_1_1_1_1_1_1_1_1_1_1_1_1_1_1_1_1_1_1_1_1_1_1_1_1_1_1_1_1_1_1_1_1_2_1_1_2_1,1051699.6900468445,4,765,2022,"{""type"":""Point"",""coordinates"":[0.0,0.0]}"
1_1_1_1_1_1_1_1_1_1_1_1_1_1_1_1_1_1_1_1_1_1_1_1_1_1_1_1_1_1_1_1_1_1_1_2_1_1_2_2,3898.5613614971835,12,765,2022,"{""type"":""Point"",""coordinates"":[0.0,0.0]}"
1_1_1_1_1_1_1_1_1_1_1_1_1_1_1_1_1_1_1_1_1_1_1_1_1_1_1_1_1_1_1_1_1_1_1_2_1_1_2_3,1059194.3788719007,21,765,2022,"{""type"":""Point"",""coordinates"":[0.0,0.0]}"
1_1_1_1_1_1_1_1_1_1_1_1_1_1_1_1_1_1_1_1_1_1_1_1_1_1_1_1_1_1_1_1_1_1_1_2_1_1_2_4,1383.4796449240048,22,765,2022,"{""type"":""Point"",""coordinates"":[0.0,0.0]}"
1_1_1_1_1_1_1_1_1_1_1_1_1_1_1_1_1_1_1_1_1_1_1_1_1_1_1_1_1_1_1_1_1_1_1_2_1_1_2_5,3336.2983505615166,29,765,2022,"{""type"":""Point"",""coordinates"":[0.0,0.0]}"
1_1_1_1_1_1_1_1_1_1_1_1_1_1_1_1_1_1_1_1_1_1_1_1_1_1_1_1_1_1_1_1_1_1_1_2_1_1_2_6,16102.714257813539,33,765,2022,"{""type"":""Point"",""coordinates"":[0.0,0.0]}"
1_1_1_1_1_1_1_1_1_1_1_1_1_1_1_1_1_1_1_1_1_1_1_1_1_1_1_1_1_1_1_1_1_1_1_2_1_2_0,18364.84807471731,3,765,2023,"{""type"":""Point"",""coordinates"":[0.0,0.0]}"
1_1_1_1_1_1_1_1_1_1_1_1_1_1_1_1_1_1_1_1_1_1_1_1_1_1_1_1_1_1_1_1_1_1_1_2_1_2_1,1039978.6318324709,4,765,2023,"{""type"":""Point"",""coordinates"":[0.0,0.0]}"
1_1_1_1_1_1_1_1_1_1_1_1_1_1_1_1_1_1_1_1_1_1_1_1_1_1_1_1_1_1_1_1_1_1_1_2_1_2_2,2658.752831530337,12,765,2023,"{""type"":""Point"",""coordinates"":[0.0,0.0]}"
1_1_1_1_1_1_1_1_1_1_1_1_1_1_1_1_1_1_1_1_1_1_1_1_1_1_1_1_1_1_1_1_1_1_1_2_1_2_3,1078495.770172529,21,765,2023,"{""type"":""Point"",""coordinates"":[0.0,0.0]}"
1_1_1_1_1_1_1_1_1_1_1_1_1_1_1_1_1_1_1_1_1_1_1_1_1_1_1_1_1_1_1_1_1_1_1_2_1_2_4,1138.6680173713473,22,765,2023,"{""type"":""Point"",""coordinates"":[0.0,0.0]}"
1_1_1_1_1_1_1_1_1_1_1_1_1_1_1_1_1_1_1_1_1_1_1_1_1_1_1_1_1_1_1_1_1_1_1_2_1_2_5,5199.141673019281,29,765,2023,"{""type"":""Point"",""coordinates"":[0.0,0.0]}"
1_1_1_1_1_1_1_1_1_1_1_1_1_1_1_1_1_1_1_1_1_1_1_1_1_1_1_1_1_1_1_1_1_1_1_2_1_2_6,15447.579232357228,33,765,2023,"{""type"":""Point"",""coordinates"":[0.0,0.0]}"
1_1_1_1_1_1_1_1_1_1_1_1_1_1_1_1_1_1_1_1_1_1_1_1_1_1_1_1_1_1_1_1_1_1_1_2_2_0,24225.623257581323,3,765,2024,"{""type"":""Point"",""coordinates"":[0.0,0.0]}"
1_1_1_1_1_1_1_1_1_1_1_1_1_1_1_1_1_1_1_1_1_1_1_1_1_1_1_1_1_1_1_1_1_1_1_2_2_1,968097.4951240107,4,765,2024,"{""type"":""Point"",""coordinates"":[0.0,0.0]}"
1_1_1_1_1_1_1_1_1_1_1_1_1_1_1_1_1_1_1_1_1_1_1_1_1_1_1_1_1_1_1_1_1_1_1_2_2_2,3396.6667597233836,12,765,2024,"{""type"":""Point"",""coordinates"":[0.0,0.0]}"
1_1_1_1_1_1_1_1_1_1_1_1_1_1_1_1_1_1_1_1_1_1_1_1_1_1_1_1_1_1_1_1_1_1_1_2_2_3,983304.0053195448,21,765,2024,"{""type"":""Point"",""coordinates"":[0.0,0.0]}"
1_1_1_1_1_1_1_1_1_1_1_1_1_1_1_1_1_1_1_1_1_1_1_1_1_1_1_1_1_1_1_1_1_1_1_2_2_4,454.6220156951299,22,765,2024,"{""type"":""Point"",""coordinates"":[0.0,0.0]}"
1_1_1_1_1_1_1_1_1_1_1_1_1_1_1_1_1_1_1_1_1_1_1_1_1_1_1_1_1_1_1_1_1_1_1_2_2_5,13121.27842319892,29,765,2024,"{""type"":""Point"",""coordinates"":[0.0,0.0]}"
1_1_1_1_1_1_1_1_1_1_1_1_1_1_1_1_1_1_1_1_1_1_1_1_1_1_1_1_1_1_1_1_1_1_1_2_2_6,168683.70093413023,33,765,2024,"{""type"":""Point"",""coordinates"":[0.0,0.0]}"
1_1_1_1_1_1_1_1_1_1_1_1_1_1_1_1_1_1_1_1_1_1_1_1_1_1_1_1_1_1_1_1_1_1_2_1_1_1_1_1_1_1_1_2_0,13284.93261206325,3,7618,2016,"{""type"":""Point"",""coordinates"":[0.0,0.0]}"
1_1_1_1_1_1_1_1_1_1_1_1_1_1_1_1_1_1_1_1_1_1_1_1_1_1_1_1_1_1_1_1_1_1_2_1_1_1_1_1_1_1_1_2_1,1180979.7096001296,4,7618,2016,"{""type"":""Point"",""coordinates"":[0.0,0.0]}"
1_1_1_1_1_1_1_1_1_1_1_1_1_1_1_1_1_1_1_1_1_1_1_1_1_1_1_1_1_1_1_1_1_1_2_1_1_1_1_1_1_1_1_2_2,847.9522082100442,12,7618,2016,"{""type"":""Point"",""coordinates"":[0.0,0.0]}"
1_1_1_1_1_1_1_1_1_1_1_1_1_1_1_1_1_1_1_1_1_1_1_1_1_1_1_1_1_1_1_1_1_1_2_1_1_1_1_1_1_1_1_2_3,621506.9767402112,21,7618,2016,"{""type"":""Point"",""coordinates"":[0.0,0.0]}"
1_1_1_1_1_1_1_1_1_1_1_1_1_1_1_1_1_1_1_1_1_1_1_1_1_1_1_1_1_1_1_1_1_1_2_1_1_1_1_1_1_1_1_2_4,1020.0732843218887,22,7618,2016,"{""type"":""Point"",""coordinates"":[0.0,0.0]}"
1_1_1_1_1_1_1_1_1_1_1_1_1_1_1_1_1_1_1_1_1_1_1_1_1_1_1_1_1_1_1_1_1_1_2_1_1_1_1_1_1_1_1_2_5,187.34372967529285,29,7618,2016,"{""type"":""Point"",""coordinates"":[0.0,0.0]}"
1_1_1_1_1_1_1_1_1_1_1_1_1_1_1_1_1_1_1_1_1_1_1_1_1_1_1_1_1_1_1_1_1_1_2_1_1_1_1_1_1_1_1_2_6,417.8309767443367,33,7618,2016,"{""type"":""Point"",""coordinates"":[0.0,0.0]}"
1_1_1_1_1_1_1_1_1_1_1_1_1_1_1_1_1_1_1_1_1_1_1_1_1_1_1_1_1_1_1_1_1_1_2_1_1_1_1_1_1_1_2_0,10938.648991396127,3,7618,2017,"{""type"":""Point"",""coordinates"":[0.0,0.0]}"
1_1_1_1_1_1_1_1_1_1_1_1_1_1_1_1_1_1_1_1_1_1_1_1_1_1_1_1_1_1_1_1_1_1_2_1_1_1_1_1_1_1_2_1,1193175.7220381028,4,7618,2017,"{""type"":""Point"",""coordinates"":[0.0,0.0]}"
1_1_1_1_1_1_1_1_1_1_1_1_1_1_1_1_1_1_1_1_1_1_1_1_1_1_1_1_1_1_1_1_1_1_2_1_1_1_1_1_1_1_2_2,775.3278859989906,12,7618,2017,"{""type"":""Point"",""coordinates"":[0.0,0.0]}"
1_1_1_1_1_1_1_1_1_1_1_1_1_1_1_1_1_1_1_1_1_1_1_1_1_1_1_1_1_1_1_1_1_1_2_1_1_1_1_1_1_1_2_3,606642.3834227284,21,7618,2017,"{""type"":""Point"",""coordinates"":[0.0,0.0]}"
1_1_1_1_1_1_1_1_1_1_1_1_1_1_1_1_1_1_1_1_1_1_1_1_1_1_1_1_1_1_1_1_1_1_2_1_1_1_1_1_1_1_2_4,468.9049415072327,22,7618,2017,"{""type"":""Point"",""coordinates"":[0.0,0.0]}"
1_1_1_1_1_1_1_1_1_1_1_1_1_1_1_1_1_1_1_1_1_1_1_1_1_1_1_1_1_1_1_1_1_1_2_1_1_1_1_1_1_1_2_5,83.90025681152343,29,7618,2017,"{""type"":""Point"",""coordinates"":[0.0,0.0]}"
1_1_1_1_1_1_1_1_1_1_1_1_1_1_1_1_1_1_1_1_1_1_1_1_1_1_1_1_1_1_1_1_1_1_2_1_1_1_1_1_1_1_2_6,6159.931614810026,33,7618,2017,"{""type"":""Point"",""coordinates"":[0.0,0.0]}"
1_1_1_1_1_1_1_1_1_1_1_1_1_1_1_1_1_1_1_1_1_1_1_1_1_1_1_1_1_1_1_1_1_1_2_1_1_1_1_1_1_2_0,10079.989822132145,3,7618,2018,"{""type"":""Point"",""coordinates"":[0.0,0.0]}"
1_1_1_1_1_1_1_1_1_1_1_1_1_1_1_1_1_1_1_1_1_1_1_1_1_1_1_1_1_1_1_1_1_1_2_1_1_1_1_1_1_2_1,1191185.4011396912,4,7618,2018,"{""type"":""Point"",""coordinates"":[0.0,0.0]}"
1_1_1_1_1_1_1_1_1_1_1_1_1_1_1_1_1_1_1_1_1_1_1_1_1_1_1_1_1_1_1_1_1_1_2_1_1_1_1_1_1_2_2,853.211885296559,12,7618,2018,"{""type"":""Point"",""coordinates"":[0.0,0.0]}"
1_1_1_1_1_1_1_1_1_1_1_1_1_1_1_1_1_1_1_1_1_1_1_1_1_1_1_1_1_1_1_1_1_1_2_1_1_1_1_1_1_2_3,612941.969131008,21,7618,2018,"{""type"":""Point"",""coordinates"":[0.0,0.0]}"
1_1_1_1_1_1_1_1_1_1_1_1_1_1_1_1_1_1_1_1_1_1_1_1_1_1_1_1_1_1_1_1_1_1_2_1_1_1_1_1_1_2_4,2695.281409632814,22,7618,2018,"{""type"":""Point"",""coordinates"":[0.0,0.0]}"
1_1_1_1_1_1_1_1_1_1_1_1_1_1_1_1_1_1_1_1_1_1_1_1_1_1_1_1_1_1_1_1_1_1_2_1_1_1_1_1_1_2_5,183.4960418640137,29,7618,2018,"{""type"":""Point"",""coordinates"":[0.0,0.0]}"
1_1_1_1_1_1_1_1_1_1_1_1_1_1_1_1_1_1_1_1_1_1_1_1_1_1_1_1_1_1_1_1_1_1_2_1_1_1_1_1_1_2_6,305.46972175577775,33,7618,2018,"{""type"":""Point"",""coordinates"":[0.0,0.0]}"
1_1_1_1_1_1_1_1_1_1_1_1_1_1_1_1_1_1_1_1_1_1_1_1_1_1_1_1_1_1_1_1_1_1_2_1_1_1_1_1_2_0,19874.337880237887,3,7618,2019,"{""type"":""Point"",""coordinates"":[0.0,0.0]}"
1_1_1_1_1_1_1_1_1_1_1_1_1_1_1_1_1_1_1_1_1_1_1_1_1_1_1_1_1_1_1_1_1_1_2_1_1_1_1_1_2_1,1199584.4117554002,4,7618,2019,"{""type"":""Point"",""coordinates"":[0.0,0.0]}"
1_1_1_1_1_1_1_1_1_1_1_1_1_1_1_1_1_1_1_1_1_1_1_1_1_1_1_1_1_1_1_1_1_1_2_1_1_1_1_1_2_2,1660.5819093659773,12,7618,2019,"{""type"":""Point"",""coordinates"":[0.0,0.0]}"
1_1_1_1_1_1_1_1_1_1_1_1_1_1_1_1_1_1_1_1_1_1_1_1_1_1_1_1_1_1_1_1_1_1_2_1_1_1_1_1_2_3,593962.6116458033,21,7618,2019,"{""type"":""Point"",""coordinates"":[0.0,0.0]}"
1_1_1_1_1_1_1_1_1_1_1_1_1_1_1_1_1_1_1_1_1_1_1_1_1_1_1_1_1_1_1_1_1_1_2_1_1_1_1_1_2_4,2218.581071784333,22,7618,2019,"{""type"":""Point"",""coordinates"":[0.0,0.0]}"
1_1_1_1_1_1_1_1_1_1_1_1_1_1_1_1_1_1_1_1_1_1_1_1_1_1_1_1_1_1_1_1_1_1_2_1_1_1_1_1_2_5,277.589141357422,29,7618,2019,"{""type"":""Point"",""coordinates"":[0.0,0.0]}"
1_1_1_1_1_1_1_1_1_1_1_1_1_1_1_1_1_1_1_1_1_1_1_1_1_1_1_1_1_1_1_1_1_1_2_1_1_1_1_1_2_6,666.7057474089258,33,7618,2019,"{""type"":""Point"",""coordinates"":[0.0,0.0]}"
1_1_1_1_1_1_1_1_1_1_1_1_1_1_1_1_1_1_1_1_1_1_1_1_1_1_1_1_1_1_1_1_1_1_2_1_1_1_1_2_0,6442.295478195223,3,7618,2020,"{""type"":""Point"",""coordinates"":[0.0,0.0]}"
1_1_1_1_1_1_1_1_1_1_1_1_1_1_1_1_1_1_1_1_1_1_1_1_1_1_1_1_1_1_1_1_1_1_2_1_1_1_1_2_1,1226920.2121322057,4,7618,2020,"{""type"":""Point"",""coordinates"":[0.0,0.0]}"
1_1_1_1_1_1_1_1_1_1_1_1_1_1_1_1_1_1_1_1_1_1_1_1_1_1_1_1_1_1_1_1_1_1_2_1_1_1_1_2_2,1482.2880146259834,12,7618,2020,"{""type"":""Point"",""coordinates"":[0.0,0.0]}"
1_1_1_1_1_1_1_1_1_1_1_1_1_1_1_1_1_1_1_1_1_1_1_1_1_1_1_1_1_1_1_1_1_1_2_1_1_1_1_2_3,577554.1925731689,21,7618,2020,"{""type"":""Point"",""coordinates"":[0.0,0.0]}"
1_1_1_1_1_1_1_1_1_1_1_1_1_1_1_1_1_1_1_1_1_1_1_1_1_1_1_1_1_1_1_1_1_1_2_1_1_1_1_2_4,2672.6371042074743,22,7618,2020,"{""type"":""Point"",""coordinates"":[0.0,0.0]}"
1_1_1_1_1_1_1_1_1_1_1_1_1_1_1_1_1_1_1_1_1_1_1_1_1_1_1_1_1_1_1_1_1_1_2_1_1_1_1_2_5,129.6921855102538,29,7618,2020,"{""type"":""Point"",""coordinates"":[0.0,0.0]}"
1_1_1_1_1_1_1_1_1_1_1_1_1_1_1_1_1_1_1_1_1_1_1_1_1_1_1_1_1_1_1_1_1_1_2_1_1_1_1_2_6,3043.501663404475,33,7618,2020,"{""type"":""Point"",""coordinates"":[0.0,0.0]}"
1_1_1_1_1_1_1_1_1_1_1_1_1_1_1_1_1_1_1_1_1_1_1_1_1_1_1_1_1_1_1_1_1_1_2_1_1_1_2_0,8675.579128711643,3,7618,2021,"{""type"":""Point"",""coordinates"":[0.0,0.0]}"
1_1_1_1_1_1_1_1_1_1_1_1_1_1_1_1_1_1_1_1_1_1_1_1_1_1_1_1_1_1_1_1_1_1_2_1_1_1_2_1,1225270.3906944364,4,7618,2021,"{""type"":""Point"",""coordinates"":[0.0,0.0]}"
1_1_1_1_1_1_1_1_1_1_1_1_1_1_1_1_1_1_1_1_1_1_1_1_1_1_1_1_1_1_1_1_1_1_2_1_1_1_2_2,1200.4240404903885,12,7618,2021,"{""type"":""Point"",""coordinates"":[0.0,0.0]}"
1_1_1_1_1_1_1_1_1_1_1_1_1_1_1_1_1_1_1_1_1_1_1_1_1_1_1_1_1_1_1_1_1_1_2_1_1_1_2_3,578657.1762700495,21,7618,2021,"{""type"":""Point"",""coordinates"":[0.0,0.0]}"
1_1_1_1_1_1_1_1_1_1_1_1_1_1_1_1_1_1_1_1_1_1_1_1_1_1_1_1_1_1_1_1_1_1_2_1_1_1_2_4,2380.642855106945,22,7618,2021,"{""type"":""Point"",""coordinates"":[0.0,0.0]}"
1_1_1_1_1_1_1_1_1_1_1_1_1_1_1_1_1_1_1_1_1_1_1_1_1_1_1_1_1_1_1_1_1_1_2_1_1_1_2_5,315.022805987549,29,7618,2021,"{""type"":""Point"",""coordinates"":[0.0,0.0]}"
1_1_1_1_1_1_1_1_1_1_1_1_1_1_1_1_1_1_1_1_1_1_1_1_1_1_1_1_1_1_1_1_1_1_2_1_1_1_2_6,1745.5833565799524,33,7618,2021,"{""type"":""Point"",""coordinates"":[0.0,0.0]}"
1_1_1_1_1_1_1_1_1_1_1_1_1_1_1_1_1_1_1_1_1_1_1_1_1_1_1_1_1_1_1_1_1_1_2_1_1_2_0,9801.447052186248,3,7618,2022,"{""type"":""Point"",""coordinates"":[0.0,0.0]}"
1_1_1_1_1_1_1_1_1_1_1_1_1_1_1_1_1_1_1_1_1_1_1_1_1_1_1_1_1_1_1_1_1_1_2_1_1_2_1,1231904.288810081,4,7618,2022,"{""type"":""Point"",""coordinates"":[0.0,0.0]}"
1_1_1_1_1_1_1_1_1_1_1_1_1_1_1_1_1_1_1_1_1_1_1_1_1_1_1_1_1_1_1_1_1_1_2_1_1_2_2,1855.5389350043258,12,7618,2022,"{""type"":""Point"",""coordinates"":[0.0,0.0]}"
1_1_1_1_1_1_1_1_1_1_1_1_1_1_1_1_1_1_1_1_1_1_1_1_1_1_1_1_1_1_1_1_1_1_2_1_1_2_3,570997.1470044312,21,7618,2022,"{""type"":""Point"",""coordinates"":[0.0,0.0]}"
1_1_1_1_1_1_1_1_1_1_1_1_1_1_1_1_1_1_1_1_1_1_1_1_1_1_1_1_1_1_1_1_1_1_2_1_1_2_4,914.7511617537674,22,7618,2022,"{""type"":""Point"",""coordinates"":[0.0,0.0]}"
1_1_1_1_1_1_1_1_1_1_1_1_1_1_1_1_1_1_1_1_1_1_1_1_1_1_1_1_1_1_1_1_1_1_2_1_1_2_5,949.5068541387825,29,7618,2022,"{""type"":""Point"",""coordinates"":[0.0,0.0]}"
1_1_1_1_1_1_1_1_1_1_1_1_1_1_1_1_1_1_1_1_1_1_1_1_1_1_1_1_1_1_1_1_1_1_2_1_1_2_6,1822.1393337496065,33,7618,2022,"{""type"":""Point"",""coordinates"":[0.0,0.0]}"
1_1_1_1_1_1_1_1_1_1_1_1_1_1_1_1_1_1_1_1_1_1_1_1_1_1_1_1_1_1_1_1_1_1_2_1_2_0,12297.4962720414,3,7618,2023,"{""type"":""Point"",""coordinates"":[0.0,0.0]}"
1_1_1_1_1_1_1_1_1_1_1_1_1_1_1_1_1_1_1_1_1_1_1_1_1_1_1_1_1_1_1_1_1_1_2_1_2_1,1206447.9131101456,4,7618,2023,"{""type"":""Point"",""coordinates"":[0.0,0.0]}"
1_1_1_1_1_1_1_1_1_1_1_1_1_1_1_1_1_1_1_1_1_1_1_1_1_1_1_1_1_1_1_1_1_1_2_1_2_2,1318.172640199355,12,7618,2023,"{""type"":""Point"",""coordinates"":[0.0,0.0]}"
1_1_1_1_1_1_1_1_1_1_1_1_1_1_1_1_1_1_1_1_1_1_1_1_1_1_1_1_1_1_1_1_1_1_2_1_2_3,593368.1656921022,21,7618,2023,"{""type"":""Point"",""coordinates"":[0.0,0.0]}"
1_1_1_1_1_1_1_1_1_1_1_1_1_1_1_1_1_1_1_1_1_1_1_1_1_1_1_1_1_1_1_1_1_1_2_1_2_4,791.2047340852863,22,7618,2023,"{""type"":""Point"",""coordinates"":[0.0,0.0]}"
1_1_1_1_1_1_1_1_1_1_1_1_1_1_1_1_1_1_1_1_1_1_1_1_1_1_1_1_1_1_1_1_1_1_2_1_2_5,2255.36579284383,29,7618,2023,"{""type"":""Point"",""coordinates"":[0.0,0.0]}"
1_1_1_1_1_1_1_1_1_1_1_1_1_1_1_1_1_1_1_1_1_1_1_1_1_1_1_1_1_1_1_1_1_1_2_1_2_6,1766.5009100188674,33,7618,2023,"{""type"":""Point"",""coordinates"":[0.0,0.0]}"
1_1_1_1_1_1_1_1_1_1_1_1_1_1_1_1_1_1_1_1_1_1_1_1_1_1_1_1_1_1_1_1_1_1_2_2_0,25430.000906744597,3,7618,2024,"{""type"":""Point"",""coordinates"":[0.0,0.0]}"
1_1_1_1_1_1_1_1_1_1_1_1_1_1_1_1_1_1_1_1_1_1_1_1_1_1_1_1_1_1_1_1_1_1_2_2_1,1159909.6730770608,4,7618,2024,"{""type"":""Point"",""coordinates"":[0.0,0.0]}"
1_1_1_1_1_1_1_1_1_1_1_1_1_1_1_1_1_1_1_1_1_1_1_1_1_1_1_1_1_1_1_1_1_1_2_2_2,342.0086657776837,12,7618,2024,"{""type"":""Point"",""coordinates"":[0.0,0.0]}"
1_1_1_1_1_1_1_1_1_1_1_1_1_1_1_1_1_1_1_1_1_1_1_1_1_1_1_1_1_1_1_1_1_1_2_2_3,626936.1492592669,21,7618,2024,"{""type"":""Point"",""coordinates"":[0.0,0.0]}"
1_1_1_1_1_1_1_1_1_1_1_1_1_1_1_1_1_1_1_1_1_1_1_1_1_1_1_1_1_1_1_1_1_1_2_2_4,3600.62059010874,22,7618,2024,"{""type"":""Point"",""coordinates"":[0.0,0.0]}"
1_1_1_1_1_1_1_1_1_1_1_1_1_1_1_1_1_1_1_1_1_1_1_1_1_1_1_1_1_1_1_1_1_1_2_2_5,243.15695824872208,29,7618,2024,"{""type"":""Point"",""coordinates"":[0.0,0.0]}"
1_1_1_1_1_1_1_1_1_1_1_1_1_1_1_1_1_1_1_1_1_1_1_1_1_1_1_1_1_1_1_1_1_1_2_2_6,1783.2096941413192,33,7618,2024,"{""type"":""Point"",""coordinates"":[0.0,0.0]}"
1_1_1_1_1_1_1_1_1_1_1_1_1_1_1_1_1_1_1_1_1_1_1_1_1_1_1_1_1_1_1_1_1_2_1_1_1_1_1_1_1_1_2_0,713.8782280501284,3,7561,2016,"{""type"":""Point"",""coordinates"":[0.0,0.0]}"
1_1_1_1_1_1_1_1_1_1_1_1_1_1_1_1_1_1_1_1_1_1_1_1_1_1_1_1_1_1_1_1_1_2_1_1_1_1_1_1_1_1_2_1,1214272.8738613175,4,7561,2016,"{""type"":""Point"",""coordinates"":[0.0,0.0]}"
1_1_1_1_1_1_1_1_1_1_1_1_1_1_1_1_1_1_1_1_1_1_1_1_1_1_1_1_1_1_1_1_1_2_1_1_1_1_1_1_1_1_2_2,229.45328377795644,12,7561,2016,"{""type"":""Point"",""coordinates"":[0.0,0.0]}"
1_1_1_1_1_1_1_1_1_1_1_1_1_1_1_1_1_1_1_1_1_1_1_1_1_1_1_1_1_1_1_1_1_2_1_1_1_1_1_1_1_1_2_3,660649.5398195266,21,7561,2016,"{""type"":""Point"",""coordinates"":[0.0,0.0]}"
1_1_1_1_1_1_1_1_1_1_1_1_1_1_1_1_1_1_1_1_1_1_1_1_1_1_1_1_1_1_1_1_1_2_1_1_1_1_1_1_1_1_2_4,2364.560013819536,22,7561,2016,"{""type"":""Point"",""coordinates"":[0.0,0.0]}"
1_1_1_1_1_1_1_1_1_1_1_1_1_1_1_1_1_1_1_1_1_1_1_1_1_1_1_1_1_1_1_1_1_2_1_1_1_1_1_1_1_1_2_5,24.802532507324223,29,7561,2016,"{""type"":""Point"",""coordinates"":[0.0,0.0]}"
1_1_1_1_1_1_1_1_1_1_1_1_1_1_1_1_1_1_1_1_1_1_1_1_1_1_1_1_1_1_1_1_1_2_1_1_1_1_1_1_1_1_2_6,13438.32399086896,33,7561,2016,"{""type"":""Point"",""coordinates"":[0.0,0.0]}"
1_1_1_1_1_1_1_1_1_1_1_1_1_1_1_1_1_1_1_1_1_1_1_1_1_1_1_1_1_1_1_1_1_2_1_1_1_1_1_1_1_2_0,692.1077755426379,3,7561,2017,"{""type"":""Point"",""coordinates"":[0.0,0.0]}"
1_1_1_1_1_1_1_1_1_1_1_1_1_1_1_1_1_1_1_1_1_1_1_1_1_1_1_1_1_1_1_1_1_2_1_1_1_1_1_1_1_2_1,1236566.42271563,4,7561,2017,"{""type"":""Point"",""coordinates"":[0.0,0.0]}"
1_1_1_1_1_1_1_1_1_1_1_1_1_1_1_1_1_1_1_1_1_1_1_1_1_1_1_1_1_1_1_1_1_2_1_1_1_1_1_1_1_2_2,28.098737010569877,12,7561,2017,"{""type"":""Point"",""coordinates"":[0.0,0.0]}"
1_1_1_1_1_1_1_1_1_1_1_1_1_1_1_1_1_1_1_1_1_1_1_1_1_1_1_1_1_1_1_1_1_2_1_1_1_1_1_1_1_2_3,641973.6938606524,21,7561,2017,"{""type"":""Point"",""coordinates"":[0.0,0.0]}"
1_1_1_1_1_1_1_1_1_1_1_1_1_1_1_1_1_1_1_1_1_1_1_1_1_1_1_1_1_1_1_1_1_2_1_1_1_1_1_1_1_2_4,1753.678853680839,22,7561,2017,"{""type"":""Point"",""coordinates"":[0.0,0.0]}"
1_1_1_1_1_1_1_1_1_1_1_1_1_1_1_1_1_1_1_1_1_1_1_1_1_1_1_1_1_1_1_1_1_2_1_1_1_1_1_1_1_2_5,4.534343182373046,29,7561,2017,"{""type"":""Point"",""coordinates"":[0.0,0.0]}"
1_1_1_1_1_1_1_1_1_1_1_1_1_1_1_1_1_1_1_1_1_1_1_1_1_1_1_1_1_1_1_1_1_2_1_1_1_1_1_1_1_2_6,10674.895444096665,33,7561,2017,"{""type"":""Point"",""coordinates"":[0.0,0.0]}"
1_1_1_1_1_1_1_1_1_1_1_1_1_1_1_1_1_1_1_1_1_1_1_1_1_1_1_1_1_1_1_1_1_2_1_1_1_1_1_1_2_0,2001.2131754408729,3,7561,2018,"{""type"":""Point"",""coordinates"":[0.0,0.0]}"
1_1_1_1_1_1_1_1_1_1_1_1_1_1_1_1_1_1_1_1_1_1_1_1_1_1_1_1_1_1_1_1_1_2_1_1_1_1_1_1_2_1,1230514.4063040928,4,7561,2018,"{""type"":""Point"",""coordinates"":[0.0,0.0]}"
1_1_1_1_1_1_1_1_1_1_1_1_1_1_1_1_1_1_1_1_1_1_1_1_1_1_1_1_1_1_1_1_1_2_1_1_1_1_1_1_2_2,261.84009683766084,12,7561,2018,"{""type"":""Point"",""coordinates"":[0.0,0.0]}"
1_1_1_1_1_1_1_1_1_1_1_1_1_1_1_1_1_1_1_1_1_1_1_1_1_1_1_1_1_1_1_1_1_2_1_1_1_1_1_1_2_3,624091.9402497014,21,7561,2018,"{""type"":""Point"",""coordinates"":[0.0,0.0]}"
1_1_1_1_1_1_1_1_1_1_1_1_1_1_1_1_1_1_1_1_1_1_1_1_1_1_1_1_1_1_1_1_1_2_1_1_1_1_1_1_2_4,4648.673898225021,22,7561,2018,"{""type"":""Point"",""coordinates"":[0.0,0.0]}"
1_1_1_1_1_1_1_1_1_1_1_1_1_1_1_1_1_1_1_1_1_1_1_1_1_1_1_1_1_1_1_1_1_2_1_1_1_1_1_1_2_5,189.88886625366217,29,7561,2018,"{""type"":""Point"",""coordinates"":[0.0,0.0]}"
1_1_1_1_1_1_1_1_1_1_1_1_1_1_1_1_1_1_1_1_1_1_1_1_1_1_1_1_1_1_1_1_1_2_1_1_1_1_1_1_2_6,29985.46913941714,33,7561,2018,"{""type"":""Point"",""coordinates"":[0.0,0.0]}"
1_1_1_1_1_1_1_1_1_1_1_1_1_1_1_1_1_1_1_1_1_1_1_1_1_1_1_1_1_1_1_1_1_2_1_1_1_1_1_2_0,550.2673555631022,3,7561,2019,"{""type"":""Point"",""coordinates"":[0.0,0.0]}"
1_1_1_1_1_1_1_1_1_1_1_1_1_1_1_1_1_1_1_1_1_1_1_1_1_1_1_1_1_1_1_1_1_2_1_1_1_1_1_2_1,1218516.3837754307,4,7561,2019,"{""type"":""Point"",""coordinates"":[0.0,0.0]}"
1_1_1_1_1_1_1_1_1_1_1_1_1_1_1_1_1_1_1_1_1_1_1_1_1_1_1_1_1_1_1_1_1_2_1_1_1_1_1_2_2,273.632134473494,12,7561,2019,"{""type"":""Point"",""coordinates"":[0.0,0.0]}"
1_1_1_1_1_1_1_1_1_1_1_1_1_1_1_1_1_1_1_1_1_1_1_1_1_1_1_1_1_1_1_1_1_2_1_1_1_1_1_2_3,637600.2008539098,21,7561,2019,"{""type"":""Point"",""coordinates"":[0.0,0.0]}"
1_1_1_1_1_1_1_1_1_1_1_1_1_1_1_1_1_1_1_1_1_1_1_1_1_1_1_1_1_1_1_1_1_2_1_1_1_1_1_2_4,1114.3724382158582,22,7561,2019,"{""type"":""Point"",""coordinates"":[0.0,0.0]}"
1_1_1_1_1_1_1_1_1_1_1_1_1_1_1_1_1_1_1_1_1_1_1_1_1_1_1_1_1_1_1_1_1_2_1_1_1_1_1_2_5,416.31925084515734,29,7561,2019,"{""type"":""Point"",""coordinates"":[0.0,0.0]}"
1_1_1_1_1_1_1_1_1_1_1_1_1_1_1_1_1_1_1_1_1_1_1_1_1_1_1_1_1_1_1_1_1_2_1_1_1_1_1_2_6,33222.25592155866,33,7561,2019,"{""type"":""Point"",""coordinates"":[0.0,0.0]}"
1_1_1_1_1_1_1_1_1_1_1_1_1_1_1_1_1_1_1_1_1_1_1_1_1_1_1_1_1_1_1_1_1_2_1_1_1_1_2_0,719.93721293517,3,7561,2020,"{""type"":""Point"",""coordinates"":[0.0,0.0]}"
1_1_1_1_1_1_1_1_1_1_1_1_1_1_1_1_1_1_1_1_1_1_1_1_1_1_1_1_1_1_1_1_1_2_1_1_1_1_2_1,1190442.913664117,4,7561,2020,"{""type"":""Point"",""coordinates"":[0.0,0.0]}"
1_1_1_1_1_1_1_1_1_1_1_1_1_1_1_1_1_1_1_1_1_1_1_1_1_1_1_1_1_1_1_1_1_2_1_1_1_1_2_2,124.31357937763283,12,7561,2020,"{""type"":""Point"",""coordinates"":[0.0,0.0]}"
1_1_1_1_1_1_1_1_1_1_1_1_1_1_1_1_1_1_1_1_1_1_1_1_1_1_1_1_1_1_1_1_1_2_1_1_1_1_2_3,671119.5114134368,21,7561,2020,"{""type"":""Point"",""coordinates"":[0.0,0.0]}"
1_1_1_1_1_1_1_1_1_1_1_1_1_1_1_1_1_1_1_1_1_1_1_1_1_1_1_1_1_1_1_1_1_2_1_1_1_1_2_4,260.49702786199833,22,7561,2020,"{""type"":""Point"",""coordinates"":[0.0,0.0]}"
1_1_1_1_1_1_1_1_1_1_1_1_1_1_1_1_1_1_1_1_1_1_1_1_1_1_1_1_1_1_1_1_1_2_1_1_1_1_2_5,968.8457192313389,29,7561,2020,"{""type"":""Point"",""coordinates"":[0.0,0.0]}"
1_1_1_1_1_1_1_1_1_1_1_1_1_1_1_1_1_1_1_1_1_1_1_1_1_1_1_1_1_1_1_1_1_2_1_1_1_1_2_6,28057.41311297033,33,7561,2020,"{""type"":""Point"",""coordinates"":[0.0,0.0]}"
1_1_1_1_1_1_1_1_1_1_1_1_1_1_1_1_1_1_1_1_1_1_1_1_1_1_1_1_1_1_1_1_1_2_1_1_1_2_0,1243.869541011991,3,7561,2021,"{""type"":""Point"",""coordinates"":[0.0,0.0]}"
1_1_1_1_1_1_1_1_1_1_1_1_1_1_1_1_1_1_1_1_1_1_1_1_1_1_1_1_1_1_1_1_1_2_1_1_1_2_1,1169634.6446687884,4,7561,2021,"{""type"":""Point"",""coordinates"":[0.0,0.0]}"
1_1_1_1_1_1_1_1_1_1_1_1_1_1_1_1_1_1_1_1_1_1_1_1_1_1_1_1_1_1_1_1_1_2_1_1_1_2_2,130.81935507245228,12,7561,2021,"{""type"":""Point"",""coordinates"":[0.0,0.0]}"
1_1_1_1_1_1_1_1_1_1_1_1_1_1_1_1_1_1_1_1_1_1_1_1_1_1_1_1_1_1_1_1_1_2_1_1_1_2_3,682661.2700454004,21,7561,2021,"{""type"":""Point"",""coordinates"":[0.0,0.0]}"
1_1_1_1_1_1_1_1_1_1_1_1_1_1_1_1_1_1_1_1_1_1_1_1_1_1_1_1_1_1_1_1_1_2_1_1_1_2_4,5887.275164288993,22,7561,2021,"{""type"":""Point"",""coordinates"":[0.0,0.0]}"
1_1_1_1_1_1_1_1_1_1_1_1_1_1_1_1_1_1_1_1_1_1_1_1_1_1_1_1_1_1_1_1_1_2_1_1_1_2_5,9.330215960693359,29,7561,2021,"{""type"":""Point"",""coordinates"":[0.0,0.0]}"
1_1_1_1_1_1_1_1_1_1_1_1_1_1_1_1_1_1_1_1_1_1_1_1_1_1_1_1_1_1_1_1_1_2_1_1_1_2_6,32126.222739354245,33,7561,2021,"{""type"":""Point"",""coordinates"":[0.0,0.0]}"
1_1_1_1_1_1_1_1_1_1_1_1_1_1_1_1_1_1_1_1_1_1_1_1_1_1_1_1_1_1_1_1_1_2_1_1_2_0,1064.9172521935116,3,7561,2022,"{""type"":""Point"",""coordinates"":[0.0,0.0]}"
1_1_1_1_1_1_1_1_1_1_1_1_1_1_1_1_1_1_1_1_1_1_1_1_1_1_1_1_1_1_1_1_1_2_1_1_2_1,1204593.3442155863,4,7561,2022,"{""type"":""Point"",""coordinates"":[0.0,0.0]}"
1_1_1_1_1_1_1_1_1_1_1_1_1_1_1_1_1_1_1_1_1_1_1_1_1_1_1_1_1_1_1_1_1_2_1_1_2_2,217.6082832184437,12,7561,2022,"{""type"":""Point"",""coordinates"":[0.0,0.0]}"
1_1_1_1_1_1_1_1_1_1_1_1_1_1_1_1_1_1_1_1_1_1_1_1_1_1_1_1_1_1_1_1_1_2_1_1_2_3,651408.2475057978,21,7561,2022,"{""type"":""Point"",""coordinates"":[0.0,0.0]}"
1_1_1_1_1_1_1_1_1_1_1_1_1_1_1_1_1_1_1_1_1_1_1_1_1_1_1_1_1_1_1_1_1_2_1_1_2_4,1655.299860731995,22,7561,2022,"{""type"":""Point"",""coordinates"":[0.0,0.0]}"
1_1_1_1_1_1_1_1_1_1_1_1_1_1_1_1_1_1_1_1_1_1_1_1_1_1_1_1_1_1_1_1_1_2_1_1_2_5,126.59106495526477,29,7561,2022,"{""type"":""Point"",""coordinates"":[0.0,0.0]}"
1_1_1_1_1_1_1_1_1_1_1_1_1_1_1_1_1_1_1_1_1_1_1_1_1_1_1_1_1_1_1_1_1_2_1_1_2_6,32627.423547471382,33,7561,2022,"{""type"":""Point"",""coordinates"":[0.0,0.0]}"
1_1_1_1_1_1_1_1_1_1_1_1_1_1_1_1_1_1_1_1_1_1_1_1_1_1_1_1_1_1_1_1_1_2_1_2_0,1275.8638479588194,3,7561,2023,"{""type"":""Point"",""coordinates"":[0.0,0.0]}"
1_1_1_1_1_1_1_1_1_1_1_1_1_1_1_1_1_1_1_1_1_1_1_1_1_1_1_1_1_1_1_1_1_2_1_2_1,1132511.5370866675,4,7561,2023,"{""type"":""Point"",""coordinates"":[0.0,0.0]}"
1_1_1_1_1_1_1_1_1_1_1_1_1_1_1_1_1_1_1_1_1_1_1_1_1_1_1_1_1_1_1_1_1_2_1_2_2,134.76465117692536,12,7561,2023,"{""type"":""Point"",""coordinates"":[0.0,0.0]}"
1_1_1_1_1_1_1_1_1_1_1_1_1_1_1_1_1_1_1_1_1_1_1_1_1_1_1_1_1_1_1_1_1_2_1_2_3,715809.7516693865,21,7561,2023,"{""type"":""Point"",""coordinates"":[0.0,0.0]}"
1_1_1_1_1_1_1_1_1_1_1_1_1_1_1_1_1_1_1_1_1_1_1_1_1_1_1_1_1_1_1_1_1_2_1_2_4,902.5742784260595,22,7561,2023,"{""type"":""Point"",""coordinates"":[0.0,0.0]}"
1_1_1_1_1_1_1_1_1_1_1_1_1_1_1_1_1_1_1_1_1_1_1_1_1_1_1_1_1_1_1_1_1_2_1_2_5,3242.779003302624,29,7561,2023,"{""type"":""Point"",""coordinates"":[0.0,0.0]}"
1_1_1_1_1_1_1_1_1_1_1_1_1_1_1_1_1_1_1_1_1_1_1_1_1_1_1_1_1_1_1_1_1_2_1_2_6,37816.16119296621,33,7561,2023,"{""type"":""Point"",""coordinates"":[0.0,0.0]}"
1_1_1_1_1_1_1_1_1_1_1_1_1_1_1_1_1_1_1_1_1_1_1_1_1_1_1_1_1_1_1_1_1_2_2_0,2632.86159514579,3,7561,2024,"{""type"":""Point"",""coordinates"":[0.0,0.0]}"
1_1_1_1_1_1_1_1_1_1_1_1_1_1_1_1_1_1_1_1_1_1_1_1_1_1_1_1_1_1_1_1_1_2_2_1,1015888.9161876971,4,7561,2024,"{""type"":""Point"",""coordinates"":[0.0,0.0]}"
1_1_1_1_1_1_1_1_1_1_1_1_1_1_1_1_1_1_1_1_1_1_1_1_1_1_1_1_1_1_1_1_1_2_2_2,14.142220880892886,12,7561,2024,"{""type"":""Point"",""coordinates"":[0.0,0.0]}"
1_1_1_1_1_1_1_1_1_1_1_1_1_1_1_1_1_1_1_1_1_1_1_1_1_1_1_1_1_1_1_1_1_2_2_3,835714.0645284666,21,7561,2024,"{""type"":""Point"",""coordinates"":[0.0,0.0]}"
1_1_1_1_1_1_1_1_1_1_1_1_1_1_1_1_1_1_1_1_1_1_1_1_1_1_1_1_1_1_1_1_1_2_2_4,118.88976823194317,22,7561,2024,"{""type"":""Point"",""coordinates"":[0.0,0.0]}"
1_1_1_1_1_1_1_1_1_1_1_1_1_1_1_1_1_1_1_1_1_1_1_1_1_1_1_1_1_1_1_1_1_2_2_5,37.39403324125402,29,7561,2024,"{""type"":""Point"",""coordinates"":[0.0,0.0]}"
1_1_1_1_1_1_1_1_1_1_1_1_1_1_1_1_1_1_1_1_1_1_1_1_1_1_1_1_1_1_1_1_1_2_2_6,37287.16339622667,33,7561,2024,"{""type"":""Point"",""coordinates"":[0.0,0.0]}"
1_1_1_1_1_1_1_1_1_1_1_1_1_1_1_1_1_1_1_1_1_1_1_1_1_1_1_1_1_1_1_1_2_1_1_1_1_1_1_1_1_2_0,1126.483386789598,3,755,2016,"{""type"":""Point"",""coordinates"":[0.0,0.0]}"
1_1_1_1_1_1_1_1_1_1_1_1_1_1_1_1_1_1_1_1_1_1_1_1_1_1_1_1_1_1_1_1_2_1_1_1_1_1_1_1_1_2_1,1222586.018769048,4,755,2016,"{""type"":""Point"",""coordinates"":[0.0,0.0]}"
1_1_1_1_1_1_1_1_1_1_1_1_1_1_1_1_1_1_1_1_1_1_1_1_1_1_1_1_1_1_1_1_2_1_1_1_1_1_1_1_1_2_2,27.07126801496916,12,755,2016,"{""type"":""Point"",""coordinates"":[0.0,0.0]}"
1_1_1_1_1_1_1_1_1_1_1_1_1_1_1_1_1_1_1_1_1_1_1_1_1_1_1_1_1_1_1_1_2_1_1_1_1_1_1_1_1_2_3,648971.8502915992,21,755,2016,"{""type"":""Point"",""coordinates"":[0.0,0.0]}"
1_1_1_1_1_1_1_1_1_1_1_1_1_1_1_1_1_1_1_1_1_1_1_1_1_1_1_1_1_1_1_1_2_1_1_1_1_1_1_1_1_2_4,16040.167302782567,22,755,2016,"{""type"":""Point"",""coordinates"":[0.0,0.0]}"
1_1_1_1_1_1_1_1_1_1_1_1_1_1_1_1_1_1_1_1_1_1_1_1_1_1_1_1_1_1_1_1_2_1_1_1_1_1_1_1_1_2_5,2.137150720214844,29,755,2016,"{""type"":""Point"",""coordinates"":[0.0,0.0]}"
1_1_1_1_1_1_1_1_1_1_1_1_1_1_1_1_1_1_1_1_1_1_1_1_1_1_1_1_1_1_1_1_2_1_1_1_1_1_1_1_1_2_6,25715.795033252754,33,755,2016,"{""type"":""Point"",""coordinates"":[0.0,0.0]}"
1_1_1_1_1_1_1_1_1_1_1_1_1_1_1_1_1_1_1_1_1_1_1_1_1_1_1_1_1_1_1_1_2_1_1_1_1_1_1_1_2_0,2475.2057152942025,3,755,2017,"{""type"":""Point"",""coordinates"":[0.0,0.0]}"
1_1_1_1_1_1_1_1_1_1_1_1_1_1_1_1_1_1_1_1_1_1_1_1_1_1_1_1_1_1_1_1_2_1_1_1_1_1_1_1_2_1,1276030.2458405478,4,755,2017,"{""type"":""Point"",""coordinates"":[0.0,0.0]}"
1_1_1_1_1_1_1_1_1_1_1_1_1_1_1_1_1_1_1_1_1_1_1_1_1_1_1_1_1_1_1_1_2_1_1_1_1_1_1_1_2_2,16.899555632874723,12,755,2017,"{""type"":""Point"",""coordinates"":[0.0,0.0]}"
1_1_1_1_1_1_1_1_1_1_1_1_1_1_1_1_1_1_1_1_1_1_1_1_1_1_1_1_1_1_1_1_2_1_1_1_1_1_1_1_2_3,589117.8301385839,21,755,2017,"{""type"":""Point"",""coordinates"":[0.0,0.0]}"
1_1_1_1_1_1_1_1_1_1_1_1_1_1_1_1_1_1_1_1_1_1_1_1_1_1_1_1_1_1_1_1_2_1_1_1_1_1_1_1_2_4,22084.853398084775,22,755,2017,"{""type"":""Point"",""coordinates"":[0.0,0.0]}"
1_1_1_1_1_1_1_1_1_1_1_1_1_1_1_1_1_1_1_1_1_1_1_1_1_1_1_1_1_1_1_1_2_1_1_1_1_1_1_1_2_5,3.205365045166016,29,755,2017,"{""type"":""Point"",""coordinates"":[0.0,0.0]}"
1_1_1_1_1_1_1_1_1_1_1_1_1_1_1_1_1_1_1_1_1_1_1_1_1_1_1_1_1_1_1_1_2_1_1_1_1_1_1_1_2_6,24741.28318912142,33,755,2017,"{""type"":""Point"",""coordinates"":[0.0,0.0]}"
1_1_1_1_1_1_1_1_1_1_1_1_1_1_1_1_1_1_1_1_1_1_1_1_1_1_1_1_1_1_1_1_2_1_1_1_1_1_1_2_0,5301.0573590113,3,755,2018,"{""type"":""Point"",""coordinates"":[0.0,0.0]}"
1_1_1_1_1_1_1_1_1_1_1_1_1_1_1_1_1_1_1_1_1_1_1_1_1_1_1_1_1_1_1_1_2_1_1_1_1_1_1_2_1,1249648.1122300432,4,755,2018,"{""type"":""Point"",""coordinates"":[0.0,0.0]}"
1_1_1_1_1_1_1_1_1_1_1_1_1_1_1_1_1_1_1_1_1_1_1_1_1_1_1_1_1_1_1_1_2_1_1_1_1_1_1_2_2,22.941973879179105,12,755,2018,"{""type"":""Point"",""coordinates"":[0.0,0.0]}"
1_1_1_1_1_1_1_1_1_1_1_1_1_1_1_1_1_1_1_1_1_1_1_1_1_1_1_1_1_1_1_1_2_1_1_1_1_1_1_2_3,606115.3274806082,21,755,2018,"{""type"":""Point"",""coordinates"":[0.0,0.0]}"
1_1_1_1_1_1_1_1_1_1_1_1_1_1_1_1_1_1_1_1_1_1_1_1_1_1_1_1_1_1_1_1_2_1_1_1_1_1_1_2_4,15497.234463135086,22,755,2018,"{""type"":""Point"",""coordinates"":[0.0,0.0]}"
1_1_1_1_1_1_1_1_1_1_1_1_1_1_1_1_1_1_1_1_1_1_1_1_1_1_1_1_1_1_1_1_2_1_1_1_1_1_1_2_5,22.931252518119052,29,755,2018,"{""type"":""Point"",""coordinates"":[0.0,0.0]}"
1_1_1_1_1_1_1_1_1_1_1_1_1_1_1_1_1_1_1_1_1_1_1_1_1_1_1_1_1_1_1_1_2_1_1_1_1_1_1_2_6,37861.918443022725,33,755,2018,"{""type"":""Point"",""coordinates"":[0.0,0.0]}"
1_1_1_1_1_1_1_1_1_1_1_1_1_1_1_1_1_1_1_1_1_1_1_1_1_1_1_1_1_1_1_1_2_1_1_1_1_1_2_0,2641.670129907958,3,755,2019,"{""type"":""Point"",""coordinates"":[0.0,0.0]}"
1_1_1_1_1_1_1_1_1_1_1_1_1_1_1_1_1_1_1_1_1_1_1_1_1_1_1_1_1_1_1_1_2_1_1_1_1_1_2_1,1269682.2430598526,4,755,2019,"{""type"":""Point"",""coordinates"":[0.0,0.0]}"
1_1_1_1_1_1_1_1_1_1_1_1_1_1_1_1_1_1_1_1_1_1_1_1_1_1_1_1_1_1_1_1_2_1_1_1_1_1_2_2,60.997064518133456,12,755,2019,"{""type"":""Point"",""coordinates"":[0.0,0.0]}"
1_1_1_1_1_1_1_1_1_1_1_1_1_1_1_1_1_1_1_1_1_1_1_1_1_1_1_1_1_1_1_1_2_1_1_1_1_1_2_3,591366.9400764143,21,755,2019,"{""type"":""Point"",""coordinates"":[0.0,0.0]}"
1_1_1_1_1_1_1_1_1_1_1_1_1_1_1_1_1_1_1_1_1_1_1_1_1_1_1_1_1_1_1_1_2_1_1_1_1_1_2_4,8654.04670680692,22,755,2019,"{""type"":""Point"",""coordinates"":[0.0,0.0]}"
1_1_1_1_1_1_1_1_1_1_1_1_1_1_1_1_1_1_1_1_1_1_1_1_1_1_1_1_1_1_1_1_2_1_1_1_1_1_2_5,91.44156889502426,29,755,2019,"{""type"":""Point"",""coordinates"":[0.0,0.0]}"
1_1_1_1_1_1_1_1_1_1_1_1_1_1_1_1_1_1_1_1_1_1_1_1_1_1_1_1_1_1_1_1_2_1_1_1_1_1_2_6,41972.18459587586,33,755,2019,"{""type"":""Point"",""coordinates"":[0.0,0.0]}"
1_1_1_1_1_1_1_1_1_1_1_1_1_1_1_1_1_1_1_1_1_1_1_1_1_1_1_1_1_1_1_1_2_1_1_1_1_2_0,2336.4387852734503,3,755,2020,"{""type"":""Point"",""coordinates"":[0.0,0.0]}"
1_1_1_1_1_1_1_1_1_1_1_1_1_1_1_1_1_1_1_1_1_1_1_1_1_1_1_1_1_1_1_1_2_1_1_1_1_2_1,1270220.802314827,4,755,2020,"{""type"":""Point"",""coordinates"":[0.0,0.0]}"
1_1_1_1_1_1_1_1_1_1_1_1_1_1_1_1_1_1_1_1_1_1_1_1_1_1_1_1_1_1_1_1_2_1_1_1_1_2_2,120.54226973817114,12,755,2020,"{""type"":""Point"",""coordinates"":[0.0,0.0]}"
1_1_1_1_1_1_1_1_1_1_1_1_1_1_1_1_1_1_1_1_1_1_1_1_1_1_1_1_1_1_1_1_2_1_1_1_1_2_3,587686.7788588469,21,755,2020,"{""type"":""Point"",""coordinates"":[0.0,0.0]}"
1_1_1_1_1_1_1_1_1_1_1_1_1_1_1_1_1_1_1_1_1_1_1_1_1_1_1_1_1_1_1_1_2_1_1_1_1_2_4,10174.022562959932,22,755,2020,"{""type"":""Point"",""coordinates"":[0.0,0.0]}"
1_1_1_1_1_1_1_1_1_1_1_1_1_1_1_1_1_1_1_1_1_1_1_1_1_1_1_1_1_1_1_1_2_1_1_1_1_2_5,40.517483740258314,29,755,2020,"{""type"":""Point"",""coordinates"":[0.0,0.0]}"
1_1_1_1_1_1_1_1_1_1_1_1_1_1_1_1_1_1_1_1_1_1_1_1_1_1_1_1_1_1_1_1_2_1_1_1_1_2_6,43890.420926881685,33,755,2020,"{""type"":""Point"",""coordinates"":[0.0,0.0]}"
1_1_1_1_1_1_1_1_1_1_1_1_1_1_1_1_1_1_1_1_1_1_1_1_1_1_1_1_1_1_1_1_2_1_1_1_2_0,5206.560067161632,3,755,2021,"{""type"":""Point"",""coordinates"":[0.0,0.0]}"
1_1_1_1_1_1_1_1_1_1_1_1_1_1_1_1_1_1_1_1_1_1_1_1_1_1_1_1_1_1_1_1_2_1_1_1_2_1,1245854.2107345827,4,755,2021,"{""type"":""Point"",""coordinates"":[0.0,0.0]}"
1_1_1_1_1_1_1_1_1_1_1_1_1_1_1_1_1_1_1_1_1_1_1_1_1_1_1_1_1_1_1_1_2_1_1_1_2_2,53.7959255271762,12,755,2021,"{""type"":""Point"",""coordinates"":[0.0,0.0]}"
1_1_1_1_1_1_1_1_1_1_1_1_1_1_1_1_1_1_1_1_1_1_1_1_1_1_1_1_1_1_1_1_2_1_1_1_2_3,604827.0972142362,21,755,2021,"{""type"":""Point"",""coordinates"":[0.0,0.0]}"
1_1_1_1_1_1_1_1_1_1_1_1_1_1_1_1_1_1_1_1_1_1_1_1_1_1_1_1_1_1_1_1_2_1_1_1_2_4,15788.259416229268,22,755,2021,"{""type"":""Point"",""coordinates"":[0.0,0.0]}"
1_1_1_1_1_1_1_1_1_1_1_1_1_1_1_1_1_1_1_1_1_1_1_1_1_1_1_1_1_1_1_1_2_1_1_1_2_5,3.9647875507668893,29,755,2021,"{""type"":""Point"",""coordinates"":[0.0,0.0]}"
1_1_1_1_1_1_1_1_1_1_1_1_1_1_1_1_1_1_1_1_1_1_1_1_1_1_1_1_1_1_1_1_2_1_1_1_2_6,42735.63505693334,33,755,2021,"{""type"":""Point"",""coordinates"":[0.0,0.0]}"
1_1_1_1_1_1_1_1_1_1_1_1_1_1_1_1_1_1_1_1_1_1_1_1_1_1_1_1_1_1_1_1_2_1_1_2_0,3524.368171126587,3,755,2022,"{""type"":""Point"",""coordinates"":[0.0,0.0]}"
1_1_1_1_1_1_1_1_1_1_1_1_1_1_1_1_1_1_1_1_1_1_1_1_1_1_1_1_1_1_1_1_2_1_1_2_1,1231181.8553595995,4,755,2022,"{""type"":""Point"",""coordinates"":[0.0,0.0]}"
1_1_1_1_1_1_1_1_1_1_1_1_1_1_1_1_1_1_1_1_1_1_1_1_1_1_1_1_1_1_1_1_2_1_1_2_2,192.5354252503878,12,755,2022,"{""type"":""Point"",""coordinates"":[0.0,0.0]}"
1_1_1_1_1_1_1_1_1_1_1_1_1_1_1_1_1_1_1_1_1_1_1_1_1_1_1_1_1_1_1_1_2_1_1_2_3,622031.3242038384,21,755,2022,"{""type"":""Point"",""coordinates"":[0.0,0.0]}"
1_1_1_1_1_1_1_1_1_1_1_1_1_1_1_1_1_1_1_1_1_1_1_1_1_1_1_1_1_1_1_1_2_1_1_2_4,13292.699603454068,22,755,2022,"{""type"":""Point"",""coordinates"":[0.0,0.0]}"
1_1_1_1_1_1_1_1_1_1_1_1_1_1_1_1_1_1_1_1_1_1_1_1_1_1_1_1_1_1_1_1_2_1_1_2_5,851.4481993982653,29,755,2022,"{""type"":""Point"",""coordinates"":[0.0,0.0]}"
1_1_1_1_1_1_1_1_1_1_1_1_1_1_1_1_1_1_1_1_1_1_1_1_1_1_1_1_1_1_1_1_2_1_1_2_6,43395.292239561124,33,755,2022,"{""type"":""Point"",""coordinates"":[0.0,0.0]}"
1_1_1_1_1_1_1_1_1_1_1_1_1_1_1_1_1_1_1_1_1_1_1_1_1_1_1_1_1_1_1_1_2_1_2_0,2725.2605655518755,3,755,2023,"{""type"":""Point"",""coordinates"":[0.0,0.0]}"
1_1_1_1_1_1_1_1_1_1_1_1_1_1_1_1_1_1_1_1_1_1_1_1_1_1_1_1_1_1_1_1_2_1_2_1,1229187.0728596302,4,755,2023,"{""type"":""Point"",""coordinates"":[0.0,0.0]}"
1_1_1_1_1_1_1_1_1_1_1_1_1_1_1_1_1_1_1_1_1_1_1_1_1_1_1_1_1_1_1_1_2_1_2_2,648.893765904182,12,755,2023,"{""type"":""Point"",""coordinates"":[0.0,0.0]}"
1_1_1_1_1_1_1_1_1_1_1_1_1_1_1_1_1_1_1_1_1_1_1_1_1_1_1_1_1_1_1_1_2_1_2_3,620534.4569767483,21,755,2023,"{""type"":""Point"",""coordinates"":[0.0,0.0]}"
1_1_1_1_1_1_1_1_1_1_1_1_1_1_1_1_1_1_1_1_1_1_1_1_1_1_1_1_1_1_1_1_2_1_2_4,13879.252606004286,22,755,2023,"{""type"":""Point"",""coordinates"":[0.0,0.0]}"
1_1_1_1_1_1_1_1_1_1_1_1_1_1_1_1_1_1_1_1_1_1_1_1_1_1_1_1_1_1_1_1_2_1_2_5,793.949176197294,29,755,2023,"{""type"":""Point"",""coordinates"":[0.0,0.0]}"
1_1_1_1_1_1_1_1_1_1_1_1_1_1_1_1_1_1_1_1_1_1_1_1_1_1_1_1_1_1_1_1_2_1_2_6,46700.63725221171,33,755,2023,"{""type"":""Point"",""coordinates"":[0.0,0.0]}"
1_1_1_1_1_1_1_1_1_1_1_1_1_1_1_1_1_1_1_1_1_1_1_1_1_1_1_1_1_1_1_1_2_2_0,4841.092583017635,3,755,2024,"{""type"":""Point"",""coordinates"":[0.0,0.0]}"
1_1_1_1_1_1_1_1_1_1_1_1_1_1_1_1_1_1_1_1_1_1_1_1_1_1_1_1_1_1_1_1_2_2_1,1184091.7411662908,4,755,2024,"{""type"":""Point"",""coordinates"":[0.0,0.0]}"
1_1_1_1_1_1_1_1_1_1_1_1_1_1_1_1_1_1_1_1_1_1_1_1_1_1_1_1_1_1_1_1_2_2_2,14.25212117232977,12,755,2024,"{""type"":""Point"",""coordinates"":[0.0,0.0]}"
1_1_1_1_1_1_1_1_1_1_1_1_1_1_1_1_1_1_1_1_1_1_1_1_1_1_1_1_1_1_1_1_2_2_3,660591.1627495347,21,755,2024,"{""type"":""Point"",""coordinates"":[0.0,0.0]}"
1_1_1_1_1_1_1_1_1_1_1_1_1_1_1_1_1_1_1_1_1_1_1_1_1_1_1_1_1_1_1_1_2_2_4,12494.057385195438,22,755,2024,"{""type"":""Point"",""coordinates"":[0.0,0.0]}"
1_1_1_1_1_1_1_1_1_1_1_1_1_1_1_1_1_1_1_1_1_1_1_1_1_1_1_1_1_1_1_1_2_2_5,69.05622348029641,29,755,2024,"{""type"":""Point"",""coordinates"":[0.0,0.0]}"
1_1_1_1_1_1_1_1_1_1_1_1_1_1_1_1_1_1_1_1_1_1_1_1_1_1_1_1_1_1_1_1_2_2_6,52368.16097367449,33,755,2024,"{""type"":""Point"",""coordinates"":[0.0,0.0]}"
1_1_1_1_1_1_1_1_1_1_1_1_1_1_1_1_1_1_1_1_1_1_1_1_1_1_1_1_1_1_1_2_1_1_1_1_1_1_1_1_2_0,2913.2914470136147,3,7617,2016,"{""type"":""Point"",""coordinates"":[0.0,0.0]}"
1_1_1_1_1_1_1_1_1_1_1_1_1_1_1_1_1_1_1_1_1_1_1_1_1_1_1_1_1_1_1_2_1_1_1_1_1_1_1_1_2_1,1424867.7570339292,4,7617,2016,"{""type"":""Point"",""coordinates"":[0.0,0.0]}"
1_1_1_1_1_1_1_1_1_1_1_1_1_1_1_1_1_1_1_1_1_1_1_1_1_1_1_1_1_1_1_2_1_1_1_1_1_1_1_1_2_2,87.60891187772863,12,7617,2016,"{""type"":""Point"",""coordinates"":[0.0,0.0]}"
1_1_1_1_1_1_1_1_1_1_1_1_1_1_1_1_1_1_1_1_1_1_1_1_1_1_1_1_1_1_1_2_1_1_1_1_1_1_1_1_2_3,492230.2057942817,21,7617,2016,"{""type"":""Point"",""coordinates"":[0.0,0.0]}"
1_1_1_1_1_1_1_1_1_1_1_1_1_1_1_1_1_1_1_1_1_1_1_1_1_1_1_1_1_1_1_2_1_1_1_1_1_1_1_1_2_4,10251.116160244474,22,7617,2016,"{""type"":""Point"",""coordinates"":[0.0,0.0]}"
1_1_1_1_1_1_1_1_1_1_1_1_1_1_1_1_1_1_1_1_1_1_1_1_1_1_1_1_1_1_1_2_1_1_1_1_1_1_1_1_2_5,2643.932018597358,29,7617,2016,"{""type"":""Point"",""coordinates"":[0.0,0.0]}"
1_1_1_1_1_1_1_1_1_1_1_1_1_1_1_1_1_1_1_1_1_1_1_1_1_1_1_1_1_1_1_2_1_1_1_1_1_1_1_1_2_6,204419.4090611715,33,7617,2016,"{""type"":""Point"",""coordinates"":[0.0,0.0]}"
1_1_1_1_1_1_1_1_1_1_1_1_1_1_1_1_1_1_1_1_1_1_1_1_1_1_1_1_1_1_1_2_1_1_1_1_1_1_1_2_0,1806.3003676955518,3,7617,2017,"{""type"":""Point"",""coordinates"":[0.0,0.0]}"
1_1_1_1_1_1_1_1_1_1_1_1_1_1_1_1_1_1_1_1_1_1_1_1_1_1_1_1_1_1_1_2_1_1_1_1_1_1_1_2_1,1428157.878881305,4,7617,2017,"{""type"":""Point"",""coordinates"":[0.0,0.0]}"
1_1_1_1_1_1_1_1_1_1_1_1_1_1_1_1_1_1_1_1_1_1_1_1_1_1_1_1_1_1_1_2_1_1_1_1_1_1_1_2_2,674.4977257845294,12,7617,2017,"{""type"":""Point"",""coordinates"":[0.0,0.0]}"
1_1_1_1_1_1_1_1_1_1_1_1_1_1_1_1_1_1_1_1_1_1_1_1_1_1_1_1_1_1_1_2_1_1_1_1_1_1_1_2_3,514544.7444261808,21,7617,2017,"{""type"":""Point"",""coordinates"":[0.0,0.0]}"
1_1_1_1_1_1_1_1_1_1_1_1_1_1_1_1_1_1_1_1_1_1_1_1_1_1_1_1_1_1_1_2_1_1_1_1_1_1_1_2_4,12564.043415791954,22,7617,2017,"{""type"":""Point"",""coordinates"":[0.0,0.0]}"
1_1_1_1_1_1_1_1_1_1_1_1_1_1_1_1_1_1_1_1_1_1_1_1_1_1_1_1_1_1_1_2_1_1_1_1_1_1_1_2_5,799.0805760925294,29,7617,2017,"{""type"":""Point"",""coordinates"":[0.0,0.0]}"
1_1_1_1_1_1_1_1_1_1_1_1_1_1_1_1_1_1_1_1_1_1_1_1_1_1_1_1_1_1_1_2_1_1_1_1_1_1_1_2_6,178866.77503429516,33,7617,2017,"{""type"":""Point"",""coordinates"":[0.0,0.0]}"
1_1_1_1_1_1_1_1_1_1_1_1_1_1_1_1_1_1_1_1_1_1_1_1_1_1_1_1_1_1_1_2_1_1_1_1_1_1_2_0,3842.756848144068,3,7617,2018,"{""type"":""Point"",""coordinates"":[0.0,0.0]}"
1_1_1_1_1_1_1_1_1_1_1_1_1_1_1_1_1_1_1_1_1_1_1_1_1_1_1_1_1_1_1_2_1_1_1_1_1_1_2_1,1453915.8313555322,4,7617,2018,"{""type"":""Point"",""coordinates"":[0.0,0.0]}"
1_1_1_1_1_1_1_1_1_1_1_1_1_1_1_1_1_1_1_1_1_1_1_1_1_1_1_1_1_1_1_2_1_1_1_1_1_1_2_2,460.5356378145102,12,7617,2018,"{""type"":""Point"",""coordinates"":[0.0,0.0]}"
1_1_1_1_1_1_1_1_1_1_1_1_1_1_1_1_1_1_1_1_1_1_1_1_1_1_1_1_1_1_1_2_1_1_1_1_1_1_2_3,446682.71812871634,21,7617,2018,"{""type"":""Point"",""coordinates"":[0.0,0.0]}"
1_1_1_1_1_1_1_1_1_1_1_1_1_1_1_1_1_1_1_1_1_1_1_1_1_1_1_1_1_1_1_2_1_1_1_1_1_1_2_4,12349.122029220753,22,7617,2018,"{""type"":""Point"",""coordinates"":[0.0,0.0]}"
1_1_1_1_1_1_1_1_1_1_1_1_1_1_1_1_1_1_1_1_1_1_1_1_1_1_1_1_1_1_1_2_1_1_1_1_1_1_2_5,1062.9551674011211,29,7617,2018,"{""type"":""Point"",""coordinates"":[0.0,0.0]}"
1_1_1_1_1_1_1_1_1_1_1_1_1_1_1_1_1_1_1_1_1_1_1_1_1_1_1_1_1_1_1_2_1_1_1_1_1_1_2_6,219099.40126038677,33,7617,2018,"{""type"":""Point"",""coordinates"":[0.0,0.0]}"
1_1_1_1_1_1_1_1_1_1_1_1_1_1_1_1_1_1_1_1_1_1_1_1_1_1_1_1_1_1_1_2_1_1_1_1_1_2_0,6246.291932180531,3,7617,2019,"{""type"":""Point"",""coordinates"":[0.0,0.0]}"
1_1_1_1_1_1_1_1_1_1_1_1_1_1_1_1_1_1_1_1_1_1_1_1_1_1_1_1_1_1_1_2_1_1_1_1_1_2_1,1447962.9178992189,4,7617,2019,"{""type"":""Point"",""coordinates"":[0.0,0.0]}"
1_1_1_1_1_1_1_1_1_1_1_1_1_1_1_1_1_1_1_1_1_1_1_1_1_1_1_1_1_1_1_2_1_1_1_1_1_2_2,514.5065958720368,12,7617,2019,"{""type"":""Point"",""coordinates"":[0.0,0.0]}"
1_1_1_1_1_1_1_1_1_1_1_1_1_1_1_1_1_1_1_1_1_1_1_1_1_1_1_1_1_1_1_2_1_1_1_1_1_2_3,416261.1773514733,21,7617,2019,"{""type"":""Point"",""coordinates"":[0.0,0.0]}"
1_1_1_1_1_1_1_1_1_1_1_1_1_1_1_1_1_1_1_1_1_1_1_1_1_1_1_1_1_1_1_2_1_1_1_1_1_2_4,24432.682292835296,22,7617,2019,"{""type"":""Point"",""coordinates"":[0.0,0.0]}"
1_1_1_1_1_1_1_1_1_1_1_1_1_1_1_1_1_1_1_1_1_1_1_1_1_1_1_1_1_1_1_2_1_1_1_1_1_2_5,1754.0634264160108,29,7617,2019,"{""type"":""Point"",""coordinates"":[0.0,0.0]}"
1_1_1_1_1_1_1_1_1_1_1_1_1_1_1_1_1_1_1_1_1_1_1_1_1_1_1_1_1_1_1_2_1_1_1_1_1_2_6,240241.68092925477,33,7617,2019,"{""type"":""Point"",""coordinates"":[0.0,0.0]}"
1_1_1_1_1_1_1_1_1_1_1_1_1_1_1_1_1_1_1_1_1_1_1_1_1_1_1_1_1_1_1_2_1_1_1_1_2_0,2151.343177776071,3,7617,2020,"{""type"":""Point"",""coordinates"":[0.0,0.0]}"
1_1_1_1_1_1_1_1_1_1_1_1_1_1_1_1_1_1_1_1_1_1_1_1_1_1_1_1_1_1_1_2_1_1_1_1_2_1,1474538.8149272625,4,7617,2020,"{""type"":""Point"",""coordinates"":[0.0,0.0]}"
1_1_1_1_1_1_1_1_1_1_1_1_1_1_1_1_1_1_1_1_1_1_1_1_1_1_1_1_1_1_1_2_1_1_1_1_2_2,49.534400109145224,12,7617,2020,"{""type"":""Point"",""coordinates"":[0.0,0.0]}"
1_1_1_1_1_1_1_1_1_1_1_1_1_1_1_1_1_1_1_1_1_1_1_1_1_1_1_1_1_1_1_2_1_1_1_1_2_3,367187.00604601635,21,7617,2020,"{""type"":""Point"",""coordinates"":[0.0,0.0]}"
1_1_1_1_1_1_1_1_1_1_1_1_1_1_1_1_1_1_1_1_1_1_1_1_1_1_1_1_1_1_1_2_1_1_1_1_2_4,15892.897702022832,22,7617,2020,"{""type"":""Point"",""coordinates"":[0.0,0.0]}"
1_1_1_1_1_1_1_1_1_1_1_1_1_1_1_1_1_1_1_1_1_1_1_1_1_1_1_1_1_1_1_2_1_1_1_1_2_5,402.4506415832519,29,7617,2020,"{""type"":""Point"",""coordinates"":[0.0,0.0]}"
1_1_1_1_1_1_1_1_1_1_1_1_1_1_1_1_1_1_1_1_1_1_1_1_1_1_1_1_1_1_1_2_1_1_1_1_2_6,277191.2735324985,33,7617,2020,"{""type"":""Point"",""coordinates"":[0.0,0.0]}"
1_1_1_1_1_1_1_1_1_1_1_1_1_1_1_1_1_1_1_1_1_1_1_1_1_1_1_1_1_1_1_2_1_1_1_2_0,3119.9447717393377,3,7617,2021,"{""type"":""Point"",""coordinates"":[0.0,0.0]}"
1_1_1_1_1_1_1_1_1_1_1_1_1_1_1_1_1_1_1_1_1_1_1_1_1_1_1_1_1_1_1_2_1_1_1_2_1,1480072.8200960152,4,7617,2021,"{""type"":""Point"",""coordinates"":[0.0,0.0]}"
1_1_1_1_1_1_1_1_1_1_1_1_1_1_1_1_1_1_1_1_1_1_1_1_1_1_1_1_1_1_1_2_1_1_1_2_2,385.79683270591613,12,7617,2021,"{""type"":""Point"",""coordinates"":[0.0,0.0]}"
1_1_1_1_1_1_1_1_1_1_1_1_1_1_1_1_1_1_1_1_1_1_1_1_1_1_1_1_1_1_1_2_1_1_1_2_3,370535.0550017151,21,7617,2021,"{""type"":""Point"",""coordinates"":[0.0,0.0]}"
1_1_1_1_1_1_1_1_1_1_1_1_1_1_1_1_1_1_1_1_1_1_1_1_1_1_1_1_1_1_1_2_1_1_1_2_4,7839.872032093883,22,7617,2021,"{""type"":""Point"",""coordinates"":[0.0,0.0]}"
1_1_1_1_1_1_1_1_1_1_1_1_1_1_1_1_1_1_1_1_1_1_1_1_1_1_1_1_1_1_1_2_1_1_1_2_5,926.1240930847162,29,7617,2021,"{""type"":""Point"",""coordinates"":[0.0,0.0]}"
1_1_1_1_1_1_1_1_1_1_1_1_1_1_1_1_1_1_1_1_1_1_1_1_1_1_1_1_1_1_1_2_1_1_1_2_6,274533.7075999241,33,7617,2021,"{""type"":""Point"",""coordinates"":[0.0,0.0]}"
1_1_1_1_1_1_1_1_1_1_1_1_1_1_1_1_1_1_1_1_1_1_1_1_1_1_1_1_1_1_1_2_1_1_2_0,3434.713427274126,3,7617,2022,"{""type"":""Point"",""coordinates"":[0.0,0.0]}"
1_1_1_1_1_1_1_1_1_1_1_1_1_1_1_1_1_1_1_1_1_1_1_1_1_1_1_1_1_1_1_2_1_1_2_1,1513752.7966608715,4,7617,2022,"{""type"":""Point"",""coordinates"":[0.0,0.0]}"
1_1_1_1_1_1_1_1_1_1_1_1_1_1_1_1_1_1_1_1_1_1_1_1_1_1_1_1_1_1_1_2_1_1_2_2,360.64090852122547,12,7617,2022,"{""type"":""Point"",""coordinates"":[0.0,0.0]}"
1_1_1_1_1_1_1_1_1_1_1_1_1_1_1_1_1_1_1_1_1_1_1_1_1_1_1_1_1_1_1_2_1_1_2_3,304158.905967647,21,7617,2022,"{""type"":""Point"",""coordinates"":[0.0,0.0]}"
1_1_1_1_1_1_1_1_1_1_1_1_1_1_1_1_1_1_1_1_1_1_1_1_1_1_1_1_1_1_1_2_1_1_2_4,6395.725725691123,22,7617,2022,"{""type"":""Point"",""coordinates"":[0.0,0.0]}"
1_1_1_1_1_1_1_1_1_1_1_1_1_1_1_1_1_1_1_1_1_1_1_1_1_1_1_1_1_1_1_2_1_1_2_5,938.9453260635848,29,7617,2022,"{""type"":""Point"",""coordinates"":[0.0,0.0]}"
1_1_1_1_1_1_1_1_1_1_1_1_1_1_1_1_1_1_1_1_1_1_1_1_1_1_1_1_1_1_1_2_1_1_2_6,308371.59241130773,33,7617,2022,"{""type"":""Point"",""coordinates"":[0.0,0.0]}"
1_1_1_1_1_1_1_1_1_1_1_1_1_1_1_1_1_1_1_1_1_1_1_1_1_1_1_1_1_1_1_2_1_2_0,5008.175033323676,3,7617,2023,"{""type"":""Point"",""coordinates"":[0.0,0.0]}"
1_1_1_1_1_1_1_1_1_1_1_1_1_1_1_1_1_1_1_1_1_1_1_1_1_1_1_1_1_1_1_2_1_2_1,1537907.7800193336,4,7617,2023,"{""type"":""Point"",""coordinates"":[0.0,0.0]}"
1_1_1_1_1_1_1_1_1_1_1_1_1_1_1_1_1_1_1_1_1_1_1_1_1_1_1_1_1_1_1_2_1_2_2,178.7533076728371,12,7617,2023,"{""type"":""Point"",""coordinates"":[0.0,0.0]}"
1_1_1_1_1_1_1_1_1_1_1_1_1_1_1_1_1_1_1_1_1_1_1_1_1_1_1_1_1_1_1_2_1_2_3,298530.17972310836,21,7617,2023,"{""type"":""Point"",""coordinates"":[0.0,0.0]}"
1_1_1_1_1_1_1_1_1_1_1_1_1_1_1_1_1_1_1_1_1_1_1_1_1_1_1_1_1_1_1_2_1_2_4,3466.3226045131155,22,7617,2023,"{""type"":""Point"",""coordinates"":[0.0,0.0]}"
1_1_1_1_1_1_1_1_1_1_1_1_1_1_1_1_1_1_1_1_1_1_1_1_1_1_1_1_1_1_1_2_1_2_5,2285.251178493772,29,7617,2023,"{""type"":""Point"",""coordinates"":[0.0,0.0]}"
1_1_1_1_1_1_1_1_1_1_1_1_1_1_1_1_1_1_1_1_1_1_1_1_1_1_1_1_1_1_1_2_1_2_6,290036.8585608667,33,7617,2023,"{""type"":""Point"",""coordinates"":[0.0,0.0]}"
1_1_1_1_1_1_1_1_1_1_1_1_1_1_1_1_1_1_1_1_1_1_1_1_1_1_1_1_1_1_1_2_2_0,9760.887155765635,3,7617,2024,"{""type"":""Point"",""coordinates"":[0.0,0.0]}"
1_1_1_1_1_1_1_1_1_1_1_1_1_1_1_1_1_1_1_1_1_1_1_1_1_1_1_1_1_1_1_2_2_1,1530775.5045118812,4,7617,2024,"{""type"":""Point"",""coordinates"":[0.0,0.0]}"
1_1_1_1_1_1_1_1_1_1_1_1_1_1_1_1_1_1_1_1_1_1_1_1_1_1_1_1_1_1_1_2_2_2,57.94035623168944,12,7617,2024,"{""type"":""Point"",""coordinates"":[0.0,0.0]}"
1_1_1_1_1_1_1_1_1_1_1_1_1_1_1_1_1_1_1_1_1_1_1_1_1_1_1_1_1_1_1_2_2_3,301466.4816565902,21,7617,2024,"{""type"":""Point"",""coordinates"":[0.0,0.0]}"
1_1_1_1_1_1_1_1_1_1_1_1_1_1_1_1_1_1_1_1_1_1_1_1_1_1_1_1_1_1_1_2_2_4,4636.176212969561,22,7617,2024,"{""type"":""Point"",""coordinates"":[0.0,0.0]}"
1_1_1_1_1_1_1_1_1_1_1_1_1_1_1_1_1_1_1_1_1_1_1_1_1_1_1_1_1_1_1_2_2_5,392.85203305889064,29,7617,2024,"{""type"":""Point"",""coordinates"":[0.0,0.0]}"
1_1_1_1_1_1_1_1_1_1_1_1_1_1_1_1_1_1_1_1_1_1_1_1_1_1_1_1_1_1_1_2_2_6,290323.4785009259,33,7617,2024,"{""type"":""Point"",""coordinates"":[0.0,0.0]}"
1_1_1_1_1_1_1_1_1_1_1_1_1_1_1_1_1_1_1_1_1_1_1_1_1_1_1_1_1_1_2_1_1_1_1_1_1_1_1_2_0,1529.6521032809346,3,7564,2016,"{""type"":""Point"",""coordinates"":[0.0,0.0]}"
1_1_1_1_1_1_1_1_1_1_1_1_1_1_1_1_1_1_1_1_1_1_1_1_1_1_1_1_1_1_2_1_1_1_1_1_1_1_1_2_1,1653814.2218699001,4,7564,2016,"{""type"":""Point"",""coordinates"":[0.0,0.0]}"
1_1_1_1_1_1_1_1_1_1_1_1_1_1_1_1_1_1_1_1_1_1_1_1_1_1_1_1_1_1_2_1_1_1_1_1_1_1_1_2_2,65.74500576171874,12,7564,2016,"{""type"":""Point"",""coordinates"":[0.0,0.0]}"
1_1_1_1_1_1_1_1_1_1_1_1_1_1_1_1_1_1_1_1_1_1_1_1_1_1_1_1_1_1_2_1_1_1_1_1_1_1_1_2_3,475466.11674466473,21,7564,2016,"{""type"":""Point"",""coordinates"":[0.0,0.0]}"
1_1_1_1_1_1_1_1_1_1_1_1_1_1_1_1_1_1_1_1_1_1_1_1_1_1_1_1_1_1_2_1_1_1_1_1_1_1_1_2_4,186.53858249080884,22,7564,2016,"{""type"":""Point"",""coordinates"":[0.0,0.0]}"
1_1_1_1_1_1_1_1_1_1_1_1_1_1_1_1_1_1_1_1_1_1_1_1_1_1_1_1_1_1_2_1_1_1_1_1_1_1_1_2_5,14.561171502685545,29,7564,2016,"{""type"":""Point"",""coordinates"":[0.0,0.0]}"
1_1_1_1_1_1_1_1_1_1_1_1_1_1_1_1_1_1_1_1_1_1_1_1_1_1_1_1_1_1_2_1_1_1_1_1_1_1_1_2_6,7876.772555828958,33,7564,2016,"{""type"":""Point"",""coordinates"":[0.0,0.0]}"
1_1_1_1_1_1_1_1_1_1_1_1_1_1_1_1_1_1_1_1_1_1_1_1_1_1_1_1_1_1_2_1_1_1_1_1_1_1_2_0,940.8791436621568,3,7564,2017,"{""type"":""Point"",""coordinates"":[0.0,0.0]}"
1_1_1_1_1_1_1_1_1_1_1_1_1_1_1_1_1_1_1_1_1_1_1_1_1_1_1_1_1_1_2_1_1_1_1_1_1_1_2_1,1673937.4546551218,4,7564,2017,"{""type"":""Point"",""coordinates"":[0.0,0.0]}"
1_1_1_1_1_1_1_1_1_1_1_1_1_1_1_1_1_1_1_1_1_1_1_1_1_1_1_1_1_1_2_1_1_1_1_1_1_1_2_2,0.7096582153320312,12,7564,2017,"{""type"":""Point"",""coordinates"":[0.0,0.0]}"
1_1_1_1_1_1_1_1_1_1_1_1_1_1_1_1_1_1_1_1_1_1_1_1_1_1_1_1_1_1_2_1_1_1_1_1_1_1_2_3,454274.0334333319,21,7564,2017,"{""type"":""Point"",""coordinates"":[0.0,0.0]}"
1_1_1_1_1_1_1_1_1_1_1_1_1_1_1_1_1_1_1_1_1_1_1_1_1_1_1_1_1_1_2_1_1_1_1_1_1_1_2_4,1165.3982988098142,22,7564,2017,"{""type"":""Point"",""coordinates"":[0.0,0.0]}"
1_1_1_1_1_1_1_1_1_1_1_1_1_1_1_1_1_1_1_1_1_1_1_1_1_1_1_1_1_1_2_1_1_1_1_1_1_1_2_5,337.5920669677733,29,7564,2017,"{""type"":""Point"",""coordinates"":[0.0,0.0]}"
1_1_1_1_1_1_1_1_1_1_1_1_1_1_1_1_1_1_1_1_1_1_1_1_1_1_1_1_1_1_2_1_1_1_1_1_1_1_2_6,8297.540777319433,33,7564,2017,"{""type"":""Point"",""coordinates"":[0.0,0.0]}"
1_1_1_1_1_1_1_1_1_1_1_1_1_1_1_1_1_1_1_1_1_1_1_1_1_1_1_1_1_1_2_1_1_1_1_1_1_2_0,315.420604575267,3,7564,2018,"{""type"":""Point"",""coordinates"":[0.0,0.0]}"
1_1_1_1_1_1_1_1_1_1_1_1_1_1_1_1_1_1_1_1_1_1_1_1_1_1_1_1_1_1_2_1_1_1_1_1_1_2_1,1638542.3822863516,4,7564,2018,"{""type"":""Point"",""coordinates"":[0.0,0.0]}"
1_1_1_1_1_1_1_1_1_1_1_1_1_1_1_1_1_1_1_1_1_1_1_1_1_1_1_1_1_1_2_1_1_1_1_1_1_2_2,115.26121459960943,12,7564,2018,"{""type"":""Point"",""coordinates"":[0.0,0.0]}"
1_1_1_1_1_1_1_1_1_1_1_1_1_1_1_1_1_1_1_1_1_1_1_1_1_1_1_1_1_1_2_1_1_1_1_1_1_2_3,486753.2861003436,21,7564,2018,"{""type"":""Point"",""coordinates"":[0.0,0.0]}"
1_1_1_1_1_1_1_1_1_1_1_1_1_1_1_1_1_1_1_1_1_1_1_1_1_1_1_1_1_1_2_1_1_1_1_1_1_2_4,456.9936340369369,22,7564,2018,"{""type"":""Point"",""coordinates"":[0.0,0.0]}"
1_1_1_1_1_1_1_1_1_1_1_1_1_1_1_1_1_1_1_1_1_1_1_1_1_1_1_1_1_1_2_1_1_1_1_1_1_2_5,545.3919544372559,29,7564,2018,"{""type"":""Point"",""coordinates"":[0.0,0.0]}"
1_1_1_1_1_1_1_1_1_1_1_1_1_1_1_1_1_1_1_1_1_1_1_1_1_1_1_1_1_1_2_1_1_1_1_1_1_2_6,12224.872239062535,33,7564,2018,"{""type"":""Point"",""coordinates"":[0.0,0.0]}"
1_1_1_1_1_1_1_1_1_1_1_1_1_1_1_1_1_1_1_1_1_1_1_1_1_1_1_1_1_1_2_1_1_1_1_1_2_0,576.2044946441771,3,7564,2019,"{""type"":""Point"",""coordinates"":[0.0,0.0]}"
1_1_1_1_1_1_1_1_1_1_1_1_1_1_1_1_1_1_1_1_1_1_1_1_1_1_1_1_1_1_2_1_1_1_1_1_2_1,1618609.1564377786,4,7564,2019,"{""type"":""Point"",""coordinates"":[0.0,0.0]}"
1_1_1_1_1_1_1_1_1_1_1_1_1_1_1_1_1_1_1_1_1_1_1_1_1_1_1_1_1_1_2_1_1_1_1_1_2_2,3.373130407714844,12,7564,2019,"{""type"":""Point"",""coordinates"":[0.0,0.0]}"
1_1_1_1_1_1_1_1_1_1_1_1_1_1_1_1_1_1_1_1_1_1_1_1_1_1_1_1_1_1_2_1_1_1_1_1_2_3,501481.1440636389,21,7564,2019,"{""type"":""Point"",""coordinates"":[0.0,0.0]}"
1_1_1_1_1_1_1_1_1_1_1_1_1_1_1_1_1_1_1_1_1_1_1_1_1_1_1_1_1_1_2_1_1_1_1_1_2_4,428.92726340942363,22,7564,2019,"{""type"":""Point"",""coordinates"":[0.0,0.0]}"
1_1_1_1_1_1_1_1_1_1_1_1_1_1_1_1_1_1_1_1_1_1_1_1_1_1_1_1_1_1_2_1_1_1_1_1_2_5,219.5928164916993,29,7564,2019,"{""type"":""Point"",""coordinates"":[0.0,0.0]}"
1_1_1_1_1_1_1_1_1_1_1_1_1_1_1_1_1_1_1_1_1_1_1_1_1_1_1_1_1_1_2_1_1_1_1_1_2_6,17635.209827045142,33,7564,2019,"{""type"":""Point"",""coordinates"":[0.0,0.0]}"
1_1_1_1_1_1_1_1_1_1_1_1_1_1_1_1_1_1_1_1_1_1_1_1_1_1_1_1_1_1_2_1_1_1_1_2_0,5690.928773901185,3,7564,2020,"{""type"":""Point"",""coordinates"":[0.0,0.0]}"
1_1_1_1_1_1_1_1_1_1_1_1_1_1_1_1_1_1_1_1_1_1_1_1_1_1_1_1_1_1_2_1_1_1_1_2_1,1589166.3257337888,4,7564,2020,"{""type"":""Point"",""coordinates"":[0.0,0.0]}"
1_1_1_1_1_1_1_1_1_1_1_1_1_1_1_1_1_1_1_1_1_1_1_1_1_1_1_1_1_1_2_1_1_1_1_2_2,32.57219498901367,12,7564,2020,"{""type"":""Point"",""coordinates"":[0.0,0.0]}"
1_1_1_1_1_1_1_1_1_1_1_1_1_1_1_1_1_1_1_1_1_1_1_1_1_1_1_1_1_1_2_1_1_1_1_2_3,517295.04317050794,21,7564,2020,"{""type"":""Point"",""coordinates"":[0.0,0.0]}"
1_1_1_1_1_1_1_1_1_1_1_1_1_1_1_1_1_1_1_1_1_1_1_1_1_1_1_1_1_1_2_1_1_1_1_2_4,115.2963573299393,22,7564,2020,"{""type"":""Point"",""coordinates"":[0.0,0.0]}"
1_1_1_1_1_1_1_1_1_1_1_1_1_1_1_1_1_1_1_1_1_1_1_1_1_1_1_1_1_1_2_1_1_1_1_2_5,526.3216412153412,29,7564,2020,"{""type"":""Point"",""coordinates"":[0.0,0.0]}"
1_1_1_1_1_1_1_1_1_1_1_1_1_1_1_1_1_1_1_1_1_1_1_1_1_1_1_1_1_1_2_1_1_1_1_2_6,26127.120161688705,33,7564,2020,"{""type"":""Point"",""coordinates"":[0.0,0.0]}"
1_1_1_1_1_1_1_1_1_1_1_1_1_1_1_1_1_1_1_1_1_1_1_1_1_1_1_1_1_1_2_1_1_1_2_0,2054.9982888490977,3,7564,2021,"{""type"":""Point"",""coordinates"":[0.0,0.0]}"
1_1_1_1_1_1_1_1_1_1_1_1_1_1_1_1_1_1_1_1_1_1_1_1_1_1_1_1_1_1_2_1_1_1_2_1,1587113.800741792,4,7564,2021,"{""type"":""Point"",""coordinates"":[0.0,0.0]}"
1_1_1_1_1_1_1_1_1_1_1_1_1_1_1_1_1_1_1_1_1_1_1_1_1_1_1_1_1_1_2_1_1_1_2_2,64.34060255081476,12,7564,2021,"{""type"":""Point"",""coordinates"":[0.0,0.0]}"
1_1_1_1_1_1_1_1_1_1_1_1_1_1_1_1_1_1_1_1_1_1_1_1_1_1_1_1_1_1_2_1_1_1_2_3,523869.9919187829,21,7564,2021,"{""type"":""Point"",""coordinates"":[0.0,0.0]}"
1_1_1_1_1_1_1_1_1_1_1_1_1_1_1_1_1_1_1_1_1_1_1_1_1_1_1_1_1_1_2_1_1_1_2_4,376.31531699359977,22,7564,2021,"{""type"":""Point"",""coordinates"":[0.0,0.0]}"
1_1_1_1_1_1_1_1_1_1_1_1_1_1_1_1_1_1_1_1_1_1_1_1_1_1_1_1_1_1_2_1_1_1_2_5,206.33761527709964,29,7564,2021,"{""type"":""Point"",""coordinates"":[0.0,0.0]}"
1_1_1_1_1_1_1_1_1_1_1_1_1_1_1_1_1_1_1_1_1_1_1_1_1_1_1_1_1_1_2_1_1_1_2_6,25267.8235491463,33,7564,2021,"{""type"":""Point"",""coordinates"":[0.0,0.0]}"
1_1_1_1_1_1_1_1_1_1_1_1_1_1_1_1_1_1_1_1_1_1_1_1_1_1_1_1_1_1_2_1_1_2_0,3740.4623212359193,3,7564,2022,"{""type"":""Point"",""coordinates"":[0.0,0.0]}"
1_1_1_1_1_1_1_1_1_1_1_1_1_1_1_1_1_1_1_1_1_1_1_1_1_1_1_1_1_1_2_1_1_2_1,1528527.387785424,4,7564,2022,"{""type"":""Point"",""coordinates"":[0.0,0.0]}"
1_1_1_1_1_1_1_1_1_1_1_1_1_1_1_1_1_1_1_1_1_1_1_1_1_1_1_1_1_1_2_1_1_2_2,20.435969204173368,12,7564,2022,"{""type"":""Point"",""coordinates"":[0.0,0.0]}"
1_1_1_1_1_1_1_1_1_1_1_1_1_1_1_1_1_1_1_1_1_1_1_1_1_1_1_1_1_1_2_1_1_2_3,580872.6854859779,21,7564,2022,"{""type"":""Point"",""coordinates"":[0.0,0.0]}"
1_1_1_1_1_1_1_1_1_1_1_1_1_1_1_1_1_1_1_1_1_1_1_1_1_1_1_1_1_1_2_1_1_2_4,314.4801734784536,22,7564,2022,"{""type"":""Point"",""coordinates"":[0.0,0.0]}"
1_1_1_1_1_1_1_1_1_1_1_1_1_1_1_1_1_1_1_1_1_1_1_1_1_1_1_1_1_1_2_1_1_2_5,301.93417390280314,29,7564,2022,"{""type"":""Point"",""coordinates"":[0.0,0.0]}"
1_1_1_1_1_1_1_1_1_1_1_1_1_1_1_1_1_1_1_1_1_1_1_1_1_1_1_1_1_1_2_1_1_2_6,25176.222124205604,33,7564,2022,"{""type"":""Point"",""coordinates"":[0.0,0.0]}"
1_1_1_1_1_1_1_1_1_1_1_1_1_1_1_1_1_1_1_1_1_1_1_1_1_1_1_1_1_1_2_1_2_0,2240.6896772646364,3,7564,2023,"{""type"":""Point"",""coordinates"":[0.0,0.0]}"
1_1_1_1_1_1_1_1_1_1_1_1_1_1_1_1_1_1_1_1_1_1_1_1_1_1_1_1_1_1_2_1_2_1,1507790.9538662657,4,7564,2023,"{""type"":""Point"",""coordinates"":[0.0,0.0]}"
1_1_1_1_1_1_1_1_1_1_1_1_1_1_1_1_1_1_1_1_1_1_1_1_1_1_1_1_1_1_2_1_2_2,15.481640341844743,12,7564,2023,"{""type"":""Point"",""coordinates"":[0.0,0.0]}"
1_1_1_1_1_1_1_1_1_1_1_1_1_1_1_1_1_1_1_1_1_1_1_1_1_1_1_1_1_1_2_1_2_3,597633.0046494685,21,7564,2023,"{""type"":""Point"",""coordinates"":[0.0,0.0]}"
1_1_1_1_1_1_1_1_1_1_1_1_1_1_1_1_1_1_1_1_1_1_1_1_1_1_1_1_1_1_2_1_2_4,15.555766445025274,22,7564,2023,"{""type"":""Point"",""coordinates"":[0.0,0.0]}"
1_1_1_1_1_1_1_1_1_1_1_1_1_1_1_1_1_1_1_1_1_1_1_1_1_1_1_1_1_1_2_1_2_5,3039.938083749575,29,7564,2023,"{""type"":""Point"",""coordinates"":[0.0,0.0]}"
1_1_1_1_1_1_1_1_1_1_1_1_1_1_1_1_1_1_1_1_1_1_1_1_1_1_1_1_1_1_2_1_2_6,28217.984349899092,33,7564,2023,"{""type"":""Point"",""coordinates"":[0.0,0.0]}"
1_1_1_1_1_1_1_1_1_1_1_1_1_1_1_1_1_1_1_1_1_1_1_1_1_1_1_1_1_1_2_2_0,3259.79798605347,3,7564,2024,"{""type"":""Point"",""coordinates"":[0.0,0.0]}"
1_1_1_1_1_1_1_1_1_1_1_1_1_1_1_1_1_1_1_1_1_1_1_1_1_1_1_1_1_1_2_2_1,1465165.143808154,4,7564,2024,"{""type"":""Point"",""coordinates"":[0.0,0.0]}"
1_1_1_1_1_1_1_1_1_1_1_1_1_1_1_1_1_1_1_1_1_1_1_1_1_1_1_1_1_1_2_2_2,2.5736196350097655,12,7564,2024,"{""type"":""Point"",""coordinates"":[0.0,0.0]}"
1_1_1_1_1_1_1_1_1_1_1_1_1_1_1_1_1_1_1_1_1_1_1_1_1_1_1_1_1_1_2_2_3,639380.0082686187,21,7564,2024,"{""type"":""Point"",""coordinates"":[0.0,0.0]}"
1_1_1_1_1_1_1_1_1_1_1_1_1_1_1_1_1_1_1_1_1_1_1_1_1_1_1_1_1_1_2_2_4,173.45388047803698,22,7564,2024,"{""type"":""Point"",""coordinates"":[0.0,0.0]}"
1_1_1_1_1_1_1_1_1_1_1_1_1_1_1_1_1_1_1_1_1_1_1_1_1_1_1_1_1_1_2_2_5,4475.116295241716,29,7564,2024,"{""type"":""Point"",""coordinates"":[0.0,0.0]}"
1_1_1_1_1_1_1_1_1_1_1_1_1_1_1_1_1_1_1_1_1_1_1_1_1_1_1_1_1_1_2_2_6,26497.514175212087,33,7564,2024,"{""type"":""Point"",""coordinates"":[0.0,0.0]}"
1_1_1_1_1_1_1_1_1_1_1_1_1_1_1_1_1_1_1_1_1_1_1_1_1_1_1_1_1_2_1_1_1_1_1_1_1_1_2_0,1754.3593013938994,3,761111,2016,"{""type"":""Point"",""coordinates"":[0.0,0.0]}"
1_1_1_1_1_1_1_1_1_1_1_1_1_1_1_1_1_1_1_1_1_1_1_1_1_1_1_1_1_2_1_1_1_1_1_1_1_1_2_1,423122.72448466823,4,761111,2016,"{""type"":""Point"",""coordinates"":[0.0,0.0]}"
1_1_1_1_1_1_1_1_1_1_1_1_1_1_1_1_1_1_1_1_1_1_1_1_1_1_1_1_1_2_1_1_1_1_1_1_1_1_2_2,31.287239678021688,12,761111,2016,"{""type"":""Point"",""coordinates"":[0.0,0.0]}"
1_1_1_1_1_1_1_1_1_1_1_1_1_1_1_1_1_1_1_1_1_1_1_1_1_1_1_1_1_2_1_1_1_1_1_1_1_1_2_3,978705.5683097128,21,761111,2016,"{""type"":""Point"",""coordinates"":[0.0,0.0]}"
1_1_1_1_1_1_1_1_1_1_1_1_1_1_1_1_1_1_1_1_1_1_1_1_1_1_1_1_1_2_1_1_1_1_1_1_1_1_2_4,1500.7556906555092,22,761111,2016,"{""type"":""Point"",""coordinates"":[0.0,0.0]}"
1_1_1_1_1_1_1_1_1_1_1_1_1_1_1_1_1_1_1_1_1_1_1_1_1_1_1_1_1_2_1_1_1_1_1_1_1_1_2_5,4925.042582994542,33,761111,2016,"{""type"":""Point"",""coordinates"":[0.0,0.0]}"
1_1_1_1_1_1_1_1_1_1_1_1_1_1_1_1_1_1_1_1_1_1_1_1_1_1_1_1_1_2_1_1_1_1_1_1_1_2_0,1142.8326973630406,3,761111,2017,"{""type"":""Point"",""coordinates"":[0.0,0.0]}"
1_1_1_1_1_1_1_1_1_1_1_1_1_1_1_1_1_1_1_1_1_1_1_1_1_1_1_1_1_2_1_1_1_1_1_1_1_2_1,426397.672932311,4,761111,2017,"{""type"":""Point"",""coordinates"":[0.0,0.0]}"
1_1_1_1_1_1_1_1_1_1_1_1_1_1_1_1_1_1_1_1_1_1_1_1_1_1_1_1_1_2_1_1_1_1_1_1_1_2_2,30.84680961210372,12,761111,2017,"{""type"":""Point"",""coordinates"":[0.0,0.0]}"
1_1_1_1_1_1_1_1_1_1_1_1_1_1_1_1_1_1_1_1_1_1_1_1_1_1_1_1_1_2_1_1_1_1_1_1_1_2_3,978145.8857934161,21,761111,2017,"{""type"":""Point"",""coordinates"":[0.0,0.0]}"
1_1_1_1_1_1_1_1_1_1_1_1_1_1_1_1_1_1_1_1_1_1_1_1_1_1_1_1_1_2_1_1_1_1_1_1_1_2_4,189.11426281719133,22,761111,2017,"{""type"":""Point"",""coordinates"":[0.0,0.0]}"
1_1_1_1_1_1_1_1_1_1_1_1_1_1_1_1_1_1_1_1_1_1_1_1_1_1_1_1_1_2_1_1_1_1_1_1_1_2_5,0.2644629028320312,29,761111,2017,"{""type"":""Point"",""coordinates"":[0.0,0.0]}"
1_1_1_1_1_1_1_1_1_1_1_1_1_1_1_1_1_1_1_1_1_1_1_1_1_1_1_1_1_2_1_1_1_1_1_1_1_2_6,4133.120650704159,33,761111,2017,"{""type"":""Point"",""coordinates"":[0.0,0.0]}"
1_1_1_1_1_1_1_1_1_1_1_1_1_1_1_1_1_1_1_1_1_1_1_1_1_1_1_1_1_2_1_1_1_1_1_1_2_0,703.6879512247727,3,761111,2018,"{""type"":""Point"",""coordinates"":[0.0,0.0]}"
1_1_1_1_1_1_1_1_1_1_1_1_1_1_1_1_1_1_1_1_1_1_1_1_1_1_1_1_1_2_1_1_1_1_1_1_2_1,471232.0890450465,4,761111,2018,"{""type"":""Point"",""coordinates"":[0.0,0.0]}"
1_1_1_1_1_1_1_1_1_1_1_1_1_1_1_1_1_1_1_1_1_1_1_1_1_1_1_1_1_2_1_1_1_1_1_1_2_2,31.19937938139083,12,761111,2018,"{""type"":""Point"",""coordinates"":[0.0,0.0]}"
1_1_1_1_1_1_1_1_1_1_1_1_1_1_1_1_1_1_1_1_1_1_1_1_1_1_1_1_1_2_1_1_1_1_1_1_2_3,933311.4820730743,21,761111,2018,"{""type"":""Point"",""coordinates"":[0.0,0.0]}"
1_1_1_1_1_1_1_1_1_1_1_1_1_1_1_1_1_1_1_1_1_1_1_1_1_1_1_1_1_2_1_1_1_1_1_1_2_4,252.76837826538093,22,761111,2018,"{""type"":""Point"",""coordinates"":[0.0,0.0]}"
1_1_1_1_1_1_1_1_1_1_1_1_1_1_1_1_1_1_1_1_1_1_1_1_1_1_1_1_1_2_1_1_1_1_1_1_2_5,0.0881531982421875,29,761111,2018,"{""type"":""Point"",""coordinates"":[0.0,0.0]}"
1_1_1_1_1_1_1_1_1_1_1_1_1_1_1_1_1_1_1_1_1_1_1_1_1_1_1_1_1_2_1_1_1_1_1_1_2_6,4508.422629039388,33,761111,2018,"{""type"":""Point"",""coordinates"":[0.0,0.0]}"
1_1_1_1_1_1_1_1_1_1_1_1_1_1_1_1_1_1_1_1_1_1_1_1_1_1_1_1_1_2_1_1_1_1_1_2_0,3753.701575549077,3,761111,2019,"{""type"":""Point"",""coordinates"":[0.0,0.0]}"
1_1_1_1_1_1_1_1_1_1_1_1_1_1_1_1_1_1_1_1_1_1_1_1_1_1_1_1_1_2_1_1_1_1_1_2_1,466682.3825636564,4,761111,2019,"{""type"":""Point"",""coordinates"":[0.0,0.0]}"
1_1_1_1_1_1_1_1_1_1_1_1_1_1_1_1_1_1_1_1_1_1_1_1_1_1_1_1_1_2_1_1_1_1_1_2_2,38.72127645565266,12,761111,2019,"{""type"":""Point"",""coordinates"":[0.0,0.0]}"
1_1_1_1_1_1_1_1_1_1_1_1_1_1_1_1_1_1_1_1_1_1_1_1_1_1_1_1_1_2_1_1_1_1_1_2_3,934028.7363676421,21,761111,2019,"{""type"":""Point"",""coordinates"":[0.0,0.0]}"
1_1_1_1_1_1_1_1_1_1_1_1_1_1_1_1_1_1_1_1_1_1_1_1_1_1_1_1_1_2_1_1_1_1_1_2_4,151.66848547241196,22,761111,2019,"{""type"":""Point"",""coordinates"":[0.0,0.0]}"
1_1_1_1_1_1_1_1_1_1_1_1_1_1_1_1_1_1_1_1_1_1_1_1_1_1_1_1_1_2_1_1_1_1_1_2_5,0.6180194396972656,29,761111,2019,"{""type"":""Point"",""coordinates"":[0.0,0.0]}"
1_1_1_1_1_1_1_1_1_1_1_1_1_1_1_1_1_1_1_1_1_1_1_1_1_1_1_1_1_2_1_1_1_1_1_2_6,5383.909321013279,33,761111,2019,"{""type"":""Point"",""coordinates"":[0.0,0.0]}"
1_1_1_1_1_1_1_1_1_1_1_1_1_1_1_1_1_1_1_1_1_1_1_1_1_1_1_1_1_2_1_1_1_1_2_0,1890.5670580804524,3,761111,2020,"{""type"":""Point"",""coordinates"":[0.0,0.0]}"
1_1_1_1_1_1_1_1_1_1_1_1_1_1_1_1_1_1_1_1_1_1_1_1_1_1_1_1_1_2_1_1_1_1_2_1,461840.96617962926,4,761111,2020,"{""type"":""Point"",""coordinates"":[0.0,0.0]}"
1_1_1_1_1_1_1_1_1_1_1_1_1_1_1_1_1_1_1_1_1_1_1_1_1_1_1_1_1_2_1_1_1_1_2_2,32.35146476957441,12,761111,2020,"{""type"":""Point"",""coordinates"":[0.0,0.0]}"
1_1_1_1_1_1_1_1_1_1_1_1_1_1_1_1_1_1_1_1_1_1_1_1_1_1_1_1_1_2_1_1_1_1_2_3,941120.1973037004,21,761111,2020,"{""type"":""Point"",""coordinates"":[0.0,0.0]}"
1_1_1_1_1_1_1_1_1_1_1_1_1_1_1_1_1_1_1_1_1_1_1_1_1_1_1_1_1_2_1_1_1_1_2_4,521.3147133838127,22,761111,2020,"{""type"":""Point"",""coordinates"":[0.0,0.0]}"
1_1_1_1_1_1_1_1_1_1_1_1_1_1_1_1_1_1_1_1_1_1_1_1_1_1_1_1_1_2_1_1_1_1_2_5,2.734484785299862,29,761111,2020,"{""type"":""Point"",""coordinates"":[0.0,0.0]}"
1_1_1_1_1_1_1_1_1_1_1_1_1_1_1_1_1_1_1_1_1_1_1_1_1_1_1_1_1_2_1_1_1_1_2_6,4631.6064048532635,33,761111,2020,"{""type"":""Point"",""coordinates"":[0.0,0.0]}"
1_1_1_1_1_1_1_1_1_1_1_1_1_1_1_1_1_1_1_1_1_1_1_1_1_1_1_1_1_2_1_1_1_2_0,3996.7544670999196,3,761111,2021,"{""type"":""Point"",""coordinates"":[0.0,0.0]}"
1_1_1_1_1_1_1_1_1_1_1_1_1_1_1_1_1_1_1_1_1_1_1_1_1_1_1_1_1_2_1_1_1_2_1,470932.22795326274,4,761111,2021,"{""type"":""Point"",""coordinates"":[0.0,0.0]}"
1_1_1_1_1_1_1_1_1_1_1_1_1_1_1_1_1_1_1_1_1_1_1_1_1_1_1_1_1_2_1_1_1_2_2,34.73657763578536,12,761111,2021,"{""type"":""Point"",""coordinates"":[0.0,0.0]}"
1_1_1_1_1_1_1_1_1_1_1_1_1_1_1_1_1_1_1_1_1_1_1_1_1_1_1_1_1_2_1_1_1_2_3,929065.2709961581,21,761111,2021,"{""type"":""Point"",""coordinates"":[0.0,0.0]}"
1_1_1_1_1_1_1_1_1_1_1_1_1_1_1_1_1_1_1_1_1_1_1_1_1_1_1_1_1_2_1_1_1_2_4,473.2508781188964,22,761111,2021,"{""type"":""Point"",""coordinates"":[0.0,0.0]}"
1_1_1_1_1_1_1_1_1_1_1_1_1_1_1_1_1_1_1_1_1_1_1_1_1_1_1_1_1_2_1_1_1_2_5,5537.496737013156,33,761111,2021,"{""type"":""Point"",""coordinates"":[0.0,0.0]}"
1_1_1_1_1_1_1_1_1_1_1_1_1_1_1_1_1_1_1_1_1_1_1_1_1_1_1_1_1_2_1_1_2_0,3033.6761185342652,3,761111,2022,"{""type"":""Point"",""coordinates"":[0.0,0.0]}"
1_1_1_1_1_1_1_1_1_1_1_1_1_1_1_1_1_1_1_1_1_1_1_1_1_1_1_1_1_2_1_1_2_1,479397.21969784936,4,761111,2022,"{""type"":""Point"",""coordinates"":[0.0,0.0]}"
1_1_1_1_1_1_1_1_1_1_1_1_1_1_1_1_1_1_1_1_1_1_1_1_1_1_1_1_1_2_1_1_2_2,40.29956788236738,12,761111,2022,"{""type"":""Point"",""coordinates"":[0.0,0.0]}"
1_1_1_1_1_1_1_1_1_1_1_1_1_1_1_1_1_1_1_1_1_1_1_1_1_1_1_1_1_2_1_1_2_3,921023.3059651406,21,761111,2022,"{""type"":""Point"",""coordinates"":[0.0,0.0]}"
1_1_1_1_1_1_1_1_1_1_1_1_1_1_1_1_1_1_1_1_1_1_1_1_1_1_1_1_1_2_1_1_2_4,833.5191078906249,22,761111,2022,"{""type"":""Point"",""coordinates"":[0.0,0.0]}"
1_1_1_1_1_1_1_1_1_1_1_1_1_1_1_1_1_1_1_1_1_1_1_1_1_1_1_1_1_2_1_1_2_5,2.8239850646972657,29,761111,2022,"{""type"":""Point"",""coordinates"":[0.0,0.0]}"
1_1_1_1_1_1_1_1_1_1_1_1_1_1_1_1_1_1_1_1_1_1_1_1_1_1_1_1_1_2_1_1_2_6,5708.89316695057,33,761111,2022,"{""type"":""Point"",""coordinates"":[0.0,0.0]}"
1_1_1_1_1_1_1_1_1_1_1_1_1_1_1_1_1_1_1_1_1_1_1_1_1_1_1_1_1_2_1_2_0,1722.0513779882358,3,761111,2023,"{""type"":""Point"",""coordinates"":[0.0,0.0]}"
1_1_1_1_1_1_1_1_1_1_1_1_1_1_1_1_1_1_1_1_1_1_1_1_1_1_1_1_1_2_1_2_1,481627.58805205213,4,761111,2023,"{""type"":""Point"",""coordinates"":[0.0,0.0]}"
1_1_1_1_1_1_1_1_1_1_1_1_1_1_1_1_1_1_1_1_1_1_1_1_1_1_1_1_1_2_1_2_2,64.60378836576581,12,761111,2023,"{""type"":""Point"",""coordinates"":[0.0,0.0]}"
1_1_1_1_1_1_1_1_1_1_1_1_1_1_1_1_1_1_1_1_1_1_1_1_1_1_1_1_1_2_1_2_3,918231.0815881742,21,761111,2023,"{""type"":""Point"",""coordinates"":[0.0,0.0]}"
1_1_1_1_1_1_1_1_1_1_1_1_1_1_1_1_1_1_1_1_1_1_1_1_1_1_1_1_1_2_1_2_4,1311.0086978724835,22,761111,2023,"{""type"":""Point"",""coordinates"":[0.0,0.0]}"
1_1_1_1_1_1_1_1_1_1_1_1_1_1_1_1_1_1_1_1_1_1_1_1_1_1_1_1_1_2_1_2_5,11.76219164012236,29,761111,2023,"{""type"":""Point"",""coordinates"":[0.0,0.0]}"
1_1_1_1_1_1_1_1_1_1_1_1_1_1_1_1_1_1_1_1_1_1_1_1_1_1_1_1_1_2_1_2_6,7071.6419132079245,33,761111,2023,"{""type"":""Point"",""coordinates"":[0.0,0.0]}"
1_1_1_1_1_1_1_1_1_1_1_1_1_1_1_1_1_1_1_1_1_1_1_1_1_1_1_1_1_2_2_0,9256.987113820403,3,761111,2024,"{""type"":""Point"",""coordinates"":[0.0,0.0]}"
1_1_1_1_1_1_1_1_1_1_1_1_1_1_1_1_1_1_1_1_1_1_1_1_1_1_1_1_1_2_2_1,434595.62522089435,4,761111,2024,"{""type"":""Point"",""coordinates"":[0.0,0.0]}"
1_1_1_1_1_1_1_1_1_1_1_1_1_1_1_1_1_1_1_1_1_1_1_1_1_1_1_1_1_2_2_2,43.28793777372481,12,761111,2024,"{""type"":""Point"",""coordinates"":[0.0,0.0]}"
1_1_1_1_1_1_1_1_1_1_1_1_1_1_1_1_1_1_1_1_1_1_1_1_1_1_1_1_1_2_2_3,943912.0390279952,21,761111,2024,"{""type"":""Point"",""coordinates"":[0.0,0.0]}"
1_1_1_1_1_1_1_1_1_1_1_1_1_1_1_1_1_1_1_1_1_1_1_1_1_1_1_1_1_2_2_4,353.1221394208119,22,761111,2024,"{""type"":""Point"",""coordinates"":[0.0,0.0]}"
1_1_1_1_1_1_1_1_1_1_1_1_1_1_1_1_1_1_1_1_1_1_1_1_1_1_1_1_1_2_2_5,15.809087499999997,29,761111,2024,"{""type"":""Point"",""coordinates"":[0.0,0.0]}"
1_1_1_1_1_1_1_1_1_1_1_1_1_1_1_1_1_1_1_1_1_1_1_1_1_1_1_1_1_2_2_6,21862.867081779994,33,761111,2024,"{""type"":""Point"",""coordinates"":[0.0,0.0]}"
1_1_1_1_1_1_1_1_1_1_1_1_1_1_1_1_1_1_1_1_1_1_1_1_1_1_1_1_2_1_1_1_1_1_1_1_1_2_0,1597.6194563285403,3,761112,2016,"{""type"":""Point"",""coordinates"":[0.0,0.0]}"
1_1_1_1_1_1_1_1_1_1_1_1_1_1_1_1_1_1_1_1_1_1_1_1_1_1_1_1_2_1_1_1_1_1_1_1_1_2_1,79037.0074814235,4,761112,2016,"{""type"":""Point"",""coordinates"":[0.0,0.0]}"
1_1_1_1_1_1_1_1_1_1_1_1_1_1_1_1_1_1_1_1_1_1_1_1_1_1_1_1_2_1_1_1_1_1_1_1_1_2_2,3.9629218688964842,12,761112,2016,"{""type"":""Point"",""coordinates"":[0.0,0.0]}"
1_1_1_1_1_1_1_1_1_1_1_1_1_1_1_1_1_1_1_1_1_1_1_1_1_1_1_1_2_1_1_1_1_1_1_1_1_2_3,360093.9519710663,21,761112,2016,"{""type"":""Point"",""coordinates"":[0.0,0.0]}"
1_1_1_1_1_1_1_1_1_1_1_1_1_1_1_1_1_1_1_1_1_1_1_1_1_1_1_1_2_1_1_1_1_1_1_1_1_2_4,98.73891544189472,22,761112,2016,"{""type"":""Point"",""coordinates"":[0.0,0.0]}"
1_1_1_1_1_1_1_1_1_1_1_1_1_1_1_1_1_1_1_1_1_1_1_1_1_1_1_1_2_1_1_1_1_1_1_1_1_2_5,0.2641825378417969,29,761112,2016,"{""type"":""Point"",""coordinates"":[0.0,0.0]}"
1_1_1_1_1_1_1_1_1_1_1_1_1_1_1_1_1_1_1_1_1_1_1_1_1_1_1_1_2_1_1_1_1_1_1_1_1_2_6,3861.742069373433,33,761112,2016,"{""type"":""Point"",""coordinates"":[0.0,0.0]}"
1_1_1_1_1_1_1_1_1_1_1_1_1_1_1_1_1_1_1_1_1_1_1_1_1_1_1_1_2_1_1_1_1_1_1_1_2_0,934.9789894419247,3,761112,2017,"{""type"":""Point"",""coordinates"":[0.0,0.0]}"
1_1_1_1_1_1_1_1_1_1_1_1_1_1_1_1_1_1_1_1_1_1_1_1_1_1_1_1_2_1_1_1_1_1_1_1_2_1,81927.88308841879,4,761112,2017,"{""type"":""Point"",""coordinates"":[0.0,0.0]}"
1_1_1_1_1_1_1_1_1_1_1_1_1_1_1_1_1_1_1_1_1_1_1_1_1_1_1_1_2_1_1_1_1_1_1_1_2_2,0.8802850036621094,12,761112,2017,"{""type"":""Point"",""coordinates"":[0.0,0.0]}"
1_1_1_1_1_1_1_1_1_1_1_1_1_1_1_1_1_1_1_1_1_1_1_1_1_1_1_1_2_1_1_1_1_1_1_1_2_3,357699.0457915399,21,761112,2017,"{""type"":""Point"",""coordinates"":[0.0,0.0]}"
1_1_1_1_1_1_1_1_1_1_1_1_1_1_1_1_1_1_1_1_1_1_1_1_1_1_1_1_2_1_1_1_1_1_1_1_2_4,48.584159639533524,22,761112,2017,"{""type"":""Point"",""coordinates"":[0.0,0.0]}"
1_1_1_1_1_1_1_1_1_1_1_1_1_1_1_1_1_1_1_1_1_1_1_1_1_1_1_1_2_1_1_1_1_1_1_1_2_5,4081.914683991727,33,761112,2017,"{""type"":""Point"",""coordinates"":[0.0,0.0]}"
1_1_1_1_1_1_1_1_1_1_1_1_1_1_1_1_1_1_1_1_1_1_1_1_1_1_1_1_2_1_1_1_1_1_1_2_0,731.0261723648135,3,761112,2018,"{""type"":""Point"",""coordinates"":[0.0,0.0]}"
1_1_1_1_1_1_1_1_1_1_1_1_1_1_1_1_1_1_1_1_1_1_1_1_1_1_1_1_2_1_1_1_1_1_1_2_1,86386.06093972536,4,761112,2018,"{""type"":""Point"",""coordinates"":[0.0,0.0]}"
1_1_1_1_1_1_1_1_1_1_1_1_1_1_1_1_1_1_1_1_1_1_1_1_1_1_1_1_2_1_1_1_1_1_1_2_2,2.730427069091797,12,761112,2018,"{""type"":""Point"",""coordinates"":[0.0,0.0]}"
1_1_1_1_1_1_1_1_1_1_1_1_1_1_1_1_1_1_1_1_1_1_1_1_1_1_1_1_2_1_1_1_1_1_1_2_3,352866.8080958124,21,761112,2018,"{""type"":""Point"",""coordinates"":[0.0,0.0]}"
1_1_1_1_1_1_1_1_1_1_1_1_1_1_1_1_1_1_1_1_1_1_1_1_1_1_1_1_2_1_1_1_1_1_1_2_4,98.18202101239405,22,761112,2018,"{""type"":""Point"",""coordinates"":[0.0,0.0]}"
1_1_1_1_1_1_1_1_1_1_1_1_1_1_1_1_1_1_1_1_1_1_1_1_1_1_1_1_2_1_1_1_1_1_1_2_5,4608.479342059158,33,761112,2018,"{""type"":""Point"",""coordinates"":[0.0,0.0]}"
1_1_1_1_1_1_1_1_1_1_1_1_1_1_1_1_1_1_1_1_1_1_1_1_1_1_1_1_2_1_1_1_1_1_2_0,1695.026231687615,3,761112,2019,"{""type"":""Point"",""coordinates"":[0.0,0.0]}"
1_1_1_1_1_1_1_1_1_1_1_1_1_1_1_1_1_1_1_1_1_1_1_1_1_1_1_1_2_1_1_1_1_1_2_1,87549.88318557417,4,761112,2019,"{""type"":""Point"",""coordinates"":[0.0,0.0]}"
1_1_1_1_1_1_1_1_1_1_1_1_1_1_1_1_1_1_1_1_1_1_1_1_1_1_1_1_2_1_1_1_1_1_2_2,41.66825568603517,12,761112,2019,"{""type"":""Point"",""coordinates"":[0.0,0.0]}"
1_1_1_1_1_1_1_1_1_1_1_1_1_1_1_1_1_1_1_1_1_1_1_1_1_1_1_1_2_1_1_1_1_1_2_3,351137.5571673523,21,761112,2019,"{""type"":""Point"",""coordinates"":[0.0,0.0]}"
1_1_1_1_1_1_1_1_1_1_1_1_1_1_1_1_1_1_1_1_1_1_1_1_1_1_1_1_2_1_1_1_1_1_2_4,108.12525182437686,22,761112,2019,"{""type"":""Point"",""coordinates"":[0.0,0.0]}"
1_1_1_1_1_1_1_1_1_1_1_1_1_1_1_1_1_1_1_1_1_1_1_1_1_1_1_1_2_1_1_1_1_1_2_5,4161.02690590252,33,761112,2019,"{""type"":""Point"",""coordinates"":[0.0,0.0]}"
1_1_1_1_1_1_1_1_1_1_1_1_1_1_1_1_1_1_1_1_1_1_1_1_1_1_1_1_2_1_1_1_1_2_0,3128.575775217788,3,761112,2020,"{""type"":""Point"",""coordinates"":[0.0,0.0]}"
1_1_1_1_1_1_1_1_1_1_1_1_1_1_1_1_1_1_1_1_1_1_1_1_1_1_1_1_2_1_1_1_1_2_1,85839.55290032245,4,761112,2020,"{""type"":""Point"",""coordinates"":[0.0,0.0]}"
1_1_1_1_1_1_1_1_1_1_1_1_1_1_1_1_1_1_1_1_1_1_1_1_1_1_1_1_2_1_1_1_1_2_2,0.7043935668945313,12,761112,2020,"{""type"":""Point"",""coordinates"":[0.0,0.0]}"
1_1_1_1_1_1_1_1_1_1_1_1_1_1_1_1_1_1_1_1_1_1_1_1_1_1_1_1_2_1_1_1_1_2_3,350856.4474641163,21,761112,2020,"{""type"":""Point"",""coordinates"":[0.0,0.0]}"
1_1_1_1_1_1_1_1_1_1_1_1_1_1_1_1_1_1_1_1_1_1_1_1_1_1_1_1_2_1_1_1_1_2_4,332.39396866749496,22,761112,2020,"{""type"":""Point"",""coordinates"":[0.0,0.0]}"
1_1_1_1_1_1_1_1_1_1_1_1_1_1_1_1_1_1_1_1_1_1_1_1_1_1_1_1_2_1_1_1_1_2_5,4535.612496142814,33,761112,2020,"{""type"":""Point"",""coordinates"":[0.0,0.0]}"
1_1_1_1_1_1_1_1_1_1_1_1_1_1_1_1_1_1_1_1_1_1_1_1_1_1_1_1_2_1_1_1_2_0,1531.5356090840432,3,761112,2021,"{""type"":""Point"",""coordinates"":[0.0,0.0]}"
1_1_1_1_1_1_1_1_1_1_1_1_1_1_1_1_1_1_1_1_1_1_1_1_1_1_1_1_2_1_1_1_2_1,87697.2720790509,4,761112,2021,"{""type"":""Point"",""coordinates"":[0.0,0.0]}"
1_1_1_1_1_1_1_1_1_1_1_1_1_1_1_1_1_1_1_1_1_1_1_1_1_1_1_1_2_1_1_1_2_2,1.1446588500976562,12,761112,2021,"{""type"":""Point"",""coordinates"":[0.0,0.0]}"
1_1_1_1_1_1_1_1_1_1_1_1_1_1_1_1_1_1_1_1_1_1_1_1_1_1_1_1_2_1_1_1_2_3,349821.4828665548,21,761112,2021,"{""type"":""Point"",""coordinates"":[0.0,0.0]}"
1_1_1_1_1_1_1_1_1_1_1_1_1_1_1_1_1_1_1_1_1_1_1_1_1_1_1_1_2_1_1_1_2_4,76.44726665898348,22,761112,2021,"{""type"":""Point"",""coordinates"":[0.0,0.0]}"
1_1_1_1_1_1_1_1_1_1_1_1_1_1_1_1_1_1_1_1_1_1_1_1_1_1_1_1_2_1_1_1_2_5,0.5287628540039062,29,761112,2021,"{""type"":""Point"",""coordinates"":[0.0,0.0]}"
1_1_1_1_1_1_1_1_1_1_1_1_1_1_1_1_1_1_1_1_1_1_1_1_1_1_1_1_2_1_1_1_2_6,5564.87575496238,33,761112,2021,"{""type"":""Point"",""coordinates"":[0.0,0.0]}"
1_1_1_1_1_1_1_1_1_1_1_1_1_1_1_1_1_1_1_1_1_1_1_1_1_1_1_1_2_1_1_2_0,3659.025481515006,3,761112,2022,"{""type"":""Point"",""coordinates"":[0.0,0.0]}"
1_1_1_1_1_1_1_1_1_1_1_1_1_1_1_1_1_1_1_1_1_1_1_1_1_1_1_1_2_1_1_2_1,90098.72383465387,4,761112,2022,"{""type"":""Point"",""coordinates"":[0.0,0.0]}"
1_1_1_1_1_1_1_1_1_1_1_1_1_1_1_1_1_1_1_1_1_1_1_1_1_1_1_1_2_1_1_2_2,1.4938227766927084,12,761112,2022,"{""type"":""Point"",""coordinates"":[0.0,0.0]}"
1_1_1_1_1_1_1_1_1_1_1_1_1_1_1_1_1_1_1_1_1_1_1_1_1_1_1_1_2_1_1_2_3,344086.1580600846,21,761112,2022,"{""type"":""Point"",""coordinates"":[0.0,0.0]}"
1_1_1_1_1_1_1_1_1_1_1_1_1_1_1_1_1_1_1_1_1_1_1_1_1_1_1_1_2_1_1_2_4,43.22380405563051,22,761112,2022,"{""type"":""Point"",""coordinates"":[0.0,0.0]}"
1_1_1_1_1_1_1_1_1_1_1_1_1_1_1_1_1_1_1_1_1_1_1_1_1_1_1_1_2_1_1_2_5,0.35252954711914064,29,761112,2022,"{""type"":""Point"",""coordinates"":[0.0,0.0]}"
1_1_1_1_1_1_1_1_1_1_1_1_1_1_1_1_1_1_1_1_1_1_1_1_1_1_1_1_2_1_1_2_6,6804.309465393911,33,761112,2022,"{""type"":""Point"",""coordinates"":[0.0,0.0]}"
1_1_1_1_1_1_1_1_1_1_1_1_1_1_1_1_1_1_1_1_1_1_1_1_1_1_1_1_2_1_2_0,2674.920508167585,3,761112,2023,"{""type"":""Point"",""coordinates"":[0.0,0.0]}"
1_1_1_1_1_1_1_1_1_1_1_1_1_1_1_1_1_1_1_1_1_1_1_1_1_1_1_1_2_1_2_1,92726.82177591184,4,761112,2023,"{""type"":""Point"",""coordinates"":[0.0,0.0]}"
1_1_1_1_1_1_1_1_1_1_1_1_1_1_1_1_1_1_1_1_1_1_1_1_1_1_1_1_2_1_2_2,4.162094222555722,12,761112,2023,"{""type"":""Point"",""coordinates"":[0.0,0.0]}"
1_1_1_1_1_1_1_1_1_1_1_1_1_1_1_1_1_1_1_1_1_1_1_1_1_1_1_1_2_1_2_3,342381.8471733646,21,761112,2023,"{""type"":""Point"",""coordinates"":[0.0,0.0]}"
1_1_1_1_1_1_1_1_1_1_1_1_1_1_1_1_1_1_1_1_1_1_1_1_1_1_1_1_2_1_2_4,166.78119139169723,22,761112,2023,"{""type"":""Point"",""coordinates"":[0.0,0.0]}"
1_1_1_1_1_1_1_1_1_1_1_1_1_1_1_1_1_1_1_1_1_1_1_1_1_1_1_1_2_1_2_5,6738.754254979622,33,761112,2023,"{""type"":""Point"",""coordinates"":[0.0,0.0]}"
1_1_1_1_1_1_1_1_1_1_1_1_1_1_1_1_1_1_1_1_1_1_1_1_1_1_1_1_2_2_0,2016.305421152457,3,761112,2024,"{""type"":""Point"",""coordinates"":[0.0,0.0]}"
1_1_1_1_1_1_1_1_1_1_1_1_1_1_1_1_1_1_1_1_1_1_1_1_1_1_1_1_2_2_1,90885.32546301388,4,761112,2024,"{""type"":""Point"",""coordinates"":[0.0,0.0]}"
1_1_1_1_1_1_1_1_1_1_1_1_1_1_1_1_1_1_1_1_1_1_1_1_1_1_1_1_2_2_2,4.92370301693187,12,761112,2024,"{""type"":""Point"",""coordinates"":[0.0,0.0]}"
1_1_1_1_1_1_1_1_1_1_1_1_1_1_1_1_1_1_1_1_1_1_1_1_1_1_1_1_2_2_3,345171.64781825757,21,761112,2024,"{""type"":""Point"",""coordinates"":[0.0,0.0]}"
1_1_1_1_1_1_1_1_1_1_1_1_1_1_1_1_1_1_1_1_1_1_1_1_1_1_1_1_2_2_4,54.00384569288056,22,761112,2024,"{""type"":""Point"",""coordinates"":[0.0,0.0]}"
1_1_1_1_1_1_1_1_1_1_1_1_1_1_1_1_1_1_1_1_1_1_1_1_1_1_1_1_2_2_5,6561.080746902664,33,761112,2024,"{""type"":""Point"",""coordinates"":[0.0,0.0]}"
1_1_1_1_1_1_1_1_1_1_1_1_1_1_1_1_1_1_1_1_1_1_1_1_1_1_1_2_1_1_1_1_1_1_1_1_2_0,99067.55641857973,3,7741,2016,"{""type"":""Point"",""coordinates"":[0.0,0.0]}"
1_1_1_1_1_1_1_1_1_1_1_1_1_1_1_1_1_1_1_1_1_1_1_1_1_1_1_2_1_1_1_1_1_1_1_1_2_1,346231.5727900035,4,7741,2016,"{""type"":""Point"",""coordinates"":[0.0,0.0]}"
1_1_1_1_1_1_1_1_1_1_1_1_1_1_1_1_1_1_1_1_1_1_1_1_1_1_1_2_1_1_1_1_1_1_1_1_2_2,199.83014779294473,12,7741,2016,"{""type"":""Point"",""coordinates"":[0.0,0.0]}"
1_1_1_1_1_1_1_1_1_1_1_1_1_1_1_1_1_1_1_1_1_1_1_1_1_1_1_2_1_1_1_1_1_1_1_1_2_3,1422077.6393821985,21,7741,2016,"{""type"":""Point"",""coordinates"":[0.0,0.0]}"
1_1_1_1_1_1_1_1_1_1_1_1_1_1_1_1_1_1_1_1_1_1_1_1_1_1_1_2_1_1_1_1_1_1_1_1_2_4,1452.5862711840828,22,7741,2016,"{""type"":""Point"",""coordinates"":[0.0,0.0]}"
1_1_1_1_1_1_1_1_1_1_1_1_1_1_1_1_1_1_1_1_1_1_1_1_1_1_1_2_1_1_1_1_1_1_1_1_2_5,1219.3518386045453,29,7741,2016,"{""type"":""Point"",""coordinates"":[0.0,0.0]}"
1_1_1_1_1_1_1_1_1_1_1_1_1_1_1_1_1_1_1_1_1_1_1_1_1_1_1_2_1_1_1_1_1_1_1_1_2_6,8292.722079101952,33,7741,2016,"{""type"":""Point"",""coordinates"":[0.0,0.0]}"
1_1_1_1_1_1_1_1_1_1_1_1_1_1_1_1_1_1_1_1_1_1_1_1_1_1_1_2_1_1_1_1_1_1_1_2_0,74706.11173492445,3,7741,2017,"{""type"":""Point"",""coordinates"":[0.0,0.0]}"
1_1_1_1_1_1_1_1_1_1_1_1_1_1_1_1_1_1_1_1_1_1_1_1_1_1_1_2_1_1_1_1_1_1_1_2_1,386429.47930902266,4,7741,2017,"{""type"":""Point"",""coordinates"":[0.0,0.0]}"
1_1_1_1_1_1_1_1_1_1_1_1_1_1_1_1_1_1_1_1_1_1_1_1_1_1_1_2_1_1_1_1_1_1_1_2_2,12.72979685278799,12,7741,2017,"{""type"":""Point"",""coordinates"":[0.0,0.0]}"
1_1_1_1_1_1_1_1_1_1_1_1_1_1_1_1_1_1_1_1_1_1_1_1_1_1_1_2_1_1_1_1_1_1_1_2_3,1414990.490518588,21,7741,2017,"{""type"":""Point"",""coordinates"":[0.0,0.0]}"
1_1_1_1_1_1_1_1_1_1_1_1_1_1_1_1_1_1_1_1_1_1_1_1_1_1_1_2_1_1_1_1_1_1_1_2_4,36.043416601155606,22,7741,2017,"{""type"":""Point"",""coordinates"":[0.0,0.0]}"
1_1_1_1_1_1_1_1_1_1_1_1_1_1_1_1_1_1_1_1_1_1_1_1_1_1_1_2_1_1_1_1_1_1_1_2_5,532.308647766591,29,7741,2017,"{""type"":""Point"",""coordinates"":[0.0,0.0]}"
1_1_1_1_1_1_1_1_1_1_1_1_1_1_1_1_1_1_1_1_1_1_1_1_1_1_1_2_1_1_1_1_1_1_1_2_6,1834.0955037357767,33,7741,2017,"{""type"":""Point"",""coordinates"":[0.0,0.0]}"
1_1_1_1_1_1_1_1_1_1_1_1_1_1_1_1_1_1_1_1_1_1_1_1_1_1_1_2_1_1_1_1_1_1_2_0,84595.63984871503,3,7741,2018,"{""type"":""Point"",""coordinates"":[0.0,0.0]}"
1_1_1_1_1_1_1_1_1_1_1_1_1_1_1_1_1_1_1_1_1_1_1_1_1_1_1_2_1_1_1_1_1_1_2_1,374483.44665111625,4,7741,2018,"{""type"":""Point"",""coordinates"":[0.0,0.0]}"
1_1_1_1_1_1_1_1_1_1_1_1_1_1_1_1_1_1_1_1_1_1_1_1_1_1_1_2_1_1_1_1_1_1_2_2,22.339432634732113,12,7741,2018,"{""type"":""Point"",""coordinates"":[0.0,0.0]}"
1_1_1_1_1_1_1_1_1_1_1_1_1_1_1_1_1_1_1_1_1_1_1_1_1_1_1_2_1_1_1_1_1_1_2_3,1416764.6255712202,21,7741,2018,"{""type"":""Point"",""coordinates"":[0.0,0.0]}"
1_1_1_1_1_1_1_1_1_1_1_1_1_1_1_1_1_1_1_1_1_1_1_1_1_1_1_2_1_1_1_1_1_1_2_4,3.485536387125651,22,7741,2018,"{""type"":""Point"",""coordinates"":[0.0,0.0]}"
1_1_1_1_1_1_1_1_1_1_1_1_1_1_1_1_1_1_1_1_1_1_1_1_1_1_1_2_1_1_1_1_1_1_2_5,113.56776445226333,29,7741,2018,"{""type"":""Point"",""coordinates"":[0.0,0.0]}"
1_1_1_1_1_1_1_1_1_1_1_1_1_1_1_1_1_1_1_1_1_1_1_1_1_1_1_2_1_1_1_1_1_1_2_6,2558.154122954168,33,7741,2018,"{""type"":""Point"",""coordinates"":[0.0,0.0]}"
1_1_1_1_1_1_1_1_1_1_1_1_1_1_1_1_1_1_1_1_1_1_1_1_1_1_1_2_1_1_1_1_1_2_0,84394.59979810842,3,7741,2019,"{""type"":""Point"",""coordinates"":[0.0,0.0]}"
1_1_1_1_1_1_1_1_1_1_1_1_1_1_1_1_1_1_1_1_1_1_1_1_1_1_1_2_1_1_1_1_1_2_1,423176.6537389725,4,7741,2019,"{""type"":""Point"",""coordinates"":[0.0,0.0]}"
1_1_1_1_1_1_1_1_1_1_1_1_1_1_1_1_1_1_1_1_1_1_1_1_1_1_1_2_1_1_1_1_1_2_2,18.62575137398514,12,7741,2019,"{""type"":""Point"",""coordinates"":[0.0,0.0]}"
1_1_1_1_1_1_1_1_1_1_1_1_1_1_1_1_1_1_1_1_1_1_1_1_1_1_1_2_1_1_1_1_1_2_3,1367085.3186033298,21,7741,2019,"{""type"":""Point"",""coordinates"":[0.0,0.0]}"
1_1_1_1_1_1_1_1_1_1_1_1_1_1_1_1_1_1_1_1_1_1_1_1_1_1_1_2_1_1_1_1_1_2_4,739.8414245038439,22,7741,2019,"{""type"":""Point"",""coordinates"":[0.0,0.0]}"
1_1_1_1_1_1_1_1_1_1_1_1_1_1_1_1_1_1_1_1_1_1_1_1_1_1_1_2_1_1_1_1_1_2_5,281.3775725523227,29,7741,2019,"{""type"":""Point"",""coordinates"":[0.0,0.0]}"
1_1_1_1_1_1_1_1_1_1_1_1_1_1_1_1_1_1_1_1_1_1_1_1_1_1_1_2_1_1_1_1_1_2_6,2844.8420388830073,33,7741,2019,"{""type"":""Point"",""coordinates"":[0.0,0.0]}"
1_1_1_1_1_1_1_1_1_1_1_1_1_1_1_1_1_1_1_1_1_1_1_1_1_1_1_2_1_1_1_1_2_0,91783.2828149308,3,7741,2020,"{""type"":""Point"",""coordinates"":[0.0,0.0]}"
1_1_1_1_1_1_1_1_1_1_1_1_1_1_1_1_1_1_1_1_1_1_1_1_1_1_1_2_1_1_1_1_2_1,426427.8544187273,4,7741,2020,"{""type"":""Point"",""coordinates"":[0.0,0.0]}"
1_1_1_1_1_1_1_1_1_1_1_1_1_1_1_1_1_1_1_1_1_1_1_1_1_1_1_2_1_1_1_1_2_2,73.14773604599901,12,7741,2020,"{""type"":""Point"",""coordinates"":[0.0,0.0]}"
1_1_1_1_1_1_1_1_1_1_1_1_1_1_1_1_1_1_1_1_1_1_1_1_1_1_1_2_1_1_1_1_2_3,1356038.2598523062,21,7741,2020,"{""type"":""Point"",""coordinates"":[0.0,0.0]}"
1_1_1_1_1_1_1_1_1_1_1_1_1_1_1_1_1_1_1_1_1_1_1_1_1_1_1_2_1_1_1_1_2_4,664.7048391339947,22,7741,2020,"{""type"":""Point"",""coordinates"":[0.0,0.0]}"
1_1_1_1_1_1_1_1_1_1_1_1_1_1_1_1_1_1_1_1_1_1_1_1_1_1_1_2_1_1_1_1_2_5,1305.8554884000177,29,7741,2020,"{""type"":""Point"",""coordinates"":[0.0,0.0]}"
1_1_1_1_1_1_1_1_1_1_1_1_1_1_1_1_1_1_1_1_1_1_1_1_1_1_1_2_1_1_1_1_2_6,2248.153778219262,33,7741,2020,"{""type"":""Point"",""coordinates"":[0.0,0.0]}"
1_1_1_1_1_1_1_1_1_1_1_1_1_1_1_1_1_1_1_1_1_1_1_1_1_1_1_2_1_1_1_2_0,91376.12802788815,3,7741,2021,"{""type"":""Point"",""coordinates"":[0.0,0.0]}"
1_1_1_1_1_1_1_1_1_1_1_1_1_1_1_1_1_1_1_1_1_1_1_1_1_1_1_2_1_1_1_2_1,414846.26267953805,4,7741,2021,"{""type"":""Point"",""coordinates"":[0.0,0.0]}"
1_1_1_1_1_1_1_1_1_1_1_1_1_1_1_1_1_1_1_1_1_1_1_1_1_1_1_2_1_1_1_2_2,55.71277106964714,12,7741,2021,"{""type"":""Point"",""coordinates"":[0.0,0.0]}"
1_1_1_1_1_1_1_1_1_1_1_1_1_1_1_1_1_1_1_1_1_1_1_1_1_1_1_2_1_1_1_2_3,1369670.7331705901,21,7741,2021,"{""type"":""Point"",""coordinates"":[0.0,0.0]}"
1_1_1_1_1_1_1_1_1_1_1_1_1_1_1_1_1_1_1_1_1_1_1_1_1_1_1_2_1_1_1_2_4,713.4128413409544,22,7741,2021,"{""type"":""Point"",""coordinates"":[0.0,0.0]}"
1_1_1_1_1_1_1_1_1_1_1_1_1_1_1_1_1_1_1_1_1_1_1_1_1_1_1_2_1_1_1_2_5,412.9613503718598,29,7741,2021,"{""type"":""Point"",""coordinates"":[0.0,0.0]}"
1_1_1_1_1_1_1_1_1_1_1_1_1_1_1_1_1_1_1_1_1_1_1_1_1_1_1_2_1_1_1_2_6,1466.048086837788,33,7741,2021,"{""type"":""Point"",""coordinates"":[0.0,0.0]}"
1_1_1_1_1_1_1_1_1_1_1_1_1_1_1_1_1_1_1_1_1_1_1_1_1_1_1_2_1_1_2_0,130279.71549928849,3,7741,2022,"{""type"":""Point"",""coordinates"":[0.0,0.0]}"
1_1_1_1_1_1_1_1_1_1_1_1_1_1_1_1_1_1_1_1_1_1_1_1_1_1_1_2_1_1_2_1,364300.6392626549,4,7741,2022,"{""type"":""Point"",""coordinates"":[0.0,0.0]}"
1_1_1_1_1_1_1_1_1_1_1_1_1_1_1_1_1_1_1_1_1_1_1_1_1_1_1_2_1_1_2_2,73.73777669282805,12,7741,2022,"{""type"":""Point"",""coordinates"":[0.0,0.0]}"
1_1_1_1_1_1_1_1_1_1_1_1_1_1_1_1_1_1_1_1_1_1_1_1_1_1_1_2_1_1_2_3,1378610.1585496583,21,7741,2022,"{""type"":""Point"",""coordinates"":[0.0,0.0]}"
1_1_1_1_1_1_1_1_1_1_1_1_1_1_1_1_1_1_1_1_1_1_1_1_1_1_1_2_1_1_2_4,146.46795057420894,22,7741,2022,"{""type"":""Point"",""coordinates"":[0.0,0.0]}"
1_1_1_1_1_1_1_1_1_1_1_1_1_1_1_1_1_1_1_1_1_1_1_1_1_1_1_2_1_1_2_5,1325.5903599816381,29,7741,2022,"{""type"":""Point"",""coordinates"":[0.0,0.0]}"
1_1_1_1_1_1_1_1_1_1_1_1_1_1_1_1_1_1_1_1_1_1_1_1_1_1_1_2_1_1_2_6,3804.9495286591905,33,7741,2022,"{""type"":""Point"",""coordinates"":[0.0,0.0]}"
1_1_1_1_1_1_1_1_1_1_1_1_1_1_1_1_1_1_1_1_1_1_1_1_1_1_1_2_1_2_0,85927.50747812512,3,7741,2023,"{""type"":""Point"",""coordinates"":[0.0,0.0]}"
1_1_1_1_1_1_1_1_1_1_1_1_1_1_1_1_1_1_1_1_1_1_1_1_1_1_1_2_1_2_1,449569.74969253904,4,7741,2023,"{""type"":""Point"",""coordinates"":[0.0,0.0]}"
1_1_1_1_1_1_1_1_1_1_1_1_1_1_1_1_1_1_1_1_1_1_1_1_1_1_1_2_1_2_2,204.47333008262444,12,7741,2023,"{""type"":""Point"",""coordinates"":[0.0,0.0]}"
1_1_1_1_1_1_1_1_1_1_1_1_1_1_1_1_1_1_1_1_1_1_1_1_1_1_1_2_1_2_3,1339149.838099738,21,7741,2023,"{""type"":""Point"",""coordinates"":[0.0,0.0]}"
1_1_1_1_1_1_1_1_1_1_1_1_1_1_1_1_1_1_1_1_1_1_1_1_1_1_1_2_1_2_4,17.76131289301853,22,7741,2023,"{""type"":""Point"",""coordinates"":[0.0,0.0]}"
1_1_1_1_1_1_1_1_1_1_1_1_1_1_1_1_1_1_1_1_1_1_1_1_1_1_1_2_1_2_5,1622.33082238061,29,7741,2023,"{""type"":""Point"",""coordinates"":[0.0,0.0]}"
1_1_1_1_1_1_1_1_1_1_1_1_1_1_1_1_1_1_1_1_1_1_1_1_1_1_1_2_1_2_6,2049.598191843909,33,7741,2023,"{""type"":""Point"",""coordinates"":[0.0,0.0]}"
1_1_1_1_1_1_1_1_1_1_1_1_1_1_1_1_1_1_1_1_1_1_1_1_1_1_1_2_2_0,104561.30585413966,3,7741,2024,"{""type"":""Point"",""coordinates"":[0.0,0.0]}"
1_1_1_1_1_1_1_1_1_1_1_1_1_1_1_1_1_1_1_1_1_1_1_1_1_1_1_2_2_1,484127.45781526895,4,7741,2024,"{""type"":""Point"",""coordinates"":[0.0,0.0]}"
1_1_1_1_1_1_1_1_1_1_1_1_1_1_1_1_1_1_1_1_1_1_1_1_1_1_1_2_2_2,42.052854970583454,12,7741,2024,"{""type"":""Point"",""coordinates"":[0.0,0.0]}"
1_1_1_1_1_1_1_1_1_1_1_1_1_1_1_1_1_1_1_1_1_1_1_1_1_1_1_2_2_3,1280464.1845448755,21,7741,2024,"{""type"":""Point"",""coordinates"":[0.0,0.0]}"
1_1_1_1_1_1_1_1_1_1_1_1_1_1_1_1_1_1_1_1_1_1_1_1_1_1_1_2_2_4,676.7477527542895,22,7741,2024,"{""type"":""Point"",""coordinates"":[0.0,0.0]}"
1_1_1_1_1_1_1_1_1_1_1_1_1_1_1_1_1_1_1_1_1_1_1_1_1_1_1_2_2_5,927.1900708566768,29,7741,2024,"{""type"":""Point"",""coordinates"":[0.0,0.0]}"
1_1_1_1_1_1_1_1_1_1_1_1_1_1_1_1_1_1_1_1_1_1_1_1_1_1_1_2_2_6,7742.320034811001,33,7741,2024,"{""type"":""Point"",""coordinates"":[0.0,0.0]}"
1_1_1_1_1_1_1_1_1_1_1_1_1_1_1_1_1_1_1_1_1_1_1_1_1_1_2_1_1_1_1_1_1_1_1_2_0,21180.469315379312,3,7422,2016,"{""type"":""Point"",""coordinates"":[0.0,0.0]}"
1_1_1_1_1_1_1_1_1_1_1_1_1_1_1_1_1_1_1_1_1_1_1_1_1_1_2_1_1_1_1_1_1_1_1_2_1,1624925.2495489335,4,7422,2016,"{""type"":""Point"",""coordinates"":[0.0,0.0]}"
1_1_1_1_1_1_1_1_1_1_1_1_1_1_1_1_1_1_1_1_1_1_1_1_1_1_2_1_1_1_1_1_1_1_1_2_2,156.5656437769273,12,7422,2016,"{""type"":""Point"",""coordinates"":[0.0,0.0]}"
1_1_1_1_1_1_1_1_1_1_1_1_1_1_1_1_1_1_1_1_1_1_1_1_1_1_2_1_1_1_1_1_1_1_1_2_3,354540.6869136917,21,7422,2016,"{""type"":""Point"",""coordinates"":[0.0,0.0]}"
1_1_1_1_1_1_1_1_1_1_1_1_1_1_1_1_1_1_1_1_1_1_1_1_1_1_2_1_1_1_1_1_1_1_1_2_4,125.09711153564459,22,7422,2016,"{""type"":""Point"",""coordinates"":[0.0,0.0]}"
1_1_1_1_1_1_1_1_1_1_1_1_1_1_1_1_1_1_1_1_1_1_1_1_1_1_2_1_1_1_1_1_1_1_1_2_5,186.04490639624527,29,7422,2016,"{""type"":""Point"",""coordinates"":[0.0,0.0]}"
1_1_1_1_1_1_1_1_1_1_1_1_1_1_1_1_1_1_1_1_1_1_1_1_1_1_2_1_1_1_1_1_1_1_1_2_6,3188.355916656489,33,7422,2016,"{""type"":""Point"",""coordinates"":[0.0,0.0]}"
1_1_1_1_1_1_1_1_1_1_1_1_1_1_1_1_1_1_1_1_1_1_1_1_1_1_2_1_1_1_1_1_1_1_2_0,24014.77774496418,3,7422,2017,"{""type"":""Point"",""coordinates"":[0.0,0.0]}"
1_1_1_1_1_1_1_1_1_1_1_1_1_1_1_1_1_1_1_1_1_1_1_1_1_1_2_1_1_1_1_1_1_1_2_1,1624391.606436502,4,7422,2017,"{""type"":""Point"",""coordinates"":[0.0,0.0]}"
1_1_1_1_1_1_1_1_1_1_1_1_1_1_1_1_1_1_1_1_1_1_1_1_1_1_2_1_1_1_1_1_1_1_2_2,128.51117735602884,12,7422,2017,"{""type"":""Point"",""coordinates"":[0.0,0.0]}"
1_1_1_1_1_1_1_1_1_1_1_1_1_1_1_1_1_1_1_1_1_1_1_1_1_1_2_1_1_1_1_1_1_1_2_3,353720.30060101056,21,7422,2017,"{""type"":""Point"",""coordinates"":[0.0,0.0]}"
1_1_1_1_1_1_1_1_1_1_1_1_1_1_1_1_1_1_1_1_1_1_1_1_1_1_2_1_1_1_1_1_1_1_2_4,151.56311085276892,22,7422,2017,"{""type"":""Point"",""coordinates"":[0.0,0.0]}"
1_1_1_1_1_1_1_1_1_1_1_1_1_1_1_1_1_1_1_1_1_1_1_1_1_1_2_1_1_1_1_1_1_1_2_5,20.0337150756836,29,7422,2017,"{""type"":""Point"",""coordinates"":[0.0,0.0]}"
1_1_1_1_1_1_1_1_1_1_1_1_1_1_1_1_1_1_1_1_1_1_1_1_1_1_2_1_1_1_1_1_1_1_2_6,1875.6765706665033,33,7422,2017,"{""type"":""Point"",""coordinates"":[0.0,0.0]}"
1_1_1_1_1_1_1_1_1_1_1_1_1_1_1_1_1_1_1_1_1_1_1_1_1_1_2_1_1_1_1_1_1_2_0,27284.674305153378,3,7422,2018,"{""type"":""Point"",""coordinates"":[0.0,0.0]}"
1_1_1_1_1_1_1_1_1_1_1_1_1_1_1_1_1_1_1_1_1_1_1_1_1_1_2_1_1_1_1_1_1_2_1,1645314.554965668,4,7422,2018,"{""type"":""Point"",""coordinates"":[0.0,0.0]}"
1_1_1_1_1_1_1_1_1_1_1_1_1_1_1_1_1_1_1_1_1_1_1_1_1_1_2_1_1_1_1_1_1_2_2,572.2016070136575,12,7422,2018,"{""type"":""Point"",""coordinates"":[0.0,0.0]}"
1_1_1_1_1_1_1_1_1_1_1_1_1_1_1_1_1_1_1_1_1_1_1_1_1_1_2_1_1_1_1_1_1_2_3,325015.0411377313,21,7422,2018,"{""type"":""Point"",""coordinates"":[0.0,0.0]}"
1_1_1_1_1_1_1_1_1_1_1_1_1_1_1_1_1_1_1_1_1_1_1_1_1_1_2_1_1_1_1_1_1_2_4,124.92964586791993,22,7422,2018,"{""type"":""Point"",""coordinates"":[0.0,0.0]}"
1_1_1_1_1_1_1_1_1_1_1_1_1_1_1_1_1_1_1_1_1_1_1_1_1_1_2_1_1_1_1_1_1_2_5,275.5742845467363,29,7422,2018,"{""type"":""Point"",""coordinates"":[0.0,0.0]}"
1_1_1_1_1_1_1_1_1_1_1_1_1_1_1_1_1_1_1_1_1_1_1_1_1_1_2_1_1_1_1_1_1_2_6,5715.493410427067,33,7422,2018,"{""type"":""Point"",""coordinates"":[0.0,0.0]}"
1_1_1_1_1_1_1_1_1_1_1_1_1_1_1_1_1_1_1_1_1_1_1_1_1_1_2_1_1_1_1_1_2_0,36397.51496378644,3,7422,2019,"{""type"":""Point"",""coordinates"":[0.0,0.0]}"
1_1_1_1_1_1_1_1_1_1_1_1_1_1_1_1_1_1_1_1_1_1_1_1_1_1_2_1_1_1_1_1_2_1,1605386.016211149,4,7422,2019,"{""type"":""Point"",""coordinates"":[0.0,0.0]}"
1_1_1_1_1_1_1_1_1_1_1_1_1_1_1_1_1_1_1_1_1_1_1_1_1_1_2_1_1_1_1_1_2_2,271.05035640479,12,7422,2019,"{""type"":""Point"",""coordinates"":[0.0,0.0]}"
1_1_1_1_1_1_1_1_1_1_1_1_1_1_1_1_1_1_1_1_1_1_1_1_1_1_2_1_1_1_1_1_2_3,355902.5587168949,21,7422,2019,"{""type"":""Point"",""coordinates"":[0.0,0.0]}"
1_1_1_1_1_1_1_1_1_1_1_1_1_1_1_1_1_1_1_1_1_1_1_1_1_1_2_1_1_1_1_1_2_4,49.33454768066404,22,7422,2019,"{""type"":""Point"",""coordinates"":[0.0,0.0]}"
1_1_1_1_1_1_1_1_1_1_1_1_1_1_1_1_1_1_1_1_1_1_1_1_1_1_2_1_1_1_1_1_2_5,0.6232914916992187,29,7422,2019,"{""type"":""Point"",""coordinates"":[0.0,0.0]}"
1_1_1_1_1_1_1_1_1_1_1_1_1_1_1_1_1_1_1_1_1_1_1_1_1_1_2_1_1_1_1_1_2_6,6295.371268990229,33,7422,2019,"{""type"":""Point"",""coordinates"":[0.0,0.0]}"
1_1_1_1_1_1_1_1_1_1_1_1_1_1_1_1_1_1_1_1_1_1_1_1_1_1_2_1_1_1_1_2_0,25206.374621538074,3,7422,2020,"{""type"":""Point"",""coordinates"":[0.0,0.0]}"
1_1_1_1_1_1_1_1_1_1_1_1_1_1_1_1_1_1_1_1_1_1_1_1_1_1_2_1_1_1_1_2_1,1605147.1568910468,4,7422,2020,"{""type"":""Point"",""coordinates"":[0.0,0.0]}"
1_1_1_1_1_1_1_1_1_1_1_1_1_1_1_1_1_1_1_1_1_1_1_1_1_1_2_1_1_1_1_2_2,278.1811222948978,12,7422,2020,"{""type"":""Point"",""coordinates"":[0.0,0.0]}"
1_1_1_1_1_1_1_1_1_1_1_1_1_1_1_1_1_1_1_1_1_1_1_1_1_1_2_1_1_1_1_2_3,364011.8944843353,21,7422,2020,"{""type"":""Point"",""coordinates"":[0.0,0.0]}"
1_1_1_1_1_1_1_1_1_1_1_1_1_1_1_1_1_1_1_1_1_1_1_1_1_1_2_1_1_1_1_2_4,54.228158386230476,22,7422,2020,"{""type"":""Point"",""coordinates"":[0.0,0.0]}"
1_1_1_1_1_1_1_1_1_1_1_1_1_1_1_1_1_1_1_1_1_1_1_1_1_1_2_1_1_1_1_2_5,151.81718046875008,29,7422,2020,"{""type"":""Point"",""coordinates"":[0.0,0.0]}"
1_1_1_1_1_1_1_1_1_1_1_1_1_1_1_1_1_1_1_1_1_1_1_1_1_1_2_1_1_1_1_2_6,9452.816898304058,33,7422,2020,"{""type"":""Point"",""coordinates"":[0.0,0.0]}"
1_1_1_1_1_1_1_1_1_1_1_1_1_1_1_1_1_1_1_1_1_1_1_1_1_1_2_1_1_1_2_0,15284.68780123577,3,7422,2021,"{""type"":""Point"",""coordinates"":[0.0,0.0]}"
1_1_1_1_1_1_1_1_1_1_1_1_1_1_1_1_1_1_1_1_1_1_1_1_1_1_2_1_1_1_2_1,1611347.4484477662,4,7422,2021,"{""type"":""Point"",""coordinates"":[0.0,0.0]}"
1_1_1_1_1_1_1_1_1_1_1_1_1_1_1_1_1_1_1_1_1_1_1_1_1_1_2_1_1_1_2_2,69.26133617828967,12,7422,2021,"{""type"":""Point"",""coordinates"":[0.0,0.0]}"
1_1_1_1_1_1_1_1_1_1_1_1_1_1_1_1_1_1_1_1_1_1_1_1_1_1_2_1_1_1_2_3,370086.3292476286,21,7422,2021,"{""type"":""Point"",""coordinates"":[0.0,0.0]}"
1_1_1_1_1_1_1_1_1_1_1_1_1_1_1_1_1_1_1_1_1_1_1_1_1_1_2_1_1_1_2_4,61.71875556030273,22,7422,2021,"{""type"":""Point"",""coordinates"":[0.0,0.0]}"
1_1_1_1_1_1_1_1_1_1_1_1_1_1_1_1_1_1_1_1_1_1_1_1_1_1_2_1_1_1_2_5,179.64916964111322,29,7422,2021,"{""type"":""Point"",""coordinates"":[0.0,0.0]}"
1_1_1_1_1_1_1_1_1_1_1_1_1_1_1_1_1_1_1_1_1_1_1_1_1_1_2_1_1_1_2_6,7273.37459841922,33,7422,2021,"{""type"":""Point"",""coordinates"":[0.0,0.0]}"
1_1_1_1_1_1_1_1_1_1_1_1_1_1_1_1_1_1_1_1_1_1_1_1_1_1_2_1_1_2_0,22509.12240308539,3,7422,2022,"{""type"":""Point"",""coordinates"":[0.0,0.0]}"
1_1_1_1_1_1_1_1_1_1_1_1_1_1_1_1_1_1_1_1_1_1_1_1_1_1_2_1_1_2_1,1597967.818843426,4,7422,2022,"{""type"":""Point"",""coordinates"":[0.0,0.0]}"
1_1_1_1_1_1_1_1_1_1_1_1_1_1_1_1_1_1_1_1_1_1_1_1_1_1_2_1_1_2_2,92.91285989978269,12,7422,2022,"{""type"":""Point"",""coordinates"":[0.0,0.0]}"
1_1_1_1_1_1_1_1_1_1_1_1_1_1_1_1_1_1_1_1_1_1_1_1_1_1_2_1_1_2_3,375293.32363973453,21,7422,2022,"{""type"":""Point"",""coordinates"":[0.0,0.0]}"
1_1_1_1_1_1_1_1_1_1_1_1_1_1_1_1_1_1_1_1_1_1_1_1_1_1_2_1_1_2_4,470.86976454467793,22,7422,2022,"{""type"":""Point"",""coordinates"":[0.0,0.0]}"
1_1_1_1_1_1_1_1_1_1_1_1_1_1_1_1_1_1_1_1_1_1_1_1_1_1_2_1_1_2_5,526.5598807573385,29,7422,2022,"{""type"":""Point"",""coordinates"":[0.0,0.0]}"
1_1_1_1_1_1_1_1_1_1_1_1_1_1_1_1_1_1_1_1_1_1_1_1_1_1_2_1_1_2_6,7441.861964964393,33,7422,2022,"{""type"":""Point"",""coordinates"":[0.0,0.0]}"
1_1_1_1_1_1_1_1_1_1_1_1_1_1_1_1_1_1_1_1_1_1_1_1_1_1_2_1_2_0,18589.573998913373,3,7422,2023,"{""type"":""Point"",""coordinates"":[0.0,0.0]}"
1_1_1_1_1_1_1_1_1_1_1_1_1_1_1_1_1_1_1_1_1_1_1_1_1_1_2_1_2_1,1583635.0381360538,4,7422,2023,"{""type"":""Point"",""coordinates"":[0.0,0.0]}"
1_1_1_1_1_1_1_1_1_1_1_1_1_1_1_1_1_1_1_1_1_1_1_1_1_1_2_1_2_2,211.4470068706916,12,7422,2023,"{""type"":""Point"",""coordinates"":[0.0,0.0]}"
1_1_1_1_1_1_1_1_1_1_1_1_1_1_1_1_1_1_1_1_1_1_1_1_1_1_2_1_2_3,392959.0873063296,21,7422,2023,"{""type"":""Point"",""coordinates"":[0.0,0.0]}"
1_1_1_1_1_1_1_1_1_1_1_1_1_1_1_1_1_1_1_1_1_1_1_1_1_1_2_1_2_4,411.2517585937498,22,7422,2023,"{""type"":""Point"",""coordinates"":[0.0,0.0]}"
1_1_1_1_1_1_1_1_1_1_1_1_1_1_1_1_1_1_1_1_1_1_1_1_1_1_2_1_2_5,18.254934985351564,29,7422,2023,"{""type"":""Point"",""coordinates"":[0.0,0.0]}"
1_1_1_1_1_1_1_1_1_1_1_1_1_1_1_1_1_1_1_1_1_1_1_1_1_1_2_1_2_6,8477.816214616605,33,7422,2023,"{""type"":""Point"",""coordinates"":[0.0,0.0]}"
1_1_1_1_1_1_1_1_1_1_1_1_1_1_1_1_1_1_1_1_1_1_1_1_1_1_2_2_0,7945.910937635371,3,7422,2024,"{""type"":""Point"",""coordinates"":[0.0,0.0]}"
1_1_1_1_1_1_1_1_1_1_1_1_1_1_1_1_1_1_1_1_1_1_1_1_1_1_2_2_1,1610772.310308305,4,7422,2024,"{""type"":""Point"",""coordinates"":[0.0,0.0]}"
1_1_1_1_1_1_1_1_1_1_1_1_1_1_1_1_1_1_1_1_1_1_1_1_1_1_2_2_2,346.64013817026165,12,7422,2024,"{""type"":""Point"",""coordinates"":[0.0,0.0]}"
1_1_1_1_1_1_1_1_1_1_1_1_1_1_1_1_1_1_1_1_1_1_1_1_1_1_2_2_3,373808.13138426864,21,7422,2024,"{""type"":""Point"",""coordinates"":[0.0,0.0]}"
1_1_1_1_1_1_1_1_1_1_1_1_1_1_1_1_1_1_1_1_1_1_1_1_1_1_2_2_4,812.9179892651607,22,7422,2024,"{""type"":""Point"",""coordinates"":[0.0,0.0]}"
1_1_1_1_1_1_1_1_1_1_1_1_1_1_1_1_1_1_1_1_1_1_1_1_1_1_2_2_5,2233.687334017239,29,7422,2024,"{""type"":""Point"",""coordinates"":[0.0,0.0]}"
1_1_1_1_1_1_1_1_1_1_1_1_1_1_1_1_1_1_1_1_1_1_1_1_1_1_2_2_6,8382.871264744808,33,7422,2024,"{""type"":""Point"",""coordinates"":[0.0,0.0]}"
1_1_1_1_1_1_1_1_1_1_1_1_1_1_1_1_1_1_1_1_1_1_1_1_1_2_1_1_1_1_1_1_1_1_2_0,1014.9670079185078,3,76116,2016,"{""type"":""Point"",""coordinates"":[0.0,0.0]}"
1_1_1_1_1_1_1_1_1_1_1_1_1_1_1_1_1_1_1_1_1_1_1_1_1_2_1_1_1_1_1_1_1_1_2_1,1239677.2964808932,4,76116,2016,"{""type"":""Point"",""coordinates"":[0.0,0.0]}"
1_1_1_1_1_1_1_1_1_1_1_1_1_1_1_1_1_1_1_1_1_1_1_1_1_2_1_1_1_1_1_1_1_1_2_2,93.91065531616212,12,76116,2016,"{""type"":""Point"",""coordinates"":[0.0,0.0]}"
1_1_1_1_1_1_1_1_1_1_1_1_1_1_1_1_1_1_1_1_1_1_1_1_1_2_1_1_1_1_1_1_1_1_2_3,1066303.9432872045,21,76116,2016,"{""type"":""Point"",""coordinates"":[0.0,0.0]}"
1_1_1_1_1_1_1_1_1_1_1_1_1_1_1_1_1_1_1_1_1_1_1_1_1_2_1_1_1_1_1_1_1_1_2_4,454.740882840983,22,76116,2016,"{""type"":""Point"",""coordinates"":[0.0,0.0]}"
1_1_1_1_1_1_1_1_1_1_1_1_1_1_1_1_1_1_1_1_1_1_1_1_1_2_1_1_1_1_1_1_1_1_2_5,33.67222302856446,29,76116,2016,"{""type"":""Point"",""coordinates"":[0.0,0.0]}"
1_1_1_1_1_1_1_1_1_1_1_1_1_1_1_1_1_1_1_1_1_1_1_1_1_2_1_1_1_1_1_1_1_1_2_6,63890.8065121568,33,76116,2016,"{""type"":""Point"",""coordinates"":[0.0,0.0]}"
1_1_1_1_1_1_1_1_1_1_1_1_1_1_1_1_1_1_1_1_1_1_1_1_1_2_1_1_1_1_1_1_1_2_0,145.90269184350106,3,76116,2017,"{""type"":""Point"",""coordinates"":[0.0,0.0]}"
1_1_1_1_1_1_1_1_1_1_1_1_1_1_1_1_1_1_1_1_1_1_1_1_1_2_1_1_1_1_1_1_1_2_1,1264510.8046263123,4,76116,2017,"{""type"":""Point"",""coordinates"":[0.0,0.0]}"
1_1_1_1_1_1_1_1_1_1_1_1_1_1_1_1_1_1_1_1_1_1_1_1_1_2_1_1_1_1_1_1_1_2_2,78.38710347136856,12,76116,2017,"{""type"":""Point"",""coordinates"":[0.0,0.0]}"
1_1_1_1_1_1_1_1_1_1_1_1_1_1_1_1_1_1_1_1_1_1_1_1_1_2_1_1_1_1_1_1_1_2_3,1041122.8835347262,21,76116,2017,"{""type"":""Point"",""coordinates"":[0.0,0.0]}"
1_1_1_1_1_1_1_1_1_1_1_1_1_1_1_1_1_1_1_1_1_1_1_1_1_2_1_1_1_1_1_1_1_2_4,220.09805725097655,22,76116,2017,"{""type"":""Point"",""coordinates"":[0.0,0.0]}"
1_1_1_1_1_1_1_1_1_1_1_1_1_1_1_1_1_1_1_1_1_1_1_1_1_2_1_1_1_1_1_1_1_2_5,617.8739374816898,29,76116,2017,"{""type"":""Point"",""coordinates"":[0.0,0.0]}"
1_1_1_1_1_1_1_1_1_1_1_1_1_1_1_1_1_1_1_1_1_1_1_1_1_2_1_1_1_1_1_1_1_2_6,64773.38709823767,33,76116,2017,"{""type"":""Point"",""coordinates"":[0.0,0.0]}"
1_1_1_1_1_1_1_1_1_1_1_1_1_1_1_1_1_1_1_1_1_1_1_1_1_2_1_1_1_1_1_1_2_0,263.9720804072116,3,76116,2018,"{""type"":""Point"",""coordinates"":[0.0,0.0]}"
1_1_1_1_1_1_1_1_1_1_1_1_1_1_1_1_1_1_1_1_1_1_1_1_1_2_1_1_1_1_1_1_2_1,1297744.732534014,4,76116,2018,"{""type"":""Point"",""coordinates"":[0.0,0.0]}"
1_1_1_1_1_1_1_1_1_1_1_1_1_1_1_1_1_1_1_1_1_1_1_1_1_2_1_1_1_1_1_1_2_2,1515.285366469754,12,76116,2018,"{""type"":""Point"",""coordinates"":[0.0,0.0]}"
1_1_1_1_1_1_1_1_1_1_1_1_1_1_1_1_1_1_1_1_1_1_1_1_1_2_1_1_1_1_1_1_2_3,1001473.3170858832,21,76116,2018,"{""type"":""Point"",""coordinates"":[0.0,0.0]}"
1_1_1_1_1_1_1_1_1_1_1_1_1_1_1_1_1_1_1_1_1_1_1_1_1_2_1_1_1_1_1_1_2_4,4845.599239611829,22,76116,2018,"{""type"":""Point"",""coordinates"":[0.0,0.0]}"
1_1_1_1_1_1_1_1_1_1_1_1_1_1_1_1_1_1_1_1_1_1_1_1_1_2_1_1_1_1_1_1_2_5,55.274383441162115,29,76116,2018,"{""type"":""Point"",""coordinates"":[0.0,0.0]}"
1_1_1_1_1_1_1_1_1_1_1_1_1_1_1_1_1_1_1_1_1_1_1_1_1_2_1_1_1_1_1_1_2_6,65571.15635952368,33,76116,2018,"{""type"":""Point"",""coordinates"":[0.0,0.0]}"
1_1_1_1_1_1_1_1_1_1_1_1_1_1_1_1_1_1_1_1_1_1_1_1_1_2_1_1_1_1_1_2_0,656.43153129756,3,76116,2019,"{""type"":""Point"",""coordinates"":[0.0,0.0]}"
1_1_1_1_1_1_1_1_1_1_1_1_1_1_1_1_1_1_1_1_1_1_1_1_1_2_1_1_1_1_1_2_1,1289827.104652326,4,76116,2019,"{""type"":""Point"",""coordinates"":[0.0,0.0]}"
1_1_1_1_1_1_1_1_1_1_1_1_1_1_1_1_1_1_1_1_1_1_1_1_1_2_1_1_1_1_1_2_2,3397.866812011413,12,76116,2019,"{""type"":""Point"",""coordinates"":[0.0,0.0]}"
1_1_1_1_1_1_1_1_1_1_1_1_1_1_1_1_1_1_1_1_1_1_1_1_1_2_1_1_1_1_1_2_3,1008425.8753981618,21,76116,2019,"{""type"":""Point"",""coordinates"":[0.0,0.0]}"
1_1_1_1_1_1_1_1_1_1_1_1_1_1_1_1_1_1_1_1_1_1_1_1_1_2_1_1_1_1_1_2_4,904.470066682202,22,76116,2019,"{""type"":""Point"",""coordinates"":[0.0,0.0]}"
1_1_1_1_1_1_1_1_1_1_1_1_1_1_1_1_1_1_1_1_1_1_1_1_1_2_1_1_1_1_1_2_5,181.116175158093,29,76116,2019,"{""type"":""Point"",""coordinates"":[0.0,0.0]}"
1_1_1_1_1_1_1_1_1_1_1_1_1_1_1_1_1_1_1_1_1_1_1_1_1_2_1_1_1_1_1_2_6,68076.47241372456,33,76116,2019,"{""type"":""Point"",""coordinates"":[0.0,0.0]}"
1_1_1_1_1_1_1_1_1_1_1_1_1_1_1_1_1_1_1_1_1_1_1_1_1_2_1_1_1_1_2_0,663.3530070983883,3,76116,2020,"{""type"":""Point"",""coordinates"":[0.0,0.0]}"
1_1_1_1_1_1_1_1_1_1_1_1_1_1_1_1_1_1_1_1_1_1_1_1_1_2_1_1_1_1_2_1,1280756.461565732,4,76116,2020,"{""type"":""Point"",""coordinates"":[0.0,0.0]}"
1_1_1_1_1_1_1_1_1_1_1_1_1_1_1_1_1_1_1_1_1_1_1_1_1_2_1_1_1_1_2_2,816.8611400563673,12,76116,2020,"{""type"":""Point"",""coordinates"":[0.0,0.0]}"
1_1_1_1_1_1_1_1_1_1_1_1_1_1_1_1_1_1_1_1_1_1_1_1_1_2_1_1_1_1_2_3,1016061.2248785286,21,76116,2020,"{""type"":""Point"",""coordinates"":[0.0,0.0]}"
1_1_1_1_1_1_1_1_1_1_1_1_1_1_1_1_1_1_1_1_1_1_1_1_1_2_1_1_1_1_2_4,1720.1866066753796,22,76116,2020,"{""type"":""Point"",""coordinates"":[0.0,0.0]}"
1_1_1_1_1_1_1_1_1_1_1_1_1_1_1_1_1_1_1_1_1_1_1_1_1_2_1_1_1_1_2_5,1040.9482254108007,29,76116,2020,"{""type"":""Point"",""coordinates"":[0.0,0.0]}"
1_1_1_1_1_1_1_1_1_1_1_1_1_1_1_1_1_1_1_1_1_1_1_1_1_2_1_1_1_1_2_6,70410.3016259102,33,76116,2020,"{""type"":""Point"",""coordinates"":[0.0,0.0]}"
1_1_1_1_1_1_1_1_1_1_1_1_1_1_1_1_1_1_1_1_1_1_1_1_1_2_1_1_1_2_0,660.932516242029,3,76116,2021,"{""type"":""Point"",""coordinates"":[0.0,0.0]}"
1_1_1_1_1_1_1_1_1_1_1_1_1_1_1_1_1_1_1_1_1_1_1_1_1_2_1_1_1_2_1,1309803.503086467,4,76116,2021,"{""type"":""Point"",""coordinates"":[0.0,0.0]}"
1_1_1_1_1_1_1_1_1_1_1_1_1_1_1_1_1_1_1_1_1_1_1_1_1_2_1_1_1_2_2,744.8096399119673,12,76116,2021,"{""type"":""Point"",""coordinates"":[0.0,0.0]}"
1_1_1_1_1_1_1_1_1_1_1_1_1_1_1_1_1_1_1_1_1_1_1_1_1_2_1_1_1_2_3,984402.6305450702,21,76116,2021,"{""type"":""Point"",""coordinates"":[0.0,0.0]}"
1_1_1_1_1_1_1_1_1_1_1_1_1_1_1_1_1_1_1_1_1_1_1_1_1_2_1_1_1_2_4,2105.4725172310586,22,76116,2021,"{""type"":""Point"",""coordinates"":[0.0,0.0]}"
1_1_1_1_1_1_1_1_1_1_1_1_1_1_1_1_1_1_1_1_1_1_1_1_1_2_1_1_1_2_5,6.713769152832031,29,76116,2021,"{""type"":""Point"",""coordinates"":[0.0,0.0]}"
1_1_1_1_1_1_1_1_1_1_1_1_1_1_1_1_1_1_1_1_1_1_1_1_1_2_1_1_1_2_6,73745.27497535216,33,76116,2021,"{""type"":""Point"",""coordinates"":[0.0,0.0]}"
1_1_1_1_1_1_1_1_1_1_1_1_1_1_1_1_1_1_1_1_1_1_1_1_1_2_1_1_2_0,633.9427147071503,3,76116,2022,"{""type"":""Point"",""coordinates"":[0.0,0.0]}"
1_1_1_1_1_1_1_1_1_1_1_1_1_1_1_1_1_1_1_1_1_1_1_1_1_2_1_1_2_1,1330500.1375860872,4,76116,2022,"{""type"":""Point"",""coordinates"":[0.0,0.0]}"
1_1_1_1_1_1_1_1_1_1_1_1_1_1_1_1_1_1_1_1_1_1_1_1_1_2_1_1_2_2,1067.423571977612,12,76116,2022,"{""type"":""Point"",""coordinates"":[0.0,0.0]}"
1_1_1_1_1_1_1_1_1_1_1_1_1_1_1_1_1_1_1_1_1_1_1_1_1_2_1_1_2_3,963979.8848779615,21,76116,2022,"{""type"":""Point"",""coordinates"":[0.0,0.0]}"
1_1_1_1_1_1_1_1_1_1_1_1_1_1_1_1_1_1_1_1_1_1_1_1_1_2_1_1_2_4,991.8516622813993,22,76116,2022,"{""type"":""Point"",""coordinates"":[0.0,0.0]}"
1_1_1_1_1_1_1_1_1_1_1_1_1_1_1_1_1_1_1_1_1_1_1_1_1_2_1_1_2_5,2111.8565050873626,29,76116,2022,"{""type"":""Point"",""coordinates"":[0.0,0.0]}"
1_1_1_1_1_1_1_1_1_1_1_1_1_1_1_1_1_1_1_1_1_1_1_1_1_2_1_1_2_6,72184.24013140994,33,76116,2022,"{""type"":""Point"",""coordinates"":[0.0,0.0]}"
1_1_1_1_1_1_1_1_1_1_1_1_1_1_1_1_1_1_1_1_1_1_1_1_1_2_1_2_0,1020.0607905144897,3,76116,2023,"{""type"":""Point"",""coordinates"":[0.0,0.0]}"
1_1_1_1_1_1_1_1_1_1_1_1_1_1_1_1_1_1_1_1_1_1_1_1_1_2_1_2_1,1321599.3367014085,4,76116,2023,"{""type"":""Point"",""coordinates"":[0.0,0.0]}"
1_1_1_1_1_1_1_1_1_1_1_1_1_1_1_1_1_1_1_1_1_1_1_1_1_2_1_2_2,307.42082679093954,12,76116,2023,"{""type"":""Point"",""coordinates"":[0.0,0.0]}"
1_1_1_1_1_1_1_1_1_1_1_1_1_1_1_1_1_1_1_1_1_1_1_1_1_2_1_2_3,972689.9527757901,21,76116,2023,"{""type"":""Point"",""coordinates"":[0.0,0.0]}"
1_1_1_1_1_1_1_1_1_1_1_1_1_1_1_1_1_1_1_1_1_1_1_1_1_2_1_2_4,3317.1519935436263,22,76116,2023,"{""type"":""Point"",""coordinates"":[0.0,0.0]}"
1_1_1_1_1_1_1_1_1_1_1_1_1_1_1_1_1_1_1_1_1_1_1_1_1_2_1_2_5,1342.820755721098,29,76116,2023,"{""type"":""Point"",""coordinates"":[0.0,0.0]}"
1_1_1_1_1_1_1_1_1_1_1_1_1_1_1_1_1_1_1_1_1_1_1_1_1_2_1_2_6,71192.59320574232,33,76116,2023,"{""type"":""Point"",""coordinates"":[0.0,0.0]}"
1_1_1_1_1_1_1_1_1_1_1_1_1_1_1_1_1_1_1_1_1_1_1_1_1_2_2_0,2144.4224102560106,3,76116,2024,"{""type"":""Point"",""coordinates"":[0.0,0.0]}"
1_1_1_1_1_1_1_1_1_1_1_1_1_1_1_1_1_1_1_1_1_1_1_1_1_2_2_1,1210621.199902993,4,76116,2024,"{""type"":""Point"",""coordinates"":[0.0,0.0]}"
1_1_1_1_1_1_1_1_1_1_1_1_1_1_1_1_1_1_1_1_1_1_1_1_1_2_2_2,161.69216904004873,12,76116,2024,"{""type"":""Point"",""coordinates"":[0.0,0.0]}"
1_1_1_1_1_1_1_1_1_1_1_1_1_1_1_1_1_1_1_1_1_1_1_1_1_2_2_3,1084832.4516851834,21,76116,2024,"{""type"":""Point"",""coordinates"":[0.0,0.0]}"
1_1_1_1_1_1_1_1_1_1_1_1_1_1_1_1_1_1_1_1_1_1_1_1_1_2_2_4,268.57235793734657,22,76116,2024,"{""type"":""Point"",""coordinates"":[0.0,0.0]}"
1_1_1_1_1_1_1_1_1_1_1_1_1_1_1_1_1_1_1_1_1_1_1_1_1_2_2_5,920.1594602637148,29,76116,2024,"{""type"":""Point"",""coordinates"":[0.0,0.0]}"
1_1_1_1_1_1_1_1_1_1_1_1_1_1_1_1_1_1_1_1_1_1_1_1_1_2_2_6,72520.83906383946,33,76116,2024,"{""type"":""Point"",""coordinates"":[0.0,0.0]}"
1_1_1_1_1_1_1_1_1_1_1_1_1_1_1_1_1_1_1_1_1_1_1_1_2_1_1_1_1_1_1_1_1_2_0,45474.14484882236,3,7761,2016,"{""type"":""Point"",""coordinates"":[0.0,0.0]}"
1_1_1_1_1_1_1_1_1_1_1_1_1_1_1_1_1_1_1_1_1_1_1_1_2_1_1_1_1_1_1_1_1_2_1,731570.3664302108,4,7761,2016,"{""type"":""Point"",""coordinates"":[0.0,0.0]}"
1_1_1_1_1_1_1_1_1_1_1_1_1_1_1_1_1_1_1_1_1_1_1_1_2_1_1_1_1_1_1_1_1_2_2,3447.192226013287,12,7761,2016,"{""type"":""Point"",""coordinates"":[0.0,0.0]}"
1_1_1_1_1_1_1_1_1_1_1_1_1_1_1_1_1_1_1_1_1_1_1_1_2_1_1_1_1_1_1_1_1_2_3,534258.4884020798,21,7761,2016,"{""type"":""Point"",""coordinates"":[0.0,0.0]}"
1_1_1_1_1_1_1_1_1_1_1_1_1_1_1_1_1_1_1_1_1_1_1_1_2_1_1_1_1_1_1_1_1_2_4,0.4342113891601562,22,7761,2016,"{""type"":""Point"",""coordinates"":[0.0,0.0]}"
1_1_1_1_1_1_1_1_1_1_1_1_1_1_1_1_1_1_1_1_1_1_1_1_2_1_1_1_1_1_1_1_1_2_5,10.592726690673826,29,7761,2016,"{""type"":""Point"",""coordinates"":[0.0,0.0]}"
1_1_1_1_1_1_1_1_1_1_1_1_1_1_1_1_1_1_1_1_1_1_1_1_2_1_1_1_1_1_1_1_1_2_6,6713.0808021870025,33,7761,2016,"{""type"":""Point"",""coordinates"":[0.0,0.0]}"
1_1_1_1_1_1_1_1_1_1_1_1_1_1_1_1_1_1_1_1_1_1_1_1_2_1_1_1_1_1_1_1_2_0,105176.89427502375,3,7761,2017,"{""type"":""Point"",""coordinates"":[0.0,0.0]}"
1_1_1_1_1_1_1_1_1_1_1_1_1_1_1_1_1_1_1_1_1_1_1_1_2_1_1_1_1_1_1_1_2_1,688555.5041781247,4,7761,2017,"{""type"":""Point"",""coordinates"":[0.0,0.0]}"
1_1_1_1_1_1_1_1_1_1_1_1_1_1_1_1_1_1_1_1_1_1_1_1_2_1_1_1_1_1_1_1_2_2,1764.1804399453588,12,7761,2017,"{""type"":""Point"",""coordinates"":[0.0,0.0]}"
1_1_1_1_1_1_1_1_1_1_1_1_1_1_1_1_1_1_1_1_1_1_1_1_2_1_1_1_1_1_1_1_2_3,520331.2034022293,21,7761,2017,"{""type"":""Point"",""coordinates"":[0.0,0.0]}"
1_1_1_1_1_1_1_1_1_1_1_1_1_1_1_1_1_1_1_1_1_1_1_1_2_1_1_1_1_1_1_1_2_4,0.6075282287597656,22,7761,2017,"{""type"":""Point"",""coordinates"":[0.0,0.0]}"
1_1_1_1_1_1_1_1_1_1_1_1_1_1_1_1_1_1_1_1_1_1_1_1_2_1_1_1_1_1_1_1_2_5,84.31236711425784,29,7761,2017,"{""type"":""Point"",""coordinates"":[0.0,0.0]}"
1_1_1_1_1_1_1_1_1_1_1_1_1_1_1_1_1_1_1_1_1_1_1_1_2_1_1_1_1_1_1_1_2_6,5561.597456688966,33,7761,2017,"{""type"":""Point"",""coordinates"":[0.0,0.0]}"
1_1_1_1_1_1_1_1_1_1_1_1_1_1_1_1_1_1_1_1_1_1_1_1_2_1_1_1_1_1_1_2_0,66928.9477836422,3,7761,2018,"{""type"":""Point"",""coordinates"":[0.0,0.0]}"
1_1_1_1_1_1_1_1_1_1_1_1_1_1_1_1_1_1_1_1_1_1_1_1_2_1_1_1_1_1_1_2_1,722443.7379951056,4,7761,2018,"{""type"":""Point"",""coordinates"":[0.0,0.0]}"
1_1_1_1_1_1_1_1_1_1_1_1_1_1_1_1_1_1_1_1_1_1_1_1_2_1_1_1_1_1_1_2_2,2785.8360577701374,12,7761,2018,"{""type"":""Point"",""coordinates"":[0.0,0.0]}"
1_1_1_1_1_1_1_1_1_1_1_1_1_1_1_1_1_1_1_1_1_1_1_1_2_1_1_1_1_1_1_2_3,522642.33662924246,21,7761,2018,"{""type"":""Point"",""coordinates"":[0.0,0.0]}"
1_1_1_1_1_1_1_1_1_1_1_1_1_1_1_1_1_1_1_1_1_1_1_1_2_1_1_1_1_1_1_2_4,60.338841455078125,22,7761,2018,"{""type"":""Point"",""coordinates"":[0.0,0.0]}"
1_1_1_1_1_1_1_1_1_1_1_1_1_1_1_1_1_1_1_1_1_1_1_1_2_1_1_1_1_1_1_2_5,1016.4626443311272,29,7761,2018,"{""type"":""Point"",""coordinates"":[0.0,0.0]}"
1_1_1_1_1_1_1_1_1_1_1_1_1_1_1_1_1_1_1_1_1_1_1_1_2_1_1_1_1_1_1_2_6,5596.639695835634,33,7761,2018,"{""type"":""Point"",""coordinates"":[0.0,0.0]}"
1_1_1_1_1_1_1_1_1_1_1_1_1_1_1_1_1_1_1_1_1_1_1_1_2_1_1_1_1_1_2_0,78064.15989690927,3,7761,2019,"{""type"":""Point"",""coordinates"":[0.0,0.0]}"
1_1_1_1_1_1_1_1_1_1_1_1_1_1_1_1_1_1_1_1_1_1_1_1_2_1_1_1_1_1_2_1,704278.7504857504,4,7761,2019,"{""type"":""Point"",""coordinates"":[0.0,0.0]}"
1_1_1_1_1_1_1_1_1_1_1_1_1_1_1_1_1_1_1_1_1_1_1_1_2_1_1_1_1_1_2_2,2508.14408573746,12,7761,2019,"{""type"":""Point"",""coordinates"":[0.0,0.0]}"
1_1_1_1_1_1_1_1_1_1_1_1_1_1_1_1_1_1_1_1_1_1_1_1_2_1_1_1_1_1_2_3,529050.9972997477,21,7761,2019,"{""type"":""Point"",""coordinates"":[0.0,0.0]}"
1_1_1_1_1_1_1_1_1_1_1_1_1_1_1_1_1_1_1_1_1_1_1_1_2_1_1_1_1_1_2_4,11.51677753571154,22,7761,2019,"{""type"":""Point"",""coordinates"":[0.0,0.0]}"
1_1_1_1_1_1_1_1_1_1_1_1_1_1_1_1_1_1_1_1_1_1_1_1_2_1_1_1_1_1_2_5,859.7969959901325,29,7761,2019,"{""type"":""Point"",""coordinates"":[0.0,0.0]}"
1_1_1_1_1_1_1_1_1_1_1_1_1_1_1_1_1_1_1_1_1_1_1_1_2_1_1_1_1_1_2_6,6700.934105717023,33,7761,2019,"{""type"":""Point"",""coordinates"":[0.0,0.0]}"
1_1_1_1_1_1_1_1_1_1_1_1_1_1_1_1_1_1_1_1_1_1_1_1_2_1_1_1_1_2_0,69463.09831418845,3,7761,2020,"{""type"":""Point"",""coordinates"":[0.0,0.0]}"
1_1_1_1_1_1_1_1_1_1_1_1_1_1_1_1_1_1_1_1_1_1_1_1_2_1_1_1_1_2_1,708074.2777973692,4,7761,2020,"{""type"":""Point"",""coordinates"":[0.0,0.0]}"
1_1_1_1_1_1_1_1_1_1_1_1_1_1_1_1_1_1_1_1_1_1_1_1_2_1_1_1_1_2_2,3859.5718721757194,12,7761,2020,"{""type"":""Point"",""coordinates"":[0.0,0.0]}"
1_1_1_1_1_1_1_1_1_1_1_1_1_1_1_1_1_1_1_1_1_1_1_1_2_1_1_1_1_2_3,535254.6594464342,21,7761,2020,"{""type"":""Point"",""coordinates"":[0.0,0.0]}"
1_1_1_1_1_1_1_1_1_1_1_1_1_1_1_1_1_1_1_1_1_1_1_1_2_1_1_1_1_2_4,0.5209451721191406,22,7761,2020,"{""type"":""Point"",""coordinates"":[0.0,0.0]}"
1_1_1_1_1_1_1_1_1_1_1_1_1_1_1_1_1_1_1_1_1_1_1_1_2_1_1_1_1_2_5,33.416709307861325,29,7761,2020,"{""type"":""Point"",""coordinates"":[0.0,0.0]}"
1_1_1_1_1_1_1_1_1_1_1_1_1_1_1_1_1_1_1_1_1_1_1_1_2_1_1_1_1_2_6,4788.754562762444,33,7761,2020,"{""type"":""Point"",""coordinates"":[0.0,0.0]}"
1_1_1_1_1_1_1_1_1_1_1_1_1_1_1_1_1_1_1_1_1_1_1_1_2_1_1_1_2_0,58514.4940776497,3,7761,2021,"{""type"":""Point"",""coordinates"":[0.0,0.0]}"
1_1_1_1_1_1_1_1_1_1_1_1_1_1_1_1_1_1_1_1_1_1_1_1_2_1_1_1_2_1,721922.0456924903,4,7761,2021,"{""type"":""Point"",""coordinates"":[0.0,0.0]}"
1_1_1_1_1_1_1_1_1_1_1_1_1_1_1_1_1_1_1_1_1_1_1_1_2_1_1_1_2_2,2855.0932717926353,12,7761,2021,"{""type"":""Point"",""coordinates"":[0.0,0.0]}"
1_1_1_1_1_1_1_1_1_1_1_1_1_1_1_1_1_1_1_1_1_1_1_1_2_1_1_1_2_3,530776.5539193342,21,7761,2021,"{""type"":""Point"",""coordinates"":[0.0,0.0]}"
1_1_1_1_1_1_1_1_1_1_1_1_1_1_1_1_1_1_1_1_1_1_1_1_2_1_1_1_2_4,17.805694268798828,29,7761,2021,"{""type"":""Point"",""coordinates"":[0.0,0.0]}"
1_1_1_1_1_1_1_1_1_1_1_1_1_1_1_1_1_1_1_1_1_1_1_1_2_1_1_1_2_5,7388.306991878833,33,7761,2021,"{""type"":""Point"",""coordinates"":[0.0,0.0]}"
1_1_1_1_1_1_1_1_1_1_1_1_1_1_1_1_1_1_1_1_1_1_1_1_2_1_1_2_0,75769.68284553799,3,7761,2022,"{""type"":""Point"",""coordinates"":[0.0,0.0]}"
1_1_1_1_1_1_1_1_1_1_1_1_1_1_1_1_1_1_1_1_1_1_1_1_2_1_1_2_1,739562.9237493828,4,7761,2022,"{""type"":""Point"",""coordinates"":[0.0,0.0]}"
1_1_1_1_1_1_1_1_1_1_1_1_1_1_1_1_1_1_1_1_1_1_1_1_2_1_1_2_2,3367.239814833426,12,7761,2022,"{""type"":""Point"",""coordinates"":[0.0,0.0]}"
1_1_1_1_1_1_1_1_1_1_1_1_1_1_1_1_1_1_1_1_1_1_1_1_2_1_1_2_3,494384.7010485973,21,7761,2022,"{""type"":""Point"",""coordinates"":[0.0,0.0]}"
1_1_1_1_1_1_1_1_1_1_1_1_1_1_1_1_1_1_1_1_1_1_1_1_2_1_1_2_4,0.9539001220703125,22,7761,2022,"{""type"":""Point"",""coordinates"":[0.0,0.0]}"
1_1_1_1_1_1_1_1_1_1_1_1_1_1_1_1_1_1_1_1_1_1_1_1_2_1_1_2_5,4.518420446777343,29,7761,2022,"{""type"":""Point"",""coordinates"":[0.0,0.0]}"
1_1_1_1_1_1_1_1_1_1_1_1_1_1_1_1_1_1_1_1_1_1_1_1_2_1_1_2_6,8384.27986844867,33,7761,2022,"{""type"":""Point"",""coordinates"":[0.0,0.0]}"
1_1_1_1_1_1_1_1_1_1_1_1_1_1_1_1_1_1_1_1_1_1_1_1_2_1_2_0,53686.07546687164,3,7761,2023,"{""type"":""Point"",""coordinates"":[0.0,0.0]}"
1_1_1_1_1_1_1_1_1_1_1_1_1_1_1_1_1_1_1_1_1_1_1_1_2_1_2_1,769295.4641198642,4,7761,2023,"{""type"":""Point"",""coordinates"":[0.0,0.0]}"
1_1_1_1_1_1_1_1_1_1_1_1_1_1_1_1_1_1_1_1_1_1_1_1_2_1_2_2,2222.092909533838,12,7761,2023,"{""type"":""Point"",""coordinates"":[0.0,0.0]}"
1_1_1_1_1_1_1_1_1_1_1_1_1_1_1_1_1_1_1_1_1_1_1_1_2_1_2_3,486416.4751922496,21,7761,2023,"{""type"":""Point"",""coordinates"":[0.0,0.0]}"
1_1_1_1_1_1_1_1_1_1_1_1_1_1_1_1_1_1_1_1_1_1_1_1_2_1_2_4,0.5210375183105469,22,7761,2023,"{""type"":""Point"",""coordinates"":[0.0,0.0]}"
1_1_1_1_1_1_1_1_1_1_1_1_1_1_1_1_1_1_1_1_1_1_1_1_2_1_2_5,945.789110269558,29,7761,2023,"{""type"":""Point"",""coordinates"":[0.0,0.0]}"
1_1_1_1_1_1_1_1_1_1_1_1_1_1_1_1_1_1_1_1_1_1_1_1_2_1_2_6,8907.881811055859,33,7761,2023,"{""type"":""Point"",""coordinates"":[0.0,0.0]}"
1_1_1_1_1_1_1_1_1_1_1_1_1_1_1_1_1_1_1_1_1_1_1_1_2_2_0,98708.15406050798,3,7761,2024,"{""type"":""Point"",""coordinates"":[0.0,0.0]}"
1_1_1_1_1_1_1_1_1_1_1_1_1_1_1_1_1_1_1_1_1_1_1_1_2_2_1,711684.488072285,4,7761,2024,"{""type"":""Point"",""coordinates"":[0.0,0.0]}"
1_1_1_1_1_1_1_1_1_1_1_1_1_1_1_1_1_1_1_1_1_1_1_1_2_2_2,1764.399663764057,12,7761,2024,"{""type"":""Point"",""coordinates"":[0.0,0.0]}"
1_1_1_1_1_1_1_1_1_1_1_1_1_1_1_1_1_1_1_1_1_1_1_1_2_2_3,500503.4986110609,21,7761,2024,"{""type"":""Point"",""coordinates"":[0.0,0.0]}"
1_1_1_1_1_1_1_1_1_1_1_1_1_1_1_1_1_1_1_1_1_1_1_1_2_2_4,0.8683261657714844,22,7761,2024,"{""type"":""Point"",""coordinates"":[0.0,0.0]}"
1_1_1_1_1_1_1_1_1_1_1_1_1_1_1_1_1_1_1_1_1_1_1_1_2_2_5,10.597989202880859,29,7761,2024,"{""type"":""Point"",""coordinates"":[0.0,0.0]}"
1_1_1_1_1_1_1_1_1_1_1_1_1_1_1_1_1_1_1_1_1_1_1_1_2_2_6,8802.292924357396,33,7761,2024,"{""type"":""Point"",""coordinates"":[0.0,0.0]}"
1_1_1_1_1_1_1_1_1_1_1_1_1_1_1_1_1_1_1_1_1_1_1_2_1_1_1_1_1_1_1_1_2_0,19870.12395536001,3,7671,2016,"{""type"":""Point"",""coordinates"":[0.0,0.0]}"
1_1_1_1_1_1_1_1_1_1_1_1_1_1_1_1_1_1_1_1_1_1_1_2_1_1_1_1_1_1_1_1_2_1,455623.881951389,4,7671,2016,"{""type"":""Point"",""coordinates"":[0.0,0.0]}"
1_1_1_1_1_1_1_1_1_1_1_1_1_1_1_1_1_1_1_1_1_1_1_2_1_1_1_1_1_1_1_1_2_2,1131.093924475792,12,7671,2016,"{""type"":""Point"",""coordinates"":[0.0,0.0]}"
1_1_1_1_1_1_1_1_1_1_1_1_1_1_1_1_1_1_1_1_1_1_1_2_1_1_1_1_1_1_1_1_2_3,341254.645489639,21,7671,2016,"{""type"":""Point"",""coordinates"":[0.0,0.0]}"
1_1_1_1_1_1_1_1_1_1_1_1_1_1_1_1_1_1_1_1_1_1_1_2_1_1_1_1_1_1_1_1_2_4,90.64494737862381,22,7671,2016,"{""type"":""Point"",""coordinates"":[0.0,0.0]}"
1_1_1_1_1_1_1_1_1_1_1_1_1_1_1_1_1_1_1_1_1_1_1_2_1_1_1_1_1_1_1_1_2_5,1413.6050802207521,29,7671,2016,"{""type"":""Point"",""coordinates"":[0.0,0.0]}"
1_1_1_1_1_1_1_1_1_1_1_1_1_1_1_1_1_1_1_1_1_1_1_2_1_1_1_1_1_1_1_1_2_6,14337.39181561684,33,7671,2016,"{""type"":""Point"",""coordinates"":[0.0,0.0]}"
1_1_1_1_1_1_1_1_1_1_1_1_1_1_1_1_1_1_1_1_1_1_1_2_1_1_1_1_1_1_1_2_0,16518.367356027524,3,7671,2017,"{""type"":""Point"",""coordinates"":[0.0,0.0]}"
1_1_1_1_1_1_1_1_1_1_1_1_1_1_1_1_1_1_1_1_1_1_1_2_1_1_1_1_1_1_1_2_1,464130.2884790071,4,7671,2017,"{""type"":""Point"",""coordinates"":[0.0,0.0]}"
1_1_1_1_1_1_1_1_1_1_1_1_1_1_1_1_1_1_1_1_1_1_1_2_1_1_1_1_1_1_1_2_2,346.1773920436967,12,7671,2017,"{""type"":""Point"",""coordinates"":[0.0,0.0]}"
1_1_1_1_1_1_1_1_1_1_1_1_1_1_1_1_1_1_1_1_1_1_1_2_1_1_1_1_1_1_1_2_3,338209.83859659184,21,7671,2017,"{""type"":""Point"",""coordinates"":[0.0,0.0]}"
1_1_1_1_1_1_1_1_1_1_1_1_1_1_1_1_1_1_1_1_1_1_1_2_1_1_1_1_1_1_1_2_4,61.63227547573913,22,7671,2017,"{""type"":""Point"",""coordinates"":[0.0,0.0]}"
1_1_1_1_1_1_1_1_1_1_1_1_1_1_1_1_1_1_1_1_1_1_1_2_1_1_1_1_1_1_1_2_5,1242.3747233087472,29,7671,2017,"{""type"":""Point"",""coordinates"":[0.0,0.0]}"
1_1_1_1_1_1_1_1_1_1_1_1_1_1_1_1_1_1_1_1_1_1_1_2_1_1_1_1_1_1_1_2_6,13212.708341582349,33,7671,2017,"{""type"":""Point"",""coordinates"":[0.0,0.0]}"
1_1_1_1_1_1_1_1_1_1_1_1_1_1_1_1_1_1_1_1_1_1_1_2_1_1_1_1_1_1_2_0,27771.6169307327,3,7671,2018,"{""type"":""Point"",""coordinates"":[0.0,0.0]}"
1_1_1_1_1_1_1_1_1_1_1_1_1_1_1_1_1_1_1_1_1_1_1_2_1_1_1_1_1_1_2_1,447899.8309332692,4,7671,2018,"{""type"":""Point"",""coordinates"":[0.0,0.0]}"
1_1_1_1_1_1_1_1_1_1_1_1_1_1_1_1_1_1_1_1_1_1_1_2_1_1_1_1_1_1_2_2,444.52369370655737,12,7671,2018,"{""type"":""Point"",""coordinates"":[0.0,0.0]}"
1_1_1_1_1_1_1_1_1_1_1_1_1_1_1_1_1_1_1_1_1_1_1_2_1_1_1_1_1_1_2_3,342939.99415374245,21,7671,2018,"{""type"":""Point"",""coordinates"":[0.0,0.0]}"
1_1_1_1_1_1_1_1_1_1_1_1_1_1_1_1_1_1_1_1_1_1_1_2_1_1_1_1_1_1_2_4,97.66907813849953,22,7671,2018,"{""type"":""Point"",""coordinates"":[0.0,0.0]}"
1_1_1_1_1_1_1_1_1_1_1_1_1_1_1_1_1_1_1_1_1_1_1_2_1_1_1_1_1_1_2_5,924.8559444544871,29,7671,2018,"{""type"":""Point"",""coordinates"":[0.0,0.0]}"
1_1_1_1_1_1_1_1_1_1_1_1_1_1_1_1_1_1_1_1_1_1_1_2_1_1_1_1_1_1_2_6,13642.896430017163,33,7671,2018,"{""type"":""Point"",""coordinates"":[0.0,0.0]}"
1_1_1_1_1_1_1_1_1_1_1_1_1_1_1_1_1_1_1_1_1_1_1_2_1_1_1_1_1_2_0,19291.55126180483,3,7671,2019,"{""type"":""Point"",""coordinates"":[0.0,0.0]}"
1_1_1_1_1_1_1_1_1_1_1_1_1_1_1_1_1_1_1_1_1_1_1_2_1_1_1_1_1_2_1,456281.09864211554,4,7671,2019,"{""type"":""Point"",""coordinates"":[0.0,0.0]}"
1_1_1_1_1_1_1_1_1_1_1_1_1_1_1_1_1_1_1_1_1_1_1_2_1_1_1_1_1_2_2,487.0856338265934,12,7671,2019,"{""type"":""Point"",""coordinates"":[0.0,0.0]}"
1_1_1_1_1_1_1_1_1_1_1_1_1_1_1_1_1_1_1_1_1_1_1_2_1_1_1_1_1_2_3,344122.4610146233,21,7671,2019,"{""type"":""Point"",""coordinates"":[0.0,0.0]}"
1_1_1_1_1_1_1_1_1_1_1_1_1_1_1_1_1_1_1_1_1_1_1_2_1_1_1_1_1_2_4,32.436091473388664,22,7671,2019,"{""type"":""Point"",""coordinates"":[0.0,0.0]}"
1_1_1_1_1_1_1_1_1_1_1_1_1_1_1_1_1_1_1_1_1_1_1_2_1_1_1_1_1_2_5,349.2221587838697,29,7671,2019,"{""type"":""Point"",""coordinates"":[0.0,0.0]}"
1_1_1_1_1_1_1_1_1_1_1_1_1_1_1_1_1_1_1_1_1_1_1_2_1_1_1_1_1_2_6,13157.532361457237,33,7671,2019,"{""type"":""Point"",""coordinates"":[0.0,0.0]}"
1_1_1_1_1_1_1_1_1_1_1_1_1_1_1_1_1_1_1_1_1_1_1_2_1_1_1_1_2_0,19000.253144169837,3,7671,2020,"{""type"":""Point"",""coordinates"":[0.0,0.0]}"
1_1_1_1_1_1_1_1_1_1_1_1_1_1_1_1_1_1_1_1_1_1_1_2_1_1_1_1_2_1,455404.3874799197,4,7671,2020,"{""type"":""Point"",""coordinates"":[0.0,0.0]}"
1_1_1_1_1_1_1_1_1_1_1_1_1_1_1_1_1_1_1_1_1_1_1_2_1_1_1_1_2_2,818.5748892941455,12,7671,2020,"{""type"":""Point"",""coordinates"":[0.0,0.0]}"
1_1_1_1_1_1_1_1_1_1_1_1_1_1_1_1_1_1_1_1_1_1_1_2_1_1_1_1_2_3,343734.90676926664,21,7671,2020,"{""type"":""Point"",""coordinates"":[0.0,0.0]}"
1_1_1_1_1_1_1_1_1_1_1_1_1_1_1_1_1_1_1_1_1_1_1_2_1_1_1_1_2_4,1199.1141598176346,22,7671,2020,"{""type"":""Point"",""coordinates"":[0.0,0.0]}"
1_1_1_1_1_1_1_1_1_1_1_1_1_1_1_1_1_1_1_1_1_1_1_2_1_1_1_1_2_5,450.394818114708,29,7671,2020,"{""type"":""Point"",""coordinates"":[0.0,0.0]}"
1_1_1_1_1_1_1_1_1_1_1_1_1_1_1_1_1_1_1_1_1_1_1_2_1_1_1_1_2_6,13113.755903463893,33,7671,2020,"{""type"":""Point"",""coordinates"":[0.0,0.0]}"
1_1_1_1_1_1_1_1_1_1_1_1_1_1_1_1_1_1_1_1_1_1_1_2_1_1_1_2_0,23476.579760750676,3,7671,2021,"{""type"":""Point"",""coordinates"":[0.0,0.0]}"
1_1_1_1_1_1_1_1_1_1_1_1_1_1_1_1_1_1_1_1_1_1_1_2_1_1_1_2_1,453031.25434647343,4,7671,2021,"{""type"":""Point"",""coordinates"":[0.0,0.0]}"
1_1_1_1_1_1_1_1_1_1_1_1_1_1_1_1_1_1_1_1_1_1_1_2_1_1_1_2_2,819.3882166805712,12,7671,2021,"{""type"":""Point"",""coordinates"":[0.0,0.0]}"
1_1_1_1_1_1_1_1_1_1_1_1_1_1_1_1_1_1_1_1_1_1_1_2_1_1_1_2_3,342341.93305726175,21,7671,2021,"{""type"":""Point"",""coordinates"":[0.0,0.0]}"
1_1_1_1_1_1_1_1_1_1_1_1_1_1_1_1_1_1_1_1_1_1_1_2_1_1_1_2_4,369.2681529641069,22,7671,2021,"{""type"":""Point"",""coordinates"":[0.0,0.0]}"
1_1_1_1_1_1_1_1_1_1_1_1_1_1_1_1_1_1_1_1_1_1_1_2_1_1_1_2_5,146.5837788574216,29,7671,2021,"{""type"":""Point"",""coordinates"":[0.0,0.0]}"
1_1_1_1_1_1_1_1_1_1_1_1_1_1_1_1_1_1_1_1_1_1_1_2_1_1_1_2_6,13536.379851029094,33,7671,2021,"{""type"":""Point"",""coordinates"":[0.0,0.0]}"
1_1_1_1_1_1_1_1_1_1_1_1_1_1_1_1_1_1_1_1_1_1_1_2_1_1_2_0,18162.462523585975,3,7671,2022,"{""type"":""Point"",""coordinates"":[0.0,0.0]}"
1_1_1_1_1_1_1_1_1_1_1_1_1_1_1_1_1_1_1_1_1_1_1_2_1_1_2_1,464445.84411948186,4,7671,2022,"{""type"":""Point"",""coordinates"":[0.0,0.0]}"
1_1_1_1_1_1_1_1_1_1_1_1_1_1_1_1_1_1_1_1_1_1_1_2_1_1_2_2,818.7420811724248,12,7671,2022,"{""type"":""Point"",""coordinates"":[0.0,0.0]}"
1_1_1_1_1_1_1_1_1_1_1_1_1_1_1_1_1_1_1_1_1_1_1_2_1_1_2_3,334087.9168757155,21,7671,2022,"{""type"":""Point"",""coordinates"":[0.0,0.0]}"
1_1_1_1_1_1_1_1_1_1_1_1_1_1_1_1_1_1_1_1_1_1_1_2_1_1_2_4,839.8746595620779,22,7671,2022,"{""type"":""Point"",""coordinates"":[0.0,0.0]}"
1_1_1_1_1_1_1_1_1_1_1_1_1_1_1_1_1_1_1_1_1_1_1_2_1_1_2_5,25.735031268310554,29,7671,2022,"{""type"":""Point"",""coordinates"":[0.0,0.0]}"
1_1_1_1_1_1_1_1_1_1_1_1_1_1_1_1_1_1_1_1_1_1_1_2_1_1_2_6,15340.81187325107,33,7671,2022,"{""type"":""Point"",""coordinates"":[0.0,0.0]}"
1_1_1_1_1_1_1_1_1_1_1_1_1_1_1_1_1_1_1_1_1_1_1_2_1_2_0,45145.31285034244,3,7671,2023,"{""type"":""Point"",""coordinates"":[0.0,0.0]}"
1_1_1_1_1_1_1_1_1_1_1_1_1_1_1_1_1_1_1_1_1_1_1_2_1_2_1,442250.3142997908,4,7671,2023,"{""type"":""Point"",""coordinates"":[0.0,0.0]}"
1_1_1_1_1_1_1_1_1_1_1_1_1_1_1_1_1_1_1_1_1_1_1_2_1_2_2,1329.8595241777227,12,7671,2023,"{""type"":""Point"",""coordinates"":[0.0,0.0]}"
1_1_1_1_1_1_1_1_1_1_1_1_1_1_1_1_1_1_1_1_1_1_1_2_1_2_3,329950.8010892424,21,7671,2023,"{""type"":""Point"",""coordinates"":[0.0,0.0]}"
1_1_1_1_1_1_1_1_1_1_1_1_1_1_1_1_1_1_1_1_1_1_1_2_1_2_4,120.33835472105739,22,7671,2023,"{""type"":""Point"",""coordinates"":[0.0,0.0]}"
1_1_1_1_1_1_1_1_1_1_1_1_1_1_1_1_1_1_1_1_1_1_1_2_1_2_5,297.82645313713454,29,7671,2023,"{""type"":""Point"",""coordinates"":[0.0,0.0]}"
1_1_1_1_1_1_1_1_1_1_1_1_1_1_1_1_1_1_1_1_1_1_1_2_1_2_6,14626.93459261986,33,7671,2023,"{""type"":""Point"",""coordinates"":[0.0,0.0]}"
1_1_1_1_1_1_1_1_1_1_1_1_1_1_1_1_1_1_1_1_1_1_1_2_2_0,29348.49318894493,3,7671,2024,"{""type"":""Point"",""coordinates"":[0.0,0.0]}"
1_1_1_1_1_1_1_1_1_1_1_1_1_1_1_1_1_1_1_1_1_1_1_2_2_1,439222.1714166317,4,7671,2024,"{""type"":""Point"",""coordinates"":[0.0,0.0]}"
1_1_1_1_1_1_1_1_1_1_1_1_1_1_1_1_1_1_1_1_1_1_1_2_2_2,562.0190244374477,12,7671,2024,"{""type"":""Point"",""coordinates"":[0.0,0.0]}"
1_1_1_1_1_1_1_1_1_1_1_1_1_1_1_1_1_1_1_1_1_1_1_2_2_3,350309.0739319791,21,7671,2024,"{""type"":""Point"",""coordinates"":[0.0,0.0]}"
1_1_1_1_1_1_1_1_1_1_1_1_1_1_1_1_1_1_1_1_1_1_1_2_2_4,51.15283241814108,22,7671,2024,"{""type"":""Point"",""coordinates"":[0.0,0.0]}"
1_1_1_1_1_1_1_1_1_1_1_1_1_1_1_1_1_1_1_1_1_1_1_2_2_5,1374.929892163469,29,7671,2024,"{""type"":""Point"",""coordinates"":[0.0,0.0]}"
1_1_1_1_1_1_1_1_1_1_1_1_1_1_1_1_1_1_1_1_1_1_1_2_2_6,12853.546877455383,33,7671,2024,"{""type"":""Point"",""coordinates"":[0.0,0.0]}"
1_1_1_1_1_1_1_1_1_1_1_1_1_1_1_1_1_1_1_1_1_1_2_1_1_1_1_1_1_1_1_2_0,4109.82138277885,3,7615,2016,"{""type"":""Point"",""coordinates"":[0.0,0.0]}"
1_1_1_1_1_1_1_1_1_1_1_1_1_1_1_1_1_1_1_1_1_1_2_1_1_1_1_1_1_1_1_2_1,1504223.6541777216,4,7615,2016,"{""type"":""Point"",""coordinates"":[0.0,0.0]}"
1_1_1_1_1_1_1_1_1_1_1_1_1_1_1_1_1_1_1_1_1_1_2_1_1_1_1_1_1_1_1_2_2,144.52949605102557,12,7615,2016,"{""type"":""Point"",""coordinates"":[0.0,0.0]}"
1_1_1_1_1_1_1_1_1_1_1_1_1_1_1_1_1_1_1_1_1_1_2_1_1_1_1_1_1_1_1_2_3,1058486.9903210562,21,7615,2016,"{""type"":""Point"",""coordinates"":[0.0,0.0]}"
1_1_1_1_1_1_1_1_1_1_1_1_1_1_1_1_1_1_1_1_1_1_2_1_1_1_1_1_1_1_1_2_4,1579.4193251109393,22,7615,2016,"{""type"":""Point"",""coordinates"":[0.0,0.0]}"
1_1_1_1_1_1_1_1_1_1_1_1_1_1_1_1_1_1_1_1_1_1_2_1_1_1_1_1_1_1_1_2_5,8.130768981933596,29,7615,2016,"{""type"":""Point"",""coordinates"":[0.0,0.0]}"
1_1_1_1_1_1_1_1_1_1_1_1_1_1_1_1_1_1_1_1_1_1_2_1_1_1_1_1_1_1_1_2_6,20047.465204845936,33,7615,2016,"{""type"":""Point"",""coordinates"":[0.0,0.0]}"
1_1_1_1_1_1_1_1_1_1_1_1_1_1_1_1_1_1_1_1_1_1_2_1_1_1_1_1_1_1_2_0,2171.6329740218835,3,7615,2017,"{""type"":""Point"",""coordinates"":[0.0,0.0]}"
1_1_1_1_1_1_1_1_1_1_1_1_1_1_1_1_1_1_1_1_1_1_2_1_1_1_1_1_1_1_2_1,1522647.9762069713,4,7615,2017,"{""type"":""Point"",""coordinates"":[0.0,0.0]}"
1_1_1_1_1_1_1_1_1_1_1_1_1_1_1_1_1_1_1_1_1_1_2_1_1_1_1_1_1_1_2_2,9.713015911865234,12,7615,2017,"{""type"":""Point"",""coordinates"":[0.0,0.0]}"
1_1_1_1_1_1_1_1_1_1_1_1_1_1_1_1_1_1_1_1_1_1_2_1_1_1_1_1_1_1_2_3,1044319.6668025336,21,7615,2017,"{""type"":""Point"",""coordinates"":[0.0,0.0]}"
1_1_1_1_1_1_1_1_1_1_1_1_1_1_1_1_1_1_1_1_1_1_2_1_1_1_1_1_1_1_2_4,72.44715493164064,22,7615,2017,"{""type"":""Point"",""coordinates"":[0.0,0.0]}"
1_1_1_1_1_1_1_1_1_1_1_1_1_1_1_1_1_1_1_1_1_1_2_1_1_1_1_1_1_1_2_5,4.59404638671875,29,7615,2017,"{""type"":""Point"",""coordinates"":[0.0,0.0]}"
1_1_1_1_1_1_1_1_1_1_1_1_1_1_1_1_1_1_1_1_1_1_2_1_1_1_1_1_1_1_2_6,19373.980475776523,33,7615,2017,"{""type"":""Point"",""coordinates"":[0.0,0.0]}"
1_1_1_1_1_1_1_1_1_1_1_1_1_1_1_1_1_1_1_1_1_1_2_1_1_1_1_1_1_2_0,2921.2526796677803,3,7615,2018,"{""type"":""Point"",""coordinates"":[0.0,0.0]}"
1_1_1_1_1_1_1_1_1_1_1_1_1_1_1_1_1_1_1_1_1_1_2_1_1_1_1_1_1_2_1,1610080.124140222,4,7615,2018,"{""type"":""Point"",""coordinates"":[0.0,0.0]}"
1_1_1_1_1_1_1_1_1_1_1_1_1_1_1_1_1_1_1_1_1_1_2_1_1_1_1_1_1_2_2,166.46078905926885,12,7615,2018,"{""type"":""Point"",""coordinates"":[0.0,0.0]}"
1_1_1_1_1_1_1_1_1_1_1_1_1_1_1_1_1_1_1_1_1_1_2_1_1_1_1_1_1_2_3,946602.224327777,21,7615,2018,"{""type"":""Point"",""coordinates"":[0.0,0.0]}"
1_1_1_1_1_1_1_1_1_1_1_1_1_1_1_1_1_1_1_1_1_1_2_1_1_1_1_1_1_2_4,5211.993357411788,22,7615,2018,"{""type"":""Point"",""coordinates"":[0.0,0.0]}"
1_1_1_1_1_1_1_1_1_1_1_1_1_1_1_1_1_1_1_1_1_1_2_1_1_1_1_1_1_2_5,266.5290429988128,29,7615,2018,"{""type"":""Point"",""coordinates"":[0.0,0.0]}"
1_1_1_1_1_1_1_1_1_1_1_1_1_1_1_1_1_1_1_1_1_1_2_1_1_1_1_1_1_2_6,23351.426339382695,33,7615,2018,"{""type"":""Point"",""coordinates"":[0.0,0.0]}"
1_1_1_1_1_1_1_1_1_1_1_1_1_1_1_1_1_1_1_1_1_1_2_1_1_1_1_1_2_0,5129.770736323749,3,7615,2019,"{""type"":""Point"",""coordinates"":[0.0,0.0]}"
1_1_1_1_1_1_1_1_1_1_1_1_1_1_1_1_1_1_1_1_1_1_2_1_1_1_1_1_2_1,1627592.774806223,4,7615,2019,"{""type"":""Point"",""coordinates"":[0.0,0.0]}"
1_1_1_1_1_1_1_1_1_1_1_1_1_1_1_1_1_1_1_1_1_1_2_1_1_1_1_1_2_2,134.8784895276836,12,7615,2019,"{""type"":""Point"",""coordinates"":[0.0,0.0]}"
1_1_1_1_1_1_1_1_1_1_1_1_1_1_1_1_1_1_1_1_1_1_2_1_1_1_1_1_2_3,924606.9667064789,21,7615,2019,"{""type"":""Point"",""coordinates"":[0.0,0.0]}"
1_1_1_1_1_1_1_1_1_1_1_1_1_1_1_1_1_1_1_1_1_1_2_1_1_1_1_1_2_4,8275.298083950887,22,7615,2019,"{""type"":""Point"",""coordinates"":[0.0,0.0]}"
1_1_1_1_1_1_1_1_1_1_1_1_1_1_1_1_1_1_1_1_1_1_2_1_1_1_1_1_2_5,1400.0584300081418,29,7615,2019,"{""type"":""Point"",""coordinates"":[0.0,0.0]}"
1_1_1_1_1_1_1_1_1_1_1_1_1_1_1_1_1_1_1_1_1_1_2_1_1_1_1_1_2_6,21460.26342409161,33,7615,2019,"{""type"":""Point"",""coordinates"":[0.0,0.0]}"
1_1_1_1_1_1_1_1_1_1_1_1_1_1_1_1_1_1_1_1_1_1_2_1_1_1_1_2_0,1828.5900825730464,3,7615,2020,"{""type"":""Point"",""coordinates"":[0.0,0.0]}"
1_1_1_1_1_1_1_1_1_1_1_1_1_1_1_1_1_1_1_1_1_1_2_1_1_1_1_2_1,1643359.2729903003,4,7615,2020,"{""type"":""Point"",""coordinates"":[0.0,0.0]}"
1_1_1_1_1_1_1_1_1_1_1_1_1_1_1_1_1_1_1_1_1_1_2_1_1_1_1_2_2,187.9262941979501,12,7615,2020,"{""type"":""Point"",""coordinates"":[0.0,0.0]}"
1_1_1_1_1_1_1_1_1_1_1_1_1_1_1_1_1_1_1_1_1_1_2_1_1_1_1_2_3,909249.5940831851,21,7615,2020,"{""type"":""Point"",""coordinates"":[0.0,0.0]}"
1_1_1_1_1_1_1_1_1_1_1_1_1_1_1_1_1_1_1_1_1_1_2_1_1_1_1_2_4,12167.430549910474,22,7615,2020,"{""type"":""Point"",""coordinates"":[0.0,0.0]}"
1_1_1_1_1_1_1_1_1_1_1_1_1_1_1_1_1_1_1_1_1_1_2_1_1_1_1_2_5,492.76645913085935,29,7615,2020,"{""type"":""Point"",""coordinates"":[0.0,0.0]}"
1_1_1_1_1_1_1_1_1_1_1_1_1_1_1_1_1_1_1_1_1_1_2_1_1_1_1_2_6,21314.430217225407,33,7615,2020,"{""type"":""Point"",""coordinates"":[0.0,0.0]}"
1_1_1_1_1_1_1_1_1_1_1_1_1_1_1_1_1_1_1_1_1_1_2_1_1_1_2_0,1885.2129997320899,3,7615,2021,"{""type"":""Point"",""coordinates"":[0.0,0.0]}"
1_1_1_1_1_1_1_1_1_1_1_1_1_1_1_1_1_1_1_1_1_1_2_1_1_1_2_1,1639415.2576493365,4,7615,2021,"{""type"":""Point"",""coordinates"":[0.0,0.0]}"
1_1_1_1_1_1_1_1_1_1_1_1_1_1_1_1_1_1_1_1_1_1_2_1_1_1_2_2,521.414499935829,12,7615,2021,"{""type"":""Point"",""coordinates"":[0.0,0.0]}"
1_1_1_1_1_1_1_1_1_1_1_1_1_1_1_1_1_1_1_1_1_1_2_1_1_1_2_3,906732.7429750798,21,7615,2021,"{""type"":""Point"",""coordinates"":[0.0,0.0]}"
1_1_1_1_1_1_1_1_1_1_1_1_1_1_1_1_1_1_1_1_1_1_2_1_1_1_2_4,17177.73991163076,22,7615,2021,"{""type"":""Point"",""coordinates"":[0.0,0.0]}"
1_1_1_1_1_1_1_1_1_1_1_1_1_1_1_1_1_1_1_1_1_1_2_1_1_1_2_5,166.11820657958978,29,7615,2021,"{""type"":""Point"",""coordinates"":[0.0,0.0]}"
1_1_1_1_1_1_1_1_1_1_1_1_1_1_1_1_1_1_1_1_1_1_2_1_1_1_2_6,22701.52443418236,33,7615,2021,"{""type"":""Point"",""coordinates"":[0.0,0.0]}"
1_1_1_1_1_1_1_1_1_1_1_1_1_1_1_1_1_1_1_1_1_1_2_1_1_2_0,3310.610560007135,3,7615,2022,"{""type"":""Point"",""coordinates"":[0.0,0.0]}"
1_1_1_1_1_1_1_1_1_1_1_1_1_1_1_1_1_1_1_1_1_1_2_1_1_2_1,1637059.2195367585,4,7615,2022,"{""type"":""Point"",""coordinates"":[0.0,0.0]}"
1_1_1_1_1_1_1_1_1_1_1_1_1_1_1_1_1_1_1_1_1_1_2_1_1_2_2,2467.0831084457604,12,7615,2022,"{""type"":""Point"",""coordinates"":[0.0,0.0]}"
1_1_1_1_1_1_1_1_1_1_1_1_1_1_1_1_1_1_1_1_1_1_2_1_1_2_3,918021.8456367723,21,7615,2022,"{""type"":""Point"",""coordinates"":[0.0,0.0]}"
1_1_1_1_1_1_1_1_1_1_1_1_1_1_1_1_1_1_1_1_1_1_2_1_1_2_4,5151.379147904328,22,7615,2022,"{""type"":""Point"",""coordinates"":[0.0,0.0]}"
1_1_1_1_1_1_1_1_1_1_1_1_1_1_1_1_1_1_1_1_1_1_2_1_1_2_5,2422.174727493387,29,7615,2022,"{""type"":""Point"",""coordinates"":[0.0,0.0]}"
1_1_1_1_1_1_1_1_1_1_1_1_1_1_1_1_1_1_1_1_1_1_2_1_1_2_6,20167.697959106597,33,7615,2022,"{""type"":""Point"",""coordinates"":[0.0,0.0]}"
1_1_1_1_1_1_1_1_1_1_1_1_1_1_1_1_1_1_1_1_1_1_2_1_2_0,4537.005997006402,3,7615,2023,"{""type"":""Point"",""coordinates"":[0.0,0.0]}"
1_1_1_1_1_1_1_1_1_1_1_1_1_1_1_1_1_1_1_1_1_1_2_1_2_1,1591373.1450454416,4,7615,2023,"{""type"":""Point"",""coordinates"":[0.0,0.0]}"
1_1_1_1_1_1_1_1_1_1_1_1_1_1_1_1_1_1_1_1_1_1_2_1_2_2,70.76723495483395,12,7615,2023,"{""type"":""Point"",""coordinates"":[0.0,0.0]}"
1_1_1_1_1_1_1_1_1_1_1_1_1_1_1_1_1_1_1_1_1_1_2_1_2_3,964481.8302557615,21,7615,2023,"{""type"":""Point"",""coordinates"":[0.0,0.0]}"
1_1_1_1_1_1_1_1_1_1_1_1_1_1_1_1_1_1_1_1_1_1_2_1_2_4,9206.688821864705,22,7615,2023,"{""type"":""Point"",""coordinates"":[0.0,0.0]}"
1_1_1_1_1_1_1_1_1_1_1_1_1_1_1_1_1_1_1_1_1_1_2_1_2_5,24.503660658030782,29,7615,2023,"{""type"":""Point"",""coordinates"":[0.0,0.0]}"
1_1_1_1_1_1_1_1_1_1_1_1_1_1_1_1_1_1_1_1_1_1_2_1_2_6,18906.069660866597,33,7615,2023,"{""type"":""Point"",""coordinates"":[0.0,0.0]}"
1_1_1_1_1_1_1_1_1_1_1_1_1_1_1_1_1_1_1_1_1_1_2_2_0,8740.134788716015,3,7615,2024,"{""type"":""Point"",""coordinates"":[0.0,0.0]}"
1_1_1_1_1_1_1_1_1_1_1_1_1_1_1_1_1_1_1_1_1_1_2_2_1,1619861.0875680484,4,7615,2024,"{""type"":""Point"",""coordinates"":[0.0,0.0]}"
1_1_1_1_1_1_1_1_1_1_1_1_1_1_1_1_1_1_1_1_1_1_2_2_2,6.7112393432617194,12,7615,2024,"{""type"":""Point"",""coordinates"":[0.0,0.0]}"
1_1_1_1_1_1_1_1_1_1_1_1_1_1_1_1_1_1_1_1_1_1_2_2_3,932755.7924173153,21,7615,2024,"{""type"":""Point"",""coordinates"":[0.0,0.0]}"
1_1_1_1_1_1_1_1_1_1_1_1_1_1_1_1_1_1_1_1_1_1_2_2_4,3681.44164701266,22,7615,2024,"{""type"":""Point"",""coordinates"":[0.0,0.0]}"
1_1_1_1_1_1_1_1_1_1_1_1_1_1_1_1_1_1_1_1_1_1_2_2_5,153.0906545921415,29,7615,2024,"{""type"":""Point"",""coordinates"":[0.0,0.0]}"
1_1_1_1_1_1_1_1_1_1_1_1_1_1_1_1_1_1_1_1_1_1_2_2_6,23401.752361519968,33,7615,2024,"{""type"":""Point"",""coordinates"":[0.0,0.0]}"
1_1_1_1_1_1_1_1_1_1_1_1_1_1_1_1_1_1_1_1_1_2_1_1_1_1_1_1_1_1_2_0,21482.155866446137,3,7411,2016,"{""type"":""Point"",""coordinates"":[0.0,0.0]}"
1_1_1_1_1_1_1_1_1_1_1_1_1_1_1_1_1_1_1_1_1_2_1_1_1_1_1_1_1_1_2_1,576315.9134243217,4,7411,2016,"{""type"":""Point"",""coordinates"":[0.0,0.0]}"
1_1_1_1_1_1_1_1_1_1_1_1_1_1_1_1_1_1_1_1_1_2_1_1_1_1_1_1_1_1_2_2,3.478280316162109,12,7411,2016,"{""type"":""Point"",""coordinates"":[0.0,0.0]}"
1_1_1_1_1_1_1_1_1_1_1_1_1_1_1_1_1_1_1_1_1_2_1_1_1_1_1_1_1_1_2_3,69579.70164779977,21,7411,2016,"{""type"":""Point"",""coordinates"":[0.0,0.0]}"
1_1_1_1_1_1_1_1_1_1_1_1_1_1_1_1_1_1_1_1_1_2_1_1_1_1_1_1_1_1_2_4,380.9602737112497,22,7411,2016,"{""type"":""Point"",""coordinates"":[0.0,0.0]}"
1_1_1_1_1_1_1_1_1_1_1_1_1_1_1_1_1_1_1_1_1_2_1_1_1_1_1_1_1_1_2_5,1661.6175144760346,33,7411,2016,"{""type"":""Point"",""coordinates"":[0.0,0.0]}"
1_1_1_1_1_1_1_1_1_1_1_1_1_1_1_1_1_1_1_1_1_2_1_1_1_1_1_1_1_2_0,43008.94139890703,3,7411,2017,"{""type"":""Point"",""coordinates"":[0.0,0.0]}"
1_1_1_1_1_1_1_1_1_1_1_1_1_1_1_1_1_1_1_1_1_2_1_1_1_1_1_1_1_2_1,557682.4326074162,4,7411,2017,"{""type"":""Point"",""coordinates"":[0.0,0.0]}"
1_1_1_1_1_1_1_1_1_1_1_1_1_1_1_1_1_1_1_1_1_2_1_1_1_1_1_1_1_2_2,13.887091208783318,12,7411,2017,"{""type"":""Point"",""coordinates"":[0.0,0.0]}"
1_1_1_1_1_1_1_1_1_1_1_1_1_1_1_1_1_1_1_1_1_2_1_1_1_1_1_1_1_2_3,66401.64453191202,21,7411,2017,"{""type"":""Point"",""coordinates"":[0.0,0.0]}"
1_1_1_1_1_1_1_1_1_1_1_1_1_1_1_1_1_1_1_1_1_2_1_1_1_1_1_1_1_2_4,638.9864920928364,22,7411,2017,"{""type"":""Point"",""coordinates"":[0.0,0.0]}"
1_1_1_1_1_1_1_1_1_1_1_1_1_1_1_1_1_1_1_1_1_2_1_1_1_1_1_1_1_2_5,1677.934885565476,33,7411,2017,"{""type"":""Point"",""coordinates"":[0.0,0.0]}"
1_1_1_1_1_1_1_1_1_1_1_1_1_1_1_1_1_1_1_1_1_2_1_1_1_1_1_1_2_0,51844.02125598482,3,7411,2018,"{""type"":""Point"",""coordinates"":[0.0,0.0]}"
1_1_1_1_1_1_1_1_1_1_1_1_1_1_1_1_1_1_1_1_1_2_1_1_1_1_1_1_2_1,548794.4517606075,4,7411,2018,"{""type"":""Point"",""coordinates"":[0.0,0.0]}"
1_1_1_1_1_1_1_1_1_1_1_1_1_1_1_1_1_1_1_1_1_2_1_1_1_1_1_1_2_2,72.43663526190063,12,7411,2018,"{""type"":""Point"",""coordinates"":[0.0,0.0]}"
1_1_1_1_1_1_1_1_1_1_1_1_1_1_1_1_1_1_1_1_1_2_1_1_1_1_1_1_2_3,65355.514366241805,21,7411,2018,"{""type"":""Point"",""coordinates"":[0.0,0.0]}"
1_1_1_1_1_1_1_1_1_1_1_1_1_1_1_1_1_1_1_1_1_2_1_1_1_1_1_1_2_4,830.7948241181972,22,7411,2018,"{""type"":""Point"",""coordinates"":[0.0,0.0]}"
1_1_1_1_1_1_1_1_1_1_1_1_1_1_1_1_1_1_1_1_1_2_1_1_1_1_1_1_2_5,2526.6081648867726,33,7411,2018,"{""type"":""Point"",""coordinates"":[0.0,0.0]}"
1_1_1_1_1_1_1_1_1_1_1_1_1_1_1_1_1_1_1_1_1_2_1_1_1_1_1_2_0,40105.713910107,3,7411,2019,"{""type"":""Point"",""coordinates"":[0.0,0.0]}"
1_1_1_1_1_1_1_1_1_1_1_1_1_1_1_1_1_1_1_1_1_2_1_1_1_1_1_2_1,561510.5149335035,4,7411,2019,"{""type"":""Point"",""coordinates"":[0.0,0.0]}"
1_1_1_1_1_1_1_1_1_1_1_1_1_1_1_1_1_1_1_1_1_2_1_1_1_1_1_2_2,128.34045766027117,12,7411,2019,"{""type"":""Point"",""coordinates"":[0.0,0.0]}"
1_1_1_1_1_1_1_1_1_1_1_1_1_1_1_1_1_1_1_1_1_2_1_1_1_1_1_2_3,63221.230857672155,21,7411,2019,"{""type"":""Point"",""coordinates"":[0.0,0.0]}"
1_1_1_1_1_1_1_1_1_1_1_1_1_1_1_1_1_1_1_1_1_2_1_1_1_1_1_2_4,1564.9780060163894,22,7411,2019,"{""type"":""Point"",""coordinates"":[0.0,0.0]}"
1_1_1_1_1_1_1_1_1_1_1_1_1_1_1_1_1_1_1_1_1_2_1_1_1_1_1_2_5,2893.0488421252917,33,7411,2019,"{""type"":""Point"",""coordinates"":[0.0,0.0]}"
1_1_1_1_1_1_1_1_1_1_1_1_1_1_1_1_1_1_1_1_1_2_1_1_1_1_2_0,37113.580755796895,3,7411,2020,"{""type"":""Point"",""coordinates"":[0.0,0.0]}"
1_1_1_1_1_1_1_1_1_1_1_1_1_1_1_1_1_1_1_1_1_2_1_1_1_1_2_1,566896.314006899,4,7411,2020,"{""type"":""Point"",""coordinates"":[0.0,0.0]}"
1_1_1_1_1_1_1_1_1_1_1_1_1_1_1_1_1_1_1_1_1_2_1_1_1_1_2_2,47.40175913260665,12,7411,2020,"{""type"":""Point"",""coordinates"":[0.0,0.0]}"
1_1_1_1_1_1_1_1_1_1_1_1_1_1_1_1_1_1_1_1_1_2_1_1_1_1_2_3,61870.45443614569,21,7411,2020,"{""type"":""Point"",""coordinates"":[0.0,0.0]}"
1_1_1_1_1_1_1_1_1_1_1_1_1_1_1_1_1_1_1_1_1_2_1_1_1_1_2_4,711.1055206431189,22,7411,2020,"{""type"":""Point"",""coordinates"":[0.0,0.0]}"
1_1_1_1_1_1_1_1_1_1_1_1_1_1_1_1_1_1_1_1_1_2_1_1_1_1_2_5,2784.970528474617,33,7411,2020,"{""type"":""Point"",""coordinates"":[0.0,0.0]}"
1_1_1_1_1_1_1_1_1_1_1_1_1_1_1_1_1_1_1_1_1_2_1_1_1_2_0,48176.161596379556,3,7411,2021,"{""type"":""Point"",""coordinates"":[0.0,0.0]}"
1_1_1_1_1_1_1_1_1_1_1_1_1_1_1_1_1_1_1_1_1_2_1_1_1_2_1,549859.0019497009,4,7411,2021,"{""type"":""Point"",""coordinates"":[0.0,0.0]}"
1_1_1_1_1_1_1_1_1_1_1_1_1_1_1_1_1_1_1_1_1_2_1_1_1_2_2,10.518002959247664,12,7411,2021,"{""type"":""Point"",""coordinates"":[0.0,0.0]}"
1_1_1_1_1_1_1_1_1_1_1_1_1_1_1_1_1_1_1_1_1_2_1_1_1_2_3,67375.17590685528,21,7411,2021,"{""type"":""Point"",""coordinates"":[0.0,0.0]}"
1_1_1_1_1_1_1_1_1_1_1_1_1_1_1_1_1_1_1_1_1_2_1_1_1_2_4,1297.6932407019997,22,7411,2021,"{""type"":""Point"",""coordinates"":[0.0,0.0]}"
1_1_1_1_1_1_1_1_1_1_1_1_1_1_1_1_1_1_1_1_1_2_1_1_1_2_5,22.672638691525922,29,7411,2021,"{""type"":""Point"",""coordinates"":[0.0,0.0]}"
1_1_1_1_1_1_1_1_1_1_1_1_1_1_1_1_1_1_1_1_1_2_1_1_1_2_6,2682.6036717939655,33,7411,2021,"{""type"":""Point"",""coordinates"":[0.0,0.0]}"
1_1_1_1_1_1_1_1_1_1_1_1_1_1_1_1_1_1_1_1_1_2_1_1_2_0,36503.970508672515,3,7411,2022,"{""type"":""Point"",""coordinates"":[0.0,0.0]}"
1_1_1_1_1_1_1_1_1_1_1_1_1_1_1_1_1_1_1_1_1_2_1_1_2_1,556000.5797299283,4,7411,2022,"{""type"":""Point"",""coordinates"":[0.0,0.0]}"
1_1_1_1_1_1_1_1_1_1_1_1_1_1_1_1_1_1_1_1_1_2_1_1_2_2,28.988081817626952,12,7411,2022,"{""type"":""Point"",""coordinates"":[0.0,0.0]}"
1_1_1_1_1_1_1_1_1_1_1_1_1_1_1_1_1_1_1_1_1_2_1_1_2_3,71649.87997261666,21,7411,2022,"{""type"":""Point"",""coordinates"":[0.0,0.0]}"
1_1_1_1_1_1_1_1_1_1_1_1_1_1_1_1_1_1_1_1_1_2_1_1_2_4,2388.1417463319326,22,7411,2022,"{""type"":""Point"",""coordinates"":[0.0,0.0]}"
1_1_1_1_1_1_1_1_1_1_1_1_1_1_1_1_1_1_1_1_1_2_1_1_2_5,113.19432036743167,29,7411,2022,"{""type"":""Point"",""coordinates"":[0.0,0.0]}"
1_1_1_1_1_1_1_1_1_1_1_1_1_1_1_1_1_1_1_1_1_2_1_1_2_6,2739.072647370285,33,7411,2022,"{""type"":""Point"",""coordinates"":[0.0,0.0]}"
1_1_1_1_1_1_1_1_1_1_1_1_1_1_1_1_1_1_1_1_1_2_1_2_0,39110.73354554069,3,7411,2023,"{""type"":""Point"",""coordinates"":[0.0,0.0]}"
1_1_1_1_1_1_1_1_1_1_1_1_1_1_1_1_1_1_1_1_1_2_1_2_1,549197.4488874674,4,7411,2023,"{""type"":""Point"",""coordinates"":[0.0,0.0]}"
1_1_1_1_1_1_1_1_1_1_1_1_1_1_1_1_1_1_1_1_1_2_1_2_2,148.72967590044806,12,7411,2023,"{""type"":""Point"",""coordinates"":[0.0,0.0]}"
1_1_1_1_1_1_1_1_1_1_1_1_1_1_1_1_1_1_1_1_1_2_1_2_3,75253.14038771133,21,7411,2023,"{""type"":""Point"",""coordinates"":[0.0,0.0]}"
1_1_1_1_1_1_1_1_1_1_1_1_1_1_1_1_1_1_1_1_1_2_1_2_4,3001.7831498320215,22,7411,2023,"{""type"":""Point"",""coordinates"":[0.0,0.0]}"
1_1_1_1_1_1_1_1_1_1_1_1_1_1_1_1_1_1_1_1_1_2_1_2_5,1.4271063049316404,29,7411,2023,"{""type"":""Point"",""coordinates"":[0.0,0.0]}"
1_1_1_1_1_1_1_1_1_1_1_1_1_1_1_1_1_1_1_1_1_2_1_2_6,2710.564254322167,33,7411,2023,"{""type"":""Point"",""coordinates"":[0.0,0.0]}"
1_1_1_1_1_1_1_1_1_1_1_1_1_1_1_1_1_1_1_1_1_2_2_0,22040.883605820098,3,7411,2024,"{""type"":""Point"",""coordinates"":[0.0,0.0]}"
1_1_1_1_1_1_1_1_1_1_1_1_1_1_1_1_1_1_1_1_1_2_2_1,544568.2335735536,4,7411,2024,"{""type"":""Point"",""coordinates"":[0.0,0.0]}"
1_1_1_1_1_1_1_1_1_1_1_1_1_1_1_1_1_1_1_1_1_2_2_2,1790.381847244779,12,7411,2024,"{""type"":""Point"",""coordinates"":[0.0,0.0]}"
1_1_1_1_1_1_1_1_1_1_1_1_1_1_1_1_1_1_1_1_1_2_2_3,96750.35350552357,21,7411,2024,"{""type"":""Point"",""coordinates"":[0.0,0.0]}"
1_1_1_1_1_1_1_1_1_1_1_1_1_1_1_1_1_1_1_1_1_2_2_4,1673.7413320682788,22,7411,2024,"{""type"":""Point"",""coordinates"":[0.0,0.0]}"
1_1_1_1_1_1_1_1_1_1_1_1_1_1_1_1_1_1_1_1_1_2_2_5,5.168377748089958,29,7411,2024,"{""type"":""Point"",""coordinates"":[0.0,0.0]}"
1_1_1_1_1_1_1_1_1_1_1_1_1_1_1_1_1_1_1_1_1_2_2_6,2595.064765203345,33,7411,2024,"{""type"":""Point"",""coordinates"":[0.0,0.0]}"
1_1_1_1_1_1_1_1_1_1_1_1_1_1_1_1_1_1_1_1_2_1_1_1_1_1_1_1_1_2_0,26325.54309741744,3,7764,2016,"{""type"":""Point"",""coordinates"":[0.0,0.0]}"
1_1_1_1_1_1_1_1_1_1_1_1_1_1_1_1_1_1_1_1_2_1_1_1_1_1_1_1_1_2_1,1518620.9894772847,4,7764,2016,"{""type"":""Point"",""coordinates"":[0.0,0.0]}"
1_1_1_1_1_1_1_1_1_1_1_1_1_1_1_1_1_1_1_1_2_1_1_1_1_1_1_1_1_2_2,14798.297364069243,12,7764,2016,"{""type"":""Point"",""coordinates"":[0.0,0.0]}"
1_1_1_1_1_1_1_1_1_1_1_1_1_1_1_1_1_1_1_1_2_1_1_1_1_1_1_1_1_2_3,1237066.6007978125,21,7764,2016,"{""type"":""Point"",""coordinates"":[0.0,0.0]}"
1_1_1_1_1_1_1_1_1_1_1_1_1_1_1_1_1_1_1_1_2_1_1_1_1_1_1_1_1_2_4,29.499127673100496,22,7764,2016,"{""type"":""Point"",""coordinates"":[0.0,0.0]}"
1_1_1_1_1_1_1_1_1_1_1_1_1_1_1_1_1_1_1_1_2_1_1_1_1_1_1_1_1_2_5,5.620241788138595,29,7764,2016,"{""type"":""Point"",""coordinates"":[0.0,0.0]}"
1_1_1_1_1_1_1_1_1_1_1_1_1_1_1_1_1_1_1_1_2_1_1_1_1_1_1_1_1_2_6,4878.6800579040355,33,7764,2016,"{""type"":""Point"",""coordinates"":[0.0,0.0]}"
1_1_1_1_1_1_1_1_1_1_1_1_1_1_1_1_1_1_1_1_2_1_1_1_1_1_1_1_2_0,63447.89622088905,3,7764,2017,"{""type"":""Point"",""coordinates"":[0.0,0.0]}"
1_1_1_1_1_1_1_1_1_1_1_1_1_1_1_1_1_1_1_1_2_1_1_1_1_1_1_1_2_1,1492890.7701265852,4,7764,2017,"{""type"":""Point"",""coordinates"":[0.0,0.0]}"
1_1_1_1_1_1_1_1_1_1_1_1_1_1_1_1_1_1_1_1_2_1_1_1_1_1_1_1_2_2,30988.15172845867,12,7764,2017,"{""type"":""Point"",""coordinates"":[0.0,0.0]}"
1_1_1_1_1_1_1_1_1_1_1_1_1_1_1_1_1_1_1_1_2_1_1_1_1_1_1_1_2_3,1210395.4647063701,21,7764,2017,"{""type"":""Point"",""coordinates"":[0.0,0.0]}"
1_1_1_1_1_1_1_1_1_1_1_1_1_1_1_1_1_1_1_1_2_1_1_1_1_1_1_1_2_4,321.55117234157206,22,7764,2017,"{""type"":""Point"",""coordinates"":[0.0,0.0]}"
1_1_1_1_1_1_1_1_1_1_1_1_1_1_1_1_1_1_1_1_2_1_1_1_1_1_1_1_2_5,99.15294259033205,29,7764,2017,"{""type"":""Point"",""coordinates"":[0.0,0.0]}"
1_1_1_1_1_1_1_1_1_1_1_1_1_1_1_1_1_1_1_1_2_1_1_1_1_1_1_1_2_6,3582.2432667032876,33,7764,2017,"{""type"":""Point"",""coordinates"":[0.0,0.0]}"
1_1_1_1_1_1_1_1_1_1_1_1_1_1_1_1_1_1_1_1_2_1_1_1_1_1_1_2_0,34050.33036455027,3,7764,2018,"{""type"":""Point"",""coordinates"":[0.0,0.0]}"
1_1_1_1_1_1_1_1_1_1_1_1_1_1_1_1_1_1_1_1_2_1_1_1_1_1_1_2_1,1536531.4471915946,4,7764,2018,"{""type"":""Point"",""coordinates"":[0.0,0.0]}"
1_1_1_1_1_1_1_1_1_1_1_1_1_1_1_1_1_1_1_1_2_1_1_1_1_1_1_2_2,38848.19440453186,12,7764,2018,"{""type"":""Point"",""coordinates"":[0.0,0.0]}"
1_1_1_1_1_1_1_1_1_1_1_1_1_1_1_1_1_1_1_1_2_1_1_1_1_1_1_2_3,1187361.443807124,21,7764,2018,"{""type"":""Point"",""coordinates"":[0.0,0.0]}"
1_1_1_1_1_1_1_1_1_1_1_1_1_1_1_1_1_1_1_1_2_1_1_1_1_1_1_2_4,732.452151096048,22,7764,2018,"{""type"":""Point"",""coordinates"":[0.0,0.0]}"
1_1_1_1_1_1_1_1_1_1_1_1_1_1_1_1_1_1_1_1_2_1_1_1_1_1_1_2_5,147.65933227881334,29,7764,2018,"{""type"":""Point"",""coordinates"":[0.0,0.0]}"
1_1_1_1_1_1_1_1_1_1_1_1_1_1_1_1_1_1_1_1_2_1_1_1_1_1_1_2_6,4053.702912746575,33,7764,2018,"{""type"":""Point"",""coordinates"":[0.0,0.0]}"
1_1_1_1_1_1_1_1_1_1_1_1_1_1_1_1_1_1_1_1_2_1_1_1_1_1_2_0,39318.97038961587,3,7764,2019,"{""type"":""Point"",""coordinates"":[0.0,0.0]}"
1_1_1_1_1_1_1_1_1_1_1_1_1_1_1_1_1_1_1_1_2_1_1_1_1_1_2_1,1512891.4060243506,4,7764,2019,"{""type"":""Point"",""coordinates"":[0.0,0.0]}"
1_1_1_1_1_1_1_1_1_1_1_1_1_1_1_1_1_1_1_1_2_1_1_1_1_1_2_2,43071.44468541743,12,7764,2019,"{""type"":""Point"",""coordinates"":[0.0,0.0]}"
1_1_1_1_1_1_1_1_1_1_1_1_1_1_1_1_1_1_1_1_2_1_1_1_1_1_2_3,1201480.45652825,21,7764,2019,"{""type"":""Point"",""coordinates"":[0.0,0.0]}"
1_1_1_1_1_1_1_1_1_1_1_1_1_1_1_1_1_1_1_1_2_1_1_1_1_1_2_4,174.11616485277355,22,7764,2019,"{""type"":""Point"",""coordinates"":[0.0,0.0]}"
1_1_1_1_1_1_1_1_1_1_1_1_1_1_1_1_1_1_1_1_2_1_1_1_1_1_2_5,732.7944610434615,29,7764,2019,"{""type"":""Point"",""coordinates"":[0.0,0.0]}"
1_1_1_1_1_1_1_1_1_1_1_1_1_1_1_1_1_1_1_1_2_1_1_1_1_1_2_6,4056.041910404385,33,7764,2019,"{""type"":""Point"",""coordinates"":[0.0,0.0]}"
1_1_1_1_1_1_1_1_1_1_1_1_1_1_1_1_1_1_1_1_2_1_1_1_1_2_0,34826.48737178876,3,7764,2020,"{""type"":""Point"",""coordinates"":[0.0,0.0]}"
1_1_1_1_1_1_1_1_1_1_1_1_1_1_1_1_1_1_1_1_2_1_1_1_1_2_1,1511730.696322521,4,7764,2020,"{""type"":""Point"",""coordinates"":[0.0,0.0]}"
1_1_1_1_1_1_1_1_1_1_1_1_1_1_1_1_1_1_1_1_2_1_1_1_1_2_2,51642.02354337271,12,7764,2020,"{""type"":""Point"",""coordinates"":[0.0,0.0]}"
1_1_1_1_1_1_1_1_1_1_1_1_1_1_1_1_1_1_1_1_2_1_1_1_1_2_3,1199628.5547206153,21,7764,2020,"{""type"":""Point"",""coordinates"":[0.0,0.0]}"
1_1_1_1_1_1_1_1_1_1_1_1_1_1_1_1_1_1_1_1_2_1_1_1_1_2_4,146.84533158102593,22,7764,2020,"{""type"":""Point"",""coordinates"":[0.0,0.0]}"
1_1_1_1_1_1_1_1_1_1_1_1_1_1_1_1_1_1_1_1_2_1_1_1_1_2_5,248.44257897204827,29,7764,2020,"{""type"":""Point"",""coordinates"":[0.0,0.0]}"
1_1_1_1_1_1_1_1_1_1_1_1_1_1_1_1_1_1_1_1_2_1_1_1_1_2_6,3502.1802951133122,33,7764,2020,"{""type"":""Point"",""coordinates"":[0.0,0.0]}"
1_1_1_1_1_1_1_1_1_1_1_1_1_1_1_1_1_1_1_1_2_1_1_1_2_0,36315.38035345803,3,7764,2021,"{""type"":""Point"",""coordinates"":[0.0,0.0]}"
1_1_1_1_1_1_1_1_1_1_1_1_1_1_1_1_1_1_1_1_2_1_1_1_2_1,1476425.8464996356,4,7764,2021,"{""type"":""Point"",""coordinates"":[0.0,0.0]}"
1_1_1_1_1_1_1_1_1_1_1_1_1_1_1_1_1_1_1_1_2_1_1_1_2_2,47286.36563983281,12,7764,2021,"{""type"":""Point"",""coordinates"":[0.0,0.0]}"
1_1_1_1_1_1_1_1_1_1_1_1_1_1_1_1_1_1_1_1_2_1_1_1_2_3,1236202.1807243824,21,7764,2021,"{""type"":""Point"",""coordinates"":[0.0,0.0]}"
1_1_1_1_1_1_1_1_1_1_1_1_1_1_1_1_1_1_1_1_2_1_1_1_2_4,381.3540450550274,22,7764,2021,"{""type"":""Point"",""coordinates"":[0.0,0.0]}"
1_1_1_1_1_1_1_1_1_1_1_1_1_1_1_1_1_1_1_1_2_1_1_1_2_5,283.96332461995456,29,7764,2021,"{""type"":""Point"",""coordinates"":[0.0,0.0]}"
1_1_1_1_1_1_1_1_1_1_1_1_1_1_1_1_1_1_1_1_2_1_1_1_2_6,4830.139576989333,33,7764,2021,"{""type"":""Point"",""coordinates"":[0.0,0.0]}"
1_1_1_1_1_1_1_1_1_1_1_1_1_1_1_1_1_1_1_1_2_1_1_2_0,29801.787708200587,3,7764,2022,"{""type"":""Point"",""coordinates"":[0.0,0.0]}"
1_1_1_1_1_1_1_1_1_1_1_1_1_1_1_1_1_1_1_1_2_1_1_2_1,1467908.1844495249,4,7764,2022,"{""type"":""Point"",""coordinates"":[0.0,0.0]}"
1_1_1_1_1_1_1_1_1_1_1_1_1_1_1_1_1_1_1_1_2_1_1_2_2,49358.80038827308,12,7764,2022,"{""type"":""Point"",""coordinates"":[0.0,0.0]}"
1_1_1_1_1_1_1_1_1_1_1_1_1_1_1_1_1_1_1_1_2_1_1_2_3,1245918.4574837366,21,7764,2022,"{""type"":""Point"",""coordinates"":[0.0,0.0]}"
1_1_1_1_1_1_1_1_1_1_1_1_1_1_1_1_1_1_1_1_2_1_1_2_4,1233.5273354286096,22,7764,2022,"{""type"":""Point"",""coordinates"":[0.0,0.0]}"
1_1_1_1_1_1_1_1_1_1_1_1_1_1_1_1_1_1_1_1_2_1_1_2_5,40.98241098010492,29,7764,2022,"{""type"":""Point"",""coordinates"":[0.0,0.0]}"
1_1_1_1_1_1_1_1_1_1_1_1_1_1_1_1_1_1_1_1_2_1_1_2_6,7463.49038781603,33,7764,2022,"{""type"":""Point"",""coordinates"":[0.0,0.0]}"
1_1_1_1_1_1_1_1_1_1_1_1_1_1_1_1_1_1_1_1_2_1_2_0,30396.512186947904,3,7764,2023,"{""type"":""Point"",""coordinates"":[0.0,0.0]}"
1_1_1_1_1_1_1_1_1_1_1_1_1_1_1_1_1_1_1_1_2_1_2_1,1465208.1160817286,4,7764,2023,"{""type"":""Point"",""coordinates"":[0.0,0.0]}"
1_1_1_1_1_1_1_1_1_1_1_1_1_1_1_1_1_1_1_1_2_1_2_2,47039.95605007591,12,7764,2023,"{""type"":""Point"",""coordinates"":[0.0,0.0]}"
1_1_1_1_1_1_1_1_1_1_1_1_1_1_1_1_1_1_1_1_2_1_2_3,1251806.2071609253,21,7764,2023,"{""type"":""Point"",""coordinates"":[0.0,0.0]}"
1_1_1_1_1_1_1_1_1_1_1_1_1_1_1_1_1_1_1_1_2_1_2_4,160.3818389557722,22,7764,2023,"{""type"":""Point"",""coordinates"":[0.0,0.0]}"
1_1_1_1_1_1_1_1_1_1_1_1_1_1_1_1_1_1_1_1_2_1_2_5,1579.028480536342,29,7764,2023,"{""type"":""Point"",""coordinates"":[0.0,0.0]}"
1_1_1_1_1_1_1_1_1_1_1_1_1_1_1_1_1_1_1_1_2_1_2_6,5535.028364782703,33,7764,2023,"{""type"":""Point"",""coordinates"":[0.0,0.0]}"
1_1_1_1_1_1_1_1_1_1_1_1_1_1_1_1_1_1_1_1_2_2_0,36616.401806207665,3,7764,2024,"{""type"":""Point"",""coordinates"":[0.0,0.0]}"
1_1_1_1_1_1_1_1_1_1_1_1_1_1_1_1_1_1_1_1_2_2_1,1452401.7499638998,4,7764,2024,"{""type"":""Point"",""coordinates"":[0.0,0.0]}"
1_1_1_1_1_1_1_1_1_1_1_1_1_1_1_1_1_1_1_1_2_2_2,36206.04645191028,12,7764,2024,"{""type"":""Point"",""coordinates"":[0.0,0.0]}"
1_1_1_1_1_1_1_1_1_1_1_1_1_1_1_1_1_1_1_1_2_2_3,1268212.8430273938,21,7764,2024,"{""type"":""Point"",""coordinates"":[0.0,0.0]}"
1_1_1_1_1_1_1_1_1_1_1_1_1_1_1_1_1_1_1_1_2_2_4,2056.471411828442,22,7764,2024,"{""type"":""Point"",""coordinates"":[0.0,0.0]}"
1_1_1_1_1_1_1_1_1_1_1_1_1_1_1_1_1_1_1_1_2_2_5,543.9256547063372,29,7764,2024,"{""type"":""Point"",""coordinates"":[0.0,0.0]}"
1_1_1_1_1_1_1_1_1_1_1_1_1_1_1_1_1_1_1_1_2_2_6,5687.791848011543,33,7764,2024,"{""type"":""Point"",""coordinates"":[0.0,0.0]}"
1_1_1_1_1_1_1_1_1_1_1_1_1_1_1_1_1_1_1_2_1_1_1_1_1_1_1_1_2_0,27925.613807740345,3,757,2016,"{""type"":""Point"",""coordinates"":[0.0,0.0]}"
1_1_1_1_1_1_1_1_1_1_1_1_1_1_1_1_1_1_1_2_1_1_1_1_1_1_1_1_2_1,1253052.5034239234,4,757,2016,"{""type"":""Point"",""coordinates"":[0.0,0.0]}"
1_1_1_1_1_1_1_1_1_1_1_1_1_1_1_1_1_1_1_2_1_1_1_1_1_1_1_1_2_2,604.5335900498588,12,757,2016,"{""type"":""Point"",""coordinates"":[0.0,0.0]}"
1_1_1_1_1_1_1_1_1_1_1_1_1_1_1_1_1_1_1_2_1_1_1_1_1_1_1_1_2_3,1375101.9454009582,21,757,2016,"{""type"":""Point"",""coordinates"":[0.0,0.0]}"
1_1_1_1_1_1_1_1_1_1_1_1_1_1_1_1_1_1_1_2_1_1_1_1_1_1_1_1_2_4,5328.648645257688,22,757,2016,"{""type"":""Point"",""coordinates"":[0.0,0.0]}"
1_1_1_1_1_1_1_1_1_1_1_1_1_1_1_1_1_1_1_2_1_1_1_1_1_1_1_1_2_5,3516.0115817240235,29,757,2016,"{""type"":""Point"",""coordinates"":[0.0,0.0]}"
1_1_1_1_1_1_1_1_1_1_1_1_1_1_1_1_1_1_1_2_1_1_1_1_1_1_1_1_2_6,19335.32936912119,33,757,2016,"{""type"":""Point"",""coordinates"":[0.0,0.0]}"
1_1_1_1_1_1_1_1_1_1_1_1_1_1_1_1_1_1_1_2_1_1_1_1_1_1_1_2_0,35789.339028715905,3,757,2017,"{""type"":""Point"",""coordinates"":[0.0,0.0]}"
1_1_1_1_1_1_1_1_1_1_1_1_1_1_1_1_1_1_1_2_1_1_1_1_1_1_1_2_1,1255321.743968205,4,757,2017,"{""type"":""Point"",""coordinates"":[0.0,0.0]}"
1_1_1_1_1_1_1_1_1_1_1_1_1_1_1_1_1_1_1_2_1_1_1_1_1_1_1_2_2,229.27943259897236,12,757,2017,"{""type"":""Point"",""coordinates"":[0.0,0.0]}"
1_1_1_1_1_1_1_1_1_1_1_1_1_1_1_1_1_1_1_2_1_1_1_1_1_1_1_2_3,1353105.8264031834,21,757,2017,"{""type"":""Point"",""coordinates"":[0.0,0.0]}"
1_1_1_1_1_1_1_1_1_1_1_1_1_1_1_1_1_1_1_2_1_1_1_1_1_1_1_2_4,14666.692343466793,22,757,2017,"{""type"":""Point"",""coordinates"":[0.0,0.0]}"
1_1_1_1_1_1_1_1_1_1_1_1_1_1_1_1_1_1_1_2_1_1_1_1_1_1_1_2_5,396.60744496270854,29,757,2017,"{""type"":""Point"",""coordinates"":[0.0,0.0]}"
1_1_1_1_1_1_1_1_1_1_1_1_1_1_1_1_1_1_1_2_1_1_1_1_1_1_1_2_6,25355.0971977428,33,757,2017,"{""type"":""Point"",""coordinates"":[0.0,0.0]}"
1_1_1_1_1_1_1_1_1_1_1_1_1_1_1_1_1_1_1_2_1_1_1_1_1_1_2_0,52369.284435936344,3,757,2018,"{""type"":""Point"",""coordinates"":[0.0,0.0]}"
1_1_1_1_1_1_1_1_1_1_1_1_1_1_1_1_1_1_1_2_1_1_1_1_1_1_2_1,1260560.935593113,4,757,2018,"{""type"":""Point"",""coordinates"":[0.0,0.0]}"
1_1_1_1_1_1_1_1_1_1_1_1_1_1_1_1_1_1_1_2_1_1_1_1_1_1_2_2,100.0488343792366,12,757,2018,"{""type"":""Point"",""coordinates"":[0.0,0.0]}"
1_1_1_1_1_1_1_1_1_1_1_1_1_1_1_1_1_1_1_2_1_1_1_1_1_1_2_3,1339069.8664920724,21,757,2018,"{""type"":""Point"",""coordinates"":[0.0,0.0]}"
1_1_1_1_1_1_1_1_1_1_1_1_1_1_1_1_1_1_1_2_1_1_1_1_1_1_2_4,9918.493533485916,22,757,2018,"{""type"":""Point"",""coordinates"":[0.0,0.0]}"
1_1_1_1_1_1_1_1_1_1_1_1_1_1_1_1_1_1_1_2_1_1_1_1_1_1_2_5,943.1030789456476,29,757,2018,"{""type"":""Point"",""coordinates"":[0.0,0.0]}"
1_1_1_1_1_1_1_1_1_1_1_1_1_1_1_1_1_1_1_2_1_1_1_1_1_1_2_6,21902.853850873875,33,757,2018,"{""type"":""Point"",""coordinates"":[0.0,0.0]}"
1_1_1_1_1_1_1_1_1_1_1_1_1_1_1_1_1_1_1_2_1_1_1_1_1_2_0,46512.9966061998,3,757,2019,"{""type"":""Point"",""coordinates"":[0.0,0.0]}"
1_1_1_1_1_1_1_1_1_1_1_1_1_1_1_1_1_1_1_2_1_1_1_1_1_2_1,1274963.137345814,4,757,2019,"{""type"":""Point"",""coordinates"":[0.0,0.0]}"
1_1_1_1_1_1_1_1_1_1_1_1_1_1_1_1_1_1_1_2_1_1_1_1_1_2_2,387.7014375225723,12,757,2019,"{""type"":""Point"",""coordinates"":[0.0,0.0]}"
1_1_1_1_1_1_1_1_1_1_1_1_1_1_1_1_1_1_1_2_1_1_1_1_1_2_3,1322666.010899671,21,757,2019,"{""type"":""Point"",""coordinates"":[0.0,0.0]}"
1_1_1_1_1_1_1_1_1_1_1_1_1_1_1_1_1_1_1_2_1_1_1_1_1_2_4,8883.572259448918,22,757,2019,"{""type"":""Point"",""coordinates"":[0.0,0.0]}"
1_1_1_1_1_1_1_1_1_1_1_1_1_1_1_1_1_1_1_2_1_1_1_1_1_2_5,234.67151795364677,29,757,2019,"{""type"":""Point"",""coordinates"":[0.0,0.0]}"
1_1_1_1_1_1_1_1_1_1_1_1_1_1_1_1_1_1_1_2_1_1_1_1_1_2_6,31216.495752270435,33,757,2019,"{""type"":""Point"",""coordinates"":[0.0,0.0]}"
1_1_1_1_1_1_1_1_1_1_1_1_1_1_1_1_1_1_1_2_1_1_1_1_2_0,35484.226755677584,3,757,2020,"{""type"":""Point"",""coordinates"":[0.0,0.0]}"
1_1_1_1_1_1_1_1_1_1_1_1_1_1_1_1_1_1_1_2_1_1_1_1_2_1,1271064.8858261325,4,757,2020,"{""type"":""Point"",""coordinates"":[0.0,0.0]}"
1_1_1_1_1_1_1_1_1_1_1_1_1_1_1_1_1_1_1_2_1_1_1_1_2_2,214.12134292724616,12,757,2020,"{""type"":""Point"",""coordinates"":[0.0,0.0]}"
1_1_1_1_1_1_1_1_1_1_1_1_1_1_1_1_1_1_1_2_1_1_1_1_2_3,1336382.847419379,21,757,2020,"{""type"":""Point"",""coordinates"":[0.0,0.0]}"
1_1_1_1_1_1_1_1_1_1_1_1_1_1_1_1_1_1_1_2_1_1_1_1_2_4,10662.885351868366,22,757,2020,"{""type"":""Point"",""coordinates"":[0.0,0.0]}"
1_1_1_1_1_1_1_1_1_1_1_1_1_1_1_1_1_1_1_2_1_1_1_1_2_5,229.38239958275884,29,757,2020,"{""type"":""Point"",""coordinates"":[0.0,0.0]}"
1_1_1_1_1_1_1_1_1_1_1_1_1_1_1_1_1_1_1_2_1_1_1_1_2_6,30826.236723328813,33,757,2020,"{""type"":""Point"",""coordinates"":[0.0,0.0]}"
1_1_1_1_1_1_1_1_1_1_1_1_1_1_1_1_1_1_1_2_1_1_1_2_0,23152.875801075428,3,757,2021,"{""type"":""Point"",""coordinates"":[0.0,0.0]}"
1_1_1_1_1_1_1_1_1_1_1_1_1_1_1_1_1_1_1_2_1_1_1_2_1,1226614.6802071466,4,757,2021,"{""type"":""Point"",""coordinates"":[0.0,0.0]}"
1_1_1_1_1_1_1_1_1_1_1_1_1_1_1_1_1_1_1_2_1_1_1_2_2,750.1068227393811,12,757,2021,"{""type"":""Point"",""coordinates"":[0.0,0.0]}"
1_1_1_1_1_1_1_1_1_1_1_1_1_1_1_1_1_1_1_2_1_1_1_2_3,1396660.330772021,21,757,2021,"{""type"":""Point"",""coordinates"":[0.0,0.0]}"
1_1_1_1_1_1_1_1_1_1_1_1_1_1_1_1_1_1_1_2_1_1_1_2_4,12586.807255179336,22,757,2021,"{""type"":""Point"",""coordinates"":[0.0,0.0]}"
1_1_1_1_1_1_1_1_1_1_1_1_1_1_1_1_1_1_1_2_1_1_1_2_5,2.1356827697753906,29,757,2021,"{""type"":""Point"",""coordinates"":[0.0,0.0]}"
1_1_1_1_1_1_1_1_1_1_1_1_1_1_1_1_1_1_1_2_1_1_1_2_6,25097.649278015822,33,757,2021,"{""type"":""Point"",""coordinates"":[0.0,0.0]}"
1_1_1_1_1_1_1_1_1_1_1_1_1_1_1_1_1_1_1_2_1_1_2_0,48638.49119272476,3,757,2022,"{""type"":""Point"",""coordinates"":[0.0,0.0]}"
1_1_1_1_1_1_1_1_1_1_1_1_1_1_1_1_1_1_1_2_1_1_2_1,1192100.796815698,4,757,2022,"{""type"":""Point"",""coordinates"":[0.0,0.0]}"
1_1_1_1_1_1_1_1_1_1_1_1_1_1_1_1_1_1_1_2_1_1_2_2,1310.5024125171444,12,757,2022,"{""type"":""Point"",""coordinates"":[0.0,0.0]}"
1_1_1_1_1_1_1_1_1_1_1_1_1_1_1_1_1_1_1_2_1_1_2_3,1406230.240349862,21,757,2022,"{""type"":""Point"",""coordinates"":[0.0,0.0]}"
1_1_1_1_1_1_1_1_1_1_1_1_1_1_1_1_1_1_1_2_1_1_2_4,9246.189377072216,22,757,2022,"{""type"":""Point"",""coordinates"":[0.0,0.0]}"
1_1_1_1_1_1_1_1_1_1_1_1_1_1_1_1_1_1_1_2_1_1_2_5,322.04883219123417,29,757,2022,"{""type"":""Point"",""coordinates"":[0.0,0.0]}"
1_1_1_1_1_1_1_1_1_1_1_1_1_1_1_1_1_1_1_2_1_1_2_6,27016.316838894803,33,757,2022,"{""type"":""Point"",""coordinates"":[0.0,0.0]}"
1_1_1_1_1_1_1_1_1_1_1_1_1_1_1_1_1_1_1_2_1_2_0,46054.574285823444,3,757,2023,"{""type"":""Point"",""coordinates"":[0.0,0.0]}"
1_1_1_1_1_1_1_1_1_1_1_1_1_1_1_1_1_1_1_2_1_2_1,1210335.6447268527,4,757,2023,"{""type"":""Point"",""coordinates"":[0.0,0.0]}"
1_1_1_1_1_1_1_1_1_1_1_1_1_1_1_1_1_1_1_2_1_2_2,98.2458232746677,12,757,2023,"{""type"":""Point"",""coordinates"":[0.0,0.0]}"
1_1_1_1_1_1_1_1_1_1_1_1_1_1_1_1_1_1_1_2_1_2_3,1385627.3276133607,21,757,2023,"{""type"":""Point"",""coordinates"":[0.0,0.0]}"
1_1_1_1_1_1_1_1_1_1_1_1_1_1_1_1_1_1_1_2_1_2_4,3934.8911406920056,22,757,2023,"{""type"":""Point"",""coordinates"":[0.0,0.0]}"
1_1_1_1_1_1_1_1_1_1_1_1_1_1_1_1_1_1_1_2_1_2_5,65.6163661829092,29,757,2023,"{""type"":""Point"",""coordinates"":[0.0,0.0]}"
1_1_1_1_1_1_1_1_1_1_1_1_1_1_1_1_1_1_1_2_1_2_6,38748.28586270301,33,757,2023,"{""type"":""Point"",""coordinates"":[0.0,0.0]}"
1_1_1_1_1_1_1_1_1_1_1_1_1_1_1_1_1_1_1_2_2_0,107788.1297413256,3,757,2024,"{""type"":""Point"",""coordinates"":[0.0,0.0]}"
1_1_1_1_1_1_1_1_1_1_1_1_1_1_1_1_1_1_1_2_2_1,1165025.4527111305,4,757,2024,"{""type"":""Point"",""coordinates"":[0.0,0.0]}"
1_1_1_1_1_1_1_1_1_1_1_1_1_1_1_1_1_1_1_2_2_2,34.17556424874101,12,757,2024,"{""type"":""Point"",""coordinates"":[0.0,0.0]}"
1_1_1_1_1_1_1_1_1_1_1_1_1_1_1_1_1_1_1_2_2_3,1365111.3652312146,21,757,2024,"{""type"":""Point"",""coordinates"":[0.0,0.0]}"
1_1_1_1_1_1_1_1_1_1_1_1_1_1_1_1_1_1_1_2_2_4,5151.376410027483,22,757,2024,"{""type"":""Point"",""coordinates"":[0.0,0.0]}"
1_1_1_1_1_1_1_1_1_1_1_1_1_1_1_1_1_1_1_2_2_5,0.17789685668945313,29,757,2024,"{""type"":""Point"",""coordinates"":[0.0,0.0]}"
1_1_1_1_1_1_1_1_1_1_1_1_1_1_1_1_1_1_1_2_2_6,41753.90826403259,33,757,2024,"{""type"":""Point"",""coordinates"":[0.0,0.0]}"
1_1_1_1_1_1_1_1_1_1_1_1_1_1_1_1_1_1_2_1_1_1_1_1_1_1_1_2_0,27152.638833757486,3,771,2016,"{""type"":""Point"",""coordinates"":[0.0,0.0]}"
1_1_1_1_1_1_1_1_1_1_1_1_1_1_1_1_1_1_2_1_1_1_1_1_1_1_1_2_1,264075.3955803806,4,771,2016,"{""type"":""Point"",""coordinates"":[0.0,0.0]}"
1_1_1_1_1_1_1_1_1_1_1_1_1_1_1_1_1_1_2_1_1_1_1_1_1_1_1_2_2,1961.5003710514818,12,771,2016,"{""type"":""Point"",""coordinates"":[0.0,0.0]}"
1_1_1_1_1_1_1_1_1_1_1_1_1_1_1_1_1_1_2_1_1_1_1_1_1_1_1_2_3,486988.48007999116,21,771,2016,"{""type"":""Point"",""coordinates"":[0.0,0.0]}"
1_1_1_1_1_1_1_1_1_1_1_1_1_1_1_1_1_1_2_1_1_1_1_1_1_1_1_2_4,3130.614217738815,22,771,2016,"{""type"":""Point"",""coordinates"":[0.0,0.0]}"
1_1_1_1_1_1_1_1_1_1_1_1_1_1_1_1_1_1_2_1_1_1_1_1_1_1_1_2_5,0.08789246215820312,27,771,2016,"{""type"":""Point"",""coordinates"":[0.0,0.0]}"
1_1_1_1_1_1_1_1_1_1_1_1_1_1_1_1_1_1_2_1_1_1_1_1_1_1_1_2_6,0.8494875423416437,29,771,2016,"{""type"":""Point"",""coordinates"":[0.0,0.0]}"
1_1_1_1_1_1_1_1_1_1_1_1_1_1_1_1_1_1_2_1_1_1_1_1_1_1_1_2_7,745.7562730016863,33,771,2016,"{""type"":""Point"",""coordinates"":[0.0,0.0]}"
1_1_1_1_1_1_1_1_1_1_1_1_1_1_1_1_1_1_2_1_1_1_1_1_1_1_2_0,27157.606180724877,3,771,2017,"{""type"":""Point"",""coordinates"":[0.0,0.0]}"
1_1_1_1_1_1_1_1_1_1_1_1_1_1_1_1_1_1_2_1_1_1_1_1_1_1_2_1,264359.42818947625,4,771,2017,"{""type"":""Point"",""coordinates"":[0.0,0.0]}"
1_1_1_1_1_1_1_1_1_1_1_1_1_1_1_1_1_1_2_1_1_1_1_1_1_1_2_2,1960.8845373295578,12,771,2017,"{""type"":""Point"",""coordinates"":[0.0,0.0]}"
1_1_1_1_1_1_1_1_1_1_1_1_1_1_1_1_1_1_2_1_1_1_1_1_1_1_2_3,486679.23455089104,21,771,2017,"{""type"":""Point"",""coordinates"":[0.0,0.0]}"
1_1_1_1_1_1_1_1_1_1_1_1_1_1_1_1_1_1_2_1_1_1_1_1_1_1_2_4,3129.2955181050265,22,771,2017,"{""type"":""Point"",""coordinates"":[0.0,0.0]}"
1_1_1_1_1_1_1_1_1_1_1_1_1_1_1_1_1_1_2_1_1_1_1_1_1_1_2_5,0.08789246215820312,27,771,2017,"{""type"":""Point"",""coordinates"":[0.0,0.0]}"
1_1_1_1_1_1_1_1_1_1_1_1_1_1_1_1_1_1_2_1_1_1_1_1_1_1_2_6,0.8494875423416437,29,771,2017,"{""type"":""Point"",""coordinates"":[0.0,0.0]}"
1_1_1_1_1_1_1_1_1_1_1_1_1_1_1_1_1_1_2_1_1_1_1_1_1_1_2_7,767.9363793934554,33,771,2017,"{""type"":""Point"",""coordinates"":[0.0,0.0]}"
1_1_1_1_1_1_1_1_1_1_1_1_1_1_1_1_1_1_2_1_1_1_1_1_1_2_0,27146.736625011214,3,771,2018,"{""type"":""Point"",""coordinates"":[0.0,0.0]}"
1_1_1_1_1_1_1_1_1_1_1_1_1_1_1_1_1_1_2_1_1_1_1_1_1_2_1,264054.7237753071,4,771,2018,"{""type"":""Point"",""coordinates"":[0.0,0.0]}"
1_1_1_1_1_1_1_1_1_1_1_1_1_1_1_1_1_1_2_1_1_1_1_1_1_2_2,1961.3242095097337,12,771,2018,"{""type"":""Point"",""coordinates"":[0.0,0.0]}"
1_1_1_1_1_1_1_1_1_1_1_1_1_1_1_1_1_1_2_1_1_1_1_1_1_2_3,487024.43257495697,21,771,2018,"{""type"":""Point"",""coordinates"":[0.0,0.0]}"
1_1_1_1_1_1_1_1_1_1_1_1_1_1_1_1_1_1_2_1_1_1_1_1_1_2_4,3131.7944531450703,22,771,2018,"{""type"":""Point"",""coordinates"":[0.0,0.0]}"
1_1_1_1_1_1_1_1_1_1_1_1_1_1_1_1_1_1_2_1_1_1_1_1_1_2_5,0.08789246215820312,27,771,2018,"{""type"":""Point"",""coordinates"":[0.0,0.0]}"
1_1_1_1_1_1_1_1_1_1_1_1_1_1_1_1_1_1_2_1_1_1_1_1_1_2_6,0.8494875423416437,29,771,2018,"{""type"":""Point"",""coordinates"":[0.0,0.0]}"
1_1_1_1_1_1_1_1_1_1_1_1_1_1_1_1_1_1_2_1_1_1_1_1_1_2_7,735.3737179937395,33,771,2018,"{""type"":""Point"",""coordinates"":[0.0,0.0]}"
1_1_1_1_1_1_1_1_1_1_1_1_1_1_1_1_1_1_2_1_1_1_1_1_2_0,27182.9360865353,3,771,2019,"{""type"":""Point"",""coordinates"":[0.0,0.0]}"
1_1_1_1_1_1_1_1_1_1_1_1_1_1_1_1_1_1_2_1_1_1_1_1_2_1,263853.60145679687,4,771,2019,"{""type"":""Point"",""coordinates"":[0.0,0.0]}"
1_1_1_1_1_1_1_1_1_1_1_1_1_1_1_1_1_1_2_1_1_1_1_1_2_2,1961.7684281857973,12,771,2019,"{""type"":""Point"",""coordinates"":[0.0,0.0]}"
1_1_1_1_1_1_1_1_1_1_1_1_1_1_1_1_1_1_2_1_1_1_1_1_2_3,487153.922903322,21,771,2019,"{""type"":""Point"",""coordinates"":[0.0,0.0]}"
1_1_1_1_1_1_1_1_1_1_1_1_1_1_1_1_1_1_2_1_1_1_1_1_2_4,3129.5838093512684,22,771,2019,"{""type"":""Point"",""coordinates"":[0.0,0.0]}"
1_1_1_1_1_1_1_1_1_1_1_1_1_1_1_1_1_1_2_1_1_1_1_1_2_5,0.08789246215820312,27,771,2019,"{""type"":""Point"",""coordinates"":[0.0,0.0]}"
1_1_1_1_1_1_1_1_1_1_1_1_1_1_1_1_1_1_2_1_1_1_1_1_2_6,0.8494875423416437,29,771,2019,"{""type"":""Point"",""coordinates"":[0.0,0.0]}"
1_1_1_1_1_1_1_1_1_1_1_1_1_1_1_1_1_1_2_1_1_1_1_1_2_7,772.5726717321311,33,771,2019,"{""type"":""Point"",""coordinates"":[0.0,0.0]}"
1_1_1_1_1_1_1_1_1_1_1_1_1_1_1_1_1_1_2_1_1_1_1_2_0,27157.129301589608,3,771,2020,"{""type"":""Point"",""coordinates"":[0.0,0.0]}"
1_1_1_1_1_1_1_1_1_1_1_1_1_1_1_1_1_1_2_1_1_1_1_2_1,263969.16734726634,4,771,2020,"{""type"":""Point"",""coordinates"":[0.0,0.0]}"
1_1_1_1_1_1_1_1_1_1_1_1_1_1_1_1_1_1_2_1_1_1_1_2_2,1960.5327959843432,12,771,2020,"{""type"":""Point"",""coordinates"":[0.0,0.0]}"
1_1_1_1_1_1_1_1_1_1_1_1_1_1_1_1_1_1_2_1_1_1_1_2_3,487069.85535048594,21,771,2020,"{""type"":""Point"",""coordinates"":[0.0,0.0]}"
1_1_1_1_1_1_1_1_1_1_1_1_1_1_1_1_1_1_2_1_1_1_1_2_4,3137.0523015890326,22,771,2020,"{""type"":""Point"",""coordinates"":[0.0,0.0]}"
1_1_1_1_1_1_1_1_1_1_1_1_1_1_1_1_1_1_2_1_1_1_1_2_5,0.08789246215820312,27,771,2020,"{""type"":""Point"",""coordinates"":[0.0,0.0]}"
1_1_1_1_1_1_1_1_1_1_1_1_1_1_1_1_1_1_2_1_1_1_1_2_6,1.7283624996170341,29,771,2020,"{""type"":""Point"",""coordinates"":[0.0,0.0]}"
1_1_1_1_1_1_1_1_1_1_1_1_1_1_1_1_1_1_2_1_1_1_1_2_7,759.7693840515865,33,771,2020,"{""type"":""Point"",""coordinates"":[0.0,0.0]}"
1_1_1_1_1_1_1_1_1_1_1_1_1_1_1_1_1_1_2_1_1_1_2_0,27157.519726298342,3,771,2021,"{""type"":""Point"",""coordinates"":[0.0,0.0]}"
1_1_1_1_1_1_1_1_1_1_1_1_1_1_1_1_1_1_2_1_1_1_2_1,263527.0788605477,4,771,2021,"{""type"":""Point"",""coordinates"":[0.0,0.0]}"
1_1_1_1_1_1_1_1_1_1_1_1_1_1_1_1_1_1_2_1_1_1_2_2,1960.5327959843435,12,771,2021,"{""type"":""Point"",""coordinates"":[0.0,0.0]}"
1_1_1_1_1_1_1_1_1_1_1_1_1_1_1_1_1_1_2_1_1_1_2_3,487508.61457053607,21,771,2021,"{""type"":""Point"",""coordinates"":[0.0,0.0]}"
1_1_1_1_1_1_1_1_1_1_1_1_1_1_1_1_1_1_2_1_1_1_2_4,3131.353356910197,22,771,2021,"{""type"":""Point"",""coordinates"":[0.0,0.0]}"
1_1_1_1_1_1_1_1_1_1_1_1_1_1_1_1_1_1_2_1_1_1_2_5,0.08789246215820312,27,771,2021,"{""type"":""Point"",""coordinates"":[0.0,0.0]}"
1_1_1_1_1_1_1_1_1_1_1_1_1_1_1_1_1_1_2_1_1_1_2_6,0.8494875423416437,29,771,2021,"{""type"":""Point"",""coordinates"":[0.0,0.0]}"
1_1_1_1_1_1_1_1_1_1_1_1_1_1_1_1_1_1_2_1_1_1_2_7,769.2860456487211,33,771,2021,"{""type"":""Point"",""coordinates"":[0.0,0.0]}"
1_1_1_1_1_1_1_1_1_1_1_1_1_1_1_1_1_1_2_1_1_2_0,27239.261694657023,3,771,2022,"{""type"":""Point"",""coordinates"":[0.0,0.0]}"
1_1_1_1_1_1_1_1_1_1_1_1_1_1_1_1_1_1_2_1_1_2_1,262823.98246638506,4,771,2022,"{""type"":""Point"",""coordinates"":[0.0,0.0]}"
1_1_1_1_1_1_1_1_1_1_1_1_1_1_1_1_1_1_2_1_1_2_2,1960.532795984343,12,771,2022,"{""type"":""Point"",""coordinates"":[0.0,0.0]}"
1_1_1_1_1_1_1_1_1_1_1_1_1_1_1_1_1_1_2_1_1_2_3,488115.8950966506,21,771,2022,"{""type"":""Point"",""coordinates"":[0.0,0.0]}"
1_1_1_1_1_1_1_1_1_1_1_1_1_1_1_1_1_1_2_1_1_2_4,3130.966808759802,22,771,2022,"{""type"":""Point"",""coordinates"":[0.0,0.0]}"
1_1_1_1_1_1_1_1_1_1_1_1_1_1_1_1_1_1_2_1_1_2_5,0.08789246215820312,27,771,2022,"{""type"":""Point"",""coordinates"":[0.0,0.0]}"
1_1_1_1_1_1_1_1_1_1_1_1_1_1_1_1_1_1_2_1_1_2_6,0.8494875423416437,29,771,2022,"{""type"":""Point"",""coordinates"":[0.0,0.0]}"
1_1_1_1_1_1_1_1_1_1_1_1_1_1_1_1_1_1_2_1_1_2_7,783.7464934914517,33,771,2022,"{""type"":""Point"",""coordinates"":[0.0,0.0]}"
1_1_1_1_1_1_1_1_1_1_1_1_1_1_1_1_1_1_2_1_2_0,27190.949892876197,3,771,2023,"{""type"":""Point"",""coordinates"":[0.0,0.0]}"
1_1_1_1_1_1_1_1_1_1_1_1_1_1_1_1_1_1_2_1_2_1,262759.96287875384,4,771,2023,"{""type"":""Point"",""coordinates"":[0.0,0.0]}"
1_1_1_1_1_1_1_1_1_1_1_1_1_1_1_1_1_1_2_1_2_2,1961.012230640751,12,771,2023,"{""type"":""Point"",""coordinates"":[0.0,0.0]}"
1_1_1_1_1_1_1_1_1_1_1_1_1_1_1_1_1_1_2_1_2_3,488213.38434572075,21,771,2023,"{""type"":""Point"",""coordinates"":[0.0,0.0]}"
1_1_1_1_1_1_1_1_1_1_1_1_1_1_1_1_1_1_2_1_2_4,3169.5815095582375,22,771,2023,"{""type"":""Point"",""coordinates"":[0.0,0.0]}"
1_1_1_1_1_1_1_1_1_1_1_1_1_1_1_1_1_1_2_1_2_5,0.08789246215820312,27,771,2023,"{""type"":""Point"",""coordinates"":[0.0,0.0]}"
1_1_1_1_1_1_1_1_1_1_1_1_1_1_1_1_1_1_2_1_2_6,0.8494875423416437,29,771,2023,"{""type"":""Point"",""coordinates"":[0.0,0.0]}"
1_1_1_1_1_1_1_1_1_1_1_1_1_1_1_1_1_1_2_1_2_7,759.4944983786203,33,771,2023,"{""type"":""Point"",""coordinates"":[0.0,0.0]}"
1_1_1_1_1_1_1_1_1_1_1_1_1_1_1_1_1_1_2_2_0,27235.70448408181,3,771,2024,"{""type"":""Point"",""coordinates"":[0.0,0.0]}"
1_1_1_1_1_1_1_1_1_1_1_1_1_1_1_1_1_1_2_2_1,263028.052945927,4,771,2024,"{""type"":""Point"",""coordinates"":[0.0,0.0]}"
1_1_1_1_1_1_1_1_1_1_1_1_1_1_1_1_1_1_2_2_2,1960.5327959843435,12,771,2024,"{""type"":""Point"",""coordinates"":[0.0,0.0]}"
1_1_1_1_1_1_1_1_1_1_1_1_1_1_1_1_1_1_2_2_3,487718.618658754,21,771,2024,"{""type"":""Point"",""coordinates"":[0.0,0.0]}"
1_1_1_1_1_1_1_1_1_1_1_1_1_1_1_1_1_1_2_2_4,3131.78331520454,22,771,2024,"{""type"":""Point"",""coordinates"":[0.0,0.0]}"
1_1_1_1_1_1_1_1_1_1_1_1_1_1_1_1_1_1_2_2_5,0.08789246215820312,27,771,2024,"{""type"":""Point"",""coordinates"":[0.0,0.0]}"
1_1_1_1_1_1_1_1_1_1_1_1_1_1_1_1_1_1_2_2_6,0.8494875423416436,29,771,2024,"{""type"":""Point"",""coordinates"":[0.0,0.0]}"
1_1_1_1_1_1_1_1_1_1_1_1_1_1_1_1_1_1_2_2_7,979.693155974098,33,771,2024,"{""type"":""Point"",""coordinates"":[0.0,0.0]}"
1_1_1_1_1_1_1_1_1_1_1_1_1_1_1_1_1_2_1_1_1_1_1_1_1_1_2_0,23327.13071879181,3,766,2016,"{""type"":""Point"",""coordinates"":[0.0,0.0]}"
1_1_1_1_1_1_1_1_1_1_1_1_1_1_1_1_1_2_1_1_1_1_1_1_1_1_2_1,1135632.3546737037,4,766,2016,"{""type"":""Point"",""coordinates"":[0.0,0.0]}"
1_1_1_1_1_1_1_1_1_1_1_1_1_1_1_1_1_2_1_1_1_1_1_1_1_1_2_2,1091.4866353738216,12,766,2016,"{""type"":""Point"",""coordinates"":[0.0,0.0]}"
1_1_1_1_1_1_1_1_1_1_1_1_1_1_1_1_1_2_1_1_1_1_1_1_1_1_2_3,1334788.1685282663,21,766,2016,"{""type"":""Point"",""coordinates"":[0.0,0.0]}"
1_1_1_1_1_1_1_1_1_1_1_1_1_1_1_1_1_2_1_1_1_1_1_1_1_1_2_4,59.519870399146,22,766,2016,"{""type"":""Point"",""coordinates"":[0.0,0.0]}"
1_1_1_1_1_1_1_1_1_1_1_1_1_1_1_1_1_2_1_1_1_1_1_1_1_1_2_5,849.5100607127007,29,766,2016,"{""type"":""Point"",""coordinates"":[0.0,0.0]}"
1_1_1_1_1_1_1_1_1_1_1_1_1_1_1_1_1_2_1_1_1_1_1_1_1_1_2_6,6068.256423300737,33,766,2016,"{""type"":""Point"",""coordinates"":[0.0,0.0]}"
1_1_1_1_1_1_1_1_1_1_1_1_1_1_1_1_1_2_1_1_1_1_1_1_1_2_0,16901.958824002515,3,766,2017,"{""type"":""Point"",""coordinates"":[0.0,0.0]}"
1_1_1_1_1_1_1_1_1_1_1_1_1_1_1_1_1_2_1_1_1_1_1_1_1_2_1,1150421.6009614253,4,766,2017,"{""type"":""Point"",""coordinates"":[0.0,0.0]}"
1_1_1_1_1_1_1_1_1_1_1_1_1_1_1_1_1_2_1_1_1_1_1_1_1_2_2,852.4215181403903,12,766,2017,"{""type"":""Point"",""coordinates"":[0.0,0.0]}"
1_1_1_1_1_1_1_1_1_1_1_1_1_1_1_1_1_2_1_1_1_1_1_1_1_2_3,1328375.9162836252,21,766,2017,"{""type"":""Point"",""coordinates"":[0.0,0.0]}"
1_1_1_1_1_1_1_1_1_1_1_1_1_1_1_1_1_2_1_1_1_1_1_1_1_2_4,0.43084554443359374,22,766,2017,"{""type"":""Point"",""coordinates"":[0.0,0.0]}"
1_1_1_1_1_1_1_1_1_1_1_1_1_1_1_1_1_2_1_1_1_1_1_1_1_2_5,932.1337209645726,29,766,2017,"{""type"":""Point"",""coordinates"":[0.0,0.0]}"
1_1_1_1_1_1_1_1_1_1_1_1_1_1_1_1_1_2_1_1_1_1_1_1_1_2_6,4331.964756826882,33,766,2017,"{""type"":""Point"",""coordinates"":[0.0,0.0]}"
1_1_1_1_1_1_1_1_1_1_1_1_1_1_1_1_1_2_1_1_1_1_1_1_2_0,29237.587812004138,3,766,2018,"{""type"":""Point"",""coordinates"":[0.0,0.0]}"
1_1_1_1_1_1_1_1_1_1_1_1_1_1_1_1_1_2_1_1_1_1_1_1_2_1,1159409.7270287962,4,766,2018,"{""type"":""Point"",""coordinates"":[0.0,0.0]}"
1_1_1_1_1_1_1_1_1_1_1_1_1_1_1_1_1_2_1_1_1_1_1_1_2_2,830.49982018234,12,766,2018,"{""type"":""Point"",""coordinates"":[0.0,0.0]}"
1_1_1_1_1_1_1_1_1_1_1_1_1_1_1_1_1_2_1_1_1_1_1_1_2_3,1305854.0953004053,21,766,2018,"{""type"":""Point"",""coordinates"":[0.0,0.0]}"
1_1_1_1_1_1_1_1_1_1_1_1_1_1_1_1_1_2_1_1_1_1_1_1_2_4,13.838235805520451,22,766,2018,"{""type"":""Point"",""coordinates"":[0.0,0.0]}"
1_1_1_1_1_1_1_1_1_1_1_1_1_1_1_1_1_2_1_1_1_1_1_1_2_5,1124.1949085213955,29,766,2018,"{""type"":""Point"",""coordinates"":[0.0,0.0]}"
1_1_1_1_1_1_1_1_1_1_1_1_1_1_1_1_1_2_1_1_1_1_1_1_2_6,5346.483804818162,33,766,2018,"{""type"":""Point"",""coordinates"":[0.0,0.0]}"
1_1_1_1_1_1_1_1_1_1_1_1_1_1_1_1_1_2_1_1_1_1_1_2_0,37107.278111202766,3,766,2019,"{""type"":""Point"",""coordinates"":[0.0,0.0]}"
1_1_1_1_1_1_1_1_1_1_1_1_1_1_1_1_1_2_1_1_1_1_1_2_1,1150999.9963305893,4,766,2019,"{""type"":""Point"",""coordinates"":[0.0,0.0]}"
1_1_1_1_1_1_1_1_1_1_1_1_1_1_1_1_1_2_1_1_1_1_1_2_2,4831.024661628748,12,766,2019,"{""type"":""Point"",""coordinates"":[0.0,0.0]}"
1_1_1_1_1_1_1_1_1_1_1_1_1_1_1_1_1_2_1_1_1_1_1_2_3,1302884.1434157402,21,766,2019,"{""type"":""Point"",""coordinates"":[0.0,0.0]}"
1_1_1_1_1_1_1_1_1_1_1_1_1_1_1_1_1_2_1_1_1_1_1_2_4,528.361446559388,22,766,2019,"{""type"":""Point"",""coordinates"":[0.0,0.0]}"
1_1_1_1_1_1_1_1_1_1_1_1_1_1_1_1_1_2_1_1_1_1_1_2_5,1150.2855301898082,29,766,2019,"{""type"":""Point"",""coordinates"":[0.0,0.0]}"
1_1_1_1_1_1_1_1_1_1_1_1_1_1_1_1_1_2_1_1_1_1_1_2_6,4315.337414644304,33,766,2019,"{""type"":""Point"",""coordinates"":[0.0,0.0]}"
1_1_1_1_1_1_1_1_1_1_1_1_1_1_1_1_1_2_1_1_1_1_2_0,31288.402367589504,3,766,2020,"{""type"":""Point"",""coordinates"":[0.0,0.0]}"
1_1_1_1_1_1_1_1_1_1_1_1_1_1_1_1_1_2_1_1_1_1_2_1,1157037.1686849047,4,766,2020,"{""type"":""Point"",""coordinates"":[0.0,0.0]}"
1_1_1_1_1_1_1_1_1_1_1_1_1_1_1_1_1_2_1_1_1_1_2_2,9346.63230884862,12,766,2020,"{""type"":""Point"",""coordinates"":[0.0,0.0]}"
1_1_1_1_1_1_1_1_1_1_1_1_1_1_1_1_1_2_1_1_1_1_2_3,1299510.4038287646,21,766,2020,"{""type"":""Point"",""coordinates"":[0.0,0.0]}"
1_1_1_1_1_1_1_1_1_1_1_1_1_1_1_1_1_2_1_1_1_1_2_4,30.156291998051664,22,766,2020,"{""type"":""Point"",""coordinates"":[0.0,0.0]}"
1_1_1_1_1_1_1_1_1_1_1_1_1_1_1_1_1_2_1_1_1_1_2_5,590.3254848625173,29,766,2020,"{""type"":""Point"",""coordinates"":[0.0,0.0]}"
1_1_1_1_1_1_1_1_1_1_1_1_1_1_1_1_1_2_1_1_1_1_2_6,4013.3379435751563,33,766,2020,"{""type"":""Point"",""coordinates"":[0.0,0.0]}"
1_1_1_1_1_1_1_1_1_1_1_1_1_1_1_1_1_2_1_1_1_2_0,79920.01850968039,3,766,2021,"{""type"":""Point"",""coordinates"":[0.0,0.0]}"
1_1_1_1_1_1_1_1_1_1_1_1_1_1_1_1_1_2_1_1_1_2_1,1142511.0916623343,4,766,2021,"{""type"":""Point"",""coordinates"":[0.0,0.0]}"
1_1_1_1_1_1_1_1_1_1_1_1_1_1_1_1_1_2_1_1_1_2_2,3282.463403814501,12,766,2021,"{""type"":""Point"",""coordinates"":[0.0,0.0]}"
1_1_1_1_1_1_1_1_1_1_1_1_1_1_1_1_1_2_1_1_1_2_3,1269843.0589194142,21,766,2021,"{""type"":""Point"",""coordinates"":[0.0,0.0]}"
1_1_1_1_1_1_1_1_1_1_1_1_1_1_1_1_1_2_1_1_1_2_4,493.01557348544225,22,766,2021,"{""type"":""Point"",""coordinates"":[0.0,0.0]}"
1_1_1_1_1_1_1_1_1_1_1_1_1_1_1_1_1_2_1_1_1_2_5,5.8818364610859,29,766,2021,"{""type"":""Point"",""coordinates"":[0.0,0.0]}"
1_1_1_1_1_1_1_1_1_1_1_1_1_1_1_1_1_2_1_1_1_2_6,5760.897005340618,33,766,2021,"{""type"":""Point"",""coordinates"":[0.0,0.0]}"
1_1_1_1_1_1_1_1_1_1_1_1_1_1_1_1_1_2_1_1_2_0,25936.02383345993,3,766,2022,"{""type"":""Point"",""coordinates"":[0.0,0.0]}"
1_1_1_1_1_1_1_1_1_1_1_1_1_1_1_1_1_2_1_1_2_1,1189264.6006211285,4,766,2022,"{""type"":""Point"",""coordinates"":[0.0,0.0]}"
1_1_1_1_1_1_1_1_1_1_1_1_1_1_1_1_1_2_1_1_2_2,5281.888292599752,12,766,2022,"{""type"":""Point"",""coordinates"":[0.0,0.0]}"
1_1_1_1_1_1_1_1_1_1_1_1_1_1_1_1_1_2_1_1_2_3,1272430.3869056667,21,766,2022,"{""type"":""Point"",""coordinates"":[0.0,0.0]}"
1_1_1_1_1_1_1_1_1_1_1_1_1_1_1_1_1_2_1_1_2_4,541.9668416885673,22,766,2022,"{""type"":""Point"",""coordinates"":[0.0,0.0]}"
1_1_1_1_1_1_1_1_1_1_1_1_1_1_1_1_1_2_1_1_2_5,73.65983784730199,29,766,2022,"{""type"":""Point"",""coordinates"":[0.0,0.0]}"
1_1_1_1_1_1_1_1_1_1_1_1_1_1_1_1_1_2_1_1_2_6,8287.900578153443,33,766,2022,"{""type"":""Point"",""coordinates"":[0.0,0.0]}"
1_1_1_1_1_1_1_1_1_1_1_1_1_1_1_1_1_2_1_2_0,29395.886387508832,3,766,2023,"{""type"":""Point"",""coordinates"":[0.0,0.0]}"
1_1_1_1_1_1_1_1_1_1_1_1_1_1_1_1_1_2_1_2_1,1162321.5597575754,4,766,2023,"{""type"":""Point"",""coordinates"":[0.0,0.0]}"
1_1_1_1_1_1_1_1_1_1_1_1_1_1_1_1_1_2_1_2_2,7456.284497243508,12,766,2023,"{""type"":""Point"",""coordinates"":[0.0,0.0]}"
1_1_1_1_1_1_1_1_1_1_1_1_1_1_1_1_1_2_1_2_3,1292601.2860363189,21,766,2023,"{""type"":""Point"",""coordinates"":[0.0,0.0]}"
1_1_1_1_1_1_1_1_1_1_1_1_1_1_1_1_1_2_1_2_4,1.6451878601074217,22,766,2023,"{""type"":""Point"",""coordinates"":[0.0,0.0]}"
1_1_1_1_1_1_1_1_1_1_1_1_1_1_1_1_1_2_1_2_5,89.99583146386243,29,766,2023,"{""type"":""Point"",""coordinates"":[0.0,0.0]}"
1_1_1_1_1_1_1_1_1_1_1_1_1_1_1_1_1_2_1_2_6,9949.769212579233,33,766,2023,"{""type"":""Point"",""coordinates"":[0.0,0.0]}"
1_1_1_1_1_1_1_1_1_1_1_1_1_1_1_1_1_2_2_0,49327.66818706464,3,766,2024,"{""type"":""Point"",""coordinates"":[0.0,0.0]}"
1_1_1_1_1_1_1_1_1_1_1_1_1_1_1_1_1_2_2_1,1139452.7125701143,4,766,2024,"{""type"":""Point"",""coordinates"":[0.0,0.0]}"
1_1_1_1_1_1_1_1_1_1_1_1_1_1_1_1_1_2_2_2,5267.08845103025,12,766,2024,"{""type"":""Point"",""coordinates"":[0.0,0.0]}"
1_1_1_1_1_1_1_1_1_1_1_1_1_1_1_1_1_2_2_3,1158935.6738253157,21,766,2024,"{""type"":""Point"",""coordinates"":[0.0,0.0]}"
1_1_1_1_1_1_1_1_1_1_1_1_1_1_1_1_1_2_2_4,5.161457171630859,22,766,2024,"{""type"":""Point"",""coordinates"":[0.0,0.0]}"
1_1_1_1_1_1_1_1_1_1_1_1_1_1_1_1_1_2_2_5,18.852877175939224,29,766,2024,"{""type"":""Point"",""coordinates"":[0.0,0.0]}"
1_1_1_1_1_1_1_1_1_1_1_1_1_1_1_1_1_2_2_6,148809.2695427339,33,766,2024,"{""type"":""Point"",""coordinates"":[0.0,0.0]}"
1_1_1_1_1_1_1_1_1_1_1_1_1_1_1_1_2_1_1_1_1_1_1_1_1_2_0,565877.9216754659,3,7746,2016,"{""type"":""Point"",""coordinates"":[0.0,0.0]}"
1_1_1_1_1_1_1_1_1_1_1_1_1_1_1_1_2_1_1_1_1_1_1_1_1_2_1,1316612.0813144525,4,7746,2016,"{""type"":""Point"",""coordinates"":[0.0,0.0]}"
1_1_1_1_1_1_1_1_1_1_1_1_1_1_1_1_2_1_1_1_1_1_1_1_1_2_2,42511.36024286108,12,7746,2016,"{""type"":""Point"",""coordinates"":[0.0,0.0]}"
1_1_1_1_1_1_1_1_1_1_1_1_1_1_1_1_2_1_1_1_1_1_1_1_1_2_3,1247971.4327941497,21,7746,2016,"{""type"":""Point"",""coordinates"":[0.0,0.0]}"
1_1_1_1_1_1_1_1_1_1_1_1_1_1_1_1_2_1_1_1_1_1_1_1_1_2_4,3409.927767519315,22,7746,2016,"{""type"":""Point"",""coordinates"":[0.0,0.0]}"
1_1_1_1_1_1_1_1_1_1_1_1_1_1_1_1_2_1_1_1_1_1_1_1_1_2_5,34.065235891400484,29,7746,2016,"{""type"":""Point"",""coordinates"":[0.0,0.0]}"
1_1_1_1_1_1_1_1_1_1_1_1_1_1_1_1_2_1_1_1_1_1_1_1_1_2_6,7885.923494975298,33,7746,2016,"{""type"":""Point"",""coordinates"":[0.0,0.0]}"
1_1_1_1_1_1_1_1_1_1_1_1_1_1_1_1_2_1_1_1_1_1_1_1_2_0,407139.9356390266,3,7746,2017,"{""type"":""Point"",""coordinates"":[0.0,0.0]}"
1_1_1_1_1_1_1_1_1_1_1_1_1_1_1_1_2_1_1_1_1_1_1_1_2_1,1516351.7364510042,4,7746,2017,"{""type"":""Point"",""coordinates"":[0.0,0.0]}"
1_1_1_1_1_1_1_1_1_1_1_1_1_1_1_1_2_1_1_1_1_1_1_1_2_2,22193.769256562573,12,7746,2017,"{""type"":""Point"",""coordinates"":[0.0,0.0]}"
1_1_1_1_1_1_1_1_1_1_1_1_1_1_1_1_2_1_1_1_1_1_1_1_2_3,1232901.1622274125,21,7746,2017,"{""type"":""Point"",""coordinates"":[0.0,0.0]}"
1_1_1_1_1_1_1_1_1_1_1_1_1_1_1_1_2_1_1_1_1_1_1_1_2_4,665.4078699143595,22,7746,2017,"{""type"":""Point"",""coordinates"":[0.0,0.0]}"
1_1_1_1_1_1_1_1_1_1_1_1_1_1_1_1_2_1_1_1_1_1_1_1_2_5,65.01428281250001,29,7746,2017,"{""type"":""Point"",""coordinates"":[0.0,0.0]}"
1_1_1_1_1_1_1_1_1_1_1_1_1_1_1_1_2_1_1_1_1_1_1_1_2_6,4985.686796962935,33,7746,2017,"{""type"":""Point"",""coordinates"":[0.0,0.0]}"
1_1_1_1_1_1_1_1_1_1_1_1_1_1_1_1_2_1_1_1_1_1_1_2_0,453126.90212204435,3,7746,2018,"{""type"":""Point"",""coordinates"":[0.0,0.0]}"
1_1_1_1_1_1_1_1_1_1_1_1_1_1_1_1_2_1_1_1_1_1_1_2_1,1435103.0365130757,4,7746,2018,"{""type"":""Point"",""coordinates"":[0.0,0.0]}"
1_1_1_1_1_1_1_1_1_1_1_1_1_1_1_1_2_1_1_1_1_1_1_2_2,46342.812740880865,12,7746,2018,"{""type"":""Point"",""coordinates"":[0.0,0.0]}"
1_1_1_1_1_1_1_1_1_1_1_1_1_1_1_1_2_1_1_1_1_1_1_2_3,1240437.8274022138,21,7746,2018,"{""type"":""Point"",""coordinates"":[0.0,0.0]}"
1_1_1_1_1_1_1_1_1_1_1_1_1_1_1_1_2_1_1_1_1_1_1_2_4,715.7837455093204,22,7746,2018,"{""type"":""Point"",""coordinates"":[0.0,0.0]}"
1_1_1_1_1_1_1_1_1_1_1_1_1_1_1_1_2_1_1_1_1_1_1_2_5,62.04263807373049,29,7746,2018,"{""type"":""Point"",""coordinates"":[0.0,0.0]}"
1_1_1_1_1_1_1_1_1_1_1_1_1_1_1_1_2_1_1_1_1_1_1_2_6,8514.307361866306,33,7746,2018,"{""type"":""Point"",""coordinates"":[0.0,0.0]}"
1_1_1_1_1_1_1_1_1_1_1_1_1_1_1_1_2_1_1_1_1_1_2_0,419952.2982750698,3,7746,2019,"{""type"":""Point"",""coordinates"":[0.0,0.0]}"
1_1_1_1_1_1_1_1_1_1_1_1_1_1_1_1_2_1_1_1_1_1_2_1,1458761.9203949145,4,7746,2019,"{""type"":""Point"",""coordinates"":[0.0,0.0]}"
1_1_1_1_1_1_1_1_1_1_1_1_1_1_1_1_2_1_1_1_1_1_2_2,28265.984092305374,12,7746,2019,"{""type"":""Point"",""coordinates"":[0.0,0.0]}"
1_1_1_1_1_1_1_1_1_1_1_1_1_1_1_1_2_1_1_1_1_1_2_3,1270227.4930653626,21,7746,2019,"{""type"":""Point"",""coordinates"":[0.0,0.0]}"
1_1_1_1_1_1_1_1_1_1_1_1_1_1_1_1_2_1_1_1_1_1_2_4,673.7308674161784,22,7746,2019,"{""type"":""Point"",""coordinates"":[0.0,0.0]}"
1_1_1_1_1_1_1_1_1_1_1_1_1_1_1_1_2_1_1_1_1_1_2_5,517.8245329556094,29,7746,2019,"{""type"":""Point"",""coordinates"":[0.0,0.0]}"
1_1_1_1_1_1_1_1_1_1_1_1_1_1_1_1_2_1_1_1_1_1_2_6,5903.461297097855,33,7746,2019,"{""type"":""Point"",""coordinates"":[0.0,0.0]}"
1_1_1_1_1_1_1_1_1_1_1_1_1_1_1_1_2_1_1_1_1_2_0,490851.11023051495,3,7746,2020,"{""type"":""Point"",""coordinates"":[0.0,0.0]}"
1_1_1_1_1_1_1_1_1_1_1_1_1_1_1_1_2_1_1_1_1_2_1,1382092.9768003079,4,7746,2020,"{""type"":""Point"",""coordinates"":[0.0,0.0]}"
1_1_1_1_1_1_1_1_1_1_1_1_1_1_1_1_2_1_1_1_1_2_2,50903.68534782244,12,7746,2020,"{""type"":""Point"",""coordinates"":[0.0,0.0]}"
1_1_1_1_1_1_1_1_1_1_1_1_1_1_1_1_2_1_1_1_1_2_3,1255705.7995370014,21,7746,2020,"{""type"":""Point"",""coordinates"":[0.0,0.0]}"
1_1_1_1_1_1_1_1_1_1_1_1_1_1_1_1_2_1_1_1_1_2_4,531.1507052134803,22,7746,2020,"{""type"":""Point"",""coordinates"":[0.0,0.0]}"
1_1_1_1_1_1_1_1_1_1_1_1_1_1_1_1_2_1_1_1_1_2_5,48.189882464599606,29,7746,2020,"{""type"":""Point"",""coordinates"":[0.0,0.0]}"
1_1_1_1_1_1_1_1_1_1_1_1_1_1_1_1_2_1_1_1_1_2_6,4169.8000204583395,33,7746,2020,"{""type"":""Point"",""coordinates"":[0.0,0.0]}"
1_1_1_1_1_1_1_1_1_1_1_1_1_1_1_1_2_1_1_1_2_0,438858.7716939815,3,7746,2021,"{""type"":""Point"",""coordinates"":[0.0,0.0]}"
1_1_1_1_1_1_1_1_1_1_1_1_1_1_1_1_2_1_1_1_2_1,1476574.7331753743,4,7746,2021,"{""type"":""Point"",""coordinates"":[0.0,0.0]}"
1_1_1_1_1_1_1_1_1_1_1_1_1_1_1_1_2_1_1_1_2_2,49257.64559730972,12,7746,2021,"{""type"":""Point"",""coordinates"":[0.0,0.0]}"
1_1_1_1_1_1_1_1_1_1_1_1_1_1_1_1_2_1_1_1_2_3,1213105.664544267,21,7746,2021,"{""type"":""Point"",""coordinates"":[0.0,0.0]}"
1_1_1_1_1_1_1_1_1_1_1_1_1_1_1_1_2_1_1_1_2_4,263.2153615120682,22,7746,2021,"{""type"":""Point"",""coordinates"":[0.0,0.0]}"
1_1_1_1_1_1_1_1_1_1_1_1_1_1_1_1_2_1_1_1_2_5,1365.6383637419767,29,7746,2021,"{""type"":""Point"",""coordinates"":[0.0,0.0]}"
1_1_1_1_1_1_1_1_1_1_1_1_1_1_1_1_2_1_1_1_2_6,4877.04378772316,33,7746,2021,"{""type"":""Point"",""coordinates"":[0.0,0.0]}"
1_1_1_1_1_1_1_1_1_1_1_1_1_1_1_1_2_1_1_2_0,510146.5748882097,3,7746,2022,"{""type"":""Point"",""coordinates"":[0.0,0.0]}"
1_1_1_1_1_1_1_1_1_1_1_1_1_1_1_1_2_1_1_2_1,1460013.1444056071,4,7746,2022,"{""type"":""Point"",""coordinates"":[0.0,0.0]}"
1_1_1_1_1_1_1_1_1_1_1_1_1_1_1_1_2_1_1_2_2,31945.432614140307,12,7746,2022,"{""type"":""Point"",""coordinates"":[0.0,0.0]}"
1_1_1_1_1_1_1_1_1_1_1_1_1_1_1_1_2_1_1_2_3,1173461.4659912414,21,7746,2022,"{""type"":""Point"",""coordinates"":[0.0,0.0]}"
1_1_1_1_1_1_1_1_1_1_1_1_1_1_1_1_2_1_1_2_4,1238.386657867835,22,7746,2022,"{""type"":""Point"",""coordinates"":[0.0,0.0]}"
1_1_1_1_1_1_1_1_1_1_1_1_1_1_1_1_2_1_1_2_5,699.1031525033993,29,7746,2022,"{""type"":""Point"",""coordinates"":[0.0,0.0]}"
1_1_1_1_1_1_1_1_1_1_1_1_1_1_1_1_2_1_1_2_6,6798.60481416797,33,7746,2022,"{""type"":""Point"",""coordinates"":[0.0,0.0]}"
1_1_1_1_1_1_1_1_1_1_1_1_1_1_1_1_2_1_2_0,554979.2803586919,3,7746,2023,"{""type"":""Point"",""coordinates"":[0.0,0.0]}"
1_1_1_1_1_1_1_1_1_1_1_1_1_1_1_1_2_1_2_1,1444750.5797693408,4,7746,2023,"{""type"":""Point"",""coordinates"":[0.0,0.0]}"
1_1_1_1_1_1_1_1_1_1_1_1_1_1_1_1_2_1_2_2,31485.201206342692,12,7746,2023,"{""type"":""Point"",""coordinates"":[0.0,0.0]}"
1_1_1_1_1_1_1_1_1_1_1_1_1_1_1_1_2_1_2_3,1142957.094291127,21,7746,2023,"{""type"":""Point"",""coordinates"":[0.0,0.0]}"
1_1_1_1_1_1_1_1_1_1_1_1_1_1_1_1_2_1_2_4,90.97680964393763,22,7746,2023,"{""type"":""Point"",""coordinates"":[0.0,0.0]}"
1_1_1_1_1_1_1_1_1_1_1_1_1_1_1_1_2_1_2_5,3661.355536840911,29,7746,2023,"{""type"":""Point"",""coordinates"":[0.0,0.0]}"
1_1_1_1_1_1_1_1_1_1_1_1_1_1_1_1_2_1_2_6,6378.224551752055,33,7746,2023,"{""type"":""Point"",""coordinates"":[0.0,0.0]}"
1_1_1_1_1_1_1_1_1_1_1_1_1_1_1_1_2_2_0,737401.178967219,3,7746,2024,"{""type"":""Point"",""coordinates"":[0.0,0.0]}"
1_1_1_1_1_1_1_1_1_1_1_1_1_1_1_1_2_2_1,1306215.8076424215,4,7746,2024,"{""type"":""Point"",""coordinates"":[0.0,0.0]}"
1_1_1_1_1_1_1_1_1_1_1_1_1_1_1_1_2_2_2,42243.58281711757,12,7746,2024,"{""type"":""Point"",""coordinates"":[0.0,0.0]}"
1_1_1_1_1_1_1_1_1_1_1_1_1_1_1_1_2_2_3,1083621.7761637669,21,7746,2024,"{""type"":""Point"",""coordinates"":[0.0,0.0]}"
1_1_1_1_1_1_1_1_1_1_1_1_1_1_1_1_2_2_4,765.5658676314771,22,7746,2024,"{""type"":""Point"",""coordinates"":[0.0,0.0]}"
1_1_1_1_1_1_1_1_1_1_1_1_1_1_1_1_2_2_5,466.06348885488467,29,7746,2024,"{""type"":""Point"",""coordinates"":[0.0,0.0]}"
1_1_1_1_1_1_1_1_1_1_1_1_1_1_1_1_2_2_6,13588.737576957432,33,7746,2024,"{""type"":""Point"",""coordinates"":[0.0,0.0]}"
1_1_1_1_1_1_1_1_1_1_1_1_1_1_1_2_1_1_1_1_1_1_1_1_2_0,160981.5606068693,3,753,2016,"{""type"":""Point"",""coordinates"":[0.0,0.0]}"
1_1_1_1_1_1_1_1_1_1_1_1_1_1_1_2_1_1_1_1_1_1_1_1_2_1,2424030.4344252436,4,753,2016,"{""type"":""Point"",""coordinates"":[0.0,0.0]}"
1_1_1_1_1_1_1_1_1_1_1_1_1_1_1_2_1_1_1_1_1_1_1_1_2_2,650.7519769368247,12,753,2016,"{""type"":""Point"",""coordinates"":[0.0,0.0]}"
1_1_1_1_1_1_1_1_1_1_1_1_1_1_1_2_1_1_1_1_1_1_1_1_2_3,579988.4474778678,21,753,2016,"{""type"":""Point"",""coordinates"":[0.0,0.0]}"
1_1_1_1_1_1_1_1_1_1_1_1_1_1_1_2_1_1_1_1_1_1_1_1_2_4,21217.1856511345,22,753,2016,"{""type"":""Point"",""coordinates"":[0.0,0.0]}"
1_1_1_1_1_1_1_1_1_1_1_1_1_1_1_2_1_1_1_1_1_1_1_1_2_5,8.172316631792855,27,753,2016,"{""type"":""Point"",""coordinates"":[0.0,0.0]}"
1_1_1_1_1_1_1_1_1_1_1_1_1_1_1_2_1_1_1_1_1_1_1_1_2_6,70.91444826049806,29,753,2016,"{""type"":""Point"",""coordinates"":[0.0,0.0]}"
1_1_1_1_1_1_1_1_1_1_1_1_1_1_1_2_1_1_1_1_1_1_1_1_2_7,31218.215640537914,33,753,2016,"{""type"":""Point"",""coordinates"":[0.0,0.0]}"
1_1_1_1_1_1_1_1_1_1_1_1_1_1_1_2_1_1_1_1_1_1_1_2_0,266707.01177420747,3,753,2017,"{""type"":""Point"",""coordinates"":[0.0,0.0]}"
1_1_1_1_1_1_1_1_1_1_1_1_1_1_1_2_1_1_1_1_1_1_1_2_1,2331050.7990418104,4,753,2017,"{""type"":""Point"",""coordinates"":[0.0,0.0]}"
1_1_1_1_1_1_1_1_1_1_1_1_1_1_1_2_1_1_1_1_1_1_1_2_2,786.3812692573119,12,753,2017,"{""type"":""Point"",""coordinates"":[0.0,0.0]}"
1_1_1_1_1_1_1_1_1_1_1_1_1_1_1_2_1_1_1_1_1_1_1_2_3,560584.6038538748,21,753,2017,"{""type"":""Point"",""coordinates"":[0.0,0.0]}"
1_1_1_1_1_1_1_1_1_1_1_1_1_1_1_2_1_1_1_1_1_1_1_2_4,26011.296644371916,22,753,2017,"{""type"":""Point"",""coordinates"":[0.0,0.0]}"
1_1_1_1_1_1_1_1_1_1_1_1_1_1_1_2_1_1_1_1_1_1_1_2_5,3.531779790972541,27,753,2017,"{""type"":""Point"",""coordinates"":[0.0,0.0]}"
1_1_1_1_1_1_1_1_1_1_1_1_1_1_1_2_1_1_1_1_1_1_1_2_6,689.4569474467917,29,753,2017,"{""type"":""Point"",""coordinates"":[0.0,0.0]}"
1_1_1_1_1_1_1_1_1_1_1_1_1_1_1_2_1_1_1_1_1_1_1_2_7,32332.601232774236,33,753,2017,"{""type"":""Point"",""coordinates"":[0.0,0.0]}"
1_1_1_1_1_1_1_1_1_1_1_1_1_1_1_2_1_1_1_1_1_1_2_0,298760.470642862,3,753,2018,"{""type"":""Point"",""coordinates"":[0.0,0.0]}"
1_1_1_1_1_1_1_1_1_1_1_1_1_1_1_2_1_1_1_1_1_1_2_1,2281060.5050346297,4,753,2018,"{""type"":""Point"",""coordinates"":[0.0,0.0]}"
1_1_1_1_1_1_1_1_1_1_1_1_1_1_1_2_1_1_1_1_1_1_2_2,860.0964744358201,12,753,2018,"{""type"":""Point"",""coordinates"":[0.0,0.0]}"
1_1_1_1_1_1_1_1_1_1_1_1_1_1_1_2_1_1_1_1_1_1_2_3,564496.6376769425,21,753,2018,"{""type"":""Point"",""coordinates"":[0.0,0.0]}"
1_1_1_1_1_1_1_1_1_1_1_1_1_1_1_2_1_1_1_1_1_1_2_4,28826.444029791703,22,753,2018,"{""type"":""Point"",""coordinates"":[0.0,0.0]}"
1_1_1_1_1_1_1_1_1_1_1_1_1_1_1_2_1_1_1_1_1_1_2_5,1.6063740600585938,27,753,2018,"{""type"":""Point"",""coordinates"":[0.0,0.0]}"
1_1_1_1_1_1_1_1_1_1_1_1_1_1_1_2_1_1_1_1_1_1_2_6,623.6348542442652,29,753,2018,"{""type"":""Point"",""coordinates"":[0.0,0.0]}"
1_1_1_1_1_1_1_1_1_1_1_1_1_1_1_2_1_1_1_1_1_1_2_7,43536.287456406084,33,753,2018,"{""type"":""Point"",""coordinates"":[0.0,0.0]}"
1_1_1_1_1_1_1_1_1_1_1_1_1_1_1_2_1_1_1_1_1_2_0,281710.93492102897,3,753,2019,"{""type"":""Point"",""coordinates"":[0.0,0.0]}"
1_1_1_1_1_1_1_1_1_1_1_1_1_1_1_2_1_1_1_1_1_2_1,2242977.0673799943,4,753,2019,"{""type"":""Point"",""coordinates"":[0.0,0.0]}"
1_1_1_1_1_1_1_1_1_1_1_1_1_1_1_2_1_1_1_1_1_2_2,15358.250087444882,12,753,2019,"{""type"":""Point"",""coordinates"":[0.0,0.0]}"
1_1_1_1_1_1_1_1_1_1_1_1_1_1_1_2_1_1_1_1_1_2_3,574640.2822607233,21,753,2019,"{""type"":""Point"",""coordinates"":[0.0,0.0]}"
1_1_1_1_1_1_1_1_1_1_1_1_1_1_1_2_1_1_1_1_1_2_4,44728.0178832369,22,753,2019,"{""type"":""Point"",""coordinates"":[0.0,0.0]}"
1_1_1_1_1_1_1_1_1_1_1_1_1_1_1_2_1_1_1_1_1_2_5,0.3569960205078125,27,753,2019,"{""type"":""Point"",""coordinates"":[0.0,0.0]}"
1_1_1_1_1_1_1_1_1_1_1_1_1_1_1_2_1_1_1_1_1_2_6,3.6575889465332034,29,753,2019,"{""type"":""Point"",""coordinates"":[0.0,0.0]}"
1_1_1_1_1_1_1_1_1_1_1_1_1_1_1_2_1_1_1_1_1_2_7,58747.11542609682,33,753,2019,"{""type"":""Point"",""coordinates"":[0.0,0.0]}"
1_1_1_1_1_1_1_1_1_1_1_1_1_1_1_2_1_1_1_1_2_0,275289.691802214,3,753,2020,"{""type"":""Point"",""coordinates"":[0.0,0.0]}"
1_1_1_1_1_1_1_1_1_1_1_1_1_1_1_2_1_1_1_1_2_1,2223104.157046905,4,753,2020,"{""type"":""Point"",""coordinates"":[0.0,0.0]}"
1_1_1_1_1_1_1_1_1_1_1_1_1_1_1_2_1_1_1_1_2_2,6238.678119948536,12,753,2020,"{""type"":""Point"",""coordinates"":[0.0,0.0]}"
1_1_1_1_1_1_1_1_1_1_1_1_1_1_1_2_1_1_1_1_2_3,623530.8014108537,21,753,2020,"{""type"":""Point"",""coordinates"":[0.0,0.0]}"
1_1_1_1_1_1_1_1_1_1_1_1_1_1_1_2_1_1_1_1_2_4,29980.971144825366,22,753,2020,"{""type"":""Point"",""coordinates"":[0.0,0.0]}"
1_1_1_1_1_1_1_1_1_1_1_1_1_1_1_2_1_1_1_1_2_5,0.08924896850585938,27,753,2020,"{""type"":""Point"",""coordinates"":[0.0,0.0]}"
1_1_1_1_1_1_1_1_1_1_1_1_1_1_1_2_1_1_1_1_2_6,1.340673299991383,29,753,2020,"{""type"":""Point"",""coordinates"":[0.0,0.0]}"
1_1_1_1_1_1_1_1_1_1_1_1_1_1_1_2_1_1_1_1_2_7,60019.95309649417,33,753,2020,"{""type"":""Point"",""coordinates"":[0.0,0.0]}"
1_1_1_1_1_1_1_1_1_1_1_1_1_1_1_2_1_1_1_2_0,311417.270239946,3,753,2021,"{""type"":""Point"",""coordinates"":[0.0,0.0]}"
1_1_1_1_1_1_1_1_1_1_1_1_1_1_1_2_1_1_1_2_1,2111490.423041804,4,753,2021,"{""type"":""Point"",""coordinates"":[0.0,0.0]}"
1_1_1_1_1_1_1_1_1_1_1_1_1_1_1_2_1_1_1_2_2,1239.6965782196617,12,753,2021,"{""type"":""Point"",""coordinates"":[0.0,0.0]}"
1_1_1_1_1_1_1_1_1_1_1_1_1_1_1_2_1_1_1_2_3,713460.0995951614,21,753,2021,"{""type"":""Point"",""coordinates"":[0.0,0.0]}"
1_1_1_1_1_1_1_1_1_1_1_1_1_1_1_2_1_1_1_2_4,32091.09320062164,22,753,2021,"{""type"":""Point"",""coordinates"":[0.0,0.0]}"
1_1_1_1_1_1_1_1_1_1_1_1_1_1_1_2_1_1_1_2_5,0.08924896850585938,27,753,2021,"{""type"":""Point"",""coordinates"":[0.0,0.0]}"
1_1_1_1_1_1_1_1_1_1_1_1_1_1_1_2_1_1_1_2_6,207.5176671797929,29,753,2021,"{""type"":""Point"",""coordinates"":[0.0,0.0]}"
1_1_1_1_1_1_1_1_1_1_1_1_1_1_1_2_1_1_1_2_7,48259.49297151133,33,753,2021,"{""type"":""Point"",""coordinates"":[0.0,0.0]}"
1_1_1_1_1_1_1_1_1_1_1_1_1_1_1_2_1_1_2_0,251617.562825059,3,753,2022,"{""type"":""Point"",""coordinates"":[0.0,0.0]}"
1_1_1_1_1_1_1_1_1_1_1_1_1_1_1_2_1_1_2_1,2186518.8547799555,4,753,2022,"{""type"":""Point"",""coordinates"":[0.0,0.0]}"
1_1_1_1_1_1_1_1_1_1_1_1_1_1_1_2_1_1_2_2,3962.3617469222713,12,753,2022,"{""type"":""Point"",""coordinates"":[0.0,0.0]}"
1_1_1_1_1_1_1_1_1_1_1_1_1_1_1_2_1_1_2_3,668085.9038610769,21,753,2022,"{""type"":""Point"",""coordinates"":[0.0,0.0]}"
1_1_1_1_1_1_1_1_1_1_1_1_1_1_1_2_1_1_2_4,50941.34197744237,22,753,2022,"{""type"":""Point"",""coordinates"":[0.0,0.0]}"
1_1_1_1_1_1_1_1_1_1_1_1_1_1_1_2_1_1_2_5,0.08924896850585938,27,753,2022,"{""type"":""Point"",""coordinates"":[0.0,0.0]}"
1_1_1_1_1_1_1_1_1_1_1_1_1_1_1_2_1_1_2_6,62.89042055625766,29,753,2022,"{""type"":""Point"",""coordinates"":[0.0,0.0]}"
1_1_1_1_1_1_1_1_1_1_1_1_1_1_1_2_1_1_2_7,56976.67768337371,33,753,2022,"{""type"":""Point"",""coordinates"":[0.0,0.0]}"
1_1_1_1_1_1_1_1_1_1_1_1_1_1_1_2_1_2_0,268951.288948119,3,753,2023,"{""type"":""Point"",""coordinates"":[0.0,0.0]}"
1_1_1_1_1_1_1_1_1_1_1_1_1_1_1_2_1_2_1,2241963.194344033,4,753,2023,"{""type"":""Point"",""coordinates"":[0.0,0.0]}"
1_1_1_1_1_1_1_1_1_1_1_1_1_1_1_2_1_2_2,6187.908119673855,12,753,2023,"{""type"":""Point"",""coordinates"":[0.0,0.0]}"
1_1_1_1_1_1_1_1_1_1_1_1_1_1_1_2_1_2_3,605608.9291484219,21,753,2023,"{""type"":""Point"",""coordinates"":[0.0,0.0]}"
1_1_1_1_1_1_1_1_1_1_1_1_1_1_1_2_1_2_4,19248.079608259875,22,753,2023,"{""type"":""Point"",""coordinates"":[0.0,0.0]}"
1_1_1_1_1_1_1_1_1_1_1_1_1_1_1_2_1_2_5,3.7471472839355466,29,753,2023,"{""type"":""Point"",""coordinates"":[0.0,0.0]}"
1_1_1_1_1_1_1_1_1_1_1_1_1_1_1_2_1_2_6,76202.53522761248,33,753,2023,"{""type"":""Point"",""coordinates"":[0.0,0.0]}"
1_1_1_1_1_1_1_1_1_1_1_1_1_1_1_2_2_0,166347.1493361549,3,753,2024,"{""type"":""Point"",""coordinates"":[0.0,0.0]}"
1_1_1_1_1_1_1_1_1_1_1_1_1_1_1_2_2_1,2430354.7039139243,4,753,2024,"{""type"":""Point"",""coordinates"":[0.0,0.0]}"
1_1_1_1_1_1_1_1_1_1_1_1_1_1_1_2_2_2,29558.414363597654,12,753,2024,"{""type"":""Point"",""coordinates"":[0.0,0.0]}"
1_1_1_1_1_1_1_1_1_1_1_1_1_1_1_2_2_3,492278.86380394705,21,753,2024,"{""type"":""Point"",""coordinates"":[0.0,0.0]}"
1_1_1_1_1_1_1_1_1_1_1_1_1_1_1_2_2_4,27443.256421017737,22,753,2024,"{""type"":""Point"",""coordinates"":[0.0,0.0]}"
1_1_1_1_1_1_1_1_1_1_1_1_1_1_1_2_2_5,1000.3150653804753,29,753,2024,"{""type"":""Point"",""coordinates"":[0.0,0.0]}"
1_1_1_1_1_1_1_1_1_1_1_1_1_1_1_2_2_6,71182.9796394547,33,753,2024,"{""type"":""Point"",""coordinates"":[0.0,0.0]}"
1_1_1_1_1_1_1_1_1_1_1_1_1_1_2_1_1_1_1_1_1_1_1_2_0,6737.729750740181,3,764,2016,"{""type"":""Point"",""coordinates"":[0.0,0.0]}"
1_1_1_1_1_1_1_1_1_1_1_1_1_1_2_1_1_1_1_1_1_1_1_2_1,399623.90746695065,4,764,2016,"{""type"":""Point"",""coordinates"":[0.0,0.0]}"
1_1_1_1_1_1_1_1_1_1_1_1_1_1_2_1_1_1_1_1_1_1_1_2_2,1998.347857421917,12,764,2016,"{""type"":""Point"",""coordinates"":[0.0,0.0]}"
1_1_1_1_1_1_1_1_1_1_1_1_1_1_2_1_1_1_1_1_1_1_1_2_3,282602.9971445083,21,764,2016,"{""type"":""Point"",""coordinates"":[0.0,0.0]}"
1_1_1_1_1_1_1_1_1_1_1_1_1_1_2_1_1_1_1_1_1_1_1_2_4,683.9270616634354,22,764,2016,"{""type"":""Point"",""coordinates"":[0.0,0.0]}"
1_1_1_1_1_1_1_1_1_1_1_1_1_1_2_1_1_1_1_1_1_1_1_2_5,2943.645686383905,29,764,2016,"{""type"":""Point"",""coordinates"":[0.0,0.0]}"
1_1_1_1_1_1_1_1_1_1_1_1_1_1_2_1_1_1_1_1_1_1_1_2_6,1198.6029497778566,33,764,2016,"{""type"":""Point"",""coordinates"":[0.0,0.0]}"
1_1_1_1_1_1_1_1_1_1_1_1_1_1_2_1_1_1_1_1_1_1_2_0,3505.703277912309,3,764,2017,"{""type"":""Point"",""coordinates"":[0.0,0.0]}"
1_1_1_1_1_1_1_1_1_1_1_1_1_1_2_1_1_1_1_1_1_1_2_1,410836.333148543,4,764,2017,"{""type"":""Point"",""coordinates"":[0.0,0.0]}"
1_1_1_1_1_1_1_1_1_1_1_1_1_1_2_1_1_1_1_1_1_1_2_2,414.94597188033737,12,764,2017,"{""type"":""Point"",""coordinates"":[0.0,0.0]}"
1_1_1_1_1_1_1_1_1_1_1_1_1_1_2_1_1_1_1_1_1_1_2_3,275898.2977853651,21,764,2017,"{""type"":""Point"",""coordinates"":[0.0,0.0]}"
1_1_1_1_1_1_1_1_1_1_1_1_1_1_2_1_1_1_1_1_1_1_2_4,307.1693091115675,22,764,2017,"{""type"":""Point"",""coordinates"":[0.0,0.0]}"
1_1_1_1_1_1_1_1_1_1_1_1_1_1_2_1_1_1_1_1_1_1_2_5,3698.3529014502046,29,764,2017,"{""type"":""Point"",""coordinates"":[0.0,0.0]}"
1_1_1_1_1_1_1_1_1_1_1_1_1_1_2_1_1_1_1_1_1_1_2_6,1128.3555231651885,33,764,2017,"{""type"":""Point"",""coordinates"":[0.0,0.0]}"
1_1_1_1_1_1_1_1_1_1_1_1_1_1_2_1_1_1_1_1_1_2_0,3176.653879823615,3,764,2018,"{""type"":""Point"",""coordinates"":[0.0,0.0]}"
1_1_1_1_1_1_1_1_1_1_1_1_1_1_2_1_1_1_1_1_1_2_1,412734.9565288562,4,764,2018,"{""type"":""Point"",""coordinates"":[0.0,0.0]}"
1_1_1_1_1_1_1_1_1_1_1_1_1_1_2_1_1_1_1_1_1_2_2,188.12805189441158,12,764,2018,"{""type"":""Point"",""coordinates"":[0.0,0.0]}"
1_1_1_1_1_1_1_1_1_1_1_1_1_1_2_1_1_1_1_1_1_2_3,274196.6583857111,21,764,2018,"{""type"":""Point"",""coordinates"":[0.0,0.0]}"
1_1_1_1_1_1_1_1_1_1_1_1_1_1_2_1_1_1_1_1_1_2_4,17.060062542868224,22,764,2018,"{""type"":""Point"",""coordinates"":[0.0,0.0]}"
1_1_1_1_1_1_1_1_1_1_1_1_1_1_2_1_1_1_1_1_1_2_5,4186.249606311863,29,764,2018,"{""type"":""Point"",""coordinates"":[0.0,0.0]}"
1_1_1_1_1_1_1_1_1_1_1_1_1_1_2_1_1_1_1_1_1_2_6,1289.4514022960236,33,764,2018,"{""type"":""Point"",""coordinates"":[0.0,0.0]}"
1_1_1_1_1_1_1_1_1_1_1_1_1_1_2_1_1_1_1_1_2_0,5665.259499506921,3,764,2019,"{""type"":""Point"",""coordinates"":[0.0,0.0]}"
1_1_1_1_1_1_1_1_1_1_1_1_1_1_2_1_1_1_1_1_2_1,413922.0192687905,4,764,2019,"{""type"":""Point"",""coordinates"":[0.0,0.0]}"
1_1_1_1_1_1_1_1_1_1_1_1_1_1_2_1_1_1_1_1_2_2,628.2923412669452,12,764,2019,"{""type"":""Point"",""coordinates"":[0.0,0.0]}"
1_1_1_1_1_1_1_1_1_1_1_1_1_1_2_1_1_1_1_1_2_3,271257.6707984687,21,764,2019,"{""type"":""Point"",""coordinates"":[0.0,0.0]}"
1_1_1_1_1_1_1_1_1_1_1_1_1_1_2_1_1_1_1_1_2_4,58.23055352783205,22,764,2019,"{""type"":""Point"",""coordinates"":[0.0,0.0]}"
1_1_1_1_1_1_1_1_1_1_1_1_1_1_2_1_1_1_1_1_2_5,3020.9995039069754,29,764,2019,"{""type"":""Point"",""coordinates"":[0.0,0.0]}"
1_1_1_1_1_1_1_1_1_1_1_1_1_1_2_1_1_1_1_1_2_6,1236.6859519673676,33,764,2019,"{""type"":""Point"",""coordinates"":[0.0,0.0]}"
1_1_1_1_1_1_1_1_1_1_1_1_1_1_2_1_1_1_1_2_0,8356.886371688934,3,764,2020,"{""type"":""Point"",""coordinates"":[0.0,0.0]}"
1_1_1_1_1_1_1_1_1_1_1_1_1_1_2_1_1_1_1_2_1,415582.9649573207,4,764,2020,"{""type"":""Point"",""coordinates"":[0.0,0.0]}"
1_1_1_1_1_1_1_1_1_1_1_1_1_1_2_1_1_1_1_2_2,1248.965857364307,12,764,2020,"{""type"":""Point"",""coordinates"":[0.0,0.0]}"
1_1_1_1_1_1_1_1_1_1_1_1_1_1_2_1_1_1_1_2_3,268088.3530150007,21,764,2020,"{""type"":""Point"",""coordinates"":[0.0,0.0]}"
1_1_1_1_1_1_1_1_1_1_1_1_1_1_2_1_1_1_1_2_4,68.51201743953929,22,764,2020,"{""type"":""Point"",""coordinates"":[0.0,0.0]}"
1_1_1_1_1_1_1_1_1_1_1_1_1_1_2_1_1_1_1_2_5,1110.7595264478502,29,764,2020,"{""type"":""Point"",""coordinates"":[0.0,0.0]}"
1_1_1_1_1_1_1_1_1_1_1_1_1_1_2_1_1_1_1_2_6,1332.716172209856,33,764,2020,"{""type"":""Point"",""coordinates"":[0.0,0.0]}"
1_1_1_1_1_1_1_1_1_1_1_1_1_1_2_1_1_1_2_0,4126.02989498927,3,764,2021,"{""type"":""Point"",""coordinates"":[0.0,0.0]}"
1_1_1_1_1_1_1_1_1_1_1_1_1_1_2_1_1_1_2_1,418178.47105944104,4,764,2021,"{""type"":""Point"",""coordinates"":[0.0,0.0]}"
1_1_1_1_1_1_1_1_1_1_1_1_1_1_2_1_1_1_2_2,1174.6866715270269,12,764,2021,"{""type"":""Point"",""coordinates"":[0.0,0.0]}"
1_1_1_1_1_1_1_1_1_1_1_1_1_1_2_1_1_1_2_3,269851.88006168767,21,764,2021,"{""type"":""Point"",""coordinates"":[0.0,0.0]}"
1_1_1_1_1_1_1_1_1_1_1_1_1_1_2_1_1_1_2_4,158.60459425927257,22,764,2021,"{""type"":""Point"",""coordinates"":[0.0,0.0]}"
1_1_1_1_1_1_1_1_1_1_1_1_1_1_2_1_1_1_2_5,946.017026699434,29,764,2021,"{""type"":""Point"",""coordinates"":[0.0,0.0]}"
1_1_1_1_1_1_1_1_1_1_1_1_1_1_2_1_1_1_2_6,1353.4686088482308,33,764,2021,"{""type"":""Point"",""coordinates"":[0.0,0.0]}"
1_1_1_1_1_1_1_1_1_1_1_1_1_1_2_1_1_2_0,2793.243719072997,3,764,2022,"{""type"":""Point"",""coordinates"":[0.0,0.0]}"
1_1_1_1_1_1_1_1_1_1_1_1_1_1_2_1_1_2_1,404105.0632103177,4,764,2022,"{""type"":""Point"",""coordinates"":[0.0,0.0]}"
1_1_1_1_1_1_1_1_1_1_1_1_1_1_2_1_1_2_2,1390.6243959797669,12,764,2022,"{""type"":""Point"",""coordinates"":[0.0,0.0]}"
1_1_1_1_1_1_1_1_1_1_1_1_1_1_2_1_1_2_3,285267.6344389764,21,764,2022,"{""type"":""Point"",""coordinates"":[0.0,0.0]}"
1_1_1_1_1_1_1_1_1_1_1_1_1_1_2_1_1_2_4,433.12796918799285,22,764,2022,"{""type"":""Point"",""coordinates"":[0.0,0.0]}"
1_1_1_1_1_1_1_1_1_1_1_1_1_1_2_1_1_2_5,301.5078596587769,29,764,2022,"{""type"":""Point"",""coordinates"":[0.0,0.0]}"
1_1_1_1_1_1_1_1_1_1_1_1_1_1_2_1_1_2_6,1497.9563242418228,33,764,2022,"{""type"":""Point"",""coordinates"":[0.0,0.0]}"
1_1_1_1_1_1_1_1_1_1_1_1_1_1_2_1_2_0,6142.301780193167,3,764,2023,"{""type"":""Point"",""coordinates"":[0.0,0.0]}"
1_1_1_1_1_1_1_1_1_1_1_1_1_1_2_1_2_1,393582.925079474,4,764,2023,"{""type"":""Point"",""coordinates"":[0.0,0.0]}"
1_1_1_1_1_1_1_1_1_1_1_1_1_1_2_1_2_2,1461.0241322349414,12,764,2023,"{""type"":""Point"",""coordinates"":[0.0,0.0]}"
1_1_1_1_1_1_1_1_1_1_1_1_1_1_2_1_2_3,292795.8454202315,21,764,2023,"{""type"":""Point"",""coordinates"":[0.0,0.0]}"
1_1_1_1_1_1_1_1_1_1_1_1_1_1_2_1_2_4,165.3161531042478,22,764,2023,"{""type"":""Point"",""coordinates"":[0.0,0.0]}"
1_1_1_1_1_1_1_1_1_1_1_1_1_1_2_1_2_5,75.64756605593209,29,764,2023,"{""type"":""Point"",""coordinates"":[0.0,0.0]}"
1_1_1_1_1_1_1_1_1_1_1_1_1_1_2_1_2_6,1566.0977861441595,33,764,2023,"{""type"":""Point"",""coordinates"":[0.0,0.0]}"
1_1_1_1_1_1_1_1_1_1_1_1_1_1_2_2_0,7738.822950972849,3,764,2024,"{""type"":""Point"",""coordinates"":[0.0,0.0]}"
1_1_1_1_1_1_1_1_1_1_1_1_1_1_2_2_1,368701.6885232321,4,764,2024,"{""type"":""Point"",""coordinates"":[0.0,0.0]}"
1_1_1_1_1_1_1_1_1_1_1_1_1_1_2_2_2,1013.3234786257976,12,764,2024,"{""type"":""Point"",""coordinates"":[0.0,0.0]}"
1_1_1_1_1_1_1_1_1_1_1_1_1_1_2_2_3,313535.2217874048,21,764,2024,"{""type"":""Point"",""coordinates"":[0.0,0.0]}"
1_1_1_1_1_1_1_1_1_1_1_1_1_1_2_2_4,15.229357231445313,22,764,2024,"{""type"":""Point"",""coordinates"":[0.0,0.0]}"
1_1_1_1_1_1_1_1_1_1_1_1_1_1_2_2_5,2126.48662256843,29,764,2024,"{""type"":""Point"",""coordinates"":[0.0,0.0]}"
1_1_1_1_1_1_1_1_1_1_1_1_1_1_2_2_6,2658.385197368951,33,764,2024,"{""type"":""Point"",""coordinates"":[0.0,0.0]}"
1_1_1_1_1_1_1_1_1_1_1_1_1_2_1_1_1_1_1_1_1_1_2_0,16346.039619159843,3,7541,2016,"{""type"":""Point"",""coordinates"":[0.0,0.0]}"
1_1_1_1_1_1_1_1_1_1_1_1_1_2_1_1_1_1_1_1_1_1_2_1,2447545.851665242,4,7541,2016,"{""type"":""Point"",""coordinates"":[0.0,0.0]}"
1_1_1_1_1_1_1_1_1_1_1_1_1_2_1_1_1_1_1_1_1_1_2_2,160.7642333636594,12,7541,2016,"{""type"":""Point"",""coordinates"":[0.0,0.0]}"
1_1_1_1_1_1_1_1_1_1_1_1_1_2_1_1_1_1_1_1_1_1_2_3,1021702.648427827,21,7541,2016,"{""type"":""Point"",""coordinates"":[0.0,0.0]}"
1_1_1_1_1_1_1_1_1_1_1_1_1_2_1_1_1_1_1_1_1_1_2_4,1785.065030630406,22,7541,2016,"{""type"":""Point"",""coordinates"":[0.0,0.0]}"
1_1_1_1_1_1_1_1_1_1_1_1_1_2_1_1_1_1_1_1_1_1_2_5,0.08903952026367187,27,7541,2016,"{""type"":""Point"",""coordinates"":[0.0,0.0]}"
1_1_1_1_1_1_1_1_1_1_1_1_1_2_1_1_1_1_1_1_1_1_2_6,67.94270736694337,29,7541,2016,"{""type"":""Point"",""coordinates"":[0.0,0.0]}"
1_1_1_1_1_1_1_1_1_1_1_1_1_2_1_1_1_1_1_1_1_1_2_7,17044.910665398893,33,7541,2016,"{""type"":""Point"",""coordinates"":[0.0,0.0]}"
1_1_1_1_1_1_1_1_1_1_1_1_1_2_1_1_1_1_1_1_1_2_0,6366.871480323548,3,7541,2017,"{""type"":""Point"",""coordinates"":[0.0,0.0]}"
1_1_1_1_1_1_1_1_1_1_1_1_1_2_1_1_1_1_1_1_1_2_1,2471088.821377877,4,7541,2017,"{""type"":""Point"",""coordinates"":[0.0,0.0]}"
1_1_1_1_1_1_1_1_1_1_1_1_1_2_1_1_1_1_1_1_1_2_2,24.044268811035153,12,7541,2017,"{""type"":""Point"",""coordinates"":[0.0,0.0]}"
1_1_1_1_1_1_1_1_1_1_1_1_1_2_1_1_1_1_1_1_1_2_3,1010668.0017602501,21,7541,2017,"{""type"":""Point"",""coordinates"":[0.0,0.0]}"
1_1_1_1_1_1_1_1_1_1_1_1_1_2_1_1_1_1_1_1_1_2_4,2582.8286207485853,22,7541,2017,"{""type"":""Point"",""coordinates"":[0.0,0.0]}"
1_1_1_1_1_1_1_1_1_1_1_1_1_2_1_1_1_1_1_1_1_2_5,17.272389489746097,29,7541,2017,"{""type"":""Point"",""coordinates"":[0.0,0.0]}"
1_1_1_1_1_1_1_1_1_1_1_1_1_2_1_1_1_1_1_1_1_2_6,13905.471491034896,33,7541,2017,"{""type"":""Point"",""coordinates"":[0.0,0.0]}"
1_1_1_1_1_1_1_1_1_1_1_1_1_2_1_1_1_1_1_1_2_0,10106.11414330722,3,7541,2018,"{""type"":""Point"",""coordinates"":[0.0,0.0]}"
1_1_1_1_1_1_1_1_1_1_1_1_1_2_1_1_1_1_1_1_2_1,2429627.008692586,4,7541,2018,"{""type"":""Point"",""coordinates"":[0.0,0.0]}"
1_1_1_1_1_1_1_1_1_1_1_1_1_2_1_1_1_1_1_1_2_2,123.94850403830131,12,7541,2018,"{""type"":""Point"",""coordinates"":[0.0,0.0]}"
1_1_1_1_1_1_1_1_1_1_1_1_1_2_1_1_1_1_1_1_2_3,1025759.9011578414,21,7541,2018,"{""type"":""Point"",""coordinates"":[0.0,0.0]}"
1_1_1_1_1_1_1_1_1_1_1_1_1_2_1_1_1_1_1_1_2_4,1857.5328025662557,22,7541,2018,"{""type"":""Point"",""coordinates"":[0.0,0.0]}"
1_1_1_1_1_1_1_1_1_1_1_1_1_2_1_1_1_1_1_1_2_5,491.28790896606444,29,7541,2018,"{""type"":""Point"",""coordinates"":[0.0,0.0]}"
1_1_1_1_1_1_1_1_1_1_1_1_1_2_1_1_1_1_1_1_2_6,36687.51817910933,33,7541,2018,"{""type"":""Point"",""coordinates"":[0.0,0.0]}"
1_1_1_1_1_1_1_1_1_1_1_1_1_2_1_1_1_1_1_2_0,10405.474927239013,3,7541,2019,"{""type"":""Point"",""coordinates"":[0.0,0.0]}"
1_1_1_1_1_1_1_1_1_1_1_1_1_2_1_1_1_1_1_2_1,2363934.920876775,4,7541,2019,"{""type"":""Point"",""coordinates"":[0.0,0.0]}"
1_1_1_1_1_1_1_1_1_1_1_1_1_2_1_1_1_1_1_2_2,245.35637321143042,12,7541,2019,"{""type"":""Point"",""coordinates"":[0.0,0.0]}"
1_1_1_1_1_1_1_1_1_1_1_1_1_2_1_1_1_1_1_2_3,1086091.5098665918,21,7541,2019,"{""type"":""Point"",""coordinates"":[0.0,0.0]}"
1_1_1_1_1_1_1_1_1_1_1_1_1_2_1_1_1_1_1_2_4,1558.0469230319193,22,7541,2019,"{""type"":""Point"",""coordinates"":[0.0,0.0]}"
1_1_1_1_1_1_1_1_1_1_1_1_1_2_1_1_1_1_1_2_5,367.2207309326169,29,7541,2019,"{""type"":""Point"",""coordinates"":[0.0,0.0]}"
1_1_1_1_1_1_1_1_1_1_1_1_1_2_1_1_1_1_1_2_6,42050.78169072301,33,7541,2019,"{""type"":""Point"",""coordinates"":[0.0,0.0]}"
1_1_1_1_1_1_1_1_1_1_1_1_1_2_1_1_1_1_2_0,5820.0596019699415,3,7541,2020,"{""type"":""Point"",""coordinates"":[0.0,0.0]}"
1_1_1_1_1_1_1_1_1_1_1_1_1_2_1_1_1_1_2_1,2329687.949114132,4,7541,2020,"{""type"":""Point"",""coordinates"":[0.0,0.0]}"
1_1_1_1_1_1_1_1_1_1_1_1_1_2_1_1_1_1_2_2,49.633406475830085,12,7541,2020,"{""type"":""Point"",""coordinates"":[0.0,0.0]}"
1_1_1_1_1_1_1_1_1_1_1_1_1_2_1_1_1_1_2_3,1125169.3818132705,21,7541,2020,"{""type"":""Point"",""coordinates"":[0.0,0.0]}"
1_1_1_1_1_1_1_1_1_1_1_1_1_2_1_1_1_1_2_4,843.0178738288696,22,7541,2020,"{""type"":""Point"",""coordinates"":[0.0,0.0]}"
1_1_1_1_1_1_1_1_1_1_1_1_1_2_1_1_1_1_2_5,3580.9658851644836,29,7541,2020,"{""type"":""Point"",""coordinates"":[0.0,0.0]}"
1_1_1_1_1_1_1_1_1_1_1_1_1_2_1_1_1_1_2_6,39502.30369365226,33,7541,2020,"{""type"":""Point"",""coordinates"":[0.0,0.0]}"
1_1_1_1_1_1_1_1_1_1_1_1_1_2_1_1_1_2_0,7643.341453883318,3,7541,2021,"{""type"":""Point"",""coordinates"":[0.0,0.0]}"
1_1_1_1_1_1_1_1_1_1_1_1_1_2_1_1_1_2_1,2316145.888746195,4,7541,2021,"{""type"":""Point"",""coordinates"":[0.0,0.0]}"
1_1_1_1_1_1_1_1_1_1_1_1_1_2_1_1_1_2_2,41.27075456621956,12,7541,2021,"{""type"":""Point"",""coordinates"":[0.0,0.0]}"
1_1_1_1_1_1_1_1_1_1_1_1_1_2_1_1_1_2_3,1140714.7010329035,21,7541,2021,"{""type"":""Point"",""coordinates"":[0.0,0.0]}"
1_1_1_1_1_1_1_1_1_1_1_1_1_2_1_1_1_2_4,1689.9452826135755,22,7541,2021,"{""type"":""Point"",""coordinates"":[0.0,0.0]}"
1_1_1_1_1_1_1_1_1_1_1_1_1_2_1_1_1_2_5,76.90709642944338,29,7541,2021,"{""type"":""Point"",""coordinates"":[0.0,0.0]}"
1_1_1_1_1_1_1_1_1_1_1_1_1_2_1_1_1_2_6,38341.25702195763,33,7541,2021,"{""type"":""Point"",""coordinates"":[0.0,0.0]}"
1_1_1_1_1_1_1_1_1_1_1_1_1_2_1_1_2_0,7894.968613920798,3,7541,2022,"{""type"":""Point"",""coordinates"":[0.0,0.0]}"
1_1_1_1_1_1_1_1_1_1_1_1_1_2_1_1_2_1,2311972.814695718,4,7541,2022,"{""type"":""Point"",""coordinates"":[0.0,0.0]}"
1_1_1_1_1_1_1_1_1_1_1_1_1_2_1_1_2_2,249.12235070190485,12,7541,2022,"{""type"":""Point"",""coordinates"":[0.0,0.0]}"
1_1_1_1_1_1_1_1_1_1_1_1_1_2_1_1_2_3,1137949.136730306,21,7541,2022,"{""type"":""Point"",""coordinates"":[0.0,0.0]}"
1_1_1_1_1_1_1_1_1_1_1_1_1_2_1_1_2_4,962.5193265864415,22,7541,2022,"{""type"":""Point"",""coordinates"":[0.0,0.0]}"
1_1_1_1_1_1_1_1_1_1_1_1_1_2_1_1_2_5,4.450596503116382,29,7541,2022,"{""type"":""Point"",""coordinates"":[0.0,0.0]}"
1_1_1_1_1_1_1_1_1_1_1_1_1_2_1_1_2_6,45620.299074862865,33,7541,2022,"{""type"":""Point"",""coordinates"":[0.0,0.0]}"
1_1_1_1_1_1_1_1_1_1_1_1_1_2_1_2_0,6133.236920322419,3,7541,2023,"{""type"":""Point"",""coordinates"":[0.0,0.0]}"
1_1_1_1_1_1_1_1_1_1_1_1_1_2_1_2_1,2272219.9905987545,4,7541,2023,"{""type"":""Point"",""coordinates"":[0.0,0.0]}"
1_1_1_1_1_1_1_1_1_1_1_1_1_2_1_2_2,92.66578747955924,12,7541,2023,"{""type"":""Point"",""coordinates"":[0.0,0.0]}"
1_1_1_1_1_1_1_1_1_1_1_1_1_2_1_2_3,1166582.4724933237,21,7541,2023,"{""type"":""Point"",""coordinates"":[0.0,0.0]}"
1_1_1_1_1_1_1_1_1_1_1_1_1_2_1_2_4,1164.5067754993688,22,7541,2023,"{""type"":""Point"",""coordinates"":[0.0,0.0]}"
1_1_1_1_1_1_1_1_1_1_1_1_1_2_1_2_5,1156.3067644343116,29,7541,2023,"{""type"":""Point"",""coordinates"":[0.0,0.0]}"
1_1_1_1_1_1_1_1_1_1_1_1_1_2_1_2_6,57304.13204867001,33,7541,2023,"{""type"":""Point"",""coordinates"":[0.0,0.0]}"
1_1_1_1_1_1_1_1_1_1_1_1_1_2_2_0,7627.888134188833,3,7541,2024,"{""type"":""Point"",""coordinates"":[0.0,0.0]}"
1_1_1_1_1_1_1_1_1_1_1_1_1_2_2_1,2354118.9162467797,4,7541,2024,"{""type"":""Point"",""coordinates"":[0.0,0.0]}"
1_1_1_1_1_1_1_1_1_1_1_1_1_2_2_2,265.6686924066283,12,7541,2024,"{""type"":""Point"",""coordinates"":[0.0,0.0]}"
1_1_1_1_1_1_1_1_1_1_1_1_1_2_2_3,1070362.7321037718,21,7541,2024,"{""type"":""Point"",""coordinates"":[0.0,0.0]}"
1_1_1_1_1_1_1_1_1_1_1_1_1_2_2_4,851.7171081588018,22,7541,2024,"{""type"":""Point"",""coordinates"":[0.0,0.0]}"
1_1_1_1_1_1_1_1_1_1_1_1_1_2_2_5,4027.5943898618457,29,7541,2024,"{""type"":""Point"",""coordinates"":[0.0,0.0]}"
1_1_1_1_1_1_1_1_1_1_1_1_1_2_2_6,67398.79471326745,33,7541,2024,"{""type"":""Point"",""coordinates"":[0.0,0.0]}"
1_1_1_1_1_1_1_1_1_1_1_1_2_1_1_1_1_1_1_1_1_2_0,131367.38865013266,3,7721,2016,"{""type"":""Point"",""coordinates"":[0.0,0.0]}"
1_1_1_1_1_1_1_1_1_1_1_1_2_1_1_1_1_1_1_1_1_2_1,992914.1091497751,4,7721,2016,"{""type"":""Point"",""coordinates"":[0.0,0.0]}"
1_1_1_1_1_1_1_1_1_1_1_1_2_1_1_1_1_1_1_1_1_2_2,1.2316634216308593,12,7721,2016,"{""type"":""Point"",""coordinates"":[0.0,0.0]}"
1_1_1_1_1_1_1_1_1_1_1_1_2_1_1_1_1_1_1_1_1_2_3,1435399.77742171,21,7721,2016,"{""type"":""Point"",""coordinates"":[0.0,0.0]}"
1_1_1_1_1_1_1_1_1_1_1_1_2_1_1_1_1_1_1_1_1_2_4,2377.358299567105,22,7721,2016,"{""type"":""Point"",""coordinates"":[0.0,0.0]}"
1_1_1_1_1_1_1_1_1_1_1_1_2_1_1_1_1_1_1_1_1_2_5,64.31107157188264,29,7721,2016,"{""type"":""Point"",""coordinates"":[0.0,0.0]}"
1_1_1_1_1_1_1_1_1_1_1_1_2_1_1_1_1_1_1_1_1_2_6,6746.26413115744,33,7721,2016,"{""type"":""Point"",""coordinates"":[0.0,0.0]}"
1_1_1_1_1_1_1_1_1_1_1_1_2_1_1_1_1_1_1_1_2_0,118018.3019976541,3,7721,2017,"{""type"":""Point"",""coordinates"":[0.0,0.0]}"
1_1_1_1_1_1_1_1_1_1_1_1_2_1_1_1_1_1_1_1_2_1,1012851.5058537242,4,7721,2017,"{""type"":""Point"",""coordinates"":[0.0,0.0]}"
1_1_1_1_1_1_1_1_1_1_1_1_2_1_1_1_1_1_1_1_2_2,258.9886412780759,12,7721,2017,"{""type"":""Point"",""coordinates"":[0.0,0.0]}"
1_1_1_1_1_1_1_1_1_1_1_1_2_1_1_1_1_1_1_1_2_3,1429607.9050563758,21,7721,2017,"{""type"":""Point"",""coordinates"":[0.0,0.0]}"
1_1_1_1_1_1_1_1_1_1_1_1_2_1_1_1_1_1_1_1_2_4,298.28310407714827,22,7721,2017,"{""type"":""Point"",""coordinates"":[0.0,0.0]}"
1_1_1_1_1_1_1_1_1_1_1_1_2_1_1_1_1_1_1_1_2_5,916.7402599975588,29,7721,2017,"{""type"":""Point"",""coordinates"":[0.0,0.0]}"
1_1_1_1_1_1_1_1_1_1_1_1_2_1_1_1_1_1_1_1_2_6,6918.715474227886,33,7721,2017,"{""type"":""Point"",""coordinates"":[0.0,0.0]}"
1_1_1_1_1_1_1_1_1_1_1_1_2_1_1_1_1_1_1_2_0,118447.43826962852,3,7721,2018,"{""type"":""Point"",""coordinates"":[0.0,0.0]}"
1_1_1_1_1_1_1_1_1_1_1_1_2_1_1_1_1_1_1_2_1,1024471.6141834897,4,7721,2018,"{""type"":""Point"",""coordinates"":[0.0,0.0]}"
1_1_1_1_1_1_1_1_1_1_1_1_2_1_1_1_1_1_1_2_2,1.5842176025390622,12,7721,2018,"{""type"":""Point"",""coordinates"":[0.0,0.0]}"
1_1_1_1_1_1_1_1_1_1_1_1_2_1_1_1_1_1_1_2_3,1420808.0586648434,21,7721,2018,"{""type"":""Point"",""coordinates"":[0.0,0.0]}"
1_1_1_1_1_1_1_1_1_1_1_1_2_1_1_1_1_1_1_2_4,230.0886761291504,22,7721,2018,"{""type"":""Point"",""coordinates"":[0.0,0.0]}"
1_1_1_1_1_1_1_1_1_1_1_1_2_1_1_1_1_1_1_2_5,43.68093017578123,29,7721,2018,"{""type"":""Point"",""coordinates"":[0.0,0.0]}"
1_1_1_1_1_1_1_1_1_1_1_1_2_1_1_1_1_1_1_2_6,4867.975445491575,33,7721,2018,"{""type"":""Point"",""coordinates"":[0.0,0.0]}"
1_1_1_1_1_1_1_1_1_1_1_1_2_1_1_1_1_1_2_0,138984.0795510502,3,7721,2019,"{""type"":""Point"",""coordinates"":[0.0,0.0]}"
1_1_1_1_1_1_1_1_1_1_1_1_2_1_1_1_1_1_2_1,983503.9813017742,4,7721,2019,"{""type"":""Point"",""coordinates"":[0.0,0.0]}"
1_1_1_1_1_1_1_1_1_1_1_1_2_1_1_1_1_1_2_2,3.4255753723144533,12,7721,2019,"{""type"":""Point"",""coordinates"":[0.0,0.0]}"
1_1_1_1_1_1_1_1_1_1_1_1_2_1_1_1_1_1_2_3,1438363.6543290934,21,7721,2019,"{""type"":""Point"",""coordinates"":[0.0,0.0]}"
1_1_1_1_1_1_1_1_1_1_1_1_2_1_1_1_1_1_2_4,2518.5648986167535,22,7721,2019,"{""type"":""Point"",""coordinates"":[0.0,0.0]}"
1_1_1_1_1_1_1_1_1_1_1_1_2_1_1_1_1_1_2_5,215.56464777832025,29,7721,2019,"{""type"":""Point"",""coordinates"":[0.0,0.0]}"
1_1_1_1_1_1_1_1_1_1_1_1_2_1_1_1_1_1_2_6,5281.170083706064,33,7721,2019,"{""type"":""Point"",""coordinates"":[0.0,0.0]}"
1_1_1_1_1_1_1_1_1_1_1_1_2_1_1_1_1_2_0,109578.46690225728,3,7721,2020,"{""type"":""Point"",""coordinates"":[0.0,0.0]}"
1_1_1_1_1_1_1_1_1_1_1_1_2_1_1_1_1_2_1,1016730.3435937716,4,7721,2020,"{""type"":""Point"",""coordinates"":[0.0,0.0]}"
1_1_1_1_1_1_1_1_1_1_1_1_2_1_1_1_1_2_2,0.26358996582031247,12,7721,2020,"{""type"":""Point"",""coordinates"":[0.0,0.0]}"
1_1_1_1_1_1_1_1_1_1_1_1_2_1_1_1_1_2_3,1434211.9272865918,21,7721,2020,"{""type"":""Point"",""coordinates"":[0.0,0.0]}"
1_1_1_1_1_1_1_1_1_1_1_1_2_1_1_1_1_2_4,2547.60831844911,22,7721,2020,"{""type"":""Point"",""coordinates"":[0.0,0.0]}"
1_1_1_1_1_1_1_1_1_1_1_1_2_1_1_1_1_2_5,140.31513550415045,29,7721,2020,"{""type"":""Point"",""coordinates"":[0.0,0.0]}"
1_1_1_1_1_1_1_1_1_1_1_1_2_1_1_1_1_2_6,5661.515560846152,33,7721,2020,"{""type"":""Point"",""coordinates"":[0.0,0.0]}"
1_1_1_1_1_1_1_1_1_1_1_1_2_1_1_1_2_0,122974.98018656594,3,7721,2021,"{""type"":""Point"",""coordinates"":[0.0,0.0]}"
1_1_1_1_1_1_1_1_1_1_1_1_2_1_1_1_2_1,1006879.613102575,4,7721,2021,"{""type"":""Point"",""coordinates"":[0.0,0.0]}"
1_1_1_1_1_1_1_1_1_1_1_1_2_1_1_1_2_2,0.2640717712402344,12,7721,2021,"{""type"":""Point"",""coordinates"":[0.0,0.0]}"
1_1_1_1_1_1_1_1_1_1_1_1_2_1_1_1_2_3,1431750.9964616753,21,7721,2021,"{""type"":""Point"",""coordinates"":[0.0,0.0]}"
1_1_1_1_1_1_1_1_1_1_1_1_2_1_1_1_2_4,128.3527849731445,22,7721,2021,"{""type"":""Point"",""coordinates"":[0.0,0.0]}"
1_1_1_1_1_1_1_1_1_1_1_1_2_1_1_1_2_5,2144.337567669103,29,7721,2021,"{""type"":""Point"",""coordinates"":[0.0,0.0]}"
1_1_1_1_1_1_1_1_1_1_1_1_2_1_1_1_2_6,4991.896212163851,33,7721,2021,"{""type"":""Point"",""coordinates"":[0.0,0.0]}"
1_1_1_1_1_1_1_1_1_1_1_1_2_1_1_2_0,125584.92466248348,3,7721,2022,"{""type"":""Point"",""coordinates"":[0.0,0.0]}"
1_1_1_1_1_1_1_1_1_1_1_1_2_1_1_2_1,1005790.9850786708,4,7721,2022,"{""type"":""Point"",""coordinates"":[0.0,0.0]}"
1_1_1_1_1_1_1_1_1_1_1_1_2_1_1_2_2,0.791696484375,12,7721,2022,"{""type"":""Point"",""coordinates"":[0.0,0.0]}"
1_1_1_1_1_1_1_1_1_1_1_1_2_1_1_2_3,1430100.4431511185,21,7721,2022,"{""type"":""Point"",""coordinates"":[0.0,0.0]}"
1_1_1_1_1_1_1_1_1_1_1_1_2_1_1_2_4,1326.0005841063005,22,7721,2022,"{""type"":""Point"",""coordinates"":[0.0,0.0]}"
1_1_1_1_1_1_1_1_1_1_1_1_2_1_1_2_5,451.36967449340807,29,7721,2022,"{""type"":""Point"",""coordinates"":[0.0,0.0]}"
1_1_1_1_1_1_1_1_1_1_1_1_2_1_1_2_6,5615.925540037982,33,7721,2022,"{""type"":""Point"",""coordinates"":[0.0,0.0]}"
1_1_1_1_1_1_1_1_1_1_1_1_2_1_2_0,126751.4457918834,3,7721,2023,"{""type"":""Point"",""coordinates"":[0.0,0.0]}"
1_1_1_1_1_1_1_1_1_1_1_1_2_1_2_1,985887.9472472327,4,7721,2023,"{""type"":""Point"",""coordinates"":[0.0,0.0]}"
1_1_1_1_1_1_1_1_1_1_1_1_2_1_2_2,1.8430760131835942,12,7721,2023,"{""type"":""Point"",""coordinates"":[0.0,0.0]}"
1_1_1_1_1_1_1_1_1_1_1_1_2_1_2_3,1447379.3411119601,21,7721,2023,"{""type"":""Point"",""coordinates"":[0.0,0.0]}"
1_1_1_1_1_1_1_1_1_1_1_1_2_1_2_4,520.4906748229978,22,7721,2023,"{""type"":""Point"",""coordinates"":[0.0,0.0]}"
1_1_1_1_1_1_1_1_1_1_1_1_2_1_2_5,1262.1505743408443,29,7721,2023,"{""type"":""Point"",""coordinates"":[0.0,0.0]}"
1_1_1_1_1_1_1_1_1_1_1_1_2_1_2_6,7067.2219111212535,33,7721,2023,"{""type"":""Point"",""coordinates"":[0.0,0.0]}"
1_1_1_1_1_1_1_1_1_1_1_1_2_2_0,126526.56147898012,3,7721,2024,"{""type"":""Point"",""coordinates"":[0.0,0.0]}"
1_1_1_1_1_1_1_1_1_1_1_1_2_2_1,981869.7527538652,4,7721,2024,"{""type"":""Point"",""coordinates"":[0.0,0.0]}"
1_1_1_1_1_1_1_1_1_1_1_1_2_2_2,10.191997332763673,12,7721,2024,"{""type"":""Point"",""coordinates"":[0.0,0.0]}"
1_1_1_1_1_1_1_1_1_1_1_1_2_2_3,1451749.911849502,21,7721,2024,"{""type"":""Point"",""coordinates"":[0.0,0.0]}"
1_1_1_1_1_1_1_1_1_1_1_1_2_2_4,2201.810886711858,22,7721,2024,"{""type"":""Point"",""coordinates"":[0.0,0.0]}"
1_1_1_1_1_1_1_1_1_1_1_1_2_2_5,329.9331640258792,29,7721,2024,"{""type"":""Point"",""coordinates"":[0.0,0.0]}"
1_1_1_1_1_1_1_1_1_1_1_1_2_2_6,6182.278256985768,33,7721,2024,"{""type"":""Point"",""coordinates"":[0.0,0.0]}"
1_1_1_1_1_1_1_1_1_1_1_2_1_1_1_1_1_1_1_1_2_0,14030.132592106082,3,772,2016,"{""type"":""Point"",""coordinates"":[0.0,0.0]}"
1_1_1_1_1_1_1_1_1_1_1_2_1_1_1_1_1_1_1_1_2_1,438485.46742652927,4,772,2016,"{""type"":""Point"",""coordinates"":[0.0,0.0]}"
1_1_1_1_1_1_1_1_1_1_1_2_1_1_1_1_1_1_1_1_2_2,749.4271380967554,12,772,2016,"{""type"":""Point"",""coordinates"":[0.0,0.0]}"
1_1_1_1_1_1_1_1_1_1_1_2_1_1_1_1_1_1_1_1_2_3,462410.55187587684,21,772,2016,"{""type"":""Point"",""coordinates"":[0.0,0.0]}"
1_1_1_1_1_1_1_1_1_1_1_2_1_1_1_1_1_1_1_1_2_4,3198.0775208762825,22,772,2016,"{""type"":""Point"",""coordinates"":[0.0,0.0]}"
1_1_1_1_1_1_1_1_1_1_1_2_1_1_1_1_1_1_1_1_2_5,34.486362870256016,29,772,2016,"{""type"":""Point"",""coordinates"":[0.0,0.0]}"
1_1_1_1_1_1_1_1_1_1_1_2_1_1_1_1_1_1_1_1_2_6,909.1684211273056,33,772,2016,"{""type"":""Point"",""coordinates"":[0.0,0.0]}"
1_1_1_1_1_1_1_1_1_1_1_2_1_1_1_1_1_1_1_2_0,14455.671299529582,3,772,2017,"{""type"":""Point"",""coordinates"":[0.0,0.0]}"
1_1_1_1_1_1_1_1_1_1_1_2_1_1_1_1_1_1_1_2_1,439715.31148957636,4,772,2017,"{""type"":""Point"",""coordinates"":[0.0,0.0]}"
1_1_1_1_1_1_1_1_1_1_1_2_1_1_1_1_1_1_1_2_2,752.405836552566,12,772,2017,"{""type"":""Point"",""coordinates"":[0.0,0.0]}"
1_1_1_1_1_1_1_1_1_1_1_2_1_1_1_1_1_1_1_2_3,460753.5666607105,21,772,2017,"{""type"":""Point"",""coordinates"":[0.0,0.0]}"
1_1_1_1_1_1_1_1_1_1_1_2_1_1_1_1_1_1_1_2_4,3178.6796595241776,22,772,2017,"{""type"":""Point"",""coordinates"":[0.0,0.0]}"
1_1_1_1_1_1_1_1_1_1_1_2_1_1_1_1_1_1_1_2_5,35.7027646910903,29,772,2017,"{""type"":""Point"",""coordinates"":[0.0,0.0]}"
1_1_1_1_1_1_1_1_1_1_1_2_1_1_1_1_1_1_1_2_6,925.9736269077661,33,772,2017,"{""type"":""Point"",""coordinates"":[0.0,0.0]}"
1_1_1_1_1_1_1_1_1_1_1_2_1_1_1_1_1_1_2_0,14022.6005705898,3,772,2018,"{""type"":""Point"",""coordinates"":[0.0,0.0]}"
1_1_1_1_1_1_1_1_1_1_1_2_1_1_1_1_1_1_2_1,440331.90634930873,4,772,2018,"{""type"":""Point"",""coordinates"":[0.0,0.0]}"
1_1_1_1_1_1_1_1_1_1_1_2_1_1_1_1_1_1_2_2,750.3922107652126,12,772,2018,"{""type"":""Point"",""coordinates"":[0.0,0.0]}"
1_1_1_1_1_1_1_1_1_1_1_2_1_1_1_1_1_1_2_3,460585.27520679554,21,772,2018,"{""type"":""Point"",""coordinates"":[0.0,0.0]}"
1_1_1_1_1_1_1_1_1_1_1_2_1_1_1_1_1_1_2_4,3176.231836212961,22,772,2018,"{""type"":""Point"",""coordinates"":[0.0,0.0]}"
1_1_1_1_1_1_1_1_1_1_1_2_1_1_1_1_1_1_2_5,33.52036123046875,29,772,2018,"{""type"":""Point"",""coordinates"":[0.0,0.0]}"
1_1_1_1_1_1_1_1_1_1_1_2_1_1_1_1_1_1_2_6,917.3848025844667,33,772,2018,"{""type"":""Point"",""coordinates"":[0.0,0.0]}"
1_1_1_1_1_1_1_1_1_1_1_2_1_1_1_1_1_2_0,14194.670951334938,3,772,2019,"{""type"":""Point"",""coordinates"":[0.0,0.0]}"
1_1_1_1_1_1_1_1_1_1_1_2_1_1_1_1_1_2_1,441254.46246922144,4,772,2019,"{""type"":""Point"",""coordinates"":[0.0,0.0]}"
1_1_1_1_1_1_1_1_1_1_1_2_1_1_1_1_1_2_2,750.0382643235619,12,772,2019,"{""type"":""Point"",""coordinates"":[0.0,0.0]}"
1_1_1_1_1_1_1_1_1_1_1_2_1_1_1_1_1_2_3,459388.8337043456,21,772,2019,"{""type"":""Point"",""coordinates"":[0.0,0.0]}"
1_1_1_1_1_1_1_1_1_1_1_2_1_1_1_1_1_2_4,3263.1479634470147,22,772,2019,"{""type"":""Point"",""coordinates"":[0.0,0.0]}"
1_1_1_1_1_1_1_1_1_1_1_2_1_1_1_1_1_2_5,34.57192449951172,29,772,2019,"{""type"":""Point"",""coordinates"":[0.0,0.0]}"
1_1_1_1_1_1_1_1_1_1_1_2_1_1_1_1_1_2_6,931.5860603137422,33,772,2019,"{""type"":""Point"",""coordinates"":[0.0,0.0]}"
1_1_1_1_1_1_1_1_1_1_1_2_1_1_1_1_2_0,14639.782243107718,3,772,2020,"{""type"":""Point"",""coordinates"":[0.0,0.0]}"
1_1_1_1_1_1_1_1_1_1_1_2_1_1_1_1_2_1,441973.8259839353,4,772,2020,"{""type"":""Point"",""coordinates"":[0.0,0.0]}"
1_1_1_1_1_1_1_1_1_1_1_2_1_1_1_1_2_2,749.0728872666773,12,772,2020,"{""type"":""Point"",""coordinates"":[0.0,0.0]}"
1_1_1_1_1_1_1_1_1_1_1_2_1_1_1_1_2_3,458207.0201109598,21,772,2020,"{""type"":""Point"",""coordinates"":[0.0,0.0]}"
1_1_1_1_1_1_1_1_1_1_1_2_1_1_1_1_2_4,3239.0631247209053,22,772,2020,"{""type"":""Point"",""coordinates"":[0.0,0.0]}"
1_1_1_1_1_1_1_1_1_1_1_2_1_1_1_1_2_5,34.39688959960938,29,772,2020,"{""type"":""Point"",""coordinates"":[0.0,0.0]}"
1_1_1_1_1_1_1_1_1_1_1_2_1_1_1_1_2_6,974.1500978947656,33,772,2020,"{""type"":""Point"",""coordinates"":[0.0,0.0]}"
1_1_1_1_1_1_1_1_1_1_1_2_1_1_1_2_0,14938.470050571825,3,772,2021,"{""type"":""Point"",""coordinates"":[0.0,0.0]}"
1_1_1_1_1_1_1_1_1_1_1_2_1_1_1_2_1,442417.06251992955,4,772,2021,"{""type"":""Point"",""coordinates"":[0.0,0.0]}"
1_1_1_1_1_1_1_1_1_1_1_2_1_1_1_2_2,748.9852618699487,12,772,2021,"{""type"":""Point"",""coordinates"":[0.0,0.0]}"
1_1_1_1_1_1_1_1_1_1_1_2_1_1_1_2_3,457431.88611830823,21,772,2021,"{""type"":""Point"",""coordinates"":[0.0,0.0]}"
1_1_1_1_1_1_1_1_1_1_1_2_1_1_1_2_4,3247.7633975448675,22,772,2021,"{""type"":""Point"",""coordinates"":[0.0,0.0]}"
1_1_1_1_1_1_1_1_1_1_1_2_1_1_1_2_5,46.335398505715766,29,772,2021,"{""type"":""Point"",""coordinates"":[0.0,0.0]}"
1_1_1_1_1_1_1_1_1_1_1_2_1_1_1_2_6,986.808590754801,33,772,2021,"{""type"":""Point"",""coordinates"":[0.0,0.0]}"
1_1_1_1_1_1_1_1_1_1_1_2_1_1_2_0,14672.020143889487,3,772,2022,"{""type"":""Point"",""coordinates"":[0.0,0.0]}"
1_1_1_1_1_1_1_1_1_1_1_2_1_1_2_1,443605.9831206277,4,772,2022,"{""type"":""Point"",""coordinates"":[0.0,0.0]}"
1_1_1_1_1_1_1_1_1_1_1_2_1_1_2_2,748.9852618699488,12,772,2022,"{""type"":""Point"",""coordinates"":[0.0,0.0]}"
1_1_1_1_1_1_1_1_1_1_1_2_1_1_2_3,456504.5139892723,21,772,2022,"{""type"":""Point"",""coordinates"":[0.0,0.0]}"
1_1_1_1_1_1_1_1_1_1_1_2_1_1_2_4,3241.9035790265148,22,772,2022,"{""type"":""Point"",""coordinates"":[0.0,0.0]}"
1_1_1_1_1_1_1_1_1_1_1_2_1_1_2_5,40.96895528564454,29,772,2022,"{""type"":""Point"",""coordinates"":[0.0,0.0]}"
1_1_1_1_1_1_1_1_1_1_1_2_1_1_2_6,1002.9362875164187,33,772,2022,"{""type"":""Point"",""coordinates"":[0.0,0.0]}"
1_1_1_1_1_1_1_1_1_1_1_2_1_2_0,14519.566708889648,3,772,2023,"{""type"":""Point"",""coordinates"":[0.0,0.0]}"
1_1_1_1_1_1_1_1_1_1_1_2_1_2_1,442662.9172727375,4,772,2023,"{""type"":""Point"",""coordinates"":[0.0,0.0]}"
1_1_1_1_1_1_1_1_1_1_1_2_1_2_2,748.3716677232202,12,772,2023,"{""type"":""Point"",""coordinates"":[0.0,0.0]}"
1_1_1_1_1_1_1_1_1_1_1_2_1_2_3,457659.23764533666,21,772,2023,"{""type"":""Point"",""coordinates"":[0.0,0.0]}"
1_1_1_1_1_1_1_1_1_1_1_2_1_2_4,3181.357250798042,22,772,2023,"{""type"":""Point"",""coordinates"":[0.0,0.0]}"
1_1_1_1_1_1_1_1_1_1_1_2_1_2_5,57.87354054902921,29,772,2023,"{""type"":""Point"",""coordinates"":[0.0,0.0]}"
1_1_1_1_1_1_1_1_1_1_1_2_1_2_6,987.9872514568723,33,772,2023,"{""type"":""Point"",""coordinates"":[0.0,0.0]}"
1_1_1_1_1_1_1_1_1_1_1_2_2_0,14935.795132112966,3,772,2024,"{""type"":""Point"",""coordinates"":[0.0,0.0]}"
1_1_1_1_1_1_1_1_1_1_1_2_2_1,439906.64178957517,4,772,2024,"{""type"":""Point"",""coordinates"":[0.0,0.0]}"
1_1_1_1_1_1_1_1_1_1_1_2_2_2,747.0987678471575,12,772,2024,"{""type"":""Point"",""coordinates"":[0.0,0.0]}"
1_1_1_1_1_1_1_1_1_1_1_2_2_3,459991.04544493987,21,772,2024,"{""type"":""Point"",""coordinates"":[0.0,0.0]}"
1_1_1_1_1_1_1_1_1_1_1_2_2_4,3217.7534733038833,22,772,2024,"{""type"":""Point"",""coordinates"":[0.0,0.0]}"
1_1_1_1_1_1_1_1_1_1_1_2_2_5,33.60807417602539,29,772,2024,"{""type"":""Point"",""coordinates"":[0.0,0.0]}"
1_1_1_1_1_1_1_1_1_1_1_2_2_6,985.368655547186,33,772,2024,"{""type"":""Point"",""coordinates"":[0.0,0.0]}"
1_1_1_1_1_1_1_1_1_1_2_1_1_1_1_1_1_1_1_2_0,15848.66882444508,3,7619,2016,"{""type"":""Point"",""coordinates"":[0.0,0.0]}"
1_1_1_1_1_1_1_1_1_1_2_1_1_1_1_1_1_1_1_2_1,2904781.745777412,4,7619,2016,"{""type"":""Point"",""coordinates"":[0.0,0.0]}"
1_1_1_1_1_1_1_1_1_1_2_1_1_1_1_1_1_1_1_2_2,5363.905476887762,12,7619,2016,"{""type"":""Point"",""coordinates"":[0.0,0.0]}"
1_1_1_1_1_1_1_1_1_1_2_1_1_1_1_1_1_1_1_2_3,636058.8092869218,21,7619,2016,"{""type"":""Point"",""coordinates"":[0.0,0.0]}"
1_1_1_1_1_1_1_1_1_1_2_1_1_1_1_1_1_1_1_2_4,34583.78710472231,22,7619,2016,"{""type"":""Point"",""coordinates"":[0.0,0.0]}"
1_1_1_1_1_1_1_1_1_1_2_1_1_1_1_1_1_1_1_2_5,70.97121850585937,29,7619,2016,"{""type"":""Point"",""coordinates"":[0.0,0.0]}"
1_1_1_1_1_1_1_1_1_1_2_1_1_1_1_1_1_1_1_2_6,17798.59075895657,33,7619,2016,"{""type"":""Point"",""coordinates"":[0.0,0.0]}"
1_1_1_1_1_1_1_1_1_1_2_1_1_1_1_1_1_1_2_0,19884.54183553007,3,7619,2017,"{""type"":""Point"",""coordinates"":[0.0,0.0]}"
1_1_1_1_1_1_1_1_1_1_2_1_1_1_1_1_1_1_2_1,2928392.6455156244,4,7619,2017,"{""type"":""Point"",""coordinates"":[0.0,0.0]}"
1_1_1_1_1_1_1_1_1_1_2_1_1_1_1_1_1_1_2_2,2130.7258387987713,12,7619,2017,"{""type"":""Point"",""coordinates"":[0.0,0.0]}"
1_1_1_1_1_1_1_1_1_1_2_1_1_1_1_1_1_1_2_3,630474.5920214151,21,7619,2017,"{""type"":""Point"",""coordinates"":[0.0,0.0]}"
1_1_1_1_1_1_1_1_1_1_2_1_1_1_1_1_1_1_2_4,12134.856332572763,22,7619,2017,"{""type"":""Point"",""coordinates"":[0.0,0.0]}"
1_1_1_1_1_1_1_1_1_1_2_1_1_1_1_1_1_1_2_5,607.2090016052244,29,7619,2017,"{""type"":""Point"",""coordinates"":[0.0,0.0]}"
1_1_1_1_1_1_1_1_1_1_2_1_1_1_1_1_1_1_2_6,20881.907902260547,33,7619,2017,"{""type"":""Point"",""coordinates"":[0.0,0.0]}"
1_1_1_1_1_1_1_1_1_1_2_1_1_1_1_1_1_2_0,17434.977364727918,3,7619,2018,"{""type"":""Point"",""coordinates"":[0.0,0.0]}"
1_1_1_1_1_1_1_1_1_1_2_1_1_1_1_1_1_2_1,2915662.8708522795,4,7619,2018,"{""type"":""Point"",""coordinates"":[0.0,0.0]}"
1_1_1_1_1_1_1_1_1_1_2_1_1_1_1_1_1_2_2,3923.0668436253463,12,7619,2018,"{""type"":""Point"",""coordinates"":[0.0,0.0]}"
1_1_1_1_1_1_1_1_1_1_2_1_1_1_1_1_1_2_3,630435.8490646064,21,7619,2018,"{""type"":""Point"",""coordinates"":[0.0,0.0]}"
1_1_1_1_1_1_1_1_1_1_2_1_1_1_1_1_1_2_4,28404.533106540362,22,7619,2018,"{""type"":""Point"",""coordinates"":[0.0,0.0]}"
1_1_1_1_1_1_1_1_1_1_2_1_1_1_1_1_1_2_5,1275.8241134582515,29,7619,2018,"{""type"":""Point"",""coordinates"":[0.0,0.0]}"
1_1_1_1_1_1_1_1_1_1_2_1_1_1_1_1_1_2_6,17369.35710259229,33,7619,2018,"{""type"":""Point"",""coordinates"":[0.0,0.0]}"
1_1_1_1_1_1_1_1_1_1_2_1_1_1_1_1_2_0,16161.712323813614,3,7619,2019,"{""type"":""Point"",""coordinates"":[0.0,0.0]}"
1_1_1_1_1_1_1_1_1_1_2_1_1_1_1_1_2_1,2922385.508891704,4,7619,2019,"{""type"":""Point"",""coordinates"":[0.0,0.0]}"
1_1_1_1_1_1_1_1_1_1_2_1_1_1_1_1_2_2,6613.170725189246,12,7619,2019,"{""type"":""Point"",""coordinates"":[0.0,0.0]}"
1_1_1_1_1_1_1_1_1_1_2_1_1_1_1_1_2_3,644073.5849393636,21,7619,2019,"{""type"":""Point"",""coordinates"":[0.0,0.0]}"
1_1_1_1_1_1_1_1_1_1_2_1_1_1_1_1_2_4,8677.675920339236,22,7619,2019,"{""type"":""Point"",""coordinates"":[0.0,0.0]}"
1_1_1_1_1_1_1_1_1_1_2_1_1_1_1_1_2_5,514.1117945251458,29,7619,2019,"{""type"":""Point"",""coordinates"":[0.0,0.0]}"
1_1_1_1_1_1_1_1_1_1_2_1_1_1_1_1_2_6,16080.71385287213,33,7619,2019,"{""type"":""Point"",""coordinates"":[0.0,0.0]}"
1_1_1_1_1_1_1_1_1_1_2_1_1_1_1_2_0,11048.086626320774,3,7619,2020,"{""type"":""Point"",""coordinates"":[0.0,0.0]}"
1_1_1_1_1_1_1_1_1_1_2_1_1_1_1_2_1,2901991.790075734,4,7619,2020,"{""type"":""Point"",""coordinates"":[0.0,0.0]}"
1_1_1_1_1_1_1_1_1_1_2_1_1_1_1_2_2,5328.7662919642935,12,7619,2020,"{""type"":""Point"",""coordinates"":[0.0,0.0]}"
1_1_1_1_1_1_1_1_1_1_2_1_1_1_1_2_3,640828.1798249659,21,7619,2020,"{""type"":""Point"",""coordinates"":[0.0,0.0]}"
1_1_1_1_1_1_1_1_1_1_2_1_1_1_1_2_4,13837.594429258666,22,7619,2020,"{""type"":""Point"",""coordinates"":[0.0,0.0]}"
1_1_1_1_1_1_1_1_1_1_2_1_1_1_1_2_5,1215.5938642700191,29,7619,2020,"{""type"":""Point"",""coordinates"":[0.0,0.0]}"
1_1_1_1_1_1_1_1_1_1_2_1_1_1_1_2_6,40256.46733525368,33,7619,2020,"{""type"":""Point"",""coordinates"":[0.0,0.0]}"
1_1_1_1_1_1_1_1_1_1_2_1_1_1_2_0,23446.67560167586,3,7619,2021,"{""type"":""Point"",""coordinates"":[0.0,0.0]}"
1_1_1_1_1_1_1_1_1_1_2_1_1_1_2_1,2868067.8549324325,4,7619,2021,"{""type"":""Point"",""coordinates"":[0.0,0.0]}"
1_1_1_1_1_1_1_1_1_1_2_1_1_1_2_2,4625.58148151546,12,7619,2021,"{""type"":""Point"",""coordinates"":[0.0,0.0]}"
1_1_1_1_1_1_1_1_1_1_2_1_1_1_2_3,665604.3806782141,21,7619,2021,"{""type"":""Point"",""coordinates"":[0.0,0.0]}"
1_1_1_1_1_1_1_1_1_1_2_1_1_1_2_4,20780.831345521823,22,7619,2021,"{""type"":""Point"",""coordinates"":[0.0,0.0]}"
1_1_1_1_1_1_1_1_1_1_2_1_1_1_2_5,3896.967500357816,29,7619,2021,"{""type"":""Point"",""coordinates"":[0.0,0.0]}"
1_1_1_1_1_1_1_1_1_1_2_1_1_1_2_6,28084.186908068783,33,7619,2021,"{""type"":""Point"",""coordinates"":[0.0,0.0]}"
1_1_1_1_1_1_1_1_1_1_2_1_1_2_0,16234.34599388282,3,7619,2022,"{""type"":""Point"",""coordinates"":[0.0,0.0]}"
1_1_1_1_1_1_1_1_1_1_2_1_1_2_1,2895721.3018903495,4,7619,2022,"{""type"":""Point"",""coordinates"":[0.0,0.0]}"
1_1_1_1_1_1_1_1_1_1_2_1_1_2_2,5958.525767922351,12,7619,2022,"{""type"":""Point"",""coordinates"":[0.0,0.0]}"
1_1_1_1_1_1_1_1_1_1_2_1_1_2_3,632491.3810819499,21,7619,2022,"{""type"":""Point"",""coordinates"":[0.0,0.0]}"
1_1_1_1_1_1_1_1_1_1_2_1_1_2_4,17014.182273061484,22,7619,2022,"{""type"":""Point"",""coordinates"":[0.0,0.0]}"
1_1_1_1_1_1_1_1_1_1_2_1_1_2_5,3153.901783988206,29,7619,2022,"{""type"":""Point"",""coordinates"":[0.0,0.0]}"
1_1_1_1_1_1_1_1_1_1_2_1_1_2_6,43932.83965666173,33,7619,2022,"{""type"":""Point"",""coordinates"":[0.0,0.0]}"
1_1_1_1_1_1_1_1_1_1_2_1_2_0,9690.206376142753,3,7619,2023,"{""type"":""Point"",""coordinates"":[0.0,0.0]}"
1_1_1_1_1_1_1_1_1_1_2_1_2_1,2901102.21055821,4,7619,2023,"{""type"":""Point"",""coordinates"":[0.0,0.0]}"
1_1_1_1_1_1_1_1_1_1_2_1_2_2,6373.220570030698,12,7619,2023,"{""type"":""Point"",""coordinates"":[0.0,0.0]}"
1_1_1_1_1_1_1_1_1_1_2_1_2_3,640764.9161857262,21,7619,2023,"{""type"":""Point"",""coordinates"":[0.0,0.0]}"
1_1_1_1_1_1_1_1_1_1_2_1_2_4,12078.336376170204,22,7619,2023,"{""type"":""Point"",""coordinates"":[0.0,0.0]}"
1_1_1_1_1_1_1_1_1_1_2_1_2_5,9765.347455198531,29,7619,2023,"{""type"":""Point"",""coordinates"":[0.0,0.0]}"
1_1_1_1_1_1_1_1_1_1_2_1_2_6,34732.240926455466,33,7619,2023,"{""type"":""Point"",""coordinates"":[0.0,0.0]}"
1_1_1_1_1_1_1_1_1_1_2_2_0,31777.801276746377,3,7619,2024,"{""type"":""Point"",""coordinates"":[0.0,0.0]}"
1_1_1_1_1_1_1_1_1_1_2_2_1,2870355.9439328006,4,7619,2024,"{""type"":""Point"",""coordinates"":[0.0,0.0]}"
1_1_1_1_1_1_1_1_1_1_2_2_2,3182.24916538397,12,7619,2024,"{""type"":""Point"",""coordinates"":[0.0,0.0]}"
1_1_1_1_1_1_1_1_1_1_2_2_3,666958.100511063,21,7619,2024,"{""type"":""Point"",""coordinates"":[0.0,0.0]}"
1_1_1_1_1_1_1_1_1_1_2_2_4,4145.18801776792,22,7619,2024,"{""type"":""Point"",""coordinates"":[0.0,0.0]}"
1_1_1_1_1_1_1_1_1_1_2_2_5,987.6687088989277,29,7619,2024,"{""type"":""Point"",""coordinates"":[0.0,0.0]}"
1_1_1_1_1_1_1_1_1_1_2_2_6,37099.52683518853,33,7619,2024,"{""type"":""Point"",""coordinates"":[0.0,0.0]}"
1_1_1_1_1_1_1_1_1_2_1_1_1_1_1_1_1_1_2_0,108060.00241431048,3,7443,2016,"{""type"":""Point"",""coordinates"":[0.0,0.0]}"
1_1_1_1_1_1_1_1_1_2_1_1_1_1_1_1_1_1_2_1,3196356.9064367977,4,7443,2016,"{""type"":""Point"",""coordinates"":[0.0,0.0]}"
1_1_1_1_1_1_1_1_1_2_1_1_1_1_1_1_1_1_2_2,452.24158836136144,12,7443,2016,"{""type"":""Point"",""coordinates"":[0.0,0.0]}"
1_1_1_1_1_1_1_1_1_2_1_1_1_1_1_1_1_1_2_3,321850.04737027537,21,7443,2016,"{""type"":""Point"",""coordinates"":[0.0,0.0]}"
1_1_1_1_1_1_1_1_1_2_1_1_1_1_1_1_1_1_2_4,2356.436463981049,22,7443,2016,"{""type"":""Point"",""coordinates"":[0.0,0.0]}"
1_1_1_1_1_1_1_1_1_2_1_1_1_1_1_1_1_1_2_5,118.88006422119139,29,7443,2016,"{""type"":""Point"",""coordinates"":[0.0,0.0]}"
1_1_1_1_1_1_1_1_1_2_1_1_1_1_1_1_1_1_2_6,4820.098424218747,33,7443,2016,"{""type"":""Point"",""coordinates"":[0.0,0.0]}"
1_1_1_1_1_1_1_1_1_2_1_1_1_1_1_1_1_2_0,157758.5439716353,3,7443,2017,"{""type"":""Point"",""coordinates"":[0.0,0.0]}"
1_1_1_1_1_1_1_1_1_2_1_1_1_1_1_1_1_2_1,3157021.4214822147,4,7443,2017,"{""type"":""Point"",""coordinates"":[0.0,0.0]}"
1_1_1_1_1_1_1_1_1_2_1_1_1_1_1_1_1_2_2,982.4250712548588,12,7443,2017,"{""type"":""Point"",""coordinates"":[0.0,0.0]}"
1_1_1_1_1_1_1_1_1_2_1_1_1_1_1_1_1_2_3,311102.49407753407,21,7443,2017,"{""type"":""Point"",""coordinates"":[0.0,0.0]}"
1_1_1_1_1_1_1_1_1_2_1_1_1_1_1_1_1_2_4,2545.7533088684063,22,7443,2017,"{""type"":""Point"",""coordinates"":[0.0,0.0]}"
1_1_1_1_1_1_1_1_1_2_1_1_1_1_1_1_1_2_5,541.3150239440919,29,7443,2017,"{""type"":""Point"",""coordinates"":[0.0,0.0]}"
1_1_1_1_1_1_1_1_1_2_1_1_1_1_1_1_1_2_6,4062.6598267395048,33,7443,2017,"{""type"":""Point"",""coordinates"":[0.0,0.0]}"
1_1_1_1_1_1_1_1_1_2_1_1_1_1_1_1_2_0,241080.0552283617,3,7443,2018,"{""type"":""Point"",""coordinates"":[0.0,0.0]}"
1_1_1_1_1_1_1_1_1_2_1_1_1_1_1_1_2_1,3096748.5964285163,4,7443,2018,"{""type"":""Point"",""coordinates"":[0.0,0.0]}"
1_1_1_1_1_1_1_1_1_2_1_1_1_1_1_1_2_2,1762.9482995801745,12,7443,2018,"{""type"":""Point"",""coordinates"":[0.0,0.0]}"
1_1_1_1_1_1_1_1_1_2_1_1_1_1_1_1_2_3,283445.22820550675,21,7443,2018,"{""type"":""Point"",""coordinates"":[0.0,0.0]}"
1_1_1_1_1_1_1_1_1_2_1_1_1_1_1_1_2_4,5567.391273338815,22,7443,2018,"{""type"":""Point"",""coordinates"":[0.0,0.0]}"
1_1_1_1_1_1_1_1_1_2_1_1_1_1_1_1_2_5,801.5375348083497,29,7443,2018,"{""type"":""Point"",""coordinates"":[0.0,0.0]}"
1_1_1_1_1_1_1_1_1_2_1_1_1_1_1_1_2_6,4608.855792047119,33,7443,2018,"{""type"":""Point"",""coordinates"":[0.0,0.0]}"
1_1_1_1_1_1_1_1_1_2_1_1_1_1_1_2_0,218245.87101222333,3,7443,2019,"{""type"":""Point"",""coordinates"":[0.0,0.0]}"
1_1_1_1_1_1_1_1_1_2_1_1_1_1_1_2_1,3144916.974793112,4,7443,2019,"{""type"":""Point"",""coordinates"":[0.0,0.0]}"
1_1_1_1_1_1_1_1_1_2_1_1_1_1_1_2_2,434.84503670261756,12,7443,2019,"{""type"":""Point"",""coordinates"":[0.0,0.0]}"
1_1_1_1_1_1_1_1_1_2_1_1_1_1_1_2_3,256516.24658887016,21,7443,2019,"{""type"":""Point"",""coordinates"":[0.0,0.0]}"
1_1_1_1_1_1_1_1_1_2_1_1_1_1_1_2_4,7089.063924805543,22,7443,2019,"{""type"":""Point"",""coordinates"":[0.0,0.0]}"
1_1_1_1_1_1_1_1_1_2_1_1_1_1_1_2_5,1325.3813554770795,29,7443,2019,"{""type"":""Point"",""coordinates"":[0.0,0.0]}"
1_1_1_1_1_1_1_1_1_2_1_1_1_1_1_2_6,5486.230050927971,33,7443,2019,"{""type"":""Point"",""coordinates"":[0.0,0.0]}"
1_1_1_1_1_1_1_1_1_2_1_1_1_1_2_0,231955.0150101724,3,7443,2020,"{""type"":""Point"",""coordinates"":[0.0,0.0]}"
1_1_1_1_1_1_1_1_1_2_1_1_1_1_2_1,3105683.9937314712,4,7443,2020,"{""type"":""Point"",""coordinates"":[0.0,0.0]}"
1_1_1_1_1_1_1_1_1_2_1_1_1_1_2_2,2070.9969235354906,12,7443,2020,"{""type"":""Point"",""coordinates"":[0.0,0.0]}"
1_1_1_1_1_1_1_1_1_2_1_1_1_1_2_3,278941.75550713594,21,7443,2020,"{""type"":""Point"",""coordinates"":[0.0,0.0]}"
1_1_1_1_1_1_1_1_1_2_1_1_1_1_2_4,5459.337285128249,22,7443,2020,"{""type"":""Point"",""coordinates"":[0.0,0.0]}"
1_1_1_1_1_1_1_1_1_2_1_1_1_1_2_5,2715.583867449949,29,7443,2020,"{""type"":""Point"",""coordinates"":[0.0,0.0]}"
1_1_1_1_1_1_1_1_1_2_1_1_1_1_2_6,7187.930437350962,33,7443,2020,"{""type"":""Point"",""coordinates"":[0.0,0.0]}"
1_1_1_1_1_1_1_1_1_2_1_1_1_2_0,202547.05154146862,3,7443,2021,"{""type"":""Point"",""coordinates"":[0.0,0.0]}"
1_1_1_1_1_1_1_1_1_2_1_1_1_2_1,3105152.9393479344,4,7443,2021,"{""type"":""Point"",""coordinates"":[0.0,0.0]}"
1_1_1_1_1_1_1_1_1_2_1_1_1_2_2,281.3246919509947,12,7443,2021,"{""type"":""Point"",""coordinates"":[0.0,0.0]}"
1_1_1_1_1_1_1_1_1_2_1_1_1_2_3,312105.91378985334,21,7443,2021,"{""type"":""Point"",""coordinates"":[0.0,0.0]}"
1_1_1_1_1_1_1_1_1_2_1_1_1_2_4,8501.203501829872,22,7443,2021,"{""type"":""Point"",""coordinates"":[0.0,0.0]}"
1_1_1_1_1_1_1_1_1_2_1_1_1_2_5,175.7754626708984,29,7443,2021,"{""type"":""Point"",""coordinates"":[0.0,0.0]}"
1_1_1_1_1_1_1_1_1_2_1_1_1_2_6,5250.40442647705,33,7443,2021,"{""type"":""Point"",""coordinates"":[0.0,0.0]}"
1_1_1_1_1_1_1_1_1_2_1_1_2_0,162466.49196245594,3,7443,2022,"{""type"":""Point"",""coordinates"":[0.0,0.0]}"
1_1_1_1_1_1_1_1_1_2_1_1_2_1,3151819.833818743,4,7443,2022,"{""type"":""Point"",""coordinates"":[0.0,0.0]}"
1_1_1_1_1_1_1_1_1_2_1_1_2_2,116.52834737974877,12,7443,2022,"{""type"":""Point"",""coordinates"":[0.0,0.0]}"
1_1_1_1_1_1_1_1_1_2_1_1_2_3,309826.3511399732,21,7443,2022,"{""type"":""Point"",""coordinates"":[0.0,0.0]}"
1_1_1_1_1_1_1_1_1_2_1_1_2_4,4679.572581120286,22,7443,2022,"{""type"":""Point"",""coordinates"":[0.0,0.0]}"
1_1_1_1_1_1_1_1_1_2_1_1_2_5,844.2646805903898,29,7443,2022,"{""type"":""Point"",""coordinates"":[0.0,0.0]}"
1_1_1_1_1_1_1_1_1_2_1_1_2_6,4261.5702319518805,33,7443,2022,"{""type"":""Point"",""coordinates"":[0.0,0.0]}"
1_1_1_1_1_1_1_1_1_2_1_2_0,163358.5171781546,3,7443,2023,"{""type"":""Point"",""coordinates"":[0.0,0.0]}"
1_1_1_1_1_1_1_1_1_2_1_2_1,3177272.45634602,4,7443,2023,"{""type"":""Point"",""coordinates"":[0.0,0.0]}"
1_1_1_1_1_1_1_1_1_2_1_2_2,541.0422243174831,12,7443,2023,"{""type"":""Point"",""coordinates"":[0.0,0.0]}"
1_1_1_1_1_1_1_1_1_2_1_2_3,282104.203853504,21,7443,2023,"{""type"":""Point"",""coordinates"":[0.0,0.0]}"
1_1_1_1_1_1_1_1_1_2_1_2_4,5736.825480862411,22,7443,2023,"{""type"":""Point"",""coordinates"":[0.0,0.0]}"
1_1_1_1_1_1_1_1_1_2_1_2_5,663.8226925579474,29,7443,2023,"{""type"":""Point"",""coordinates"":[0.0,0.0]}"
1_1_1_1_1_1_1_1_1_2_1_2_6,4337.744986865216,33,7443,2023,"{""type"":""Point"",""coordinates"":[0.0,0.0]}"
1_1_1_1_1_1_1_1_1_2_2_0,213341.72088445738,3,7443,2024,"{""type"":""Point"",""coordinates"":[0.0,0.0]}"
1_1_1_1_1_1_1_1_1_2_2_1,3103080.607376483,4,7443,2024,"{""type"":""Point"",""coordinates"":[0.0,0.0]}"
1_1_1_1_1_1_1_1_1_2_2_2,112.47184136804918,12,7443,2024,"{""type"":""Point"",""coordinates"":[0.0,0.0]}"
1_1_1_1_1_1_1_1_1_2_2_3,311641.7006084952,21,7443,2024,"{""type"":""Point"",""coordinates"":[0.0,0.0]}"
1_1_1_1_1_1_1_1_1_2_2_4,754.2308313088813,22,7443,2024,"{""type"":""Point"",""coordinates"":[0.0,0.0]}"
1_1_1_1_1_1_1_1_1_2_2_5,339.5205979248047,29,7443,2024,"{""type"":""Point"",""coordinates"":[0.0,0.0]}"
1_1_1_1_1_1_1_1_1_2_2_6,4744.360622167964,33,7443,2024,"{""type"":""Point"",""coordinates"":[0.0,0.0]}"
1_1_1_1_1_1_1_1_2_1_1_1_1_1_1_1_1_2_0,34770.26304713257,3,7544,2016,"{""type"":""Point"",""coordinates"":[0.0,0.0]}"
1_1_1_1_1_1_1_1_2_1_1_1_1_1_1_1_1_2_1,2944224.491149091,4,7544,2016,"{""type"":""Point"",""coordinates"":[0.0,0.0]}"
1_1_1_1_1_1_1_1_2_1_1_1_1_1_1_1_1_2_2,155.58734502379178,12,7544,2016,"{""type"":""Point"",""coordinates"":[0.0,0.0]}"
1_1_1_1_1_1_1_1_2_1_1_1_1_1_1_1_1_2_3,799208.3438328558,21,7544,2016,"{""type"":""Point"",""coordinates"":[0.0,0.0]}"
1_1_1_1_1_1_1_1_2_1_1_1_1_1_1_1_1_2_4,2025.150046524802,22,7544,2016,"{""type"":""Point"",""coordinates"":[0.0,0.0]}"
1_1_1_1_1_1_1_1_2_1_1_1_1_1_1_1_1_2_5,3009.9692766723842,29,7544,2016,"{""type"":""Point"",""coordinates"":[0.0,0.0]}"
1_1_1_1_1_1_1_1_2_1_1_1_1_1_1_1_1_2_6,15616.479363064738,33,7544,2016,"{""type"":""Point"",""coordinates"":[0.0,0.0]}"
1_1_1_1_1_1_1_1_2_1_1_1_1_1_1_1_2_0,13596.422933967902,3,7544,2017,"{""type"":""Point"",""coordinates"":[0.0,0.0]}"
1_1_1_1_1_1_1_1_2_1_1_1_1_1_1_1_2_1,2980189.0848745364,4,7544,2017,"{""type"":""Point"",""coordinates"":[0.0,0.0]}"
1_1_1_1_1_1_1_1_2_1_1_1_1_1_1_1_2_2,33.107438690185546,12,7544,2017,"{""type"":""Point"",""coordinates"":[0.0,0.0]}"
1_1_1_1_1_1_1_1_2_1_1_1_1_1_1_1_2_3,788113.329786689,21,7544,2017,"{""type"":""Point"",""coordinates"":[0.0,0.0]}"
1_1_1_1_1_1_1_1_2_1_1_1_1_1_1_1_2_4,297.8156661460251,22,7544,2017,"{""type"":""Point"",""coordinates"":[0.0,0.0]}"
1_1_1_1_1_1_1_1_2_1_1_1_1_1_1_1_2_5,4722.76751754599,29,7544,2017,"{""type"":""Point"",""coordinates"":[0.0,0.0]}"
1_1_1_1_1_1_1_1_2_1_1_1_1_1_1_1_2_6,12057.755842910723,33,7544,2017,"{""type"":""Point"",""coordinates"":[0.0,0.0]}"
1_1_1_1_1_1_1_1_2_1_1_1_1_1_1_2_0,15075.15187046823,3,7544,2018,"{""type"":""Point"",""coordinates"":[0.0,0.0]}"
1_1_1_1_1_1_1_1_2_1_1_1_1_1_1_2_1,2878886.2844068003,4,7544,2018,"{""type"":""Point"",""coordinates"":[0.0,0.0]}"
1_1_1_1_1_1_1_1_2_1_1_1_1_1_1_2_2,441.24910513305593,12,7544,2018,"{""type"":""Point"",""coordinates"":[0.0,0.0]}"
1_1_1_1_1_1_1_1_2_1_1_1_1_1_1_2_3,890565.8430362543,21,7544,2018,"{""type"":""Point"",""coordinates"":[0.0,0.0]}"
1_1_1_1_1_1_1_1_2_1_1_1_1_1_1_2_4,565.125810739579,22,7544,2018,"{""type"":""Point"",""coordinates"":[0.0,0.0]}"
1_1_1_1_1_1_1_1_2_1_1_1_1_1_1_2_5,1635.1056788449769,29,7544,2018,"{""type"":""Point"",""coordinates"":[0.0,0.0]}"
1_1_1_1_1_1_1_1_2_1_1_1_1_1_1_2_6,11841.524152350356,33,7544,2018,"{""type"":""Point"",""coordinates"":[0.0,0.0]}"
1_1_1_1_1_1_1_1_2_1_1_1_1_1_2_0,13875.312889156157,3,7544,2019,"{""type"":""Point"",""coordinates"":[0.0,0.0]}"
1_1_1_1_1_1_1_1_2_1_1_1_1_1_2_1,2808695.7320628637,4,7544,2019,"{""type"":""Point"",""coordinates"":[0.0,0.0]}"
1_1_1_1_1_1_1_1_2_1_1_1_1_1_2_2,183.81693319091784,12,7544,2019,"{""type"":""Point"",""coordinates"":[0.0,0.0]}"
1_1_1_1_1_1_1_1_2_1_1_1_1_1_2_3,962144.1183112741,21,7544,2019,"{""type"":""Point"",""coordinates"":[0.0,0.0]}"
1_1_1_1_1_1_1_1_2_1_1_1_1_1_2_4,593.9042475592881,22,7544,2019,"{""type"":""Point"",""coordinates"":[0.0,0.0]}"
1_1_1_1_1_1_1_1_2_1_1_1_1_1_2_5,134.47479235229497,29,7544,2019,"{""type"":""Point"",""coordinates"":[0.0,0.0]}"
1_1_1_1_1_1_1_1_2_1_1_1_1_1_2_6,13382.92482438624,33,7544,2019,"{""type"":""Point"",""coordinates"":[0.0,0.0]}"
1_1_1_1_1_1_1_1_2_1_1_1_1_2_0,11336.387468578861,3,7544,2020,"{""type"":""Point"",""coordinates"":[0.0,0.0]}"
1_1_1_1_1_1_1_1_2_1_1_1_1_2_1,2705421.2785429647,4,7544,2020,"{""type"":""Point"",""coordinates"":[0.0,0.0]}"
1_1_1_1_1_1_1_1_2_1_1_1_1_2_2,328.27597418212974,12,7544,2020,"{""type"":""Point"",""coordinates"":[0.0,0.0]}"
1_1_1_1_1_1_1_1_2_1_1_1_1_2_3,1050854.8256638611,21,7544,2020,"{""type"":""Point"",""coordinates"":[0.0,0.0]}"
1_1_1_1_1_1_1_1_2_1_1_1_1_2_4,2844.187235673302,22,7544,2020,"{""type"":""Point"",""coordinates"":[0.0,0.0]}"
1_1_1_1_1_1_1_1_2_1_1_1_1_2_5,593.0935990004119,29,7544,2020,"{""type"":""Point"",""coordinates"":[0.0,0.0]}"
1_1_1_1_1_1_1_1_2_1_1_1_1_2_6,27632.235576269002,33,7544,2020,"{""type"":""Point"",""coordinates"":[0.0,0.0]}"
1_1_1_1_1_1_1_1_2_1_1_1_2_0,3730.1392796503187,3,7544,2021,"{""type"":""Point"",""coordinates"":[0.0,0.0]}"
1_1_1_1_1_1_1_1_2_1_1_1_2_1,2689486.963527086,4,7544,2021,"{""type"":""Point"",""coordinates"":[0.0,0.0]}"
1_1_1_1_1_1_1_1_2_1_1_1_2_2,10.919862585449218,12,7544,2021,"{""type"":""Point"",""coordinates"":[0.0,0.0]}"
1_1_1_1_1_1_1_1_2_1_1_1_2_3,1077216.201920928,21,7544,2021,"{""type"":""Point"",""coordinates"":[0.0,0.0]}"
1_1_1_1_1_1_1_1_2_1_1_1_2_4,942.833677261772,22,7544,2021,"{""type"":""Point"",""coordinates"":[0.0,0.0]}"
1_1_1_1_1_1_1_1_2_1_1_1_2_5,149.0478153808594,29,7544,2021,"{""type"":""Point"",""coordinates"":[0.0,0.0]}"
1_1_1_1_1_1_1_1_2_1_1_1_2_6,27474.177977622527,33,7544,2021,"{""type"":""Point"",""coordinates"":[0.0,0.0]}"
1_1_1_1_1_1_1_1_2_1_1_2_0,12150.103853554117,3,7544,2022,"{""type"":""Point"",""coordinates"":[0.0,0.0]}"
1_1_1_1_1_1_1_1_2_1_1_2_1,2764325.6335269664,4,7544,2022,"{""type"":""Point"",""coordinates"":[0.0,0.0]}"
1_1_1_1_1_1_1_1_2_1_1_2_2,123.19478099365234,12,7544,2022,"{""type"":""Point"",""coordinates"":[0.0,0.0]}"
1_1_1_1_1_1_1_1_2_1_1_2_3,986199.1623502461,21,7544,2022,"{""type"":""Point"",""coordinates"":[0.0,0.0]}"
1_1_1_1_1_1_1_1_2_1_1_2_4,73.10409251708984,22,7544,2022,"{""type"":""Point"",""coordinates"":[0.0,0.0]}"
1_1_1_1_1_1_1_1_2_1_1_2_5,2171.2756371398905,29,7544,2022,"{""type"":""Point"",""coordinates"":[0.0,0.0]}"
1_1_1_1_1_1_1_1_2_1_1_2_6,33967.80981928427,33,7544,2022,"{""type"":""Point"",""coordinates"":[0.0,0.0]}"
1_1_1_1_1_1_1_1_2_1_2_0,5374.177219243471,3,7544,2023,"{""type"":""Point"",""coordinates"":[0.0,0.0]}"
1_1_1_1_1_1_1_1_2_1_2_1,2801114.778422192,4,7544,2023,"{""type"":""Point"",""coordinates"":[0.0,0.0]}"
1_1_1_1_1_1_1_1_2_1_2_2,840.4561018737822,12,7544,2023,"{""type"":""Point"",""coordinates"":[0.0,0.0]}"
1_1_1_1_1_1_1_1_2_1_2_3,950548.7871451688,21,7544,2023,"{""type"":""Point"",""coordinates"":[0.0,0.0]}"
1_1_1_1_1_1_1_1_2_1_2_4,128.07256532166724,22,7544,2023,"{""type"":""Point"",""coordinates"":[0.0,0.0]}"
1_1_1_1_1_1_1_1_2_1_2_5,3685.3429304359674,29,7544,2023,"{""type"":""Point"",""coordinates"":[0.0,0.0]}"
1_1_1_1_1_1_1_1_2_1_2_6,37318.66967642403,33,7544,2023,"{""type"":""Point"",""coordinates"":[0.0,0.0]}"
1_1_1_1_1_1_1_1_2_2_0,32586.434160150497,3,7544,2024,"{""type"":""Point"",""coordinates"":[0.0,0.0]}"
1_1_1_1_1_1_1_1_2_2_1,2740993.136646607,4,7544,2024,"{""type"":""Point"",""coordinates"":[0.0,0.0]}"
1_1_1_1_1_1_1_1_2_2_2,31.954370581054686,12,7544,2024,"{""type"":""Point"",""coordinates"":[0.0,0.0]}"
1_1_1_1_1_1_1_1_2_2_3,981744.2325775165,21,7544,2024,"{""type"":""Point"",""coordinates"":[0.0,0.0]}"
1_1_1_1_1_1_1_1_2_2_4,29.574509083228023,22,7544,2024,"{""type"":""Point"",""coordinates"":[0.0,0.0]}"
1_1_1_1_1_1_1_1_2_2_5,6398.814212056337,29,7544,2024,"{""type"":""Point"",""coordinates"":[0.0,0.0]}"
1_1_1_1_1_1_1_1_2_2_6,37226.13758459615,33,7544,2024,"{""type"":""Point"",""coordinates"":[0.0,0.0]}"
1_1_1_1_1_1_1_2_1_1_1_1_1_1_1_1_2_0,9093.04637742629,3,7438,2016,"{""type"":""Point"",""coordinates"":[0.0,0.0]}"
1_1_1_1_1_1_1_2_1_1_1_1_1_1_1_1_2_1,2906422.2575649857,4,7438,2016,"{""type"":""Point"",""coordinates"":[0.0,0.0]}"
1_1_1_1_1_1_1_2_1_1_1_1_1_1_1_1_2_2,1835.771679151659,12,7438,2016,"{""type"":""Point"",""coordinates"":[0.0,0.0]}"
1_1_1_1_1_1_1_2_1_1_1_1_1_1_1_1_2_3,663806.23253966,21,7438,2016,"{""type"":""Point"",""coordinates"":[0.0,0.0]}"
1_1_1_1_1_1_1_2_1_1_1_1_1_1_1_1_2_4,4769.549795846375,22,7438,2016,"{""type"":""Point"",""coordinates"":[0.0,0.0]}"
1_1_1_1_1_1_1_2_1_1_1_1_1_1_1_1_2_5,60.73056991577148,29,7438,2016,"{""type"":""Point"",""coordinates"":[0.0,0.0]}"
1_1_1_1_1_1_1_2_1_1_1_1_1_1_1_1_2_6,5069.196455126948,33,7438,2016,"{""type"":""Point"",""coordinates"":[0.0,0.0]}"
1_1_1_1_1_1_1_2_1_1_1_1_1_1_1_2_0,2803.0529034396814,3,7438,2017,"{""type"":""Point"",""coordinates"":[0.0,0.0]}"
1_1_1_1_1_1_1_2_1_1_1_1_1_1_1_2_1,2936359.573484411,4,7438,2017,"{""type"":""Point"",""coordinates"":[0.0,0.0]}"
1_1_1_1_1_1_1_2_1_1_1_1_1_1_1_2_2,6706.784903458593,12,7438,2017,"{""type"":""Point"",""coordinates"":[0.0,0.0]}"
1_1_1_1_1_1_1_2_1_1_1_1_1_1_1_2_3,639441.1072918602,21,7438,2017,"{""type"":""Point"",""coordinates"":[0.0,0.0]}"
1_1_1_1_1_1_1_2_1_1_1_1_1_1_1_2_4,466.2152012856162,22,7438,2017,"{""type"":""Point"",""coordinates"":[0.0,0.0]}"
1_1_1_1_1_1_1_2_1_1_1_1_1_1_1_2_5,123.35314714355471,29,7438,2017,"{""type"":""Point"",""coordinates"":[0.0,0.0]}"
1_1_1_1_1_1_1_2_1_1_1_1_1_1_1_2_6,5156.698050548562,33,7438,2017,"{""type"":""Point"",""coordinates"":[0.0,0.0]}"
1_1_1_1_1_1_1_2_1_1_1_1_1_1_2_0,11137.27966486886,3,7438,2018,"{""type"":""Point"",""coordinates"":[0.0,0.0]}"
1_1_1_1_1_1_1_2_1_1_1_1_1_1_2_1,2947038.7553866557,4,7438,2018,"{""type"":""Point"",""coordinates"":[0.0,0.0]}"
1_1_1_1_1_1_1_2_1_1_1_1_1_1_2_2,11237.484960086982,12,7438,2018,"{""type"":""Point"",""coordinates"":[0.0,0.0]}"
1_1_1_1_1_1_1_2_1_1_1_1_1_1_2_3,613443.7396355727,21,7438,2018,"{""type"":""Point"",""coordinates"":[0.0,0.0]}"
1_1_1_1_1_1_1_2_1_1_1_1_1_1_2_4,769.8434835011436,22,7438,2018,"{""type"":""Point"",""coordinates"":[0.0,0.0]}"
1_1_1_1_1_1_1_2_1_1_1_1_1_1_2_5,3048.1770060366193,29,7438,2018,"{""type"":""Point"",""coordinates"":[0.0,0.0]}"
1_1_1_1_1_1_1_2_1_1_1_1_1_1_2_6,4381.504845428468,33,7438,2018,"{""type"":""Point"",""coordinates"":[0.0,0.0]}"
1_1_1_1_1_1_1_2_1_1_1_1_1_2_0,9760.434275652986,3,7438,2019,"{""type"":""Point"",""coordinates"":[0.0,0.0]}"
1_1_1_1_1_1_1_2_1_1_1_1_1_2_1,3015218.8420239156,4,7438,2019,"{""type"":""Point"",""coordinates"":[0.0,0.0]}"
1_1_1_1_1_1_1_2_1_1_1_1_1_2_2,5044.667476619875,12,7438,2019,"{""type"":""Point"",""coordinates"":[0.0,0.0]}"
1_1_1_1_1_1_1_2_1_1_1_1_1_2_3,550972.0079090393,21,7438,2019,"{""type"":""Point"",""coordinates"":[0.0,0.0]}"
1_1_1_1_1_1_1_2_1_1_1_1_1_2_4,4125.2783000045,22,7438,2019,"{""type"":""Point"",""coordinates"":[0.0,0.0]}"
1_1_1_1_1_1_1_2_1_1_1_1_1_2_5,235.70552483520504,29,7438,2019,"{""type"":""Point"",""coordinates"":[0.0,0.0]}"
1_1_1_1_1_1_1_2_1_1_1_1_1_2_6,5699.849471984997,33,7438,2019,"{""type"":""Point"",""coordinates"":[0.0,0.0]}"
1_1_1_1_1_1_1_2_1_1_1_1_2_0,2125.2804687826924,3,7438,2020,"{""type"":""Point"",""coordinates"":[0.0,0.0]}"
1_1_1_1_1_1_1_2_1_1_1_1_2_1,3043634.75035201,4,7438,2020,"{""type"":""Point"",""coordinates"":[0.0,0.0]}"
1_1_1_1_1_1_1_2_1_1_1_1_2_2,1302.3263610462625,12,7438,2020,"{""type"":""Point"",""coordinates"":[0.0,0.0]}"
1_1_1_1_1_1_1_2_1_1_1_1_2_3,528519.7934816395,21,7438,2020,"{""type"":""Point"",""coordinates"":[0.0,0.0]}"
1_1_1_1_1_1_1_2_1_1_1_1_2_4,7605.166105899216,22,7438,2020,"{""type"":""Point"",""coordinates"":[0.0,0.0]}"
1_1_1_1_1_1_1_2_1_1_1_1_2_5,31.902936224365238,29,7438,2020,"{""type"":""Point"",""coordinates"":[0.0,0.0]}"
1_1_1_1_1_1_1_2_1_1_1_1_2_6,7837.565276409673,33,7438,2020,"{""type"":""Point"",""coordinates"":[0.0,0.0]}"
1_1_1_1_1_1_1_2_1_1_1_2_0,11054.002655564507,3,7438,2021,"{""type"":""Point"",""coordinates"":[0.0,0.0]}"
1_1_1_1_1_1_1_2_1_1_1_2_1,2982068.9807506115,4,7438,2021,"{""type"":""Point"",""coordinates"":[0.0,0.0]}"
1_1_1_1_1_1_1_2_1_1_1_2_2,3811.2909994799393,12,7438,2021,"{""type"":""Point"",""coordinates"":[0.0,0.0]}"
1_1_1_1_1_1_1_2_1_1_1_2_3,576686.9101721308,21,7438,2021,"{""type"":""Point"",""coordinates"":[0.0,0.0]}"
1_1_1_1_1_1_1_2_1_1_1_2_4,1442.0111297232595,22,7438,2021,"{""type"":""Point"",""coordinates"":[0.0,0.0]}"
1_1_1_1_1_1_1_2_1_1_1_2_5,8527.242591912738,29,7438,2021,"{""type"":""Point"",""coordinates"":[0.0,0.0]}"
1_1_1_1_1_1_1_2_1_1_1_2_6,7466.346682525626,33,7438,2021,"{""type"":""Point"",""coordinates"":[0.0,0.0]}"
1_1_1_1_1_1_1_2_1_1_2_0,8954.938205542674,3,7438,2022,"{""type"":""Point"",""coordinates"":[0.0,0.0]}"
1_1_1_1_1_1_1_2_1_1_2_1,2971987.22282681,4,7438,2022,"{""type"":""Point"",""coordinates"":[0.0,0.0]}"
1_1_1_1_1_1_1_2_1_1_2_2,3472.1207621933186,12,7438,2022,"{""type"":""Point"",""coordinates"":[0.0,0.0]}"
1_1_1_1_1_1_1_2_1_1_2_3,596559.0642682561,21,7438,2022,"{""type"":""Point"",""coordinates"":[0.0,0.0]}"
1_1_1_1_1_1_1_2_1_1_2_4,1670.823935336153,22,7438,2022,"{""type"":""Point"",""coordinates"":[0.0,0.0]}"
1_1_1_1_1_1_1_2_1_1_2_5,2493.1250863019413,29,7438,2022,"{""type"":""Point"",""coordinates"":[0.0,0.0]}"
1_1_1_1_1_1_1_2_1_1_2_6,5919.489897582992,33,7438,2022,"{""type"":""Point"",""coordinates"":[0.0,0.0]}"
1_1_1_1_1_1_1_2_1_2_0,15912.449590156515,3,7438,2023,"{""type"":""Point"",""coordinates"":[0.0,0.0]}"
1_1_1_1_1_1_1_2_1_2_1,2969012.796235199,4,7438,2023,"{""type"":""Point"",""coordinates"":[0.0,0.0]}"
1_1_1_1_1_1_1_2_1_2_2,3566.7429099210613,12,7438,2023,"{""type"":""Point"",""coordinates"":[0.0,0.0]}"
1_1_1_1_1_1_1_2_1_2_3,593251.0059412501,21,7438,2023,"{""type"":""Point"",""coordinates"":[0.0,0.0]}"
1_1_1_1_1_1_1_2_1_2_4,1247.1037182306031,22,7438,2023,"{""type"":""Point"",""coordinates"":[0.0,0.0]}"
1_1_1_1_1_1_1_2_1_2_5,1569.1076883376886,29,7438,2023,"{""type"":""Point"",""coordinates"":[0.0,0.0]}"
1_1_1_1_1_1_1_2_1_2_6,6497.578898986804,33,7438,2023,"{""type"":""Point"",""coordinates"":[0.0,0.0]}"
1_1_1_1_1_1_1_2_2_0,38399.66808622801,3,7438,2024,"{""type"":""Point"",""coordinates"":[0.0,0.0]}"
1_1_1_1_1_1_1_2_2_1,2978868.8814849234,4,7438,2024,"{""type"":""Point"",""coordinates"":[0.0,0.0]}"
1_1_1_1_1_1_1_2_2_2,1084.849897689831,12,7438,2024,"{""type"":""Point"",""coordinates"":[0.0,0.0]}"
1_1_1_1_1_1_1_2_2_3,563410.2022041263,21,7438,2024,"{""type"":""Point"",""coordinates"":[0.0,0.0]}"
1_1_1_1_1_1_1_2_2_4,647.783437866618,22,7438,2024,"{""type"":""Point"",""coordinates"":[0.0,0.0]}"
1_1_1_1_1_1_1_2_2_5,150.39032241234875,29,7438,2024,"{""type"":""Point"",""coordinates"":[0.0,0.0]}"
1_1_1_1_1_1_1_2_2_6,8495.00954891358,33,7438,2024,"{""type"":""Point"",""coordinates"":[0.0,0.0]}"
1_1_1_1_1_1_2_1_1_1_1_1_1_1_1_2_0,37434.15445452365,3,763,2016,"{""type"":""Point"",""coordinates"":[0.0,0.0]}"
1_1_1_1_1_1_2_1_1_1_1_1_1_1_1_2_1,2674644.0706049814,4,763,2016,"{""type"":""Point"",""coordinates"":[0.0,0.0]}"
1_1_1_1_1_1_2_1_1_1_1_1_1_1_1_2_2,9975.189779340677,12,763,2016,"{""type"":""Point"",""coordinates"":[0.0,0.0]}"
1_1_1_1_1_1_2_1_1_1_1_1_1_1_1_2_3,1100437.9095122144,21,763,2016,"{""type"":""Point"",""coordinates"":[0.0,0.0]}"
1_1_1_1_1_1_2_1_1_1_1_1_1_1_1_2_4,2643.1239131389552,22,763,2016,"{""type"":""Point"",""coordinates"":[0.0,0.0]}"
1_1_1_1_1_1_2_1_1_1_1_1_1_1_1_2_5,702.507705084683,29,763,2016,"{""type"":""Point"",""coordinates"":[0.0,0.0]}"
1_1_1_1_1_1_2_1_1_1_1_1_1_1_1_2_6,17051.166366807425,33,763,2016,"{""type"":""Point"",""coordinates"":[0.0,0.0]}"
1_1_1_1_1_1_2_1_1_1_1_1_1_1_2_0,24313.27479602616,3,763,2017,"{""type"":""Point"",""coordinates"":[0.0,0.0]}"
1_1_1_1_1_1_2_1_1_1_1_1_1_1_2_1,2699154.265802301,4,763,2017,"{""type"":""Point"",""coordinates"":[0.0,0.0]}"
1_1_1_1_1_1_2_1_1_1_1_1_1_1_2_2,8824.166875030993,12,763,2017,"{""type"":""Point"",""coordinates"":[0.0,0.0]}"
1_1_1_1_1_1_2_1_1_1_1_1_1_1_2_3,1090221.707813953,21,763,2017,"{""type"":""Point"",""coordinates"":[0.0,0.0]}"
1_1_1_1_1_1_2_1_1_1_1_1_1_1_2_4,2272.9258944082026,22,763,2017,"{""type"":""Point"",""coordinates"":[0.0,0.0]}"
1_1_1_1_1_1_2_1_1_1_1_1_1_1_2_5,1081.7043257529822,29,763,2017,"{""type"":""Point"",""coordinates"":[0.0,0.0]}"
1_1_1_1_1_1_2_1_1_1_1_1_1_1_2_6,17020.076828588783,33,763,2017,"{""type"":""Point"",""coordinates"":[0.0,0.0]}"
1_1_1_1_1_1_2_1_1_1_1_1_1_2_0,39389.5206910321,3,763,2018,"{""type"":""Point"",""coordinates"":[0.0,0.0]}"
1_1_1_1_1_1_2_1_1_1_1_1_1_2_1,2679214.4030161025,4,763,2018,"{""type"":""Point"",""coordinates"":[0.0,0.0]}"
1_1_1_1_1_1_2_1_1_1_1_1_1_2_2,12125.71259483932,12,763,2018,"{""type"":""Point"",""coordinates"":[0.0,0.0]}"
1_1_1_1_1_1_2_1_1_1_1_1_1_2_3,1091813.6517171261,21,763,2018,"{""type"":""Point"",""coordinates"":[0.0,0.0]}"
1_1_1_1_1_1_2_1_1_1_1_1_1_2_4,745.682667168543,22,763,2018,"{""type"":""Point"",""coordinates"":[0.0,0.0]}"
1_1_1_1_1_1_2_1_1_1_1_1_1_2_5,728.1185708866852,29,763,2018,"{""type"":""Point"",""coordinates"":[0.0,0.0]}"
1_1_1_1_1_1_2_1_1_1_1_1_1_2_6,18871.033078821903,33,763,2018,"{""type"":""Point"",""coordinates"":[0.0,0.0]}"
1_1_1_1_1_1_2_1_1_1_1_1_2_0,25866.64358764323,3,763,2019,"{""type"":""Point"",""coordinates"":[0.0,0.0]}"
1_1_1_1_1_1_2_1_1_1_1_1_2_1,2683754.1032859134,4,763,2019,"{""type"":""Point"",""coordinates"":[0.0,0.0]}"
1_1_1_1_1_1_2_1_1_1_1_1_2_2,16193.098053733505,12,763,2019,"{""type"":""Point"",""coordinates"":[0.0,0.0]}"
1_1_1_1_1_1_2_1_1_1_1_1_2_3,1094799.216869973,21,763,2019,"{""type"":""Point"",""coordinates"":[0.0,0.0]}"
1_1_1_1_1_1_2_1_1_1_1_1_2_4,2545.675610097682,22,763,2019,"{""type"":""Point"",""coordinates"":[0.0,0.0]}"
1_1_1_1_1_1_2_1_1_1_1_1_2_5,384.8507059559061,29,763,2019,"{""type"":""Point"",""coordinates"":[0.0,0.0]}"
1_1_1_1_1_1_2_1_1_1_1_1_2_6,19344.534222628114,33,763,2019,"{""type"":""Point"",""coordinates"":[0.0,0.0]}"
1_1_1_1_1_1_2_1_1_1_1_2_0,37551.92086398311,3,763,2020,"{""type"":""Point"",""coordinates"":[0.0,0.0]}"
1_1_1_1_1_1_2_1_1_1_1_2_1,2717387.4583519143,4,763,2020,"{""type"":""Point"",""coordinates"":[0.0,0.0]}"
1_1_1_1_1_1_2_1_1_1_1_2_2,17662.166328329065,12,763,2020,"{""type"":""Point"",""coordinates"":[0.0,0.0]}"
1_1_1_1_1_1_2_1_1_1_1_2_3,1046136.9238084232,21,763,2020,"{""type"":""Point"",""coordinates"":[0.0,0.0]}"
1_1_1_1_1_1_2_1_1_1_1_2_4,3411.808074136868,22,763,2020,"{""type"":""Point"",""coordinates"":[0.0,0.0]}"
1_1_1_1_1_1_2_1_1_1_1_2_5,260.0776194931449,29,763,2020,"{""type"":""Point"",""coordinates"":[0.0,0.0]}"
1_1_1_1_1_1_2_1_1_1_1_2_6,20477.767290467913,33,763,2020,"{""type"":""Point"",""coordinates"":[0.0,0.0]}"
1_1_1_1_1_1_2_1_1_1_2_0,27443.402795291044,3,763,2021,"{""type"":""Point"",""coordinates"":[0.0,0.0]}"
1_1_1_1_1_1_2_1_1_1_2_1,2765785.7442109818,4,763,2021,"{""type"":""Point"",""coordinates"":[0.0,0.0]}"
1_1_1_1_1_1_2_1_1_1_2_2,18188.972127934867,12,763,2021,"{""type"":""Point"",""coordinates"":[0.0,0.0]}"
1_1_1_1_1_1_2_1_1_1_2_3,1008495.468379393,21,763,2021,"{""type"":""Point"",""coordinates"":[0.0,0.0]}"
1_1_1_1_1_1_2_1_1_1_2_4,4479.073286405942,22,763,2021,"{""type"":""Point"",""coordinates"":[0.0,0.0]}"
1_1_1_1_1_1_2_1_1_1_2_5,243.9125189048618,29,763,2021,"{""type"":""Point"",""coordinates"":[0.0,0.0]}"
1_1_1_1_1_1_2_1_1_1_2_6,18251.54901854438,33,763,2021,"{""type"":""Point"",""coordinates"":[0.0,0.0]}"
1_1_1_1_1_1_2_1_1_2_0,21402.90509073201,3,763,2022,"{""type"":""Point"",""coordinates"":[0.0,0.0]}"
1_1_1_1_1_1_2_1_1_2_1,2782865.036005006,4,763,2022,"{""type"":""Point"",""coordinates"":[0.0,0.0]}"
1_1_1_1_1_1_2_1_1_2_2,22916.031819430696,12,763,2022,"{""type"":""Point"",""coordinates"":[0.0,0.0]}"
1_1_1_1_1_1_2_1_1_2_3,989290.3540988378,21,763,2022,"{""type"":""Point"",""coordinates"":[0.0,0.0]}"
1_1_1_1_1_1_2_1_1_2_4,3616.1687078398054,22,763,2022,"{""type"":""Point"",""coordinates"":[0.0,0.0]}"
1_1_1_1_1_1_2_1_1_2_5,396.6291062908815,29,763,2022,"{""type"":""Point"",""coordinates"":[0.0,0.0]}"
1_1_1_1_1_1_2_1_1_2_6,22400.997507621018,33,763,2022,"{""type"":""Point"",""coordinates"":[0.0,0.0]}"
1_1_1_1_1_1_2_1_2_0,29549.861908911535,3,763,2023,"{""type"":""Point"",""coordinates"":[0.0,0.0]}"
1_1_1_1_1_1_2_1_2_1,2756697.5114949886,4,763,2023,"{""type"":""Point"",""coordinates"":[0.0,0.0]}"
1_1_1_1_1_1_2_1_2_2,23352.134825457568,12,763,2023,"{""type"":""Point"",""coordinates"":[0.0,0.0]}"
1_1_1_1_1_1_2_1_2_3,1011426.044391301,21,763,2023,"{""type"":""Point"",""coordinates"":[0.0,0.0]}"
1_1_1_1_1_1_2_1_2_4,1104.0570225783406,22,763,2023,"{""type"":""Point"",""coordinates"":[0.0,0.0]}"
1_1_1_1_1_1_2_1_2_5,882.6989909738339,29,763,2023,"{""type"":""Point"",""coordinates"":[0.0,0.0]}"
1_1_1_1_1_1_2_1_2_6,19875.81370181425,33,763,2023,"{""type"":""Point"",""coordinates"":[0.0,0.0]}"
1_1_1_1_1_1_2_2_0,38981.82666954461,3,763,2024,"{""type"":""Point"",""coordinates"":[0.0,0.0]}"
1_1_1_1_1_1_2_2_1,2690106.068523517,4,763,2024,"{""type"":""Point"",""coordinates"":[0.0,0.0]}"
1_1_1_1_1_1_2_2_2,12117.785121249253,12,763,2024,"{""type"":""Point"",""coordinates"":[0.0,0.0]}"
1_1_1_1_1_1_2_2_3,1079720.0822189052,21,763,2024,"{""type"":""Point"",""coordinates"":[0.0,0.0]}"
1_1_1_1_1_1_2_2_4,913.2734381700943,22,763,2024,"{""type"":""Point"",""coordinates"":[0.0,0.0]}"
1_1_1_1_1_1_2_2_5,291.36235125332695,29,763,2024,"{""type"":""Point"",""coordinates"":[0.0,0.0]}"
1_1_1_1_1_1_2_2_6,20757.724013273495,33,763,2024,"{""type"":""Point"",""coordinates"":[0.0,0.0]}"
1_1_1_1_1_2_1_1_1_1_1_1_1_1_2_0,5415.26394157127,3,7591,2016,"{""type"":""Point"",""coordinates"":[0.0,0.0]}"
1_1_1_1_1_2_1_1_1_1_1_1_1_1_2_1,80981.4777862309,4,7591,2016,"{""type"":""Point"",""coordinates"":[0.0,0.0]}"
1_1_1_1_1_2_1_1_1_1_1_1_1_1_2_2,0.6187121459960937,12,7591,2016,"{""type"":""Point"",""coordinates"":[0.0,0.0]}"
1_1_1_1_1_2_1_1_1_1_1_1_1_1_2_3,320145.1167164024,21,7591,2016,"{""type"":""Point"",""coordinates"":[0.0,0.0]}"
1_1_1_1_1_2_1_1_1_1_1_1_1_1_2_4,166.7879248097378,22,7591,2016,"{""type"":""Point"",""coordinates"":[0.0,0.0]}"
1_1_1_1_1_2_1_1_1_1_1_1_1_1_2_5,1.0614987792968749,29,7591,2016,"{""type"":""Point"",""coordinates"":[0.0,0.0]}"
1_1_1_1_1_2_1_1_1_1_1_1_1_1_2_6,1793.908803503611,33,7591,2016,"{""type"":""Point"",""coordinates"":[0.0,0.0]}"
1_1_1_1_1_2_1_1_1_1_1_1_1_2_0,1625.4951659422584,3,7591,2017,"{""type"":""Point"",""coordinates"":[0.0,0.0]}"
1_1_1_1_1_2_1_1_1_1_1_1_1_2_1,88463.1467582952,4,7591,2017,"{""type"":""Point"",""coordinates"":[0.0,0.0]}"
1_1_1_1_1_2_1_1_1_1_1_1_1_2_2,3.002910137939453,12,7591,2017,"{""type"":""Point"",""coordinates"":[0.0,0.0]}"
1_1_1_1_1_2_1_1_1_1_1_1_1_2_3,317460.6393676892,21,7591,2017,"{""type"":""Point"",""coordinates"":[0.0,0.0]}"
1_1_1_1_1_2_1_1_1_1_1_1_1_2_4,46.02828021357518,22,7591,2017,"{""type"":""Point"",""coordinates"":[0.0,0.0]}"
1_1_1_1_1_2_1_1_1_1_1_1_1_2_5,905.9229011653659,33,7591,2017,"{""type"":""Point"",""coordinates"":[0.0,0.0]}"
1_1_1_1_1_2_1_1_1_1_1_1_2_0,1399.9068315705695,3,7591,2018,"{""type"":""Point"",""coordinates"":[0.0,0.0]}"
1_1_1_1_1_2_1_1_1_1_1_1_2_1,91057.76801976623,4,7591,2018,"{""type"":""Point"",""coordinates"":[0.0,0.0]}"
1_1_1_1_1_2_1_1_1_1_1_1_2_2,4.511994067382812,12,7591,2018,"{""type"":""Point"",""coordinates"":[0.0,0.0]}"
1_1_1_1_1_2_1_1_1_1_1_1_2_3,314059.94496215624,21,7591,2018,"{""type"":""Point"",""coordinates"":[0.0,0.0]}"
1_1_1_1_1_2_1_1_1_1_1_1_2_4,189.66721319800274,22,7591,2018,"{""type"":""Point"",""coordinates"":[0.0,0.0]}"
1_1_1_1_1_2_1_1_1_1_1_1_2_5,1792.436362683262,33,7591,2018,"{""type"":""Point"",""coordinates"":[0.0,0.0]}"
1_1_1_1_1_2_1_1_1_1_1_2_0,3288.7715280716975,3,7591,2019,"{""type"":""Point"",""coordinates"":[0.0,0.0]}"
1_1_1_1_1_2_1_1_1_1_1_2_1,98653.28689604397,4,7591,2019,"{""type"":""Point"",""coordinates"":[0.0,0.0]}"
1_1_1_1_1_2_1_1_1_1_1_2_2,17.626189115253528,12,7591,2019,"{""type"":""Point"",""coordinates"":[0.0,0.0]}"
1_1_1_1_1_2_1_1_1_1_1_2_3,304553.6072323763,21,7591,2019,"{""type"":""Point"",""coordinates"":[0.0,0.0]}"
1_1_1_1_1_2_1_1_1_1_1_2_4,441.19532026218786,22,7591,2019,"{""type"":""Point"",""coordinates"":[0.0,0.0]}"
1_1_1_1_1_2_1_1_1_1_1_2_5,1.4146691101074218,29,7591,2019,"{""type"":""Point"",""coordinates"":[0.0,0.0]}"
1_1_1_1_1_2_1_1_1_1_1_2_6,1548.3335484604534,33,7591,2019,"{""type"":""Point"",""coordinates"":[0.0,0.0]}"
1_1_1_1_1_2_1_1_1_1_2_0,1581.3274769772052,3,7591,2020,"{""type"":""Point"",""coordinates"":[0.0,0.0]}"
1_1_1_1_1_2_1_1_1_1_2_1,100237.31196492769,4,7591,2020,"{""type"":""Point"",""coordinates"":[0.0,0.0]}"
1_1_1_1_1_2_1_1_1_1_2_2,14.237791204833982,12,7591,2020,"{""type"":""Point"",""coordinates"":[0.0,0.0]}"
1_1_1_1_1_2_1_1_1_1_2_3,305035.4488542118,21,7591,2020,"{""type"":""Point"",""coordinates"":[0.0,0.0]}"
1_1_1_1_1_2_1_1_1_1_2_4,292.64047884473626,22,7591,2020,"{""type"":""Point"",""coordinates"":[0.0,0.0]}"
1_1_1_1_1_2_1_1_1_1_2_5,1343.2688172792452,33,7591,2020,"{""type"":""Point"",""coordinates"":[0.0,0.0]}"
1_1_1_1_1_2_1_1_1_2_0,1738.4132961737464,3,7591,2021,"{""type"":""Point"",""coordinates"":[0.0,0.0]}"
1_1_1_1_1_2_1_1_1_2_1,93475.41406096339,4,7591,2021,"{""type"":""Point"",""coordinates"":[0.0,0.0]}"
1_1_1_1_1_2_1_1_1_2_2,11.318488323974607,12,7591,2021,"{""type"":""Point"",""coordinates"":[0.0,0.0]}"
1_1_1_1_1_2_1_1_1_2_3,311160.2675032734,21,7591,2021,"{""type"":""Point"",""coordinates"":[0.0,0.0]}"
1_1_1_1_1_2_1_1_1_2_4,239.09545863800656,22,7591,2021,"{""type"":""Point"",""coordinates"":[0.0,0.0]}"
1_1_1_1_1_2_1_1_1_2_5,0.17631190795898438,29,7591,2021,"{""type"":""Point"",""coordinates"":[0.0,0.0]}"
1_1_1_1_1_2_1_1_1_2_6,1879.550264160099,33,7591,2021,"{""type"":""Point"",""coordinates"":[0.0,0.0]}"
1_1_1_1_1_2_1_1_2_0,1780.927002925594,3,7591,2022,"{""type"":""Point"",""coordinates"":[0.0,0.0]}"
1_1_1_1_1_2_1_1_2_1,92115.58154795926,4,7591,2022,"{""type"":""Point"",""coordinates"":[0.0,0.0]}"
1_1_1_1_1_2_1_1_2_2,0.8827060424804688,12,7591,2022,"{""type"":""Point"",""coordinates"":[0.0,0.0]}"
1_1_1_1_1_2_1_1_2_3,312919.87189794256,21,7591,2022,"{""type"":""Point"",""coordinates"":[0.0,0.0]}"
1_1_1_1_1_2_1_1_2_4,298.7829107940073,22,7591,2022,"{""type"":""Point"",""coordinates"":[0.0,0.0]}"
1_1_1_1_1_2_1_1_2_5,0.44203865356445315,29,7591,2022,"{""type"":""Point"",""coordinates"":[0.0,0.0]}"
1_1_1_1_1_2_1_1_2_6,1387.7472791222922,33,7591,2022,"{""type"":""Point"",""coordinates"":[0.0,0.0]}"
1_1_1_1_1_2_1_2_0,2746.300985449344,3,7591,2023,"{""type"":""Point"",""coordinates"":[0.0,0.0]}"
1_1_1_1_1_2_1_2_1,92869.56220177753,4,7591,2023,"{""type"":""Point"",""coordinates"":[0.0,0.0]}"
1_1_1_1_1_2_1_2_2,4.769201959228516,12,7591,2023,"{""type"":""Point"",""coordinates"":[0.0,0.0]}"
1_1_1_1_1_2_1_2_3,308861.4630985841,21,7591,2023,"{""type"":""Point"",""coordinates"":[0.0,0.0]}"
1_1_1_1_1_2_1_2_4,1509.255225887429,22,7591,2023,"{""type"":""Point"",""coordinates"":[0.0,0.0]}"
1_1_1_1_1_2_1_2_5,2512.884669775455,33,7591,2023,"{""type"":""Point"",""coordinates"":[0.0,0.0]}"
1_1_1_1_1_2_2_0,2027.3114069705757,3,7591,2024,"{""type"":""Point"",""coordinates"":[0.0,0.0]}"
1_1_1_1_1_2_2_1,97526.25796436478,4,7591,2024,"{""type"":""Point"",""coordinates"":[0.0,0.0]}"
1_1_1_1_1_2_2_2,18.6412712606991,12,7591,2024,"{""type"":""Point"",""coordinates"":[0.0,0.0]}"
1_1_1_1_1_2_2_3,294970.7632539785,21,7591,2024,"{""type"":""Point"",""coordinates"":[0.0,0.0]}"
1_1_1_1_1_2_2_4,339.54845820269384,22,7591,2024,"{""type"":""Point"",""coordinates"":[0.0,0.0]}"
1_1_1_1_1_2_2_5,13621.71302867965,33,7591,2024,"{""type"":""Point"",""coordinates"":[0.0,0.0]}"
1_1_1_1_2_1_1_1_1_1_1_1_1_2_0,3458.784955515607,3,7592,2016,"{""type"":""Point"",""coordinates"":[0.0,0.0]}"
1_1_1_1_2_1_1_1_1_1_1_1_1_2_1,451117.0790814525,4,7592,2016,"{""type"":""Point"",""coordinates"":[0.0,0.0]}"
1_1_1_1_2_1_1_1_1_1_1_1_1_2_2,0.2654159423828125,12,7592,2016,"{""type"":""Point"",""coordinates"":[0.0,0.0]}"
1_1_1_1_2_1_1_1_1_1_1_1_1_2_3,532710.1123710618,21,7592,2016,"{""type"":""Point"",""coordinates"":[0.0,0.0]}"
1_1_1_1_2_1_1_1_1_1_1_1_1_2_4,198.29669462316176,22,7592,2016,"{""type"":""Point"",""coordinates"":[0.0,0.0]}"
1_1_1_1_2_1_1_1_1_1_1_1_1_2_5,0.35398033447265626,29,7592,2016,"{""type"":""Point"",""coordinates"":[0.0,0.0]}"
1_1_1_1_2_1_1_1_1_1_1_1_1_2_6,167.62830205798582,33,7592,2016,"{""type"":""Point"",""coordinates"":[0.0,0.0]}"
1_1_1_1_2_1_1_1_1_1_1_1_2_0,1502.7864402646003,3,7592,2017,"{""type"":""Point"",""coordinates"":[0.0,0.0]}"
1_1_1_1_2_1_1_1_1_1_1_1_2_1,459190.40457186144,4,7592,2017,"{""type"":""Point"",""coordinates"":[0.0,0.0]}"
1_1_1_1_2_1_1_1_1_1_1_1_2_2,0.26562479858398436,12,7592,2017,"{""type"":""Point"",""coordinates"":[0.0,0.0]}"
1_1_1_1_2_1_1_1_1_1_1_1_2_3,526775.0241288516,21,7592,2017,"{""type"":""Point"",""coordinates"":[0.0,0.0]}"
1_1_1_1_2_1_1_1_1_1_1_1_2_4,10.796958831787109,22,7592,2017,"{""type"":""Point"",""coordinates"":[0.0,0.0]}"
1_1_1_1_2_1_1_1_1_1_1_1_2_5,173.2430763865991,33,7592,2017,"{""type"":""Point"",""coordinates"":[0.0,0.0]}"
1_1_1_1_2_1_1_1_1_1_1_2_0,425.28288137252446,3,7592,2018,"{""type"":""Point"",""coordinates"":[0.0,0.0]}"
1_1_1_1_2_1_1_1_1_1_1_2_1,465484.313768689,4,7592,2018,"{""type"":""Point"",""coordinates"":[0.0,0.0]}"
1_1_1_1_2_1_1_1_1_1_1_2_2,1.6820768005371094,12,7592,2018,"{""type"":""Point"",""coordinates"":[0.0,0.0]}"
1_1_1_1_2_1_1_1_1_1_1_2_3,519893.8185104778,21,7592,2018,"{""type"":""Point"",""coordinates"":[0.0,0.0]}"
1_1_1_1_2_1_1_1_1_1_1_2_4,1088.4053077330836,22,7592,2018,"{""type"":""Point"",""coordinates"":[0.0,0.0]}"
1_1_1_1_2_1_1_1_1_1_1_2_5,759.0182559093033,33,7592,2018,"{""type"":""Point"",""coordinates"":[0.0,0.0]}"
1_1_1_1_2_1_1_1_1_1_2_0,1286.453469817519,3,7592,2019,"{""type"":""Point"",""coordinates"":[0.0,0.0]}"
1_1_1_1_2_1_1_1_1_1_2_1,470995.6710444205,4,7592,2019,"{""type"":""Point"",""coordinates"":[0.0,0.0]}"
1_1_1_1_2_1_1_1_1_1_2_2,4.692385284423828,12,7592,2019,"{""type"":""Point"",""coordinates"":[0.0,0.0]}"
1_1_1_1_2_1_1_1_1_1_2_3,514303.31514359365,21,7592,2019,"{""type"":""Point"",""coordinates"":[0.0,0.0]}"
1_1_1_1_2_1_1_1_1_1_2_4,185.5666757551127,22,7592,2019,"{""type"":""Point"",""coordinates"":[0.0,0.0]}"
1_1_1_1_2_1_1_1_1_1_2_5,117.39283446655271,29,7592,2019,"{""type"":""Point"",""coordinates"":[0.0,0.0]}"
1_1_1_1_2_1_1_1_1_1_2_6,759.4292476366466,33,7592,2019,"{""type"":""Point"",""coordinates"":[0.0,0.0]}"
1_1_1_1_2_1_1_1_1_2_0,959.9140289181393,3,7592,2020,"{""type"":""Point"",""coordinates"":[0.0,0.0]}"
1_1_1_1_2_1_1_1_1_2_1,478017.62278872763,4,7592,2020,"{""type"":""Point"",""coordinates"":[0.0,0.0]}"
1_1_1_1_2_1_1_1_1_2_2,8.318697052001951,12,7592,2020,"{""type"":""Point"",""coordinates"":[0.0,0.0]}"
1_1_1_1_2_1_1_1_1_2_3,507676.7627790916,21,7592,2020,"{""type"":""Point"",""coordinates"":[0.0,0.0]}"
1_1_1_1_2_1_1_1_1_2_4,93.22918198115329,22,7592,2020,"{""type"":""Point"",""coordinates"":[0.0,0.0]}"
1_1_1_1_2_1_1_1_1_2_5,4.250426354980469,29,7592,2020,"{""type"":""Point"",""coordinates"":[0.0,0.0]}"
1_1_1_1_2_1_1_1_1_2_6,892.4228988342273,33,7592,2020,"{""type"":""Point"",""coordinates"":[0.0,0.0]}"
1_1_1_1_2_1_1_1_2_0,2463.372296601313,3,7592,2021,"{""type"":""Point"",""coordinates"":[0.0,0.0]}"
1_1_1_1_2_1_1_1_2_1,476138.9029993035,4,7592,2021,"{""type"":""Point"",""coordinates"":[0.0,0.0]}"
1_1_1_1_2_1_1_1_2_2,27.78445989379882,12,7592,2021,"{""type"":""Point"",""coordinates"":[0.0,0.0]}"
1_1_1_1_2_1_1_1_2_3,505497.2851296972,21,7592,2021,"{""type"":""Point"",""coordinates"":[0.0,0.0]}"
1_1_1_1_2_1_1_1_2_4,334.99460738680955,22,7592,2021,"{""type"":""Point"",""coordinates"":[0.0,0.0]}"
1_1_1_1_2_1_1_1_2_5,0.08857774658203126,29,7592,2021,"{""type"":""Point"",""coordinates"":[0.0,0.0]}"
1_1_1_1_2_1_1_1_2_6,3190.0927303537283,33,7592,2021,"{""type"":""Point"",""coordinates"":[0.0,0.0]}"
1_1_1_1_2_1_1_2_0,694.5371230264554,3,7592,2022,"{""type"":""Point"",""coordinates"":[0.0,0.0]}"
1_1_1_1_2_1_1_2_1,481738.0475549713,4,7592,2022,"{""type"":""Point"",""coordinates"":[0.0,0.0]}"
1_1_1_1_2_1_1_2_2,3.7182030212402344,12,7592,2022,"{""type"":""Point"",""coordinates"":[0.0,0.0]}"
1_1_1_1_2_1_1_2_3,503181.6213169965,21,7592,2022,"{""type"":""Point"",""coordinates"":[0.0,0.0]}"
1_1_1_1_2_1_1_2_4,181.43377016527364,22,7592,2022,"{""type"":""Point"",""coordinates"":[0.0,0.0]}"
1_1_1_1_2_1_1_2_5,71.88011492309569,29,7592,2022,"{""type"":""Point"",""coordinates"":[0.0,0.0]}"
1_1_1_1_2_1_1_2_6,1781.282717861039,33,7592,2022,"{""type"":""Point"",""coordinates"":[0.0,0.0]}"
1_1_1_1_2_1_2_0,2148.8279069439964,3,7592,2023,"{""type"":""Point"",""coordinates"":[0.0,0.0]}"
1_1_1_1_2_1_2_1,493264.659543455,4,7592,2023,"{""type"":""Point"",""coordinates"":[0.0,0.0]}"
1_1_1_1_2_1_2_2,10.003013500976559,12,7592,2023,"{""type"":""Point"",""coordinates"":[0.0,0.0]}"
1_1_1_1_2_1_2_3,488873.80255102465,21,7592,2023,"{""type"":""Point"",""coordinates"":[0.0,0.0]}"
1_1_1_1_2_1_2_4,1090.1407062970102,22,7592,2023,"{""type"":""Point"",""coordinates"":[0.0,0.0]}"
1_1_1_1_2_1_2_5,5.844051586914062,29,7592,2023,"{""type"":""Point"",""coordinates"":[0.0,0.0]}"
1_1_1_1_2_1_2_6,2259.2430281758816,33,7592,2023,"{""type"":""Point"",""coordinates"":[0.0,0.0]}"
1_1_1_1_2_2_0,3568.449486562137,3,7592,2024,"{""type"":""Point"",""coordinates"":[0.0,0.0]}"
1_1_1_1_2_2_1,491436.6855979955,4,7592,2024,"{""type"":""Point"",""coordinates"":[0.0,0.0]}"
1_1_1_1_2_2_2,2.3897659118652346,12,7592,2024,"{""type"":""Point"",""coordinates"":[0.0,0.0]}"
1_1_1_1_2_2_3,489628.617557138,21,7592,2024,"{""type"":""Point"",""coordinates"":[0.0,0.0]}"
1_1_1_1_2_2_4,599.3759530032648,22,7592,2024,"{""type"":""Point"",""coordinates"":[0.0,0.0]}"
1_1_1_1_2_2_5,2417.002440361799,33,7592,2024,"{""type"":""Point"",""coordinates"":[0.0,0.0]}"
1_1_1_2_1_1_1_1_1_1_1_1_2_0,6866.392075182976,3,7622,2016,"{""type"":""Point"",""coordinates"":[0.0,0.0]}"
1_1_1_2_1_1_1_1_1_1_1_1_2_1,1376564.7524221453,4,7622,2016,"{""type"":""Point"",""coordinates"":[0.0,0.0]}"
1_1_1_2_1_1_1_1_1_1_1_1_2_2,532.5829411949484,12,7622,2016,"{""type"":""Point"",""coordinates"":[0.0,0.0]}"
1_1_1_2_1_1_1_1_1_1_1_1_2_3,291942.05053803767,21,7622,2016,"{""type"":""Point"",""coordinates"":[0.0,0.0]}"
1_1_1_2_1_1_1_1_1_1_1_1_2_4,1934.2959340600592,22,7622,2016,"{""type"":""Point"",""coordinates"":[0.0,0.0]}"
1_1_1_2_1_1_1_1_1_1_1_1_2_5,16.666364122290517,29,7622,2016,"{""type"":""Point"",""coordinates"":[0.0,0.0]}"
1_1_1_2_1_1_1_1_1_1_1_1_2_6,1661.4234843824422,33,7622,2016,"{""type"":""Point"",""coordinates"":[0.0,0.0]}"
1_1_1_2_1_1_1_1_1_1_1_2_0,29509.26097989608,3,7622,2017,"{""type"":""Point"",""coordinates"":[0.0,0.0]}"
1_1_1_2_1_1_1_1_1_1_1_2_1,1359165.6629200506,4,7622,2017,"{""type"":""Point"",""coordinates"":[0.0,0.0]}"
1_1_1_2_1_1_1_1_1_1_1_2_2,83.71353503820083,12,7622,2017,"{""type"":""Point"",""coordinates"":[0.0,0.0]}"
1_1_1_2_1_1_1_1_1_1_1_2_3,288479.5298766924,21,7622,2017,"{""type"":""Point"",""coordinates"":[0.0,0.0]}"
1_1_1_2_1_1_1_1_1_1_1_2_4,927.0812345885527,22,7622,2017,"{""type"":""Point"",""coordinates"":[0.0,0.0]}"
1_1_1_2_1_1_1_1_1_1_1_2_5,75.42840005701396,29,7622,2017,"{""type"":""Point"",""coordinates"":[0.0,0.0]}"
1_1_1_2_1_1_1_1_1_1_1_2_6,1277.4868128523053,33,7622,2017,"{""type"":""Point"",""coordinates"":[0.0,0.0]}"
1_1_1_2_1_1_1_1_1_1_2_0,15687.191647493386,3,7622,2018,"{""type"":""Point"",""coordinates"":[0.0,0.0]}"
1_1_1_2_1_1_1_1_1_1_2_1,1371412.3679109125,4,7622,2018,"{""type"":""Point"",""coordinates"":[0.0,0.0]}"
1_1_1_2_1_1_1_1_1_1_2_2,236.14682201791808,12,7622,2018,"{""type"":""Point"",""coordinates"":[0.0,0.0]}"
1_1_1_2_1_1_1_1_1_1_2_3,288389.2698255799,21,7622,2018,"{""type"":""Point"",""coordinates"":[0.0,0.0]}"
1_1_1_2_1_1_1_1_1_1_2_4,1854.379888342602,22,7622,2018,"{""type"":""Point"",""coordinates"":[0.0,0.0]}"
1_1_1_2_1_1_1_1_1_1_2_5,112.96312587713498,29,7622,2018,"{""type"":""Point"",""coordinates"":[0.0,0.0]}"
1_1_1_2_1_1_1_1_1_1_2_6,1825.8445388908121,33,7622,2018,"{""type"":""Point"",""coordinates"":[0.0,0.0]}"
1_1_1_2_1_1_1_1_1_2_0,12555.074031848617,3,7622,2019,"{""type"":""Point"",""coordinates"":[0.0,0.0]}"
1_1_1_2_1_1_1_1_1_2_1,1362195.6318003787,4,7622,2019,"{""type"":""Point"",""coordinates"":[0.0,0.0]}"
1_1_1_2_1_1_1_1_1_2_2,68.40921337318568,12,7622,2019,"{""type"":""Point"",""coordinates"":[0.0,0.0]}"
1_1_1_2_1_1_1_1_1_2_3,300773.4826342525,21,7622,2019,"{""type"":""Point"",""coordinates"":[0.0,0.0]}"
1_1_1_2_1_1_1_1_1_2_4,1801.21070558732,22,7622,2019,"{""type"":""Point"",""coordinates"":[0.0,0.0]}"
1_1_1_2_1_1_1_1_1_2_5,123.87434536420018,29,7622,2019,"{""type"":""Point"",""coordinates"":[0.0,0.0]}"
1_1_1_2_1_1_1_1_1_2_6,2000.4810283293832,33,7622,2019,"{""type"":""Point"",""coordinates"":[0.0,0.0]}"
1_1_1_2_1_1_1_1_2_0,11095.834497557897,3,7622,2020,"{""type"":""Point"",""coordinates"":[0.0,0.0]}"
1_1_1_2_1_1_1_1_2_1,1357245.9353804823,4,7622,2020,"{""type"":""Point"",""coordinates"":[0.0,0.0]}"
1_1_1_2_1_1_1_1_2_2,189.0719140875366,12,7622,2020,"{""type"":""Point"",""coordinates"":[0.0,0.0]}"
1_1_1_2_1_1_1_1_2_3,306723.5086744047,21,7622,2020,"{""type"":""Point"",""coordinates"":[0.0,0.0]}"
1_1_1_2_1_1_1_1_2_4,1940.5292947712023,22,7622,2020,"{""type"":""Point"",""coordinates"":[0.0,0.0]}"
1_1_1_2_1_1_1_1_2_5,44.40619753032608,29,7622,2020,"{""type"":""Point"",""coordinates"":[0.0,0.0]}"
1_1_1_2_1_1_1_1_2_6,2278.8778003095817,33,7622,2020,"{""type"":""Point"",""coordinates"":[0.0,0.0]}"
1_1_1_2_1_1_1_2_0,18051.89647554661,3,7622,2021,"{""type"":""Point"",""coordinates"":[0.0,0.0]}"
1_1_1_2_1_1_1_2_1,1343858.7969160778,4,7622,2021,"{""type"":""Point"",""coordinates"":[0.0,0.0]}"
1_1_1_2_1_1_1_2_2,213.99726720669616,12,7622,2021,"{""type"":""Point"",""coordinates"":[0.0,0.0]}"
1_1_1_2_1_1_1_2_3,313612.62115257315,21,7622,2021,"{""type"":""Point"",""coordinates"":[0.0,0.0]}"
1_1_1_2_1_1_1_2_4,2424.1858419950827,22,7622,2021,"{""type"":""Point"",""coordinates"":[0.0,0.0]}"
1_1_1_2_1_1_1_2_5,26.392434921779255,29,7622,2021,"{""type"":""Point"",""coordinates"":[0.0,0.0]}"
1_1_1_2_1_1_1_2_6,1330.2736709056903,33,7622,2021,"{""type"":""Point"",""coordinates"":[0.0,0.0]}"
1_1_1_2_1_1_2_0,7161.402432386384,3,7622,2022,"{""type"":""Point"",""coordinates"":[0.0,0.0]}"
1_1_1_2_1_1_2_1,1349072.7426729829,4,7622,2022,"{""type"":""Point"",""coordinates"":[0.0,0.0]}"
1_1_1_2_1_1_2_2,56.665319020637085,12,7622,2022,"{""type"":""Point"",""coordinates"":[0.0,0.0]}"
1_1_1_2_1_1_2_3,317144.150830457,21,7622,2022,"{""type"":""Point"",""coordinates"":[0.0,0.0]}"
1_1_1_2_1_1_2_4,4161.257013144159,22,7622,2022,"{""type"":""Point"",""coordinates"":[0.0,0.0]}"
1_1_1_2_1_1_2_5,13.582588011402805,29,7622,2022,"{""type"":""Point"",""coordinates"":[0.0,0.0]}"
1_1_1_2_1_1_2_6,1908.3629031476917,33,7622,2022,"{""type"":""Point"",""coordinates"":[0.0,0.0]}"
1_1_1_2_1_2_0,11204.81237230236,3,7622,2023,"{""type"":""Point"",""coordinates"":[0.0,0.0]}"
1_1_1_2_1_2_1,1347609.2309453555,4,7622,2023,"{""type"":""Point"",""coordinates"":[0.0,0.0]}"
1_1_1_2_1_2_2,15.037974542762905,12,7622,2023,"{""type"":""Point"",""coordinates"":[0.0,0.0]}"
1_1_1_2_1_2_3,315057.60277836263,21,7622,2023,"{""type"":""Point"",""coordinates"":[0.0,0.0]}"
1_1_1_2_1_2_4,4070.6550241089963,22,7622,2023,"{""type"":""Point"",""coordinates"":[0.0,0.0]}"
1_1_1_2_1_2_5,85.39248364557004,29,7622,2023,"{""type"":""Point"",""coordinates"":[0.0,0.0]}"
1_1_1_2_1_2_6,1475.432180839964,33,7622,2023,"{""type"":""Point"",""coordinates"":[0.0,0.0]}"
1_1_1_2_2_0,22441.507837699795,3,7622,2024,"{""type"":""Point"",""coordinates"":[0.0,0.0]}"
1_1_1_2_2_1,1330808.0859668115,4,7622,2024,"{""type"":""Point"",""coordinates"":[0.0,0.0]}"
1_1_1_2_2_2,70.85921977381088,12,7622,2024,"{""type"":""Point"",""coordinates"":[0.0,0.0]}"
1_1_1_2_2_3,323172.64566700376,21,7622,2024,"{""type"":""Point"",""coordinates"":[0.0,0.0]}"
1_1_1_2_2_4,1500.1802281456842,22,7622,2024,"{""type"":""Point"",""coordinates"":[0.0,0.0]}"
1_1_1_2_2_5,19.491613201904293,29,7622,2024,"{""type"":""Point"",""coordinates"":[0.0,0.0]}"
1_1_1_2_2_6,1505.393226512332,33,7622,2024,"{""type"":""Point"",""coordinates"":[0.0,0.0]}"
1_1_2_1_1_1_1_1_1_1_1_2_0,207324.29336107368,3,746,2016,"{""type"":""Point"",""coordinates"":[0.0,0.0]}"
1_1_2_1_1_1_1_1_1_1_1_2_1,1510677.6832115573,4,746,2016,"{""type"":""Point"",""coordinates"":[0.0,0.0]}"
1_1_2_1_1_1_1_1_1_1_1_2_2,467.02002235078703,12,746,2016,"{""type"":""Point"",""coordinates"":[0.0,0.0]}"
1_1_2_1_1_1_1_1_1_1_1_2_3,84097.00103092706,21,746,2016,"{""type"":""Point"",""coordinates"":[0.0,0.0]}"
1_1_2_1_1_1_1_1_1_1_1_2_4,993.0624675674735,22,746,2016,"{""type"":""Point"",""coordinates"":[0.0,0.0]}"
1_1_2_1_1_1_1_1_1_1_1_2_5,31.949910540771494,29,746,2016,"{""type"":""Point"",""coordinates"":[0.0,0.0]}"
1_1_2_1_1_1_1_1_1_1_1_2_6,3188.9688055000574,33,746,2016,"{""type"":""Point"",""coordinates"":[0.0,0.0]}"
1_1_2_1_1_1_1_1_1_1_2_0,295877.6857949692,3,746,2017,"{""type"":""Point"",""coordinates"":[0.0,0.0]}"
1_1_2_1_1_1_1_1_1_1_2_1,1429019.5104194928,4,746,2017,"{""type"":""Point"",""coordinates"":[0.0,0.0]}"
1_1_2_1_1_1_1_1_1_1_2_2,723.1148296513098,12,746,2017,"{""type"":""Point"",""coordinates"":[0.0,0.0]}"
1_1_2_1_1_1_1_1_1_1_2_3,77812.73332072605,21,746,2017,"{""type"":""Point"",""coordinates"":[0.0,0.0]}"
1_1_2_1_1_1_1_1_1_1_2_4,259.58493803943105,22,746,2017,"{""type"":""Point"",""coordinates"":[0.0,0.0]}"
1_1_2_1_1_1_1_1_1_1_2_5,27.6207340576172,29,746,2017,"{""type"":""Point"",""coordinates"":[0.0,0.0]}"
1_1_2_1_1_1_1_1_1_1_2_6,3059.7287725918045,33,746,2017,"{""type"":""Point"",""coordinates"":[0.0,0.0]}"
1_1_2_1_1_1_1_1_1_2_0,311706.090503178,3,746,2018,"{""type"":""Point"",""coordinates"":[0.0,0.0]}"
1_1_2_1_1_1_1_1_1_2_1,1411681.7846354626,4,746,2018,"{""type"":""Point"",""coordinates"":[0.0,0.0]}"
1_1_2_1_1_1_1_1_1_2_2,2084.157387804839,12,746,2018,"{""type"":""Point"",""coordinates"":[0.0,0.0]}"
1_1_2_1_1_1_1_1_1_2_3,77737.60904587565,21,746,2018,"{""type"":""Point"",""coordinates"":[0.0,0.0]}"
1_1_2_1_1_1_1_1_1_2_4,1161.0319528661876,22,746,2018,"{""type"":""Point"",""coordinates"":[0.0,0.0]}"
1_1_2_1_1_1_1_1_1_2_5,376.8611836548097,29,746,2018,"{""type"":""Point"",""coordinates"":[0.0,0.0]}"
1_1_2_1_1_1_1_1_1_2_6,2032.4441007141147,33,746,2018,"{""type"":""Point"",""coordinates"":[0.0,0.0]}"
1_1_2_1_1_1_1_1_2_0,290971.7433610038,3,746,2019,"{""type"":""Point"",""coordinates"":[0.0,0.0]}"
1_1_2_1_1_1_1_1_2_1,1428163.8195516805,4,746,2019,"{""type"":""Point"",""coordinates"":[0.0,0.0]}"
1_1_2_1_1_1_1_1_2_2,574.5654541755226,12,746,2019,"{""type"":""Point"",""coordinates"":[0.0,0.0]}"
1_1_2_1_1_1_1_1_2_3,84659.84251814059,21,746,2019,"{""type"":""Point"",""coordinates"":[0.0,0.0]}"
1_1_2_1_1_1_1_1_2_4,938.0930372088256,22,746,2019,"{""type"":""Point"",""coordinates"":[0.0,0.0]}"
1_1_2_1_1_1_1_1_2_5,109.47679306049422,29,746,2019,"{""type"":""Point"",""coordinates"":[0.0,0.0]}"
1_1_2_1_1_1_1_1_2_6,1362.4380942756147,33,746,2019,"{""type"":""Point"",""coordinates"":[0.0,0.0]}"
1_1_2_1_1_1_1_2_0,299167.1986942553,3,746,2020,"{""type"":""Point"",""coordinates"":[0.0,0.0]}"
1_1_2_1_1_1_1_2_1,1422380.8454332037,4,746,2020,"{""type"":""Point"",""coordinates"":[0.0,0.0]}"
1_1_2_1_1_1_1_2_2,331.4234501232911,12,746,2020,"{""type"":""Point"",""coordinates"":[0.0,0.0]}"
1_1_2_1_1_1_1_2_3,81502.15638746998,21,746,2020,"{""type"":""Point"",""coordinates"":[0.0,0.0]}"
1_1_2_1_1_1_1_2_4,1834.6725962763553,22,746,2020,"{""type"":""Point"",""coordinates"":[0.0,0.0]}"
1_1_2_1_1_1_1_2_5,85.74395834824502,29,746,2020,"{""type"":""Point"",""coordinates"":[0.0,0.0]}"
1_1_2_1_1_1_1_2_6,1477.9382898215556,33,746,2020,"{""type"":""Point"",""coordinates"":[0.0,0.0]}"
1_1_2_1_1_1_2_0,345808.185198932,3,746,2021,"{""type"":""Point"",""coordinates"":[0.0,0.0]}"
1_1_2_1_1_1_2_1,1379960.8108476626,4,746,2021,"{""type"":""Point"",""coordinates"":[0.0,0.0]}"
1_1_2_1_1_1_2_2,1878.532038864198,12,746,2021,"{""type"":""Point"",""coordinates"":[0.0,0.0]}"
1_1_2_1_1_1_2_3,75307.17737268907,21,746,2021,"{""type"":""Point"",""coordinates"":[0.0,0.0]}"
1_1_2_1_1_1_2_4,1774.0680018861242,22,746,2021,"{""type"":""Point"",""coordinates"":[0.0,0.0]}"
1_1_2_1_1_1_2_5,749.4555654955335,29,746,2021,"{""type"":""Point"",""coordinates"":[0.0,0.0]}"
1_1_2_1_1_1_2_6,1301.7497840035915,33,746,2021,"{""type"":""Point"",""coordinates"":[0.0,0.0]}"
1_1_2_1_1_2_0,316046.50864603935,3,746,2022,"{""type"":""Point"",""coordinates"":[0.0,0.0]}"
1_1_2_1_1_2_1,1401530.2000733267,4,746,2022,"{""type"":""Point"",""coordinates"":[0.0,0.0]}"
1_1_2_1_1_2_2,2260.6198786131636,12,746,2022,"{""type"":""Point"",""coordinates"":[0.0,0.0]}"
1_1_2_1_1_2_3,82150.77631812995,21,746,2022,"{""type"":""Point"",""coordinates"":[0.0,0.0]}"
1_1_2_1_1_2_4,792.1381236285993,22,746,2022,"{""type"":""Point"",""coordinates"":[0.0,0.0]}"
1_1_2_1_1_2_5,1007.5892989864819,29,746,2022,"{""type"":""Point"",""coordinates"":[0.0,0.0]}"
1_1_2_1_1_2_6,2992.146470778282,33,746,2022,"{""type"":""Point"",""coordinates"":[0.0,0.0]}"
1_1_2_1_2_0,256094.4944673361,3,746,2023,"{""type"":""Point"",""coordinates"":[0.0,0.0]}"
1_1_2_1_2_1,1452222.5837618664,4,746,2023,"{""type"":""Point"",""coordinates"":[0.0,0.0]}"
1_1_2_1_2_2,1134.6463037831966,12,746,2023,"{""type"":""Point"",""coordinates"":[0.0,0.0]}"
1_1_2_1_2_3,91437.07396660364,21,746,2023,"{""type"":""Point"",""coordinates"":[0.0,0.0]}"
1_1_2_1_2_4,1600.844311199665,22,746,2023,"{""type"":""Point"",""coordinates"":[0.0,0.0]}"
1_1_2_1_2_5,874.6039785043274,29,746,2023,"{""type"":""Point"",""coordinates"":[0.0,0.0]}"
1_1_2_1_2_6,3415.7320202270234,33,746,2023,"{""type"":""Point"",""coordinates"":[0.0,0.0]}"
1_1_2_2_0,266919.48719181615,3,746,2024,"{""type"":""Point"",""coordinates"":[0.0,0.0]}"
1_1_2_2_1,1448904.8558487678,4,746,2024,"{""type"":""Point"",""coordinates"":[0.0,0.0]}"
1_1_2_2_2,49.558045303572136,12,746,2024,"{""type"":""Point"",""coordinates"":[0.0,0.0]}"
1_1_2_2_3,86893.73439880986,21,746,2024,"{""type"":""Point"",""coordinates"":[0.0,0.0]}"
1_1_2_2_4,441.3075732484108,22,746,2024,"{""type"":""Point"",""coordinates"":[0.0,0.0]}"
1_1_2_2_5,608.4544273915487,29,746,2024,"{""type"":""Point"",""coordinates"":[0.0,0.0]}"
1_1_2_2_6,2962.581324288756,33,746,2024,"{""type"":""Point"",""coordinates"":[0.0,0.0]}"
1_2_1_1_1_1_1_1_1_1_2_0,1841.3757641771756,3,7712,2016,"{""type"":""Point"",""coordinates"":[0.0,0.0]}"
1_2_1_1_1_1_1_1_1_1_2_1,827419.4559603982,4,7712,2016,"{""type"":""Point"",""coordinates"":[0.0,0.0]}"
1_2_1_1_1_1_1_1_1_1_2_2,26.765333526611332,12,7712,2016,"{""type"":""Point"",""coordinates"":[0.0,0.0]}"
1_2_1_1_1_1_1_1_1_1_2_3,632275.6720652754,21,7712,2016,"{""type"":""Point"",""coordinates"":[0.0,0.0]}"
1_2_1_1_1_1_1_1_1_1_2_4,112.0737254211426,22,7712,2016,"{""type"":""Point"",""coordinates"":[0.0,0.0]}"
1_2_1_1_1_1_1_1_1_1_2_5,1.233024786376953,29,7712,2016,"{""type"":""Point"",""coordinates"":[0.0,0.0]}"
1_2_1_1_1_1_1_1_1_1_2_6,2586.681335574045,33,7712,2016,"{""type"":""Point"",""coordinates"":[0.0,0.0]}"
1_2_1_1_1_1_1_1_1_2_0,2627.885782951402,3,7712,2017,"{""type"":""Point"",""coordinates"":[0.0,0.0]}"
1_2_1_1_1_1_1_1_1_2_1,836934.9453421822,4,7712,2017,"{""type"":""Point"",""coordinates"":[0.0,0.0]}"
1_2_1_1_1_1_1_1_1_2_2,48.09591677246095,12,7712,2017,"{""type"":""Point"",""coordinates"":[0.0,0.0]}"
1_2_1_1_1_1_1_1_1_2_3,621912.0739824786,21,7712,2017,"{""type"":""Point"",""coordinates"":[0.0,0.0]}"
1_2_1_1_1_1_1_1_1_2_4,598.6845425206805,22,7712,2017,"{""type"":""Point"",""coordinates"":[0.0,0.0]}"
1_2_1_1_1_1_1_1_1_2_5,1.497326916503906,29,7712,2017,"{""type"":""Point"",""coordinates"":[0.0,0.0]}"
1_2_1_1_1_1_1_1_1_2_6,2140.0743152867603,33,7712,2017,"{""type"":""Point"",""coordinates"":[0.0,0.0]}"
1_2_1_1_1_1_1_1_2_0,2060.1038471734273,3,7712,2018,"{""type"":""Point"",""coordinates"":[0.0,0.0]}"
1_2_1_1_1_1_1_1_2_1,849250.9047978274,4,7712,2018,"{""type"":""Point"",""coordinates"":[0.0,0.0]}"
1_2_1_1_1_1_1_1_2_2,39.618721142578124,12,7712,2018,"{""type"":""Point"",""coordinates"":[0.0,0.0]}"
1_2_1_1_1_1_1_1_2_3,610854.4141316173,21,7712,2018,"{""type"":""Point"",""coordinates"":[0.0,0.0]}"
1_2_1_1_1_1_1_1_2_4,521.8092294164337,22,7712,2018,"{""type"":""Point"",""coordinates"":[0.0,0.0]}"
1_2_1_1_1_1_1_1_2_5,0.2642485107421875,29,7712,2018,"{""type"":""Point"",""coordinates"":[0.0,0.0]}"
1_2_1_1_1_1_1_1_2_6,1536.1422333793398,33,7712,2018,"{""type"":""Point"",""coordinates"":[0.0,0.0]}"
1_2_1_1_1_1_1_2_0,2620.313345295012,3,7712,2019,"{""type"":""Point"",""coordinates"":[0.0,0.0]}"
1_2_1_1_1_1_1_2_1,855708.7981684832,4,7712,2019,"{""type"":""Point"",""coordinates"":[0.0,0.0]}"
1_2_1_1_1_1_1_2_2,8.940666843189913,12,7712,2019,"{""type"":""Point"",""coordinates"":[0.0,0.0]}"
1_2_1_1_1_1_1_2_3,602417.6466183347,21,7712,2019,"{""type"":""Point"",""coordinates"":[0.0,0.0]}"
1_2_1_1_1_1_1_2_4,349.5918178894044,22,7712,2019,"{""type"":""Point"",""coordinates"":[0.0,0.0]}"
1_2_1_1_1_1_1_2_5,0.17613101196289063,29,7712,2019,"{""type"":""Point"",""coordinates"":[0.0,0.0]}"
1_2_1_1_1_1_1_2_6,3157.7904612045313,33,7712,2019,"{""type"":""Point"",""coordinates"":[0.0,0.0]}"
1_2_1_1_1_1_2_0,1490.2782563699948,3,7712,2020,"{""type"":""Point"",""coordinates"":[0.0,0.0]}"
1_2_1_1_1_1_2_1,863881.1409212784,4,7712,2020,"{""type"":""Point"",""coordinates"":[0.0,0.0]}"
1_2_1_1_1_1_2_2,1.056484686279297,12,7712,2020,"{""type"":""Point"",""coordinates"":[0.0,0.0]}"
1_2_1_1_1_1_2_3,593751.0843717396,21,7712,2020,"{""type"":""Point"",""coordinates"":[0.0,0.0]}"
1_2_1_1_1_1_2_4,1856.0821553848784,22,7712,2020,"{""type"":""Point"",""coordinates"":[0.0,0.0]}"
1_2_1_1_1_1_2_5,548.0183269836424,29,7712,2020,"{""type"":""Point"",""coordinates"":[0.0,0.0]}"
1_2_1_1_1_1_2_6,2735.5966926105953,33,7712,2020,"{""type"":""Point"",""coordinates"":[0.0,0.0]}"
1_2_1_1_1_2_0,3525.102182029017,3,7712,2021,"{""type"":""Point"",""coordinates"":[0.0,0.0]}"
1_2_1_1_1_2_1,842270.4128260668,4,7712,2021,"{""type"":""Point"",""coordinates"":[0.0,0.0]}"
1_2_1_1_1_2_2,19.020105670166014,12,7712,2021,"{""type"":""Point"",""coordinates"":[0.0,0.0]}"
1_2_1_1_1_2_3,614884.0429680111,21,7712,2021,"{""type"":""Point"",""coordinates"":[0.0,0.0]}"
1_2_1_1_1_2_4,500.5645182739266,22,7712,2021,"{""type"":""Point"",""coordinates"":[0.0,0.0]}"
1_2_1_1_1_2_5,7.749985290527345,29,7712,2021,"{""type"":""Point"",""coordinates"":[0.0,0.0]}"
1_2_1_1_1_2_6,3056.364623791714,33,7712,2021,"{""type"":""Point"",""coordinates"":[0.0,0.0]}"
1_2_1_1_2_0,2530.042621517102,3,7712,2022,"{""type"":""Point"",""coordinates"":[0.0,0.0]}"
1_2_1_1_2_1,813972.6713568994,4,7712,2022,"{""type"":""Point"",""coordinates"":[0.0,0.0]}"
1_2_1_1_2_2,38.76176923828125,12,7712,2022,"{""type"":""Point"",""coordinates"":[0.0,0.0]}"
1_2_1_1_2_3,644698.8150679676,21,7712,2022,"{""type"":""Point"",""coordinates"":[0.0,0.0]}"
1_2_1_1_2_4,348.6926457336429,22,7712,2022,"{""type"":""Point"",""coordinates"":[0.0,0.0]}"
1_2_1_1_2_5,24.121215496826167,29,7712,2022,"{""type"":""Point"",""coordinates"":[0.0,0.0]}"
1_2_1_1_2_6,2650.1525323460523,33,7712,2022,"{""type"":""Point"",""coordinates"":[0.0,0.0]}"
1_2_1_2_0,1625.5324835121323,3,7712,2023,"{""type"":""Point"",""coordinates"":[0.0,0.0]}"
1_2_1_2_1,787989.3665512766,4,7712,2023,"{""type"":""Point"",""coordinates"":[0.0,0.0]}"
1_2_1_2_2,31.193847338867187,12,7712,2023,"{""type"":""Point"",""coordinates"":[0.0,0.0]}"
1_2_1_2_3,670257.13068917,21,7712,2023,"{""type"":""Point"",""coordinates"":[0.0,0.0]}"
1_2_1_2_4,1971.790460097768,22,7712,2023,"{""type"":""Point"",""coordinates"":[0.0,0.0]}"
1_2_1_2_5,7.222563293457031,29,7712,2023,"{""type"":""Point"",""coordinates"":[0.0,0.0]}"
1_2_1_2_6,2381.020614483508,33,7712,2023,"{""type"":""Point"",""coordinates"":[0.0,0.0]}"
1_2_2_0,6108.205744106083,3,7712,2024,"{""type"":""Point"",""coordinates"":[0.0,0.0]}"
1_2_2_1,753164.9686971646,4,7712,2024,"{""type"":""Point"",""coordinates"":[0.0,0.0]}"
1_2_2_2,6.7835604919433585,12,7712,2024,"{""type"":""Point"",""coordinates"":[0.0,0.0]}"
1_2_2_3,692097.6037587038,21,7712,2024,"{""type"":""Point"",""coordinates"":[0.0,0.0]}"
1_2_2_4,232.3901007141115,22,7712,2024,"{""type"":""Point"",""coordinates"":[0.0,0.0]}"
1_2_2_5,5.989898144531251,29,7712,2024,"{""type"":""Point"",""coordinates"":[0.0,0.0]}"
1_2_2_6,12647.315449844873,33,7712,2024,"{""type"":""Point"",""coordinates"":[0.0,0.0]}"
2_1_1_1_1_1_1_1_1_2_0,42266.703452313006,3,752,2016,"{""type"":""Point"",""coordinates"":[0.0,0.0]}"
2_1_1_1_1_1_1_1_1_2_1,1232690.0157838017,4,752,2016,"{""type"":""Point"",""coordinates"":[0.0,0.0]}"
2_1_1_1_1_1_1_1_1_2_2,59.70463026259484,12,752,2016,"{""type"":""Point"",""coordinates"":[0.0,0.0]}"
2_1_1_1_1_1_1_1_1_2_3,120318.33292438189,21,752,2016,"{""type"":""Point"",""coordinates"":[0.0,0.0]}"
2_1_1_1_1_1_1_1_1_2_4,981.7752799526558,22,752,2016,"{""type"":""Point"",""coordinates"":[0.0,0.0]}"
2_1_1_1_1_1_1_1_1_2_5,7.8467553530225596,29,752,2016,"{""type"":""Point"",""coordinates"":[0.0,0.0]}"
2_1_1_1_1_1_1_1_1_2_6,9354.692106193383,33,752,2016,"{""type"":""Point"",""coordinates"":[0.0,0.0]}"
2_1_1_1_1_1_1_1_2_0,50121.449595266036,3,752,2017,"{""type"":""Point"",""coordinates"":[0.0,0.0]}"
2_1_1_1_1_1_1_1_2_1,1236249.6566107909,4,752,2017,"{""type"":""Point"",""coordinates"":[0.0,0.0]}"
2_1_1_1_1_1_1_1_2_2,37.72756770146389,12,752,2017,"{""type"":""Point"",""coordinates"":[0.0,0.0]}"
2_1_1_1_1_1_1_1_2_3,109185.75462298068,21,752,2017,"{""type"":""Point"",""coordinates"":[0.0,0.0]}"
2_1_1_1_1_1_1_1_2_4,191.49457585011183,22,752,2017,"{""type"":""Point"",""coordinates"":[0.0,0.0]}"
2_1_1_1_1_1_1_1_2_5,6.953320172119141,29,752,2017,"{""type"":""Point"",""coordinates"":[0.0,0.0]}"
2_1_1_1_1_1_1_1_2_6,9886.03463951196,33,752,2017,"{""type"":""Point"",""coordinates"":[0.0,0.0]}"
2_1_1_1_1_1_1_2_0,44893.3452444532,3,752,2018,"{""type"":""Point"",""coordinates"":[0.0,0.0]}"
2_1_1_1_1_1_1_2_1,1226957.5482750754,4,752,2018,"{""type"":""Point"",""coordinates"":[0.0,0.0]}"
2_1_1_1_1_1_1_2_2,178.35084322265635,12,752,2018,"{""type"":""Point"",""coordinates"":[0.0,0.0]}"
2_1_1_1_1_1_1_2_3,120865.96574453899,21,752,2018,"{""type"":""Point"",""coordinates"":[0.0,0.0]}"
2_1_1_1_1_1_1_2_4,139.08851369609772,22,752,2018,"{""type"":""Point"",""coordinates"":[0.0,0.0]}"
2_1_1_1_1_1_1_2_5,306.81741480712924,29,752,2018,"{""type"":""Point"",""coordinates"":[0.0,0.0]}"
2_1_1_1_1_1_1_2_6,12337.95489646444,33,752,2018,"{""type"":""Point"",""coordinates"":[0.0,0.0]}"
2_1_1_1_1_1_2_0,49427.26355362842,3,752,2019,"{""type"":""Point"",""coordinates"":[0.0,0.0]}"
2_1_1_1_1_1_2_1,1231486.747689389,4,752,2019,"{""type"":""Point"",""coordinates"":[0.0,0.0]}"
2_1_1_1_1_1_2_2,116.05829467218136,12,752,2019,"{""type"":""Point"",""coordinates"":[0.0,0.0]}"
2_1_1_1_1_1_2_3,105590.3326172983,21,752,2019,"{""type"":""Point"",""coordinates"":[0.0,0.0]}"
2_1_1_1_1_1_2_4,1245.252276173477,22,752,2019,"{""type"":""Point"",""coordinates"":[0.0,0.0]}"
2_1_1_1_1_1_2_5,8.205333062744142,29,752,2019,"{""type"":""Point"",""coordinates"":[0.0,0.0]}"
2_1_1_1_1_1_2_6,17805.211168007583,33,752,2019,"{""type"":""Point"",""coordinates"":[0.0,0.0]}"
2_1_1_1_1_2_0,38219.32854246587,3,752,2020,"{""type"":""Point"",""coordinates"":[0.0,0.0]}"
2_1_1_1_1_2_1,1230536.9212612975,4,752,2020,"{""type"":""Point"",""coordinates"":[0.0,0.0]}"
2_1_1_1_1_2_2,19.887633386996402,12,752,2020,"{""type"":""Point"",""coordinates"":[0.0,0.0]}"
2_1_1_1_1_2_3,114052.29080544737,21,752,2020,"{""type"":""Point"",""coordinates"":[0.0,0.0]}"
2_1_1_1_1_2_4,513.512569797579,22,752,2020,"{""type"":""Point"",""coordinates"":[0.0,0.0]}"
2_1_1_1_1_2_5,22337.13011979339,33,752,2020,"{""type"":""Point"",""coordinates"":[0.0,0.0]}"
2_1_1_1_2_0,49626.175323606396,3,752,2021,"{""type"":""Point"",""coordinates"":[0.0,0.0]}"
2_1_1_1_2_1,1197318.8893866674,4,752,2021,"{""type"":""Point"",""coordinates"":[0.0,0.0]}"
2_1_1_1_2_2,91.17767617063036,12,752,2021,"{""type"":""Point"",""coordinates"":[0.0,0.0]}"
2_1_1_1_2_3,137273.44869383797,21,752,2021,"{""type"":""Point"",""coordinates"":[0.0,0.0]}"
2_1_1_1_2_4,924.5196974498568,22,752,2021,"{""type"":""Point"",""coordinates"":[0.0,0.0]}"
2_1_1_1_2_5,13.020851062011717,29,752,2021,"{""type"":""Point"",""coordinates"":[0.0,0.0]}"
2_1_1_1_2_6,20431.839303602817,33,752,2021,"{""type"":""Point"",""coordinates"":[0.0,0.0]}"
2_1_1_2_0,44313.639324209806,3,752,2022,"{""type"":""Point"",""coordinates"":[0.0,0.0]}"
2_1_1_2_1,1184917.494534873,4,752,2022,"{""type"":""Point"",""coordinates"":[0.0,0.0]}"
2_1_1_2_2,223.70481126017256,12,752,2022,"{""type"":""Point"",""coordinates"":[0.0,0.0]}"
2_1_1_2_3,152420.45116325188,21,752,2022,"{""type"":""Point"",""coordinates"":[0.0,0.0]}"
2_1_1_2_4,2089.848832223517,22,752,2022,"{""type"":""Point"",""coordinates"":[0.0,0.0]}"
2_1_1_2_5,0.6236049072265625,29,752,2022,"{""type"":""Point"",""coordinates"":[0.0,0.0]}"
2_1_1_2_6,21713.308661461335,33,752,2022,"{""type"":""Point"",""coordinates"":[0.0,0.0]}"
2_1_2_0,61912.72427646588,3,752,2023,"{""type"":""Point"",""coordinates"":[0.0,0.0]}"
2_1_2_1,1188638.942226183,4,752,2023,"{""type"":""Point"",""coordinates"":[0.0,0.0]}"
2_1_2_2,205.96987923500222,12,752,2023,"{""type"":""Point"",""coordinates"":[0.0,0.0]}"
2_1_2_3,130288.70115904814,21,752,2023,"{""type"":""Point"",""coordinates"":[0.0,0.0]}"
2_1_2_4,2069.020325925675,22,752,2023,"{""type"":""Point"",""coordinates"":[0.0,0.0]}"
2_1_2_5,22563.713065373264,33,752,2023,"{""type"":""Point"",""coordinates"":[0.0,0.0]}"
2_2_0,25266.867189683457,3,752,2024,"{""type"":""Point"",""coordinates"":[0.0,0.0]}"
2_2_1,1259287.1569205378,4,752,2024,"{""type"":""Point"",""coordinates"":[0.0,0.0]}"
2_2_2,591.5846083215331,12,752,2024,"{""type"":""Point"",""coordinates"":[0.0,0.0]}"
2_2_3,94705.71261987074,21,752,2024,"{""type"":""Point"",""coordinates"":[0.0,0.0]}"
2_2_4,2238.978990391817,22,752,2024,"{""type"":""Point"",""coordinates"":[0.0,0.0]}"
2_2_5,16.76512855834961,29,752,2024,"{""type"":""Point"",""coordinates"":[0.0,0.0]}"
2_2_6,23572.005474882822,33,752,2024,"{""type"":""Point"",""coordinates"":[0.0,0.0]}"
