system:index,area,classe,id_bacia,year,.geo
1_1_1_1_1_1_1_1_1_1_1_1_1_1_1_1_1_1_1_1_1_1_1_1_1_1_1_1_1_1_1_1_1_1_1_1_1_1_1_1_1_1_1_1_1_1_1_2_1_1_1_1_1_1_1_1_2_0,11752.711047598417,3,7754,2016,"{""type"":""Point"",""coordinates"":[0.0,0.0]}"
1_1_1_1_1_1_1_1_1_1_1_1_1_1_1_1_1_1_1_1_1_1_1_1_1_1_1_1_1_1_1_1_1_1_1_1_1_1_1_1_1_1_1_1_1_1_1_2_1_1_1_1_1_1_1_1_2_1,70660.06294781795,4,7754,2016,"{""type"":""Point"",""coordinates"":[0.0,0.0]}"
1_1_1_1_1_1_1_1_1_1_1_1_1_1_1_1_1_1_1_1_1_1_1_1_1_1_1_1_1_1_1_1_1_1_1_1_1_1_1_1_1_1_1_1_1_1_1_2_1_1_1_1_1_1_1_1_2_2,57.36137438476563,12,7754,2016,"{""type"":""Point"",""coordinates"":[0.0,0.0]}"
1_1_1_1_1_1_1_1_1_1_1_1_1_1_1_1_1_1_1_1_1_1_1_1_1_1_1_1_1_1_1_1_1_1_1_1_1_1_1_1_1_1_1_1_1_1_1_2_1_1_1_1_1_1_1_1_2_3,100564.95913435749,21,7754,2016,"{""type"":""Point"",""coordinates"":[0.0,0.0]}"
1_1_1_1_1_1_1_1_1_1_1_1_1_1_1_1_1_1_1_1_1_1_1_1_1_1_1_1_1_1_1_1_1_1_1_1_1_1_1_1_1_1_1_1_1_1_1_2_1_1_1_1_1_1_1_1_2_4,13.0719476196289,29,7754,2016,"{""type"":""Point"",""coordinates"":[0.0,0.0]}"
1_1_1_1_1_1_1_1_1_1_1_1_1_1_1_1_1_1_1_1_1_1_1_1_1_1_1_1_1_1_1_1_1_1_1_1_1_1_1_1_1_1_1_1_1_1_1_2_1_1_1_1_1_1_1_1_2_5,95.1447365558699,33,7754,2016,"{""type"":""Point"",""coordinates"":[0.0,0.0]}"
1_1_1_1_1_1_1_1_1_1_1_1_1_1_1_1_1_1_1_1_1_1_1_1_1_1_1_1_1_1_1_1_1_1_1_1_1_1_1_1_1_1_1_1_1_1_1_2_1_1_1_1_1_1_1_2_0,13360.48873393242,3,7754,2017,"{""type"":""Point"",""coordinates"":[0.0,0.0]}"
1_1_1_1_1_1_1_1_1_1_1_1_1_1_1_1_1_1_1_1_1_1_1_1_1_1_1_1_1_1_1_1_1_1_1_1_1_1_1_1_1_1_1_1_1_1_1_2_1_1_1_1_1_1_1_2_1,69698.14596146763,4,7754,2017,"{""type"":""Point"",""coordinates"":[0.0,0.0]}"
1_1_1_1_1_1_1_1_1_1_1_1_1_1_1_1_1_1_1_1_1_1_1_1_1_1_1_1_1_1_1_1_1_1_1_1_1_1_1_1_1_1_1_1_1_1_1_2_1_1_1_1_1_1_1_2_2,40.17144981368719,12,7754,2017,"{""type"":""Point"",""coordinates"":[0.0,0.0]}"
1_1_1_1_1_1_1_1_1_1_1_1_1_1_1_1_1_1_1_1_1_1_1_1_1_1_1_1_1_1_1_1_1_1_1_1_1_1_1_1_1_1_1_1_1_1_1_2_1_1_1_1_1_1_1_2_3,100016.01506615792,21,7754,2017,"{""type"":""Point"",""coordinates"":[0.0,0.0]}"
1_1_1_1_1_1_1_1_1_1_1_1_1_1_1_1_1_1_1_1_1_1_1_1_1_1_1_1_1_1_1_1_1_1_1_1_1_1_1_1_1_1_1_1_1_1_1_2_1_1_1_1_1_1_1_2_4,0.5229602172851563,29,7754,2017,"{""type"":""Point"",""coordinates"":[0.0,0.0]}"
1_1_1_1_1_1_1_1_1_1_1_1_1_1_1_1_1_1_1_1_1_1_1_1_1_1_1_1_1_1_1_1_1_1_1_1_1_1_1_1_1_1_1_1_1_1_1_2_1_1_1_1_1_1_1_2_5,27.967016748046884,33,7754,2017,"{""type"":""Point"",""coordinates"":[0.0,0.0]}"
1_1_1_1_1_1_1_1_1_1_1_1_1_1_1_1_1_1_1_1_1_1_1_1_1_1_1_1_1_1_1_1_1_1_1_1_1_1_1_1_1_1_1_1_1_1_1_2_1_1_1_1_1_1_2_0,10896.829726389662,3,7754,2018,"{""type"":""Point"",""coordinates"":[0.0,0.0]}"
1_1_1_1_1_1_1_1_1_1_1_1_1_1_1_1_1_1_1_1_1_1_1_1_1_1_1_1_1_1_1_1_1_1_1_1_1_1_1_1_1_1_1_1_1_1_1_2_1_1_1_1_1_1_2_1,72266.27962531992,4,7754,2018,"{""type"":""Point"",""coordinates"":[0.0,0.0]}"
1_1_1_1_1_1_1_1_1_1_1_1_1_1_1_1_1_1_1_1_1_1_1_1_1_1_1_1_1_1_1_1_1_1_1_1_1_1_1_1_1_1_1_1_1_1_1_2_1_1_1_1_1_1_2_2,21.724232839834176,12,7754,2018,"{""type"":""Point"",""coordinates"":[0.0,0.0]}"
1_1_1_1_1_1_1_1_1_1_1_1_1_1_1_1_1_1_1_1_1_1_1_1_1_1_1_1_1_1_1_1_1_1_1_1_1_1_1_1_1_1_1_1_1_1_1_2_1_1_1_1_1_1_2_3,99865.94461740204,21,7754,2018,"{""type"":""Point"",""coordinates"":[0.0,0.0]}"
1_1_1_1_1_1_1_1_1_1_1_1_1_1_1_1_1_1_1_1_1_1_1_1_1_1_1_1_1_1_1_1_1_1_1_1_1_1_1_1_1_1_1_1_1_1_1_2_1_1_1_1_1_1_2_4,0.0870750244140625,22,7754,2018,"{""type"":""Point"",""coordinates"":[0.0,0.0]}"
1_1_1_1_1_1_1_1_1_1_1_1_1_1_1_1_1_1_1_1_1_1_1_1_1_1_1_1_1_1_1_1_1_1_1_1_1_1_1_1_1_1_1_1_1_1_1_2_1_1_1_1_1_1_2_5,5.578576263427735,29,7754,2018,"{""type"":""Point"",""coordinates"":[0.0,0.0]}"
1_1_1_1_1_1_1_1_1_1_1_1_1_1_1_1_1_1_1_1_1_1_1_1_1_1_1_1_1_1_1_1_1_1_1_1_1_1_1_1_1_1_1_1_1_1_1_2_1_1_1_1_1_1_2_6,86.86733508901557,33,7754,2018,"{""type"":""Point"",""coordinates"":[0.0,0.0]}"
1_1_1_1_1_1_1_1_1_1_1_1_1_1_1_1_1_1_1_1_1_1_1_1_1_1_1_1_1_1_1_1_1_1_1_1_1_1_1_1_1_1_1_1_1_1_1_2_1_1_1_1_1_2_0,15585.701114016341,3,7754,2019,"{""type"":""Point"",""coordinates"":[0.0,0.0]}"
1_1_1_1_1_1_1_1_1_1_1_1_1_1_1_1_1_1_1_1_1_1_1_1_1_1_1_1_1_1_1_1_1_1_1_1_1_1_1_1_1_1_1_1_1_1_1_2_1_1_1_1_1_2_1,67801.00567040438,4,7754,2019,"{""type"":""Point"",""coordinates"":[0.0,0.0]}"
1_1_1_1_1_1_1_1_1_1_1_1_1_1_1_1_1_1_1_1_1_1_1_1_1_1_1_1_1_1_1_1_1_1_1_1_1_1_1_1_1_1_1_1_1_1_1_2_1_1_1_1_1_2_2,25.847251556803382,12,7754,2019,"{""type"":""Point"",""coordinates"":[0.0,0.0]}"
1_1_1_1_1_1_1_1_1_1_1_1_1_1_1_1_1_1_1_1_1_1_1_1_1_1_1_1_1_1_1_1_1_1_1_1_1_1_1_1_1_1_1_1_1_1_1_2_1_1_1_1_1_2_3,96284.66900833845,21,7754,2019,"{""type"":""Point"",""coordinates"":[0.0,0.0]}"
1_1_1_1_1_1_1_1_1_1_1_1_1_1_1_1_1_1_1_1_1_1_1_1_1_1_1_1_1_1_1_1_1_1_1_1_1_1_1_1_1_1_1_1_1_1_1_2_1_1_1_1_1_2_4,0.26131219482421875,22,7754,2019,"{""type"":""Point"",""coordinates"":[0.0,0.0]}"
1_1_1_1_1_1_1_1_1_1_1_1_1_1_1_1_1_1_1_1_1_1_1_1_1_1_1_1_1_1_1_1_1_1_1_1_1_1_1_1_1_1_1_1_1_1_1_2_1_1_1_1_1_2_5,0.17439190063476562,29,7754,2019,"{""type"":""Point"",""coordinates"":[0.0,0.0]}"
1_1_1_1_1_1_1_1_1_1_1_1_1_1_1_1_1_1_1_1_1_1_1_1_1_1_1_1_1_1_1_1_1_1_1_1_1_1_1_1_1_1_1_1_1_1_1_2_1_1_1_1_1_2_6,3445.6524399265436,33,7754,2019,"{""type"":""Point"",""coordinates"":[0.0,0.0]}"
1_1_1_1_1_1_1_1_1_1_1_1_1_1_1_1_1_1_1_1_1_1_1_1_1_1_1_1_1_1_1_1_1_1_1_1_1_1_1_1_1_1_1_1_1_1_1_2_1_1_1_1_2_0,10410.937266331859,3,7754,2020,"{""type"":""Point"",""coordinates"":[0.0,0.0]}"
1_1_1_1_1_1_1_1_1_1_1_1_1_1_1_1_1_1_1_1_1_1_1_1_1_1_1_1_1_1_1_1_1_1_1_1_1_1_1_1_1_1_1_1_1_1_1_2_1_1_1_1_2_1,81292.25167779581,4,7754,2020,"{""type"":""Point"",""coordinates"":[0.0,0.0]}"
1_1_1_1_1_1_1_1_1_1_1_1_1_1_1_1_1_1_1_1_1_1_1_1_1_1_1_1_1_1_1_1_1_1_1_1_1_1_1_1_1_1_1_1_1_1_1_2_1_1_1_1_2_2,75.52866227419388,12,7754,2020,"{""type"":""Point"",""coordinates"":[0.0,0.0]}"
1_1_1_1_1_1_1_1_1_1_1_1_1_1_1_1_1_1_1_1_1_1_1_1_1_1_1_1_1_1_1_1_1_1_1_1_1_1_1_1_1_1_1_1_1_1_1_2_1_1_1_1_2_3,91066.7027254939,21,7754,2020,"{""type"":""Point"",""coordinates"":[0.0,0.0]}"
1_1_1_1_1_1_1_1_1_1_1_1_1_1_1_1_1_1_1_1_1_1_1_1_1_1_1_1_1_1_1_1_1_1_1_1_1_1_1_1_1_1_1_1_1_1_1_2_1_1_1_1_2_4,0.08715458374023438,22,7754,2020,"{""type"":""Point"",""coordinates"":[0.0,0.0]}"
1_1_1_1_1_1_1_1_1_1_1_1_1_1_1_1_1_1_1_1_1_1_1_1_1_1_1_1_1_1_1_1_1_1_1_1_1_1_1_1_1_1_1_1_1_1_1_2_1_1_1_1_2_5,1.04592421875,29,7754,2020,"{""type"":""Point"",""coordinates"":[0.0,0.0]}"
1_1_1_1_1_1_1_1_1_1_1_1_1_1_1_1_1_1_1_1_1_1_1_1_1_1_1_1_1_1_1_1_1_1_1_1_1_1_1_1_1_1_1_1_1_1_1_2_1_1_1_1_2_6,296.7577776299451,33,7754,2020,"{""type"":""Point"",""coordinates"":[0.0,0.0]}"
1_1_1_1_1_1_1_1_1_1_1_1_1_1_1_1_1_1_1_1_1_1_1_1_1_1_1_1_1_1_1_1_1_1_1_1_1_1_1_1_1_1_1_1_1_1_1_2_1_1_1_2_0,16363.905835896461,3,7754,2021,"{""type"":""Point"",""coordinates"":[0.0,0.0]}"
1_1_1_1_1_1_1_1_1_1_1_1_1_1_1_1_1_1_1_1_1_1_1_1_1_1_1_1_1_1_1_1_1_1_1_1_1_1_1_1_1_1_1_1_1_1_1_2_1_1_1_2_1,79460.10202534117,4,7754,2021,"{""type"":""Point"",""coordinates"":[0.0,0.0]}"
1_1_1_1_1_1_1_1_1_1_1_1_1_1_1_1_1_1_1_1_1_1_1_1_1_1_1_1_1_1_1_1_1_1_1_1_1_1_1_1_1_1_1_1_1_1_1_2_1_1_1_2_2,58.90722078012504,12,7754,2021,"{""type"":""Point"",""coordinates"":[0.0,0.0]}"
1_1_1_1_1_1_1_1_1_1_1_1_1_1_1_1_1_1_1_1_1_1_1_1_1_1_1_1_1_1_1_1_1_1_1_1_1_1_1_1_1_1_1_1_1_1_1_2_1_1_1_2_3,87076.49764697373,21,7754,2021,"{""type"":""Point"",""coordinates"":[0.0,0.0]}"
1_1_1_1_1_1_1_1_1_1_1_1_1_1_1_1_1_1_1_1_1_1_1_1_1_1_1_1_1_1_1_1_1_1_1_1_1_1_1_1_1_1_1_1_1_1_1_2_1_1_1_2_4,18.909674147422642,22,7754,2021,"{""type"":""Point"",""coordinates"":[0.0,0.0]}"
1_1_1_1_1_1_1_1_1_1_1_1_1_1_1_1_1_1_1_1_1_1_1_1_1_1_1_1_1_1_1_1_1_1_1_1_1_1_1_1_1_1_1_1_1_1_1_2_1_1_1_2_5,28.7015988963647,29,7754,2021,"{""type"":""Point"",""coordinates"":[0.0,0.0]}"
1_1_1_1_1_1_1_1_1_1_1_1_1_1_1_1_1_1_1_1_1_1_1_1_1_1_1_1_1_1_1_1_1_1_1_1_1_1_1_1_1_1_1_1_1_1_1_2_1_1_1_2_6,136.2871862961474,33,7754,2021,"{""type"":""Point"",""coordinates"":[0.0,0.0]}"
1_1_1_1_1_1_1_1_1_1_1_1_1_1_1_1_1_1_1_1_1_1_1_1_1_1_1_1_1_1_1_1_1_1_1_1_1_1_1_1_1_1_1_1_1_1_1_2_1_1_2_0,18337.119723069387,3,7754,2022,"{""type"":""Point"",""coordinates"":[0.0,0.0]}"
1_1_1_1_1_1_1_1_1_1_1_1_1_1_1_1_1_1_1_1_1_1_1_1_1_1_1_1_1_1_1_1_1_1_1_1_1_1_1_1_1_1_1_1_1_1_1_2_1_1_2_1,83949.09369336176,4,7754,2022,"{""type"":""Point"",""coordinates"":[0.0,0.0]}"
1_1_1_1_1_1_1_1_1_1_1_1_1_1_1_1_1_1_1_1_1_1_1_1_1_1_1_1_1_1_1_1_1_1_1_1_1_1_1_1_1_1_1_1_1_1_1_2_1_1_2_2,57.10745535316619,12,7754,2022,"{""type"":""Point"",""coordinates"":[0.0,0.0]}"
1_1_1_1_1_1_1_1_1_1_1_1_1_1_1_1_1_1_1_1_1_1_1_1_1_1_1_1_1_1_1_1_1_1_1_1_1_1_1_1_1_1_1_1_1_1_1_2_1_1_2_3,80351.33288774041,21,7754,2022,"{""type"":""Point"",""coordinates"":[0.0,0.0]}"
1_1_1_1_1_1_1_1_1_1_1_1_1_1_1_1_1_1_1_1_1_1_1_1_1_1_1_1_1_1_1_1_1_1_1_1_1_1_1_1_1_1_1_1_1_1_1_2_1_1_2_4,7.66794197579178,22,7754,2022,"{""type"":""Point"",""coordinates"":[0.0,0.0]}"
1_1_1_1_1_1_1_1_1_1_1_1_1_1_1_1_1_1_1_1_1_1_1_1_1_1_1_1_1_1_1_1_1_1_1_1_1_1_1_1_1_1_1_1_1_1_1_2_1_1_2_5,30.758964758300785,29,7754,2022,"{""type"":""Point"",""coordinates"":[0.0,0.0]}"
1_1_1_1_1_1_1_1_1_1_1_1_1_1_1_1_1_1_1_1_1_1_1_1_1_1_1_1_1_1_1_1_1_1_1_1_1_1_1_1_1_1_1_1_1_1_1_2_1_1_2_6,410.2305220812276,33,7754,2022,"{""type"":""Point"",""coordinates"":[0.0,0.0]}"
1_1_1_1_1_1_1_1_1_1_1_1_1_1_1_1_1_1_1_1_1_1_1_1_1_1_1_1_1_1_1_1_1_1_1_1_1_1_1_1_1_1_1_1_1_1_1_2_1_2_0,13749.83012478445,3,7754,2023,"{""type"":""Point"",""coordinates"":[0.0,0.0]}"
1_1_1_1_1_1_1_1_1_1_1_1_1_1_1_1_1_1_1_1_1_1_1_1_1_1_1_1_1_1_1_1_1_1_1_1_1_1_1_1_1_1_1_1_1_1_1_2_1_2_1,92591.47180801541,4,7754,2023,"{""type"":""Point"",""coordinates"":[0.0,0.0]}"
1_1_1_1_1_1_1_1_1_1_1_1_1_1_1_1_1_1_1_1_1_1_1_1_1_1_1_1_1_1_1_1_1_1_1_1_1_1_1_1_1_1_1_1_1_1_1_2_1_2_2,34.03551456164789,12,7754,2023,"{""type"":""Point"",""coordinates"":[0.0,0.0]}"
1_1_1_1_1_1_1_1_1_1_1_1_1_1_1_1_1_1_1_1_1_1_1_1_1_1_1_1_1_1_1_1_1_1_1_1_1_1_1_1_1_1_1_1_1_1_1_2_1_2_3,76478.88145624446,21,7754,2023,"{""type"":""Point"",""coordinates"":[0.0,0.0]}"
1_1_1_1_1_1_1_1_1_1_1_1_1_1_1_1_1_1_1_1_1_1_1_1_1_1_1_1_1_1_1_1_1_1_1_1_1_1_1_1_1_1_1_1_1_1_1_2_1_2_4,0.34857019653320315,22,7754,2023,"{""type"":""Point"",""coordinates"":[0.0,0.0]}"
1_1_1_1_1_1_1_1_1_1_1_1_1_1_1_1_1_1_1_1_1_1_1_1_1_1_1_1_1_1_1_1_1_1_1_1_1_1_1_1_1_1_1_1_1_1_1_2_1_2_5,3.7472901794433597,29,7754,2023,"{""type"":""Point"",""coordinates"":[0.0,0.0]}"
1_1_1_1_1_1_1_1_1_1_1_1_1_1_1_1_1_1_1_1_1_1_1_1_1_1_1_1_1_1_1_1_1_1_1_1_1_1_1_1_1_1_1_1_1_1_1_2_1_2_6,284.996424362746,33,7754,2023,"{""type"":""Point"",""coordinates"":[0.0,0.0]}"
1_1_1_1_1_1_1_1_1_1_1_1_1_1_1_1_1_1_1_1_1_1_1_1_1_1_1_1_1_1_1_1_1_1_1_1_1_1_1_1_1_1_1_1_1_1_1_2_2_0,19928.240478157124,3,7754,2024,"{""type"":""Point"",""coordinates"":[0.0,0.0]}"
1_1_1_1_1_1_1_1_1_1_1_1_1_1_1_1_1_1_1_1_1_1_1_1_1_1_1_1_1_1_1_1_1_1_1_1_1_1_1_1_1_1_1_1_1_1_1_2_2_1,88834.31773610954,4,7754,2024,"{""type"":""Point"",""coordinates"":[0.0,0.0]}"
1_1_1_1_1_1_1_1_1_1_1_1_1_1_1_1_1_1_1_1_1_1_1_1_1_1_1_1_1_1_1_1_1_1_1_1_1_1_1_1_1_1_1_1_1_1_1_2_2_2,39.04357008666993,12,7754,2024,"{""type"":""Point"",""coordinates"":[0.0,0.0]}"
1_1_1_1_1_1_1_1_1_1_1_1_1_1_1_1_1_1_1_1_1_1_1_1_1_1_1_1_1_1_1_1_1_1_1_1_1_1_1_1_1_1_1_1_1_1_1_2_2_3,74057.71411995438,21,7754,2024,"{""type"":""Point"",""coordinates"":[0.0,0.0]}"
1_1_1_1_1_1_1_1_1_1_1_1_1_1_1_1_1_1_1_1_1_1_1_1_1_1_1_1_1_1_1_1_1_1_1_1_1_1_1_1_1_1_1_1_1_1_1_2_2_4,1.1330478027343749,22,7754,2024,"{""type"":""Point"",""coordinates"":[0.0,0.0]}"
1_1_1_1_1_1_1_1_1_1_1_1_1_1_1_1_1_1_1_1_1_1_1_1_1_1_1_1_1_1_1_1_1_1_1_1_1_1_1_1_1_1_1_1_1_1_1_2_2_5,83.67073894234437,29,7754,2024,"{""type"":""Point"",""coordinates"":[0.0,0.0]}"
1_1_1_1_1_1_1_1_1_1_1_1_1_1_1_1_1_1_1_1_1_1_1_1_1_1_1_1_1_1_1_1_1_1_1_1_1_1_1_1_1_1_1_1_1_1_1_2_2_6,199.19149729427585,33,7754,2024,"{""type"":""Point"",""coordinates"":[0.0,0.0]}"
1_1_1_1_1_1_1_1_1_1_1_1_1_1_1_1_1_1_1_1_1_1_1_1_1_1_1_1_1_1_1_1_1_1_1_1_1_1_1_1_1_1_1_1_1_1_2_1_1_1_1_1_1_1_1_2_0,3919.4912995342065,3,7581,2016,"{""type"":""Point"",""coordinates"":[0.0,0.0]}"
1_1_1_1_1_1_1_1_1_1_1_1_1_1_1_1_1_1_1_1_1_1_1_1_1_1_1_1_1_1_1_1_1_1_1_1_1_1_1_1_1_1_1_1_1_1_2_1_1_1_1_1_1_1_1_2_1,285187.6390604939,4,7581,2016,"{""type"":""Point"",""coordinates"":[0.0,0.0]}"
1_1_1_1_1_1_1_1_1_1_1_1_1_1_1_1_1_1_1_1_1_1_1_1_1_1_1_1_1_1_1_1_1_1_1_1_1_1_1_1_1_1_1_1_1_1_2_1_1_1_1_1_1_1_1_2_2,2.394106396484375,12,7581,2016,"{""type"":""Point"",""coordinates"":[0.0,0.0]}"
1_1_1_1_1_1_1_1_1_1_1_1_1_1_1_1_1_1_1_1_1_1_1_1_1_1_1_1_1_1_1_1_1_1_1_1_1_1_1_1_1_1_1_1_1_1_2_1_1_1_1_1_1_1_1_2_3,374631.5097337541,21,7581,2016,"{""type"":""Point"",""coordinates"":[0.0,0.0]}"
1_1_1_1_1_1_1_1_1_1_1_1_1_1_1_1_1_1_1_1_1_1_1_1_1_1_1_1_1_1_1_1_1_1_1_1_1_1_1_1_1_1_1_1_1_1_2_1_1_1_1_1_1_1_1_2_4,399.26352608419984,22,7581,2016,"{""type"":""Point"",""coordinates"":[0.0,0.0]}"
1_1_1_1_1_1_1_1_1_1_1_1_1_1_1_1_1_1_1_1_1_1_1_1_1_1_1_1_1_1_1_1_1_1_1_1_1_1_1_1_1_1_1_1_1_1_2_1_1_1_1_1_1_1_1_2_5,3.369887042236327,29,7581,2016,"{""type"":""Point"",""coordinates"":[0.0,0.0]}"
1_1_1_1_1_1_1_1_1_1_1_1_1_1_1_1_1_1_1_1_1_1_1_1_1_1_1_1_1_1_1_1_1_1_1_1_1_1_1_1_1_1_1_1_1_1_2_1_1_1_1_1_1_1_1_2_6,2085.801346306972,33,7581,2016,"{""type"":""Point"",""coordinates"":[0.0,0.0]}"
1_1_1_1_1_1_1_1_1_1_1_1_1_1_1_1_1_1_1_1_1_1_1_1_1_1_1_1_1_1_1_1_1_1_1_1_1_1_1_1_1_1_1_1_1_1_2_1_1_1_1_1_1_1_2_0,2972.0184618553953,3,7581,2017,"{""type"":""Point"",""coordinates"":[0.0,0.0]}"
1_1_1_1_1_1_1_1_1_1_1_1_1_1_1_1_1_1_1_1_1_1_1_1_1_1_1_1_1_1_1_1_1_1_1_1_1_1_1_1_1_1_1_1_1_1_2_1_1_1_1_1_1_1_2_1,290173.5933768948,4,7581,2017,"{""type"":""Point"",""coordinates"":[0.0,0.0]}"
1_1_1_1_1_1_1_1_1_1_1_1_1_1_1_1_1_1_1_1_1_1_1_1_1_1_1_1_1_1_1_1_1_1_1_1_1_1_1_1_1_1_1_1_1_1_2_1_1_1_1_1_1_1_2_2,0.7983211242675782,12,7581,2017,"{""type"":""Point"",""coordinates"":[0.0,0.0]}"
1_1_1_1_1_1_1_1_1_1_1_1_1_1_1_1_1_1_1_1_1_1_1_1_1_1_1_1_1_1_1_1_1_1_1_1_1_1_1_1_1_1_1_1_1_1_2_1_1_1_1_1_1_1_2_3,371354.0195190302,21,7581,2017,"{""type"":""Point"",""coordinates"":[0.0,0.0]}"
1_1_1_1_1_1_1_1_1_1_1_1_1_1_1_1_1_1_1_1_1_1_1_1_1_1_1_1_1_1_1_1_1_1_1_1_1_1_1_1_1_1_1_1_1_1_2_1_1_1_1_1_1_1_2_4,111.20579882326615,22,7581,2017,"{""type"":""Point"",""coordinates"":[0.0,0.0]}"
1_1_1_1_1_1_1_1_1_1_1_1_1_1_1_1_1_1_1_1_1_1_1_1_1_1_1_1_1_1_1_1_1_1_1_1_1_1_1_1_1_1_1_1_1_1_2_1_1_1_1_1_1_1_2_5,1.2419472106933593,29,7581,2017,"{""type"":""Point"",""coordinates"":[0.0,0.0]}"
1_1_1_1_1_1_1_1_1_1_1_1_1_1_1_1_1_1_1_1_1_1_1_1_1_1_1_1_1_1_1_1_1_1_1_1_1_1_1_1_1_1_1_1_1_1_2_1_1_1_1_1_1_1_2_6,1616.5915347029365,33,7581,2017,"{""type"":""Point"",""coordinates"":[0.0,0.0]}"
1_1_1_1_1_1_1_1_1_1_1_1_1_1_1_1_1_1_1_1_1_1_1_1_1_1_1_1_1_1_1_1_1_1_1_1_1_1_1_1_1_1_1_1_1_1_2_1_1_1_1_1_1_2_0,2302.5155541766253,3,7581,2018,"{""type"":""Point"",""coordinates"":[0.0,0.0]}"
1_1_1_1_1_1_1_1_1_1_1_1_1_1_1_1_1_1_1_1_1_1_1_1_1_1_1_1_1_1_1_1_1_1_1_1_1_1_1_1_1_1_1_1_1_1_2_1_1_1_1_1_1_2_1,275788.2233370695,4,7581,2018,"{""type"":""Point"",""coordinates"":[0.0,0.0]}"
1_1_1_1_1_1_1_1_1_1_1_1_1_1_1_1_1_1_1_1_1_1_1_1_1_1_1_1_1_1_1_1_1_1_1_1_1_1_1_1_1_1_1_1_1_1_2_1_1_1_1_1_1_2_2,1.2416837951660158,12,7581,2018,"{""type"":""Point"",""coordinates"":[0.0,0.0]}"
1_1_1_1_1_1_1_1_1_1_1_1_1_1_1_1_1_1_1_1_1_1_1_1_1_1_1_1_1_1_1_1_1_1_1_1_1_1_1_1_1_1_1_1_1_1_2_1_1_1_1_1_1_2_3,385034.35789540684,21,7581,2018,"{""type"":""Point"",""coordinates"":[0.0,0.0]}"
1_1_1_1_1_1_1_1_1_1_1_1_1_1_1_1_1_1_1_1_1_1_1_1_1_1_1_1_1_1_1_1_1_1_1_1_1_1_1_1_1_1_1_1_1_1_2_1_1_1_1_1_1_2_4,192.5138005870145,22,7581,2018,"{""type"":""Point"",""coordinates"":[0.0,0.0]}"
1_1_1_1_1_1_1_1_1_1_1_1_1_1_1_1_1_1_1_1_1_1_1_1_1_1_1_1_1_1_1_1_1_1_1_1_1_1_1_1_1_1_1_1_1_1_2_1_1_1_1_1_1_2_5,99.43648306884744,29,7581,2018,"{""type"":""Point"",""coordinates"":[0.0,0.0]}"
1_1_1_1_1_1_1_1_1_1_1_1_1_1_1_1_1_1_1_1_1_1_1_1_1_1_1_1_1_1_1_1_1_1_1_1_1_1_1_1_1_1_1_1_1_1_2_1_1_1_1_1_1_2_6,2811.180205496444,33,7581,2018,"{""type"":""Point"",""coordinates"":[0.0,0.0]}"
1_1_1_1_1_1_1_1_1_1_1_1_1_1_1_1_1_1_1_1_1_1_1_1_1_1_1_1_1_1_1_1_1_1_1_1_1_1_1_1_1_1_1_1_1_1_2_1_1_1_1_1_2_0,4874.562342683657,3,7581,2019,"{""type"":""Point"",""coordinates"":[0.0,0.0]}"
1_1_1_1_1_1_1_1_1_1_1_1_1_1_1_1_1_1_1_1_1_1_1_1_1_1_1_1_1_1_1_1_1_1_1_1_1_1_1_1_1_1_1_1_1_1_2_1_1_1_1_1_2_1,242794.62710998848,4,7581,2019,"{""type"":""Point"",""coordinates"":[0.0,0.0]}"
1_1_1_1_1_1_1_1_1_1_1_1_1_1_1_1_1_1_1_1_1_1_1_1_1_1_1_1_1_1_1_1_1_1_1_1_1_1_1_1_1_1_1_1_1_1_2_1_1_1_1_1_2_2,2.2166922912597657,12,7581,2019,"{""type"":""Point"",""coordinates"":[0.0,0.0]}"
1_1_1_1_1_1_1_1_1_1_1_1_1_1_1_1_1_1_1_1_1_1_1_1_1_1_1_1_1_1_1_1_1_1_1_1_1_1_1_1_1_1_1_1_1_1_2_1_1_1_1_1_2_3,415340.32159596944,21,7581,2019,"{""type"":""Point"",""coordinates"":[0.0,0.0]}"
1_1_1_1_1_1_1_1_1_1_1_1_1_1_1_1_1_1_1_1_1_1_1_1_1_1_1_1_1_1_1_1_1_1_1_1_1_1_1_1_1_1_1_1_1_1_2_1_1_1_1_1_2_4,3.1041817871093746,22,7581,2019,"{""type"":""Point"",""coordinates"":[0.0,0.0]}"
1_1_1_1_1_1_1_1_1_1_1_1_1_1_1_1_1_1_1_1_1_1_1_1_1_1_1_1_1_1_1_1_1_1_1_1_1_1_1_1_1_1_1_1_1_1_2_1_1_1_1_1_2_5,4.3463390319824216,29,7581,2019,"{""type"":""Point"",""coordinates"":[0.0,0.0]}"
1_1_1_1_1_1_1_1_1_1_1_1_1_1_1_1_1_1_1_1_1_1_1_1_1_1_1_1_1_1_1_1_1_1_1_1_1_1_1_1_1_1_1_1_1_1_2_1_1_1_1_1_2_6,3210.2906978493793,33,7581,2019,"{""type"":""Point"",""coordinates"":[0.0,0.0]}"
1_1_1_1_1_1_1_1_1_1_1_1_1_1_1_1_1_1_1_1_1_1_1_1_1_1_1_1_1_1_1_1_1_1_1_1_1_1_1_1_1_1_1_1_1_1_2_1_1_1_1_2_0,1982.4282384219996,3,7581,2020,"{""type"":""Point"",""coordinates"":[0.0,0.0]}"
1_1_1_1_1_1_1_1_1_1_1_1_1_1_1_1_1_1_1_1_1_1_1_1_1_1_1_1_1_1_1_1_1_1_1_1_1_1_1_1_1_1_1_1_1_1_2_1_1_1_1_2_1,245791.60129578397,4,7581,2020,"{""type"":""Point"",""coordinates"":[0.0,0.0]}"
1_1_1_1_1_1_1_1_1_1_1_1_1_1_1_1_1_1_1_1_1_1_1_1_1_1_1_1_1_1_1_1_1_1_1_1_1_1_1_1_1_1_1_1_1_1_2_1_1_1_1_2_2,1.5070851135253909,12,7581,2020,"{""type"":""Point"",""coordinates"":[0.0,0.0]}"
1_1_1_1_1_1_1_1_1_1_1_1_1_1_1_1_1_1_1_1_1_1_1_1_1_1_1_1_1_1_1_1_1_1_1_1_1_1_1_1_1_1_1_1_1_1_2_1_1_1_1_2_3,413492.11511329474,21,7581,2020,"{""type"":""Point"",""coordinates"":[0.0,0.0]}"
1_1_1_1_1_1_1_1_1_1_1_1_1_1_1_1_1_1_1_1_1_1_1_1_1_1_1_1_1_1_1_1_1_1_1_1_1_1_1_1_1_1_1_1_1_1_2_1_1_1_1_2_4,42.92661828682696,22,7581,2020,"{""type"":""Point"",""coordinates"":[0.0,0.0]}"
1_1_1_1_1_1_1_1_1_1_1_1_1_1_1_1_1_1_1_1_1_1_1_1_1_1_1_1_1_1_1_1_1_1_1_1_1_1_1_1_1_1_1_1_1_1_2_1_1_1_1_2_5,33.26637474975589,29,7581,2020,"{""type"":""Point"",""coordinates"":[0.0,0.0]}"
1_1_1_1_1_1_1_1_1_1_1_1_1_1_1_1_1_1_1_1_1_1_1_1_1_1_1_1_1_1_1_1_1_1_1_1_1_1_1_1_1_1_1_1_1_1_2_1_1_1_1_2_6,4885.624233936254,33,7581,2020,"{""type"":""Point"",""coordinates"":[0.0,0.0]}"
1_1_1_1_1_1_1_1_1_1_1_1_1_1_1_1_1_1_1_1_1_1_1_1_1_1_1_1_1_1_1_1_1_1_1_1_1_1_1_1_1_1_1_1_1_1_2_1_1_1_2_0,1640.7748082636058,3,7581,2021,"{""type"":""Point"",""coordinates"":[0.0,0.0]}"
1_1_1_1_1_1_1_1_1_1_1_1_1_1_1_1_1_1_1_1_1_1_1_1_1_1_1_1_1_1_1_1_1_1_1_1_1_1_1_1_1_1_1_1_1_1_2_1_1_1_2_1,267995.68116045644,4,7581,2021,"{""type"":""Point"",""coordinates"":[0.0,0.0]}"
1_1_1_1_1_1_1_1_1_1_1_1_1_1_1_1_1_1_1_1_1_1_1_1_1_1_1_1_1_1_1_1_1_1_1_1_1_1_1_1_1_1_1_1_1_1_2_1_1_1_2_2,6.029007745361328,12,7581,2021,"{""type"":""Point"",""coordinates"":[0.0,0.0]}"
1_1_1_1_1_1_1_1_1_1_1_1_1_1_1_1_1_1_1_1_1_1_1_1_1_1_1_1_1_1_1_1_1_1_1_1_1_1_1_1_1_1_1_1_1_1_2_1_1_1_2_3,392297.16836847673,21,7581,2021,"{""type"":""Point"",""coordinates"":[0.0,0.0]}"
1_1_1_1_1_1_1_1_1_1_1_1_1_1_1_1_1_1_1_1_1_1_1_1_1_1_1_1_1_1_1_1_1_1_1_1_1_1_1_1_1_1_1_1_1_1_2_1_1_1_2_4,432.82801329668837,22,7581,2021,"{""type"":""Point"",""coordinates"":[0.0,0.0]}"
1_1_1_1_1_1_1_1_1_1_1_1_1_1_1_1_1_1_1_1_1_1_1_1_1_1_1_1_1_1_1_1_1_1_1_1_1_1_1_1_1_1_1_1_1_1_2_1_1_1_2_5,21.655676441411035,29,7581,2021,"{""type"":""Point"",""coordinates"":[0.0,0.0]}"
1_1_1_1_1_1_1_1_1_1_1_1_1_1_1_1_1_1_1_1_1_1_1_1_1_1_1_1_1_1_1_1_1_1_1_1_1_1_1_1_1_1_1_1_1_1_2_1_1_1_2_6,3835.33192489623,33,7581,2021,"{""type"":""Point"",""coordinates"":[0.0,0.0]}"
1_1_1_1_1_1_1_1_1_1_1_1_1_1_1_1_1_1_1_1_1_1_1_1_1_1_1_1_1_1_1_1_1_1_1_1_1_1_1_1_1_1_1_1_1_1_2_1_1_2_0,1872.5347293539726,3,7581,2022,"{""type"":""Point"",""coordinates"":[0.0,0.0]}"
1_1_1_1_1_1_1_1_1_1_1_1_1_1_1_1_1_1_1_1_1_1_1_1_1_1_1_1_1_1_1_1_1_1_1_1_1_1_1_1_1_1_1_1_1_1_2_1_1_2_1,273498.37638435606,4,7581,2022,"{""type"":""Point"",""coordinates"":[0.0,0.0]}"
1_1_1_1_1_1_1_1_1_1_1_1_1_1_1_1_1_1_1_1_1_1_1_1_1_1_1_1_1_1_1_1_1_1_1_1_1_1_1_1_1_1_1_1_1_1_2_1_1_2_2,4.079635766601562,12,7581,2022,"{""type"":""Point"",""coordinates"":[0.0,0.0]}"
1_1_1_1_1_1_1_1_1_1_1_1_1_1_1_1_1_1_1_1_1_1_1_1_1_1_1_1_1_1_1_1_1_1_1_1_1_1_1_1_1_1_1_1_1_1_2_1_1_2_3,384071.2228313255,21,7581,2022,"{""type"":""Point"",""coordinates"":[0.0,0.0]}"
1_1_1_1_1_1_1_1_1_1_1_1_1_1_1_1_1_1_1_1_1_1_1_1_1_1_1_1_1_1_1_1_1_1_1_1_1_1_1_1_1_1_1_1_1_1_2_1_1_2_4,2887.1366050458064,22,7581,2022,"{""type"":""Point"",""coordinates"":[0.0,0.0]}"
1_1_1_1_1_1_1_1_1_1_1_1_1_1_1_1_1_1_1_1_1_1_1_1_1_1_1_1_1_1_1_1_1_1_1_1_1_1_1_1_1_1_1_1_1_1_2_1_1_2_5,97.15959252319344,29,7581,2022,"{""type"":""Point"",""coordinates"":[0.0,0.0]}"
1_1_1_1_1_1_1_1_1_1_1_1_1_1_1_1_1_1_1_1_1_1_1_1_1_1_1_1_1_1_1_1_1_1_1_1_1_1_1_1_1_1_1_1_1_1_2_1_1_2_6,3798.9591812081435,33,7581,2022,"{""type"":""Point"",""coordinates"":[0.0,0.0]}"
1_1_1_1_1_1_1_1_1_1_1_1_1_1_1_1_1_1_1_1_1_1_1_1_1_1_1_1_1_1_1_1_1_1_1_1_1_1_1_1_1_1_1_1_1_1_2_1_2_0,5506.928495180445,3,7581,2023,"{""type"":""Point"",""coordinates"":[0.0,0.0]}"
1_1_1_1_1_1_1_1_1_1_1_1_1_1_1_1_1_1_1_1_1_1_1_1_1_1_1_1_1_1_1_1_1_1_1_1_1_1_1_1_1_1_1_1_1_1_2_1_2_1,276160.020362348,4,7581,2023,"{""type"":""Point"",""coordinates"":[0.0,0.0]}"
1_1_1_1_1_1_1_1_1_1_1_1_1_1_1_1_1_1_1_1_1_1_1_1_1_1_1_1_1_1_1_1_1_1_1_1_1_1_1_1_1_1_1_1_1_1_2_1_2_2,13.394395874023436,12,7581,2023,"{""type"":""Point"",""coordinates"":[0.0,0.0]}"
1_1_1_1_1_1_1_1_1_1_1_1_1_1_1_1_1_1_1_1_1_1_1_1_1_1_1_1_1_1_1_1_1_1_1_1_1_1_1_1_1_1_1_1_1_1_2_1_2_3,377116.5576120904,21,7581,2023,"{""type"":""Point"",""coordinates"":[0.0,0.0]}"
1_1_1_1_1_1_1_1_1_1_1_1_1_1_1_1_1_1_1_1_1_1_1_1_1_1_1_1_1_1_1_1_1_1_1_1_1_1_1_1_1_1_1_1_1_1_2_1_2_4,527.0616602591,22,7581,2023,"{""type"":""Point"",""coordinates"":[0.0,0.0]}"
1_1_1_1_1_1_1_1_1_1_1_1_1_1_1_1_1_1_1_1_1_1_1_1_1_1_1_1_1_1_1_1_1_1_1_1_1_1_1_1_1_1_1_1_1_1_2_1_2_5,1971.9570143348442,29,7581,2023,"{""type"":""Point"",""coordinates"":[0.0,0.0]}"
1_1_1_1_1_1_1_1_1_1_1_1_1_1_1_1_1_1_1_1_1_1_1_1_1_1_1_1_1_1_1_1_1_1_1_1_1_1_1_1_1_1_1_1_1_1_2_1_2_6,4933.549419499507,33,7581,2023,"{""type"":""Point"",""coordinates"":[0.0,0.0]}"
1_1_1_1_1_1_1_1_1_1_1_1_1_1_1_1_1_1_1_1_1_1_1_1_1_1_1_1_1_1_1_1_1_1_1_1_1_1_1_1_1_1_1_1_1_1_2_2_0,5276.090854230834,3,7581,2024,"{""type"":""Point"",""coordinates"":[0.0,0.0]}"
1_1_1_1_1_1_1_1_1_1_1_1_1_1_1_1_1_1_1_1_1_1_1_1_1_1_1_1_1_1_1_1_1_1_1_1_1_1_1_1_1_1_1_1_1_1_2_2_1,282739.6951180816,4,7581,2024,"{""type"":""Point"",""coordinates"":[0.0,0.0]}"
1_1_1_1_1_1_1_1_1_1_1_1_1_1_1_1_1_1_1_1_1_1_1_1_1_1_1_1_1_1_1_1_1_1_1_1_1_1_1_1_1_1_1_1_1_1_2_2_2,54.31035228307386,12,7581,2024,"{""type"":""Point"",""coordinates"":[0.0,0.0]}"
1_1_1_1_1_1_1_1_1_1_1_1_1_1_1_1_1_1_1_1_1_1_1_1_1_1_1_1_1_1_1_1_1_1_1_1_1_1_1_1_1_1_1_1_1_1_2_2_3,371589.98555673484,21,7581,2024,"{""type"":""Point"",""coordinates"":[0.0,0.0]}"
1_1_1_1_1_1_1_1_1_1_1_1_1_1_1_1_1_1_1_1_1_1_1_1_1_1_1_1_1_1_1_1_1_1_1_1_1_1_1_1_1_1_1_1_1_1_2_2_4,1253.864594543598,22,7581,2024,"{""type"":""Point"",""coordinates"":[0.0,0.0]}"
1_1_1_1_1_1_1_1_1_1_1_1_1_1_1_1_1_1_1_1_1_1_1_1_1_1_1_1_1_1_1_1_1_1_1_1_1_1_1_1_1_1_1_1_1_1_2_2_5,26.161709301757806,29,7581,2024,"{""type"":""Point"",""coordinates"":[0.0,0.0]}"
1_1_1_1_1_1_1_1_1_1_1_1_1_1_1_1_1_1_1_1_1_1_1_1_1_1_1_1_1_1_1_1_1_1_1_1_1_1_1_1_1_1_1_1_1_1_2_2_6,5289.360774419795,33,7581,2024,"{""type"":""Point"",""coordinates"":[0.0,0.0]}"
1_1_1_1_1_1_1_1_1_1_1_1_1_1_1_1_1_1_1_1_1_1_1_1_1_1_1_1_1_1_1_1_1_1_1_1_1_1_1_1_1_1_1_1_1_2_1_1_1_1_1_1_1_1_2_0,13.313400685317099,3,7625,2016,"{""type"":""Point"",""coordinates"":[0.0,0.0]}"
1_1_1_1_1_1_1_1_1_1_1_1_1_1_1_1_1_1_1_1_1_1_1_1_1_1_1_1_1_1_1_1_1_1_1_1_1_1_1_1_1_1_1_1_1_2_1_1_1_1_1_1_1_1_2_1,7156.4480041534725,4,7625,2016,"{""type"":""Point"",""coordinates"":[0.0,0.0]}"
1_1_1_1_1_1_1_1_1_1_1_1_1_1_1_1_1_1_1_1_1_1_1_1_1_1_1_1_1_1_1_1_1_1_1_1_1_1_1_1_1_1_1_1_1_2_1_1_1_1_1_1_1_1_2_2,5.160698413085936,12,7625,2016,"{""type"":""Point"",""coordinates"":[0.0,0.0]}"
1_1_1_1_1_1_1_1_1_1_1_1_1_1_1_1_1_1_1_1_1_1_1_1_1_1_1_1_1_1_1_1_1_1_1_1_1_1_1_1_1_1_1_1_1_2_1_1_1_1_1_1_1_1_2_3,2240.9367917459444,21,7625,2016,"{""type"":""Point"",""coordinates"":[0.0,0.0]}"
1_1_1_1_1_1_1_1_1_1_1_1_1_1_1_1_1_1_1_1_1_1_1_1_1_1_1_1_1_1_1_1_1_1_1_1_1_1_1_1_1_1_1_1_1_2_1_1_1_1_1_1_1_1_2_4,0.3498774475097656,22,7625,2016,"{""type"":""Point"",""coordinates"":[0.0,0.0]}"
1_1_1_1_1_1_1_1_1_1_1_1_1_1_1_1_1_1_1_1_1_1_1_1_1_1_1_1_1_1_1_1_1_1_1_1_1_1_1_1_1_1_1_1_1_2_1_1_1_1_1_1_1_1_2_5,0.6997635681152344,29,7625,2016,"{""type"":""Point"",""coordinates"":[0.0,0.0]}"
1_1_1_1_1_1_1_1_1_1_1_1_1_1_1_1_1_1_1_1_1_1_1_1_1_1_1_1_1_1_1_1_1_1_1_1_1_1_1_1_1_1_1_1_1_2_1_1_1_1_1_1_1_2_0,225.14263142906194,3,7625,2017,"{""type"":""Point"",""coordinates"":[0.0,0.0]}"
1_1_1_1_1_1_1_1_1_1_1_1_1_1_1_1_1_1_1_1_1_1_1_1_1_1_1_1_1_1_1_1_1_1_1_1_1_1_1_1_1_1_1_1_1_2_1_1_1_1_1_1_1_2_1,7006.523225276294,4,7625,2017,"{""type"":""Point"",""coordinates"":[0.0,0.0]}"
1_1_1_1_1_1_1_1_1_1_1_1_1_1_1_1_1_1_1_1_1_1_1_1_1_1_1_1_1_1_1_1_1_1_1_1_1_1_1_1_1_1_1_1_1_2_1_1_1_1_1_1_1_2_2,1.3994802124023438,12,7625,2017,"{""type"":""Point"",""coordinates"":[0.0,0.0]}"
1_1_1_1_1_1_1_1_1_1_1_1_1_1_1_1_1_1_1_1_1_1_1_1_1_1_1_1_1_1_1_1_1_1_1_1_1_1_1_1_1_1_1_1_1_2_1_1_1_1_1_1_1_2_3,2182.7706523828165,21,7625,2017,"{""type"":""Point"",""coordinates"":[0.0,0.0]}"
1_1_1_1_1_1_1_1_1_1_1_1_1_1_1_1_1_1_1_1_1_1_1_1_1_1_1_1_1_1_1_1_1_1_1_1_1_1_1_1_1_1_1_1_1_2_1_1_1_1_1_1_1_2_4,0.8976075159648821,22,7625,2017,"{""type"":""Point"",""coordinates"":[0.0,0.0]}"
1_1_1_1_1_1_1_1_1_1_1_1_1_1_1_1_1_1_1_1_1_1_1_1_1_1_1_1_1_1_1_1_1_1_1_1_1_1_1_1_1_1_1_1_1_2_1_1_1_1_1_1_1_2_5,0.17493919677734376,29,7625,2017,"{""type"":""Point"",""coordinates"":[0.0,0.0]}"
1_1_1_1_1_1_1_1_1_1_1_1_1_1_1_1_1_1_1_1_1_1_1_1_1_1_1_1_1_1_1_1_1_1_1_1_1_1_1_1_1_1_1_1_1_2_1_1_1_1_1_1_2_0,101.05584787719734,3,7625,2018,"{""type"":""Point"",""coordinates"":[0.0,0.0]}"
1_1_1_1_1_1_1_1_1_1_1_1_1_1_1_1_1_1_1_1_1_1_1_1_1_1_1_1_1_1_1_1_1_1_1_1_1_1_1_1_1_1_1_1_1_2_1_1_1_1_1_1_2_1,7116.575013847043,4,7625,2018,"{""type"":""Point"",""coordinates"":[0.0,0.0]}"
1_1_1_1_1_1_1_1_1_1_1_1_1_1_1_1_1_1_1_1_1_1_1_1_1_1_1_1_1_1_1_1_1_1_1_1_1_1_1_1_1_1_1_1_1_2_1_1_1_1_1_1_2_2,3.1608232524797026,12,7625,2018,"{""type"":""Point"",""coordinates"":[0.0,0.0]}"
1_1_1_1_1_1_1_1_1_1_1_1_1_1_1_1_1_1_1_1_1_1_1_1_1_1_1_1_1_1_1_1_1_1_1_1_1_1_1_1_1_1_1_1_1_2_1_1_1_1_1_1_2_3,2192.918253501408,21,7625,2018,"{""type"":""Point"",""coordinates"":[0.0,0.0]}"
1_1_1_1_1_1_1_1_1_1_1_1_1_1_1_1_1_1_1_1_1_1_1_1_1_1_1_1_1_1_1_1_1_1_1_1_1_1_1_1_1_1_1_1_1_2_1_1_1_1_1_1_2_4,2.5863214794682525,22,7625,2018,"{""type"":""Point"",""coordinates"":[0.0,0.0]}"
1_1_1_1_1_1_1_1_1_1_1_1_1_1_1_1_1_1_1_1_1_1_1_1_1_1_1_1_1_1_1_1_1_1_1_1_1_1_1_1_1_1_1_1_1_2_1_1_1_1_1_1_2_5,0.6122760559082032,33,7625,2018,"{""type"":""Point"",""coordinates"":[0.0,0.0]}"
1_1_1_1_1_1_1_1_1_1_1_1_1_1_1_1_1_1_1_1_1_1_1_1_1_1_1_1_1_1_1_1_1_1_1_1_1_1_1_1_1_1_1_1_1_2_1_1_1_1_1_2_0,72.11008980497469,3,7625,2019,"{""type"":""Point"",""coordinates"":[0.0,0.0]}"
1_1_1_1_1_1_1_1_1_1_1_1_1_1_1_1_1_1_1_1_1_1_1_1_1_1_1_1_1_1_1_1_1_1_1_1_1_1_1_1_1_1_1_1_1_2_1_1_1_1_1_2_1,7067.393479854552,4,7625,2019,"{""type"":""Point"",""coordinates"":[0.0,0.0]}"
1_1_1_1_1_1_1_1_1_1_1_1_1_1_1_1_1_1_1_1_1_1_1_1_1_1_1_1_1_1_1_1_1_1_1_1_1_1_1_1_1_1_1_1_1_2_1_1_1_1_1_2_2,2.711442578125,12,7625,2019,"{""type"":""Point"",""coordinates"":[0.0,0.0]}"
1_1_1_1_1_1_1_1_1_1_1_1_1_1_1_1_1_1_1_1_1_1_1_1_1_1_1_1_1_1_1_1_1_1_1_1_1_1_1_1_1_1_1_1_1_2_1_1_1_1_1_2_3,2273.247074221396,21,7625,2019,"{""type"":""Point"",""coordinates"":[0.0,0.0]}"
1_1_1_1_1_1_1_1_1_1_1_1_1_1_1_1_1_1_1_1_1_1_1_1_1_1_1_1_1_1_1_1_1_1_1_1_1_1_1_1_1_1_1_1_1_2_1_1_1_1_1_2_4,1.009102459740732,22,7625,2019,"{""type"":""Point"",""coordinates"":[0.0,0.0]}"
1_1_1_1_1_1_1_1_1_1_1_1_1_1_1_1_1_1_1_1_1_1_1_1_1_1_1_1_1_1_1_1_1_1_1_1_1_1_1_1_1_1_1_1_1_2_1_1_1_1_1_2_5,0.43734709472656247,29,7625,2019,"{""type"":""Point"",""coordinates"":[0.0,0.0]}"
1_1_1_1_1_1_1_1_1_1_1_1_1_1_1_1_1_1_1_1_1_1_1_1_1_1_1_1_1_1_1_1_1_1_1_1_1_1_1_1_1_1_1_1_1_2_1_1_1_1_2_0,35.54574034533929,3,7625,2020,"{""type"":""Point"",""coordinates"":[0.0,0.0]}"
1_1_1_1_1_1_1_1_1_1_1_1_1_1_1_1_1_1_1_1_1_1_1_1_1_1_1_1_1_1_1_1_1_1_1_1_1_1_1_1_1_1_1_1_1_2_1_1_1_1_2_1,7027.259628870193,4,7625,2020,"{""type"":""Point"",""coordinates"":[0.0,0.0]}"
1_1_1_1_1_1_1_1_1_1_1_1_1_1_1_1_1_1_1_1_1_1_1_1_1_1_1_1_1_1_1_1_1_1_1_1_1_1_1_1_1_1_1_1_1_2_1_1_1_1_2_2,4.208322951875575,12,7625,2020,"{""type"":""Point"",""coordinates"":[0.0,0.0]}"
1_1_1_1_1_1_1_1_1_1_1_1_1_1_1_1_1_1_1_1_1_1_1_1_1_1_1_1_1_1_1_1_1_1_1_1_1_1_1_1_1_1_1_1_1_2_1_1_1_1_2_3,2338.1714327377776,21,7625,2020,"{""type"":""Point"",""coordinates"":[0.0,0.0]}"
1_1_1_1_1_1_1_1_1_1_1_1_1_1_1_1_1_1_1_1_1_1_1_1_1_1_1_1_1_1_1_1_1_1_1_1_1_1_1_1_1_1_1_1_1_2_1_1_1_1_2_4,9.582407994528381,22,7625,2020,"{""type"":""Point"",""coordinates"":[0.0,0.0]}"
1_1_1_1_1_1_1_1_1_1_1_1_1_1_1_1_1_1_1_1_1_1_1_1_1_1_1_1_1_1_1_1_1_1_1_1_1_1_1_1_1_1_1_1_1_2_1_1_1_1_2_5,0.5666325815716912,29,7625,2020,"{""type"":""Point"",""coordinates"":[0.0,0.0]}"
1_1_1_1_1_1_1_1_1_1_1_1_1_1_1_1_1_1_1_1_1_1_1_1_1_1_1_1_1_1_1_1_1_1_1_1_1_1_1_1_1_1_1_1_1_2_1_1_1_1_2_6,1.5743705322265624,33,7625,2020,"{""type"":""Point"",""coordinates"":[0.0,0.0]}"
1_1_1_1_1_1_1_1_1_1_1_1_1_1_1_1_1_1_1_1_1_1_1_1_1_1_1_1_1_1_1_1_1_1_1_1_1_1_1_1_1_1_1_1_1_2_1_1_1_2_0,98.87506184936514,3,7625,2021,"{""type"":""Point"",""coordinates"":[0.0,0.0]}"
1_1_1_1_1_1_1_1_1_1_1_1_1_1_1_1_1_1_1_1_1_1_1_1_1_1_1_1_1_1_1_1_1_1_1_1_1_1_1_1_1_1_1_1_1_2_1_1_1_2_1,6986.663221977595,4,7625,2021,"{""type"":""Point"",""coordinates"":[0.0,0.0]}"
1_1_1_1_1_1_1_1_1_1_1_1_1_1_1_1_1_1_1_1_1_1_1_1_1_1_1_1_1_1_1_1_1_1_1_1_1_1_1_1_1_1_1_1_1_2_1_1_1_2_2,3.5862120544433593,12,7625,2021,"{""type"":""Point"",""coordinates"":[0.0,0.0]}"
1_1_1_1_1_1_1_1_1_1_1_1_1_1_1_1_1_1_1_1_1_1_1_1_1_1_1_1_1_1_1_1_1_1_1_1_1_1_1_1_1_1_1_1_1_2_1_1_1_2_3,2313.489346521196,21,7625,2021,"{""type"":""Point"",""coordinates"":[0.0,0.0]}"
1_1_1_1_1_1_1_1_1_1_1_1_1_1_1_1_1_1_1_1_1_1_1_1_1_1_1_1_1_1_1_1_1_1_1_1_1_1_1_1_1_1_1_1_1_2_1_1_1_2_4,12.982683241086466,22,7625,2021,"{""type"":""Point"",""coordinates"":[0.0,0.0]}"
1_1_1_1_1_1_1_1_1_1_1_1_1_1_1_1_1_1_1_1_1_1_1_1_1_1_1_1_1_1_1_1_1_1_1_1_1_1_1_1_1_1_1_1_1_2_1_1_1_2_5,0.17492803955078123,29,7625,2021,"{""type"":""Point"",""coordinates"":[0.0,0.0]}"
1_1_1_1_1_1_1_1_1_1_1_1_1_1_1_1_1_1_1_1_1_1_1_1_1_1_1_1_1_1_1_1_1_1_1_1_1_1_1_1_1_1_1_1_1_2_1_1_1_2_6,1.137082330322266,33,7625,2021,"{""type"":""Point"",""coordinates"":[0.0,0.0]}"
1_1_1_1_1_1_1_1_1_1_1_1_1_1_1_1_1_1_1_1_1_1_1_1_1_1_1_1_1_1_1_1_1_1_1_1_1_1_1_1_1_1_1_1_1_2_1_1_2_0,65.74572528210197,3,7625,2022,"{""type"":""Point"",""coordinates"":[0.0,0.0]}"
1_1_1_1_1_1_1_1_1_1_1_1_1_1_1_1_1_1_1_1_1_1_1_1_1_1_1_1_1_1_1_1_1_1_1_1_1_1_1_1_1_1_1_1_1_2_1_1_2_1,6960.940396698263,4,7625,2022,"{""type"":""Point"",""coordinates"":[0.0,0.0]}"
1_1_1_1_1_1_1_1_1_1_1_1_1_1_1_1_1_1_1_1_1_1_1_1_1_1_1_1_1_1_1_1_1_1_1_1_1_1_1_1_1_1_1_1_1_2_1_1_2_2,4.9857840270996086,12,7625,2022,"{""type"":""Point"",""coordinates"":[0.0,0.0]}"
1_1_1_1_1_1_1_1_1_1_1_1_1_1_1_1_1_1_1_1_1_1_1_1_1_1_1_1_1_1_1_1_1_1_1_1_1_1_1_1_1_1_1_1_1_2_1_1_2_3,2377.490334885831,21,7625,2022,"{""type"":""Point"",""coordinates"":[0.0,0.0]}"
1_1_1_1_1_1_1_1_1_1_1_1_1_1_1_1_1_1_1_1_1_1_1_1_1_1_1_1_1_1_1_1_1_1_1_1_1_1_1_1_1_1_1_1_1_2_1_1_2_4,5.559531802212584,22,7625,2022,"{""type"":""Point"",""coordinates"":[0.0,0.0]}"
1_1_1_1_1_1_1_1_1_1_1_1_1_1_1_1_1_1_1_1_1_1_1_1_1_1_1_1_1_1_1_1_1_1_1_1_1_1_1_1_1_1_1_1_1_2_1_1_2_5,0.2624107238769531,29,7625,2022,"{""type"":""Point"",""coordinates"":[0.0,0.0]}"
1_1_1_1_1_1_1_1_1_1_1_1_1_1_1_1_1_1_1_1_1_1_1_1_1_1_1_1_1_1_1_1_1_1_1_1_1_1_1_1_1_1_1_1_1_2_1_1_2_6,1.9243525939941406,33,7625,2022,"{""type"":""Point"",""coordinates"":[0.0,0.0]}"
1_1_1_1_1_1_1_1_1_1_1_1_1_1_1_1_1_1_1_1_1_1_1_1_1_1_1_1_1_1_1_1_1_1_1_1_1_1_1_1_1_1_1_1_1_2_1_2_0,240.30610165852923,3,7625,2023,"{""type"":""Point"",""coordinates"":[0.0,0.0]}"
1_1_1_1_1_1_1_1_1_1_1_1_1_1_1_1_1_1_1_1_1_1_1_1_1_1_1_1_1_1_1_1_1_1_1_1_1_1_1_1_1_1_1_1_1_2_1_2_1,6773.790572350794,4,7625,2023,"{""type"":""Point"",""coordinates"":[0.0,0.0]}"
1_1_1_1_1_1_1_1_1_1_1_1_1_1_1_1_1_1_1_1_1_1_1_1_1_1_1_1_1_1_1_1_1_1_1_1_1_1_1_1_1_1_1_1_1_2_1_2_2,0.8643365591251149,12,7625,2023,"{""type"":""Point"",""coordinates"":[0.0,0.0]}"
1_1_1_1_1_1_1_1_1_1_1_1_1_1_1_1_1_1_1_1_1_1_1_1_1_1_1_1_1_1_1_1_1_1_1_1_1_1_1_1_1_1_1_1_1_2_1_2_3,2395.8448869611566,21,7625,2023,"{""type"":""Point"",""coordinates"":[0.0,0.0]}"
1_1_1_1_1_1_1_1_1_1_1_1_1_1_1_1_1_1_1_1_1_1_1_1_1_1_1_1_1_1_1_1_1_1_1_1_1_1_1_1_1_1_1_1_1_2_1_2_4,4.090735920170803,22,7625,2023,"{""type"":""Point"",""coordinates"":[0.0,0.0]}"
1_1_1_1_1_1_1_1_1_1_1_1_1_1_1_1_1_1_1_1_1_1_1_1_1_1_1_1_1_1_1_1_1_1_1_1_1_1_1_1_1_1_1_1_1_2_1_2_5,2.011902563476563,33,7625,2023,"{""type"":""Point"",""coordinates"":[0.0,0.0]}"
1_1_1_1_1_1_1_1_1_1_1_1_1_1_1_1_1_1_1_1_1_1_1_1_1_1_1_1_1_1_1_1_1_1_1_1_1_1_1_1_1_1_1_1_1_2_2_0,153.25549454640105,3,7625,2024,"{""type"":""Point"",""coordinates"":[0.0,0.0]}"
1_1_1_1_1_1_1_1_1_1_1_1_1_1_1_1_1_1_1_1_1_1_1_1_1_1_1_1_1_1_1_1_1_1_1_1_1_1_1_1_1_1_1_1_1_2_2_1,6767.400306017026,4,7625,2024,"{""type"":""Point"",""coordinates"":[0.0,0.0]}"
1_1_1_1_1_1_1_1_1_1_1_1_1_1_1_1_1_1_1_1_1_1_1_1_1_1_1_1_1_1_1_1_1_1_1_1_1_1_1_1_1_1_1_1_1_2_2_2,2.568794921731388,12,7625,2024,"{""type"":""Point"",""coordinates"":[0.0,0.0]}"
1_1_1_1_1_1_1_1_1_1_1_1_1_1_1_1_1_1_1_1_1_1_1_1_1_1_1_1_1_1_1_1_1_1_1_1_1_1_1_1_1_1_1_1_1_2_2_3,2486.948666523116,21,7625,2024,"{""type"":""Point"",""coordinates"":[0.0,0.0]}"
1_1_1_1_1_1_1_1_1_1_1_1_1_1_1_1_1_1_1_1_1_1_1_1_1_1_1_1_1_1_1_1_1_1_1_1_1_1_1_1_1_1_1_1_1_2_2_4,3.9361883178710935,22,7625,2024,"{""type"":""Point"",""coordinates"":[0.0,0.0]}"
1_1_1_1_1_1_1_1_1_1_1_1_1_1_1_1_1_1_1_1_1_1_1_1_1_1_1_1_1_1_1_1_1_1_1_1_1_1_1_1_1_1_1_1_1_2_2_5,2.79908568725586,33,7625,2024,"{""type"":""Point"",""coordinates"":[0.0,0.0]}"
1_1_1_1_1_1_1_1_1_1_1_1_1_1_1_1_1_1_1_1_1_1_1_1_1_1_1_1_1_1_1_1_1_1_1_1_1_1_1_1_1_1_1_1_2_1_1_1_1_1_1_1_1_2_0,66.94159639155362,3,7584,2016,"{""type"":""Point"",""coordinates"":[0.0,0.0]}"
1_1_1_1_1_1_1_1_1_1_1_1_1_1_1_1_1_1_1_1_1_1_1_1_1_1_1_1_1_1_1_1_1_1_1_1_1_1_1_1_1_1_1_1_2_1_1_1_1_1_1_1_1_2_1,791924.4927896989,4,7584,2016,"{""type"":""Point"",""coordinates"":[0.0,0.0]}"
1_1_1_1_1_1_1_1_1_1_1_1_1_1_1_1_1_1_1_1_1_1_1_1_1_1_1_1_1_1_1_1_1_1_1_1_1_1_1_1_1_1_1_1_2_1_1_1_1_1_1_1_1_2_2,6.648590631103515,12,7584,2016,"{""type"":""Point"",""coordinates"":[0.0,0.0]}"
1_1_1_1_1_1_1_1_1_1_1_1_1_1_1_1_1_1_1_1_1_1_1_1_1_1_1_1_1_1_1_1_1_1_1_1_1_1_1_1_1_1_1_1_2_1_1_1_1_1_1_1_1_2_3,416113.09136313177,21,7584,2016,"{""type"":""Point"",""coordinates"":[0.0,0.0]}"
1_1_1_1_1_1_1_1_1_1_1_1_1_1_1_1_1_1_1_1_1_1_1_1_1_1_1_1_1_1_1_1_1_1_1_1_1_1_1_1_1_1_1_1_2_1_1_1_1_1_1_1_1_2_4,1187.959515917366,22,7584,2016,"{""type"":""Point"",""coordinates"":[0.0,0.0]}"
1_1_1_1_1_1_1_1_1_1_1_1_1_1_1_1_1_1_1_1_1_1_1_1_1_1_1_1_1_1_1_1_1_1_1_1_1_1_1_1_1_1_1_1_2_1_1_1_1_1_1_1_1_2_5,118.48596765747071,29,7584,2016,"{""type"":""Point"",""coordinates"":[0.0,0.0]}"
1_1_1_1_1_1_1_1_1_1_1_1_1_1_1_1_1_1_1_1_1_1_1_1_1_1_1_1_1_1_1_1_1_1_1_1_1_1_1_1_1_1_1_1_2_1_1_1_1_1_1_1_1_2_6,1340.877835626337,33,7584,2016,"{""type"":""Point"",""coordinates"":[0.0,0.0]}"
1_1_1_1_1_1_1_1_1_1_1_1_1_1_1_1_1_1_1_1_1_1_1_1_1_1_1_1_1_1_1_1_1_1_1_1_1_1_1_1_1_1_1_1_2_1_1_1_1_1_1_1_2_0,22.063913207002532,3,7584,2017,"{""type"":""Point"",""coordinates"":[0.0,0.0]}"
1_1_1_1_1_1_1_1_1_1_1_1_1_1_1_1_1_1_1_1_1_1_1_1_1_1_1_1_1_1_1_1_1_1_1_1_1_1_1_1_1_1_1_1_2_1_1_1_1_1_1_1_2_1,795859.9803685343,4,7584,2017,"{""type"":""Point"",""coordinates"":[0.0,0.0]}"
1_1_1_1_1_1_1_1_1_1_1_1_1_1_1_1_1_1_1_1_1_1_1_1_1_1_1_1_1_1_1_1_1_1_1_1_1_1_1_1_1_1_1_1_2_1_1_1_1_1_1_1_2_2,36.69371733398438,12,7584,2017,"{""type"":""Point"",""coordinates"":[0.0,0.0]}"
1_1_1_1_1_1_1_1_1_1_1_1_1_1_1_1_1_1_1_1_1_1_1_1_1_1_1_1_1_1_1_1_1_1_1_1_1_1_1_1_1_1_1_1_2_1_1_1_1_1_1_1_2_3,412923.93051618675,21,7584,2017,"{""type"":""Point"",""coordinates"":[0.0,0.0]}"
1_1_1_1_1_1_1_1_1_1_1_1_1_1_1_1_1_1_1_1_1_1_1_1_1_1_1_1_1_1_1_1_1_1_1_1_1_1_1_1_1_1_1_1_2_1_1_1_1_1_1_1_2_4,315.650508460023,22,7584,2017,"{""type"":""Point"",""coordinates"":[0.0,0.0]}"
1_1_1_1_1_1_1_1_1_1_1_1_1_1_1_1_1_1_1_1_1_1_1_1_1_1_1_1_1_1_1_1_1_1_1_1_1_1_1_1_1_1_1_1_2_1_1_1_1_1_1_1_2_5,12.676554693603514,29,7584,2017,"{""type"":""Point"",""coordinates"":[0.0,0.0]}"
1_1_1_1_1_1_1_1_1_1_1_1_1_1_1_1_1_1_1_1_1_1_1_1_1_1_1_1_1_1_1_1_1_1_1_1_1_1_1_1_1_1_1_1_2_1_1_1_1_1_1_1_2_6,1587.5020806323216,33,7584,2017,"{""type"":""Point"",""coordinates"":[0.0,0.0]}"
1_1_1_1_1_1_1_1_1_1_1_1_1_1_1_1_1_1_1_1_1_1_1_1_1_1_1_1_1_1_1_1_1_1_1_1_1_1_1_1_1_1_1_1_2_1_1_1_1_1_1_2_0,30.430569653248494,3,7584,2018,"{""type"":""Point"",""coordinates"":[0.0,0.0]}"
1_1_1_1_1_1_1_1_1_1_1_1_1_1_1_1_1_1_1_1_1_1_1_1_1_1_1_1_1_1_1_1_1_1_1_1_1_1_1_1_1_1_1_1_2_1_1_1_1_1_1_2_1,800850.977809869,4,7584,2018,"{""type"":""Point"",""coordinates"":[0.0,0.0]}"
1_1_1_1_1_1_1_1_1_1_1_1_1_1_1_1_1_1_1_1_1_1_1_1_1_1_1_1_1_1_1_1_1_1_1_1_1_1_1_1_1_1_1_1_2_1_1_1_1_1_1_2_2,40.96514772338869,12,7584,2018,"{""type"":""Point"",""coordinates"":[0.0,0.0]}"
1_1_1_1_1_1_1_1_1_1_1_1_1_1_1_1_1_1_1_1_1_1_1_1_1_1_1_1_1_1_1_1_1_1_1_1_1_1_1_1_1_1_1_1_2_1_1_1_1_1_1_2_3,404860.5422862244,21,7584,2018,"{""type"":""Point"",""coordinates"":[0.0,0.0]}"
1_1_1_1_1_1_1_1_1_1_1_1_1_1_1_1_1_1_1_1_1_1_1_1_1_1_1_1_1_1_1_1_1_1_1_1_1_1_1_1_1_1_1_1_2_1_1_1_1_1_1_2_4,583.2807870733759,22,7584,2018,"{""type"":""Point"",""coordinates"":[0.0,0.0]}"
1_1_1_1_1_1_1_1_1_1_1_1_1_1_1_1_1_1_1_1_1_1_1_1_1_1_1_1_1_1_1_1_1_1_1_1_1_1_1_1_1_1_1_1_2_1_1_1_1_1_1_2_5,9.752200274658204,29,7584,2018,"{""type"":""Point"",""coordinates"":[0.0,0.0]}"
1_1_1_1_1_1_1_1_1_1_1_1_1_1_1_1_1_1_1_1_1_1_1_1_1_1_1_1_1_1_1_1_1_1_1_1_1_1_1_1_1_1_1_1_2_1_1_1_1_1_1_2_6,4382.548858241209,33,7584,2018,"{""type"":""Point"",""coordinates"":[0.0,0.0]}"
1_1_1_1_1_1_1_1_1_1_1_1_1_1_1_1_1_1_1_1_1_1_1_1_1_1_1_1_1_1_1_1_1_1_1_1_1_1_1_1_1_1_1_1_2_1_1_1_1_1_2_0,107.91726164900244,3,7584,2019,"{""type"":""Point"",""coordinates"":[0.0,0.0]}"
1_1_1_1_1_1_1_1_1_1_1_1_1_1_1_1_1_1_1_1_1_1_1_1_1_1_1_1_1_1_1_1_1_1_1_1_1_1_1_1_1_1_1_1_2_1_1_1_1_1_2_1,789595.0901190175,4,7584,2019,"{""type"":""Point"",""coordinates"":[0.0,0.0]}"
1_1_1_1_1_1_1_1_1_1_1_1_1_1_1_1_1_1_1_1_1_1_1_1_1_1_1_1_1_1_1_1_1_1_1_1_1_1_1_1_1_1_1_1_2_1_1_1_1_1_2_2,256.5460795959473,12,7584,2019,"{""type"":""Point"",""coordinates"":[0.0,0.0]}"
1_1_1_1_1_1_1_1_1_1_1_1_1_1_1_1_1_1_1_1_1_1_1_1_1_1_1_1_1_1_1_1_1_1_1_1_1_1_1_1_1_1_1_1_2_1_1_1_1_1_2_3,415789.4451062353,21,7584,2019,"{""type"":""Point"",""coordinates"":[0.0,0.0]}"
1_1_1_1_1_1_1_1_1_1_1_1_1_1_1_1_1_1_1_1_1_1_1_1_1_1_1_1_1_1_1_1_1_1_1_1_1_1_1_1_1_1_1_1_2_1_1_1_1_1_2_4,776.849288928606,22,7584,2019,"{""type"":""Point"",""coordinates"":[0.0,0.0]}"
1_1_1_1_1_1_1_1_1_1_1_1_1_1_1_1_1_1_1_1_1_1_1_1_1_1_1_1_1_1_1_1_1_1_1_1_1_1_1_1_1_1_1_1_2_1_1_1_1_1_2_5,174.59466696801275,29,7584,2019,"{""type"":""Point"",""coordinates"":[0.0,0.0]}"
1_1_1_1_1_1_1_1_1_1_1_1_1_1_1_1_1_1_1_1_1_1_1_1_1_1_1_1_1_1_1_1_1_1_1_1_1_1_1_1_1_1_1_1_2_1_1_1_1_1_2_6,4058.0551366403497,33,7584,2019,"{""type"":""Point"",""coordinates"":[0.0,0.0]}"
1_1_1_1_1_1_1_1_1_1_1_1_1_1_1_1_1_1_1_1_1_1_1_1_1_1_1_1_1_1_1_1_1_1_1_1_1_1_1_1_1_1_1_1_2_1_1_1_1_2_0,73.10066779986215,3,7584,2020,"{""type"":""Point"",""coordinates"":[0.0,0.0]}"
1_1_1_1_1_1_1_1_1_1_1_1_1_1_1_1_1_1_1_1_1_1_1_1_1_1_1_1_1_1_1_1_1_1_1_1_1_1_1_1_1_1_1_1_2_1_1_1_1_2_1,795040.7654241987,4,7584,2020,"{""type"":""Point"",""coordinates"":[0.0,0.0]}"
1_1_1_1_1_1_1_1_1_1_1_1_1_1_1_1_1_1_1_1_1_1_1_1_1_1_1_1_1_1_1_1_1_1_1_1_1_1_1_1_1_1_1_1_2_1_1_1_1_2_2,12.40645397338867,12,7584,2020,"{""type"":""Point"",""coordinates"":[0.0,0.0]}"
1_1_1_1_1_1_1_1_1_1_1_1_1_1_1_1_1_1_1_1_1_1_1_1_1_1_1_1_1_1_1_1_1_1_1_1_1_1_1_1_1_1_1_1_2_1_1_1_1_2_3,402471.4795632235,21,7584,2020,"{""type"":""Point"",""coordinates"":[0.0,0.0]}"
1_1_1_1_1_1_1_1_1_1_1_1_1_1_1_1_1_1_1_1_1_1_1_1_1_1_1_1_1_1_1_1_1_1_1_1_1_1_1_1_1_1_1_1_2_1_1_1_1_2_4,325.9653085920267,22,7584,2020,"{""type"":""Point"",""coordinates"":[0.0,0.0]}"
1_1_1_1_1_1_1_1_1_1_1_1_1_1_1_1_1_1_1_1_1_1_1_1_1_1_1_1_1_1_1_1_1_1_1_1_1_1_1_1_1_1_1_1_2_1_1_1_1_2_5,4669.117109993008,29,7584,2020,"{""type"":""Point"",""coordinates"":[0.0,0.0]}"
1_1_1_1_1_1_1_1_1_1_1_1_1_1_1_1_1_1_1_1_1_1_1_1_1_1_1_1_1_1_1_1_1_1_1_1_1_1_1_1_1_1_1_1_2_1_1_1_1_2_6,8165.663131220392,33,7584,2020,"{""type"":""Point"",""coordinates"":[0.0,0.0]}"
1_1_1_1_1_1_1_1_1_1_1_1_1_1_1_1_1_1_1_1_1_1_1_1_1_1_1_1_1_1_1_1_1_1_1_1_1_1_1_1_1_1_1_1_2_1_1_1_2_0,22.795459765625004,3,7584,2021,"{""type"":""Point"",""coordinates"":[0.0,0.0]}"
1_1_1_1_1_1_1_1_1_1_1_1_1_1_1_1_1_1_1_1_1_1_1_1_1_1_1_1_1_1_1_1_1_1_1_1_1_1_1_1_1_1_1_1_2_1_1_1_2_1,793588.6353004911,4,7584,2021,"{""type"":""Point"",""coordinates"":[0.0,0.0]}"
1_1_1_1_1_1_1_1_1_1_1_1_1_1_1_1_1_1_1_1_1_1_1_1_1_1_1_1_1_1_1_1_1_1_1_1_1_1_1_1_1_1_1_1_2_1_1_1_2_2,78.13041716918943,12,7584,2021,"{""type"":""Point"",""coordinates"":[0.0,0.0]}"
1_1_1_1_1_1_1_1_1_1_1_1_1_1_1_1_1_1_1_1_1_1_1_1_1_1_1_1_1_1_1_1_1_1_1_1_1_1_1_1_1_1_1_1_2_1_1_1_2_3,409986.6680920023,21,7584,2021,"{""type"":""Point"",""coordinates"":[0.0,0.0]}"
1_1_1_1_1_1_1_1_1_1_1_1_1_1_1_1_1_1_1_1_1_1_1_1_1_1_1_1_1_1_1_1_1_1_1_1_1_1_1_1_1_1_1_1_2_1_1_1_2_4,709.5784250701545,22,7584,2021,"{""type"":""Point"",""coordinates"":[0.0,0.0]}"
1_1_1_1_1_1_1_1_1_1_1_1_1_1_1_1_1_1_1_1_1_1_1_1_1_1_1_1_1_1_1_1_1_1_1_1_1_1_1_1_1_1_1_1_2_1_1_1_2_5,1066.5148079172172,29,7584,2021,"{""type"":""Point"",""coordinates"":[0.0,0.0]}"
1_1_1_1_1_1_1_1_1_1_1_1_1_1_1_1_1_1_1_1_1_1_1_1_1_1_1_1_1_1_1_1_1_1_1_1_1_1_1_1_1_1_1_1_2_1_1_1_2_6,5306.1751565576105,33,7584,2021,"{""type"":""Point"",""coordinates"":[0.0,0.0]}"
1_1_1_1_1_1_1_1_1_1_1_1_1_1_1_1_1_1_1_1_1_1_1_1_1_1_1_1_1_1_1_1_1_1_1_1_1_1_1_1_1_1_1_1_2_1_1_2_0,23.82554831547755,3,7584,2022,"{""type"":""Point"",""coordinates"":[0.0,0.0]}"
1_1_1_1_1_1_1_1_1_1_1_1_1_1_1_1_1_1_1_1_1_1_1_1_1_1_1_1_1_1_1_1_1_1_1_1_1_1_1_1_1_1_1_1_2_1_1_2_1,803255.7463372228,4,7584,2022,"{""type"":""Point"",""coordinates"":[0.0,0.0]}"
1_1_1_1_1_1_1_1_1_1_1_1_1_1_1_1_1_1_1_1_1_1_1_1_1_1_1_1_1_1_1_1_1_1_1_1_1_1_1_1_1_1_1_1_2_1_1_2_2,198.4861514513443,12,7584,2022,"{""type"":""Point"",""coordinates"":[0.0,0.0]}"
1_1_1_1_1_1_1_1_1_1_1_1_1_1_1_1_1_1_1_1_1_1_1_1_1_1_1_1_1_1_1_1_1_1_1_1_1_1_1_1_1_1_1_1_2_1_1_2_3,398188.8438390571,21,7584,2022,"{""type"":""Point"",""coordinates"":[0.0,0.0]}"
1_1_1_1_1_1_1_1_1_1_1_1_1_1_1_1_1_1_1_1_1_1_1_1_1_1_1_1_1_1_1_1_1_1_1_1_1_1_1_1_1_1_1_1_2_1_1_2_4,5318.503910554325,22,7584,2022,"{""type"":""Point"",""coordinates"":[0.0,0.0]}"
1_1_1_1_1_1_1_1_1_1_1_1_1_1_1_1_1_1_1_1_1_1_1_1_1_1_1_1_1_1_1_1_1_1_1_1_1_1_1_1_1_1_1_1_2_1_1_2_5,462.2276491241813,29,7584,2022,"{""type"":""Point"",""coordinates"":[0.0,0.0]}"
1_1_1_1_1_1_1_1_1_1_1_1_1_1_1_1_1_1_1_1_1_1_1_1_1_1_1_1_1_1_1_1_1_1_1_1_1_1_1_1_1_1_1_1_2_1_1_2_6,3310.8642232469315,33,7584,2022,"{""type"":""Point"",""coordinates"":[0.0,0.0]}"
1_1_1_1_1_1_1_1_1_1_1_1_1_1_1_1_1_1_1_1_1_1_1_1_1_1_1_1_1_1_1_1_1_1_1_1_1_1_1_1_1_1_1_1_2_1_2_0,65.8052478373688,3,7584,2023,"{""type"":""Point"",""coordinates"":[0.0,0.0]}"
1_1_1_1_1_1_1_1_1_1_1_1_1_1_1_1_1_1_1_1_1_1_1_1_1_1_1_1_1_1_1_1_1_1_1_1_1_1_1_1_1_1_1_1_2_1_2_1,796369.675017679,4,7584,2023,"{""type"":""Point"",""coordinates"":[0.0,0.0]}"
1_1_1_1_1_1_1_1_1_1_1_1_1_1_1_1_1_1_1_1_1_1_1_1_1_1_1_1_1_1_1_1_1_1_1_1_1_1_1_1_1_1_1_1_2_1_2_2,198.43810632324212,12,7584,2023,"{""type"":""Point"",""coordinates"":[0.0,0.0]}"
1_1_1_1_1_1_1_1_1_1_1_1_1_1_1_1_1_1_1_1_1_1_1_1_1_1_1_1_1_1_1_1_1_1_1_1_1_1_1_1_1_1_1_1_2_1_2_3,409415.1519950691,21,7584,2023,"{""type"":""Point"",""coordinates"":[0.0,0.0]}"
1_1_1_1_1_1_1_1_1_1_1_1_1_1_1_1_1_1_1_1_1_1_1_1_1_1_1_1_1_1_1_1_1_1_1_1_1_1_1_1_1_1_1_1_2_1_2_4,440.62894894193755,22,7584,2023,"{""type"":""Point"",""coordinates"":[0.0,0.0]}"
1_1_1_1_1_1_1_1_1_1_1_1_1_1_1_1_1_1_1_1_1_1_1_1_1_1_1_1_1_1_1_1_1_1_1_1_1_1_1_1_1_1_1_1_2_1_2_5,469.301109202019,29,7584,2023,"{""type"":""Point"",""coordinates"":[0.0,0.0]}"
1_1_1_1_1_1_1_1_1_1_1_1_1_1_1_1_1_1_1_1_1_1_1_1_1_1_1_1_1_1_1_1_1_1_1_1_1_1_1_1_1_1_1_1_2_1_2_6,3799.4972339513756,33,7584,2023,"{""type"":""Point"",""coordinates"":[0.0,0.0]}"
1_1_1_1_1_1_1_1_1_1_1_1_1_1_1_1_1_1_1_1_1_1_1_1_1_1_1_1_1_1_1_1_1_1_1_1_1_1_1_1_1_1_1_1_2_2_0,185.1691415122118,3,7584,2024,"{""type"":""Point"",""coordinates"":[0.0,0.0]}"
1_1_1_1_1_1_1_1_1_1_1_1_1_1_1_1_1_1_1_1_1_1_1_1_1_1_1_1_1_1_1_1_1_1_1_1_1_1_1_1_1_1_1_1_2_2_1,836074.1861350122,4,7584,2024,"{""type"":""Point"",""coordinates"":[0.0,0.0]}"
1_1_1_1_1_1_1_1_1_1_1_1_1_1_1_1_1_1_1_1_1_1_1_1_1_1_1_1_1_1_1_1_1_1_1_1_1_1_1_1_1_1_1_1_2_2_2,29.05439920718922,12,7584,2024,"{""type"":""Point"",""coordinates"":[0.0,0.0]}"
1_1_1_1_1_1_1_1_1_1_1_1_1_1_1_1_1_1_1_1_1_1_1_1_1_1_1_1_1_1_1_1_1_1_1_1_1_1_1_1_1_1_1_1_2_2_3,366145.68445154757,21,7584,2024,"{""type"":""Point"",""coordinates"":[0.0,0.0]}"
1_1_1_1_1_1_1_1_1_1_1_1_1_1_1_1_1_1_1_1_1_1_1_1_1_1_1_1_1_1_1_1_1_1_1_1_1_1_1_1_1_1_1_1_2_2_4,2858.127730881162,22,7584,2024,"{""type"":""Point"",""coordinates"":[0.0,0.0]}"
1_1_1_1_1_1_1_1_1_1_1_1_1_1_1_1_1_1_1_1_1_1_1_1_1_1_1_1_1_1_1_1_1_1_1_1_1_1_1_1_1_1_1_1_2_2_5,938.8368292792825,29,7584,2024,"{""type"":""Point"",""coordinates"":[0.0,0.0]}"
1_1_1_1_1_1_1_1_1_1_1_1_1_1_1_1_1_1_1_1_1_1_1_1_1_1_1_1_1_1_1_1_1_1_1_1_1_1_1_1_1_1_1_1_2_2_6,4527.438971611853,33,7584,2024,"{""type"":""Point"",""coordinates"":[0.0,0.0]}"
1_1_1_1_1_1_1_1_1_1_1_1_1_1_1_1_1_1_1_1_1_1_1_1_1_1_1_1_1_1_1_1_1_1_1_1_1_1_1_1_1_1_1_2_1_1_1_1_1_1_1_1_2_0,163842.73110496558,3,751,2016,"{""type"":""Point"",""coordinates"":[0.0,0.0]}"
1_1_1_1_1_1_1_1_1_1_1_1_1_1_1_1_1_1_1_1_1_1_1_1_1_1_1_1_1_1_1_1_1_1_1_1_1_1_1_1_1_1_1_2_1_1_1_1_1_1_1_1_2_1,1019515.1342873672,4,751,2016,"{""type"":""Point"",""coordinates"":[0.0,0.0]}"
1_1_1_1_1_1_1_1_1_1_1_1_1_1_1_1_1_1_1_1_1_1_1_1_1_1_1_1_1_1_1_1_1_1_1_1_1_1_1_1_1_1_1_2_1_1_1_1_1_1_1_1_2_2,58.78817364985445,12,751,2016,"{""type"":""Point"",""coordinates"":[0.0,0.0]}"
1_1_1_1_1_1_1_1_1_1_1_1_1_1_1_1_1_1_1_1_1_1_1_1_1_1_1_1_1_1_1_1_1_1_1_1_1_1_1_1_1_1_1_2_1_1_1_1_1_1_1_1_2_3,97530.51434047655,21,751,2016,"{""type"":""Point"",""coordinates"":[0.0,0.0]}"
1_1_1_1_1_1_1_1_1_1_1_1_1_1_1_1_1_1_1_1_1_1_1_1_1_1_1_1_1_1_1_1_1_1_1_1_1_1_1_1_1_1_1_2_1_1_1_1_1_1_1_1_2_4,26597.235562647737,22,751,2016,"{""type"":""Point"",""coordinates"":[0.0,0.0]}"
1_1_1_1_1_1_1_1_1_1_1_1_1_1_1_1_1_1_1_1_1_1_1_1_1_1_1_1_1_1_1_1_1_1_1_1_1_1_1_1_1_1_1_2_1_1_1_1_1_1_1_1_2_5,19897.91201602187,33,751,2016,"{""type"":""Point"",""coordinates"":[0.0,0.0]}"
1_1_1_1_1_1_1_1_1_1_1_1_1_1_1_1_1_1_1_1_1_1_1_1_1_1_1_1_1_1_1_1_1_1_1_1_1_1_1_1_1_1_1_2_1_1_1_1_1_1_1_2_0,172570.66715399653,3,751,2017,"{""type"":""Point"",""coordinates"":[0.0,0.0]}"
1_1_1_1_1_1_1_1_1_1_1_1_1_1_1_1_1_1_1_1_1_1_1_1_1_1_1_1_1_1_1_1_1_1_1_1_1_1_1_1_1_1_1_2_1_1_1_1_1_1_1_2_1,1014192.3299573365,4,751,2017,"{""type"":""Point"",""coordinates"":[0.0,0.0]}"
1_1_1_1_1_1_1_1_1_1_1_1_1_1_1_1_1_1_1_1_1_1_1_1_1_1_1_1_1_1_1_1_1_1_1_1_1_1_1_1_1_1_1_2_1_1_1_1_1_1_1_2_2,39.51938199910481,12,751,2017,"{""type"":""Point"",""coordinates"":[0.0,0.0]}"
1_1_1_1_1_1_1_1_1_1_1_1_1_1_1_1_1_1_1_1_1_1_1_1_1_1_1_1_1_1_1_1_1_1_1_1_1_1_1_1_1_1_1_2_1_1_1_1_1_1_1_2_3,98386.60319746222,21,751,2017,"{""type"":""Point"",""coordinates"":[0.0,0.0]}"
1_1_1_1_1_1_1_1_1_1_1_1_1_1_1_1_1_1_1_1_1_1_1_1_1_1_1_1_1_1_1_1_1_1_1_1_1_1_1_1_1_1_1_2_1_1_1_1_1_1_1_2_4,21233.93462171846,22,751,2017,"{""type"":""Point"",""coordinates"":[0.0,0.0]}"
1_1_1_1_1_1_1_1_1_1_1_1_1_1_1_1_1_1_1_1_1_1_1_1_1_1_1_1_1_1_1_1_1_1_1_1_1_1_1_1_1_1_1_2_1_1_1_1_1_1_1_2_5,21019.261172607337,33,751,2017,"{""type"":""Point"",""coordinates"":[0.0,0.0]}"
1_1_1_1_1_1_1_1_1_1_1_1_1_1_1_1_1_1_1_1_1_1_1_1_1_1_1_1_1_1_1_1_1_1_1_1_1_1_1_1_1_1_1_2_1_1_1_1_1_1_2_0,192830.47515248554,3,751,2018,"{""type"":""Point"",""coordinates"":[0.0,0.0]}"
1_1_1_1_1_1_1_1_1_1_1_1_1_1_1_1_1_1_1_1_1_1_1_1_1_1_1_1_1_1_1_1_1_1_1_1_1_1_1_1_1_1_1_2_1_1_1_1_1_1_2_1,975209.520075305,4,751,2018,"{""type"":""Point"",""coordinates"":[0.0,0.0]}"
1_1_1_1_1_1_1_1_1_1_1_1_1_1_1_1_1_1_1_1_1_1_1_1_1_1_1_1_1_1_1_1_1_1_1_1_1_1_1_1_1_1_1_2_1_1_1_1_1_1_2_2,41.03401296223958,12,751,2018,"{""type"":""Point"",""coordinates"":[0.0,0.0]}"
1_1_1_1_1_1_1_1_1_1_1_1_1_1_1_1_1_1_1_1_1_1_1_1_1_1_1_1_1_1_1_1_1_1_1_1_1_1_1_1_1_1_1_2_1_1_1_1_1_1_2_3,110225.50662898696,21,751,2018,"{""type"":""Point"",""coordinates"":[0.0,0.0]}"
1_1_1_1_1_1_1_1_1_1_1_1_1_1_1_1_1_1_1_1_1_1_1_1_1_1_1_1_1_1_1_1_1_1_1_1_1_1_1_1_1_1_1_2_1_1_1_1_1_1_2_4,23745.93123250611,22,751,2018,"{""type"":""Point"",""coordinates"":[0.0,0.0]}"
1_1_1_1_1_1_1_1_1_1_1_1_1_1_1_1_1_1_1_1_1_1_1_1_1_1_1_1_1_1_1_1_1_1_1_1_1_1_1_1_1_1_1_2_1_1_1_1_1_1_2_5,0.08921325073242188,29,751,2018,"{""type"":""Point"",""coordinates"":[0.0,0.0]}"
1_1_1_1_1_1_1_1_1_1_1_1_1_1_1_1_1_1_1_1_1_1_1_1_1_1_1_1_1_1_1_1_1_1_1_1_1_1_1_1_1_1_1_2_1_1_1_1_1_1_2_6,25389.75916966246,33,751,2018,"{""type"":""Point"",""coordinates"":[0.0,0.0]}"
1_1_1_1_1_1_1_1_1_1_1_1_1_1_1_1_1_1_1_1_1_1_1_1_1_1_1_1_1_1_1_1_1_1_1_1_1_1_1_1_1_1_1_2_1_1_1_1_1_2_0,196487.14265232967,3,751,2019,"{""type"":""Point"",""coordinates"":[0.0,0.0]}"
1_1_1_1_1_1_1_1_1_1_1_1_1_1_1_1_1_1_1_1_1_1_1_1_1_1_1_1_1_1_1_1_1_1_1_1_1_1_1_1_1_1_1_2_1_1_1_1_1_2_1,971416.2303099144,4,751,2019,"{""type"":""Point"",""coordinates"":[0.0,0.0]}"
1_1_1_1_1_1_1_1_1_1_1_1_1_1_1_1_1_1_1_1_1_1_1_1_1_1_1_1_1_1_1_1_1_1_1_1_1_1_1_1_1_1_1_2_1_1_1_1_1_2_2,24.55277195188036,12,751,2019,"{""type"":""Point"",""coordinates"":[0.0,0.0]}"
1_1_1_1_1_1_1_1_1_1_1_1_1_1_1_1_1_1_1_1_1_1_1_1_1_1_1_1_1_1_1_1_1_1_1_1_1_1_1_1_1_1_1_2_1_1_1_1_1_2_3,108850.05347252922,21,751,2019,"{""type"":""Point"",""coordinates"":[0.0,0.0]}"
1_1_1_1_1_1_1_1_1_1_1_1_1_1_1_1_1_1_1_1_1_1_1_1_1_1_1_1_1_1_1_1_1_1_1_1_1_1_1_1_1_1_1_2_1_1_1_1_1_2_4,22697.950839789788,22,751,2019,"{""type"":""Point"",""coordinates"":[0.0,0.0]}"
1_1_1_1_1_1_1_1_1_1_1_1_1_1_1_1_1_1_1_1_1_1_1_1_1_1_1_1_1_1_1_1_1_1_1_1_1_1_1_1_1_1_1_2_1_1_1_1_1_2_5,27966.38543864718,33,751,2019,"{""type"":""Point"",""coordinates"":[0.0,0.0]}"
1_1_1_1_1_1_1_1_1_1_1_1_1_1_1_1_1_1_1_1_1_1_1_1_1_1_1_1_1_1_1_1_1_1_1_1_1_1_1_1_1_1_1_2_1_1_1_1_2_0,212983.48507701285,3,751,2020,"{""type"":""Point"",""coordinates"":[0.0,0.0]}"
1_1_1_1_1_1_1_1_1_1_1_1_1_1_1_1_1_1_1_1_1_1_1_1_1_1_1_1_1_1_1_1_1_1_1_1_1_1_1_1_1_1_1_2_1_1_1_1_2_1,962574.4365803275,4,751,2020,"{""type"":""Point"",""coordinates"":[0.0,0.0]}"
1_1_1_1_1_1_1_1_1_1_1_1_1_1_1_1_1_1_1_1_1_1_1_1_1_1_1_1_1_1_1_1_1_1_1_1_1_1_1_1_1_1_1_2_1_1_1_1_2_2,13.766356492943856,12,751,2020,"{""type"":""Point"",""coordinates"":[0.0,0.0]}"
1_1_1_1_1_1_1_1_1_1_1_1_1_1_1_1_1_1_1_1_1_1_1_1_1_1_1_1_1_1_1_1_1_1_1_1_1_1_1_1_1_1_1_2_1_1_1_1_2_3,102483.18179632498,21,751,2020,"{""type"":""Point"",""coordinates"":[0.0,0.0]}"
1_1_1_1_1_1_1_1_1_1_1_1_1_1_1_1_1_1_1_1_1_1_1_1_1_1_1_1_1_1_1_1_1_1_1_1_1_1_1_1_1_1_1_2_1_1_1_1_2_4,19506.224194308495,22,751,2020,"{""type"":""Point"",""coordinates"":[0.0,0.0]}"
1_1_1_1_1_1_1_1_1_1_1_1_1_1_1_1_1_1_1_1_1_1_1_1_1_1_1_1_1_1_1_1_1_1_1_1_1_1_1_1_1_1_1_2_1_1_1_1_2_5,29881.221480683555,33,751,2020,"{""type"":""Point"",""coordinates"":[0.0,0.0]}"
1_1_1_1_1_1_1_1_1_1_1_1_1_1_1_1_1_1_1_1_1_1_1_1_1_1_1_1_1_1_1_1_1_1_1_1_1_1_1_1_1_1_1_2_1_1_1_2_0,188007.19072787528,3,751,2021,"{""type"":""Point"",""coordinates"":[0.0,0.0]}"
1_1_1_1_1_1_1_1_1_1_1_1_1_1_1_1_1_1_1_1_1_1_1_1_1_1_1_1_1_1_1_1_1_1_1_1_1_1_1_1_1_1_1_2_1_1_1_2_1,982214.5328132462,4,751,2021,"{""type"":""Point"",""coordinates"":[0.0,0.0]}"
1_1_1_1_1_1_1_1_1_1_1_1_1_1_1_1_1_1_1_1_1_1_1_1_1_1_1_1_1_1_1_1_1_1_1_1_1_1_1_1_1_1_1_2_1_1_1_2_2,26.283762557803875,12,751,2021,"{""type"":""Point"",""coordinates"":[0.0,0.0]}"
1_1_1_1_1_1_1_1_1_1_1_1_1_1_1_1_1_1_1_1_1_1_1_1_1_1_1_1_1_1_1_1_1_1_1_1_1_1_1_1_1_1_1_2_1_1_1_2_3,108525.40393567795,21,751,2021,"{""type"":""Point"",""coordinates"":[0.0,0.0]}"
1_1_1_1_1_1_1_1_1_1_1_1_1_1_1_1_1_1_1_1_1_1_1_1_1_1_1_1_1_1_1_1_1_1_1_1_1_1_1_1_1_1_1_2_1_1_1_2_4,18708.301996417795,22,751,2021,"{""type"":""Point"",""coordinates"":[0.0,0.0]}"
1_1_1_1_1_1_1_1_1_1_1_1_1_1_1_1_1_1_1_1_1_1_1_1_1_1_1_1_1_1_1_1_1_1_1_1_1_1_1_1_1_1_1_2_1_1_1_2_5,0.08929241333007812,29,751,2021,"{""type"":""Point"",""coordinates"":[0.0,0.0]}"
1_1_1_1_1_1_1_1_1_1_1_1_1_1_1_1_1_1_1_1_1_1_1_1_1_1_1_1_1_1_1_1_1_1_1_1_1_1_1_1_1_1_1_2_1_1_1_2_6,29960.512956973584,33,751,2021,"{""type"":""Point"",""coordinates"":[0.0,0.0]}"
1_1_1_1_1_1_1_1_1_1_1_1_1_1_1_1_1_1_1_1_1_1_1_1_1_1_1_1_1_1_1_1_1_1_1_1_1_1_1_1_1_1_1_2_1_1_2_0,101529.49016922369,3,751,2022,"{""type"":""Point"",""coordinates"":[0.0,0.0]}"
1_1_1_1_1_1_1_1_1_1_1_1_1_1_1_1_1_1_1_1_1_1_1_1_1_1_1_1_1_1_1_1_1_1_1_1_1_1_1_1_1_1_1_2_1_1_2_1,1063231.6150947665,4,751,2022,"{""type"":""Point"",""coordinates"":[0.0,0.0]}"
1_1_1_1_1_1_1_1_1_1_1_1_1_1_1_1_1_1_1_1_1_1_1_1_1_1_1_1_1_1_1_1_1_1_1_1_1_1_1_1_1_1_1_2_1_1_2_2,36.494127162966265,12,751,2022,"{""type"":""Point"",""coordinates"":[0.0,0.0]}"
1_1_1_1_1_1_1_1_1_1_1_1_1_1_1_1_1_1_1_1_1_1_1_1_1_1_1_1_1_1_1_1_1_1_1_1_1_1_1_1_1_1_1_2_1_1_2_3,110171.43978914937,21,751,2022,"{""type"":""Point"",""coordinates"":[0.0,0.0]}"
1_1_1_1_1_1_1_1_1_1_1_1_1_1_1_1_1_1_1_1_1_1_1_1_1_1_1_1_1_1_1_1_1_1_1_1_1_1_1_1_1_1_1_2_1_1_2_4,20388.52969656525,22,751,2022,"{""type"":""Point"",""coordinates"":[0.0,0.0]}"
1_1_1_1_1_1_1_1_1_1_1_1_1_1_1_1_1_1_1_1_1_1_1_1_1_1_1_1_1_1_1_1_1_1_1_1_1_1_1_1_1_1_1_2_1_1_2_5,12.76625820922851,29,751,2022,"{""type"":""Point"",""coordinates"":[0.0,0.0]}"
1_1_1_1_1_1_1_1_1_1_1_1_1_1_1_1_1_1_1_1_1_1_1_1_1_1_1_1_1_1_1_1_1_1_1_1_1_1_1_1_1_1_1_2_1_1_2_6,32071.980349965346,33,751,2022,"{""type"":""Point"",""coordinates"":[0.0,0.0]}"
1_1_1_1_1_1_1_1_1_1_1_1_1_1_1_1_1_1_1_1_1_1_1_1_1_1_1_1_1_1_1_1_1_1_1_1_1_1_1_1_1_1_1_2_1_2_0,193541.2874289393,3,751,2023,"{""type"":""Point"",""coordinates"":[0.0,0.0]}"
1_1_1_1_1_1_1_1_1_1_1_1_1_1_1_1_1_1_1_1_1_1_1_1_1_1_1_1_1_1_1_1_1_1_1_1_1_1_1_1_1_1_1_2_1_2_1,979347.0373257386,4,751,2023,"{""type"":""Point"",""coordinates"":[0.0,0.0]}"
1_1_1_1_1_1_1_1_1_1_1_1_1_1_1_1_1_1_1_1_1_1_1_1_1_1_1_1_1_1_1_1_1_1_1_1_1_1_1_1_1_1_1_2_1_2_2,25.699276275562962,12,751,2023,"{""type"":""Point"",""coordinates"":[0.0,0.0]}"
1_1_1_1_1_1_1_1_1_1_1_1_1_1_1_1_1_1_1_1_1_1_1_1_1_1_1_1_1_1_1_1_1_1_1_1_1_1_1_1_1_1_1_2_1_2_3,100253.84510841459,21,751,2023,"{""type"":""Point"",""coordinates"":[0.0,0.0]}"
1_1_1_1_1_1_1_1_1_1_1_1_1_1_1_1_1_1_1_1_1_1_1_1_1_1_1_1_1_1_1_1_1_1_1_1_1_1_1_1_1_1_1_2_1_2_4,24440.88335991219,22,751,2023,"{""type"":""Point"",""coordinates"":[0.0,0.0]}"
1_1_1_1_1_1_1_1_1_1_1_1_1_1_1_1_1_1_1_1_1_1_1_1_1_1_1_1_1_1_1_1_1_1_1_1_1_1_1_1_1_1_1_2_1_2_5,0.2678795532226562,29,751,2023,"{""type"":""Point"",""coordinates"":[0.0,0.0]}"
1_1_1_1_1_1_1_1_1_1_1_1_1_1_1_1_1_1_1_1_1_1_1_1_1_1_1_1_1_1_1_1_1_1_1_1_1_1_1_1_1_1_1_2_1_2_6,29833.29510632664,33,751,2023,"{""type"":""Point"",""coordinates"":[0.0,0.0]}"
1_1_1_1_1_1_1_1_1_1_1_1_1_1_1_1_1_1_1_1_1_1_1_1_1_1_1_1_1_1_1_1_1_1_1_1_1_1_1_1_1_1_1_2_2_0,95291.56552173027,3,751,2024,"{""type"":""Point"",""coordinates"":[0.0,0.0]}"
1_1_1_1_1_1_1_1_1_1_1_1_1_1_1_1_1_1_1_1_1_1_1_1_1_1_1_1_1_1_1_1_1_1_1_1_1_1_1_1_1_1_1_2_2_1,1060061.1516733808,4,751,2024,"{""type"":""Point"",""coordinates"":[0.0,0.0]}"
1_1_1_1_1_1_1_1_1_1_1_1_1_1_1_1_1_1_1_1_1_1_1_1_1_1_1_1_1_1_1_1_1_1_1_1_1_1_1_1_1_1_1_2_2_2,0.4464412353515625,12,751,2024,"{""type"":""Point"",""coordinates"":[0.0,0.0]}"
1_1_1_1_1_1_1_1_1_1_1_1_1_1_1_1_1_1_1_1_1_1_1_1_1_1_1_1_1_1_1_1_1_1_1_1_1_1_1_1_1_1_1_2_2_3,118747.33438235513,21,751,2024,"{""type"":""Point"",""coordinates"":[0.0,0.0]}"
1_1_1_1_1_1_1_1_1_1_1_1_1_1_1_1_1_1_1_1_1_1_1_1_1_1_1_1_1_1_1_1_1_1_1_1_1_1_1_1_1_1_1_2_2_4,22952.337760382095,22,751,2024,"{""type"":""Point"",""coordinates"":[0.0,0.0]}"
1_1_1_1_1_1_1_1_1_1_1_1_1_1_1_1_1_1_1_1_1_1_1_1_1_1_1_1_1_1_1_1_1_1_1_1_1_1_1_1_1_1_1_2_2_5,0.08929047241210937,29,751,2024,"{""type"":""Point"",""coordinates"":[0.0,0.0]}"
1_1_1_1_1_1_1_1_1_1_1_1_1_1_1_1_1_1_1_1_1_1_1_1_1_1_1_1_1_1_1_1_1_1_1_1_1_1_1_1_1_1_1_2_2_6,30389.390415511818,33,751,2024,"{""type"":""Point"",""coordinates"":[0.0,0.0]}"
1_1_1_1_1_1_1_1_1_1_1_1_1_1_1_1_1_1_1_1_1_1_1_1_1_1_1_1_1_1_1_1_1_1_1_1_1_1_1_1_1_1_2_1_1_1_1_1_1_1_1_2_0,14968.83114527284,3,7614,2016,"{""type"":""Point"",""coordinates"":[0.0,0.0]}"
1_1_1_1_1_1_1_1_1_1_1_1_1_1_1_1_1_1_1_1_1_1_1_1_1_1_1_1_1_1_1_1_1_1_1_1_1_1_1_1_1_1_2_1_1_1_1_1_1_1_1_2_1,824221.7937494051,4,7614,2016,"{""type"":""Point"",""coordinates"":[0.0,0.0]}"
1_1_1_1_1_1_1_1_1_1_1_1_1_1_1_1_1_1_1_1_1_1_1_1_1_1_1_1_1_1_1_1_1_1_1_1_1_1_1_1_1_1_2_1_1_1_1_1_1_1_1_2_2,2.568547009277344,12,7614,2016,"{""type"":""Point"",""coordinates"":[0.0,0.0]}"
1_1_1_1_1_1_1_1_1_1_1_1_1_1_1_1_1_1_1_1_1_1_1_1_1_1_1_1_1_1_1_1_1_1_1_1_1_1_1_1_1_1_2_1_1_1_1_1_1_1_1_2_3,442026.4867091759,21,7614,2016,"{""type"":""Point"",""coordinates"":[0.0,0.0]}"
1_1_1_1_1_1_1_1_1_1_1_1_1_1_1_1_1_1_1_1_1_1_1_1_1_1_1_1_1_1_1_1_1_1_1_1_1_1_1_1_1_1_2_1_1_1_1_1_1_1_1_2_4,1350.1171761650287,22,7614,2016,"{""type"":""Point"",""coordinates"":[0.0,0.0]}"
1_1_1_1_1_1_1_1_1_1_1_1_1_1_1_1_1_1_1_1_1_1_1_1_1_1_1_1_1_1_1_1_1_1_1_1_1_1_1_1_1_1_2_1_1_1_1_1_1_1_1_2_5,414.60132310180666,29,7614,2016,"{""type"":""Point"",""coordinates"":[0.0,0.0]}"
1_1_1_1_1_1_1_1_1_1_1_1_1_1_1_1_1_1_1_1_1_1_1_1_1_1_1_1_1_1_1_1_1_1_1_1_1_1_1_1_1_1_2_1_1_1_1_1_1_1_1_2_6,89073.9642928397,33,7614,2016,"{""type"":""Point"",""coordinates"":[0.0,0.0]}"
1_1_1_1_1_1_1_1_1_1_1_1_1_1_1_1_1_1_1_1_1_1_1_1_1_1_1_1_1_1_1_1_1_1_1_1_1_1_1_1_1_1_2_1_1_1_1_1_1_1_2_0,14824.92644067494,3,7614,2017,"{""type"":""Point"",""coordinates"":[0.0,0.0]}"
1_1_1_1_1_1_1_1_1_1_1_1_1_1_1_1_1_1_1_1_1_1_1_1_1_1_1_1_1_1_1_1_1_1_1_1_1_1_1_1_1_1_2_1_1_1_1_1_1_1_2_1,827131.7218732501,4,7614,2017,"{""type"":""Point"",""coordinates"":[0.0,0.0]}"
1_1_1_1_1_1_1_1_1_1_1_1_1_1_1_1_1_1_1_1_1_1_1_1_1_1_1_1_1_1_1_1_1_1_1_1_1_1_1_1_1_1_2_1_1_1_1_1_1_1_2_2,1.1517187133789064,12,7614,2017,"{""type"":""Point"",""coordinates"":[0.0,0.0]}"
1_1_1_1_1_1_1_1_1_1_1_1_1_1_1_1_1_1_1_1_1_1_1_1_1_1_1_1_1_1_1_1_1_1_1_1_1_1_1_1_1_1_2_1_1_1_1_1_1_1_2_3,143626.2761453556,21,7614,2017,"{""type"":""Point"",""coordinates"":[0.0,0.0]}"
1_1_1_1_1_1_1_1_1_1_1_1_1_1_1_1_1_1_1_1_1_1_1_1_1_1_1_1_1_1_1_1_1_1_1_1_1_1_1_1_1_1_2_1_1_1_1_1_1_1_2_4,239.7347757716998,22,7614,2017,"{""type"":""Point"",""coordinates"":[0.0,0.0]}"
1_1_1_1_1_1_1_1_1_1_1_1_1_1_1_1_1_1_1_1_1_1_1_1_1_1_1_1_1_1_1_1_1_1_1_1_1_1_1_1_1_1_2_1_1_1_1_1_1_1_2_5,67.60824409790041,29,7614,2017,"{""type"":""Point"",""coordinates"":[0.0,0.0]}"
1_1_1_1_1_1_1_1_1_1_1_1_1_1_1_1_1_1_1_1_1_1_1_1_1_1_1_1_1_1_1_1_1_1_1_1_1_1_1_1_1_1_2_1_1_1_1_1_1_1_2_6,386166.943745096,33,7614,2017,"{""type"":""Point"",""coordinates"":[0.0,0.0]}"
1_1_1_1_1_1_1_1_1_1_1_1_1_1_1_1_1_1_1_1_1_1_1_1_1_1_1_1_1_1_1_1_1_1_1_1_1_1_1_1_1_1_2_1_1_1_1_1_1_2_0,15108.978831581617,3,7614,2018,"{""type"":""Point"",""coordinates"":[0.0,0.0]}"
1_1_1_1_1_1_1_1_1_1_1_1_1_1_1_1_1_1_1_1_1_1_1_1_1_1_1_1_1_1_1_1_1_1_1_1_1_1_1_1_1_1_2_1_1_1_1_1_1_2_1,848660.0498948069,4,7614,2018,"{""type"":""Point"",""coordinates"":[0.0,0.0]}"
1_1_1_1_1_1_1_1_1_1_1_1_1_1_1_1_1_1_1_1_1_1_1_1_1_1_1_1_1_1_1_1_1_1_1_1_1_1_1_1_1_1_2_1_1_1_1_1_1_2_2,2.5678700439453124,12,7614,2018,"{""type"":""Point"",""coordinates"":[0.0,0.0]}"
1_1_1_1_1_1_1_1_1_1_1_1_1_1_1_1_1_1_1_1_1_1_1_1_1_1_1_1_1_1_1_1_1_1_1_1_1_1_1_1_1_1_2_1_1_1_1_1_1_2_3,502210.84757600364,21,7614,2018,"{""type"":""Point"",""coordinates"":[0.0,0.0]}"
1_1_1_1_1_1_1_1_1_1_1_1_1_1_1_1_1_1_1_1_1_1_1_1_1_1_1_1_1_1_1_1_1_1_1_1_1_1_1_1_1_1_2_1_1_1_1_1_1_2_4,91.20789586282172,22,7614,2018,"{""type"":""Point"",""coordinates"":[0.0,0.0]}"
1_1_1_1_1_1_1_1_1_1_1_1_1_1_1_1_1_1_1_1_1_1_1_1_1_1_1_1_1_1_1_1_1_1_1_1_1_1_1_1_1_1_2_1_1_1_1_1_1_2_5,4.1648791381835935,29,7614,2018,"{""type"":""Point"",""coordinates"":[0.0,0.0]}"
1_1_1_1_1_1_1_1_1_1_1_1_1_1_1_1_1_1_1_1_1_1_1_1_1_1_1_1_1_1_1_1_1_1_1_1_1_1_1_1_1_1_2_1_1_1_1_1_1_2_6,5980.545995564273,33,7614,2018,"{""type"":""Point"",""coordinates"":[0.0,0.0]}"
1_1_1_1_1_1_1_1_1_1_1_1_1_1_1_1_1_1_1_1_1_1_1_1_1_1_1_1_1_1_1_1_1_1_1_1_1_1_1_1_1_1_2_1_1_1_1_1_2_0,26971.504415554773,3,7614,2019,"{""type"":""Point"",""coordinates"":[0.0,0.0]}"
1_1_1_1_1_1_1_1_1_1_1_1_1_1_1_1_1_1_1_1_1_1_1_1_1_1_1_1_1_1_1_1_1_1_1_1_1_1_1_1_1_1_2_1_1_1_1_1_2_1,914287.5550088614,4,7614,2019,"{""type"":""Point"",""coordinates"":[0.0,0.0]}"
1_1_1_1_1_1_1_1_1_1_1_1_1_1_1_1_1_1_1_1_1_1_1_1_1_1_1_1_1_1_1_1_1_1_1_1_1_1_1_1_1_1_2_1_1_1_1_1_2_2,8.942631970214844,12,7614,2019,"{""type"":""Point"",""coordinates"":[0.0,0.0]}"
1_1_1_1_1_1_1_1_1_1_1_1_1_1_1_1_1_1_1_1_1_1_1_1_1_1_1_1_1_1_1_1_1_1_1_1_1_1_1_1_1_1_2_1_1_1_1_1_2_3,424898.40905763034,21,7614,2019,"{""type"":""Point"",""coordinates"":[0.0,0.0]}"
1_1_1_1_1_1_1_1_1_1_1_1_1_1_1_1_1_1_1_1_1_1_1_1_1_1_1_1_1_1_1_1_1_1_1_1_1_1_1_1_1_1_2_1_1_1_1_1_2_4,2105.097029148728,22,7614,2019,"{""type"":""Point"",""coordinates"":[0.0,0.0]}"
1_1_1_1_1_1_1_1_1_1_1_1_1_1_1_1_1_1_1_1_1_1_1_1_1_1_1_1_1_1_1_1_1_1_1_1_1_1_1_1_1_1_2_1_1_1_1_1_2_5,1.4164349487304686,29,7614,2019,"{""type"":""Point"",""coordinates"":[0.0,0.0]}"
1_1_1_1_1_1_1_1_1_1_1_1_1_1_1_1_1_1_1_1_1_1_1_1_1_1_1_1_1_1_1_1_1_1_1_1_1_1_1_1_1_1_2_1_1_1_1_1_2_6,3785.4383648513735,33,7614,2019,"{""type"":""Point"",""coordinates"":[0.0,0.0]}"
1_1_1_1_1_1_1_1_1_1_1_1_1_1_1_1_1_1_1_1_1_1_1_1_1_1_1_1_1_1_1_1_1_1_1_1_1_1_1_1_1_1_2_1_1_1_1_2_0,17042.500433015248,3,7614,2020,"{""type"":""Point"",""coordinates"":[0.0,0.0]}"
1_1_1_1_1_1_1_1_1_1_1_1_1_1_1_1_1_1_1_1_1_1_1_1_1_1_1_1_1_1_1_1_1_1_1_1_1_1_1_1_1_1_2_1_1_1_1_2_1,926344.3135106296,4,7614,2020,"{""type"":""Point"",""coordinates"":[0.0,0.0]}"
1_1_1_1_1_1_1_1_1_1_1_1_1_1_1_1_1_1_1_1_1_1_1_1_1_1_1_1_1_1_1_1_1_1_1_1_1_1_1_1_1_1_2_1_1_1_1_2_2,42.97522336425781,12,7614,2020,"{""type"":""Point"",""coordinates"":[0.0,0.0]}"
1_1_1_1_1_1_1_1_1_1_1_1_1_1_1_1_1_1_1_1_1_1_1_1_1_1_1_1_1_1_1_1_1_1_1_1_1_1_1_1_1_1_2_1_1_1_1_2_3,423896.1300837035,21,7614,2020,"{""type"":""Point"",""coordinates"":[0.0,0.0]}"
1_1_1_1_1_1_1_1_1_1_1_1_1_1_1_1_1_1_1_1_1_1_1_1_1_1_1_1_1_1_1_1_1_1_1_1_1_1_1_1_1_1_2_1_1_1_1_2_4,210.3616694278493,22,7614,2020,"{""type"":""Point"",""coordinates"":[0.0,0.0]}"
1_1_1_1_1_1_1_1_1_1_1_1_1_1_1_1_1_1_1_1_1_1_1_1_1_1_1_1_1_1_1_1_1_1_1_1_1_1_1_1_1_1_2_1_1_1_1_2_5,0.08846727905273437,29,7614,2020,"{""type"":""Point"",""coordinates"":[0.0,0.0]}"
1_1_1_1_1_1_1_1_1_1_1_1_1_1_1_1_1_1_1_1_1_1_1_1_1_1_1_1_1_1_1_1_1_1_1_1_1_1_1_1_1_1_2_1_1_1_1_2_6,4521.993555602444,33,7614,2020,"{""type"":""Point"",""coordinates"":[0.0,0.0]}"
1_1_1_1_1_1_1_1_1_1_1_1_1_1_1_1_1_1_1_1_1_1_1_1_1_1_1_1_1_1_1_1_1_1_1_1_1_1_1_1_1_1_2_1_1_1_2_0,12380.89876654324,3,7614,2021,"{""type"":""Point"",""coordinates"":[0.0,0.0]}"
1_1_1_1_1_1_1_1_1_1_1_1_1_1_1_1_1_1_1_1_1_1_1_1_1_1_1_1_1_1_1_1_1_1_1_1_1_1_1_1_1_1_2_1_1_1_2_1,940439.8380741366,4,7614,2021,"{""type"":""Point"",""coordinates"":[0.0,0.0]}"
1_1_1_1_1_1_1_1_1_1_1_1_1_1_1_1_1_1_1_1_1_1_1_1_1_1_1_1_1_1_1_1_1_1_1_1_1_1_1_1_1_1_2_1_1_1_2_2,58.32354090576172,12,7614,2021,"{""type"":""Point"",""coordinates"":[0.0,0.0]}"
1_1_1_1_1_1_1_1_1_1_1_1_1_1_1_1_1_1_1_1_1_1_1_1_1_1_1_1_1_1_1_1_1_1_1_1_1_1_1_1_1_1_2_1_1_1_2_3,414164.3555240817,21,7614,2021,"{""type"":""Point"",""coordinates"":[0.0,0.0]}"
1_1_1_1_1_1_1_1_1_1_1_1_1_1_1_1_1_1_1_1_1_1_1_1_1_1_1_1_1_1_1_1_1_1_1_1_1_1_1_1_1_1_2_1_1_1_2_4,1603.423244716913,22,7614,2021,"{""type"":""Point"",""coordinates"":[0.0,0.0]}"
1_1_1_1_1_1_1_1_1_1_1_1_1_1_1_1_1_1_1_1_1_1_1_1_1_1_1_1_1_1_1_1_1_1_1_1_1_1_1_1_1_1_2_1_1_1_2_5,3411.5237926327104,33,7614,2021,"{""type"":""Point"",""coordinates"":[0.0,0.0]}"
1_1_1_1_1_1_1_1_1_1_1_1_1_1_1_1_1_1_1_1_1_1_1_1_1_1_1_1_1_1_1_1_1_1_1_1_1_1_1_1_1_1_2_1_1_2_0,16227.289212004729,3,7614,2022,"{""type"":""Point"",""coordinates"":[0.0,0.0]}"
1_1_1_1_1_1_1_1_1_1_1_1_1_1_1_1_1_1_1_1_1_1_1_1_1_1_1_1_1_1_1_1_1_1_1_1_1_1_1_1_1_1_2_1_1_2_1,921540.8054161568,4,7614,2022,"{""type"":""Point"",""coordinates"":[0.0,0.0]}"
1_1_1_1_1_1_1_1_1_1_1_1_1_1_1_1_1_1_1_1_1_1_1_1_1_1_1_1_1_1_1_1_1_1_1_1_1_1_1_1_1_1_2_1_1_2_2,8.854980041503907,12,7614,2022,"{""type"":""Point"",""coordinates"":[0.0,0.0]}"
1_1_1_1_1_1_1_1_1_1_1_1_1_1_1_1_1_1_1_1_1_1_1_1_1_1_1_1_1_1_1_1_1_1_1_1_1_1_1_1_1_1_2_1_1_2_3,429847.6374830302,21,7614,2022,"{""type"":""Point"",""coordinates"":[0.0,0.0]}"
1_1_1_1_1_1_1_1_1_1_1_1_1_1_1_1_1_1_1_1_1_1_1_1_1_1_1_1_1_1_1_1_1_1_1_1_1_1_1_1_1_1_2_1_1_2_4,1810.636503505876,22,7614,2022,"{""type"":""Point"",""coordinates"":[0.0,0.0]}"
1_1_1_1_1_1_1_1_1_1_1_1_1_1_1_1_1_1_1_1_1_1_1_1_1_1_1_1_1_1_1_1_1_1_1_1_1_1_1_1_1_1_2_1_1_2_5,41.129795886230475,29,7614,2022,"{""type"":""Point"",""coordinates"":[0.0,0.0]}"
1_1_1_1_1_1_1_1_1_1_1_1_1_1_1_1_1_1_1_1_1_1_1_1_1_1_1_1_1_1_1_1_1_1_1_1_1_1_1_1_1_1_2_1_1_2_6,2582.009552397388,33,7614,2022,"{""type"":""Point"",""coordinates"":[0.0,0.0]}"
1_1_1_1_1_1_1_1_1_1_1_1_1_1_1_1_1_1_1_1_1_1_1_1_1_1_1_1_1_1_1_1_1_1_1_1_1_1_1_1_1_1_2_1_2_0,15227.744664466985,3,7614,2023,"{""type"":""Point"",""coordinates"":[0.0,0.0]}"
1_1_1_1_1_1_1_1_1_1_1_1_1_1_1_1_1_1_1_1_1_1_1_1_1_1_1_1_1_1_1_1_1_1_1_1_1_1_1_1_1_1_2_1_2_1,918262.9076571888,4,7614,2023,"{""type"":""Point"",""coordinates"":[0.0,0.0]}"
1_1_1_1_1_1_1_1_1_1_1_1_1_1_1_1_1_1_1_1_1_1_1_1_1_1_1_1_1_1_1_1_1_1_1_1_1_1_1_1_1_1_2_1_2_2,11.0784111328125,12,7614,2023,"{""type"":""Point"",""coordinates"":[0.0,0.0]}"
1_1_1_1_1_1_1_1_1_1_1_1_1_1_1_1_1_1_1_1_1_1_1_1_1_1_1_1_1_1_1_1_1_1_1_1_1_1_1_1_1_1_2_1_2_3,435038.8598300325,21,7614,2023,"{""type"":""Point"",""coordinates"":[0.0,0.0]}"
1_1_1_1_1_1_1_1_1_1_1_1_1_1_1_1_1_1_1_1_1_1_1_1_1_1_1_1_1_1_1_1_1_1_1_1_1_1_1_1_1_1_2_1_2_4,699.6651187830307,22,7614,2023,"{""type"":""Point"",""coordinates"":[0.0,0.0]}"
1_1_1_1_1_1_1_1_1_1_1_1_1_1_1_1_1_1_1_1_1_1_1_1_1_1_1_1_1_1_1_1_1_1_1_1_1_1_1_1_1_1_2_1_2_5,19.148532940673824,29,7614,2023,"{""type"":""Point"",""coordinates"":[0.0,0.0]}"
1_1_1_1_1_1_1_1_1_1_1_1_1_1_1_1_1_1_1_1_1_1_1_1_1_1_1_1_1_1_1_1_1_1_1_1_1_1_1_1_1_1_2_1_2_6,2798.95872849121,33,7614,2023,"{""type"":""Point"",""coordinates"":[0.0,0.0]}"
1_1_1_1_1_1_1_1_1_1_1_1_1_1_1_1_1_1_1_1_1_1_1_1_1_1_1_1_1_1_1_1_1_1_1_1_1_1_1_1_1_1_2_2_0,11799.59161379664,3,7614,2024,"{""type"":""Point"",""coordinates"":[0.0,0.0]}"
1_1_1_1_1_1_1_1_1_1_1_1_1_1_1_1_1_1_1_1_1_1_1_1_1_1_1_1_1_1_1_1_1_1_1_1_1_1_1_1_1_1_2_2_1,884191.0592331114,4,7614,2024,"{""type"":""Point"",""coordinates"":[0.0,0.0]}"
1_1_1_1_1_1_1_1_1_1_1_1_1_1_1_1_1_1_1_1_1_1_1_1_1_1_1_1_1_1_1_1_1_1_1_1_1_1_1_1_1_1_2_2_2,131.27415813713523,12,7614,2024,"{""type"":""Point"",""coordinates"":[0.0,0.0]}"
1_1_1_1_1_1_1_1_1_1_1_1_1_1_1_1_1_1_1_1_1_1_1_1_1_1_1_1_1_1_1_1_1_1_1_1_1_1_1_1_1_1_2_2_3,470798.20844480983,21,7614,2024,"{""type"":""Point"",""coordinates"":[0.0,0.0]}"
1_1_1_1_1_1_1_1_1_1_1_1_1_1_1_1_1_1_1_1_1_1_1_1_1_1_1_1_1_1_1_1_1_1_1_1_1_1_1_1_1_1_2_2_4,1316.9871763781985,22,7614,2024,"{""type"":""Point"",""coordinates"":[0.0,0.0]}"
1_1_1_1_1_1_1_1_1_1_1_1_1_1_1_1_1_1_1_1_1_1_1_1_1_1_1_1_1_1_1_1_1_1_1_1_1_1_1_1_1_1_2_2_5,731.4386700084012,29,7614,2024,"{""type"":""Point"",""coordinates"":[0.0,0.0]}"
1_1_1_1_1_1_1_1_1_1_1_1_1_1_1_1_1_1_1_1_1_1_1_1_1_1_1_1_1_1_1_1_1_1_1_1_1_1_1_1_1_1_2_2_6,3089.8036467189895,33,7614,2024,"{""type"":""Point"",""coordinates"":[0.0,0.0]}"
1_1_1_1_1_1_1_1_1_1_1_1_1_1_1_1_1_1_1_1_1_1_1_1_1_1_1_1_1_1_1_1_1_1_1_1_1_1_1_1_1_2_1_1_1_1_1_1_1_1_2_0,5474.346080777151,3,7616,2016,"{""type"":""Point"",""coordinates"":[0.0,0.0]}"
1_1_1_1_1_1_1_1_1_1_1_1_1_1_1_1_1_1_1_1_1_1_1_1_1_1_1_1_1_1_1_1_1_1_1_1_1_1_1_1_1_2_1_1_1_1_1_1_1_1_2_1,1023111.553999472,4,7616,2016,"{""type"":""Point"",""coordinates"":[0.0,0.0]}"
1_1_1_1_1_1_1_1_1_1_1_1_1_1_1_1_1_1_1_1_1_1_1_1_1_1_1_1_1_1_1_1_1_1_1_1_1_1_1_1_1_2_1_1_1_1_1_1_1_1_2_2,10.02073822631836,12,7616,2016,"{""type"":""Point"",""coordinates"":[0.0,0.0]}"
1_1_1_1_1_1_1_1_1_1_1_1_1_1_1_1_1_1_1_1_1_1_1_1_1_1_1_1_1_1_1_1_1_1_1_1_1_1_1_1_1_2_1_1_1_1_1_1_1_1_2_3,389664.59958092676,21,7616,2016,"{""type"":""Point"",""coordinates"":[0.0,0.0]}"
1_1_1_1_1_1_1_1_1_1_1_1_1_1_1_1_1_1_1_1_1_1_1_1_1_1_1_1_1_1_1_1_1_1_1_1_1_1_1_1_1_2_1_1_1_1_1_1_1_1_2_4,1956.7948409413525,22,7616,2016,"{""type"":""Point"",""coordinates"":[0.0,0.0]}"
1_1_1_1_1_1_1_1_1_1_1_1_1_1_1_1_1_1_1_1_1_1_1_1_1_1_1_1_1_1_1_1_1_1_1_1_1_1_1_1_1_2_1_1_1_1_1_1_1_1_2_5,533.7034186950685,29,7616,2016,"{""type"":""Point"",""coordinates"":[0.0,0.0]}"
1_1_1_1_1_1_1_1_1_1_1_1_1_1_1_1_1_1_1_1_1_1_1_1_1_1_1_1_1_1_1_1_1_1_1_1_1_1_1_1_1_2_1_1_1_1_1_1_1_1_2_6,551.3657681956096,33,7616,2016,"{""type"":""Point"",""coordinates"":[0.0,0.0]}"
1_1_1_1_1_1_1_1_1_1_1_1_1_1_1_1_1_1_1_1_1_1_1_1_1_1_1_1_1_1_1_1_1_1_1_1_1_1_1_1_1_2_1_1_1_1_1_1_1_2_0,4126.8073495079625,3,7616,2017,"{""type"":""Point"",""coordinates"":[0.0,0.0]}"
1_1_1_1_1_1_1_1_1_1_1_1_1_1_1_1_1_1_1_1_1_1_1_1_1_1_1_1_1_1_1_1_1_1_1_1_1_1_1_1_1_2_1_1_1_1_1_1_1_2_1,1028687.3897056971,4,7616,2017,"{""type"":""Point"",""coordinates"":[0.0,0.0]}"
1_1_1_1_1_1_1_1_1_1_1_1_1_1_1_1_1_1_1_1_1_1_1_1_1_1_1_1_1_1_1_1_1_1_1_1_1_1_1_1_1_2_1_1_1_1_1_1_1_2_2,12.046058660888674,12,7616,2017,"{""type"":""Point"",""coordinates"":[0.0,0.0]}"
1_1_1_1_1_1_1_1_1_1_1_1_1_1_1_1_1_1_1_1_1_1_1_1_1_1_1_1_1_1_1_1_1_1_1_1_1_1_1_1_1_2_1_1_1_1_1_1_1_2_3,386493.8189761448,21,7616,2017,"{""type"":""Point"",""coordinates"":[0.0,0.0]}"
1_1_1_1_1_1_1_1_1_1_1_1_1_1_1_1_1_1_1_1_1_1_1_1_1_1_1_1_1_1_1_1_1_1_1_1_1_1_1_1_1_2_1_1_1_1_1_1_1_2_4,1095.3766269425691,22,7616,2017,"{""type"":""Point"",""coordinates"":[0.0,0.0]}"
1_1_1_1_1_1_1_1_1_1_1_1_1_1_1_1_1_1_1_1_1_1_1_1_1_1_1_1_1_1_1_1_1_1_1_1_1_1_1_1_1_2_1_1_1_1_1_1_1_2_5,537.1429285192157,29,7616,2017,"{""type"":""Point"",""coordinates"":[0.0,0.0]}"
1_1_1_1_1_1_1_1_1_1_1_1_1_1_1_1_1_1_1_1_1_1_1_1_1_1_1_1_1_1_1_1_1_1_1_1_1_1_1_1_1_2_1_1_1_1_1_1_1_2_6,349.80278175439025,33,7616,2017,"{""type"":""Point"",""coordinates"":[0.0,0.0]}"
1_1_1_1_1_1_1_1_1_1_1_1_1_1_1_1_1_1_1_1_1_1_1_1_1_1_1_1_1_1_1_1_1_1_1_1_1_1_1_1_1_2_1_1_1_1_1_1_2_0,4838.044446913923,3,7616,2018,"{""type"":""Point"",""coordinates"":[0.0,0.0]}"
1_1_1_1_1_1_1_1_1_1_1_1_1_1_1_1_1_1_1_1_1_1_1_1_1_1_1_1_1_1_1_1_1_1_1_1_1_1_1_1_1_2_1_1_1_1_1_1_2_1,1026959.1416106558,4,7616,2018,"{""type"":""Point"",""coordinates"":[0.0,0.0]}"
1_1_1_1_1_1_1_1_1_1_1_1_1_1_1_1_1_1_1_1_1_1_1_1_1_1_1_1_1_1_1_1_1_1_1_1_1_1_1_1_1_2_1_1_1_1_1_1_2_2,223.31162003461048,12,7616,2018,"{""type"":""Point"",""coordinates"":[0.0,0.0]}"
1_1_1_1_1_1_1_1_1_1_1_1_1_1_1_1_1_1_1_1_1_1_1_1_1_1_1_1_1_1_1_1_1_1_1_1_1_1_1_1_1_2_1_1_1_1_1_1_2_3,386444.02754622843,21,7616,2018,"{""type"":""Point"",""coordinates"":[0.0,0.0]}"
1_1_1_1_1_1_1_1_1_1_1_1_1_1_1_1_1_1_1_1_1_1_1_1_1_1_1_1_1_1_1_1_1_1_1_1_1_1_1_1_1_2_1_1_1_1_1_1_2_4,1975.0502721368673,22,7616,2018,"{""type"":""Point"",""coordinates"":[0.0,0.0]}"
1_1_1_1_1_1_1_1_1_1_1_1_1_1_1_1_1_1_1_1_1_1_1_1_1_1_1_1_1_1_1_1_1_1_1_1_1_1_1_1_1_2_1_1_1_1_1_1_2_5,466.4834167554189,29,7616,2018,"{""type"":""Point"",""coordinates"":[0.0,0.0]}"
1_1_1_1_1_1_1_1_1_1_1_1_1_1_1_1_1_1_1_1_1_1_1_1_1_1_1_1_1_1_1_1_1_1_1_1_1_1_1_1_1_2_1_1_1_1_1_1_2_6,396.32551451124044,33,7616,2018,"{""type"":""Point"",""coordinates"":[0.0,0.0]}"
1_1_1_1_1_1_1_1_1_1_1_1_1_1_1_1_1_1_1_1_1_1_1_1_1_1_1_1_1_1_1_1_1_1_1_1_1_1_1_1_1_2_1_1_1_1_1_2_0,6930.764311895196,3,7616,2019,"{""type"":""Point"",""coordinates"":[0.0,0.0]}"
1_1_1_1_1_1_1_1_1_1_1_1_1_1_1_1_1_1_1_1_1_1_1_1_1_1_1_1_1_1_1_1_1_1_1_1_1_1_1_1_1_2_1_1_1_1_1_2_1,1005196.2431082366,4,7616,2019,"{""type"":""Point"",""coordinates"":[0.0,0.0]}"
1_1_1_1_1_1_1_1_1_1_1_1_1_1_1_1_1_1_1_1_1_1_1_1_1_1_1_1_1_1_1_1_1_1_1_1_1_1_1_1_1_2_1_1_1_1_1_2_2,1253.3554324659376,12,7616,2019,"{""type"":""Point"",""coordinates"":[0.0,0.0]}"
1_1_1_1_1_1_1_1_1_1_1_1_1_1_1_1_1_1_1_1_1_1_1_1_1_1_1_1_1_1_1_1_1_1_1_1_1_1_1_1_1_2_1_1_1_1_1_2_3,406424.5735576942,21,7616,2019,"{""type"":""Point"",""coordinates"":[0.0,0.0]}"
1_1_1_1_1_1_1_1_1_1_1_1_1_1_1_1_1_1_1_1_1_1_1_1_1_1_1_1_1_1_1_1_1_1_1_1_1_1_1_1_1_2_1_1_1_1_1_2_4,906.033531784452,22,7616,2019,"{""type"":""Point"",""coordinates"":[0.0,0.0]}"
1_1_1_1_1_1_1_1_1_1_1_1_1_1_1_1_1_1_1_1_1_1_1_1_1_1_1_1_1_1_1_1_1_1_1_1_1_1_1_1_1_2_1_1_1_1_1_2_5,387.02302335205087,29,7616,2019,"{""type"":""Point"",""coordinates"":[0.0,0.0]}"
1_1_1_1_1_1_1_1_1_1_1_1_1_1_1_1_1_1_1_1_1_1_1_1_1_1_1_1_1_1_1_1_1_1_1_1_1_1_1_1_1_2_1_1_1_1_1_2_6,204.39146175898557,33,7616,2019,"{""type"":""Point"",""coordinates"":[0.0,0.0]}"
1_1_1_1_1_1_1_1_1_1_1_1_1_1_1_1_1_1_1_1_1_1_1_1_1_1_1_1_1_1_1_1_1_1_1_1_1_1_1_1_1_2_1_1_1_1_2_0,3431.2325506351476,3,7616,2020,"{""type"":""Point"",""coordinates"":[0.0,0.0]}"
1_1_1_1_1_1_1_1_1_1_1_1_1_1_1_1_1_1_1_1_1_1_1_1_1_1_1_1_1_1_1_1_1_1_1_1_1_1_1_1_1_2_1_1_1_1_2_1,1007083.8728658992,4,7616,2020,"{""type"":""Point"",""coordinates"":[0.0,0.0]}"
1_1_1_1_1_1_1_1_1_1_1_1_1_1_1_1_1_1_1_1_1_1_1_1_1_1_1_1_1_1_1_1_1_1_1_1_1_1_1_1_1_2_1_1_1_1_2_2,20.573990893554686,12,7616,2020,"{""type"":""Point"",""coordinates"":[0.0,0.0]}"
1_1_1_1_1_1_1_1_1_1_1_1_1_1_1_1_1_1_1_1_1_1_1_1_1_1_1_1_1_1_1_1_1_1_1_1_1_1_1_1_1_2_1_1_1_1_2_3,405341.7717346348,21,7616,2020,"{""type"":""Point"",""coordinates"":[0.0,0.0]}"
1_1_1_1_1_1_1_1_1_1_1_1_1_1_1_1_1_1_1_1_1_1_1_1_1_1_1_1_1_1_1_1_1_1_1_1_1_1_1_1_1_2_1_1_1_1_2_4,2927.6838077878165,22,7616,2020,"{""type"":""Point"",""coordinates"":[0.0,0.0]}"
1_1_1_1_1_1_1_1_1_1_1_1_1_1_1_1_1_1_1_1_1_1_1_1_1_1_1_1_1_1_1_1_1_1_1_1_1_1_1_1_1_2_1_1_1_1_2_5,2333.699061555387,29,7616,2020,"{""type"":""Point"",""coordinates"":[0.0,0.0]}"
1_1_1_1_1_1_1_1_1_1_1_1_1_1_1_1_1_1_1_1_1_1_1_1_1_1_1_1_1_1_1_1_1_1_1_1_1_1_1_1_1_2_1_1_1_1_2_6,163.55041580511383,33,7616,2020,"{""type"":""Point"",""coordinates"":[0.0,0.0]}"
1_1_1_1_1_1_1_1_1_1_1_1_1_1_1_1_1_1_1_1_1_1_1_1_1_1_1_1_1_1_1_1_1_1_1_1_1_1_1_1_1_2_1_1_1_2_0,6571.400142496304,3,7616,2021,"{""type"":""Point"",""coordinates"":[0.0,0.0]}"
1_1_1_1_1_1_1_1_1_1_1_1_1_1_1_1_1_1_1_1_1_1_1_1_1_1_1_1_1_1_1_1_1_1_1_1_1_1_1_1_1_2_1_1_1_2_1,994360.3501752752,4,7616,2021,"{""type"":""Point"",""coordinates"":[0.0,0.0]}"
1_1_1_1_1_1_1_1_1_1_1_1_1_1_1_1_1_1_1_1_1_1_1_1_1_1_1_1_1_1_1_1_1_1_1_1_1_1_1_1_1_2_1_1_1_2_2,45.6554627846153,12,7616,2021,"{""type"":""Point"",""coordinates"":[0.0,0.0]}"
1_1_1_1_1_1_1_1_1_1_1_1_1_1_1_1_1_1_1_1_1_1_1_1_1_1_1_1_1_1_1_1_1_1_1_1_1_1_1_1_1_2_1_1_1_2_3,417304.49643745745,21,7616,2021,"{""type"":""Point"",""coordinates"":[0.0,0.0]}"
1_1_1_1_1_1_1_1_1_1_1_1_1_1_1_1_1_1_1_1_1_1_1_1_1_1_1_1_1_1_1_1_1_1_1_1_1_1_1_1_1_2_1_1_1_2_4,2290.9588720483644,22,7616,2021,"{""type"":""Point"",""coordinates"":[0.0,0.0]}"
1_1_1_1_1_1_1_1_1_1_1_1_1_1_1_1_1_1_1_1_1_1_1_1_1_1_1_1_1_1_1_1_1_1_1_1_1_1_1_1_1_2_1_1_1_2_5,324.85404362816917,29,7616,2021,"{""type"":""Point"",""coordinates"":[0.0,0.0]}"
1_1_1_1_1_1_1_1_1_1_1_1_1_1_1_1_1_1_1_1_1_1_1_1_1_1_1_1_1_1_1_1_1_1_1_1_1_1_1_1_1_2_1_1_1_2_6,404.6692935372861,33,7616,2021,"{""type"":""Point"",""coordinates"":[0.0,0.0]}"
1_1_1_1_1_1_1_1_1_1_1_1_1_1_1_1_1_1_1_1_1_1_1_1_1_1_1_1_1_1_1_1_1_1_1_1_1_1_1_1_1_2_1_1_2_0,3179.859835517505,3,7616,2022,"{""type"":""Point"",""coordinates"":[0.0,0.0]}"
1_1_1_1_1_1_1_1_1_1_1_1_1_1_1_1_1_1_1_1_1_1_1_1_1_1_1_1_1_1_1_1_1_1_1_1_1_1_1_1_1_2_1_1_2_1,1002368.8115575,4,7616,2022,"{""type"":""Point"",""coordinates"":[0.0,0.0]}"
1_1_1_1_1_1_1_1_1_1_1_1_1_1_1_1_1_1_1_1_1_1_1_1_1_1_1_1_1_1_1_1_1_1_1_1_1_1_1_1_1_2_1_1_2_2,113.39421904584096,12,7616,2022,"{""type"":""Point"",""coordinates"":[0.0,0.0]}"
1_1_1_1_1_1_1_1_1_1_1_1_1_1_1_1_1_1_1_1_1_1_1_1_1_1_1_1_1_1_1_1_1_1_1_1_1_1_1_1_1_2_1_1_2_3,412542.48078248906,21,7616,2022,"{""type"":""Point"",""coordinates"":[0.0,0.0]}"
1_1_1_1_1_1_1_1_1_1_1_1_1_1_1_1_1_1_1_1_1_1_1_1_1_1_1_1_1_1_1_1_1_1_1_1_1_1_1_1_1_2_1_1_2_4,1325.1991525746291,22,7616,2022,"{""type"":""Point"",""coordinates"":[0.0,0.0]}"
1_1_1_1_1_1_1_1_1_1_1_1_1_1_1_1_1_1_1_1_1_1_1_1_1_1_1_1_1_1_1_1_1_1_1_1_1_1_1_1_1_2_1_1_2_5,1396.8664116451494,29,7616,2022,"{""type"":""Point"",""coordinates"":[0.0,0.0]}"
1_1_1_1_1_1_1_1_1_1_1_1_1_1_1_1_1_1_1_1_1_1_1_1_1_1_1_1_1_1_1_1_1_1_1_1_1_1_1_1_1_2_1_1_2_6,375.7724684590425,33,7616,2022,"{""type"":""Point"",""coordinates"":[0.0,0.0]}"
1_1_1_1_1_1_1_1_1_1_1_1_1_1_1_1_1_1_1_1_1_1_1_1_1_1_1_1_1_1_1_1_1_1_1_1_1_1_1_1_1_2_1_2_0,4031.6826475519865,3,7616,2023,"{""type"":""Point"",""coordinates"":[0.0,0.0]}"
1_1_1_1_1_1_1_1_1_1_1_1_1_1_1_1_1_1_1_1_1_1_1_1_1_1_1_1_1_1_1_1_1_1_1_1_1_1_1_1_1_2_1_2_1,1010586.9786608213,4,7616,2023,"{""type"":""Point"",""coordinates"":[0.0,0.0]}"
1_1_1_1_1_1_1_1_1_1_1_1_1_1_1_1_1_1_1_1_1_1_1_1_1_1_1_1_1_1_1_1_1_1_1_1_1_1_1_1_1_2_1_2_2,129.0753575500488,12,7616,2023,"{""type"":""Point"",""coordinates"":[0.0,0.0]}"
1_1_1_1_1_1_1_1_1_1_1_1_1_1_1_1_1_1_1_1_1_1_1_1_1_1_1_1_1_1_1_1_1_1_1_1_1_1_1_1_1_2_1_2_3,404377.44634942466,21,7616,2023,"{""type"":""Point"",""coordinates"":[0.0,0.0]}"
1_1_1_1_1_1_1_1_1_1_1_1_1_1_1_1_1_1_1_1_1_1_1_1_1_1_1_1_1_1_1_1_1_1_1_1_1_1_1_1_1_2_1_2_4,779.2354501634302,22,7616,2023,"{""type"":""Point"",""coordinates"":[0.0,0.0]}"
1_1_1_1_1_1_1_1_1_1_1_1_1_1_1_1_1_1_1_1_1_1_1_1_1_1_1_1_1_1_1_1_1_1_1_1_1_1_1_1_1_2_1_2_5,1117.6403288990705,29,7616,2023,"{""type"":""Point"",""coordinates"":[0.0,0.0]}"
1_1_1_1_1_1_1_1_1_1_1_1_1_1_1_1_1_1_1_1_1_1_1_1_1_1_1_1_1_1_1_1_1_1_1_1_1_1_1_1_1_2_1_2_6,280.3256328167132,33,7616,2023,"{""type"":""Point"",""coordinates"":[0.0,0.0]}"
1_1_1_1_1_1_1_1_1_1_1_1_1_1_1_1_1_1_1_1_1_1_1_1_1_1_1_1_1_1_1_1_1_1_1_1_1_1_1_1_1_2_2_0,8140.088939310015,3,7616,2024,"{""type"":""Point"",""coordinates"":[0.0,0.0]}"
1_1_1_1_1_1_1_1_1_1_1_1_1_1_1_1_1_1_1_1_1_1_1_1_1_1_1_1_1_1_1_1_1_1_1_1_1_1_1_1_1_2_2_1,979239.1211341512,4,7616,2024,"{""type"":""Point"",""coordinates"":[0.0,0.0]}"
1_1_1_1_1_1_1_1_1_1_1_1_1_1_1_1_1_1_1_1_1_1_1_1_1_1_1_1_1_1_1_1_1_1_1_1_1_1_1_1_1_2_2_2,15.441947423095705,12,7616,2024,"{""type"":""Point"",""coordinates"":[0.0,0.0]}"
1_1_1_1_1_1_1_1_1_1_1_1_1_1_1_1_1_1_1_1_1_1_1_1_1_1_1_1_1_1_1_1_1_1_1_1_1_1_1_1_1_2_2_3,429683.3822375972,21,7616,2024,"{""type"":""Point"",""coordinates"":[0.0,0.0]}"
1_1_1_1_1_1_1_1_1_1_1_1_1_1_1_1_1_1_1_1_1_1_1_1_1_1_1_1_1_1_1_1_1_1_1_1_1_1_1_1_1_2_2_4,2786.5569642298087,22,7616,2024,"{""type"":""Point"",""coordinates"":[0.0,0.0]}"
1_1_1_1_1_1_1_1_1_1_1_1_1_1_1_1_1_1_1_1_1_1_1_1_1_1_1_1_1_1_1_1_1_1_1_1_1_1_1_1_1_2_2_5,456.2425062805894,29,7616,2024,"{""type"":""Point"",""coordinates"":[0.0,0.0]}"
1_1_1_1_1_1_1_1_1_1_1_1_1_1_1_1_1_1_1_1_1_1_1_1_1_1_1_1_1_1_1_1_1_1_1_1_1_1_1_1_1_2_2_6,981.550698204657,33,7616,2024,"{""type"":""Point"",""coordinates"":[0.0,0.0]}"
1_1_1_1_1_1_1_1_1_1_1_1_1_1_1_1_1_1_1_1_1_1_1_1_1_1_1_1_1_1_1_1_1_1_1_1_1_1_1_1_2_1_1_1_1_1_1_1_1_2_0,247936.99383541968,3,745,2016,"{""type"":""Point"",""coordinates"":[0.0,0.0]}"
1_1_1_1_1_1_1_1_1_1_1_1_1_1_1_1_1_1_1_1_1_1_1_1_1_1_1_1_1_1_1_1_1_1_1_1_1_1_1_1_2_1_1_1_1_1_1_1_1_2_1,380081.63847556966,4,745,2016,"{""type"":""Point"",""coordinates"":[0.0,0.0]}"
1_1_1_1_1_1_1_1_1_1_1_1_1_1_1_1_1_1_1_1_1_1_1_1_1_1_1_1_1_1_1_1_1_1_1_1_1_1_1_1_2_1_1_1_1_1_1_1_1_2_2,169.35004032183474,12,745,2016,"{""type"":""Point"",""coordinates"":[0.0,0.0]}"
1_1_1_1_1_1_1_1_1_1_1_1_1_1_1_1_1_1_1_1_1_1_1_1_1_1_1_1_1_1_1_1_1_1_1_1_1_1_1_1_2_1_1_1_1_1_1_1_1_2_3,24498.699924867855,21,745,2016,"{""type"":""Point"",""coordinates"":[0.0,0.0]}"
1_1_1_1_1_1_1_1_1_1_1_1_1_1_1_1_1_1_1_1_1_1_1_1_1_1_1_1_1_1_1_1_1_1_1_1_1_1_1_1_2_1_1_1_1_1_1_1_1_2_4,187.87040199625656,22,745,2016,"{""type"":""Point"",""coordinates"":[0.0,0.0]}"
1_1_1_1_1_1_1_1_1_1_1_1_1_1_1_1_1_1_1_1_1_1_1_1_1_1_1_1_1_1_1_1_1_1_1_1_1_1_1_1_2_1_1_1_1_1_1_1_1_2_5,459.40161716387155,29,745,2016,"{""type"":""Point"",""coordinates"":[0.0,0.0]}"
1_1_1_1_1_1_1_1_1_1_1_1_1_1_1_1_1_1_1_1_1_1_1_1_1_1_1_1_1_1_1_1_1_1_1_1_1_1_1_1_2_1_1_1_1_1_1_1_1_2_6,539.6504037353517,33,745,2016,"{""type"":""Point"",""coordinates"":[0.0,0.0]}"
1_1_1_1_1_1_1_1_1_1_1_1_1_1_1_1_1_1_1_1_1_1_1_1_1_1_1_1_1_1_1_1_1_1_1_1_1_1_1_1_2_1_1_1_1_1_1_1_2_0,239350.2768593738,3,745,2017,"{""type"":""Point"",""coordinates"":[0.0,0.0]}"
1_1_1_1_1_1_1_1_1_1_1_1_1_1_1_1_1_1_1_1_1_1_1_1_1_1_1_1_1_1_1_1_1_1_1_1_1_1_1_1_2_1_1_1_1_1_1_1_2_1,389534.5523491066,4,745,2017,"{""type"":""Point"",""coordinates"":[0.0,0.0]}"
1_1_1_1_1_1_1_1_1_1_1_1_1_1_1_1_1_1_1_1_1_1_1_1_1_1_1_1_1_1_1_1_1_1_1_1_1_1_1_1_2_1_1_1_1_1_1_1_2_2,379.805354343764,12,745,2017,"{""type"":""Point"",""coordinates"":[0.0,0.0]}"
1_1_1_1_1_1_1_1_1_1_1_1_1_1_1_1_1_1_1_1_1_1_1_1_1_1_1_1_1_1_1_1_1_1_1_1_1_1_1_1_2_1_1_1_1_1_1_1_2_3,23167.185876071137,21,745,2017,"{""type"":""Point"",""coordinates"":[0.0,0.0]}"
1_1_1_1_1_1_1_1_1_1_1_1_1_1_1_1_1_1_1_1_1_1_1_1_1_1_1_1_1_1_1_1_1_1_1_1_1_1_1_1_2_1_1_1_1_1_1_1_2_4,285.2144494719383,22,745,2017,"{""type"":""Point"",""coordinates"":[0.0,0.0]}"
1_1_1_1_1_1_1_1_1_1_1_1_1_1_1_1_1_1_1_1_1_1_1_1_1_1_1_1_1_1_1_1_1_1_1_1_1_1_1_1_2_1_1_1_1_1_1_1_2_5,96.67366174316406,29,745,2017,"{""type"":""Point"",""coordinates"":[0.0,0.0]}"
1_1_1_1_1_1_1_1_1_1_1_1_1_1_1_1_1_1_1_1_1_1_1_1_1_1_1_1_1_1_1_1_1_1_1_1_1_1_1_1_2_1_1_1_1_1_1_1_2_6,1059.8961489346932,33,745,2017,"{""type"":""Point"",""coordinates"":[0.0,0.0]}"
1_1_1_1_1_1_1_1_1_1_1_1_1_1_1_1_1_1_1_1_1_1_1_1_1_1_1_1_1_1_1_1_1_1_1_1_1_1_1_1_2_1_1_1_1_1_1_2_0,271407.59222744673,3,745,2018,"{""type"":""Point"",""coordinates"":[0.0,0.0]}"
1_1_1_1_1_1_1_1_1_1_1_1_1_1_1_1_1_1_1_1_1_1_1_1_1_1_1_1_1_1_1_1_1_1_1_1_1_1_1_1_2_1_1_1_1_1_1_2_1,360988.5967884174,4,745,2018,"{""type"":""Point"",""coordinates"":[0.0,0.0]}"
1_1_1_1_1_1_1_1_1_1_1_1_1_1_1_1_1_1_1_1_1_1_1_1_1_1_1_1_1_1_1_1_1_1_1_1_1_1_1_1_2_1_1_1_1_1_1_2_2,199.10724175527534,12,745,2018,"{""type"":""Point"",""coordinates"":[0.0,0.0]}"
1_1_1_1_1_1_1_1_1_1_1_1_1_1_1_1_1_1_1_1_1_1_1_1_1_1_1_1_1_1_1_1_1_1_1_1_1_1_1_1_2_1_1_1_1_1_1_2_3,19719.44392178112,21,745,2018,"{""type"":""Point"",""coordinates"":[0.0,0.0]}"
1_1_1_1_1_1_1_1_1_1_1_1_1_1_1_1_1_1_1_1_1_1_1_1_1_1_1_1_1_1_1_1_1_1_1_1_1_1_1_1_2_1_1_1_1_1_1_2_4,219.52286499143128,22,745,2018,"{""type"":""Point"",""coordinates"":[0.0,0.0]}"
1_1_1_1_1_1_1_1_1_1_1_1_1_1_1_1_1_1_1_1_1_1_1_1_1_1_1_1_1_1_1_1_1_1_1_1_1_1_1_1_2_1_1_1_1_1_1_2_5,23.30091221313476,29,745,2018,"{""type"":""Point"",""coordinates"":[0.0,0.0]}"
1_1_1_1_1_1_1_1_1_1_1_1_1_1_1_1_1_1_1_1_1_1_1_1_1_1_1_1_1_1_1_1_1_1_1_1_1_1_1_1_2_1_1_1_1_1_1_2_6,1316.040742428341,33,745,2018,"{""type"":""Point"",""coordinates"":[0.0,0.0]}"
1_1_1_1_1_1_1_1_1_1_1_1_1_1_1_1_1_1_1_1_1_1_1_1_1_1_1_1_1_1_1_1_1_1_1_1_1_1_1_1_2_1_1_1_1_1_2_0,256803.91695207485,3,745,2019,"{""type"":""Point"",""coordinates"":[0.0,0.0]}"
1_1_1_1_1_1_1_1_1_1_1_1_1_1_1_1_1_1_1_1_1_1_1_1_1_1_1_1_1_1_1_1_1_1_1_1_1_1_1_1_2_1_1_1_1_1_2_1,375975.6296856502,4,745,2019,"{""type"":""Point"",""coordinates"":[0.0,0.0]}"
1_1_1_1_1_1_1_1_1_1_1_1_1_1_1_1_1_1_1_1_1_1_1_1_1_1_1_1_1_1_1_1_1_1_1_1_1_1_1_1_2_1_1_1_1_1_2_2,122.1818739116834,12,745,2019,"{""type"":""Point"",""coordinates"":[0.0,0.0]}"
1_1_1_1_1_1_1_1_1_1_1_1_1_1_1_1_1_1_1_1_1_1_1_1_1_1_1_1_1_1_1_1_1_1_1_1_1_1_1_1_2_1_1_1_1_1_2_3,19477.683550201808,21,745,2019,"{""type"":""Point"",""coordinates"":[0.0,0.0]}"
1_1_1_1_1_1_1_1_1_1_1_1_1_1_1_1_1_1_1_1_1_1_1_1_1_1_1_1_1_1_1_1_1_1_1_1_1_1_1_1_2_1_1_1_1_1_2_4,292.8797866412479,22,745,2019,"{""type"":""Point"",""coordinates"":[0.0,0.0]}"
1_1_1_1_1_1_1_1_1_1_1_1_1_1_1_1_1_1_1_1_1_1_1_1_1_1_1_1_1_1_1_1_1_1_1_1_1_1_1_1_2_1_1_1_1_1_2_5,78.66718292085537,29,745,2019,"{""type"":""Point"",""coordinates"":[0.0,0.0]}"
1_1_1_1_1_1_1_1_1_1_1_1_1_1_1_1_1_1_1_1_1_1_1_1_1_1_1_1_1_1_1_1_1_1_1_1_1_1_1_1_2_1_1_1_1_1_2_6,1122.6456676373002,33,745,2019,"{""type"":""Point"",""coordinates"":[0.0,0.0]}"
1_1_1_1_1_1_1_1_1_1_1_1_1_1_1_1_1_1_1_1_1_1_1_1_1_1_1_1_1_1_1_1_1_1_1_1_1_1_1_1_2_1_1_1_1_2_0,270696.86474957014,3,745,2020,"{""type"":""Point"",""coordinates"":[0.0,0.0]}"
1_1_1_1_1_1_1_1_1_1_1_1_1_1_1_1_1_1_1_1_1_1_1_1_1_1_1_1_1_1_1_1_1_1_1_1_1_1_1_1_2_1_1_1_1_2_1,358992.78945198364,4,745,2020,"{""type"":""Point"",""coordinates"":[0.0,0.0]}"
1_1_1_1_1_1_1_1_1_1_1_1_1_1_1_1_1_1_1_1_1_1_1_1_1_1_1_1_1_1_1_1_1_1_1_1_1_1_1_1_2_1_1_1_1_2_2,909.901930281956,12,745,2020,"{""type"":""Point"",""coordinates"":[0.0,0.0]}"
1_1_1_1_1_1_1_1_1_1_1_1_1_1_1_1_1_1_1_1_1_1_1_1_1_1_1_1_1_1_1_1_1_1_1_1_1_1_1_1_2_1_1_1_1_2_3,21645.512754759333,21,745,2020,"{""type"":""Point"",""coordinates"":[0.0,0.0]}"
1_1_1_1_1_1_1_1_1_1_1_1_1_1_1_1_1_1_1_1_1_1_1_1_1_1_1_1_1_1_1_1_1_1_1_1_1_1_1_1_2_1_1_1_1_2_4,573.6021917622882,22,745,2020,"{""type"":""Point"",""coordinates"":[0.0,0.0]}"
1_1_1_1_1_1_1_1_1_1_1_1_1_1_1_1_1_1_1_1_1_1_1_1_1_1_1_1_1_1_1_1_1_1_1_1_1_1_1_1_2_1_1_1_1_2_5,22.24102371215821,29,745,2020,"{""type"":""Point"",""coordinates"":[0.0,0.0]}"
1_1_1_1_1_1_1_1_1_1_1_1_1_1_1_1_1_1_1_1_1_1_1_1_1_1_1_1_1_1_1_1_1_1_1_1_1_1_1_1_2_1_1_1_1_2_6,1032.6925969799145,33,745,2020,"{""type"":""Point"",""coordinates"":[0.0,0.0]}"
1_1_1_1_1_1_1_1_1_1_1_1_1_1_1_1_1_1_1_1_1_1_1_1_1_1_1_1_1_1_1_1_1_1_1_1_1_1_1_1_2_1_1_1_2_0,289393.0146801809,3,745,2021,"{""type"":""Point"",""coordinates"":[0.0,0.0]}"
1_1_1_1_1_1_1_1_1_1_1_1_1_1_1_1_1_1_1_1_1_1_1_1_1_1_1_1_1_1_1_1_1_1_1_1_1_1_1_1_2_1_1_1_2_1,337909.22909354774,4,745,2021,"{""type"":""Point"",""coordinates"":[0.0,0.0]}"
1_1_1_1_1_1_1_1_1_1_1_1_1_1_1_1_1_1_1_1_1_1_1_1_1_1_1_1_1_1_1_1_1_1_1_1_1_1_1_1_2_1_1_1_2_2,480.6191746042066,12,745,2021,"{""type"":""Point"",""coordinates"":[0.0,0.0]}"
1_1_1_1_1_1_1_1_1_1_1_1_1_1_1_1_1_1_1_1_1_1_1_1_1_1_1_1_1_1_1_1_1_1_1_1_1_1_1_1_2_1_1_1_2_3,24540.895167809525,21,745,2021,"{""type"":""Point"",""coordinates"":[0.0,0.0]}"
1_1_1_1_1_1_1_1_1_1_1_1_1_1_1_1_1_1_1_1_1_1_1_1_1_1_1_1_1_1_1_1_1_1_1_1_1_1_1_1_2_1_1_1_2_4,576.1634506896257,22,745,2021,"{""type"":""Point"",""coordinates"":[0.0,0.0]}"
1_1_1_1_1_1_1_1_1_1_1_1_1_1_1_1_1_1_1_1_1_1_1_1_1_1_1_1_1_1_1_1_1_1_1_1_1_1_1_1_2_1_1_1_2_5,0.6203934753417969,29,745,2021,"{""type"":""Point"",""coordinates"":[0.0,0.0]}"
1_1_1_1_1_1_1_1_1_1_1_1_1_1_1_1_1_1_1_1_1_1_1_1_1_1_1_1_1_1_1_1_1_1_1_1_1_1_1_1_2_1_1_1_2_6,973.0627387343528,33,745,2021,"{""type"":""Point"",""coordinates"":[0.0,0.0]}"
1_1_1_1_1_1_1_1_1_1_1_1_1_1_1_1_1_1_1_1_1_1_1_1_1_1_1_1_1_1_1_1_1_1_1_1_1_1_1_1_2_1_1_2_0,264959.7495886392,3,745,2022,"{""type"":""Point"",""coordinates"":[0.0,0.0]}"
1_1_1_1_1_1_1_1_1_1_1_1_1_1_1_1_1_1_1_1_1_1_1_1_1_1_1_1_1_1_1_1_1_1_1_1_1_1_1_1_2_1_1_2_1,364754.4272242147,4,745,2022,"{""type"":""Point"",""coordinates"":[0.0,0.0]}"
1_1_1_1_1_1_1_1_1_1_1_1_1_1_1_1_1_1_1_1_1_1_1_1_1_1_1_1_1_1_1_1_1_1_1_1_1_1_1_1_2_1_1_2_2,101.75911055999151,12,745,2022,"{""type"":""Point"",""coordinates"":[0.0,0.0]}"
1_1_1_1_1_1_1_1_1_1_1_1_1_1_1_1_1_1_1_1_1_1_1_1_1_1_1_1_1_1_1_1_1_1_1_1_1_1_1_1_2_1_1_2_3,22781.155452338946,21,745,2022,"{""type"":""Point"",""coordinates"":[0.0,0.0]}"
1_1_1_1_1_1_1_1_1_1_1_1_1_1_1_1_1_1_1_1_1_1_1_1_1_1_1_1_1_1_1_1_1_1_1_1_1_1_1_1_2_1_1_2_4,299.646901576694,22,745,2022,"{""type"":""Point"",""coordinates"":[0.0,0.0]}"
1_1_1_1_1_1_1_1_1_1_1_1_1_1_1_1_1_1_1_1_1_1_1_1_1_1_1_1_1_1_1_1_1_1_1_1_1_1_1_1_2_1_1_2_5,2.74678642578125,29,745,2022,"{""type"":""Point"",""coordinates"":[0.0,0.0]}"
1_1_1_1_1_1_1_1_1_1_1_1_1_1_1_1_1_1_1_1_1_1_1_1_1_1_1_1_1_1_1_1_1_1_1_1_1_1_1_1_2_1_1_2_6,974.1196352980742,33,745,2022,"{""type"":""Point"",""coordinates"":[0.0,0.0]}"
1_1_1_1_1_1_1_1_1_1_1_1_1_1_1_1_1_1_1_1_1_1_1_1_1_1_1_1_1_1_1_1_1_1_1_1_1_1_1_1_2_1_2_0,277785.4437024663,3,745,2023,"{""type"":""Point"",""coordinates"":[0.0,0.0]}"
1_1_1_1_1_1_1_1_1_1_1_1_1_1_1_1_1_1_1_1_1_1_1_1_1_1_1_1_1_1_1_1_1_1_1_1_1_1_1_1_2_1_2_1,355852.52875394135,4,745,2023,"{""type"":""Point"",""coordinates"":[0.0,0.0]}"
1_1_1_1_1_1_1_1_1_1_1_1_1_1_1_1_1_1_1_1_1_1_1_1_1_1_1_1_1_1_1_1_1_1_1_1_1_1_1_1_2_1_2_2,16.59977390553194,12,745,2023,"{""type"":""Point"",""coordinates"":[0.0,0.0]}"
1_1_1_1_1_1_1_1_1_1_1_1_1_1_1_1_1_1_1_1_1_1_1_1_1_1_1_1_1_1_1_1_1_1_1_1_1_1_1_1_2_1_2_3,18979.41603276316,21,745,2023,"{""type"":""Point"",""coordinates"":[0.0,0.0]}"
1_1_1_1_1_1_1_1_1_1_1_1_1_1_1_1_1_1_1_1_1_1_1_1_1_1_1_1_1_1_1_1_1_1_1_1_1_1_1_1_2_1_2_4,145.21064699707034,22,745,2023,"{""type"":""Point"",""coordinates"":[0.0,0.0]}"
1_1_1_1_1_1_1_1_1_1_1_1_1_1_1_1_1_1_1_1_1_1_1_1_1_1_1_1_1_1_1_1_1_1_1_1_1_1_1_1_2_1_2_5,82.30788530589383,29,745,2023,"{""type"":""Point"",""coordinates"":[0.0,0.0]}"
1_1_1_1_1_1_1_1_1_1_1_1_1_1_1_1_1_1_1_1_1_1_1_1_1_1_1_1_1_1_1_1_1_1_1_1_1_1_1_1_2_1_2_6,1012.0979036682193,33,745,2023,"{""type"":""Point"",""coordinates"":[0.0,0.0]}"
1_1_1_1_1_1_1_1_1_1_1_1_1_1_1_1_1_1_1_1_1_1_1_1_1_1_1_1_1_1_1_1_1_1_1_1_1_1_1_1_2_2_0,228320.22571130673,3,745,2024,"{""type"":""Point"",""coordinates"":[0.0,0.0]}"
1_1_1_1_1_1_1_1_1_1_1_1_1_1_1_1_1_1_1_1_1_1_1_1_1_1_1_1_1_1_1_1_1_1_1_1_1_1_1_1_2_2_1,401940.03527669824,4,745,2024,"{""type"":""Point"",""coordinates"":[0.0,0.0]}"
1_1_1_1_1_1_1_1_1_1_1_1_1_1_1_1_1_1_1_1_1_1_1_1_1_1_1_1_1_1_1_1_1_1_1_1_1_1_1_1_2_2_2,16.61445550455729,12,745,2024,"{""type"":""Point"",""coordinates"":[0.0,0.0]}"
1_1_1_1_1_1_1_1_1_1_1_1_1_1_1_1_1_1_1_1_1_1_1_1_1_1_1_1_1_1_1_1_1_1_1_1_1_1_1_1_2_2_3,22484.25499496376,21,745,2024,"{""type"":""Point"",""coordinates"":[0.0,0.0]}"
1_1_1_1_1_1_1_1_1_1_1_1_1_1_1_1_1_1_1_1_1_1_1_1_1_1_1_1_1_1_1_1_1_1_1_1_1_1_1_1_2_2_4,122.77422160034176,22,745,2024,"{""type"":""Point"",""coordinates"":[0.0,0.0]}"
1_1_1_1_1_1_1_1_1_1_1_1_1_1_1_1_1_1_1_1_1_1_1_1_1_1_1_1_1_1_1_1_1_1_1_1_1_1_1_1_2_2_5,130.06884252946443,29,745,2024,"{""type"":""Point"",""coordinates"":[0.0,0.0]}"
1_1_1_1_1_1_1_1_1_1_1_1_1_1_1_1_1_1_1_1_1_1_1_1_1_1_1_1_1_1_1_1_1_1_1_1_1_1_1_1_2_2_6,859.6311964538694,33,745,2024,"{""type"":""Point"",""coordinates"":[0.0,0.0]}"
1_1_1_1_1_1_1_1_1_1_1_1_1_1_1_1_1_1_1_1_1_1_1_1_1_1_1_1_1_1_1_1_1_1_1_1_1_1_1_2_1_1_1_1_1_1_1_1_2_0,285.7054451572552,3,7424,2016,"{""type"":""Point"",""coordinates"":[0.0,0.0]}"
1_1_1_1_1_1_1_1_1_1_1_1_1_1_1_1_1_1_1_1_1_1_1_1_1_1_1_1_1_1_1_1_1_1_1_1_1_1_1_2_1_1_1_1_1_1_1_1_2_1,829866.4430898837,4,7424,2016,"{""type"":""Point"",""coordinates"":[0.0,0.0]}"
1_1_1_1_1_1_1_1_1_1_1_1_1_1_1_1_1_1_1_1_1_1_1_1_1_1_1_1_1_1_1_1_1_1_1_1_1_1_1_2_1_1_1_1_1_1_1_1_2_2,137.1209024655571,12,7424,2016,"{""type"":""Point"",""coordinates"":[0.0,0.0]}"
1_1_1_1_1_1_1_1_1_1_1_1_1_1_1_1_1_1_1_1_1_1_1_1_1_1_1_1_1_1_1_1_1_1_1_1_1_1_1_2_1_1_1_1_1_1_1_1_2_3,93197.52471667746,21,7424,2016,"{""type"":""Point"",""coordinates"":[0.0,0.0]}"
1_1_1_1_1_1_1_1_1_1_1_1_1_1_1_1_1_1_1_1_1_1_1_1_1_1_1_1_1_1_1_1_1_1_1_1_1_1_1_2_1_1_1_1_1_1_1_1_2_4,10.046450500488282,22,7424,2016,"{""type"":""Point"",""coordinates"":[0.0,0.0]}"
1_1_1_1_1_1_1_1_1_1_1_1_1_1_1_1_1_1_1_1_1_1_1_1_1_1_1_1_1_1_1_1_1_1_1_1_1_1_1_2_1_1_1_1_1_1_1_1_2_5,24.83596026417451,29,7424,2016,"{""type"":""Point"",""coordinates"":[0.0,0.0]}"
1_1_1_1_1_1_1_1_1_1_1_1_1_1_1_1_1_1_1_1_1_1_1_1_1_1_1_1_1_1_1_1_1_1_1_1_1_1_1_2_1_1_1_1_1_1_1_1_2_6,50.572704663085936,33,7424,2016,"{""type"":""Point"",""coordinates"":[0.0,0.0]}"
1_1_1_1_1_1_1_1_1_1_1_1_1_1_1_1_1_1_1_1_1_1_1_1_1_1_1_1_1_1_1_1_1_1_1_1_1_1_1_2_1_1_1_1_1_1_1_2_0,71.87431009162457,3,7424,2017,"{""type"":""Point"",""coordinates"":[0.0,0.0]}"
1_1_1_1_1_1_1_1_1_1_1_1_1_1_1_1_1_1_1_1_1_1_1_1_1_1_1_1_1_1_1_1_1_1_1_1_1_1_1_2_1_1_1_1_1_1_1_2_1,833829.8230827411,4,7424,2017,"{""type"":""Point"",""coordinates"":[0.0,0.0]}"
1_1_1_1_1_1_1_1_1_1_1_1_1_1_1_1_1_1_1_1_1_1_1_1_1_1_1_1_1_1_1_1_1_1_1_1_1_1_1_2_1_1_1_1_1_1_1_2_2,461.4543287072758,12,7424,2017,"{""type"":""Point"",""coordinates"":[0.0,0.0]}"
1_1_1_1_1_1_1_1_1_1_1_1_1_1_1_1_1_1_1_1_1_1_1_1_1_1_1_1_1_1_1_1_1_1_1_1_1_1_1_2_1_1_1_1_1_1_1_2_3,89125.63875770236,21,7424,2017,"{""type"":""Point"",""coordinates"":[0.0,0.0]}"
1_1_1_1_1_1_1_1_1_1_1_1_1_1_1_1_1_1_1_1_1_1_1_1_1_1_1_1_1_1_1_1_1_1_1_1_1_1_1_2_1_1_1_1_1_1_1_2_4,12.353385980224608,22,7424,2017,"{""type"":""Point"",""coordinates"":[0.0,0.0]}"
1_1_1_1_1_1_1_1_1_1_1_1_1_1_1_1_1_1_1_1_1_1_1_1_1_1_1_1_1_1_1_1_1_1_1_1_1_1_1_2_1_1_1_1_1_1_1_2_5,1.154980352783203,29,7424,2017,"{""type"":""Point"",""coordinates"":[0.0,0.0]}"
1_1_1_1_1_1_1_1_1_1_1_1_1_1_1_1_1_1_1_1_1_1_1_1_1_1_1_1_1_1_1_1_1_1_1_1_1_1_1_2_1_1_1_1_1_1_1_2_6,69.950424017334,33,7424,2017,"{""type"":""Point"",""coordinates"":[0.0,0.0]}"
1_1_1_1_1_1_1_1_1_1_1_1_1_1_1_1_1_1_1_1_1_1_1_1_1_1_1_1_1_1_1_1_1_1_1_1_1_1_1_2_1_1_1_1_1_1_2_0,167.162349709712,3,7424,2018,"{""type"":""Point"",""coordinates"":[0.0,0.0]}"
1_1_1_1_1_1_1_1_1_1_1_1_1_1_1_1_1_1_1_1_1_1_1_1_1_1_1_1_1_1_1_1_1_1_1_1_1_1_1_2_1_1_1_1_1_1_2_1,842186.9583839922,4,7424,2018,"{""type"":""Point"",""coordinates"":[0.0,0.0]}"
1_1_1_1_1_1_1_1_1_1_1_1_1_1_1_1_1_1_1_1_1_1_1_1_1_1_1_1_1_1_1_1_1_1_1_1_1_1_1_2_1_1_1_1_1_1_2_2,1323.5076203485444,12,7424,2018,"{""type"":""Point"",""coordinates"":[0.0,0.0]}"
1_1_1_1_1_1_1_1_1_1_1_1_1_1_1_1_1_1_1_1_1_1_1_1_1_1_1_1_1_1_1_1_1_1_1_1_1_1_1_2_1_1_1_1_1_1_2_3,79638.93396184962,21,7424,2018,"{""type"":""Point"",""coordinates"":[0.0,0.0]}"
1_1_1_1_1_1_1_1_1_1_1_1_1_1_1_1_1_1_1_1_1_1_1_1_1_1_1_1_1_1_1_1_1_1_1_1_1_1_1_2_1_1_1_1_1_1_2_4,112.14140324707046,22,7424,2018,"{""type"":""Point"",""coordinates"":[0.0,0.0]}"
1_1_1_1_1_1_1_1_1_1_1_1_1_1_1_1_1_1_1_1_1_1_1_1_1_1_1_1_1_1_1_1_1_1_1_1_1_1_1_2_1_1_1_1_1_1_2_5,17.86468204956055,29,7424,2018,"{""type"":""Point"",""coordinates"":[0.0,0.0]}"
1_1_1_1_1_1_1_1_1_1_1_1_1_1_1_1_1_1_1_1_1_1_1_1_1_1_1_1_1_1_1_1_1_1_1_1_1_1_1_2_1_1_1_1_1_1_2_6,125.68086831665035,33,7424,2018,"{""type"":""Point"",""coordinates"":[0.0,0.0]}"
1_1_1_1_1_1_1_1_1_1_1_1_1_1_1_1_1_1_1_1_1_1_1_1_1_1_1_1_1_1_1_1_1_1_1_1_1_1_1_2_1_1_1_1_1_2_0,369.6063271712958,3,7424,2019,"{""type"":""Point"",""coordinates"":[0.0,0.0]}"
1_1_1_1_1_1_1_1_1_1_1_1_1_1_1_1_1_1_1_1_1_1_1_1_1_1_1_1_1_1_1_1_1_1_1_1_1_1_1_2_1_1_1_1_1_2_1,860614.0694982432,4,7424,2019,"{""type"":""Point"",""coordinates"":[0.0,0.0]}"
1_1_1_1_1_1_1_1_1_1_1_1_1_1_1_1_1_1_1_1_1_1_1_1_1_1_1_1_1_1_1_1_1_1_1_1_1_1_1_2_1_1_1_1_1_2_2,207.08050692306213,12,7424,2019,"{""type"":""Point"",""coordinates"":[0.0,0.0]}"
1_1_1_1_1_1_1_1_1_1_1_1_1_1_1_1_1_1_1_1_1_1_1_1_1_1_1_1_1_1_1_1_1_1_1_1_1_1_1_2_1_1_1_1_1_2_3,62192.80856986142,21,7424,2019,"{""type"":""Point"",""coordinates"":[0.0,0.0]}"
1_1_1_1_1_1_1_1_1_1_1_1_1_1_1_1_1_1_1_1_1_1_1_1_1_1_1_1_1_1_1_1_1_1_1_1_1_1_1_2_1_1_1_1_1_2_4,91.36260929565431,22,7424,2019,"{""type"":""Point"",""coordinates"":[0.0,0.0]}"
1_1_1_1_1_1_1_1_1_1_1_1_1_1_1_1_1_1_1_1_1_1_1_1_1_1_1_1_1_1_1_1_1_1_1_1_1_1_1_2_1_1_1_1_1_2_5,5.686095446777344,29,7424,2019,"{""type"":""Point"",""coordinates"":[0.0,0.0]}"
1_1_1_1_1_1_1_1_1_1_1_1_1_1_1_1_1_1_1_1_1_1_1_1_1_1_1_1_1_1_1_1_1_1_1_1_1_1_1_2_1_1_1_1_1_2_6,91.63566246948247,33,7424,2019,"{""type"":""Point"",""coordinates"":[0.0,0.0]}"
1_1_1_1_1_1_1_1_1_1_1_1_1_1_1_1_1_1_1_1_1_1_1_1_1_1_1_1_1_1_1_1_1_1_1_1_1_1_1_2_1_1_1_1_2_0,392.45663352687444,3,7424,2020,"{""type"":""Point"",""coordinates"":[0.0,0.0]}"
1_1_1_1_1_1_1_1_1_1_1_1_1_1_1_1_1_1_1_1_1_1_1_1_1_1_1_1_1_1_1_1_1_1_1_1_1_1_1_2_1_1_1_1_2_1,859871.3092434456,4,7424,2020,"{""type"":""Point"",""coordinates"":[0.0,0.0]}"
1_1_1_1_1_1_1_1_1_1_1_1_1_1_1_1_1_1_1_1_1_1_1_1_1_1_1_1_1_1_1_1_1_1_1_1_1_1_1_2_1_1_1_1_2_2,1165.1337940686285,12,7424,2020,"{""type"":""Point"",""coordinates"":[0.0,0.0]}"
1_1_1_1_1_1_1_1_1_1_1_1_1_1_1_1_1_1_1_1_1_1_1_1_1_1_1_1_1_1_1_1_1_1_1_1_1_1_1_2_1_1_1_1_2_3,61981.293981913055,21,7424,2020,"{""type"":""Point"",""coordinates"":[0.0,0.0]}"
1_1_1_1_1_1_1_1_1_1_1_1_1_1_1_1_1_1_1_1_1_1_1_1_1_1_1_1_1_1_1_1_1_1_1_1_1_1_1_2_1_1_1_1_2_4,94.06345811647901,22,7424,2020,"{""type"":""Point"",""coordinates"":[0.0,0.0]}"
1_1_1_1_1_1_1_1_1_1_1_1_1_1_1_1_1_1_1_1_1_1_1_1_1_1_1_1_1_1_1_1_1_1_1_1_1_1_1_2_1_1_1_1_2_5,67.99215839843752,33,7424,2020,"{""type"":""Point"",""coordinates"":[0.0,0.0]}"
1_1_1_1_1_1_1_1_1_1_1_1_1_1_1_1_1_1_1_1_1_1_1_1_1_1_1_1_1_1_1_1_1_1_1_1_1_1_1_2_1_1_1_2_0,382.7733932525995,3,7424,2021,"{""type"":""Point"",""coordinates"":[0.0,0.0]}"
1_1_1_1_1_1_1_1_1_1_1_1_1_1_1_1_1_1_1_1_1_1_1_1_1_1_1_1_1_1_1_1_1_1_1_1_1_1_1_2_1_1_1_2_1,857528.36712315,4,7424,2021,"{""type"":""Point"",""coordinates"":[0.0,0.0]}"
1_1_1_1_1_1_1_1_1_1_1_1_1_1_1_1_1_1_1_1_1_1_1_1_1_1_1_1_1_1_1_1_1_1_1_1_1_1_1_2_1_1_1_2_2,64.87895723053578,12,7424,2021,"{""type"":""Point"",""coordinates"":[0.0,0.0]}"
1_1_1_1_1_1_1_1_1_1_1_1_1_1_1_1_1_1_1_1_1_1_1_1_1_1_1_1_1_1_1_1_1_1_1_1_1_1_1_2_1_1_1_2_3,65412.79578222117,21,7424,2021,"{""type"":""Point"",""coordinates"":[0.0,0.0]}"
1_1_1_1_1_1_1_1_1_1_1_1_1_1_1_1_1_1_1_1_1_1_1_1_1_1_1_1_1_1_1_1_1_1_1_1_1_1_1_2_1_1_1_2_4,76.68294876708985,22,7424,2021,"{""type"":""Point"",""coordinates"":[0.0,0.0]}"
1_1_1_1_1_1_1_1_1_1_1_1_1_1_1_1_1_1_1_1_1_1_1_1_1_1_1_1_1_1_1_1_1_1_1_1_1_1_1_2_1_1_1_2_5,8.448339666748046,29,7424,2021,"{""type"":""Point"",""coordinates"":[0.0,0.0]}"
1_1_1_1_1_1_1_1_1_1_1_1_1_1_1_1_1_1_1_1_1_1_1_1_1_1_1_1_1_1_1_1_1_1_1_1_1_1_1_2_1_1_1_2_6,98.30272520751963,33,7424,2021,"{""type"":""Point"",""coordinates"":[0.0,0.0]}"
1_1_1_1_1_1_1_1_1_1_1_1_1_1_1_1_1_1_1_1_1_1_1_1_1_1_1_1_1_1_1_1_1_1_1_1_1_1_1_2_1_1_2_0,227.50952887525364,3,7424,2022,"{""type"":""Point"",""coordinates"":[0.0,0.0]}"
1_1_1_1_1_1_1_1_1_1_1_1_1_1_1_1_1_1_1_1_1_1_1_1_1_1_1_1_1_1_1_1_1_1_1_1_1_1_1_2_1_1_2_1,855797.916433727,4,7424,2022,"{""type"":""Point"",""coordinates"":[0.0,0.0]}"
1_1_1_1_1_1_1_1_1_1_1_1_1_1_1_1_1_1_1_1_1_1_1_1_1_1_1_1_1_1_1_1_1_1_1_1_1_1_1_2_1_1_2_2,38.56559969482422,12,7424,2022,"{""type"":""Point"",""coordinates"":[0.0,0.0]}"
1_1_1_1_1_1_1_1_1_1_1_1_1_1_1_1_1_1_1_1_1_1_1_1_1_1_1_1_1_1_1_1_1_1_1_1_1_1_1_2_1_1_2_3,67158.89465976495,21,7424,2022,"{""type"":""Point"",""coordinates"":[0.0,0.0]}"
1_1_1_1_1_1_1_1_1_1_1_1_1_1_1_1_1_1_1_1_1_1_1_1_1_1_1_1_1_1_1_1_1_1_1_1_1_1_1_2_1_1_2_4,42.401194042968754,22,7424,2022,"{""type"":""Point"",""coordinates"":[0.0,0.0]}"
1_1_1_1_1_1_1_1_1_1_1_1_1_1_1_1_1_1_1_1_1_1_1_1_1_1_1_1_1_1_1_1_1_1_1_1_1_1_1_2_1_1_2_5,191.85461884751248,29,7424,2022,"{""type"":""Point"",""coordinates"":[0.0,0.0]}"
1_1_1_1_1_1_1_1_1_1_1_1_1_1_1_1_1_1_1_1_1_1_1_1_1_1_1_1_1_1_1_1_1_1_1_1_1_1_1_2_1_1_2_6,115.10723456420897,33,7424,2022,"{""type"":""Point"",""coordinates"":[0.0,0.0]}"
1_1_1_1_1_1_1_1_1_1_1_1_1_1_1_1_1_1_1_1_1_1_1_1_1_1_1_1_1_1_1_1_1_1_1_1_1_1_1_2_1_2_0,352.43242669641825,3,7424,2023,"{""type"":""Point"",""coordinates"":[0.0,0.0]}"
1_1_1_1_1_1_1_1_1_1_1_1_1_1_1_1_1_1_1_1_1_1_1_1_1_1_1_1_1_1_1_1_1_1_1_1_1_1_1_2_1_2_1,865306.2962083835,4,7424,2023,"{""type"":""Point"",""coordinates"":[0.0,0.0]}"
1_1_1_1_1_1_1_1_1_1_1_1_1_1_1_1_1_1_1_1_1_1_1_1_1_1_1_1_1_1_1_1_1_1_1_1_1_1_1_2_1_2_2,19.815247644042962,12,7424,2023,"{""type"":""Point"",""coordinates"":[0.0,0.0]}"
1_1_1_1_1_1_1_1_1_1_1_1_1_1_1_1_1_1_1_1_1_1_1_1_1_1_1_1_1_1_1_1_1_1_1_1_1_1_1_2_1_2_3,57649.57968234431,21,7424,2023,"{""type"":""Point"",""coordinates"":[0.0,0.0]}"
1_1_1_1_1_1_1_1_1_1_1_1_1_1_1_1_1_1_1_1_1_1_1_1_1_1_1_1_1_1_1_1_1_1_1_1_1_1_1_2_1_2_4,108.59694238891609,22,7424,2023,"{""type"":""Point"",""coordinates"":[0.0,0.0]}"
1_1_1_1_1_1_1_1_1_1_1_1_1_1_1_1_1_1_1_1_1_1_1_1_1_1_1_1_1_1_1_1_1_1_1_1_1_1_1_2_1_2_5,38.56150878906251,29,7424,2023,"{""type"":""Point"",""coordinates"":[0.0,0.0]}"
1_1_1_1_1_1_1_1_1_1_1_1_1_1_1_1_1_1_1_1_1_1_1_1_1_1_1_1_1_1_1_1_1_1_1_1_1_1_1_2_1_2_6,96.96725322265628,33,7424,2023,"{""type"":""Point"",""coordinates"":[0.0,0.0]}"
1_1_1_1_1_1_1_1_1_1_1_1_1_1_1_1_1_1_1_1_1_1_1_1_1_1_1_1_1_1_1_1_1_1_1_1_1_1_1_2_2_0,383.93198818488554,3,7424,2024,"{""type"":""Point"",""coordinates"":[0.0,0.0]}"
1_1_1_1_1_1_1_1_1_1_1_1_1_1_1_1_1_1_1_1_1_1_1_1_1_1_1_1_1_1_1_1_1_1_1_1_1_1_1_2_2_1,874823.1609922777,4,7424,2024,"{""type"":""Point"",""coordinates"":[0.0,0.0]}"
1_1_1_1_1_1_1_1_1_1_1_1_1_1_1_1_1_1_1_1_1_1_1_1_1_1_1_1_1_1_1_1_1_1_1_1_1_1_1_2_2_2,52.09825888061524,12,7424,2024,"{""type"":""Point"",""coordinates"":[0.0,0.0]}"
1_1_1_1_1_1_1_1_1_1_1_1_1_1_1_1_1_1_1_1_1_1_1_1_1_1_1_1_1_1_1_1_1_1_1_1_1_1_1_2_2_3,48180.29411140104,21,7424,2024,"{""type"":""Point"",""coordinates"":[0.0,0.0]}"
1_1_1_1_1_1_1_1_1_1_1_1_1_1_1_1_1_1_1_1_1_1_1_1_1_1_1_1_1_1_1_1_1_1_1_1_1_1_1_2_2_4,5.064005822753906,22,7424,2024,"{""type"":""Point"",""coordinates"":[0.0,0.0]}"
1_1_1_1_1_1_1_1_1_1_1_1_1_1_1_1_1_1_1_1_1_1_1_1_1_1_1_1_1_1_1_1_1_1_1_1_1_1_1_2_2_5,38.46279804077151,29,7424,2024,"{""type"":""Point"",""coordinates"":[0.0,0.0]}"
1_1_1_1_1_1_1_1_1_1_1_1_1_1_1_1_1_1_1_1_1_1_1_1_1_1_1_1_1_1_1_1_1_1_1_1_1_1_1_2_2_6,89.23711480712895,33,7424,2024,"{""type"":""Point"",""coordinates"":[0.0,0.0]}"
1_1_1_1_1_1_1_1_1_1_1_1_1_1_1_1_1_1_1_1_1_1_1_1_1_1_1_1_1_1_1_1_1_1_1_1_1_1_2_1_1_1_1_1_1_1_1_2_0,1760.0307613467396,3,773,2016,"{""type"":""Point"",""coordinates"":[0.0,0.0]}"
1_1_1_1_1_1_1_1_1_1_1_1_1_1_1_1_1_1_1_1_1_1_1_1_1_1_1_1_1_1_1_1_1_1_1_1_1_1_2_1_1_1_1_1_1_1_1_2_1,65370.910680736284,4,773,2016,"{""type"":""Point"",""coordinates"":[0.0,0.0]}"
1_1_1_1_1_1_1_1_1_1_1_1_1_1_1_1_1_1_1_1_1_1_1_1_1_1_1_1_1_1_1_1_1_1_1_1_1_1_2_1_1_1_1_1_1_1_1_2_2,0.5244622009277344,12,773,2016,"{""type"":""Point"",""coordinates"":[0.0,0.0]}"
1_1_1_1_1_1_1_1_1_1_1_1_1_1_1_1_1_1_1_1_1_1_1_1_1_1_1_1_1_1_1_1_1_1_1_1_1_1_2_1_1_1_1_1_1_1_1_2_3,308384.3723030543,21,773,2016,"{""type"":""Point"",""coordinates"":[0.0,0.0]}"
1_1_1_1_1_1_1_1_1_1_1_1_1_1_1_1_1_1_1_1_1_1_1_1_1_1_1_1_1_1_1_1_1_1_1_1_1_1_2_1_1_1_1_1_1_1_1_2_4,234.82720078189632,22,773,2016,"{""type"":""Point"",""coordinates"":[0.0,0.0]}"
1_1_1_1_1_1_1_1_1_1_1_1_1_1_1_1_1_1_1_1_1_1_1_1_1_1_1_1_1_1_1_1_1_1_1_1_1_1_2_1_1_1_1_1_1_1_1_2_5,5.947570477294922,29,773,2016,"{""type"":""Point"",""coordinates"":[0.0,0.0]}"
1_1_1_1_1_1_1_1_1_1_1_1_1_1_1_1_1_1_1_1_1_1_1_1_1_1_1_1_1_1_1_1_1_1_1_1_1_1_2_1_1_1_1_1_1_1_1_2_6,129.93990140002677,33,773,2016,"{""type"":""Point"",""coordinates"":[0.0,0.0]}"
1_1_1_1_1_1_1_1_1_1_1_1_1_1_1_1_1_1_1_1_1_1_1_1_1_1_1_1_1_1_1_1_1_1_1_1_1_1_2_1_1_1_1_1_1_1_2_0,1617.3051719920982,3,773,2017,"{""type"":""Point"",""coordinates"":[0.0,0.0]}"
1_1_1_1_1_1_1_1_1_1_1_1_1_1_1_1_1_1_1_1_1_1_1_1_1_1_1_1_1_1_1_1_1_1_1_1_1_1_2_1_1_1_1_1_1_1_2_1,69054.16973491423,4,773,2017,"{""type"":""Point"",""coordinates"":[0.0,0.0]}"
1_1_1_1_1_1_1_1_1_1_1_1_1_1_1_1_1_1_1_1_1_1_1_1_1_1_1_1_1_1_1_1_1_1_1_1_1_1_2_1_1_1_1_1_1_1_2_2,10.69759327852137,12,773,2017,"{""type"":""Point"",""coordinates"":[0.0,0.0]}"
1_1_1_1_1_1_1_1_1_1_1_1_1_1_1_1_1_1_1_1_1_1_1_1_1_1_1_1_1_1_1_1_1_1_1_1_1_1_2_1_1_1_1_1_1_1_2_3,304960.88033679157,21,773,2017,"{""type"":""Point"",""coordinates"":[0.0,0.0]}"
1_1_1_1_1_1_1_1_1_1_1_1_1_1_1_1_1_1_1_1_1_1_1_1_1_1_1_1_1_1_1_1_1_1_1_1_1_1_2_1_1_1_1_1_1_1_2_4,114.28433401821937,22,773,2017,"{""type"":""Point"",""coordinates"":[0.0,0.0]}"
1_1_1_1_1_1_1_1_1_1_1_1_1_1_1_1_1_1_1_1_1_1_1_1_1_1_1_1_1_1_1_1_1_1_1_1_1_1_2_1_1_1_1_1_1_1_2_5,2.8846773742675778,29,773,2017,"{""type"":""Point"",""coordinates"":[0.0,0.0]}"
1_1_1_1_1_1_1_1_1_1_1_1_1_1_1_1_1_1_1_1_1_1_1_1_1_1_1_1_1_1_1_1_1_1_1_1_1_1_2_1_1_1_1_1_1_1_2_6,126.3310316126206,33,773,2017,"{""type"":""Point"",""coordinates"":[0.0,0.0]}"
1_1_1_1_1_1_1_1_1_1_1_1_1_1_1_1_1_1_1_1_1_1_1_1_1_1_1_1_1_1_1_1_1_1_1_1_1_1_2_1_1_1_1_1_1_2_0,1169.2559962944244,3,773,2018,"{""type"":""Point"",""coordinates"":[0.0,0.0]}"
1_1_1_1_1_1_1_1_1_1_1_1_1_1_1_1_1_1_1_1_1_1_1_1_1_1_1_1_1_1_1_1_1_1_1_1_1_1_2_1_1_1_1_1_1_2_1,56651.6045474274,4,773,2018,"{""type"":""Point"",""coordinates"":[0.0,0.0]}"
1_1_1_1_1_1_1_1_1_1_1_1_1_1_1_1_1_1_1_1_1_1_1_1_1_1_1_1_1_1_1_1_1_1_1_1_1_1_2_1_1_1_1_1_1_2_2,3.8791136955710015,12,773,2018,"{""type"":""Point"",""coordinates"":[0.0,0.0]}"
1_1_1_1_1_1_1_1_1_1_1_1_1_1_1_1_1_1_1_1_1_1_1_1_1_1_1_1_1_1_1_1_1_1_1_1_1_1_2_1_1_1_1_1_1_2_3,317850.4837675173,21,773,2018,"{""type"":""Point"",""coordinates"":[0.0,0.0]}"
1_1_1_1_1_1_1_1_1_1_1_1_1_1_1_1_1_1_1_1_1_1_1_1_1_1_1_1_1_1_1_1_1_1_1_1_1_1_2_1_1_1_1_1_1_2_4,2.361590606689453,22,773,2018,"{""type"":""Point"",""coordinates"":[0.0,0.0]}"
1_1_1_1_1_1_1_1_1_1_1_1_1_1_1_1_1_1_1_1_1_1_1_1_1_1_1_1_1_1_1_1_1_1_1_1_1_1_2_1_1_1_1_1_1_2_5,3.4977183715820317,29,773,2018,"{""type"":""Point"",""coordinates"":[0.0,0.0]}"
1_1_1_1_1_1_1_1_1_1_1_1_1_1_1_1_1_1_1_1_1_1_1_1_1_1_1_1_1_1_1_1_1_1_1_1_1_1_2_1_1_1_1_1_1_2_6,205.47014608084885,33,773,2018,"{""type"":""Point"",""coordinates"":[0.0,0.0]}"
1_1_1_1_1_1_1_1_1_1_1_1_1_1_1_1_1_1_1_1_1_1_1_1_1_1_1_1_1_1_1_1_1_1_1_1_1_1_2_1_1_1_1_1_2_0,1164.9031402262822,3,773,2019,"{""type"":""Point"",""coordinates"":[0.0,0.0]}"
1_1_1_1_1_1_1_1_1_1_1_1_1_1_1_1_1_1_1_1_1_1_1_1_1_1_1_1_1_1_1_1_1_1_1_1_1_1_2_1_1_1_1_1_2_1,59593.89359080998,4,773,2019,"{""type"":""Point"",""coordinates"":[0.0,0.0]}"
1_1_1_1_1_1_1_1_1_1_1_1_1_1_1_1_1_1_1_1_1_1_1_1_1_1_1_1_1_1_1_1_1_1_1_1_1_1_2_1_1_1_1_1_2_2,9.999617223403032,12,773,2019,"{""type"":""Point"",""coordinates"":[0.0,0.0]}"
1_1_1_1_1_1_1_1_1_1_1_1_1_1_1_1_1_1_1_1_1_1_1_1_1_1_1_1_1_1_1_1_1_1_1_1_1_1_2_1_1_1_1_1_2_3,314801.439033398,21,773,2019,"{""type"":""Point"",""coordinates"":[0.0,0.0]}"
1_1_1_1_1_1_1_1_1_1_1_1_1_1_1_1_1_1_1_1_1_1_1_1_1_1_1_1_1_1_1_1_1_1_1_1_1_1_2_1_1_1_1_1_2_4,3.4999416992187506,22,773,2019,"{""type"":""Point"",""coordinates"":[0.0,0.0]}"
1_1_1_1_1_1_1_1_1_1_1_1_1_1_1_1_1_1_1_1_1_1_1_1_1_1_1_1_1_1_1_1_1_1_1_1_1_1_2_1_1_1_1_1_2_5,35.83029173701266,29,773,2019,"{""type"":""Point"",""coordinates"":[0.0,0.0]}"
1_1_1_1_1_1_1_1_1_1_1_1_1_1_1_1_1_1_1_1_1_1_1_1_1_1_1_1_1_1_1_1_1_1_1_1_1_1_2_1_1_1_1_1_2_6,276.98726489087886,33,773,2019,"{""type"":""Point"",""coordinates"":[0.0,0.0]}"
1_1_1_1_1_1_1_1_1_1_1_1_1_1_1_1_1_1_1_1_1_1_1_1_1_1_1_1_1_1_1_1_1_1_1_1_1_1_2_1_1_1_1_2_0,3221.098301981722,3,773,2020,"{""type"":""Point"",""coordinates"":[0.0,0.0]}"
1_1_1_1_1_1_1_1_1_1_1_1_1_1_1_1_1_1_1_1_1_1_1_1_1_1_1_1_1_1_1_1_1_1_1_1_1_1_2_1_1_1_1_2_1,72510.14310029591,4,773,2020,"{""type"":""Point"",""coordinates"":[0.0,0.0]}"
1_1_1_1_1_1_1_1_1_1_1_1_1_1_1_1_1_1_1_1_1_1_1_1_1_1_1_1_1_1_1_1_1_1_1_1_1_1_2_1_1_1_1_2_2,0.35009549560546877,12,773,2020,"{""type"":""Point"",""coordinates"":[0.0,0.0]}"
1_1_1_1_1_1_1_1_1_1_1_1_1_1_1_1_1_1_1_1_1_1_1_1_1_1_1_1_1_1_1_1_1_1_1_1_1_1_2_1_1_1_1_2_3,299229.4068757673,21,773,2020,"{""type"":""Point"",""coordinates"":[0.0,0.0]}"
1_1_1_1_1_1_1_1_1_1_1_1_1_1_1_1_1_1_1_1_1_1_1_1_1_1_1_1_1_1_1_1_1_1_1_1_1_1_2_1_1_1_1_2_4,407.7860937665637,22,773,2020,"{""type"":""Point"",""coordinates"":[0.0,0.0]}"
1_1_1_1_1_1_1_1_1_1_1_1_1_1_1_1_1_1_1_1_1_1_1_1_1_1_1_1_1_1_1_1_1_1_1_1_1_1_2_1_1_1_1_2_5,28.270718291015626,29,773,2020,"{""type"":""Point"",""coordinates"":[0.0,0.0]}"
1_1_1_1_1_1_1_1_1_1_1_1_1_1_1_1_1_1_1_1_1_1_1_1_1_1_1_1_1_1_1_1_1_1_1_1_1_1_2_1_1_1_1_2_6,489.4976943810805,33,773,2020,"{""type"":""Point"",""coordinates"":[0.0,0.0]}"
1_1_1_1_1_1_1_1_1_1_1_1_1_1_1_1_1_1_1_1_1_1_1_1_1_1_1_1_1_1_1_1_1_1_1_1_1_1_2_1_1_1_2_0,1317.289926163359,3,773,2021,"{""type"":""Point"",""coordinates"":[0.0,0.0]}"
1_1_1_1_1_1_1_1_1_1_1_1_1_1_1_1_1_1_1_1_1_1_1_1_1_1_1_1_1_1_1_1_1_1_1_1_1_1_2_1_1_1_2_1,79620.09160728008,4,773,2021,"{""type"":""Point"",""coordinates"":[0.0,0.0]}"
1_1_1_1_1_1_1_1_1_1_1_1_1_1_1_1_1_1_1_1_1_1_1_1_1_1_1_1_1_1_1_1_1_1_1_1_1_1_2_1_1_1_2_2,9.01478203125,12,773,2021,"{""type"":""Point"",""coordinates"":[0.0,0.0]}"
1_1_1_1_1_1_1_1_1_1_1_1_1_1_1_1_1_1_1_1_1_1_1_1_1_1_1_1_1_1_1_1_1_1_1_1_1_1_2_1_1_1_2_3,293665.8377515171,21,773,2021,"{""type"":""Point"",""coordinates"":[0.0,0.0]}"
1_1_1_1_1_1_1_1_1_1_1_1_1_1_1_1_1_1_1_1_1_1_1_1_1_1_1_1_1_1_1_1_1_1_1_1_1_1_2_1_1_1_2_4,785.8494548665144,22,773,2021,"{""type"":""Point"",""coordinates"":[0.0,0.0]}"
1_1_1_1_1_1_1_1_1_1_1_1_1_1_1_1_1_1_1_1_1_1_1_1_1_1_1_1_1_1_1_1_1_1_1_1_1_1_2_1_1_1_2_5,6.642466864803539,29,773,2021,"{""type"":""Point"",""coordinates"":[0.0,0.0]}"
1_1_1_1_1_1_1_1_1_1_1_1_1_1_1_1_1_1_1_1_1_1_1_1_1_1_1_1_1_1_1_1_1_1_1_1_1_1_2_1_1_1_2_6,481.82689124253193,33,773,2021,"{""type"":""Point"",""coordinates"":[0.0,0.0]}"
1_1_1_1_1_1_1_1_1_1_1_1_1_1_1_1_1_1_1_1_1_1_1_1_1_1_1_1_1_1_1_1_1_1_1_1_1_1_2_1_1_2_0,1771.2141852629318,3,773,2022,"{""type"":""Point"",""coordinates"":[0.0,0.0]}"
1_1_1_1_1_1_1_1_1_1_1_1_1_1_1_1_1_1_1_1_1_1_1_1_1_1_1_1_1_1_1_1_1_1_1_1_1_1_2_1_1_2_1,75203.81762593161,4,773,2022,"{""type"":""Point"",""coordinates"":[0.0,0.0]}"
1_1_1_1_1_1_1_1_1_1_1_1_1_1_1_1_1_1_1_1_1_1_1_1_1_1_1_1_1_1_1_1_1_1_1_1_1_1_2_1_1_2_2,22.48745913085937,12,773,2022,"{""type"":""Point"",""coordinates"":[0.0,0.0]}"
1_1_1_1_1_1_1_1_1_1_1_1_1_1_1_1_1_1_1_1_1_1_1_1_1_1_1_1_1_1_1_1_1_1_1_1_1_1_2_1_1_2_3,297656.4931731165,21,773,2022,"{""type"":""Point"",""coordinates"":[0.0,0.0]}"
1_1_1_1_1_1_1_1_1_1_1_1_1_1_1_1_1_1_1_1_1_1_1_1_1_1_1_1_1_1_1_1_1_1_1_1_1_1_2_1_1_2_4,327.5549240768384,22,773,2022,"{""type"":""Point"",""coordinates"":[0.0,0.0]}"
1_1_1_1_1_1_1_1_1_1_1_1_1_1_1_1_1_1_1_1_1_1_1_1_1_1_1_1_1_1_1_1_1_1_1_1_1_1_2_1_1_2_5,413.3827716608755,29,773,2022,"{""type"":""Point"",""coordinates"":[0.0,0.0]}"
1_1_1_1_1_1_1_1_1_1_1_1_1_1_1_1_1_1_1_1_1_1_1_1_1_1_1_1_1_1_1_1_1_1_1_1_1_1_2_1_1_2_6,491.60274079510947,33,773,2022,"{""type"":""Point"",""coordinates"":[0.0,0.0]}"
1_1_1_1_1_1_1_1_1_1_1_1_1_1_1_1_1_1_1_1_1_1_1_1_1_1_1_1_1_1_1_1_1_1_1_1_1_1_2_1_2_0,1446.283618608179,3,773,2023,"{""type"":""Point"",""coordinates"":[0.0,0.0]}"
1_1_1_1_1_1_1_1_1_1_1_1_1_1_1_1_1_1_1_1_1_1_1_1_1_1_1_1_1_1_1_1_1_1_1_1_1_1_2_1_2_1,71866.2416042231,4,773,2023,"{""type"":""Point"",""coordinates"":[0.0,0.0]}"
1_1_1_1_1_1_1_1_1_1_1_1_1_1_1_1_1_1_1_1_1_1_1_1_1_1_1_1_1_1_1_1_1_1_1_1_1_1_2_1_2_2,28.98433478939281,12,773,2023,"{""type"":""Point"",""coordinates"":[0.0,0.0]}"
1_1_1_1_1_1_1_1_1_1_1_1_1_1_1_1_1_1_1_1_1_1_1_1_1_1_1_1_1_1_1_1_1_1_1_1_1_1_2_1_2_3,301855.6890202332,21,773,2023,"{""type"":""Point"",""coordinates"":[0.0,0.0]}"
1_1_1_1_1_1_1_1_1_1_1_1_1_1_1_1_1_1_1_1_1_1_1_1_1_1_1_1_1_1_1_1_1_1_1_1_1_1_2_1_2_4,131.4397624452595,22,773,2023,"{""type"":""Point"",""coordinates"":[0.0,0.0]}"
1_1_1_1_1_1_1_1_1_1_1_1_1_1_1_1_1_1_1_1_1_1_1_1_1_1_1_1_1_1_1_1_1_1_1_1_1_1_2_1_2_5,89.69953190487134,29,773,2023,"{""type"":""Point"",""coordinates"":[0.0,0.0]}"
1_1_1_1_1_1_1_1_1_1_1_1_1_1_1_1_1_1_1_1_1_1_1_1_1_1_1_1_1_1_1_1_1_1_1_1_1_1_2_1_2_6,468.21500777384443,33,773,2023,"{""type"":""Point"",""coordinates"":[0.0,0.0]}"
1_1_1_1_1_1_1_1_1_1_1_1_1_1_1_1_1_1_1_1_1_1_1_1_1_1_1_1_1_1_1_1_1_1_1_1_1_1_2_2_0,1493.5879059467645,3,773,2024,"{""type"":""Point"",""coordinates"":[0.0,0.0]}"
1_1_1_1_1_1_1_1_1_1_1_1_1_1_1_1_1_1_1_1_1_1_1_1_1_1_1_1_1_1_1_1_1_1_1_1_1_1_2_2_1,77087.89440412384,4,773,2024,"{""type"":""Point"",""coordinates"":[0.0,0.0]}"
1_1_1_1_1_1_1_1_1_1_1_1_1_1_1_1_1_1_1_1_1_1_1_1_1_1_1_1_1_1_1_1_1_1_1_1_1_1_2_2_2,295347.25640981994,21,773,2024,"{""type"":""Point"",""coordinates"":[0.0,0.0]}"
1_1_1_1_1_1_1_1_1_1_1_1_1_1_1_1_1_1_1_1_1_1_1_1_1_1_1_1_1_1_1_1_1_1_1_1_1_1_2_2_3,20.17550983843635,22,773,2024,"{""type"":""Point"",""coordinates"":[0.0,0.0]}"
1_1_1_1_1_1_1_1_1_1_1_1_1_1_1_1_1_1_1_1_1_1_1_1_1_1_1_1_1_1_1_1_1_1_1_1_1_1_2_2_4,349.9110519134656,29,773,2024,"{""type"":""Point"",""coordinates"":[0.0,0.0]}"
1_1_1_1_1_1_1_1_1_1_1_1_1_1_1_1_1_1_1_1_1_1_1_1_1_1_1_1_1_1_1_1_1_1_1_1_1_1_2_2_5,1587.727598333213,33,773,2024,"{""type"":""Point"",""coordinates"":[0.0,0.0]}"
1_1_1_1_1_1_1_1_1_1_1_1_1_1_1_1_1_1_1_1_1_1_1_1_1_1_1_1_1_1_1_1_1_1_1_1_1_2_1_1_1_1_1_1_1_1_2_0,2994.321838322029,3,7612,2016,"{""type"":""Point"",""coordinates"":[0.0,0.0]}"
1_1_1_1_1_1_1_1_1_1_1_1_1_1_1_1_1_1_1_1_1_1_1_1_1_1_1_1_1_1_1_1_1_1_1_1_1_2_1_1_1_1_1_1_1_1_2_1,1295207.7698707364,4,7612,2016,"{""type"":""Point"",""coordinates"":[0.0,0.0]}"
1_1_1_1_1_1_1_1_1_1_1_1_1_1_1_1_1_1_1_1_1_1_1_1_1_1_1_1_1_1_1_1_1_1_1_1_1_2_1_1_1_1_1_1_1_1_2_2,25.682719747434135,12,7612,2016,"{""type"":""Point"",""coordinates"":[0.0,0.0]}"
1_1_1_1_1_1_1_1_1_1_1_1_1_1_1_1_1_1_1_1_1_1_1_1_1_1_1_1_1_1_1_1_1_1_1_1_1_2_1_1_1_1_1_1_1_1_2_3,384550.6186042749,21,7612,2016,"{""type"":""Point"",""coordinates"":[0.0,0.0]}"
1_1_1_1_1_1_1_1_1_1_1_1_1_1_1_1_1_1_1_1_1_1_1_1_1_1_1_1_1_1_1_1_1_1_1_1_1_2_1_1_1_1_1_1_1_1_2_4,1439.7465485284067,22,7612,2016,"{""type"":""Point"",""coordinates"":[0.0,0.0]}"
1_1_1_1_1_1_1_1_1_1_1_1_1_1_1_1_1_1_1_1_1_1_1_1_1_1_1_1_1_1_1_1_1_1_1_1_1_2_1_1_1_1_1_1_1_1_2_5,117.9872031677246,29,7612,2016,"{""type"":""Point"",""coordinates"":[0.0,0.0]}"
1_1_1_1_1_1_1_1_1_1_1_1_1_1_1_1_1_1_1_1_1_1_1_1_1_1_1_1_1_1_1_1_1_1_1_1_1_2_1_1_1_1_1_1_1_1_2_6,4278.546308307773,33,7612,2016,"{""type"":""Point"",""coordinates"":[0.0,0.0]}"
1_1_1_1_1_1_1_1_1_1_1_1_1_1_1_1_1_1_1_1_1_1_1_1_1_1_1_1_1_1_1_1_1_1_1_1_1_2_1_1_1_1_1_1_1_2_0,338.54196700104336,3,7612,2017,"{""type"":""Point"",""coordinates"":[0.0,0.0]}"
1_1_1_1_1_1_1_1_1_1_1_1_1_1_1_1_1_1_1_1_1_1_1_1_1_1_1_1_1_1_1_1_1_1_1_1_1_2_1_1_1_1_1_1_1_2_1,1303802.4637861792,4,7612,2017,"{""type"":""Point"",""coordinates"":[0.0,0.0]}"
1_1_1_1_1_1_1_1_1_1_1_1_1_1_1_1_1_1_1_1_1_1_1_1_1_1_1_1_1_1_1_1_1_1_1_1_1_2_1_1_1_1_1_1_1_2_2,75.32471440752812,12,7612,2017,"{""type"":""Point"",""coordinates"":[0.0,0.0]}"
1_1_1_1_1_1_1_1_1_1_1_1_1_1_1_1_1_1_1_1_1_1_1_1_1_1_1_1_1_1_1_1_1_1_1_1_1_2_1_1_1_1_1_1_1_2_3,379466.86878618784,21,7612,2017,"{""type"":""Point"",""coordinates"":[0.0,0.0]}"
1_1_1_1_1_1_1_1_1_1_1_1_1_1_1_1_1_1_1_1_1_1_1_1_1_1_1_1_1_1_1_1_1_1_1_1_1_2_1_1_1_1_1_1_1_2_4,161.41848458862296,22,7612,2017,"{""type"":""Point"",""coordinates"":[0.0,0.0]}"
1_1_1_1_1_1_1_1_1_1_1_1_1_1_1_1_1_1_1_1_1_1_1_1_1_1_1_1_1_1_1_1_1_1_1_1_1_2_1_1_1_1_1_1_1_2_5,21.50564771118164,29,7612,2017,"{""type"":""Point"",""coordinates"":[0.0,0.0]}"
1_1_1_1_1_1_1_1_1_1_1_1_1_1_1_1_1_1_1_1_1_1_1_1_1_1_1_1_1_1_1_1_1_1_1_1_1_2_1_1_1_1_1_1_1_2_6,4748.549706990994,33,7612,2017,"{""type"":""Point"",""coordinates"":[0.0,0.0]}"
1_1_1_1_1_1_1_1_1_1_1_1_1_1_1_1_1_1_1_1_1_1_1_1_1_1_1_1_1_1_1_1_1_1_1_1_1_2_1_1_1_1_1_1_2_0,165.50959900012444,3,7612,2018,"{""type"":""Point"",""coordinates"":[0.0,0.0]}"
1_1_1_1_1_1_1_1_1_1_1_1_1_1_1_1_1_1_1_1_1_1_1_1_1_1_1_1_1_1_1_1_1_1_1_1_1_2_1_1_1_1_1_1_2_1,1317496.448479846,4,7612,2018,"{""type"":""Point"",""coordinates"":[0.0,0.0]}"
1_1_1_1_1_1_1_1_1_1_1_1_1_1_1_1_1_1_1_1_1_1_1_1_1_1_1_1_1_1_1_1_1_1_1_1_1_2_1_1_1_1_1_1_2_2,48.53822015589097,12,7612,2018,"{""type"":""Point"",""coordinates"":[0.0,0.0]}"
1_1_1_1_1_1_1_1_1_1_1_1_1_1_1_1_1_1_1_1_1_1_1_1_1_1_1_1_1_1_1_1_1_1_1_1_1_2_1_1_1_1_1_1_2_3,363478.2192348673,21,7612,2018,"{""type"":""Point"",""coordinates"":[0.0,0.0]}"
1_1_1_1_1_1_1_1_1_1_1_1_1_1_1_1_1_1_1_1_1_1_1_1_1_1_1_1_1_1_1_1_1_1_1_1_1_2_1_1_1_1_1_1_2_4,48.16443655395507,22,7612,2018,"{""type"":""Point"",""coordinates"":[0.0,0.0]}"
1_1_1_1_1_1_1_1_1_1_1_1_1_1_1_1_1_1_1_1_1_1_1_1_1_1_1_1_1_1_1_1_1_1_1_1_1_2_1_1_1_1_1_1_2_5,6.629838983154295,29,7612,2018,"{""type"":""Point"",""coordinates"":[0.0,0.0]}"
1_1_1_1_1_1_1_1_1_1_1_1_1_1_1_1_1_1_1_1_1_1_1_1_1_1_1_1_1_1_1_1_1_1_1_1_1_2_1_1_1_1_1_1_2_6,7371.163283732691,33,7612,2018,"{""type"":""Point"",""coordinates"":[0.0,0.0]}"
1_1_1_1_1_1_1_1_1_1_1_1_1_1_1_1_1_1_1_1_1_1_1_1_1_1_1_1_1_1_1_1_1_1_1_1_1_2_1_1_1_1_1_2_0,383.5745410381004,3,7612,2019,"{""type"":""Point"",""coordinates"":[0.0,0.0]}"
1_1_1_1_1_1_1_1_1_1_1_1_1_1_1_1_1_1_1_1_1_1_1_1_1_1_1_1_1_1_1_1_1_1_1_1_1_2_1_1_1_1_1_2_1,1321028.5788549595,4,7612,2019,"{""type"":""Point"",""coordinates"":[0.0,0.0]}"
1_1_1_1_1_1_1_1_1_1_1_1_1_1_1_1_1_1_1_1_1_1_1_1_1_1_1_1_1_1_1_1_1_1_1_1_1_2_1_1_1_1_1_2_2,732.3024777546477,12,7612,2019,"{""type"":""Point"",""coordinates"":[0.0,0.0]}"
1_1_1_1_1_1_1_1_1_1_1_1_1_1_1_1_1_1_1_1_1_1_1_1_1_1_1_1_1_1_1_1_1_1_1_1_1_2_1_1_1_1_1_2_3,357352.6567618559,21,7612,2019,"{""type"":""Point"",""coordinates"":[0.0,0.0]}"
1_1_1_1_1_1_1_1_1_1_1_1_1_1_1_1_1_1_1_1_1_1_1_1_1_1_1_1_1_1_1_1_1_1_1_1_1_2_1_1_1_1_1_2_4,1046.147261377193,22,7612,2019,"{""type"":""Point"",""coordinates"":[0.0,0.0]}"
1_1_1_1_1_1_1_1_1_1_1_1_1_1_1_1_1_1_1_1_1_1_1_1_1_1_1_1_1_1_1_1_1_1_1_1_1_2_1_1_1_1_1_2_5,480.3202627454574,29,7612,2019,"{""type"":""Point"",""coordinates"":[0.0,0.0]}"
1_1_1_1_1_1_1_1_1_1_1_1_1_1_1_1_1_1_1_1_1_1_1_1_1_1_1_1_1_1_1_1_1_1_1_1_1_2_1_1_1_1_1_2_6,7591.092933436666,33,7612,2019,"{""type"":""Point"",""coordinates"":[0.0,0.0]}"
1_1_1_1_1_1_1_1_1_1_1_1_1_1_1_1_1_1_1_1_1_1_1_1_1_1_1_1_1_1_1_1_1_1_1_1_1_2_1_1_1_1_2_0,376.16619960956604,3,7612,2020,"{""type"":""Point"",""coordinates"":[0.0,0.0]}"
1_1_1_1_1_1_1_1_1_1_1_1_1_1_1_1_1_1_1_1_1_1_1_1_1_1_1_1_1_1_1_1_1_1_1_1_1_2_1_1_1_1_2_1,1330474.4367865871,4,7612,2020,"{""type"":""Point"",""coordinates"":[0.0,0.0]}"
1_1_1_1_1_1_1_1_1_1_1_1_1_1_1_1_1_1_1_1_1_1_1_1_1_1_1_1_1_1_1_1_1_1_1_1_1_2_1_1_1_1_2_2,656.8062179565925,12,7612,2020,"{""type"":""Point"",""coordinates"":[0.0,0.0]}"
1_1_1_1_1_1_1_1_1_1_1_1_1_1_1_1_1_1_1_1_1_1_1_1_1_1_1_1_1_1_1_1_1_1_1_1_1_2_1_1_1_1_2_3,343371.61289581493,21,7612,2020,"{""type"":""Point"",""coordinates"":[0.0,0.0]}"
1_1_1_1_1_1_1_1_1_1_1_1_1_1_1_1_1_1_1_1_1_1_1_1_1_1_1_1_1_1_1_1_1_1_1_1_1_2_1_1_1_1_2_4,1953.063272525583,22,7612,2020,"{""type"":""Point"",""coordinates"":[0.0,0.0]}"
1_1_1_1_1_1_1_1_1_1_1_1_1_1_1_1_1_1_1_1_1_1_1_1_1_1_1_1_1_1_1_1_1_1_1_1_1_2_1_1_1_1_2_5,103.30429251333194,29,7612,2020,"{""type"":""Point"",""coordinates"":[0.0,0.0]}"
1_1_1_1_1_1_1_1_1_1_1_1_1_1_1_1_1_1_1_1_1_1_1_1_1_1_1_1_1_1_1_1_1_1_1_1_1_2_1_1_1_1_2_6,11679.28342815839,33,7612,2020,"{""type"":""Point"",""coordinates"":[0.0,0.0]}"
1_1_1_1_1_1_1_1_1_1_1_1_1_1_1_1_1_1_1_1_1_1_1_1_1_1_1_1_1_1_1_1_1_1_1_1_1_2_1_1_1_2_0,1018.5252428501032,3,7612,2021,"{""type"":""Point"",""coordinates"":[0.0,0.0]}"
1_1_1_1_1_1_1_1_1_1_1_1_1_1_1_1_1_1_1_1_1_1_1_1_1_1_1_1_1_1_1_1_1_1_1_1_1_2_1_1_1_2_1,1343936.452202322,4,7612,2021,"{""type"":""Point"",""coordinates"":[0.0,0.0]}"
1_1_1_1_1_1_1_1_1_1_1_1_1_1_1_1_1_1_1_1_1_1_1_1_1_1_1_1_1_1_1_1_1_1_1_1_1_2_1_1_1_2_2,720.500810850545,12,7612,2021,"{""type"":""Point"",""coordinates"":[0.0,0.0]}"
1_1_1_1_1_1_1_1_1_1_1_1_1_1_1_1_1_1_1_1_1_1_1_1_1_1_1_1_1_1_1_1_1_1_1_1_1_2_1_1_1_2_3,330200.986446512,21,7612,2021,"{""type"":""Point"",""coordinates"":[0.0,0.0]}"
1_1_1_1_1_1_1_1_1_1_1_1_1_1_1_1_1_1_1_1_1_1_1_1_1_1_1_1_1_1_1_1_1_1_1_1_1_2_1_1_1_2_4,650.0118221913523,22,7612,2021,"{""type"":""Point"",""coordinates"":[0.0,0.0]}"
1_1_1_1_1_1_1_1_1_1_1_1_1_1_1_1_1_1_1_1_1_1_1_1_1_1_1_1_1_1_1_1_1_1_1_1_1_2_1_1_1_2_5,502.7855632890298,29,7612,2021,"{""type"":""Point"",""coordinates"":[0.0,0.0]}"
1_1_1_1_1_1_1_1_1_1_1_1_1_1_1_1_1_1_1_1_1_1_1_1_1_1_1_1_1_1_1_1_1_1_1_1_1_2_1_1_1_2_6,11585.411005152473,33,7612,2021,"{""type"":""Point"",""coordinates"":[0.0,0.0]}"
1_1_1_1_1_1_1_1_1_1_1_1_1_1_1_1_1_1_1_1_1_1_1_1_1_1_1_1_1_1_1_1_1_1_1_1_1_2_1_1_2_0,492.8331786915976,3,7612,2022,"{""type"":""Point"",""coordinates"":[0.0,0.0]}"
1_1_1_1_1_1_1_1_1_1_1_1_1_1_1_1_1_1_1_1_1_1_1_1_1_1_1_1_1_1_1_1_1_1_1_1_1_2_1_1_2_1,1339472.0129909627,4,7612,2022,"{""type"":""Point"",""coordinates"":[0.0,0.0]}"
1_1_1_1_1_1_1_1_1_1_1_1_1_1_1_1_1_1_1_1_1_1_1_1_1_1_1_1_1_1_1_1_1_1_1_1_1_2_1_1_2_2,1157.9439076524209,12,7612,2022,"{""type"":""Point"",""coordinates"":[0.0,0.0]}"
1_1_1_1_1_1_1_1_1_1_1_1_1_1_1_1_1_1_1_1_1_1_1_1_1_1_1_1_1_1_1_1_1_1_1_1_1_2_1_1_2_3,336687.6787532703,21,7612,2022,"{""type"":""Point"",""coordinates"":[0.0,0.0]}"
1_1_1_1_1_1_1_1_1_1_1_1_1_1_1_1_1_1_1_1_1_1_1_1_1_1_1_1_1_1_1_1_1_1_1_1_1_2_1_1_2_4,151.48525490198475,22,7612,2022,"{""type"":""Point"",""coordinates"":[0.0,0.0]}"
1_1_1_1_1_1_1_1_1_1_1_1_1_1_1_1_1_1_1_1_1_1_1_1_1_1_1_1_1_1_1_1_1_1_1_1_1_2_1_1_2_5,101.0966882019041,29,7612,2022,"{""type"":""Point"",""coordinates"":[0.0,0.0]}"
1_1_1_1_1_1_1_1_1_1_1_1_1_1_1_1_1_1_1_1_1_1_1_1_1_1_1_1_1_1_1_1_1_1_1_1_1_2_1_1_2_6,10551.622319489963,33,7612,2022,"{""type"":""Point"",""coordinates"":[0.0,0.0]}"
1_1_1_1_1_1_1_1_1_1_1_1_1_1_1_1_1_1_1_1_1_1_1_1_1_1_1_1_1_1_1_1_1_1_1_1_1_2_1_2_0,1868.2039048816198,3,7612,2023,"{""type"":""Point"",""coordinates"":[0.0,0.0]}"
1_1_1_1_1_1_1_1_1_1_1_1_1_1_1_1_1_1_1_1_1_1_1_1_1_1_1_1_1_1_1_1_1_1_1_1_1_2_1_2_1,1304637.4625586255,4,7612,2023,"{""type"":""Point"",""coordinates"":[0.0,0.0]}"
1_1_1_1_1_1_1_1_1_1_1_1_1_1_1_1_1_1_1_1_1_1_1_1_1_1_1_1_1_1_1_1_1_1_1_1_1_2_1_2_2,1662.1486002963954,12,7612,2023,"{""type"":""Point"",""coordinates"":[0.0,0.0]}"
1_1_1_1_1_1_1_1_1_1_1_1_1_1_1_1_1_1_1_1_1_1_1_1_1_1_1_1_1_1_1_1_1_1_1_1_1_2_1_2_3,368081.7191744197,21,7612,2023,"{""type"":""Point"",""coordinates"":[0.0,0.0]}"
1_1_1_1_1_1_1_1_1_1_1_1_1_1_1_1_1_1_1_1_1_1_1_1_1_1_1_1_1_1_1_1_1_1_1_1_1_2_1_2_4,1249.9904002759995,22,7612,2023,"{""type"":""Point"",""coordinates"":[0.0,0.0]}"
1_1_1_1_1_1_1_1_1_1_1_1_1_1_1_1_1_1_1_1_1_1_1_1_1_1_1_1_1_1_1_1_1_1_1_1_1_2_1_2_5,1229.833679445778,29,7612,2023,"{""type"":""Point"",""coordinates"":[0.0,0.0]}"
1_1_1_1_1_1_1_1_1_1_1_1_1_1_1_1_1_1_1_1_1_1_1_1_1_1_1_1_1_1_1_1_1_1_1_1_1_2_1_2_6,9885.314775207002,33,7612,2023,"{""type"":""Point"",""coordinates"":[0.0,0.0]}"
1_1_1_1_1_1_1_1_1_1_1_1_1_1_1_1_1_1_1_1_1_1_1_1_1_1_1_1_1_1_1_1_1_1_1_1_1_2_2_0,2336.4836068407517,3,7612,2024,"{""type"":""Point"",""coordinates"":[0.0,0.0]}"
1_1_1_1_1_1_1_1_1_1_1_1_1_1_1_1_1_1_1_1_1_1_1_1_1_1_1_1_1_1_1_1_1_1_1_1_1_2_2_1,1254032.5897467139,4,7612,2024,"{""type"":""Point"",""coordinates"":[0.0,0.0]}"
1_1_1_1_1_1_1_1_1_1_1_1_1_1_1_1_1_1_1_1_1_1_1_1_1_1_1_1_1_1_1_1_1_1_1_1_1_2_2_2,756.8455228933282,12,7612,2024,"{""type"":""Point"",""coordinates"":[0.0,0.0]}"
1_1_1_1_1_1_1_1_1_1_1_1_1_1_1_1_1_1_1_1_1_1_1_1_1_1_1_1_1_1_1_1_1_1_1_1_1_2_2_3,419319.7491916867,21,7612,2024,"{""type"":""Point"",""coordinates"":[0.0,0.0]}"
1_1_1_1_1_1_1_1_1_1_1_1_1_1_1_1_1_1_1_1_1_1_1_1_1_1_1_1_1_1_1_1_1_1_1_1_1_2_2_4,1354.4582843353382,22,7612,2024,"{""type"":""Point"",""coordinates"":[0.0,0.0]}"
1_1_1_1_1_1_1_1_1_1_1_1_1_1_1_1_1_1_1_1_1_1_1_1_1_1_1_1_1_1_1_1_1_1_1_1_1_2_2_5,689.1958705452482,29,7612,2024,"{""type"":""Point"",""coordinates"":[0.0,0.0]}"
1_1_1_1_1_1_1_1_1_1_1_1_1_1_1_1_1_1_1_1_1_1_1_1_1_1_1_1_1_1_1_1_1_1_1_1_1_2_2_6,10125.350870010177,33,7612,2024,"{""type"":""Point"",""coordinates"":[0.0,0.0]}"
1_1_1_1_1_1_1_1_1_1_1_1_1_1_1_1_1_1_1_1_1_1_1_1_1_1_1_1_1_1_1_1_1_1_1_1_2_1_1_1_1_1_1_1_1_2_0,846.2166561997593,3,7613,2016,"{""type"":""Point"",""coordinates"":[0.0,0.0]}"
1_1_1_1_1_1_1_1_1_1_1_1_1_1_1_1_1_1_1_1_1_1_1_1_1_1_1_1_1_1_1_1_1_1_1_1_2_1_1_1_1_1_1_1_1_2_1,1217398.6722557447,4,7613,2016,"{""type"":""Point"",""coordinates"":[0.0,0.0]}"
1_1_1_1_1_1_1_1_1_1_1_1_1_1_1_1_1_1_1_1_1_1_1_1_1_1_1_1_1_1_1_1_1_1_1_1_2_1_1_1_1_1_1_1_1_2_2,13.354918578072345,12,7613,2016,"{""type"":""Point"",""coordinates"":[0.0,0.0]}"
1_1_1_1_1_1_1_1_1_1_1_1_1_1_1_1_1_1_1_1_1_1_1_1_1_1_1_1_1_1_1_1_1_1_1_1_2_1_1_1_1_1_1_1_1_2_3,483671.5284346929,21,7613,2016,"{""type"":""Point"",""coordinates"":[0.0,0.0]}"
1_1_1_1_1_1_1_1_1_1_1_1_1_1_1_1_1_1_1_1_1_1_1_1_1_1_1_1_1_1_1_1_1_1_1_1_2_1_1_1_1_1_1_1_1_2_4,4022.4917639879654,22,7613,2016,"{""type"":""Point"",""coordinates"":[0.0,0.0]}"
1_1_1_1_1_1_1_1_1_1_1_1_1_1_1_1_1_1_1_1_1_1_1_1_1_1_1_1_1_1_1_1_1_1_1_1_2_1_1_1_1_1_1_1_1_2_5,2.2110963806152344,29,7613,2016,"{""type"":""Point"",""coordinates"":[0.0,0.0]}"
1_1_1_1_1_1_1_1_1_1_1_1_1_1_1_1_1_1_1_1_1_1_1_1_1_1_1_1_1_1_1_1_1_1_1_1_2_1_1_1_1_1_1_1_1_2_6,18638.416200393225,33,7613,2016,"{""type"":""Point"",""coordinates"":[0.0,0.0]}"
1_1_1_1_1_1_1_1_1_1_1_1_1_1_1_1_1_1_1_1_1_1_1_1_1_1_1_1_1_1_1_1_1_1_1_1_2_1_1_1_1_1_1_1_2_0,397.9081747582297,3,7613,2017,"{""type"":""Point"",""coordinates"":[0.0,0.0]}"
1_1_1_1_1_1_1_1_1_1_1_1_1_1_1_1_1_1_1_1_1_1_1_1_1_1_1_1_1_1_1_1_1_1_1_1_2_1_1_1_1_1_1_1_2_1,1233741.8168429635,4,7613,2017,"{""type"":""Point"",""coordinates"":[0.0,0.0]}"
1_1_1_1_1_1_1_1_1_1_1_1_1_1_1_1_1_1_1_1_1_1_1_1_1_1_1_1_1_1_1_1_1_1_1_1_2_1_1_1_1_1_1_1_2_2,98.52233692016601,12,7613,2017,"{""type"":""Point"",""coordinates"":[0.0,0.0]}"
1_1_1_1_1_1_1_1_1_1_1_1_1_1_1_1_1_1_1_1_1_1_1_1_1_1_1_1_1_1_1_1_1_1_1_1_2_1_1_1_1_1_1_1_2_3,470901.7016789004,21,7613,2017,"{""type"":""Point"",""coordinates"":[0.0,0.0]}"
1_1_1_1_1_1_1_1_1_1_1_1_1_1_1_1_1_1_1_1_1_1_1_1_1_1_1_1_1_1_1_1_1_1_1_1_2_1_1_1_1_1_1_1_2_4,1631.6165715565396,22,7613,2017,"{""type"":""Point"",""coordinates"":[0.0,0.0]}"
1_1_1_1_1_1_1_1_1_1_1_1_1_1_1_1_1_1_1_1_1_1_1_1_1_1_1_1_1_1_1_1_1_1_1_1_2_1_1_1_1_1_1_1_2_5,0.9731388244628907,29,7613,2017,"{""type"":""Point"",""coordinates"":[0.0,0.0]}"
1_1_1_1_1_1_1_1_1_1_1_1_1_1_1_1_1_1_1_1_1_1_1_1_1_1_1_1_1_1_1_1_1_1_1_1_2_1_1_1_1_1_1_1_2_6,17820.35258201149,33,7613,2017,"{""type"":""Point"",""coordinates"":[0.0,0.0]}"
1_1_1_1_1_1_1_1_1_1_1_1_1_1_1_1_1_1_1_1_1_1_1_1_1_1_1_1_1_1_1_1_1_1_1_1_2_1_1_1_1_1_1_2_0,372.60052725071387,3,7613,2018,"{""type"":""Point"",""coordinates"":[0.0,0.0]}"
1_1_1_1_1_1_1_1_1_1_1_1_1_1_1_1_1_1_1_1_1_1_1_1_1_1_1_1_1_1_1_1_1_1_1_1_2_1_1_1_1_1_1_2_1,1235083.5560901945,4,7613,2018,"{""type"":""Point"",""coordinates"":[0.0,0.0]}"
1_1_1_1_1_1_1_1_1_1_1_1_1_1_1_1_1_1_1_1_1_1_1_1_1_1_1_1_1_1_1_1_1_1_1_1_2_1_1_1_1_1_1_2_2,1745.5029727607516,12,7613,2018,"{""type"":""Point"",""coordinates"":[0.0,0.0]}"
1_1_1_1_1_1_1_1_1_1_1_1_1_1_1_1_1_1_1_1_1_1_1_1_1_1_1_1_1_1_1_1_1_1_1_1_2_1_1_1_1_1_1_2_3,464310.18528524326,21,7613,2018,"{""type"":""Point"",""coordinates"":[0.0,0.0]}"
1_1_1_1_1_1_1_1_1_1_1_1_1_1_1_1_1_1_1_1_1_1_1_1_1_1_1_1_1_1_1_1_1_1_1_1_2_1_1_1_1_1_1_2_4,2234.8463223768567,22,7613,2018,"{""type"":""Point"",""coordinates"":[0.0,0.0]}"
1_1_1_1_1_1_1_1_1_1_1_1_1_1_1_1_1_1_1_1_1_1_1_1_1_1_1_1_1_1_1_1_1_1_1_1_2_1_1_1_1_1_1_2_5,3.8002169311523426,29,7613,2018,"{""type"":""Point"",""coordinates"":[0.0,0.0]}"
1_1_1_1_1_1_1_1_1_1_1_1_1_1_1_1_1_1_1_1_1_1_1_1_1_1_1_1_1_1_1_1_1_1_1_1_2_1_1_1_1_1_1_2_6,20842.399911178167,33,7613,2018,"{""type"":""Point"",""coordinates"":[0.0,0.0]}"
1_1_1_1_1_1_1_1_1_1_1_1_1_1_1_1_1_1_1_1_1_1_1_1_1_1_1_1_1_1_1_1_1_1_1_1_2_1_1_1_1_1_2_0,211.9111406070003,3,7613,2019,"{""type"":""Point"",""coordinates"":[0.0,0.0]}"
1_1_1_1_1_1_1_1_1_1_1_1_1_1_1_1_1_1_1_1_1_1_1_1_1_1_1_1_1_1_1_1_1_1_1_1_2_1_1_1_1_1_2_1,1242323.8218060425,4,7613,2019,"{""type"":""Point"",""coordinates"":[0.0,0.0]}"
1_1_1_1_1_1_1_1_1_1_1_1_1_1_1_1_1_1_1_1_1_1_1_1_1_1_1_1_1_1_1_1_1_1_1_1_2_1_1_1_1_1_2_2,7571.326061326998,12,7613,2019,"{""type"":""Point"",""coordinates"":[0.0,0.0]}"
1_1_1_1_1_1_1_1_1_1_1_1_1_1_1_1_1_1_1_1_1_1_1_1_1_1_1_1_1_1_1_1_1_1_1_1_2_1_1_1_1_1_2_3,447040.2932377293,21,7613,2019,"{""type"":""Point"",""coordinates"":[0.0,0.0]}"
1_1_1_1_1_1_1_1_1_1_1_1_1_1_1_1_1_1_1_1_1_1_1_1_1_1_1_1_1_1_1_1_1_1_1_1_2_1_1_1_1_1_2_4,6651.140716170072,22,7613,2019,"{""type"":""Point"",""coordinates"":[0.0,0.0]}"
1_1_1_1_1_1_1_1_1_1_1_1_1_1_1_1_1_1_1_1_1_1_1_1_1_1_1_1_1_1_1_1_1_1_1_1_2_1_1_1_1_1_2_5,212.94466581420917,29,7613,2019,"{""type"":""Point"",""coordinates"":[0.0,0.0]}"
1_1_1_1_1_1_1_1_1_1_1_1_1_1_1_1_1_1_1_1_1_1_1_1_1_1_1_1_1_1_1_1_1_1_1_1_2_1_1_1_1_1_2_6,20581.453698210837,33,7613,2019,"{""type"":""Point"",""coordinates"":[0.0,0.0]}"
1_1_1_1_1_1_1_1_1_1_1_1_1_1_1_1_1_1_1_1_1_1_1_1_1_1_1_1_1_1_1_1_1_1_1_1_2_1_1_1_1_2_0,75.56782741914637,3,7613,2020,"{""type"":""Point"",""coordinates"":[0.0,0.0]}"
1_1_1_1_1_1_1_1_1_1_1_1_1_1_1_1_1_1_1_1_1_1_1_1_1_1_1_1_1_1_1_1_1_1_1_1_2_1_1_1_1_2_1,1264702.6271587673,4,7613,2020,"{""type"":""Point"",""coordinates"":[0.0,0.0]}"
1_1_1_1_1_1_1_1_1_1_1_1_1_1_1_1_1_1_1_1_1_1_1_1_1_1_1_1_1_1_1_1_1_1_1_1_2_1_1_1_1_2_2,3722.0893562184733,12,7613,2020,"{""type"":""Point"",""coordinates"":[0.0,0.0]}"
1_1_1_1_1_1_1_1_1_1_1_1_1_1_1_1_1_1_1_1_1_1_1_1_1_1_1_1_1_1_1_1_1_1_1_1_2_1_1_1_1_2_3,418793.1241783859,21,7613,2020,"{""type"":""Point"",""coordinates"":[0.0,0.0]}"
1_1_1_1_1_1_1_1_1_1_1_1_1_1_1_1_1_1_1_1_1_1_1_1_1_1_1_1_1_1_1_1_1_1_1_1_2_1_1_1_1_2_4,14409.52684984814,22,7613,2020,"{""type"":""Point"",""coordinates"":[0.0,0.0]}"
1_1_1_1_1_1_1_1_1_1_1_1_1_1_1_1_1_1_1_1_1_1_1_1_1_1_1_1_1_1_1_1_1_1_1_1_2_1_1_1_1_2_5,33.28066122436523,29,7613,2020,"{""type"":""Point"",""coordinates"":[0.0,0.0]}"
1_1_1_1_1_1_1_1_1_1_1_1_1_1_1_1_1_1_1_1_1_1_1_1_1_1_1_1_1_1_1_1_1_1_1_1_2_1_1_1_1_2_6,22856.675294029785,33,7613,2020,"{""type"":""Point"",""coordinates"":[0.0,0.0]}"
1_1_1_1_1_1_1_1_1_1_1_1_1_1_1_1_1_1_1_1_1_1_1_1_1_1_1_1_1_1_1_1_1_1_1_1_2_1_1_1_2_0,429.1084828456269,3,7613,2021,"{""type"":""Point"",""coordinates"":[0.0,0.0]}"
1_1_1_1_1_1_1_1_1_1_1_1_1_1_1_1_1_1_1_1_1_1_1_1_1_1_1_1_1_1_1_1_1_1_1_1_2_1_1_1_2_1,1264894.0526318543,4,7613,2021,"{""type"":""Point"",""coordinates"":[0.0,0.0]}"
1_1_1_1_1_1_1_1_1_1_1_1_1_1_1_1_1_1_1_1_1_1_1_1_1_1_1_1_1_1_1_1_1_1_1_1_2_1_1_1_2_2,5183.995549748476,12,7613,2021,"{""type"":""Point"",""coordinates"":[0.0,0.0]}"
1_1_1_1_1_1_1_1_1_1_1_1_1_1_1_1_1_1_1_1_1_1_1_1_1_1_1_1_1_1_1_1_1_1_1_1_2_1_1_1_2_3,425854.448778722,21,7613,2021,"{""type"":""Point"",""coordinates"":[0.0,0.0]}"
1_1_1_1_1_1_1_1_1_1_1_1_1_1_1_1_1_1_1_1_1_1_1_1_1_1_1_1_1_1_1_1_1_1_1_1_2_1_1_1_2_4,6132.0221672527105,22,7613,2021,"{""type"":""Point"",""coordinates"":[0.0,0.0]}"
1_1_1_1_1_1_1_1_1_1_1_1_1_1_1_1_1_1_1_1_1_1_1_1_1_1_1_1_1_1_1_1_1_1_1_1_2_1_1_1_2_5,8.022291882755052,29,7613,2021,"{""type"":""Point"",""coordinates"":[0.0,0.0]}"
1_1_1_1_1_1_1_1_1_1_1_1_1_1_1_1_1_1_1_1_1_1_1_1_1_1_1_1_1_1_1_1_1_1_1_1_2_1_1_1_2_6,22091.241423638476,33,7613,2021,"{""type"":""Point"",""coordinates"":[0.0,0.0]}"
1_1_1_1_1_1_1_1_1_1_1_1_1_1_1_1_1_1_1_1_1_1_1_1_1_1_1_1_1_1_1_1_1_1_1_1_2_1_1_2_0,932.4481979512298,3,7613,2022,"{""type"":""Point"",""coordinates"":[0.0,0.0]}"
1_1_1_1_1_1_1_1_1_1_1_1_1_1_1_1_1_1_1_1_1_1_1_1_1_1_1_1_1_1_1_1_1_1_1_1_2_1_1_2_1,1260373.627091781,4,7613,2022,"{""type"":""Point"",""coordinates"":[0.0,0.0]}"
1_1_1_1_1_1_1_1_1_1_1_1_1_1_1_1_1_1_1_1_1_1_1_1_1_1_1_1_1_1_1_1_1_1_1_1_2_1_1_2_2,7396.8617248739065,12,7613,2022,"{""type"":""Point"",""coordinates"":[0.0,0.0]}"
1_1_1_1_1_1_1_1_1_1_1_1_1_1_1_1_1_1_1_1_1_1_1_1_1_1_1_1_1_1_1_1_1_1_1_1_2_1_1_2_3,428104.11747212324,21,7613,2022,"{""type"":""Point"",""coordinates"":[0.0,0.0]}"
1_1_1_1_1_1_1_1_1_1_1_1_1_1_1_1_1_1_1_1_1_1_1_1_1_1_1_1_1_1_1_1_1_1_1_1_2_1_1_2_4,4464.597185301202,22,7613,2022,"{""type"":""Point"",""coordinates"":[0.0,0.0]}"
1_1_1_1_1_1_1_1_1_1_1_1_1_1_1_1_1_1_1_1_1_1_1_1_1_1_1_1_1_1_1_1_1_1_1_1_2_1_1_2_5,2.8275687499999993,29,7613,2022,"{""type"":""Point"",""coordinates"":[0.0,0.0]}"
1_1_1_1_1_1_1_1_1_1_1_1_1_1_1_1_1_1_1_1_1_1_1_1_1_1_1_1_1_1_1_1_1_1_1_1_2_1_1_2_6,23318.412085177675,33,7613,2022,"{""type"":""Point"",""coordinates"":[0.0,0.0]}"
1_1_1_1_1_1_1_1_1_1_1_1_1_1_1_1_1_1_1_1_1_1_1_1_1_1_1_1_1_1_1_1_1_1_1_1_2_1_2_0,1398.711596529636,3,7613,2023,"{""type"":""Point"",""coordinates"":[0.0,0.0]}"
1_1_1_1_1_1_1_1_1_1_1_1_1_1_1_1_1_1_1_1_1_1_1_1_1_1_1_1_1_1_1_1_1_1_1_1_2_1_2_1,1207943.8156432963,4,7613,2023,"{""type"":""Point"",""coordinates"":[0.0,0.0]}"
1_1_1_1_1_1_1_1_1_1_1_1_1_1_1_1_1_1_1_1_1_1_1_1_1_1_1_1_1_1_1_1_1_1_1_1_2_1_2_2,399.10701260198874,12,7613,2023,"{""type"":""Point"",""coordinates"":[0.0,0.0]}"
1_1_1_1_1_1_1_1_1_1_1_1_1_1_1_1_1_1_1_1_1_1_1_1_1_1_1_1_1_1_1_1_1_1_1_1_2_1_2_3,475028.23040067434,21,7613,2023,"{""type"":""Point"",""coordinates"":[0.0,0.0]}"
1_1_1_1_1_1_1_1_1_1_1_1_1_1_1_1_1_1_1_1_1_1_1_1_1_1_1_1_1_1_1_1_1_1_1_1_2_1_2_4,15600.411869592119,22,7613,2023,"{""type"":""Point"",""coordinates"":[0.0,0.0]}"
1_1_1_1_1_1_1_1_1_1_1_1_1_1_1_1_1_1_1_1_1_1_1_1_1_1_1_1_1_1_1_1_1_1_1_1_2_1_2_5,888.535952181515,29,7613,2023,"{""type"":""Point"",""coordinates"":[0.0,0.0]}"
1_1_1_1_1_1_1_1_1_1_1_1_1_1_1_1_1_1_1_1_1_1_1_1_1_1_1_1_1_1_1_1_1_1_1_1_2_1_2_6,23334.078851052393,33,7613,2023,"{""type"":""Point"",""coordinates"":[0.0,0.0]}"
1_1_1_1_1_1_1_1_1_1_1_1_1_1_1_1_1_1_1_1_1_1_1_1_1_1_1_1_1_1_1_1_1_1_1_1_2_2_0,1791.9889466454892,3,7613,2024,"{""type"":""Point"",""coordinates"":[0.0,0.0]}"
1_1_1_1_1_1_1_1_1_1_1_1_1_1_1_1_1_1_1_1_1_1_1_1_1_1_1_1_1_1_1_1_1_1_1_1_2_2_1,1159778.5089465315,4,7613,2024,"{""type"":""Point"",""coordinates"":[0.0,0.0]}"
1_1_1_1_1_1_1_1_1_1_1_1_1_1_1_1_1_1_1_1_1_1_1_1_1_1_1_1_1_1_1_1_1_1_1_1_2_2_2,76.57262727484012,12,7613,2024,"{""type"":""Point"",""coordinates"":[0.0,0.0]}"
1_1_1_1_1_1_1_1_1_1_1_1_1_1_1_1_1_1_1_1_1_1_1_1_1_1_1_1_1_1_1_1_1_1_1_1_2_2_3,535918.4759436967,21,7613,2024,"{""type"":""Point"",""coordinates"":[0.0,0.0]}"
1_1_1_1_1_1_1_1_1_1_1_1_1_1_1_1_1_1_1_1_1_1_1_1_1_1_1_1_1_1_1_1_1_1_1_1_2_2_4,1840.880402564918,22,7613,2024,"{""type"":""Point"",""coordinates"":[0.0,0.0]}"
1_1_1_1_1_1_1_1_1_1_1_1_1_1_1_1_1_1_1_1_1_1_1_1_1_1_1_1_1_1_1_1_1_1_1_1_2_2_5,2203.891660272002,29,7613,2024,"{""type"":""Point"",""coordinates"":[0.0,0.0]}"
1_1_1_1_1_1_1_1_1_1_1_1_1_1_1_1_1_1_1_1_1_1_1_1_1_1_1_1_1_1_1_1_1_1_1_1_2_2_6,22982.57279892084,33,7613,2024,"{""type"":""Point"",""coordinates"":[0.0,0.0]}"
1_1_1_1_1_1_1_1_1_1_1_1_1_1_1_1_1_1_1_1_1_1_1_1_1_1_1_1_1_1_1_1_1_1_1_2_1_1_1_1_1_1_1_1_2_0,14054.459424057508,3,765,2016,"{""type"":""Point"",""coordinates"":[0.0,0.0]}"
1_1_1_1_1_1_1_1_1_1_1_1_1_1_1_1_1_1_1_1_1_1_1_1_1_1_1_1_1_1_1_1_1_1_1_2_1_1_1_1_1_1_1_1_2_1,1069926.2806076757,4,765,2016,"{""type"":""Point"",""coordinates"":[0.0,0.0]}"
1_1_1_1_1_1_1_1_1_1_1_1_1_1_1_1_1_1_1_1_1_1_1_1_1_1_1_1_1_1_1_1_1_1_1_2_1_1_1_1_1_1_1_1_2_2,4645.774645689396,12,765,2016,"{""type"":""Point"",""coordinates"":[0.0,0.0]}"
1_1_1_1_1_1_1_1_1_1_1_1_1_1_1_1_1_1_1_1_1_1_1_1_1_1_1_1_1_1_1_1_1_1_1_2_1_1_1_1_1_1_1_1_2_3,1044024.7738801105,21,765,2016,"{""type"":""Point"",""coordinates"":[0.0,0.0]}"
1_1_1_1_1_1_1_1_1_1_1_1_1_1_1_1_1_1_1_1_1_1_1_1_1_1_1_1_1_1_1_1_1_1_1_2_1_1_1_1_1_1_1_1_2_4,19.413726947691675,22,765,2016,"{""type"":""Point"",""coordinates"":[0.0,0.0]}"
1_1_1_1_1_1_1_1_1_1_1_1_1_1_1_1_1_1_1_1_1_1_1_1_1_1_1_1_1_1_1_1_1_1_1_2_1_1_1_1_1_1_1_1_2_5,14613.76858639146,29,765,2016,"{""type"":""Point"",""coordinates"":[0.0,0.0]}"
1_1_1_1_1_1_1_1_1_1_1_1_1_1_1_1_1_1_1_1_1_1_1_1_1_1_1_1_1_1_1_1_1_1_1_2_1_1_1_1_1_1_1_1_2_6,13998.920963079207,33,765,2016,"{""type"":""Point"",""coordinates"":[0.0,0.0]}"
1_1_1_1_1_1_1_1_1_1_1_1_1_1_1_1_1_1_1_1_1_1_1_1_1_1_1_1_1_1_1_1_1_1_1_2_1_1_1_1_1_1_1_2_0,10478.076538573354,3,765,2017,"{""type"":""Point"",""coordinates"":[0.0,0.0]}"
1_1_1_1_1_1_1_1_1_1_1_1_1_1_1_1_1_1_1_1_1_1_1_1_1_1_1_1_1_1_1_1_1_1_1_2_1_1_1_1_1_1_1_2_1,1091223.9893642128,4,765,2017,"{""type"":""Point"",""coordinates"":[0.0,0.0]}"
1_1_1_1_1_1_1_1_1_1_1_1_1_1_1_1_1_1_1_1_1_1_1_1_1_1_1_1_1_1_1_1_1_1_1_2_1_1_1_1_1_1_1_2_2,1513.8823877480422,12,765,2017,"{""type"":""Point"",""coordinates"":[0.0,0.0]}"
1_1_1_1_1_1_1_1_1_1_1_1_1_1_1_1_1_1_1_1_1_1_1_1_1_1_1_1_1_1_1_1_1_1_1_2_1_1_1_1_1_1_1_2_3,1029137.5896614072,21,765,2017,"{""type"":""Point"",""coordinates"":[0.0,0.0]}"
1_1_1_1_1_1_1_1_1_1_1_1_1_1_1_1_1_1_1_1_1_1_1_1_1_1_1_1_1_1_1_1_1_1_1_2_1_1_1_1_1_1_1_2_4,171.2326733340992,22,765,2017,"{""type"":""Point"",""coordinates"":[0.0,0.0]}"
1_1_1_1_1_1_1_1_1_1_1_1_1_1_1_1_1_1_1_1_1_1_1_1_1_1_1_1_1_1_1_1_1_1_1_2_1_1_1_1_1_1_1_2_5,14565.908912804553,29,765,2017,"{""type"":""Point"",""coordinates"":[0.0,0.0]}"
1_1_1_1_1_1_1_1_1_1_1_1_1_1_1_1_1_1_1_1_1_1_1_1_1_1_1_1_1_1_1_1_1_1_1_2_1_1_1_1_1_1_1_2_6,14192.712295906875,33,765,2017,"{""type"":""Point"",""coordinates"":[0.0,0.0]}"
1_1_1_1_1_1_1_1_1_1_1_1_1_1_1_1_1_1_1_1_1_1_1_1_1_1_1_1_1_1_1_1_1_1_1_2_1_1_1_1_1_1_2_0,8881.466489532653,3,765,2018,"{""type"":""Point"",""coordinates"":[0.0,0.0]}"
1_1_1_1_1_1_1_1_1_1_1_1_1_1_1_1_1_1_1_1_1_1_1_1_1_1_1_1_1_1_1_1_1_1_1_2_1_1_1_1_1_1_2_1,1103553.3258028682,4,765,2018,"{""type"":""Point"",""coordinates"":[0.0,0.0]}"
1_1_1_1_1_1_1_1_1_1_1_1_1_1_1_1_1_1_1_1_1_1_1_1_1_1_1_1_1_1_1_1_1_1_1_2_1_1_1_1_1_1_2_2,1906.5538965661367,12,765,2018,"{""type"":""Point"",""coordinates"":[0.0,0.0]}"
1_1_1_1_1_1_1_1_1_1_1_1_1_1_1_1_1_1_1_1_1_1_1_1_1_1_1_1_1_1_1_1_1_1_1_2_1_1_1_1_1_1_2_3,1014412.3318435536,21,765,2018,"{""type"":""Point"",""coordinates"":[0.0,0.0]}"
1_1_1_1_1_1_1_1_1_1_1_1_1_1_1_1_1_1_1_1_1_1_1_1_1_1_1_1_1_1_1_1_1_1_1_2_1_1_1_1_1_1_2_4,545.9484232931696,22,765,2018,"{""type"":""Point"",""coordinates"":[0.0,0.0]}"
1_1_1_1_1_1_1_1_1_1_1_1_1_1_1_1_1_1_1_1_1_1_1_1_1_1_1_1_1_1_1_1_1_1_1_2_1_1_1_1_1_1_2_5,15170.497455785408,29,765,2018,"{""type"":""Point"",""coordinates"":[0.0,0.0]}"
1_1_1_1_1_1_1_1_1_1_1_1_1_1_1_1_1_1_1_1_1_1_1_1_1_1_1_1_1_1_1_1_1_1_1_2_1_1_1_1_1_1_2_6,16813.267922379153,33,765,2018,"{""type"":""Point"",""coordinates"":[0.0,0.0]}"
1_1_1_1_1_1_1_1_1_1_1_1_1_1_1_1_1_1_1_1_1_1_1_1_1_1_1_1_1_1_1_1_1_1_1_2_1_1_1_1_1_2_0,12901.25278791326,3,765,2019,"{""type"":""Point"",""coordinates"":[0.0,0.0]}"
1_1_1_1_1_1_1_1_1_1_1_1_1_1_1_1_1_1_1_1_1_1_1_1_1_1_1_1_1_1_1_1_1_1_1_2_1_1_1_1_1_2_1,1113324.0696531534,4,765,2019,"{""type"":""Point"",""coordinates"":[0.0,0.0]}"
1_1_1_1_1_1_1_1_1_1_1_1_1_1_1_1_1_1_1_1_1_1_1_1_1_1_1_1_1_1_1_1_1_1_1_2_1_1_1_1_1_2_2,3839.8114260364996,12,765,2019,"{""type"":""Point"",""coordinates"":[0.0,0.0]}"
1_1_1_1_1_1_1_1_1_1_1_1_1_1_1_1_1_1_1_1_1_1_1_1_1_1_1_1_1_1_1_1_1_1_1_2_1_1_1_1_1_2_3,1001755.1467422495,21,765,2019,"{""type"":""Point"",""coordinates"":[0.0,0.0]}"
1_1_1_1_1_1_1_1_1_1_1_1_1_1_1_1_1_1_1_1_1_1_1_1_1_1_1_1_1_1_1_1_1_1_1_2_1_1_1_1_1_2_4,451.37745912202735,22,765,2019,"{""type"":""Point"",""coordinates"":[0.0,0.0]}"
1_1_1_1_1_1_1_1_1_1_1_1_1_1_1_1_1_1_1_1_1_1_1_1_1_1_1_1_1_1_1_1_1_1_1_2_1_1_1_1_1_2_5,15619.786062540106,29,765,2019,"{""type"":""Point"",""coordinates"":[0.0,0.0]}"
1_1_1_1_1_1_1_1_1_1_1_1_1_1_1_1_1_1_1_1_1_1_1_1_1_1_1_1_1_1_1_1_1_1_1_2_1_1_1_1_1_2_6,13391.947702989437,33,765,2019,"{""type"":""Point"",""coordinates"":[0.0,0.0]}"
1_1_1_1_1_1_1_1_1_1_1_1_1_1_1_1_1_1_1_1_1_1_1_1_1_1_1_1_1_1_1_1_1_1_1_2_1_1_1_1_2_0,20806.068457223784,3,765,2020,"{""type"":""Point"",""coordinates"":[0.0,0.0]}"
1_1_1_1_1_1_1_1_1_1_1_1_1_1_1_1_1_1_1_1_1_1_1_1_1_1_1_1_1_1_1_1_1_1_1_2_1_1_1_1_2_1,1082528.807550066,4,765,2020,"{""type"":""Point"",""coordinates"":[0.0,0.0]}"
1_1_1_1_1_1_1_1_1_1_1_1_1_1_1_1_1_1_1_1_1_1_1_1_1_1_1_1_1_1_1_1_1_1_1_2_1_1_1_1_2_2,3077.716757689827,12,765,2020,"{""type"":""Point"",""coordinates"":[0.0,0.0]}"
1_1_1_1_1_1_1_1_1_1_1_1_1_1_1_1_1_1_1_1_1_1_1_1_1_1_1_1_1_1_1_1_1_1_1_2_1_1_1_1_2_3,1018395.7820587321,21,765,2020,"{""type"":""Point"",""coordinates"":[0.0,0.0]}"
1_1_1_1_1_1_1_1_1_1_1_1_1_1_1_1_1_1_1_1_1_1_1_1_1_1_1_1_1_1_1_1_1_1_1_2_1_1_1_1_2_4,3083.0774506081243,22,765,2020,"{""type"":""Point"",""coordinates"":[0.0,0.0]}"
1_1_1_1_1_1_1_1_1_1_1_1_1_1_1_1_1_1_1_1_1_1_1_1_1_1_1_1_1_1_1_1_1_1_1_2_1_1_1_1_2_5,16128.283274862617,29,765,2020,"{""type"":""Point"",""coordinates"":[0.0,0.0]}"
1_1_1_1_1_1_1_1_1_1_1_1_1_1_1_1_1_1_1_1_1_1_1_1_1_1_1_1_1_1_1_1_1_1_1_2_1_1_1_1_2_6,17263.65628479808,33,765,2020,"{""type"":""Point"",""coordinates"":[0.0,0.0]}"
1_1_1_1_1_1_1_1_1_1_1_1_1_1_1_1_1_1_1_1_1_1_1_1_1_1_1_1_1_1_1_1_1_1_1_2_1_1_1_2_0,20654.051691330813,3,765,2021,"{""type"":""Point"",""coordinates"":[0.0,0.0]}"
1_1_1_1_1_1_1_1_1_1_1_1_1_1_1_1_1_1_1_1_1_1_1_1_1_1_1_1_1_1_1_1_1_1_1_2_1_1_1_2_1,1067748.2552228642,4,765,2021,"{""type"":""Point"",""coordinates"":[0.0,0.0]}"
1_1_1_1_1_1_1_1_1_1_1_1_1_1_1_1_1_1_1_1_1_1_1_1_1_1_1_1_1_1_1_1_1_1_1_2_1_1_1_2_2,2905.7900191878466,12,765,2021,"{""type"":""Point"",""coordinates"":[0.0,0.0]}"
1_1_1_1_1_1_1_1_1_1_1_1_1_1_1_1_1_1_1_1_1_1_1_1_1_1_1_1_1_1_1_1_1_1_1_2_1_1_1_2_3,1039295.0346073008,21,765,2021,"{""type"":""Point"",""coordinates"":[0.0,0.0]}"
1_1_1_1_1_1_1_1_1_1_1_1_1_1_1_1_1_1_1_1_1_1_1_1_1_1_1_1_1_1_1_1_1_1_1_2_1_1_1_2_4,3265.1093058723395,22,765,2021,"{""type"":""Point"",""coordinates"":[0.0,0.0]}"
1_1_1_1_1_1_1_1_1_1_1_1_1_1_1_1_1_1_1_1_1_1_1_1_1_1_1_1_1_1_1_1_1_1_1_2_1_1_1_2_5,12465.82801265697,29,765,2021,"{""type"":""Point"",""coordinates"":[0.0,0.0]}"
1_1_1_1_1_1_1_1_1_1_1_1_1_1_1_1_1_1_1_1_1_1_1_1_1_1_1_1_1_1_1_1_1_1_1_2_1_1_1_2_6,14949.322974720273,33,765,2021,"{""type"":""Point"",""coordinates"":[0.0,0.0]}"
1_1_1_1_1_1_1_1_1_1_1_1_1_1_1_1_1_1_1_1_1_1_1_1_1_1_1_1_1_1_1_1_1_1_1_2_1_1_2_0,17714.09679971652,3,765,2022,"{""type"":""Point"",""coordinates"":[0.0,0.0]}"
1_1_1_1_1_1_1_1_1_1_1_1_1_1_1_1_1_1_1_1_1_1_1_1_1_1_1_1_1_1_1_1_1_1_1_2_1_1_2_1,1092607.6676111135,4,765,2022,"{""type"":""Point"",""coordinates"":[0.0,0.0]}"
1_1_1_1_1_1_1_1_1_1_1_1_1_1_1_1_1_1_1_1_1_1_1_1_1_1_1_1_1_1_1_1_1_1_1_2_1_1_2_2,5465.511211976586,12,765,2022,"{""type"":""Point"",""coordinates"":[0.0,0.0]}"
1_1_1_1_1_1_1_1_1_1_1_1_1_1_1_1_1_1_1_1_1_1_1_1_1_1_1_1_1_1_1_1_1_1_1_2_1_1_2_3,1014728.4303915554,21,765,2022,"{""type"":""Point"",""coordinates"":[0.0,0.0]}"
1_1_1_1_1_1_1_1_1_1_1_1_1_1_1_1_1_1_1_1_1_1_1_1_1_1_1_1_1_1_1_1_1_1_1_2_1_1_2_4,1503.6149125376737,22,765,2022,"{""type"":""Point"",""coordinates"":[0.0,0.0]}"
1_1_1_1_1_1_1_1_1_1_1_1_1_1_1_1_1_1_1_1_1_1_1_1_1_1_1_1_1_1_1_1_1_1_1_2_1_1_2_5,12187.150731493843,29,765,2022,"{""type"":""Point"",""coordinates"":[0.0,0.0]}"
1_1_1_1_1_1_1_1_1_1_1_1_1_1_1_1_1_1_1_1_1_1_1_1_1_1_1_1_1_1_1_1_1_1_1_2_1_1_2_6,17076.92017554874,33,765,2022,"{""type"":""Point"",""coordinates"":[0.0,0.0]}"
1_1_1_1_1_1_1_1_1_1_1_1_1_1_1_1_1_1_1_1_1_1_1_1_1_1_1_1_1_1_1_1_1_1_1_2_1_2_0,22684.790262434366,3,765,2023,"{""type"":""Point"",""coordinates"":[0.0,0.0]}"
1_1_1_1_1_1_1_1_1_1_1_1_1_1_1_1_1_1_1_1_1_1_1_1_1_1_1_1_1_1_1_1_1_1_1_2_1_2_1,1077755.8068673392,4,765,2023,"{""type"":""Point"",""coordinates"":[0.0,0.0]}"
1_1_1_1_1_1_1_1_1_1_1_1_1_1_1_1_1_1_1_1_1_1_1_1_1_1_1_1_1_1_1_1_1_1_1_2_1_2_2,1574.0533155528346,12,765,2023,"{""type"":""Point"",""coordinates"":[0.0,0.0]}"
1_1_1_1_1_1_1_1_1_1_1_1_1_1_1_1_1_1_1_1_1_1_1_1_1_1_1_1_1_1_1_1_1_1_1_2_1_2_3,1030624.5619269817,21,765,2023,"{""type"":""Point"",""coordinates"":[0.0,0.0]}"
1_1_1_1_1_1_1_1_1_1_1_1_1_1_1_1_1_1_1_1_1_1_1_1_1_1_1_1_1_1_1_1_1_1_1_2_1_2_4,1039.214200051102,22,765,2023,"{""type"":""Point"",""coordinates"":[0.0,0.0]}"
1_1_1_1_1_1_1_1_1_1_1_1_1_1_1_1_1_1_1_1_1_1_1_1_1_1_1_1_1_1_1_1_1_1_1_2_1_2_5,14225.967250427306,29,765,2023,"{""type"":""Point"",""coordinates"":[0.0,0.0]}"
1_1_1_1_1_1_1_1_1_1_1_1_1_1_1_1_1_1_1_1_1_1_1_1_1_1_1_1_1_1_1_1_1_1_1_2_1_2_6,13378.998011164964,33,765,2023,"{""type"":""Point"",""coordinates"":[0.0,0.0]}"
1_1_1_1_1_1_1_1_1_1_1_1_1_1_1_1_1_1_1_1_1_1_1_1_1_1_1_1_1_1_1_1_1_1_1_2_2_0,19739.26351033721,3,765,2024,"{""type"":""Point"",""coordinates"":[0.0,0.0]}"
1_1_1_1_1_1_1_1_1_1_1_1_1_1_1_1_1_1_1_1_1_1_1_1_1_1_1_1_1_1_1_1_1_1_1_2_2_1,1047449.2824800567,4,765,2024,"{""type"":""Point"",""coordinates"":[0.0,0.0]}"
1_1_1_1_1_1_1_1_1_1_1_1_1_1_1_1_1_1_1_1_1_1_1_1_1_1_1_1_1_1_1_1_1_1_1_2_2_2,2991.595610797823,12,765,2024,"{""type"":""Point"",""coordinates"":[0.0,0.0]}"
1_1_1_1_1_1_1_1_1_1_1_1_1_1_1_1_1_1_1_1_1_1_1_1_1_1_1_1_1_1_1_1_1_1_1_2_2_3,1052530.3909933988,21,765,2024,"{""type"":""Point"",""coordinates"":[0.0,0.0]}"
1_1_1_1_1_1_1_1_1_1_1_1_1_1_1_1_1_1_1_1_1_1_1_1_1_1_1_1_1_1_1_1_1_1_1_2_2_4,1119.9512959673211,22,765,2024,"{""type"":""Point"",""coordinates"":[0.0,0.0]}"
1_1_1_1_1_1_1_1_1_1_1_1_1_1_1_1_1_1_1_1_1_1_1_1_1_1_1_1_1_1_1_1_1_1_1_2_2_5,10343.399575579675,29,765,2024,"{""type"":""Point"",""coordinates"":[0.0,0.0]}"
1_1_1_1_1_1_1_1_1_1_1_1_1_1_1_1_1_1_1_1_1_1_1_1_1_1_1_1_1_1_1_1_1_1_1_2_2_6,27109.50836778462,33,765,2024,"{""type"":""Point"",""coordinates"":[0.0,0.0]}"
1_1_1_1_1_1_1_1_1_1_1_1_1_1_1_1_1_1_1_1_1_1_1_1_1_1_1_1_1_1_1_1_1_1_2_1_1_1_1_1_1_1_1_2_0,16632.86380046088,3,7618,2016,"{""type"":""Point"",""coordinates"":[0.0,0.0]}"
1_1_1_1_1_1_1_1_1_1_1_1_1_1_1_1_1_1_1_1_1_1_1_1_1_1_1_1_1_1_1_1_1_1_2_1_1_1_1_1_1_1_1_2_1,1227462.710825207,4,7618,2016,"{""type"":""Point"",""coordinates"":[0.0,0.0]}"
1_1_1_1_1_1_1_1_1_1_1_1_1_1_1_1_1_1_1_1_1_1_1_1_1_1_1_1_1_1_1_1_1_1_2_1_1_1_1_1_1_1_1_2_2,671.8917864752086,12,7618,2016,"{""type"":""Point"",""coordinates"":[0.0,0.0]}"
1_1_1_1_1_1_1_1_1_1_1_1_1_1_1_1_1_1_1_1_1_1_1_1_1_1_1_1_1_1_1_1_1_1_2_1_1_1_1_1_1_1_1_2_3,570647.9454567279,21,7618,2016,"{""type"":""Point"",""coordinates"":[0.0,0.0]}"
1_1_1_1_1_1_1_1_1_1_1_1_1_1_1_1_1_1_1_1_1_1_1_1_1_1_1_1_1_1_1_1_1_1_2_1_1_1_1_1_1_1_1_2_4,738.1520415946691,22,7618,2016,"{""type"":""Point"",""coordinates"":[0.0,0.0]}"
1_1_1_1_1_1_1_1_1_1_1_1_1_1_1_1_1_1_1_1_1_1_1_1_1_1_1_1_1_1_1_1_1_1_2_1_1_1_1_1_1_1_1_2_5,973.3177963335097,29,7618,2016,"{""type"":""Point"",""coordinates"":[0.0,0.0]}"
1_1_1_1_1_1_1_1_1_1_1_1_1_1_1_1_1_1_1_1_1_1_1_1_1_1_1_1_1_1_1_1_1_1_2_1_1_1_1_1_1_1_1_2_6,1117.9374445363246,33,7618,2016,"{""type"":""Point"",""coordinates"":[0.0,0.0]}"
1_1_1_1_1_1_1_1_1_1_1_1_1_1_1_1_1_1_1_1_1_1_1_1_1_1_1_1_1_1_1_1_1_1_2_1_1_1_1_1_1_1_2_0,13579.378757403387,3,7618,2017,"{""type"":""Point"",""coordinates"":[0.0,0.0]}"
1_1_1_1_1_1_1_1_1_1_1_1_1_1_1_1_1_1_1_1_1_1_1_1_1_1_1_1_1_1_1_1_1_1_2_1_1_1_1_1_1_1_2_1,1237835.8257832217,4,7618,2017,"{""type"":""Point"",""coordinates"":[0.0,0.0]}"
1_1_1_1_1_1_1_1_1_1_1_1_1_1_1_1_1_1_1_1_1_1_1_1_1_1_1_1_1_1_1_1_1_1_2_1_1_1_1_1_1_1_2_2,647.9607379490521,12,7618,2017,"{""type"":""Point"",""coordinates"":[0.0,0.0]}"
1_1_1_1_1_1_1_1_1_1_1_1_1_1_1_1_1_1_1_1_1_1_1_1_1_1_1_1_1_1_1_1_1_1_2_1_1_1_1_1_1_1_2_3,560840.3372096198,21,7618,2017,"{""type"":""Point"",""coordinates"":[0.0,0.0]}"
1_1_1_1_1_1_1_1_1_1_1_1_1_1_1_1_1_1_1_1_1_1_1_1_1_1_1_1_1_1_1_1_1_1_2_1_1_1_1_1_1_1_2_4,1755.7909407787602,22,7618,2017,"{""type"":""Point"",""coordinates"":[0.0,0.0]}"
1_1_1_1_1_1_1_1_1_1_1_1_1_1_1_1_1_1_1_1_1_1_1_1_1_1_1_1_1_1_1_1_1_1_2_1_1_1_1_1_1_1_2_5,254.26101122352742,29,7618,2017,"{""type"":""Point"",""coordinates"":[0.0,0.0]}"
1_1_1_1_1_1_1_1_1_1_1_1_1_1_1_1_1_1_1_1_1_1_1_1_1_1_1_1_1_1_1_1_1_1_2_1_1_1_1_1_1_1_2_6,3331.264711205334,33,7618,2017,"{""type"":""Point"",""coordinates"":[0.0,0.0]}"
1_1_1_1_1_1_1_1_1_1_1_1_1_1_1_1_1_1_1_1_1_1_1_1_1_1_1_1_1_1_1_1_1_1_2_1_1_1_1_1_1_2_0,9296.909268344063,3,7618,2018,"{""type"":""Point"",""coordinates"":[0.0,0.0]}"
1_1_1_1_1_1_1_1_1_1_1_1_1_1_1_1_1_1_1_1_1_1_1_1_1_1_1_1_1_1_1_1_1_1_2_1_1_1_1_1_1_2_1,1243691.757088625,4,7618,2018,"{""type"":""Point"",""coordinates"":[0.0,0.0]}"
1_1_1_1_1_1_1_1_1_1_1_1_1_1_1_1_1_1_1_1_1_1_1_1_1_1_1_1_1_1_1_1_1_1_2_1_1_1_1_1_1_2_2,616.8242894134162,12,7618,2018,"{""type"":""Point"",""coordinates"":[0.0,0.0]}"
1_1_1_1_1_1_1_1_1_1_1_1_1_1_1_1_1_1_1_1_1_1_1_1_1_1_1_1_1_1_1_1_1_1_2_1_1_1_1_1_1_2_3,560206.816710243,21,7618,2018,"{""type"":""Point"",""coordinates"":[0.0,0.0]}"
1_1_1_1_1_1_1_1_1_1_1_1_1_1_1_1_1_1_1_1_1_1_1_1_1_1_1_1_1_1_1_1_1_1_2_1_1_1_1_1_1_2_4,2507.931635717413,22,7618,2018,"{""type"":""Point"",""coordinates"":[0.0,0.0]}"
1_1_1_1_1_1_1_1_1_1_1_1_1_1_1_1_1_1_1_1_1_1_1_1_1_1_1_1_1_1_1_1_1_1_2_1_1_1_1_1_1_2_5,1469.801548923698,29,7618,2018,"{""type"":""Point"",""coordinates"":[0.0,0.0]}"
1_1_1_1_1_1_1_1_1_1_1_1_1_1_1_1_1_1_1_1_1_1_1_1_1_1_1_1_1_1_1_1_1_1_2_1_1_1_1_1_1_2_6,454.7786101185279,33,7618,2018,"{""type"":""Point"",""coordinates"":[0.0,0.0]}"
1_1_1_1_1_1_1_1_1_1_1_1_1_1_1_1_1_1_1_1_1_1_1_1_1_1_1_1_1_1_1_1_1_1_2_1_1_1_1_1_2_0,9311.390366196234,3,7618,2019,"{""type"":""Point"",""coordinates"":[0.0,0.0]}"
1_1_1_1_1_1_1_1_1_1_1_1_1_1_1_1_1_1_1_1_1_1_1_1_1_1_1_1_1_1_1_1_1_1_2_1_1_1_1_1_2_1,1259111.3038535684,4,7618,2019,"{""type"":""Point"",""coordinates"":[0.0,0.0]}"
1_1_1_1_1_1_1_1_1_1_1_1_1_1_1_1_1_1_1_1_1_1_1_1_1_1_1_1_1_1_1_1_1_1_2_1_1_1_1_1_2_2,682.5114296787397,12,7618,2019,"{""type"":""Point"",""coordinates"":[0.0,0.0]}"
1_1_1_1_1_1_1_1_1_1_1_1_1_1_1_1_1_1_1_1_1_1_1_1_1_1_1_1_1_1_1_1_1_1_2_1_1_1_1_1_2_3,545463.9639201633,21,7618,2019,"{""type"":""Point"",""coordinates"":[0.0,0.0]}"
1_1_1_1_1_1_1_1_1_1_1_1_1_1_1_1_1_1_1_1_1_1_1_1_1_1_1_1_1_1_1_1_1_1_2_1_1_1_1_1_2_4,2572.2999282705264,22,7618,2019,"{""type"":""Point"",""coordinates"":[0.0,0.0]}"
1_1_1_1_1_1_1_1_1_1_1_1_1_1_1_1_1_1_1_1_1_1_1_1_1_1_1_1_1_1_1_1_1_1_2_1_1_1_1_1_2_5,316.7536513625202,29,7618,2019,"{""type"":""Point"",""coordinates"":[0.0,0.0]}"
1_1_1_1_1_1_1_1_1_1_1_1_1_1_1_1_1_1_1_1_1_1_1_1_1_1_1_1_1_1_1_1_1_1_2_1_1_1_1_1_2_6,786.5960021073149,33,7618,2019,"{""type"":""Point"",""coordinates"":[0.0,0.0]}"
1_1_1_1_1_1_1_1_1_1_1_1_1_1_1_1_1_1_1_1_1_1_1_1_1_1_1_1_1_1_1_1_1_1_2_1_1_1_1_2_0,6779.068134494842,3,7618,2020,"{""type"":""Point"",""coordinates"":[0.0,0.0]}"
1_1_1_1_1_1_1_1_1_1_1_1_1_1_1_1_1_1_1_1_1_1_1_1_1_1_1_1_1_1_1_1_1_1_2_1_1_1_1_2_1,1267789.529332452,4,7618,2020,"{""type"":""Point"",""coordinates"":[0.0,0.0]}"
1_1_1_1_1_1_1_1_1_1_1_1_1_1_1_1_1_1_1_1_1_1_1_1_1_1_1_1_1_1_1_1_1_1_2_1_1_1_1_2_2,1319.229829261184,12,7618,2020,"{""type"":""Point"",""coordinates"":[0.0,0.0]}"
1_1_1_1_1_1_1_1_1_1_1_1_1_1_1_1_1_1_1_1_1_1_1_1_1_1_1_1_1_1_1_1_1_1_2_1_1_1_1_2_3,536730.8942475609,21,7618,2020,"{""type"":""Point"",""coordinates"":[0.0,0.0]}"
1_1_1_1_1_1_1_1_1_1_1_1_1_1_1_1_1_1_1_1_1_1_1_1_1_1_1_1_1_1_1_1_1_1_2_1_1_1_1_2_4,1790.272987972389,22,7618,2020,"{""type"":""Point"",""coordinates"":[0.0,0.0]}"
1_1_1_1_1_1_1_1_1_1_1_1_1_1_1_1_1_1_1_1_1_1_1_1_1_1_1_1_1_1_1_1_1_1_2_1_1_1_1_2_5,1761.9974744488416,29,7618,2020,"{""type"":""Point"",""coordinates"":[0.0,0.0]}"
1_1_1_1_1_1_1_1_1_1_1_1_1_1_1_1_1_1_1_1_1_1_1_1_1_1_1_1_1_1_1_1_1_1_2_1_1_1_1_2_6,2073.827145146346,33,7618,2020,"{""type"":""Point"",""coordinates"":[0.0,0.0]}"
1_1_1_1_1_1_1_1_1_1_1_1_1_1_1_1_1_1_1_1_1_1_1_1_1_1_1_1_1_1_1_1_1_1_2_1_1_1_2_0,12237.735932174008,3,7618,2021,"{""type"":""Point"",""coordinates"":[0.0,0.0]}"
1_1_1_1_1_1_1_1_1_1_1_1_1_1_1_1_1_1_1_1_1_1_1_1_1_1_1_1_1_1_1_1_1_1_2_1_1_1_2_1,1252347.0939128117,4,7618,2021,"{""type"":""Point"",""coordinates"":[0.0,0.0]}"
1_1_1_1_1_1_1_1_1_1_1_1_1_1_1_1_1_1_1_1_1_1_1_1_1_1_1_1_1_1_1_1_1_1_2_1_1_1_2_2,1211.1448947226834,12,7618,2021,"{""type"":""Point"",""coordinates"":[0.0,0.0]}"
1_1_1_1_1_1_1_1_1_1_1_1_1_1_1_1_1_1_1_1_1_1_1_1_1_1_1_1_1_1_1_1_1_1_2_1_1_1_2_3,543951.0610394499,21,7618,2021,"{""type"":""Point"",""coordinates"":[0.0,0.0]}"
1_1_1_1_1_1_1_1_1_1_1_1_1_1_1_1_1_1_1_1_1_1_1_1_1_1_1_1_1_1_1_1_1_1_2_1_1_1_2_4,4802.886904413891,22,7618,2021,"{""type"":""Point"",""coordinates"":[0.0,0.0]}"
1_1_1_1_1_1_1_1_1_1_1_1_1_1_1_1_1_1_1_1_1_1_1_1_1_1_1_1_1_1_1_1_1_1_2_1_1_1_2_5,1657.8076150725972,29,7618,2021,"{""type"":""Point"",""coordinates"":[0.0,0.0]}"
1_1_1_1_1_1_1_1_1_1_1_1_1_1_1_1_1_1_1_1_1_1_1_1_1_1_1_1_1_1_1_1_1_1_2_1_1_1_2_6,2037.088852724896,33,7618,2021,"{""type"":""Point"",""coordinates"":[0.0,0.0]}"
1_1_1_1_1_1_1_1_1_1_1_1_1_1_1_1_1_1_1_1_1_1_1_1_1_1_1_1_1_1_1_1_1_1_2_1_1_2_0,11444.046832107017,3,7618,2022,"{""type"":""Point"",""coordinates"":[0.0,0.0]}"
1_1_1_1_1_1_1_1_1_1_1_1_1_1_1_1_1_1_1_1_1_1_1_1_1_1_1_1_1_1_1_1_1_1_2_1_1_2_1,1259649.293116253,4,7618,2022,"{""type"":""Point"",""coordinates"":[0.0,0.0]}"
1_1_1_1_1_1_1_1_1_1_1_1_1_1_1_1_1_1_1_1_1_1_1_1_1_1_1_1_1_1_1_1_1_1_2_1_1_2_2,1637.290933353363,12,7618,2022,"{""type"":""Point"",""coordinates"":[0.0,0.0]}"
1_1_1_1_1_1_1_1_1_1_1_1_1_1_1_1_1_1_1_1_1_1_1_1_1_1_1_1_1_1_1_1_1_1_2_1_1_2_3,537007.9358996658,21,7618,2022,"{""type"":""Point"",""coordinates"":[0.0,0.0]}"
1_1_1_1_1_1_1_1_1_1_1_1_1_1_1_1_1_1_1_1_1_1_1_1_1_1_1_1_1_1_1_1_1_1_2_1_1_2_4,3669.161861292096,22,7618,2022,"{""type"":""Point"",""coordinates"":[0.0,0.0]}"
1_1_1_1_1_1_1_1_1_1_1_1_1_1_1_1_1_1_1_1_1_1_1_1_1_1_1_1_1_1_1_1_1_1_2_1_1_2_5,2286.2835684890583,29,7618,2022,"{""type"":""Point"",""coordinates"":[0.0,0.0]}"
1_1_1_1_1_1_1_1_1_1_1_1_1_1_1_1_1_1_1_1_1_1_1_1_1_1_1_1_1_1_1_1_1_1_2_1_1_2_6,2550.8069401626676,33,7618,2022,"{""type"":""Point"",""coordinates"":[0.0,0.0]}"
1_1_1_1_1_1_1_1_1_1_1_1_1_1_1_1_1_1_1_1_1_1_1_1_1_1_1_1_1_1_1_1_1_1_2_1_2_0,16470.71817339678,3,7618,2023,"{""type"":""Point"",""coordinates"":[0.0,0.0]}"
1_1_1_1_1_1_1_1_1_1_1_1_1_1_1_1_1_1_1_1_1_1_1_1_1_1_1_1_1_1_1_1_1_1_2_1_2_1,1248854.1688793832,4,7618,2023,"{""type"":""Point"",""coordinates"":[0.0,0.0]}"
1_1_1_1_1_1_1_1_1_1_1_1_1_1_1_1_1_1_1_1_1_1_1_1_1_1_1_1_1_1_1_1_1_1_2_1_2_2,966.7599263414337,12,7618,2023,"{""type"":""Point"",""coordinates"":[0.0,0.0]}"
1_1_1_1_1_1_1_1_1_1_1_1_1_1_1_1_1_1_1_1_1_1_1_1_1_1_1_1_1_1_1_1_1_1_2_1_2_3,545844.6961601723,21,7618,2023,"{""type"":""Point"",""coordinates"":[0.0,0.0]}"
1_1_1_1_1_1_1_1_1_1_1_1_1_1_1_1_1_1_1_1_1_1_1_1_1_1_1_1_1_1_1_1_1_1_2_1_2_4,1152.91319992647,22,7618,2023,"{""type"":""Point"",""coordinates"":[0.0,0.0]}"
1_1_1_1_1_1_1_1_1_1_1_1_1_1_1_1_1_1_1_1_1_1_1_1_1_1_1_1_1_1_1_1_1_1_2_1_2_5,2521.6916963698673,29,7618,2023,"{""type"":""Point"",""coordinates"":[0.0,0.0]}"
1_1_1_1_1_1_1_1_1_1_1_1_1_1_1_1_1_1_1_1_1_1_1_1_1_1_1_1_1_1_1_1_1_1_2_1_2_6,2433.871115759238,33,7618,2023,"{""type"":""Point"",""coordinates"":[0.0,0.0]}"
1_1_1_1_1_1_1_1_1_1_1_1_1_1_1_1_1_1_1_1_1_1_1_1_1_1_1_1_1_1_1_1_1_1_2_2_0,47079.57185150472,3,7618,2024,"{""type"":""Point"",""coordinates"":[0.0,0.0]}"
1_1_1_1_1_1_1_1_1_1_1_1_1_1_1_1_1_1_1_1_1_1_1_1_1_1_1_1_1_1_1_1_1_1_2_2_1,1211232.622421571,4,7618,2024,"{""type"":""Point"",""coordinates"":[0.0,0.0]}"
1_1_1_1_1_1_1_1_1_1_1_1_1_1_1_1_1_1_1_1_1_1_1_1_1_1_1_1_1_1_1_1_1_1_2_2_2,236.67427540230565,12,7618,2024,"{""type"":""Point"",""coordinates"":[0.0,0.0]}"
1_1_1_1_1_1_1_1_1_1_1_1_1_1_1_1_1_1_1_1_1_1_1_1_1_1_1_1_1_1_1_1_1_1_2_2_3,553449.2165177037,21,7618,2024,"{""type"":""Point"",""coordinates"":[0.0,0.0]}"
1_1_1_1_1_1_1_1_1_1_1_1_1_1_1_1_1_1_1_1_1_1_1_1_1_1_1_1_1_1_1_1_1_1_2_2_4,807.4608305389048,22,7618,2024,"{""type"":""Point"",""coordinates"":[0.0,0.0]}"
1_1_1_1_1_1_1_1_1_1_1_1_1_1_1_1_1_1_1_1_1_1_1_1_1_1_1_1_1_1_1_1_1_1_2_2_5,3210.551580152697,29,7618,2024,"{""type"":""Point"",""coordinates"":[0.0,0.0]}"
1_1_1_1_1_1_1_1_1_1_1_1_1_1_1_1_1_1_1_1_1_1_1_1_1_1_1_1_1_1_1_1_1_1_2_2_6,2228.721674533349,33,7618,2024,"{""type"":""Point"",""coordinates"":[0.0,0.0]}"
1_1_1_1_1_1_1_1_1_1_1_1_1_1_1_1_1_1_1_1_1_1_1_1_1_1_1_1_1_1_1_1_1_2_1_1_1_1_1_1_1_1_2_0,438.13080042623983,3,7561,2016,"{""type"":""Point"",""coordinates"":[0.0,0.0]}"
1_1_1_1_1_1_1_1_1_1_1_1_1_1_1_1_1_1_1_1_1_1_1_1_1_1_1_1_1_1_1_1_1_2_1_1_1_1_1_1_1_1_2_1,1261151.3001175968,4,7561,2016,"{""type"":""Point"",""coordinates"":[0.0,0.0]}"
1_1_1_1_1_1_1_1_1_1_1_1_1_1_1_1_1_1_1_1_1_1_1_1_1_1_1_1_1_1_1_1_1_2_1_1_1_1_1_1_1_1_2_2,30.267234921300542,12,7561,2016,"{""type"":""Point"",""coordinates"":[0.0,0.0]}"
1_1_1_1_1_1_1_1_1_1_1_1_1_1_1_1_1_1_1_1_1_1_1_1_1_1_1_1_1_1_1_1_1_2_1_1_1_1_1_1_1_1_2_3,614225.4324505572,21,7561,2016,"{""type"":""Point"",""coordinates"":[0.0,0.0]}"
1_1_1_1_1_1_1_1_1_1_1_1_1_1_1_1_1_1_1_1_1_1_1_1_1_1_1_1_1_1_1_1_1_2_1_1_1_1_1_1_1_1_2_4,275.34805923705994,22,7561,2016,"{""type"":""Point"",""coordinates"":[0.0,0.0]}"
1_1_1_1_1_1_1_1_1_1_1_1_1_1_1_1_1_1_1_1_1_1_1_1_1_1_1_1_1_1_1_1_1_2_1_1_1_1_1_1_1_1_2_5,4.977525787353516,29,7561,2016,"{""type"":""Point"",""coordinates"":[0.0,0.0]}"
1_1_1_1_1_1_1_1_1_1_1_1_1_1_1_1_1_1_1_1_1_1_1_1_1_1_1_1_1_1_1_1_1_2_1_1_1_1_1_1_1_1_2_6,15567.975541347136,33,7561,2016,"{""type"":""Point"",""coordinates"":[0.0,0.0]}"
1_1_1_1_1_1_1_1_1_1_1_1_1_1_1_1_1_1_1_1_1_1_1_1_1_1_1_1_1_1_1_1_1_2_1_1_1_1_1_1_1_2_0,762.4634298343433,3,7561,2017,"{""type"":""Point"",""coordinates"":[0.0,0.0]}"
1_1_1_1_1_1_1_1_1_1_1_1_1_1_1_1_1_1_1_1_1_1_1_1_1_1_1_1_1_1_1_1_1_2_1_1_1_1_1_1_1_2_1,1273734.8692586329,4,7561,2017,"{""type"":""Point"",""coordinates"":[0.0,0.0]}"
1_1_1_1_1_1_1_1_1_1_1_1_1_1_1_1_1_1_1_1_1_1_1_1_1_1_1_1_1_1_1_1_1_2_1_1_1_1_1_1_1_2_2,81.93552944290462,12,7561,2017,"{""type"":""Point"",""coordinates"":[0.0,0.0]}"
1_1_1_1_1_1_1_1_1_1_1_1_1_1_1_1_1_1_1_1_1_1_1_1_1_1_1_1_1_1_1_1_1_2_1_1_1_1_1_1_1_2_3,598617.635173914,21,7561,2017,"{""type"":""Point"",""coordinates"":[0.0,0.0]}"
1_1_1_1_1_1_1_1_1_1_1_1_1_1_1_1_1_1_1_1_1_1_1_1_1_1_1_1_1_1_1_1_1_2_1_1_1_1_1_1_1_2_4,3288.8270971639545,22,7561,2017,"{""type"":""Point"",""coordinates"":[0.0,0.0]}"
1_1_1_1_1_1_1_1_1_1_1_1_1_1_1_1_1_1_1_1_1_1_1_1_1_1_1_1_1_1_1_1_1_2_1_1_1_1_1_1_1_2_5,363.0815248665128,29,7561,2017,"{""type"":""Point"",""coordinates"":[0.0,0.0]}"
1_1_1_1_1_1_1_1_1_1_1_1_1_1_1_1_1_1_1_1_1_1_1_1_1_1_1_1_1_1_1_1_1_2_1_1_1_1_1_1_1_2_6,14844.61971607836,33,7561,2017,"{""type"":""Point"",""coordinates"":[0.0,0.0]}"
1_1_1_1_1_1_1_1_1_1_1_1_1_1_1_1_1_1_1_1_1_1_1_1_1_1_1_1_1_1_1_1_1_2_1_1_1_1_1_1_2_0,1335.0940516689204,3,7561,2018,"{""type"":""Point"",""coordinates"":[0.0,0.0]}"
1_1_1_1_1_1_1_1_1_1_1_1_1_1_1_1_1_1_1_1_1_1_1_1_1_1_1_1_1_1_1_1_1_2_1_1_1_1_1_1_2_1,1275952.593499523,4,7561,2018,"{""type"":""Point"",""coordinates"":[0.0,0.0]}"
1_1_1_1_1_1_1_1_1_1_1_1_1_1_1_1_1_1_1_1_1_1_1_1_1_1_1_1_1_1_1_1_1_2_1_1_1_1_1_1_2_2,227.13172535180195,12,7561,2018,"{""type"":""Point"",""coordinates"":[0.0,0.0]}"
1_1_1_1_1_1_1_1_1_1_1_1_1_1_1_1_1_1_1_1_1_1_1_1_1_1_1_1_1_1_1_1_1_2_1_1_1_1_1_1_2_3,578765.7053120787,21,7561,2018,"{""type"":""Point"",""coordinates"":[0.0,0.0]}"
1_1_1_1_1_1_1_1_1_1_1_1_1_1_1_1_1_1_1_1_1_1_1_1_1_1_1_1_1_1_1_1_1_2_1_1_1_1_1_1_2_4,3296.356898424668,22,7561,2018,"{""type"":""Point"",""coordinates"":[0.0,0.0]}"
1_1_1_1_1_1_1_1_1_1_1_1_1_1_1_1_1_1_1_1_1_1_1_1_1_1_1_1_1_1_1_1_1_2_1_1_1_1_1_1_2_5,4975.038774151462,29,7561,2018,"{""type"":""Point"",""coordinates"":[0.0,0.0]}"
1_1_1_1_1_1_1_1_1_1_1_1_1_1_1_1_1_1_1_1_1_1_1_1_1_1_1_1_1_1_1_1_1_2_1_1_1_1_1_1_2_6,27141.511468655794,33,7561,2018,"{""type"":""Point"",""coordinates"":[0.0,0.0]}"
1_1_1_1_1_1_1_1_1_1_1_1_1_1_1_1_1_1_1_1_1_1_1_1_1_1_1_1_1_1_1_1_1_2_1_1_1_1_1_2_0,854.1128049448772,3,7561,2019,"{""type"":""Point"",""coordinates"":[0.0,0.0]}"
1_1_1_1_1_1_1_1_1_1_1_1_1_1_1_1_1_1_1_1_1_1_1_1_1_1_1_1_1_1_1_1_1_2_1_1_1_1_1_2_1,1247347.2571974194,4,7561,2019,"{""type"":""Point"",""coordinates"":[0.0,0.0]}"
1_1_1_1_1_1_1_1_1_1_1_1_1_1_1_1_1_1_1_1_1_1_1_1_1_1_1_1_1_1_1_1_1_2_1_1_1_1_1_2_2,282.67057214637913,12,7561,2019,"{""type"":""Point"",""coordinates"":[0.0,0.0]}"
1_1_1_1_1_1_1_1_1_1_1_1_1_1_1_1_1_1_1_1_1_1_1_1_1_1_1_1_1_1_1_1_1_2_1_1_1_1_1_2_3,609845.9261544832,21,7561,2019,"{""type"":""Point"",""coordinates"":[0.0,0.0]}"
1_1_1_1_1_1_1_1_1_1_1_1_1_1_1_1_1_1_1_1_1_1_1_1_1_1_1_1_1_1_1_1_1_2_1_1_1_1_1_2_4,504.55163838263996,22,7561,2019,"{""type"":""Point"",""coordinates"":[0.0,0.0]}"
1_1_1_1_1_1_1_1_1_1_1_1_1_1_1_1_1_1_1_1_1_1_1_1_1_1_1_1_1_1_1_1_1_2_1_1_1_1_1_2_5,3063.2347299916496,29,7561,2019,"{""type"":""Point"",""coordinates"":[0.0,0.0]}"
1_1_1_1_1_1_1_1_1_1_1_1_1_1_1_1_1_1_1_1_1_1_1_1_1_1_1_1_1_1_1_1_1_2_1_1_1_1_1_2_6,29795.678632517458,33,7561,2019,"{""type"":""Point"",""coordinates"":[0.0,0.0]}"
1_1_1_1_1_1_1_1_1_1_1_1_1_1_1_1_1_1_1_1_1_1_1_1_1_1_1_1_1_1_1_1_1_2_1_1_1_1_2_0,1679.5938794461626,3,7561,2020,"{""type"":""Point"",""coordinates"":[0.0,0.0]}"
1_1_1_1_1_1_1_1_1_1_1_1_1_1_1_1_1_1_1_1_1_1_1_1_1_1_1_1_1_1_1_1_1_2_1_1_1_1_2_1,1214140.3279956437,4,7561,2020,"{""type"":""Point"",""coordinates"":[0.0,0.0]}"
1_1_1_1_1_1_1_1_1_1_1_1_1_1_1_1_1_1_1_1_1_1_1_1_1_1_1_1_1_1_1_1_1_2_1_1_1_1_2_2,124.51897757252411,12,7561,2020,"{""type"":""Point"",""coordinates"":[0.0,0.0]}"
1_1_1_1_1_1_1_1_1_1_1_1_1_1_1_1_1_1_1_1_1_1_1_1_1_1_1_1_1_1_1_1_1_2_1_1_1_1_2_3,633689.2654628778,21,7561,2020,"{""type"":""Point"",""coordinates"":[0.0,0.0]}"
1_1_1_1_1_1_1_1_1_1_1_1_1_1_1_1_1_1_1_1_1_1_1_1_1_1_1_1_1_1_1_1_1_2_1_1_1_1_2_4,2846.289337214111,22,7561,2020,"{""type"":""Point"",""coordinates"":[0.0,0.0]}"
1_1_1_1_1_1_1_1_1_1_1_1_1_1_1_1_1_1_1_1_1_1_1_1_1_1_1_1_1_1_1_1_1_2_1_1_1_1_2_5,1296.3322051666376,29,7561,2020,"{""type"":""Point"",""coordinates"":[0.0,0.0]}"
1_1_1_1_1_1_1_1_1_1_1_1_1_1_1_1_1_1_1_1_1_1_1_1_1_1_1_1_1_1_1_1_1_2_1_1_1_1_2_6,37917.103872082575,33,7561,2020,"{""type"":""Point"",""coordinates"":[0.0,0.0]}"
1_1_1_1_1_1_1_1_1_1_1_1_1_1_1_1_1_1_1_1_1_1_1_1_1_1_1_1_1_1_1_1_1_2_1_1_1_2_0,1544.8968196430797,3,7561,2021,"{""type"":""Point"",""coordinates"":[0.0,0.0]}"
1_1_1_1_1_1_1_1_1_1_1_1_1_1_1_1_1_1_1_1_1_1_1_1_1_1_1_1_1_1_1_1_1_2_1_1_1_2_1,1210026.7866369619,4,7561,2021,"{""type"":""Point"",""coordinates"":[0.0,0.0]}"
1_1_1_1_1_1_1_1_1_1_1_1_1_1_1_1_1_1_1_1_1_1_1_1_1_1_1_1_1_1_1_1_1_2_1_1_1_2_2,338.73197717005104,12,7561,2021,"{""type"":""Point"",""coordinates"":[0.0,0.0]}"
1_1_1_1_1_1_1_1_1_1_1_1_1_1_1_1_1_1_1_1_1_1_1_1_1_1_1_1_1_1_1_1_1_2_1_1_1_2_3,644645.7471271958,21,7561,2021,"{""type"":""Point"",""coordinates"":[0.0,0.0]}"
1_1_1_1_1_1_1_1_1_1_1_1_1_1_1_1_1_1_1_1_1_1_1_1_1_1_1_1_1_1_1_1_1_2_1_1_1_2_4,840.0758843502983,22,7561,2021,"{""type"":""Point"",""coordinates"":[0.0,0.0]}"
1_1_1_1_1_1_1_1_1_1_1_1_1_1_1_1_1_1_1_1_1_1_1_1_1_1_1_1_1_1_1_1_1_2_1_1_1_2_5,1495.635214788987,29,7561,2021,"{""type"":""Point"",""coordinates"":[0.0,0.0]}"
1_1_1_1_1_1_1_1_1_1_1_1_1_1_1_1_1_1_1_1_1_1_1_1_1_1_1_1_1_1_1_1_1_2_1_1_1_2_6,32801.55806983478,33,7561,2021,"{""type"":""Point"",""coordinates"":[0.0,0.0]}"
1_1_1_1_1_1_1_1_1_1_1_1_1_1_1_1_1_1_1_1_1_1_1_1_1_1_1_1_1_1_1_1_1_2_1_1_2_0,3699.8540022821203,3,7561,2022,"{""type"":""Point"",""coordinates"":[0.0,0.0]}"
1_1_1_1_1_1_1_1_1_1_1_1_1_1_1_1_1_1_1_1_1_1_1_1_1_1_1_1_1_1_1_1_1_2_1_1_2_1,1232783.128612851,4,7561,2022,"{""type"":""Point"",""coordinates"":[0.0,0.0]}"
1_1_1_1_1_1_1_1_1_1_1_1_1_1_1_1_1_1_1_1_1_1_1_1_1_1_1_1_1_1_1_1_1_2_1_1_2_2,817.214532941176,12,7561,2022,"{""type"":""Point"",""coordinates"":[0.0,0.0]}"
1_1_1_1_1_1_1_1_1_1_1_1_1_1_1_1_1_1_1_1_1_1_1_1_1_1_1_1_1_1_1_1_1_2_1_1_2_3,621021.8385566479,21,7561,2022,"{""type"":""Point"",""coordinates"":[0.0,0.0]}"
1_1_1_1_1_1_1_1_1_1_1_1_1_1_1_1_1_1_1_1_1_1_1_1_1_1_1_1_1_1_1_1_1_2_1_1_2_4,631.125326357852,22,7561,2022,"{""type"":""Point"",""coordinates"":[0.0,0.0]}"
1_1_1_1_1_1_1_1_1_1_1_1_1_1_1_1_1_1_1_1_1_1_1_1_1_1_1_1_1_1_1_1_1_2_1_1_2_5,934.6717048311835,29,7561,2022,"{""type"":""Point"",""coordinates"":[0.0,0.0]}"
1_1_1_1_1_1_1_1_1_1_1_1_1_1_1_1_1_1_1_1_1_1_1_1_1_1_1_1_1_1_1_1_1_2_1_1_2_6,31805.59899403687,33,7561,2022,"{""type"":""Point"",""coordinates"":[0.0,0.0]}"
1_1_1_1_1_1_1_1_1_1_1_1_1_1_1_1_1_1_1_1_1_1_1_1_1_1_1_1_1_1_1_1_1_2_1_2_0,1775.6325153267683,3,7561,2023,"{""type"":""Point"",""coordinates"":[0.0,0.0]}"
1_1_1_1_1_1_1_1_1_1_1_1_1_1_1_1_1_1_1_1_1_1_1_1_1_1_1_1_1_1_1_1_1_2_1_2_1,1179047.4715353362,4,7561,2023,"{""type"":""Point"",""coordinates"":[0.0,0.0]}"
1_1_1_1_1_1_1_1_1_1_1_1_1_1_1_1_1_1_1_1_1_1_1_1_1_1_1_1_1_1_1_1_1_2_1_2_2,241.97595729932587,12,7561,2023,"{""type"":""Point"",""coordinates"":[0.0,0.0]}"
1_1_1_1_1_1_1_1_1_1_1_1_1_1_1_1_1_1_1_1_1_1_1_1_1_1_1_1_1_1_1_1_1_2_1_2_3,665684.7642991942,21,7561,2023,"{""type"":""Point"",""coordinates"":[0.0,0.0]}"
1_1_1_1_1_1_1_1_1_1_1_1_1_1_1_1_1_1_1_1_1_1_1_1_1_1_1_1_1_1_1_1_1_2_1_2_4,776.9676493923047,22,7561,2023,"{""type"":""Point"",""coordinates"":[0.0,0.0]}"
1_1_1_1_1_1_1_1_1_1_1_1_1_1_1_1_1_1_1_1_1_1_1_1_1_1_1_1_1_1_1_1_1_2_1_2_5,2272.701881953985,29,7561,2023,"{""type"":""Point"",""coordinates"":[0.0,0.0]}"
1_1_1_1_1_1_1_1_1_1_1_1_1_1_1_1_1_1_1_1_1_1_1_1_1_1_1_1_1_1_1_1_1_2_1_2_6,41893.9178914981,33,7561,2023,"{""type"":""Point"",""coordinates"":[0.0,0.0]}"
1_1_1_1_1_1_1_1_1_1_1_1_1_1_1_1_1_1_1_1_1_1_1_1_1_1_1_1_1_1_1_1_1_2_2_0,1614.2155226295386,3,7561,2024,"{""type"":""Point"",""coordinates"":[0.0,0.0]}"
1_1_1_1_1_1_1_1_1_1_1_1_1_1_1_1_1_1_1_1_1_1_1_1_1_1_1_1_1_1_1_1_1_2_2_1,1113175.384173058,4,7561,2024,"{""type"":""Point"",""coordinates"":[0.0,0.0]}"
1_1_1_1_1_1_1_1_1_1_1_1_1_1_1_1_1_1_1_1_1_1_1_1_1_1_1_1_1_1_1_1_1_2_2_2,289.52181635373563,12,7561,2024,"{""type"":""Point"",""coordinates"":[0.0,0.0]}"
1_1_1_1_1_1_1_1_1_1_1_1_1_1_1_1_1_1_1_1_1_1_1_1_1_1_1_1_1_1_1_1_1_2_2_3,730374.9961996343,21,7561,2024,"{""type"":""Point"",""coordinates"":[0.0,0.0]}"
1_1_1_1_1_1_1_1_1_1_1_1_1_1_1_1_1_1_1_1_1_1_1_1_1_1_1_1_1_1_1_1_1_2_2_4,547.424507577694,22,7561,2024,"{""type"":""Point"",""coordinates"":[0.0,0.0]}"
1_1_1_1_1_1_1_1_1_1_1_1_1_1_1_1_1_1_1_1_1_1_1_1_1_1_1_1_1_1_1_1_1_2_2_5,2849.113474989469,29,7561,2024,"{""type"":""Point"",""coordinates"":[0.0,0.0]}"
1_1_1_1_1_1_1_1_1_1_1_1_1_1_1_1_1_1_1_1_1_1_1_1_1_1_1_1_1_1_1_1_1_2_2_6,42842.7760356681,33,7561,2024,"{""type"":""Point"",""coordinates"":[0.0,0.0]}"
1_1_1_1_1_1_1_1_1_1_1_1_1_1_1_1_1_1_1_1_1_1_1_1_1_1_1_1_1_1_1_1_2_1_1_1_1_1_1_1_1_2_0,363.553970040044,3,755,2016,"{""type"":""Point"",""coordinates"":[0.0,0.0]}"
1_1_1_1_1_1_1_1_1_1_1_1_1_1_1_1_1_1_1_1_1_1_1_1_1_1_1_1_1_1_1_1_2_1_1_1_1_1_1_1_1_2_1,1262864.707001422,4,755,2016,"{""type"":""Point"",""coordinates"":[0.0,0.0]}"
1_1_1_1_1_1_1_1_1_1_1_1_1_1_1_1_1_1_1_1_1_1_1_1_1_1_1_1_1_1_1_1_2_1_1_1_1_1_1_1_1_2_2,20.383129057066665,12,755,2016,"{""type"":""Point"",""coordinates"":[0.0,0.0]}"
1_1_1_1_1_1_1_1_1_1_1_1_1_1_1_1_1_1_1_1_1_1_1_1_1_1_1_1_1_1_1_1_2_1_1_1_1_1_1_1_1_2_3,613099.4482005126,21,755,2016,"{""type"":""Point"",""coordinates"":[0.0,0.0]}"
1_1_1_1_1_1_1_1_1_1_1_1_1_1_1_1_1_1_1_1_1_1_1_1_1_1_1_1_1_1_1_1_2_1_1_1_1_1_1_1_1_2_4,12897.587432937718,22,755,2016,"{""type"":""Point"",""coordinates"":[0.0,0.0]}"
1_1_1_1_1_1_1_1_1_1_1_1_1_1_1_1_1_1_1_1_1_1_1_1_1_1_1_1_1_1_1_1_2_1_1_1_1_1_1_1_1_2_5,1.424684197998047,29,755,2016,"{""type"":""Point"",""coordinates"":[0.0,0.0]}"
1_1_1_1_1_1_1_1_1_1_1_1_1_1_1_1_1_1_1_1_1_1_1_1_1_1_1_1_1_1_1_1_2_1_1_1_1_1_1_1_1_2_6,25222.418784093137,33,755,2016,"{""type"":""Point"",""coordinates"":[0.0,0.0]}"
1_1_1_1_1_1_1_1_1_1_1_1_1_1_1_1_1_1_1_1_1_1_1_1_1_1_1_1_1_1_1_1_2_1_1_1_1_1_1_1_2_0,1061.2784715088128,3,755,2017,"{""type"":""Point"",""coordinates"":[0.0,0.0]}"
1_1_1_1_1_1_1_1_1_1_1_1_1_1_1_1_1_1_1_1_1_1_1_1_1_1_1_1_1_1_1_1_2_1_1_1_1_1_1_1_2_1,1296371.9738696828,4,755,2017,"{""type"":""Point"",""coordinates"":[0.0,0.0]}"
1_1_1_1_1_1_1_1_1_1_1_1_1_1_1_1_1_1_1_1_1_1_1_1_1_1_1_1_1_1_1_1_2_1_1_1_1_1_1_1_2_2,84.12535393439796,12,755,2017,"{""type"":""Point"",""coordinates"":[0.0,0.0]}"
1_1_1_1_1_1_1_1_1_1_1_1_1_1_1_1_1_1_1_1_1_1_1_1_1_1_1_1_1_1_1_1_2_1_1_1_1_1_1_1_2_3,573623.1510856124,21,755,2017,"{""type"":""Point"",""coordinates"":[0.0,0.0]}"
1_1_1_1_1_1_1_1_1_1_1_1_1_1_1_1_1_1_1_1_1_1_1_1_1_1_1_1_1_1_1_1_2_1_1_1_1_1_1_1_2_4,16737.903573145635,22,755,2017,"{""type"":""Point"",""coordinates"":[0.0,0.0]}"
1_1_1_1_1_1_1_1_1_1_1_1_1_1_1_1_1_1_1_1_1_1_1_1_1_1_1_1_1_1_1_1_2_1_1_1_1_1_1_1_2_5,13.44701714293236,29,755,2017,"{""type"":""Point"",""coordinates"":[0.0,0.0]}"
1_1_1_1_1_1_1_1_1_1_1_1_1_1_1_1_1_1_1_1_1_1_1_1_1_1_1_1_1_1_1_1_2_1_1_1_1_1_1_1_2_6,26577.643831358702,33,755,2017,"{""type"":""Point"",""coordinates"":[0.0,0.0]}"
1_1_1_1_1_1_1_1_1_1_1_1_1_1_1_1_1_1_1_1_1_1_1_1_1_1_1_1_1_1_1_1_2_1_1_1_1_1_1_2_0,1656.3374866715885,3,755,2018,"{""type"":""Point"",""coordinates"":[0.0,0.0]}"
1_1_1_1_1_1_1_1_1_1_1_1_1_1_1_1_1_1_1_1_1_1_1_1_1_1_1_1_1_1_1_1_2_1_1_1_1_1_1_2_1,1293235.356476281,4,755,2018,"{""type"":""Point"",""coordinates"":[0.0,0.0]}"
1_1_1_1_1_1_1_1_1_1_1_1_1_1_1_1_1_1_1_1_1_1_1_1_1_1_1_1_1_1_1_1_2_1_1_1_1_1_1_2_2,107.90411902781777,12,755,2018,"{""type"":""Point"",""coordinates"":[0.0,0.0]}"
1_1_1_1_1_1_1_1_1_1_1_1_1_1_1_1_1_1_1_1_1_1_1_1_1_1_1_1_1_1_1_1_2_1_1_1_1_1_1_2_3,567149.800522689,21,755,2018,"{""type"":""Point"",""coordinates"":[0.0,0.0]}"
1_1_1_1_1_1_1_1_1_1_1_1_1_1_1_1_1_1_1_1_1_1_1_1_1_1_1_1_1_1_1_1_2_1_1_1_1_1_1_2_4,10993.99971715584,22,755,2018,"{""type"":""Point"",""coordinates"":[0.0,0.0]}"
1_1_1_1_1_1_1_1_1_1_1_1_1_1_1_1_1_1_1_1_1_1_1_1_1_1_1_1_1_1_1_1_2_1_1_1_1_1_1_2_5,176.17207194261718,29,755,2018,"{""type"":""Point"",""coordinates"":[0.0,0.0]}"
1_1_1_1_1_1_1_1_1_1_1_1_1_1_1_1_1_1_1_1_1_1_1_1_1_1_1_1_1_1_1_1_2_1_1_1_1_1_1_2_6,41149.95280858846,33,755,2018,"{""type"":""Point"",""coordinates"":[0.0,0.0]}"
1_1_1_1_1_1_1_1_1_1_1_1_1_1_1_1_1_1_1_1_1_1_1_1_1_1_1_1_1_1_1_1_2_1_1_1_1_1_2_0,2573.4212371151643,3,755,2019,"{""type"":""Point"",""coordinates"":[0.0,0.0]}"
1_1_1_1_1_1_1_1_1_1_1_1_1_1_1_1_1_1_1_1_1_1_1_1_1_1_1_1_1_1_1_1_2_1_1_1_1_1_2_1,1310460.0867363075,4,755,2019,"{""type"":""Point"",""coordinates"":[0.0,0.0]}"
1_1_1_1_1_1_1_1_1_1_1_1_1_1_1_1_1_1_1_1_1_1_1_1_1_1_1_1_1_1_1_1_2_1_1_1_1_1_2_2,236.03729707246646,12,755,2019,"{""type"":""Point"",""coordinates"":[0.0,0.0]}"
1_1_1_1_1_1_1_1_1_1_1_1_1_1_1_1_1_1_1_1_1_1_1_1_1_1_1_1_1_1_1_1_2_1_1_1_1_1_2_3,550514.1646013531,21,755,2019,"{""type"":""Point"",""coordinates"":[0.0,0.0]}"
1_1_1_1_1_1_1_1_1_1_1_1_1_1_1_1_1_1_1_1_1_1_1_1_1_1_1_1_1_1_1_1_2_1_1_1_1_1_2_4,8272.402832753858,22,755,2019,"{""type"":""Point"",""coordinates"":[0.0,0.0]}"
1_1_1_1_1_1_1_1_1_1_1_1_1_1_1_1_1_1_1_1_1_1_1_1_1_1_1_1_1_1_1_1_2_1_1_1_1_1_2_5,294.943083841481,29,755,2019,"{""type"":""Point"",""coordinates"":[0.0,0.0]}"
1_1_1_1_1_1_1_1_1_1_1_1_1_1_1_1_1_1_1_1_1_1_1_1_1_1_1_1_1_1_1_1_2_1_1_1_1_1_2_6,42118.46741378445,33,755,2019,"{""type"":""Point"",""coordinates"":[0.0,0.0]}"
1_1_1_1_1_1_1_1_1_1_1_1_1_1_1_1_1_1_1_1_1_1_1_1_1_1_1_1_1_1_1_1_2_1_1_1_1_2_0,2666.8282024753403,3,755,2020,"{""type"":""Point"",""coordinates"":[0.0,0.0]}"
1_1_1_1_1_1_1_1_1_1_1_1_1_1_1_1_1_1_1_1_1_1_1_1_1_1_1_1_1_1_1_1_2_1_1_1_1_2_1,1296417.1506648436,4,755,2020,"{""type"":""Point"",""coordinates"":[0.0,0.0]}"
1_1_1_1_1_1_1_1_1_1_1_1_1_1_1_1_1_1_1_1_1_1_1_1_1_1_1_1_1_1_1_1_2_1_1_1_1_2_2,189.07920755311238,12,755,2020,"{""type"":""Point"",""coordinates"":[0.0,0.0]}"
1_1_1_1_1_1_1_1_1_1_1_1_1_1_1_1_1_1_1_1_1_1_1_1_1_1_1_1_1_1_1_1_2_1_1_1_1_2_3,558106.6741294088,21,755,2020,"{""type"":""Point"",""coordinates"":[0.0,0.0]}"
1_1_1_1_1_1_1_1_1_1_1_1_1_1_1_1_1_1_1_1_1_1_1_1_1_1_1_1_1_1_1_1_2_1_1_1_1_2_4,11098.399824369204,22,755,2020,"{""type"":""Point"",""coordinates"":[0.0,0.0]}"
1_1_1_1_1_1_1_1_1_1_1_1_1_1_1_1_1_1_1_1_1_1_1_1_1_1_1_1_1_1_1_1_2_1_1_1_1_2_5,185.04501840300904,29,755,2020,"{""type"":""Point"",""coordinates"":[0.0,0.0]}"
1_1_1_1_1_1_1_1_1_1_1_1_1_1_1_1_1_1_1_1_1_1_1_1_1_1_1_1_1_1_1_1_2_1_1_1_1_2_6,45806.34615525775,33,755,2020,"{""type"":""Point"",""coordinates"":[0.0,0.0]}"
1_1_1_1_1_1_1_1_1_1_1_1_1_1_1_1_1_1_1_1_1_1_1_1_1_1_1_1_1_1_1_1_2_1_1_1_2_0,4277.1215109756595,3,755,2021,"{""type"":""Point"",""coordinates"":[0.0,0.0]}"
1_1_1_1_1_1_1_1_1_1_1_1_1_1_1_1_1_1_1_1_1_1_1_1_1_1_1_1_1_1_1_1_2_1_1_1_2_1,1265422.821273677,4,755,2021,"{""type"":""Point"",""coordinates"":[0.0,0.0]}"
1_1_1_1_1_1_1_1_1_1_1_1_1_1_1_1_1_1_1_1_1_1_1_1_1_1_1_1_1_1_1_1_2_1_1_1_2_2,477.3413050502431,12,755,2021,"{""type"":""Point"",""coordinates"":[0.0,0.0]}"
1_1_1_1_1_1_1_1_1_1_1_1_1_1_1_1_1_1_1_1_1_1_1_1_1_1_1_1_1_1_1_1_2_1_1_1_2_3,586867.9319428504,21,755,2021,"{""type"":""Point"",""coordinates"":[0.0,0.0]}"
1_1_1_1_1_1_1_1_1_1_1_1_1_1_1_1_1_1_1_1_1_1_1_1_1_1_1_1_1_1_1_1_2_1_1_1_2_4,13019.520903835726,22,755,2021,"{""type"":""Point"",""coordinates"":[0.0,0.0]}"
1_1_1_1_1_1_1_1_1_1_1_1_1_1_1_1_1_1_1_1_1_1_1_1_1_1_1_1_1_1_1_1_2_1_1_1_2_5,1563.145746803792,29,755,2021,"{""type"":""Point"",""coordinates"":[0.0,0.0]}"
1_1_1_1_1_1_1_1_1_1_1_1_1_1_1_1_1_1_1_1_1_1_1_1_1_1_1_1_1_1_1_1_2_1_1_1_2_6,42841.64051912777,33,755,2021,"{""type"":""Point"",""coordinates"":[0.0,0.0]}"
1_1_1_1_1_1_1_1_1_1_1_1_1_1_1_1_1_1_1_1_1_1_1_1_1_1_1_1_1_1_1_1_2_1_1_2_0,4324.9748754914135,3,755,2022,"{""type"":""Point"",""coordinates"":[0.0,0.0]}"
1_1_1_1_1_1_1_1_1_1_1_1_1_1_1_1_1_1_1_1_1_1_1_1_1_1_1_1_1_1_1_1_2_1_1_2_1,1250746.0670804437,4,755,2022,"{""type"":""Point"",""coordinates"":[0.0,0.0]}"
1_1_1_1_1_1_1_1_1_1_1_1_1_1_1_1_1_1_1_1_1_1_1_1_1_1_1_1_1_1_1_1_2_1_1_2_2,510.7981460551181,12,755,2022,"{""type"":""Point"",""coordinates"":[0.0,0.0]}"
1_1_1_1_1_1_1_1_1_1_1_1_1_1_1_1_1_1_1_1_1_1_1_1_1_1_1_1_1_1_1_1_2_1_1_2_3,600696.9653081598,21,755,2022,"{""type"":""Point"",""coordinates"":[0.0,0.0]}"
1_1_1_1_1_1_1_1_1_1_1_1_1_1_1_1_1_1_1_1_1_1_1_1_1_1_1_1_1_1_1_1_2_1_1_2_4,15447.13413388539,22,755,2022,"{""type"":""Point"",""coordinates"":[0.0,0.0]}"
1_1_1_1_1_1_1_1_1_1_1_1_1_1_1_1_1_1_1_1_1_1_1_1_1_1_1_1_1_1_1_1_2_1_1_2_5,394.55113254842126,29,755,2022,"{""type"":""Point"",""coordinates"":[0.0,0.0]}"
1_1_1_1_1_1_1_1_1_1_1_1_1_1_1_1_1_1_1_1_1_1_1_1_1_1_1_1_1_1_1_1_2_1_1_2_6,42349.032525606184,33,755,2022,"{""type"":""Point"",""coordinates"":[0.0,0.0]}"
1_1_1_1_1_1_1_1_1_1_1_1_1_1_1_1_1_1_1_1_1_1_1_1_1_1_1_1_1_1_1_1_2_1_2_0,2882.342243588623,3,755,2023,"{""type"":""Point"",""coordinates"":[0.0,0.0]}"
1_1_1_1_1_1_1_1_1_1_1_1_1_1_1_1_1_1_1_1_1_1_1_1_1_1_1_1_1_1_1_1_2_1_2_1,1233013.932080558,4,755,2023,"{""type"":""Point"",""coordinates"":[0.0,0.0]}"
1_1_1_1_1_1_1_1_1_1_1_1_1_1_1_1_1_1_1_1_1_1_1_1_1_1_1_1_1_1_1_1_2_1_2_2,574.4339835679241,12,755,2023,"{""type"":""Point"",""coordinates"":[0.0,0.0]}"
1_1_1_1_1_1_1_1_1_1_1_1_1_1_1_1_1_1_1_1_1_1_1_1_1_1_1_1_1_1_1_1_2_1_2_3,624773.3927843937,21,755,2023,"{""type"":""Point"",""coordinates"":[0.0,0.0]}"
1_1_1_1_1_1_1_1_1_1_1_1_1_1_1_1_1_1_1_1_1_1_1_1_1_1_1_1_1_1_1_1_2_1_2_4,7949.184364103741,22,755,2023,"{""type"":""Point"",""coordinates"":[0.0,0.0]}"
1_1_1_1_1_1_1_1_1_1_1_1_1_1_1_1_1_1_1_1_1_1_1_1_1_1_1_1_1_1_1_1_2_1_2_5,639.9736762653664,29,755,2023,"{""type"":""Point"",""coordinates"":[0.0,0.0]}"
1_1_1_1_1_1_1_1_1_1_1_1_1_1_1_1_1_1_1_1_1_1_1_1_1_1_1_1_1_1_1_1_2_1_2_6,44636.26406978554,33,755,2023,"{""type"":""Point"",""coordinates"":[0.0,0.0]}"
1_1_1_1_1_1_1_1_1_1_1_1_1_1_1_1_1_1_1_1_1_1_1_1_1_1_1_1_1_1_1_1_2_2_0,7335.482556011757,3,755,2024,"{""type"":""Point"",""coordinates"":[0.0,0.0]}"
1_1_1_1_1_1_1_1_1_1_1_1_1_1_1_1_1_1_1_1_1_1_1_1_1_1_1_1_1_1_1_1_2_2_1,1245316.630204257,4,755,2024,"{""type"":""Point"",""coordinates"":[0.0,0.0]}"
1_1_1_1_1_1_1_1_1_1_1_1_1_1_1_1_1_1_1_1_1_1_1_1_1_1_1_1_1_1_1_1_2_2_2,55.4708655047727,12,755,2024,"{""type"":""Point"",""coordinates"":[0.0,0.0]}"
1_1_1_1_1_1_1_1_1_1_1_1_1_1_1_1_1_1_1_1_1_1_1_1_1_1_1_1_1_1_1_1_2_2_3,599204.2789174647,21,755,2024,"{""type"":""Point"",""coordinates"":[0.0,0.0]}"
1_1_1_1_1_1_1_1_1_1_1_1_1_1_1_1_1_1_1_1_1_1_1_1_1_1_1_1_1_1_1_1_2_2_4,6899.591859634559,22,755,2024,"{""type"":""Point"",""coordinates"":[0.0,0.0]}"
1_1_1_1_1_1_1_1_1_1_1_1_1_1_1_1_1_1_1_1_1_1_1_1_1_1_1_1_1_1_1_1_2_2_5,5075.59583271026,29,755,2024,"{""type"":""Point"",""coordinates"":[0.0,0.0]}"
1_1_1_1_1_1_1_1_1_1_1_1_1_1_1_1_1_1_1_1_1_1_1_1_1_1_1_1_1_1_1_1_2_2_6,50582.47296674756,33,755,2024,"{""type"":""Point"",""coordinates"":[0.0,0.0]}"
1_1_1_1_1_1_1_1_1_1_1_1_1_1_1_1_1_1_1_1_1_1_1_1_1_1_1_1_1_1_1_2_1_1_1_1_1_1_1_1_2_0,3926.1177006725734,3,7617,2016,"{""type"":""Point"",""coordinates"":[0.0,0.0]}"
1_1_1_1_1_1_1_1_1_1_1_1_1_1_1_1_1_1_1_1_1_1_1_1_1_1_1_1_1_1_1_2_1_1_1_1_1_1_1_1_2_1,1484048.2227919977,4,7617,2016,"{""type"":""Point"",""coordinates"":[0.0,0.0]}"
1_1_1_1_1_1_1_1_1_1_1_1_1_1_1_1_1_1_1_1_1_1_1_1_1_1_1_1_1_1_1_2_1_1_1_1_1_1_1_1_2_2,28.6581654296875,12,7617,2016,"{""type"":""Point"",""coordinates"":[0.0,0.0]}"
1_1_1_1_1_1_1_1_1_1_1_1_1_1_1_1_1_1_1_1_1_1_1_1_1_1_1_1_1_1_1_2_1_1_1_1_1_1_1_1_2_3,414441.5283163801,21,7617,2016,"{""type"":""Point"",""coordinates"":[0.0,0.0]}"
1_1_1_1_1_1_1_1_1_1_1_1_1_1_1_1_1_1_1_1_1_1_1_1_1_1_1_1_1_1_1_2_1_1_1_1_1_1_1_1_2_4,20372.908231314326,22,7617,2016,"{""type"":""Point"",""coordinates"":[0.0,0.0]}"
1_1_1_1_1_1_1_1_1_1_1_1_1_1_1_1_1_1_1_1_1_1_1_1_1_1_1_1_1_1_1_2_1_1_1_1_1_1_1_1_2_5,1376.5853958259127,29,7617,2016,"{""type"":""Point"",""coordinates"":[0.0,0.0]}"
1_1_1_1_1_1_1_1_1_1_1_1_1_1_1_1_1_1_1_1_1_1_1_1_1_1_1_1_1_1_1_2_1_1_1_1_1_1_1_1_2_6,213219.2998255652,33,7617,2016,"{""type"":""Point"",""coordinates"":[0.0,0.0]}"
1_1_1_1_1_1_1_1_1_1_1_1_1_1_1_1_1_1_1_1_1_1_1_1_1_1_1_1_1_1_1_2_1_1_1_1_1_1_1_2_0,2812.932806572434,3,7617,2017,"{""type"":""Point"",""coordinates"":[0.0,0.0]}"
1_1_1_1_1_1_1_1_1_1_1_1_1_1_1_1_1_1_1_1_1_1_1_1_1_1_1_1_1_1_1_2_1_1_1_1_1_1_1_2_1,1490353.4042329348,4,7617,2017,"{""type"":""Point"",""coordinates"":[0.0,0.0]}"
1_1_1_1_1_1_1_1_1_1_1_1_1_1_1_1_1_1_1_1_1_1_1_1_1_1_1_1_1_1_1_2_1_1_1_1_1_1_1_2_2,271.21798314345426,12,7617,2017,"{""type"":""Point"",""coordinates"":[0.0,0.0]}"
1_1_1_1_1_1_1_1_1_1_1_1_1_1_1_1_1_1_1_1_1_1_1_1_1_1_1_1_1_1_1_2_1_1_1_1_1_1_1_2_3,421817.0632155231,21,7617,2017,"{""type"":""Point"",""coordinates"":[0.0,0.0]}"
1_1_1_1_1_1_1_1_1_1_1_1_1_1_1_1_1_1_1_1_1_1_1_1_1_1_1_1_1_1_1_2_1_1_1_1_1_1_1_2_4,27270.661939043926,22,7617,2017,"{""type"":""Point"",""coordinates"":[0.0,0.0]}"
1_1_1_1_1_1_1_1_1_1_1_1_1_1_1_1_1_1_1_1_1_1_1_1_1_1_1_1_1_1_1_2_1_1_1_1_1_1_1_2_5,77.96558116179821,29,7617,2017,"{""type"":""Point"",""coordinates"":[0.0,0.0]}"
1_1_1_1_1_1_1_1_1_1_1_1_1_1_1_1_1_1_1_1_1_1_1_1_1_1_1_1_1_1_1_2_1_1_1_1_1_1_1_2_6,194810.07466887543,33,7617,2017,"{""type"":""Point"",""coordinates"":[0.0,0.0]}"
1_1_1_1_1_1_1_1_1_1_1_1_1_1_1_1_1_1_1_1_1_1_1_1_1_1_1_1_1_1_1_2_1_1_1_1_1_1_2_0,2999.4423626392395,3,7617,2018,"{""type"":""Point"",""coordinates"":[0.0,0.0]}"
1_1_1_1_1_1_1_1_1_1_1_1_1_1_1_1_1_1_1_1_1_1_1_1_1_1_1_1_1_1_1_2_1_1_1_1_1_1_2_1,1507606.6946170167,4,7617,2018,"{""type"":""Point"",""coordinates"":[0.0,0.0]}"
1_1_1_1_1_1_1_1_1_1_1_1_1_1_1_1_1_1_1_1_1_1_1_1_1_1_1_1_1_1_1_2_1_1_1_1_1_1_2_2,117.80297362977277,12,7617,2018,"{""type"":""Point"",""coordinates"":[0.0,0.0]}"
1_1_1_1_1_1_1_1_1_1_1_1_1_1_1_1_1_1_1_1_1_1_1_1_1_1_1_1_1_1_1_2_1_1_1_1_1_1_2_3,390188.5102563616,21,7617,2018,"{""type"":""Point"",""coordinates"":[0.0,0.0]}"
1_1_1_1_1_1_1_1_1_1_1_1_1_1_1_1_1_1_1_1_1_1_1_1_1_1_1_1_1_1_1_2_1_1_1_1_1_1_2_4,13109.461863907718,22,7617,2018,"{""type"":""Point"",""coordinates"":[0.0,0.0]}"
1_1_1_1_1_1_1_1_1_1_1_1_1_1_1_1_1_1_1_1_1_1_1_1_1_1_1_1_1_1_1_2_1_1_1_1_1_1_2_5,3738.8044688170694,29,7617,2018,"{""type"":""Point"",""coordinates"":[0.0,0.0]}"
1_1_1_1_1_1_1_1_1_1_1_1_1_1_1_1_1_1_1_1_1_1_1_1_1_1_1_1_1_1_1_2_1_1_1_1_1_1_2_6,219652.60388495433,33,7617,2018,"{""type"":""Point"",""coordinates"":[0.0,0.0]}"
1_1_1_1_1_1_1_1_1_1_1_1_1_1_1_1_1_1_1_1_1_1_1_1_1_1_1_1_1_1_1_2_1_1_1_1_1_2_0,2835.4471416198344,3,7617,2019,"{""type"":""Point"",""coordinates"":[0.0,0.0]}"
1_1_1_1_1_1_1_1_1_1_1_1_1_1_1_1_1_1_1_1_1_1_1_1_1_1_1_1_1_1_1_2_1_1_1_1_1_2_1,1511020.450516725,4,7617,2019,"{""type"":""Point"",""coordinates"":[0.0,0.0]}"
1_1_1_1_1_1_1_1_1_1_1_1_1_1_1_1_1_1_1_1_1_1_1_1_1_1_1_1_1_1_1_2_1_1_1_1_1_2_2,71.21333359375001,12,7617,2019,"{""type"":""Point"",""coordinates"":[0.0,0.0]}"
1_1_1_1_1_1_1_1_1_1_1_1_1_1_1_1_1_1_1_1_1_1_1_1_1_1_1_1_1_1_1_2_1_1_1_1_1_2_3,333597.01608201495,21,7617,2019,"{""type"":""Point"",""coordinates"":[0.0,0.0]}"
1_1_1_1_1_1_1_1_1_1_1_1_1_1_1_1_1_1_1_1_1_1_1_1_1_1_1_1_1_1_1_2_1_1_1_1_1_2_4,46181.103520326404,22,7617,2019,"{""type"":""Point"",""coordinates"":[0.0,0.0]}"
1_1_1_1_1_1_1_1_1_1_1_1_1_1_1_1_1_1_1_1_1_1_1_1_1_1_1_1_1_1_1_2_1_1_1_1_1_2_5,2526.331550775149,29,7617,2019,"{""type"":""Point"",""coordinates"":[0.0,0.0]}"
1_1_1_1_1_1_1_1_1_1_1_1_1_1_1_1_1_1_1_1_1_1_1_1_1_1_1_1_1_1_1_2_1_1_1_1_1_2_6,241181.75828229653,33,7617,2019,"{""type"":""Point"",""coordinates"":[0.0,0.0]}"
1_1_1_1_1_1_1_1_1_1_1_1_1_1_1_1_1_1_1_1_1_1_1_1_1_1_1_1_1_1_1_2_1_1_1_1_2_0,1421.9074393028745,3,7617,2020,"{""type"":""Point"",""coordinates"":[0.0,0.0]}"
1_1_1_1_1_1_1_1_1_1_1_1_1_1_1_1_1_1_1_1_1_1_1_1_1_1_1_1_1_1_1_2_1_1_1_1_2_1,1545005.5067561578,4,7617,2020,"{""type"":""Point"",""coordinates"":[0.0,0.0]}"
1_1_1_1_1_1_1_1_1_1_1_1_1_1_1_1_1_1_1_1_1_1_1_1_1_1_1_1_1_1_1_2_1_1_1_1_2_2,65.95428311494715,12,7617,2020,"{""type"":""Point"",""coordinates"":[0.0,0.0]}"
1_1_1_1_1_1_1_1_1_1_1_1_1_1_1_1_1_1_1_1_1_1_1_1_1_1_1_1_1_1_1_2_1_1_1_1_2_3,288860.0646612157,21,7617,2020,"{""type"":""Point"",""coordinates"":[0.0,0.0]}"
1_1_1_1_1_1_1_1_1_1_1_1_1_1_1_1_1_1_1_1_1_1_1_1_1_1_1_1_1_1_1_2_1_1_1_1_2_4,18660.949065284833,22,7617,2020,"{""type"":""Point"",""coordinates"":[0.0,0.0]}"
1_1_1_1_1_1_1_1_1_1_1_1_1_1_1_1_1_1_1_1_1_1_1_1_1_1_1_1_1_1_1_2_1_1_1_1_2_5,482.14006814043813,29,7617,2020,"{""type"":""Point"",""coordinates"":[0.0,0.0]}"
1_1_1_1_1_1_1_1_1_1_1_1_1_1_1_1_1_1_1_1_1_1_1_1_1_1_1_1_1_1_1_2_1_1_1_1_2_6,282916.79815415764,33,7617,2020,"{""type"":""Point"",""coordinates"":[0.0,0.0]}"
1_1_1_1_1_1_1_1_1_1_1_1_1_1_1_1_1_1_1_1_1_1_1_1_1_1_1_1_1_1_1_2_1_1_1_2_0,3525.1705382360406,3,7617,2021,"{""type"":""Point"",""coordinates"":[0.0,0.0]}"
1_1_1_1_1_1_1_1_1_1_1_1_1_1_1_1_1_1_1_1_1_1_1_1_1_1_1_1_1_1_1_2_1_1_1_2_1,1545465.475943007,4,7617,2021,"{""type"":""Point"",""coordinates"":[0.0,0.0]}"
1_1_1_1_1_1_1_1_1_1_1_1_1_1_1_1_1_1_1_1_1_1_1_1_1_1_1_1_1_1_1_2_1_1_1_2_2,189.43960775519875,12,7617,2021,"{""type"":""Point"",""coordinates"":[0.0,0.0]}"
1_1_1_1_1_1_1_1_1_1_1_1_1_1_1_1_1_1_1_1_1_1_1_1_1_1_1_1_1_1_1_2_1_1_1_2_3,294153.59313070617,21,7617,2021,"{""type"":""Point"",""coordinates"":[0.0,0.0]}"
1_1_1_1_1_1_1_1_1_1_1_1_1_1_1_1_1_1_1_1_1_1_1_1_1_1_1_1_1_1_1_2_1_1_1_2_4,11000.768983436941,22,7617,2021,"{""type"":""Point"",""coordinates"":[0.0,0.0]}"
1_1_1_1_1_1_1_1_1_1_1_1_1_1_1_1_1_1_1_1_1_1_1_1_1_1_1_1_1_1_1_2_1_1_1_2_5,583.1390791271971,29,7617,2021,"{""type"":""Point"",""coordinates"":[0.0,0.0]}"
1_1_1_1_1_1_1_1_1_1_1_1_1_1_1_1_1_1_1_1_1_1_1_1_1_1_1_1_1_1_1_2_1_1_1_2_6,282495.7331451235,33,7617,2021,"{""type"":""Point"",""coordinates"":[0.0,0.0]}"
1_1_1_1_1_1_1_1_1_1_1_1_1_1_1_1_1_1_1_1_1_1_1_1_1_1_1_1_1_1_1_2_1_1_2_0,2537.9853205475492,3,7617,2022,"{""type"":""Point"",""coordinates"":[0.0,0.0]}"
1_1_1_1_1_1_1_1_1_1_1_1_1_1_1_1_1_1_1_1_1_1_1_1_1_1_1_1_1_1_1_2_1_1_2_1,1548328.2964846636,4,7617,2022,"{""type"":""Point"",""coordinates"":[0.0,0.0]}"
1_1_1_1_1_1_1_1_1_1_1_1_1_1_1_1_1_1_1_1_1_1_1_1_1_1_1_1_1_1_1_2_1_1_2_2,77.91006917710251,12,7617,2022,"{""type"":""Point"",""coordinates"":[0.0,0.0]}"
1_1_1_1_1_1_1_1_1_1_1_1_1_1_1_1_1_1_1_1_1_1_1_1_1_1_1_1_1_1_1_2_1_1_2_3,268040.1854087813,21,7617,2022,"{""type"":""Point"",""coordinates"":[0.0,0.0]}"
1_1_1_1_1_1_1_1_1_1_1_1_1_1_1_1_1_1_1_1_1_1_1_1_1_1_1_1_1_1_1_2_1_1_2_4,7560.847076722647,22,7617,2022,"{""type"":""Point"",""coordinates"":[0.0,0.0]}"
1_1_1_1_1_1_1_1_1_1_1_1_1_1_1_1_1_1_1_1_1_1_1_1_1_1_1_1_1_1_1_2_1_1_2_5,572.5354682386685,29,7617,2022,"{""type"":""Point"",""coordinates"":[0.0,0.0]}"
1_1_1_1_1_1_1_1_1_1_1_1_1_1_1_1_1_1_1_1_1_1_1_1_1_1_1_1_1_1_1_2_1_1_2_6,310295.5605992785,33,7617,2022,"{""type"":""Point"",""coordinates"":[0.0,0.0]}"
1_1_1_1_1_1_1_1_1_1_1_1_1_1_1_1_1_1_1_1_1_1_1_1_1_1_1_1_1_1_1_2_1_2_0,3747.614147227968,3,7617,2023,"{""type"":""Point"",""coordinates"":[0.0,0.0]}"
1_1_1_1_1_1_1_1_1_1_1_1_1_1_1_1_1_1_1_1_1_1_1_1_1_1_1_1_1_1_1_2_1_2_1,1553981.9244147465,4,7617,2023,"{""type"":""Point"",""coordinates"":[0.0,0.0]}"
1_1_1_1_1_1_1_1_1_1_1_1_1_1_1_1_1_1_1_1_1_1_1_1_1_1_1_1_1_1_1_2_1_2_2,46.29785469360352,12,7617,2023,"{""type"":""Point"",""coordinates"":[0.0,0.0]}"
1_1_1_1_1_1_1_1_1_1_1_1_1_1_1_1_1_1_1_1_1_1_1_1_1_1_1_1_1_1_1_2_1_2_3,274018.2072669622,21,7617,2023,"{""type"":""Point"",""coordinates"":[0.0,0.0]}"
1_1_1_1_1_1_1_1_1_1_1_1_1_1_1_1_1_1_1_1_1_1_1_1_1_1_1_1_1_1_1_2_1_2_4,6662.442625666866,22,7617,2023,"{""type"":""Point"",""coordinates"":[0.0,0.0]}"
1_1_1_1_1_1_1_1_1_1_1_1_1_1_1_1_1_1_1_1_1_1_1_1_1_1_1_1_1_1_1_2_1_2_5,1712.4945486973452,29,7617,2023,"{""type"":""Point"",""coordinates"":[0.0,0.0]}"
1_1_1_1_1_1_1_1_1_1_1_1_1_1_1_1_1_1_1_1_1_1_1_1_1_1_1_1_1_1_1_2_1_2_6,297244.3395693931,33,7617,2023,"{""type"":""Point"",""coordinates"":[0.0,0.0]}"
1_1_1_1_1_1_1_1_1_1_1_1_1_1_1_1_1_1_1_1_1_1_1_1_1_1_1_1_1_1_1_2_2_0,11855.367288682959,3,7617,2024,"{""type"":""Point"",""coordinates"":[0.0,0.0]}"
1_1_1_1_1_1_1_1_1_1_1_1_1_1_1_1_1_1_1_1_1_1_1_1_1_1_1_1_1_1_1_2_2_1,1513178.3801632968,4,7617,2024,"{""type"":""Point"",""coordinates"":[0.0,0.0]}"
1_1_1_1_1_1_1_1_1_1_1_1_1_1_1_1_1_1_1_1_1_1_1_1_1_1_1_1_1_1_1_2_2_2,73.24694322021485,12,7617,2024,"{""type"":""Point"",""coordinates"":[0.0,0.0]}"
1_1_1_1_1_1_1_1_1_1_1_1_1_1_1_1_1_1_1_1_1_1_1_1_1_1_1_1_1_1_1_2_2_3,318365.91123097215,21,7617,2024,"{""type"":""Point"",""coordinates"":[0.0,0.0]}"
1_1_1_1_1_1_1_1_1_1_1_1_1_1_1_1_1_1_1_1_1_1_1_1_1_1_1_1_1_1_1_2_2_4,869.5787200500729,22,7617,2024,"{""type"":""Point"",""coordinates"":[0.0,0.0]}"
1_1_1_1_1_1_1_1_1_1_1_1_1_1_1_1_1_1_1_1_1_1_1_1_1_1_1_1_1_1_1_2_2_5,1583.9627797219673,29,7617,2024,"{""type"":""Point"",""coordinates"":[0.0,0.0]}"
1_1_1_1_1_1_1_1_1_1_1_1_1_1_1_1_1_1_1_1_1_1_1_1_1_1_1_1_1_1_1_2_2_6,291486.87330150674,33,7617,2024,"{""type"":""Point"",""coordinates"":[0.0,0.0]}"
1_1_1_1_1_1_1_1_1_1_1_1_1_1_1_1_1_1_1_1_1_1_1_1_1_1_1_1_1_1_2_1_1_1_1_1_1_1_1_2_0,793.864046095186,3,7564,2016,"{""type"":""Point"",""coordinates"":[0.0,0.0]}"
1_1_1_1_1_1_1_1_1_1_1_1_1_1_1_1_1_1_1_1_1_1_1_1_1_1_1_1_1_1_2_1_1_1_1_1_1_1_1_2_1,1663911.333859651,4,7564,2016,"{""type"":""Point"",""coordinates"":[0.0,0.0]}"
1_1_1_1_1_1_1_1_1_1_1_1_1_1_1_1_1_1_1_1_1_1_1_1_1_1_1_1_1_1_2_1_1_1_1_1_1_1_1_2_2,6.390178826904297,12,7564,2016,"{""type"":""Point"",""coordinates"":[0.0,0.0]}"
1_1_1_1_1_1_1_1_1_1_1_1_1_1_1_1_1_1_1_1_1_1_1_1_1_1_1_1_1_1_2_1_1_1_1_1_1_1_1_2_3,466259.7784521505,21,7564,2016,"{""type"":""Point"",""coordinates"":[0.0,0.0]}"
1_1_1_1_1_1_1_1_1_1_1_1_1_1_1_1_1_1_1_1_1_1_1_1_1_1_1_1_1_1_2_1_1_1_1_1_1_1_1_2_4,781.9829023503574,22,7564,2016,"{""type"":""Point"",""coordinates"":[0.0,0.0]}"
1_1_1_1_1_1_1_1_1_1_1_1_1_1_1_1_1_1_1_1_1_1_1_1_1_1_1_1_1_1_2_1_1_1_1_1_1_1_1_2_5,56.01034932250976,29,7564,2016,"{""type"":""Point"",""coordinates"":[0.0,0.0]}"
1_1_1_1_1_1_1_1_1_1_1_1_1_1_1_1_1_1_1_1_1_1_1_1_1_1_1_1_1_1_2_1_1_1_1_1_1_1_1_2_6,7144.248245031825,33,7564,2016,"{""type"":""Point"",""coordinates"":[0.0,0.0]}"
1_1_1_1_1_1_1_1_1_1_1_1_1_1_1_1_1_1_1_1_1_1_1_1_1_1_1_1_1_1_2_1_1_1_1_1_1_1_2_0,164.06012999667294,3,7564,2017,"{""type"":""Point"",""coordinates"":[0.0,0.0]}"
1_1_1_1_1_1_1_1_1_1_1_1_1_1_1_1_1_1_1_1_1_1_1_1_1_1_1_1_1_1_2_1_1_1_1_1_1_1_2_1,1680291.464922836,4,7564,2017,"{""type"":""Point"",""coordinates"":[0.0,0.0]}"
1_1_1_1_1_1_1_1_1_1_1_1_1_1_1_1_1_1_1_1_1_1_1_1_1_1_1_1_1_1_2_1_1_1_1_1_1_1_2_2,17.659804150390627,12,7564,2017,"{""type"":""Point"",""coordinates"":[0.0,0.0]}"
1_1_1_1_1_1_1_1_1_1_1_1_1_1_1_1_1_1_1_1_1_1_1_1_1_1_1_1_1_1_2_1_1_1_1_1_1_1_2_3,450017.15052363917,21,7564,2017,"{""type"":""Point"",""coordinates"":[0.0,0.0]}"
1_1_1_1_1_1_1_1_1_1_1_1_1_1_1_1_1_1_1_1_1_1_1_1_1_1_1_1_1_1_2_1_1_1_1_1_1_1_2_4,503.94458891362194,22,7564,2017,"{""type"":""Point"",""coordinates"":[0.0,0.0]}"
1_1_1_1_1_1_1_1_1_1_1_1_1_1_1_1_1_1_1_1_1_1_1_1_1_1_1_1_1_1_2_1_1_1_1_1_1_1_2_5,162.86757630615227,29,7564,2017,"{""type"":""Point"",""coordinates"":[0.0,0.0]}"
1_1_1_1_1_1_1_1_1_1_1_1_1_1_1_1_1_1_1_1_1_1_1_1_1_1_1_1_1_1_2_1_1_1_1_1_1_1_2_6,7796.460487603845,33,7564,2017,"{""type"":""Point"",""coordinates"":[0.0,0.0]}"
1_1_1_1_1_1_1_1_1_1_1_1_1_1_1_1_1_1_1_1_1_1_1_1_1_1_1_1_1_1_2_1_1_1_1_1_1_2_0,186.4971144901051,3,7564,2018,"{""type"":""Point"",""coordinates"":[0.0,0.0]}"
1_1_1_1_1_1_1_1_1_1_1_1_1_1_1_1_1_1_1_1_1_1_1_1_1_1_1_1_1_1_2_1_1_1_1_1_1_2_1,1644909.0329619837,4,7564,2018,"{""type"":""Point"",""coordinates"":[0.0,0.0]}"
1_1_1_1_1_1_1_1_1_1_1_1_1_1_1_1_1_1_1_1_1_1_1_1_1_1_1_1_1_1_2_1_1_1_1_1_1_2_2,6.123781671142578,12,7564,2018,"{""type"":""Point"",""coordinates"":[0.0,0.0]}"
1_1_1_1_1_1_1_1_1_1_1_1_1_1_1_1_1_1_1_1_1_1_1_1_1_1_1_1_1_1_2_1_1_1_1_1_1_2_3,477093.40001770016,21,7564,2018,"{""type"":""Point"",""coordinates"":[0.0,0.0]}"
1_1_1_1_1_1_1_1_1_1_1_1_1_1_1_1_1_1_1_1_1_1_1_1_1_1_1_1_1_1_2_1_1_1_1_1_1_2_4,726.915536236381,22,7564,2018,"{""type"":""Point"",""coordinates"":[0.0,0.0]}"
1_1_1_1_1_1_1_1_1_1_1_1_1_1_1_1_1_1_1_1_1_1_1_1_1_1_1_1_1_1_2_1_1_1_1_1_1_2_5,2217.1351939880324,29,7564,2018,"{""type"":""Point"",""coordinates"":[0.0,0.0]}"
1_1_1_1_1_1_1_1_1_1_1_1_1_1_1_1_1_1_1_1_1_1_1_1_1_1_1_1_1_1_2_1_1_1_1_1_1_2_6,13814.503427333106,33,7564,2018,"{""type"":""Point"",""coordinates"":[0.0,0.0]}"
1_1_1_1_1_1_1_1_1_1_1_1_1_1_1_1_1_1_1_1_1_1_1_1_1_1_1_1_1_1_2_1_1_1_1_1_2_0,192.12217908753638,3,7564,2019,"{""type"":""Point"",""coordinates"":[0.0,0.0]}"
1_1_1_1_1_1_1_1_1_1_1_1_1_1_1_1_1_1_1_1_1_1_1_1_1_1_1_1_1_1_2_1_1_1_1_1_2_1,1640952.7410584444,4,7564,2019,"{""type"":""Point"",""coordinates"":[0.0,0.0]}"
1_1_1_1_1_1_1_1_1_1_1_1_1_1_1_1_1_1_1_1_1_1_1_1_1_1_1_1_1_1_2_1_1_1_1_1_2_2,3.906630688476562,12,7564,2019,"{""type"":""Point"",""coordinates"":[0.0,0.0]}"
1_1_1_1_1_1_1_1_1_1_1_1_1_1_1_1_1_1_1_1_1_1_1_1_1_1_1_1_1_1_2_1_1_1_1_1_2_3,480321.04242332774,21,7564,2019,"{""type"":""Point"",""coordinates"":[0.0,0.0]}"
1_1_1_1_1_1_1_1_1_1_1_1_1_1_1_1_1_1_1_1_1_1_1_1_1_1_1_1_1_1_2_1_1_1_1_1_2_4,20.23596305541992,22,7564,2019,"{""type"":""Point"",""coordinates"":[0.0,0.0]}"
1_1_1_1_1_1_1_1_1_1_1_1_1_1_1_1_1_1_1_1_1_1_1_1_1_1_1_1_1_1_2_1_1_1_1_1_2_5,1228.8942748596153,29,7564,2019,"{""type"":""Point"",""coordinates"":[0.0,0.0]}"
1_1_1_1_1_1_1_1_1_1_1_1_1_1_1_1_1_1_1_1_1_1_1_1_1_1_1_1_1_1_2_1_1_1_1_1_2_6,16234.66550397719,33,7564,2019,"{""type"":""Point"",""coordinates"":[0.0,0.0]}"
1_1_1_1_1_1_1_1_1_1_1_1_1_1_1_1_1_1_1_1_1_1_1_1_1_1_1_1_1_1_2_1_1_1_1_2_0,2042.347448147356,3,7564,2020,"{""type"":""Point"",""coordinates"":[0.0,0.0]}"
1_1_1_1_1_1_1_1_1_1_1_1_1_1_1_1_1_1_1_1_1_1_1_1_1_1_1_1_1_1_2_1_1_1_1_2_1,1627297.2872876225,4,7564,2020,"{""type"":""Point"",""coordinates"":[0.0,0.0]}"
1_1_1_1_1_1_1_1_1_1_1_1_1_1_1_1_1_1_1_1_1_1_1_1_1_1_1_1_1_1_2_1_1_1_1_2_2,4.614901342773439,12,7564,2020,"{""type"":""Point"",""coordinates"":[0.0,0.0]}"
1_1_1_1_1_1_1_1_1_1_1_1_1_1_1_1_1_1_1_1_1_1_1_1_1_1_1_1_1_1_2_1_1_1_1_2_3,479941.2505311174,21,7564,2020,"{""type"":""Point"",""coordinates"":[0.0,0.0]}"
1_1_1_1_1_1_1_1_1_1_1_1_1_1_1_1_1_1_1_1_1_1_1_1_1_1_1_1_1_1_2_1_1_1_1_2_4,2109.8862351556727,22,7564,2020,"{""type"":""Point"",""coordinates"":[0.0,0.0]}"
1_1_1_1_1_1_1_1_1_1_1_1_1_1_1_1_1_1_1_1_1_1_1_1_1_1_1_1_1_1_2_1_1_1_1_2_5,126.75343930053714,29,7564,2020,"{""type"":""Point"",""coordinates"":[0.0,0.0]}"
1_1_1_1_1_1_1_1_1_1_1_1_1_1_1_1_1_1_1_1_1_1_1_1_1_1_1_1_1_1_2_1_1_1_1_2_6,27431.46819072629,33,7564,2020,"{""type"":""Point"",""coordinates"":[0.0,0.0]}"
1_1_1_1_1_1_1_1_1_1_1_1_1_1_1_1_1_1_1_1_1_1_1_1_1_1_1_1_1_1_2_1_1_1_2_0,1093.7825362673536,3,7564,2021,"{""type"":""Point"",""coordinates"":[0.0,0.0]}"
1_1_1_1_1_1_1_1_1_1_1_1_1_1_1_1_1_1_1_1_1_1_1_1_1_1_1_1_1_1_2_1_1_1_2_1,1623684.9904304813,4,7564,2021,"{""type"":""Point"",""coordinates"":[0.0,0.0]}"
1_1_1_1_1_1_1_1_1_1_1_1_1_1_1_1_1_1_1_1_1_1_1_1_1_1_1_1_1_1_2_1_1_1_2_2,92.20847351074222,12,7564,2021,"{""type"":""Point"",""coordinates"":[0.0,0.0]}"
1_1_1_1_1_1_1_1_1_1_1_1_1_1_1_1_1_1_1_1_1_1_1_1_1_1_1_1_1_1_2_1_1_1_2_3,486057.5018622018,21,7564,2021,"{""type"":""Point"",""coordinates"":[0.0,0.0]}"
1_1_1_1_1_1_1_1_1_1_1_1_1_1_1_1_1_1_1_1_1_1_1_1_1_1_1_1_1_1_2_1_1_1_2_4,929.5122356865379,22,7564,2021,"{""type"":""Point"",""coordinates"":[0.0,0.0]}"
1_1_1_1_1_1_1_1_1_1_1_1_1_1_1_1_1_1_1_1_1_1_1_1_1_1_1_1_1_1_2_1_1_1_2_5,959.2953907165532,29,7564,2021,"{""type"":""Point"",""coordinates"":[0.0,0.0]}"
1_1_1_1_1_1_1_1_1_1_1_1_1_1_1_1_1_1_1_1_1_1_1_1_1_1_1_1_1_1_2_1_1_1_2_6,26136.317104504644,33,7564,2021,"{""type"":""Point"",""coordinates"":[0.0,0.0]}"
1_1_1_1_1_1_1_1_1_1_1_1_1_1_1_1_1_1_1_1_1_1_1_1_1_1_1_1_1_1_2_1_1_2_0,1075.8039853516584,3,7564,2022,"{""type"":""Point"",""coordinates"":[0.0,0.0]}"
1_1_1_1_1_1_1_1_1_1_1_1_1_1_1_1_1_1_1_1_1_1_1_1_1_1_1_1_1_1_2_1_1_2_1,1554931.8601938274,4,7564,2022,"{""type"":""Point"",""coordinates"":[0.0,0.0]}"
1_1_1_1_1_1_1_1_1_1_1_1_1_1_1_1_1_1_1_1_1_1_1_1_1_1_1_1_1_1_2_1_1_2_2,175.90383223876947,12,7564,2022,"{""type"":""Point"",""coordinates"":[0.0,0.0]}"
1_1_1_1_1_1_1_1_1_1_1_1_1_1_1_1_1_1_1_1_1_1_1_1_1_1_1_1_1_1_2_1_1_2_3,556549.267813128,21,7564,2022,"{""type"":""Point"",""coordinates"":[0.0,0.0]}"
1_1_1_1_1_1_1_1_1_1_1_1_1_1_1_1_1_1_1_1_1_1_1_1_1_1_1_1_1_1_2_1_1_2_4,163.16773233731155,22,7564,2022,"{""type"":""Point"",""coordinates"":[0.0,0.0]}"
1_1_1_1_1_1_1_1_1_1_1_1_1_1_1_1_1_1_1_1_1_1_1_1_1_1_1_1_1_1_2_1_1_2_5,49.043402863984944,29,7564,2022,"{""type"":""Point"",""coordinates"":[0.0,0.0]}"
1_1_1_1_1_1_1_1_1_1_1_1_1_1_1_1_1_1_1_1_1_1_1_1_1_1_1_1_1_1_2_1_1_2_6,26008.56107364469,33,7564,2022,"{""type"":""Point"",""coordinates"":[0.0,0.0]}"
1_1_1_1_1_1_1_1_1_1_1_1_1_1_1_1_1_1_1_1_1_1_1_1_1_1_1_1_1_1_2_1_2_0,1826.660947193286,3,7564,2023,"{""type"":""Point"",""coordinates"":[0.0,0.0]}"
1_1_1_1_1_1_1_1_1_1_1_1_1_1_1_1_1_1_1_1_1_1_1_1_1_1_1_1_1_1_2_1_2_1,1518250.0774097631,4,7564,2023,"{""type"":""Point"",""coordinates"":[0.0,0.0]}"
1_1_1_1_1_1_1_1_1_1_1_1_1_1_1_1_1_1_1_1_1_1_1_1_1_1_1_1_1_1_2_1_2_2,50.664966748046886,12,7564,2023,"{""type"":""Point"",""coordinates"":[0.0,0.0]}"
1_1_1_1_1_1_1_1_1_1_1_1_1_1_1_1_1_1_1_1_1_1_1_1_1_1_1_1_1_1_2_1_2_3,587384.1604607042,21,7564,2023,"{""type"":""Point"",""coordinates"":[0.0,0.0]}"
1_1_1_1_1_1_1_1_1_1_1_1_1_1_1_1_1_1_1_1_1_1_1_1_1_1_1_1_1_1_2_1_2_4,116.43626704479745,22,7564,2023,"{""type"":""Point"",""coordinates"":[0.0,0.0]}"
1_1_1_1_1_1_1_1_1_1_1_1_1_1_1_1_1_1_1_1_1_1_1_1_1_1_1_1_1_1_2_1_2_5,4084.0612137852277,29,7564,2023,"{""type"":""Point"",""coordinates"":[0.0,0.0]}"
1_1_1_1_1_1_1_1_1_1_1_1_1_1_1_1_1_1_1_1_1_1_1_1_1_1_1_1_1_1_2_1_2_6,27241.54676816752,33,7564,2023,"{""type"":""Point"",""coordinates"":[0.0,0.0]}"
1_1_1_1_1_1_1_1_1_1_1_1_1_1_1_1_1_1_1_1_1_1_1_1_1_1_1_1_1_1_2_2_0,8906.120469507752,3,7564,2024,"{""type"":""Point"",""coordinates"":[0.0,0.0]}"
1_1_1_1_1_1_1_1_1_1_1_1_1_1_1_1_1_1_1_1_1_1_1_1_1_1_1_1_1_1_2_2_1,1461828.8497670072,4,7564,2024,"{""type"":""Point"",""coordinates"":[0.0,0.0]}"
1_1_1_1_1_1_1_1_1_1_1_1_1_1_1_1_1_1_1_1_1_1_1_1_1_1_1_1_1_1_2_2_2,26.706922703809553,12,7564,2024,"{""type"":""Point"",""coordinates"":[0.0,0.0]}"
1_1_1_1_1_1_1_1_1_1_1_1_1_1_1_1_1_1_1_1_1_1_1_1_1_1_1_1_1_1_2_2_3,635522.5929585084,21,7564,2024,"{""type"":""Point"",""coordinates"":[0.0,0.0]}"
1_1_1_1_1_1_1_1_1_1_1_1_1_1_1_1_1_1_1_1_1_1_1_1_1_1_1_1_1_1_2_2_4,1070.246388946627,22,7564,2024,"{""type"":""Point"",""coordinates"":[0.0,0.0]}"
1_1_1_1_1_1_1_1_1_1_1_1_1_1_1_1_1_1_1_1_1_1_1_1_1_1_1_1_1_1_2_2_5,2363.2624904974004,29,7564,2024,"{""type"":""Point"",""coordinates"":[0.0,0.0]}"
1_1_1_1_1_1_1_1_1_1_1_1_1_1_1_1_1_1_1_1_1_1_1_1_1_1_1_1_1_1_2_2_6,29235.829036178362,33,7564,2024,"{""type"":""Point"",""coordinates"":[0.0,0.0]}"
1_1_1_1_1_1_1_1_1_1_1_1_1_1_1_1_1_1_1_1_1_1_1_1_1_1_1_1_1_2_1_1_1_1_1_1_1_1_2_0,1826.832461307588,3,761111,2016,"{""type"":""Point"",""coordinates"":[0.0,0.0]}"
1_1_1_1_1_1_1_1_1_1_1_1_1_1_1_1_1_1_1_1_1_1_1_1_1_1_1_1_1_2_1_1_1_1_1_1_1_1_2_1,456119.332924149,4,761111,2016,"{""type"":""Point"",""coordinates"":[0.0,0.0]}"
1_1_1_1_1_1_1_1_1_1_1_1_1_1_1_1_1_1_1_1_1_1_1_1_1_1_1_1_1_2_1_1_1_1_1_1_1_1_2_2,1.5886463806152347,12,761111,2016,"{""type"":""Point"",""coordinates"":[0.0,0.0]}"
1_1_1_1_1_1_1_1_1_1_1_1_1_1_1_1_1_1_1_1_1_1_1_1_1_1_1_1_1_2_1_1_1_1_1_1_1_1_2_3,945710.2955085579,21,761111,2016,"{""type"":""Point"",""coordinates"":[0.0,0.0]}"
1_1_1_1_1_1_1_1_1_1_1_1_1_1_1_1_1_1_1_1_1_1_1_1_1_1_1_1_1_2_1_1_1_1_1_1_1_1_2_4,1738.5847033410878,22,761111,2016,"{""type"":""Point"",""coordinates"":[0.0,0.0]}"
1_1_1_1_1_1_1_1_1_1_1_1_1_1_1_1_1_1_1_1_1_1_1_1_1_1_1_1_1_2_1_1_1_1_1_1_1_1_2_5,4643.103365356961,33,761111,2016,"{""type"":""Point"",""coordinates"":[0.0,0.0]}"
1_1_1_1_1_1_1_1_1_1_1_1_1_1_1_1_1_1_1_1_1_1_1_1_1_1_1_1_1_2_1_1_1_1_1_1_1_2_0,698.0652962572266,3,761111,2017,"{""type"":""Point"",""coordinates"":[0.0,0.0]}"
1_1_1_1_1_1_1_1_1_1_1_1_1_1_1_1_1_1_1_1_1_1_1_1_1_1_1_1_1_2_1_1_1_1_1_1_1_2_1,460533.9691748068,4,761111,2017,"{""type"":""Point"",""coordinates"":[0.0,0.0]}"
1_1_1_1_1_1_1_1_1_1_1_1_1_1_1_1_1_1_1_1_1_1_1_1_1_1_1_1_1_2_1_1_1_1_1_1_1_2_2,0.26436372070312497,12,761111,2017,"{""type"":""Point"",""coordinates"":[0.0,0.0]}"
1_1_1_1_1_1_1_1_1_1_1_1_1_1_1_1_1_1_1_1_1_1_1_1_1_1_1_1_1_2_1_1_1_1_1_1_1_2_3,944442.0217482644,21,761111,2017,"{""type"":""Point"",""coordinates"":[0.0,0.0]}"
1_1_1_1_1_1_1_1_1_1_1_1_1_1_1_1_1_1_1_1_1_1_1_1_1_1_1_1_1_2_1_1_1_1_1_1_1_2_4,83.8977569909429,22,761111,2017,"{""type"":""Point"",""coordinates"":[0.0,0.0]}"
1_1_1_1_1_1_1_1_1_1_1_1_1_1_1_1_1_1_1_1_1_1_1_1_1_1_1_1_1_2_1_1_1_1_1_1_1_2_5,0.08814081420898437,29,761111,2017,"{""type"":""Point"",""coordinates"":[0.0,0.0]}"
1_1_1_1_1_1_1_1_1_1_1_1_1_1_1_1_1_1_1_1_1_1_1_1_1_1_1_1_1_2_1_1_1_1_1_1_1_2_6,4281.431128228482,33,761111,2017,"{""type"":""Point"",""coordinates"":[0.0,0.0]}"
1_1_1_1_1_1_1_1_1_1_1_1_1_1_1_1_1_1_1_1_1_1_1_1_1_1_1_1_1_2_1_1_1_1_1_1_2_0,2961.8891886407764,3,761111,2018,"{""type"":""Point"",""coordinates"":[0.0,0.0]}"
1_1_1_1_1_1_1_1_1_1_1_1_1_1_1_1_1_1_1_1_1_1_1_1_1_1_1_1_1_2_1_1_1_1_1_1_2_1,497212.40347882314,4,761111,2018,"{""type"":""Point"",""coordinates"":[0.0,0.0]}"
1_1_1_1_1_1_1_1_1_1_1_1_1_1_1_1_1_1_1_1_1_1_1_1_1_1_1_1_1_2_1_1_1_1_1_1_2_2,11.22648104248047,12,761111,2018,"{""type"":""Point"",""coordinates"":[0.0,0.0]}"
1_1_1_1_1_1_1_1_1_1_1_1_1_1_1_1_1_1_1_1_1_1_1_1_1_1_1_1_1_2_1_1_1_1_1_1_2_3,904944.8254038402,21,761111,2018,"{""type"":""Point"",""coordinates"":[0.0,0.0]}"
1_1_1_1_1_1_1_1_1_1_1_1_1_1_1_1_1_1_1_1_1_1_1_1_1_1_1_1_1_2_1_1_1_1_1_1_2_4,593.9680708718453,22,761111,2018,"{""type"":""Point"",""coordinates"":[0.0,0.0]}"
1_1_1_1_1_1_1_1_1_1_1_1_1_1_1_1_1_1_1_1_1_1_1_1_1_1_1_1_1_2_1_1_1_1_1_1_2_5,0.9711353393554687,29,761111,2018,"{""type"":""Point"",""coordinates"":[0.0,0.0]}"
1_1_1_1_1_1_1_1_1_1_1_1_1_1_1_1_1_1_1_1_1_1_1_1_1_1_1_1_1_2_1_1_1_1_1_1_2_6,4314.453850611653,33,761111,2018,"{""type"":""Point"",""coordinates"":[0.0,0.0]}"
1_1_1_1_1_1_1_1_1_1_1_1_1_1_1_1_1_1_1_1_1_1_1_1_1_1_1_1_1_2_1_1_1_1_1_2_0,4705.596353277792,3,761111,2019,"{""type"":""Point"",""coordinates"":[0.0,0.0]}"
1_1_1_1_1_1_1_1_1_1_1_1_1_1_1_1_1_1_1_1_1_1_1_1_1_1_1_1_1_2_1_1_1_1_1_2_1,491807.9640648462,4,761111,2019,"{""type"":""Point"",""coordinates"":[0.0,0.0]}"
1_1_1_1_1_1_1_1_1_1_1_1_1_1_1_1_1_1_1_1_1_1_1_1_1_1_1_1_1_2_1_1_1_1_1_2_2,31.88773898595475,12,761111,2019,"{""type"":""Point"",""coordinates"":[0.0,0.0]}"
1_1_1_1_1_1_1_1_1_1_1_1_1_1_1_1_1_1_1_1_1_1_1_1_1_1_1_1_1_2_1_1_1_1_1_2_3,908098.8769146826,21,761111,2019,"{""type"":""Point"",""coordinates"":[0.0,0.0]}"
1_1_1_1_1_1_1_1_1_1_1_1_1_1_1_1_1_1_1_1_1_1_1_1_1_1_1_1_1_2_1_1_1_1_1_2_4,177.1544990595321,22,761111,2019,"{""type"":""Point"",""coordinates"":[0.0,0.0]}"
1_1_1_1_1_1_1_1_1_1_1_1_1_1_1_1_1_1_1_1_1_1_1_1_1_1_1_1_1_2_1_1_1_1_1_2_5,8.586731939984489,29,761111,2019,"{""type"":""Point"",""coordinates"":[0.0,0.0]}"
1_1_1_1_1_1_1_1_1_1_1_1_1_1_1_1_1_1_1_1_1_1_1_1_1_1_1_1_1_2_1_1_1_1_1_2_6,5209.671306407074,33,761111,2019,"{""type"":""Point"",""coordinates"":[0.0,0.0]}"
1_1_1_1_1_1_1_1_1_1_1_1_1_1_1_1_1_1_1_1_1_1_1_1_1_1_1_1_1_2_1_1_1_1_2_0,1744.0743936585898,3,761111,2020,"{""type"":""Point"",""coordinates"":[0.0,0.0]}"
1_1_1_1_1_1_1_1_1_1_1_1_1_1_1_1_1_1_1_1_1_1_1_1_1_1_1_1_1_2_1_1_1_1_2_1,485465.1717374271,4,761111,2020,"{""type"":""Point"",""coordinates"":[0.0,0.0]}"
1_1_1_1_1_1_1_1_1_1_1_1_1_1_1_1_1_1_1_1_1_1_1_1_1_1_1_1_1_2_1_1_1_1_2_2,21.63277525634766,12,761111,2020,"{""type"":""Point"",""coordinates"":[0.0,0.0]}"
1_1_1_1_1_1_1_1_1_1_1_1_1_1_1_1_1_1_1_1_1_1_1_1_1_1_1_1_1_2_1_1_1_1_2_3,914677.8342266545,21,761111,2020,"{""type"":""Point"",""coordinates"":[0.0,0.0]}"
1_1_1_1_1_1_1_1_1_1_1_1_1_1_1_1_1_1_1_1_1_1_1_1_1_1_1_1_1_2_1_1_1_1_2_4,1180.0491138056286,22,761111,2020,"{""type"":""Point"",""coordinates"":[0.0,0.0]}"
1_1_1_1_1_1_1_1_1_1_1_1_1_1_1_1_1_1_1_1_1_1_1_1_1_1_1_1_1_2_1_1_1_1_2_5,43.89174832098269,29,761111,2020,"{""type"":""Point"",""coordinates"":[0.0,0.0]}"
1_1_1_1_1_1_1_1_1_1_1_1_1_1_1_1_1_1_1_1_1_1_1_1_1_1_1_1_1_2_1_1_1_1_2_6,6907.083614034765,33,761111,2020,"{""type"":""Point"",""coordinates"":[0.0,0.0]}"
1_1_1_1_1_1_1_1_1_1_1_1_1_1_1_1_1_1_1_1_1_1_1_1_1_1_1_1_1_2_1_1_1_2_0,3462.9533657858447,3,761111,2021,"{""type"":""Point"",""coordinates"":[0.0,0.0]}"
1_1_1_1_1_1_1_1_1_1_1_1_1_1_1_1_1_1_1_1_1_1_1_1_1_1_1_1_1_2_1_1_1_2_1,511070.07003673,4,761111,2021,"{""type"":""Point"",""coordinates"":[0.0,0.0]}"
1_1_1_1_1_1_1_1_1_1_1_1_1_1_1_1_1_1_1_1_1_1_1_1_1_1_1_1_1_2_1_1_1_2_2,57.73641160888671,12,761111,2021,"{""type"":""Point"",""coordinates"":[0.0,0.0]}"
1_1_1_1_1_1_1_1_1_1_1_1_1_1_1_1_1_1_1_1_1_1_1_1_1_1_1_1_1_2_1_1_1_2_3,889223.4274283794,21,761111,2021,"{""type"":""Point"",""coordinates"":[0.0,0.0]}"
1_1_1_1_1_1_1_1_1_1_1_1_1_1_1_1_1_1_1_1_1_1_1_1_1_1_1_1_1_2_1_1_1_2_4,588.7835566833483,22,761111,2021,"{""type"":""Point"",""coordinates"":[0.0,0.0]}"
1_1_1_1_1_1_1_1_1_1_1_1_1_1_1_1_1_1_1_1_1_1_1_1_1_1_1_1_1_2_1_1_1_2_5,2.3125927745863972,29,761111,2021,"{""type"":""Point"",""coordinates"":[0.0,0.0]}"
1_1_1_1_1_1_1_1_1_1_1_1_1_1_1_1_1_1_1_1_1_1_1_1_1_1_1_1_1_2_1_1_1_2_6,5634.454217282653,33,761111,2021,"{""type"":""Point"",""coordinates"":[0.0,0.0]}"
1_1_1_1_1_1_1_1_1_1_1_1_1_1_1_1_1_1_1_1_1_1_1_1_1_1_1_1_1_2_1_1_2_0,7692.091490807564,3,761111,2022,"{""type"":""Point"",""coordinates"":[0.0,0.0]}"
1_1_1_1_1_1_1_1_1_1_1_1_1_1_1_1_1_1_1_1_1_1_1_1_1_1_1_1_1_2_1_1_2_1,508046.7880487624,4,761111,2022,"{""type"":""Point"",""coordinates"":[0.0,0.0]}"
1_1_1_1_1_1_1_1_1_1_1_1_1_1_1_1_1_1_1_1_1_1_1_1_1_1_1_1_1_2_1_1_2_2,58.395280655397876,12,761111,2022,"{""type"":""Point"",""coordinates"":[0.0,0.0]}"
1_1_1_1_1_1_1_1_1_1_1_1_1_1_1_1_1_1_1_1_1_1_1_1_1_1_1_1_1_2_1_1_2_3,887601.8379655996,21,761111,2022,"{""type"":""Point"",""coordinates"":[0.0,0.0]}"
1_1_1_1_1_1_1_1_1_1_1_1_1_1_1_1_1_1_1_1_1_1_1_1_1_1_1_1_1_2_1_1_2_4,500.04892049026745,22,761111,2022,"{""type"":""Point"",""coordinates"":[0.0,0.0]}"
1_1_1_1_1_1_1_1_1_1_1_1_1_1_1_1_1_1_1_1_1_1_1_1_1_1_1_1_1_2_1_1_2_5,0.08823545532226562,29,761111,2022,"{""type"":""Point"",""coordinates"":[0.0,0.0]}"
1_1_1_1_1_1_1_1_1_1_1_1_1_1_1_1_1_1_1_1_1_1_1_1_1_1_1_1_1_2_1_1_2_6,6140.487667462628,33,761111,2022,"{""type"":""Point"",""coordinates"":[0.0,0.0]}"
1_1_1_1_1_1_1_1_1_1_1_1_1_1_1_1_1_1_1_1_1_1_1_1_1_1_1_1_1_2_1_2_0,2217.9333634145664,3,761111,2023,"{""type"":""Point"",""coordinates"":[0.0,0.0]}"
1_1_1_1_1_1_1_1_1_1_1_1_1_1_1_1_1_1_1_1_1_1_1_1_1_1_1_1_1_2_1_2_1,512417.7131136923,4,761111,2023,"{""type"":""Point"",""coordinates"":[0.0,0.0]}"
1_1_1_1_1_1_1_1_1_1_1_1_1_1_1_1_1_1_1_1_1_1_1_1_1_1_1_1_1_2_1_2_2,106.9602211425781,12,761111,2023,"{""type"":""Point"",""coordinates"":[0.0,0.0]}"
1_1_1_1_1_1_1_1_1_1_1_1_1_1_1_1_1_1_1_1_1_1_1_1_1_1_1_1_1_2_1_2_3,883951.6111668696,21,761111,2023,"{""type"":""Point"",""coordinates"":[0.0,0.0]}"
1_1_1_1_1_1_1_1_1_1_1_1_1_1_1_1_1_1_1_1_1_1_1_1_1_1_1_1_1_2_1_2_4,4345.123249105427,22,761111,2023,"{""type"":""Point"",""coordinates"":[0.0,0.0]}"
1_1_1_1_1_1_1_1_1_1_1_1_1_1_1_1_1_1_1_1_1_1_1_1_1_1_1_1_1_2_1_2_5,4.098752692009421,29,761111,2023,"{""type"":""Point"",""coordinates"":[0.0,0.0]}"
1_1_1_1_1_1_1_1_1_1_1_1_1_1_1_1_1_1_1_1_1_1_1_1_1_1_1_1_1_2_1_2_6,6996.2977423372,33,761111,2023,"{""type"":""Point"",""coordinates"":[0.0,0.0]}"
1_1_1_1_1_1_1_1_1_1_1_1_1_1_1_1_1_1_1_1_1_1_1_1_1_1_1_1_1_2_2_0,1634.8224765945488,3,761111,2024,"{""type"":""Point"",""coordinates"":[0.0,0.0]}"
1_1_1_1_1_1_1_1_1_1_1_1_1_1_1_1_1_1_1_1_1_1_1_1_1_1_1_1_1_2_2_1,502608.41299351736,4,761111,2024,"{""type"":""Point"",""coordinates"":[0.0,0.0]}"
1_1_1_1_1_1_1_1_1_1_1_1_1_1_1_1_1_1_1_1_1_1_1_1_1_1_1_1_1_2_2_2,118.58874578838265,12,761111,2024,"{""type"":""Point"",""coordinates"":[0.0,0.0]}"
1_1_1_1_1_1_1_1_1_1_1_1_1_1_1_1_1_1_1_1_1_1_1_1_1_1_1_1_1_2_2_3,894670.695523742,21,761111,2024,"{""type"":""Point"",""coordinates"":[0.0,0.0]}"
1_1_1_1_1_1_1_1_1_1_1_1_1_1_1_1_1_1_1_1_1_1_1_1_1_1_1_1_1_2_2_4,4664.179089123864,22,761111,2024,"{""type"":""Point"",""coordinates"":[0.0,0.0]}"
1_1_1_1_1_1_1_1_1_1_1_1_1_1_1_1_1_1_1_1_1_1_1_1_1_1_1_1_1_2_2_5,3.2926333637551695,29,761111,2024,"{""type"":""Point"",""coordinates"":[0.0,0.0]}"
1_1_1_1_1_1_1_1_1_1_1_1_1_1_1_1_1_1_1_1_1_1_1_1_1_1_1_1_1_2_2_6,6339.746147130255,33,761111,2024,"{""type"":""Point"",""coordinates"":[0.0,0.0]}"
1_1_1_1_1_1_1_1_1_1_1_1_1_1_1_1_1_1_1_1_1_1_1_1_1_1_1_1_2_1_1_1_1_1_1_1_1_2_0,1066.3747415209077,3,761112,2016,"{""type"":""Point"",""coordinates"":[0.0,0.0]}"
1_1_1_1_1_1_1_1_1_1_1_1_1_1_1_1_1_1_1_1_1_1_1_1_1_1_1_1_2_1_1_1_1_1_1_1_1_2_1,88206.24406169412,4,761112,2016,"{""type"":""Point"",""coordinates"":[0.0,0.0]}"
1_1_1_1_1_1_1_1_1_1_1_1_1_1_1_1_1_1_1_1_1_1_1_1_1_1_1_1_2_1_1_1_1_1_1_1_1_2_2,2.994876092529297,12,761112,2016,"{""type"":""Point"",""coordinates"":[0.0,0.0]}"
1_1_1_1_1_1_1_1_1_1_1_1_1_1_1_1_1_1_1_1_1_1_1_1_1_1_1_1_2_1_1_1_1_1_1_1_1_2_3,351349.16387717286,21,761112,2016,"{""type"":""Point"",""coordinates"":[0.0,0.0]}"
1_1_1_1_1_1_1_1_1_1_1_1_1_1_1_1_1_1_1_1_1_1_1_1_1_1_1_1_2_1_1_1_1_1_1_1_1_2_4,135.01116374696028,22,761112,2016,"{""type"":""Point"",""coordinates"":[0.0,0.0]}"
1_1_1_1_1_1_1_1_1_1_1_1_1_1_1_1_1_1_1_1_1_1_1_1_1_1_1_1_2_1_1_1_1_1_1_1_1_2_5,3933.4982777883697,33,761112,2016,"{""type"":""Point"",""coordinates"":[0.0,0.0]}"
1_1_1_1_1_1_1_1_1_1_1_1_1_1_1_1_1_1_1_1_1_1_1_1_1_1_1_1_2_1_1_1_1_1_1_1_2_0,1074.784347603712,3,761112,2017,"{""type"":""Point"",""coordinates"":[0.0,0.0]}"
1_1_1_1_1_1_1_1_1_1_1_1_1_1_1_1_1_1_1_1_1_1_1_1_1_1_1_1_2_1_1_1_1_1_1_1_2_1,93863.74663693873,4,761112,2017,"{""type"":""Point"",""coordinates"":[0.0,0.0]}"
1_1_1_1_1_1_1_1_1_1_1_1_1_1_1_1_1_1_1_1_1_1_1_1_1_1_1_1_2_1_1_1_1_1_1_1_2_2,1.9373068237304687,12,761112,2017,"{""type"":""Point"",""coordinates"":[0.0,0.0]}"
1_1_1_1_1_1_1_1_1_1_1_1_1_1_1_1_1_1_1_1_1_1_1_1_1_1_1_1_2_1_1_1_1_1_1_1_2_3,345403.01495300245,21,761112,2017,"{""type"":""Point"",""coordinates"":[0.0,0.0]}"
1_1_1_1_1_1_1_1_1_1_1_1_1_1_1_1_1_1_1_1_1_1_1_1_1_1_1_1_2_1_1_1_1_1_1_1_2_4,46.56130580114028,22,761112,2017,"{""type"":""Point"",""coordinates"":[0.0,0.0]}"
1_1_1_1_1_1_1_1_1_1_1_1_1_1_1_1_1_1_1_1_1_1_1_1_1_1_1_1_2_1_1_1_1_1_1_1_2_5,4303.242447860727,33,761112,2017,"{""type"":""Point"",""coordinates"":[0.0,0.0]}"
1_1_1_1_1_1_1_1_1_1_1_1_1_1_1_1_1_1_1_1_1_1_1_1_1_1_1_1_2_1_1_1_1_1_1_2_0,951.1192879900589,3,761112,2018,"{""type"":""Point"",""coordinates"":[0.0,0.0]}"
1_1_1_1_1_1_1_1_1_1_1_1_1_1_1_1_1_1_1_1_1_1_1_1_1_1_1_1_2_1_1_1_1_1_1_2_1,91451.84685207611,4,761112,2018,"{""type"":""Point"",""coordinates"":[0.0,0.0]}"
1_1_1_1_1_1_1_1_1_1_1_1_1_1_1_1_1_1_1_1_1_1_1_1_1_1_1_1_2_1_1_1_1_1_1_2_2,5.020178326416015,12,761112,2018,"{""type"":""Point"",""coordinates"":[0.0,0.0]}"
1_1_1_1_1_1_1_1_1_1_1_1_1_1_1_1_1_1_1_1_1_1_1_1_1_1_1_1_2_1_1_1_1_1_1_2_3,347409.6054001259,21,761112,2018,"{""type"":""Point"",""coordinates"":[0.0,0.0]}"
1_1_1_1_1_1_1_1_1_1_1_1_1_1_1_1_1_1_1_1_1_1_1_1_1_1_1_1_2_1_1_1_1_1_1_2_4,276.02783859700526,22,761112,2018,"{""type"":""Point"",""coordinates"":[0.0,0.0]}"
1_1_1_1_1_1_1_1_1_1_1_1_1_1_1_1_1_1_1_1_1_1_1_1_1_1_1_1_2_1_1_1_1_1_1_2_5,3.523938366699219,29,761112,2018,"{""type"":""Point"",""coordinates"":[0.0,0.0]}"
1_1_1_1_1_1_1_1_1_1_1_1_1_1_1_1_1_1_1_1_1_1_1_1_1_1_1_1_2_1_1_1_1_1_1_2_6,4596.1435025374085,33,761112,2018,"{""type"":""Point"",""coordinates"":[0.0,0.0]}"
1_1_1_1_1_1_1_1_1_1_1_1_1_1_1_1_1_1_1_1_1_1_1_1_1_1_1_1_2_1_1_1_1_1_2_0,1072.2063605415892,3,761112,2019,"{""type"":""Point"",""coordinates"":[0.0,0.0]}"
1_1_1_1_1_1_1_1_1_1_1_1_1_1_1_1_1_1_1_1_1_1_1_1_1_1_1_1_2_1_1_1_1_1_2_1,94679.79469697733,4,761112,2019,"{""type"":""Point"",""coordinates"":[0.0,0.0]}"
1_1_1_1_1_1_1_1_1_1_1_1_1_1_1_1_1_1_1_1_1_1_1_1_1_1_1_1_2_1_1_1_1_1_2_2,15.723935791518267,12,761112,2019,"{""type"":""Point"",""coordinates"":[0.0,0.0]}"
1_1_1_1_1_1_1_1_1_1_1_1_1_1_1_1_1_1_1_1_1_1_1_1_1_1_1_1_2_1_1_1_1_1_2_3,344171.4615120205,21,761112,2019,"{""type"":""Point"",""coordinates"":[0.0,0.0]}"
1_1_1_1_1_1_1_1_1_1_1_1_1_1_1_1_1_1_1_1_1_1_1_1_1_1_1_1_2_1_1_1_1_1_2_4,201.38752603326583,22,761112,2019,"{""type"":""Point"",""coordinates"":[0.0,0.0]}"
1_1_1_1_1_1_1_1_1_1_1_1_1_1_1_1_1_1_1_1_1_1_1_1_1_1_1_1_2_1_1_1_1_1_2_5,0.088082373046875,29,761112,2019,"{""type"":""Point"",""coordinates"":[0.0,0.0]}"
1_1_1_1_1_1_1_1_1_1_1_1_1_1_1_1_1_1_1_1_1_1_1_1_1_1_1_1_2_1_1_1_1_1_2_6,4552.62488429222,33,761112,2019,"{""type"":""Point"",""coordinates"":[0.0,0.0]}"
1_1_1_1_1_1_1_1_1_1_1_1_1_1_1_1_1_1_1_1_1_1_1_1_1_1_1_1_2_1_1_1_1_2_0,2738.9536123692624,3,761112,2020,"{""type"":""Point"",""coordinates"":[0.0,0.0]}"
1_1_1_1_1_1_1_1_1_1_1_1_1_1_1_1_1_1_1_1_1_1_1_1_1_1_1_1_2_1_1_1_1_2_1,89236.20589257914,4,761112,2020,"{""type"":""Point"",""coordinates"":[0.0,0.0]}"
1_1_1_1_1_1_1_1_1_1_1_1_1_1_1_1_1_1_1_1_1_1_1_1_1_1_1_1_2_1_1_1_1_2_2,42.868895746591605,12,761112,2020,"{""type"":""Point"",""coordinates"":[0.0,0.0]}"
1_1_1_1_1_1_1_1_1_1_1_1_1_1_1_1_1_1_1_1_1_1_1_1_1_1_1_1_2_1_1_1_1_2_3,348026.62753870164,21,761112,2020,"{""type"":""Point"",""coordinates"":[0.0,0.0]}"
1_1_1_1_1_1_1_1_1_1_1_1_1_1_1_1_1_1_1_1_1_1_1_1_1_1_1_1_2_1_1_1_1_2_4,8.77769499025831,22,761112,2020,"{""type"":""Point"",""coordinates"":[0.0,0.0]}"
1_1_1_1_1_1_1_1_1_1_1_1_1_1_1_1_1_1_1_1_1_1_1_1_1_1_1_1_2_1_1_1_1_2_5,0.6164500549316406,29,761112,2020,"{""type"":""Point"",""coordinates"":[0.0,0.0]}"
1_1_1_1_1_1_1_1_1_1_1_1_1_1_1_1_1_1_1_1_1_1_1_1_1_1_1_1_2_1_1_1_1_2_6,4639.236913576702,33,761112,2020,"{""type"":""Point"",""coordinates"":[0.0,0.0]}"
1_1_1_1_1_1_1_1_1_1_1_1_1_1_1_1_1_1_1_1_1_1_1_1_1_1_1_1_2_1_1_1_2_0,1418.5315171729274,3,761112,2021,"{""type"":""Point"",""coordinates"":[0.0,0.0]}"
1_1_1_1_1_1_1_1_1_1_1_1_1_1_1_1_1_1_1_1_1_1_1_1_1_1_1_1_2_1_1_1_2_1,93978.651917579,4,761112,2021,"{""type"":""Point"",""coordinates"":[0.0,0.0]}"
1_1_1_1_1_1_1_1_1_1_1_1_1_1_1_1_1_1_1_1_1_1_1_1_1_1_1_1_2_1_1_1_2_2,16.742983369691135,12,761112,2021,"{""type"":""Point"",""coordinates"":[0.0,0.0]}"
1_1_1_1_1_1_1_1_1_1_1_1_1_1_1_1_1_1_1_1_1_1_1_1_1_1_1_1_2_1_1_1_2_3,343880.8696806732,21,761112,2021,"{""type"":""Point"",""coordinates"":[0.0,0.0]}"
1_1_1_1_1_1_1_1_1_1_1_1_1_1_1_1_1_1_1_1_1_1_1_1_1_1_1_1_2_1_1_1_2_4,48.87557469645192,22,761112,2021,"{""type"":""Point"",""coordinates"":[0.0,0.0]}"
1_1_1_1_1_1_1_1_1_1_1_1_1_1_1_1_1_1_1_1_1_1_1_1_1_1_1_1_2_1_1_1_2_5,5349.615324522863,33,761112,2021,"{""type"":""Point"",""coordinates"":[0.0,0.0]}"
1_1_1_1_1_1_1_1_1_1_1_1_1_1_1_1_1_1_1_1_1_1_1_1_1_1_1_1_2_1_1_2_0,3925.971105555882,3,761112,2022,"{""type"":""Point"",""coordinates"":[0.0,0.0]}"
1_1_1_1_1_1_1_1_1_1_1_1_1_1_1_1_1_1_1_1_1_1_1_1_1_1_1_1_2_1_1_2_1,93766.62362237166,4,761112,2022,"{""type"":""Point"",""coordinates"":[0.0,0.0]}"
1_1_1_1_1_1_1_1_1_1_1_1_1_1_1_1_1_1_1_1_1_1_1_1_1_1_1_1_2_1_1_2_2,65.34680962924135,12,761112,2022,"{""type"":""Point"",""coordinates"":[0.0,0.0]}"
1_1_1_1_1_1_1_1_1_1_1_1_1_1_1_1_1_1_1_1_1_1_1_1_1_1_1_1_2_1_1_2_3,339719.0065555542,21,761112,2022,"{""type"":""Point"",""coordinates"":[0.0,0.0]}"
1_1_1_1_1_1_1_1_1_1_1_1_1_1_1_1_1_1_1_1_1_1_1_1_1_1_1_1_2_1_1_2_4,683.5407406714136,22,761112,2022,"{""type"":""Point"",""coordinates"":[0.0,0.0]}"
1_1_1_1_1_1_1_1_1_1_1_1_1_1_1_1_1_1_1_1_1_1_1_1_1_1_1_1_2_1_1_2_5,3.435112866210938,29,761112,2022,"{""type"":""Point"",""coordinates"":[0.0,0.0]}"
1_1_1_1_1_1_1_1_1_1_1_1_1_1_1_1_1_1_1_1_1_1_1_1_1_1_1_1_2_1_1_2_6,6529.363051396389,33,761112,2022,"{""type"":""Point"",""coordinates"":[0.0,0.0]}"
1_1_1_1_1_1_1_1_1_1_1_1_1_1_1_1_1_1_1_1_1_1_1_1_1_1_1_1_2_1_2_0,1511.7155778595322,3,761112,2023,"{""type"":""Point"",""coordinates"":[0.0,0.0]}"
1_1_1_1_1_1_1_1_1_1_1_1_1_1_1_1_1_1_1_1_1_1_1_1_1_1_1_1_2_1_2_1,95763.40639710013,4,761112,2023,"{""type"":""Point"",""coordinates"":[0.0,0.0]}"
1_1_1_1_1_1_1_1_1_1_1_1_1_1_1_1_1_1_1_1_1_1_1_1_1_1_1_1_2_1_2_2,86.06163609310384,12,761112,2023,"{""type"":""Point"",""coordinates"":[0.0,0.0]}"
1_1_1_1_1_1_1_1_1_1_1_1_1_1_1_1_1_1_1_1_1_1_1_1_1_1_1_1_2_1_2_3,339785.1800901699,21,761112,2023,"{""type"":""Point"",""coordinates"":[0.0,0.0]}"
1_1_1_1_1_1_1_1_1_1_1_1_1_1_1_1_1_1_1_1_1_1_1_1_1_1_1_1_2_1_2_4,233.17434347452794,22,761112,2023,"{""type"":""Point"",""coordinates"":[0.0,0.0]}"
1_1_1_1_1_1_1_1_1_1_1_1_1_1_1_1_1_1_1_1_1_1_1_1_1_1_1_1_2_1_2_5,7313.748953346717,33,761112,2023,"{""type"":""Point"",""coordinates"":[0.0,0.0]}"
1_1_1_1_1_1_1_1_1_1_1_1_1_1_1_1_1_1_1_1_1_1_1_1_1_1_1_1_2_2_0,1659.0410424827223,3,761112,2024,"{""type"":""Point"",""coordinates"":[0.0,0.0]}"
1_1_1_1_1_1_1_1_1_1_1_1_1_1_1_1_1_1_1_1_1_1_1_1_1_1_1_1_2_2_1,97932.53714846118,4,761112,2024,"{""type"":""Point"",""coordinates"":[0.0,0.0]}"
1_1_1_1_1_1_1_1_1_1_1_1_1_1_1_1_1_1_1_1_1_1_1_1_1_1_1_1_2_2_2,24.315515429687494,12,761112,2024,"{""type"":""Point"",""coordinates"":[0.0,0.0]}"
1_1_1_1_1_1_1_1_1_1_1_1_1_1_1_1_1_1_1_1_1_1_1_1_1_1_1_1_2_2_3,338365.28344876086,21,761112,2024,"{""type"":""Point"",""coordinates"":[0.0,0.0]}"
1_1_1_1_1_1_1_1_1_1_1_1_1_1_1_1_1_1_1_1_1_1_1_1_1_1_1_1_2_2_4,36.99538709010708,22,761112,2024,"{""type"":""Point"",""coordinates"":[0.0,0.0]}"
1_1_1_1_1_1_1_1_1_1_1_1_1_1_1_1_1_1_1_1_1_1_1_1_1_1_1_1_2_2_5,0.088017529296875,29,761112,2024,"{""type"":""Point"",""coordinates"":[0.0,0.0]}"
1_1_1_1_1_1_1_1_1_1_1_1_1_1_1_1_1_1_1_1_1_1_1_1_1_1_1_1_2_2_6,6675.026438267633,33,761112,2024,"{""type"":""Point"",""coordinates"":[0.0,0.0]}"
1_1_1_1_1_1_1_1_1_1_1_1_1_1_1_1_1_1_1_1_1_1_1_1_1_1_1_2_1_1_1_1_1_1_1_1_2_0,97808.2410812144,3,7741,2016,"{""type"":""Point"",""coordinates"":[0.0,0.0]}"
1_1_1_1_1_1_1_1_1_1_1_1_1_1_1_1_1_1_1_1_1_1_1_1_1_1_1_2_1_1_1_1_1_1_1_1_2_1,386700.356167854,4,7741,2016,"{""type"":""Point"",""coordinates"":[0.0,0.0]}"
1_1_1_1_1_1_1_1_1_1_1_1_1_1_1_1_1_1_1_1_1_1_1_1_1_1_1_2_1_1_1_1_1_1_1_1_2_2,242.18391168018988,12,7741,2016,"{""type"":""Point"",""coordinates"":[0.0,0.0]}"
1_1_1_1_1_1_1_1_1_1_1_1_1_1_1_1_1_1_1_1_1_1_1_1_1_1_1_2_1_1_1_1_1_1_1_1_2_3,1382216.300329044,21,7741,2016,"{""type"":""Point"",""coordinates"":[0.0,0.0]}"
1_1_1_1_1_1_1_1_1_1_1_1_1_1_1_1_1_1_1_1_1_1_1_1_1_1_1_2_1_1_1_1_1_1_1_1_2_4,650.7150571026019,22,7741,2016,"{""type"":""Point"",""coordinates"":[0.0,0.0]}"
1_1_1_1_1_1_1_1_1_1_1_1_1_1_1_1_1_1_1_1_1_1_1_1_1_1_1_2_1_1_1_1_1_1_1_1_2_5,1249.3657802553666,29,7741,2016,"{""type"":""Point"",""coordinates"":[0.0,0.0]}"
1_1_1_1_1_1_1_1_1_1_1_1_1_1_1_1_1_1_1_1_1_1_1_1_1_1_1_2_1_1_1_1_1_1_1_1_2_6,9674.096600361632,33,7741,2016,"{""type"":""Point"",""coordinates"":[0.0,0.0]}"
1_1_1_1_1_1_1_1_1_1_1_1_1_1_1_1_1_1_1_1_1_1_1_1_1_1_1_2_1_1_1_1_1_1_1_2_0,69086.74782592278,3,7741,2017,"{""type"":""Point"",""coordinates"":[0.0,0.0]}"
1_1_1_1_1_1_1_1_1_1_1_1_1_1_1_1_1_1_1_1_1_1_1_1_1_1_1_2_1_1_1_1_1_1_1_2_1,436903.6508182697,4,7741,2017,"{""type"":""Point"",""coordinates"":[0.0,0.0]}"
1_1_1_1_1_1_1_1_1_1_1_1_1_1_1_1_1_1_1_1_1_1_1_1_1_1_1_2_1_1_1_1_1_1_1_2_2,26.171010346200983,12,7741,2017,"{""type"":""Point"",""coordinates"":[0.0,0.0]}"
1_1_1_1_1_1_1_1_1_1_1_1_1_1_1_1_1_1_1_1_1_1_1_1_1_1_1_2_1_1_1_1_1_1_1_2_3,1370009.9179599085,21,7741,2017,"{""type"":""Point"",""coordinates"":[0.0,0.0]}"
1_1_1_1_1_1_1_1_1_1_1_1_1_1_1_1_1_1_1_1_1_1_1_1_1_1_1_2_1_1_1_1_1_1_1_2_4,125.04014943589156,22,7741,2017,"{""type"":""Point"",""coordinates"":[0.0,0.0]}"
1_1_1_1_1_1_1_1_1_1_1_1_1_1_1_1_1_1_1_1_1_1_1_1_1_1_1_2_1_1_1_1_1_1_1_2_5,214.9348704354078,29,7741,2017,"{""type"":""Point"",""coordinates"":[0.0,0.0]}"
1_1_1_1_1_1_1_1_1_1_1_1_1_1_1_1_1_1_1_1_1_1_1_1_1_1_1_2_1_1_1_1_1_1_1_2_6,2174.7962931477073,33,7741,2017,"{""type"":""Point"",""coordinates"":[0.0,0.0]}"
1_1_1_1_1_1_1_1_1_1_1_1_1_1_1_1_1_1_1_1_1_1_1_1_1_1_1_2_1_1_1_1_1_1_2_0,85850.58869997799,3,7741,2018,"{""type"":""Point"",""coordinates"":[0.0,0.0]}"
1_1_1_1_1_1_1_1_1_1_1_1_1_1_1_1_1_1_1_1_1_1_1_1_1_1_1_2_1_1_1_1_1_1_2_1,401420.3934229421,4,7741,2018,"{""type"":""Point"",""coordinates"":[0.0,0.0]}"
1_1_1_1_1_1_1_1_1_1_1_1_1_1_1_1_1_1_1_1_1_1_1_1_1_1_1_2_1_1_1_1_1_1_2_2,92.43050120244038,12,7741,2018,"{""type"":""Point"",""coordinates"":[0.0,0.0]}"
1_1_1_1_1_1_1_1_1_1_1_1_1_1_1_1_1_1_1_1_1_1_1_1_1_1_1_2_1_1_1_1_1_1_2_3,1389368.7089866404,21,7741,2018,"{""type"":""Point"",""coordinates"":[0.0,0.0]}"
1_1_1_1_1_1_1_1_1_1_1_1_1_1_1_1_1_1_1_1_1_1_1_1_1_1_1_2_1_1_1_1_1_1_2_4,4.871370709467869,22,7741,2018,"{""type"":""Point"",""coordinates"":[0.0,0.0]}"
1_1_1_1_1_1_1_1_1_1_1_1_1_1_1_1_1_1_1_1_1_1_1_1_1_1_1_2_1_1_1_1_1_1_2_5,20.670314477539044,29,7741,2018,"{""type"":""Point"",""coordinates"":[0.0,0.0]}"
1_1_1_1_1_1_1_1_1_1_1_1_1_1_1_1_1_1_1_1_1_1_1_1_1_1_1_2_1_1_1_1_1_1_2_6,1783.5956317196035,33,7741,2018,"{""type"":""Point"",""coordinates"":[0.0,0.0]}"
1_1_1_1_1_1_1_1_1_1_1_1_1_1_1_1_1_1_1_1_1_1_1_1_1_1_1_2_1_1_1_1_1_2_0,86419.9033159745,3,7741,2019,"{""type"":""Point"",""coordinates"":[0.0,0.0]}"
1_1_1_1_1_1_1_1_1_1_1_1_1_1_1_1_1_1_1_1_1_1_1_1_1_1_1_2_1_1_1_1_1_2_1,439780.9408331849,4,7741,2019,"{""type"":""Point"",""coordinates"":[0.0,0.0]}"
1_1_1_1_1_1_1_1_1_1_1_1_1_1_1_1_1_1_1_1_1_1_1_1_1_1_1_2_1_1_1_1_1_2_2,409.5043380628633,12,7741,2019,"{""type"":""Point"",""coordinates"":[0.0,0.0]}"
1_1_1_1_1_1_1_1_1_1_1_1_1_1_1_1_1_1_1_1_1_1_1_1_1_1_1_2_1_1_1_1_1_2_3,1348786.5691124,21,7741,2019,"{""type"":""Point"",""coordinates"":[0.0,0.0]}"
1_1_1_1_1_1_1_1_1_1_1_1_1_1_1_1_1_1_1_1_1_1_1_1_1_1_1_2_1_1_1_1_1_2_4,51.483744767037166,22,7741,2019,"{""type"":""Point"",""coordinates"":[0.0,0.0]}"
1_1_1_1_1_1_1_1_1_1_1_1_1_1_1_1_1_1_1_1_1_1_1_1_1_1_1_2_1_1_1_1_1_2_5,770.8406714188154,29,7741,2019,"{""type"":""Point"",""coordinates"":[0.0,0.0]}"
1_1_1_1_1_1_1_1_1_1_1_1_1_1_1_1_1_1_1_1_1_1_1_1_1_1_1_2_1_1_1_1_1_2_6,2322.016911772191,33,7741,2019,"{""type"":""Point"",""coordinates"":[0.0,0.0]}"
1_1_1_1_1_1_1_1_1_1_1_1_1_1_1_1_1_1_1_1_1_1_1_1_1_1_1_2_1_1_1_1_2_0,86392.92806928055,3,7741,2020,"{""type"":""Point"",""coordinates"":[0.0,0.0]}"
1_1_1_1_1_1_1_1_1_1_1_1_1_1_1_1_1_1_1_1_1_1_1_1_1_1_1_2_1_1_1_1_2_1,462629.53296708496,4,7741,2020,"{""type"":""Point"",""coordinates"":[0.0,0.0]}"
1_1_1_1_1_1_1_1_1_1_1_1_1_1_1_1_1_1_1_1_1_1_1_1_1_1_1_2_1_1_1_1_2_2,19.693368642506318,12,7741,2020,"{""type"":""Point"",""coordinates"":[0.0,0.0]}"
1_1_1_1_1_1_1_1_1_1_1_1_1_1_1_1_1_1_1_1_1_1_1_1_1_1_1_2_1_1_1_1_2_3,1324900.3801457537,21,7741,2020,"{""type"":""Point"",""coordinates"":[0.0,0.0]}"
1_1_1_1_1_1_1_1_1_1_1_1_1_1_1_1_1_1_1_1_1_1_1_1_1_1_1_2_1_1_1_1_2_4,121.01489049342743,22,7741,2020,"{""type"":""Point"",""coordinates"":[0.0,0.0]}"
1_1_1_1_1_1_1_1_1_1_1_1_1_1_1_1_1_1_1_1_1_1_1_1_1_1_1_2_1_1_1_1_2_5,1702.1710167483125,29,7741,2020,"{""type"":""Point"",""coordinates"":[0.0,0.0]}"
1_1_1_1_1_1_1_1_1_1_1_1_1_1_1_1_1_1_1_1_1_1_1_1_1_1_1_2_1_1_1_1_2_6,2775.5384696717547,33,7741,2020,"{""type"":""Point"",""coordinates"":[0.0,0.0]}"
1_1_1_1_1_1_1_1_1_1_1_1_1_1_1_1_1_1_1_1_1_1_1_1_1_1_1_2_1_1_1_2_0,102081.17588925597,3,7741,2021,"{""type"":""Point"",""coordinates"":[0.0,0.0]}"
1_1_1_1_1_1_1_1_1_1_1_1_1_1_1_1_1_1_1_1_1_1_1_1_1_1_1_2_1_1_1_2_1,425479.7608144739,4,7741,2021,"{""type"":""Point"",""coordinates"":[0.0,0.0]}"
1_1_1_1_1_1_1_1_1_1_1_1_1_1_1_1_1_1_1_1_1_1_1_1_1_1_1_2_1_1_1_2_2,90.88086532073382,12,7741,2021,"{""type"":""Point"",""coordinates"":[0.0,0.0]}"
1_1_1_1_1_1_1_1_1_1_1_1_1_1_1_1_1_1_1_1_1_1_1_1_1_1_1_2_1_1_1_2_3,1347111.762322318,21,7741,2021,"{""type"":""Point"",""coordinates"":[0.0,0.0]}"
1_1_1_1_1_1_1_1_1_1_1_1_1_1_1_1_1_1_1_1_1_1_1_1_1_1_1_2_1_1_1_2_4,494.88713839561245,22,7741,2021,"{""type"":""Point"",""coordinates"":[0.0,0.0]}"
1_1_1_1_1_1_1_1_1_1_1_1_1_1_1_1_1_1_1_1_1_1_1_1_1_1_1_2_1_1_1_2_5,1225.2210110408223,29,7741,2021,"{""type"":""Point"",""coordinates"":[0.0,0.0]}"
1_1_1_1_1_1_1_1_1_1_1_1_1_1_1_1_1_1_1_1_1_1_1_1_1_1_1_2_1_1_1_2_6,2057.570886924575,33,7741,2021,"{""type"":""Point"",""coordinates"":[0.0,0.0]}"
1_1_1_1_1_1_1_1_1_1_1_1_1_1_1_1_1_1_1_1_1_1_1_1_1_1_1_2_1_1_2_0,96041.84880607863,3,7741,2022,"{""type"":""Point"",""coordinates"":[0.0,0.0]}"
1_1_1_1_1_1_1_1_1_1_1_1_1_1_1_1_1_1_1_1_1_1_1_1_1_1_1_2_1_1_2_1,434575.3091566749,4,7741,2022,"{""type"":""Point"",""coordinates"":[0.0,0.0]}"
1_1_1_1_1_1_1_1_1_1_1_1_1_1_1_1_1_1_1_1_1_1_1_1_1_1_1_2_1_1_2_2,414.6758272519828,12,7741,2022,"{""type"":""Point"",""coordinates"":[0.0,0.0]}"
1_1_1_1_1_1_1_1_1_1_1_1_1_1_1_1_1_1_1_1_1_1_1_1_1_1_1_2_1_1_2_3,1340805.6770697355,21,7741,2022,"{""type"":""Point"",""coordinates"":[0.0,0.0]}"
1_1_1_1_1_1_1_1_1_1_1_1_1_1_1_1_1_1_1_1_1_1_1_1_1_1_1_2_1_1_2_4,1074.784054824123,22,7741,2022,"{""type"":""Point"",""coordinates"":[0.0,0.0]}"
1_1_1_1_1_1_1_1_1_1_1_1_1_1_1_1_1_1_1_1_1_1_1_1_1_1_1_2_1_1_2_5,2646.153399745731,29,7741,2022,"{""type"":""Point"",""coordinates"":[0.0,0.0]}"
1_1_1_1_1_1_1_1_1_1_1_1_1_1_1_1_1_1_1_1_1_1_1_1_1_1_1_2_1_1_2_6,2982.8106133634674,33,7741,2022,"{""type"":""Point"",""coordinates"":[0.0,0.0]}"
1_1_1_1_1_1_1_1_1_1_1_1_1_1_1_1_1_1_1_1_1_1_1_1_1_1_1_2_1_2_0,87425.69044353774,3,7741,2023,"{""type"":""Point"",""coordinates"":[0.0,0.0]}"
1_1_1_1_1_1_1_1_1_1_1_1_1_1_1_1_1_1_1_1_1_1_1_1_1_1_1_2_1_2_1,488324.1578039668,4,7741,2023,"{""type"":""Point"",""coordinates"":[0.0,0.0]}"
1_1_1_1_1_1_1_1_1_1_1_1_1_1_1_1_1_1_1_1_1_1_1_1_1_1_1_2_1_2_2,315.7498457365383,12,7741,2023,"{""type"":""Point"",""coordinates"":[0.0,0.0]}"
1_1_1_1_1_1_1_1_1_1_1_1_1_1_1_1_1_1_1_1_1_1_1_1_1_1_1_2_1_2_3,1296983.7504510384,21,7741,2023,"{""type"":""Point"",""coordinates"":[0.0,0.0]}"
1_1_1_1_1_1_1_1_1_1_1_1_1_1_1_1_1_1_1_1_1_1_1_1_1_1_1_2_1_2_4,568.9443063729559,22,7741,2023,"{""type"":""Point"",""coordinates"":[0.0,0.0]}"
1_1_1_1_1_1_1_1_1_1_1_1_1_1_1_1_1_1_1_1_1_1_1_1_1_1_1_2_1_2_5,2402.8018334169515,29,7741,2023,"{""type"":""Point"",""coordinates"":[0.0,0.0]}"
1_1_1_1_1_1_1_1_1_1_1_1_1_1_1_1_1_1_1_1_1_1_1_1_1_1_1_2_1_2_6,2520.1642436223083,33,7741,2023,"{""type"":""Point"",""coordinates"":[0.0,0.0]}"
1_1_1_1_1_1_1_1_1_1_1_1_1_1_1_1_1_1_1_1_1_1_1_1_1_1_1_2_2_0,84392.08138779849,3,7741,2024,"{""type"":""Point"",""coordinates"":[0.0,0.0]}"
1_1_1_1_1_1_1_1_1_1_1_1_1_1_1_1_1_1_1_1_1_1_1_1_1_1_1_2_2_1,571307.5707504958,4,7741,2024,"{""type"":""Point"",""coordinates"":[0.0,0.0]}"
1_1_1_1_1_1_1_1_1_1_1_1_1_1_1_1_1_1_1_1_1_1_1_1_1_1_1_2_2_2,39.01604584250056,12,7741,2024,"{""type"":""Point"",""coordinates"":[0.0,0.0]}"
1_1_1_1_1_1_1_1_1_1_1_1_1_1_1_1_1_1_1_1_1_1_1_1_1_1_1_2_2_3,1216638.292416934,21,7741,2024,"{""type"":""Point"",""coordinates"":[0.0,0.0]}"
1_1_1_1_1_1_1_1_1_1_1_1_1_1_1_1_1_1_1_1_1_1_1_1_1_1_1_2_2_4,118.617978989928,22,7741,2024,"{""type"":""Point"",""coordinates"":[0.0,0.0]}"
1_1_1_1_1_1_1_1_1_1_1_1_1_1_1_1_1_1_1_1_1_1_1_1_1_1_1_2_2_5,2118.0256685961676,29,7741,2024,"{""type"":""Point"",""coordinates"":[0.0,0.0]}"
1_1_1_1_1_1_1_1_1_1_1_1_1_1_1_1_1_1_1_1_1_1_1_1_1_1_1_2_2_6,3927.654678985021,33,7741,2024,"{""type"":""Point"",""coordinates"":[0.0,0.0]}"
1_1_1_1_1_1_1_1_1_1_1_1_1_1_1_1_1_1_1_1_1_1_1_1_1_1_2_1_1_1_1_1_1_1_1_2_0,30345.701790399446,3,7422,2016,"{""type"":""Point"",""coordinates"":[0.0,0.0]}"
1_1_1_1_1_1_1_1_1_1_1_1_1_1_1_1_1_1_1_1_1_1_1_1_1_1_2_1_1_1_1_1_1_1_1_2_1,1597117.1200279794,4,7422,2016,"{""type"":""Point"",""coordinates"":[0.0,0.0]}"
1_1_1_1_1_1_1_1_1_1_1_1_1_1_1_1_1_1_1_1_1_1_1_1_1_1_2_1_1_1_1_1_1_1_1_2_2,467.8692874747483,12,7422,2016,"{""type"":""Point"",""coordinates"":[0.0,0.0]}"
1_1_1_1_1_1_1_1_1_1_1_1_1_1_1_1_1_1_1_1_1_1_1_1_1_1_2_1_1_1_1_1_1_1_1_2_3,370589.43289918185,21,7422,2016,"{""type"":""Point"",""coordinates"":[0.0,0.0]}"
1_1_1_1_1_1_1_1_1_1_1_1_1_1_1_1_1_1_1_1_1_1_1_1_1_1_2_1_1_1_1_1_1_1_1_2_4,2143.1660245340004,22,7422,2016,"{""type"":""Point"",""coordinates"":[0.0,0.0]}"
1_1_1_1_1_1_1_1_1_1_1_1_1_1_1_1_1_1_1_1_1_1_1_1_1_1_2_1_1_1_1_1_1_1_1_2_5,638.461688054822,29,7422,2016,"{""type"":""Point"",""coordinates"":[0.0,0.0]}"
1_1_1_1_1_1_1_1_1_1_1_1_1_1_1_1_1_1_1_1_1_1_1_1_1_1_2_1_1_1_1_1_1_1_1_2_6,3000.717638800039,33,7422,2016,"{""type"":""Point"",""coordinates"":[0.0,0.0]}"
1_1_1_1_1_1_1_1_1_1_1_1_1_1_1_1_1_1_1_1_1_1_1_1_1_1_2_1_1_1_1_1_1_1_2_0,18911.064700364583,3,7422,2017,"{""type"":""Point"",""coordinates"":[0.0,0.0]}"
1_1_1_1_1_1_1_1_1_1_1_1_1_1_1_1_1_1_1_1_1_1_1_1_1_1_2_1_1_1_1_1_1_1_2_1,1612544.6873401157,4,7422,2017,"{""type"":""Point"",""coordinates"":[0.0,0.0]}"
1_1_1_1_1_1_1_1_1_1_1_1_1_1_1_1_1_1_1_1_1_1_1_1_1_1_2_1_1_1_1_1_1_1_2_2,24.04034154052734,12,7422,2017,"{""type"":""Point"",""coordinates"":[0.0,0.0]}"
1_1_1_1_1_1_1_1_1_1_1_1_1_1_1_1_1_1_1_1_1_1_1_1_1_1_2_1_1_1_1_1_1_1_2_3,370447.6530938137,21,7422,2017,"{""type"":""Point"",""coordinates"":[0.0,0.0]}"
1_1_1_1_1_1_1_1_1_1_1_1_1_1_1_1_1_1_1_1_1_1_1_1_1_1_2_1_1_1_1_1_1_1_2_4,70.44306348266599,22,7422,2017,"{""type"":""Point"",""coordinates"":[0.0,0.0]}"
1_1_1_1_1_1_1_1_1_1_1_1_1_1_1_1_1_1_1_1_1_1_1_1_1_1_2_1_1_1_1_1_1_1_2_5,40.95686311645508,29,7422,2017,"{""type"":""Point"",""coordinates"":[0.0,0.0]}"
1_1_1_1_1_1_1_1_1_1_1_1_1_1_1_1_1_1_1_1_1_1_1_1_1_1_2_1_1_1_1_1_1_1_2_6,2263.623953942875,33,7422,2017,"{""type"":""Point"",""coordinates"":[0.0,0.0]}"
1_1_1_1_1_1_1_1_1_1_1_1_1_1_1_1_1_1_1_1_1_1_1_1_1_1_2_1_1_1_1_1_1_2_0,17738.452434534516,3,7422,2018,"{""type"":""Point"",""coordinates"":[0.0,0.0]}"
1_1_1_1_1_1_1_1_1_1_1_1_1_1_1_1_1_1_1_1_1_1_1_1_1_1_2_1_1_1_1_1_1_2_1,1649263.8061177281,4,7422,2018,"{""type"":""Point"",""coordinates"":[0.0,0.0]}"
1_1_1_1_1_1_1_1_1_1_1_1_1_1_1_1_1_1_1_1_1_1_1_1_1_1_2_1_1_1_1_1_1_2_2,247.7966407856301,12,7422,2018,"{""type"":""Point"",""coordinates"":[0.0,0.0]}"
1_1_1_1_1_1_1_1_1_1_1_1_1_1_1_1_1_1_1_1_1_1_1_1_1_1_2_1_1_1_1_1_1_2_3,330010.52534257504,21,7422,2018,"{""type"":""Point"",""coordinates"":[0.0,0.0]}"
1_1_1_1_1_1_1_1_1_1_1_1_1_1_1_1_1_1_1_1_1_1_1_1_1_1_2_1_1_1_1_1_1_2_4,33.75227126464844,22,7422,2018,"{""type"":""Point"",""coordinates"":[0.0,0.0]}"
1_1_1_1_1_1_1_1_1_1_1_1_1_1_1_1_1_1_1_1_1_1_1_1_1_1_2_1_1_1_1_1_1_2_5,188.77445667114253,29,7422,2018,"{""type"":""Point"",""coordinates"":[0.0,0.0]}"
1_1_1_1_1_1_1_1_1_1_1_1_1_1_1_1_1_1_1_1_1_1_1_1_1_1_2_1_1_1_1_1_1_2_6,6819.3620928535765,33,7422,2018,"{""type"":""Point"",""coordinates"":[0.0,0.0]}"
1_1_1_1_1_1_1_1_1_1_1_1_1_1_1_1_1_1_1_1_1_1_1_1_1_1_2_1_1_1_1_1_2_0,34387.35189620588,3,7422,2019,"{""type"":""Point"",""coordinates"":[0.0,0.0]}"
1_1_1_1_1_1_1_1_1_1_1_1_1_1_1_1_1_1_1_1_1_1_1_1_1_1_2_1_1_1_1_1_2_1,1642105.626864894,4,7422,2019,"{""type"":""Point"",""coordinates"":[0.0,0.0]}"
1_1_1_1_1_1_1_1_1_1_1_1_1_1_1_1_1_1_1_1_1_1_1_1_1_1_2_1_1_1_1_1_2_2,267.95833286458344,12,7422,2019,"{""type"":""Point"",""coordinates"":[0.0,0.0]}"
1_1_1_1_1_1_1_1_1_1_1_1_1_1_1_1_1_1_1_1_1_1_1_1_1_1_2_1_1_1_1_1_2_3,320671.868959989,21,7422,2019,"{""type"":""Point"",""coordinates"":[0.0,0.0]}"
1_1_1_1_1_1_1_1_1_1_1_1_1_1_1_1_1_1_1_1_1_1_1_1_1_1_2_1_1_1_1_1_2_4,182.22992823486328,22,7422,2019,"{""type"":""Point"",""coordinates"":[0.0,0.0]}"
1_1_1_1_1_1_1_1_1_1_1_1_1_1_1_1_1_1_1_1_1_1_1_1_1_1_2_1_1_1_1_1_2_5,10.685564642333983,29,7422,2019,"{""type"":""Point"",""coordinates"":[0.0,0.0]}"
1_1_1_1_1_1_1_1_1_1_1_1_1_1_1_1_1_1_1_1_1_1_1_1_1_1_2_1_1_1_1_1_2_6,6676.7478096091345,33,7422,2019,"{""type"":""Point"",""coordinates"":[0.0,0.0]}"
1_1_1_1_1_1_1_1_1_1_1_1_1_1_1_1_1_1_1_1_1_1_1_1_1_1_2_1_1_1_1_2_0,30163.045529214247,3,7422,2020,"{""type"":""Point"",""coordinates"":[0.0,0.0]}"
1_1_1_1_1_1_1_1_1_1_1_1_1_1_1_1_1_1_1_1_1_1_1_1_1_1_2_1_1_1_1_2_1,1651780.8465424788,4,7422,2020,"{""type"":""Point"",""coordinates"":[0.0,0.0]}"
1_1_1_1_1_1_1_1_1_1_1_1_1_1_1_1_1_1_1_1_1_1_1_1_1_1_2_1_1_1_1_2_2,49.402527121270865,12,7422,2020,"{""type"":""Point"",""coordinates"":[0.0,0.0]}"
1_1_1_1_1_1_1_1_1_1_1_1_1_1_1_1_1_1_1_1_1_1_1_1_1_1_2_1_1_1_1_2_3,311799.5481659383,21,7422,2020,"{""type"":""Point"",""coordinates"":[0.0,0.0]}"
1_1_1_1_1_1_1_1_1_1_1_1_1_1_1_1_1_1_1_1_1_1_1_1_1_1_2_1_1_1_1_2_4,747.1958574890134,22,7422,2020,"{""type"":""Point"",""coordinates"":[0.0,0.0]}"
1_1_1_1_1_1_1_1_1_1_1_1_1_1_1_1_1_1_1_1_1_1_1_1_1_1_2_1_1_1_1_2_5,3.4722300964355464,29,7422,2020,"{""type"":""Point"",""coordinates"":[0.0,0.0]}"
1_1_1_1_1_1_1_1_1_1_1_1_1_1_1_1_1_1_1_1_1_1_1_1_1_1_2_1_1_1_1_2_6,9758.958504096283,33,7422,2020,"{""type"":""Point"",""coordinates"":[0.0,0.0]}"
1_1_1_1_1_1_1_1_1_1_1_1_1_1_1_1_1_1_1_1_1_1_1_1_1_1_2_1_1_1_2_0,20778.730109268574,3,7422,2021,"{""type"":""Point"",""coordinates"":[0.0,0.0]}"
1_1_1_1_1_1_1_1_1_1_1_1_1_1_1_1_1_1_1_1_1_1_1_1_1_1_2_1_1_1_2_1,1647847.824714142,4,7422,2021,"{""type"":""Point"",""coordinates"":[0.0,0.0]}"
1_1_1_1_1_1_1_1_1_1_1_1_1_1_1_1_1_1_1_1_1_1_1_1_1_1_2_1_1_1_2_2,61.62994212646483,12,7422,2021,"{""type"":""Point"",""coordinates"":[0.0,0.0]}"
1_1_1_1_1_1_1_1_1_1_1_1_1_1_1_1_1_1_1_1_1_1_1_1_1_1_2_1_1_1_2_3,325907.07605683384,21,7422,2021,"{""type"":""Point"",""coordinates"":[0.0,0.0]}"
1_1_1_1_1_1_1_1_1_1_1_1_1_1_1_1_1_1_1_1_1_1_1_1_1_1_2_1_1_1_2_4,2381.974080172501,22,7422,2021,"{""type"":""Point"",""coordinates"":[0.0,0.0]}"
1_1_1_1_1_1_1_1_1_1_1_1_1_1_1_1_1_1_1_1_1_1_1_1_1_1_2_1_1_1_2_5,1.5127760986328127,29,7422,2021,"{""type"":""Point"",""coordinates"":[0.0,0.0]}"
1_1_1_1_1_1_1_1_1_1_1_1_1_1_1_1_1_1_1_1_1_1_1_1_1_1_2_1_1_1_2_6,7323.721677803758,33,7422,2021,"{""type"":""Point"",""coordinates"":[0.0,0.0]}"
1_1_1_1_1_1_1_1_1_1_1_1_1_1_1_1_1_1_1_1_1_1_1_1_1_1_2_1_1_2_0,23660.325472116005,3,7422,2022,"{""type"":""Point"",""coordinates"":[0.0,0.0]}"
1_1_1_1_1_1_1_1_1_1_1_1_1_1_1_1_1_1_1_1_1_1_1_1_1_1_2_1_1_2_1,1636725.3905851415,4,7422,2022,"{""type"":""Point"",""coordinates"":[0.0,0.0]}"
1_1_1_1_1_1_1_1_1_1_1_1_1_1_1_1_1_1_1_1_1_1_1_1_1_1_2_1_1_2_2,196.04243999023439,12,7422,2022,"{""type"":""Point"",""coordinates"":[0.0,0.0]}"
1_1_1_1_1_1_1_1_1_1_1_1_1_1_1_1_1_1_1_1_1_1_1_1_1_1_2_1_1_2_3,336095.93226305494,21,7422,2022,"{""type"":""Point"",""coordinates"":[0.0,0.0]}"
1_1_1_1_1_1_1_1_1_1_1_1_1_1_1_1_1_1_1_1_1_1_1_1_1_1_2_1_1_2_4,529.422534962661,22,7422,2022,"{""type"":""Point"",""coordinates"":[0.0,0.0]}"
1_1_1_1_1_1_1_1_1_1_1_1_1_1_1_1_1_1_1_1_1_1_1_1_1_1_2_1_1_2_5,68.12913970037725,29,7422,2022,"{""type"":""Point"",""coordinates"":[0.0,0.0]}"
1_1_1_1_1_1_1_1_1_1_1_1_1_1_1_1_1_1_1_1_1_1_1_1_1_1_2_1_1_2_6,7027.226921448538,33,7422,2022,"{""type"":""Point"",""coordinates"":[0.0,0.0]}"
1_1_1_1_1_1_1_1_1_1_1_1_1_1_1_1_1_1_1_1_1_1_1_1_1_1_2_1_2_0,20292.492103947046,3,7422,2023,"{""type"":""Point"",""coordinates"":[0.0,0.0]}"
1_1_1_1_1_1_1_1_1_1_1_1_1_1_1_1_1_1_1_1_1_1_1_1_1_1_2_1_2_1,1618593.588139936,4,7422,2023,"{""type"":""Point"",""coordinates"":[0.0,0.0]}"
1_1_1_1_1_1_1_1_1_1_1_1_1_1_1_1_1_1_1_1_1_1_1_1_1_1_2_1_2_2,254.59767790125227,12,7422,2023,"{""type"":""Point"",""coordinates"":[0.0,0.0]}"
1_1_1_1_1_1_1_1_1_1_1_1_1_1_1_1_1_1_1_1_1_1_1_1_1_1_2_1_2_3,356635.7406697958,21,7422,2023,"{""type"":""Point"",""coordinates"":[0.0,0.0]}"
1_1_1_1_1_1_1_1_1_1_1_1_1_1_1_1_1_1_1_1_1_1_1_1_1_1_2_1_2_4,107.07847535400393,22,7422,2023,"{""type"":""Point"",""coordinates"":[0.0,0.0]}"
1_1_1_1_1_1_1_1_1_1_1_1_1_1_1_1_1_1_1_1_1_1_1_1_1_1_2_1_2_5,154.90769182332352,29,7422,2023,"{""type"":""Point"",""coordinates"":[0.0,0.0]}"
1_1_1_1_1_1_1_1_1_1_1_1_1_1_1_1_1_1_1_1_1_1_1_1_1_1_2_1_2_6,8264.064597642962,33,7422,2023,"{""type"":""Point"",""coordinates"":[0.0,0.0]}"
1_1_1_1_1_1_1_1_1_1_1_1_1_1_1_1_1_1_1_1_1_1_1_1_1_1_2_2_0,17582.60335324299,3,7422,2024,"{""type"":""Point"",""coordinates"":[0.0,0.0]}"
1_1_1_1_1_1_1_1_1_1_1_1_1_1_1_1_1_1_1_1_1_1_1_1_1_1_2_2_1,1627296.3037087088,4,7422,2024,"{""type"":""Point"",""coordinates"":[0.0,0.0]}"
1_1_1_1_1_1_1_1_1_1_1_1_1_1_1_1_1_1_1_1_1_1_1_1_1_1_2_2_2,1493.755957447892,12,7422,2024,"{""type"":""Point"",""coordinates"":[0.0,0.0]}"
1_1_1_1_1_1_1_1_1_1_1_1_1_1_1_1_1_1_1_1_1_1_1_1_1_1_2_2_3,344378.00786850735,21,7422,2024,"{""type"":""Point"",""coordinates"":[0.0,0.0]}"
1_1_1_1_1_1_1_1_1_1_1_1_1_1_1_1_1_1_1_1_1_1_1_1_1_1_2_2_4,4907.971452463092,22,7422,2024,"{""type"":""Point"",""coordinates"":[0.0,0.0]}"
1_1_1_1_1_1_1_1_1_1_1_1_1_1_1_1_1_1_1_1_1_1_1_1_1_1_2_2_5,97.49990398559571,29,7422,2024,"{""type"":""Point"",""coordinates"":[0.0,0.0]}"
1_1_1_1_1_1_1_1_1_1_1_1_1_1_1_1_1_1_1_1_1_1_1_1_1_1_2_2_6,8546.327112023571,33,7422,2024,"{""type"":""Point"",""coordinates"":[0.0,0.0]}"
1_1_1_1_1_1_1_1_1_1_1_1_1_1_1_1_1_1_1_1_1_1_1_1_1_2_1_1_1_1_1_1_1_1_2_0,4446.775037018749,3,76116,2016,"{""type"":""Point"",""coordinates"":[0.0,0.0]}"
1_1_1_1_1_1_1_1_1_1_1_1_1_1_1_1_1_1_1_1_1_1_1_1_1_2_1_1_1_1_1_1_1_1_2_1,1311328.5526560596,4,76116,2016,"{""type"":""Point"",""coordinates"":[0.0,0.0]}"
1_1_1_1_1_1_1_1_1_1_1_1_1_1_1_1_1_1_1_1_1_1_1_1_1_2_1_1_1_1_1_1_1_1_2_2,74.13902212361653,12,76116,2016,"{""type"":""Point"",""coordinates"":[0.0,0.0]}"
1_1_1_1_1_1_1_1_1_1_1_1_1_1_1_1_1_1_1_1_1_1_1_1_1_2_1_1_1_1_1_1_1_1_2_3,990030.8012185665,21,76116,2016,"{""type"":""Point"",""coordinates"":[0.0,0.0]}"
1_1_1_1_1_1_1_1_1_1_1_1_1_1_1_1_1_1_1_1_1_1_1_1_1_2_1_1_1_1_1_1_1_1_2_4,728.6370736273547,22,76116,2016,"{""type"":""Point"",""coordinates"":[0.0,0.0]}"
1_1_1_1_1_1_1_1_1_1_1_1_1_1_1_1_1_1_1_1_1_1_1_1_1_2_1_1_1_1_1_1_1_1_2_5,16.079141339111327,29,76116,2016,"{""type"":""Point"",""coordinates"":[0.0,0.0]}"
1_1_1_1_1_1_1_1_1_1_1_1_1_1_1_1_1_1_1_1_1_1_1_1_1_2_1_1_1_1_1_1_1_1_2_6,64844.35290059784,33,76116,2016,"{""type"":""Point"",""coordinates"":[0.0,0.0]}"
1_1_1_1_1_1_1_1_1_1_1_1_1_1_1_1_1_1_1_1_1_1_1_1_1_2_1_1_1_1_1_1_1_2_0,1208.0738505737822,3,76116,2017,"{""type"":""Point"",""coordinates"":[0.0,0.0]}"
1_1_1_1_1_1_1_1_1_1_1_1_1_1_1_1_1_1_1_1_1_1_1_1_1_2_1_1_1_1_1_1_1_2_1,1346693.9111210387,4,76116,2017,"{""type"":""Point"",""coordinates"":[0.0,0.0]}"
1_1_1_1_1_1_1_1_1_1_1_1_1_1_1_1_1_1_1_1_1_1_1_1_1_2_1_1_1_1_1_1_1_2_2,207.25480683007294,12,76116,2017,"{""type"":""Point"",""coordinates"":[0.0,0.0]}"
1_1_1_1_1_1_1_1_1_1_1_1_1_1_1_1_1_1_1_1_1_1_1_1_1_2_1_1_1_1_1_1_1_2_3,957440.1672063409,21,76116,2017,"{""type"":""Point"",""coordinates"":[0.0,0.0]}"
1_1_1_1_1_1_1_1_1_1_1_1_1_1_1_1_1_1_1_1_1_1_1_1_1_2_1_1_1_1_1_1_1_2_4,1118.4746111273548,22,76116,2017,"{""type"":""Point"",""coordinates"":[0.0,0.0]}"
1_1_1_1_1_1_1_1_1_1_1_1_1_1_1_1_1_1_1_1_1_1_1_1_1_2_1_1_1_1_1_1_1_2_5,28.26610031738281,29,76116,2017,"{""type"":""Point"",""coordinates"":[0.0,0.0]}"
1_1_1_1_1_1_1_1_1_1_1_1_1_1_1_1_1_1_1_1_1_1_1_1_1_2_1_1_1_1_1_1_1_2_6,64773.189353082766,33,76116,2017,"{""type"":""Point"",""coordinates"":[0.0,0.0]}"
1_1_1_1_1_1_1_1_1_1_1_1_1_1_1_1_1_1_1_1_1_1_1_1_1_2_1_1_1_1_1_1_2_0,2425.466722693225,3,76116,2018,"{""type"":""Point"",""coordinates"":[0.0,0.0]}"
1_1_1_1_1_1_1_1_1_1_1_1_1_1_1_1_1_1_1_1_1_1_1_1_1_2_1_1_1_1_1_1_2_1,1367630.787900767,4,76116,2018,"{""type"":""Point"",""coordinates"":[0.0,0.0]}"
1_1_1_1_1_1_1_1_1_1_1_1_1_1_1_1_1_1_1_1_1_1_1_1_1_2_1_1_1_1_1_1_2_2,239.58759931760304,12,76116,2018,"{""type"":""Point"",""coordinates"":[0.0,0.0]}"
1_1_1_1_1_1_1_1_1_1_1_1_1_1_1_1_1_1_1_1_1_1_1_1_1_2_1_1_1_1_1_1_2_3,928655.9979259387,21,76116,2018,"{""type"":""Point"",""coordinates"":[0.0,0.0]}"
1_1_1_1_1_1_1_1_1_1_1_1_1_1_1_1_1_1_1_1_1_1_1_1_1_2_1_1_1_1_1_1_2_4,5502.9789313522315,22,76116,2018,"{""type"":""Point"",""coordinates"":[0.0,0.0]}"
1_1_1_1_1_1_1_1_1_1_1_1_1_1_1_1_1_1_1_1_1_1_1_1_1_2_1_1_1_1_1_1_2_5,222.863358190918,29,76116,2018,"{""type"":""Point"",""coordinates"":[0.0,0.0]}"
1_1_1_1_1_1_1_1_1_1_1_1_1_1_1_1_1_1_1_1_1_1_1_1_1_2_1_1_1_1_1_1_2_6,66791.65461112687,33,76116,2018,"{""type"":""Point"",""coordinates"":[0.0,0.0]}"
1_1_1_1_1_1_1_1_1_1_1_1_1_1_1_1_1_1_1_1_1_1_1_1_1_2_1_1_1_1_1_2_0,617.2614521442016,3,76116,2019,"{""type"":""Point"",""coordinates"":[0.0,0.0]}"
1_1_1_1_1_1_1_1_1_1_1_1_1_1_1_1_1_1_1_1_1_1_1_1_1_2_1_1_1_1_1_2_1,1375971.703568889,4,76116,2019,"{""type"":""Point"",""coordinates"":[0.0,0.0]}"
1_1_1_1_1_1_1_1_1_1_1_1_1_1_1_1_1_1_1_1_1_1_1_1_1_2_1_1_1_1_1_2_2,1379.0031436259674,12,76116,2019,"{""type"":""Point"",""coordinates"":[0.0,0.0]}"
1_1_1_1_1_1_1_1_1_1_1_1_1_1_1_1_1_1_1_1_1_1_1_1_1_2_1_1_1_1_1_2_3,918520.1483106553,21,76116,2019,"{""type"":""Point"",""coordinates"":[0.0,0.0]}"
1_1_1_1_1_1_1_1_1_1_1_1_1_1_1_1_1_1_1_1_1_1_1_1_1_2_1_1_1_1_1_2_4,5866.8123284800095,22,76116,2019,"{""type"":""Point"",""coordinates"":[0.0,0.0]}"
1_1_1_1_1_1_1_1_1_1_1_1_1_1_1_1_1_1_1_1_1_1_1_1_1_2_1_1_1_1_1_2_5,1146.678570667795,29,76116,2019,"{""type"":""Point"",""coordinates"":[0.0,0.0]}"
1_1_1_1_1_1_1_1_1_1_1_1_1_1_1_1_1_1_1_1_1_1_1_1_1_2_1_1_1_1_1_2_6,67967.72967493045,33,76116,2019,"{""type"":""Point"",""coordinates"":[0.0,0.0]}"
1_1_1_1_1_1_1_1_1_1_1_1_1_1_1_1_1_1_1_1_1_1_1_1_1_2_1_1_1_1_2_0,661.071582453256,3,76116,2020,"{""type"":""Point"",""coordinates"":[0.0,0.0]}"
1_1_1_1_1_1_1_1_1_1_1_1_1_1_1_1_1_1_1_1_1_1_1_1_1_2_1_1_1_1_2_1,1388421.7434289474,4,76116,2020,"{""type"":""Point"",""coordinates"":[0.0,0.0]}"
1_1_1_1_1_1_1_1_1_1_1_1_1_1_1_1_1_1_1_1_1_1_1_1_1_2_1_1_1_1_2_2,411.92890762058585,12,76116,2020,"{""type"":""Point"",""coordinates"":[0.0,0.0]}"
1_1_1_1_1_1_1_1_1_1_1_1_1_1_1_1_1_1_1_1_1_1_1_1_1_2_1_1_1_1_2_3,907075.6849992238,21,76116,2020,"{""type"":""Point"",""coordinates"":[0.0,0.0]}"
1_1_1_1_1_1_1_1_1_1_1_1_1_1_1_1_1_1_1_1_1_1_1_1_1_2_1_1_1_1_2_4,3912.613912960967,22,76116,2020,"{""type"":""Point"",""coordinates"":[0.0,0.0]}"
1_1_1_1_1_1_1_1_1_1_1_1_1_1_1_1_1_1_1_1_1_1_1_1_1_2_1_1_1_1_2_5,1354.3744552473224,29,76116,2020,"{""type"":""Point"",""coordinates"":[0.0,0.0]}"
1_1_1_1_1_1_1_1_1_1_1_1_1_1_1_1_1_1_1_1_1_1_1_1_1_2_1_1_1_1_2_6,69631.91976294127,33,76116,2020,"{""type"":""Point"",""coordinates"":[0.0,0.0]}"
1_1_1_1_1_1_1_1_1_1_1_1_1_1_1_1_1_1_1_1_1_1_1_1_1_2_1_1_1_2_0,372.8595299065078,3,76116,2021,"{""type"":""Point"",""coordinates"":[0.0,0.0]}"
1_1_1_1_1_1_1_1_1_1_1_1_1_1_1_1_1_1_1_1_1_1_1_1_1_2_1_1_1_2_1,1400641.4991958695,4,76116,2021,"{""type"":""Point"",""coordinates"":[0.0,0.0]}"
1_1_1_1_1_1_1_1_1_1_1_1_1_1_1_1_1_1_1_1_1_1_1_1_1_2_1_1_1_2_2,1647.7893145843173,12,76116,2021,"{""type"":""Point"",""coordinates"":[0.0,0.0]}"
1_1_1_1_1_1_1_1_1_1_1_1_1_1_1_1_1_1_1_1_1_1_1_1_1_2_1_1_1_2_3,891510.2514482432,21,76116,2021,"{""type"":""Point"",""coordinates"":[0.0,0.0]}"
1_1_1_1_1_1_1_1_1_1_1_1_1_1_1_1_1_1_1_1_1_1_1_1_1_2_1_1_1_2_4,3706.099039665468,22,76116,2021,"{""type"":""Point"",""coordinates"":[0.0,0.0]}"
1_1_1_1_1_1_1_1_1_1_1_1_1_1_1_1_1_1_1_1_1_1_1_1_1_2_1_1_1_2_5,175.31944171331668,29,76116,2021,"{""type"":""Point"",""coordinates"":[0.0,0.0]}"
1_1_1_1_1_1_1_1_1_1_1_1_1_1_1_1_1_1_1_1_1_1_1_1_1_2_1_1_1_2_6,73415.51907943224,33,76116,2021,"{""type"":""Point"",""coordinates"":[0.0,0.0]}"
1_1_1_1_1_1_1_1_1_1_1_1_1_1_1_1_1_1_1_1_1_1_1_1_1_2_1_1_2_0,1393.5420047291504,3,76116,2022,"{""type"":""Point"",""coordinates"":[0.0,0.0]}"
1_1_1_1_1_1_1_1_1_1_1_1_1_1_1_1_1_1_1_1_1_1_1_1_1_2_1_1_2_1,1381189.6760949953,4,76116,2022,"{""type"":""Point"",""coordinates"":[0.0,0.0]}"
1_1_1_1_1_1_1_1_1_1_1_1_1_1_1_1_1_1_1_1_1_1_1_1_1_2_1_1_2_2,1916.802024844684,12,76116,2022,"{""type"":""Point"",""coordinates"":[0.0,0.0]}"
1_1_1_1_1_1_1_1_1_1_1_1_1_1_1_1_1_1_1_1_1_1_1_1_1_2_1_1_2_3,910713.5932407137,21,76116,2022,"{""type"":""Point"",""coordinates"":[0.0,0.0]}"
1_1_1_1_1_1_1_1_1_1_1_1_1_1_1_1_1_1_1_1_1_1_1_1_1_2_1_1_2_4,3164.38703771442,22,76116,2022,"{""type"":""Point"",""coordinates"":[0.0,0.0]}"
1_1_1_1_1_1_1_1_1_1_1_1_1_1_1_1_1_1_1_1_1_1_1_1_1_2_1_1_2_5,355.0483718017577,29,76116,2022,"{""type"":""Point"",""coordinates"":[0.0,0.0]}"
1_1_1_1_1_1_1_1_1_1_1_1_1_1_1_1_1_1_1_1_1_1_1_1_1_2_1_1_2_6,72736.28827465365,33,76116,2022,"{""type"":""Point"",""coordinates"":[0.0,0.0]}"
1_1_1_1_1_1_1_1_1_1_1_1_1_1_1_1_1_1_1_1_1_1_1_1_1_2_1_2_0,1004.158434775344,3,76116,2023,"{""type"":""Point"",""coordinates"":[0.0,0.0]}"
1_1_1_1_1_1_1_1_1_1_1_1_1_1_1_1_1_1_1_1_1_1_1_1_1_2_1_2_1,1356587.2503673143,4,76116,2023,"{""type"":""Point"",""coordinates"":[0.0,0.0]}"
1_1_1_1_1_1_1_1_1_1_1_1_1_1_1_1_1_1_1_1_1_1_1_1_1_2_1_2_2,998.7458110776413,12,76116,2023,"{""type"":""Point"",""coordinates"":[0.0,0.0]}"
1_1_1_1_1_1_1_1_1_1_1_1_1_1_1_1_1_1_1_1_1_1_1_1_1_2_1_2_3,937261.2714619045,21,76116,2023,"{""type"":""Point"",""coordinates"":[0.0,0.0]}"
1_1_1_1_1_1_1_1_1_1_1_1_1_1_1_1_1_1_1_1_1_1_1_1_1_2_1_2_4,432.9095625773589,22,76116,2023,"{""type"":""Point"",""coordinates"":[0.0,0.0]}"
1_1_1_1_1_1_1_1_1_1_1_1_1_1_1_1_1_1_1_1_1_1_1_1_1_2_1_2_5,1850.5373627284625,29,76116,2023,"{""type"":""Point"",""coordinates"":[0.0,0.0]}"
1_1_1_1_1_1_1_1_1_1_1_1_1_1_1_1_1_1_1_1_1_1_1_1_1_2_1_2_6,73334.46404909909,33,76116,2023,"{""type"":""Point"",""coordinates"":[0.0,0.0]}"
1_1_1_1_1_1_1_1_1_1_1_1_1_1_1_1_1_1_1_1_1_1_1_1_1_2_2_0,3154.65720584169,3,76116,2024,"{""type"":""Point"",""coordinates"":[0.0,0.0]}"
1_1_1_1_1_1_1_1_1_1_1_1_1_1_1_1_1_1_1_1_1_1_1_1_1_2_2_1,1278902.7087295572,4,76116,2024,"{""type"":""Point"",""coordinates"":[0.0,0.0]}"
1_1_1_1_1_1_1_1_1_1_1_1_1_1_1_1_1_1_1_1_1_1_1_1_1_2_2_2,1691.3741338308994,12,76116,2024,"{""type"":""Point"",""coordinates"":[0.0,0.0]}"
1_1_1_1_1_1_1_1_1_1_1_1_1_1_1_1_1_1_1_1_1_1_1_1_1_2_2_3,1008119.9504800081,21,76116,2024,"{""type"":""Point"",""coordinates"":[0.0,0.0]}"
1_1_1_1_1_1_1_1_1_1_1_1_1_1_1_1_1_1_1_1_1_1_1_1_1_2_2_4,6878.284056648106,22,76116,2024,"{""type"":""Point"",""coordinates"":[0.0,0.0]}"
1_1_1_1_1_1_1_1_1_1_1_1_1_1_1_1_1_1_1_1_1_1_1_1_1_2_2_5,457.9498181731098,29,76116,2024,"{""type"":""Point"",""coordinates"":[0.0,0.0]}"
1_1_1_1_1_1_1_1_1_1_1_1_1_1_1_1_1_1_1_1_1_1_1_1_1_2_2_6,72264.41262547826,33,76116,2024,"{""type"":""Point"",""coordinates"":[0.0,0.0]}"
1_1_1_1_1_1_1_1_1_1_1_1_1_1_1_1_1_1_1_1_1_1_1_1_2_1_1_1_1_1_1_1_1_2_0,33791.42597651201,3,7761,2016,"{""type"":""Point"",""coordinates"":[0.0,0.0]}"
1_1_1_1_1_1_1_1_1_1_1_1_1_1_1_1_1_1_1_1_1_1_1_1_2_1_1_1_1_1_1_1_1_2_1,757229.3774951133,4,7761,2016,"{""type"":""Point"",""coordinates"":[0.0,0.0]}"
1_1_1_1_1_1_1_1_1_1_1_1_1_1_1_1_1_1_1_1_1_1_1_1_2_1_1_1_1_1_1_1_1_2_2,2620.6565329850982,12,7761,2016,"{""type"":""Point"",""coordinates"":[0.0,0.0]}"
1_1_1_1_1_1_1_1_1_1_1_1_1_1_1_1_1_1_1_1_1_1_1_1_2_1_1_1_1_1_1_1_1_2_3,521109.3352197924,21,7761,2016,"{""type"":""Point"",""coordinates"":[0.0,0.0]}"
1_1_1_1_1_1_1_1_1_1_1_1_1_1_1_1_1_1_1_1_1_1_1_1_2_1_1_1_1_1_1_1_1_2_4,0.608248419189453,22,7761,2016,"{""type"":""Point"",""coordinates"":[0.0,0.0]}"
1_1_1_1_1_1_1_1_1_1_1_1_1_1_1_1_1_1_1_1_1_1_1_1_2_1_1_1_1_1_1_1_1_2_5,32.61418635864257,29,7761,2016,"{""type"":""Point"",""coordinates"":[0.0,0.0]}"
1_1_1_1_1_1_1_1_1_1_1_1_1_1_1_1_1_1_1_1_1_1_1_1_2_1_1_1_1_1_1_1_1_2_6,6690.281988220199,33,7761,2016,"{""type"":""Point"",""coordinates"":[0.0,0.0]}"
1_1_1_1_1_1_1_1_1_1_1_1_1_1_1_1_1_1_1_1_1_1_1_1_2_1_1_1_1_1_1_1_2_0,110401.10446895218,3,7761,2017,"{""type"":""Point"",""coordinates"":[0.0,0.0]}"
1_1_1_1_1_1_1_1_1_1_1_1_1_1_1_1_1_1_1_1_1_1_1_1_2_1_1_1_1_1_1_1_2_1,690941.7089970508,4,7761,2017,"{""type"":""Point"",""coordinates"":[0.0,0.0]}"
1_1_1_1_1_1_1_1_1_1_1_1_1_1_1_1_1_1_1_1_1_1_1_1_2_1_1_1_1_1_1_1_2_2,2550.94333013857,12,7761,2017,"{""type"":""Point"",""coordinates"":[0.0,0.0]}"
1_1_1_1_1_1_1_1_1_1_1_1_1_1_1_1_1_1_1_1_1_1_1_1_2_1_1_1_1_1_1_1_2_3,511508.83923115995,21,7761,2017,"{""type"":""Point"",""coordinates"":[0.0,0.0]}"
1_1_1_1_1_1_1_1_1_1_1_1_1_1_1_1_1_1_1_1_1_1_1_1_2_1_1_1_1_1_1_1_2_4,2.693323974609375,22,7761,2017,"{""type"":""Point"",""coordinates"":[0.0,0.0]}"
1_1_1_1_1_1_1_1_1_1_1_1_1_1_1_1_1_1_1_1_1_1_1_1_2_1_1_1_1_1_1_1_2_5,15.447162603759768,29,7761,2017,"{""type"":""Point"",""coordinates"":[0.0,0.0]}"
1_1_1_1_1_1_1_1_1_1_1_1_1_1_1_1_1_1_1_1_1_1_1_1_2_1_1_1_1_1_1_1_2_6,6053.563133475659,33,7761,2017,"{""type"":""Point"",""coordinates"":[0.0,0.0]}"
1_1_1_1_1_1_1_1_1_1_1_1_1_1_1_1_1_1_1_1_1_1_1_1_2_1_1_1_1_1_1_2_0,58931.33928044219,3,7761,2018,"{""type"":""Point"",""coordinates"":[0.0,0.0]}"
1_1_1_1_1_1_1_1_1_1_1_1_1_1_1_1_1_1_1_1_1_1_1_1_2_1_1_1_1_1_1_2_1,744300.9257631211,4,7761,2018,"{""type"":""Point"",""coordinates"":[0.0,0.0]}"
1_1_1_1_1_1_1_1_1_1_1_1_1_1_1_1_1_1_1_1_1_1_1_1_2_1_1_1_1_1_1_2_2,1665.7592432320455,12,7761,2018,"{""type"":""Point"",""coordinates"":[0.0,0.0]}"
1_1_1_1_1_1_1_1_1_1_1_1_1_1_1_1_1_1_1_1_1_1_1_1_2_1_1_1_1_1_1_2_3,510089.1179831886,21,7761,2018,"{""type"":""Point"",""coordinates"":[0.0,0.0]}"
1_1_1_1_1_1_1_1_1_1_1_1_1_1_1_1_1_1_1_1_1_1_1_1_2_1_1_1_1_1_1_2_4,1.9129315612792968,22,7761,2018,"{""type"":""Point"",""coordinates"":[0.0,0.0]}"
1_1_1_1_1_1_1_1_1_1_1_1_1_1_1_1_1_1_1_1_1_1_1_1_2_1_1_1_1_1_1_2_5,1133.591907950201,29,7761,2018,"{""type"":""Point"",""coordinates"":[0.0,0.0]}"
1_1_1_1_1_1_1_1_1_1_1_1_1_1_1_1_1_1_1_1_1_1_1_1_2_1_1_1_1_1_1_2_6,5351.652537866904,33,7761,2018,"{""type"":""Point"",""coordinates"":[0.0,0.0]}"
1_1_1_1_1_1_1_1_1_1_1_1_1_1_1_1_1_1_1_1_1_1_1_1_2_1_1_1_1_1_2_0,73579.67737935264,3,7761,2019,"{""type"":""Point"",""coordinates"":[0.0,0.0]}"
1_1_1_1_1_1_1_1_1_1_1_1_1_1_1_1_1_1_1_1_1_1_1_1_2_1_1_1_1_1_2_1,722735.5223384445,4,7761,2019,"{""type"":""Point"",""coordinates"":[0.0,0.0]}"
1_1_1_1_1_1_1_1_1_1_1_1_1_1_1_1_1_1_1_1_1_1_1_1_2_1_1_1_1_1_2_2,2478.8866587031425,12,7761,2019,"{""type"":""Point"",""coordinates"":[0.0,0.0]}"
1_1_1_1_1_1_1_1_1_1_1_1_1_1_1_1_1_1_1_1_1_1_1_1_2_1_1_1_1_1_2_3,515910.1053374057,21,7761,2019,"{""type"":""Point"",""coordinates"":[0.0,0.0]}"
1_1_1_1_1_1_1_1_1_1_1_1_1_1_1_1_1_1_1_1_1_1_1_1_2_1_1_1_1_1_2_4,357.9722065734853,22,7761,2019,"{""type"":""Point"",""coordinates"":[0.0,0.0]}"
1_1_1_1_1_1_1_1_1_1_1_1_1_1_1_1_1_1_1_1_1_1_1_1_2_1_1_1_1_1_2_5,694.4470758801039,29,7761,2019,"{""type"":""Point"",""coordinates"":[0.0,0.0]}"
1_1_1_1_1_1_1_1_1_1_1_1_1_1_1_1_1_1_1_1_1_1_1_1_2_1_1_1_1_1_2_6,5717.688651031787,33,7761,2019,"{""type"":""Point"",""coordinates"":[0.0,0.0]}"
1_1_1_1_1_1_1_1_1_1_1_1_1_1_1_1_1_1_1_1_1_1_1_1_2_1_1_1_1_2_0,75881.50563077632,3,7761,2020,"{""type"":""Point"",""coordinates"":[0.0,0.0]}"
1_1_1_1_1_1_1_1_1_1_1_1_1_1_1_1_1_1_1_1_1_1_1_1_2_1_1_1_1_2_1,722656.5087977131,4,7761,2020,"{""type"":""Point"",""coordinates"":[0.0,0.0]}"
1_1_1_1_1_1_1_1_1_1_1_1_1_1_1_1_1_1_1_1_1_1_1_1_2_1_1_1_1_2_2,4634.899030495582,12,7761,2020,"{""type"":""Point"",""coordinates"":[0.0,0.0]}"
1_1_1_1_1_1_1_1_1_1_1_1_1_1_1_1_1_1_1_1_1_1_1_1_2_1_1_1_1_2_3,511107.3850671932,21,7761,2020,"{""type"":""Point"",""coordinates"":[0.0,0.0]}"
1_1_1_1_1_1_1_1_1_1_1_1_1_1_1_1_1_1_1_1_1_1_1_1_2_1_1_1_1_2_4,151.14902341918943,22,7761,2020,"{""type"":""Point"",""coordinates"":[0.0,0.0]}"
1_1_1_1_1_1_1_1_1_1_1_1_1_1_1_1_1_1_1_1_1_1_1_1_2_1_1_1_1_2_5,907.8897826985717,29,7761,2020,"{""type"":""Point"",""coordinates"":[0.0,0.0]}"
1_1_1_1_1_1_1_1_1_1_1_1_1_1_1_1_1_1_1_1_1_1_1_1_2_1_1_1_1_2_6,6134.962315097222,33,7761,2020,"{""type"":""Point"",""coordinates"":[0.0,0.0]}"
1_1_1_1_1_1_1_1_1_1_1_1_1_1_1_1_1_1_1_1_1_1_1_1_2_1_1_1_2_0,50560.231149308034,3,7761,2021,"{""type"":""Point"",""coordinates"":[0.0,0.0]}"
1_1_1_1_1_1_1_1_1_1_1_1_1_1_1_1_1_1_1_1_1_1_1_1_2_1_1_1_2_1,754870.8756458375,4,7761,2021,"{""type"":""Point"",""coordinates"":[0.0,0.0]}"
1_1_1_1_1_1_1_1_1_1_1_1_1_1_1_1_1_1_1_1_1_1_1_1_2_1_1_1_2_2,3304.6814150048663,12,7761,2021,"{""type"":""Point"",""coordinates"":[0.0,0.0]}"
1_1_1_1_1_1_1_1_1_1_1_1_1_1_1_1_1_1_1_1_1_1_1_1_2_1_1_1_2_3,504127.287144322,21,7761,2021,"{""type"":""Point"",""coordinates"":[0.0,0.0]}"
1_1_1_1_1_1_1_1_1_1_1_1_1_1_1_1_1_1_1_1_1_1_1_1_2_1_1_1_2_4,2.952119287109375,22,7761,2021,"{""type"":""Point"",""coordinates"":[0.0,0.0]}"
1_1_1_1_1_1_1_1_1_1_1_1_1_1_1_1_1_1_1_1_1_1_1_1_2_1_1_1_2_5,15.371314788818356,29,7761,2021,"{""type"":""Point"",""coordinates"":[0.0,0.0]}"
1_1_1_1_1_1_1_1_1_1_1_1_1_1_1_1_1_1_1_1_1_1_1_1_2_1_1_1_2_6,8592.900858853927,33,7761,2021,"{""type"":""Point"",""coordinates"":[0.0,0.0]}"
1_1_1_1_1_1_1_1_1_1_1_1_1_1_1_1_1_1_1_1_1_1_1_1_2_1_1_2_0,54753.63580942874,3,7761,2022,"{""type"":""Point"",""coordinates"":[0.0,0.0]}"
1_1_1_1_1_1_1_1_1_1_1_1_1_1_1_1_1_1_1_1_1_1_1_1_2_1_1_2_1,784512.3348758487,4,7761,2022,"{""type"":""Point"",""coordinates"":[0.0,0.0]}"
1_1_1_1_1_1_1_1_1_1_1_1_1_1_1_1_1_1_1_1_1_1_1_1_2_1_1_2_2,4097.844825629743,12,7761,2022,"{""type"":""Point"",""coordinates"":[0.0,0.0]}"
1_1_1_1_1_1_1_1_1_1_1_1_1_1_1_1_1_1_1_1_1_1_1_1_2_1_1_2_3,469546.65889247967,21,7761,2022,"{""type"":""Point"",""coordinates"":[0.0,0.0]}"
1_1_1_1_1_1_1_1_1_1_1_1_1_1_1_1_1_1_1_1_1_1_1_1_2_1_1_2_4,8.44603420627968,22,7761,2022,"{""type"":""Point"",""coordinates"":[0.0,0.0]}"
1_1_1_1_1_1_1_1_1_1_1_1_1_1_1_1_1_1_1_1_1_1_1_1_2_1_1_2_5,129.7595069091797,29,7761,2022,"{""type"":""Point"",""coordinates"":[0.0,0.0]}"
1_1_1_1_1_1_1_1_1_1_1_1_1_1_1_1_1_1_1_1_1_1_1_1_2_1_1_2_6,8425.619702851494,33,7761,2022,"{""type"":""Point"",""coordinates"":[0.0,0.0]}"
1_1_1_1_1_1_1_1_1_1_1_1_1_1_1_1_1_1_1_1_1_1_1_1_2_1_2_0,52776.23367297352,3,7761,2023,"{""type"":""Point"",""coordinates"":[0.0,0.0]}"
1_1_1_1_1_1_1_1_1_1_1_1_1_1_1_1_1_1_1_1_1_1_1_1_2_1_2_1,790550.5916309564,4,7761,2023,"{""type"":""Point"",""coordinates"":[0.0,0.0]}"
1_1_1_1_1_1_1_1_1_1_1_1_1_1_1_1_1_1_1_1_1_1_1_1_2_1_2_2,2990.0868219809327,12,7761,2023,"{""type"":""Point"",""coordinates"":[0.0,0.0]}"
1_1_1_1_1_1_1_1_1_1_1_1_1_1_1_1_1_1_1_1_1_1_1_1_2_1_2_3,466448.7557015147,21,7761,2023,"{""type"":""Point"",""coordinates"":[0.0,0.0]}"
1_1_1_1_1_1_1_1_1_1_1_1_1_1_1_1_1_1_1_1_1_1_1_1_2_1_2_4,0.4340261474609375,22,7761,2023,"{""type"":""Point"",""coordinates"":[0.0,0.0]}"
1_1_1_1_1_1_1_1_1_1_1_1_1_1_1_1_1_1_1_1_1_1_1_1_2_1_2_5,82.37070715044808,29,7761,2023,"{""type"":""Point"",""coordinates"":[0.0,0.0]}"
1_1_1_1_1_1_1_1_1_1_1_1_1_1_1_1_1_1_1_1_1_1_1_1_2_1_2_6,8625.827086613433,33,7761,2023,"{""type"":""Point"",""coordinates"":[0.0,0.0]}"
1_1_1_1_1_1_1_1_1_1_1_1_1_1_1_1_1_1_1_1_1_1_1_1_2_2_0,79603.87351207672,3,7761,2024,"{""type"":""Point"",""coordinates"":[0.0,0.0]}"
1_1_1_1_1_1_1_1_1_1_1_1_1_1_1_1_1_1_1_1_1_1_1_1_2_2_1,759902.2480319508,4,7761,2024,"{""type"":""Point"",""coordinates"":[0.0,0.0]}"
1_1_1_1_1_1_1_1_1_1_1_1_1_1_1_1_1_1_1_1_1_1_1_1_2_2_2,1991.9317454036004,12,7761,2024,"{""type"":""Point"",""coordinates"":[0.0,0.0]}"
1_1_1_1_1_1_1_1_1_1_1_1_1_1_1_1_1_1_1_1_1_1_1_1_2_2_3,471338.04289573565,21,7761,2024,"{""type"":""Point"",""coordinates"":[0.0,0.0]}"
1_1_1_1_1_1_1_1_1_1_1_1_1_1_1_1_1_1_1_1_1_1_1_1_2_2_4,3.8136601405723427,22,7761,2024,"{""type"":""Point"",""coordinates"":[0.0,0.0]}"
1_1_1_1_1_1_1_1_1_1_1_1_1_1_1_1_1_1_1_1_1_1_1_1_2_2_5,262.4975582113828,29,7761,2024,"{""type"":""Point"",""coordinates"":[0.0,0.0]}"
1_1_1_1_1_1_1_1_1_1_1_1_1_1_1_1_1_1_1_1_1_1_1_1_2_2_6,8371.892243828848,33,7761,2024,"{""type"":""Point"",""coordinates"":[0.0,0.0]}"
1_1_1_1_1_1_1_1_1_1_1_1_1_1_1_1_1_1_1_1_1_1_1_2_1_1_1_1_1_1_1_1_2_0,17979.28342174802,3,7671,2016,"{""type"":""Point"",""coordinates"":[0.0,0.0]}"
1_1_1_1_1_1_1_1_1_1_1_1_1_1_1_1_1_1_1_1_1_1_1_2_1_1_1_1_1_1_1_1_2_1,469936.4767379362,4,7671,2016,"{""type"":""Point"",""coordinates"":[0.0,0.0]}"
1_1_1_1_1_1_1_1_1_1_1_1_1_1_1_1_1_1_1_1_1_1_1_2_1_1_1_1_1_1_1_1_2_2,831.859168437355,12,7671,2016,"{""type"":""Point"",""coordinates"":[0.0,0.0]}"
1_1_1_1_1_1_1_1_1_1_1_1_1_1_1_1_1_1_1_1_1_1_1_2_1_1_1_1_1_1_1_1_2_3,330446.4673956171,21,7671,2016,"{""type"":""Point"",""coordinates"":[0.0,0.0]}"
1_1_1_1_1_1_1_1_1_1_1_1_1_1_1_1_1_1_1_1_1_1_1_2_1_1_1_1_1_1_1_1_2_4,95.16553710947075,22,7671,2016,"{""type"":""Point"",""coordinates"":[0.0,0.0]}"
1_1_1_1_1_1_1_1_1_1_1_1_1_1_1_1_1_1_1_1_1_1_1_2_1_1_1_1_1_1_1_1_2_5,1108.3939994149935,29,7671,2016,"{""type"":""Point"",""coordinates"":[0.0,0.0]}"
1_1_1_1_1_1_1_1_1_1_1_1_1_1_1_1_1_1_1_1_1_1_1_2_1_1_1_1_1_1_1_1_2_6,13323.74090382003,33,7671,2016,"{""type"":""Point"",""coordinates"":[0.0,0.0]}"
1_1_1_1_1_1_1_1_1_1_1_1_1_1_1_1_1_1_1_1_1_1_1_2_1_1_1_1_1_1_1_2_0,19454.53702177802,3,7671,2017,"{""type"":""Point"",""coordinates"":[0.0,0.0]}"
1_1_1_1_1_1_1_1_1_1_1_1_1_1_1_1_1_1_1_1_1_1_1_2_1_1_1_1_1_1_1_2_1,473236.42702785373,4,7671,2017,"{""type"":""Point"",""coordinates"":[0.0,0.0]}"
1_1_1_1_1_1_1_1_1_1_1_1_1_1_1_1_1_1_1_1_1_1_1_2_1_1_1_1_1_1_1_2_2,304.24561299725696,12,7671,2017,"{""type"":""Point"",""coordinates"":[0.0,0.0]}"
1_1_1_1_1_1_1_1_1_1_1_1_1_1_1_1_1_1_1_1_1_1_1_2_1_1_1_1_1_1_1_2_3,327061.9823218242,21,7671,2017,"{""type"":""Point"",""coordinates"":[0.0,0.0]}"
1_1_1_1_1_1_1_1_1_1_1_1_1_1_1_1_1_1_1_1_1_1_1_2_1_1_1_1_1_1_1_2_4,54.26058551243201,22,7671,2017,"{""type"":""Point"",""coordinates"":[0.0,0.0]}"
1_1_1_1_1_1_1_1_1_1_1_1_1_1_1_1_1_1_1_1_1_1_1_2_1_1_1_1_1_1_1_2_5,1233.3449120514226,29,7671,2017,"{""type"":""Point"",""coordinates"":[0.0,0.0]}"
1_1_1_1_1_1_1_1_1_1_1_1_1_1_1_1_1_1_1_1_1_1_1_2_1_1_1_1_1_1_1_2_6,12376.589682082695,33,7671,2017,"{""type"":""Point"",""coordinates"":[0.0,0.0]}"
1_1_1_1_1_1_1_1_1_1_1_1_1_1_1_1_1_1_1_1_1_1_1_2_1_1_1_1_1_1_2_0,3123.540157957213,3,7671,2018,"{""type"":""Point"",""coordinates"":[0.0,0.0]}"
1_1_1_1_1_1_1_1_1_1_1_1_1_1_1_1_1_1_1_1_1_1_1_2_1_1_1_1_1_1_2_1,490543.14712869556,4,7671,2018,"{""type"":""Point"",""coordinates"":[0.0,0.0]}"
1_1_1_1_1_1_1_1_1_1_1_1_1_1_1_1_1_1_1_1_1_1_1_2_1_1_1_1_1_1_2_2,265.0736037238147,12,7671,2018,"{""type"":""Point"",""coordinates"":[0.0,0.0]}"
1_1_1_1_1_1_1_1_1_1_1_1_1_1_1_1_1_1_1_1_1_1_1_2_1_1_1_1_1_1_2_3,325174.6770831332,21,7671,2018,"{""type"":""Point"",""coordinates"":[0.0,0.0]}"
1_1_1_1_1_1_1_1_1_1_1_1_1_1_1_1_1_1_1_1_1_1_1_2_1_1_1_1_1_1_2_4,94.083424693795,22,7671,2018,"{""type"":""Point"",""coordinates"":[0.0,0.0]}"
1_1_1_1_1_1_1_1_1_1_1_1_1_1_1_1_1_1_1_1_1_1_1_2_1_1_1_1_1_1_2_5,2004.3706337398985,29,7671,2018,"{""type"":""Point"",""coordinates"":[0.0,0.0]}"
1_1_1_1_1_1_1_1_1_1_1_1_1_1_1_1_1_1_1_1_1_1_1_2_1_1_1_1_1_1_2_6,12516.495132142789,33,7671,2018,"{""type"":""Point"",""coordinates"":[0.0,0.0]}"
1_1_1_1_1_1_1_1_1_1_1_1_1_1_1_1_1_1_1_1_1_1_1_2_1_1_1_1_1_2_0,21968.412531828224,3,7671,2019,"{""type"":""Point"",""coordinates"":[0.0,0.0]}"
1_1_1_1_1_1_1_1_1_1_1_1_1_1_1_1_1_1_1_1_1_1_1_2_1_1_1_1_1_2_1,474054.36694651213,4,7671,2019,"{""type"":""Point"",""coordinates"":[0.0,0.0]}"
1_1_1_1_1_1_1_1_1_1_1_1_1_1_1_1_1_1_1_1_1_1_1_2_1_1_1_1_1_2_2,1759.5053207145684,12,7671,2019,"{""type"":""Point"",""coordinates"":[0.0,0.0]}"
1_1_1_1_1_1_1_1_1_1_1_1_1_1_1_1_1_1_1_1_1_1_1_2_1_1_1_1_1_2_3,319944.2624162086,21,7671,2019,"{""type"":""Point"",""coordinates"":[0.0,0.0]}"
1_1_1_1_1_1_1_1_1_1_1_1_1_1_1_1_1_1_1_1_1_1_1_2_1_1_1_1_1_2_4,524.8780038548374,22,7671,2019,"{""type"":""Point"",""coordinates"":[0.0,0.0]}"
1_1_1_1_1_1_1_1_1_1_1_1_1_1_1_1_1_1_1_1_1_1_1_2_1_1_1_1_1_2_5,1213.6924735396772,29,7671,2019,"{""type"":""Point"",""coordinates"":[0.0,0.0]}"
1_1_1_1_1_1_1_1_1_1_1_1_1_1_1_1_1_1_1_1_1_1_1_2_1_1_1_1_1_2_6,14256.269471445303,33,7671,2019,"{""type"":""Point"",""coordinates"":[0.0,0.0]}"
1_1_1_1_1_1_1_1_1_1_1_1_1_1_1_1_1_1_1_1_1_1_1_2_1_1_1_1_2_0,31166.207752047383,3,7671,2020,"{""type"":""Point"",""coordinates"":[0.0,0.0]}"
1_1_1_1_1_1_1_1_1_1_1_1_1_1_1_1_1_1_1_1_1_1_1_2_1_1_1_1_2_1,457905.3839800055,4,7671,2020,"{""type"":""Point"",""coordinates"":[0.0,0.0]}"
1_1_1_1_1_1_1_1_1_1_1_1_1_1_1_1_1_1_1_1_1_1_1_2_1_1_1_1_2_2,1549.5763278048396,12,7671,2020,"{""type"":""Point"",""coordinates"":[0.0,0.0]}"
1_1_1_1_1_1_1_1_1_1_1_1_1_1_1_1_1_1_1_1_1_1_1_2_1_1_1_1_2_3,325435.9597184792,21,7671,2020,"{""type"":""Point"",""coordinates"":[0.0,0.0]}"
1_1_1_1_1_1_1_1_1_1_1_1_1_1_1_1_1_1_1_1_1_1_1_2_1_1_1_1_2_4,106.50977212948068,22,7671,2020,"{""type"":""Point"",""coordinates"":[0.0,0.0]}"
1_1_1_1_1_1_1_1_1_1_1_1_1_1_1_1_1_1_1_1_1_1_1_2_1_1_1_1_2_5,967.657168479837,29,7671,2020,"{""type"":""Point"",""coordinates"":[0.0,0.0]}"
1_1_1_1_1_1_1_1_1_1_1_1_1_1_1_1_1_1_1_1_1_1_1_2_1_1_1_1_2_6,16590.092445127786,33,7671,2020,"{""type"":""Point"",""coordinates"":[0.0,0.0]}"
1_1_1_1_1_1_1_1_1_1_1_1_1_1_1_1_1_1_1_1_1_1_1_2_1_1_1_2_0,11938.651696465662,3,7671,2021,"{""type"":""Point"",""coordinates"":[0.0,0.0]}"
1_1_1_1_1_1_1_1_1_1_1_1_1_1_1_1_1_1_1_1_1_1_1_2_1_1_1_2_1,478648.70546110836,4,7671,2021,"{""type"":""Point"",""coordinates"":[0.0,0.0]}"
1_1_1_1_1_1_1_1_1_1_1_1_1_1_1_1_1_1_1_1_1_1_1_2_1_1_1_2_2,2019.7387073700295,12,7671,2021,"{""type"":""Point"",""coordinates"":[0.0,0.0]}"
1_1_1_1_1_1_1_1_1_1_1_1_1_1_1_1_1_1_1_1_1_1_1_2_1_1_1_2_3,325785.09030755033,21,7671,2021,"{""type"":""Point"",""coordinates"":[0.0,0.0]}"
1_1_1_1_1_1_1_1_1_1_1_1_1_1_1_1_1_1_1_1_1_1_1_2_1_1_1_2_4,10.01885140991211,22,7671,2021,"{""type"":""Point"",""coordinates"":[0.0,0.0]}"
1_1_1_1_1_1_1_1_1_1_1_1_1_1_1_1_1_1_1_1_1_1_1_2_1_1_1_2_5,583.3230594003256,29,7671,2021,"{""type"":""Point"",""coordinates"":[0.0,0.0]}"
1_1_1_1_1_1_1_1_1_1_1_1_1_1_1_1_1_1_1_1_1_1_1_2_1_1_1_2_6,14735.859080774233,33,7671,2021,"{""type"":""Point"",""coordinates"":[0.0,0.0]}"
1_1_1_1_1_1_1_1_1_1_1_1_1_1_1_1_1_1_1_1_1_1_1_2_1_1_2_0,27866.20928074559,3,7671,2022,"{""type"":""Point"",""coordinates"":[0.0,0.0]}"
1_1_1_1_1_1_1_1_1_1_1_1_1_1_1_1_1_1_1_1_1_1_1_2_1_1_2_1,473657.8900298603,4,7671,2022,"{""type"":""Point"",""coordinates"":[0.0,0.0]}"
1_1_1_1_1_1_1_1_1_1_1_1_1_1_1_1_1_1_1_1_1_1_1_2_1_1_2_2,769.1324355982401,12,7671,2022,"{""type"":""Point"",""coordinates"":[0.0,0.0]}"
1_1_1_1_1_1_1_1_1_1_1_1_1_1_1_1_1_1_1_1_1_1_1_2_1_1_2_3,315844.25131017854,21,7671,2022,"{""type"":""Point"",""coordinates"":[0.0,0.0]}"
1_1_1_1_1_1_1_1_1_1_1_1_1_1_1_1_1_1_1_1_1_1_1_2_1_1_2_4,1455.500683056788,22,7671,2022,"{""type"":""Point"",""coordinates"":[0.0,0.0]}"
1_1_1_1_1_1_1_1_1_1_1_1_1_1_1_1_1_1_1_1_1_1_1_2_1_1_2_5,387.1374830522861,29,7671,2022,"{""type"":""Point"",""coordinates"":[0.0,0.0]}"
1_1_1_1_1_1_1_1_1_1_1_1_1_1_1_1_1_1_1_1_1_1_1_2_1_1_2_6,13741.265941572527,33,7671,2022,"{""type"":""Point"",""coordinates"":[0.0,0.0]}"
1_1_1_1_1_1_1_1_1_1_1_1_1_1_1_1_1_1_1_1_1_1_1_2_1_2_0,20181.828833997984,3,7671,2023,"{""type"":""Point"",""coordinates"":[0.0,0.0]}"
1_1_1_1_1_1_1_1_1_1_1_1_1_1_1_1_1_1_1_1_1_1_1_2_1_2_1,483041.37994056725,4,7671,2023,"{""type"":""Point"",""coordinates"":[0.0,0.0]}"
1_1_1_1_1_1_1_1_1_1_1_1_1_1_1_1_1_1_1_1_1_1_1_2_1_2_2,534.0140047687847,12,7671,2023,"{""type"":""Point"",""coordinates"":[0.0,0.0]}"
1_1_1_1_1_1_1_1_1_1_1_1_1_1_1_1_1_1_1_1_1_1_1_2_1_2_3,314958.8738941027,21,7671,2023,"{""type"":""Point"",""coordinates"":[0.0,0.0]}"
1_1_1_1_1_1_1_1_1_1_1_1_1_1_1_1_1_1_1_1_1_1_1_2_1_2_4,2140.102970475741,22,7671,2023,"{""type"":""Point"",""coordinates"":[0.0,0.0]}"
1_1_1_1_1_1_1_1_1_1_1_1_1_1_1_1_1_1_1_1_1_1_1_2_1_2_5,553.3829183670357,29,7671,2023,"{""type"":""Point"",""coordinates"":[0.0,0.0]}"
1_1_1_1_1_1_1_1_1_1_1_1_1_1_1_1_1_1_1_1_1_1_1_2_1_2_6,12311.804601800004,33,7671,2023,"{""type"":""Point"",""coordinates"":[0.0,0.0]}"
1_1_1_1_1_1_1_1_1_1_1_1_1_1_1_1_1_1_1_1_1_1_1_2_2_0,11151.32993071675,3,7671,2024,"{""type"":""Point"",""coordinates"":[0.0,0.0]}"
1_1_1_1_1_1_1_1_1_1_1_1_1_1_1_1_1_1_1_1_1_1_1_2_2_1,477490.08996333677,4,7671,2024,"{""type"":""Point"",""coordinates"":[0.0,0.0]}"
1_1_1_1_1_1_1_1_1_1_1_1_1_1_1_1_1_1_1_1_1_1_1_2_2_2,1247.396497889285,12,7671,2024,"{""type"":""Point"",""coordinates"":[0.0,0.0]}"
1_1_1_1_1_1_1_1_1_1_1_1_1_1_1_1_1_1_1_1_1_1_1_2_2_3,329377.93208623555,21,7671,2024,"{""type"":""Point"",""coordinates"":[0.0,0.0]}"
1_1_1_1_1_1_1_1_1_1_1_1_1_1_1_1_1_1_1_1_1_1_1_2_2_4,147.96328203507963,22,7671,2024,"{""type"":""Point"",""coordinates"":[0.0,0.0]}"
1_1_1_1_1_1_1_1_1_1_1_1_1_1_1_1_1_1_1_1_1_1_1_2_2_5,1047.3470101226183,29,7671,2024,"{""type"":""Point"",""coordinates"":[0.0,0.0]}"
1_1_1_1_1_1_1_1_1_1_1_1_1_1_1_1_1_1_1_1_1_1_1_2_2_6,13259.328393681373,33,7671,2024,"{""type"":""Point"",""coordinates"":[0.0,0.0]}"
1_1_1_1_1_1_1_1_1_1_1_1_1_1_1_1_1_1_1_1_1_1_2_1_1_1_1_1_1_1_1_2_0,3472.4102533179835,3,7615,2016,"{""type"":""Point"",""coordinates"":[0.0,0.0]}"
1_1_1_1_1_1_1_1_1_1_1_1_1_1_1_1_1_1_1_1_1_1_2_1_1_1_1_1_1_1_1_2_1,1706821.133863164,4,7615,2016,"{""type"":""Point"",""coordinates"":[0.0,0.0]}"
1_1_1_1_1_1_1_1_1_1_1_1_1_1_1_1_1_1_1_1_1_1_2_1_1_1_1_1_1_1_1_2_2,123.94270662841811,12,7615,2016,"{""type"":""Point"",""coordinates"":[0.0,0.0]}"
1_1_1_1_1_1_1_1_1_1_1_1_1_1_1_1_1_1_1_1_1_1_2_1_1_1_1_1_1_1_1_2_3,854689.9999127126,21,7615,2016,"{""type"":""Point"",""coordinates"":[0.0,0.0]}"
1_1_1_1_1_1_1_1_1_1_1_1_1_1_1_1_1_1_1_1_1_1_2_1_1_1_1_1_1_1_1_2_4,1594.3979357373125,22,7615,2016,"{""type"":""Point"",""coordinates"":[0.0,0.0]}"
1_1_1_1_1_1_1_1_1_1_1_1_1_1_1_1_1_1_1_1_1_1_2_1_1_1_1_1_1_1_1_2_5,18.813564929199217,29,7615,2016,"{""type"":""Point"",""coordinates"":[0.0,0.0]}"
1_1_1_1_1_1_1_1_1_1_1_1_1_1_1_1_1_1_1_1_1_1_2_1_1_1_1_1_1_1_1_2_6,21879.31244011365,33,7615,2016,"{""type"":""Point"",""coordinates"":[0.0,0.0]}"
1_1_1_1_1_1_1_1_1_1_1_1_1_1_1_1_1_1_1_1_1_1_2_1_1_1_1_1_1_1_2_0,1287.9317794694002,3,7615,2017,"{""type"":""Point"",""coordinates"":[0.0,0.0]}"
1_1_1_1_1_1_1_1_1_1_1_1_1_1_1_1_1_1_1_1_1_1_2_1_1_1_1_1_1_1_2_1,1730097.3799651754,4,7615,2017,"{""type"":""Point"",""coordinates"":[0.0,0.0]}"
1_1_1_1_1_1_1_1_1_1_1_1_1_1_1_1_1_1_1_1_1_1_2_1_1_1_1_1_1_1_2_2,33.25879239501954,12,7615,2017,"{""type"":""Point"",""coordinates"":[0.0,0.0]}"
1_1_1_1_1_1_1_1_1_1_1_1_1_1_1_1_1_1_1_1_1_1_2_1_1_1_1_1_1_1_2_3,835201.8393779435,21,7615,2017,"{""type"":""Point"",""coordinates"":[0.0,0.0]}"
1_1_1_1_1_1_1_1_1_1_1_1_1_1_1_1_1_1_1_1_1_1_2_1_1_1_1_1_1_1_2_4,177.85840371732814,22,7615,2017,"{""type"":""Point"",""coordinates"":[0.0,0.0]}"
1_1_1_1_1_1_1_1_1_1_1_1_1_1_1_1_1_1_1_1_1_1_2_1_1_1_1_1_1_1_2_5,20.320714099121094,29,7615,2017,"{""type"":""Point"",""coordinates"":[0.0,0.0]}"
1_1_1_1_1_1_1_1_1_1_1_1_1_1_1_1_1_1_1_1_1_1_2_1_1_1_1_1_1_1_2_6,21781.421643814516,33,7615,2017,"{""type"":""Point"",""coordinates"":[0.0,0.0]}"
1_1_1_1_1_1_1_1_1_1_1_1_1_1_1_1_1_1_1_1_1_1_2_1_1_1_1_1_1_2_0,3699.1096436573134,3,7615,2018,"{""type"":""Point"",""coordinates"":[0.0,0.0]}"
1_1_1_1_1_1_1_1_1_1_1_1_1_1_1_1_1_1_1_1_1_1_2_1_1_1_1_1_1_2_1,1799074.3972981437,4,7615,2018,"{""type"":""Point"",""coordinates"":[0.0,0.0]}"
1_1_1_1_1_1_1_1_1_1_1_1_1_1_1_1_1_1_1_1_1_1_2_1_1_1_1_1_1_2_2,172.79625941162126,12,7615,2018,"{""type"":""Point"",""coordinates"":[0.0,0.0]}"
1_1_1_1_1_1_1_1_1_1_1_1_1_1_1_1_1_1_1_1_1_1_2_1_1_1_1_1_1_2_3,736102.0110933782,21,7615,2018,"{""type"":""Point"",""coordinates"":[0.0,0.0]}"
1_1_1_1_1_1_1_1_1_1_1_1_1_1_1_1_1_1_1_1_1_1_2_1_1_1_1_1_1_2_4,27180.595986454853,22,7615,2018,"{""type"":""Point"",""coordinates"":[0.0,0.0]}"
1_1_1_1_1_1_1_1_1_1_1_1_1_1_1_1_1_1_1_1_1_1_2_1_1_1_1_1_1_2_5,220.03909266895968,29,7615,2018,"{""type"":""Point"",""coordinates"":[0.0,0.0]}"
1_1_1_1_1_1_1_1_1_1_1_1_1_1_1_1_1_1_1_1_1_1_2_1_1_1_1_1_1_2_6,22151.061302950588,33,7615,2018,"{""type"":""Point"",""coordinates"":[0.0,0.0]}"
1_1_1_1_1_1_1_1_1_1_1_1_1_1_1_1_1_1_1_1_1_1_2_1_1_1_1_1_2_0,4938.726479353539,3,7615,2019,"{""type"":""Point"",""coordinates"":[0.0,0.0]}"
1_1_1_1_1_1_1_1_1_1_1_1_1_1_1_1_1_1_1_1_1_1_2_1_1_1_1_1_2_1,1800534.6278401597,4,7615,2019,"{""type"":""Point"",""coordinates"":[0.0,0.0]}"
1_1_1_1_1_1_1_1_1_1_1_1_1_1_1_1_1_1_1_1_1_1_2_1_1_1_1_1_2_2,190.35928032619097,12,7615,2019,"{""type"":""Point"",""coordinates"":[0.0,0.0]}"
1_1_1_1_1_1_1_1_1_1_1_1_1_1_1_1_1_1_1_1_1_1_2_1_1_1_1_1_2_3,754745.0215950244,21,7615,2019,"{""type"":""Point"",""coordinates"":[0.0,0.0]}"
1_1_1_1_1_1_1_1_1_1_1_1_1_1_1_1_1_1_1_1_1_1_2_1_1_1_1_1_2_4,3447.785865742597,22,7615,2019,"{""type"":""Point"",""coordinates"":[0.0,0.0]}"
1_1_1_1_1_1_1_1_1_1_1_1_1_1_1_1_1_1_1_1_1_1_2_1_1_1_1_1_2_5,401.0996090881345,29,7615,2019,"{""type"":""Point"",""coordinates"":[0.0,0.0]}"
1_1_1_1_1_1_1_1_1_1_1_1_1_1_1_1_1_1_1_1_1_1_2_1_1_1_1_1_2_6,24342.39000685359,33,7615,2019,"{""type"":""Point"",""coordinates"":[0.0,0.0]}"
1_1_1_1_1_1_1_1_1_1_1_1_1_1_1_1_1_1_1_1_1_1_2_1_1_1_1_2_0,2378.151861383808,3,7615,2020,"{""type"":""Point"",""coordinates"":[0.0,0.0]}"
1_1_1_1_1_1_1_1_1_1_1_1_1_1_1_1_1_1_1_1_1_1_2_1_1_1_1_2_1,1816112.2528836092,4,7615,2020,"{""type"":""Point"",""coordinates"":[0.0,0.0]}"
1_1_1_1_1_1_1_1_1_1_1_1_1_1_1_1_1_1_1_1_1_1_2_1_1_1_1_2_2,327.1865375891102,12,7615,2020,"{""type"":""Point"",""coordinates"":[0.0,0.0]}"
1_1_1_1_1_1_1_1_1_1_1_1_1_1_1_1_1_1_1_1_1_1_2_1_1_1_1_2_3,734249.578578836,21,7615,2020,"{""type"":""Point"",""coordinates"":[0.0,0.0]}"
1_1_1_1_1_1_1_1_1_1_1_1_1_1_1_1_1_1_1_1_1_1_2_1_1_1_1_2_4,11390.642011977063,22,7615,2020,"{""type"":""Point"",""coordinates"":[0.0,0.0]}"
1_1_1_1_1_1_1_1_1_1_1_1_1_1_1_1_1_1_1_1_1_1_2_1_1_1_1_2_5,129.64953190611593,29,7615,2020,"{""type"":""Point"",""coordinates"":[0.0,0.0]}"
1_1_1_1_1_1_1_1_1_1_1_1_1_1_1_1_1_1_1_1_1_1_2_1_1_1_1_2_6,24012.54927132458,33,7615,2020,"{""type"":""Point"",""coordinates"":[0.0,0.0]}"
1_1_1_1_1_1_1_1_1_1_1_1_1_1_1_1_1_1_1_1_1_1_2_1_1_1_2_0,2724.8509121079605,3,7615,2021,"{""type"":""Point"",""coordinates"":[0.0,0.0]}"
1_1_1_1_1_1_1_1_1_1_1_1_1_1_1_1_1_1_1_1_1_1_2_1_1_1_2_1,1825134.241591861,4,7615,2021,"{""type"":""Point"",""coordinates"":[0.0,0.0]}"
1_1_1_1_1_1_1_1_1_1_1_1_1_1_1_1_1_1_1_1_1_1_2_1_1_1_2_2,325.590110855018,12,7615,2021,"{""type"":""Point"",""coordinates"":[0.0,0.0]}"
1_1_1_1_1_1_1_1_1_1_1_1_1_1_1_1_1_1_1_1_1_1_2_1_1_1_2_3,725804.8181902963,21,7615,2021,"{""type"":""Point"",""coordinates"":[0.0,0.0]}"
1_1_1_1_1_1_1_1_1_1_1_1_1_1_1_1_1_1_1_1_1_1_2_1_1_1_2_4,12111.665195091047,22,7615,2021,"{""type"":""Point"",""coordinates"":[0.0,0.0]}"
1_1_1_1_1_1_1_1_1_1_1_1_1_1_1_1_1_1_1_1_1_1_2_1_1_1_2_5,504.639420385742,29,7615,2021,"{""type"":""Point"",""coordinates"":[0.0,0.0]}"
1_1_1_1_1_1_1_1_1_1_1_1_1_1_1_1_1_1_1_1_1_1_2_1_1_1_2_6,21994.205256088542,33,7615,2021,"{""type"":""Point"",""coordinates"":[0.0,0.0]}"
1_1_1_1_1_1_1_1_1_1_1_1_1_1_1_1_1_1_1_1_1_1_2_1_1_2_0,2760.3122617170698,3,7615,2022,"{""type"":""Point"",""coordinates"":[0.0,0.0]}"
1_1_1_1_1_1_1_1_1_1_1_1_1_1_1_1_1_1_1_1_1_1_2_1_1_2_1,1789613.5240974885,4,7615,2022,"{""type"":""Point"",""coordinates"":[0.0,0.0]}"
1_1_1_1_1_1_1_1_1_1_1_1_1_1_1_1_1_1_1_1_1_1_2_1_1_2_2,330.0033601653205,12,7615,2022,"{""type"":""Point"",""coordinates"":[0.0,0.0]}"
1_1_1_1_1_1_1_1_1_1_1_1_1_1_1_1_1_1_1_1_1_1_2_1_1_2_3,762679.7247178226,21,7615,2022,"{""type"":""Point"",""coordinates"":[0.0,0.0]}"
1_1_1_1_1_1_1_1_1_1_1_1_1_1_1_1_1_1_1_1_1_1_2_1_1_2_4,9556.731745884079,22,7615,2022,"{""type"":""Point"",""coordinates"":[0.0,0.0]}"
1_1_1_1_1_1_1_1_1_1_1_1_1_1_1_1_1_1_1_1_1_1_2_1_1_2_5,3208.5194781619516,29,7615,2022,"{""type"":""Point"",""coordinates"":[0.0,0.0]}"
1_1_1_1_1_1_1_1_1_1_1_1_1_1_1_1_1_1_1_1_1_1_2_1_1_2_6,20451.19501541827,33,7615,2022,"{""type"":""Point"",""coordinates"":[0.0,0.0]}"
1_1_1_1_1_1_1_1_1_1_1_1_1_1_1_1_1_1_1_1_1_1_2_1_2_0,4250.878594829806,3,7615,2023,"{""type"":""Point"",""coordinates"":[0.0,0.0]}"
1_1_1_1_1_1_1_1_1_1_1_1_1_1_1_1_1_1_1_1_1_1_2_1_2_1,1764596.310979764,4,7615,2023,"{""type"":""Point"",""coordinates"":[0.0,0.0]}"
1_1_1_1_1_1_1_1_1_1_1_1_1_1_1_1_1_1_1_1_1_1_2_1_2_2,112.727270513916,12,7615,2023,"{""type"":""Point"",""coordinates"":[0.0,0.0]}"
1_1_1_1_1_1_1_1_1_1_1_1_1_1_1_1_1_1_1_1_1_1_2_1_2_3,789138.2713314078,21,7615,2023,"{""type"":""Point"",""coordinates"":[0.0,0.0]}"
1_1_1_1_1_1_1_1_1_1_1_1_1_1_1_1_1_1_1_1_1_1_2_1_2_4,8528.349199177792,22,7615,2023,"{""type"":""Point"",""coordinates"":[0.0,0.0]}"
1_1_1_1_1_1_1_1_1_1_1_1_1_1_1_1_1_1_1_1_1_1_2_1_2_5,514.3553056227736,29,7615,2023,"{""type"":""Point"",""coordinates"":[0.0,0.0]}"
1_1_1_1_1_1_1_1_1_1_1_1_1_1_1_1_1_1_1_1_1_1_2_1_2_6,21459.117995348697,33,7615,2023,"{""type"":""Point"",""coordinates"":[0.0,0.0]}"
1_1_1_1_1_1_1_1_1_1_1_1_1_1_1_1_1_1_1_1_1_1_2_2_0,10101.456870921325,3,7615,2024,"{""type"":""Point"",""coordinates"":[0.0,0.0]}"
1_1_1_1_1_1_1_1_1_1_1_1_1_1_1_1_1_1_1_1_1_1_2_2_1,1730511.1737031846,4,7615,2024,"{""type"":""Point"",""coordinates"":[0.0,0.0]}"
1_1_1_1_1_1_1_1_1_1_1_1_1_1_1_1_1_1_1_1_1_1_2_2_2,31.614978747558588,12,7615,2024,"{""type"":""Point"",""coordinates"":[0.0,0.0]}"
1_1_1_1_1_1_1_1_1_1_1_1_1_1_1_1_1_1_1_1_1_1_2_2_3,808428.5772372168,21,7615,2024,"{""type"":""Point"",""coordinates"":[0.0,0.0]}"
1_1_1_1_1_1_1_1_1_1_1_1_1_1_1_1_1_1_1_1_1_1_2_2_4,18269.454145636657,22,7615,2024,"{""type"":""Point"",""coordinates"":[0.0,0.0]}"
1_1_1_1_1_1_1_1_1_1_1_1_1_1_1_1_1_1_1_1_1_1_2_2_5,822.2530902394727,29,7615,2024,"{""type"":""Point"",""coordinates"":[0.0,0.0]}"
1_1_1_1_1_1_1_1_1_1_1_1_1_1_1_1_1_1_1_1_1_1_2_2_6,20435.48065072823,33,7615,2024,"{""type"":""Point"",""coordinates"":[0.0,0.0]}"
1_1_1_1_1_1_1_1_1_1_1_1_1_1_1_1_1_1_1_1_1_2_1_1_1_1_1_1_1_1_2_0,18646.600501443227,3,7411,2016,"{""type"":""Point"",""coordinates"":[0.0,0.0]}"
1_1_1_1_1_1_1_1_1_1_1_1_1_1_1_1_1_1_1_1_1_2_1_1_1_1_1_1_1_1_2_1,586041.6451176538,4,7411,2016,"{""type"":""Point"",""coordinates"":[0.0,0.0]}"
1_1_1_1_1_1_1_1_1_1_1_1_1_1_1_1_1_1_1_1_1_2_1_1_1_1_1_1_1_1_2_2,3.664223059321385,12,7411,2016,"{""type"":""Point"",""coordinates"":[0.0,0.0]}"
1_1_1_1_1_1_1_1_1_1_1_1_1_1_1_1_1_1_1_1_1_2_1_1_1_1_1_1_1_1_2_3,55225.04012386567,21,7411,2016,"{""type"":""Point"",""coordinates"":[0.0,0.0]}"
1_1_1_1_1_1_1_1_1_1_1_1_1_1_1_1_1_1_1_1_1_2_1_1_1_1_1_1_1_1_2_4,7897.076035269072,22,7411,2016,"{""type"":""Point"",""coordinates"":[0.0,0.0]}"
1_1_1_1_1_1_1_1_1_1_1_1_1_1_1_1_1_1_1_1_1_2_1_1_1_1_1_1_1_1_2_5,1609.801005789747,33,7411,2016,"{""type"":""Point"",""coordinates"":[0.0,0.0]}"
1_1_1_1_1_1_1_1_1_1_1_1_1_1_1_1_1_1_1_1_1_2_1_1_1_1_1_1_1_2_0,34172.389120882595,3,7411,2017,"{""type"":""Point"",""coordinates"":[0.0,0.0]}"
1_1_1_1_1_1_1_1_1_1_1_1_1_1_1_1_1_1_1_1_1_2_1_1_1_1_1_1_1_2_1,572876.5629950173,4,7411,2017,"{""type"":""Point"",""coordinates"":[0.0,0.0]}"
1_1_1_1_1_1_1_1_1_1_1_1_1_1_1_1_1_1_1_1_1_2_1_1_1_1_1_1_1_2_2,6.867731079101562,12,7411,2017,"{""type"":""Point"",""coordinates"":[0.0,0.0]}"
1_1_1_1_1_1_1_1_1_1_1_1_1_1_1_1_1_1_1_1_1_2_1_1_1_1_1_1_1_2_3,59784.92402598694,21,7411,2017,"{""type"":""Point"",""coordinates"":[0.0,0.0]}"
1_1_1_1_1_1_1_1_1_1_1_1_1_1_1_1_1_1_1_1_1_2_1_1_1_1_1_1_1_2_4,945.3766768135808,22,7411,2017,"{""type"":""Point"",""coordinates"":[0.0,0.0]}"
1_1_1_1_1_1_1_1_1_1_1_1_1_1_1_1_1_1_1_1_1_2_1_1_1_1_1_1_1_2_5,1637.7064573257032,33,7411,2017,"{""type"":""Point"",""coordinates"":[0.0,0.0]}"
1_1_1_1_1_1_1_1_1_1_1_1_1_1_1_1_1_1_1_1_1_2_1_1_1_1_1_1_2_0,46467.25346586669,3,7411,2018,"{""type"":""Point"",""coordinates"":[0.0,0.0]}"
1_1_1_1_1_1_1_1_1_1_1_1_1_1_1_1_1_1_1_1_1_2_1_1_1_1_1_1_2_1,562737.4783218738,4,7411,2018,"{""type"":""Point"",""coordinates"":[0.0,0.0]}"
1_1_1_1_1_1_1_1_1_1_1_1_1_1_1_1_1_1_1_1_1_2_1_1_1_1_1_1_2_2,35.246789782954195,12,7411,2018,"{""type"":""Point"",""coordinates"":[0.0,0.0]}"
1_1_1_1_1_1_1_1_1_1_1_1_1_1_1_1_1_1_1_1_1_2_1_1_1_1_1_1_2_3,56703.01088357661,21,7411,2018,"{""type"":""Point"",""coordinates"":[0.0,0.0]}"
1_1_1_1_1_1_1_1_1_1_1_1_1_1_1_1_1_1_1_1_1_2_1_1_1_1_1_1_2_4,891.7285974900668,22,7411,2018,"{""type"":""Point"",""coordinates"":[0.0,0.0]}"
1_1_1_1_1_1_1_1_1_1_1_1_1_1_1_1_1_1_1_1_1_2_1_1_1_1_1_1_2_5,16.946354028320314,29,7411,2018,"{""type"":""Point"",""coordinates"":[0.0,0.0]}"
1_1_1_1_1_1_1_1_1_1_1_1_1_1_1_1_1_1_1_1_1_2_1_1_1_1_1_1_2_6,2572.162594505937,33,7411,2018,"{""type"":""Point"",""coordinates"":[0.0,0.0]}"
1_1_1_1_1_1_1_1_1_1_1_1_1_1_1_1_1_1_1_1_1_2_1_1_1_1_1_2_0,41090.58719672254,3,7411,2019,"{""type"":""Point"",""coordinates"":[0.0,0.0]}"
1_1_1_1_1_1_1_1_1_1_1_1_1_1_1_1_1_1_1_1_1_2_1_1_1_1_1_2_1,570638.6562520156,4,7411,2019,"{""type"":""Point"",""coordinates"":[0.0,0.0]}"
1_1_1_1_1_1_1_1_1_1_1_1_1_1_1_1_1_1_1_1_1_2_1_1_1_1_1_2_2,44.131407611610555,12,7411,2019,"{""type"":""Point"",""coordinates"":[0.0,0.0]}"
1_1_1_1_1_1_1_1_1_1_1_1_1_1_1_1_1_1_1_1_1_2_1_1_1_1_1_2_3,53667.31170847486,21,7411,2019,"{""type"":""Point"",""coordinates"":[0.0,0.0]}"
1_1_1_1_1_1_1_1_1_1_1_1_1_1_1_1_1_1_1_1_1_2_1_1_1_1_1_2_4,1055.3015162467932,22,7411,2019,"{""type"":""Point"",""coordinates"":[0.0,0.0]}"
1_1_1_1_1_1_1_1_1_1_1_1_1_1_1_1_1_1_1_1_1_2_1_1_1_1_1_2_5,2927.8389260524305,33,7411,2019,"{""type"":""Point"",""coordinates"":[0.0,0.0]}"
1_1_1_1_1_1_1_1_1_1_1_1_1_1_1_1_1_1_1_1_1_2_1_1_1_1_2_0,41367.437457294305,3,7411,2020,"{""type"":""Point"",""coordinates"":[0.0,0.0]}"
1_1_1_1_1_1_1_1_1_1_1_1_1_1_1_1_1_1_1_1_1_2_1_1_1_1_2_1,569750.5699314437,4,7411,2020,"{""type"":""Point"",""coordinates"":[0.0,0.0]}"
1_1_1_1_1_1_1_1_1_1_1_1_1_1_1_1_1_1_1_1_1_2_1_1_1_1_2_2,8.363918490660422,12,7411,2020,"{""type"":""Point"",""coordinates"":[0.0,0.0]}"
1_1_1_1_1_1_1_1_1_1_1_1_1_1_1_1_1_1_1_1_1_2_1_1_1_1_2_3,54805.87669137847,21,7411,2020,"{""type"":""Point"",""coordinates"":[0.0,0.0]}"
1_1_1_1_1_1_1_1_1_1_1_1_1_1_1_1_1_1_1_1_1_2_1_1_1_1_2_4,643.0709971684951,22,7411,2020,"{""type"":""Point"",""coordinates"":[0.0,0.0]}"
1_1_1_1_1_1_1_1_1_1_1_1_1_1_1_1_1_1_1_1_1_2_1_1_1_1_2_5,2848.508011329845,33,7411,2020,"{""type"":""Point"",""coordinates"":[0.0,0.0]}"
1_1_1_1_1_1_1_1_1_1_1_1_1_1_1_1_1_1_1_1_1_2_1_1_1_2_0,50665.53500989337,3,7411,2021,"{""type"":""Point"",""coordinates"":[0.0,0.0]}"
1_1_1_1_1_1_1_1_1_1_1_1_1_1_1_1_1_1_1_1_1_2_1_1_1_2_1,552707.3452692083,4,7411,2021,"{""type"":""Point"",""coordinates"":[0.0,0.0]}"
1_1_1_1_1_1_1_1_1_1_1_1_1_1_1_1_1_1_1_1_1_2_1_1_1_2_2,22.11437629736806,12,7411,2021,"{""type"":""Point"",""coordinates"":[0.0,0.0]}"
1_1_1_1_1_1_1_1_1_1_1_1_1_1_1_1_1_1_1_1_1_2_1_1_1_2_3,61228.37610951634,21,7411,2021,"{""type"":""Point"",""coordinates"":[0.0,0.0]}"
1_1_1_1_1_1_1_1_1_1_1_1_1_1_1_1_1_1_1_1_1_2_1_1_1_2_4,1839.666048082418,22,7411,2021,"{""type"":""Point"",""coordinates"":[0.0,0.0]}"
1_1_1_1_1_1_1_1_1_1_1_1_1_1_1_1_1_1_1_1_1_2_1_1_1_2_5,6.779245513916017,29,7411,2021,"{""type"":""Point"",""coordinates"":[0.0,0.0]}"
1_1_1_1_1_1_1_1_1_1_1_1_1_1_1_1_1_1_1_1_1_2_1_1_1_2_6,2954.0109485999706,33,7411,2021,"{""type"":""Point"",""coordinates"":[0.0,0.0]}"
1_1_1_1_1_1_1_1_1_1_1_1_1_1_1_1_1_1_1_1_1_2_1_1_2_0,36130.8754172883,3,7411,2022,"{""type"":""Point"",""coordinates"":[0.0,0.0]}"
1_1_1_1_1_1_1_1_1_1_1_1_1_1_1_1_1_1_1_1_1_2_1_1_2_1,561071.6824849885,4,7411,2022,"{""type"":""Point"",""coordinates"":[0.0,0.0]}"
1_1_1_1_1_1_1_1_1_1_1_1_1_1_1_1_1_1_1_1_1_2_1_1_2_2,16.323842333984377,12,7411,2022,"{""type"":""Point"",""coordinates"":[0.0,0.0]}"
1_1_1_1_1_1_1_1_1_1_1_1_1_1_1_1_1_1_1_1_1_2_1_1_2_3,68230.65797396831,21,7411,2022,"{""type"":""Point"",""coordinates"":[0.0,0.0]}"
1_1_1_1_1_1_1_1_1_1_1_1_1_1_1_1_1_1_1_1_1_2_1_1_2_4,810.3742892160935,22,7411,2022,"{""type"":""Point"",""coordinates"":[0.0,0.0]}"
1_1_1_1_1_1_1_1_1_1_1_1_1_1_1_1_1_1_1_1_1_2_1_1_2_5,299.6959077186494,29,7411,2022,"{""type"":""Point"",""coordinates"":[0.0,0.0]}"
1_1_1_1_1_1_1_1_1_1_1_1_1_1_1_1_1_1_1_1_1_2_1_1_2_6,2864.217091609237,33,7411,2022,"{""type"":""Point"",""coordinates"":[0.0,0.0]}"
1_1_1_1_1_1_1_1_1_1_1_1_1_1_1_1_1_1_1_1_1_2_1_2_0,44622.75584141316,3,7411,2023,"{""type"":""Point"",""coordinates"":[0.0,0.0]}"
1_1_1_1_1_1_1_1_1_1_1_1_1_1_1_1_1_1_1_1_1_2_1_2_1,550754.432137984,4,7411,2023,"{""type"":""Point"",""coordinates"":[0.0,0.0]}"
1_1_1_1_1_1_1_1_1_1_1_1_1_1_1_1_1_1_1_1_1_2_1_2_2,23.30433335004021,12,7411,2023,"{""type"":""Point"",""coordinates"":[0.0,0.0]}"
1_1_1_1_1_1_1_1_1_1_1_1_1_1_1_1_1_1_1_1_1_2_1_2_3,69739.68461652989,21,7411,2023,"{""type"":""Point"",""coordinates"":[0.0,0.0]}"
1_1_1_1_1_1_1_1_1_1_1_1_1_1_1_1_1_1_1_1_1_2_1_2_4,1311.0053282083911,22,7411,2023,"{""type"":""Point"",""coordinates"":[0.0,0.0]}"
1_1_1_1_1_1_1_1_1_1_1_1_1_1_1_1_1_1_1_1_1_2_1_2_5,65.47020330796185,29,7411,2023,"{""type"":""Point"",""coordinates"":[0.0,0.0]}"
1_1_1_1_1_1_1_1_1_1_1_1_1_1_1_1_1_1_1_1_1_2_1_2_6,2907.174546299867,33,7411,2023,"{""type"":""Point"",""coordinates"":[0.0,0.0]}"
1_1_1_1_1_1_1_1_1_1_1_1_1_1_1_1_1_1_1_1_1_2_2_0,29802.422093009132,3,7411,2024,"{""type"":""Point"",""coordinates"":[0.0,0.0]}"
1_1_1_1_1_1_1_1_1_1_1_1_1_1_1_1_1_1_1_1_1_2_2_1,557366.4512100295,4,7411,2024,"{""type"":""Point"",""coordinates"":[0.0,0.0]}"
1_1_1_1_1_1_1_1_1_1_1_1_1_1_1_1_1_1_1_1_1_2_2_2,21.830286173741953,12,7411,2024,"{""type"":""Point"",""coordinates"":[0.0,0.0]}"
1_1_1_1_1_1_1_1_1_1_1_1_1_1_1_1_1_1_1_1_1_2_2_3,72710.36241568871,21,7411,2024,"{""type"":""Point"",""coordinates"":[0.0,0.0]}"
1_1_1_1_1_1_1_1_1_1_1_1_1_1_1_1_1_1_1_1_1_2_2_4,5215.122237974551,22,7411,2024,"{""type"":""Point"",""coordinates"":[0.0,0.0]}"
1_1_1_1_1_1_1_1_1_1_1_1_1_1_1_1_1_1_1_1_1_2_2_5,4307.638764162506,33,7411,2024,"{""type"":""Point"",""coordinates"":[0.0,0.0]}"
1_1_1_1_1_1_1_1_1_1_1_1_1_1_1_1_1_1_1_1_2_1_1_1_1_1_1_1_1_2_0,33551.086471730705,3,7764,2016,"{""type"":""Point"",""coordinates"":[0.0,0.0]}"
1_1_1_1_1_1_1_1_1_1_1_1_1_1_1_1_1_1_1_1_2_1_1_1_1_1_1_1_1_2_1,1558567.5995659074,4,7764,2016,"{""type"":""Point"",""coordinates"":[0.0,0.0]}"
1_1_1_1_1_1_1_1_1_1_1_1_1_1_1_1_1_1_1_1_2_1_1_1_1_1_1_1_1_2_2,17548.845564853153,12,7764,2016,"{""type"":""Point"",""coordinates"":[0.0,0.0]}"
1_1_1_1_1_1_1_1_1_1_1_1_1_1_1_1_1_1_1_1_2_1_1_1_1_1_1_1_1_2_3,1185867.5789111925,21,7764,2016,"{""type"":""Point"",""coordinates"":[0.0,0.0]}"
1_1_1_1_1_1_1_1_1_1_1_1_1_1_1_1_1_1_1_1_2_1_1_1_1_1_1_1_1_2_4,57.34837628070906,22,7764,2016,"{""type"":""Point"",""coordinates"":[0.0,0.0]}"
1_1_1_1_1_1_1_1_1_1_1_1_1_1_1_1_1_1_1_1_2_1_1_1_1_1_1_1_1_2_5,93.90043334195003,29,7764,2016,"{""type"":""Point"",""coordinates"":[0.0,0.0]}"
1_1_1_1_1_1_1_1_1_1_1_1_1_1_1_1_1_1_1_1_2_1_1_1_1_1_1_1_1_2_6,6038.870840665138,33,7764,2016,"{""type"":""Point"",""coordinates"":[0.0,0.0]}"
1_1_1_1_1_1_1_1_1_1_1_1_1_1_1_1_1_1_1_1_2_1_1_1_1_1_1_1_2_0,54097.13548262258,3,7764,2017,"{""type"":""Point"",""coordinates"":[0.0,0.0]}"
1_1_1_1_1_1_1_1_1_1_1_1_1_1_1_1_1_1_1_1_2_1_1_1_1_1_1_1_2_1,1554139.9729176816,4,7764,2017,"{""type"":""Point"",""coordinates"":[0.0,0.0]}"
1_1_1_1_1_1_1_1_1_1_1_1_1_1_1_1_1_1_1_1_2_1_1_1_1_1_1_1_2_2,40151.820927349705,12,7764,2017,"{""type"":""Point"",""coordinates"":[0.0,0.0]}"
1_1_1_1_1_1_1_1_1_1_1_1_1_1_1_1_1_1_1_1_2_1_1_1_1_1_1_1_2_3,1146720.7666907369,21,7764,2017,"{""type"":""Point"",""coordinates"":[0.0,0.0]}"
1_1_1_1_1_1_1_1_1_1_1_1_1_1_1_1_1_1_1_1_2_1_1_1_1_1_1_1_2_4,298.0155225493547,22,7764,2017,"{""type"":""Point"",""coordinates"":[0.0,0.0]}"
1_1_1_1_1_1_1_1_1_1_1_1_1_1_1_1_1_1_1_1_2_1_1_1_1_1_1_1_2_5,773.5084111856371,29,7764,2017,"{""type"":""Point"",""coordinates"":[0.0,0.0]}"
1_1_1_1_1_1_1_1_1_1_1_1_1_1_1_1_1_1_1_1_2_1_1_1_1_1_1_1_2_6,5544.010211815313,33,7764,2017,"{""type"":""Point"",""coordinates"":[0.0,0.0]}"
1_1_1_1_1_1_1_1_1_1_1_1_1_1_1_1_1_1_1_1_2_1_1_1_1_1_1_2_0,28150.72254450395,3,7764,2018,"{""type"":""Point"",""coordinates"":[0.0,0.0]}"
1_1_1_1_1_1_1_1_1_1_1_1_1_1_1_1_1_1_1_1_2_1_1_1_1_1_1_2_1,1586256.8319057177,4,7764,2018,"{""type"":""Point"",""coordinates"":[0.0,0.0]}"
1_1_1_1_1_1_1_1_1_1_1_1_1_1_1_1_1_1_1_1_2_1_1_1_1_1_1_2_2,36319.01196114594,12,7764,2018,"{""type"":""Point"",""coordinates"":[0.0,0.0]}"
1_1_1_1_1_1_1_1_1_1_1_1_1_1_1_1_1_1_1_1_2_1_1_1_1_1_1_2_3,1145861.6485409082,21,7764,2018,"{""type"":""Point"",""coordinates"":[0.0,0.0]}"
1_1_1_1_1_1_1_1_1_1_1_1_1_1_1_1_1_1_1_1_2_1_1_1_1_1_1_2_4,43.8392561190736,22,7764,2018,"{""type"":""Point"",""coordinates"":[0.0,0.0]}"
1_1_1_1_1_1_1_1_1_1_1_1_1_1_1_1_1_1_1_1_2_1_1_1_1_1_1_2_5,572.7962825295369,29,7764,2018,"{""type"":""Point"",""coordinates"":[0.0,0.0]}"
1_1_1_1_1_1_1_1_1_1_1_1_1_1_1_1_1_1_1_1_2_1_1_1_1_1_1_2_6,4520.379672994275,33,7764,2018,"{""type"":""Point"",""coordinates"":[0.0,0.0]}"
1_1_1_1_1_1_1_1_1_1_1_1_1_1_1_1_1_1_1_1_2_1_1_1_1_1_2_0,36215.364840899194,3,7764,2019,"{""type"":""Point"",""coordinates"":[0.0,0.0]}"
1_1_1_1_1_1_1_1_1_1_1_1_1_1_1_1_1_1_1_1_2_1_1_1_1_1_2_1,1572973.1422118482,4,7764,2019,"{""type"":""Point"",""coordinates"":[0.0,0.0]}"
1_1_1_1_1_1_1_1_1_1_1_1_1_1_1_1_1_1_1_1_2_1_1_1_1_1_2_2,39158.08507110116,12,7764,2019,"{""type"":""Point"",""coordinates"":[0.0,0.0]}"
1_1_1_1_1_1_1_1_1_1_1_1_1_1_1_1_1_1_1_1_2_1_1_1_1_1_2_3,1147877.5037484227,21,7764,2019,"{""type"":""Point"",""coordinates"":[0.0,0.0]}"
1_1_1_1_1_1_1_1_1_1_1_1_1_1_1_1_1_1_1_1_2_1_1_1_1_1_2_4,480.7972954951741,22,7764,2019,"{""type"":""Point"",""coordinates"":[0.0,0.0]}"
1_1_1_1_1_1_1_1_1_1_1_1_1_1_1_1_1_1_1_1_2_1_1_1_1_1_2_5,684.8552720032689,29,7764,2019,"{""type"":""Point"",""coordinates"":[0.0,0.0]}"
1_1_1_1_1_1_1_1_1_1_1_1_1_1_1_1_1_1_1_1_2_1_1_1_1_1_2_6,4335.4817241488,33,7764,2019,"{""type"":""Point"",""coordinates"":[0.0,0.0]}"
1_1_1_1_1_1_1_1_1_1_1_1_1_1_1_1_1_1_1_1_2_1_1_1_1_2_0,34552.827184576345,3,7764,2020,"{""type"":""Point"",""coordinates"":[0.0,0.0]}"
1_1_1_1_1_1_1_1_1_1_1_1_1_1_1_1_1_1_1_1_2_1_1_1_1_2_1,1578374.4079951541,4,7764,2020,"{""type"":""Point"",""coordinates"":[0.0,0.0]}"
1_1_1_1_1_1_1_1_1_1_1_1_1_1_1_1_1_1_1_1_2_1_1_1_1_2_2,51892.900479200485,12,7764,2020,"{""type"":""Point"",""coordinates"":[0.0,0.0]}"
1_1_1_1_1_1_1_1_1_1_1_1_1_1_1_1_1_1_1_1_2_1_1_1_1_2_3,1130380.0623466242,21,7764,2020,"{""type"":""Point"",""coordinates"":[0.0,0.0]}"
1_1_1_1_1_1_1_1_1_1_1_1_1_1_1_1_1_1_1_1_2_1_1_1_1_2_4,90.69474680302638,22,7764,2020,"{""type"":""Point"",""coordinates"":[0.0,0.0]}"
1_1_1_1_1_1_1_1_1_1_1_1_1_1_1_1_1_1_1_1_2_1_1_1_1_2_5,1861.3254891409572,29,7764,2020,"{""type"":""Point"",""coordinates"":[0.0,0.0]}"
1_1_1_1_1_1_1_1_1_1_1_1_1_1_1_1_1_1_1_1_2_1_1_1_1_2_6,4573.011922411953,33,7764,2020,"{""type"":""Point"",""coordinates"":[0.0,0.0]}"
1_1_1_1_1_1_1_1_1_1_1_1_1_1_1_1_1_1_1_1_2_1_1_1_2_0,40852.899930173466,3,7764,2021,"{""type"":""Point"",""coordinates"":[0.0,0.0]}"
1_1_1_1_1_1_1_1_1_1_1_1_1_1_1_1_1_1_1_1_2_1_1_1_2_1,1539101.2113389978,4,7764,2021,"{""type"":""Point"",""coordinates"":[0.0,0.0]}"
1_1_1_1_1_1_1_1_1_1_1_1_1_1_1_1_1_1_1_1_2_1_1_1_2_2,45823.91180926207,12,7764,2021,"{""type"":""Point"",""coordinates"":[0.0,0.0]}"
1_1_1_1_1_1_1_1_1_1_1_1_1_1_1_1_1_1_1_1_2_1_1_1_2_3,1164630.070698189,21,7764,2021,"{""type"":""Point"",""coordinates"":[0.0,0.0]}"
1_1_1_1_1_1_1_1_1_1_1_1_1_1_1_1_1_1_1_1_2_1_1_1_2_4,18.433961173526544,22,7764,2021,"{""type"":""Point"",""coordinates"":[0.0,0.0]}"
1_1_1_1_1_1_1_1_1_1_1_1_1_1_1_1_1_1_1_1_2_1_1_1_2_5,521.8298394161928,29,7764,2021,"{""type"":""Point"",""coordinates"":[0.0,0.0]}"
1_1_1_1_1_1_1_1_1_1_1_1_1_1_1_1_1_1_1_1_2_1_1_1_2_6,10776.872586721616,33,7764,2021,"{""type"":""Point"",""coordinates"":[0.0,0.0]}"
1_1_1_1_1_1_1_1_1_1_1_1_1_1_1_1_1_1_1_1_2_1_1_2_0,21000.866541011837,3,7764,2022,"{""type"":""Point"",""coordinates"":[0.0,0.0]}"
1_1_1_1_1_1_1_1_1_1_1_1_1_1_1_1_1_1_1_1_2_1_1_2_1,1535934.4535051468,4,7764,2022,"{""type"":""Point"",""coordinates"":[0.0,0.0]}"
1_1_1_1_1_1_1_1_1_1_1_1_1_1_1_1_1_1_1_1_2_1_1_2_2,52056.08718151528,12,7764,2022,"{""type"":""Point"",""coordinates"":[0.0,0.0]}"
1_1_1_1_1_1_1_1_1_1_1_1_1_1_1_1_1_1_1_1_2_1_1_2_3,1183319.102172111,21,7764,2022,"{""type"":""Point"",""coordinates"":[0.0,0.0]}"
1_1_1_1_1_1_1_1_1_1_1_1_1_1_1_1_1_1_1_1_2_1_1_2_4,1242.5287203043108,22,7764,2022,"{""type"":""Point"",""coordinates"":[0.0,0.0]}"
1_1_1_1_1_1_1_1_1_1_1_1_1_1_1_1_1_1_1_1_2_1_1_2_5,1564.480372582603,29,7764,2022,"{""type"":""Point"",""coordinates"":[0.0,0.0]}"
1_1_1_1_1_1_1_1_1_1_1_1_1_1_1_1_1_1_1_1_2_1_1_2_6,6607.711671261399,33,7764,2022,"{""type"":""Point"",""coordinates"":[0.0,0.0]}"
1_1_1_1_1_1_1_1_1_1_1_1_1_1_1_1_1_1_1_1_2_1_2_0,32491.589187428286,3,7764,2023,"{""type"":""Point"",""coordinates"":[0.0,0.0]}"
1_1_1_1_1_1_1_1_1_1_1_1_1_1_1_1_1_1_1_1_2_1_2_1,1520108.0427514673,4,7764,2023,"{""type"":""Point"",""coordinates"":[0.0,0.0]}"
1_1_1_1_1_1_1_1_1_1_1_1_1_1_1_1_1_1_1_1_2_1_2_2,44248.61144948859,12,7764,2023,"{""type"":""Point"",""coordinates"":[0.0,0.0]}"
1_1_1_1_1_1_1_1_1_1_1_1_1_1_1_1_1_1_1_1_2_1_2_3,1196216.7665762987,21,7764,2023,"{""type"":""Point"",""coordinates"":[0.0,0.0]}"
1_1_1_1_1_1_1_1_1_1_1_1_1_1_1_1_1_1_1_1_2_1_2_4,284.4046908536304,22,7764,2023,"{""type"":""Point"",""coordinates"":[0.0,0.0]}"
1_1_1_1_1_1_1_1_1_1_1_1_1_1_1_1_1_1_1_1_2_1_2_5,2957.343412709547,29,7764,2023,"{""type"":""Point"",""coordinates"":[0.0,0.0]}"
1_1_1_1_1_1_1_1_1_1_1_1_1_1_1_1_1_1_1_1_2_1_2_6,5418.472095683414,33,7764,2023,"{""type"":""Point"",""coordinates"":[0.0,0.0]}"
1_1_1_1_1_1_1_1_1_1_1_1_1_1_1_1_1_1_1_1_2_2_0,18966.106627849975,3,7764,2024,"{""type"":""Point"",""coordinates"":[0.0,0.0]}"
1_1_1_1_1_1_1_1_1_1_1_1_1_1_1_1_1_1_1_1_2_2_1,1497369.8356255384,4,7764,2024,"{""type"":""Point"",""coordinates"":[0.0,0.0]}"
1_1_1_1_1_1_1_1_1_1_1_1_1_1_1_1_1_1_1_1_2_2_2,38473.27223174526,12,7764,2024,"{""type"":""Point"",""coordinates"":[0.0,0.0]}"
1_1_1_1_1_1_1_1_1_1_1_1_1_1_1_1_1_1_1_1_2_2_3,1238555.8575855633,21,7764,2024,"{""type"":""Point"",""coordinates"":[0.0,0.0]}"
1_1_1_1_1_1_1_1_1_1_1_1_1_1_1_1_1_1_1_1_2_2_4,1206.339390723757,22,7764,2024,"{""type"":""Point"",""coordinates"":[0.0,0.0]}"
1_1_1_1_1_1_1_1_1_1_1_1_1_1_1_1_1_1_1_1_2_2_5,1410.826616408071,29,7764,2024,"{""type"":""Point"",""coordinates"":[0.0,0.0]}"
1_1_1_1_1_1_1_1_1_1_1_1_1_1_1_1_1_1_1_1_2_2_6,5742.992086156967,33,7764,2024,"{""type"":""Point"",""coordinates"":[0.0,0.0]}"
1_1_1_1_1_1_1_1_1_1_1_1_1_1_1_1_1_1_1_2_1_1_1_1_1_1_1_1_2_0,26583.724195744922,3,757,2016,"{""type"":""Point"",""coordinates"":[0.0,0.0]}"
1_1_1_1_1_1_1_1_1_1_1_1_1_1_1_1_1_1_1_2_1_1_1_1_1_1_1_1_2_1,1274151.5611142498,4,757,2016,"{""type"":""Point"",""coordinates"":[0.0,0.0]}"
1_1_1_1_1_1_1_1_1_1_1_1_1_1_1_1_1_1_1_2_1_1_1_1_1_1_1_1_2_2,121.72240582813932,12,757,2016,"{""type"":""Point"",""coordinates"":[0.0,0.0]}"
1_1_1_1_1_1_1_1_1_1_1_1_1_1_1_1_1_1_1_2_1_1_1_1_1_1_1_1_2_3,1353187.6183029227,21,757,2016,"{""type"":""Point"",""coordinates"":[0.0,0.0]}"
1_1_1_1_1_1_1_1_1_1_1_1_1_1_1_1_1_1_1_2_1_1_1_1_1_1_1_1_2_4,7998.027711556339,22,757,2016,"{""type"":""Point"",""coordinates"":[0.0,0.0]}"
1_1_1_1_1_1_1_1_1_1_1_1_1_1_1_1_1_1_1_2_1_1_1_1_1_1_1_1_2_5,104.92403703347603,29,757,2016,"{""type"":""Point"",""coordinates"":[0.0,0.0]}"
1_1_1_1_1_1_1_1_1_1_1_1_1_1_1_1_1_1_1_2_1_1_1_1_1_1_1_1_2_6,22717.008051514204,33,757,2016,"{""type"":""Point"",""coordinates"":[0.0,0.0]}"
1_1_1_1_1_1_1_1_1_1_1_1_1_1_1_1_1_1_1_2_1_1_1_1_1_1_1_2_0,56559.59160945408,3,757,2017,"{""type"":""Point"",""coordinates"":[0.0,0.0]}"
1_1_1_1_1_1_1_1_1_1_1_1_1_1_1_1_1_1_1_2_1_1_1_1_1_1_1_2_1,1252977.0798414042,4,757,2017,"{""type"":""Point"",""coordinates"":[0.0,0.0]}"
1_1_1_1_1_1_1_1_1_1_1_1_1_1_1_1_1_1_1_2_1_1_1_1_1_1_1_2_2,236.04264083031762,12,757,2017,"{""type"":""Point"",""coordinates"":[0.0,0.0]}"
1_1_1_1_1_1_1_1_1_1_1_1_1_1_1_1_1_1_1_2_1_1_1_1_1_1_1_2_3,1317221.3013616647,21,757,2017,"{""type"":""Point"",""coordinates"":[0.0,0.0]}"
1_1_1_1_1_1_1_1_1_1_1_1_1_1_1_1_1_1_1_2_1_1_1_1_1_1_1_2_4,30528.5773834668,22,757,2017,"{""type"":""Point"",""coordinates"":[0.0,0.0]}"
1_1_1_1_1_1_1_1_1_1_1_1_1_1_1_1_1_1_1_2_1_1_1_1_1_1_1_2_5,842.9847992425875,29,757,2017,"{""type"":""Point"",""coordinates"":[0.0,0.0]}"
1_1_1_1_1_1_1_1_1_1_1_1_1_1_1_1_1_1_1_2_1_1_1_1_1_1_1_2_6,26499.008182896072,33,757,2017,"{""type"":""Point"",""coordinates"":[0.0,0.0]}"
1_1_1_1_1_1_1_1_1_1_1_1_1_1_1_1_1_1_1_2_1_1_1_1_1_1_2_0,83046.73428634481,3,757,2018,"{""type"":""Point"",""coordinates"":[0.0,0.0]}"
1_1_1_1_1_1_1_1_1_1_1_1_1_1_1_1_1_1_1_2_1_1_1_1_1_1_2_1,1262333.2856361324,4,757,2018,"{""type"":""Point"",""coordinates"":[0.0,0.0]}"
1_1_1_1_1_1_1_1_1_1_1_1_1_1_1_1_1_1_1_2_1_1_1_1_1_1_2_2,403.3802530839021,12,757,2018,"{""type"":""Point"",""coordinates"":[0.0,0.0]}"
1_1_1_1_1_1_1_1_1_1_1_1_1_1_1_1_1_1_1_2_1_1_1_1_1_1_2_3,1302416.2724407567,21,757,2018,"{""type"":""Point"",""coordinates"":[0.0,0.0]}"
1_1_1_1_1_1_1_1_1_1_1_1_1_1_1_1_1_1_1_2_1_1_1_1_1_1_2_4,10027.063461381065,22,757,2018,"{""type"":""Point"",""coordinates"":[0.0,0.0]}"
1_1_1_1_1_1_1_1_1_1_1_1_1_1_1_1_1_1_1_2_1_1_1_1_1_1_2_5,457.1551042722689,29,757,2018,"{""type"":""Point"",""coordinates"":[0.0,0.0]}"
1_1_1_1_1_1_1_1_1_1_1_1_1_1_1_1_1_1_1_2_1_1_1_1_1_1_2_6,26180.694636898425,33,757,2018,"{""type"":""Point"",""coordinates"":[0.0,0.0]}"
1_1_1_1_1_1_1_1_1_1_1_1_1_1_1_1_1_1_1_2_1_1_1_1_1_2_0,60885.01149837872,3,757,2019,"{""type"":""Point"",""coordinates"":[0.0,0.0]}"
1_1_1_1_1_1_1_1_1_1_1_1_1_1_1_1_1_1_1_2_1_1_1_1_1_2_1,1307810.9060542742,4,757,2019,"{""type"":""Point"",""coordinates"":[0.0,0.0]}"
1_1_1_1_1_1_1_1_1_1_1_1_1_1_1_1_1_1_1_2_1_1_1_1_1_2_2,327.6311793690401,12,757,2019,"{""type"":""Point"",""coordinates"":[0.0,0.0]}"
1_1_1_1_1_1_1_1_1_1_1_1_1_1_1_1_1_1_1_2_1_1_1_1_1_2_3,1281251.9763518418,21,757,2019,"{""type"":""Point"",""coordinates"":[0.0,0.0]}"
1_1_1_1_1_1_1_1_1_1_1_1_1_1_1_1_1_1_1_2_1_1_1_1_1_2_4,6015.5403947455225,22,757,2019,"{""type"":""Point"",""coordinates"":[0.0,0.0]}"
1_1_1_1_1_1_1_1_1_1_1_1_1_1_1_1_1_1_1_2_1_1_1_1_1_2_5,96.25430013995005,29,757,2019,"{""type"":""Point"",""coordinates"":[0.0,0.0]}"
1_1_1_1_1_1_1_1_1_1_1_1_1_1_1_1_1_1_1_2_1_1_1_1_1_2_6,28477.26604013781,33,757,2019,"{""type"":""Point"",""coordinates"":[0.0,0.0]}"
1_1_1_1_1_1_1_1_1_1_1_1_1_1_1_1_1_1_1_2_1_1_1_1_2_0,38330.00932194545,3,757,2020,"{""type"":""Point"",""coordinates"":[0.0,0.0]}"
1_1_1_1_1_1_1_1_1_1_1_1_1_1_1_1_1_1_1_2_1_1_1_1_2_1,1296313.853561086,4,757,2020,"{""type"":""Point"",""coordinates"":[0.0,0.0]}"
1_1_1_1_1_1_1_1_1_1_1_1_1_1_1_1_1_1_1_2_1_1_1_1_2_2,221.46000163780062,12,757,2020,"{""type"":""Point"",""coordinates"":[0.0,0.0]}"
1_1_1_1_1_1_1_1_1_1_1_1_1_1_1_1_1_1_1_2_1_1_1_1_2_3,1303154.9900633267,21,757,2020,"{""type"":""Point"",""coordinates"":[0.0,0.0]}"
1_1_1_1_1_1_1_1_1_1_1_1_1_1_1_1_1_1_1_2_1_1_1_1_2_4,16424.25656774527,22,757,2020,"{""type"":""Point"",""coordinates"":[0.0,0.0]}"
1_1_1_1_1_1_1_1_1_1_1_1_1_1_1_1_1_1_1_2_1_1_1_1_2_5,191.4967673369282,29,757,2020,"{""type"":""Point"",""coordinates"":[0.0,0.0]}"
1_1_1_1_1_1_1_1_1_1_1_1_1_1_1_1_1_1_1_2_1_1_1_1_2_6,30228.51953586655,33,757,2020,"{""type"":""Point"",""coordinates"":[0.0,0.0]}"
1_1_1_1_1_1_1_1_1_1_1_1_1_1_1_1_1_1_1_2_1_1_1_2_0,25164.23311969574,3,757,2021,"{""type"":""Point"",""coordinates"":[0.0,0.0]}"
1_1_1_1_1_1_1_1_1_1_1_1_1_1_1_1_1_1_1_2_1_1_1_2_1,1255818.290909164,4,757,2021,"{""type"":""Point"",""coordinates"":[0.0,0.0]}"
1_1_1_1_1_1_1_1_1_1_1_1_1_1_1_1_1_1_1_2_1_1_1_2_2,268.33268070740945,12,757,2021,"{""type"":""Point"",""coordinates"":[0.0,0.0]}"
1_1_1_1_1_1_1_1_1_1_1_1_1_1_1_1_1_1_1_2_1_1_1_2_3,1364083.7529325415,21,757,2021,"{""type"":""Point"",""coordinates"":[0.0,0.0]}"
1_1_1_1_1_1_1_1_1_1_1_1_1_1_1_1_1_1_1_2_1_1_1_2_4,9494.717391794233,22,757,2021,"{""type"":""Point"",""coordinates"":[0.0,0.0]}"
1_1_1_1_1_1_1_1_1_1_1_1_1_1_1_1_1_1_1_2_1_1_1_2_5,554.1178876046207,29,757,2021,"{""type"":""Point"",""coordinates"":[0.0,0.0]}"
1_1_1_1_1_1_1_1_1_1_1_1_1_1_1_1_1_1_1_2_1_1_1_2_6,29481.140897356643,33,757,2021,"{""type"":""Point"",""coordinates"":[0.0,0.0]}"
1_1_1_1_1_1_1_1_1_1_1_1_1_1_1_1_1_1_1_2_1_1_2_0,25719.27377991312,3,757,2022,"{""type"":""Point"",""coordinates"":[0.0,0.0]}"
1_1_1_1_1_1_1_1_1_1_1_1_1_1_1_1_1_1_1_2_1_1_2_1,1259482.7177838308,4,757,2022,"{""type"":""Point"",""coordinates"":[0.0,0.0]}"
1_1_1_1_1_1_1_1_1_1_1_1_1_1_1_1_1_1_1_2_1_1_2_2,263.30126609595203,12,757,2022,"{""type"":""Point"",""coordinates"":[0.0,0.0]}"
1_1_1_1_1_1_1_1_1_1_1_1_1_1_1_1_1_1_1_2_1_1_2_3,1360239.3614482298,21,757,2022,"{""type"":""Point"",""coordinates"":[0.0,0.0]}"
1_1_1_1_1_1_1_1_1_1_1_1_1_1_1_1_1_1_1_2_1_1_2_4,12541.746109794334,22,757,2022,"{""type"":""Point"",""coordinates"":[0.0,0.0]}"
1_1_1_1_1_1_1_1_1_1_1_1_1_1_1_1_1_1_1_2_1_1_2_5,153.347409554563,29,757,2022,"{""type"":""Point"",""coordinates"":[0.0,0.0]}"
1_1_1_1_1_1_1_1_1_1_1_1_1_1_1_1_1_1_1_2_1_1_2_6,26464.83802147106,33,757,2022,"{""type"":""Point"",""coordinates"":[0.0,0.0]}"
1_1_1_1_1_1_1_1_1_1_1_1_1_1_1_1_1_1_1_2_1_2_0,25684.769968572025,3,757,2023,"{""type"":""Point"",""coordinates"":[0.0,0.0]}"
1_1_1_1_1_1_1_1_1_1_1_1_1_1_1_1_1_1_1_2_1_2_1,1287331.9062306413,4,757,2023,"{""type"":""Point"",""coordinates"":[0.0,0.0]}"
1_1_1_1_1_1_1_1_1_1_1_1_1_1_1_1_1_1_1_2_1_2_2,684.276688493508,12,757,2023,"{""type"":""Point"",""coordinates"":[0.0,0.0]}"
1_1_1_1_1_1_1_1_1_1_1_1_1_1_1_1_1_1_1_2_1_2_3,1323493.8447961493,21,757,2023,"{""type"":""Point"",""coordinates"":[0.0,0.0]}"
1_1_1_1_1_1_1_1_1_1_1_1_1_1_1_1_1_1_1_2_1_2_4,6996.926071015422,22,757,2023,"{""type"":""Point"",""coordinates"":[0.0,0.0]}"
1_1_1_1_1_1_1_1_1_1_1_1_1_1_1_1_1_1_1_2_1_2_5,1762.8000431785183,29,757,2023,"{""type"":""Point"",""coordinates"":[0.0,0.0]}"
1_1_1_1_1_1_1_1_1_1_1_1_1_1_1_1_1_1_1_2_1_2_6,38910.06202081229,33,757,2023,"{""type"":""Point"",""coordinates"":[0.0,0.0]}"
1_1_1_1_1_1_1_1_1_1_1_1_1_1_1_1_1_1_1_2_2_0,66205.06349555378,3,757,2024,"{""type"":""Point"",""coordinates"":[0.0,0.0]}"
1_1_1_1_1_1_1_1_1_1_1_1_1_1_1_1_1_1_1_2_2_1,1271906.552757325,4,757,2024,"{""type"":""Point"",""coordinates"":[0.0,0.0]}"
1_1_1_1_1_1_1_1_1_1_1_1_1_1_1_1_1_1_1_2_2_2,233.8023449205585,12,757,2024,"{""type"":""Point"",""coordinates"":[0.0,0.0]}"
1_1_1_1_1_1_1_1_1_1_1_1_1_1_1_1_1_1_1_2_2_3,1300221.1349255312,21,757,2024,"{""type"":""Point"",""coordinates"":[0.0,0.0]}"
1_1_1_1_1_1_1_1_1_1_1_1_1_1_1_1_1_1_1_2_2_4,7912.577872293289,22,757,2024,"{""type"":""Point"",""coordinates"":[0.0,0.0]}"
1_1_1_1_1_1_1_1_1_1_1_1_1_1_1_1_1_1_1_2_2_5,2501.626899700909,29,757,2024,"{""type"":""Point"",""coordinates"":[0.0,0.0]}"
1_1_1_1_1_1_1_1_1_1_1_1_1_1_1_1_1_1_1_2_2_6,35883.82752359399,33,757,2024,"{""type"":""Point"",""coordinates"":[0.0,0.0]}"
1_1_1_1_1_1_1_1_1_1_1_1_1_1_1_1_1_1_2_1_1_1_1_1_1_1_1_2_0,3782.6516471061154,3,771,2016,"{""type"":""Point"",""coordinates"":[0.0,0.0]}"
1_1_1_1_1_1_1_1_1_1_1_1_1_1_1_1_1_1_2_1_1_1_1_1_1_1_1_2_1,156243.48442015832,4,771,2016,"{""type"":""Point"",""coordinates"":[0.0,0.0]}"
1_1_1_1_1_1_1_1_1_1_1_1_1_1_1_1_1_1_2_1_1_1_1_1_1_1_1_2_2,1.5824010375976565,12,771,2016,"{""type"":""Point"",""coordinates"":[0.0,0.0]}"
1_1_1_1_1_1_1_1_1_1_1_1_1_1_1_1_1_1_2_1_1_1_1_1_1_1_1_2_3,622376.2769164015,21,771,2016,"{""type"":""Point"",""coordinates"":[0.0,0.0]}"
1_1_1_1_1_1_1_1_1_1_1_1_1_1_1_1_1_1_2_1_1_1_1_1_1_1_1_2_4,1037.0505549702002,22,771,2016,"{""type"":""Point"",""coordinates"":[0.0,0.0]}"
1_1_1_1_1_1_1_1_1_1_1_1_1_1_1_1_1_1_2_1_1_1_1_1_1_1_1_2_5,614.276796271255,33,771,2016,"{""type"":""Point"",""coordinates"":[0.0,0.0]}"
1_1_1_1_1_1_1_1_1_1_1_1_1_1_1_1_1_1_2_1_1_1_1_1_1_1_2_0,5184.161031647328,3,771,2017,"{""type"":""Point"",""coordinates"":[0.0,0.0]}"
1_1_1_1_1_1_1_1_1_1_1_1_1_1_1_1_1_1_2_1_1_1_1_1_1_1_2_1,157431.49833999277,4,771,2017,"{""type"":""Point"",""coordinates"":[0.0,0.0]}"
1_1_1_1_1_1_1_1_1_1_1_1_1_1_1_1_1_1_2_1_1_1_1_1_1_1_2_2,2.02000400390625,12,771,2017,"{""type"":""Point"",""coordinates"":[0.0,0.0]}"
1_1_1_1_1_1_1_1_1_1_1_1_1_1_1_1_1_1_2_1_1_1_1_1_1_1_2_3,620394.3437888063,21,771,2017,"{""type"":""Point"",""coordinates"":[0.0,0.0]}"
1_1_1_1_1_1_1_1_1_1_1_1_1_1_1_1_1_1_2_1_1_1_1_1_1_1_2_4,86.66394809570312,22,771,2017,"{""type"":""Point"",""coordinates"":[0.0,0.0]}"
1_1_1_1_1_1_1_1_1_1_1_1_1_1_1_1_1_1_2_1_1_1_1_1_1_1_2_5,956.6356234161271,33,771,2017,"{""type"":""Point"",""coordinates"":[0.0,0.0]}"
1_1_1_1_1_1_1_1_1_1_1_1_1_1_1_1_1_1_2_1_1_1_1_1_1_2_0,2360.759278759628,3,771,2018,"{""type"":""Point"",""coordinates"":[0.0,0.0]}"
1_1_1_1_1_1_1_1_1_1_1_1_1_1_1_1_1_1_2_1_1_1_1_1_1_2_1,157681.7696006787,4,771,2018,"{""type"":""Point"",""coordinates"":[0.0,0.0]}"
1_1_1_1_1_1_1_1_1_1_1_1_1_1_1_1_1_1_2_1_1_1_1_1_1_2_2,5.3583481262207036,12,771,2018,"{""type"":""Point"",""coordinates"":[0.0,0.0]}"
1_1_1_1_1_1_1_1_1_1_1_1_1_1_1_1_1_1_2_1_1_1_1_1_1_2_3,622262.48870951,21,771,2018,"{""type"":""Point"",""coordinates"":[0.0,0.0]}"
1_1_1_1_1_1_1_1_1_1_1_1_1_1_1_1_1_1_2_1_1_1_1_1_1_2_4,734.3461822840788,22,771,2018,"{""type"":""Point"",""coordinates"":[0.0,0.0]}"
1_1_1_1_1_1_1_1_1_1_1_1_1_1_1_1_1_1_2_1_1_1_1_1_1_2_5,1010.6006166017316,33,771,2018,"{""type"":""Point"",""coordinates"":[0.0,0.0]}"
1_1_1_1_1_1_1_1_1_1_1_1_1_1_1_1_1_1_2_1_1_1_1_1_2_0,3275.20872978705,3,771,2019,"{""type"":""Point"",""coordinates"":[0.0,0.0]}"
1_1_1_1_1_1_1_1_1_1_1_1_1_1_1_1_1_1_2_1_1_1_1_1_2_1,147398.36242532026,4,771,2019,"{""type"":""Point"",""coordinates"":[0.0,0.0]}"
1_1_1_1_1_1_1_1_1_1_1_1_1_1_1_1_1_1_2_1_1_1_1_1_2_2,5.006715594482423,12,771,2019,"{""type"":""Point"",""coordinates"":[0.0,0.0]}"
1_1_1_1_1_1_1_1_1_1_1_1_1_1_1_1_1_1_2_1_1_1_1_1_2_3,631025.2046360701,21,771,2019,"{""type"":""Point"",""coordinates"":[0.0,0.0]}"
1_1_1_1_1_1_1_1_1_1_1_1_1_1_1_1_1_1_2_1_1_1_1_1_2_4,643.1349299222816,22,771,2019,"{""type"":""Point"",""coordinates"":[0.0,0.0]}"
1_1_1_1_1_1_1_1_1_1_1_1_1_1_1_1_1_1_2_1_1_1_1_1_2_5,1708.405299253386,33,771,2019,"{""type"":""Point"",""coordinates"":[0.0,0.0]}"
1_1_1_1_1_1_1_1_1_1_1_1_1_1_1_1_1_1_2_1_1_1_1_2_0,5045.584214404087,3,771,2020,"{""type"":""Point"",""coordinates"":[0.0,0.0]}"
1_1_1_1_1_1_1_1_1_1_1_1_1_1_1_1_1_1_2_1_1_1_1_2_1,141095.80654742432,4,771,2020,"{""type"":""Point"",""coordinates"":[0.0,0.0]}"
1_1_1_1_1_1_1_1_1_1_1_1_1_1_1_1_1_1_2_1_1_1_1_2_2,6.257130974719477,12,771,2020,"{""type"":""Point"",""coordinates"":[0.0,0.0]}"
1_1_1_1_1_1_1_1_1_1_1_1_1_1_1_1_1_1_2_1_1_1_1_2_3,636134.1262424665,21,771,2020,"{""type"":""Point"",""coordinates"":[0.0,0.0]}"
1_1_1_1_1_1_1_1_1_1_1_1_1_1_1_1_1_1_2_1_1_1_1_2_4,45.341293621826175,22,771,2020,"{""type"":""Point"",""coordinates"":[0.0,0.0]}"
1_1_1_1_1_1_1_1_1_1_1_1_1_1_1_1_1_1_2_1_1_1_1_2_5,244.14199865112303,29,771,2020,"{""type"":""Point"",""coordinates"":[0.0,0.0]}"
1_1_1_1_1_1_1_1_1_1_1_1_1_1_1_1_1_1_2_1_1_1_1_2_6,1484.0653083855343,33,771,2020,"{""type"":""Point"",""coordinates"":[0.0,0.0]}"
1_1_1_1_1_1_1_1_1_1_1_1_1_1_1_1_1_1_2_1_1_1_2_0,3317.9331484811446,3,771,2021,"{""type"":""Point"",""coordinates"":[0.0,0.0]}"
1_1_1_1_1_1_1_1_1_1_1_1_1_1_1_1_1_1_2_1_1_1_2_1,135413.41323804253,4,771,2021,"{""type"":""Point"",""coordinates"":[0.0,0.0]}"
1_1_1_1_1_1_1_1_1_1_1_1_1_1_1_1_1_1_2_1_1_1_2_2,4.558685912726906,12,771,2021,"{""type"":""Point"",""coordinates"":[0.0,0.0]}"
1_1_1_1_1_1_1_1_1_1_1_1_1_1_1_1_1_1_2_1_1_1_2_3,643577.0506776145,21,771,2021,"{""type"":""Point"",""coordinates"":[0.0,0.0]}"
1_1_1_1_1_1_1_1_1_1_1_1_1_1_1_1_1_1_2_1_1_1_2_4,28.32933949845856,22,771,2021,"{""type"":""Point"",""coordinates"":[0.0,0.0]}"
1_1_1_1_1_1_1_1_1_1_1_1_1_1_1_1_1_1_2_1_1_1_2_5,0.4392813110351563,29,771,2021,"{""type"":""Point"",""coordinates"":[0.0,0.0]}"
1_1_1_1_1_1_1_1_1_1_1_1_1_1_1_1_1_1_2_1_1_1_2_6,1713.5983650871717,33,771,2021,"{""type"":""Point"",""coordinates"":[0.0,0.0]}"
1_1_1_1_1_1_1_1_1_1_1_1_1_1_1_1_1_1_2_1_1_2_0,3166.9883124569333,3,771,2022,"{""type"":""Point"",""coordinates"":[0.0,0.0]}"
1_1_1_1_1_1_1_1_1_1_1_1_1_1_1_1_1_1_2_1_1_2_1,123848.6218339096,4,771,2022,"{""type"":""Point"",""coordinates"":[0.0,0.0]}"
1_1_1_1_1_1_1_1_1_1_1_1_1_1_1_1_1_1_2_1_1_2_2,2.8312151844458486,12,771,2022,"{""type"":""Point"",""coordinates"":[0.0,0.0]}"
1_1_1_1_1_1_1_1_1_1_1_1_1_1_1_1_1_1_2_1_1_2_3,654940.4374615669,21,771,2022,"{""type"":""Point"",""coordinates"":[0.0,0.0]}"
1_1_1_1_1_1_1_1_1_1_1_1_1_1_1_1_1_1_2_1_1_2_4,180.66821402070883,22,771,2022,"{""type"":""Point"",""coordinates"":[0.0,0.0]}"
1_1_1_1_1_1_1_1_1_1_1_1_1_1_1_1_1_1_2_1_1_2_5,694.6153173747705,29,771,2022,"{""type"":""Point"",""coordinates"":[0.0,0.0]}"
1_1_1_1_1_1_1_1_1_1_1_1_1_1_1_1_1_1_2_1_1_2_6,1221.1603814478747,33,771,2022,"{""type"":""Point"",""coordinates"":[0.0,0.0]}"
1_1_1_1_1_1_1_1_1_1_1_1_1_1_1_1_1_1_2_1_2_0,4548.991772897822,3,771,2023,"{""type"":""Point"",""coordinates"":[0.0,0.0]}"
1_1_1_1_1_1_1_1_1_1_1_1_1_1_1_1_1_1_2_1_2_1,119530.01426135555,4,771,2023,"{""type"":""Point"",""coordinates"":[0.0,0.0]}"
1_1_1_1_1_1_1_1_1_1_1_1_1_1_1_1_1_1_2_1_2_2,7.082951716188919,12,771,2023,"{""type"":""Point"",""coordinates"":[0.0,0.0]}"
1_1_1_1_1_1_1_1_1_1_1_1_1_1_1_1_1_1_2_1_2_3,657887.8179139368,21,771,2023,"{""type"":""Point"",""coordinates"":[0.0,0.0]}"
1_1_1_1_1_1_1_1_1_1_1_1_1_1_1_1_1_1_2_1_2_4,600.9220997383869,22,771,2023,"{""type"":""Point"",""coordinates"":[0.0,0.0]}"
1_1_1_1_1_1_1_1_1_1_1_1_1_1_1_1_1_1_2_1_2_5,84.42371922607413,29,771,2023,"{""type"":""Point"",""coordinates"":[0.0,0.0]}"
1_1_1_1_1_1_1_1_1_1_1_1_1_1_1_1_1_1_2_1_2_6,1396.0700171006108,33,771,2023,"{""type"":""Point"",""coordinates"":[0.0,0.0]}"
1_1_1_1_1_1_1_1_1_1_1_1_1_1_1_1_1_1_2_2_0,3524.6366014268087,3,771,2024,"{""type"":""Point"",""coordinates"":[0.0,0.0]}"
1_1_1_1_1_1_1_1_1_1_1_1_1_1_1_1_1_1_2_2_1,159748.1862801006,4,771,2024,"{""type"":""Point"",""coordinates"":[0.0,0.0]}"
1_1_1_1_1_1_1_1_1_1_1_1_1_1_1_1_1_1_2_2_2,7.206072534179689,12,771,2024,"{""type"":""Point"",""coordinates"":[0.0,0.0]}"
1_1_1_1_1_1_1_1_1_1_1_1_1_1_1_1_1_1_2_2_3,616231.0517529778,21,771,2024,"{""type"":""Point"",""coordinates"":[0.0,0.0]}"
1_1_1_1_1_1_1_1_1_1_1_1_1_1_1_1_1_1_2_2_4,1196.597477142022,22,771,2024,"{""type"":""Point"",""coordinates"":[0.0,0.0]}"
1_1_1_1_1_1_1_1_1_1_1_1_1_1_1_1_1_1_2_2_5,358.01445049847786,29,771,2024,"{""type"":""Point"",""coordinates"":[0.0,0.0]}"
1_1_1_1_1_1_1_1_1_1_1_1_1_1_1_1_1_1_2_2_6,2989.6301012601416,33,771,2024,"{""type"":""Point"",""coordinates"":[0.0,0.0]}"
1_1_1_1_1_1_1_1_1_1_1_1_1_1_1_1_1_2_1_1_1_1_1_1_1_1_2_0,25139.669148234247,3,766,2016,"{""type"":""Point"",""coordinates"":[0.0,0.0]}"
1_1_1_1_1_1_1_1_1_1_1_1_1_1_1_1_1_2_1_1_1_1_1_1_1_1_2_1,1146594.0525515554,4,766,2016,"{""type"":""Point"",""coordinates"":[0.0,0.0]}"
1_1_1_1_1_1_1_1_1_1_1_1_1_1_1_1_1_2_1_1_1_1_1_1_1_1_2_2,231.37733442868702,12,766,2016,"{""type"":""Point"",""coordinates"":[0.0,0.0]}"
1_1_1_1_1_1_1_1_1_1_1_1_1_1_1_1_1_2_1_1_1_1_1_1_1_1_2_3,1320690.1371498106,21,766,2016,"{""type"":""Point"",""coordinates"":[0.0,0.0]}"
1_1_1_1_1_1_1_1_1_1_1_1_1_1_1_1_1_2_1_1_1_1_1_1_1_1_2_4,36.80025457306506,22,766,2016,"{""type"":""Point"",""coordinates"":[0.0,0.0]}"
1_1_1_1_1_1_1_1_1_1_1_1_1_1_1_1_1_2_1_1_1_1_1_1_1_1_2_5,3406.839173665535,29,766,2016,"{""type"":""Point"",""coordinates"":[0.0,0.0]}"
1_1_1_1_1_1_1_1_1_1_1_1_1_1_1_1_1_2_1_1_1_1_1_1_1_1_2_6,5717.551298299655,33,766,2016,"{""type"":""Point"",""coordinates"":[0.0,0.0]}"
1_1_1_1_1_1_1_1_1_1_1_1_1_1_1_1_1_2_1_1_1_1_1_1_1_2_0,12848.286713965532,3,766,2017,"{""type"":""Point"",""coordinates"":[0.0,0.0]}"
1_1_1_1_1_1_1_1_1_1_1_1_1_1_1_1_1_2_1_1_1_1_1_1_1_2_1,1171252.6830075397,4,766,2017,"{""type"":""Point"",""coordinates"":[0.0,0.0]}"
1_1_1_1_1_1_1_1_1_1_1_1_1_1_1_1_1_2_1_1_1_1_1_1_1_2_2,906.1447613700592,12,766,2017,"{""type"":""Point"",""coordinates"":[0.0,0.0]}"
1_1_1_1_1_1_1_1_1_1_1_1_1_1_1_1_1_2_1_1_1_1_1_1_1_2_3,1307919.5201231488,21,766,2017,"{""type"":""Point"",""coordinates"":[0.0,0.0]}"
1_1_1_1_1_1_1_1_1_1_1_1_1_1_1_1_1_2_1_1_1_1_1_1_1_2_4,51.88210352534276,22,766,2017,"{""type"":""Point"",""coordinates"":[0.0,0.0]}"
1_1_1_1_1_1_1_1_1_1_1_1_1_1_1_1_1_2_1_1_1_1_1_1_1_2_5,4095.6124800594653,29,766,2017,"{""type"":""Point"",""coordinates"":[0.0,0.0]}"
1_1_1_1_1_1_1_1_1_1_1_1_1_1_1_1_1_2_1_1_1_1_1_1_1_2_6,4742.297720934324,33,766,2017,"{""type"":""Point"",""coordinates"":[0.0,0.0]}"
1_1_1_1_1_1_1_1_1_1_1_1_1_1_1_1_1_2_1_1_1_1_1_1_2_0,24860.83505763877,3,766,2018,"{""type"":""Point"",""coordinates"":[0.0,0.0]}"
1_1_1_1_1_1_1_1_1_1_1_1_1_1_1_1_1_2_1_1_1_1_1_1_2_1,1199536.8525001067,4,766,2018,"{""type"":""Point"",""coordinates"":[0.0,0.0]}"
1_1_1_1_1_1_1_1_1_1_1_1_1_1_1_1_1_2_1_1_1_1_1_1_2_2,473.0494597978182,12,766,2018,"{""type"":""Point"",""coordinates"":[0.0,0.0]}"
1_1_1_1_1_1_1_1_1_1_1_1_1_1_1_1_1_2_1_1_1_1_1_1_2_3,1268372.141442732,21,766,2018,"{""type"":""Point"",""coordinates"":[0.0,0.0]}"
1_1_1_1_1_1_1_1_1_1_1_1_1_1_1_1_1_2_1_1_1_1_1_1_2_4,56.353733463852826,22,766,2018,"{""type"":""Point"",""coordinates"":[0.0,0.0]}"
1_1_1_1_1_1_1_1_1_1_1_1_1_1_1_1_1_2_1_1_1_1_1_1_2_5,3216.3689076334563,29,766,2018,"{""type"":""Point"",""coordinates"":[0.0,0.0]}"
1_1_1_1_1_1_1_1_1_1_1_1_1_1_1_1_1_2_1_1_1_1_1_1_2_6,5300.825809199405,33,766,2018,"{""type"":""Point"",""coordinates"":[0.0,0.0]}"
1_1_1_1_1_1_1_1_1_1_1_1_1_1_1_1_1_2_1_1_1_1_1_2_0,22065.73127106152,3,766,2019,"{""type"":""Point"",""coordinates"":[0.0,0.0]}"
1_1_1_1_1_1_1_1_1_1_1_1_1_1_1_1_1_2_1_1_1_1_1_2_1,1227706.5049116996,4,766,2019,"{""type"":""Point"",""coordinates"":[0.0,0.0]}"
1_1_1_1_1_1_1_1_1_1_1_1_1_1_1_1_1_2_1_1_1_1_1_2_2,7081.554854263678,12,766,2019,"{""type"":""Point"",""coordinates"":[0.0,0.0]}"
1_1_1_1_1_1_1_1_1_1_1_1_1_1_1_1_1_2_1_1_1_1_1_2_3,1236701.5715683317,21,766,2019,"{""type"":""Point"",""coordinates"":[0.0,0.0]}"
1_1_1_1_1_1_1_1_1_1_1_1_1_1_1_1_1_2_1_1_1_1_1_2_4,846.4441440326291,22,766,2019,"{""type"":""Point"",""coordinates"":[0.0,0.0]}"
1_1_1_1_1_1_1_1_1_1_1_1_1_1_1_1_1_2_1_1_1_1_1_2_5,2791.4698889407005,29,766,2019,"{""type"":""Point"",""coordinates"":[0.0,0.0]}"
1_1_1_1_1_1_1_1_1_1_1_1_1_1_1_1_1_2_1_1_1_1_1_2_6,4623.150272301415,33,766,2019,"{""type"":""Point"",""coordinates"":[0.0,0.0]}"
1_1_1_1_1_1_1_1_1_1_1_1_1_1_1_1_1_2_1_1_1_1_2_0,19049.66181971856,3,766,2020,"{""type"":""Point"",""coordinates"":[0.0,0.0]}"
1_1_1_1_1_1_1_1_1_1_1_1_1_1_1_1_1_2_1_1_1_1_2_1,1244445.8730199952,4,766,2020,"{""type"":""Point"",""coordinates"":[0.0,0.0]}"
1_1_1_1_1_1_1_1_1_1_1_1_1_1_1_1_1_2_1_1_1_1_2_2,9070.005443720005,12,766,2020,"{""type"":""Point"",""coordinates"":[0.0,0.0]}"
1_1_1_1_1_1_1_1_1_1_1_1_1_1_1_1_1_2_1_1_1_1_2_3,1223484.7637856835,21,766,2020,"{""type"":""Point"",""coordinates"":[0.0,0.0]}"
1_1_1_1_1_1_1_1_1_1_1_1_1_1_1_1_1_2_1_1_1_1_2_4,23.013094174469593,22,766,2020,"{""type"":""Point"",""coordinates"":[0.0,0.0]}"
1_1_1_1_1_1_1_1_1_1_1_1_1_1_1_1_1_2_1_1_1_1_2_5,1177.9988454885229,29,766,2020,"{""type"":""Point"",""coordinates"":[0.0,0.0]}"
1_1_1_1_1_1_1_1_1_1_1_1_1_1_1_1_1_2_1_1_1_1_2_6,4565.110901806082,33,766,2020,"{""type"":""Point"",""coordinates"":[0.0,0.0]}"
1_1_1_1_1_1_1_1_1_1_1_1_1_1_1_1_1_2_1_1_1_2_0,55074.17288856175,3,766,2021,"{""type"":""Point"",""coordinates"":[0.0,0.0]}"
1_1_1_1_1_1_1_1_1_1_1_1_1_1_1_1_1_2_1_1_1_2_1,1223954.0960115797,4,766,2021,"{""type"":""Point"",""coordinates"":[0.0,0.0]}"
1_1_1_1_1_1_1_1_1_1_1_1_1_1_1_1_1_2_1_1_1_2_2,2496.3164547628944,12,766,2021,"{""type"":""Point"",""coordinates"":[0.0,0.0]}"
1_1_1_1_1_1_1_1_1_1_1_1_1_1_1_1_1_2_1_1_1_2_3,1213392.7849399492,21,766,2021,"{""type"":""Point"",""coordinates"":[0.0,0.0]}"
1_1_1_1_1_1_1_1_1_1_1_1_1_1_1_1_1_2_1_1_1_2_4,0.08664071655273438,22,766,2021,"{""type"":""Point"",""coordinates"":[0.0,0.0]}"
1_1_1_1_1_1_1_1_1_1_1_1_1_1_1_1_1_2_1_1_1_2_5,1429.650765148354,29,766,2021,"{""type"":""Point"",""coordinates"":[0.0,0.0]}"
1_1_1_1_1_1_1_1_1_1_1_1_1_1_1_1_1_2_1_1_1_2_6,5469.319209888419,33,766,2021,"{""type"":""Point"",""coordinates"":[0.0,0.0]}"
1_1_1_1_1_1_1_1_1_1_1_1_1_1_1_1_1_2_1_1_2_0,21596.79032908071,3,766,2022,"{""type"":""Point"",""coordinates"":[0.0,0.0]}"
1_1_1_1_1_1_1_1_1_1_1_1_1_1_1_1_1_2_1_1_2_1,1241277.4832724235,4,766,2022,"{""type"":""Point"",""coordinates"":[0.0,0.0]}"
1_1_1_1_1_1_1_1_1_1_1_1_1_1_1_1_1_2_1_1_2_2,4506.7297978134075,12,766,2022,"{""type"":""Point"",""coordinates"":[0.0,0.0]}"
1_1_1_1_1_1_1_1_1_1_1_1_1_1_1_1_1_2_1_1_2_3,1225564.8225220183,21,766,2022,"{""type"":""Point"",""coordinates"":[0.0,0.0]}"
1_1_1_1_1_1_1_1_1_1_1_1_1_1_1_1_1_2_1_1_2_4,695.8776703944058,22,766,2022,"{""type"":""Point"",""coordinates"":[0.0,0.0]}"
1_1_1_1_1_1_1_1_1_1_1_1_1_1_1_1_1_2_1_1_2_5,1242.180746917149,29,766,2022,"{""type"":""Point"",""coordinates"":[0.0,0.0]}"
1_1_1_1_1_1_1_1_1_1_1_1_1_1_1_1_1_2_1_1_2_6,6932.542571952914,33,766,2022,"{""type"":""Point"",""coordinates"":[0.0,0.0]}"
1_1_1_1_1_1_1_1_1_1_1_1_1_1_1_1_1_2_1_2_0,21631.762728992337,3,766,2023,"{""type"":""Point"",""coordinates"":[0.0,0.0]}"
1_1_1_1_1_1_1_1_1_1_1_1_1_1_1_1_1_2_1_2_1,1216502.829199705,4,766,2023,"{""type"":""Point"",""coordinates"":[0.0,0.0]}"
1_1_1_1_1_1_1_1_1_1_1_1_1_1_1_1_1_2_1_2_2,5420.200506397838,12,766,2023,"{""type"":""Point"",""coordinates"":[0.0,0.0]}"
1_1_1_1_1_1_1_1_1_1_1_1_1_1_1_1_1_2_1_2_3,1249680.3279598642,21,766,2023,"{""type"":""Point"",""coordinates"":[0.0,0.0]}"
1_1_1_1_1_1_1_1_1_1_1_1_1_1_1_1_1_2_1_2_4,106.05351520603556,22,766,2023,"{""type"":""Point"",""coordinates"":[0.0,0.0]}"
1_1_1_1_1_1_1_1_1_1_1_1_1_1_1_1_1_2_1_2_5,1071.3928895377383,29,766,2023,"{""type"":""Point"",""coordinates"":[0.0,0.0]}"
1_1_1_1_1_1_1_1_1_1_1_1_1_1_1_1_1_2_1_2_6,7403.860110840094,33,766,2023,"{""type"":""Point"",""coordinates"":[0.0,0.0]}"
1_1_1_1_1_1_1_1_1_1_1_1_1_1_1_1_1_2_2_0,23361.41168869432,3,766,2024,"{""type"":""Point"",""coordinates"":[0.0,0.0]}"
1_1_1_1_1_1_1_1_1_1_1_1_1_1_1_1_1_2_2_1,1219128.3801177477,4,766,2024,"{""type"":""Point"",""coordinates"":[0.0,0.0]}"
1_1_1_1_1_1_1_1_1_1_1_1_1_1_1_1_1_2_2_2,3103.240298123657,12,766,2024,"{""type"":""Point"",""coordinates"":[0.0,0.0]}"
1_1_1_1_1_1_1_1_1_1_1_1_1_1_1_1_1_2_2_3,1245224.3373732078,21,766,2024,"{""type"":""Point"",""coordinates"":[0.0,0.0]}"
1_1_1_1_1_1_1_1_1_1_1_1_1_1_1_1_1_2_2_4,411.183038476371,22,766,2024,"{""type"":""Point"",""coordinates"":[0.0,0.0]}"
1_1_1_1_1_1_1_1_1_1_1_1_1_1_1_1_1_2_2_5,1734.8950359762453,29,766,2024,"{""type"":""Point"",""coordinates"":[0.0,0.0]}"
1_1_1_1_1_1_1_1_1_1_1_1_1_1_1_1_1_2_2_6,8852.979358305998,33,766,2024,"{""type"":""Point"",""coordinates"":[0.0,0.0]}"
1_1_1_1_1_1_1_1_1_1_1_1_1_1_1_1_2_1_1_1_1_1_1_1_1_2_0,635327.873575873,3,7746,2016,"{""type"":""Point"",""coordinates"":[0.0,0.0]}"
1_1_1_1_1_1_1_1_1_1_1_1_1_1_1_1_2_1_1_1_1_1_1_1_1_2_1,1295428.8856524173,4,7746,2016,"{""type"":""Point"",""coordinates"":[0.0,0.0]}"
1_1_1_1_1_1_1_1_1_1_1_1_1_1_1_1_2_1_1_1_1_1_1_1_1_2_2,38327.415071843665,12,7746,2016,"{""type"":""Point"",""coordinates"":[0.0,0.0]}"
1_1_1_1_1_1_1_1_1_1_1_1_1_1_1_1_2_1_1_1_1_1_1_1_1_2_3,1204876.399649639,21,7746,2016,"{""type"":""Point"",""coordinates"":[0.0,0.0]}"
1_1_1_1_1_1_1_1_1_1_1_1_1_1_1_1_2_1_1_1_1_1_1_1_1_2_4,1015.7515418296174,22,7746,2016,"{""type"":""Point"",""coordinates"":[0.0,0.0]}"
1_1_1_1_1_1_1_1_1_1_1_1_1_1_1_1_2_1_1_1_1_1_1_1_1_2_5,1526.6828452585733,29,7746,2016,"{""type"":""Point"",""coordinates"":[0.0,0.0]}"
1_1_1_1_1_1_1_1_1_1_1_1_1_1_1_1_2_1_1_1_1_1_1_1_1_2_6,7799.704188475719,33,7746,2016,"{""type"":""Point"",""coordinates"":[0.0,0.0]}"
1_1_1_1_1_1_1_1_1_1_1_1_1_1_1_1_2_1_1_1_1_1_1_1_2_0,424272.84492970054,3,7746,2017,"{""type"":""Point"",""coordinates"":[0.0,0.0]}"
1_1_1_1_1_1_1_1_1_1_1_1_1_1_1_1_2_1_1_1_1_1_1_1_2_1,1517236.452318835,4,7746,2017,"{""type"":""Point"",""coordinates"":[0.0,0.0]}"
1_1_1_1_1_1_1_1_1_1_1_1_1_1_1_1_2_1_1_1_1_1_1_1_2_2,45066.70981920696,12,7746,2017,"{""type"":""Point"",""coordinates"":[0.0,0.0]}"
1_1_1_1_1_1_1_1_1_1_1_1_1_1_1_1_2_1_1_1_1_1_1_1_2_3,1191441.2133362424,21,7746,2017,"{""type"":""Point"",""coordinates"":[0.0,0.0]}"
1_1_1_1_1_1_1_1_1_1_1_1_1_1_1_1_2_1_1_1_1_1_1_1_2_4,257.3965387473193,22,7746,2017,"{""type"":""Point"",""coordinates"":[0.0,0.0]}"
1_1_1_1_1_1_1_1_1_1_1_1_1_1_1_1_2_1_1_1_1_1_1_1_2_5,1600.6690371312022,29,7746,2017,"{""type"":""Point"",""coordinates"":[0.0,0.0]}"
1_1_1_1_1_1_1_1_1_1_1_1_1_1_1_1_2_1_1_1_1_1_1_1_2_6,4427.426543905712,33,7746,2017,"{""type"":""Point"",""coordinates"":[0.0,0.0]}"
1_1_1_1_1_1_1_1_1_1_1_1_1_1_1_1_2_1_1_1_1_1_1_2_0,473417.95059973904,3,7746,2018,"{""type"":""Point"",""coordinates"":[0.0,0.0]}"
1_1_1_1_1_1_1_1_1_1_1_1_1_1_1_1_2_1_1_1_1_1_1_2_1,1479612.0395179286,4,7746,2018,"{""type"":""Point"",""coordinates"":[0.0,0.0]}"
1_1_1_1_1_1_1_1_1_1_1_1_1_1_1_1_2_1_1_1_1_1_1_2_2,33010.70437488488,12,7746,2018,"{""type"":""Point"",""coordinates"":[0.0,0.0]}"
1_1_1_1_1_1_1_1_1_1_1_1_1_1_1_1_2_1_1_1_1_1_1_2_3,1190909.450985455,21,7746,2018,"{""type"":""Point"",""coordinates"":[0.0,0.0]}"
1_1_1_1_1_1_1_1_1_1_1_1_1_1_1_1_2_1_1_1_1_1_1_2_4,195.80812046508788,22,7746,2018,"{""type"":""Point"",""coordinates"":[0.0,0.0]}"
1_1_1_1_1_1_1_1_1_1_1_1_1_1_1_1_2_1_1_1_1_1_1_2_5,280.1073329833984,29,7746,2018,"{""type"":""Point"",""coordinates"":[0.0,0.0]}"
1_1_1_1_1_1_1_1_1_1_1_1_1_1_1_1_2_1_1_1_1_1_1_2_6,6876.651593769379,33,7746,2018,"{""type"":""Point"",""coordinates"":[0.0,0.0]}"
1_1_1_1_1_1_1_1_1_1_1_1_1_1_1_1_2_1_1_1_1_1_2_0,361805.8314358659,3,7746,2019,"{""type"":""Point"",""coordinates"":[0.0,0.0]}"
1_1_1_1_1_1_1_1_1_1_1_1_1_1_1_1_2_1_1_1_1_1_2_1,1572680.04481258,4,7746,2019,"{""type"":""Point"",""coordinates"":[0.0,0.0]}"
1_1_1_1_1_1_1_1_1_1_1_1_1_1_1_1_2_1_1_1_1_1_2_2,36438.188174649586,12,7746,2019,"{""type"":""Point"",""coordinates"":[0.0,0.0]}"
1_1_1_1_1_1_1_1_1_1_1_1_1_1_1_1_2_1_1_1_1_1_2_3,1206627.5647741482,21,7746,2019,"{""type"":""Point"",""coordinates"":[0.0,0.0]}"
1_1_1_1_1_1_1_1_1_1_1_1_1_1_1_1_2_1_1_1_1_1_2_4,299.1909439906461,22,7746,2019,"{""type"":""Point"",""coordinates"":[0.0,0.0]}"
1_1_1_1_1_1_1_1_1_1_1_1_1_1_1_1_2_1_1_1_1_1_2_5,833.6081130205218,29,7746,2019,"{""type"":""Point"",""coordinates"":[0.0,0.0]}"
1_1_1_1_1_1_1_1_1_1_1_1_1_1_1_1_2_1_1_1_1_1_2_6,5618.2842694303035,33,7746,2019,"{""type"":""Point"",""coordinates"":[0.0,0.0]}"
1_1_1_1_1_1_1_1_1_1_1_1_1_1_1_1_2_1_1_1_1_2_0,469876.85432518163,3,7746,2020,"{""type"":""Point"",""coordinates"":[0.0,0.0]}"
1_1_1_1_1_1_1_1_1_1_1_1_1_1_1_1_2_1_1_1_1_2_1,1460242.4036709329,4,7746,2020,"{""type"":""Point"",""coordinates"":[0.0,0.0]}"
1_1_1_1_1_1_1_1_1_1_1_1_1_1_1_1_2_1_1_1_1_2_2,53002.59539361025,12,7746,2020,"{""type"":""Point"",""coordinates"":[0.0,0.0]}"
1_1_1_1_1_1_1_1_1_1_1_1_1_1_1_1_2_1_1_1_1_2_3,1193848.706720322,21,7746,2020,"{""type"":""Point"",""coordinates"":[0.0,0.0]}"
1_1_1_1_1_1_1_1_1_1_1_1_1_1_1_1_2_1_1_1_1_2_4,613.2803619523594,22,7746,2020,"{""type"":""Point"",""coordinates"":[0.0,0.0]}"
1_1_1_1_1_1_1_1_1_1_1_1_1_1_1_1_2_1_1_1_1_2_5,1679.653257029504,29,7746,2020,"{""type"":""Point"",""coordinates"":[0.0,0.0]}"
1_1_1_1_1_1_1_1_1_1_1_1_1_1_1_1_2_1_1_1_1_2_6,5039.218794692205,33,7746,2020,"{""type"":""Point"",""coordinates"":[0.0,0.0]}"
1_1_1_1_1_1_1_1_1_1_1_1_1_1_1_1_2_1_1_1_2_0,462658.44926861883,3,7746,2021,"{""type"":""Point"",""coordinates"":[0.0,0.0]}"
1_1_1_1_1_1_1_1_1_1_1_1_1_1_1_1_2_1_1_1_2_1,1489795.7077338926,4,7746,2021,"{""type"":""Point"",""coordinates"":[0.0,0.0]}"
1_1_1_1_1_1_1_1_1_1_1_1_1_1_1_1_2_1_1_1_2_2,31657.791729042314,12,7746,2021,"{""type"":""Point"",""coordinates"":[0.0,0.0]}"
1_1_1_1_1_1_1_1_1_1_1_1_1_1_1_1_2_1_1_1_2_3,1192089.2555641276,21,7746,2021,"{""type"":""Point"",""coordinates"":[0.0,0.0]}"
1_1_1_1_1_1_1_1_1_1_1_1_1_1_1_1_2_1_1_1_2_4,531.3140204319859,22,7746,2021,"{""type"":""Point"",""coordinates"":[0.0,0.0]}"
1_1_1_1_1_1_1_1_1_1_1_1_1_1_1_1_2_1_1_1_2_5,1502.6513237138101,29,7746,2021,"{""type"":""Point"",""coordinates"":[0.0,0.0]}"
1_1_1_1_1_1_1_1_1_1_1_1_1_1_1_1_2_1_1_1_2_6,6067.542884089056,33,7746,2021,"{""type"":""Point"",""coordinates"":[0.0,0.0]}"
1_1_1_1_1_1_1_1_1_1_1_1_1_1_1_1_2_1_1_2_0,484386.91595538764,3,7746,2022,"{""type"":""Point"",""coordinates"":[0.0,0.0]}"
1_1_1_1_1_1_1_1_1_1_1_1_1_1_1_1_2_1_1_2_1,1477081.6512872856,4,7746,2022,"{""type"":""Point"",""coordinates"":[0.0,0.0]}"
1_1_1_1_1_1_1_1_1_1_1_1_1_1_1_1_2_1_1_2_2,49840.09432651297,12,7746,2022,"{""type"":""Point"",""coordinates"":[0.0,0.0]}"
1_1_1_1_1_1_1_1_1_1_1_1_1_1_1_1_2_1_1_2_3,1163166.8499697584,21,7746,2022,"{""type"":""Point"",""coordinates"":[0.0,0.0]}"
1_1_1_1_1_1_1_1_1_1_1_1_1_1_1_1_2_1_1_2_4,171.3115970335957,22,7746,2022,"{""type"":""Point"",""coordinates"":[0.0,0.0]}"
1_1_1_1_1_1_1_1_1_1_1_1_1_1_1_1_2_1_1_2_5,1832.0588509143286,29,7746,2022,"{""type"":""Point"",""coordinates"":[0.0,0.0]}"
1_1_1_1_1_1_1_1_1_1_1_1_1_1_1_1_2_1_1_2_6,7823.830537135339,33,7746,2022,"{""type"":""Point"",""coordinates"":[0.0,0.0]}"
1_1_1_1_1_1_1_1_1_1_1_1_1_1_1_1_2_1_2_0,488450.67988819047,3,7746,2023,"{""type"":""Point"",""coordinates"":[0.0,0.0]}"
1_1_1_1_1_1_1_1_1_1_1_1_1_1_1_1_2_1_2_1,1546476.5480984394,4,7746,2023,"{""type"":""Point"",""coordinates"":[0.0,0.0]}"
1_1_1_1_1_1_1_1_1_1_1_1_1_1_1_1_2_1_2_2,42678.46128411908,12,7746,2023,"{""type"":""Point"",""coordinates"":[0.0,0.0]}"
1_1_1_1_1_1_1_1_1_1_1_1_1_1_1_1_2_1_2_3,1099617.3230123627,21,7746,2023,"{""type"":""Point"",""coordinates"":[0.0,0.0]}"
1_1_1_1_1_1_1_1_1_1_1_1_1_1_1_1_2_1_2_4,246.37294124992835,22,7746,2023,"{""type"":""Point"",""coordinates"":[0.0,0.0]}"
1_1_1_1_1_1_1_1_1_1_1_1_1_1_1_1_2_1_2_5,1183.5077447757735,29,7746,2023,"{""type"":""Point"",""coordinates"":[0.0,0.0]}"
1_1_1_1_1_1_1_1_1_1_1_1_1_1_1_1_2_1_2_6,5649.819554723857,33,7746,2023,"{""type"":""Point"",""coordinates"":[0.0,0.0]}"
1_1_1_1_1_1_1_1_1_1_1_1_1_1_1_1_2_2_0,629861.1579083251,3,7746,2024,"{""type"":""Point"",""coordinates"":[0.0,0.0]}"
1_1_1_1_1_1_1_1_1_1_1_1_1_1_1_1_2_2_1,1507368.3755321219,4,7746,2024,"{""type"":""Point"",""coordinates"":[0.0,0.0]}"
1_1_1_1_1_1_1_1_1_1_1_1_1_1_1_1_2_2_2,31596.81999125425,12,7746,2024,"{""type"":""Point"",""coordinates"":[0.0,0.0]}"
1_1_1_1_1_1_1_1_1_1_1_1_1_1_1_1_2_2_3,1000141.4701955267,21,7746,2024,"{""type"":""Point"",""coordinates"":[0.0,0.0]}"
1_1_1_1_1_1_1_1_1_1_1_1_1_1_1_1_2_2_4,237.75435674723298,22,7746,2024,"{""type"":""Point"",""coordinates"":[0.0,0.0]}"
1_1_1_1_1_1_1_1_1_1_1_1_1_1_1_1_2_2_5,6618.957273940683,29,7746,2024,"{""type"":""Point"",""coordinates"":[0.0,0.0]}"
1_1_1_1_1_1_1_1_1_1_1_1_1_1_1_1_2_2_6,8478.177265972625,33,7746,2024,"{""type"":""Point"",""coordinates"":[0.0,0.0]}"
1_1_1_1_1_1_1_1_1_1_1_1_1_1_1_2_1_1_1_1_1_1_1_1_2_0,174218.09464894526,3,753,2016,"{""type"":""Point"",""coordinates"":[0.0,0.0]}"
1_1_1_1_1_1_1_1_1_1_1_1_1_1_1_2_1_1_1_1_1_1_1_1_2_1,2403123.879639934,4,753,2016,"{""type"":""Point"",""coordinates"":[0.0,0.0]}"
1_1_1_1_1_1_1_1_1_1_1_1_1_1_1_2_1_1_1_1_1_1_1_1_2_2,417.61205644801726,12,753,2016,"{""type"":""Point"",""coordinates"":[0.0,0.0]}"
1_1_1_1_1_1_1_1_1_1_1_1_1_1_1_2_1_1_1_1_1_1_1_1_2_3,578948.4167288961,21,753,2016,"{""type"":""Point"",""coordinates"":[0.0,0.0]}"
1_1_1_1_1_1_1_1_1_1_1_1_1_1_1_2_1_1_1_1_1_1_1_1_2_4,27157.361869319495,22,753,2016,"{""type"":""Point"",""coordinates"":[0.0,0.0]}"
1_1_1_1_1_1_1_1_1_1_1_1_1_1_1_2_1_1_1_1_1_1_1_1_2_5,8.172316631792855,27,753,2016,"{""type"":""Point"",""coordinates"":[0.0,0.0]}"
1_1_1_1_1_1_1_1_1_1_1_1_1_1_1_2_1_1_1_1_1_1_1_1_2_6,1.693410858154297,29,753,2016,"{""type"":""Point"",""coordinates"":[0.0,0.0]}"
1_1_1_1_1_1_1_1_1_1_1_1_1_1_1_2_1_1_1_1_1_1_1_1_2_7,34290.45187250836,33,753,2016,"{""type"":""Point"",""coordinates"":[0.0,0.0]}"
1_1_1_1_1_1_1_1_1_1_1_1_1_1_1_2_1_1_1_1_1_1_1_2_0,329448.66838383046,3,753,2017,"{""type"":""Point"",""coordinates"":[0.0,0.0]}"
1_1_1_1_1_1_1_1_1_1_1_1_1_1_1_2_1_1_1_1_1_1_1_2_1,2268053.056124256,4,753,2017,"{""type"":""Point"",""coordinates"":[0.0,0.0]}"
1_1_1_1_1_1_1_1_1_1_1_1_1_1_1_2_1_1_1_1_1_1_1_2_2,508.18195399418846,12,753,2017,"{""type"":""Point"",""coordinates"":[0.0,0.0]}"
1_1_1_1_1_1_1_1_1_1_1_1_1_1_1_2_1_1_1_1_1_1_1_2_3,557237.7021707385,21,753,2017,"{""type"":""Point"",""coordinates"":[0.0,0.0]}"
1_1_1_1_1_1_1_1_1_1_1_1_1_1_1_2_1_1_1_1_1_1_1_2_4,17949.83433598492,22,753,2017,"{""type"":""Point"",""coordinates"":[0.0,0.0]}"
1_1_1_1_1_1_1_1_1_1_1_1_1_1_1_2_1_1_1_1_1_1_1_2_5,3.531779790972541,27,753,2017,"{""type"":""Point"",""coordinates"":[0.0,0.0]}"
1_1_1_1_1_1_1_1_1_1_1_1_1_1_1_2_1_1_1_1_1_1_1_2_6,44964.70779515706,33,753,2017,"{""type"":""Point"",""coordinates"":[0.0,0.0]}"
1_1_1_1_1_1_1_1_1_1_1_1_1_1_1_2_1_1_1_1_1_1_2_0,315678.0529740262,3,753,2018,"{""type"":""Point"",""coordinates"":[0.0,0.0]}"
1_1_1_1_1_1_1_1_1_1_1_1_1_1_1_2_1_1_1_1_1_1_2_1,2281816.486161662,4,753,2018,"{""type"":""Point"",""coordinates"":[0.0,0.0]}"
1_1_1_1_1_1_1_1_1_1_1_1_1_1_1_2_1_1_1_1_1_1_2_2,1092.0763338198662,12,753,2018,"{""type"":""Point"",""coordinates"":[0.0,0.0]}"
1_1_1_1_1_1_1_1_1_1_1_1_1_1_1_2_1_1_1_1_1_1_2_3,555743.2996518693,21,753,2018,"{""type"":""Point"",""coordinates"":[0.0,0.0]}"
1_1_1_1_1_1_1_1_1_1_1_1_1_1_1_2_1_1_1_1_1_1_2_4,13479.537082170735,22,753,2018,"{""type"":""Point"",""coordinates"":[0.0,0.0]}"
1_1_1_1_1_1_1_1_1_1_1_1_1_1_1_2_1_1_1_1_1_1_2_5,1.6063740600585938,27,753,2018,"{""type"":""Point"",""coordinates"":[0.0,0.0]}"
1_1_1_1_1_1_1_1_1_1_1_1_1_1_1_2_1_1_1_1_1_1_2_6,0.5349973815917969,29,753,2018,"{""type"":""Point"",""coordinates"":[0.0,0.0]}"
1_1_1_1_1_1_1_1_1_1_1_1_1_1_1_2_1_1_1_1_1_1_2_7,50354.08896860346,33,753,2018,"{""type"":""Point"",""coordinates"":[0.0,0.0]}"
1_1_1_1_1_1_1_1_1_1_1_1_1_1_1_2_1_1_1_1_1_2_0,348493.1490914302,3,753,2019,"{""type"":""Point"",""coordinates"":[0.0,0.0]}"
1_1_1_1_1_1_1_1_1_1_1_1_1_1_1_2_1_1_1_1_1_2_1,2295282.679021987,4,753,2019,"{""type"":""Point"",""coordinates"":[0.0,0.0]}"
1_1_1_1_1_1_1_1_1_1_1_1_1_1_1_2_1_1_1_1_1_2_2,411.1570550598146,12,753,2019,"{""type"":""Point"",""coordinates"":[0.0,0.0]}"
1_1_1_1_1_1_1_1_1_1_1_1_1_1_1_2_1_1_1_1_1_2_3,488718.5503007986,21,753,2019,"{""type"":""Point"",""coordinates"":[0.0,0.0]}"
1_1_1_1_1_1_1_1_1_1_1_1_1_1_1_2_1_1_1_1_1_2_4,18189.434946054895,22,753,2019,"{""type"":""Point"",""coordinates"":[0.0,0.0]}"
1_1_1_1_1_1_1_1_1_1_1_1_1_1_1_2_1_1_1_1_1_2_5,0.3569960205078125,27,753,2019,"{""type"":""Point"",""coordinates"":[0.0,0.0]}"
1_1_1_1_1_1_1_1_1_1_1_1_1_1_1_2_1_1_1_1_1_2_6,1.774229700544769,29,753,2019,"{""type"":""Point"",""coordinates"":[0.0,0.0]}"
1_1_1_1_1_1_1_1_1_1_1_1_1_1_1_2_1_1_1_1_1_2_7,67068.58090242211,33,753,2019,"{""type"":""Point"",""coordinates"":[0.0,0.0]}"
1_1_1_1_1_1_1_1_1_1_1_1_1_1_1_2_1_1_1_1_2_0,320870.57731471106,3,753,2020,"{""type"":""Point"",""coordinates"":[0.0,0.0]}"
1_1_1_1_1_1_1_1_1_1_1_1_1_1_1_2_1_1_1_1_2_1,2286743.2993496507,4,753,2020,"{""type"":""Point"",""coordinates"":[0.0,0.0]}"
1_1_1_1_1_1_1_1_1_1_1_1_1_1_1_2_1_1_1_1_2_2,123.69484168476183,12,753,2020,"{""type"":""Point"",""coordinates"":[0.0,0.0]}"
1_1_1_1_1_1_1_1_1_1_1_1_1_1_1_2_1_1_1_1_2_3,521031.85670859163,21,753,2020,"{""type"":""Point"",""coordinates"":[0.0,0.0]}"
1_1_1_1_1_1_1_1_1_1_1_1_1_1_1_2_1_1_1_1_2_4,22631.847886976375,22,753,2020,"{""type"":""Point"",""coordinates"":[0.0,0.0]}"
1_1_1_1_1_1_1_1_1_1_1_1_1_1_1_2_1_1_1_1_2_5,0.08924896850585938,27,753,2020,"{""type"":""Point"",""coordinates"":[0.0,0.0]}"
1_1_1_1_1_1_1_1_1_1_1_1_1_1_1_2_1_1_1_1_2_6,2.5161693598010495,29,753,2020,"{""type"":""Point"",""coordinates"":[0.0,0.0]}"
1_1_1_1_1_1_1_1_1_1_1_1_1_1_1_2_1_1_1_1_2_7,66761.80102351475,33,753,2020,"{""type"":""Point"",""coordinates"":[0.0,0.0]}"
1_1_1_1_1_1_1_1_1_1_1_1_1_1_1_2_1_1_1_2_0,311273.77450583206,3,753,2021,"{""type"":""Point"",""coordinates"":[0.0,0.0]}"
1_1_1_1_1_1_1_1_1_1_1_1_1_1_1_2_1_1_1_2_1,2224442.7740287604,4,753,2021,"{""type"":""Point"",""coordinates"":[0.0,0.0]}"
1_1_1_1_1_1_1_1_1_1_1_1_1_1_1_2_1_1_1_2_2,437.9440098764935,12,753,2021,"{""type"":""Point"",""coordinates"":[0.0,0.0]}"
1_1_1_1_1_1_1_1_1_1_1_1_1_1_1_2_1_1_1_2_3,584064.3266720175,21,753,2021,"{""type"":""Point"",""coordinates"":[0.0,0.0]}"
1_1_1_1_1_1_1_1_1_1_1_1_1_1_1_2_1_1_1_2_4,36175.26209344796,22,753,2021,"{""type"":""Point"",""coordinates"":[0.0,0.0]}"
1_1_1_1_1_1_1_1_1_1_1_1_1_1_1_2_1_1_1_2_5,0.08924896850585938,27,753,2021,"{""type"":""Point"",""coordinates"":[0.0,0.0]}"
1_1_1_1_1_1_1_1_1_1_1_1_1_1_1_2_1_1_1_2_6,2.150272122228286,29,753,2021,"{""type"":""Point"",""coordinates"":[0.0,0.0]}"
1_1_1_1_1_1_1_1_1_1_1_1_1_1_1_2_1_1_1_2_7,61769.36171237722,33,753,2021,"{""type"":""Point"",""coordinates"":[0.0,0.0]}"
1_1_1_1_1_1_1_1_1_1_1_1_1_1_1_2_1_1_2_0,237089.79518787222,3,753,2022,"{""type"":""Point"",""coordinates"":[0.0,0.0]}"
1_1_1_1_1_1_1_1_1_1_1_1_1_1_1_2_1_1_2_1,2288143.8654253897,4,753,2022,"{""type"":""Point"",""coordinates"":[0.0,0.0]}"
1_1_1_1_1_1_1_1_1_1_1_1_1_1_1_2_1_1_2_2,1594.84178934142,12,753,2022,"{""type"":""Point"",""coordinates"":[0.0,0.0]}"
1_1_1_1_1_1_1_1_1_1_1_1_1_1_1_2_1_1_2_3,601977.238049779,21,753,2022,"{""type"":""Point"",""coordinates"":[0.0,0.0]}"
1_1_1_1_1_1_1_1_1_1_1_1_1_1_1_2_1_1_2_4,25648.40551472084,22,753,2022,"{""type"":""Point"",""coordinates"":[0.0,0.0]}"
1_1_1_1_1_1_1_1_1_1_1_1_1_1_1_2_1_1_2_5,0.08924896850585938,27,753,2022,"{""type"":""Point"",""coordinates"":[0.0,0.0]}"
1_1_1_1_1_1_1_1_1_1_1_1_1_1_1_2_1_1_2_6,2.6587868870634193,29,753,2022,"{""type"":""Point"",""coordinates"":[0.0,0.0]}"
1_1_1_1_1_1_1_1_1_1_1_1_1_1_1_2_1_1_2_7,63708.78854059938,33,753,2022,"{""type"":""Point"",""coordinates"":[0.0,0.0]}"
1_1_1_1_1_1_1_1_1_1_1_1_1_1_1_2_1_2_0,241860.7615811156,3,753,2023,"{""type"":""Point"",""coordinates"":[0.0,0.0]}"
1_1_1_1_1_1_1_1_1_1_1_1_1_1_1_2_1_2_1,2292405.815377451,4,753,2023,"{""type"":""Point"",""coordinates"":[0.0,0.0]}"
1_1_1_1_1_1_1_1_1_1_1_1_1_1_1_2_1_2_2,1580.6101947881234,12,753,2023,"{""type"":""Point"",""coordinates"":[0.0,0.0]}"
1_1_1_1_1_1_1_1_1_1_1_1_1_1_1_2_1_2_3,572233.9592097054,21,753,2023,"{""type"":""Point"",""coordinates"":[0.0,0.0]}"
1_1_1_1_1_1_1_1_1_1_1_1_1_1_1_2_1_2_4,27930.892053301246,22,753,2023,"{""type"":""Point"",""coordinates"":[0.0,0.0]}"
1_1_1_1_1_1_1_1_1_1_1_1_1_1_1_2_1_2_5,6356.137909458375,29,753,2023,"{""type"":""Point"",""coordinates"":[0.0,0.0]}"
1_1_1_1_1_1_1_1_1_1_1_1_1_1_1_2_1_2_6,75797.50621759688,33,753,2023,"{""type"":""Point"",""coordinates"":[0.0,0.0]}"
1_1_1_1_1_1_1_1_1_1_1_1_1_1_1_2_2_0,192608.16560375175,3,753,2024,"{""type"":""Point"",""coordinates"":[0.0,0.0]}"
1_1_1_1_1_1_1_1_1_1_1_1_1_1_1_2_2_1,2425606.259536228,4,753,2024,"{""type"":""Point"",""coordinates"":[0.0,0.0]}"
1_1_1_1_1_1_1_1_1_1_1_1_1_1_1_2_2_2,19.038967463737936,12,753,2024,"{""type"":""Point"",""coordinates"":[0.0,0.0]}"
1_1_1_1_1_1_1_1_1_1_1_1_1_1_1_2_2_3,465429.49138535274,21,753,2024,"{""type"":""Point"",""coordinates"":[0.0,0.0]}"
1_1_1_1_1_1_1_1_1_1_1_1_1_1_1_2_2_4,35237.2915041632,22,753,2024,"{""type"":""Point"",""coordinates"":[0.0,0.0]}"
1_1_1_1_1_1_1_1_1_1_1_1_1_1_1_2_2_5,7064.012112857403,29,753,2024,"{""type"":""Point"",""coordinates"":[0.0,0.0]}"
1_1_1_1_1_1_1_1_1_1_1_1_1_1_1_2_2_6,92201.42343384436,33,753,2024,"{""type"":""Point"",""coordinates"":[0.0,0.0]}"
1_1_1_1_1_1_1_1_1_1_1_1_1_1_2_1_1_1_1_1_1_1_1_2_0,4250.48085197634,3,764,2016,"{""type"":""Point"",""coordinates"":[0.0,0.0]}"
1_1_1_1_1_1_1_1_1_1_1_1_1_1_2_1_1_1_1_1_1_1_1_2_1,407046.8835420891,4,764,2016,"{""type"":""Point"",""coordinates"":[0.0,0.0]}"
1_1_1_1_1_1_1_1_1_1_1_1_1_1_2_1_1_1_1_1_1_1_1_2_2,1035.52901554776,12,764,2016,"{""type"":""Point"",""coordinates"":[0.0,0.0]}"
1_1_1_1_1_1_1_1_1_1_1_1_1_1_2_1_1_1_1_1_1_1_1_2_3,275146.8579163106,21,764,2016,"{""type"":""Point"",""coordinates"":[0.0,0.0]}"
1_1_1_1_1_1_1_1_1_1_1_1_1_1_2_1_1_1_1_1_1_1_1_2_4,40.38672443847658,22,764,2016,"{""type"":""Point"",""coordinates"":[0.0,0.0]}"
1_1_1_1_1_1_1_1_1_1_1_1_1_1_2_1_1_1_1_1_1_1_1_2_5,2770.6099866163904,29,764,2016,"{""type"":""Point"",""coordinates"":[0.0,0.0]}"
1_1_1_1_1_1_1_1_1_1_1_1_1_1_2_1_1_1_1_1_1_1_1_2_6,5498.409880441168,33,764,2016,"{""type"":""Point"",""coordinates"":[0.0,0.0]}"
1_1_1_1_1_1_1_1_1_1_1_1_1_1_2_1_1_1_1_1_1_1_2_0,4094.37647787855,3,764,2017,"{""type"":""Point"",""coordinates"":[0.0,0.0]}"
1_1_1_1_1_1_1_1_1_1_1_1_1_1_2_1_1_1_1_1_1_1_2_1,415935.9004285665,4,764,2017,"{""type"":""Point"",""coordinates"":[0.0,0.0]}"
1_1_1_1_1_1_1_1_1_1_1_1_1_1_2_1_1_1_1_1_1_1_2_2,269.9586259503771,12,764,2017,"{""type"":""Point"",""coordinates"":[0.0,0.0]}"
1_1_1_1_1_1_1_1_1_1_1_1_1_1_2_1_1_1_1_1_1_1_2_3,270144.8602116052,21,764,2017,"{""type"":""Point"",""coordinates"":[0.0,0.0]}"
1_1_1_1_1_1_1_1_1_1_1_1_1_1_2_1_1_1_1_1_1_1_2_4,114.1316944885255,22,764,2017,"{""type"":""Point"",""coordinates"":[0.0,0.0]}"
1_1_1_1_1_1_1_1_1_1_1_1_1_1_2_1_1_1_1_1_1_1_2_5,3603.006180636495,29,764,2017,"{""type"":""Point"",""coordinates"":[0.0,0.0]}"
1_1_1_1_1_1_1_1_1_1_1_1_1_1_2_1_1_1_1_1_1_1_2_6,1626.9242983230874,33,764,2017,"{""type"":""Point"",""coordinates"":[0.0,0.0]}"
1_1_1_1_1_1_1_1_1_1_1_1_1_1_2_1_1_1_1_1_1_2_0,2981.1569344072423,3,764,2018,"{""type"":""Point"",""coordinates"":[0.0,0.0]}"
1_1_1_1_1_1_1_1_1_1_1_1_1_1_2_1_1_1_1_1_1_2_1,419852.6037730136,4,764,2018,"{""type"":""Point"",""coordinates"":[0.0,0.0]}"
1_1_1_1_1_1_1_1_1_1_1_1_1_1_2_1_1_1_1_1_1_2_2,135.92002606390264,12,764,2018,"{""type"":""Point"",""coordinates"":[0.0,0.0]}"
1_1_1_1_1_1_1_1_1_1_1_1_1_1_2_1_1_1_1_1_1_2_3,267704.0760977693,21,764,2018,"{""type"":""Point"",""coordinates"":[0.0,0.0]}"
1_1_1_1_1_1_1_1_1_1_1_1_1_1_2_1_1_1_1_1_1_2_4,33.52029408878102,22,764,2018,"{""type"":""Point"",""coordinates"":[0.0,0.0]}"
1_1_1_1_1_1_1_1_1_1_1_1_1_1_2_1_1_1_1_1_1_2_5,3680.667567679235,29,764,2018,"{""type"":""Point"",""coordinates"":[0.0,0.0]}"
1_1_1_1_1_1_1_1_1_1_1_1_1_1_2_1_1_1_1_1_1_2_6,1401.213224417103,33,764,2018,"{""type"":""Point"",""coordinates"":[0.0,0.0]}"
1_1_1_1_1_1_1_1_1_1_1_1_1_1_2_1_1_1_1_1_2_0,6022.358694604688,3,764,2019,"{""type"":""Point"",""coordinates"":[0.0,0.0]}"
1_1_1_1_1_1_1_1_1_1_1_1_1_1_2_1_1_1_1_1_2_1,423087.7581445046,4,764,2019,"{""type"":""Point"",""coordinates"":[0.0,0.0]}"
1_1_1_1_1_1_1_1_1_1_1_1_1_1_2_1_1_1_1_1_2_2,617.9281812482765,12,764,2019,"{""type"":""Point"",""coordinates"":[0.0,0.0]}"
1_1_1_1_1_1_1_1_1_1_1_1_1_1_2_1_1_1_1_1_2_3,260899.02497389948,21,764,2019,"{""type"":""Point"",""coordinates"":[0.0,0.0]}"
1_1_1_1_1_1_1_1_1_1_1_1_1_1_2_1_1_1_1_1_2_4,96.13925010854685,22,764,2019,"{""type"":""Point"",""coordinates"":[0.0,0.0]}"
1_1_1_1_1_1_1_1_1_1_1_1_1_1_2_1_1_1_1_1_2_5,3774.1702128690085,29,764,2019,"{""type"":""Point"",""coordinates"":[0.0,0.0]}"
1_1_1_1_1_1_1_1_1_1_1_1_1_1_2_1_1_1_1_1_2_6,1291.7784602435424,33,764,2019,"{""type"":""Point"",""coordinates"":[0.0,0.0]}"
1_1_1_1_1_1_1_1_1_1_1_1_1_1_2_1_1_1_1_2_0,8638.738474685491,3,764,2020,"{""type"":""Point"",""coordinates"":[0.0,0.0]}"
1_1_1_1_1_1_1_1_1_1_1_1_1_1_2_1_1_1_1_2_1,419540.0938099615,4,764,2020,"{""type"":""Point"",""coordinates"":[0.0,0.0]}"
1_1_1_1_1_1_1_1_1_1_1_1_1_1_2_1_1_1_1_2_2,1979.8483644326125,12,764,2020,"{""type"":""Point"",""coordinates"":[0.0,0.0]}"
1_1_1_1_1_1_1_1_1_1_1_1_1_1_2_1_1_1_1_2_3,260502.06486141964,21,764,2020,"{""type"":""Point"",""coordinates"":[0.0,0.0]}"
1_1_1_1_1_1_1_1_1_1_1_1_1_1_2_1_1_1_1_2_4,97.25769873142619,22,764,2020,"{""type"":""Point"",""coordinates"":[0.0,0.0]}"
1_1_1_1_1_1_1_1_1_1_1_1_1_1_2_1_1_1_1_2_5,3293.450579437214,29,764,2020,"{""type"":""Point"",""coordinates"":[0.0,0.0]}"
1_1_1_1_1_1_1_1_1_1_1_1_1_1_2_1_1_1_1_2_6,1737.7041288084727,33,764,2020,"{""type"":""Point"",""coordinates"":[0.0,0.0]}"
1_1_1_1_1_1_1_1_1_1_1_1_1_1_2_1_1_1_2_0,4545.939397283452,3,764,2021,"{""type"":""Point"",""coordinates"":[0.0,0.0]}"
1_1_1_1_1_1_1_1_1_1_1_1_1_1_2_1_1_1_2_1,417850.565176093,4,764,2021,"{""type"":""Point"",""coordinates"":[0.0,0.0]}"
1_1_1_1_1_1_1_1_1_1_1_1_1_1_2_1_1_1_2_2,3206.317069436389,12,764,2021,"{""type"":""Point"",""coordinates"":[0.0,0.0]}"
1_1_1_1_1_1_1_1_1_1_1_1_1_1_2_1_1_1_2_3,265633.0113979542,21,764,2021,"{""type"":""Point"",""coordinates"":[0.0,0.0]}"
1_1_1_1_1_1_1_1_1_1_1_1_1_1_2_1_1_1_2_4,20.042179381606157,22,764,2021,"{""type"":""Point"",""coordinates"":[0.0,0.0]}"
1_1_1_1_1_1_1_1_1_1_1_1_1_1_2_1_1_1_2_5,3207.090156377326,29,764,2021,"{""type"":""Point"",""coordinates"":[0.0,0.0]}"
1_1_1_1_1_1_1_1_1_1_1_1_1_1_2_1_1_1_2_6,1326.19254094863,33,764,2021,"{""type"":""Point"",""coordinates"":[0.0,0.0]}"
1_1_1_1_1_1_1_1_1_1_1_1_1_1_2_1_1_2_0,3640.8655357970533,3,764,2022,"{""type"":""Point"",""coordinates"":[0.0,0.0]}"
1_1_1_1_1_1_1_1_1_1_1_1_1_1_2_1_1_2_1,412839.3280972196,4,764,2022,"{""type"":""Point"",""coordinates"":[0.0,0.0]}"
1_1_1_1_1_1_1_1_1_1_1_1_1_1_2_1_1_2_2,2621.6811617510375,12,764,2022,"{""type"":""Point"",""coordinates"":[0.0,0.0]}"
1_1_1_1_1_1_1_1_1_1_1_1_1_1_2_1_1_2_3,272472.9750349643,21,764,2022,"{""type"":""Point"",""coordinates"":[0.0,0.0]}"
1_1_1_1_1_1_1_1_1_1_1_1_1_1_2_1_1_2_4,161.06898665244904,22,764,2022,"{""type"":""Point"",""coordinates"":[0.0,0.0]}"
1_1_1_1_1_1_1_1_1_1_1_1_1_1_2_1_1_2_5,2896.253856632716,29,764,2022,"{""type"":""Point"",""coordinates"":[0.0,0.0]}"
1_1_1_1_1_1_1_1_1_1_1_1_1_1_2_1_1_2_6,1156.9852444466626,33,764,2022,"{""type"":""Point"",""coordinates"":[0.0,0.0]}"
1_1_1_1_1_1_1_1_1_1_1_1_1_1_2_1_2_0,3534.6758388540534,3,764,2023,"{""type"":""Point"",""coordinates"":[0.0,0.0]}"
1_1_1_1_1_1_1_1_1_1_1_1_1_1_2_1_2_1,411691.21451136126,4,764,2023,"{""type"":""Point"",""coordinates"":[0.0,0.0]}"
1_1_1_1_1_1_1_1_1_1_1_1_1_1_2_1_2_2,261.04282454331354,12,764,2023,"{""type"":""Point"",""coordinates"":[0.0,0.0]}"
1_1_1_1_1_1_1_1_1_1_1_1_1_1_2_1_2_3,275209.8705455353,21,764,2023,"{""type"":""Point"",""coordinates"":[0.0,0.0]}"
1_1_1_1_1_1_1_1_1_1_1_1_1_1_2_1_2_4,463.63620864056793,22,764,2023,"{""type"":""Point"",""coordinates"":[0.0,0.0]}"
1_1_1_1_1_1_1_1_1_1_1_1_1_1_2_1_2_5,3740.1799682338487,29,764,2023,"{""type"":""Point"",""coordinates"":[0.0,0.0]}"
1_1_1_1_1_1_1_1_1_1_1_1_1_1_2_1_2_6,888.5380202994322,33,764,2023,"{""type"":""Point"",""coordinates"":[0.0,0.0]}"
1_1_1_1_1_1_1_1_1_1_1_1_1_1_2_2_0,2588.369586956809,3,764,2024,"{""type"":""Point"",""coordinates"":[0.0,0.0]}"
1_1_1_1_1_1_1_1_1_1_1_1_1_1_2_2_1,393673.7419940159,4,764,2024,"{""type"":""Point"",""coordinates"":[0.0,0.0]}"
1_1_1_1_1_1_1_1_1_1_1_1_1_1_2_2_2,1017.7427404454107,12,764,2024,"{""type"":""Point"",""coordinates"":[0.0,0.0]}"
1_1_1_1_1_1_1_1_1_1_1_1_1_1_2_2_3,293307.06501016935,21,764,2024,"{""type"":""Point"",""coordinates"":[0.0,0.0]}"
1_1_1_1_1_1_1_1_1_1_1_1_1_1_2_2_4,119.31293421898926,22,764,2024,"{""type"":""Point"",""coordinates"":[0.0,0.0]}"
1_1_1_1_1_1_1_1_1_1_1_1_1_1_2_2_5,3685.6792275063085,29,764,2024,"{""type"":""Point"",""coordinates"":[0.0,0.0]}"
1_1_1_1_1_1_1_1_1_1_1_1_1_1_2_2_6,1397.2464241053435,33,764,2024,"{""type"":""Point"",""coordinates"":[0.0,0.0]}"
1_1_1_1_1_1_1_1_1_1_1_1_1_2_1_1_1_1_1_1_1_1_2_0,7927.146020382754,3,7541,2016,"{""type"":""Point"",""coordinates"":[0.0,0.0]}"
1_1_1_1_1_1_1_1_1_1_1_1_1_2_1_1_1_1_1_1_1_1_2_1,2516914.9094161154,4,7541,2016,"{""type"":""Point"",""coordinates"":[0.0,0.0]}"
1_1_1_1_1_1_1_1_1_1_1_1_1_2_1_1_1_1_1_1_1_1_2_2,4.717438311767578,12,7541,2016,"{""type"":""Point"",""coordinates"":[0.0,0.0]}"
1_1_1_1_1_1_1_1_1_1_1_1_1_2_1_1_1_1_1_1_1_1_2_3,955038.9589284449,21,7541,2016,"{""type"":""Point"",""coordinates"":[0.0,0.0]}"
1_1_1_1_1_1_1_1_1_1_1_1_1_2_1_1_1_1_1_1_1_1_2_4,1659.8868853182942,22,7541,2016,"{""type"":""Point"",""coordinates"":[0.0,0.0]}"
1_1_1_1_1_1_1_1_1_1_1_1_1_2_1_1_1_1_1_1_1_1_2_5,0.08903952026367187,27,7541,2016,"{""type"":""Point"",""coordinates"":[0.0,0.0]}"
1_1_1_1_1_1_1_1_1_1_1_1_1_2_1_1_1_1_1_1_1_1_2_6,1003.4090968258124,29,7541,2016,"{""type"":""Point"",""coordinates"":[0.0,0.0]}"
1_1_1_1_1_1_1_1_1_1_1_1_1_2_1_1_1_1_1_1_1_1_2_7,22104.19456359307,33,7541,2016,"{""type"":""Point"",""coordinates"":[0.0,0.0]}"
1_1_1_1_1_1_1_1_1_1_1_1_1_2_1_1_1_1_1_1_1_2_0,7954.6931296595685,3,7541,2017,"{""type"":""Point"",""coordinates"":[0.0,0.0]}"
1_1_1_1_1_1_1_1_1_1_1_1_1_2_1_1_1_1_1_1_1_2_1,2531414.85919691,4,7541,2017,"{""type"":""Point"",""coordinates"":[0.0,0.0]}"
1_1_1_1_1_1_1_1_1_1_1_1_1_2_1_1_1_1_1_1_1_2_2,26.735109796142595,12,7541,2017,"{""type"":""Point"",""coordinates"":[0.0,0.0]}"
1_1_1_1_1_1_1_1_1_1_1_1_1_2_1_1_1_1_1_1_1_2_3,940306.087682535,21,7541,2017,"{""type"":""Point"",""coordinates"":[0.0,0.0]}"
1_1_1_1_1_1_1_1_1_1_1_1_1_2_1_1_1_1_1_1_1_2_4,5917.003836017758,22,7541,2017,"{""type"":""Point"",""coordinates"":[0.0,0.0]}"
1_1_1_1_1_1_1_1_1_1_1_1_1_2_1_1_1_1_1_1_1_2_5,141.38494575805666,29,7541,2017,"{""type"":""Point"",""coordinates"":[0.0,0.0]}"
1_1_1_1_1_1_1_1_1_1_1_1_1_2_1_1_1_1_1_1_1_2_6,18892.547487844276,33,7541,2017,"{""type"":""Point"",""coordinates"":[0.0,0.0]}"
1_1_1_1_1_1_1_1_1_1_1_1_1_2_1_1_1_1_1_1_2_0,10164.488726771067,3,7541,2018,"{""type"":""Point"",""coordinates"":[0.0,0.0]}"
1_1_1_1_1_1_1_1_1_1_1_1_1_2_1_1_1_1_1_1_2_1,2464448.442482903,4,7541,2018,"{""type"":""Point"",""coordinates"":[0.0,0.0]}"
1_1_1_1_1_1_1_1_1_1_1_1_1_2_1_1_1_1_1_1_2_2,32.34986302490237,12,7541,2018,"{""type"":""Point"",""coordinates"":[0.0,0.0]}"
1_1_1_1_1_1_1_1_1_1_1_1_1_2_1_1_1_1_1_1_2_3,983329.2572392436,21,7541,2018,"{""type"":""Point"",""coordinates"":[0.0,0.0]}"
1_1_1_1_1_1_1_1_1_1_1_1_1_2_1_1_1_1_1_1_2_4,806.4790828554173,22,7541,2018,"{""type"":""Point"",""coordinates"":[0.0,0.0]}"
1_1_1_1_1_1_1_1_1_1_1_1_1_2_1_1_1_1_1_1_2_5,161.51824802246108,29,7541,2018,"{""type"":""Point"",""coordinates"":[0.0,0.0]}"
1_1_1_1_1_1_1_1_1_1_1_1_1_2_1_1_1_1_1_1_2_6,45710.7757457178,33,7541,2018,"{""type"":""Point"",""coordinates"":[0.0,0.0]}"
1_1_1_1_1_1_1_1_1_1_1_1_1_2_1_1_1_1_1_2_0,7888.432010263366,3,7541,2019,"{""type"":""Point"",""coordinates"":[0.0,0.0]}"
1_1_1_1_1_1_1_1_1_1_1_1_1_2_1_1_1_1_1_2_1,2412328.6995921973,4,7541,2019,"{""type"":""Point"",""coordinates"":[0.0,0.0]}"
1_1_1_1_1_1_1_1_1_1_1_1_1_2_1_1_1_1_1_2_2,62.000958038330054,12,7541,2019,"{""type"":""Point"",""coordinates"":[0.0,0.0]}"
1_1_1_1_1_1_1_1_1_1_1_1_1_2_1_1_1_1_1_2_3,1033501.9378242976,21,7541,2019,"{""type"":""Point"",""coordinates"":[0.0,0.0]}"
1_1_1_1_1_1_1_1_1_1_1_1_1_2_1_1_1_1_1_2_4,1047.317362706233,22,7541,2019,"{""type"":""Point"",""coordinates"":[0.0,0.0]}"
1_1_1_1_1_1_1_1_1_1_1_1_1_2_1_1_1_1_1_2_5,3096.3440029677463,29,7541,2019,"{""type"":""Point"",""coordinates"":[0.0,0.0]}"
1_1_1_1_1_1_1_1_1_1_1_1_1_2_1_1_1_1_1_2_6,46728.57963805717,33,7541,2019,"{""type"":""Point"",""coordinates"":[0.0,0.0]}"
1_1_1_1_1_1_1_1_1_1_1_1_1_2_1_1_1_1_2_0,7910.06594598573,3,7541,2020,"{""type"":""Point"",""coordinates"":[0.0,0.0]}"
1_1_1_1_1_1_1_1_1_1_1_1_1_2_1_1_1_1_2_1,2381047.0655594557,4,7541,2020,"{""type"":""Point"",""coordinates"":[0.0,0.0]}"
1_1_1_1_1_1_1_1_1_1_1_1_1_2_1_1_1_1_2_2,144.41930994873044,12,7541,2020,"{""type"":""Point"",""coordinates"":[0.0,0.0]}"
1_1_1_1_1_1_1_1_1_1_1_1_1_2_1_1_1_1_2_3,1059406.3018963155,21,7541,2020,"{""type"":""Point"",""coordinates"":[0.0,0.0]}"
1_1_1_1_1_1_1_1_1_1_1_1_1_2_1_1_1_1_2_4,6232.7930118131335,22,7541,2020,"{""type"":""Point"",""coordinates"":[0.0,0.0]}"
1_1_1_1_1_1_1_1_1_1_1_1_1_2_1_1_1_1_2_5,2081.655225711598,29,7541,2020,"{""type"":""Point"",""coordinates"":[0.0,0.0]}"
1_1_1_1_1_1_1_1_1_1_1_1_1_2_1_1_1_1_2_6,47831.01043929889,33,7541,2020,"{""type"":""Point"",""coordinates"":[0.0,0.0]}"
1_1_1_1_1_1_1_1_1_1_1_1_1_2_1_1_1_2_0,7207.678875675197,3,7541,2021,"{""type"":""Point"",""coordinates"":[0.0,0.0]}"
1_1_1_1_1_1_1_1_1_1_1_1_1_2_1_1_1_2_1,2377692.8716066014,4,7541,2021,"{""type"":""Point"",""coordinates"":[0.0,0.0]}"
1_1_1_1_1_1_1_1_1_1_1_1_1_2_1_1_1_2_2,68.88862503662088,12,7541,2021,"{""type"":""Point"",""coordinates"":[0.0,0.0]}"
1_1_1_1_1_1_1_1_1_1_1_1_1_2_1_1_1_2_3,1076053.7524410256,21,7541,2021,"{""type"":""Point"",""coordinates"":[0.0,0.0]}"
1_1_1_1_1_1_1_1_1_1_1_1_1_2_1_1_1_2_4,2309.7078448479447,22,7541,2021,"{""type"":""Point"",""coordinates"":[0.0,0.0]}"
1_1_1_1_1_1_1_1_1_1_1_1_1_2_1_1_1_2_5,1578.5631881457537,29,7541,2021,"{""type"":""Point"",""coordinates"":[0.0,0.0]}"
1_1_1_1_1_1_1_1_1_1_1_1_1_2_1_1_1_2_6,39741.84880714208,33,7541,2021,"{""type"":""Point"",""coordinates"":[0.0,0.0]}"
1_1_1_1_1_1_1_1_1_1_1_1_1_2_1_1_2_0,10166.986304938535,3,7541,2022,"{""type"":""Point"",""coordinates"":[0.0,0.0]}"
1_1_1_1_1_1_1_1_1_1_1_1_1_2_1_1_2_1,2322756.5258441037,4,7541,2022,"{""type"":""Point"",""coordinates"":[0.0,0.0]}"
1_1_1_1_1_1_1_1_1_1_1_1_1_2_1_1_2_2,71.45870502319326,12,7541,2022,"{""type"":""Point"",""coordinates"":[0.0,0.0]}"
1_1_1_1_1_1_1_1_1_1_1_1_1_2_1_1_2_3,1123212.5962764714,21,7541,2022,"{""type"":""Point"",""coordinates"":[0.0,0.0]}"
1_1_1_1_1_1_1_1_1_1_1_1_1_2_1_1_2_4,846.3922509085716,22,7541,2022,"{""type"":""Point"",""coordinates"":[0.0,0.0]}"
1_1_1_1_1_1_1_1_1_1_1_1_1_2_1_1_2_5,1323.6705475769045,29,7541,2022,"{""type"":""Point"",""coordinates"":[0.0,0.0]}"
1_1_1_1_1_1_1_1_1_1_1_1_1_2_1_1_2_6,46275.681459487845,33,7541,2022,"{""type"":""Point"",""coordinates"":[0.0,0.0]}"
1_1_1_1_1_1_1_1_1_1_1_1_1_2_1_2_0,5584.037015720335,3,7541,2023,"{""type"":""Point"",""coordinates"":[0.0,0.0]}"
1_1_1_1_1_1_1_1_1_1_1_1_1_2_1_2_1,2280237.6288645966,4,7541,2023,"{""type"":""Point"",""coordinates"":[0.0,0.0]}"
1_1_1_1_1_1_1_1_1_1_1_1_1_2_1_2_2,38.76762865952436,12,7541,2023,"{""type"":""Point"",""coordinates"":[0.0,0.0]}"
1_1_1_1_1_1_1_1_1_1_1_1_1_2_1_2_3,1155101.3873602974,21,7541,2023,"{""type"":""Point"",""coordinates"":[0.0,0.0]}"
1_1_1_1_1_1_1_1_1_1_1_1_1_2_1_2_4,467.8234083728025,22,7541,2023,"{""type"":""Point"",""coordinates"":[0.0,0.0]}"
1_1_1_1_1_1_1_1_1_1_1_1_1_2_1_2_5,256.18414448397766,29,7541,2023,"{""type"":""Point"",""coordinates"":[0.0,0.0]}"
1_1_1_1_1_1_1_1_1_1_1_1_1_2_1_2_6,62967.482966367155,33,7541,2023,"{""type"":""Point"",""coordinates"":[0.0,0.0]}"
1_1_1_1_1_1_1_1_1_1_1_1_1_2_2_0,12950.61851849607,3,7541,2024,"{""type"":""Point"",""coordinates"":[0.0,0.0]}"
1_1_1_1_1_1_1_1_1_1_1_1_1_2_2_1,2325582.8122321703,4,7541,2024,"{""type"":""Point"",""coordinates"":[0.0,0.0]}"
1_1_1_1_1_1_1_1_1_1_1_1_1_2_2_2,12.539413373042088,12,7541,2024,"{""type"":""Point"",""coordinates"":[0.0,0.0]}"
1_1_1_1_1_1_1_1_1_1_1_1_1_2_2_3,1084279.8133614273,21,7541,2024,"{""type"":""Point"",""coordinates"":[0.0,0.0]}"
1_1_1_1_1_1_1_1_1_1_1_1_1_2_2_4,341.06914528894765,22,7541,2024,"{""type"":""Point"",""coordinates"":[0.0,0.0]}"
1_1_1_1_1_1_1_1_1_1_1_1_1_2_2_5,1479.0737778747355,29,7541,2024,"{""type"":""Point"",""coordinates"":[0.0,0.0]}"
1_1_1_1_1_1_1_1_1_1_1_1_1_2_2_6,80007.38493973036,33,7541,2024,"{""type"":""Point"",""coordinates"":[0.0,0.0]}"
1_1_1_1_1_1_1_1_1_1_1_1_2_1_1_1_1_1_1_1_1_2_0,130339.93822807296,3,7721,2016,"{""type"":""Point"",""coordinates"":[0.0,0.0]}"
1_1_1_1_1_1_1_1_1_1_1_1_2_1_1_1_1_1_1_1_1_2_1,1112704.2333399632,4,7721,2016,"{""type"":""Point"",""coordinates"":[0.0,0.0]}"
1_1_1_1_1_1_1_1_1_1_1_1_2_1_1_1_1_1_1_1_1_2_2,12.833690405273439,12,7721,2016,"{""type"":""Point"",""coordinates"":[0.0,0.0]}"
1_1_1_1_1_1_1_1_1_1_1_1_2_1_1_1_1_1_1_1_1_2_3,1317436.9891727397,21,7721,2016,"{""type"":""Point"",""coordinates"":[0.0,0.0]}"
1_1_1_1_1_1_1_1_1_1_1_1_2_1_1_1_1_1_1_1_1_2_4,1533.0006566966572,22,7721,2016,"{""type"":""Point"",""coordinates"":[0.0,0.0]}"
1_1_1_1_1_1_1_1_1_1_1_1_2_1_1_1_1_1_1_1_1_2_5,206.02817209472656,29,7721,2016,"{""type"":""Point"",""coordinates"":[0.0,0.0]}"
1_1_1_1_1_1_1_1_1_1_1_1_2_1_1_1_1_1_1_1_1_2_6,6637.417127416944,33,7721,2016,"{""type"":""Point"",""coordinates"":[0.0,0.0]}"
1_1_1_1_1_1_1_1_1_1_1_1_2_1_1_1_1_1_1_1_2_0,95679.99857746254,3,7721,2017,"{""type"":""Point"",""coordinates"":[0.0,0.0]}"
1_1_1_1_1_1_1_1_1_1_1_1_2_1_1_1_1_1_1_1_2_1,1155457.122424749,4,7721,2017,"{""type"":""Point"",""coordinates"":[0.0,0.0]}"
1_1_1_1_1_1_1_1_1_1_1_1_2_1_1_1_1_1_1_1_2_2,74.42928018188475,12,7721,2017,"{""type"":""Point"",""coordinates"":[0.0,0.0]}"
1_1_1_1_1_1_1_1_1_1_1_1_2_1_1_1_1_1_1_1_2_3,1310922.8306767484,21,7721,2017,"{""type"":""Point"",""coordinates"":[0.0,0.0]}"
1_1_1_1_1_1_1_1_1_1_1_1_2_1_1_1_1_1_1_1_2_4,365.2646346751729,22,7721,2017,"{""type"":""Point"",""coordinates"":[0.0,0.0]}"
1_1_1_1_1_1_1_1_1_1_1_1_2_1_1_1_1_1_1_1_2_5,1899.9201599243156,29,7721,2017,"{""type"":""Point"",""coordinates"":[0.0,0.0]}"
1_1_1_1_1_1_1_1_1_1_1_1_2_1_1_1_1_1_1_1_2_6,4470.874633625735,33,7721,2017,"{""type"":""Point"",""coordinates"":[0.0,0.0]}"
1_1_1_1_1_1_1_1_1_1_1_1_2_1_1_1_1_1_1_2_0,118081.63365435493,3,7721,2018,"{""type"":""Point"",""coordinates"":[0.0,0.0]}"
1_1_1_1_1_1_1_1_1_1_1_1_2_1_1_1_1_1_1_2_1,1113124.9407827973,4,7721,2018,"{""type"":""Point"",""coordinates"":[0.0,0.0]}"
1_1_1_1_1_1_1_1_1_1_1_1_2_1_1_1_1_1_1_2_2,9.91412493286133,12,7721,2018,"{""type"":""Point"",""coordinates"":[0.0,0.0]}"
1_1_1_1_1_1_1_1_1_1_1_1_2_1_1_1_1_1_1_2_3,1332538.9715896302,21,7721,2018,"{""type"":""Point"",""coordinates"":[0.0,0.0]}"
1_1_1_1_1_1_1_1_1_1_1_1_2_1_1_1_1_1_1_2_4,542.7621355346677,22,7721,2018,"{""type"":""Point"",""coordinates"":[0.0,0.0]}"
1_1_1_1_1_1_1_1_1_1_1_1_2_1_1_1_1_1_1_2_5,768.758796124268,29,7721,2018,"{""type"":""Point"",""coordinates"":[0.0,0.0]}"
1_1_1_1_1_1_1_1_1_1_1_1_2_1_1_1_1_1_1_2_6,3803.459304051911,33,7721,2018,"{""type"":""Point"",""coordinates"":[0.0,0.0]}"
1_1_1_1_1_1_1_1_1_1_1_1_2_1_1_1_1_1_2_0,129632.00908697344,3,7721,2019,"{""type"":""Point"",""coordinates"":[0.0,0.0]}"
1_1_1_1_1_1_1_1_1_1_1_1_2_1_1_1_1_1_2_1,1090740.6306415128,4,7721,2019,"{""type"":""Point"",""coordinates"":[0.0,0.0]}"
1_1_1_1_1_1_1_1_1_1_1_1_2_1_1_1_1_1_2_2,42.88453393791647,12,7721,2019,"{""type"":""Point"",""coordinates"":[0.0,0.0]}"
1_1_1_1_1_1_1_1_1_1_1_1_2_1_1_1_1_1_2_3,1340783.5529007253,21,7721,2019,"{""type"":""Point"",""coordinates"":[0.0,0.0]}"
1_1_1_1_1_1_1_1_1_1_1_1_2_1_1_1_1_1_2_4,1404.3995510864272,22,7721,2019,"{""type"":""Point"",""coordinates"":[0.0,0.0]}"
1_1_1_1_1_1_1_1_1_1_1_1_2_1_1_1_1_1_2_5,344.92302081909185,29,7721,2019,"{""type"":""Point"",""coordinates"":[0.0,0.0]}"
1_1_1_1_1_1_1_1_1_1_1_1_2_1_1_1_1_1_2_6,5922.040652374764,33,7721,2019,"{""type"":""Point"",""coordinates"":[0.0,0.0]}"
1_1_1_1_1_1_1_1_1_1_1_1_2_1_1_1_1_2_0,111388.53205666225,3,7721,2020,"{""type"":""Point"",""coordinates"":[0.0,0.0]}"
1_1_1_1_1_1_1_1_1_1_1_1_2_1_1_1_1_2_1,1107508.1326784377,4,7721,2020,"{""type"":""Point"",""coordinates"":[0.0,0.0]}"
1_1_1_1_1_1_1_1_1_1_1_1_2_1_1_1_1_2_2,1.317159344482422,12,7721,2020,"{""type"":""Point"",""coordinates"":[0.0,0.0]}"
1_1_1_1_1_1_1_1_1_1_1_1_2_1_1_1_1_2_3,1341376.6547916133,21,7721,2020,"{""type"":""Point"",""coordinates"":[0.0,0.0]}"
1_1_1_1_1_1_1_1_1_1_1_1_2_1_1_1_1_2_4,152.0450287658692,22,7721,2020,"{""type"":""Point"",""coordinates"":[0.0,0.0]}"
1_1_1_1_1_1_1_1_1_1_1_1_2_1_1_1_1_2_5,1758.2349169250488,29,7721,2020,"{""type"":""Point"",""coordinates"":[0.0,0.0]}"
1_1_1_1_1_1_1_1_1_1_1_1_2_1_1_1_1_2_6,6685.52375568389,33,7721,2020,"{""type"":""Point"",""coordinates"":[0.0,0.0]}"
1_1_1_1_1_1_1_1_1_1_1_1_2_1_1_1_2_0,122953.1278682093,3,7721,2021,"{""type"":""Point"",""coordinates"":[0.0,0.0]}"
1_1_1_1_1_1_1_1_1_1_1_1_2_1_1_1_2_1,1091423.201756353,4,7721,2021,"{""type"":""Point"",""coordinates"":[0.0,0.0]}"
1_1_1_1_1_1_1_1_1_1_1_1_2_1_1_1_2_2,4.037351892089843,12,7721,2021,"{""type"":""Point"",""coordinates"":[0.0,0.0]}"
1_1_1_1_1_1_1_1_1_1_1_1_2_1_1_1_2_3,1345108.04586728,21,7721,2021,"{""type"":""Point"",""coordinates"":[0.0,0.0]}"
1_1_1_1_1_1_1_1_1_1_1_1_2_1_1_1_2_4,4158.963964518451,22,7721,2021,"{""type"":""Point"",""coordinates"":[0.0,0.0]}"
1_1_1_1_1_1_1_1_1_1_1_1_2_1_1_1_2_5,470.6281585327147,29,7721,2021,"{""type"":""Point"",""coordinates"":[0.0,0.0]}"
1_1_1_1_1_1_1_1_1_1_1_1_2_1_1_1_2_6,4752.43542064946,33,7721,2021,"{""type"":""Point"",""coordinates"":[0.0,0.0]}"
1_1_1_1_1_1_1_1_1_1_1_1_2_1_1_2_0,112768.49385656317,3,7721,2022,"{""type"":""Point"",""coordinates"":[0.0,0.0]}"
1_1_1_1_1_1_1_1_1_1_1_1_2_1_1_2_1,1086796.119719271,4,7721,2022,"{""type"":""Point"",""coordinates"":[0.0,0.0]}"
1_1_1_1_1_1_1_1_1_1_1_1_2_1_1_2_2,3.6849802001953136,12,7721,2022,"{""type"":""Point"",""coordinates"":[0.0,0.0]}"
1_1_1_1_1_1_1_1_1_1_1_1_2_1_1_2_3,1361354.1938170956,21,7721,2022,"{""type"":""Point"",""coordinates"":[0.0,0.0]}"
1_1_1_1_1_1_1_1_1_1_1_1_2_1_1_2_4,1721.6530452008176,22,7721,2022,"{""type"":""Point"",""coordinates"":[0.0,0.0]}"
1_1_1_1_1_1_1_1_1_1_1_1_2_1_1_2_5,452.1648795166259,29,7721,2022,"{""type"":""Point"",""coordinates"":[0.0,0.0]}"
1_1_1_1_1_1_1_1_1_1_1_1_2_1_1_2_6,5774.130089584505,33,7721,2022,"{""type"":""Point"",""coordinates"":[0.0,0.0]}"
1_1_1_1_1_1_1_1_1_1_1_1_2_1_2_0,117591.03116646041,3,7721,2023,"{""type"":""Point"",""coordinates"":[0.0,0.0]}"
1_1_1_1_1_1_1_1_1_1_1_1_2_1_2_1,1057029.5315564682,4,7721,2023,"{""type"":""Point"",""coordinates"":[0.0,0.0]}"
1_1_1_1_1_1_1_1_1_1_1_1_2_1_2_2,1.8427441955566406,12,7721,2023,"{""type"":""Point"",""coordinates"":[0.0,0.0]}"
1_1_1_1_1_1_1_1_1_1_1_1_2_1_2_3,1382812.7228978162,21,7721,2023,"{""type"":""Point"",""coordinates"":[0.0,0.0]}"
1_1_1_1_1_1_1_1_1_1_1_1_2_1_2_4,4642.140230100077,22,7721,2023,"{""type"":""Point"",""coordinates"":[0.0,0.0]}"
1_1_1_1_1_1_1_1_1_1_1_1_2_1_2_5,301.07773784790044,29,7721,2023,"{""type"":""Point"",""coordinates"":[0.0,0.0]}"
1_1_1_1_1_1_1_1_1_1_1_1_2_1_2_6,6492.094054517464,33,7721,2023,"{""type"":""Point"",""coordinates"":[0.0,0.0]}"
1_1_1_1_1_1_1_1_1_1_1_1_2_2_0,106450.53994839276,3,7721,2024,"{""type"":""Point"",""coordinates"":[0.0,0.0]}"
1_1_1_1_1_1_1_1_1_1_1_1_2_2_1,1046642.8572656887,4,7721,2024,"{""type"":""Point"",""coordinates"":[0.0,0.0]}"
1_1_1_1_1_1_1_1_1_1_1_1_2_2_2,0.7032355529785156,12,7721,2024,"{""type"":""Point"",""coordinates"":[0.0,0.0]}"
1_1_1_1_1_1_1_1_1_1_1_1_2_2_3,1406039.7602262935,21,7721,2024,"{""type"":""Point"",""coordinates"":[0.0,0.0]}"
1_1_1_1_1_1_1_1_1_1_1_1_2_2_4,220.89939181252876,22,7721,2024,"{""type"":""Point"",""coordinates"":[0.0,0.0]}"
1_1_1_1_1_1_1_1_1_1_1_1_2_2_5,949.0230308532723,29,7721,2024,"{""type"":""Point"",""coordinates"":[0.0,0.0]}"
1_1_1_1_1_1_1_1_1_1_1_1_2_2_6,8566.657288825905,33,7721,2024,"{""type"":""Point"",""coordinates"":[0.0,0.0]}"
1_1_1_1_1_1_1_1_1_1_1_2_1_1_1_1_1_1_1_1_2_0,2961.0948593024295,3,772,2016,"{""type"":""Point"",""coordinates"":[0.0,0.0]}"
1_1_1_1_1_1_1_1_1_1_1_2_1_1_1_1_1_1_1_1_2_1,289460.5524250435,4,772,2016,"{""type"":""Point"",""coordinates"":[0.0,0.0]}"
1_1_1_1_1_1_1_1_1_1_1_2_1_1_1_1_1_1_1_1_2_2,0.1754935791015625,12,772,2016,"{""type"":""Point"",""coordinates"":[0.0,0.0]}"
1_1_1_1_1_1_1_1_1_1_1_2_1_1_1_1_1_1_1_1_2_3,626785.8880144901,21,772,2016,"{""type"":""Point"",""coordinates"":[0.0,0.0]}"
1_1_1_1_1_1_1_1_1_1_1_2_1_1_1_1_1_1_1_1_2_4,61.598425058593776,22,772,2016,"{""type"":""Point"",""coordinates"":[0.0,0.0]}"
1_1_1_1_1_1_1_1_1_1_1_2_1_1_1_1_1_1_1_1_2_5,2.80625673828125,29,772,2016,"{""type"":""Point"",""coordinates"":[0.0,0.0]}"
1_1_1_1_1_1_1_1_1_1_1_2_1_1_1_1_1_1_1_1_2_6,545.1958632250023,33,772,2016,"{""type"":""Point"",""coordinates"":[0.0,0.0]}"
1_1_1_1_1_1_1_1_1_1_1_2_1_1_1_1_1_1_1_2_0,1822.8740903569496,3,772,2017,"{""type"":""Point"",""coordinates"":[0.0,0.0]}"
1_1_1_1_1_1_1_1_1_1_1_2_1_1_1_1_1_1_1_2_1,300929.700554965,4,772,2017,"{""type"":""Point"",""coordinates"":[0.0,0.0]}"
1_1_1_1_1_1_1_1_1_1_1_2_1_1_1_1_1_1_1_2_2,50.747798102668334,12,772,2017,"{""type"":""Point"",""coordinates"":[0.0,0.0]}"
1_1_1_1_1_1_1_1_1_1_1_2_1_1_1_1_1_1_1_2_3,616432.1487774531,21,772,2017,"{""type"":""Point"",""coordinates"":[0.0,0.0]}"
1_1_1_1_1_1_1_1_1_1_1_2_1_1_1_1_1_1_1_2_4,113.76295969848636,22,772,2017,"{""type"":""Point"",""coordinates"":[0.0,0.0]}"
1_1_1_1_1_1_1_1_1_1_1_2_1_1_1_1_1_1_1_2_5,21.06363051147462,29,772,2017,"{""type"":""Point"",""coordinates"":[0.0,0.0]}"
1_1_1_1_1_1_1_1_1_1_1_2_1_1_1_1_1_1_1_2_6,447.01352635813936,33,772,2017,"{""type"":""Point"",""coordinates"":[0.0,0.0]}"
1_1_1_1_1_1_1_1_1_1_1_2_1_1_1_1_1_1_2_0,1808.0915333220835,3,772,2018,"{""type"":""Point"",""coordinates"":[0.0,0.0]}"
1_1_1_1_1_1_1_1_1_1_1_2_1_1_1_1_1_1_2_1,291421.8613173234,4,772,2018,"{""type"":""Point"",""coordinates"":[0.0,0.0]}"
1_1_1_1_1_1_1_1_1_1_1_2_1_1_1_1_1_1_2_2,31.047743566894546,12,772,2018,"{""type"":""Point"",""coordinates"":[0.0,0.0]}"
1_1_1_1_1_1_1_1_1_1_1_2_1_1_1_1_1_1_2_3,625994.6131684431,21,772,2018,"{""type"":""Point"",""coordinates"":[0.0,0.0]}"
1_1_1_1_1_1_1_1_1_1_1_2_1_1_1_1_1_1_2_4,68.17205748291019,22,772,2018,"{""type"":""Point"",""coordinates"":[0.0,0.0]}"
1_1_1_1_1_1_1_1_1_1_1_2_1_1_1_1_1_1_2_5,26.155923553466803,29,772,2018,"{""type"":""Point"",""coordinates"":[0.0,0.0]}"
1_1_1_1_1_1_1_1_1_1_1_2_1_1_1_1_1_1_2_6,467.36959375533684,33,772,2018,"{""type"":""Point"",""coordinates"":[0.0,0.0]}"
1_1_1_1_1_1_1_1_1_1_1_2_1_1_1_1_1_2_0,2117.040039869579,3,772,2019,"{""type"":""Point"",""coordinates"":[0.0,0.0]}"
1_1_1_1_1_1_1_1_1_1_1_2_1_1_1_1_1_2_1,284587.53800451354,4,772,2019,"{""type"":""Point"",""coordinates"":[0.0,0.0]}"
1_1_1_1_1_1_1_1_1_1_1_2_1_1_1_1_1_2_2,154.80583987984474,12,772,2019,"{""type"":""Point"",""coordinates"":[0.0,0.0]}"
1_1_1_1_1_1_1_1_1_1_1_2_1_1_1_1_1_2_3,631903.935222068,21,772,2019,"{""type"":""Point"",""coordinates"":[0.0,0.0]}"
1_1_1_1_1_1_1_1_1_1_1_2_1_1_1_1_1_2_4,33.35131534423827,22,772,2019,"{""type"":""Point"",""coordinates"":[0.0,0.0]}"
1_1_1_1_1_1_1_1_1_1_1_2_1_1_1_1_1_2_5,1.8426150451660157,29,772,2019,"{""type"":""Point"",""coordinates"":[0.0,0.0]}"
1_1_1_1_1_1_1_1_1_1_1_2_1_1_1_1_1_2_6,1018.7983007253137,33,772,2019,"{""type"":""Point"",""coordinates"":[0.0,0.0]}"
1_1_1_1_1_1_1_1_1_1_1_2_1_1_1_1_2_0,3893.384525055938,3,772,2020,"{""type"":""Point"",""coordinates"":[0.0,0.0]}"
1_1_1_1_1_1_1_1_1_1_1_2_1_1_1_1_2_1,282705.9032726981,4,772,2020,"{""type"":""Point"",""coordinates"":[0.0,0.0]}"
1_1_1_1_1_1_1_1_1_1_1_2_1_1_1_1_2_2,12.022813885498048,12,772,2020,"{""type"":""Point"",""coordinates"":[0.0,0.0]}"
1_1_1_1_1_1_1_1_1_1_1_2_1_1_1_1_2_3,631265.2502843656,21,772,2020,"{""type"":""Point"",""coordinates"":[0.0,0.0]}"
1_1_1_1_1_1_1_1_1_1_1_2_1_1_1_1_2_4,630.8632918001052,22,772,2020,"{""type"":""Point"",""coordinates"":[0.0,0.0]}"
1_1_1_1_1_1_1_1_1_1_1_2_1_1_1_1_2_5,56.01499964640296,29,772,2020,"{""type"":""Point"",""coordinates"":[0.0,0.0]}"
1_1_1_1_1_1_1_1_1_1_1_2_1_1_1_1_2_6,1253.8721500091453,33,772,2020,"{""type"":""Point"",""coordinates"":[0.0,0.0]}"
1_1_1_1_1_1_1_1_1_1_1_2_1_1_1_2_0,3987.438010068826,3,772,2021,"{""type"":""Point"",""coordinates"":[0.0,0.0]}"
1_1_1_1_1_1_1_1_1_1_1_2_1_1_1_2_1,285508.63328118244,4,772,2021,"{""type"":""Point"",""coordinates"":[0.0,0.0]}"
1_1_1_1_1_1_1_1_1_1_1_2_1_1_1_2_2,61.40275517403397,12,772,2021,"{""type"":""Point"",""coordinates"":[0.0,0.0]}"
1_1_1_1_1_1_1_1_1_1_1_2_1_1_1_2_3,628764.7883143319,21,772,2021,"{""type"":""Point"",""coordinates"":[0.0,0.0]}"
1_1_1_1_1_1_1_1_1_1_1_2_1_1_1_2_4,754.5166896739045,22,772,2021,"{""type"":""Point"",""coordinates"":[0.0,0.0]}"
1_1_1_1_1_1_1_1_1_1_1_2_1_1_1_2_5,0.43900366210937497,29,772,2021,"{""type"":""Point"",""coordinates"":[0.0,0.0]}"
1_1_1_1_1_1_1_1_1_1_1_2_1_1_1_2_6,740.093283348509,33,772,2021,"{""type"":""Point"",""coordinates"":[0.0,0.0]}"
1_1_1_1_1_1_1_1_1_1_1_2_1_1_2_0,2147.0435826027115,3,772,2022,"{""type"":""Point"",""coordinates"":[0.0,0.0]}"
1_1_1_1_1_1_1_1_1_1_1_2_1_1_2_1,287393.43926239363,4,772,2022,"{""type"":""Point"",""coordinates"":[0.0,0.0]}"
1_1_1_1_1_1_1_1_1_1_1_2_1_1_2_2,30.87577722424077,12,772,2022,"{""type"":""Point"",""coordinates"":[0.0,0.0]}"
1_1_1_1_1_1_1_1_1_1_1_2_1_1_2_3,628697.23127071,21,772,2022,"{""type"":""Point"",""coordinates"":[0.0,0.0]}"
1_1_1_1_1_1_1_1_1_1_1_2_1_1_2_4,369.1264707870421,22,772,2022,"{""type"":""Point"",""coordinates"":[0.0,0.0]}"
1_1_1_1_1_1_1_1_1_1_1_2_1_1_2_5,284.17151502996705,29,772,2022,"{""type"":""Point"",""coordinates"":[0.0,0.0]}"
1_1_1_1_1_1_1_1_1_1_1_2_1_1_2_6,895.4234587134022,33,772,2022,"{""type"":""Point"",""coordinates"":[0.0,0.0]}"
1_1_1_1_1_1_1_1_1_1_1_2_1_2_0,3880.638681257046,3,772,2023,"{""type"":""Point"",""coordinates"":[0.0,0.0]}"
1_1_1_1_1_1_1_1_1_1_1_2_1_2_1,278048.9474294464,4,772,2023,"{""type"":""Point"",""coordinates"":[0.0,0.0]}"
1_1_1_1_1_1_1_1_1_1_1_2_1_2_2,76.1942549512916,12,772,2023,"{""type"":""Point"",""coordinates"":[0.0,0.0]}"
1_1_1_1_1_1_1_1_1_1_1_2_1_2_3,636560.8196946661,21,772,2023,"{""type"":""Point"",""coordinates"":[0.0,0.0]}"
1_1_1_1_1_1_1_1_1_1_1_2_1_2_4,106.81522824982272,22,772,2023,"{""type"":""Point"",""coordinates"":[0.0,0.0]}"
1_1_1_1_1_1_1_1_1_1_1_2_1_2_5,71.27444476318358,29,772,2023,"{""type"":""Point"",""coordinates"":[0.0,0.0]}"
1_1_1_1_1_1_1_1_1_1_1_2_1_2_6,1072.6216041407451,33,772,2023,"{""type"":""Point"",""coordinates"":[0.0,0.0]}"
1_1_1_1_1_1_1_1_1_1_1_2_2_0,2252.518534641958,3,772,2024,"{""type"":""Point"",""coordinates"":[0.0,0.0]}"
1_1_1_1_1_1_1_1_1_1_1_2_2_1,261583.96297167137,4,772,2024,"{""type"":""Point"",""coordinates"":[0.0,0.0]}"
1_1_1_1_1_1_1_1_1_1_1_2_2_2,0.17549190673828124,12,772,2024,"{""type"":""Point"",""coordinates"":[0.0,0.0]}"
1_1_1_1_1_1_1_1_1_1_1_2_2_3,652846.9921304001,21,772,2024,"{""type"":""Point"",""coordinates"":[0.0,0.0]}"
1_1_1_1_1_1_1_1_1_1_1_2_2_4,200.1952523231894,22,772,2024,"{""type"":""Point"",""coordinates"":[0.0,0.0]}"
1_1_1_1_1_1_1_1_1_1_1_2_2_5,31.363238235677084,29,772,2024,"{""type"":""Point"",""coordinates"":[0.0,0.0]}"
1_1_1_1_1_1_1_1_1_1_1_2_2_6,2902.103718278473,33,772,2024,"{""type"":""Point"",""coordinates"":[0.0,0.0]}"
1_1_1_1_1_1_1_1_1_1_2_1_1_1_1_1_1_1_1_2_0,46595.466900850544,3,7619,2016,"{""type"":""Point"",""coordinates"":[0.0,0.0]}"
1_1_1_1_1_1_1_1_1_1_2_1_1_1_1_1_1_1_1_2_1,2870275.6569242957,4,7619,2016,"{""type"":""Point"",""coordinates"":[0.0,0.0]}"
1_1_1_1_1_1_1_1_1_1_2_1_1_1_1_1_1_1_1_2_2,4888.442542489714,12,7619,2016,"{""type"":""Point"",""coordinates"":[0.0,0.0]}"
1_1_1_1_1_1_1_1_1_1_2_1_1_1_1_1_1_1_1_2_3,657674.5495492362,21,7619,2016,"{""type"":""Point"",""coordinates"":[0.0,0.0]}"
1_1_1_1_1_1_1_1_1_1_2_1_1_1_1_1_1_1_1_2_4,12492.525623549156,22,7619,2016,"{""type"":""Point"",""coordinates"":[0.0,0.0]}"
1_1_1_1_1_1_1_1_1_1_2_1_1_1_1_1_1_1_1_2_5,4942.5920991231305,29,7619,2016,"{""type"":""Point"",""coordinates"":[0.0,0.0]}"
1_1_1_1_1_1_1_1_1_1_2_1_1_1_1_1_1_1_1_2_6,17637.244808357562,33,7619,2016,"{""type"":""Point"",""coordinates"":[0.0,0.0]}"
1_1_1_1_1_1_1_1_1_1_2_1_1_1_1_1_1_1_2_0,26657.524627243503,3,7619,2017,"{""type"":""Point"",""coordinates"":[0.0,0.0]}"
1_1_1_1_1_1_1_1_1_1_2_1_1_1_1_1_1_1_2_1,2928761.4367172807,4,7619,2017,"{""type"":""Point"",""coordinates"":[0.0,0.0]}"
1_1_1_1_1_1_1_1_1_1_2_1_1_1_1_1_1_1_2_2,2644.698691341307,12,7619,2017,"{""type"":""Point"",""coordinates"":[0.0,0.0]}"
1_1_1_1_1_1_1_1_1_1_2_1_1_1_1_1_1_1_2_3,613522.2910225692,21,7619,2017,"{""type"":""Point"",""coordinates"":[0.0,0.0]}"
1_1_1_1_1_1_1_1_1_1_2_1_1_1_1_1_1_1_2_4,21911.305945019507,22,7619,2017,"{""type"":""Point"",""coordinates"":[0.0,0.0]}"
1_1_1_1_1_1_1_1_1_1_2_1_1_1_1_1_1_1_2_5,3956.3204467135643,29,7619,2017,"{""type"":""Point"",""coordinates"":[0.0,0.0]}"
1_1_1_1_1_1_1_1_1_1_2_1_1_1_1_1_1_1_2_6,17052.900997633402,33,7619,2017,"{""type"":""Point"",""coordinates"":[0.0,0.0]}"
1_1_1_1_1_1_1_1_1_1_2_1_1_1_1_1_1_2_0,35139.05763811727,3,7619,2018,"{""type"":""Point"",""coordinates"":[0.0,0.0]}"
1_1_1_1_1_1_1_1_1_1_2_1_1_1_1_1_1_2_1,2932386.402485291,4,7619,2018,"{""type"":""Point"",""coordinates"":[0.0,0.0]}"
1_1_1_1_1_1_1_1_1_1_2_1_1_1_1_1_1_2_2,12931.181977703201,12,7619,2018,"{""type"":""Point"",""coordinates"":[0.0,0.0]}"
1_1_1_1_1_1_1_1_1_1_2_1_1_1_1_1_1_2_3,580134.6445822774,21,7619,2018,"{""type"":""Point"",""coordinates"":[0.0,0.0]}"
1_1_1_1_1_1_1_1_1_1_2_1_1_1_1_1_1_2_4,28072.12311787629,22,7619,2018,"{""type"":""Point"",""coordinates"":[0.0,0.0]}"
1_1_1_1_1_1_1_1_1_1_2_1_1_1_1_1_1_2_5,2439.6297033203145,29,7619,2018,"{""type"":""Point"",""coordinates"":[0.0,0.0]}"
1_1_1_1_1_1_1_1_1_1_2_1_1_1_1_1_1_2_6,23403.438943256097,33,7619,2018,"{""type"":""Point"",""coordinates"":[0.0,0.0]}"
1_1_1_1_1_1_1_1_1_1_2_1_1_1_1_1_2_0,12503.607002469022,3,7619,2019,"{""type"":""Point"",""coordinates"":[0.0,0.0]}"
1_1_1_1_1_1_1_1_1_1_2_1_1_1_1_1_2_1,3013473.4085059157,4,7619,2019,"{""type"":""Point"",""coordinates"":[0.0,0.0]}"
1_1_1_1_1_1_1_1_1_1_2_1_1_1_1_1_2_2,3870.1612119250626,12,7619,2019,"{""type"":""Point"",""coordinates"":[0.0,0.0]}"
1_1_1_1_1_1_1_1_1_1_2_1_1_1_1_1_2_3,533538.2683971719,21,7619,2019,"{""type"":""Point"",""coordinates"":[0.0,0.0]}"
1_1_1_1_1_1_1_1_1_1_2_1_1_1_1_1_2_4,31008.01476154057,22,7619,2019,"{""type"":""Point"",""coordinates"":[0.0,0.0]}"
1_1_1_1_1_1_1_1_1_1_2_1_1_1_1_1_2_5,1170.4131296997107,29,7619,2019,"{""type"":""Point"",""coordinates"":[0.0,0.0]}"
1_1_1_1_1_1_1_1_1_1_2_1_1_1_1_1_2_6,18942.605439096464,33,7619,2019,"{""type"":""Point"",""coordinates"":[0.0,0.0]}"
1_1_1_1_1_1_1_1_1_1_2_1_1_1_1_2_0,14286.67666854016,3,7619,2020,"{""type"":""Point"",""coordinates"":[0.0,0.0]}"
1_1_1_1_1_1_1_1_1_1_2_1_1_1_1_2_1,2949809.3304724,4,7619,2020,"{""type"":""Point"",""coordinates"":[0.0,0.0]}"
1_1_1_1_1_1_1_1_1_1_2_1_1_1_1_2_2,4145.900283986617,12,7619,2020,"{""type"":""Point"",""coordinates"":[0.0,0.0]}"
1_1_1_1_1_1_1_1_1_1_2_1_1_1_1_2_3,595083.2907875682,21,7619,2020,"{""type"":""Point"",""coordinates"":[0.0,0.0]}"
1_1_1_1_1_1_1_1_1_1_2_1_1_1_1_2_4,10069.057535459388,22,7619,2020,"{""type"":""Point"",""coordinates"":[0.0,0.0]}"
1_1_1_1_1_1_1_1_1_1_2_1_1_1_1_2_5,1275.3428770847222,29,7619,2020,"{""type"":""Point"",""coordinates"":[0.0,0.0]}"
1_1_1_1_1_1_1_1_1_1_2_1_1_1_1_2_6,39836.87982265879,33,7619,2020,"{""type"":""Point"",""coordinates"":[0.0,0.0]}"
1_1_1_1_1_1_1_1_1_1_2_1_1_1_2_0,27256.06055378481,3,7619,2021,"{""type"":""Point"",""coordinates"":[0.0,0.0]}"
1_1_1_1_1_1_1_1_1_1_2_1_1_1_2_1,2901309.8260068274,4,7619,2021,"{""type"":""Point"",""coordinates"":[0.0,0.0]}"
1_1_1_1_1_1_1_1_1_1_2_1_1_1_2_2,4280.0263884929955,12,7619,2021,"{""type"":""Point"",""coordinates"":[0.0,0.0]}"
1_1_1_1_1_1_1_1_1_1_2_1_1_1_2_3,627296.6660282478,21,7619,2021,"{""type"":""Point"",""coordinates"":[0.0,0.0]}"
1_1_1_1_1_1_1_1_1_1_2_1_1_1_2_4,17180.67294777456,22,7619,2021,"{""type"":""Point"",""coordinates"":[0.0,0.0]}"
1_1_1_1_1_1_1_1_1_1_2_1_1_1_2_5,8742.435356043701,29,7619,2021,"{""type"":""Point"",""coordinates"":[0.0,0.0]}"
1_1_1_1_1_1_1_1_1_1_2_1_1_1_2_6,28440.79116665327,33,7619,2021,"{""type"":""Point"",""coordinates"":[0.0,0.0]}"
1_1_1_1_1_1_1_1_1_1_2_1_1_2_0,20295.968347073405,3,7619,2022,"{""type"":""Point"",""coordinates"":[0.0,0.0]}"
1_1_1_1_1_1_1_1_1_1_2_1_1_2_1,2958668.785562353,4,7619,2022,"{""type"":""Point"",""coordinates"":[0.0,0.0]}"
1_1_1_1_1_1_1_1_1_1_2_1_1_2_2,5879.570722158845,12,7619,2022,"{""type"":""Point"",""coordinates"":[0.0,0.0]}"
1_1_1_1_1_1_1_1_1_1_2_1_1_2_3,563275.5075234311,21,7619,2022,"{""type"":""Point"",""coordinates"":[0.0,0.0]}"
1_1_1_1_1_1_1_1_1_1_2_1_1_2_4,19829.70472031077,22,7619,2022,"{""type"":""Point"",""coordinates"":[0.0,0.0]}"
1_1_1_1_1_1_1_1_1_1_2_1_1_2_5,2067.9201986328126,29,7619,2022,"{""type"":""Point"",""coordinates"":[0.0,0.0]}"
1_1_1_1_1_1_1_1_1_1_2_1_1_2_6,44489.02137390065,33,7619,2022,"{""type"":""Point"",""coordinates"":[0.0,0.0]}"
1_1_1_1_1_1_1_1_1_1_2_1_2_0,11475.76929639371,3,7619,2023,"{""type"":""Point"",""coordinates"":[0.0,0.0]}"
1_1_1_1_1_1_1_1_1_1_2_1_2_1,2947105.0456485036,4,7619,2023,"{""type"":""Point"",""coordinates"":[0.0,0.0]}"
1_1_1_1_1_1_1_1_1_1_2_1_2_2,4655.873714885778,12,7619,2023,"{""type"":""Point"",""coordinates"":[0.0,0.0]}"
1_1_1_1_1_1_1_1_1_1_2_1_2_3,582226.8860437709,21,7619,2023,"{""type"":""Point"",""coordinates"":[0.0,0.0]}"
1_1_1_1_1_1_1_1_1_1_2_1_2_4,21315.439110433854,22,7619,2023,"{""type"":""Point"",""coordinates"":[0.0,0.0]}"
1_1_1_1_1_1_1_1_1_1_2_1_2_5,6263.046058324894,29,7619,2023,"{""type"":""Point"",""coordinates"":[0.0,0.0]}"
1_1_1_1_1_1_1_1_1_1_2_1_2_6,41464.41857560189,33,7619,2023,"{""type"":""Point"",""coordinates"":[0.0,0.0]}"
1_1_1_1_1_1_1_1_1_1_2_2_0,31984.719061294774,3,7619,2024,"{""type"":""Point"",""coordinates"":[0.0,0.0]}"
1_1_1_1_1_1_1_1_1_1_2_2_1,2863268.259396138,4,7619,2024,"{""type"":""Point"",""coordinates"":[0.0,0.0]}"
1_1_1_1_1_1_1_1_1_1_2_2_2,2610.5867885091816,12,7619,2024,"{""type"":""Point"",""coordinates"":[0.0,0.0]}"
1_1_1_1_1_1_1_1_1_1_2_2_3,660097.0861890243,21,7619,2024,"{""type"":""Point"",""coordinates"":[0.0,0.0]}"
1_1_1_1_1_1_1_1_1_1_2_2_4,8122.24294260833,22,7619,2024,"{""type"":""Point"",""coordinates"":[0.0,0.0]}"
1_1_1_1_1_1_1_1_1_1_2_2_5,7278.559548747641,29,7619,2024,"{""type"":""Point"",""coordinates"":[0.0,0.0]}"
1_1_1_1_1_1_1_1_1_1_2_2_6,41145.02452158551,33,7619,2024,"{""type"":""Point"",""coordinates"":[0.0,0.0]}"
1_1_1_1_1_1_1_1_1_2_1_1_1_1_1_1_1_1_2_0,227655.6607065436,3,7443,2016,"{""type"":""Point"",""coordinates"":[0.0,0.0]}"
1_1_1_1_1_1_1_1_1_2_1_1_1_1_1_1_1_1_2_1,3104460.8425738527,4,7443,2016,"{""type"":""Point"",""coordinates"":[0.0,0.0]}"
1_1_1_1_1_1_1_1_1_2_1_1_1_1_1_1_1_1_2_2,669.8772057213159,12,7443,2016,"{""type"":""Point"",""coordinates"":[0.0,0.0]}"
1_1_1_1_1_1_1_1_1_2_1_1_1_1_1_1_1_1_2_3,294150.99629812624,21,7443,2016,"{""type"":""Point"",""coordinates"":[0.0,0.0]}"
1_1_1_1_1_1_1_1_1_2_1_1_1_1_1_1_1_1_2_4,366.72618079223616,22,7443,2016,"{""type"":""Point"",""coordinates"":[0.0,0.0]}"
1_1_1_1_1_1_1_1_1_2_1_1_1_1_1_1_1_1_2_5,753.1049587768556,29,7443,2016,"{""type"":""Point"",""coordinates"":[0.0,0.0]}"
1_1_1_1_1_1_1_1_1_2_1_1_1_1_1_1_1_1_2_6,5957.404838360744,33,7443,2016,"{""type"":""Point"",""coordinates"":[0.0,0.0]}"
1_1_1_1_1_1_1_1_1_2_1_1_1_1_1_1_1_2_0,191709.7265162842,3,7443,2017,"{""type"":""Point"",""coordinates"":[0.0,0.0]}"
1_1_1_1_1_1_1_1_1_2_1_1_1_1_1_1_1_2_1,3147734.7942925463,4,7443,2017,"{""type"":""Point"",""coordinates"":[0.0,0.0]}"
1_1_1_1_1_1_1_1_1_2_1_1_1_1_1_1_1_2_2,1412.3111575251087,12,7443,2017,"{""type"":""Point"",""coordinates"":[0.0,0.0]}"
1_1_1_1_1_1_1_1_1_2_1_1_1_1_1_1_1_2_3,284128.86973311397,21,7443,2017,"{""type"":""Point"",""coordinates"":[0.0,0.0]}"
1_1_1_1_1_1_1_1_1_2_1_1_1_1_1_1_1_2_4,3586.7276208870685,22,7443,2017,"{""type"":""Point"",""coordinates"":[0.0,0.0]}"
1_1_1_1_1_1_1_1_1_2_1_1_1_1_1_1_1_2_5,424.02046436157224,29,7443,2017,"{""type"":""Point"",""coordinates"":[0.0,0.0]}"
1_1_1_1_1_1_1_1_1_2_1_1_1_1_1_1_1_2_6,5018.162977437525,33,7443,2017,"{""type"":""Point"",""coordinates"":[0.0,0.0]}"
1_1_1_1_1_1_1_1_1_2_1_1_1_1_1_1_2_0,236480.61606970133,3,7443,2018,"{""type"":""Point"",""coordinates"":[0.0,0.0]}"
1_1_1_1_1_1_1_1_1_2_1_1_1_1_1_1_2_1,3129181.5499153025,4,7443,2018,"{""type"":""Point"",""coordinates"":[0.0,0.0]}"
1_1_1_1_1_1_1_1_1_2_1_1_1_1_1_1_2_2,1745.089103713714,12,7443,2018,"{""type"":""Point"",""coordinates"":[0.0,0.0]}"
1_1_1_1_1_1_1_1_1_2_1_1_1_1_1_1_2_3,255750.2084470327,21,7443,2018,"{""type"":""Point"",""coordinates"":[0.0,0.0]}"
1_1_1_1_1_1_1_1_1_2_1_1_1_1_1_1_2_4,4661.500614160607,22,7443,2018,"{""type"":""Point"",""coordinates"":[0.0,0.0]}"
1_1_1_1_1_1_1_1_1_2_1_1_1_1_1_1_2_5,211.15826764526366,29,7443,2018,"{""type"":""Point"",""coordinates"":[0.0,0.0]}"
1_1_1_1_1_1_1_1_1_2_1_1_1_1_1_1_2_6,5984.490344603512,33,7443,2018,"{""type"":""Point"",""coordinates"":[0.0,0.0]}"
1_1_1_1_1_1_1_1_1_2_1_1_1_1_1_2_0,181537.90252157315,3,7443,2019,"{""type"":""Point"",""coordinates"":[0.0,0.0]}"
1_1_1_1_1_1_1_1_1_2_1_1_1_1_1_2_1,3198024.240985126,4,7443,2019,"{""type"":""Point"",""coordinates"":[0.0,0.0]}"
1_1_1_1_1_1_1_1_1_2_1_1_1_1_1_2_2,311.9472637657495,12,7443,2019,"{""type"":""Point"",""coordinates"":[0.0,0.0]}"
1_1_1_1_1_1_1_1_1_2_1_1_1_1_1_2_3,241037.9619142618,21,7443,2019,"{""type"":""Point"",""coordinates"":[0.0,0.0]}"
1_1_1_1_1_1_1_1_1_2_1_1_1_1_1_2_4,6480.188210487814,22,7443,2019,"{""type"":""Point"",""coordinates"":[0.0,0.0]}"
1_1_1_1_1_1_1_1_1_2_1_1_1_1_1_2_5,520.7539600341795,29,7443,2019,"{""type"":""Point"",""coordinates"":[0.0,0.0]}"
1_1_1_1_1_1_1_1_1_2_1_1_1_1_1_2_6,6101.6179069685295,33,7443,2019,"{""type"":""Point"",""coordinates"":[0.0,0.0]}"
1_1_1_1_1_1_1_1_1_2_1_1_1_1_2_0,231272.1420424993,3,7443,2020,"{""type"":""Point"",""coordinates"":[0.0,0.0]}"
1_1_1_1_1_1_1_1_1_2_1_1_1_1_2_1,3146993.2807235518,4,7443,2020,"{""type"":""Point"",""coordinates"":[0.0,0.0]}"
1_1_1_1_1_1_1_1_1_2_1_1_1_1_2_2,4757.609471386502,12,7443,2020,"{""type"":""Point"",""coordinates"":[0.0,0.0]}"
1_1_1_1_1_1_1_1_1_2_1_1_1_1_2_3,239739.17251241446,21,7443,2020,"{""type"":""Point"",""coordinates"":[0.0,0.0]}"
1_1_1_1_1_1_1_1_1_2_1_1_1_1_2_4,3372.12613567127,22,7443,2020,"{""type"":""Point"",""coordinates"":[0.0,0.0]}"
1_1_1_1_1_1_1_1_1_2_1_1_1_1_2_5,722.8873566004612,29,7443,2020,"{""type"":""Point"",""coordinates"":[0.0,0.0]}"
1_1_1_1_1_1_1_1_1_2_1_1_1_1_2_6,7157.394520086133,33,7443,2020,"{""type"":""Point"",""coordinates"":[0.0,0.0]}"
1_1_1_1_1_1_1_1_1_2_1_1_1_2_0,247953.41827244547,3,7443,2021,"{""type"":""Point"",""coordinates"":[0.0,0.0]}"
1_1_1_1_1_1_1_1_1_2_1_1_1_2_1,3056511.4460359127,4,7443,2021,"{""type"":""Point"",""coordinates"":[0.0,0.0]}"
1_1_1_1_1_1_1_1_1_2_1_1_1_2_2,67701.22597597157,12,7443,2021,"{""type"":""Point"",""coordinates"":[0.0,0.0]}"
1_1_1_1_1_1_1_1_1_2_1_1_1_2_3,245405.70871465988,21,7443,2021,"{""type"":""Point"",""coordinates"":[0.0,0.0]}"
1_1_1_1_1_1_1_1_1_2_1_1_1_2_4,8727.114357815317,22,7443,2021,"{""type"":""Point"",""coordinates"":[0.0,0.0]}"
1_1_1_1_1_1_1_1_1_2_1_1_1_2_5,1768.5579876109368,29,7443,2021,"{""type"":""Point"",""coordinates"":[0.0,0.0]}"
1_1_1_1_1_1_1_1_1_2_1_1_1_2_6,5947.141417859134,33,7443,2021,"{""type"":""Point"",""coordinates"":[0.0,0.0]}"
1_1_1_1_1_1_1_1_1_2_1_1_2_0,187978.0375816736,3,7443,2022,"{""type"":""Point"",""coordinates"":[0.0,0.0]}"
1_1_1_1_1_1_1_1_1_2_1_1_2_1,3171008.228981559,4,7443,2022,"{""type"":""Point"",""coordinates"":[0.0,0.0]}"
1_1_1_1_1_1_1_1_1_2_1_1_2_2,256.7046945800782,12,7443,2022,"{""type"":""Point"",""coordinates"":[0.0,0.0]}"
1_1_1_1_1_1_1_1_1_2_1_1_2_3,264971.4676600998,21,7443,2022,"{""type"":""Point"",""coordinates"":[0.0,0.0]}"
1_1_1_1_1_1_1_1_1_2_1_1_2_4,4397.7462225595245,22,7443,2022,"{""type"":""Point"",""coordinates"":[0.0,0.0]}"
1_1_1_1_1_1_1_1_1_2_1_1_2_5,526.701741064453,29,7443,2022,"{""type"":""Point"",""coordinates"":[0.0,0.0]}"
1_1_1_1_1_1_1_1_1_2_1_1_2_6,4875.725880700915,33,7443,2022,"{""type"":""Point"",""coordinates"":[0.0,0.0]}"
1_1_1_1_1_1_1_1_1_2_1_2_0,194888.4523698236,3,7443,2023,"{""type"":""Point"",""coordinates"":[0.0,0.0]}"
1_1_1_1_1_1_1_1_1_2_1_2_1,3183673.3261537137,4,7443,2023,"{""type"":""Point"",""coordinates"":[0.0,0.0]}"
1_1_1_1_1_1_1_1_1_2_1_2_2,1192.4035297512146,12,7443,2023,"{""type"":""Point"",""coordinates"":[0.0,0.0]}"
1_1_1_1_1_1_1_1_1_2_1_2_3,241954.40650364192,21,7443,2023,"{""type"":""Point"",""coordinates"":[0.0,0.0]}"
1_1_1_1_1_1_1_1_1_2_1_2_4,5704.448672052019,22,7443,2023,"{""type"":""Point"",""coordinates"":[0.0,0.0]}"
1_1_1_1_1_1_1_1_1_2_1_2_5,279.0370959228516,29,7443,2023,"{""type"":""Point"",""coordinates"":[0.0,0.0]}"
1_1_1_1_1_1_1_1_1_2_1_2_6,6322.538437286315,33,7443,2023,"{""type"":""Point"",""coordinates"":[0.0,0.0]}"
1_1_1_1_1_1_1_1_1_2_2_0,241015.62664301405,3,7443,2024,"{""type"":""Point"",""coordinates"":[0.0,0.0]}"
1_1_1_1_1_1_1_1_1_2_2_1,3116970.971557891,4,7443,2024,"{""type"":""Point"",""coordinates"":[0.0,0.0]}"
1_1_1_1_1_1_1_1_1_2_2_2,719.5664956102798,12,7443,2024,"{""type"":""Point"",""coordinates"":[0.0,0.0]}"
1_1_1_1_1_1_1_1_1_2_2_3,267287.27327053755,21,7443,2024,"{""type"":""Point"",""coordinates"":[0.0,0.0]}"
1_1_1_1_1_1_1_1_1_2_2_4,387.35982250976565,22,7443,2024,"{""type"":""Point"",""coordinates"":[0.0,0.0]}"
1_1_1_1_1_1_1_1_1_2_2_5,1646.7566216743264,29,7443,2024,"{""type"":""Point"",""coordinates"":[0.0,0.0]}"
1_1_1_1_1_1_1_1_1_2_2_6,5987.058350996602,33,7443,2024,"{""type"":""Point"",""coordinates"":[0.0,0.0]}"
1_1_1_1_1_1_1_1_2_1_1_1_1_1_1_1_1_2_0,32714.609764348785,3,7544,2016,"{""type"":""Point"",""coordinates"":[0.0,0.0]}"
1_1_1_1_1_1_1_1_2_1_1_1_1_1_1_1_1_2_1,2941251.8468886926,4,7544,2016,"{""type"":""Point"",""coordinates"":[0.0,0.0]}"
1_1_1_1_1_1_1_1_2_1_1_1_1_1_1_1_1_2_2,233.85103494020947,12,7544,2016,"{""type"":""Point"",""coordinates"":[0.0,0.0]}"
1_1_1_1_1_1_1_1_2_1_1_1_1_1_1_1_1_2_3,805199.9849535184,21,7544,2016,"{""type"":""Point"",""coordinates"":[0.0,0.0]}"
1_1_1_1_1_1_1_1_2_1_1_1_1_1_1_1_1_2_4,2053.251174648364,22,7544,2016,"{""type"":""Point"",""coordinates"":[0.0,0.0]}"
1_1_1_1_1_1_1_1_2_1_1_1_1_1_1_1_1_2_5,3106.82234353065,29,7544,2016,"{""type"":""Point"",""coordinates"":[0.0,0.0]}"
1_1_1_1_1_1_1_1_2_1_1_1_1_1_1_1_1_2_6,14449.917900671975,33,7544,2016,"{""type"":""Point"",""coordinates"":[0.0,0.0]}"
1_1_1_1_1_1_1_1_2_1_1_1_1_1_1_1_2_0,13020.90437299981,3,7544,2017,"{""type"":""Point"",""coordinates"":[0.0,0.0]}"
1_1_1_1_1_1_1_1_2_1_1_1_1_1_1_1_2_1,2970972.8966200696,4,7544,2017,"{""type"":""Point"",""coordinates"":[0.0,0.0]}"
1_1_1_1_1_1_1_1_2_1_1_1_1_1_1_1_2_2,16.508943508324723,12,7544,2017,"{""type"":""Point"",""coordinates"":[0.0,0.0]}"
1_1_1_1_1_1_1_1_2_1_1_1_1_1_1_1_2_3,801942.9827678476,21,7544,2017,"{""type"":""Point"",""coordinates"":[0.0,0.0]}"
1_1_1_1_1_1_1_1_2_1_1_1_1_1_1_1_2_4,1530.1921265442004,22,7544,2017,"{""type"":""Point"",""coordinates"":[0.0,0.0]}"
1_1_1_1_1_1_1_1_2_1_1_1_1_1_1_1_2_5,664.1944787536611,29,7544,2017,"{""type"":""Point"",""coordinates"":[0.0,0.0]}"
1_1_1_1_1_1_1_1_2_1_1_1_1_1_1_1_2_6,10862.604750782393,33,7544,2017,"{""type"":""Point"",""coordinates"":[0.0,0.0]}"
1_1_1_1_1_1_1_1_2_1_1_1_1_1_1_2_0,13775.273204886393,3,7544,2018,"{""type"":""Point"",""coordinates"":[0.0,0.0]}"
1_1_1_1_1_1_1_1_2_1_1_1_1_1_1_2_1,2930735.015782715,4,7544,2018,"{""type"":""Point"",""coordinates"":[0.0,0.0]}"
1_1_1_1_1_1_1_1_2_1_1_1_1_1_1_2_2,43.032176458740224,12,7544,2018,"{""type"":""Point"",""coordinates"":[0.0,0.0]}"
1_1_1_1_1_1_1_1_2_1_1_1_1_1_1_2_3,838883.0298542156,21,7544,2018,"{""type"":""Point"",""coordinates"":[0.0,0.0]}"
1_1_1_1_1_1_1_1_2_1_1_1_1_1_1_2_4,2483.946799365163,22,7544,2018,"{""type"":""Point"",""coordinates"":[0.0,0.0]}"
1_1_1_1_1_1_1_1_2_1_1_1_1_1_1_2_5,69.05677196655274,29,7544,2018,"{""type"":""Point"",""coordinates"":[0.0,0.0]}"
1_1_1_1_1_1_1_1_2_1_1_1_1_1_1_2_6,13020.929470723366,33,7544,2018,"{""type"":""Point"",""coordinates"":[0.0,0.0]}"
1_1_1_1_1_1_1_1_2_1_1_1_1_1_2_0,10233.40117669236,3,7544,2019,"{""type"":""Point"",""coordinates"":[0.0,0.0]}"
1_1_1_1_1_1_1_1_2_1_1_1_1_1_2_1,2882086.9879978993,4,7544,2019,"{""type"":""Point"",""coordinates"":[0.0,0.0]}"
1_1_1_1_1_1_1_1_2_1_1_1_1_1_2_2,86.9487415344239,12,7544,2019,"{""type"":""Point"",""coordinates"":[0.0,0.0]}"
1_1_1_1_1_1_1_1_2_1_1_1_1_1_2_3,891970.4857781377,21,7544,2019,"{""type"":""Point"",""coordinates"":[0.0,0.0]}"
1_1_1_1_1_1_1_1_2_1_1_1_1_1_2_4,575.3319372322834,22,7544,2019,"{""type"":""Point"",""coordinates"":[0.0,0.0]}"
1_1_1_1_1_1_1_1_2_1_1_1_1_1_2_5,1205.603939575198,29,7544,2019,"{""type"":""Point"",""coordinates"":[0.0,0.0]}"
1_1_1_1_1_1_1_1_2_1_1_1_1_1_2_6,12851.524489692014,33,7544,2019,"{""type"":""Point"",""coordinates"":[0.0,0.0]}"
1_1_1_1_1_1_1_1_2_1_1_1_1_2_0,14190.232090306796,3,7544,2020,"{""type"":""Point"",""coordinates"":[0.0,0.0]}"
1_1_1_1_1_1_1_1_2_1_1_1_1_2_1,2794003.733593204,4,7544,2020,"{""type"":""Point"",""coordinates"":[0.0,0.0]}"
1_1_1_1_1_1_1_1_2_1_1_1_1_2_2,31.77252999267578,12,7544,2020,"{""type"":""Point"",""coordinates"":[0.0,0.0]}"
1_1_1_1_1_1_1_1_2_1_1_1_1_2_3,953878.5123586983,21,7544,2020,"{""type"":""Point"",""coordinates"":[0.0,0.0]}"
1_1_1_1_1_1_1_1_2_1_1_1_1_2_4,3593.039315359317,22,7544,2020,"{""type"":""Point"",""coordinates"":[0.0,0.0]}"
1_1_1_1_1_1_1_1_2_1_1_1_1_2_5,4538.781894410854,29,7544,2020,"{""type"":""Point"",""coordinates"":[0.0,0.0]}"
1_1_1_1_1_1_1_1_2_1_1_1_1_2_6,28774.212278696108,33,7544,2020,"{""type"":""Point"",""coordinates"":[0.0,0.0]}"
1_1_1_1_1_1_1_1_2_1_1_1_2_0,5697.098778203493,3,7544,2021,"{""type"":""Point"",""coordinates"":[0.0,0.0]}"
1_1_1_1_1_1_1_1_2_1_1_1_2_1,2793908.488153965,4,7544,2021,"{""type"":""Point"",""coordinates"":[0.0,0.0]}"
1_1_1_1_1_1_1_1_2_1_1_1_2_2,111.80729019775396,12,7544,2021,"{""type"":""Point"",""coordinates"":[0.0,0.0]}"
1_1_1_1_1_1_1_1_2_1_1_1_2_3,962147.4302638682,21,7544,2021,"{""type"":""Point"",""coordinates"":[0.0,0.0]}"
1_1_1_1_1_1_1_1_2_1_1_1_2_4,3588.2263219382266,22,7544,2021,"{""type"":""Point"",""coordinates"":[0.0,0.0]}"
1_1_1_1_1_1_1_1_2_1_1_1_2_5,3358.17457814454,29,7544,2021,"{""type"":""Point"",""coordinates"":[0.0,0.0]}"
1_1_1_1_1_1_1_1_2_1_1_1_2_6,30199.058674326378,33,7544,2021,"{""type"":""Point"",""coordinates"":[0.0,0.0]}"
1_1_1_1_1_1_1_1_2_1_1_2_0,12386.017468269096,3,7544,2022,"{""type"":""Point"",""coordinates"":[0.0,0.0]}"
1_1_1_1_1_1_1_1_2_1_1_2_1,2800293.984052799,4,7544,2022,"{""type"":""Point"",""coordinates"":[0.0,0.0]}"
1_1_1_1_1_1_1_1_2_1_1_2_2,28.116791334659357,12,7544,2022,"{""type"":""Point"",""coordinates"":[0.0,0.0]}"
1_1_1_1_1_1_1_1_2_1_1_2_3,948412.0690743293,21,7544,2022,"{""type"":""Point"",""coordinates"":[0.0,0.0]}"
1_1_1_1_1_1_1_1_2_1_1_2_4,1380.6067083689547,22,7544,2022,"{""type"":""Point"",""coordinates"":[0.0,0.0]}"
1_1_1_1_1_1_1_1_2_1_1_2_5,1348.4848747192423,29,7544,2022,"{""type"":""Point"",""coordinates"":[0.0,0.0]}"
1_1_1_1_1_1_1_1_2_1_1_2_6,35161.00509074921,33,7544,2022,"{""type"":""Point"",""coordinates"":[0.0,0.0]}"
1_1_1_1_1_1_1_1_2_1_2_0,7301.254465915839,3,7544,2023,"{""type"":""Point"",""coordinates"":[0.0,0.0]}"
1_1_1_1_1_1_1_1_2_1_2_1,2819639.039222764,4,7544,2023,"{""type"":""Point"",""coordinates"":[0.0,0.0]}"
1_1_1_1_1_1_1_1_2_1_2_2,90.95502687945198,12,7544,2023,"{""type"":""Point"",""coordinates"":[0.0,0.0]}"
1_1_1_1_1_1_1_1_2_1_2_3,924296.563363479,21,7544,2023,"{""type"":""Point"",""coordinates"":[0.0,0.0]}"
1_1_1_1_1_1_1_1_2_1_2_4,718.854604133061,22,7544,2023,"{""type"":""Point"",""coordinates"":[0.0,0.0]}"
1_1_1_1_1_1_1_1_2_1_2_5,9138.04531607782,29,7544,2023,"{""type"":""Point"",""coordinates"":[0.0,0.0]}"
1_1_1_1_1_1_1_1_2_1_2_6,37825.57206126368,33,7544,2023,"{""type"":""Point"",""coordinates"":[0.0,0.0]}"
1_1_1_1_1_1_1_1_2_2_0,17735.184421548467,3,7544,2024,"{""type"":""Point"",""coordinates"":[0.0,0.0]}"
1_1_1_1_1_1_1_1_2_2_1,2822277.7922263118,4,7544,2024,"{""type"":""Point"",""coordinates"":[0.0,0.0]}"
1_1_1_1_1_1_1_1_2_2_2,604.0998408450134,12,7544,2024,"{""type"":""Point"",""coordinates"":[0.0,0.0]}"
1_1_1_1_1_1_1_1_2_2_3,897484.2824514576,21,7544,2024,"{""type"":""Point"",""coordinates"":[0.0,0.0]}"
1_1_1_1_1_1_1_1_2_2_4,790.386881426501,22,7544,2024,"{""type"":""Point"",""coordinates"":[0.0,0.0]}"
1_1_1_1_1_1_1_1_2_2_5,13636.915860492858,29,7544,2024,"{""type"":""Point"",""coordinates"":[0.0,0.0]}"
1_1_1_1_1_1_1_1_2_2_6,46481.62237855567,33,7544,2024,"{""type"":""Point"",""coordinates"":[0.0,0.0]}"
1_1_1_1_1_1_1_2_1_1_1_1_1_1_1_1_2_0,10067.264606885128,3,7438,2016,"{""type"":""Point"",""coordinates"":[0.0,0.0]}"
1_1_1_1_1_1_1_2_1_1_1_1_1_1_1_1_2_1,3000392.6175823286,4,7438,2016,"{""type"":""Point"",""coordinates"":[0.0,0.0]}"
1_1_1_1_1_1_1_2_1_1_1_1_1_1_1_1_2_2,2293.4345977870325,12,7438,2016,"{""type"":""Point"",""coordinates"":[0.0,0.0]}"
1_1_1_1_1_1_1_2_1_1_1_1_1_1_1_1_2_3,567756.1819008811,21,7438,2016,"{""type"":""Point"",""coordinates"":[0.0,0.0]}"
1_1_1_1_1_1_1_2_1_1_1_1_1_1_1_1_2_4,4088.8203646232487,22,7438,2016,"{""type"":""Point"",""coordinates"":[0.0,0.0]}"
1_1_1_1_1_1_1_2_1_1_1_1_1_1_1_1_2_5,1016.842367358399,29,7438,2016,"{""type"":""Point"",""coordinates"":[0.0,0.0]}"
1_1_1_1_1_1_1_2_1_1_1_1_1_1_1_1_2_6,5441.623562249759,33,7438,2016,"{""type"":""Point"",""coordinates"":[0.0,0.0]}"
1_1_1_1_1_1_1_2_1_1_1_1_1_1_1_2_0,3810.8247948149724,3,7438,2017,"{""type"":""Point"",""coordinates"":[0.0,0.0]}"
1_1_1_1_1_1_1_2_1_1_1_1_1_1_1_2_1,3037893.5536960852,4,7438,2017,"{""type"":""Point"",""coordinates"":[0.0,0.0]}"
1_1_1_1_1_1_1_2_1_1_1_1_1_1_1_2_2,2284.796454926278,12,7438,2017,"{""type"":""Point"",""coordinates"":[0.0,0.0]}"
1_1_1_1_1_1_1_2_1_1_1_1_1_1_1_2_3,538461.6105775872,21,7438,2017,"{""type"":""Point"",""coordinates"":[0.0,0.0]}"
1_1_1_1_1_1_1_2_1_1_1_1_1_1_1_2_4,3166.367838644429,22,7438,2017,"{""type"":""Point"",""coordinates"":[0.0,0.0]}"
1_1_1_1_1_1_1_2_1_1_1_1_1_1_1_2_5,441.6454679199218,29,7438,2017,"{""type"":""Point"",""coordinates"":[0.0,0.0]}"
1_1_1_1_1_1_1_2_1_1_1_1_1_1_1_2_6,4997.986152233886,33,7438,2017,"{""type"":""Point"",""coordinates"":[0.0,0.0]}"
1_1_1_1_1_1_1_2_1_1_1_1_1_1_2_0,20320.805019319498,3,7438,2018,"{""type"":""Point"",""coordinates"":[0.0,0.0]}"
1_1_1_1_1_1_1_2_1_1_1_1_1_1_2_1,3031280.1688612388,4,7438,2018,"{""type"":""Point"",""coordinates"":[0.0,0.0]}"
1_1_1_1_1_1_1_2_1_1_1_1_1_1_2_2,3507.249099988341,12,7438,2018,"{""type"":""Point"",""coordinates"":[0.0,0.0]}"
1_1_1_1_1_1_1_2_1_1_1_1_1_1_2_3,527083.0758981573,21,7438,2018,"{""type"":""Point"",""coordinates"":[0.0,0.0]}"
1_1_1_1_1_1_1_2_1_1_1_1_1_1_2_4,4019.2178682445115,22,7438,2018,"{""type"":""Point"",""coordinates"":[0.0,0.0]}"
1_1_1_1_1_1_1_2_1_1_1_1_1_1_2_5,81.18684747314454,29,7438,2018,"{""type"":""Point"",""coordinates"":[0.0,0.0]}"
1_1_1_1_1_1_1_2_1_1_1_1_1_1_2_6,4765.081387719735,33,7438,2018,"{""type"":""Point"",""coordinates"":[0.0,0.0]}"
1_1_1_1_1_1_1_2_1_1_1_1_1_2_0,3939.2159198536697,3,7438,2019,"{""type"":""Point"",""coordinates"":[0.0,0.0]}"
1_1_1_1_1_1_1_2_1_1_1_1_1_2_1,3068422.322066871,4,7438,2019,"{""type"":""Point"",""coordinates"":[0.0,0.0]}"
1_1_1_1_1_1_1_2_1_1_1_1_1_2_2,1719.412036952815,12,7438,2019,"{""type"":""Point"",""coordinates"":[0.0,0.0]}"
1_1_1_1_1_1_1_2_1_1_1_1_1_2_3,505652.2234917513,21,7438,2019,"{""type"":""Point"",""coordinates"":[0.0,0.0]}"
1_1_1_1_1_1_1_2_1_1_1_1_1_2_4,3052.334879142439,22,7438,2019,"{""type"":""Point"",""coordinates"":[0.0,0.0]}"
1_1_1_1_1_1_1_2_1_1_1_1_1_2_5,658.4275848754886,29,7438,2019,"{""type"":""Point"",""coordinates"":[0.0,0.0]}"
1_1_1_1_1_1_1_2_1_1_1_1_1_2_6,7612.84900247601,33,7438,2019,"{""type"":""Point"",""coordinates"":[0.0,0.0]}"
1_1_1_1_1_1_1_2_1_1_1_1_2_0,1862.4956828764066,3,7438,2020,"{""type"":""Point"",""coordinates"":[0.0,0.0]}"
1_1_1_1_1_1_1_2_1_1_1_1_2_1,3070460.690282494,4,7438,2020,"{""type"":""Point"",""coordinates"":[0.0,0.0]}"
1_1_1_1_1_1_1_2_1_1_1_1_2_2,2199.5718582691634,12,7438,2020,"{""type"":""Point"",""coordinates"":[0.0,0.0]}"
1_1_1_1_1_1_1_2_1_1_1_1_2_3,500122.9319723813,21,7438,2020,"{""type"":""Point"",""coordinates"":[0.0,0.0]}"
1_1_1_1_1_1_1_2_1_1_1_1_2_4,4605.379498665772,22,7438,2020,"{""type"":""Point"",""coordinates"":[0.0,0.0]}"
1_1_1_1_1_1_1_2_1_1_1_1_2_5,1054.5484245976706,29,7438,2020,"{""type"":""Point"",""coordinates"":[0.0,0.0]}"
1_1_1_1_1_1_1_2_1_1_1_1_2_6,10751.167262595254,33,7438,2020,"{""type"":""Point"",""coordinates"":[0.0,0.0]}"
1_1_1_1_1_1_1_2_1_1_1_2_0,9912.391253571774,3,7438,2021,"{""type"":""Point"",""coordinates"":[0.0,0.0]}"
1_1_1_1_1_1_1_2_1_1_1_2_1,3024346.8067930425,4,7438,2021,"{""type"":""Point"",""coordinates"":[0.0,0.0]}"
1_1_1_1_1_1_1_2_1_1_1_2_2,1003.375972662738,12,7438,2021,"{""type"":""Point"",""coordinates"":[0.0,0.0]}"
1_1_1_1_1_1_1_2_1_1_1_2_3,535465.6800397446,21,7438,2021,"{""type"":""Point"",""coordinates"":[0.0,0.0]}"
1_1_1_1_1_1_1_2_1_1_1_2_4,10029.816132273838,22,7438,2021,"{""type"":""Point"",""coordinates"":[0.0,0.0]}"
1_1_1_1_1_1_1_2_1_1_1_2_5,2291.942561688926,29,7438,2021,"{""type"":""Point"",""coordinates"":[0.0,0.0]}"
1_1_1_1_1_1_1_2_1_1_1_2_6,8006.772229040302,33,7438,2021,"{""type"":""Point"",""coordinates"":[0.0,0.0]}"
1_1_1_1_1_1_1_2_1_1_2_0,6862.940980441517,3,7438,2022,"{""type"":""Point"",""coordinates"":[0.0,0.0]}"
1_1_1_1_1_1_1_2_1_1_2_1,3033417.4387803534,4,7438,2022,"{""type"":""Point"",""coordinates"":[0.0,0.0]}"
1_1_1_1_1_1_1_2_1_1_2_2,979.5175967108513,12,7438,2022,"{""type"":""Point"",""coordinates"":[0.0,0.0]}"
1_1_1_1_1_1_1_2_1_1_2_3,538958.5733314746,21,7438,2022,"{""type"":""Point"",""coordinates"":[0.0,0.0]}"
1_1_1_1_1_1_1_2_1_1_2_4,3701.0738656879025,22,7438,2022,"{""type"":""Point"",""coordinates"":[0.0,0.0]}"
1_1_1_1_1_1_1_2_1_1_2_5,695.1953714602962,29,7438,2022,"{""type"":""Point"",""coordinates"":[0.0,0.0]}"
1_1_1_1_1_1_1_2_1_1_2_6,6442.045055883532,33,7438,2022,"{""type"":""Point"",""coordinates"":[0.0,0.0]}"
1_1_1_1_1_1_1_2_1_2_0,25109.04174550798,3,7438,2023,"{""type"":""Point"",""coordinates"":[0.0,0.0]}"
1_1_1_1_1_1_1_2_1_2_1,3021210.7202458596,4,7438,2023,"{""type"":""Point"",""coordinates"":[0.0,0.0]}"
1_1_1_1_1_1_1_2_1_2_2,667.2988998791743,12,7438,2023,"{""type"":""Point"",""coordinates"":[0.0,0.0]}"
1_1_1_1_1_1_1_2_1_2_3,532979.8779656937,21,7438,2023,"{""type"":""Point"",""coordinates"":[0.0,0.0]}"
1_1_1_1_1_1_1_2_1_2_4,3152.4899464075415,22,7438,2023,"{""type"":""Point"",""coordinates"":[0.0,0.0]}"
1_1_1_1_1_1_1_2_1_2_5,297.34021276278634,29,7438,2023,"{""type"":""Point"",""coordinates"":[0.0,0.0]}"
1_1_1_1_1_1_1_2_1_2_6,7640.015965832268,33,7438,2023,"{""type"":""Point"",""coordinates"":[0.0,0.0]}"
1_1_1_1_1_1_1_2_2_0,45036.816861186875,3,7438,2024,"{""type"":""Point"",""coordinates"":[0.0,0.0]}"
1_1_1_1_1_1_1_2_2_1,3015724.2500629607,4,7438,2024,"{""type"":""Point"",""coordinates"":[0.0,0.0]}"
1_1_1_1_1_1_1_2_2_2,292.88537034021715,12,7438,2024,"{""type"":""Point"",""coordinates"":[0.0,0.0]}"
1_1_1_1_1_1_1_2_2_3,517457.6189193242,21,7438,2024,"{""type"":""Point"",""coordinates"":[0.0,0.0]}"
1_1_1_1_1_1_1_2_2_4,3329.871951271803,22,7438,2024,"{""type"":""Point"",""coordinates"":[0.0,0.0]}"
1_1_1_1_1_1_1_2_2_5,75.30468078613282,29,7438,2024,"{""type"":""Point"",""coordinates"":[0.0,0.0]}"
1_1_1_1_1_1_1_2_2_6,9140.03713628287,33,7438,2024,"{""type"":""Point"",""coordinates"":[0.0,0.0]}"
1_1_1_1_1_1_2_1_1_1_1_1_1_1_1_2_0,36884.31184513112,3,763,2016,"{""type"":""Point"",""coordinates"":[0.0,0.0]}"
1_1_1_1_1_1_2_1_1_1_1_1_1_1_1_2_1,2701293.961108524,4,763,2016,"{""type"":""Point"",""coordinates"":[0.0,0.0]}"
1_1_1_1_1_1_2_1_1_1_1_1_1_1_1_2_2,10587.956424866994,12,763,2016,"{""type"":""Point"",""coordinates"":[0.0,0.0]}"
1_1_1_1_1_1_2_1_1_1_1_1_1_1_1_2_3,1058668.1826099833,21,763,2016,"{""type"":""Point"",""coordinates"":[0.0,0.0]}"
1_1_1_1_1_1_2_1_1_1_1_1_1_1_1_2_4,2280.2507956570503,22,763,2016,"{""type"":""Point"",""coordinates"":[0.0,0.0]}"
1_1_1_1_1_1_2_1_1_1_1_1_1_1_1_2_5,369.55592835243374,29,763,2016,"{""type"":""Point"",""coordinates"":[0.0,0.0]}"
1_1_1_1_1_1_2_1_1_1_1_1_1_1_1_2_6,32803.90362349893,33,763,2016,"{""type"":""Point"",""coordinates"":[0.0,0.0]}"
1_1_1_1_1_1_2_1_1_1_1_1_1_1_2_0,22956.88850384352,3,763,2017,"{""type"":""Point"",""coordinates"":[0.0,0.0]}"
1_1_1_1_1_1_2_1_1_1_1_1_1_1_2_1,2728451.994399774,4,763,2017,"{""type"":""Point"",""coordinates"":[0.0,0.0]}"
1_1_1_1_1_1_2_1_1_1_1_1_1_1_2_2,9811.992791504777,12,763,2017,"{""type"":""Point"",""coordinates"":[0.0,0.0]}"
1_1_1_1_1_1_2_1_1_1_1_1_1_1_2_3,908692.5833660258,21,763,2017,"{""type"":""Point"",""coordinates"":[0.0,0.0]}"
1_1_1_1_1_1_2_1_1_1_1_1_1_1_2_4,5911.275698174741,22,763,2017,"{""type"":""Point"",""coordinates"":[0.0,0.0]}"
1_1_1_1_1_1_2_1_1_1_1_1_1_1_2_5,340.06671995641375,29,763,2017,"{""type"":""Point"",""coordinates"":[0.0,0.0]}"
1_1_1_1_1_1_2_1_1_1_1_1_1_1_2_6,166723.32085668805,33,763,2017,"{""type"":""Point"",""coordinates"":[0.0,0.0]}"
1_1_1_1_1_1_2_1_1_1_1_1_1_2_0,33972.179026192985,3,763,2018,"{""type"":""Point"",""coordinates"":[0.0,0.0]}"
1_1_1_1_1_1_2_1_1_1_1_1_1_2_1,2720838.794772353,4,763,2018,"{""type"":""Point"",""coordinates"":[0.0,0.0]}"
1_1_1_1_1_1_2_1_1_1_1_1_1_2_2,12897.242175366104,12,763,2018,"{""type"":""Point"",""coordinates"":[0.0,0.0]}"
1_1_1_1_1_1_2_1_1_1_1_1_1_2_3,1052414.1589356668,21,763,2018,"{""type"":""Point"",""coordinates"":[0.0,0.0]}"
1_1_1_1_1_1_2_1_1_1_1_1_1_2_4,2480.71823687979,22,763,2018,"{""type"":""Point"",""coordinates"":[0.0,0.0]}"
1_1_1_1_1_1_2_1_1_1_1_1_1_2_5,1542.5541146752932,29,763,2018,"{""type"":""Point"",""coordinates"":[0.0,0.0]}"
1_1_1_1_1_1_2_1_1_1_1_1_1_2_6,18742.475075594204,33,763,2018,"{""type"":""Point"",""coordinates"":[0.0,0.0]}"
1_1_1_1_1_1_2_1_1_1_1_1_2_0,21278.10340885677,3,763,2019,"{""type"":""Point"",""coordinates"":[0.0,0.0]}"
1_1_1_1_1_1_2_1_1_1_1_1_2_1,2735193.4859784525,4,763,2019,"{""type"":""Point"",""coordinates"":[0.0,0.0]}"
1_1_1_1_1_1_2_1_1_1_1_1_2_2,14416.195862057073,12,763,2019,"{""type"":""Point"",""coordinates"":[0.0,0.0]}"
1_1_1_1_1_1_2_1_1_1_1_1_2_3,1048439.2296018301,21,763,2019,"{""type"":""Point"",""coordinates"":[0.0,0.0]}"
1_1_1_1_1_1_2_1_1_1_1_1_2_4,3487.9441861371224,22,763,2019,"{""type"":""Point"",""coordinates"":[0.0,0.0]}"
1_1_1_1_1_1_2_1_1_1_1_1_2_5,704.5479859302711,29,763,2019,"{""type"":""Point"",""coordinates"":[0.0,0.0]}"
1_1_1_1_1_1_2_1_1_1_1_1_2_6,19368.615313487473,33,763,2019,"{""type"":""Point"",""coordinates"":[0.0,0.0]}"
1_1_1_1_1_1_2_1_1_1_1_2_0,15388.431806751209,3,763,2020,"{""type"":""Point"",""coordinates"":[0.0,0.0]}"
1_1_1_1_1_1_2_1_1_1_1_2_1,2793787.726965197,4,763,2020,"{""type"":""Point"",""coordinates"":[0.0,0.0]}"
1_1_1_1_1_1_2_1_1_1_1_2_2,17868.964742316017,12,763,2020,"{""type"":""Point"",""coordinates"":[0.0,0.0]}"
1_1_1_1_1_1_2_1_1_1_1_2_3,987523.8660679831,21,763,2020,"{""type"":""Point"",""coordinates"":[0.0,0.0]}"
1_1_1_1_1_1_2_1_1_1_1_2_4,3840.845004267794,22,763,2020,"{""type"":""Point"",""coordinates"":[0.0,0.0]}"
1_1_1_1_1_1_2_1_1_1_1_2_5,1753.0435994002312,29,763,2020,"{""type"":""Point"",""coordinates"":[0.0,0.0]}"
1_1_1_1_1_1_2_1_1_1_1_2_6,22725.24414994695,33,763,2020,"{""type"":""Point"",""coordinates"":[0.0,0.0]}"
1_1_1_1_1_1_2_1_1_1_2_0,27637.41043530553,3,763,2021,"{""type"":""Point"",""coordinates"":[0.0,0.0]}"
1_1_1_1_1_1_2_1_1_1_2_1,2799604.5734085706,4,763,2021,"{""type"":""Point"",""coordinates"":[0.0,0.0]}"
1_1_1_1_1_1_2_1_1_1_2_2,15135.509458804834,12,763,2021,"{""type"":""Point"",""coordinates"":[0.0,0.0]}"
1_1_1_1_1_1_2_1_1_1_2_3,974755.4136244005,21,763,2021,"{""type"":""Point"",""coordinates"":[0.0,0.0]}"
1_1_1_1_1_1_2_1_1_1_2_4,2770.6611910160113,22,763,2021,"{""type"":""Point"",""coordinates"":[0.0,0.0]}"
1_1_1_1_1_1_2_1_1_1_2_5,865.3840872134691,29,763,2021,"{""type"":""Point"",""coordinates"":[0.0,0.0]}"
1_1_1_1_1_1_2_1_1_1_2_6,22119.170130576877,33,763,2021,"{""type"":""Point"",""coordinates"":[0.0,0.0]}"
1_1_1_1_1_1_2_1_1_2_0,16592.654850138064,3,763,2022,"{""type"":""Point"",""coordinates"":[0.0,0.0]}"
1_1_1_1_1_1_2_1_1_2_1,2815039.8145083347,4,763,2022,"{""type"":""Point"",""coordinates"":[0.0,0.0]}"
1_1_1_1_1_1_2_1_1_2_2,20365.661601429,12,763,2022,"{""type"":""Point"",""coordinates"":[0.0,0.0]}"
1_1_1_1_1_1_2_1_1_2_3,965570.1320886762,21,763,2022,"{""type"":""Point"",""coordinates"":[0.0,0.0]}"
1_1_1_1_1_1_2_1_1_2_4,3187.149432871234,22,763,2022,"{""type"":""Point"",""coordinates"":[0.0,0.0]}"
1_1_1_1_1_1_2_1_1_2_5,645.3739310111735,29,763,2022,"{""type"":""Point"",""coordinates"":[0.0,0.0]}"
1_1_1_1_1_1_2_1_1_2_6,21487.335923595194,33,763,2022,"{""type"":""Point"",""coordinates"":[0.0,0.0]}"
1_1_1_1_1_1_2_1_2_0,19372.668220355565,3,763,2023,"{""type"":""Point"",""coordinates"":[0.0,0.0]}"
1_1_1_1_1_1_2_1_2_1,2793035.1508887457,4,763,2023,"{""type"":""Point"",""coordinates"":[0.0,0.0]}"
1_1_1_1_1_1_2_1_2_2,15212.042109540771,12,763,2023,"{""type"":""Point"",""coordinates"":[0.0,0.0]}"
1_1_1_1_1_1_2_1_2_3,992403.9314612009,21,763,2023,"{""type"":""Point"",""coordinates"":[0.0,0.0]}"
1_1_1_1_1_1_2_1_2_4,2880.2385804855035,22,763,2023,"{""type"":""Point"",""coordinates"":[0.0,0.0]}"
1_1_1_1_1_1_2_1_2_5,646.470331780767,29,763,2023,"{""type"":""Point"",""coordinates"":[0.0,0.0]}"
1_1_1_1_1_1_2_1_2_6,19337.62074406562,33,763,2023,"{""type"":""Point"",""coordinates"":[0.0,0.0]}"
1_1_1_1_1_1_2_2_0,45994.95501477242,3,763,2024,"{""type"":""Point"",""coordinates"":[0.0,0.0]}"
1_1_1_1_1_1_2_2_1,2665785.618413958,4,763,2024,"{""type"":""Point"",""coordinates"":[0.0,0.0]}"
1_1_1_1_1_1_2_2_2,13154.492441032606,12,763,2024,"{""type"":""Point"",""coordinates"":[0.0,0.0]}"
1_1_1_1_1_1_2_2_3,1093436.2858316193,21,763,2024,"{""type"":""Point"",""coordinates"":[0.0,0.0]}"
1_1_1_1_1_1_2_2_4,722.3753450576601,22,763,2024,"{""type"":""Point"",""coordinates"":[0.0,0.0]}"
1_1_1_1_1_1_2_2_5,899.2204440853343,29,763,2024,"{""type"":""Point"",""coordinates"":[0.0,0.0]}"
1_1_1_1_1_1_2_2_6,22895.17484553053,33,763,2024,"{""type"":""Point"",""coordinates"":[0.0,0.0]}"
1_1_1_1_1_2_1_1_1_1_1_1_1_1_2_0,5390.255141898367,3,7591,2016,"{""type"":""Point"",""coordinates"":[0.0,0.0]}"
1_1_1_1_1_2_1_1_1_1_1_1_1_1_2_1,94138.75728969724,4,7591,2016,"{""type"":""Point"",""coordinates"":[0.0,0.0]}"
1_1_1_1_1_2_1_1_1_1_1_1_1_1_2_2,3.2726953247070316,12,7591,2016,"{""type"":""Point"",""coordinates"":[0.0,0.0]}"
1_1_1_1_1_2_1_1_1_1_1_1_1_1_2_3,306827.8121607617,21,7591,2016,"{""type"":""Point"",""coordinates"":[0.0,0.0]}"
1_1_1_1_1_2_1_1_1_1_1_1_1_1_2_4,447.08381063545966,22,7591,2016,"{""type"":""Point"",""coordinates"":[0.0,0.0]}"
1_1_1_1_1_2_1_1_1_1_1_1_1_1_2_5,1697.0542851387813,33,7591,2016,"{""type"":""Point"",""coordinates"":[0.0,0.0]}"
1_1_1_1_1_2_1_1_1_1_1_1_1_2_0,2272.5389572200656,3,7591,2017,"{""type"":""Point"",""coordinates"":[0.0,0.0]}"
1_1_1_1_1_2_1_1_1_1_1_1_1_2_1,101307.90296785953,4,7591,2017,"{""type"":""Point"",""coordinates"":[0.0,0.0]}"
1_1_1_1_1_2_1_1_1_1_1_1_1_2_2,1.4135354248046874,12,7591,2017,"{""type"":""Point"",""coordinates"":[0.0,0.0]}"
1_1_1_1_1_2_1_1_1_1_1_1_1_2_3,303367.1127262764,21,7591,2017,"{""type"":""Point"",""coordinates"":[0.0,0.0]}"
1_1_1_1_1_2_1_1_1_1_1_1_1_2_4,221.39051019069296,22,7591,2017,"{""type"":""Point"",""coordinates"":[0.0,0.0]}"
1_1_1_1_1_2_1_1_1_1_1_1_1_2_5,1333.8766864779632,33,7591,2017,"{""type"":""Point"",""coordinates"":[0.0,0.0]}"
1_1_1_1_1_2_1_1_1_1_1_1_2_0,3673.5473685247703,3,7591,2018,"{""type"":""Point"",""coordinates"":[0.0,0.0]}"
1_1_1_1_1_2_1_1_1_1_1_1_2_1,99852.39109080953,4,7591,2018,"{""type"":""Point"",""coordinates"":[0.0,0.0]}"
1_1_1_1_1_2_1_1_1_1_1_1_2_2,67.14227738647463,12,7591,2018,"{""type"":""Point"",""coordinates"":[0.0,0.0]}"
1_1_1_1_1_2_1_1_1_1_1_1_2_3,302774.9406739451,21,7591,2018,"{""type"":""Point"",""coordinates"":[0.0,0.0]}"
1_1_1_1_1_2_1_1_1_1_1_1_2_4,593.2604104318659,22,7591,2018,"{""type"":""Point"",""coordinates"":[0.0,0.0]}"
1_1_1_1_1_2_1_1_1_1_1_1_2_5,5.304540417480468,29,7591,2018,"{""type"":""Point"",""coordinates"":[0.0,0.0]}"
1_1_1_1_1_2_1_1_1_1_1_1_2_6,1537.6490219362627,33,7591,2018,"{""type"":""Point"",""coordinates"":[0.0,0.0]}"
1_1_1_1_1_2_1_1_1_1_1_2_0,1865.1611771087307,3,7591,2019,"{""type"":""Point"",""coordinates"":[0.0,0.0]}"
1_1_1_1_1_2_1_1_1_1_1_2_1,106715.70943731003,4,7591,2019,"{""type"":""Point"",""coordinates"":[0.0,0.0]}"
1_1_1_1_1_2_1_1_1_1_1_2_2,186.7561803769101,12,7591,2019,"{""type"":""Point"",""coordinates"":[0.0,0.0]}"
1_1_1_1_1_2_1_1_1_1_1_2_3,297738.9871829191,21,7591,2019,"{""type"":""Point"",""coordinates"":[0.0,0.0]}"
1_1_1_1_1_2_1_1_1_1_1_2_4,409.88580263937547,22,7591,2019,"{""type"":""Point"",""coordinates"":[0.0,0.0]}"
1_1_1_1_1_2_1_1_1_1_1_2_5,11.492568365478512,29,7591,2019,"{""type"":""Point"",""coordinates"":[0.0,0.0]}"
1_1_1_1_1_2_1_1_1_1_1_2_6,1576.243034721967,33,7591,2019,"{""type"":""Point"",""coordinates"":[0.0,0.0]}"
1_1_1_1_1_2_1_1_1_1_2_0,2935.7884520798257,3,7591,2020,"{""type"":""Point"",""coordinates"":[0.0,0.0]}"
1_1_1_1_1_2_1_1_1_1_2_1,100778.0587357795,4,7591,2020,"{""type"":""Point"",""coordinates"":[0.0,0.0]}"
1_1_1_1_1_2_1_1_1_1_2_2,103.48067897360403,12,7591,2020,"{""type"":""Point"",""coordinates"":[0.0,0.0]}"
1_1_1_1_1_2_1_1_1_1_2_3,302985.4510052216,21,7591,2020,"{""type"":""Point"",""coordinates"":[0.0,0.0]}"
1_1_1_1_1_2_1_1_1_1_2_4,77.1764091508693,22,7591,2020,"{""type"":""Point"",""coordinates"":[0.0,0.0]}"
1_1_1_1_1_2_1_1_1_1_2_5,0.2651943298339844,29,7591,2020,"{""type"":""Point"",""coordinates"":[0.0,0.0]}"
1_1_1_1_1_2_1_1_1_1_2_6,1624.0149079085527,33,7591,2020,"{""type"":""Point"",""coordinates"":[0.0,0.0]}"
1_1_1_1_1_2_1_1_1_2_0,1758.4854999921197,3,7591,2021,"{""type"":""Point"",""coordinates"":[0.0,0.0]}"
1_1_1_1_1_2_1_1_1_2_1,96055.57218604547,4,7591,2021,"{""type"":""Point"",""coordinates"":[0.0,0.0]}"
1_1_1_1_1_2_1_1_1_2_2,4.508594519042968,12,7591,2021,"{""type"":""Point"",""coordinates"":[0.0,0.0]}"
1_1_1_1_1_2_1_1_1_2_3,308701.6805783805,21,7591,2021,"{""type"":""Point"",""coordinates"":[0.0,0.0]}"
1_1_1_1_1_2_1_1_1_2_4,485.74789878470625,22,7591,2021,"{""type"":""Point"",""coordinates"":[0.0,0.0]}"
1_1_1_1_1_2_1_1_1_2_5,4.8877386892999395,29,7591,2021,"{""type"":""Point"",""coordinates"":[0.0,0.0]}"
1_1_1_1_1_2_1_1_1_2_6,1493.3528870354885,33,7591,2021,"{""type"":""Point"",""coordinates"":[0.0,0.0]}"
1_1_1_1_1_2_1_1_2_0,1247.5103242338737,3,7591,2022,"{""type"":""Point"",""coordinates"":[0.0,0.0]}"
1_1_1_1_1_2_1_1_2_1,97389.37132888148,4,7591,2022,"{""type"":""Point"",""coordinates"":[0.0,0.0]}"
1_1_1_1_1_2_1_1_2_2,10.976200234853703,12,7591,2022,"{""type"":""Point"",""coordinates"":[0.0,0.0]}"
1_1_1_1_1_2_1_1_2_3,306424.77434009855,21,7591,2022,"{""type"":""Point"",""coordinates"":[0.0,0.0]}"
1_1_1_1_1_2_1_1_2_4,1367.8924285662008,22,7591,2022,"{""type"":""Point"",""coordinates"":[0.0,0.0]}"
1_1_1_1_1_2_1_1_2_5,0.35395366821289065,29,7591,2022,"{""type"":""Point"",""coordinates"":[0.0,0.0]}"
1_1_1_1_1_2_1_1_2_6,2063.3568077596588,33,7591,2022,"{""type"":""Point"",""coordinates"":[0.0,0.0]}"
1_1_1_1_1_2_1_2_0,1285.2124617264103,3,7591,2023,"{""type"":""Point"",""coordinates"":[0.0,0.0]}"
1_1_1_1_1_2_1_2_1,99932.85095285258,4,7591,2023,"{""type"":""Point"",""coordinates"":[0.0,0.0]}"
1_1_1_1_1_2_1_2_2,53.919911677653005,12,7591,2023,"{""type"":""Point"",""coordinates"":[0.0,0.0]}"
1_1_1_1_1_2_1_2_3,302611.7870299906,21,7591,2023,"{""type"":""Point"",""coordinates"":[0.0,0.0]}"
1_1_1_1_1_2_1_2_4,2135.7171352440255,22,7591,2023,"{""type"":""Point"",""coordinates"":[0.0,0.0]}"
1_1_1_1_1_2_1_2_5,2.4769178710937494,29,7591,2023,"{""type"":""Point"",""coordinates"":[0.0,0.0]}"
1_1_1_1_1_2_1_2_6,2482.270974072575,33,7591,2023,"{""type"":""Point"",""coordinates"":[0.0,0.0]}"
1_1_1_1_1_2_2_0,1955.301633209993,3,7591,2024,"{""type"":""Point"",""coordinates"":[0.0,0.0]}"
1_1_1_1_1_2_2_1,103243.53093676604,4,7591,2024,"{""type"":""Point"",""coordinates"":[0.0,0.0]}"
1_1_1_1_1_2_2_2,46.37138985047585,12,7591,2024,"{""type"":""Point"",""coordinates"":[0.0,0.0]}"
1_1_1_1_1_2_2_3,299479.5152127766,21,7591,2024,"{""type"":""Point"",""coordinates"":[0.0,0.0]}"
1_1_1_1_1_2_2_4,1405.9450110873095,22,7591,2024,"{""type"":""Point"",""coordinates"":[0.0,0.0]}"
1_1_1_1_1_2_2_5,0.08849124755859375,29,7591,2024,"{""type"":""Point"",""coordinates"":[0.0,0.0]}"
1_1_1_1_1_2_2_6,2373.4827085091993,33,7591,2024,"{""type"":""Point"",""coordinates"":[0.0,0.0]}"
1_1_1_1_2_1_1_1_1_1_1_1_1_2_0,2322.9313095656416,3,7592,2016,"{""type"":""Point"",""coordinates"":[0.0,0.0]}"
1_1_1_1_2_1_1_1_1_1_1_1_1_2_1,466550.6642257152,4,7592,2016,"{""type"":""Point"",""coordinates"":[0.0,0.0]}"
1_1_1_1_2_1_1_1_1_1_1_1_1_2_2,0.35399984130859374,12,7592,2016,"{""type"":""Point"",""coordinates"":[0.0,0.0]}"
1_1_1_1_2_1_1_1_1_1_1_1_1_2_3,506824.97713781835,21,7592,2016,"{""type"":""Point"",""coordinates"":[0.0,0.0]}"
1_1_1_1_2_1_1_1_1_1_1_1_1_2_4,11820.943731535468,22,7592,2016,"{""type"":""Point"",""coordinates"":[0.0,0.0]}"
1_1_1_1_2_1_1_1_1_1_1_1_1_2_5,132.65039651309752,33,7592,2016,"{""type"":""Point"",""coordinates"":[0.0,0.0]}"
1_1_1_1_2_1_1_1_1_1_1_1_2_0,1076.5987995662344,3,7592,2017,"{""type"":""Point"",""coordinates"":[0.0,0.0]}"
1_1_1_1_2_1_1_1_1_1_1_1_2_1,473682.00485955854,4,7592,2017,"{""type"":""Point"",""coordinates"":[0.0,0.0]}"
1_1_1_1_2_1_1_1_1_1_1_1_2_2,0.17714088134765624,12,7592,2017,"{""type"":""Point"",""coordinates"":[0.0,0.0]}"
1_1_1_1_2_1_1_1_1_1_1_1_2_3,512126.1849942519,21,7592,2017,"{""type"":""Point"",""coordinates"":[0.0,0.0]}"
1_1_1_1_2_1_1_1_1_1_1_1_2_4,407.6900160761329,22,7592,2017,"{""type"":""Point"",""coordinates"":[0.0,0.0]}"
1_1_1_1_2_1_1_1_1_1_1_1_2_5,359.8649906882851,33,7592,2017,"{""type"":""Point"",""coordinates"":[0.0,0.0]}"
1_1_1_1_2_1_1_1_1_1_1_2_0,2446.2308944117503,3,7592,2018,"{""type"":""Point"",""coordinates"":[0.0,0.0]}"
1_1_1_1_2_1_1_1_1_1_1_2_1,475120.01294310344,4,7592,2018,"{""type"":""Point"",""coordinates"":[0.0,0.0]}"
1_1_1_1_2_1_1_1_1_1_1_2_2,297.6714603332521,12,7592,2018,"{""type"":""Point"",""coordinates"":[0.0,0.0]}"
1_1_1_1_2_1_1_1_1_1_1_2_3,508135.9539903087,21,7592,2018,"{""type"":""Point"",""coordinates"":[0.0,0.0]}"
1_1_1_1_2_1_1_1_1_1_1_2_4,441.1317444800516,22,7592,2018,"{""type"":""Point"",""coordinates"":[0.0,0.0]}"
1_1_1_1_2_1_1_1_1_1_1_2_5,687.2218680236814,29,7592,2018,"{""type"":""Point"",""coordinates"":[0.0,0.0]}"
1_1_1_1_2_1_1_1_1_1_1_2_6,524.2979003540026,33,7592,2018,"{""type"":""Point"",""coordinates"":[0.0,0.0]}"
1_1_1_1_2_1_1_1_1_1_2_0,2235.431516379582,3,7592,2019,"{""type"":""Point"",""coordinates"":[0.0,0.0]}"
1_1_1_1_2_1_1_1_1_1_2_1,480909.1963430928,4,7592,2019,"{""type"":""Point"",""coordinates"":[0.0,0.0]}"
1_1_1_1_2_1_1_1_1_1_2_2,497.2158050206811,12,7592,2019,"{""type"":""Point"",""coordinates"":[0.0,0.0]}"
1_1_1_1_2_1_1_1_1_1_2_3,502656.61809105985,21,7592,2019,"{""type"":""Point"",""coordinates"":[0.0,0.0]}"
1_1_1_1_2_1_1_1_1_1_2_4,276.8841026830815,22,7592,2019,"{""type"":""Point"",""coordinates"":[0.0,0.0]}"
1_1_1_1_2_1_1_1_1_1_2_5,398.90945006713923,29,7592,2019,"{""type"":""Point"",""coordinates"":[0.0,0.0]}"
1_1_1_1_2_1_1_1_1_1_2_6,678.2654926940918,33,7592,2019,"{""type"":""Point"",""coordinates"":[0.0,0.0]}"
1_1_1_1_2_1_1_1_1_2_0,1981.4376889140908,3,7592,2020,"{""type"":""Point"",""coordinates"":[0.0,0.0]}"
1_1_1_1_2_1_1_1_1_2_1,486228.76768298564,4,7592,2020,"{""type"":""Point"",""coordinates"":[0.0,0.0]}"
1_1_1_1_2_1_1_1_1_2_2,183.48823201882757,12,7592,2020,"{""type"":""Point"",""coordinates"":[0.0,0.0]}"
1_1_1_1_2_1_1_1_1_2_3,497097.4266889275,21,7592,2020,"{""type"":""Point"",""coordinates"":[0.0,0.0]}"
1_1_1_1_2_1_1_1_1_2_4,370.30207939613507,22,7592,2020,"{""type"":""Point"",""coordinates"":[0.0,0.0]}"
1_1_1_1_2_1_1_1_1_2_5,42.65980850219727,29,7592,2020,"{""type"":""Point"",""coordinates"":[0.0,0.0]}"
1_1_1_1_2_1_1_1_1_2_6,1748.4386202331486,33,7592,2020,"{""type"":""Point"",""coordinates"":[0.0,0.0]}"
1_1_1_1_2_1_1_1_2_0,3116.3762992425613,3,7592,2021,"{""type"":""Point"",""coordinates"":[0.0,0.0]}"
1_1_1_1_2_1_1_1_2_1,484462.52605825546,4,7592,2021,"{""type"":""Point"",""coordinates"":[0.0,0.0]}"
1_1_1_1_2_1_1_1_2_2,8.580915802001954,12,7592,2021,"{""type"":""Point"",""coordinates"":[0.0,0.0]}"
1_1_1_1_2_1_1_1_2_3,497237.35654730035,21,7592,2021,"{""type"":""Point"",""coordinates"":[0.0,0.0]}"
1_1_1_1_2_1_1_1_2_4,321.6551883107622,22,7592,2021,"{""type"":""Point"",""coordinates"":[0.0,0.0]}"
1_1_1_1_2_1_1_1_2_5,257.83580215542685,29,7592,2021,"{""type"":""Point"",""coordinates"":[0.0,0.0]}"
1_1_1_1_2_1_1_1_2_6,2248.189989897411,33,7592,2021,"{""type"":""Point"",""coordinates"":[0.0,0.0]}"
1_1_1_1_2_1_1_2_0,1802.1539767506358,3,7592,2022,"{""type"":""Point"",""coordinates"":[0.0,0.0]}"
1_1_1_1_2_1_1_2_1,491521.955495231,4,7592,2022,"{""type"":""Point"",""coordinates"":[0.0,0.0]}"
1_1_1_1_2_1_1_2_2,26.26375080607096,12,7592,2022,"{""type"":""Point"",""coordinates"":[0.0,0.0]}"
1_1_1_1_2_1_1_2_3,492014.68907825986,21,7592,2022,"{""type"":""Point"",""coordinates"":[0.0,0.0]}"
1_1_1_1_2_1_1_2_4,673.392109290628,22,7592,2022,"{""type"":""Point"",""coordinates"":[0.0,0.0]}"
1_1_1_1_2_1_1_2_5,11.154128430175783,29,7592,2022,"{""type"":""Point"",""coordinates"":[0.0,0.0]}"
1_1_1_1_2_1_1_2_6,1602.9122622027708,33,7592,2022,"{""type"":""Point"",""coordinates"":[0.0,0.0]}"
1_1_1_1_2_1_2_0,1229.352266432789,3,7592,2023,"{""type"":""Point"",""coordinates"":[0.0,0.0]}"
1_1_1_1_2_1_2_1,504971.67097836494,4,7592,2023,"{""type"":""Point"",""coordinates"":[0.0,0.0]}"
1_1_1_1_2_1_2_2,176.0428700884171,12,7592,2023,"{""type"":""Point"",""coordinates"":[0.0,0.0]}"
1_1_1_1_2_1_2_3,474435.59205385525,21,7592,2023,"{""type"":""Point"",""coordinates"":[0.0,0.0]}"
1_1_1_1_2_1_2_4,3317.757155991497,22,7592,2023,"{""type"":""Point"",""coordinates"":[0.0,0.0]}"
1_1_1_1_2_1_2_5,919.3766460815439,29,7592,2023,"{""type"":""Point"",""coordinates"":[0.0,0.0]}"
1_1_1_1_2_1_2_6,2602.7288301768026,33,7592,2023,"{""type"":""Point"",""coordinates"":[0.0,0.0]}"
1_1_1_1_2_2_0,2753.9942194347686,3,7592,2024,"{""type"":""Point"",""coordinates"":[0.0,0.0]}"
1_1_1_1_2_2_1,508115.462961189,4,7592,2024,"{""type"":""Point"",""coordinates"":[0.0,0.0]}"
1_1_1_1_2_2_2,146.26185141613507,12,7592,2024,"{""type"":""Point"",""coordinates"":[0.0,0.0]}"
1_1_1_1_2_2_3,470025.8430688445,21,7592,2024,"{""type"":""Point"",""coordinates"":[0.0,0.0]}"
1_1_1_1_2_2_4,3587.342546320532,22,7592,2024,"{""type"":""Point"",""coordinates"":[0.0,0.0]}"
1_1_1_1_2_2_5,74.89642004394524,29,7592,2024,"{""type"":""Point"",""coordinates"":[0.0,0.0]}"
1_1_1_1_2_2_6,2948.7197337561224,33,7592,2024,"{""type"":""Point"",""coordinates"":[0.0,0.0]}"
1_1_1_2_1_1_1_1_1_1_1_1_2_0,10351.795966022875,3,7622,2016,"{""type"":""Point"",""coordinates"":[0.0,0.0]}"
1_1_1_2_1_1_1_1_1_1_1_1_2_1,1375964.775337288,4,7622,2016,"{""type"":""Point"",""coordinates"":[0.0,0.0]}"
1_1_1_2_1_1_1_1_1_1_1_1_2_2,75.58447835310393,12,7622,2016,"{""type"":""Point"",""coordinates"":[0.0,0.0]}"
1_1_1_2_1_1_1_1_1_1_1_1_2_3,286862.021133805,21,7622,2016,"{""type"":""Point"",""coordinates"":[0.0,0.0]}"
1_1_1_2_1_1_1_1_1_1_1_1_2_4,3576.444465424321,22,7622,2016,"{""type"":""Point"",""coordinates"":[0.0,0.0]}"
1_1_1_2_1_1_1_1_1_1_1_1_2_5,726.1628062294177,29,7622,2016,"{""type"":""Point"",""coordinates"":[0.0,0.0]}"
1_1_1_2_1_1_1_1_1_1_1_1_2_6,1961.3795719676991,33,7622,2016,"{""type"":""Point"",""coordinates"":[0.0,0.0]}"
1_1_1_2_1_1_1_1_1_1_1_2_0,50036.563586101685,3,7622,2017,"{""type"":""Point"",""coordinates"":[0.0,0.0]}"
1_1_1_2_1_1_1_1_1_1_1_2_1,1341235.3651519301,4,7622,2017,"{""type"":""Point"",""coordinates"":[0.0,0.0]}"
1_1_1_2_1_1_1_1_1_1_1_2_2,41.731853622257006,12,7622,2017,"{""type"":""Point"",""coordinates"":[0.0,0.0]}"
1_1_1_2_1_1_1_1_1_1_1_2_3,283843.33931150846,21,7622,2017,"{""type"":""Point"",""coordinates"":[0.0,0.0]}"
1_1_1_2_1_1_1_1_1_1_1_2_4,2105.6282480879504,22,7622,2017,"{""type"":""Point"",""coordinates"":[0.0,0.0]}"
1_1_1_2_1_1_1_1_1_1_1_2_5,681.137896998124,29,7622,2017,"{""type"":""Point"",""coordinates"":[0.0,0.0]}"
1_1_1_2_1_1_1_1_1_1_1_2_6,1574.3977109380287,33,7622,2017,"{""type"":""Point"",""coordinates"":[0.0,0.0]}"
1_1_1_2_1_1_1_1_1_1_2_0,16286.80725917893,3,7622,2018,"{""type"":""Point"",""coordinates"":[0.0,0.0]}"
1_1_1_2_1_1_1_1_1_1_2_1,1376830.5184677402,4,7622,2018,"{""type"":""Point"",""coordinates"":[0.0,0.0]}"
1_1_1_2_1_1_1_1_1_1_2_2,111.64526501448088,12,7622,2018,"{""type"":""Point"",""coordinates"":[0.0,0.0]}"
1_1_1_2_1_1_1_1_1_1_2_3,281998.2561987654,21,7622,2018,"{""type"":""Point"",""coordinates"":[0.0,0.0]}"
1_1_1_2_1_1_1_1_1_1_2_4,2160.793294522182,22,7622,2018,"{""type"":""Point"",""coordinates"":[0.0,0.0]}"
1_1_1_2_1_1_1_1_1_1_2_5,105.86342834503745,29,7622,2018,"{""type"":""Point"",""coordinates"":[0.0,0.0]}"
1_1_1_2_1_1_1_1_1_1_2_6,2024.2798455350508,33,7622,2018,"{""type"":""Point"",""coordinates"":[0.0,0.0]}"
1_1_1_2_1_1_1_1_1_2_0,13434.935211594282,3,7622,2019,"{""type"":""Point"",""coordinates"":[0.0,0.0]}"
1_1_1_2_1_1_1_1_1_2_1,1378863.79798975,4,7622,2019,"{""type"":""Point"",""coordinates"":[0.0,0.0]}"
1_1_1_2_1_1_1_1_1_2_2,49.289154079877065,12,7622,2019,"{""type"":""Point"",""coordinates"":[0.0,0.0]}"
1_1_1_2_1_1_1_1_1_2_3,283197.2212356428,21,7622,2019,"{""type"":""Point"",""coordinates"":[0.0,0.0]}"
1_1_1_2_1_1_1_1_1_2_4,1996.2618111849633,22,7622,2019,"{""type"":""Point"",""coordinates"":[0.0,0.0]}"
1_1_1_2_1_1_1_1_1_2_5,60.46834643054439,29,7622,2019,"{""type"":""Point"",""coordinates"":[0.0,0.0]}"
1_1_1_2_1_1_1_1_1_2_6,1916.1900104224576,33,7622,2019,"{""type"":""Point"",""coordinates"":[0.0,0.0]}"
1_1_1_2_1_1_1_1_2_0,13179.563606683276,3,7622,2020,"{""type"":""Point"",""coordinates"":[0.0,0.0]}"
1_1_1_2_1_1_1_1_2_1,1372648.0103682212,4,7622,2020,"{""type"":""Point"",""coordinates"":[0.0,0.0]}"
1_1_1_2_1_1_1_1_2_2,106.55003899052639,12,7622,2020,"{""type"":""Point"",""coordinates"":[0.0,0.0]}"
1_1_1_2_1_1_1_1_2_3,289437.04763213836,21,7622,2020,"{""type"":""Point"",""coordinates"":[0.0,0.0]}"
1_1_1_2_1_1_1_1_2_4,1775.5333791334988,22,7622,2020,"{""type"":""Point"",""coordinates"":[0.0,0.0]}"
1_1_1_2_1_1_1_1_2_5,412.3183639892573,29,7622,2020,"{""type"":""Point"",""coordinates"":[0.0,0.0]}"
1_1_1_2_1_1_1_1_2_6,1959.1403699407358,33,7622,2020,"{""type"":""Point"",""coordinates"":[0.0,0.0]}"
1_1_1_2_1_1_1_2_0,20522.490870663554,3,7622,2021,"{""type"":""Point"",""coordinates"":[0.0,0.0]}"
1_1_1_2_1_1_1_2_1,1353442.7889221394,4,7622,2021,"{""type"":""Point"",""coordinates"":[0.0,0.0]}"
1_1_1_2_1_1_1_2_2,20.02128602656346,12,7622,2021,"{""type"":""Point"",""coordinates"":[0.0,0.0]}"
1_1_1_2_1_1_1_2_3,300575.263850853,21,7622,2021,"{""type"":""Point"",""coordinates"":[0.0,0.0]}"
1_1_1_2_1_1_1_2_4,2455.081858087707,22,7622,2021,"{""type"":""Point"",""coordinates"":[0.0,0.0]}"
1_1_1_2_1_1_1_2_5,104.31039623709884,29,7622,2021,"{""type"":""Point"",""coordinates"":[0.0,0.0]}"
1_1_1_2_1_1_1_2_6,2398.206575112548,33,7622,2021,"{""type"":""Point"",""coordinates"":[0.0,0.0]}"
1_1_1_2_1_1_2_0,13174.58851317335,3,7622,2022,"{""type"":""Point"",""coordinates"":[0.0,0.0]}"
1_1_1_2_1_1_2_1,1355473.1033996649,4,7622,2022,"{""type"":""Point"",""coordinates"":[0.0,0.0]}"
1_1_1_2_1_1_2_2,49.57056887116077,12,7622,2022,"{""type"":""Point"",""coordinates"":[0.0,0.0]}"
1_1_1_2_1_1_2_3,304786.63180312293,21,7622,2022,"{""type"":""Point"",""coordinates"":[0.0,0.0]}"
1_1_1_2_1_1_2_4,3850.129330320796,22,7622,2022,"{""type"":""Point"",""coordinates"":[0.0,0.0]}"
1_1_1_2_1_1_2_5,129.00810711535885,29,7622,2022,"{""type"":""Point"",""coordinates"":[0.0,0.0]}"
1_1_1_2_1_1_2_6,2055.1320368914703,33,7622,2022,"{""type"":""Point"",""coordinates"":[0.0,0.0]}"
1_1_1_2_1_2_0,12484.659198204758,3,7622,2023,"{""type"":""Point"",""coordinates"":[0.0,0.0]}"
1_1_1_2_1_2_1,1352340.765624844,4,7622,2023,"{""type"":""Point"",""coordinates"":[0.0,0.0]}"
1_1_1_2_1_2_2,69.04186170594458,12,7622,2023,"{""type"":""Point"",""coordinates"":[0.0,0.0]}"
1_1_1_2_1_2_3,309525.5520793015,21,7622,2023,"{""type"":""Point"",""coordinates"":[0.0,0.0]}"
1_1_1_2_1_2_4,2627.566578375059,22,7622,2023,"{""type"":""Point"",""coordinates"":[0.0,0.0]}"
1_1_1_2_1_2_5,250.95689814039036,29,7622,2023,"{""type"":""Point"",""coordinates"":[0.0,0.0]}"
1_1_1_2_1_2_6,2219.6215185979604,33,7622,2023,"{""type"":""Point"",""coordinates"":[0.0,0.0]}"
1_1_1_2_2_0,21382.403862645784,3,7622,2024,"{""type"":""Point"",""coordinates"":[0.0,0.0]}"
1_1_1_2_2_1,1337142.4136541206,4,7622,2024,"{""type"":""Point"",""coordinates"":[0.0,0.0]}"
1_1_1_2_2_2,134.0478758584654,12,7622,2024,"{""type"":""Point"",""coordinates"":[0.0,0.0]}"
1_1_1_2_2_3,315910.40530696855,21,7622,2024,"{""type"":""Point"",""coordinates"":[0.0,0.0]}"
1_1_1_2_2_4,1142.6604129912953,22,7622,2024,"{""type"":""Point"",""coordinates"":[0.0,0.0]}"
1_1_1_2_2_5,1859.1729400818124,29,7622,2024,"{""type"":""Point"",""coordinates"":[0.0,0.0]}"
1_1_1_2_2_6,1947.0597065094096,33,7622,2024,"{""type"":""Point"",""coordinates"":[0.0,0.0]}"
1_1_2_1_1_1_1_1_1_1_1_2_0,251461.68734129358,3,746,2016,"{""type"":""Point"",""coordinates"":[0.0,0.0]}"
1_1_2_1_1_1_1_1_1_1_1_2_1,1479292.5674923116,4,746,2016,"{""type"":""Point"",""coordinates"":[0.0,0.0]}"
1_1_2_1_1_1_1_1_1_1_1_2_2,937.2019099724018,12,746,2016,"{""type"":""Point"",""coordinates"":[0.0,0.0]}"
1_1_2_1_1_1_1_1_1_1_1_2_3,70695.76936856592,21,746,2016,"{""type"":""Point"",""coordinates"":[0.0,0.0]}"
1_1_2_1_1_1_1_1_1_1_1_2_4,669.7719006069515,22,746,2016,"{""type"":""Point"",""coordinates"":[0.0,0.0]}"
1_1_2_1_1_1_1_1_1_1_1_2_5,168.1411265790632,29,746,2016,"{""type"":""Point"",""coordinates"":[0.0,0.0]}"
1_1_2_1_1_1_1_1_1_1_1_2_6,3554.839670212782,33,746,2016,"{""type"":""Point"",""coordinates"":[0.0,0.0]}"
1_1_2_1_1_1_1_1_1_1_2_0,326670.75948122784,3,746,2017,"{""type"":""Point"",""coordinates"":[0.0,0.0]}"
1_1_2_1_1_1_1_1_1_1_2_1,1410432.52605474,4,746,2017,"{""type"":""Point"",""coordinates"":[0.0,0.0]}"
1_1_2_1_1_1_1_1_1_1_2_2,346.2241236188103,12,746,2017,"{""type"":""Point"",""coordinates"":[0.0,0.0]}"
1_1_2_1_1_1_1_1_1_1_2_3,65194.53664097295,21,746,2017,"{""type"":""Point"",""coordinates"":[0.0,0.0]}"
1_1_2_1_1_1_1_1_1_1_2_4,823.7237130294012,22,746,2017,"{""type"":""Point"",""coordinates"":[0.0,0.0]}"
1_1_2_1_1_1_1_1_1_1_2_5,118.08790921834303,29,746,2017,"{""type"":""Point"",""coordinates"":[0.0,0.0]}"
1_1_2_1_1_1_1_1_1_1_2_6,3194.1208867334217,33,746,2017,"{""type"":""Point"",""coordinates"":[0.0,0.0]}"
1_1_2_1_1_1_1_1_1_2_0,317782.01611109736,3,746,2018,"{""type"":""Point"",""coordinates"":[0.0,0.0]}"
1_1_2_1_1_1_1_1_1_2_1,1414508.5139944456,4,746,2018,"{""type"":""Point"",""coordinates"":[0.0,0.0]}"
1_1_2_1_1_1_1_1_1_2_2,1170.681990703077,12,746,2018,"{""type"":""Point"",""coordinates"":[0.0,0.0]}"
1_1_2_1_1_1_1_1_1_2_3,68422.0370528049,21,746,2018,"{""type"":""Point"",""coordinates"":[0.0,0.0]}"
1_1_2_1_1_1_1_1_1_2_4,1956.8015626794022,22,746,2018,"{""type"":""Point"",""coordinates"":[0.0,0.0]}"
1_1_2_1_1_1_1_1_1_2_5,506.3254898724971,29,746,2018,"{""type"":""Point"",""coordinates"":[0.0,0.0]}"
1_1_2_1_1_1_1_1_1_2_6,2433.6026079184667,33,746,2018,"{""type"":""Point"",""coordinates"":[0.0,0.0]}"
1_1_2_1_1_1_1_1_2_0,320269.2188579083,3,746,2019,"{""type"":""Point"",""coordinates"":[0.0,0.0]}"
1_1_2_1_1_1_1_1_2_1,1406723.6066839034,4,746,2019,"{""type"":""Point"",""coordinates"":[0.0,0.0]}"
1_1_2_1_1_1_1_1_2_2,500.5958503625011,12,746,2019,"{""type"":""Point"",""coordinates"":[0.0,0.0]}"
1_1_2_1_1_1_1_1_2_3,75300.30863819442,21,746,2019,"{""type"":""Point"",""coordinates"":[0.0,0.0]}"
1_1_2_1_1_1_1_1_2_4,1800.046537992735,22,746,2019,"{""type"":""Point"",""coordinates"":[0.0,0.0]}"
1_1_2_1_1_1_1_1_2_5,400.7500214239627,29,746,2019,"{""type"":""Point"",""coordinates"":[0.0,0.0]}"
1_1_2_1_1_1_1_1_2_6,1785.4522198508143,33,746,2019,"{""type"":""Point"",""coordinates"":[0.0,0.0]}"
1_1_2_1_1_1_1_2_0,337077.34600843943,3,746,2020,"{""type"":""Point"",""coordinates"":[0.0,0.0]}"
1_1_2_1_1_1_1_2_1,1396313.6259946323,4,746,2020,"{""type"":""Point"",""coordinates"":[0.0,0.0]}"
1_1_2_1_1_1_1_2_2,222.62472512274053,12,746,2020,"{""type"":""Point"",""coordinates"":[0.0,0.0]}"
1_1_2_1_1_1_1_2_3,69149.27025333366,21,746,2020,"{""type"":""Point"",""coordinates"":[0.0,0.0]}"
1_1_2_1_1_1_1_2_4,1790.3365970656448,22,746,2020,"{""type"":""Point"",""coordinates"":[0.0,0.0]}"
1_1_2_1_1_1_1_2_5,1105.843449431703,29,746,2020,"{""type"":""Point"",""coordinates"":[0.0,0.0]}"
1_1_2_1_1_1_1_2_6,1120.9317815612756,33,746,2020,"{""type"":""Point"",""coordinates"":[0.0,0.0]}"
1_1_2_1_1_1_2_0,380352.7456752474,3,746,2021,"{""type"":""Point"",""coordinates"":[0.0,0.0]}"
1_1_2_1_1_1_2_1,1348706.6660292873,4,746,2021,"{""type"":""Point"",""coordinates"":[0.0,0.0]}"
1_1_2_1_1_1_2_2,466.88351903652944,12,746,2021,"{""type"":""Point"",""coordinates"":[0.0,0.0]}"
1_1_2_1_1_1_2_3,72988.2588070607,21,746,2021,"{""type"":""Point"",""coordinates"":[0.0,0.0]}"
1_1_2_1_1_1_2_4,1419.0034630291157,22,746,2021,"{""type"":""Point"",""coordinates"":[0.0,0.0]}"
1_1_2_1_1_1_2_5,502.8877352640786,29,746,2021,"{""type"":""Point"",""coordinates"":[0.0,0.0]}"
1_1_2_1_1_1_2_6,2343.5335805783493,33,746,2021,"{""type"":""Point"",""coordinates"":[0.0,0.0]}"
1_1_2_1_1_2_0,310013.837035824,3,746,2022,"{""type"":""Point"",""coordinates"":[0.0,0.0]}"
1_1_2_1_1_2_1,1407978.4150822957,4,746,2022,"{""type"":""Point"",""coordinates"":[0.0,0.0]}"
1_1_2_1_1_2_2,741.7375965786808,12,746,2022,"{""type"":""Point"",""coordinates"":[0.0,0.0]}"
1_1_2_1_1_2_3,83667.385917078,21,746,2022,"{""type"":""Point"",""coordinates"":[0.0,0.0]}"
1_1_2_1_1_2_4,887.9558818007744,22,746,2022,"{""type"":""Point"",""coordinates"":[0.0,0.0]}"
1_1_2_1_1_2_5,543.2480574951157,29,746,2022,"{""type"":""Point"",""coordinates"":[0.0,0.0]}"
1_1_2_1_1_2_6,2947.399238530504,33,746,2022,"{""type"":""Point"",""coordinates"":[0.0,0.0]}"
1_1_2_1_2_0,286585.9884720725,3,746,2023,"{""type"":""Point"",""coordinates"":[0.0,0.0]}"
1_1_2_1_2_1,1422027.097291316,4,746,2023,"{""type"":""Point"",""coordinates"":[0.0,0.0]}"
1_1_2_1_2_2,1716.159951671358,12,746,2023,"{""type"":""Point"",""coordinates"":[0.0,0.0]}"
1_1_2_1_2_3,90383.40402321334,21,746,2023,"{""type"":""Point"",""coordinates"":[0.0,0.0]}"
1_1_2_1_2_4,1535.1014924034303,22,746,2023,"{""type"":""Point"",""coordinates"":[0.0,0.0]}"
1_1_2_1_2_5,644.0555463527785,29,746,2023,"{""type"":""Point"",""coordinates"":[0.0,0.0]}"
1_1_2_1_2_6,3888.1720325353585,33,746,2023,"{""type"":""Point"",""coordinates"":[0.0,0.0]}"
1_1_2_2_0,244750.7307744581,3,746,2024,"{""type"":""Point"",""coordinates"":[0.0,0.0]}"
1_1_2_2_1,1464223.8743339994,4,746,2024,"{""type"":""Point"",""coordinates"":[0.0,0.0]}"
1_1_2_2_2,91.53296257329009,12,746,2024,"{""type"":""Point"",""coordinates"":[0.0,0.0]}"
1_1_2_2_3,93714.35393651263,21,746,2024,"{""type"":""Point"",""coordinates"":[0.0,0.0]}"
1_1_2_2_4,506.26803558555525,22,746,2024,"{""type"":""Point"",""coordinates"":[0.0,0.0]}"
1_1_2_2_5,275.3606354431149,29,746,2024,"{""type"":""Point"",""coordinates"":[0.0,0.0]}"
1_1_2_2_6,3217.8581310622126,33,746,2024,"{""type"":""Point"",""coordinates"":[0.0,0.0]}"
1_2_1_1_1_1_1_1_1_1_2_0,2298.5759449007646,3,7712,2016,"{""type"":""Point"",""coordinates"":[0.0,0.0]}"
1_2_1_1_1_1_1_1_1_1_2_1,855672.2399560534,4,7712,2016,"{""type"":""Point"",""coordinates"":[0.0,0.0]}"
1_2_1_1_1_1_1_1_1_1_2_2,3.521788812255859,12,7712,2016,"{""type"":""Point"",""coordinates"":[0.0,0.0]}"
1_2_1_1_1_1_1_1_1_1_2_3,602606.8492673007,21,7712,2016,"{""type"":""Point"",""coordinates"":[0.0,0.0]}"
1_2_1_1_1_1_1_1_1_1_2_4,972.4334332739746,22,7712,2016,"{""type"":""Point"",""coordinates"":[0.0,0.0]}"
1_2_1_1_1_1_1_1_1_1_2_5,1.1449159423828124,29,7712,2016,"{""type"":""Point"",""coordinates"":[0.0,0.0]}"
1_2_1_1_1_1_1_1_1_1_2_6,2708.491902795811,33,7712,2016,"{""type"":""Point"",""coordinates"":[0.0,0.0]}"
1_2_1_1_1_1_1_1_1_2_0,1699.2301005824488,3,7712,2017,"{""type"":""Point"",""coordinates"":[0.0,0.0]}"
1_2_1_1_1_1_1_1_1_2_1,864653.1020863163,4,7712,2017,"{""type"":""Point"",""coordinates"":[0.0,0.0]}"
1_2_1_1_1_1_1_1_1_2_2,2.642019171142578,12,7712,2017,"{""type"":""Point"",""coordinates"":[0.0,0.0]}"
1_2_1_1_1_1_1_1_1_2_3,595644.9161470829,21,7712,2017,"{""type"":""Point"",""coordinates"":[0.0,0.0]}"
1_2_1_1_1_1_1_1_1_2_4,59.26807794799806,22,7712,2017,"{""type"":""Point"",""coordinates"":[0.0,0.0]}"
1_2_1_1_1_1_1_1_1_2_5,1.144955316162109,29,7712,2017,"{""type"":""Point"",""coordinates"":[0.0,0.0]}"
1_2_1_1_1_1_1_1_1_2_6,2202.9538226501672,33,7712,2017,"{""type"":""Point"",""coordinates"":[0.0,0.0]}"
1_2_1_1_1_1_1_1_2_0,2949.6227257723813,3,7712,2018,"{""type"":""Point"",""coordinates"":[0.0,0.0]}"
1_2_1_1_1_1_1_1_2_1,872940.8357530491,4,7712,2018,"{""type"":""Point"",""coordinates"":[0.0,0.0]}"
1_2_1_1_1_1_1_1_2_2,8.984113537597656,12,7712,2018,"{""type"":""Point"",""coordinates"":[0.0,0.0]}"
1_2_1_1_1_1_1_1_2_3,585864.9308505973,21,7712,2018,"{""type"":""Point"",""coordinates"":[0.0,0.0]}"
1_2_1_1_1_1_1_1_2_4,716.7220466836372,22,7712,2018,"{""type"":""Point"",""coordinates"":[0.0,0.0]}"
1_2_1_1_1_1_1_1_2_5,120.66345618896457,29,7712,2018,"{""type"":""Point"",""coordinates"":[0.0,0.0]}"
1_2_1_1_1_1_1_1_2_6,1661.498263208025,33,7712,2018,"{""type"":""Point"",""coordinates"":[0.0,0.0]}"
1_2_1_1_1_1_1_2_0,2001.892196187191,3,7712,2019,"{""type"":""Point"",""coordinates"":[0.0,0.0]}"
1_2_1_1_1_1_1_2_1,873968.5602953165,4,7712,2019,"{""type"":""Point"",""coordinates"":[0.0,0.0]}"
1_2_1_1_1_1_1_2_2,51.1894565979004,12,7712,2019,"{""type"":""Point"",""coordinates"":[0.0,0.0]}"
1_2_1_1_1_1_1_2_3,583632.6493564001,21,7712,2019,"{""type"":""Point"",""coordinates"":[0.0,0.0]}"
1_2_1_1_1_1_1_2_4,1122.555714447732,22,7712,2019,"{""type"":""Point"",""coordinates"":[0.0,0.0]}"
1_2_1_1_1_1_1_2_5,18.936159967041018,29,7712,2019,"{""type"":""Point"",""coordinates"":[0.0,0.0]}"
1_2_1_1_1_1_1_2_6,3467.4740301225283,33,7712,2019,"{""type"":""Point"",""coordinates"":[0.0,0.0]}"
1_2_1_1_1_1_2_0,1607.0400001259222,3,7712,2020,"{""type"":""Point"",""coordinates"":[0.0,0.0]}"
1_2_1_1_1_1_2_1,885927.5408746813,4,7712,2020,"{""type"":""Point"",""coordinates"":[0.0,0.0]}"
1_2_1_1_1_1_2_2,108.18562727661134,12,7712,2020,"{""type"":""Point"",""coordinates"":[0.0,0.0]}"
1_2_1_1_1_1_2_3,571026.3401290997,21,7712,2020,"{""type"":""Point"",""coordinates"":[0.0,0.0]}"
1_2_1_1_1_1_2_4,2190.6375012725207,22,7712,2020,"{""type"":""Point"",""coordinates"":[0.0,0.0]}"
1_2_1_1_1_1_2_5,320.8611315063476,29,7712,2020,"{""type"":""Point"",""coordinates"":[0.0,0.0]}"
1_2_1_1_1_1_2_6,3082.6519451335726,33,7712,2020,"{""type"":""Point"",""coordinates"":[0.0,0.0]}"
1_2_1_1_1_2_0,2892.770730410075,3,7712,2021,"{""type"":""Point"",""coordinates"":[0.0,0.0]}"
1_2_1_1_1_2_1,876318.3502950603,4,7712,2021,"{""type"":""Point"",""coordinates"":[0.0,0.0]}"
1_2_1_1_1_2_2,29.95639549560547,12,7712,2021,"{""type"":""Point"",""coordinates"":[0.0,0.0]}"
1_2_1_1_1_2_3,580656.9434271376,21,7712,2021,"{""type"":""Point"",""coordinates"":[0.0,0.0]}"
1_2_1_1_1_2_4,1795.6475203745053,22,7712,2021,"{""type"":""Point"",""coordinates"":[0.0,0.0]}"
1_2_1_1_1_2_5,12.946695196533199,29,7712,2021,"{""type"":""Point"",""coordinates"":[0.0,0.0]}"
1_2_1_1_1_2_6,2556.642145385964,33,7712,2021,"{""type"":""Point"",""coordinates"":[0.0,0.0]}"
1_2_1_1_2_0,1686.8009904714029,3,7712,2022,"{""type"":""Point"",""coordinates"":[0.0,0.0]}"
1_2_1_1_2_1,855611.086256266,4,7712,2022,"{""type"":""Point"",""coordinates"":[0.0,0.0]}"
1_2_1_1_2_2,33.928648243743304,12,7712,2022,"{""type"":""Point"",""coordinates"":[0.0,0.0]}"
1_2_1_1_2_3,600446.5941952296,21,7712,2022,"{""type"":""Point"",""coordinates"":[0.0,0.0]}"
1_2_1_1_2_4,3710.9735887045426,22,7712,2022,"{""type"":""Point"",""coordinates"":[0.0,0.0]}"
1_2_1_1_2_5,9.951056915283203,29,7712,2022,"{""type"":""Point"",""coordinates"":[0.0,0.0]}"
1_2_1_1_2_6,2763.92247319587,33,7712,2022,"{""type"":""Point"",""coordinates"":[0.0,0.0]}"
1_2_1_2_0,1064.498804116188,3,7712,2023,"{""type"":""Point"",""coordinates"":[0.0,0.0]}"
1_2_1_2_1,817374.9305440524,4,7712,2023,"{""type"":""Point"",""coordinates"":[0.0,0.0]}"
1_2_1_2_2,29.863520288085947,12,7712,2023,"{""type"":""Point"",""coordinates"":[0.0,0.0]}"
1_2_1_2_3,639879.6179048461,21,7712,2023,"{""type"":""Point"",""coordinates"":[0.0,0.0]}"
1_2_1_2_4,3319.1447912107983,22,7712,2023,"{""type"":""Point"",""coordinates"":[0.0,0.0]}"
1_2_1_2_5,7.220814001464844,29,7712,2023,"{""type"":""Point"",""coordinates"":[0.0,0.0]}"
1_2_1_2_6,2587.9808306346986,33,7712,2023,"{""type"":""Point"",""coordinates"":[0.0,0.0]}"
1_2_2_0,7860.583153333584,3,7712,2024,"{""type"":""Point"",""coordinates"":[0.0,0.0]}"
1_2_2_1,792780.2554035764,4,7712,2024,"{""type"":""Point"",""coordinates"":[0.0,0.0]}"
1_2_2_2,5.9024283386230465,12,7712,2024,"{""type"":""Point"",""coordinates"":[0.0,0.0]}"
1_2_2_3,657619.8090783132,21,7712,2024,"{""type"":""Point"",""coordinates"":[0.0,0.0]}"
1_2_2_4,1938.6034193902215,22,7712,2024,"{""type"":""Point"",""coordinates"":[0.0,0.0]}"
1_2_2_5,13.91436499633789,29,7712,2024,"{""type"":""Point"",""coordinates"":[0.0,0.0]}"
1_2_2_6,4044.1893612192216,33,7712,2024,"{""type"":""Point"",""coordinates"":[0.0,0.0]}"
2_1_1_1_1_1_1_1_1_2_0,43938.997294602086,3,752,2016,"{""type"":""Point"",""coordinates"":[0.0,0.0]}"
2_1_1_1_1_1_1_1_1_2_1,1246587.0049401415,4,752,2016,"{""type"":""Point"",""coordinates"":[0.0,0.0]}"
2_1_1_1_1_1_1_1_1_2_2,3.6764797681142767,12,752,2016,"{""type"":""Point"",""coordinates"":[0.0,0.0]}"
2_1_1_1_1_1_1_1_1_2_3,104704.4125575137,21,752,2016,"{""type"":""Point"",""coordinates"":[0.0,0.0]}"
2_1_1_1_1_1_1_1_1_2_4,1530.05110270941,22,752,2016,"{""type"":""Point"",""coordinates"":[0.0,0.0]}"
2_1_1_1_1_1_1_1_1_2_5,6.3286630676269535,29,752,2016,"{""type"":""Point"",""coordinates"":[0.0,0.0]}"
2_1_1_1_1_1_1_1_1_2_6,8908.599894501602,33,752,2016,"{""type"":""Point"",""coordinates"":[0.0,0.0]}"
2_1_1_1_1_1_1_1_2_0,49737.72131849915,3,752,2017,"{""type"":""Point"",""coordinates"":[0.0,0.0]}"
2_1_1_1_1_1_1_1_2_1,1249378.254451846,4,752,2017,"{""type"":""Point"",""coordinates"":[0.0,0.0]}"
2_1_1_1_1_1_1_1_2_2,13.307325397997088,12,752,2017,"{""type"":""Point"",""coordinates"":[0.0,0.0]}"
2_1_1_1_1_1_1_1_2_3,97140.04160136855,21,752,2017,"{""type"":""Point"",""coordinates"":[0.0,0.0]}"
2_1_1_1_1_1_1_1_2_4,344.355085563654,22,752,2017,"{""type"":""Point"",""coordinates"":[0.0,0.0]}"
2_1_1_1_1_1_1_1_2_5,0.17832412719726562,29,752,2017,"{""type"":""Point"",""coordinates"":[0.0,0.0]}"
2_1_1_1_1_1_1_1_2_6,9065.212825482087,33,752,2017,"{""type"":""Point"",""coordinates"":[0.0,0.0]}"
2_1_1_1_1_1_1_2_0,43301.89534869947,3,752,2018,"{""type"":""Point"",""coordinates"":[0.0,0.0]}"
2_1_1_1_1_1_1_2_1,1251381.4933456632,4,752,2018,"{""type"":""Point"",""coordinates"":[0.0,0.0]}"
2_1_1_1_1_1_1_2_2,24.44055530395508,12,752,2018,"{""type"":""Point"",""coordinates"":[0.0,0.0]}"
2_1_1_1_1_1_1_2_3,97611.41064037423,21,752,2018,"{""type"":""Point"",""coordinates"":[0.0,0.0]}"
2_1_1_1_1_1_1_2_4,546.4320437772407,22,752,2018,"{""type"":""Point"",""coordinates"":[0.0,0.0]}"
2_1_1_1_1_1_1_2_5,158.20929854125978,29,752,2018,"{""type"":""Point"",""coordinates"":[0.0,0.0]}"
2_1_1_1_1_1_1_2_6,12655.189699928687,33,752,2018,"{""type"":""Point"",""coordinates"":[0.0,0.0]}"
2_1_1_1_1_1_2_0,49413.001407055344,3,752,2019,"{""type"":""Point"",""coordinates"":[0.0,0.0]}"
2_1_1_1_1_1_2_1,1263387.7753528603,4,752,2019,"{""type"":""Point"",""coordinates"":[0.0,0.0]}"
2_1_1_1_1_1_2_2,42.00634580688477,12,752,2019,"{""type"":""Point"",""coordinates"":[0.0,0.0]}"
2_1_1_1_1_1_2_3,72876.23784673972,21,752,2019,"{""type"":""Point"",""coordinates"":[0.0,0.0]}"
2_1_1_1_1_1_2_4,920.565857613169,22,752,2019,"{""type"":""Point"",""coordinates"":[0.0,0.0]}"
2_1_1_1_1_1_2_5,3.9248592224121097,29,752,2019,"{""type"":""Point"",""coordinates"":[0.0,0.0]}"
2_1_1_1_1_1_2_6,19035.559263153173,33,752,2019,"{""type"":""Point"",""coordinates"":[0.0,0.0]}"
2_1_1_1_1_2_0,35782.42667843712,3,752,2020,"{""type"":""Point"",""coordinates"":[0.0,0.0]}"
2_1_1_1_1_2_1,1261080.2128779667,4,752,2020,"{""type"":""Point"",""coordinates"":[0.0,0.0]}"
2_1_1_1_1_2_2,1.070412188720703,12,752,2020,"{""type"":""Point"",""coordinates"":[0.0,0.0]}"
2_1_1_1_1_2_3,84789.00694538232,21,752,2020,"{""type"":""Point"",""coordinates"":[0.0,0.0]}"
2_1_1_1_1_2_4,342.4912603840426,22,752,2020,"{""type"":""Point"",""coordinates"":[0.0,0.0]}"
2_1_1_1_1_2_5,23683.86275787259,33,752,2020,"{""type"":""Point"",""coordinates"":[0.0,0.0]}"
2_1_1_1_2_0,48534.50970494472,3,752,2021,"{""type"":""Point"",""coordinates"":[0.0,0.0]}"
2_1_1_1_2_1,1220522.9094190584,4,752,2021,"{""type"":""Point"",""coordinates"":[0.0,0.0]}"
2_1_1_1_2_2,80.19508651975153,12,752,2021,"{""type"":""Point"",""coordinates"":[0.0,0.0]}"
2_1_1_1_2_3,112874.29242385119,21,752,2021,"{""type"":""Point"",""coordinates"":[0.0,0.0]}"
2_1_1_1_2_4,1382.9663275699882,22,752,2021,"{""type"":""Point"",""coordinates"":[0.0,0.0]}"
2_1_1_1_2_5,15.789464685058594,29,752,2021,"{""type"":""Point"",""coordinates"":[0.0,0.0]}"
2_1_1_1_2_6,22268.408505544994,33,752,2021,"{""type"":""Point"",""coordinates"":[0.0,0.0]}"
2_1_1_2_0,40553.73503017799,3,752,2022,"{""type"":""Point"",""coordinates"":[0.0,0.0]}"
2_1_1_2_1,1203650.9553429768,4,752,2022,"{""type"":""Point"",""coordinates"":[0.0,0.0]}"
2_1_1_2_2,240.92365815204673,12,752,2022,"{""type"":""Point"",""coordinates"":[0.0,0.0]}"
2_1_1_2_3,137582.71677357302,21,752,2022,"{""type"":""Point"",""coordinates"":[0.0,0.0]}"
2_1_1_2_4,864.1796873303484,22,752,2022,"{""type"":""Point"",""coordinates"":[0.0,0.0]}"
2_1_1_2_5,25.9549795715332,29,752,2022,"{""type"":""Point"",""coordinates"":[0.0,0.0]}"
2_1_1_2_6,22760.60546039548,33,752,2022,"{""type"":""Point"",""coordinates"":[0.0,0.0]}"
2_1_2_0,56635.54118632635,3,752,2023,"{""type"":""Point"",""coordinates"":[0.0,0.0]}"
2_1_2_1,1178373.7131241984,4,752,2023,"{""type"":""Point"",""coordinates"":[0.0,0.0]}"
2_1_2_2,478.64501471344755,12,752,2023,"{""type"":""Point"",""coordinates"":[0.0,0.0]}"
2_1_2_3,144903.34890647614,21,752,2023,"{""type"":""Point"",""coordinates"":[0.0,0.0]}"
2_1_2_4,1456.0951043930959,22,752,2023,"{""type"":""Point"",""coordinates"":[0.0,0.0]}"
2_1_2_5,28.094495324707022,29,752,2023,"{""type"":""Point"",""coordinates"":[0.0,0.0]}"
2_1_2_6,23803.633100787818,33,752,2023,"{""type"":""Point"",""coordinates"":[0.0,0.0]}"
2_2_0,76711.20990077758,3,752,2024,"{""type"":""Point"",""coordinates"":[0.0,0.0]}"
2_2_1,1058985.2912330548,4,752,2024,"{""type"":""Point"",""coordinates"":[0.0,0.0]}"
2_2_2,26.637217066817936,12,752,2024,"{""type"":""Point"",""coordinates"":[0.0,0.0]}"
2_2_3,243898.36666103188,21,752,2024,"{""type"":""Point"",""coordinates"":[0.0,0.0]}"
2_2_4,909.8007603968254,22,752,2024,"{""type"":""Point"",""coordinates"":[0.0,0.0]}"
2_2_5,1.4273477294921875,29,752,2024,"{""type"":""Point"",""coordinates"":[0.0,0.0]}"
2_2_6,25146.337812252546,33,752,2024,"{""type"":""Point"",""coordinates"":[0.0,0.0]}"
