system:index,area,classe,id_bacia,year,.geo
1_1_1_1_1_1_1_1_1_1_1_1_1_1_1_1_1_1_1_1_1_1_1_1_1_1_1_1_1_1_1_1_1_1_1_1_1_1_1_1_1_1_1_1_1_1_1_2_1_1_1_1_1_1_1_1_2_0,11456.039338119952,3,7754,2016,"{""type"":""Point"",""coordinates"":[0.0,0.0]}"
1_1_1_1_1_1_1_1_1_1_1_1_1_1_1_1_1_1_1_1_1_1_1_1_1_1_1_1_1_1_1_1_1_1_1_1_1_1_1_1_1_1_1_1_1_1_1_2_1_1_1_1_1_1_1_1_2_1,88647.69699584978,4,7754,2016,"{""type"":""Point"",""coordinates"":[0.0,0.0]}"
1_1_1_1_1_1_1_1_1_1_1_1_1_1_1_1_1_1_1_1_1_1_1_1_1_1_1_1_1_1_1_1_1_1_1_1_1_1_1_1_1_1_1_1_1_1_1_2_1_1_1_1_1_1_1_1_2_2,99.1403624386298,12,7754,2016,"{""type"":""Point"",""coordinates"":[0.0,0.0]}"
1_1_1_1_1_1_1_1_1_1_1_1_1_1_1_1_1_1_1_1_1_1_1_1_1_1_1_1_1_1_1_1_1_1_1_1_1_1_1_1_1_1_1_1_1_1_1_2_1_1_1_1_1_1_1_1_2_3,82749.35842363755,21,7754,2016,"{""type"":""Point"",""coordinates"":[0.0,0.0]}"
1_1_1_1_1_1_1_1_1_1_1_1_1_1_1_1_1_1_1_1_1_1_1_1_1_1_1_1_1_1_1_1_1_1_1_1_1_1_1_1_1_1_1_1_1_1_1_2_1_1_1_1_1_1_1_1_2_4,0.08723485717773438,22,7754,2016,"{""type"":""Point"",""coordinates"":[0.0,0.0]}"
1_1_1_1_1_1_1_1_1_1_1_1_1_1_1_1_1_1_1_1_1_1_1_1_1_1_1_1_1_1_1_1_1_1_1_1_1_1_1_1_1_1_1_1_1_1_1_2_1_1_1_1_1_1_1_1_2_5,13.943036553955078,29,7754,2016,"{""type"":""Point"",""coordinates"":[0.0,0.0]}"
1_1_1_1_1_1_1_1_1_1_1_1_1_1_1_1_1_1_1_1_1_1_1_1_1_1_1_1_1_1_1_1_1_1_1_1_1_1_1_1_1_1_1_1_1_1_1_2_1_1_1_1_1_1_1_1_2_6,94.36112664794919,33,7754,2016,"{""type"":""Point"",""coordinates"":[0.0,0.0]}"
1_1_1_1_1_1_1_1_1_1_1_1_1_1_1_1_1_1_1_1_1_1_1_1_1_1_1_1_1_1_1_1_1_1_1_1_1_1_1_1_1_1_1_1_1_1_1_2_1_1_1_1_1_1_1_2_0,13148.137327441827,3,7754,2017,"{""type"":""Point"",""coordinates"":[0.0,0.0]}"
1_1_1_1_1_1_1_1_1_1_1_1_1_1_1_1_1_1_1_1_1_1_1_1_1_1_1_1_1_1_1_1_1_1_1_1_1_1_1_1_1_1_1_1_1_1_1_2_1_1_1_1_1_1_1_2_1,65410.97089242793,4,7754,2017,"{""type"":""Point"",""coordinates"":[0.0,0.0]}"
1_1_1_1_1_1_1_1_1_1_1_1_1_1_1_1_1_1_1_1_1_1_1_1_1_1_1_1_1_1_1_1_1_1_1_1_1_1_1_1_1_1_1_1_1_1_1_2_1_1_1_1_1_1_1_2_2,47.23613069759594,12,7754,2017,"{""type"":""Point"",""coordinates"":[0.0,0.0]}"
1_1_1_1_1_1_1_1_1_1_1_1_1_1_1_1_1_1_1_1_1_1_1_1_1_1_1_1_1_1_1_1_1_1_1_1_1_1_1_1_1_1_1_1_1_1_1_2_1_1_1_1_1_1_1_2_3,104514.66369513067,21,7754,2017,"{""type"":""Point"",""coordinates"":[0.0,0.0]}"
1_1_1_1_1_1_1_1_1_1_1_1_1_1_1_1_1_1_1_1_1_1_1_1_1_1_1_1_1_1_1_1_1_1_1_1_1_1_1_1_1_1_1_1_1_1_1_2_1_1_1_1_1_1_1_2_4,22.303142633056645,33,7754,2017,"{""type"":""Point"",""coordinates"":[0.0,0.0]}"
1_1_1_1_1_1_1_1_1_1_1_1_1_1_1_1_1_1_1_1_1_1_1_1_1_1_1_1_1_1_1_1_1_1_1_1_1_1_1_1_1_1_1_1_1_1_1_2_1_1_1_1_1_1_2_0,10810.120831334121,3,7754,2018,"{""type"":""Point"",""coordinates"":[0.0,0.0]}"
1_1_1_1_1_1_1_1_1_1_1_1_1_1_1_1_1_1_1_1_1_1_1_1_1_1_1_1_1_1_1_1_1_1_1_1_1_1_1_1_1_1_1_1_1_1_1_2_1_1_1_1_1_1_2_1,71673.24935611023,4,7754,2018,"{""type"":""Point"",""coordinates"":[0.0,0.0]}"
1_1_1_1_1_1_1_1_1_1_1_1_1_1_1_1_1_1_1_1_1_1_1_1_1_1_1_1_1_1_1_1_1_1_1_1_1_1_1_1_1_1_1_1_1_1_1_2_1_1_1_1_1_1_2_2,28.677699261474608,12,7754,2018,"{""type"":""Point"",""coordinates"":[0.0,0.0]}"
1_1_1_1_1_1_1_1_1_1_1_1_1_1_1_1_1_1_1_1_1_1_1_1_1_1_1_1_1_1_1_1_1_1_1_1_1_1_1_1_1_1_1_1_1_1_1_2_1_1_1_1_1_1_2_3,100538.56489797431,21,7754,2018,"{""type"":""Point"",""coordinates"":[0.0,0.0]}"
1_1_1_1_1_1_1_1_1_1_1_1_1_1_1_1_1_1_1_1_1_1_1_1_1_1_1_1_1_1_1_1_1_1_1_1_1_1_1_1_1_1_1_1_1_1_1_2_1_1_1_1_1_1_2_4,0.0870750244140625,22,7754,2018,"{""type"":""Point"",""coordinates"":[0.0,0.0]}"
1_1_1_1_1_1_1_1_1_1_1_1_1_1_1_1_1_1_1_1_1_1_1_1_1_1_1_1_1_1_1_1_1_1_1_1_1_1_1_1_1_1_1_1_1_1_1_2_1_1_1_1_1_1_2_5,5.316862750244143,29,7754,2018,"{""type"":""Point"",""coordinates"":[0.0,0.0]}"
1_1_1_1_1_1_1_1_1_1_1_1_1_1_1_1_1_1_1_1_1_1_1_1_1_1_1_1_1_1_1_1_1_1_1_1_1_1_1_1_1_1_1_1_1_1_1_2_1_1_1_1_1_1_2_6,87.29446587356867,33,7754,2018,"{""type"":""Point"",""coordinates"":[0.0,0.0]}"
1_1_1_1_1_1_1_1_1_1_1_1_1_1_1_1_1_1_1_1_1_1_1_1_1_1_1_1_1_1_1_1_1_1_1_1_1_1_1_1_1_1_1_1_1_1_1_2_1_1_1_1_1_2_0,15411.948342942298,3,7754,2019,"{""type"":""Point"",""coordinates"":[0.0,0.0]}"
1_1_1_1_1_1_1_1_1_1_1_1_1_1_1_1_1_1_1_1_1_1_1_1_1_1_1_1_1_1_1_1_1_1_1_1_1_1_1_1_1_1_1_1_1_1_1_2_1_1_1_1_1_2_1,61695.42153811569,4,7754,2019,"{""type"":""Point"",""coordinates"":[0.0,0.0]}"
1_1_1_1_1_1_1_1_1_1_1_1_1_1_1_1_1_1_1_1_1_1_1_1_1_1_1_1_1_1_1_1_1_1_1_1_1_1_1_1_1_1_1_1_1_1_1_2_1_1_1_1_1_2_2,13.84285305137485,12,7754,2019,"{""type"":""Point"",""coordinates"":[0.0,0.0]}"
1_1_1_1_1_1_1_1_1_1_1_1_1_1_1_1_1_1_1_1_1_1_1_1_1_1_1_1_1_1_1_1_1_1_1_1_1_1_1_1_1_1_1_1_1_1_1_2_1_1_1_1_1_2_3,100790.03899995841,21,7754,2019,"{""type"":""Point"",""coordinates"":[0.0,0.0]}"
1_1_1_1_1_1_1_1_1_1_1_1_1_1_1_1_1_1_1_1_1_1_1_1_1_1_1_1_1_1_1_1_1_1_1_1_1_1_1_1_1_1_1_1_1_1_1_2_1_1_1_1_1_2_4,0.26133510131835935,22,7754,2019,"{""type"":""Point"",""coordinates"":[0.0,0.0]}"
1_1_1_1_1_1_1_1_1_1_1_1_1_1_1_1_1_1_1_1_1_1_1_1_1_1_1_1_1_1_1_1_1_1_1_1_1_1_1_1_1_1_1_1_1_1_1_2_1_1_1_1_1_2_5,5231.798119169314,33,7754,2019,"{""type"":""Point"",""coordinates"":[0.0,0.0]}"
1_1_1_1_1_1_1_1_1_1_1_1_1_1_1_1_1_1_1_1_1_1_1_1_1_1_1_1_1_1_1_1_1_1_1_1_1_1_1_1_1_1_1_1_1_1_1_2_1_1_1_1_2_0,10430.638308589587,3,7754,2020,"{""type"":""Point"",""coordinates"":[0.0,0.0]}"
1_1_1_1_1_1_1_1_1_1_1_1_1_1_1_1_1_1_1_1_1_1_1_1_1_1_1_1_1_1_1_1_1_1_1_1_1_1_1_1_1_1_1_1_1_1_1_2_1_1_1_1_2_1,83388.94715829258,4,7754,2020,"{""type"":""Point"",""coordinates"":[0.0,0.0]}"
1_1_1_1_1_1_1_1_1_1_1_1_1_1_1_1_1_1_1_1_1_1_1_1_1_1_1_1_1_1_1_1_1_1_1_1_1_1_1_1_1_1_1_1_1_1_1_2_1_1_1_1_2_2,83.31673511699601,12,7754,2020,"{""type"":""Point"",""coordinates"":[0.0,0.0]}"
1_1_1_1_1_1_1_1_1_1_1_1_1_1_1_1_1_1_1_1_1_1_1_1_1_1_1_1_1_1_1_1_1_1_1_1_1_1_1_1_1_1_1_1_1_1_1_2_1_1_1_1_2_3,89093.0881591156,21,7754,2020,"{""type"":""Point"",""coordinates"":[0.0,0.0]}"
1_1_1_1_1_1_1_1_1_1_1_1_1_1_1_1_1_1_1_1_1_1_1_1_1_1_1_1_1_1_1_1_1_1_1_1_1_1_1_1_1_1_1_1_1_1_1_2_1_1_1_1_2_4,0.08712656860351563,22,7754,2020,"{""type"":""Point"",""coordinates"":[0.0,0.0]}"
1_1_1_1_1_1_1_1_1_1_1_1_1_1_1_1_1_1_1_1_1_1_1_1_1_1_1_1_1_1_1_1_1_1_1_1_1_1_1_1_1_1_1_1_1_1_1_2_1_1_1_1_2_5,1.1330486389160157,29,7754,2020,"{""type"":""Point"",""coordinates"":[0.0,0.0]}"
1_1_1_1_1_1_1_1_1_1_1_1_1_1_1_1_1_1_1_1_1_1_1_1_1_1_1_1_1_1_1_1_1_1_1_1_1_1_1_1_1_1_1_1_1_1_1_2_1_1_1_1_2_6,146.10065201021087,33,7754,2020,"{""type"":""Point"",""coordinates"":[0.0,0.0]}"
1_1_1_1_1_1_1_1_1_1_1_1_1_1_1_1_1_1_1_1_1_1_1_1_1_1_1_1_1_1_1_1_1_1_1_1_1_1_1_1_1_1_1_1_1_1_1_2_1_1_1_2_0,16192.360735513244,3,7754,2021,"{""type"":""Point"",""coordinates"":[0.0,0.0]}"
1_1_1_1_1_1_1_1_1_1_1_1_1_1_1_1_1_1_1_1_1_1_1_1_1_1_1_1_1_1_1_1_1_1_1_1_1_1_1_1_1_1_1_1_1_1_1_2_1_1_1_2_1,76998.0267719478,4,7754,2021,"{""type"":""Point"",""coordinates"":[0.0,0.0]}"
1_1_1_1_1_1_1_1_1_1_1_1_1_1_1_1_1_1_1_1_1_1_1_1_1_1_1_1_1_1_1_1_1_1_1_1_1_1_1_1_1_1_1_1_1_1_1_2_1_1_1_2_2,58.16230436908796,12,7754,2021,"{""type"":""Point"",""coordinates"":[0.0,0.0]}"
1_1_1_1_1_1_1_1_1_1_1_1_1_1_1_1_1_1_1_1_1_1_1_1_1_1_1_1_1_1_1_1_1_1_1_1_1_1_1_1_1_1_1_1_1_1_1_2_1_1_1_2_3,89722.4022562228,21,7754,2021,"{""type"":""Point"",""coordinates"":[0.0,0.0]}"
1_1_1_1_1_1_1_1_1_1_1_1_1_1_1_1_1_1_1_1_1_1_1_1_1_1_1_1_1_1_1_1_1_1_1_1_1_1_1_1_1_1_1_1_1_1_1_2_1_1_1_2_4,19.60787111206054,22,7754,2021,"{""type"":""Point"",""coordinates"":[0.0,0.0]}"
1_1_1_1_1_1_1_1_1_1_1_1_1_1_1_1_1_1_1_1_1_1_1_1_1_1_1_1_1_1_1_1_1_1_1_1_1_1_1_1_1_1_1_1_1_1_1_2_1_1_1_2_5,29.62826251220703,29,7754,2021,"{""type"":""Point"",""coordinates"":[0.0,0.0]}"
1_1_1_1_1_1_1_1_1_1_1_1_1_1_1_1_1_1_1_1_1_1_1_1_1_1_1_1_1_1_1_1_1_1_1_1_1_1_1_1_1_1_1_1_1_1_1_2_1_1_1_2_6,123.12298665687706,33,7754,2021,"{""type"":""Point"",""coordinates"":[0.0,0.0]}"
1_1_1_1_1_1_1_1_1_1_1_1_1_1_1_1_1_1_1_1_1_1_1_1_1_1_1_1_1_1_1_1_1_1_1_1_1_1_1_1_1_1_1_1_1_1_1_2_1_1_2_0,18313.718415057116,3,7754,2022,"{""type"":""Point"",""coordinates"":[0.0,0.0]}"
1_1_1_1_1_1_1_1_1_1_1_1_1_1_1_1_1_1_1_1_1_1_1_1_1_1_1_1_1_1_1_1_1_1_1_1_1_1_1_1_1_1_1_1_1_1_1_2_1_1_2_1,83484.66966913475,4,7754,2022,"{""type"":""Point"",""coordinates"":[0.0,0.0]}"
1_1_1_1_1_1_1_1_1_1_1_1_1_1_1_1_1_1_1_1_1_1_1_1_1_1_1_1_1_1_1_1_1_1_1_1_1_1_1_1_1_1_1_1_1_1_1_2_1_1_2_2,67.33135150543814,12,7754,2022,"{""type"":""Point"",""coordinates"":[0.0,0.0]}"
1_1_1_1_1_1_1_1_1_1_1_1_1_1_1_1_1_1_1_1_1_1_1_1_1_1_1_1_1_1_1_1_1_1_1_1_1_1_1_1_1_1_1_1_1_1_1_2_1_1_2_3,80748.0714767797,21,7754,2022,"{""type"":""Point"",""coordinates"":[0.0,0.0]}"
1_1_1_1_1_1_1_1_1_1_1_1_1_1_1_1_1_1_1_1_1_1_1_1_1_1_1_1_1_1_1_1_1_1_1_1_1_1_1_1_1_1_1_1_1_1_1_2_1_1_2_4,7.928999879844516,22,7754,2022,"{""type"":""Point"",""coordinates"":[0.0,0.0]}"
1_1_1_1_1_1_1_1_1_1_1_1_1_1_1_1_1_1_1_1_1_1_1_1_1_1_1_1_1_1_1_1_1_1_1_1_1_1_1_1_1_1_1_1_1_1_1_2_1_1_2_5,30.672206475830073,29,7754,2022,"{""type"":""Point"",""coordinates"":[0.0,0.0]}"
1_1_1_1_1_1_1_1_1_1_1_1_1_1_1_1_1_1_1_1_1_1_1_1_1_1_1_1_1_1_1_1_1_1_1_1_1_1_1_1_1_1_1_1_1_1_1_2_1_1_2_6,490.9190695133945,33,7754,2022,"{""type"":""Point"",""coordinates"":[0.0,0.0]}"
1_1_1_1_1_1_1_1_1_1_1_1_1_1_1_1_1_1_1_1_1_1_1_1_1_1_1_1_1_1_1_1_1_1_1_1_1_1_1_1_1_1_1_1_1_1_1_2_1_2_0,13721.193027523359,3,7754,2023,"{""type"":""Point"",""coordinates"":[0.0,0.0]}"
1_1_1_1_1_1_1_1_1_1_1_1_1_1_1_1_1_1_1_1_1_1_1_1_1_1_1_1_1_1_1_1_1_1_1_1_1_1_1_1_1_1_1_1_1_1_1_2_1_2_1,90587.52694474488,4,7754,2023,"{""type"":""Point"",""coordinates"":[0.0,0.0]}"
1_1_1_1_1_1_1_1_1_1_1_1_1_1_1_1_1_1_1_1_1_1_1_1_1_1_1_1_1_1_1_1_1_1_1_1_1_1_1_1_1_1_1_1_1_1_1_2_1_2_2,37.54080112905466,12,7754,2023,"{""type"":""Point"",""coordinates"":[0.0,0.0]}"
1_1_1_1_1_1_1_1_1_1_1_1_1_1_1_1_1_1_1_1_1_1_1_1_1_1_1_1_1_1_1_1_1_1_1_1_1_1_1_1_1_1_1_1_1_1_1_2_1_2_3,78542.62438111058,21,7754,2023,"{""type"":""Point"",""coordinates"":[0.0,0.0]}"
1_1_1_1_1_1_1_1_1_1_1_1_1_1_1_1_1_1_1_1_1_1_1_1_1_1_1_1_1_1_1_1_1_1_1_1_1_1_1_1_1_1_1_1_1_1_1_2_1_2_4,0.26122374267578125,22,7754,2023,"{""type"":""Point"",""coordinates"":[0.0,0.0]}"
1_1_1_1_1_1_1_1_1_1_1_1_1_1_1_1_1_1_1_1_1_1_1_1_1_1_1_1_1_1_1_1_1_1_1_1_1_1_1_1_1_1_1_1_1_1_1_2_1_2_5,4.444761389160156,29,7754,2023,"{""type"":""Point"",""coordinates"":[0.0,0.0]}"
1_1_1_1_1_1_1_1_1_1_1_1_1_1_1_1_1_1_1_1_1_1_1_1_1_1_1_1_1_1_1_1_1_1_1_1_1_1_1_1_1_1_1_1_1_1_1_2_1_2_6,249.7200486985157,33,7754,2023,"{""type"":""Point"",""coordinates"":[0.0,0.0]}"
1_1_1_1_1_1_1_1_1_1_1_1_1_1_1_1_1_1_1_1_1_1_1_1_1_1_1_1_1_1_1_1_1_1_1_1_1_1_1_1_1_1_1_1_1_1_1_2_2_0,19860.79913410839,3,7754,2024,"{""type"":""Point"",""coordinates"":[0.0,0.0]}"
1_1_1_1_1_1_1_1_1_1_1_1_1_1_1_1_1_1_1_1_1_1_1_1_1_1_1_1_1_1_1_1_1_1_1_1_1_1_1_1_1_1_1_1_1_1_1_2_2_1,95757.4075239013,4,7754,2024,"{""type"":""Point"",""coordinates"":[0.0,0.0]}"
1_1_1_1_1_1_1_1_1_1_1_1_1_1_1_1_1_1_1_1_1_1_1_1_1_1_1_1_1_1_1_1_1_1_1_1_1_1_1_1_1_1_1_1_1_1_1_2_2_2,60.913921691894544,12,7754,2024,"{""type"":""Point"",""coordinates"":[0.0,0.0]}"
1_1_1_1_1_1_1_1_1_1_1_1_1_1_1_1_1_1_1_1_1_1_1_1_1_1_1_1_1_1_1_1_1_1_1_1_1_1_1_1_1_1_1_1_1_1_1_2_2_3,67193.06952897072,21,7754,2024,"{""type"":""Point"",""coordinates"":[0.0,0.0]}"
1_1_1_1_1_1_1_1_1_1_1_1_1_1_1_1_1_1_1_1_1_1_1_1_1_1_1_1_1_1_1_1_1_1_1_1_1_1_1_1_1_1_1_1_1_1_1_2_2_4,2.3528457885742187,22,7754,2024,"{""type"":""Point"",""coordinates"":[0.0,0.0]}"
1_1_1_1_1_1_1_1_1_1_1_1_1_1_1_1_1_1_1_1_1_1_1_1_1_1_1_1_1_1_1_1_1_1_1_1_1_1_1_1_1_1_1_1_1_1_1_2_2_5,96.620965539407,29,7754,2024,"{""type"":""Point"",""coordinates"":[0.0,0.0]}"
1_1_1_1_1_1_1_1_1_1_1_1_1_1_1_1_1_1_1_1_1_1_1_1_1_1_1_1_1_1_1_1_1_1_1_1_1_1_1_1_1_1_1_1_1_1_1_2_2_6,172.14726834240489,33,7754,2024,"{""type"":""Point"",""coordinates"":[0.0,0.0]}"
1_1_1_1_1_1_1_1_1_1_1_1_1_1_1_1_1_1_1_1_1_1_1_1_1_1_1_1_1_1_1_1_1_1_1_1_1_1_1_1_1_1_1_1_1_1_2_1_1_1_1_1_1_1_1_2_0,4314.679463244456,3,7581,2016,"{""type"":""Point"",""coordinates"":[0.0,0.0]}"
1_1_1_1_1_1_1_1_1_1_1_1_1_1_1_1_1_1_1_1_1_1_1_1_1_1_1_1_1_1_1_1_1_1_1_1_1_1_1_1_1_1_1_1_1_1_2_1_1_1_1_1_1_1_1_2_1,347049.890107169,4,7581,2016,"{""type"":""Point"",""coordinates"":[0.0,0.0]}"
1_1_1_1_1_1_1_1_1_1_1_1_1_1_1_1_1_1_1_1_1_1_1_1_1_1_1_1_1_1_1_1_1_1_1_1_1_1_1_1_1_1_1_1_1_1_2_1_1_1_1_1_1_1_1_2_2,8.601982281494141,12,7581,2016,"{""type"":""Point"",""coordinates"":[0.0,0.0]}"
1_1_1_1_1_1_1_1_1_1_1_1_1_1_1_1_1_1_1_1_1_1_1_1_1_1_1_1_1_1_1_1_1_1_1_1_1_1_1_1_1_1_1_1_1_1_2_1_1_1_1_1_1_1_1_2_3,312314.52691020945,21,7581,2016,"{""type"":""Point"",""coordinates"":[0.0,0.0]}"
1_1_1_1_1_1_1_1_1_1_1_1_1_1_1_1_1_1_1_1_1_1_1_1_1_1_1_1_1_1_1_1_1_1_1_1_1_1_1_1_1_1_1_1_1_1_2_1_1_1_1_1_1_1_1_2_4,416.5748440704711,22,7581,2016,"{""type"":""Point"",""coordinates"":[0.0,0.0]}"
1_1_1_1_1_1_1_1_1_1_1_1_1_1_1_1_1_1_1_1_1_1_1_1_1_1_1_1_1_1_1_1_1_1_1_1_1_1_1_1_1_1_1_1_1_1_2_1_1_1_1_1_1_1_1_2_5,1.241427795410156,29,7581,2016,"{""type"":""Point"",""coordinates"":[0.0,0.0]}"
1_1_1_1_1_1_1_1_1_1_1_1_1_1_1_1_1_1_1_1_1_1_1_1_1_1_1_1_1_1_1_1_1_1_1_1_1_1_1_1_1_1_1_1_1_1_2_1_1_1_1_1_1_1_1_2_6,2000.1773652176068,33,7581,2016,"{""type"":""Point"",""coordinates"":[0.0,0.0]}"
1_1_1_1_1_1_1_1_1_1_1_1_1_1_1_1_1_1_1_1_1_1_1_1_1_1_1_1_1_1_1_1_1_1_1_1_1_1_1_1_1_1_1_1_1_1_2_1_1_1_1_1_1_1_2_0,3060.9257954110813,3,7581,2017,"{""type"":""Point"",""coordinates"":[0.0,0.0]}"
1_1_1_1_1_1_1_1_1_1_1_1_1_1_1_1_1_1_1_1_1_1_1_1_1_1_1_1_1_1_1_1_1_1_1_1_1_1_1_1_1_1_1_1_1_1_2_1_1_1_1_1_1_1_2_1,280667.2324923433,4,7581,2017,"{""type"":""Point"",""coordinates"":[0.0,0.0]}"
1_1_1_1_1_1_1_1_1_1_1_1_1_1_1_1_1_1_1_1_1_1_1_1_1_1_1_1_1_1_1_1_1_1_1_1_1_1_1_1_1_1_1_1_1_1_2_1_1_1_1_1_1_1_2_2,0.17743697509765627,12,7581,2017,"{""type"":""Point"",""coordinates"":[0.0,0.0]}"
1_1_1_1_1_1_1_1_1_1_1_1_1_1_1_1_1_1_1_1_1_1_1_1_1_1_1_1_1_1_1_1_1_1_1_1_1_1_1_1_1_1_1_1_1_1_2_1_1_1_1_1_1_1_2_3,380551.192871625,21,7581,2017,"{""type"":""Point"",""coordinates"":[0.0,0.0]}"
1_1_1_1_1_1_1_1_1_1_1_1_1_1_1_1_1_1_1_1_1_1_1_1_1_1_1_1_1_1_1_1_1_1_1_1_1_1_1_1_1_1_1_1_1_1_2_1_1_1_1_1_1_1_2_4,87.5566032715323,22,7581,2017,"{""type"":""Point"",""coordinates"":[0.0,0.0]}"
1_1_1_1_1_1_1_1_1_1_1_1_1_1_1_1_1_1_1_1_1_1_1_1_1_1_1_1_1_1_1_1_1_1_1_1_1_1_1_1_1_1_1_1_1_1_2_1_1_1_1_1_1_1_2_5,1.4193906433105468,29,7581,2017,"{""type"":""Point"",""coordinates"":[0.0,0.0]}"
1_1_1_1_1_1_1_1_1_1_1_1_1_1_1_1_1_1_1_1_1_1_1_1_1_1_1_1_1_1_1_1_1_1_1_1_1_1_1_1_1_1_1_1_1_1_2_1_1_1_1_1_1_1_2_6,1579.487463410621,33,7581,2017,"{""type"":""Point"",""coordinates"":[0.0,0.0]}"
1_1_1_1_1_1_1_1_1_1_1_1_1_1_1_1_1_1_1_1_1_1_1_1_1_1_1_1_1_1_1_1_1_1_1_1_1_1_1_1_1_1_1_1_1_1_2_1_1_1_1_1_1_2_0,2046.0521773940623,3,7581,2018,"{""type"":""Point"",""coordinates"":[0.0,0.0]}"
1_1_1_1_1_1_1_1_1_1_1_1_1_1_1_1_1_1_1_1_1_1_1_1_1_1_1_1_1_1_1_1_1_1_1_1_1_1_1_1_1_1_1_1_1_1_2_1_1_1_1_1_1_2_1,272073.20717478433,4,7581,2018,"{""type"":""Point"",""coordinates"":[0.0,0.0]}"
1_1_1_1_1_1_1_1_1_1_1_1_1_1_1_1_1_1_1_1_1_1_1_1_1_1_1_1_1_1_1_1_1_1_1_1_1_1_1_1_1_1_1_1_1_1_2_1_1_1_1_1_1_2_2,0.8868890686035156,12,7581,2018,"{""type"":""Point"",""coordinates"":[0.0,0.0]}"
1_1_1_1_1_1_1_1_1_1_1_1_1_1_1_1_1_1_1_1_1_1_1_1_1_1_1_1_1_1_1_1_1_1_1_1_1_1_1_1_1_1_1_1_1_1_2_1_1_1_1_1_1_2_3,388984.23633619666,21,7581,2018,"{""type"":""Point"",""coordinates"":[0.0,0.0]}"
1_1_1_1_1_1_1_1_1_1_1_1_1_1_1_1_1_1_1_1_1_1_1_1_1_1_1_1_1_1_1_1_1_1_1_1_1_1_1_1_1_1_1_1_1_1_2_1_1_1_1_1_1_2_4,193.4479508562871,22,7581,2018,"{""type"":""Point"",""coordinates"":[0.0,0.0]}"
1_1_1_1_1_1_1_1_1_1_1_1_1_1_1_1_1_1_1_1_1_1_1_1_1_1_1_1_1_1_1_1_1_1_1_1_1_1_1_1_1_1_1_1_1_1_2_1_1_1_1_1_1_2_5,113.9838305786132,29,7581,2018,"{""type"":""Point"",""coordinates"":[0.0,0.0]}"
1_1_1_1_1_1_1_1_1_1_1_1_1_1_1_1_1_1_1_1_1_1_1_1_1_1_1_1_1_1_1_1_1_1_1_1_1_1_1_1_1_1_1_1_1_1_2_1_1_1_1_1_1_2_6,2816.856248085016,33,7581,2018,"{""type"":""Point"",""coordinates"":[0.0,0.0]}"
1_1_1_1_1_1_1_1_1_1_1_1_1_1_1_1_1_1_1_1_1_1_1_1_1_1_1_1_1_1_1_1_1_1_1_1_1_1_1_1_1_1_1_1_1_1_2_1_1_1_1_1_2_0,5307.448456142725,3,7581,2019,"{""type"":""Point"",""coordinates"":[0.0,0.0]}"
1_1_1_1_1_1_1_1_1_1_1_1_1_1_1_1_1_1_1_1_1_1_1_1_1_1_1_1_1_1_1_1_1_1_1_1_1_1_1_1_1_1_1_1_1_1_2_1_1_1_1_1_2_1,221552.29275304134,4,7581,2019,"{""type"":""Point"",""coordinates"":[0.0,0.0]}"
1_1_1_1_1_1_1_1_1_1_1_1_1_1_1_1_1_1_1_1_1_1_1_1_1_1_1_1_1_1_1_1_1_1_1_1_1_1_1_1_1_1_1_1_1_1_2_1_1_1_1_1_2_2,2.9266804626464844,12,7581,2019,"{""type"":""Point"",""coordinates"":[0.0,0.0]}"
1_1_1_1_1_1_1_1_1_1_1_1_1_1_1_1_1_1_1_1_1_1_1_1_1_1_1_1_1_1_1_1_1_1_1_1_1_1_1_1_1_1_1_1_1_1_2_1_1_1_1_1_2_3,436085.7341008632,21,7581,2019,"{""type"":""Point"",""coordinates"":[0.0,0.0]}"
1_1_1_1_1_1_1_1_1_1_1_1_1_1_1_1_1_1_1_1_1_1_1_1_1_1_1_1_1_1_1_1_1_1_1_1_1_1_1_1_1_1_1_1_1_1_2_1_1_1_1_1_2_4,3.103899963378906,22,7581,2019,"{""type"":""Point"",""coordinates"":[0.0,0.0]}"
1_1_1_1_1_1_1_1_1_1_1_1_1_1_1_1_1_1_1_1_1_1_1_1_1_1_1_1_1_1_1_1_1_1_1_1_1_1_1_1_1_1_1_1_1_1_2_1_1_1_1_1_2_5,2.3060582336425783,29,7581,2019,"{""type"":""Point"",""coordinates"":[0.0,0.0]}"
1_1_1_1_1_1_1_1_1_1_1_1_1_1_1_1_1_1_1_1_1_1_1_1_1_1_1_1_1_1_1_1_1_1_1_1_1_1_1_1_1_1_1_1_1_1_2_1_1_1_1_1_2_6,3273.6170354785354,33,7581,2019,"{""type"":""Point"",""coordinates"":[0.0,0.0]}"
1_1_1_1_1_1_1_1_1_1_1_1_1_1_1_1_1_1_1_1_1_1_1_1_1_1_1_1_1_1_1_1_1_1_1_1_1_1_1_1_1_1_1_1_1_1_2_1_1_1_1_2_0,1896.342185584867,3,7581,2020,"{""type"":""Point"",""coordinates"":[0.0,0.0]}"
1_1_1_1_1_1_1_1_1_1_1_1_1_1_1_1_1_1_1_1_1_1_1_1_1_1_1_1_1_1_1_1_1_1_1_1_1_1_1_1_1_1_1_1_1_1_2_1_1_1_1_2_1,237025.0686969616,4,7581,2020,"{""type"":""Point"",""coordinates"":[0.0,0.0]}"
1_1_1_1_1_1_1_1_1_1_1_1_1_1_1_1_1_1_1_1_1_1_1_1_1_1_1_1_1_1_1_1_1_1_1_1_1_1_1_1_1_1_1_1_1_1_2_1_1_1_1_2_2,0.08870393676757812,12,7581,2020,"{""type"":""Point"",""coordinates"":[0.0,0.0]}"
1_1_1_1_1_1_1_1_1_1_1_1_1_1_1_1_1_1_1_1_1_1_1_1_1_1_1_1_1_1_1_1_1_1_1_1_1_1_1_1_1_1_1_1_1_1_2_1_1_1_1_2_3,422070.4024176518,21,7581,2020,"{""type"":""Point"",""coordinates"":[0.0,0.0]}"
1_1_1_1_1_1_1_1_1_1_1_1_1_1_1_1_1_1_1_1_1_1_1_1_1_1_1_1_1_1_1_1_1_1_1_1_1_1_1_1_1_1_1_1_1_1_2_1_1_1_1_2_4,51.721556056961376,22,7581,2020,"{""type"":""Point"",""coordinates"":[0.0,0.0]}"
1_1_1_1_1_1_1_1_1_1_1_1_1_1_1_1_1_1_1_1_1_1_1_1_1_1_1_1_1_1_1_1_1_1_1_1_1_1_1_1_1_1_1_1_1_1_2_1_1_1_1_2_5,34.59732232666018,29,7581,2020,"{""type"":""Point"",""coordinates"":[0.0,0.0]}"
1_1_1_1_1_1_1_1_1_1_1_1_1_1_1_1_1_1_1_1_1_1_1_1_1_1_1_1_1_1_1_1_1_1_1_1_1_1_1_1_1_1_1_1_1_1_2_1_1_1_1_2_6,5151.248077062717,33,7581,2020,"{""type"":""Point"",""coordinates"":[0.0,0.0]}"
1_1_1_1_1_1_1_1_1_1_1_1_1_1_1_1_1_1_1_1_1_1_1_1_1_1_1_1_1_1_1_1_1_1_1_1_1_1_1_1_1_1_1_1_1_1_2_1_1_1_2_0,1791.283108869843,3,7581,2021,"{""type"":""Point"",""coordinates"":[0.0,0.0]}"
1_1_1_1_1_1_1_1_1_1_1_1_1_1_1_1_1_1_1_1_1_1_1_1_1_1_1_1_1_1_1_1_1_1_1_1_1_1_1_1_1_1_1_1_1_1_2_1_1_1_2_1,273405.8411578723,4,7581,2021,"{""type"":""Point"",""coordinates"":[0.0,0.0]}"
1_1_1_1_1_1_1_1_1_1_1_1_1_1_1_1_1_1_1_1_1_1_1_1_1_1_1_1_1_1_1_1_1_1_1_1_1_1_1_1_1_1_1_1_1_1_2_1_1_1_2_2,18.17875486083985,12,7581,2021,"{""type"":""Point"",""coordinates"":[0.0,0.0]}"
1_1_1_1_1_1_1_1_1_1_1_1_1_1_1_1_1_1_1_1_1_1_1_1_1_1_1_1_1_1_1_1_1_1_1_1_1_1_1_1_1_1_1_1_1_1_2_1_1_1_2_3,386907.6382591198,21,7581,2021,"{""type"":""Point"",""coordinates"":[0.0,0.0]}"
1_1_1_1_1_1_1_1_1_1_1_1_1_1_1_1_1_1_1_1_1_1_1_1_1_1_1_1_1_1_1_1_1_1_1_1_1_1_1_1_1_1_1_1_1_1_2_1_1_1_2_4,451.6326976798501,22,7581,2021,"{""type"":""Point"",""coordinates"":[0.0,0.0]}"
1_1_1_1_1_1_1_1_1_1_1_1_1_1_1_1_1_1_1_1_1_1_1_1_1_1_1_1_1_1_1_1_1_1_1_1_1_1_1_1_1_1_1_1_1_1_2_1_1_1_2_5,19.58759361366421,29,7581,2021,"{""type"":""Point"",""coordinates"":[0.0,0.0]}"
1_1_1_1_1_1_1_1_1_1_1_1_1_1_1_1_1_1_1_1_1_1_1_1_1_1_1_1_1_1_1_1_1_1_1_1_1_1_1_1_1_1_1_1_1_1_2_1_1_1_2_6,3635.3073875485957,33,7581,2021,"{""type"":""Point"",""coordinates"":[0.0,0.0]}"
1_1_1_1_1_1_1_1_1_1_1_1_1_1_1_1_1_1_1_1_1_1_1_1_1_1_1_1_1_1_1_1_1_1_1_1_1_1_1_1_1_1_1_1_1_1_2_1_1_2_0,1730.1431115634523,3,7581,2022,"{""type"":""Point"",""coordinates"":[0.0,0.0]}"
1_1_1_1_1_1_1_1_1_1_1_1_1_1_1_1_1_1_1_1_1_1_1_1_1_1_1_1_1_1_1_1_1_1_1_1_1_1_1_1_1_1_1_1_1_1_2_1_1_2_1,265689.6515281366,4,7581,2022,"{""type"":""Point"",""coordinates"":[0.0,0.0]}"
1_1_1_1_1_1_1_1_1_1_1_1_1_1_1_1_1_1_1_1_1_1_1_1_1_1_1_1_1_1_1_1_1_1_1_1_1_1_1_1_1_1_1_1_1_1_2_1_1_2_2,12.76798712158203,12,7581,2022,"{""type"":""Point"",""coordinates"":[0.0,0.0]}"
1_1_1_1_1_1_1_1_1_1_1_1_1_1_1_1_1_1_1_1_1_1_1_1_1_1_1_1_1_1_1_1_1_1_1_1_1_1_1_1_1_1_1_1_1_1_2_1_1_2_3,392038.76542079664,21,7581,2022,"{""type"":""Point"",""coordinates"":[0.0,0.0]}"
1_1_1_1_1_1_1_1_1_1_1_1_1_1_1_1_1_1_1_1_1_1_1_1_1_1_1_1_1_1_1_1_1_1_1_1_1_1_1_1_1_1_1_1_1_1_2_1_1_2_4,3010.792016047375,22,7581,2022,"{""type"":""Point"",""coordinates"":[0.0,0.0]}"
1_1_1_1_1_1_1_1_1_1_1_1_1_1_1_1_1_1_1_1_1_1_1_1_1_1_1_1_1_1_1_1_1_1_1_1_1_1_1_1_1_1_1_1_1_1_2_1_1_2_5,95.82949061889651,29,7581,2022,"{""type"":""Point"",""coordinates"":[0.0,0.0]}"
1_1_1_1_1_1_1_1_1_1_1_1_1_1_1_1_1_1_1_1_1_1_1_1_1_1_1_1_1_1_1_1_1_1_1_1_1_1_1_1_1_1_1_1_1_1_2_1_1_2_6,3644.1609123298417,33,7581,2022,"{""type"":""Point"",""coordinates"":[0.0,0.0]}"
1_1_1_1_1_1_1_1_1_1_1_1_1_1_1_1_1_1_1_1_1_1_1_1_1_1_1_1_1_1_1_1_1_1_1_1_1_1_1_1_1_1_1_1_1_1_2_1_2_0,5397.309394644251,3,7581,2023,"{""type"":""Point"",""coordinates"":[0.0,0.0]}"
1_1_1_1_1_1_1_1_1_1_1_1_1_1_1_1_1_1_1_1_1_1_1_1_1_1_1_1_1_1_1_1_1_1_1_1_1_1_1_1_1_1_1_1_1_1_2_1_2_1,271873.7556469273,4,7581,2023,"{""type"":""Point"",""coordinates"":[0.0,0.0]}"
1_1_1_1_1_1_1_1_1_1_1_1_1_1_1_1_1_1_1_1_1_1_1_1_1_1_1_1_1_1_1_1_1_1_1_1_1_1_1_1_1_1_1_1_1_1_2_1_2_2,44.92195027322211,12,7581,2023,"{""type"":""Point"",""coordinates"":[0.0,0.0]}"
1_1_1_1_1_1_1_1_1_1_1_1_1_1_1_1_1_1_1_1_1_1_1_1_1_1_1_1_1_1_1_1_1_1_1_1_1_1_1_1_1_1_1_1_1_1_2_1_2_3,381575.13675118046,21,7581,2023,"{""type"":""Point"",""coordinates"":[0.0,0.0]}"
1_1_1_1_1_1_1_1_1_1_1_1_1_1_1_1_1_1_1_1_1_1_1_1_1_1_1_1_1_1_1_1_1_1_1_1_1_1_1_1_1_1_1_1_1_1_2_1_2_4,370.159249708396,22,7581,2023,"{""type"":""Point"",""coordinates"":[0.0,0.0]}"
1_1_1_1_1_1_1_1_1_1_1_1_1_1_1_1_1_1_1_1_1_1_1_1_1_1_1_1_1_1_1_1_1_1_1_1_1_1_1_1_1_1_1_1_1_1_2_1_2_5,1979.9592941262322,29,7581,2023,"{""type"":""Point"",""coordinates"":[0.0,0.0]}"
1_1_1_1_1_1_1_1_1_1_1_1_1_1_1_1_1_1_1_1_1_1_1_1_1_1_1_1_1_1_1_1_1_1_1_1_1_1_1_1_1_1_1_1_1_1_2_1_2_6,4980.779070902228,33,7581,2023,"{""type"":""Point"",""coordinates"":[0.0,0.0]}"
1_1_1_1_1_1_1_1_1_1_1_1_1_1_1_1_1_1_1_1_1_1_1_1_1_1_1_1_1_1_1_1_1_1_1_1_1_1_1_1_1_1_1_1_1_1_2_2_0,5832.903864989398,3,7581,2024,"{""type"":""Point"",""coordinates"":[0.0,0.0]}"
1_1_1_1_1_1_1_1_1_1_1_1_1_1_1_1_1_1_1_1_1_1_1_1_1_1_1_1_1_1_1_1_1_1_1_1_1_1_1_1_1_1_1_1_1_1_2_2_1,266590.66147536197,4,7581,2024,"{""type"":""Point"",""coordinates"":[0.0,0.0]}"
1_1_1_1_1_1_1_1_1_1_1_1_1_1_1_1_1_1_1_1_1_1_1_1_1_1_1_1_1_1_1_1_1_1_1_1_1_1_1_1_1_1_1_1_1_1_2_2_2,27.891397592366538,12,7581,2024,"{""type"":""Point"",""coordinates"":[0.0,0.0]}"
1_1_1_1_1_1_1_1_1_1_1_1_1_1_1_1_1_1_1_1_1_1_1_1_1_1_1_1_1_1_1_1_1_1_1_1_1_1_1_1_1_1_1_1_1_1_2_2_3,387413.3406199643,21,7581,2024,"{""type"":""Point"",""coordinates"":[0.0,0.0]}"
1_1_1_1_1_1_1_1_1_1_1_1_1_1_1_1_1_1_1_1_1_1_1_1_1_1_1_1_1_1_1_1_1_1_1_1_1_1_1_1_1_1_1_1_1_1_2_2_4,1277.7109897470273,22,7581,2024,"{""type"":""Point"",""coordinates"":[0.0,0.0]}"
1_1_1_1_1_1_1_1_1_1_1_1_1_1_1_1_1_1_1_1_1_1_1_1_1_1_1_1_1_1_1_1_1_1_1_1_1_1_1_1_1_1_1_1_1_1_2_2_5,20.306926770019533,29,7581,2024,"{""type"":""Point"",""coordinates"":[0.0,0.0]}"
1_1_1_1_1_1_1_1_1_1_1_1_1_1_1_1_1_1_1_1_1_1_1_1_1_1_1_1_1_1_1_1_1_1_1_1_1_1_1_1_1_1_1_1_1_1_2_2_6,5057.433893642402,33,7581,2024,"{""type"":""Point"",""coordinates"":[0.0,0.0]}"
1_1_1_1_1_1_1_1_1_1_1_1_1_1_1_1_1_1_1_1_1_1_1_1_1_1_1_1_1_1_1_1_1_1_1_1_1_1_1_1_1_1_1_1_1_2_1_1_1_1_1_1_1_1_2_0,13.312086406441484,3,7625,2016,"{""type"":""Point"",""coordinates"":[0.0,0.0]}"
1_1_1_1_1_1_1_1_1_1_1_1_1_1_1_1_1_1_1_1_1_1_1_1_1_1_1_1_1_1_1_1_1_1_1_1_1_1_1_1_1_1_1_1_1_2_1_1_1_1_1_1_1_1_2_1,7069.453420660151,4,7625,2016,"{""type"":""Point"",""coordinates"":[0.0,0.0]}"
1_1_1_1_1_1_1_1_1_1_1_1_1_1_1_1_1_1_1_1_1_1_1_1_1_1_1_1_1_1_1_1_1_1_1_1_1_1_1_1_1_1_1_1_1_2_1_1_1_1_1_1_1_1_2_2,8.797450258382165,12,7625,2016,"{""type"":""Point"",""coordinates"":[0.0,0.0]}"
1_1_1_1_1_1_1_1_1_1_1_1_1_1_1_1_1_1_1_1_1_1_1_1_1_1_1_1_1_1_1_1_1_1_1_1_1_1_1_1_1_1_1_1_1_2_1_1_1_1_1_1_1_1_2_3,2323.944362396504,21,7625,2016,"{""type"":""Point"",""coordinates"":[0.0,0.0]}"
1_1_1_1_1_1_1_1_1_1_1_1_1_1_1_1_1_1_1_1_1_1_1_1_1_1_1_1_1_1_1_1_1_1_1_1_1_1_1_1_1_1_1_1_1_2_1_1_1_1_1_1_1_1_2_4,0.5248043762207031,22,7625,2016,"{""type"":""Point"",""coordinates"":[0.0,0.0]}"
1_1_1_1_1_1_1_1_1_1_1_1_1_1_1_1_1_1_1_1_1_1_1_1_1_1_1_1_1_1_1_1_1_1_1_1_1_1_1_1_1_1_1_1_1_2_1_1_1_1_1_1_1_1_2_5,0.8764119157379751,29,7625,2016,"{""type"":""Point"",""coordinates"":[0.0,0.0]}"
1_1_1_1_1_1_1_1_1_1_1_1_1_1_1_1_1_1_1_1_1_1_1_1_1_1_1_1_1_1_1_1_1_1_1_1_1_1_1_1_1_1_1_1_1_2_1_1_1_1_1_1_1_2_0,192.75239395627563,3,7625,2017,"{""type"":""Point"",""coordinates"":[0.0,0.0]}"
1_1_1_1_1_1_1_1_1_1_1_1_1_1_1_1_1_1_1_1_1_1_1_1_1_1_1_1_1_1_1_1_1_1_1_1_1_1_1_1_1_1_1_1_1_2_1_1_1_1_1_1_1_2_1,7064.373650574612,4,7625,2017,"{""type"":""Point"",""coordinates"":[0.0,0.0]}"
1_1_1_1_1_1_1_1_1_1_1_1_1_1_1_1_1_1_1_1_1_1_1_1_1_1_1_1_1_1_1_1_1_1_1_1_1_1_1_1_1_1_1_1_1_2_1_1_1_1_1_1_1_2_2,0.6109093055874694,12,7625,2017,"{""type"":""Point"",""coordinates"":[0.0,0.0]}"
1_1_1_1_1_1_1_1_1_1_1_1_1_1_1_1_1_1_1_1_1_1_1_1_1_1_1_1_1_1_1_1_1_1_1_1_1_1_1_1_1_1_1_1_1_2_1_1_1_1_1_1_1_2_3,2157.8365739530773,21,7625,2017,"{""type"":""Point"",""coordinates"":[0.0,0.0]}"
1_1_1_1_1_1_1_1_1_1_1_1_1_1_1_1_1_1_1_1_1_1_1_1_1_1_1_1_1_1_1_1_1_1_1_1_1_1_1_1_1_1_1_1_1_2_1_1_1_1_1_1_1_2_4,0.8976470728496477,22,7625,2017,"{""type"":""Point"",""coordinates"":[0.0,0.0]}"
1_1_1_1_1_1_1_1_1_1_1_1_1_1_1_1_1_1_1_1_1_1_1_1_1_1_1_1_1_1_1_1_1_1_1_1_1_1_1_1_1_1_1_1_1_2_1_1_1_1_1_1_1_2_5,0.08746964111328125,29,7625,2017,"{""type"":""Point"",""coordinates"":[0.0,0.0]}"
1_1_1_1_1_1_1_1_1_1_1_1_1_1_1_1_1_1_1_1_1_1_1_1_1_1_1_1_1_1_1_1_1_1_1_1_1_1_1_1_1_1_1_1_1_2_1_1_1_1_1_1_1_2_6,0.34989151000976565,33,7625,2017,"{""type"":""Point"",""coordinates"":[0.0,0.0]}"
1_1_1_1_1_1_1_1_1_1_1_1_1_1_1_1_1_1_1_1_1_1_1_1_1_1_1_1_1_1_1_1_1_1_1_1_1_1_1_1_1_1_1_1_1_2_1_1_1_1_1_1_2_0,105.07709021793127,3,7625,2018,"{""type"":""Point"",""coordinates"":[0.0,0.0]}"
1_1_1_1_1_1_1_1_1_1_1_1_1_1_1_1_1_1_1_1_1_1_1_1_1_1_1_1_1_1_1_1_1_1_1_1_1_1_1_1_1_1_1_1_1_2_1_1_1_1_1_1_2_1,7062.596075435305,4,7625,2018,"{""type"":""Point"",""coordinates"":[0.0,0.0]}"
1_1_1_1_1_1_1_1_1_1_1_1_1_1_1_1_1_1_1_1_1_1_1_1_1_1_1_1_1_1_1_1_1_1_1_1_1_1_1_1_1_1_1_1_1_2_1_1_1_1_1_1_2_2,4.472833573524624,12,7625,2018,"{""type"":""Point"",""coordinates"":[0.0,0.0]}"
1_1_1_1_1_1_1_1_1_1_1_1_1_1_1_1_1_1_1_1_1_1_1_1_1_1_1_1_1_1_1_1_1_1_1_1_1_1_1_1_1_1_1_1_1_2_1_1_1_1_1_1_2_3,2240.6010526628943,21,7625,2018,"{""type"":""Point"",""coordinates"":[0.0,0.0]}"
1_1_1_1_1_1_1_1_1_1_1_1_1_1_1_1_1_1_1_1_1_1_1_1_1_1_1_1_1_1_1_1_1_1_1_1_1_1_1_1_1_1_1_1_1_2_1_1_1_1_1_1_2_4,2.4120966848575374,22,7625,2018,"{""type"":""Point"",""coordinates"":[0.0,0.0]}"
1_1_1_1_1_1_1_1_1_1_1_1_1_1_1_1_1_1_1_1_1_1_1_1_1_1_1_1_1_1_1_1_1_1_1_1_1_1_1_1_1_1_1_1_1_2_1_1_1_1_1_1_2_5,1.7493874389648436,33,7625,2018,"{""type"":""Point"",""coordinates"":[0.0,0.0]}"
1_1_1_1_1_1_1_1_1_1_1_1_1_1_1_1_1_1_1_1_1_1_1_1_1_1_1_1_1_1_1_1_1_1_1_1_1_1_1_1_1_1_1_1_1_2_1_1_1_1_1_2_0,61.312282416609214,3,7625,2019,"{""type"":""Point"",""coordinates"":[0.0,0.0]}"
1_1_1_1_1_1_1_1_1_1_1_1_1_1_1_1_1_1_1_1_1_1_1_1_1_1_1_1_1_1_1_1_1_1_1_1_1_1_1_1_1_1_1_1_1_2_1_1_1_1_1_2_1,7057.667181695348,4,7625,2019,"{""type"":""Point"",""coordinates"":[0.0,0.0]}"
1_1_1_1_1_1_1_1_1_1_1_1_1_1_1_1_1_1_1_1_1_1_1_1_1_1_1_1_1_1_1_1_1_1_1_1_1_1_1_1_1_1_1_1_1_2_1_1_1_1_1_2_2,2.536517639160156,12,7625,2019,"{""type"":""Point"",""coordinates"":[0.0,0.0]}"
1_1_1_1_1_1_1_1_1_1_1_1_1_1_1_1_1_1_1_1_1_1_1_1_1_1_1_1_1_1_1_1_1_1_1_1_1_1_1_1_1_1_1_1_1_2_1_1_1_1_1_2_3,2293.463134544053,21,7625,2019,"{""type"":""Point"",""coordinates"":[0.0,0.0]}"
1_1_1_1_1_1_1_1_1_1_1_1_1_1_1_1_1_1_1_1_1_1_1_1_1_1_1_1_1_1_1_1_1_1_1_1_1_1_1_1_1_1_1_1_1_2_1_1_1_1_1_2_4,1.3171260599293428,22,7625,2019,"{""type"":""Point"",""coordinates"":[0.0,0.0]}"
1_1_1_1_1_1_1_1_1_1_1_1_1_1_1_1_1_1_1_1_1_1_1_1_1_1_1_1_1_1_1_1_1_1_1_1_1_1_1_1_1_1_1_1_1_2_1_1_1_1_1_2_5,0.5248150207519531,29,7625,2019,"{""type"":""Point"",""coordinates"":[0.0,0.0]}"
1_1_1_1_1_1_1_1_1_1_1_1_1_1_1_1_1_1_1_1_1_1_1_1_1_1_1_1_1_1_1_1_1_1_1_1_1_1_1_1_1_1_1_1_1_2_1_1_1_1_1_2_6,0.0874786376953125,33,7625,2019,"{""type"":""Point"",""coordinates"":[0.0,0.0]}"
1_1_1_1_1_1_1_1_1_1_1_1_1_1_1_1_1_1_1_1_1_1_1_1_1_1_1_1_1_1_1_1_1_1_1_1_1_1_1_1_1_1_1_1_1_2_1_1_1_1_2_0,35.20793388083065,3,7625,2020,"{""type"":""Point"",""coordinates"":[0.0,0.0]}"
1_1_1_1_1_1_1_1_1_1_1_1_1_1_1_1_1_1_1_1_1_1_1_1_1_1_1_1_1_1_1_1_1_1_1_1_1_1_1_1_1_1_1_1_1_2_1_1_1_1_2_1,6895.170040170071,4,7625,2020,"{""type"":""Point"",""coordinates"":[0.0,0.0]}"
1_1_1_1_1_1_1_1_1_1_1_1_1_1_1_1_1_1_1_1_1_1_1_1_1_1_1_1_1_1_1_1_1_1_1_1_1_1_1_1_1_1_1_1_1_2_1_1_1_1_2_2,4.956751575377224,12,7625,2020,"{""type"":""Point"",""coordinates"":[0.0,0.0]}"
1_1_1_1_1_1_1_1_1_1_1_1_1_1_1_1_1_1_1_1_1_1_1_1_1_1_1_1_1_1_1_1_1_1_1_1_1_1_1_1_1_1_1_1_1_2_1_1_1_1_2_3,2468.18647344869,21,7625,2020,"{""type"":""Point"",""coordinates"":[0.0,0.0]}"
1_1_1_1_1_1_1_1_1_1_1_1_1_1_1_1_1_1_1_1_1_1_1_1_1_1_1_1_1_1_1_1_1_1_1_1_1_1_1_1_1_1_1_1_1_2_1_1_1_1_2_4,11.158826488324342,22,7625,2020,"{""type"":""Point"",""coordinates"":[0.0,0.0]}"
1_1_1_1_1_1_1_1_1_1_1_1_1_1_1_1_1_1_1_1_1_1_1_1_1_1_1_1_1_1_1_1_1_1_1_1_1_1_1_1_1_1_1_1_1_2_1_1_1_1_2_5,0.5666323252240348,29,7625,2020,"{""type"":""Point"",""coordinates"":[0.0,0.0]}"
1_1_1_1_1_1_1_1_1_1_1_1_1_1_1_1_1_1_1_1_1_1_1_1_1_1_1_1_1_1_1_1_1_1_1_1_1_1_1_1_1_1_1_1_1_2_1_1_1_1_2_6,1.6618781249999994,33,7625,2020,"{""type"":""Point"",""coordinates"":[0.0,0.0]}"
1_1_1_1_1_1_1_1_1_1_1_1_1_1_1_1_1_1_1_1_1_1_1_1_1_1_1_1_1_1_1_1_1_1_1_1_1_1_1_1_1_1_1_1_1_2_1_1_1_2_0,98.92006152396408,3,7625,2021,"{""type"":""Point"",""coordinates"":[0.0,0.0]}"
1_1_1_1_1_1_1_1_1_1_1_1_1_1_1_1_1_1_1_1_1_1_1_1_1_1_1_1_1_1_1_1_1_1_1_1_1_1_1_1_1_1_1_1_1_2_1_1_1_2_1,7025.968801067448,4,7625,2021,"{""type"":""Point"",""coordinates"":[0.0,0.0]}"
1_1_1_1_1_1_1_1_1_1_1_1_1_1_1_1_1_1_1_1_1_1_1_1_1_1_1_1_1_1_1_1_1_1_1_1_1_1_1_1_1_1_1_1_1_2_1_1_1_2_2,2.099255523681641,12,7625,2021,"{""type"":""Point"",""coordinates"":[0.0,0.0]}"
1_1_1_1_1_1_1_1_1_1_1_1_1_1_1_1_1_1_1_1_1_1_1_1_1_1_1_1_1_1_1_1_1_1_1_1_1_1_1_1_1_1_1_1_1_2_1_1_1_2_3,2275.7005422279613,21,7625,2021,"{""type"":""Point"",""coordinates"":[0.0,0.0]}"
1_1_1_1_1_1_1_1_1_1_1_1_1_1_1_1_1_1_1_1_1_1_1_1_1_1_1_1_1_1_1_1_1_1_1_1_1_1_1_1_1_1_1_1_1_2_1_1_1_2_4,13.43269033109777,22,7625,2021,"{""type"":""Point"",""coordinates"":[0.0,0.0]}"
1_1_1_1_1_1_1_1_1_1_1_1_1_1_1_1_1_1_1_1_1_1_1_1_1_1_1_1_1_1_1_1_1_1_1_1_1_1_1_1_1_1_1_1_1_2_1_1_1_2_5,0.08746148681640625,29,7625,2021,"{""type"":""Point"",""coordinates"":[0.0,0.0]}"
1_1_1_1_1_1_1_1_1_1_1_1_1_1_1_1_1_1_1_1_1_1_1_1_1_1_1_1_1_1_1_1_1_1_1_1_1_1_1_1_1_1_1_1_1_2_1_1_1_2_6,0.6997238525390626,33,7625,2021,"{""type"":""Point"",""coordinates"":[0.0,0.0]}"
1_1_1_1_1_1_1_1_1_1_1_1_1_1_1_1_1_1_1_1_1_1_1_1_1_1_1_1_1_1_1_1_1_1_1_1_1_1_1_1_1_1_1_1_1_2_1_1_2_0,24.155862908002096,3,7625,2022,"{""type"":""Point"",""coordinates"":[0.0,0.0]}"
1_1_1_1_1_1_1_1_1_1_1_1_1_1_1_1_1_1_1_1_1_1_1_1_1_1_1_1_1_1_1_1_1_1_1_1_1_1_1_1_1_1_1_1_1_2_1_1_2_1,6943.496660500021,4,7625,2022,"{""type"":""Point"",""coordinates"":[0.0,0.0]}"
1_1_1_1_1_1_1_1_1_1_1_1_1_1_1_1_1_1_1_1_1_1_1_1_1_1_1_1_1_1_1_1_1_1_1_1_1_1_1_1_1_1_1_1_1_2_1_1_2_2,6.464187516395717,12,7625,2022,"{""type"":""Point"",""coordinates"":[0.0,0.0]}"
1_1_1_1_1_1_1_1_1_1_1_1_1_1_1_1_1_1_1_1_1_1_1_1_1_1_1_1_1_1_1_1_1_1_1_1_1_1_1_1_1_1_1_1_1_2_1_1_2_3,2434.306715587939,21,7625,2022,"{""type"":""Point"",""coordinates"":[0.0,0.0]}"
1_1_1_1_1_1_1_1_1_1_1_1_1_1_1_1_1_1_1_1_1_1_1_1_1_1_1_1_1_1_1_1_1_1_1_1_1_1_1_1_1_1_1_1_1_2_1_1_2_4,5.773536753240847,22,7625,2022,"{""type"":""Point"",""coordinates"":[0.0,0.0]}"
1_1_1_1_1_1_1_1_1_1_1_1_1_1_1_1_1_1_1_1_1_1_1_1_1_1_1_1_1_1_1_1_1_1_1_1_1_1_1_1_1_1_1_1_1_2_1_1_2_5,0.6997433166503906,29,7625,2022,"{""type"":""Point"",""coordinates"":[0.0,0.0]}"
1_1_1_1_1_1_1_1_1_1_1_1_1_1_1_1_1_1_1_1_1_1_1_1_1_1_1_1_1_1_1_1_1_1_1_1_1_1_1_1_1_1_1_1_1_2_1_1_2_6,2.0118294311523437,33,7625,2022,"{""type"":""Point"",""coordinates"":[0.0,0.0]}"
1_1_1_1_1_1_1_1_1_1_1_1_1_1_1_1_1_1_1_1_1_1_1_1_1_1_1_1_1_1_1_1_1_1_1_1_1_1_1_1_1_1_1_1_1_2_1_2_0,259.39443142860637,3,7625,2023,"{""type"":""Point"",""coordinates"":[0.0,0.0]}"
1_1_1_1_1_1_1_1_1_1_1_1_1_1_1_1_1_1_1_1_1_1_1_1_1_1_1_1_1_1_1_1_1_1_1_1_1_1_1_1_1_1_1_1_1_2_1_2_1,6766.932019428168,4,7625,2023,"{""type"":""Point"",""coordinates"":[0.0,0.0]}"
1_1_1_1_1_1_1_1_1_1_1_1_1_1_1_1_1_1_1_1_1_1_1_1_1_1_1_1_1_1_1_1_1_1_1_1_1_1_1_1_1_1_1_1_1_2_1_2_2,1.1009715932569315,12,7625,2023,"{""type"":""Point"",""coordinates"":[0.0,0.0]}"
1_1_1_1_1_1_1_1_1_1_1_1_1_1_1_1_1_1_1_1_1_1_1_1_1_1_1_1_1_1_1_1_1_1_1_1_1_1_1_1_1_1_1_1_1_2_1_2_3,2384.0074955161076,21,7625,2023,"{""type"":""Point"",""coordinates"":[0.0,0.0]}"
1_1_1_1_1_1_1_1_1_1_1_1_1_1_1_1_1_1_1_1_1_1_1_1_1_1_1_1_1_1_1_1_1_1_1_1_1_1_1_1_1_1_1_1_1_2_1_2_4,4.336392278119256,22,7625,2023,"{""type"":""Point"",""coordinates"":[0.0,0.0]}"
1_1_1_1_1_1_1_1_1_1_1_1_1_1_1_1_1_1_1_1_1_1_1_1_1_1_1_1_1_1_1_1_1_1_1_1_1_1_1_1_1_1_1_1_1_2_1_2_5,1.1372257690429688,33,7625,2023,"{""type"":""Point"",""coordinates"":[0.0,0.0]}"
1_1_1_1_1_1_1_1_1_1_1_1_1_1_1_1_1_1_1_1_1_1_1_1_1_1_1_1_1_1_1_1_1_1_1_1_1_1_1_1_1_1_1_1_1_2_2_0,142.9443929327753,3,7625,2024,"{""type"":""Point"",""coordinates"":[0.0,0.0]}"
1_1_1_1_1_1_1_1_1_1_1_1_1_1_1_1_1_1_1_1_1_1_1_1_1_1_1_1_1_1_1_1_1_1_1_1_1_1_1_1_1_1_1_1_1_2_2_1,6719.8750559082755,4,7625,2024,"{""type"":""Point"",""coordinates"":[0.0,0.0]}"
1_1_1_1_1_1_1_1_1_1_1_1_1_1_1_1_1_1_1_1_1_1_1_1_1_1_1_1_1_1_1_1_1_1_1_1_1_1_1_1_1_1_1_1_1_2_2_2,1.0495838745117188,12,7625,2024,"{""type"":""Point"",""coordinates"":[0.0,0.0]}"
1_1_1_1_1_1_1_1_1_1_1_1_1_1_1_1_1_1_1_1_1_1_1_1_1_1_1_1_1_1_1_1_1_1_1_1_1_1_1_1_1_1_1_1_1_2_2_3,2544.904789345043,21,7625,2024,"{""type"":""Point"",""coordinates"":[0.0,0.0]}"
1_1_1_1_1_1_1_1_1_1_1_1_1_1_1_1_1_1_1_1_1_1_1_1_1_1_1_1_1_1_1_1_1_1_1_1_1_1_1_1_1_1_1_1_1_2_2_4,4.286099572753906,22,7625,2024,"{""type"":""Point"",""coordinates"":[0.0,0.0]}"
1_1_1_1_1_1_1_1_1_1_1_1_1_1_1_1_1_1_1_1_1_1_1_1_1_1_1_1_1_1_1_1_1_1_1_1_1_1_1_1_1_1_1_1_1_2_2_5,0.8746285156249999,29,7625,2024,"{""type"":""Point"",""coordinates"":[0.0,0.0]}"
1_1_1_1_1_1_1_1_1_1_1_1_1_1_1_1_1_1_1_1_1_1_1_1_1_1_1_1_1_1_1_1_1_1_1_1_1_1_1_1_1_1_1_1_1_2_2_6,2.973985864257813,33,7625,2024,"{""type"":""Point"",""coordinates"":[0.0,0.0]}"
1_1_1_1_1_1_1_1_1_1_1_1_1_1_1_1_1_1_1_1_1_1_1_1_1_1_1_1_1_1_1_1_1_1_1_1_1_1_1_1_1_1_1_1_2_1_1_1_1_1_1_1_1_2_0,69.25977814613486,3,7584,2016,"{""type"":""Point"",""coordinates"":[0.0,0.0]}"
1_1_1_1_1_1_1_1_1_1_1_1_1_1_1_1_1_1_1_1_1_1_1_1_1_1_1_1_1_1_1_1_1_1_1_1_1_1_1_1_1_1_1_1_2_1_1_1_1_1_1_1_1_2_1,813161.2134203621,4,7584,2016,"{""type"":""Point"",""coordinates"":[0.0,0.0]}"
1_1_1_1_1_1_1_1_1_1_1_1_1_1_1_1_1_1_1_1_1_1_1_1_1_1_1_1_1_1_1_1_1_1_1_1_1_1_1_1_1_1_1_1_2_1_1_1_1_1_1_1_1_2_2,12.945463061523439,12,7584,2016,"{""type"":""Point"",""coordinates"":[0.0,0.0]}"
1_1_1_1_1_1_1_1_1_1_1_1_1_1_1_1_1_1_1_1_1_1_1_1_1_1_1_1_1_1_1_1_1_1_1_1_1_1_1_1_1_1_1_1_2_1_1_1_1_1_1_1_1_2_3,394968.66084422334,21,7584,2016,"{""type"":""Point"",""coordinates"":[0.0,0.0]}"
1_1_1_1_1_1_1_1_1_1_1_1_1_1_1_1_1_1_1_1_1_1_1_1_1_1_1_1_1_1_1_1_1_1_1_1_1_1_1_1_1_1_1_1_2_1_1_1_1_1_1_1_1_2_4,1249.2753705211383,22,7584,2016,"{""type"":""Point"",""coordinates"":[0.0,0.0]}"
1_1_1_1_1_1_1_1_1_1_1_1_1_1_1_1_1_1_1_1_1_1_1_1_1_1_1_1_1_1_1_1_1_1_1_1_1_1_1_1_1_1_1_1_2_1_1_1_1_1_1_1_1_2_5,172.42108971277568,29,7584,2016,"{""type"":""Point"",""coordinates"":[0.0,0.0]}"
1_1_1_1_1_1_1_1_1_1_1_1_1_1_1_1_1_1_1_1_1_1_1_1_1_1_1_1_1_1_1_1_1_1_1_1_1_1_1_1_1_1_1_1_2_1_1_1_1_1_1_1_1_2_6,1018.5741274460474,33,7584,2016,"{""type"":""Point"",""coordinates"":[0.0,0.0]}"
1_1_1_1_1_1_1_1_1_1_1_1_1_1_1_1_1_1_1_1_1_1_1_1_1_1_1_1_1_1_1_1_1_1_1_1_1_1_1_1_1_1_1_1_2_1_1_1_1_1_1_1_2_0,44.08467058007334,3,7584,2017,"{""type"":""Point"",""coordinates"":[0.0,0.0]}"
1_1_1_1_1_1_1_1_1_1_1_1_1_1_1_1_1_1_1_1_1_1_1_1_1_1_1_1_1_1_1_1_1_1_1_1_1_1_1_1_1_1_1_1_2_1_1_1_1_1_1_1_2_1,768365.3484991597,4,7584,2017,"{""type"":""Point"",""coordinates"":[0.0,0.0]}"
1_1_1_1_1_1_1_1_1_1_1_1_1_1_1_1_1_1_1_1_1_1_1_1_1_1_1_1_1_1_1_1_1_1_1_1_1_1_1_1_1_1_1_1_2_1_1_1_1_1_1_1_2_2,57.77669789512484,12,7584,2017,"{""type"":""Point"",""coordinates"":[0.0,0.0]}"
1_1_1_1_1_1_1_1_1_1_1_1_1_1_1_1_1_1_1_1_1_1_1_1_1_1_1_1_1_1_1_1_1_1_1_1_1_1_1_1_1_1_1_1_2_1_1_1_1_1_1_1_2_3,438650.6637457554,21,7584,2017,"{""type"":""Point"",""coordinates"":[0.0,0.0]}"
1_1_1_1_1_1_1_1_1_1_1_1_1_1_1_1_1_1_1_1_1_1_1_1_1_1_1_1_1_1_1_1_1_1_1_1_1_1_1_1_1_1_1_1_2_1_1_1_1_1_1_1_2_4,341.25139000327886,22,7584,2017,"{""type"":""Point"",""coordinates"":[0.0,0.0]}"
1_1_1_1_1_1_1_1_1_1_1_1_1_1_1_1_1_1_1_1_1_1_1_1_1_1_1_1_1_1_1_1_1_1_1_1_1_1_1_1_1_1_1_1_2_1_1_1_1_1_1_1_2_5,7.980137951660157,29,7584,2017,"{""type"":""Point"",""coordinates"":[0.0,0.0]}"
1_1_1_1_1_1_1_1_1_1_1_1_1_1_1_1_1_1_1_1_1_1_1_1_1_1_1_1_1_1_1_1_1_1_1_1_1_1_1_1_1_1_1_1_2_1_1_1_1_1_1_1_2_6,1778.3775464801608,33,7584,2017,"{""type"":""Point"",""coordinates"":[0.0,0.0]}"
1_1_1_1_1_1_1_1_1_1_1_1_1_1_1_1_1_1_1_1_1_1_1_1_1_1_1_1_1_1_1_1_1_1_1_1_1_1_1_1_1_1_1_1_2_1_1_1_1_1_1_2_0,18.426043481445312,3,7584,2018,"{""type"":""Point"",""coordinates"":[0.0,0.0]}"
1_1_1_1_1_1_1_1_1_1_1_1_1_1_1_1_1_1_1_1_1_1_1_1_1_1_1_1_1_1_1_1_1_1_1_1_1_1_1_1_1_1_1_1_2_1_1_1_1_1_1_2_1,795753.8489262952,4,7584,2018,"{""type"":""Point"",""coordinates"":[0.0,0.0]}"
1_1_1_1_1_1_1_1_1_1_1_1_1_1_1_1_1_1_1_1_1_1_1_1_1_1_1_1_1_1_1_1_1_1_1_1_1_1_1_1_1_1_1_1_2_1_1_1_1_1_1_2_2,44.167603355569284,12,7584,2018,"{""type"":""Point"",""coordinates"":[0.0,0.0]}"
1_1_1_1_1_1_1_1_1_1_1_1_1_1_1_1_1_1_1_1_1_1_1_1_1_1_1_1_1_1_1_1_1_1_1_1_1_1_1_1_1_1_1_1_2_1_1_1_1_1_1_2_3,409814.14601082215,21,7584,2018,"{""type"":""Point"",""coordinates"":[0.0,0.0]}"
1_1_1_1_1_1_1_1_1_1_1_1_1_1_1_1_1_1_1_1_1_1_1_1_1_1_1_1_1_1_1_1_1_1_1_1_1_1_1_1_1_1_1_1_2_1_1_1_1_1_1_2_4,634.6374566929715,22,7584,2018,"{""type"":""Point"",""coordinates"":[0.0,0.0]}"
1_1_1_1_1_1_1_1_1_1_1_1_1_1_1_1_1_1_1_1_1_1_1_1_1_1_1_1_1_1_1_1_1_1_1_1_1_1_1_1_1_1_1_1_2_1_1_1_1_1_1_2_5,10.548874169921875,29,7584,2018,"{""type"":""Point"",""coordinates"":[0.0,0.0]}"
1_1_1_1_1_1_1_1_1_1_1_1_1_1_1_1_1_1_1_1_1_1_1_1_1_1_1_1_1_1_1_1_1_1_1_1_1_1_1_1_1_1_1_1_2_1_1_1_1_1_1_2_6,4464.2630457549985,33,7584,2018,"{""type"":""Point"",""coordinates"":[0.0,0.0]}"
1_1_1_1_1_1_1_1_1_1_1_1_1_1_1_1_1_1_1_1_1_1_1_1_1_1_1_1_1_1_1_1_1_1_1_1_1_1_1_1_1_1_1_1_2_1_1_1_1_1_2_0,194.90190528236553,3,7584,2019,"{""type"":""Point"",""coordinates"":[0.0,0.0]}"
1_1_1_1_1_1_1_1_1_1_1_1_1_1_1_1_1_1_1_1_1_1_1_1_1_1_1_1_1_1_1_1_1_1_1_1_1_1_1_1_1_1_1_1_2_1_1_1_1_1_2_1,766658.5088714587,4,7584,2019,"{""type"":""Point"",""coordinates"":[0.0,0.0]}"
1_1_1_1_1_1_1_1_1_1_1_1_1_1_1_1_1_1_1_1_1_1_1_1_1_1_1_1_1_1_1_1_1_1_1_1_1_1_1_1_1_1_1_1_2_1_1_1_1_1_2_2,769.85876833496,12,7584,2019,"{""type"":""Point"",""coordinates"":[0.0,0.0]}"
1_1_1_1_1_1_1_1_1_1_1_1_1_1_1_1_1_1_1_1_1_1_1_1_1_1_1_1_1_1_1_1_1_1_1_1_1_1_1_1_1_1_1_1_2_1_1_1_1_1_2_3,438393.02843124006,21,7584,2019,"{""type"":""Point"",""coordinates"":[0.0,0.0]}"
1_1_1_1_1_1_1_1_1_1_1_1_1_1_1_1_1_1_1_1_1_1_1_1_1_1_1_1_1_1_1_1_1_1_1_1_1_1_1_1_1_1_1_1_2_1_1_1_1_1_2_4,794.2571087560802,22,7584,2019,"{""type"":""Point"",""coordinates"":[0.0,0.0]}"
1_1_1_1_1_1_1_1_1_1_1_1_1_1_1_1_1_1_1_1_1_1_1_1_1_1_1_1_1_1_1_1_1_1_1_1_1_1_1_1_1_1_1_1_2_1_1_1_1_1_2_5,187.53368998982748,29,7584,2019,"{""type"":""Point"",""coordinates"":[0.0,0.0]}"
1_1_1_1_1_1_1_1_1_1_1_1_1_1_1_1_1_1_1_1_1_1_1_1_1_1_1_1_1_1_1_1_1_1_1_1_1_1_1_1_1_1_1_1_2_1_1_1_1_1_2_6,3752.3329775016937,33,7584,2019,"{""type"":""Point"",""coordinates"":[0.0,0.0]}"
1_1_1_1_1_1_1_1_1_1_1_1_1_1_1_1_1_1_1_1_1_1_1_1_1_1_1_1_1_1_1_1_1_1_1_1_1_1_1_1_1_1_1_1_2_1_1_1_1_2_0,69.65374446387199,3,7584,2020,"{""type"":""Point"",""coordinates"":[0.0,0.0]}"
1_1_1_1_1_1_1_1_1_1_1_1_1_1_1_1_1_1_1_1_1_1_1_1_1_1_1_1_1_1_1_1_1_1_1_1_1_1_1_1_1_1_1_1_2_1_1_1_1_2_1,786920.7255965678,4,7584,2020,"{""type"":""Point"",""coordinates"":[0.0,0.0]}"
1_1_1_1_1_1_1_1_1_1_1_1_1_1_1_1_1_1_1_1_1_1_1_1_1_1_1_1_1_1_1_1_1_1_1_1_1_1_1_1_1_1_1_1_2_1_1_1_1_2_2,3.9870557250976564,12,7584,2020,"{""type"":""Point"",""coordinates"":[0.0,0.0]}"
1_1_1_1_1_1_1_1_1_1_1_1_1_1_1_1_1_1_1_1_1_1_1_1_1_1_1_1_1_1_1_1_1_1_1_1_1_1_1_1_1_1_1_1_2_1_1_1_1_2_3,409545.0352412619,21,7584,2020,"{""type"":""Point"",""coordinates"":[0.0,0.0]}"
1_1_1_1_1_1_1_1_1_1_1_1_1_1_1_1_1_1_1_1_1_1_1_1_1_1_1_1_1_1_1_1_1_1_1_1_1_1_1_1_1_1_1_1_2_1_1_1_1_2_4,399.3465171862553,22,7584,2020,"{""type"":""Point"",""coordinates"":[0.0,0.0]}"
1_1_1_1_1_1_1_1_1_1_1_1_1_1_1_1_1_1_1_1_1_1_1_1_1_1_1_1_1_1_1_1_1_1_1_1_1_1_1_1_1_1_1_1_2_1_1_1_1_2_5,4955.533601835716,29,7584,2020,"{""type"":""Point"",""coordinates"":[0.0,0.0]}"
1_1_1_1_1_1_1_1_1_1_1_1_1_1_1_1_1_1_1_1_1_1_1_1_1_1_1_1_1_1_1_1_1_1_1_1_1_1_1_1_1_1_1_1_2_1_1_1_1_2_6,8848.419505516707,33,7584,2020,"{""type"":""Point"",""coordinates"":[0.0,0.0]}"
1_1_1_1_1_1_1_1_1_1_1_1_1_1_1_1_1_1_1_1_1_1_1_1_1_1_1_1_1_1_1_1_1_1_1_1_1_1_1_1_1_1_1_1_2_1_1_1_2_0,98.61000921425013,3,7584,2021,"{""type"":""Point"",""coordinates"":[0.0,0.0]}"
1_1_1_1_1_1_1_1_1_1_1_1_1_1_1_1_1_1_1_1_1_1_1_1_1_1_1_1_1_1_1_1_1_1_1_1_1_1_1_1_1_1_1_1_2_1_1_1_2_1,769741.8545283919,4,7584,2021,"{""type"":""Point"",""coordinates"":[0.0,0.0]}"
1_1_1_1_1_1_1_1_1_1_1_1_1_1_1_1_1_1_1_1_1_1_1_1_1_1_1_1_1_1_1_1_1_1_1_1_1_1_1_1_1_1_1_1_2_1_1_1_2_2,83.83945345387164,12,7584,2021,"{""type"":""Point"",""coordinates"":[0.0,0.0]}"
1_1_1_1_1_1_1_1_1_1_1_1_1_1_1_1_1_1_1_1_1_1_1_1_1_1_1_1_1_1_1_1_1_1_1_1_1_1_1_1_1_1_1_1_2_1_1_1_2_3,434595.8563214746,21,7584,2021,"{""type"":""Point"",""coordinates"":[0.0,0.0]}"
1_1_1_1_1_1_1_1_1_1_1_1_1_1_1_1_1_1_1_1_1_1_1_1_1_1_1_1_1_1_1_1_1_1_1_1_1_1_1_1_1_1_1_1_2_1_1_1_2_4,729.9118916552734,22,7584,2021,"{""type"":""Point"",""coordinates"":[0.0,0.0]}"
1_1_1_1_1_1_1_1_1_1_1_1_1_1_1_1_1_1_1_1_1_1_1_1_1_1_1_1_1_1_1_1_1_1_1_1_1_1_1_1_1_1_1_1_2_1_1_1_2_5,743.4863485604324,29,7584,2021,"{""type"":""Point"",""coordinates"":[0.0,0.0]}"
1_1_1_1_1_1_1_1_1_1_1_1_1_1_1_1_1_1_1_1_1_1_1_1_1_1_1_1_1_1_1_1_1_1_1_1_1_1_1_1_1_1_1_1_2_1_1_1_2_6,4719.608098171416,33,7584,2021,"{""type"":""Point"",""coordinates"":[0.0,0.0]}"
1_1_1_1_1_1_1_1_1_1_1_1_1_1_1_1_1_1_1_1_1_1_1_1_1_1_1_1_1_1_1_1_1_1_1_1_1_1_1_1_1_1_1_1_2_1_1_2_0,20.98830978398341,3,7584,2022,"{""type"":""Point"",""coordinates"":[0.0,0.0]}"
1_1_1_1_1_1_1_1_1_1_1_1_1_1_1_1_1_1_1_1_1_1_1_1_1_1_1_1_1_1_1_1_1_1_1_1_1_1_1_1_1_1_1_1_2_1_1_2_1,799330.2745563919,4,7584,2022,"{""type"":""Point"",""coordinates"":[0.0,0.0]}"
1_1_1_1_1_1_1_1_1_1_1_1_1_1_1_1_1_1_1_1_1_1_1_1_1_1_1_1_1_1_1_1_1_1_1_1_1_1_1_1_1_1_1_1_2_1_1_2_2,179.17063237915053,12,7584,2022,"{""type"":""Point"",""coordinates"":[0.0,0.0]}"
1_1_1_1_1_1_1_1_1_1_1_1_1_1_1_1_1_1_1_1_1_1_1_1_1_1_1_1_1_1_1_1_1_1_1_1_1_1_1_1_1_1_1_1_2_1_1_2_3,402042.0907113224,21,7584,2022,"{""type"":""Point"",""coordinates"":[0.0,0.0]}"
1_1_1_1_1_1_1_1_1_1_1_1_1_1_1_1_1_1_1_1_1_1_1_1_1_1_1_1_1_1_1_1_1_1_1_1_1_1_1_1_1_1_1_1_2_1_1_2_4,5783.289519977146,22,7584,2022,"{""type"":""Point"",""coordinates"":[0.0,0.0]}"
1_1_1_1_1_1_1_1_1_1_1_1_1_1_1_1_1_1_1_1_1_1_1_1_1_1_1_1_1_1_1_1_1_1_1_1_1_1_1_1_1_1_1_1_2_1_1_2_5,522.8391453796389,29,7584,2022,"{""type"":""Point"",""coordinates"":[0.0,0.0]}"
1_1_1_1_1_1_1_1_1_1_1_1_1_1_1_1_1_1_1_1_1_1_1_1_1_1_1_1_1_1_1_1_1_1_1_1_1_1_1_1_1_1_1_1_2_1_1_2_6,2853.4051085047518,33,7584,2022,"{""type"":""Point"",""coordinates"":[0.0,0.0]}"
1_1_1_1_1_1_1_1_1_1_1_1_1_1_1_1_1_1_1_1_1_1_1_1_1_1_1_1_1_1_1_1_1_1_1_1_1_1_1_1_1_1_1_1_2_1_2_0,50.098394098259405,3,7584,2023,"{""type"":""Point"",""coordinates"":[0.0,0.0]}"
1_1_1_1_1_1_1_1_1_1_1_1_1_1_1_1_1_1_1_1_1_1_1_1_1_1_1_1_1_1_1_1_1_1_1_1_1_1_1_1_1_1_1_1_2_1_2_1,760038.111450504,4,7584,2023,"{""type"":""Point"",""coordinates"":[0.0,0.0]}"
1_1_1_1_1_1_1_1_1_1_1_1_1_1_1_1_1_1_1_1_1_1_1_1_1_1_1_1_1_1_1_1_1_1_1_1_1_1_1_1_1_1_1_1_2_1_2_2,581.8009790165203,12,7584,2023,"{""type"":""Point"",""coordinates"":[0.0,0.0]}"
1_1_1_1_1_1_1_1_1_1_1_1_1_1_1_1_1_1_1_1_1_1_1_1_1_1_1_1_1_1_1_1_1_1_1_1_1_1_1_1_1_1_1_1_2_1_2_3,445460.7633212401,21,7584,2023,"{""type"":""Point"",""coordinates"":[0.0,0.0]}"
1_1_1_1_1_1_1_1_1_1_1_1_1_1_1_1_1_1_1_1_1_1_1_1_1_1_1_1_1_1_1_1_1_1_1_1_1_1_1_1_1_1_1_1_2_1_2_4,211.31396642123346,22,7584,2023,"{""type"":""Point"",""coordinates"":[0.0,0.0]}"
1_1_1_1_1_1_1_1_1_1_1_1_1_1_1_1_1_1_1_1_1_1_1_1_1_1_1_1_1_1_1_1_1_1_1_1_1_1_1_1_1_1_1_1_2_1_2_5,402.6673436779308,29,7584,2023,"{""type"":""Point"",""coordinates"":[0.0,0.0]}"
1_1_1_1_1_1_1_1_1_1_1_1_1_1_1_1_1_1_1_1_1_1_1_1_1_1_1_1_1_1_1_1_1_1_1_1_1_1_1_1_1_1_1_1_2_1_2_6,3983.745320959429,33,7584,2023,"{""type"":""Point"",""coordinates"":[0.0,0.0]}"
1_1_1_1_1_1_1_1_1_1_1_1_1_1_1_1_1_1_1_1_1_1_1_1_1_1_1_1_1_1_1_1_1_1_1_1_1_1_1_1_1_1_1_1_2_2_0,200.63506146228312,3,7584,2024,"{""type"":""Point"",""coordinates"":[0.0,0.0]}"
1_1_1_1_1_1_1_1_1_1_1_1_1_1_1_1_1_1_1_1_1_1_1_1_1_1_1_1_1_1_1_1_1_1_1_1_1_1_1_1_1_1_1_1_2_2_1,825683.91837063,4,7584,2024,"{""type"":""Point"",""coordinates"":[0.0,0.0]}"
1_1_1_1_1_1_1_1_1_1_1_1_1_1_1_1_1_1_1_1_1_1_1_1_1_1_1_1_1_1_1_1_1_1_1_1_1_1_1_1_1_1_1_1_2_2_2,232.71252351361434,12,7584,2024,"{""type"":""Point"",""coordinates"":[0.0,0.0]}"
1_1_1_1_1_1_1_1_1_1_1_1_1_1_1_1_1_1_1_1_1_1_1_1_1_1_1_1_1_1_1_1_1_1_1_1_1_1_1_1_1_1_1_1_2_2_3,375983.1984140838,21,7584,2024,"{""type"":""Point"",""coordinates"":[0.0,0.0]}"
1_1_1_1_1_1_1_1_1_1_1_1_1_1_1_1_1_1_1_1_1_1_1_1_1_1_1_1_1_1_1_1_1_1_1_1_1_1_1_1_1_1_1_1_2_2_4,3081.221280662511,22,7584,2024,"{""type"":""Point"",""coordinates"":[0.0,0.0]}"
1_1_1_1_1_1_1_1_1_1_1_1_1_1_1_1_1_1_1_1_1_1_1_1_1_1_1_1_1_1_1_1_1_1_1_1_1_1_1_1_1_1_1_1_2_2_5,1124.7085364745124,29,7584,2024,"{""type"":""Point"",""coordinates"":[0.0,0.0]}"
1_1_1_1_1_1_1_1_1_1_1_1_1_1_1_1_1_1_1_1_1_1_1_1_1_1_1_1_1_1_1_1_1_1_1_1_1_1_1_1_1_1_1_1_2_2_6,4446.425827581909,33,7584,2024,"{""type"":""Point"",""coordinates"":[0.0,0.0]}"
1_1_1_1_1_1_1_1_1_1_1_1_1_1_1_1_1_1_1_1_1_1_1_1_1_1_1_1_1_1_1_1_1_1_1_1_1_1_1_1_1_1_1_2_1_1_1_1_1_1_1_1_2_0,162541.83105779754,3,751,2016,"{""type"":""Point"",""coordinates"":[0.0,0.0]}"
1_1_1_1_1_1_1_1_1_1_1_1_1_1_1_1_1_1_1_1_1_1_1_1_1_1_1_1_1_1_1_1_1_1_1_1_1_1_1_1_1_1_1_2_1_1_1_1_1_1_1_1_2_1,1051109.1325996092,4,751,2016,"{""type"":""Point"",""coordinates"":[0.0,0.0]}"
1_1_1_1_1_1_1_1_1_1_1_1_1_1_1_1_1_1_1_1_1_1_1_1_1_1_1_1_1_1_1_1_1_1_1_1_1_1_1_1_1_1_1_2_1_1_1_1_1_1_1_1_2_2,1.7402890669280409,12,751,2016,"{""type"":""Point"",""coordinates"":[0.0,0.0]}"
1_1_1_1_1_1_1_1_1_1_1_1_1_1_1_1_1_1_1_1_1_1_1_1_1_1_1_1_1_1_1_1_1_1_1_1_1_1_1_1_1_1_1_2_1_1_1_1_1_1_1_1_2_3,71082.4123431342,21,751,2016,"{""type"":""Point"",""coordinates"":[0.0,0.0]}"
1_1_1_1_1_1_1_1_1_1_1_1_1_1_1_1_1_1_1_1_1_1_1_1_1_1_1_1_1_1_1_1_1_1_1_1_1_1_1_1_1_1_1_2_1_1_1_1_1_1_1_1_2_4,24346.205035696483,22,751,2016,"{""type"":""Point"",""coordinates"":[0.0,0.0]}"
1_1_1_1_1_1_1_1_1_1_1_1_1_1_1_1_1_1_1_1_1_1_1_1_1_1_1_1_1_1_1_1_1_1_1_1_1_1_1_1_1_1_1_2_1_1_1_1_1_1_1_1_2_5,12621.201680127186,33,751,2016,"{""type"":""Point"",""coordinates"":[0.0,0.0]}"
1_1_1_1_1_1_1_1_1_1_1_1_1_1_1_1_1_1_1_1_1_1_1_1_1_1_1_1_1_1_1_1_1_1_1_1_1_1_1_1_1_1_1_2_1_1_1_1_1_1_1_2_0,165012.21211206715,3,751,2017,"{""type"":""Point"",""coordinates"":[0.0,0.0]}"
1_1_1_1_1_1_1_1_1_1_1_1_1_1_1_1_1_1_1_1_1_1_1_1_1_1_1_1_1_1_1_1_1_1_1_1_1_1_1_1_1_1_1_2_1_1_1_1_1_1_1_2_1,1005758.4857609776,4,751,2017,"{""type"":""Point"",""coordinates"":[0.0,0.0]}"
1_1_1_1_1_1_1_1_1_1_1_1_1_1_1_1_1_1_1_1_1_1_1_1_1_1_1_1_1_1_1_1_1_1_1_1_1_1_1_1_1_1_1_2_1_1_1_1_1_1_1_2_2,0.803476904296875,12,751,2017,"{""type"":""Point"",""coordinates"":[0.0,0.0]}"
1_1_1_1_1_1_1_1_1_1_1_1_1_1_1_1_1_1_1_1_1_1_1_1_1_1_1_1_1_1_1_1_1_1_1_1_1_1_1_1_1_1_1_2_1_1_1_1_1_1_1_2_3,108203.79609627718,21,751,2017,"{""type"":""Point"",""coordinates"":[0.0,0.0]}"
1_1_1_1_1_1_1_1_1_1_1_1_1_1_1_1_1_1_1_1_1_1_1_1_1_1_1_1_1_1_1_1_1_1_1_1_1_1_1_1_1_1_1_2_1_1_1_1_1_1_1_2_4,20416.152844411517,22,751,2017,"{""type"":""Point"",""coordinates"":[0.0,0.0]}"
1_1_1_1_1_1_1_1_1_1_1_1_1_1_1_1_1_1_1_1_1_1_1_1_1_1_1_1_1_1_1_1_1_1_1_1_1_1_1_1_1_1_1_2_1_1_1_1_1_1_1_2_5,27456.28942192973,33,751,2017,"{""type"":""Point"",""coordinates"":[0.0,0.0]}"
1_1_1_1_1_1_1_1_1_1_1_1_1_1_1_1_1_1_1_1_1_1_1_1_1_1_1_1_1_1_1_1_1_1_1_1_1_1_1_1_1_1_1_2_1_1_1_1_1_1_2_0,191657.21475364934,3,751,2018,"{""type"":""Point"",""coordinates"":[0.0,0.0]}"
1_1_1_1_1_1_1_1_1_1_1_1_1_1_1_1_1_1_1_1_1_1_1_1_1_1_1_1_1_1_1_1_1_1_1_1_1_1_1_1_1_1_1_2_1_1_1_1_1_1_2_1,952900.3524169171,4,751,2018,"{""type"":""Point"",""coordinates"":[0.0,0.0]}"
1_1_1_1_1_1_1_1_1_1_1_1_1_1_1_1_1_1_1_1_1_1_1_1_1_1_1_1_1_1_1_1_1_1_1_1_1_1_1_1_1_1_1_2_1_1_1_1_1_1_2_2,49.42058080820119,12,751,2018,"{""type"":""Point"",""coordinates"":[0.0,0.0]}"
1_1_1_1_1_1_1_1_1_1_1_1_1_1_1_1_1_1_1_1_1_1_1_1_1_1_1_1_1_1_1_1_1_1_1_1_1_1_1_1_1_1_1_2_1_1_1_1_1_1_2_3,133004.50573749325,21,751,2018,"{""type"":""Point"",""coordinates"":[0.0,0.0]}"
1_1_1_1_1_1_1_1_1_1_1_1_1_1_1_1_1_1_1_1_1_1_1_1_1_1_1_1_1_1_1_1_1_1_1_1_1_1_1_1_1_1_1_2_1_1_1_1_1_1_2_4,23754.524260355614,22,751,2018,"{""type"":""Point"",""coordinates"":[0.0,0.0]}"
1_1_1_1_1_1_1_1_1_1_1_1_1_1_1_1_1_1_1_1_1_1_1_1_1_1_1_1_1_1_1_1_1_1_1_1_1_1_1_1_1_1_1_2_1_1_1_1_1_1_2_5,0.26764014892578125,29,751,2018,"{""type"":""Point"",""coordinates"":[0.0,0.0]}"
1_1_1_1_1_1_1_1_1_1_1_1_1_1_1_1_1_1_1_1_1_1_1_1_1_1_1_1_1_1_1_1_1_1_1_1_1_1_1_1_1_1_1_2_1_1_1_1_1_1_2_6,25969.86864242523,33,751,2018,"{""type"":""Point"",""coordinates"":[0.0,0.0]}"
1_1_1_1_1_1_1_1_1_1_1_1_1_1_1_1_1_1_1_1_1_1_1_1_1_1_1_1_1_1_1_1_1_1_1_1_1_1_1_1_1_1_1_2_1_1_1_1_1_2_0,195808.67685452377,3,751,2019,"{""type"":""Point"",""coordinates"":[0.0,0.0]}"
1_1_1_1_1_1_1_1_1_1_1_1_1_1_1_1_1_1_1_1_1_1_1_1_1_1_1_1_1_1_1_1_1_1_1_1_1_1_1_1_1_1_1_2_1_1_1_1_1_2_1,953422.4667729272,4,751,2019,"{""type"":""Point"",""coordinates"":[0.0,0.0]}"
1_1_1_1_1_1_1_1_1_1_1_1_1_1_1_1_1_1_1_1_1_1_1_1_1_1_1_1_1_1_1_1_1_1_1_1_1_1_1_1_1_1_1_2_1_1_1_1_1_2_2,35.8755723381252,12,751,2019,"{""type"":""Point"",""coordinates"":[0.0,0.0]}"
1_1_1_1_1_1_1_1_1_1_1_1_1_1_1_1_1_1_1_1_1_1_1_1_1_1_1_1_1_1_1_1_1_1_1_1_1_1_1_1_1_1_1_2_1_1_1_1_1_2_3,126712.46918407251,21,751,2019,"{""type"":""Point"",""coordinates"":[0.0,0.0]}"
1_1_1_1_1_1_1_1_1_1_1_1_1_1_1_1_1_1_1_1_1_1_1_1_1_1_1_1_1_1_1_1_1_1_1_1_1_1_1_1_1_1_1_2_1_1_1_1_1_2_4,22659.95913247339,22,751,2019,"{""type"":""Point"",""coordinates"":[0.0,0.0]}"
1_1_1_1_1_1_1_1_1_1_1_1_1_1_1_1_1_1_1_1_1_1_1_1_1_1_1_1_1_1_1_1_1_1_1_1_1_1_1_1_1_1_1_2_1_1_1_1_1_2_5,28743.170289877897,33,751,2019,"{""type"":""Point"",""coordinates"":[0.0,0.0]}"
1_1_1_1_1_1_1_1_1_1_1_1_1_1_1_1_1_1_1_1_1_1_1_1_1_1_1_1_1_1_1_1_1_1_1_1_1_1_1_1_1_1_1_2_1_1_1_1_2_0,206893.81175862264,3,751,2020,"{""type"":""Point"",""coordinates"":[0.0,0.0]}"
1_1_1_1_1_1_1_1_1_1_1_1_1_1_1_1_1_1_1_1_1_1_1_1_1_1_1_1_1_1_1_1_1_1_1_1_1_1_1_1_1_1_1_2_1_1_1_1_2_1,964442.4119815739,4,751,2020,"{""type"":""Point"",""coordinates"":[0.0,0.0]}"
1_1_1_1_1_1_1_1_1_1_1_1_1_1_1_1_1_1_1_1_1_1_1_1_1_1_1_1_1_1_1_1_1_1_1_1_1_1_1_1_1_1_1_2_1_1_1_1_2_2,10.801869036865233,12,751,2020,"{""type"":""Point"",""coordinates"":[0.0,0.0]}"
1_1_1_1_1_1_1_1_1_1_1_1_1_1_1_1_1_1_1_1_1_1_1_1_1_1_1_1_1_1_1_1_1_1_1_1_1_1_1_1_1_1_1_2_1_1_1_1_2_3,107849.3946218526,21,751,2020,"{""type"":""Point"",""coordinates"":[0.0,0.0]}"
1_1_1_1_1_1_1_1_1_1_1_1_1_1_1_1_1_1_1_1_1_1_1_1_1_1_1_1_1_1_1_1_1_1_1_1_1_1_1_1_1_1_1_2_1_1_1_1_2_4,18515.32046993294,22,751,2020,"{""type"":""Point"",""coordinates"":[0.0,0.0]}"
1_1_1_1_1_1_1_1_1_1_1_1_1_1_1_1_1_1_1_1_1_1_1_1_1_1_1_1_1_1_1_1_1_1_1_1_1_1_1_1_1_1_1_2_1_1_1_1_2_5,29482.084892217426,33,751,2020,"{""type"":""Point"",""coordinates"":[0.0,0.0]}"
1_1_1_1_1_1_1_1_1_1_1_1_1_1_1_1_1_1_1_1_1_1_1_1_1_1_1_1_1_1_1_1_1_1_1_1_1_1_1_1_1_1_1_2_1_1_1_2_0,187690.9939378382,3,751,2021,"{""type"":""Point"",""coordinates"":[0.0,0.0]}"
1_1_1_1_1_1_1_1_1_1_1_1_1_1_1_1_1_1_1_1_1_1_1_1_1_1_1_1_1_1_1_1_1_1_1_1_1_1_1_1_1_1_1_2_1_1_1_2_1,965154.8975819467,4,751,2021,"{""type"":""Point"",""coordinates"":[0.0,0.0]}"
1_1_1_1_1_1_1_1_1_1_1_1_1_1_1_1_1_1_1_1_1_1_1_1_1_1_1_1_1_1_1_1_1_1_1_1_1_1_1_1_1_1_1_2_1_1_1_2_2,29.778780855593215,12,751,2021,"{""type"":""Point"",""coordinates"":[0.0,0.0]}"
1_1_1_1_1_1_1_1_1_1_1_1_1_1_1_1_1_1_1_1_1_1_1_1_1_1_1_1_1_1_1_1_1_1_1_1_1_1_1_1_1_1_1_2_1_1_1_2_3,126027.91482563151,21,751,2021,"{""type"":""Point"",""coordinates"":[0.0,0.0]}"
1_1_1_1_1_1_1_1_1_1_1_1_1_1_1_1_1_1_1_1_1_1_1_1_1_1_1_1_1_1_1_1_1_1_1_1_1_1_1_1_1_1_1_2_1_1_1_2_4,18705.480607239708,22,751,2021,"{""type"":""Point"",""coordinates"":[0.0,0.0]}"
1_1_1_1_1_1_1_1_1_1_1_1_1_1_1_1_1_1_1_1_1_1_1_1_1_1_1_1_1_1_1_1_1_1_1_1_1_1_1_1_1_1_1_2_1_1_1_2_5,0.11730704908183977,29,751,2021,"{""type"":""Point"",""coordinates"":[0.0,0.0]}"
1_1_1_1_1_1_1_1_1_1_1_1_1_1_1_1_1_1_1_1_1_1_1_1_1_1_1_1_1_1_1_1_1_1_1_1_1_1_1_1_1_1_1_2_1_1_1_2_6,29707.68146935677,33,751,2021,"{""type"":""Point"",""coordinates"":[0.0,0.0]}"
1_1_1_1_1_1_1_1_1_1_1_1_1_1_1_1_1_1_1_1_1_1_1_1_1_1_1_1_1_1_1_1_1_1_1_1_1_1_1_1_1_1_1_2_1_1_2_0,99664.09473463721,3,751,2022,"{""type"":""Point"",""coordinates"":[0.0,0.0]}"
1_1_1_1_1_1_1_1_1_1_1_1_1_1_1_1_1_1_1_1_1_1_1_1_1_1_1_1_1_1_1_1_1_1_1_1_1_1_1_1_1_1_1_2_1_1_2_1,1037432.7923527078,4,751,2022,"{""type"":""Point"",""coordinates"":[0.0,0.0]}"
1_1_1_1_1_1_1_1_1_1_1_1_1_1_1_1_1_1_1_1_1_1_1_1_1_1_1_1_1_1_1_1_1_1_1_1_1_1_1_1_1_1_1_2_1_1_2_2,47.358535240191294,12,751,2022,"{""type"":""Point"",""coordinates"":[0.0,0.0]}"
1_1_1_1_1_1_1_1_1_1_1_1_1_1_1_1_1_1_1_1_1_1_1_1_1_1_1_1_1_1_1_1_1_1_1_1_1_1_1_1_1_1_1_2_1_1_2_3,136655.84534368283,21,751,2022,"{""type"":""Point"",""coordinates"":[0.0,0.0]}"
1_1_1_1_1_1_1_1_1_1_1_1_1_1_1_1_1_1_1_1_1_1_1_1_1_1_1_1_1_1_1_1_1_1_1_1_1_1_1_1_1_1_1_2_1_1_2_4,20295.077151735582,22,751,2022,"{""type"":""Point"",""coordinates"":[0.0,0.0]}"
1_1_1_1_1_1_1_1_1_1_1_1_1_1_1_1_1_1_1_1_1_1_1_1_1_1_1_1_1_1_1_1_1_1_1_1_1_1_1_1_1_1_1_2_1_1_2_5,12.822085498980353,29,751,2022,"{""type"":""Point"",""coordinates"":[0.0,0.0]}"
1_1_1_1_1_1_1_1_1_1_1_1_1_1_1_1_1_1_1_1_1_1_1_1_1_1_1_1_1_1_1_1_1_1_1_1_1_1_1_1_1_1_1_2_1_1_2_6,33169.13493888395,33,751,2022,"{""type"":""Point"",""coordinates"":[0.0,0.0]}"
1_1_1_1_1_1_1_1_1_1_1_1_1_1_1_1_1_1_1_1_1_1_1_1_1_1_1_1_1_1_1_1_1_1_1_1_1_1_1_1_1_1_1_2_1_2_0,193524.46786650998,3,751,2023,"{""type"":""Point"",""coordinates"":[0.0,0.0]}"
1_1_1_1_1_1_1_1_1_1_1_1_1_1_1_1_1_1_1_1_1_1_1_1_1_1_1_1_1_1_1_1_1_1_1_1_1_1_1_1_1_1_1_2_1_2_1,973290.8737384784,4,751,2023,"{""type"":""Point"",""coordinates"":[0.0,0.0]}"
1_1_1_1_1_1_1_1_1_1_1_1_1_1_1_1_1_1_1_1_1_1_1_1_1_1_1_1_1_1_1_1_1_1_1_1_1_1_1_1_1_1_1_2_1_2_2,62.75291189175475,12,751,2023,"{""type"":""Point"",""coordinates"":[0.0,0.0]}"
1_1_1_1_1_1_1_1_1_1_1_1_1_1_1_1_1_1_1_1_1_1_1_1_1_1_1_1_1_1_1_1_1_1_1_1_1_1_1_1_1_1_1_2_1_2_3,107465.1831680434,21,751,2023,"{""type"":""Point"",""coordinates"":[0.0,0.0]}"
1_1_1_1_1_1_1_1_1_1_1_1_1_1_1_1_1_1_1_1_1_1_1_1_1_1_1_1_1_1_1_1_1_1_1_1_1_1_1_1_1_1_1_2_1_2_4,23566.60130209882,22,751,2023,"{""type"":""Point"",""coordinates"":[0.0,0.0]}"
1_1_1_1_1_1_1_1_1_1_1_1_1_1_1_1_1_1_1_1_1_1_1_1_1_1_1_1_1_1_1_1_1_1_1_1_1_1_1_1_1_1_1_2_1_2_5,29367.51000821568,33,751,2023,"{""type"":""Point"",""coordinates"":[0.0,0.0]}"
1_1_1_1_1_1_1_1_1_1_1_1_1_1_1_1_1_1_1_1_1_1_1_1_1_1_1_1_1_1_1_1_1_1_1_1_1_1_1_1_1_1_1_2_2_0,92390.04148983804,3,751,2024,"{""type"":""Point"",""coordinates"":[0.0,0.0]}"
1_1_1_1_1_1_1_1_1_1_1_1_1_1_1_1_1_1_1_1_1_1_1_1_1_1_1_1_1_1_1_1_1_1_1_1_1_1_1_1_1_1_1_2_2_1,1054132.6739727564,4,751,2024,"{""type"":""Point"",""coordinates"":[0.0,0.0]}"
1_1_1_1_1_1_1_1_1_1_1_1_1_1_1_1_1_1_1_1_1_1_1_1_1_1_1_1_1_1_1_1_1_1_1_1_1_1_1_1_1_1_1_2_2_2,0.26778228149414063,12,751,2024,"{""type"":""Point"",""coordinates"":[0.0,0.0]}"
1_1_1_1_1_1_1_1_1_1_1_1_1_1_1_1_1_1_1_1_1_1_1_1_1_1_1_1_1_1_1_1_1_1_1_1_1_1_1_1_1_1_1_2_2_3,130236.90060468107,21,751,2024,"{""type"":""Point"",""coordinates"":[0.0,0.0]}"
1_1_1_1_1_1_1_1_1_1_1_1_1_1_1_1_1_1_1_1_1_1_1_1_1_1_1_1_1_1_1_1_1_1_1_1_1_1_1_1_1_1_1_2_2_4,22528.82281804811,22,751,2024,"{""type"":""Point"",""coordinates"":[0.0,0.0]}"
1_1_1_1_1_1_1_1_1_1_1_1_1_1_1_1_1_1_1_1_1_1_1_1_1_1_1_1_1_1_1_1_1_1_1_1_1_1_1_1_1_1_1_2_2_5,27912.63989467,33,751,2024,"{""type"":""Point"",""coordinates"":[0.0,0.0]}"
1_1_1_1_1_1_1_1_1_1_1_1_1_1_1_1_1_1_1_1_1_1_1_1_1_1_1_1_1_1_1_1_1_1_1_1_1_1_1_1_1_1_2_1_1_1_1_1_1_1_1_2_0,15135.656885061282,3,7614,2016,"{""type"":""Point"",""coordinates"":[0.0,0.0]}"
1_1_1_1_1_1_1_1_1_1_1_1_1_1_1_1_1_1_1_1_1_1_1_1_1_1_1_1_1_1_1_1_1_1_1_1_1_1_1_1_1_1_2_1_1_1_1_1_1_1_1_2_1,924531.2406697869,4,7614,2016,"{""type"":""Point"",""coordinates"":[0.0,0.0]}"
1_1_1_1_1_1_1_1_1_1_1_1_1_1_1_1_1_1_1_1_1_1_1_1_1_1_1_1_1_1_1_1_1_1_1_1_1_1_1_1_1_1_2_1_1_1_1_1_1_1_1_2_2,5.933915661621095,12,7614,2016,"{""type"":""Point"",""coordinates"":[0.0,0.0]}"
1_1_1_1_1_1_1_1_1_1_1_1_1_1_1_1_1_1_1_1_1_1_1_1_1_1_1_1_1_1_1_1_1_1_1_1_1_1_1_1_1_1_2_1_1_1_1_1_1_1_1_2_3,428617.5449137209,21,7614,2016,"{""type"":""Point"",""coordinates"":[0.0,0.0]}"
1_1_1_1_1_1_1_1_1_1_1_1_1_1_1_1_1_1_1_1_1_1_1_1_1_1_1_1_1_1_1_1_1_1_1_1_1_1_1_1_1_1_2_1_1_1_1_1_1_1_1_2_4,1256.6133644343852,22,7614,2016,"{""type"":""Point"",""coordinates"":[0.0,0.0]}"
1_1_1_1_1_1_1_1_1_1_1_1_1_1_1_1_1_1_1_1_1_1_1_1_1_1_1_1_1_1_1_1_1_1_1_1_1_1_1_1_1_1_2_1_1_1_1_1_1_1_1_2_5,409.815413671875,29,7614,2016,"{""type"":""Point"",""coordinates"":[0.0,0.0]}"
1_1_1_1_1_1_1_1_1_1_1_1_1_1_1_1_1_1_1_1_1_1_1_1_1_1_1_1_1_1_1_1_1_1_1_1_1_1_1_1_1_1_2_1_1_1_1_1_1_1_1_2_6,648.9833351461027,33,7614,2016,"{""type"":""Point"",""coordinates"":[0.0,0.0]}"
1_1_1_1_1_1_1_1_1_1_1_1_1_1_1_1_1_1_1_1_1_1_1_1_1_1_1_1_1_1_1_1_1_1_1_1_1_1_1_1_1_1_2_1_1_1_1_1_1_1_2_0,615.4530030552336,3,7614,2017,"{""type"":""Point"",""coordinates"":[0.0,0.0]}"
1_1_1_1_1_1_1_1_1_1_1_1_1_1_1_1_1_1_1_1_1_1_1_1_1_1_1_1_1_1_1_1_1_1_1_1_1_1_1_1_1_1_2_1_1_1_1_1_1_1_2_1,181189.19056862162,4,7614,2017,"{""type"":""Point"",""coordinates"":[0.0,0.0]}"
1_1_1_1_1_1_1_1_1_1_1_1_1_1_1_1_1_1_1_1_1_1_1_1_1_1_1_1_1_1_1_1_1_1_1_1_1_1_1_1_1_1_2_1_1_1_1_1_1_1_2_2,0.2657309875488281,12,7614,2017,"{""type"":""Point"",""coordinates"":[0.0,0.0]}"
1_1_1_1_1_1_1_1_1_1_1_1_1_1_1_1_1_1_1_1_1_1_1_1_1_1_1_1_1_1_1_1_1_1_1_1_1_1_1_1_1_1_2_1_1_1_1_1_1_1_2_3,91603.72689442086,21,7614,2017,"{""type"":""Point"",""coordinates"":[0.0,0.0]}"
1_1_1_1_1_1_1_1_1_1_1_1_1_1_1_1_1_1_1_1_1_1_1_1_1_1_1_1_1_1_1_1_1_1_1_1_1_1_1_1_1_1_2_1_1_1_1_1_1_1_2_4,58.311894845664824,22,7614,2017,"{""type"":""Point"",""coordinates"":[0.0,0.0]}"
1_1_1_1_1_1_1_1_1_1_1_1_1_1_1_1_1_1_1_1_1_1_1_1_1_1_1_1_1_1_1_1_1_1_1_1_1_1_1_1_1_1_2_1_1_1_1_1_1_1_2_5,1.772077099609375,29,7614,2017,"{""type"":""Point"",""coordinates"":[0.0,0.0]}"
1_1_1_1_1_1_1_1_1_1_1_1_1_1_1_1_1_1_1_1_1_1_1_1_1_1_1_1_1_1_1_1_1_1_1_1_1_1_1_1_1_1_2_1_1_1_1_1_1_1_2_6,889789.5554773476,33,7614,2017,"{""type"":""Point"",""coordinates"":[0.0,0.0]}"
1_1_1_1_1_1_1_1_1_1_1_1_1_1_1_1_1_1_1_1_1_1_1_1_1_1_1_1_1_1_1_1_1_1_1_1_1_1_1_1_1_1_2_1_1_1_1_1_1_2_0,14989.158559073838,3,7614,2018,"{""type"":""Point"",""coordinates"":[0.0,0.0]}"
1_1_1_1_1_1_1_1_1_1_1_1_1_1_1_1_1_1_1_1_1_1_1_1_1_1_1_1_1_1_1_1_1_1_1_1_1_1_1_1_1_1_2_1_1_1_1_1_1_2_1,834006.2935460092,4,7614,2018,"{""type"":""Point"",""coordinates"":[0.0,0.0]}"
1_1_1_1_1_1_1_1_1_1_1_1_1_1_1_1_1_1_1_1_1_1_1_1_1_1_1_1_1_1_1_1_1_1_1_1_1_1_1_1_1_1_2_1_1_1_1_1_1_2_2,1.8606637268066406,12,7614,2018,"{""type"":""Point"",""coordinates"":[0.0,0.0]}"
1_1_1_1_1_1_1_1_1_1_1_1_1_1_1_1_1_1_1_1_1_1_1_1_1_1_1_1_1_1_1_1_1_1_1_1_1_1_1_1_1_1_2_1_1_1_1_1_1_2_3,519178.6244533207,21,7614,2018,"{""type"":""Point"",""coordinates"":[0.0,0.0]}"
1_1_1_1_1_1_1_1_1_1_1_1_1_1_1_1_1_1_1_1_1_1_1_1_1_1_1_1_1_1_1_1_1_1_1_1_1_1_1_1_1_1_2_1_1_1_1_1_1_2_4,88.5701131759823,22,7614,2018,"{""type"":""Point"",""coordinates"":[0.0,0.0]}"
1_1_1_1_1_1_1_1_1_1_1_1_1_1_1_1_1_1_1_1_1_1_1_1_1_1_1_1_1_1_1_1_1_1_1_1_1_1_1_1_1_1_2_1_1_1_1_1_1_2_5,0.17712869873046877,29,7614,2018,"{""type"":""Point"",""coordinates"":[0.0,0.0]}"
1_1_1_1_1_1_1_1_1_1_1_1_1_1_1_1_1_1_1_1_1_1_1_1_1_1_1_1_1_1_1_1_1_1_1_1_1_1_1_1_1_1_2_1_1_1_1_1_1_2_6,3701.2437824994727,33,7614,2018,"{""type"":""Point"",""coordinates"":[0.0,0.0]}"
1_1_1_1_1_1_1_1_1_1_1_1_1_1_1_1_1_1_1_1_1_1_1_1_1_1_1_1_1_1_1_1_1_1_1_1_1_1_1_1_1_1_2_1_1_1_1_1_2_0,27161.175278192928,3,7614,2019,"{""type"":""Point"",""coordinates"":[0.0,0.0]}"
1_1_1_1_1_1_1_1_1_1_1_1_1_1_1_1_1_1_1_1_1_1_1_1_1_1_1_1_1_1_1_1_1_1_1_1_1_1_1_1_1_1_2_1_1_1_1_1_2_1,935819.7695266401,4,7614,2019,"{""type"":""Point"",""coordinates"":[0.0,0.0]}"
1_1_1_1_1_1_1_1_1_1_1_1_1_1_1_1_1_1_1_1_1_1_1_1_1_1_1_1_1_1_1_1_1_1_1_1_1_1_1_1_1_1_2_1_1_1_1_1_2_2,4.158698339843751,12,7614,2019,"{""type"":""Point"",""coordinates"":[0.0,0.0]}"
1_1_1_1_1_1_1_1_1_1_1_1_1_1_1_1_1_1_1_1_1_1_1_1_1_1_1_1_1_1_1_1_1_1_1_1_1_1_1_1_1_1_2_1_1_1_1_1_2_3,402980.7216560606,21,7614,2019,"{""type"":""Point"",""coordinates"":[0.0,0.0]}"
1_1_1_1_1_1_1_1_1_1_1_1_1_1_1_1_1_1_1_1_1_1_1_1_1_1_1_1_1_1_1_1_1_1_1_1_1_1_1_1_1_1_2_1_1_1_1_1_2_4,2184.9983519161583,22,7614,2019,"{""type"":""Point"",""coordinates"":[0.0,0.0]}"
1_1_1_1_1_1_1_1_1_1_1_1_1_1_1_1_1_1_1_1_1_1_1_1_1_1_1_1_1_1_1_1_1_1_1_1_1_1_1_1_1_1_2_1_1_1_1_1_2_5,1.2400377807617184,29,7614,2019,"{""type"":""Point"",""coordinates"":[0.0,0.0]}"
1_1_1_1_1_1_1_1_1_1_1_1_1_1_1_1_1_1_1_1_1_1_1_1_1_1_1_1_1_1_1_1_1_1_1_1_1_1_1_1_1_1_2_1_1_1_1_1_2_6,3889.9007850750977,33,7614,2019,"{""type"":""Point"",""coordinates"":[0.0,0.0]}"
1_1_1_1_1_1_1_1_1_1_1_1_1_1_1_1_1_1_1_1_1_1_1_1_1_1_1_1_1_1_1_1_1_1_1_1_1_1_1_1_1_1_2_1_1_1_1_2_0,17056.46324017058,3,7614,2020,"{""type"":""Point"",""coordinates"":[0.0,0.0]}"
1_1_1_1_1_1_1_1_1_1_1_1_1_1_1_1_1_1_1_1_1_1_1_1_1_1_1_1_1_1_1_1_1_1_1_1_1_1_1_1_1_1_2_1_1_1_1_2_1,896852.5443368022,4,7614,2020,"{""type"":""Point"",""coordinates"":[0.0,0.0]}"
1_1_1_1_1_1_1_1_1_1_1_1_1_1_1_1_1_1_1_1_1_1_1_1_1_1_1_1_1_1_1_1_1_1_1_1_1_1_1_1_1_1_2_1_1_1_1_2_2,60.193098177490235,12,7614,2020,"{""type"":""Point"",""coordinates"":[0.0,0.0]}"
1_1_1_1_1_1_1_1_1_1_1_1_1_1_1_1_1_1_1_1_1_1_1_1_1_1_1_1_1_1_1_1_1_1_1_1_1_1_1_1_1_1_2_1_1_1_1_2_3,453095.3974363713,21,7614,2020,"{""type"":""Point"",""coordinates"":[0.0,0.0]}"
1_1_1_1_1_1_1_1_1_1_1_1_1_1_1_1_1_1_1_1_1_1_1_1_1_1_1_1_1_1_1_1_1_1_1_1_1_1_1_1_1_1_2_1_1_1_1_2_4,59.93964107687558,22,7614,2020,"{""type"":""Point"",""coordinates"":[0.0,0.0]}"
1_1_1_1_1_1_1_1_1_1_1_1_1_1_1_1_1_1_1_1_1_1_1_1_1_1_1_1_1_1_1_1_1_1_1_1_1_1_1_1_1_1_2_1_1_1_1_2_5,4893.4981937017055,33,7614,2020,"{""type"":""Point"",""coordinates"":[0.0,0.0]}"
1_1_1_1_1_1_1_1_1_1_1_1_1_1_1_1_1_1_1_1_1_1_1_1_1_1_1_1_1_1_1_1_1_1_1_1_1_1_1_1_1_1_2_1_1_1_2_0,12390.354463841462,3,7614,2021,"{""type"":""Point"",""coordinates"":[0.0,0.0]}"
1_1_1_1_1_1_1_1_1_1_1_1_1_1_1_1_1_1_1_1_1_1_1_1_1_1_1_1_1_1_1_1_1_1_1_1_1_1_1_1_1_1_2_1_1_1_2_1,941757.8039497136,4,7614,2021,"{""type"":""Point"",""coordinates"":[0.0,0.0]}"
1_1_1_1_1_1_1_1_1_1_1_1_1_1_1_1_1_1_1_1_1_1_1_1_1_1_1_1_1_1_1_1_1_1_1_1_1_1_1_1_1_1_2_1_1_1_2_2,139.73911090066323,12,7614,2021,"{""type"":""Point"",""coordinates"":[0.0,0.0]}"
1_1_1_1_1_1_1_1_1_1_1_1_1_1_1_1_1_1_1_1_1_1_1_1_1_1_1_1_1_1_1_1_1_1_1_1_1_1_1_1_1_1_2_1_1_1_2_3,412657.7191315989,21,7614,2021,"{""type"":""Point"",""coordinates"":[0.0,0.0]}"
1_1_1_1_1_1_1_1_1_1_1_1_1_1_1_1_1_1_1_1_1_1_1_1_1_1_1_1_1_1_1_1_1_1_1_1_1_1_1_1_1_1_2_1_1_1_2_4,1662.53328861895,22,7614,2021,"{""type"":""Point"",""coordinates"":[0.0,0.0]}"
1_1_1_1_1_1_1_1_1_1_1_1_1_1_1_1_1_1_1_1_1_1_1_1_1_1_1_1_1_1_1_1_1_1_1_1_1_1_1_1_1_1_2_1_1_1_2_5,4.520737377929689,29,7614,2021,"{""type"":""Point"",""coordinates"":[0.0,0.0]}"
1_1_1_1_1_1_1_1_1_1_1_1_1_1_1_1_1_1_1_1_1_1_1_1_1_1_1_1_1_1_1_1_1_1_1_1_1_1_1_1_1_1_2_1_1_1_2_6,3298.2978674544142,33,7614,2021,"{""type"":""Point"",""coordinates"":[0.0,0.0]}"
1_1_1_1_1_1_1_1_1_1_1_1_1_1_1_1_1_1_1_1_1_1_1_1_1_1_1_1_1_1_1_1_1_1_1_1_1_1_1_1_1_1_2_1_1_2_0,16172.428915502738,3,7614,2022,"{""type"":""Point"",""coordinates"":[0.0,0.0]}"
1_1_1_1_1_1_1_1_1_1_1_1_1_1_1_1_1_1_1_1_1_1_1_1_1_1_1_1_1_1_1_1_1_1_1_1_1_1_1_1_1_1_2_1_1_2_1,906300.9370054364,4,7614,2022,"{""type"":""Point"",""coordinates"":[0.0,0.0]}"
1_1_1_1_1_1_1_1_1_1_1_1_1_1_1_1_1_1_1_1_1_1_1_1_1_1_1_1_1_1_1_1_1_1_1_1_1_1_1_1_1_1_2_1_1_2_2,28.18490556066176,12,7614,2022,"{""type"":""Point"",""coordinates"":[0.0,0.0]}"
1_1_1_1_1_1_1_1_1_1_1_1_1_1_1_1_1_1_1_1_1_1_1_1_1_1_1_1_1_1_1_1_1_1_1_1_1_1_1_1_1_1_2_1_1_2_3,444455.46229297126,21,7614,2022,"{""type"":""Point"",""coordinates"":[0.0,0.0]}"
1_1_1_1_1_1_1_1_1_1_1_1_1_1_1_1_1_1_1_1_1_1_1_1_1_1_1_1_1_1_1_1_1_1_1_1_1_1_1_1_1_1_2_1_1_2_4,2143.2234807435466,22,7614,2022,"{""type"":""Point"",""coordinates"":[0.0,0.0]}"
1_1_1_1_1_1_1_1_1_1_1_1_1_1_1_1_1_1_1_1_1_1_1_1_1_1_1_1_1_1_1_1_1_1_1_1_1_1_1_1_1_1_2_1_1_2_5,46.97927066650391,29,7614,2022,"{""type"":""Point"",""coordinates"":[0.0,0.0]}"
1_1_1_1_1_1_1_1_1_1_1_1_1_1_1_1_1_1_1_1_1_1_1_1_1_1_1_1_1_1_1_1_1_1_1_1_1_1_1_1_1_1_2_1_1_2_6,2602.4554595627724,33,7614,2022,"{""type"":""Point"",""coordinates"":[0.0,0.0]}"
1_1_1_1_1_1_1_1_1_1_1_1_1_1_1_1_1_1_1_1_1_1_1_1_1_1_1_1_1_1_1_1_1_1_1_1_1_1_1_1_1_1_2_1_2_0,15220.999067288747,3,7614,2023,"{""type"":""Point"",""coordinates"":[0.0,0.0]}"
1_1_1_1_1_1_1_1_1_1_1_1_1_1_1_1_1_1_1_1_1_1_1_1_1_1_1_1_1_1_1_1_1_1_1_1_1_1_1_1_1_1_2_1_2_1,920409.9483503856,4,7614,2023,"{""type"":""Point"",""coordinates"":[0.0,0.0]}"
1_1_1_1_1_1_1_1_1_1_1_1_1_1_1_1_1_1_1_1_1_1_1_1_1_1_1_1_1_1_1_1_1_1_1_1_1_1_1_1_1_1_2_1_2_2,4.255872857666016,12,7614,2023,"{""type"":""Point"",""coordinates"":[0.0,0.0]}"
1_1_1_1_1_1_1_1_1_1_1_1_1_1_1_1_1_1_1_1_1_1_1_1_1_1_1_1_1_1_1_1_1_1_1_1_1_1_1_1_1_1_2_1_2_3,433224.4649052523,21,7614,2023,"{""type"":""Point"",""coordinates"":[0.0,0.0]}"
1_1_1_1_1_1_1_1_1_1_1_1_1_1_1_1_1_1_1_1_1_1_1_1_1_1_1_1_1_1_1_1_1_1_1_1_1_1_1_1_1_1_2_1_2_4,245.56607005615177,22,7614,2023,"{""type"":""Point"",""coordinates"":[0.0,0.0]}"
1_1_1_1_1_1_1_1_1_1_1_1_1_1_1_1_1_1_1_1_1_1_1_1_1_1_1_1_1_1_1_1_1_1_1_1_1_1_1_1_1_1_2_1_2_5,18.439589337158207,29,7614,2023,"{""type"":""Point"",""coordinates"":[0.0,0.0]}"
1_1_1_1_1_1_1_1_1_1_1_1_1_1_1_1_1_1_1_1_1_1_1_1_1_1_1_1_1_1_1_1_1_1_1_1_1_1_1_1_1_1_2_1_2_6,2735.164270275158,33,7614,2023,"{""type"":""Point"",""coordinates"":[0.0,0.0]}"
1_1_1_1_1_1_1_1_1_1_1_1_1_1_1_1_1_1_1_1_1_1_1_1_1_1_1_1_1_1_1_1_1_1_1_1_1_1_1_1_1_1_2_2_0,11696.942703623366,3,7614,2024,"{""type"":""Point"",""coordinates"":[0.0,0.0]}"
1_1_1_1_1_1_1_1_1_1_1_1_1_1_1_1_1_1_1_1_1_1_1_1_1_1_1_1_1_1_1_1_1_1_1_1_1_1_1_1_1_1_2_2_1,895196.1502813956,4,7614,2024,"{""type"":""Point"",""coordinates"":[0.0,0.0]}"
1_1_1_1_1_1_1_1_1_1_1_1_1_1_1_1_1_1_1_1_1_1_1_1_1_1_1_1_1_1_1_1_1_1_1_1_1_1_1_1_1_1_2_2_2,119.34547494506837,12,7614,2024,"{""type"":""Point"",""coordinates"":[0.0,0.0]}"
1_1_1_1_1_1_1_1_1_1_1_1_1_1_1_1_1_1_1_1_1_1_1_1_1_1_1_1_1_1_1_1_1_1_1_1_1_1_1_1_1_1_2_2_3,459586.16271329153,21,7614,2024,"{""type"":""Point"",""coordinates"":[0.0,0.0]}"
1_1_1_1_1_1_1_1_1_1_1_1_1_1_1_1_1_1_1_1_1_1_1_1_1_1_1_1_1_1_1_1_1_1_1_1_1_1_1_1_1_1_2_2_4,1405.2303037183103,22,7614,2024,"{""type"":""Point"",""coordinates"":[0.0,0.0]}"
1_1_1_1_1_1_1_1_1_1_1_1_1_1_1_1_1_1_1_1_1_1_1_1_1_1_1_1_1_1_1_1_1_1_1_1_1_1_1_1_1_1_2_2_5,752.5149574565571,29,7614,2024,"{""type"":""Point"",""coordinates"":[0.0,0.0]}"
1_1_1_1_1_1_1_1_1_1_1_1_1_1_1_1_1_1_1_1_1_1_1_1_1_1_1_1_1_1_1_1_1_1_1_1_1_1_1_1_1_1_2_2_6,3228.447449785991,33,7614,2024,"{""type"":""Point"",""coordinates"":[0.0,0.0]}"
1_1_1_1_1_1_1_1_1_1_1_1_1_1_1_1_1_1_1_1_1_1_1_1_1_1_1_1_1_1_1_1_1_1_1_1_1_1_1_1_1_2_1_1_1_1_1_1_1_1_2_0,5443.715619181901,3,7616,2016,"{""type"":""Point"",""coordinates"":[0.0,0.0]}"
1_1_1_1_1_1_1_1_1_1_1_1_1_1_1_1_1_1_1_1_1_1_1_1_1_1_1_1_1_1_1_1_1_1_1_1_1_1_1_1_1_2_1_1_1_1_1_1_1_1_2_1,1005065.6319543615,4,7616,2016,"{""type"":""Point"",""coordinates"":[0.0,0.0]}"
1_1_1_1_1_1_1_1_1_1_1_1_1_1_1_1_1_1_1_1_1_1_1_1_1_1_1_1_1_1_1_1_1_1_1_1_1_1_1_1_1_2_1_1_1_1_1_1_1_1_2_2,26.970320788574217,12,7616,2016,"{""type"":""Point"",""coordinates"":[0.0,0.0]}"
1_1_1_1_1_1_1_1_1_1_1_1_1_1_1_1_1_1_1_1_1_1_1_1_1_1_1_1_1_1_1_1_1_1_1_1_1_1_1_1_1_2_1_1_1_1_1_1_1_1_2_3,404237.1677103315,21,7616,2016,"{""type"":""Point"",""coordinates"":[0.0,0.0]}"
1_1_1_1_1_1_1_1_1_1_1_1_1_1_1_1_1_1_1_1_1_1_1_1_1_1_1_1_1_1_1_1_1_1_1_1_1_1_1_1_1_2_1_1_1_1_1_1_1_1_2_4,1844.6330057728724,22,7616,2016,"{""type"":""Point"",""coordinates"":[0.0,0.0]}"
1_1_1_1_1_1_1_1_1_1_1_1_1_1_1_1_1_1_1_1_1_1_1_1_1_1_1_1_1_1_1_1_1_1_1_1_1_1_1_1_1_2_1_1_1_1_1_1_1_1_2_5,324.50739238281267,29,7616,2016,"{""type"":""Point"",""coordinates"":[0.0,0.0]}"
1_1_1_1_1_1_1_1_1_1_1_1_1_1_1_1_1_1_1_1_1_1_1_1_1_1_1_1_1_1_1_1_1_1_1_1_1_1_1_1_1_2_1_1_1_1_1_1_1_1_2_6,722.0468310300581,33,7616,2016,"{""type"":""Point"",""coordinates"":[0.0,0.0]}"
1_1_1_1_1_1_1_1_1_1_1_1_1_1_1_1_1_1_1_1_1_1_1_1_1_1_1_1_1_1_1_1_1_1_1_1_1_1_1_1_1_2_1_1_1_1_1_1_1_2_0,3819.7828909545196,3,7616,2017,"{""type"":""Point"",""coordinates"":[0.0,0.0]}"
1_1_1_1_1_1_1_1_1_1_1_1_1_1_1_1_1_1_1_1_1_1_1_1_1_1_1_1_1_1_1_1_1_1_1_1_1_1_1_1_1_2_1_1_1_1_1_1_1_2_1,1020799.7444259431,4,7616,2017,"{""type"":""Point"",""coordinates"":[0.0,0.0]}"
1_1_1_1_1_1_1_1_1_1_1_1_1_1_1_1_1_1_1_1_1_1_1_1_1_1_1_1_1_1_1_1_1_1_1_1_1_1_1_1_1_2_1_1_1_1_1_1_1_2_2,11.338937939453125,12,7616,2017,"{""type"":""Point"",""coordinates"":[0.0,0.0]}"
1_1_1_1_1_1_1_1_1_1_1_1_1_1_1_1_1_1_1_1_1_1_1_1_1_1_1_1_1_1_1_1_1_1_1_1_1_1_1_1_1_2_1_1_1_1_1_1_1_2_3,394163.54598866607,21,7616,2017,"{""type"":""Point"",""coordinates"":[0.0,0.0]}"
1_1_1_1_1_1_1_1_1_1_1_1_1_1_1_1_1_1_1_1_1_1_1_1_1_1_1_1_1_1_1_1_1_1_1_1_1_1_1_1_1_2_1_1_1_1_1_1_1_2_4,1113.2291421941304,22,7616,2017,"{""type"":""Point"",""coordinates"":[0.0,0.0]}"
1_1_1_1_1_1_1_1_1_1_1_1_1_1_1_1_1_1_1_1_1_1_1_1_1_1_1_1_1_1_1_1_1_1_1_1_1_1_1_1_1_2_1_1_1_1_1_1_1_2_5,671.9474208959246,29,7616,2017,"{""type"":""Point"",""coordinates"":[0.0,0.0]}"
1_1_1_1_1_1_1_1_1_1_1_1_1_1_1_1_1_1_1_1_1_1_1_1_1_1_1_1_1_1_1_1_1_1_1_1_1_1_1_1_1_2_1_1_1_1_1_1_1_2_6,328.6853395913041,33,7616,2017,"{""type"":""Point"",""coordinates"":[0.0,0.0]}"
1_1_1_1_1_1_1_1_1_1_1_1_1_1_1_1_1_1_1_1_1_1_1_1_1_1_1_1_1_1_1_1_1_1_1_1_1_1_1_1_1_2_1_1_1_1_1_1_2_0,4558.272823264784,3,7616,2018,"{""type"":""Point"",""coordinates"":[0.0,0.0]}"
1_1_1_1_1_1_1_1_1_1_1_1_1_1_1_1_1_1_1_1_1_1_1_1_1_1_1_1_1_1_1_1_1_1_1_1_1_1_1_1_1_2_1_1_1_1_1_1_2_1,1026385.003875852,4,7616,2018,"{""type"":""Point"",""coordinates"":[0.0,0.0]}"
1_1_1_1_1_1_1_1_1_1_1_1_1_1_1_1_1_1_1_1_1_1_1_1_1_1_1_1_1_1_1_1_1_1_1_1_1_1_1_1_1_2_1_1_1_1_1_1_2_2,8.709254266357421,12,7616,2018,"{""type"":""Point"",""coordinates"":[0.0,0.0]}"
1_1_1_1_1_1_1_1_1_1_1_1_1_1_1_1_1_1_1_1_1_1_1_1_1_1_1_1_1_1_1_1_1_1_1_1_1_1_1_1_1_2_1_1_1_1_1_1_2_3,387269.96150582447,21,7616,2018,"{""type"":""Point"",""coordinates"":[0.0,0.0]}"
1_1_1_1_1_1_1_1_1_1_1_1_1_1_1_1_1_1_1_1_1_1_1_1_1_1_1_1_1_1_1_1_1_1_1_1_1_1_1_1_1_2_1_1_1_1_1_1_2_4,2099.1298170019177,22,7616,2018,"{""type"":""Point"",""coordinates"":[0.0,0.0]}"
1_1_1_1_1_1_1_1_1_1_1_1_1_1_1_1_1_1_1_1_1_1_1_1_1_1_1_1_1_1_1_1_1_1_1_1_1_1_1_1_1_2_1_1_1_1_1_1_2_5,473.68203332474076,29,7616,2018,"{""type"":""Point"",""coordinates"":[0.0,0.0]}"
1_1_1_1_1_1_1_1_1_1_1_1_1_1_1_1_1_1_1_1_1_1_1_1_1_1_1_1_1_1_1_1_1_1_1_1_1_1_1_1_1_2_1_1_1_1_1_1_2_6,423.5885447830021,33,7616,2018,"{""type"":""Point"",""coordinates"":[0.0,0.0]}"
1_1_1_1_1_1_1_1_1_1_1_1_1_1_1_1_1_1_1_1_1_1_1_1_1_1_1_1_1_1_1_1_1_1_1_1_1_1_1_1_1_2_1_1_1_1_1_2_0,7169.126721011405,3,7616,2019,"{""type"":""Point"",""coordinates"":[0.0,0.0]}"
1_1_1_1_1_1_1_1_1_1_1_1_1_1_1_1_1_1_1_1_1_1_1_1_1_1_1_1_1_1_1_1_1_1_1_1_1_1_1_1_1_2_1_1_1_1_1_2_1,981263.2334890874,4,7616,2019,"{""type"":""Point"",""coordinates"":[0.0,0.0]}"
1_1_1_1_1_1_1_1_1_1_1_1_1_1_1_1_1_1_1_1_1_1_1_1_1_1_1_1_1_1_1_1_1_1_1_1_1_1_1_1_1_2_1_1_1_1_1_2_2,2989.182376502352,12,7616,2019,"{""type"":""Point"",""coordinates"":[0.0,0.0]}"
1_1_1_1_1_1_1_1_1_1_1_1_1_1_1_1_1_1_1_1_1_1_1_1_1_1_1_1_1_1_1_1_1_1_1_1_1_1_1_1_1_2_1_1_1_1_1_2_3,428320.40582880314,21,7616,2019,"{""type"":""Point"",""coordinates"":[0.0,0.0]}"
1_1_1_1_1_1_1_1_1_1_1_1_1_1_1_1_1_1_1_1_1_1_1_1_1_1_1_1_1_1_1_1_1_1_1_1_1_1_1_1_1_2_1_1_1_1_1_2_4,947.5094784637616,22,7616,2019,"{""type"":""Point"",""coordinates"":[0.0,0.0]}"
1_1_1_1_1_1_1_1_1_1_1_1_1_1_1_1_1_1_1_1_1_1_1_1_1_1_1_1_1_1_1_1_1_1_1_1_1_1_1_1_1_2_1_1_1_1_1_2_5,380.706073253461,29,7616,2019,"{""type"":""Point"",""coordinates"":[0.0,0.0]}"
1_1_1_1_1_1_1_1_1_1_1_1_1_1_1_1_1_1_1_1_1_1_1_1_1_1_1_1_1_1_1_1_1_1_1_1_1_1_1_1_1_2_1_1_1_1_1_2_6,203.32035615351654,33,7616,2019,"{""type"":""Point"",""coordinates"":[0.0,0.0]}"
1_1_1_1_1_1_1_1_1_1_1_1_1_1_1_1_1_1_1_1_1_1_1_1_1_1_1_1_1_1_1_1_1_1_1_1_1_1_1_1_1_2_1_1_1_1_2_0,3069.7237717123544,3,7616,2020,"{""type"":""Point"",""coordinates"":[0.0,0.0]}"
1_1_1_1_1_1_1_1_1_1_1_1_1_1_1_1_1_1_1_1_1_1_1_1_1_1_1_1_1_1_1_1_1_1_1_1_1_1_1_1_1_2_1_1_1_1_2_1,1001661.8101669357,4,7616,2020,"{""type"":""Point"",""coordinates"":[0.0,0.0]}"
1_1_1_1_1_1_1_1_1_1_1_1_1_1_1_1_1_1_1_1_1_1_1_1_1_1_1_1_1_1_1_1_1_1_1_1_1_1_1_1_1_2_1_1_1_1_2_2,17.674796228027343,12,7616,2020,"{""type"":""Point"",""coordinates"":[0.0,0.0]}"
1_1_1_1_1_1_1_1_1_1_1_1_1_1_1_1_1_1_1_1_1_1_1_1_1_1_1_1_1_1_1_1_1_1_1_1_1_1_1_1_1_2_1_1_1_1_2_3,410892.93994604074,21,7616,2020,"{""type"":""Point"",""coordinates"":[0.0,0.0]}"
1_1_1_1_1_1_1_1_1_1_1_1_1_1_1_1_1_1_1_1_1_1_1_1_1_1_1_1_1_1_1_1_1_1_1_1_1_1_1_1_1_2_1_1_1_1_2_4,3030.835923919757,22,7616,2020,"{""type"":""Point"",""coordinates"":[0.0,0.0]}"
1_1_1_1_1_1_1_1_1_1_1_1_1_1_1_1_1_1_1_1_1_1_1_1_1_1_1_1_1_1_1_1_1_1_1_1_1_1_1_1_1_2_1_1_1_1_2_5,2421.339888894925,29,7616,2020,"{""type"":""Point"",""coordinates"":[0.0,0.0]}"
1_1_1_1_1_1_1_1_1_1_1_1_1_1_1_1_1_1_1_1_1_1_1_1_1_1_1_1_1_1_1_1_1_1_1_1_1_1_1_1_1_2_1_1_1_1_2_6,169.4339168954888,33,7616,2020,"{""type"":""Point"",""coordinates"":[0.0,0.0]}"
1_1_1_1_1_1_1_1_1_1_1_1_1_1_1_1_1_1_1_1_1_1_1_1_1_1_1_1_1_1_1_1_1_1_1_1_1_1_1_1_1_2_1_1_1_2_0,6477.094222062616,3,7616,2021,"{""type"":""Point"",""coordinates"":[0.0,0.0]}"
1_1_1_1_1_1_1_1_1_1_1_1_1_1_1_1_1_1_1_1_1_1_1_1_1_1_1_1_1_1_1_1_1_1_1_1_1_1_1_1_1_2_1_1_1_2_1,973967.2515985282,4,7616,2021,"{""type"":""Point"",""coordinates"":[0.0,0.0]}"
1_1_1_1_1_1_1_1_1_1_1_1_1_1_1_1_1_1_1_1_1_1_1_1_1_1_1_1_1_1_1_1_1_1_1_1_1_1_1_1_1_2_1_1_1_2_2,37.99688931884764,12,7616,2021,"{""type"":""Point"",""coordinates"":[0.0,0.0]}"
1_1_1_1_1_1_1_1_1_1_1_1_1_1_1_1_1_1_1_1_1_1_1_1_1_1_1_1_1_1_1_1_1_1_1_1_1_1_1_1_1_2_1_1_1_2_3,437220.603353019,21,7616,2021,"{""type"":""Point"",""coordinates"":[0.0,0.0]}"
1_1_1_1_1_1_1_1_1_1_1_1_1_1_1_1_1_1_1_1_1_1_1_1_1_1_1_1_1_1_1_1_1_1_1_1_1_1_1_1_1_2_1_1_1_2_4,2531.2912523661607,22,7616,2021,"{""type"":""Point"",""coordinates"":[0.0,0.0]}"
1_1_1_1_1_1_1_1_1_1_1_1_1_1_1_1_1_1_1_1_1_1_1_1_1_1_1_1_1_1_1_1_1_1_1_1_1_1_1_1_1_2_1_1_1_2_5,352.3399651198443,29,7616,2021,"{""type"":""Point"",""coordinates"":[0.0,0.0]}"
1_1_1_1_1_1_1_1_1_1_1_1_1_1_1_1_1_1_1_1_1_1_1_1_1_1_1_1_1_1_1_1_1_1_1_1_1_1_1_1_1_2_1_1_1_2_6,708.1569061288866,33,7616,2021,"{""type"":""Point"",""coordinates"":[0.0,0.0]}"
1_1_1_1_1_1_1_1_1_1_1_1_1_1_1_1_1_1_1_1_1_1_1_1_1_1_1_1_1_1_1_1_1_1_1_1_1_1_1_1_1_2_1_1_2_0,2742.0159042412197,3,7616,2022,"{""type"":""Point"",""coordinates"":[0.0,0.0]}"
1_1_1_1_1_1_1_1_1_1_1_1_1_1_1_1_1_1_1_1_1_1_1_1_1_1_1_1_1_1_1_1_1_1_1_1_1_1_1_1_1_2_1_1_2_1,986132.0394380505,4,7616,2022,"{""type"":""Point"",""coordinates"":[0.0,0.0]}"
1_1_1_1_1_1_1_1_1_1_1_1_1_1_1_1_1_1_1_1_1_1_1_1_1_1_1_1_1_1_1_1_1_1_1_1_1_1_1_1_1_2_1_1_2_2,153.60953284974337,12,7616,2022,"{""type"":""Point"",""coordinates"":[0.0,0.0]}"
1_1_1_1_1_1_1_1_1_1_1_1_1_1_1_1_1_1_1_1_1_1_1_1_1_1_1_1_1_1_1_1_1_1_1_1_1_1_1_1_1_2_1_1_2_3,428611.337524665,21,7616,2022,"{""type"":""Point"",""coordinates"":[0.0,0.0]}"
1_1_1_1_1_1_1_1_1_1_1_1_1_1_1_1_1_1_1_1_1_1_1_1_1_1_1_1_1_1_1_1_1_1_1_1_1_1_1_1_1_2_1_1_2_4,1381.6690371921666,22,7616,2022,"{""type"":""Point"",""coordinates"":[0.0,0.0]}"
1_1_1_1_1_1_1_1_1_1_1_1_1_1_1_1_1_1_1_1_1_1_1_1_1_1_1_1_1_1_1_1_1_1_1_1_1_1_1_1_1_2_1_1_2_5,1881.3145620264165,29,7616,2022,"{""type"":""Point"",""coordinates"":[0.0,0.0]}"
1_1_1_1_1_1_1_1_1_1_1_1_1_1_1_1_1_1_1_1_1_1_1_1_1_1_1_1_1_1_1_1_1_1_1_1_1_1_1_1_1_2_1_1_2_6,385.75034288906954,33,7616,2022,"{""type"":""Point"",""coordinates"":[0.0,0.0]}"
1_1_1_1_1_1_1_1_1_1_1_1_1_1_1_1_1_1_1_1_1_1_1_1_1_1_1_1_1_1_1_1_1_1_1_1_1_1_1_1_1_2_1_2_0,3883.9471585796514,3,7616,2023,"{""type"":""Point"",""coordinates"":[0.0,0.0]}"
1_1_1_1_1_1_1_1_1_1_1_1_1_1_1_1_1_1_1_1_1_1_1_1_1_1_1_1_1_1_1_1_1_1_1_1_1_1_1_1_1_2_1_2_1,1021313.546482443,4,7616,2023,"{""type"":""Point"",""coordinates"":[0.0,0.0]}"
1_1_1_1_1_1_1_1_1_1_1_1_1_1_1_1_1_1_1_1_1_1_1_1_1_1_1_1_1_1_1_1_1_1_1_1_1_1_1_1_1_2_1_2_2,183.11949180486943,12,7616,2023,"{""type"":""Point"",""coordinates"":[0.0,0.0]}"
1_1_1_1_1_1_1_1_1_1_1_1_1_1_1_1_1_1_1_1_1_1_1_1_1_1_1_1_1_1_1_1_1_1_1_1_1_1_1_1_1_2_1_2_3,393714.7643229165,21,7616,2023,"{""type"":""Point"",""coordinates"":[0.0,0.0]}"
1_1_1_1_1_1_1_1_1_1_1_1_1_1_1_1_1_1_1_1_1_1_1_1_1_1_1_1_1_1_1_1_1_1_1_1_1_1_1_1_1_2_1_2_4,825.2085934749347,22,7616,2023,"{""type"":""Point"",""coordinates"":[0.0,0.0]}"
1_1_1_1_1_1_1_1_1_1_1_1_1_1_1_1_1_1_1_1_1_1_1_1_1_1_1_1_1_1_1_1_1_1_1_1_1_1_1_1_1_2_1_2_5,1094.2395795047794,29,7616,2023,"{""type"":""Point"",""coordinates"":[0.0,0.0]}"
1_1_1_1_1_1_1_1_1_1_1_1_1_1_1_1_1_1_1_1_1_1_1_1_1_1_1_1_1_1_1_1_1_1_1_1_1_1_1_1_1_2_1_2_6,262.24292422779797,33,7616,2023,"{""type"":""Point"",""coordinates"":[0.0,0.0]}"
1_1_1_1_1_1_1_1_1_1_1_1_1_1_1_1_1_1_1_1_1_1_1_1_1_1_1_1_1_1_1_1_1_1_1_1_1_1_1_1_1_2_2_0,7996.614261381156,3,7616,2024,"{""type"":""Point"",""coordinates"":[0.0,0.0]}"
1_1_1_1_1_1_1_1_1_1_1_1_1_1_1_1_1_1_1_1_1_1_1_1_1_1_1_1_1_1_1_1_1_1_1_1_1_1_1_1_1_2_2_1,839711.9117409814,4,7616,2024,"{""type"":""Point"",""coordinates"":[0.0,0.0]}"
1_1_1_1_1_1_1_1_1_1_1_1_1_1_1_1_1_1_1_1_1_1_1_1_1_1_1_1_1_1_1_1_1_1_1_1_1_1_1_1_1_2_2_2,12.94554073486328,12,7616,2024,"{""type"":""Point"",""coordinates"":[0.0,0.0]}"
1_1_1_1_1_1_1_1_1_1_1_1_1_1_1_1_1_1_1_1_1_1_1_1_1_1_1_1_1_1_1_1_1_1_1_1_1_1_1_1_1_2_2_3,568633.5315050331,21,7616,2024,"{""type"":""Point"",""coordinates"":[0.0,0.0]}"
1_1_1_1_1_1_1_1_1_1_1_1_1_1_1_1_1_1_1_1_1_1_1_1_1_1_1_1_1_1_1_1_1_1_1_1_1_1_1_1_1_2_2_4,2937.6183879761015,22,7616,2024,"{""type"":""Point"",""coordinates"":[0.0,0.0]}"
1_1_1_1_1_1_1_1_1_1_1_1_1_1_1_1_1_1_1_1_1_1_1_1_1_1_1_1_1_1_1_1_1_1_1_1_1_1_1_1_1_2_2_5,479.7177250140737,29,7616,2024,"{""type"":""Point"",""coordinates"":[0.0,0.0]}"
1_1_1_1_1_1_1_1_1_1_1_1_1_1_1_1_1_1_1_1_1_1_1_1_1_1_1_1_1_1_1_1_1_1_1_1_1_1_1_1_1_2_2_6,1208.5689927304986,33,7616,2024,"{""type"":""Point"",""coordinates"":[0.0,0.0]}"
1_1_1_1_1_1_1_1_1_1_1_1_1_1_1_1_1_1_1_1_1_1_1_1_1_1_1_1_1_1_1_1_1_1_1_1_1_1_1_1_2_1_1_1_1_1_1_1_1_2_0,245854.24688648328,3,745,2016,"{""type"":""Point"",""coordinates"":[0.0,0.0]}"
1_1_1_1_1_1_1_1_1_1_1_1_1_1_1_1_1_1_1_1_1_1_1_1_1_1_1_1_1_1_1_1_1_1_1_1_1_1_1_1_2_1_1_1_1_1_1_1_1_2_1,378330.88983225304,4,745,2016,"{""type"":""Point"",""coordinates"":[0.0,0.0]}"
1_1_1_1_1_1_1_1_1_1_1_1_1_1_1_1_1_1_1_1_1_1_1_1_1_1_1_1_1_1_1_1_1_1_1_1_1_1_1_1_2_1_1_1_1_1_1_1_1_2_2,130.44063403298767,12,745,2016,"{""type"":""Point"",""coordinates"":[0.0,0.0]}"
1_1_1_1_1_1_1_1_1_1_1_1_1_1_1_1_1_1_1_1_1_1_1_1_1_1_1_1_1_1_1_1_1_1_1_1_1_1_1_1_2_1_1_1_1_1_1_1_1_2_3,28185.62530168033,21,745,2016,"{""type"":""Point"",""coordinates"":[0.0,0.0]}"
1_1_1_1_1_1_1_1_1_1_1_1_1_1_1_1_1_1_1_1_1_1_1_1_1_1_1_1_1_1_1_1_1_1_1_1_1_1_1_1_2_1_1_1_1_1_1_1_1_2_4,331.09289629892396,22,745,2016,"{""type"":""Point"",""coordinates"":[0.0,0.0]}"
1_1_1_1_1_1_1_1_1_1_1_1_1_1_1_1_1_1_1_1_1_1_1_1_1_1_1_1_1_1_1_1_1_1_1_1_1_1_1_1_2_1_1_1_1_1_1_1_1_2_5,513.4484130317908,29,745,2016,"{""type"":""Point"",""coordinates"":[0.0,0.0]}"
1_1_1_1_1_1_1_1_1_1_1_1_1_1_1_1_1_1_1_1_1_1_1_1_1_1_1_1_1_1_1_1_1_1_1_1_1_1_1_1_2_1_1_1_1_1_1_1_1_2_6,527.5952167541499,33,745,2016,"{""type"":""Point"",""coordinates"":[0.0,0.0]}"
1_1_1_1_1_1_1_1_1_1_1_1_1_1_1_1_1_1_1_1_1_1_1_1_1_1_1_1_1_1_1_1_1_1_1_1_1_1_1_1_2_1_1_1_1_1_1_1_2_0,238394.5428880974,3,745,2017,"{""type"":""Point"",""coordinates"":[0.0,0.0]}"
1_1_1_1_1_1_1_1_1_1_1_1_1_1_1_1_1_1_1_1_1_1_1_1_1_1_1_1_1_1_1_1_1_1_1_1_1_1_1_1_2_1_1_1_1_1_1_1_2_1,387222.68203234865,4,745,2017,"{""type"":""Point"",""coordinates"":[0.0,0.0]}"
1_1_1_1_1_1_1_1_1_1_1_1_1_1_1_1_1_1_1_1_1_1_1_1_1_1_1_1_1_1_1_1_1_1_1_1_1_1_1_1_2_1_1_1_1_1_1_1_2_2,423.3732785692639,12,745,2017,"{""type"":""Point"",""coordinates"":[0.0,0.0]}"
1_1_1_1_1_1_1_1_1_1_1_1_1_1_1_1_1_1_1_1_1_1_1_1_1_1_1_1_1_1_1_1_1_1_1_1_1_1_1_1_2_1_1_1_1_1_1_1_2_3,26381.613427491244,21,745,2017,"{""type"":""Point"",""coordinates"":[0.0,0.0]}"
1_1_1_1_1_1_1_1_1_1_1_1_1_1_1_1_1_1_1_1_1_1_1_1_1_1_1_1_1_1_1_1_1_1_1_1_1_1_1_1_2_1_1_1_1_1_1_1_2_4,296.803673534582,22,745,2017,"{""type"":""Point"",""coordinates"":[0.0,0.0]}"
1_1_1_1_1_1_1_1_1_1_1_1_1_1_1_1_1_1_1_1_1_1_1_1_1_1_1_1_1_1_1_1_1_1_1_1_1_1_1_1_2_1_1_1_1_1_1_1_2_5,94.63119806518557,29,745,2017,"{""type"":""Point"",""coordinates"":[0.0,0.0]}"
1_1_1_1_1_1_1_1_1_1_1_1_1_1_1_1_1_1_1_1_1_1_1_1_1_1_1_1_1_1_1_1_1_1_1_1_1_1_1_1_2_1_1_1_1_1_1_1_2_6,1059.958200927742,33,745,2017,"{""type"":""Point"",""coordinates"":[0.0,0.0]}"
1_1_1_1_1_1_1_1_1_1_1_1_1_1_1_1_1_1_1_1_1_1_1_1_1_1_1_1_1_1_1_1_1_1_1_1_1_1_1_1_2_1_1_1_1_1_1_2_0,269869.3705459365,3,745,2018,"{""type"":""Point"",""coordinates"":[0.0,0.0]}"
1_1_1_1_1_1_1_1_1_1_1_1_1_1_1_1_1_1_1_1_1_1_1_1_1_1_1_1_1_1_1_1_1_1_1_1_1_1_1_1_2_1_1_1_1_1_1_2_1,362156.68816315464,4,745,2018,"{""type"":""Point"",""coordinates"":[0.0,0.0]}"
1_1_1_1_1_1_1_1_1_1_1_1_1_1_1_1_1_1_1_1_1_1_1_1_1_1_1_1_1_1_1_1_1_1_1_1_1_1_1_1_2_1_1_1_1_1_1_2_2,233.46998814472263,12,745,2018,"{""type"":""Point"",""coordinates"":[0.0,0.0]}"
1_1_1_1_1_1_1_1_1_1_1_1_1_1_1_1_1_1_1_1_1_1_1_1_1_1_1_1_1_1_1_1_1_1_1_1_1_1_1_1_2_1_1_1_1_1_1_2_3,19815.347274976695,21,745,2018,"{""type"":""Point"",""coordinates"":[0.0,0.0]}"
1_1_1_1_1_1_1_1_1_1_1_1_1_1_1_1_1_1_1_1_1_1_1_1_1_1_1_1_1_1_1_1_1_1_1_1_1_1_1_1_2_1_1_1_1_1_1_2_4,217.2951906644215,22,745,2018,"{""type"":""Point"",""coordinates"":[0.0,0.0]}"
1_1_1_1_1_1_1_1_1_1_1_1_1_1_1_1_1_1_1_1_1_1_1_1_1_1_1_1_1_1_1_1_1_1_1_1_1_1_1_1_2_1_1_1_1_1_1_2_5,126.03702874145532,29,745,2018,"{""type"":""Point"",""coordinates"":[0.0,0.0]}"
1_1_1_1_1_1_1_1_1_1_1_1_1_1_1_1_1_1_1_1_1_1_1_1_1_1_1_1_1_1_1_1_1_1_1_1_1_1_1_1_2_1_1_1_1_1_1_2_6,1455.3965073974575,33,745,2018,"{""type"":""Point"",""coordinates"":[0.0,0.0]}"
1_1_1_1_1_1_1_1_1_1_1_1_1_1_1_1_1_1_1_1_1_1_1_1_1_1_1_1_1_1_1_1_1_1_1_1_1_1_1_1_2_1_1_1_1_1_2_0,256099.728770025,3,745,2019,"{""type"":""Point"",""coordinates"":[0.0,0.0]}"
1_1_1_1_1_1_1_1_1_1_1_1_1_1_1_1_1_1_1_1_1_1_1_1_1_1_1_1_1_1_1_1_1_1_1_1_1_1_1_1_2_1_1_1_1_1_2_1,373889.77908601833,4,745,2019,"{""type"":""Point"",""coordinates"":[0.0,0.0]}"
1_1_1_1_1_1_1_1_1_1_1_1_1_1_1_1_1_1_1_1_1_1_1_1_1_1_1_1_1_1_1_1_1_1_1_1_1_1_1_1_2_1_1_1_1_1_2_2,100.09294160539208,12,745,2019,"{""type"":""Point"",""coordinates"":[0.0,0.0]}"
1_1_1_1_1_1_1_1_1_1_1_1_1_1_1_1_1_1_1_1_1_1_1_1_1_1_1_1_1_1_1_1_1_1_1_1_1_1_1_1_2_1_1_1_1_1_2_3,22190.631169060587,21,745,2019,"{""type"":""Point"",""coordinates"":[0.0,0.0]}"
1_1_1_1_1_1_1_1_1_1_1_1_1_1_1_1_1_1_1_1_1_1_1_1_1_1_1_1_1_1_1_1_1_1_1_1_1_1_1_1_2_1_1_1_1_1_2_4,364.1859965595569,22,745,2019,"{""type"":""Point"",""coordinates"":[0.0,0.0]}"
1_1_1_1_1_1_1_1_1_1_1_1_1_1_1_1_1_1_1_1_1_1_1_1_1_1_1_1_1_1_1_1_1_1_1_1_1_1_1_1_2_1_1_1_1_1_2_5,108.40116612627813,29,745,2019,"{""type"":""Point"",""coordinates"":[0.0,0.0]}"
1_1_1_1_1_1_1_1_1_1_1_1_1_1_1_1_1_1_1_1_1_1_1_1_1_1_1_1_1_1_1_1_1_1_1_1_1_1_1_1_2_1_1_1_1_1_2_6,1120.785569639254,33,745,2019,"{""type"":""Point"",""coordinates"":[0.0,0.0]}"
1_1_1_1_1_1_1_1_1_1_1_1_1_1_1_1_1_1_1_1_1_1_1_1_1_1_1_1_1_1_1_1_1_1_1_1_1_1_1_1_2_1_1_1_1_2_0,270143.03286033345,3,745,2020,"{""type"":""Point"",""coordinates"":[0.0,0.0]}"
1_1_1_1_1_1_1_1_1_1_1_1_1_1_1_1_1_1_1_1_1_1_1_1_1_1_1_1_1_1_1_1_1_1_1_1_1_1_1_1_2_1_1_1_1_2_1,358290.998577873,4,745,2020,"{""type"":""Point"",""coordinates"":[0.0,0.0]}"
1_1_1_1_1_1_1_1_1_1_1_1_1_1_1_1_1_1_1_1_1_1_1_1_1_1_1_1_1_1_1_1_1_1_1_1_1_1_1_1_2_1_1_1_1_2_2,955.5047471050646,12,745,2020,"{""type"":""Point"",""coordinates"":[0.0,0.0]}"
1_1_1_1_1_1_1_1_1_1_1_1_1_1_1_1_1_1_1_1_1_1_1_1_1_1_1_1_1_1_1_1_1_1_1_1_1_1_1_1_2_1_1_1_1_2_3,22746.10417921329,21,745,2020,"{""type"":""Point"",""coordinates"":[0.0,0.0]}"
1_1_1_1_1_1_1_1_1_1_1_1_1_1_1_1_1_1_1_1_1_1_1_1_1_1_1_1_1_1_1_1_1_1_1_1_1_1_1_1_2_1_1_1_1_2_4,685.5354998219673,22,745,2020,"{""type"":""Point"",""coordinates"":[0.0,0.0]}"
1_1_1_1_1_1_1_1_1_1_1_1_1_1_1_1_1_1_1_1_1_1_1_1_1_1_1_1_1_1_1_1_1_1_1_1_1_1_1_1_2_1_1_1_1_2_5,4.696764611816406,29,745,2020,"{""type"":""Point"",""coordinates"":[0.0,0.0]}"
1_1_1_1_1_1_1_1_1_1_1_1_1_1_1_1_1_1_1_1_1_1_1_1_1_1_1_1_1_1_1_1_1_1_1_1_1_1_1_1_2_1_1_1_1_2_6,1047.7320700911282,33,745,2020,"{""type"":""Point"",""coordinates"":[0.0,0.0]}"
1_1_1_1_1_1_1_1_1_1_1_1_1_1_1_1_1_1_1_1_1_1_1_1_1_1_1_1_1_1_1_1_1_1_1_1_1_1_1_1_2_1_1_1_2_0,288807.5591496355,3,745,2021,"{""type"":""Point"",""coordinates"":[0.0,0.0]}"
1_1_1_1_1_1_1_1_1_1_1_1_1_1_1_1_1_1_1_1_1_1_1_1_1_1_1_1_1_1_1_1_1_1_1_1_1_1_1_1_2_1_1_1_2_1,334444.4195576654,4,745,2021,"{""type"":""Point"",""coordinates"":[0.0,0.0]}"
1_1_1_1_1_1_1_1_1_1_1_1_1_1_1_1_1_1_1_1_1_1_1_1_1_1_1_1_1_1_1_1_1_1_1_1_1_1_1_1_2_1_1_1_2_2,620.7221508454223,12,745,2021,"{""type"":""Point"",""coordinates"":[0.0,0.0]}"
1_1_1_1_1_1_1_1_1_1_1_1_1_1_1_1_1_1_1_1_1_1_1_1_1_1_1_1_1_1_1_1_1_1_1_1_1_1_1_1_2_1_1_1_2_3,28266.320449127477,21,745,2021,"{""type"":""Point"",""coordinates"":[0.0,0.0]}"
1_1_1_1_1_1_1_1_1_1_1_1_1_1_1_1_1_1_1_1_1_1_1_1_1_1_1_1_1_1_1_1_1_1_1_1_1_1_1_1_2_1_1_1_2_4,752.4835328182693,22,745,2021,"{""type"":""Point"",""coordinates"":[0.0,0.0]}"
1_1_1_1_1_1_1_1_1_1_1_1_1_1_1_1_1_1_1_1_1_1_1_1_1_1_1_1_1_1_1_1_1_1_1_1_1_1_1_1_2_1_1_1_2_5,1.683266436767578,29,745,2021,"{""type"":""Point"",""coordinates"":[0.0,0.0]}"
1_1_1_1_1_1_1_1_1_1_1_1_1_1_1_1_1_1_1_1_1_1_1_1_1_1_1_1_1_1_1_1_1_1_1_1_1_1_1_1_2_1_1_1_2_6,980.4165924880122,33,745,2021,"{""type"":""Point"",""coordinates"":[0.0,0.0]}"
1_1_1_1_1_1_1_1_1_1_1_1_1_1_1_1_1_1_1_1_1_1_1_1_1_1_1_1_1_1_1_1_1_1_1_1_1_1_1_1_2_1_1_2_0,264369.1141046289,3,745,2022,"{""type"":""Point"",""coordinates"":[0.0,0.0]}"
1_1_1_1_1_1_1_1_1_1_1_1_1_1_1_1_1_1_1_1_1_1_1_1_1_1_1_1_1_1_1_1_1_1_1_1_1_1_1_1_2_1_1_2_1,360776.23997705523,4,745,2022,"{""type"":""Point"",""coordinates"":[0.0,0.0]}"
1_1_1_1_1_1_1_1_1_1_1_1_1_1_1_1_1_1_1_1_1_1_1_1_1_1_1_1_1_1_1_1_1_1_1_1_1_1_1_1_2_1_1_2_2,136.89504912896848,12,745,2022,"{""type"":""Point"",""coordinates"":[0.0,0.0]}"
1_1_1_1_1_1_1_1_1_1_1_1_1_1_1_1_1_1_1_1_1_1_1_1_1_1_1_1_1_1_1_1_1_1_1_1_1_1_1_1_2_1_1_2_3,27287.18439706332,21,745,2022,"{""type"":""Point"",""coordinates"":[0.0,0.0]}"
1_1_1_1_1_1_1_1_1_1_1_1_1_1_1_1_1_1_1_1_1_1_1_1_1_1_1_1_1_1_1_1_1_1_1_1_1_1_1_1_2_1_1_2_4,309.2293301863846,22,745,2022,"{""type"":""Point"",""coordinates"":[0.0,0.0]}"
1_1_1_1_1_1_1_1_1_1_1_1_1_1_1_1_1_1_1_1_1_1_1_1_1_1_1_1_1_1_1_1_1_1_1_1_1_1_1_1_2_1_1_2_5,2.746797717285156,29,745,2022,"{""type"":""Point"",""coordinates"":[0.0,0.0]}"
1_1_1_1_1_1_1_1_1_1_1_1_1_1_1_1_1_1_1_1_1_1_1_1_1_1_1_1_1_1_1_1_1_1_1_1_1_1_1_1_2_1_1_2_6,992.1950432814726,33,745,2022,"{""type"":""Point"",""coordinates"":[0.0,0.0]}"
1_1_1_1_1_1_1_1_1_1_1_1_1_1_1_1_1_1_1_1_1_1_1_1_1_1_1_1_1_1_1_1_1_1_1_1_1_1_1_1_2_1_2_0,277102.9313330802,3,745,2023,"{""type"":""Point"",""coordinates"":[0.0,0.0]}"
1_1_1_1_1_1_1_1_1_1_1_1_1_1_1_1_1_1_1_1_1_1_1_1_1_1_1_1_1_1_1_1_1_1_1_1_1_1_1_1_2_1_2_1,358726.23546795774,4,745,2023,"{""type"":""Point"",""coordinates"":[0.0,0.0]}"
1_1_1_1_1_1_1_1_1_1_1_1_1_1_1_1_1_1_1_1_1_1_1_1_1_1_1_1_1_1_1_1_1_1_1_1_1_1_1_1_2_1_2_2,27.51838664967257,12,745,2023,"{""type"":""Point"",""coordinates"":[0.0,0.0]}"
1_1_1_1_1_1_1_1_1_1_1_1_1_1_1_1_1_1_1_1_1_1_1_1_1_1_1_1_1_1_1_1_1_1_1_1_1_1_1_1_2_1_2_3,16655.112526041772,21,745,2023,"{""type"":""Point"",""coordinates"":[0.0,0.0]}"
1_1_1_1_1_1_1_1_1_1_1_1_1_1_1_1_1_1_1_1_1_1_1_1_1_1_1_1_1_1_1_1_1_1_1_1_1_1_1_1_2_1_2_4,152.3825517333985,22,745,2023,"{""type"":""Point"",""coordinates"":[0.0,0.0]}"
1_1_1_1_1_1_1_1_1_1_1_1_1_1_1_1_1_1_1_1_1_1_1_1_1_1_1_1_1_1_1_1_1_1_1_1_1_1_1_1_2_1_2_5,139.4904348626351,29,745,2023,"{""type"":""Point"",""coordinates"":[0.0,0.0]}"
1_1_1_1_1_1_1_1_1_1_1_1_1_1_1_1_1_1_1_1_1_1_1_1_1_1_1_1_1_1_1_1_1_1_1_1_1_1_1_1_2_1_2_6,1069.9339987302626,33,745,2023,"{""type"":""Point"",""coordinates"":[0.0,0.0]}"
1_1_1_1_1_1_1_1_1_1_1_1_1_1_1_1_1_1_1_1_1_1_1_1_1_1_1_1_1_1_1_1_1_1_1_1_1_1_1_1_2_2_0,226998.73284858497,3,745,2024,"{""type"":""Point"",""coordinates"":[0.0,0.0]}"
1_1_1_1_1_1_1_1_1_1_1_1_1_1_1_1_1_1_1_1_1_1_1_1_1_1_1_1_1_1_1_1_1_1_1_1_1_1_1_1_2_2_1,402851.728550622,4,745,2024,"{""type"":""Point"",""coordinates"":[0.0,0.0]}"
1_1_1_1_1_1_1_1_1_1_1_1_1_1_1_1_1_1_1_1_1_1_1_1_1_1_1_1_1_1_1_1_1_1_1_1_1_1_1_1_2_2_2,7.541631500244141,12,745,2024,"{""type"":""Point"",""coordinates"":[0.0,0.0]}"
1_1_1_1_1_1_1_1_1_1_1_1_1_1_1_1_1_1_1_1_1_1_1_1_1_1_1_1_1_1_1_1_1_1_1_1_1_1_1_1_2_2_3,22923.420372361932,21,745,2024,"{""type"":""Point"",""coordinates"":[0.0,0.0]}"
1_1_1_1_1_1_1_1_1_1_1_1_1_1_1_1_1_1_1_1_1_1_1_1_1_1_1_1_1_1_1_1_1_1_1_1_1_1_1_1_2_2_4,125.79932864487584,22,745,2024,"{""type"":""Point"",""coordinates"":[0.0,0.0]}"
1_1_1_1_1_1_1_1_1_1_1_1_1_1_1_1_1_1_1_1_1_1_1_1_1_1_1_1_1_1_1_1_1_1_1_1_1_1_1_1_2_2_5,153.35245304122617,29,745,2024,"{""type"":""Point"",""coordinates"":[0.0,0.0]}"
1_1_1_1_1_1_1_1_1_1_1_1_1_1_1_1_1_1_1_1_1_1_1_1_1_1_1_1_1_1_1_1_1_1_1_1_1_1_1_1_2_2_6,813.0295143005479,33,745,2024,"{""type"":""Point"",""coordinates"":[0.0,0.0]}"
1_1_1_1_1_1_1_1_1_1_1_1_1_1_1_1_1_1_1_1_1_1_1_1_1_1_1_1_1_1_1_1_1_1_1_1_1_1_1_2_1_1_1_1_1_1_1_1_2_0,289.68703807660273,3,7424,2016,"{""type"":""Point"",""coordinates"":[0.0,0.0]}"
1_1_1_1_1_1_1_1_1_1_1_1_1_1_1_1_1_1_1_1_1_1_1_1_1_1_1_1_1_1_1_1_1_1_1_1_1_1_1_2_1_1_1_1_1_1_1_1_2_1,814096.4007280304,4,7424,2016,"{""type"":""Point"",""coordinates"":[0.0,0.0]}"
1_1_1_1_1_1_1_1_1_1_1_1_1_1_1_1_1_1_1_1_1_1_1_1_1_1_1_1_1_1_1_1_1_1_1_1_1_1_1_2_1_1_1_1_1_1_1_1_2_2,35.37415453491211,12,7424,2016,"{""type"":""Point"",""coordinates"":[0.0,0.0]}"
1_1_1_1_1_1_1_1_1_1_1_1_1_1_1_1_1_1_1_1_1_1_1_1_1_1_1_1_1_1_1_1_1_1_1_1_1_1_1_2_1_1_1_1_1_1_1_1_2_3,109063.17280175273,21,7424,2016,"{""type"":""Point"",""coordinates"":[0.0,0.0]}"
1_1_1_1_1_1_1_1_1_1_1_1_1_1_1_1_1_1_1_1_1_1_1_1_1_1_1_1_1_1_1_1_1_1_1_1_1_1_1_2_1_1_1_1_1_1_1_1_2_4,7.02285414428711,22,7424,2016,"{""type"":""Point"",""coordinates"":[0.0,0.0]}"
1_1_1_1_1_1_1_1_1_1_1_1_1_1_1_1_1_1_1_1_1_1_1_1_1_1_1_1_1_1_1_1_1_1_1_1_1_1_1_2_1_1_1_1_1_1_1_1_2_5,46.46376360473633,29,7424,2016,"{""type"":""Point"",""coordinates"":[0.0,0.0]}"
1_1_1_1_1_1_1_1_1_1_1_1_1_1_1_1_1_1_1_1_1_1_1_1_1_1_1_1_1_1_1_1_1_1_1_1_1_1_1_2_1_1_1_1_1_1_1_1_2_6,33.950019335937505,33,7424,2016,"{""type"":""Point"",""coordinates"":[0.0,0.0]}"
1_1_1_1_1_1_1_1_1_1_1_1_1_1_1_1_1_1_1_1_1_1_1_1_1_1_1_1_1_1_1_1_1_1_1_1_1_1_1_2_1_1_1_1_1_1_1_2_0,73.8566326975864,3,7424,2017,"{""type"":""Point"",""coordinates"":[0.0,0.0]}"
1_1_1_1_1_1_1_1_1_1_1_1_1_1_1_1_1_1_1_1_1_1_1_1_1_1_1_1_1_1_1_1_1_1_1_1_1_1_1_2_1_1_1_1_1_1_1_2_1,823628.1517400731,4,7424,2017,"{""type"":""Point"",""coordinates"":[0.0,0.0]}"
1_1_1_1_1_1_1_1_1_1_1_1_1_1_1_1_1_1_1_1_1_1_1_1_1_1_1_1_1_1_1_1_1_1_1_1_1_1_1_2_1_1_1_1_1_1_1_2_2,94.73909578366747,12,7424,2017,"{""type"":""Point"",""coordinates"":[0.0,0.0]}"
1_1_1_1_1_1_1_1_1_1_1_1_1_1_1_1_1_1_1_1_1_1_1_1_1_1_1_1_1_1_1_1_1_1_1_1_1_1_1_2_1_1_1_1_1_1_1_2_3,99687.42560784862,21,7424,2017,"{""type"":""Point"",""coordinates"":[0.0,0.0]}"
1_1_1_1_1_1_1_1_1_1_1_1_1_1_1_1_1_1_1_1_1_1_1_1_1_1_1_1_1_1_1_1_1_1_1_1_1_1_1_2_1_1_1_1_1_1_1_2_4,14.129221075439453,22,7424,2017,"{""type"":""Point"",""coordinates"":[0.0,0.0]}"
1_1_1_1_1_1_1_1_1_1_1_1_1_1_1_1_1_1_1_1_1_1_1_1_1_1_1_1_1_1_1_1_1_1_1_1_1_1_1_2_1_1_1_1_1_1_1_2_5,0.26651624755859377,29,7424,2017,"{""type"":""Point"",""coordinates"":[0.0,0.0]}"
1_1_1_1_1_1_1_1_1_1_1_1_1_1_1_1_1_1_1_1_1_1_1_1_1_1_1_1_1_1_1_1_1_1_1_1_1_1_1_2_1_1_1_1_1_1_1_2_6,73.68045591430665,33,7424,2017,"{""type"":""Point"",""coordinates"":[0.0,0.0]}"
1_1_1_1_1_1_1_1_1_1_1_1_1_1_1_1_1_1_1_1_1_1_1_1_1_1_1_1_1_1_1_1_1_1_1_1_1_1_1_2_1_1_1_1_1_1_2_0,154.9262873750575,3,7424,2018,"{""type"":""Point"",""coordinates"":[0.0,0.0]}"
1_1_1_1_1_1_1_1_1_1_1_1_1_1_1_1_1_1_1_1_1_1_1_1_1_1_1_1_1_1_1_1_1_1_1_1_1_1_1_2_1_1_1_1_1_1_2_1,834261.4204035242,4,7424,2018,"{""type"":""Point"",""coordinates"":[0.0,0.0]}"
1_1_1_1_1_1_1_1_1_1_1_1_1_1_1_1_1_1_1_1_1_1_1_1_1_1_1_1_1_1_1_1_1_1_1_1_1_1_1_2_1_1_1_1_1_1_2_2,1414.0941192708078,12,7424,2018,"{""type"":""Point"",""coordinates"":[0.0,0.0]}"
1_1_1_1_1_1_1_1_1_1_1_1_1_1_1_1_1_1_1_1_1_1_1_1_1_1_1_1_1_1_1_1_1_1_1_1_1_1_1_2_1_1_1_1_1_1_2_3,87449.10885686216,21,7424,2018,"{""type"":""Point"",""coordinates"":[0.0,0.0]}"
1_1_1_1_1_1_1_1_1_1_1_1_1_1_1_1_1_1_1_1_1_1_1_1_1_1_1_1_1_1_1_1_1_1_1_1_1_1_1_2_1_1_1_1_1_1_2_4,130.81593610416203,22,7424,2018,"{""type"":""Point"",""coordinates"":[0.0,0.0]}"
1_1_1_1_1_1_1_1_1_1_1_1_1_1_1_1_1_1_1_1_1_1_1_1_1_1_1_1_1_1_1_1_1_1_1_1_1_1_1_2_1_1_1_1_1_1_2_5,19.315421312136188,29,7424,2018,"{""type"":""Point"",""coordinates"":[0.0,0.0]}"
1_1_1_1_1_1_1_1_1_1_1_1_1_1_1_1_1_1_1_1_1_1_1_1_1_1_1_1_1_1_1_1_1_1_1_1_1_1_1_2_1_1_1_1_1_1_2_6,142.56824510498043,33,7424,2018,"{""type"":""Point"",""coordinates"":[0.0,0.0]}"
1_1_1_1_1_1_1_1_1_1_1_1_1_1_1_1_1_1_1_1_1_1_1_1_1_1_1_1_1_1_1_1_1_1_1_1_1_1_1_2_1_1_1_1_1_2_0,374.2348384548531,3,7424,2019,"{""type"":""Point"",""coordinates"":[0.0,0.0]}"
1_1_1_1_1_1_1_1_1_1_1_1_1_1_1_1_1_1_1_1_1_1_1_1_1_1_1_1_1_1_1_1_1_1_1_1_1_1_1_2_1_1_1_1_1_2_1,859746.4291350634,4,7424,2019,"{""type"":""Point"",""coordinates"":[0.0,0.0]}"
1_1_1_1_1_1_1_1_1_1_1_1_1_1_1_1_1_1_1_1_1_1_1_1_1_1_1_1_1_1_1_1_1_1_1_1_1_1_1_2_1_1_1_1_1_2_2,42.601665961890134,12,7424,2019,"{""type"":""Point"",""coordinates"":[0.0,0.0]}"
1_1_1_1_1_1_1_1_1_1_1_1_1_1_1_1_1_1_1_1_1_1_1_1_1_1_1_1_1_1_1_1_1_1_1_1_1_1_1_2_1_1_1_1_1_2_3,63239.14556189599,21,7424,2019,"{""type"":""Point"",""coordinates"":[0.0,0.0]}"
1_1_1_1_1_1_1_1_1_1_1_1_1_1_1_1_1_1_1_1_1_1_1_1_1_1_1_1_1_1_1_1_1_1_1_1_1_1_1_2_1_1_1_1_1_2_4,77.94095449218752,22,7424,2019,"{""type"":""Point"",""coordinates"":[0.0,0.0]}"
1_1_1_1_1_1_1_1_1_1_1_1_1_1_1_1_1_1_1_1_1_1_1_1_1_1_1_1_1_1_1_1_1_1_1_1_1_1_1_2_1_1_1_1_1_2_5,5.330590936279295,29,7424,2019,"{""type"":""Point"",""coordinates"":[0.0,0.0]}"
1_1_1_1_1_1_1_1_1_1_1_1_1_1_1_1_1_1_1_1_1_1_1_1_1_1_1_1_1_1_1_1_1_1_1_1_1_1_1_2_1_1_1_1_1_2_6,86.56652261352546,33,7424,2019,"{""type"":""Point"",""coordinates"":[0.0,0.0]}"
1_1_1_1_1_1_1_1_1_1_1_1_1_1_1_1_1_1_1_1_1_1_1_1_1_1_1_1_1_1_1_1_1_1_1_1_1_1_1_2_1_1_1_1_2_0,359.25209375162814,3,7424,2020,"{""type"":""Point"",""coordinates"":[0.0,0.0]}"
1_1_1_1_1_1_1_1_1_1_1_1_1_1_1_1_1_1_1_1_1_1_1_1_1_1_1_1_1_1_1_1_1_1_1_1_1_1_1_2_1_1_1_1_2_1,847124.3886560292,4,7424,2020,"{""type"":""Point"",""coordinates"":[0.0,0.0]}"
1_1_1_1_1_1_1_1_1_1_1_1_1_1_1_1_1_1_1_1_1_1_1_1_1_1_1_1_1_1_1_1_1_1_1_1_1_1_1_2_1_1_1_1_2_2,1256.5281946905639,12,7424,2020,"{""type"":""Point"",""coordinates"":[0.0,0.0]}"
1_1_1_1_1_1_1_1_1_1_1_1_1_1_1_1_1_1_1_1_1_1_1_1_1_1_1_1_1_1_1_1_1_1_1_1_1_1_1_2_1_1_1_1_2_3,74468.29174522715,21,7424,2020,"{""type"":""Point"",""coordinates"":[0.0,0.0]}"
1_1_1_1_1_1_1_1_1_1_1_1_1_1_1_1_1_1_1_1_1_1_1_1_1_1_1_1_1_1_1_1_1_1_1_1_1_1_1_2_1_1_1_1_2_4,305.57061746096196,22,7424,2020,"{""type"":""Point"",""coordinates"":[0.0,0.0]}"
1_1_1_1_1_1_1_1_1_1_1_1_1_1_1_1_1_1_1_1_1_1_1_1_1_1_1_1_1_1_1_1_1_1_1_1_1_1_1_2_1_1_1_1_2_5,58.2179624206543,33,7424,2020,"{""type"":""Point"",""coordinates"":[0.0,0.0]}"
1_1_1_1_1_1_1_1_1_1_1_1_1_1_1_1_1_1_1_1_1_1_1_1_1_1_1_1_1_1_1_1_1_1_1_1_1_1_1_2_1_1_1_2_0,376.9996264329618,3,7424,2021,"{""type"":""Point"",""coordinates"":[0.0,0.0]}"
1_1_1_1_1_1_1_1_1_1_1_1_1_1_1_1_1_1_1_1_1_1_1_1_1_1_1_1_1_1_1_1_1_1_1_1_1_1_1_2_1_1_1_2_1,852252.9920333158,4,7424,2021,"{""type"":""Point"",""coordinates"":[0.0,0.0]}"
1_1_1_1_1_1_1_1_1_1_1_1_1_1_1_1_1_1_1_1_1_1_1_1_1_1_1_1_1_1_1_1_1_1_1_1_1_1_1_2_1_1_1_2_2,91.78762024536135,12,7424,2021,"{""type"":""Point"",""coordinates"":[0.0,0.0]}"
1_1_1_1_1_1_1_1_1_1_1_1_1_1_1_1_1_1_1_1_1_1_1_1_1_1_1_1_1_1_1_1_1_1_1_1_1_1_1_2_1_1_1_2_3,70644.99905149851,21,7424,2021,"{""type"":""Point"",""coordinates"":[0.0,0.0]}"
1_1_1_1_1_1_1_1_1_1_1_1_1_1_1_1_1_1_1_1_1_1_1_1_1_1_1_1_1_1_1_1_1_1_1_1_1_1_1_2_1_1_1_2_4,90.81257898559568,22,7424,2021,"{""type"":""Point"",""coordinates"":[0.0,0.0]}"
1_1_1_1_1_1_1_1_1_1_1_1_1_1_1_1_1_1_1_1_1_1_1_1_1_1_1_1_1_1_1_1_1_1_1_1_1_1_1_2_1_1_1_2_5,8.003458996582031,29,7424,2021,"{""type"":""Point"",""coordinates"":[0.0,0.0]}"
1_1_1_1_1_1_1_1_1_1_1_1_1_1_1_1_1_1_1_1_1_1_1_1_1_1_1_1_1_1_1_1_1_1_1_1_1_1_1_2_1_1_1_2_6,106.65490007324223,33,7424,2021,"{""type"":""Point"",""coordinates"":[0.0,0.0]}"
1_1_1_1_1_1_1_1_1_1_1_1_1_1_1_1_1_1_1_1_1_1_1_1_1_1_1_1_1_1_1_1_1_1_1_1_1_1_1_2_1_1_2_0,222.1928617296401,3,7424,2022,"{""type"":""Point"",""coordinates"":[0.0,0.0]}"
1_1_1_1_1_1_1_1_1_1_1_1_1_1_1_1_1_1_1_1_1_1_1_1_1_1_1_1_1_1_1_1_1_1_1_1_1_1_1_2_1_1_2_1,840816.592442124,4,7424,2022,"{""type"":""Point"",""coordinates"":[0.0,0.0]}"
1_1_1_1_1_1_1_1_1_1_1_1_1_1_1_1_1_1_1_1_1_1_1_1_1_1_1_1_1_1_1_1_1_1_1_1_1_1_1_2_1_1_2_2,35.89228966358858,12,7424,2022,"{""type"":""Point"",""coordinates"":[0.0,0.0]}"
1_1_1_1_1_1_1_1_1_1_1_1_1_1_1_1_1_1_1_1_1_1_1_1_1_1_1_1_1_1_1_1_1_1_1_1_1_1_1_2_1_1_2_3,82131.63466415266,21,7424,2022,"{""type"":""Point"",""coordinates"":[0.0,0.0]}"
1_1_1_1_1_1_1_1_1_1_1_1_1_1_1_1_1_1_1_1_1_1_1_1_1_1_1_1_1_1_1_1_1_1_1_1_1_1_1_2_1_1_2_4,47.021767022705085,22,7424,2022,"{""type"":""Point"",""coordinates"":[0.0,0.0]}"
1_1_1_1_1_1_1_1_1_1_1_1_1_1_1_1_1_1_1_1_1_1_1_1_1_1_1_1_1_1_1_1_1_1_1_1_1_1_1_2_1_1_2_5,188.806096326545,29,7424,2022,"{""type"":""Point"",""coordinates"":[0.0,0.0]}"
1_1_1_1_1_1_1_1_1_1_1_1_1_1_1_1_1_1_1_1_1_1_1_1_1_1_1_1_1_1_1_1_1_1_1_1_1_1_1_2_1_1_2_6,130.10914859757963,33,7424,2022,"{""type"":""Point"",""coordinates"":[0.0,0.0]}"
1_1_1_1_1_1_1_1_1_1_1_1_1_1_1_1_1_1_1_1_1_1_1_1_1_1_1_1_1_1_1_1_1_1_1_1_1_1_1_2_1_2_0,357.5241931329227,3,7424,2023,"{""type"":""Point"",""coordinates"":[0.0,0.0]}"
1_1_1_1_1_1_1_1_1_1_1_1_1_1_1_1_1_1_1_1_1_1_1_1_1_1_1_1_1_1_1_1_1_1_1_1_1_1_1_2_1_2_1,857928.7300078261,4,7424,2023,"{""type"":""Point"",""coordinates"":[0.0,0.0]}"
1_1_1_1_1_1_1_1_1_1_1_1_1_1_1_1_1_1_1_1_1_1_1_1_1_1_1_1_1_1_1_1_1_1_1_1_1_1_1_2_1_2_2,25.220230813873876,12,7424,2023,"{""type"":""Point"",""coordinates"":[0.0,0.0]}"
1_1_1_1_1_1_1_1_1_1_1_1_1_1_1_1_1_1_1_1_1_1_1_1_1_1_1_1_1_1_1_1_1_1_1_1_1_1_1_2_1_2_3,65017.80805068256,21,7424,2023,"{""type"":""Point"",""coordinates"":[0.0,0.0]}"
1_1_1_1_1_1_1_1_1_1_1_1_1_1_1_1_1_1_1_1_1_1_1_1_1_1_1_1_1_1_1_1_1_1_1_1_1_1_1_2_1_2_4,110.37312704467777,22,7424,2023,"{""type"":""Point"",""coordinates"":[0.0,0.0]}"
1_1_1_1_1_1_1_1_1_1_1_1_1_1_1_1_1_1_1_1_1_1_1_1_1_1_1_1_1_1_1_1_1_1_1_1_1_1_1_2_1_2_5,35.54003541870119,29,7424,2023,"{""type"":""Point"",""coordinates"":[0.0,0.0]}"
1_1_1_1_1_1_1_1_1_1_1_1_1_1_1_1_1_1_1_1_1_1_1_1_1_1_1_1_1_1_1_1_1_1_1_1_1_1_1_2_1_2_6,97.05362460327152,33,7424,2023,"{""type"":""Point"",""coordinates"":[0.0,0.0]}"
1_1_1_1_1_1_1_1_1_1_1_1_1_1_1_1_1_1_1_1_1_1_1_1_1_1_1_1_1_1_1_1_1_1_1_1_1_1_1_2_2_0,384.93910046420126,3,7424,2024,"{""type"":""Point"",""coordinates"":[0.0,0.0]}"
1_1_1_1_1_1_1_1_1_1_1_1_1_1_1_1_1_1_1_1_1_1_1_1_1_1_1_1_1_1_1_1_1_1_1_1_1_1_1_2_2_1,884362.3991940377,4,7424,2024,"{""type"":""Point"",""coordinates"":[0.0,0.0]}"
1_1_1_1_1_1_1_1_1_1_1_1_1_1_1_1_1_1_1_1_1_1_1_1_1_1_1_1_1_1_1_1_1_1_1_1_1_1_1_2_2_2,47.926808317416324,12,7424,2024,"{""type"":""Point"",""coordinates"":[0.0,0.0]}"
1_1_1_1_1_1_1_1_1_1_1_1_1_1_1_1_1_1_1_1_1_1_1_1_1_1_1_1_1_1_1_1_1_1_1_1_1_1_1_2_2_3,38607.8845984194,21,7424,2024,"{""type"":""Point"",""coordinates"":[0.0,0.0]}"
1_1_1_1_1_1_1_1_1_1_1_1_1_1_1_1_1_1_1_1_1_1_1_1_1_1_1_1_1_1_1_1_1_1_1_1_1_1_1_2_2_4,3.6418210205078125,22,7424,2024,"{""type"":""Point"",""coordinates"":[0.0,0.0]}"
1_1_1_1_1_1_1_1_1_1_1_1_1_1_1_1_1_1_1_1_1_1_1_1_1_1_1_1_1_1_1_1_1_1_1_1_1_1_1_2_2_5,60.846091485595686,29,7424,2024,"{""type"":""Point"",""coordinates"":[0.0,0.0]}"
1_1_1_1_1_1_1_1_1_1_1_1_1_1_1_1_1_1_1_1_1_1_1_1_1_1_1_1_1_1_1_1_1_1_1_1_1_1_1_2_2_6,104.61165561523433,33,7424,2024,"{""type"":""Point"",""coordinates"":[0.0,0.0]}"
1_1_1_1_1_1_1_1_1_1_1_1_1_1_1_1_1_1_1_1_1_1_1_1_1_1_1_1_1_1_1_1_1_1_1_1_1_1_2_1_1_1_1_1_1_1_1_2_0,1877.5824321788232,3,773,2016,"{""type"":""Point"",""coordinates"":[0.0,0.0]}"
1_1_1_1_1_1_1_1_1_1_1_1_1_1_1_1_1_1_1_1_1_1_1_1_1_1_1_1_1_1_1_1_1_1_1_1_1_1_2_1_1_1_1_1_1_1_1_2_1,111062.37845369881,4,773,2016,"{""type"":""Point"",""coordinates"":[0.0,0.0]}"
1_1_1_1_1_1_1_1_1_1_1_1_1_1_1_1_1_1_1_1_1_1_1_1_1_1_1_1_1_1_1_1_1_1_1_1_1_1_2_1_1_1_1_1_1_1_1_2_2,1.1379861450195314,12,773,2016,"{""type"":""Point"",""coordinates"":[0.0,0.0]}"
1_1_1_1_1_1_1_1_1_1_1_1_1_1_1_1_1_1_1_1_1_1_1_1_1_1_1_1_1_1_1_1_1_1_1_1_1_1_2_1_1_1_1_1_1_1_1_2_3,262537.38866148615,21,773,2016,"{""type"":""Point"",""coordinates"":[0.0,0.0]}"
1_1_1_1_1_1_1_1_1_1_1_1_1_1_1_1_1_1_1_1_1_1_1_1_1_1_1_1_1_1_1_1_1_1_1_1_1_1_2_1_1_1_1_1_1_1_1_2_4,261.6021521775431,22,773,2016,"{""type"":""Point"",""coordinates"":[0.0,0.0]}"
1_1_1_1_1_1_1_1_1_1_1_1_1_1_1_1_1_1_1_1_1_1_1_1_1_1_1_1_1_1_1_1_1_1_1_1_1_1_2_1_1_1_1_1_1_1_1_2_5,5.859974658203125,29,773,2016,"{""type"":""Point"",""coordinates"":[0.0,0.0]}"
1_1_1_1_1_1_1_1_1_1_1_1_1_1_1_1_1_1_1_1_1_1_1_1_1_1_1_1_1_1_1_1_1_1_1_1_1_1_2_1_1_1_1_1_1_1_1_2_6,138.4170619340485,33,773,2016,"{""type"":""Point"",""coordinates"":[0.0,0.0]}"
1_1_1_1_1_1_1_1_1_1_1_1_1_1_1_1_1_1_1_1_1_1_1_1_1_1_1_1_1_1_1_1_1_1_1_1_1_1_2_1_1_1_1_1_1_1_2_0,1575.099592724629,3,773,2017,"{""type"":""Point"",""coordinates"":[0.0,0.0]}"
1_1_1_1_1_1_1_1_1_1_1_1_1_1_1_1_1_1_1_1_1_1_1_1_1_1_1_1_1_1_1_1_1_1_1_1_1_1_2_1_1_1_1_1_1_1_2_1,81006.37105982042,4,773,2017,"{""type"":""Point"",""coordinates"":[0.0,0.0]}"
1_1_1_1_1_1_1_1_1_1_1_1_1_1_1_1_1_1_1_1_1_1_1_1_1_1_1_1_1_1_1_1_1_1_1_1_1_1_2_1_1_1_1_1_1_1_2_2,185.17985311348698,12,773,2017,"{""type"":""Point"",""coordinates"":[0.0,0.0]}"
1_1_1_1_1_1_1_1_1_1_1_1_1_1_1_1_1_1_1_1_1_1_1_1_1_1_1_1_1_1_1_1_1_1_1_1_1_1_2_1_1_1_1_1_1_1_2_3,292984.3059682559,21,773,2017,"{""type"":""Point"",""coordinates"":[0.0,0.0]}"
1_1_1_1_1_1_1_1_1_1_1_1_1_1_1_1_1_1_1_1_1_1_1_1_1_1_1_1_1_1_1_1_1_1_1_1_1_1_2_1_1_1_1_1_1_1_2_4,39.87664135201246,22,773,2017,"{""type"":""Point"",""coordinates"":[0.0,0.0]}"
1_1_1_1_1_1_1_1_1_1_1_1_1_1_1_1_1_1_1_1_1_1_1_1_1_1_1_1_1_1_1_1_1_1_1_1_1_1_2_1_1_1_1_1_1_1_2_5,0.17482494506835938,29,773,2017,"{""type"":""Point"",""coordinates"":[0.0,0.0]}"
1_1_1_1_1_1_1_1_1_1_1_1_1_1_1_1_1_1_1_1_1_1_1_1_1_1_1_1_1_1_1_1_1_1_1_1_1_1_2_1_1_1_1_1_1_1_2_6,94.40719272401105,33,773,2017,"{""type"":""Point"",""coordinates"":[0.0,0.0]}"
1_1_1_1_1_1_1_1_1_1_1_1_1_1_1_1_1_1_1_1_1_1_1_1_1_1_1_1_1_1_1_1_1_1_1_1_1_1_2_1_1_1_1_1_1_2_0,1076.8829254405296,3,773,2018,"{""type"":""Point"",""coordinates"":[0.0,0.0]}"
1_1_1_1_1_1_1_1_1_1_1_1_1_1_1_1_1_1_1_1_1_1_1_1_1_1_1_1_1_1_1_1_1_1_1_1_1_1_2_1_1_1_1_1_1_2_1,44722.59251409148,4,773,2018,"{""type"":""Point"",""coordinates"":[0.0,0.0]}"
1_1_1_1_1_1_1_1_1_1_1_1_1_1_1_1_1_1_1_1_1_1_1_1_1_1_1_1_1_1_1_1_1_1_1_1_1_1_2_1_1_1_1_1_1_2_2,0.43702694702148437,12,773,2018,"{""type"":""Point"",""coordinates"":[0.0,0.0]}"
1_1_1_1_1_1_1_1_1_1_1_1_1_1_1_1_1_1_1_1_1_1_1_1_1_1_1_1_1_1_1_1_1_1_1_1_1_1_2_1_1_1_1_1_1_2_3,329862.28395656816,21,773,2018,"{""type"":""Point"",""coordinates"":[0.0,0.0]}"
1_1_1_1_1_1_1_1_1_1_1_1_1_1_1_1_1_1_1_1_1_1_1_1_1_1_1_1_1_1_1_1_1_1_1_1_1_1_2_1_1_1_1_1_1_2_4,1.2248852355957032,22,773,2018,"{""type"":""Point"",""coordinates"":[0.0,0.0]}"
1_1_1_1_1_1_1_1_1_1_1_1_1_1_1_1_1_1_1_1_1_1_1_1_1_1_1_1_1_1_1_1_1_1_1_1_1_1_2_1_1_1_1_1_1_2_5,3.4098168457031246,29,773,2018,"{""type"":""Point"",""coordinates"":[0.0,0.0]}"
1_1_1_1_1_1_1_1_1_1_1_1_1_1_1_1_1_1_1_1_1_1_1_1_1_1_1_1_1_1_1_1_1_1_1_1_1_1_2_1_1_1_1_1_1_2_6,219.46610786565998,33,773,2018,"{""type"":""Point"",""coordinates"":[0.0,0.0]}"
1_1_1_1_1_1_1_1_1_1_1_1_1_1_1_1_1_1_1_1_1_1_1_1_1_1_1_1_1_1_1_1_1_1_1_1_1_1_2_1_1_1_1_1_2_0,1151.0319661462381,3,773,2019,"{""type"":""Point"",""coordinates"":[0.0,0.0]}"
1_1_1_1_1_1_1_1_1_1_1_1_1_1_1_1_1_1_1_1_1_1_1_1_1_1_1_1_1_1_1_1_1_1_1_1_1_1_2_1_1_1_1_1_2_1,58376.8131908565,4,773,2019,"{""type"":""Point"",""coordinates"":[0.0,0.0]}"
1_1_1_1_1_1_1_1_1_1_1_1_1_1_1_1_1_1_1_1_1_1_1_1_1_1_1_1_1_1_1_1_1_1_1_1_1_1_2_1_1_1_1_1_2_2,14.163179852294919,12,773,2019,"{""type"":""Point"",""coordinates"":[0.0,0.0]}"
1_1_1_1_1_1_1_1_1_1_1_1_1_1_1_1_1_1_1_1_1_1_1_1_1_1_1_1_1_1_1_1_1_1_1_1_1_1_2_1_1_1_1_1_2_3,315995.6588810978,21,773,2019,"{""type"":""Point"",""coordinates"":[0.0,0.0]}"
1_1_1_1_1_1_1_1_1_1_1_1_1_1_1_1_1_1_1_1_1_1_1_1_1_1_1_1_1_1_1_1_1_1_1_1_1_1_2_1_1_1_1_1_2_4,3.149952996826172,22,773,2019,"{""type"":""Point"",""coordinates"":[0.0,0.0]}"
1_1_1_1_1_1_1_1_1_1_1_1_1_1_1_1_1_1_1_1_1_1_1_1_1_1_1_1_1_1_1_1_1_1_1_1_1_1_2_1_1_1_1_1_2_5,60.26729267767205,29,773,2019,"{""type"":""Point"",""coordinates"":[0.0,0.0]}"
1_1_1_1_1_1_1_1_1_1_1_1_1_1_1_1_1_1_1_1_1_1_1_1_1_1_1_1_1_1_1_1_1_1_1_1_1_1_2_1_1_1_1_1_2_6,285.11887017233465,33,773,2019,"{""type"":""Point"",""coordinates"":[0.0,0.0]}"
1_1_1_1_1_1_1_1_1_1_1_1_1_1_1_1_1_1_1_1_1_1_1_1_1_1_1_1_1_1_1_1_1_1_1_1_1_1_2_1_1_1_1_2_0,3207.725682977165,3,773,2020,"{""type"":""Point"",""coordinates"":[0.0,0.0]}"
1_1_1_1_1_1_1_1_1_1_1_1_1_1_1_1_1_1_1_1_1_1_1_1_1_1_1_1_1_1_1_1_1_1_1_1_1_1_2_1_1_1_1_2_1,76913.77838136745,4,773,2020,"{""type"":""Point"",""coordinates"":[0.0,0.0]}"
1_1_1_1_1_1_1_1_1_1_1_1_1_1_1_1_1_1_1_1_1_1_1_1_1_1_1_1_1_1_1_1_1_1_1_1_1_1_2_1_1_1_1_2_2,0.5256111694335938,12,773,2020,"{""type"":""Point"",""coordinates"":[0.0,0.0]}"
1_1_1_1_1_1_1_1_1_1_1_1_1_1_1_1_1_1_1_1_1_1_1_1_1_1_1_1_1_1_1_1_1_1_1_1_1_1_2_1_1_1_1_2_3,294854.7302768147,21,773,2020,"{""type"":""Point"",""coordinates"":[0.0,0.0]}"
1_1_1_1_1_1_1_1_1_1_1_1_1_1_1_1_1_1_1_1_1_1_1_1_1_1_1_1_1_1_1_1_1_1_1_1_1_1_2_1_1_1_1_2_4,392.3192678967295,22,773,2020,"{""type"":""Point"",""coordinates"":[0.0,0.0]}"
1_1_1_1_1_1_1_1_1_1_1_1_1_1_1_1_1_1_1_1_1_1_1_1_1_1_1_1_1_1_1_1_1_1_1_1_1_1_2_1_1_1_1_2_5,19.992537044749543,29,773,2020,"{""type"":""Point"",""coordinates"":[0.0,0.0]}"
1_1_1_1_1_1_1_1_1_1_1_1_1_1_1_1_1_1_1_1_1_1_1_1_1_1_1_1_1_1_1_1_1_1_1_1_1_1_2_1_1_1_1_2_6,495.9390369266043,33,773,2020,"{""type"":""Point"",""coordinates"":[0.0,0.0]}"
1_1_1_1_1_1_1_1_1_1_1_1_1_1_1_1_1_1_1_1_1_1_1_1_1_1_1_1_1_1_1_1_1_1_1_1_1_1_2_1_1_1_2_0,1189.5342512031152,3,773,2021,"{""type"":""Point"",""coordinates"":[0.0,0.0]}"
1_1_1_1_1_1_1_1_1_1_1_1_1_1_1_1_1_1_1_1_1_1_1_1_1_1_1_1_1_1_1_1_1_1_1_1_1_1_2_1_1_1_2_1,83147.81476921611,4,773,2021,"{""type"":""Point"",""coordinates"":[0.0,0.0]}"
1_1_1_1_1_1_1_1_1_1_1_1_1_1_1_1_1_1_1_1_1_1_1_1_1_1_1_1_1_1_1_1_1_1_1_1_1_1_2_1_1_1_2_2,29.1767744567871,12,773,2021,"{""type"":""Point"",""coordinates"":[0.0,0.0]}"
1_1_1_1_1_1_1_1_1_1_1_1_1_1_1_1_1_1_1_1_1_1_1_1_1_1_1_1_1_1_1_1_1_1_1_1_1_1_2_1_1_1_2_3,290008.81401000044,21,773,2021,"{""type"":""Point"",""coordinates"":[0.0,0.0]}"
1_1_1_1_1_1_1_1_1_1_1_1_1_1_1_1_1_1_1_1_1_1_1_1_1_1_1_1_1_1_1_1_1_1_1_1_1_1_2_1_1_1_2_4,992.2108313031345,22,773,2021,"{""type"":""Point"",""coordinates"":[0.0,0.0]}"
1_1_1_1_1_1_1_1_1_1_1_1_1_1_1_1_1_1_1_1_1_1_1_1_1_1_1_1_1_1_1_1_1_1_1_1_1_1_2_1_1_1_2_5,6.119508740234374,29,773,2021,"{""type"":""Point"",""coordinates"":[0.0,0.0]}"
1_1_1_1_1_1_1_1_1_1_1_1_1_1_1_1_1_1_1_1_1_1_1_1_1_1_1_1_1_1_1_1_1_1_1_1_1_1_2_1_1_1_2_6,512.8827350528006,33,773,2021,"{""type"":""Point"",""coordinates"":[0.0,0.0]}"
1_1_1_1_1_1_1_1_1_1_1_1_1_1_1_1_1_1_1_1_1_1_1_1_1_1_1_1_1_1_1_1_1_1_1_1_1_1_2_1_1_2_0,1683.929505354057,3,773,2022,"{""type"":""Point"",""coordinates"":[0.0,0.0]}"
1_1_1_1_1_1_1_1_1_1_1_1_1_1_1_1_1_1_1_1_1_1_1_1_1_1_1_1_1_1_1_1_1_1_1_1_1_1_2_1_1_2_1,73515.45619679324,4,773,2022,"{""type"":""Point"",""coordinates"":[0.0,0.0]}"
1_1_1_1_1_1_1_1_1_1_1_1_1_1_1_1_1_1_1_1_1_1_1_1_1_1_1_1_1_1_1_1_1_1_1_1_1_1_2_1_1_2_2,44.702032835406136,12,773,2022,"{""type"":""Point"",""coordinates"":[0.0,0.0]}"
1_1_1_1_1_1_1_1_1_1_1_1_1_1_1_1_1_1_1_1_1_1_1_1_1_1_1_1_1_1_1_1_1_1_1_1_1_1_2_1_1_2_3,299301.3183106528,21,773,2022,"{""type"":""Point"",""coordinates"":[0.0,0.0]}"
1_1_1_1_1_1_1_1_1_1_1_1_1_1_1_1_1_1_1_1_1_1_1_1_1_1_1_1_1_1_1_1_1_1_1_1_1_1_2_1_1_2_4,257.34893377482183,22,773,2022,"{""type"":""Point"",""coordinates"":[0.0,0.0]}"
1_1_1_1_1_1_1_1_1_1_1_1_1_1_1_1_1_1_1_1_1_1_1_1_1_1_1_1_1_1_1_1_1_1_1_1_1_1_2_1_1_2_5,563.5694702291358,29,773,2022,"{""type"":""Point"",""coordinates"":[0.0,0.0]}"
1_1_1_1_1_1_1_1_1_1_1_1_1_1_1_1_1_1_1_1_1_1_1_1_1_1_1_1_1_1_1_1_1_1_1_1_1_1_2_1_1_2_6,519.2666905399353,33,773,2022,"{""type"":""Point"",""coordinates"":[0.0,0.0]}"
1_1_1_1_1_1_1_1_1_1_1_1_1_1_1_1_1_1_1_1_1_1_1_1_1_1_1_1_1_1_1_1_1_1_1_1_1_1_2_1_2_0,1399.0567177206583,3,773,2023,"{""type"":""Point"",""coordinates"":[0.0,0.0]}"
1_1_1_1_1_1_1_1_1_1_1_1_1_1_1_1_1_1_1_1_1_1_1_1_1_1_1_1_1_1_1_1_1_1_1_1_1_1_2_1_2_1,65483.07326604126,4,773,2023,"{""type"":""Point"",""coordinates"":[0.0,0.0]}"
1_1_1_1_1_1_1_1_1_1_1_1_1_1_1_1_1_1_1_1_1_1_1_1_1_1_1_1_1_1_1_1_1_1_1_1_1_1_2_1_2_2,57.52455650223075,12,773,2023,"{""type"":""Point"",""coordinates"":[0.0,0.0]}"
1_1_1_1_1_1_1_1_1_1_1_1_1_1_1_1_1_1_1_1_1_1_1_1_1_1_1_1_1_1_1_1_1_1_1_1_1_1_2_1_2_3,308428.16171042906,21,773,2023,"{""type"":""Point"",""coordinates"":[0.0,0.0]}"
1_1_1_1_1_1_1_1_1_1_1_1_1_1_1_1_1_1_1_1_1_1_1_1_1_1_1_1_1_1_1_1_1_1_1_1_1_1_2_1_2_4,37.50862842926627,22,773,2023,"{""type"":""Point"",""coordinates"":[0.0,0.0]}"
1_1_1_1_1_1_1_1_1_1_1_1_1_1_1_1_1_1_1_1_1_1_1_1_1_1_1_1_1_1_1_1_1_1_1_1_1_1_2_1_2_5,19.896649965748512,29,773,2023,"{""type"":""Point"",""coordinates"":[0.0,0.0]}"
1_1_1_1_1_1_1_1_1_1_1_1_1_1_1_1_1_1_1_1_1_1_1_1_1_1_1_1_1_1_1_1_1_1_1_1_1_1_2_1_2_6,461.156553900769,33,773,2023,"{""type"":""Point"",""coordinates"":[0.0,0.0]}"
1_1_1_1_1_1_1_1_1_1_1_1_1_1_1_1_1_1_1_1_1_1_1_1_1_1_1_1_1_1_1_1_1_1_1_1_1_1_2_2_0,1559.0770644646375,3,773,2024,"{""type"":""Point"",""coordinates"":[0.0,0.0]}"
1_1_1_1_1_1_1_1_1_1_1_1_1_1_1_1_1_1_1_1_1_1_1_1_1_1_1_1_1_1_1_1_1_1_1_1_1_1_2_2_1,98157.67901719689,4,773,2024,"{""type"":""Point"",""coordinates"":[0.0,0.0]}"
1_1_1_1_1_1_1_1_1_1_1_1_1_1_1_1_1_1_1_1_1_1_1_1_1_1_1_1_1_1_1_1_1_1_1_1_1_1_2_2_2,274011.3568011907,21,773,2024,"{""type"":""Point"",""coordinates"":[0.0,0.0]}"
1_1_1_1_1_1_1_1_1_1_1_1_1_1_1_1_1_1_1_1_1_1_1_1_1_1_1_1_1_1_1_1_1_1_1_1_1_1_2_2_3,19.13177977201574,22,773,2024,"{""type"":""Point"",""coordinates"":[0.0,0.0]}"
1_1_1_1_1_1_1_1_1_1_1_1_1_1_1_1_1_1_1_1_1_1_1_1_1_1_1_1_1_1_1_1_1_1_1_1_1_1_2_2_4,384.3947289658028,29,773,2024,"{""type"":""Point"",""coordinates"":[0.0,0.0]}"
1_1_1_1_1_1_1_1_1_1_1_1_1_1_1_1_1_1_1_1_1_1_1_1_1_1_1_1_1_1_1_1_1_1_1_1_1_1_2_2_5,1754.4765586618691,33,773,2024,"{""type"":""Point"",""coordinates"":[0.0,0.0]}"
1_1_1_1_1_1_1_1_1_1_1_1_1_1_1_1_1_1_1_1_1_1_1_1_1_1_1_1_1_1_1_1_1_1_1_1_1_2_1_1_1_1_1_1_1_1_2_0,2949.798310748118,3,7612,2016,"{""type"":""Point"",""coordinates"":[0.0,0.0]}"
1_1_1_1_1_1_1_1_1_1_1_1_1_1_1_1_1_1_1_1_1_1_1_1_1_1_1_1_1_1_1_1_1_1_1_1_1_2_1_1_1_1_1_1_1_1_2_1,1263771.5759121103,4,7612,2016,"{""type"":""Point"",""coordinates"":[0.0,0.0]}"
1_1_1_1_1_1_1_1_1_1_1_1_1_1_1_1_1_1_1_1_1_1_1_1_1_1_1_1_1_1_1_1_1_1_1_1_1_2_1_1_1_1_1_1_1_1_2_2,13.530017364980662,12,7612,2016,"{""type"":""Point"",""coordinates"":[0.0,0.0]}"
1_1_1_1_1_1_1_1_1_1_1_1_1_1_1_1_1_1_1_1_1_1_1_1_1_1_1_1_1_1_1_1_1_1_1_1_1_2_1_1_1_1_1_1_1_1_2_3,415974.10635166365,21,7612,2016,"{""type"":""Point"",""coordinates"":[0.0,0.0]}"
1_1_1_1_1_1_1_1_1_1_1_1_1_1_1_1_1_1_1_1_1_1_1_1_1_1_1_1_1_1_1_1_1_1_1_1_1_2_1_1_1_1_1_1_1_1_2_4,1505.667911431285,22,7612,2016,"{""type"":""Point"",""coordinates"":[0.0,0.0]}"
1_1_1_1_1_1_1_1_1_1_1_1_1_1_1_1_1_1_1_1_1_1_1_1_1_1_1_1_1_1_1_1_1_1_1_1_1_2_1_1_1_1_1_1_1_1_2_5,148.55390546874992,29,7612,2016,"{""type"":""Point"",""coordinates"":[0.0,0.0]}"
1_1_1_1_1_1_1_1_1_1_1_1_1_1_1_1_1_1_1_1_1_1_1_1_1_1_1_1_1_1_1_1_1_1_1_1_1_2_1_1_1_1_1_1_1_1_2_6,4006.8423976759486,33,7612,2016,"{""type"":""Point"",""coordinates"":[0.0,0.0]}"
1_1_1_1_1_1_1_1_1_1_1_1_1_1_1_1_1_1_1_1_1_1_1_1_1_1_1_1_1_1_1_1_1_1_1_1_1_2_1_1_1_1_1_1_1_2_0,140.63885915943789,3,7612,2017,"{""type"":""Point"",""coordinates"":[0.0,0.0]}"
1_1_1_1_1_1_1_1_1_1_1_1_1_1_1_1_1_1_1_1_1_1_1_1_1_1_1_1_1_1_1_1_1_1_1_1_1_2_1_1_1_1_1_1_1_2_1,1257685.5406603043,4,7612,2017,"{""type"":""Point"",""coordinates"":[0.0,0.0]}"
1_1_1_1_1_1_1_1_1_1_1_1_1_1_1_1_1_1_1_1_1_1_1_1_1_1_1_1_1_1_1_1_1_1_1_1_1_2_1_1_1_1_1_1_1_2_2,78.78252236869066,12,7612,2017,"{""type"":""Point"",""coordinates"":[0.0,0.0]}"
1_1_1_1_1_1_1_1_1_1_1_1_1_1_1_1_1_1_1_1_1_1_1_1_1_1_1_1_1_1_1_1_1_1_1_1_1_2_1_1_1_1_1_1_1_2_3,386424.8820700961,21,7612,2017,"{""type"":""Point"",""coordinates"":[0.0,0.0]}"
1_1_1_1_1_1_1_1_1_1_1_1_1_1_1_1_1_1_1_1_1_1_1_1_1_1_1_1_1_1_1_1_1_1_1_1_1_2_1_1_1_1_1_1_1_2_4,55.97452284667969,22,7612,2017,"{""type"":""Point"",""coordinates"":[0.0,0.0]}"
1_1_1_1_1_1_1_1_1_1_1_1_1_1_1_1_1_1_1_1_1_1_1_1_1_1_1_1_1_1_1_1_1_1_1_1_1_2_1_1_1_1_1_1_1_2_5,8.933050994873046,29,7612,2017,"{""type"":""Point"",""coordinates"":[0.0,0.0]}"
1_1_1_1_1_1_1_1_1_1_1_1_1_1_1_1_1_1_1_1_1_1_1_1_1_1_1_1_1_1_1_1_1_1_1_1_1_2_1_1_1_1_1_1_1_2_6,4642.019622642111,33,7612,2017,"{""type"":""Point"",""coordinates"":[0.0,0.0]}"
1_1_1_1_1_1_1_1_1_1_1_1_1_1_1_1_1_1_1_1_1_1_1_1_1_1_1_1_1_1_1_1_1_1_1_1_1_2_1_1_1_1_1_1_2_0,161.13051775775983,3,7612,2018,"{""type"":""Point"",""coordinates"":[0.0,0.0]}"
1_1_1_1_1_1_1_1_1_1_1_1_1_1_1_1_1_1_1_1_1_1_1_1_1_1_1_1_1_1_1_1_1_1_1_1_1_2_1_1_1_1_1_1_2_1,1313487.7826854044,4,7612,2018,"{""type"":""Point"",""coordinates"":[0.0,0.0]}"
1_1_1_1_1_1_1_1_1_1_1_1_1_1_1_1_1_1_1_1_1_1_1_1_1_1_1_1_1_1_1_1_1_1_1_1_1_2_1_1_1_1_1_1_2_2,5.469216987113202,12,7612,2018,"{""type"":""Point"",""coordinates"":[0.0,0.0]}"
1_1_1_1_1_1_1_1_1_1_1_1_1_1_1_1_1_1_1_1_1_1_1_1_1_1_1_1_1_1_1_1_1_1_1_1_1_2_1_1_1_1_1_1_2_3,367358.2385949446,21,7612,2018,"{""type"":""Point"",""coordinates"":[0.0,0.0]}"
1_1_1_1_1_1_1_1_1_1_1_1_1_1_1_1_1_1_1_1_1_1_1_1_1_1_1_1_1_1_1_1_1_1_1_1_1_2_1_1_1_1_1_1_2_4,47.99346104736328,22,7612,2018,"{""type"":""Point"",""coordinates"":[0.0,0.0]}"
1_1_1_1_1_1_1_1_1_1_1_1_1_1_1_1_1_1_1_1_1_1_1_1_1_1_1_1_1_1_1_1_1_1_1_1_1_2_1_1_1_1_1_1_2_5,7.9557093933105465,29,7612,2018,"{""type"":""Point"",""coordinates"":[0.0,0.0]}"
1_1_1_1_1_1_1_1_1_1_1_1_1_1_1_1_1_1_1_1_1_1_1_1_1_1_1_1_1_1_1_1_1_1_1_1_1_2_1_1_1_1_1_1_2_6,7545.925819139021,33,7612,2018,"{""type"":""Point"",""coordinates"":[0.0,0.0]}"
1_1_1_1_1_1_1_1_1_1_1_1_1_1_1_1_1_1_1_1_1_1_1_1_1_1_1_1_1_1_1_1_1_1_1_1_1_2_1_1_1_1_1_2_0,385.4142248823818,3,7612,2019,"{""type"":""Point"",""coordinates"":[0.0,0.0]}"
1_1_1_1_1_1_1_1_1_1_1_1_1_1_1_1_1_1_1_1_1_1_1_1_1_1_1_1_1_1_1_1_1_1_1_1_1_2_1_1_1_1_1_2_1,1305827.0663114958,4,7612,2019,"{""type"":""Point"",""coordinates"":[0.0,0.0]}"
1_1_1_1_1_1_1_1_1_1_1_1_1_1_1_1_1_1_1_1_1_1_1_1_1_1_1_1_1_1_1_1_1_1_1_1_1_2_1_1_1_1_1_2_2,968.6439214316192,12,7612,2019,"{""type"":""Point"",""coordinates"":[0.0,0.0]}"
1_1_1_1_1_1_1_1_1_1_1_1_1_1_1_1_1_1_1_1_1_1_1_1_1_1_1_1_1_1_1_1_1_1_1_1_1_2_1_1_1_1_1_2_3,372239.8182581735,21,7612,2019,"{""type"":""Point"",""coordinates"":[0.0,0.0]}"
1_1_1_1_1_1_1_1_1_1_1_1_1_1_1_1_1_1_1_1_1_1_1_1_1_1_1_1_1_1_1_1_1_1_1_1_1_2_1_1_1_1_1_2_4,1139.8322533495852,22,7612,2019,"{""type"":""Point"",""coordinates"":[0.0,0.0]}"
1_1_1_1_1_1_1_1_1_1_1_1_1_1_1_1_1_1_1_1_1_1_1_1_1_1_1_1_1_1_1_1_1_1_1_1_1_2_1_1_1_1_1_2_5,480.5629371137077,29,7612,2019,"{""type"":""Point"",""coordinates"":[0.0,0.0]}"
1_1_1_1_1_1_1_1_1_1_1_1_1_1_1_1_1_1_1_1_1_1_1_1_1_1_1_1_1_1_1_1_1_1_1_1_1_2_1_1_1_1_1_2_6,7571.918955083071,33,7612,2019,"{""type"":""Point"",""coordinates"":[0.0,0.0]}"
1_1_1_1_1_1_1_1_1_1_1_1_1_1_1_1_1_1_1_1_1_1_1_1_1_1_1_1_1_1_1_1_1_1_1_1_1_2_1_1_1_1_2_0,371.8549711046879,3,7612,2020,"{""type"":""Point"",""coordinates"":[0.0,0.0]}"
1_1_1_1_1_1_1_1_1_1_1_1_1_1_1_1_1_1_1_1_1_1_1_1_1_1_1_1_1_1_1_1_1_1_1_1_1_2_1_1_1_1_2_1,1315269.924365388,4,7612,2020,"{""type"":""Point"",""coordinates"":[0.0,0.0]}"
1_1_1_1_1_1_1_1_1_1_1_1_1_1_1_1_1_1_1_1_1_1_1_1_1_1_1_1_1_1_1_1_1_1_1_1_1_2_1_1_1_1_2_2,836.6509561061721,12,7612,2020,"{""type"":""Point"",""coordinates"":[0.0,0.0]}"
1_1_1_1_1_1_1_1_1_1_1_1_1_1_1_1_1_1_1_1_1_1_1_1_1_1_1_1_1_1_1_1_1_1_1_1_1_2_1_1_1_1_2_3,357709.03805627674,21,7612,2020,"{""type"":""Point"",""coordinates"":[0.0,0.0]}"
1_1_1_1_1_1_1_1_1_1_1_1_1_1_1_1_1_1_1_1_1_1_1_1_1_1_1_1_1_1_1_1_1_1_1_1_1_2_1_1_1_1_2_4,1974.7680969117573,22,7612,2020,"{""type"":""Point"",""coordinates"":[0.0,0.0]}"
1_1_1_1_1_1_1_1_1_1_1_1_1_1_1_1_1_1_1_1_1_1_1_1_1_1_1_1_1_1_1_1_1_1_1_1_1_2_1_1_1_1_2_5,109.22542688524423,29,7612,2020,"{""type"":""Point"",""coordinates"":[0.0,0.0]}"
1_1_1_1_1_1_1_1_1_1_1_1_1_1_1_1_1_1_1_1_1_1_1_1_1_1_1_1_1_1_1_1_1_1_1_1_1_2_1_1_1_1_2_6,12342.41446622761,33,7612,2020,"{""type"":""Point"",""coordinates"":[0.0,0.0]}"
1_1_1_1_1_1_1_1_1_1_1_1_1_1_1_1_1_1_1_1_1_1_1_1_1_1_1_1_1_1_1_1_1_1_1_1_1_2_1_1_1_2_0,1010.9422773429848,3,7612,2021,"{""type"":""Point"",""coordinates"":[0.0,0.0]}"
1_1_1_1_1_1_1_1_1_1_1_1_1_1_1_1_1_1_1_1_1_1_1_1_1_1_1_1_1_1_1_1_1_1_1_1_1_2_1_1_1_2_1,1335059.9955919755,4,7612,2021,"{""type"":""Point"",""coordinates"":[0.0,0.0]}"
1_1_1_1_1_1_1_1_1_1_1_1_1_1_1_1_1_1_1_1_1_1_1_1_1_1_1_1_1_1_1_1_1_1_1_1_1_2_1_1_1_2_2,1400.2002237416566,12,7612,2021,"{""type"":""Point"",""coordinates"":[0.0,0.0]}"
1_1_1_1_1_1_1_1_1_1_1_1_1_1_1_1_1_1_1_1_1_1_1_1_1_1_1_1_1_1_1_1_1_1_1_1_1_2_1_1_1_2_3,338645.20594600437,21,7612,2021,"{""type"":""Point"",""coordinates"":[0.0,0.0]}"
1_1_1_1_1_1_1_1_1_1_1_1_1_1_1_1_1_1_1_1_1_1_1_1_1_1_1_1_1_1_1_1_1_1_1_1_1_2_1_1_1_2_4,591.4370842138193,22,7612,2021,"{""type"":""Point"",""coordinates"":[0.0,0.0]}"
1_1_1_1_1_1_1_1_1_1_1_1_1_1_1_1_1_1_1_1_1_1_1_1_1_1_1_1_1_1_1_1_1_1_1_1_1_2_1_1_1_2_5,506.98651459051456,29,7612,2021,"{""type"":""Point"",""coordinates"":[0.0,0.0]}"
1_1_1_1_1_1_1_1_1_1_1_1_1_1_1_1_1_1_1_1_1_1_1_1_1_1_1_1_1_1_1_1_1_1_1_1_1_2_1_1_1_2_6,11398.931982339498,33,7612,2021,"{""type"":""Point"",""coordinates"":[0.0,0.0]}"
1_1_1_1_1_1_1_1_1_1_1_1_1_1_1_1_1_1_1_1_1_1_1_1_1_1_1_1_1_1_1_1_1_1_1_1_1_2_1_1_2_0,452.62393173232147,3,7612,2022,"{""type"":""Point"",""coordinates"":[0.0,0.0]}"
1_1_1_1_1_1_1_1_1_1_1_1_1_1_1_1_1_1_1_1_1_1_1_1_1_1_1_1_1_1_1_1_1_1_1_1_1_2_1_1_2_1,1339606.4238180297,4,7612,2022,"{""type"":""Point"",""coordinates"":[0.0,0.0]}"
1_1_1_1_1_1_1_1_1_1_1_1_1_1_1_1_1_1_1_1_1_1_1_1_1_1_1_1_1_1_1_1_1_1_1_1_1_2_1_1_2_2,1324.7942052540939,12,7612,2022,"{""type"":""Point"",""coordinates"":[0.0,0.0]}"
1_1_1_1_1_1_1_1_1_1_1_1_1_1_1_1_1_1_1_1_1_1_1_1_1_1_1_1_1_1_1_1_1_1_1_1_1_2_1_1_2_3,336346.2156546804,21,7612,2022,"{""type"":""Point"",""coordinates"":[0.0,0.0]}"
1_1_1_1_1_1_1_1_1_1_1_1_1_1_1_1_1_1_1_1_1_1_1_1_1_1_1_1_1_1_1_1_1_1_1_1_1_2_1_1_2_4,136.5408052130965,22,7612,2022,"{""type"":""Point"",""coordinates"":[0.0,0.0]}"
1_1_1_1_1_1_1_1_1_1_1_1_1_1_1_1_1_1_1_1_1_1_1_1_1_1_1_1_1_1_1_1_1_1_1_1_1_2_1_1_2_5,78.9543847778319,29,7612,2022,"{""type"":""Point"",""coordinates"":[0.0,0.0]}"
1_1_1_1_1_1_1_1_1_1_1_1_1_1_1_1_1_1_1_1_1_1_1_1_1_1_1_1_1_1_1_1_1_1_1_1_1_2_1_1_2_6,10640.075851027948,33,7612,2022,"{""type"":""Point"",""coordinates"":[0.0,0.0]}"
1_1_1_1_1_1_1_1_1_1_1_1_1_1_1_1_1_1_1_1_1_1_1_1_1_1_1_1_1_1_1_1_1_1_1_1_1_2_1_2_0,1961.5996408429116,3,7612,2023,"{""type"":""Point"",""coordinates"":[0.0,0.0]}"
1_1_1_1_1_1_1_1_1_1_1_1_1_1_1_1_1_1_1_1_1_1_1_1_1_1_1_1_1_1_1_1_1_1_1_1_1_2_1_2_1,1290972.597546168,4,7612,2023,"{""type"":""Point"",""coordinates"":[0.0,0.0]}"
1_1_1_1_1_1_1_1_1_1_1_1_1_1_1_1_1_1_1_1_1_1_1_1_1_1_1_1_1_1_1_1_1_1_1_1_1_2_1_2_2,2026.7647121026548,12,7612,2023,"{""type"":""Point"",""coordinates"":[0.0,0.0]}"
1_1_1_1_1_1_1_1_1_1_1_1_1_1_1_1_1_1_1_1_1_1_1_1_1_1_1_1_1_1_1_1_1_1_1_1_1_2_1_2_3,381344.41114929016,21,7612,2023,"{""type"":""Point"",""coordinates"":[0.0,0.0]}"
1_1_1_1_1_1_1_1_1_1_1_1_1_1_1_1_1_1_1_1_1_1_1_1_1_1_1_1_1_1_1_1_1_1_1_1_1_2_1_2_4,1243.5273887868611,22,7612,2023,"{""type"":""Point"",""coordinates"":[0.0,0.0]}"
1_1_1_1_1_1_1_1_1_1_1_1_1_1_1_1_1_1_1_1_1_1_1_1_1_1_1_1_1_1_1_1_1_1_1_1_1_2_1_2_5,1231.1472186254416,29,7612,2023,"{""type"":""Point"",""coordinates"":[0.0,0.0]}"
1_1_1_1_1_1_1_1_1_1_1_1_1_1_1_1_1_1_1_1_1_1_1_1_1_1_1_1_1_1_1_1_1_1_1_1_1_2_1_2_6,9829.7551579089,33,7612,2023,"{""type"":""Point"",""coordinates"":[0.0,0.0]}"
1_1_1_1_1_1_1_1_1_1_1_1_1_1_1_1_1_1_1_1_1_1_1_1_1_1_1_1_1_1_1_1_1_1_1_1_1_2_2_0,2320.224863685697,3,7612,2024,"{""type"":""Point"",""coordinates"":[0.0,0.0]}"
1_1_1_1_1_1_1_1_1_1_1_1_1_1_1_1_1_1_1_1_1_1_1_1_1_1_1_1_1_1_1_1_1_1_1_1_1_2_2_1,1222975.567380094,4,7612,2024,"{""type"":""Point"",""coordinates"":[0.0,0.0]}"
1_1_1_1_1_1_1_1_1_1_1_1_1_1_1_1_1_1_1_1_1_1_1_1_1_1_1_1_1_1_1_1_1_1_1_1_1_2_2_2,1824.7321277069095,12,7612,2024,"{""type"":""Point"",""coordinates"":[0.0,0.0]}"
1_1_1_1_1_1_1_1_1_1_1_1_1_1_1_1_1_1_1_1_1_1_1_1_1_1_1_1_1_1_1_1_1_1_1_1_1_2_2_3,449359.6090158615,21,7612,2024,"{""type"":""Point"",""coordinates"":[0.0,0.0]}"
1_1_1_1_1_1_1_1_1_1_1_1_1_1_1_1_1_1_1_1_1_1_1_1_1_1_1_1_1_1_1_1_1_1_1_1_1_2_2_4,1559.6831081048683,22,7612,2024,"{""type"":""Point"",""coordinates"":[0.0,0.0]}"
1_1_1_1_1_1_1_1_1_1_1_1_1_1_1_1_1_1_1_1_1_1_1_1_1_1_1_1_1_1_1_1_1_1_1_1_1_2_2_5,728.4743497075822,29,7612,2024,"{""type"":""Point"",""coordinates"":[0.0,0.0]}"
1_1_1_1_1_1_1_1_1_1_1_1_1_1_1_1_1_1_1_1_1_1_1_1_1_1_1_1_1_1_1_1_1_1_1_1_1_2_2_6,9840.270076443774,33,7612,2024,"{""type"":""Point"",""coordinates"":[0.0,0.0]}"
1_1_1_1_1_1_1_1_1_1_1_1_1_1_1_1_1_1_1_1_1_1_1_1_1_1_1_1_1_1_1_1_1_1_1_1_2_1_1_1_1_1_1_1_1_2_0,951.4187515915812,3,7613,2016,"{""type"":""Point"",""coordinates"":[0.0,0.0]}"
1_1_1_1_1_1_1_1_1_1_1_1_1_1_1_1_1_1_1_1_1_1_1_1_1_1_1_1_1_1_1_1_1_1_1_1_2_1_1_1_1_1_1_1_1_2_1,1190544.9571162267,4,7613,2016,"{""type"":""Point"",""coordinates"":[0.0,0.0]}"
1_1_1_1_1_1_1_1_1_1_1_1_1_1_1_1_1_1_1_1_1_1_1_1_1_1_1_1_1_1_1_1_1_1_1_1_2_1_1_1_1_1_1_1_1_2_2,13.270978985404222,12,7613,2016,"{""type"":""Point"",""coordinates"":[0.0,0.0]}"
1_1_1_1_1_1_1_1_1_1_1_1_1_1_1_1_1_1_1_1_1_1_1_1_1_1_1_1_1_1_1_1_1_1_1_1_2_1_1_1_1_1_1_1_1_2_3,509699.74642233923,21,7613,2016,"{""type"":""Point"",""coordinates"":[0.0,0.0]}"
1_1_1_1_1_1_1_1_1_1_1_1_1_1_1_1_1_1_1_1_1_1_1_1_1_1_1_1_1_1_1_1_1_1_1_1_2_1_1_1_1_1_1_1_1_2_4,4173.561931339395,22,7613,2016,"{""type"":""Point"",""coordinates"":[0.0,0.0]}"
1_1_1_1_1_1_1_1_1_1_1_1_1_1_1_1_1_1_1_1_1_1_1_1_1_1_1_1_1_1_1_1_1_1_1_1_2_1_1_1_1_1_1_1_1_2_5,2.742303796386719,29,7613,2016,"{""type"":""Point"",""coordinates"":[0.0,0.0]}"
1_1_1_1_1_1_1_1_1_1_1_1_1_1_1_1_1_1_1_1_1_1_1_1_1_1_1_1_1_1_1_1_1_1_1_1_2_1_1_1_1_1_1_1_1_2_6,18110.374261164958,33,7613,2016,"{""type"":""Point"",""coordinates"":[0.0,0.0]}"
1_1_1_1_1_1_1_1_1_1_1_1_1_1_1_1_1_1_1_1_1_1_1_1_1_1_1_1_1_1_1_1_1_1_1_1_2_1_1_1_1_1_1_1_2_0,72.3040246405149,3,7613,2017,"{""type"":""Point"",""coordinates"":[0.0,0.0]}"
1_1_1_1_1_1_1_1_1_1_1_1_1_1_1_1_1_1_1_1_1_1_1_1_1_1_1_1_1_1_1_1_1_1_1_1_2_1_1_1_1_1_1_1_2_1,1134828.0455735773,4,7613,2017,"{""type"":""Point"",""coordinates"":[0.0,0.0]}"
1_1_1_1_1_1_1_1_1_1_1_1_1_1_1_1_1_1_1_1_1_1_1_1_1_1_1_1_1_1_1_1_1_1_1_1_2_1_1_1_1_1_1_1_2_2,104.53617694091793,12,7613,2017,"{""type"":""Point"",""coordinates"":[0.0,0.0]}"
1_1_1_1_1_1_1_1_1_1_1_1_1_1_1_1_1_1_1_1_1_1_1_1_1_1_1_1_1_1_1_1_1_1_1_1_2_1_1_1_1_1_1_1_2_3,397947.45991316414,21,7613,2017,"{""type"":""Point"",""coordinates"":[0.0,0.0]}"
1_1_1_1_1_1_1_1_1_1_1_1_1_1_1_1_1_1_1_1_1_1_1_1_1_1_1_1_1_1_1_1_1_1_1_1_2_1_1_1_1_1_1_1_2_4,1153.1239627394966,22,7613,2017,"{""type"":""Point"",""coordinates"":[0.0,0.0]}"
1_1_1_1_1_1_1_1_1_1_1_1_1_1_1_1_1_1_1_1_1_1_1_1_1_1_1_1_1_1_1_1_1_1_1_1_2_1_1_1_1_1_1_1_2_5,0.7068949401855469,29,7613,2017,"{""type"":""Point"",""coordinates"":[0.0,0.0]}"
1_1_1_1_1_1_1_1_1_1_1_1_1_1_1_1_1_1_1_1_1_1_1_1_1_1_1_1_1_1_1_1_1_1_1_1_2_1_1_1_1_1_1_1_2_6,18323.447461439675,33,7613,2017,"{""type"":""Point"",""coordinates"":[0.0,0.0]}"
1_1_1_1_1_1_1_1_1_1_1_1_1_1_1_1_1_1_1_1_1_1_1_1_1_1_1_1_1_1_1_1_1_1_1_1_2_1_1_1_1_1_1_2_0,382.20796640263535,3,7613,2018,"{""type"":""Point"",""coordinates"":[0.0,0.0]}"
1_1_1_1_1_1_1_1_1_1_1_1_1_1_1_1_1_1_1_1_1_1_1_1_1_1_1_1_1_1_1_1_1_1_1_1_2_1_1_1_1_1_1_2_1,1209782.213903206,4,7613,2018,"{""type"":""Point"",""coordinates"":[0.0,0.0]}"
1_1_1_1_1_1_1_1_1_1_1_1_1_1_1_1_1_1_1_1_1_1_1_1_1_1_1_1_1_1_1_1_1_1_1_1_2_1_1_1_1_1_1_2_2,28.14740611751781,12,7613,2018,"{""type"":""Point"",""coordinates"":[0.0,0.0]}"
1_1_1_1_1_1_1_1_1_1_1_1_1_1_1_1_1_1_1_1_1_1_1_1_1_1_1_1_1_1_1_1_1_1_1_1_2_1_1_1_1_1_1_2_3,490801.1137556713,21,7613,2018,"{""type"":""Point"",""coordinates"":[0.0,0.0]}"
1_1_1_1_1_1_1_1_1_1_1_1_1_1_1_1_1_1_1_1_1_1_1_1_1_1_1_1_1_1_1_1_1_1_1_1_2_1_1_1_1_1_1_2_4,2243.1241627951727,22,7613,2018,"{""type"":""Point"",""coordinates"":[0.0,0.0]}"
1_1_1_1_1_1_1_1_1_1_1_1_1_1_1_1_1_1_1_1_1_1_1_1_1_1_1_1_1_1_1_1_1_1_1_1_2_1_1_1_1_1_1_2_5,3.3584097045898433,29,7613,2018,"{""type"":""Point"",""coordinates"":[0.0,0.0]}"
1_1_1_1_1_1_1_1_1_1_1_1_1_1_1_1_1_1_1_1_1_1_1_1_1_1_1_1_1_1_1_1_1_1_1_1_2_1_1_1_1_1_1_2_6,21305.43726412168,33,7613,2018,"{""type"":""Point"",""coordinates"":[0.0,0.0]}"
1_1_1_1_1_1_1_1_1_1_1_1_1_1_1_1_1_1_1_1_1_1_1_1_1_1_1_1_1_1_1_1_1_1_1_1_2_1_1_1_1_1_2_0,234.5102185723039,3,7613,2019,"{""type"":""Point"",""coordinates"":[0.0,0.0]}"
1_1_1_1_1_1_1_1_1_1_1_1_1_1_1_1_1_1_1_1_1_1_1_1_1_1_1_1_1_1_1_1_1_1_1_1_2_1_1_1_1_1_2_1,1228075.1814652968,4,7613,2019,"{""type"":""Point"",""coordinates"":[0.0,0.0]}"
1_1_1_1_1_1_1_1_1_1_1_1_1_1_1_1_1_1_1_1_1_1_1_1_1_1_1_1_1_1_1_1_1_1_1_1_2_1_1_1_1_1_2_2,18931.17235165798,12,7613,2019,"{""type"":""Point"",""coordinates"":[0.0,0.0]}"
1_1_1_1_1_1_1_1_1_1_1_1_1_1_1_1_1_1_1_1_1_1_1_1_1_1_1_1_1_1_1_1_1_1_1_1_2_1_1_1_1_1_2_3,450191.51696993184,21,7613,2019,"{""type"":""Point"",""coordinates"":[0.0,0.0]}"
1_1_1_1_1_1_1_1_1_1_1_1_1_1_1_1_1_1_1_1_1_1_1_1_1_1_1_1_1_1_1_1_1_1_1_1_2_1_1_1_1_1_2_4,6678.3692914504745,22,7613,2019,"{""type"":""Point"",""coordinates"":[0.0,0.0]}"
1_1_1_1_1_1_1_1_1_1_1_1_1_1_1_1_1_1_1_1_1_1_1_1_1_1_1_1_1_1_1_1_1_1_1_1_2_1_1_1_1_1_2_5,214.62546330566428,29,7613,2019,"{""type"":""Point"",""coordinates"":[0.0,0.0]}"
1_1_1_1_1_1_1_1_1_1_1_1_1_1_1_1_1_1_1_1_1_1_1_1_1_1_1_1_1_1_1_1_1_1_1_1_2_1_1_1_1_1_2_6,20258.409619755203,33,7613,2019,"{""type"":""Point"",""coordinates"":[0.0,0.0]}"
1_1_1_1_1_1_1_1_1_1_1_1_1_1_1_1_1_1_1_1_1_1_1_1_1_1_1_1_1_1_1_1_1_1_1_1_2_1_1_1_1_2_0,17.77585848388672,3,7613,2020,"{""type"":""Point"",""coordinates"":[0.0,0.0]}"
1_1_1_1_1_1_1_1_1_1_1_1_1_1_1_1_1_1_1_1_1_1_1_1_1_1_1_1_1_1_1_1_1_1_1_1_2_1_1_1_1_2_1,1259894.0208533753,4,7613,2020,"{""type"":""Point"",""coordinates"":[0.0,0.0]}"
1_1_1_1_1_1_1_1_1_1_1_1_1_1_1_1_1_1_1_1_1_1_1_1_1_1_1_1_1_1_1_1_1_1_1_1_2_1_1_1_1_2_2,4944.849099358315,12,7613,2020,"{""type"":""Point"",""coordinates"":[0.0,0.0]}"
1_1_1_1_1_1_1_1_1_1_1_1_1_1_1_1_1_1_1_1_1_1_1_1_1_1_1_1_1_1_1_1_1_1_1_1_2_1_1_1_1_2_3,421891.6057435694,21,7613,2020,"{""type"":""Point"",""coordinates"":[0.0,0.0]}"
1_1_1_1_1_1_1_1_1_1_1_1_1_1_1_1_1_1_1_1_1_1_1_1_1_1_1_1_1_1_1_1_1_1_1_1_2_1_1_1_1_2_4,14377.607107570217,22,7613,2020,"{""type"":""Point"",""coordinates"":[0.0,0.0]}"
1_1_1_1_1_1_1_1_1_1_1_1_1_1_1_1_1_1_1_1_1_1_1_1_1_1_1_1_1_1_1_1_1_1_1_1_2_1_1_1_1_2_5,32.48191125488281,29,7613,2020,"{""type"":""Point"",""coordinates"":[0.0,0.0]}"
1_1_1_1_1_1_1_1_1_1_1_1_1_1_1_1_1_1_1_1_1_1_1_1_1_1_1_1_1_1_1_1_1_1_1_1_2_1_1_1_1_2_6,23410.236237886438,33,7613,2020,"{""type"":""Point"",""coordinates"":[0.0,0.0]}"
1_1_1_1_1_1_1_1_1_1_1_1_1_1_1_1_1_1_1_1_1_1_1_1_1_1_1_1_1_1_1_1_1_1_1_1_2_1_1_1_2_0,357.6165128840667,3,7613,2021,"{""type"":""Point"",""coordinates"":[0.0,0.0]}"
1_1_1_1_1_1_1_1_1_1_1_1_1_1_1_1_1_1_1_1_1_1_1_1_1_1_1_1_1_1_1_1_1_1_1_1_2_1_1_1_2_1,1225316.0046397215,4,7613,2021,"{""type"":""Point"",""coordinates"":[0.0,0.0]}"
1_1_1_1_1_1_1_1_1_1_1_1_1_1_1_1_1_1_1_1_1_1_1_1_1_1_1_1_1_1_1_1_1_1_1_1_2_1_1_1_2_2,929.2114666839693,12,7613,2021,"{""type"":""Point"",""coordinates"":[0.0,0.0]}"
1_1_1_1_1_1_1_1_1_1_1_1_1_1_1_1_1_1_1_1_1_1_1_1_1_1_1_1_1_1_1_1_1_1_1_1_2_1_1_1_2_3,469917.5331196798,21,7613,2021,"{""type"":""Point"",""coordinates"":[0.0,0.0]}"
1_1_1_1_1_1_1_1_1_1_1_1_1_1_1_1_1_1_1_1_1_1_1_1_1_1_1_1_1_1_1_1_1_1_1_1_2_1_1_1_2_4,6097.181680643418,22,7613,2021,"{""type"":""Point"",""coordinates"":[0.0,0.0]}"
1_1_1_1_1_1_1_1_1_1_1_1_1_1_1_1_1_1_1_1_1_1_1_1_1_1_1_1_1_1_1_1_1_1_1_1_2_1_1_1_2_5,5.128548913574218,29,7613,2021,"{""type"":""Point"",""coordinates"":[0.0,0.0]}"
1_1_1_1_1_1_1_1_1_1_1_1_1_1_1_1_1_1_1_1_1_1_1_1_1_1_1_1_1_1_1_1_1_1_1_1_2_1_1_1_2_6,21964.567572617823,33,7613,2021,"{""type"":""Point"",""coordinates"":[0.0,0.0]}"
1_1_1_1_1_1_1_1_1_1_1_1_1_1_1_1_1_1_1_1_1_1_1_1_1_1_1_1_1_1_1_1_1_1_1_1_2_1_1_2_0,758.9383426909322,3,7613,2022,"{""type"":""Point"",""coordinates"":[0.0,0.0]}"
1_1_1_1_1_1_1_1_1_1_1_1_1_1_1_1_1_1_1_1_1_1_1_1_1_1_1_1_1_1_1_1_1_1_1_1_2_1_1_2_1,1265920.9327271155,4,7613,2022,"{""type"":""Point"",""coordinates"":[0.0,0.0]}"
1_1_1_1_1_1_1_1_1_1_1_1_1_1_1_1_1_1_1_1_1_1_1_1_1_1_1_1_1_1_1_1_1_1_1_1_2_1_1_2_2,12552.468746458799,12,7613,2022,"{""type"":""Point"",""coordinates"":[0.0,0.0]}"
1_1_1_1_1_1_1_1_1_1_1_1_1_1_1_1_1_1_1_1_1_1_1_1_1_1_1_1_1_1_1_1_1_1_1_1_2_1_1_2_3,417075.25856759975,21,7613,2022,"{""type"":""Point"",""coordinates"":[0.0,0.0]}"
1_1_1_1_1_1_1_1_1_1_1_1_1_1_1_1_1_1_1_1_1_1_1_1_1_1_1_1_1_1_1_1_1_1_1_1_2_1_1_2_4,4490.2483908530585,22,7613,2022,"{""type"":""Point"",""coordinates"":[0.0,0.0]}"
1_1_1_1_1_1_1_1_1_1_1_1_1_1_1_1_1_1_1_1_1_1_1_1_1_1_1_1_1_1_1_1_1_1_1_1_2_1_1_2_5,1.7674279296875,29,7613,2022,"{""type"":""Point"",""coordinates"":[0.0,0.0]}"
1_1_1_1_1_1_1_1_1_1_1_1_1_1_1_1_1_1_1_1_1_1_1_1_1_1_1_1_1_1_1_1_1_1_1_1_2_1_1_2_6,23578.16508598988,33,7613,2022,"{""type"":""Point"",""coordinates"":[0.0,0.0]}"
1_1_1_1_1_1_1_1_1_1_1_1_1_1_1_1_1_1_1_1_1_1_1_1_1_1_1_1_1_1_1_1_1_1_1_1_2_1_2_0,1346.6820885599268,3,7613,2023,"{""type"":""Point"",""coordinates"":[0.0,0.0]}"
1_1_1_1_1_1_1_1_1_1_1_1_1_1_1_1_1_1_1_1_1_1_1_1_1_1_1_1_1_1_1_1_1_1_1_1_2_1_2_1,1186654.2302270103,4,7613,2023,"{""type"":""Point"",""coordinates"":[0.0,0.0]}"
1_1_1_1_1_1_1_1_1_1_1_1_1_1_1_1_1_1_1_1_1_1_1_1_1_1_1_1_1_1_1_1_1_1_1_1_2_1_2_2,466.9724709995643,12,7613,2023,"{""type"":""Point"",""coordinates"":[0.0,0.0]}"
1_1_1_1_1_1_1_1_1_1_1_1_1_1_1_1_1_1_1_1_1_1_1_1_1_1_1_1_1_1_1_1_1_1_1_1_2_1_2_3,496242.22800599755,21,7613,2023,"{""type"":""Point"",""coordinates"":[0.0,0.0]}"
1_1_1_1_1_1_1_1_1_1_1_1_1_1_1_1_1_1_1_1_1_1_1_1_1_1_1_1_1_1_1_1_1_1_1_1_2_1_2_4,15649.195576803886,22,7613,2023,"{""type"":""Point"",""coordinates"":[0.0,0.0]}"
1_1_1_1_1_1_1_1_1_1_1_1_1_1_1_1_1_1_1_1_1_1_1_1_1_1_1_1_1_1_1_1_1_1_1_1_2_1_2_5,904.4949617945759,29,7613,2023,"{""type"":""Point"",""coordinates"":[0.0,0.0]}"
1_1_1_1_1_1_1_1_1_1_1_1_1_1_1_1_1_1_1_1_1_1_1_1_1_1_1_1_1_1_1_1_1_1_1_1_2_1_2_6,22984.58997895559,33,7613,2023,"{""type"":""Point"",""coordinates"":[0.0,0.0]}"
1_1_1_1_1_1_1_1_1_1_1_1_1_1_1_1_1_1_1_1_1_1_1_1_1_1_1_1_1_1_1_1_1_1_1_1_2_2_0,1917.5261537115575,3,7613,2024,"{""type"":""Point"",""coordinates"":[0.0,0.0]}"
1_1_1_1_1_1_1_1_1_1_1_1_1_1_1_1_1_1_1_1_1_1_1_1_1_1_1_1_1_1_1_1_1_1_1_1_2_2_1,1102771.8990636717,4,7613,2024,"{""type"":""Point"",""coordinates"":[0.0,0.0]}"
1_1_1_1_1_1_1_1_1_1_1_1_1_1_1_1_1_1_1_1_1_1_1_1_1_1_1_1_1_1_1_1_1_1_1_1_2_2_2,196.50868508059034,12,7613,2024,"{""type"":""Point"",""coordinates"":[0.0,0.0]}"
1_1_1_1_1_1_1_1_1_1_1_1_1_1_1_1_1_1_1_1_1_1_1_1_1_1_1_1_1_1_1_1_1_1_1_1_2_2_3,592234.1260500577,21,7613,2024,"{""type"":""Point"",""coordinates"":[0.0,0.0]}"
1_1_1_1_1_1_1_1_1_1_1_1_1_1_1_1_1_1_1_1_1_1_1_1_1_1_1_1_1_1_1_1_1_1_1_1_2_2_4,1951.6830617360827,22,7613,2024,"{""type"":""Point"",""coordinates"":[0.0,0.0]}"
1_1_1_1_1_1_1_1_1_1_1_1_1_1_1_1_1_1_1_1_1_1_1_1_1_1_1_1_1_1_1_1_1_1_1_1_2_2_5,2304.1024377940216,29,7613,2024,"{""type"":""Point"",""coordinates"":[0.0,0.0]}"
1_1_1_1_1_1_1_1_1_1_1_1_1_1_1_1_1_1_1_1_1_1_1_1_1_1_1_1_1_1_1_1_1_1_1_1_2_2_6,23083.929710514407,33,7613,2024,"{""type"":""Point"",""coordinates"":[0.0,0.0]}"
1_1_1_1_1_1_1_1_1_1_1_1_1_1_1_1_1_1_1_1_1_1_1_1_1_1_1_1_1_1_1_1_1_1_1_2_1_1_1_1_1_1_1_1_2_0,15610.112798558317,3,765,2016,"{""type"":""Point"",""coordinates"":[0.0,0.0]}"
1_1_1_1_1_1_1_1_1_1_1_1_1_1_1_1_1_1_1_1_1_1_1_1_1_1_1_1_1_1_1_1_1_1_1_2_1_1_1_1_1_1_1_1_2_1,1083921.3009218185,4,765,2016,"{""type"":""Point"",""coordinates"":[0.0,0.0]}"
1_1_1_1_1_1_1_1_1_1_1_1_1_1_1_1_1_1_1_1_1_1_1_1_1_1_1_1_1_1_1_1_1_1_1_2_1_1_1_1_1_1_1_1_2_2,5508.493746013469,12,765,2016,"{""type"":""Point"",""coordinates"":[0.0,0.0]}"
1_1_1_1_1_1_1_1_1_1_1_1_1_1_1_1_1_1_1_1_1_1_1_1_1_1_1_1_1_1_1_1_1_1_1_2_1_1_1_1_1_1_1_1_2_3,1031498.8185365426,21,765,2016,"{""type"":""Point"",""coordinates"":[0.0,0.0]}"
1_1_1_1_1_1_1_1_1_1_1_1_1_1_1_1_1_1_1_1_1_1_1_1_1_1_1_1_1_1_1_1_1_1_1_2_1_1_1_1_1_1_1_1_2_4,1.9109526306152342,22,765,2016,"{""type"":""Point"",""coordinates"":[0.0,0.0]}"
1_1_1_1_1_1_1_1_1_1_1_1_1_1_1_1_1_1_1_1_1_1_1_1_1_1_1_1_1_1_1_1_1_1_1_2_1_1_1_1_1_1_1_1_2_5,10895.98364493395,29,765,2016,"{""type"":""Point"",""coordinates"":[0.0,0.0]}"
1_1_1_1_1_1_1_1_1_1_1_1_1_1_1_1_1_1_1_1_1_1_1_1_1_1_1_1_1_1_1_1_1_1_1_2_1_1_1_1_1_1_1_1_2_6,13846.337356693835,33,765,2016,"{""type"":""Point"",""coordinates"":[0.0,0.0]}"
1_1_1_1_1_1_1_1_1_1_1_1_1_1_1_1_1_1_1_1_1_1_1_1_1_1_1_1_1_1_1_1_1_1_1_2_1_1_1_1_1_1_1_2_0,10626.752948217932,3,765,2017,"{""type"":""Point"",""coordinates"":[0.0,0.0]}"
1_1_1_1_1_1_1_1_1_1_1_1_1_1_1_1_1_1_1_1_1_1_1_1_1_1_1_1_1_1_1_1_1_1_1_2_1_1_1_1_1_1_1_2_1,1080187.0321306314,4,765,2017,"{""type"":""Point"",""coordinates"":[0.0,0.0]}"
1_1_1_1_1_1_1_1_1_1_1_1_1_1_1_1_1_1_1_1_1_1_1_1_1_1_1_1_1_1_1_1_1_1_1_2_1_1_1_1_1_1_1_2_2,2195.142671787562,12,765,2017,"{""type"":""Point"",""coordinates"":[0.0,0.0]}"
1_1_1_1_1_1_1_1_1_1_1_1_1_1_1_1_1_1_1_1_1_1_1_1_1_1_1_1_1_1_1_1_1_1_1_2_1_1_1_1_1_1_1_2_3,1038585.3271228061,21,765,2017,"{""type"":""Point"",""coordinates"":[0.0,0.0]}"
1_1_1_1_1_1_1_1_1_1_1_1_1_1_1_1_1_1_1_1_1_1_1_1_1_1_1_1_1_1_1_1_1_1_1_2_1_1_1_1_1_1_1_2_4,184.04804013916015,22,765,2017,"{""type"":""Point"",""coordinates"":[0.0,0.0]}"
1_1_1_1_1_1_1_1_1_1_1_1_1_1_1_1_1_1_1_1_1_1_1_1_1_1_1_1_1_1_1_1_1_1_1_2_1_1_1_1_1_1_1_2_5,15405.815724480506,29,765,2017,"{""type"":""Point"",""coordinates"":[0.0,0.0]}"
1_1_1_1_1_1_1_1_1_1_1_1_1_1_1_1_1_1_1_1_1_1_1_1_1_1_1_1_1_1_1_1_1_1_1_2_1_1_1_1_1_1_1_2_6,14099.273195904776,33,765,2017,"{""type"":""Point"",""coordinates"":[0.0,0.0]}"
1_1_1_1_1_1_1_1_1_1_1_1_1_1_1_1_1_1_1_1_1_1_1_1_1_1_1_1_1_1_1_1_1_1_1_2_1_1_1_1_1_1_2_0,8966.723020251433,3,765,2018,"{""type"":""Point"",""coordinates"":[0.0,0.0]}"
1_1_1_1_1_1_1_1_1_1_1_1_1_1_1_1_1_1_1_1_1_1_1_1_1_1_1_1_1_1_1_1_1_1_1_2_1_1_1_1_1_1_2_1,1083605.1406909972,4,765,2018,"{""type"":""Point"",""coordinates"":[0.0,0.0]}"
1_1_1_1_1_1_1_1_1_1_1_1_1_1_1_1_1_1_1_1_1_1_1_1_1_1_1_1_1_1_1_1_1_1_1_2_1_1_1_1_1_1_2_2,1694.1177641988347,12,765,2018,"{""type"":""Point"",""coordinates"":[0.0,0.0]}"
1_1_1_1_1_1_1_1_1_1_1_1_1_1_1_1_1_1_1_1_1_1_1_1_1_1_1_1_1_1_1_1_1_1_1_2_1_1_1_1_1_1_2_3,1034898.6436143212,21,765,2018,"{""type"":""Point"",""coordinates"":[0.0,0.0]}"
1_1_1_1_1_1_1_1_1_1_1_1_1_1_1_1_1_1_1_1_1_1_1_1_1_1_1_1_1_1_1_1_1_1_1_2_1_1_1_1_1_1_2_4,575.0282204739194,22,765,2018,"{""type"":""Point"",""coordinates"":[0.0,0.0]}"
1_1_1_1_1_1_1_1_1_1_1_1_1_1_1_1_1_1_1_1_1_1_1_1_1_1_1_1_1_1_1_1_1_1_1_2_1_1_1_1_1_1_2_5,15103.04667180016,29,765,2018,"{""type"":""Point"",""coordinates"":[0.0,0.0]}"
1_1_1_1_1_1_1_1_1_1_1_1_1_1_1_1_1_1_1_1_1_1_1_1_1_1_1_1_1_1_1_1_1_1_1_2_1_1_1_1_1_1_2_6,16440.691851929987,33,765,2018,"{""type"":""Point"",""coordinates"":[0.0,0.0]}"
1_1_1_1_1_1_1_1_1_1_1_1_1_1_1_1_1_1_1_1_1_1_1_1_1_1_1_1_1_1_1_1_1_1_1_2_1_1_1_1_1_2_0,12556.095565093092,3,765,2019,"{""type"":""Point"",""coordinates"":[0.0,0.0]}"
1_1_1_1_1_1_1_1_1_1_1_1_1_1_1_1_1_1_1_1_1_1_1_1_1_1_1_1_1_1_1_1_1_1_1_2_1_1_1_1_1_2_1,1141559.8622031093,4,765,2019,"{""type"":""Point"",""coordinates"":[0.0,0.0]}"
1_1_1_1_1_1_1_1_1_1_1_1_1_1_1_1_1_1_1_1_1_1_1_1_1_1_1_1_1_1_1_1_1_1_1_2_1_1_1_1_1_2_2,4708.767201998888,12,765,2019,"{""type"":""Point"",""coordinates"":[0.0,0.0]}"
1_1_1_1_1_1_1_1_1_1_1_1_1_1_1_1_1_1_1_1_1_1_1_1_1_1_1_1_1_1_1_1_1_1_1_2_1_1_1_1_1_2_3,972237.6646736691,21,765,2019,"{""type"":""Point"",""coordinates"":[0.0,0.0]}"
1_1_1_1_1_1_1_1_1_1_1_1_1_1_1_1_1_1_1_1_1_1_1_1_1_1_1_1_1_1_1_1_1_1_1_2_1_1_1_1_1_2_4,413.1392032825188,22,765,2019,"{""type"":""Point"",""coordinates"":[0.0,0.0]}"
1_1_1_1_1_1_1_1_1_1_1_1_1_1_1_1_1_1_1_1_1_1_1_1_1_1_1_1_1_1_1_1_1_1_1_2_1_1_1_1_1_2_5,16001.488153497317,29,765,2019,"{""type"":""Point"",""coordinates"":[0.0,0.0]}"
1_1_1_1_1_1_1_1_1_1_1_1_1_1_1_1_1_1_1_1_1_1_1_1_1_1_1_1_1_1_1_1_1_1_1_2_1_1_1_1_1_2_6,13806.374833368254,33,765,2019,"{""type"":""Point"",""coordinates"":[0.0,0.0]}"
1_1_1_1_1_1_1_1_1_1_1_1_1_1_1_1_1_1_1_1_1_1_1_1_1_1_1_1_1_1_1_1_1_1_1_2_1_1_1_1_2_0,20376.13260469552,3,765,2020,"{""type"":""Point"",""coordinates"":[0.0,0.0]}"
1_1_1_1_1_1_1_1_1_1_1_1_1_1_1_1_1_1_1_1_1_1_1_1_1_1_1_1_1_1_1_1_1_1_1_2_1_1_1_1_2_1,1065212.521466003,4,765,2020,"{""type"":""Point"",""coordinates"":[0.0,0.0]}"
1_1_1_1_1_1_1_1_1_1_1_1_1_1_1_1_1_1_1_1_1_1_1_1_1_1_1_1_1_1_1_1_1_1_1_2_1_1_1_1_2_2,4449.549450278596,12,765,2020,"{""type"":""Point"",""coordinates"":[0.0,0.0]}"
1_1_1_1_1_1_1_1_1_1_1_1_1_1_1_1_1_1_1_1_1_1_1_1_1_1_1_1_1_1_1_1_1_1_1_2_1_1_1_1_2_3,1031034.7195981082,21,765,2020,"{""type"":""Point"",""coordinates"":[0.0,0.0]}"
1_1_1_1_1_1_1_1_1_1_1_1_1_1_1_1_1_1_1_1_1_1_1_1_1_1_1_1_1_1_1_1_1_1_1_2_1_1_1_1_2_4,3087.590217669006,22,765,2020,"{""type"":""Point"",""coordinates"":[0.0,0.0]}"
1_1_1_1_1_1_1_1_1_1_1_1_1_1_1_1_1_1_1_1_1_1_1_1_1_1_1_1_1_1_1_1_1_1_1_2_1_1_1_1_2_5,19432.199886615945,29,765,2020,"{""type"":""Point"",""coordinates"":[0.0,0.0]}"
1_1_1_1_1_1_1_1_1_1_1_1_1_1_1_1_1_1_1_1_1_1_1_1_1_1_1_1_1_1_1_1_1_1_1_2_1_1_1_1_2_6,17690.67861058555,33,765,2020,"{""type"":""Point"",""coordinates"":[0.0,0.0]}"
1_1_1_1_1_1_1_1_1_1_1_1_1_1_1_1_1_1_1_1_1_1_1_1_1_1_1_1_1_1_1_1_1_1_1_2_1_1_1_2_0,21742.42145338474,3,765,2021,"{""type"":""Point"",""coordinates"":[0.0,0.0]}"
1_1_1_1_1_1_1_1_1_1_1_1_1_1_1_1_1_1_1_1_1_1_1_1_1_1_1_1_1_1_1_1_1_1_1_2_1_1_1_2_1,1025583.7950650727,4,765,2021,"{""type"":""Point"",""coordinates"":[0.0,0.0]}"
1_1_1_1_1_1_1_1_1_1_1_1_1_1_1_1_1_1_1_1_1_1_1_1_1_1_1_1_1_1_1_1_1_1_1_2_1_1_1_2_2,2178.513161568959,12,765,2021,"{""type"":""Point"",""coordinates"":[0.0,0.0]}"
1_1_1_1_1_1_1_1_1_1_1_1_1_1_1_1_1_1_1_1_1_1_1_1_1_1_1_1_1_1_1_1_1_1_1_2_1_1_1_2_3,1084060.3287617525,21,765,2021,"{""type"":""Point"",""coordinates"":[0.0,0.0]}"
1_1_1_1_1_1_1_1_1_1_1_1_1_1_1_1_1_1_1_1_1_1_1_1_1_1_1_1_1_1_1_1_1_1_1_2_1_1_1_2_4,3209.6341660476173,22,765,2021,"{""type"":""Point"",""coordinates"":[0.0,0.0]}"
1_1_1_1_1_1_1_1_1_1_1_1_1_1_1_1_1_1_1_1_1_1_1_1_1_1_1_1_1_1_1_1_1_1_1_2_1_1_1_2_5,9567.363567871367,29,765,2021,"{""type"":""Point"",""coordinates"":[0.0,0.0]}"
1_1_1_1_1_1_1_1_1_1_1_1_1_1_1_1_1_1_1_1_1_1_1_1_1_1_1_1_1_1_1_1_1_1_1_2_1_1_1_2_6,14941.335658248116,33,765,2021,"{""type"":""Point"",""coordinates"":[0.0,0.0]}"
1_1_1_1_1_1_1_1_1_1_1_1_1_1_1_1_1_1_1_1_1_1_1_1_1_1_1_1_1_1_1_1_1_1_1_2_1_1_2_0,15924.585419091696,3,765,2022,"{""type"":""Point"",""coordinates"":[0.0,0.0]}"
1_1_1_1_1_1_1_1_1_1_1_1_1_1_1_1_1_1_1_1_1_1_1_1_1_1_1_1_1_1_1_1_1_1_1_2_1_1_2_1,1100520.786956274,4,765,2022,"{""type"":""Point"",""coordinates"":[0.0,0.0]}"
1_1_1_1_1_1_1_1_1_1_1_1_1_1_1_1_1_1_1_1_1_1_1_1_1_1_1_1_1_1_1_1_1_1_1_2_1_1_2_2,6715.553021992476,12,765,2022,"{""type"":""Point"",""coordinates"":[0.0,0.0]}"
1_1_1_1_1_1_1_1_1_1_1_1_1_1_1_1_1_1_1_1_1_1_1_1_1_1_1_1_1_1_1_1_1_1_1_2_1_1_2_3,1004465.0437019735,21,765,2022,"{""type"":""Point"",""coordinates"":[0.0,0.0]}"
1_1_1_1_1_1_1_1_1_1_1_1_1_1_1_1_1_1_1_1_1_1_1_1_1_1_1_1_1_1_1_1_1_1_1_2_1_1_2_4,1482.0798439819573,22,765,2022,"{""type"":""Point"",""coordinates"":[0.0,0.0]}"
1_1_1_1_1_1_1_1_1_1_1_1_1_1_1_1_1_1_1_1_1_1_1_1_1_1_1_1_1_1_1_1_1_1_1_2_1_1_2_5,13848.036244579269,29,765,2022,"{""type"":""Point"",""coordinates"":[0.0,0.0]}"
1_1_1_1_1_1_1_1_1_1_1_1_1_1_1_1_1_1_1_1_1_1_1_1_1_1_1_1_1_1_1_1_1_1_1_2_1_1_2_6,18327.306646072582,33,765,2022,"{""type"":""Point"",""coordinates"":[0.0,0.0]}"
1_1_1_1_1_1_1_1_1_1_1_1_1_1_1_1_1_1_1_1_1_1_1_1_1_1_1_1_1_1_1_1_1_1_1_2_1_2_0,23744.343372368377,3,765,2023,"{""type"":""Point"",""coordinates"":[0.0,0.0]}"
1_1_1_1_1_1_1_1_1_1_1_1_1_1_1_1_1_1_1_1_1_1_1_1_1_1_1_1_1_1_1_1_1_1_1_2_1_2_1,1054849.3813193908,4,765,2023,"{""type"":""Point"",""coordinates"":[0.0,0.0]}"
1_1_1_1_1_1_1_1_1_1_1_1_1_1_1_1_1_1_1_1_1_1_1_1_1_1_1_1_1_1_1_1_1_1_1_2_1_2_2,1446.933306335953,12,765,2023,"{""type"":""Point"",""coordinates"":[0.0,0.0]}"
1_1_1_1_1_1_1_1_1_1_1_1_1_1_1_1_1_1_1_1_1_1_1_1_1_1_1_1_1_1_1_1_1_1_1_2_1_2_3,1053427.0253910383,21,765,2023,"{""type"":""Point"",""coordinates"":[0.0,0.0]}"
1_1_1_1_1_1_1_1_1_1_1_1_1_1_1_1_1_1_1_1_1_1_1_1_1_1_1_1_1_1_1_1_1_1_1_2_1_2_4,932.7532340131927,22,765,2023,"{""type"":""Point"",""coordinates"":[0.0,0.0]}"
1_1_1_1_1_1_1_1_1_1_1_1_1_1_1_1_1_1_1_1_1_1_1_1_1_1_1_1_1_1_1_1_1_1_1_2_1_2_5,14923.502448734345,29,765,2023,"{""type"":""Point"",""coordinates"":[0.0,0.0]}"
1_1_1_1_1_1_1_1_1_1_1_1_1_1_1_1_1_1_1_1_1_1_1_1_1_1_1_1_1_1_1_1_1_1_1_2_1_2_6,11959.45276210419,33,765,2023,"{""type"":""Point"",""coordinates"":[0.0,0.0]}"
1_1_1_1_1_1_1_1_1_1_1_1_1_1_1_1_1_1_1_1_1_1_1_1_1_1_1_1_1_1_1_1_1_1_1_2_2_0,17364.571477482696,3,765,2024,"{""type"":""Point"",""coordinates"":[0.0,0.0]}"
1_1_1_1_1_1_1_1_1_1_1_1_1_1_1_1_1_1_1_1_1_1_1_1_1_1_1_1_1_1_1_1_1_1_1_2_2_1,1054823.111022018,4,765,2024,"{""type"":""Point"",""coordinates"":[0.0,0.0]}"
1_1_1_1_1_1_1_1_1_1_1_1_1_1_1_1_1_1_1_1_1_1_1_1_1_1_1_1_1_1_1_1_1_1_1_2_2_2,3306.1067354076763,12,765,2024,"{""type"":""Point"",""coordinates"":[0.0,0.0]}"
1_1_1_1_1_1_1_1_1_1_1_1_1_1_1_1_1_1_1_1_1_1_1_1_1_1_1_1_1_1_1_1_1_1_1_2_2_3,1040299.134566543,21,765,2024,"{""type"":""Point"",""coordinates"":[0.0,0.0]}"
1_1_1_1_1_1_1_1_1_1_1_1_1_1_1_1_1_1_1_1_1_1_1_1_1_1_1_1_1_1_1_1_1_1_1_2_2_4,1230.7822762096644,22,765,2024,"{""type"":""Point"",""coordinates"":[0.0,0.0]}"
1_1_1_1_1_1_1_1_1_1_1_1_1_1_1_1_1_1_1_1_1_1_1_1_1_1_1_1_1_1_1_1_1_1_1_2_2_5,10132.091800165646,29,765,2024,"{""type"":""Point"",""coordinates"":[0.0,0.0]}"
1_1_1_1_1_1_1_1_1_1_1_1_1_1_1_1_1_1_1_1_1_1_1_1_1_1_1_1_1_1_1_1_1_1_1_2_2_6,34127.593956133554,33,765,2024,"{""type"":""Point"",""coordinates"":[0.0,0.0]}"
1_1_1_1_1_1_1_1_1_1_1_1_1_1_1_1_1_1_1_1_1_1_1_1_1_1_1_1_1_1_1_1_1_1_2_1_1_1_1_1_1_1_1_2_0,15302.825623080855,3,7618,2016,"{""type"":""Point"",""coordinates"":[0.0,0.0]}"
1_1_1_1_1_1_1_1_1_1_1_1_1_1_1_1_1_1_1_1_1_1_1_1_1_1_1_1_1_1_1_1_1_1_2_1_1_1_1_1_1_1_1_2_1,1244920.6475159123,4,7618,2016,"{""type"":""Point"",""coordinates"":[0.0,0.0]}"
1_1_1_1_1_1_1_1_1_1_1_1_1_1_1_1_1_1_1_1_1_1_1_1_1_1_1_1_1_1_1_1_1_1_2_1_1_1_1_1_1_1_1_2_2,666.2824399521778,12,7618,2016,"{""type"":""Point"",""coordinates"":[0.0,0.0]}"
1_1_1_1_1_1_1_1_1_1_1_1_1_1_1_1_1_1_1_1_1_1_1_1_1_1_1_1_1_1_1_1_1_1_2_1_1_1_1_1_1_1_1_2_3,546754.1180431434,21,7618,2016,"{""type"":""Point"",""coordinates"":[0.0,0.0]}"
1_1_1_1_1_1_1_1_1_1_1_1_1_1_1_1_1_1_1_1_1_1_1_1_1_1_1_1_1_1_1_1_1_1_2_1_1_1_1_1_1_1_1_2_4,760.7014876450003,22,7618,2016,"{""type"":""Point"",""coordinates"":[0.0,0.0]}"
1_1_1_1_1_1_1_1_1_1_1_1_1_1_1_1_1_1_1_1_1_1_1_1_1_1_1_1_1_1_1_1_1_1_2_1_1_1_1_1_1_1_1_2_5,1151.9303770160034,29,7618,2016,"{""type"":""Point"",""coordinates"":[0.0,0.0]}"
1_1_1_1_1_1_1_1_1_1_1_1_1_1_1_1_1_1_1_1_1_1_1_1_1_1_1_1_1_1_1_1_1_1_2_1_1_1_1_1_1_1_1_2_6,1353.185015265898,33,7618,2016,"{""type"":""Point"",""coordinates"":[0.0,0.0]}"
1_1_1_1_1_1_1_1_1_1_1_1_1_1_1_1_1_1_1_1_1_1_1_1_1_1_1_1_1_1_1_1_1_1_2_1_1_1_1_1_1_1_2_0,13356.903700964325,3,7618,2017,"{""type"":""Point"",""coordinates"":[0.0,0.0]}"
1_1_1_1_1_1_1_1_1_1_1_1_1_1_1_1_1_1_1_1_1_1_1_1_1_1_1_1_1_1_1_1_1_1_2_1_1_1_1_1_1_1_2_1,1233530.8525315165,4,7618,2017,"{""type"":""Point"",""coordinates"":[0.0,0.0]}"
1_1_1_1_1_1_1_1_1_1_1_1_1_1_1_1_1_1_1_1_1_1_1_1_1_1_1_1_1_1_1_1_1_1_2_1_1_1_1_1_1_1_2_2,748.767707083071,12,7618,2017,"{""type"":""Point"",""coordinates"":[0.0,0.0]}"
1_1_1_1_1_1_1_1_1_1_1_1_1_1_1_1_1_1_1_1_1_1_1_1_1_1_1_1_1_1_1_1_1_1_2_1_1_1_1_1_1_1_2_3,564048.7482977469,21,7618,2017,"{""type"":""Point"",""coordinates"":[0.0,0.0]}"
1_1_1_1_1_1_1_1_1_1_1_1_1_1_1_1_1_1_1_1_1_1_1_1_1_1_1_1_1_1_1_1_1_1_2_1_1_1_1_1_1_1_2_4,1708.372315402761,22,7618,2017,"{""type"":""Point"",""coordinates"":[0.0,0.0]}"
1_1_1_1_1_1_1_1_1_1_1_1_1_1_1_1_1_1_1_1_1_1_1_1_1_1_1_1_1_1_1_1_1_1_2_1_1_1_1_1_1_1_2_5,223.9724293318447,29,7618,2017,"{""type"":""Point"",""coordinates"":[0.0,0.0]}"
1_1_1_1_1_1_1_1_1_1_1_1_1_1_1_1_1_1_1_1_1_1_1_1_1_1_1_1_1_1_1_1_1_1_2_1_1_1_1_1_1_1_2_6,3277.7461507153316,33,7618,2017,"{""type"":""Point"",""coordinates"":[0.0,0.0]}"
1_1_1_1_1_1_1_1_1_1_1_1_1_1_1_1_1_1_1_1_1_1_1_1_1_1_1_1_1_1_1_1_1_1_2_1_1_1_1_1_1_2_0,9235.836647676317,3,7618,2018,"{""type"":""Point"",""coordinates"":[0.0,0.0]}"
1_1_1_1_1_1_1_1_1_1_1_1_1_1_1_1_1_1_1_1_1_1_1_1_1_1_1_1_1_1_1_1_1_1_2_1_1_1_1_1_1_2_1,1229494.4845353044,4,7618,2018,"{""type"":""Point"",""coordinates"":[0.0,0.0]}"
1_1_1_1_1_1_1_1_1_1_1_1_1_1_1_1_1_1_1_1_1_1_1_1_1_1_1_1_1_1_1_1_1_1_2_1_1_1_1_1_1_2_2,684.3986833760584,12,7618,2018,"{""type"":""Point"",""coordinates"":[0.0,0.0]}"
1_1_1_1_1_1_1_1_1_1_1_1_1_1_1_1_1_1_1_1_1_1_1_1_1_1_1_1_1_1_1_1_1_1_2_1_1_1_1_1_1_2_3,572718.0840404904,21,7618,2018,"{""type"":""Point"",""coordinates"":[0.0,0.0]}"
1_1_1_1_1_1_1_1_1_1_1_1_1_1_1_1_1_1_1_1_1_1_1_1_1_1_1_1_1_1_1_1_1_1_2_1_1_1_1_1_1_2_4,2562.7496792657585,22,7618,2018,"{""type"":""Point"",""coordinates"":[0.0,0.0]}"
1_1_1_1_1_1_1_1_1_1_1_1_1_1_1_1_1_1_1_1_1_1_1_1_1_1_1_1_1_1_1_1_1_1_2_1_1_1_1_1_1_2_5,1722.5863348110518,29,7618,2018,"{""type"":""Point"",""coordinates"":[0.0,0.0]}"
1_1_1_1_1_1_1_1_1_1_1_1_1_1_1_1_1_1_1_1_1_1_1_1_1_1_1_1_1_1_1_1_1_1_2_1_1_1_1_1_1_2_6,460.100624766726,33,7618,2018,"{""type"":""Point"",""coordinates"":[0.0,0.0]}"
1_1_1_1_1_1_1_1_1_1_1_1_1_1_1_1_1_1_1_1_1_1_1_1_1_1_1_1_1_1_1_1_1_1_2_1_1_1_1_1_2_0,9316.481545656201,3,7618,2019,"{""type"":""Point"",""coordinates"":[0.0,0.0]}"
1_1_1_1_1_1_1_1_1_1_1_1_1_1_1_1_1_1_1_1_1_1_1_1_1_1_1_1_1_1_1_1_1_1_2_1_1_1_1_1_2_1,1263856.9315422378,4,7618,2019,"{""type"":""Point"",""coordinates"":[0.0,0.0]}"
1_1_1_1_1_1_1_1_1_1_1_1_1_1_1_1_1_1_1_1_1_1_1_1_1_1_1_1_1_1_1_1_1_1_2_1_1_1_1_1_2_2,887.6758794889558,12,7618,2019,"{""type"":""Point"",""coordinates"":[0.0,0.0]}"
1_1_1_1_1_1_1_1_1_1_1_1_1_1_1_1_1_1_1_1_1_1_1_1_1_1_1_1_1_1_1_1_1_1_2_1_1_1_1_1_2_3,539447.3234856982,21,7618,2019,"{""type"":""Point"",""coordinates"":[0.0,0.0]}"
1_1_1_1_1_1_1_1_1_1_1_1_1_1_1_1_1_1_1_1_1_1_1_1_1_1_1_1_1_1_1_1_1_1_2_1_1_1_1_1_2_4,2617.1303395702885,22,7618,2019,"{""type"":""Point"",""coordinates"":[0.0,0.0]}"
1_1_1_1_1_1_1_1_1_1_1_1_1_1_1_1_1_1_1_1_1_1_1_1_1_1_1_1_1_1_1_1_1_1_2_1_1_1_1_1_2_5,567.275662220675,29,7618,2019,"{""type"":""Point"",""coordinates"":[0.0,0.0]}"
1_1_1_1_1_1_1_1_1_1_1_1_1_1_1_1_1_1_1_1_1_1_1_1_1_1_1_1_1_1_1_1_1_1_2_1_1_1_1_1_2_6,864.5833122098543,33,7618,2019,"{""type"":""Point"",""coordinates"":[0.0,0.0]}"
1_1_1_1_1_1_1_1_1_1_1_1_1_1_1_1_1_1_1_1_1_1_1_1_1_1_1_1_1_1_1_1_1_1_2_1_1_1_1_2_0,6733.381811441885,3,7618,2020,"{""type"":""Point"",""coordinates"":[0.0,0.0]}"
1_1_1_1_1_1_1_1_1_1_1_1_1_1_1_1_1_1_1_1_1_1_1_1_1_1_1_1_1_1_1_1_1_1_2_1_1_1_1_2_1,1271440.8809025118,4,7618,2020,"{""type"":""Point"",""coordinates"":[0.0,0.0]}"
1_1_1_1_1_1_1_1_1_1_1_1_1_1_1_1_1_1_1_1_1_1_1_1_1_1_1_1_1_1_1_1_1_1_2_1_1_1_1_2_2,1347.7320769791645,12,7618,2020,"{""type"":""Point"",""coordinates"":[0.0,0.0]}"
1_1_1_1_1_1_1_1_1_1_1_1_1_1_1_1_1_1_1_1_1_1_1_1_1_1_1_1_1_1_1_1_1_1_2_1_1_1_1_2_3,532784.0159696554,21,7618,2020,"{""type"":""Point"",""coordinates"":[0.0,0.0]}"
1_1_1_1_1_1_1_1_1_1_1_1_1_1_1_1_1_1_1_1_1_1_1_1_1_1_1_1_1_1_1_1_1_1_2_1_1_1_1_2_4,1696.8058178194885,22,7618,2020,"{""type"":""Point"",""coordinates"":[0.0,0.0]}"
1_1_1_1_1_1_1_1_1_1_1_1_1_1_1_1_1_1_1_1_1_1_1_1_1_1_1_1_1_1_1_1_1_1_2_1_1_1_1_2_5,1805.1143614847813,29,7618,2020,"{""type"":""Point"",""coordinates"":[0.0,0.0]}"
1_1_1_1_1_1_1_1_1_1_1_1_1_1_1_1_1_1_1_1_1_1_1_1_1_1_1_1_1_1_1_1_1_1_2_1_1_1_1_2_6,2159.217573530875,33,7618,2020,"{""type"":""Point"",""coordinates"":[0.0,0.0]}"
1_1_1_1_1_1_1_1_1_1_1_1_1_1_1_1_1_1_1_1_1_1_1_1_1_1_1_1_1_1_1_1_1_1_2_1_1_1_2_0,12171.871793443128,3,7618,2021,"{""type"":""Point"",""coordinates"":[0.0,0.0]}"
1_1_1_1_1_1_1_1_1_1_1_1_1_1_1_1_1_1_1_1_1_1_1_1_1_1_1_1_1_1_1_1_1_1_2_1_1_1_2_1,1229678.7740543738,4,7618,2021,"{""type"":""Point"",""coordinates"":[0.0,0.0]}"
1_1_1_1_1_1_1_1_1_1_1_1_1_1_1_1_1_1_1_1_1_1_1_1_1_1_1_1_1_1_1_1_1_1_2_1_1_1_2_2,1111.9069795993203,12,7618,2021,"{""type"":""Point"",""coordinates"":[0.0,0.0]}"
1_1_1_1_1_1_1_1_1_1_1_1_1_1_1_1_1_1_1_1_1_1_1_1_1_1_1_1_1_1_1_1_1_1_2_1_1_1_2_3,565059.8201628356,21,7618,2021,"{""type"":""Point"",""coordinates"":[0.0,0.0]}"
1_1_1_1_1_1_1_1_1_1_1_1_1_1_1_1_1_1_1_1_1_1_1_1_1_1_1_1_1_1_1_1_1_1_2_1_1_1_2_4,5171.272535798264,22,7618,2021,"{""type"":""Point"",""coordinates"":[0.0,0.0]}"
1_1_1_1_1_1_1_1_1_1_1_1_1_1_1_1_1_1_1_1_1_1_1_1_1_1_1_1_1_1_1_1_1_1_2_1_1_1_2_5,2904.1717987410702,29,7618,2021,"{""type"":""Point"",""coordinates"":[0.0,0.0]}"
1_1_1_1_1_1_1_1_1_1_1_1_1_1_1_1_1_1_1_1_1_1_1_1_1_1_1_1_1_1_1_1_1_1_2_1_1_1_2_6,2113.475451423042,33,7618,2021,"{""type"":""Point"",""coordinates"":[0.0,0.0]}"
1_1_1_1_1_1_1_1_1_1_1_1_1_1_1_1_1_1_1_1_1_1_1_1_1_1_1_1_1_1_1_1_1_1_2_1_1_2_0,11237.421877848556,3,7618,2022,"{""type"":""Point"",""coordinates"":[0.0,0.0]}"
1_1_1_1_1_1_1_1_1_1_1_1_1_1_1_1_1_1_1_1_1_1_1_1_1_1_1_1_1_1_1_1_1_1_2_1_1_2_1,1262067.0506484543,4,7618,2022,"{""type"":""Point"",""coordinates"":[0.0,0.0]}"
1_1_1_1_1_1_1_1_1_1_1_1_1_1_1_1_1_1_1_1_1_1_1_1_1_1_1_1_1_1_1_1_1_1_2_1_1_2_2,1762.5274947507578,12,7618,2022,"{""type"":""Point"",""coordinates"":[0.0,0.0]}"
1_1_1_1_1_1_1_1_1_1_1_1_1_1_1_1_1_1_1_1_1_1_1_1_1_1_1_1_1_1_1_1_1_1_2_1_1_2_3,534243.7993119131,21,7618,2022,"{""type"":""Point"",""coordinates"":[0.0,0.0]}"
1_1_1_1_1_1_1_1_1_1_1_1_1_1_1_1_1_1_1_1_1_1_1_1_1_1_1_1_1_1_1_1_1_1_2_1_1_2_4,3511.8715181339935,22,7618,2022,"{""type"":""Point"",""coordinates"":[0.0,0.0]}"
1_1_1_1_1_1_1_1_1_1_1_1_1_1_1_1_1_1_1_1_1_1_1_1_1_1_1_1_1_1_1_1_1_1_2_1_1_2_5,2617.229270634999,29,7618,2022,"{""type"":""Point"",""coordinates"":[0.0,0.0]}"
1_1_1_1_1_1_1_1_1_1_1_1_1_1_1_1_1_1_1_1_1_1_1_1_1_1_1_1_1_1_1_1_1_1_2_1_1_2_6,2661.708057373067,33,7618,2022,"{""type"":""Point"",""coordinates"":[0.0,0.0]}"
1_1_1_1_1_1_1_1_1_1_1_1_1_1_1_1_1_1_1_1_1_1_1_1_1_1_1_1_1_1_1_1_1_1_2_1_2_0,16169.011162508352,3,7618,2023,"{""type"":""Point"",""coordinates"":[0.0,0.0]}"
1_1_1_1_1_1_1_1_1_1_1_1_1_1_1_1_1_1_1_1_1_1_1_1_1_1_1_1_1_1_1_1_1_1_2_1_2_1,1237030.4253740849,4,7618,2023,"{""type"":""Point"",""coordinates"":[0.0,0.0]}"
1_1_1_1_1_1_1_1_1_1_1_1_1_1_1_1_1_1_1_1_1_1_1_1_1_1_1_1_1_1_1_1_1_1_2_1_2_2,1052.1440260004001,12,7618,2023,"{""type"":""Point"",""coordinates"":[0.0,0.0]}"
1_1_1_1_1_1_1_1_1_1_1_1_1_1_1_1_1_1_1_1_1_1_1_1_1_1_1_1_1_1_1_1_1_1_2_1_2_3,557343.5201539572,21,7618,2023,"{""type"":""Point"",""coordinates"":[0.0,0.0]}"
1_1_1_1_1_1_1_1_1_1_1_1_1_1_1_1_1_1_1_1_1_1_1_1_1_1_1_1_1_1_1_1_1_1_2_1_2_4,1159.8321103297335,22,7618,2023,"{""type"":""Point"",""coordinates"":[0.0,0.0]}"
1_1_1_1_1_1_1_1_1_1_1_1_1_1_1_1_1_1_1_1_1_1_1_1_1_1_1_1_1_1_1_1_1_1_2_1_2_5,2478.397969827018,29,7618,2023,"{""type"":""Point"",""coordinates"":[0.0,0.0]}"
1_1_1_1_1_1_1_1_1_1_1_1_1_1_1_1_1_1_1_1_1_1_1_1_1_1_1_1_1_1_1_1_1_1_2_1_2_6,2725.5085627636004,33,7618,2023,"{""type"":""Point"",""coordinates"":[0.0,0.0]}"
1_1_1_1_1_1_1_1_1_1_1_1_1_1_1_1_1_1_1_1_1_1_1_1_1_1_1_1_1_1_1_1_1_1_2_2_0,47277.88435112376,3,7618,2024,"{""type"":""Point"",""coordinates"":[0.0,0.0]}"
1_1_1_1_1_1_1_1_1_1_1_1_1_1_1_1_1_1_1_1_1_1_1_1_1_1_1_1_1_1_1_1_1_1_2_2_1,1202790.5449452274,4,7618,2024,"{""type"":""Point"",""coordinates"":[0.0,0.0]}"
1_1_1_1_1_1_1_1_1_1_1_1_1_1_1_1_1_1_1_1_1_1_1_1_1_1_1_1_1_1_1_1_1_1_2_2_2,285.8917548154346,12,7618,2024,"{""type"":""Point"",""coordinates"":[0.0,0.0]}"
1_1_1_1_1_1_1_1_1_1_1_1_1_1_1_1_1_1_1_1_1_1_1_1_1_1_1_1_1_1_1_1_1_1_2_2_3,560179.2948429204,21,7618,2024,"{""type"":""Point"",""coordinates"":[0.0,0.0]}"
1_1_1_1_1_1_1_1_1_1_1_1_1_1_1_1_1_1_1_1_1_1_1_1_1_1_1_1_1_1_1_1_1_1_2_2_4,854.1585774447573,22,7618,2024,"{""type"":""Point"",""coordinates"":[0.0,0.0]}"
1_1_1_1_1_1_1_1_1_1_1_1_1_1_1_1_1_1_1_1_1_1_1_1_1_1_1_1_1_1_1_1_1_1_2_2_5,4128.697764371089,29,7618,2024,"{""type"":""Point"",""coordinates"":[0.0,0.0]}"
1_1_1_1_1_1_1_1_1_1_1_1_1_1_1_1_1_1_1_1_1_1_1_1_1_1_1_1_1_1_1_1_1_1_2_2_6,2047.1384326358302,33,7618,2024,"{""type"":""Point"",""coordinates"":[0.0,0.0]}"
1_1_1_1_1_1_1_1_1_1_1_1_1_1_1_1_1_1_1_1_1_1_1_1_1_1_1_1_1_1_1_1_1_2_1_1_1_1_1_1_1_1_2_0,173.90432451236504,3,7561,2016,"{""type"":""Point"",""coordinates"":[0.0,0.0]}"
1_1_1_1_1_1_1_1_1_1_1_1_1_1_1_1_1_1_1_1_1_1_1_1_1_1_1_1_1_1_1_1_1_2_1_1_1_1_1_1_1_1_2_1,1213713.4710754084,4,7561,2016,"{""type"":""Point"",""coordinates"":[0.0,0.0]}"
1_1_1_1_1_1_1_1_1_1_1_1_1_1_1_1_1_1_1_1_1_1_1_1_1_1_1_1_1_1_1_1_1_2_1_1_1_1_1_1_1_1_2_2,7.832694946289062,12,7561,2016,"{""type"":""Point"",""coordinates"":[0.0,0.0]}"
1_1_1_1_1_1_1_1_1_1_1_1_1_1_1_1_1_1_1_1_1_1_1_1_1_1_1_1_1_1_1_1_1_2_1_1_1_1_1_1_1_1_2_3,663147.3024486675,21,7561,2016,"{""type"":""Point"",""coordinates"":[0.0,0.0]}"
1_1_1_1_1_1_1_1_1_1_1_1_1_1_1_1_1_1_1_1_1_1_1_1_1_1_1_1_1_1_1_1_1_2_1_1_1_1_1_1_1_1_2_4,69.35623174854949,22,7561,2016,"{""type"":""Point"",""coordinates"":[0.0,0.0]}"
1_1_1_1_1_1_1_1_1_1_1_1_1_1_1_1_1_1_1_1_1_1_1_1_1_1_1_1_1_1_1_1_1_2_1_1_1_1_1_1_1_1_2_5,5.479915931492226,29,7561,2016,"{""type"":""Point"",""coordinates"":[0.0,0.0]}"
1_1_1_1_1_1_1_1_1_1_1_1_1_1_1_1_1_1_1_1_1_1_1_1_1_1_1_1_1_1_1_1_1_2_1_1_1_1_1_1_1_1_2_6,13439.302109774428,33,7561,2016,"{""type"":""Point"",""coordinates"":[0.0,0.0]}"
1_1_1_1_1_1_1_1_1_1_1_1_1_1_1_1_1_1_1_1_1_1_1_1_1_1_1_1_1_1_1_1_1_2_1_1_1_1_1_1_1_2_0,628.0936555563529,3,7561,2017,"{""type"":""Point"",""coordinates"":[0.0,0.0]}"
1_1_1_1_1_1_1_1_1_1_1_1_1_1_1_1_1_1_1_1_1_1_1_1_1_1_1_1_1_1_1_1_1_2_1_1_1_1_1_1_1_2_1,1278227.9557513657,4,7561,2017,"{""type"":""Point"",""coordinates"":[0.0,0.0]}"
1_1_1_1_1_1_1_1_1_1_1_1_1_1_1_1_1_1_1_1_1_1_1_1_1_1_1_1_1_1_1_1_1_2_1_1_1_1_1_1_1_2_2,100.19090600772638,12,7561,2017,"{""type"":""Point"",""coordinates"":[0.0,0.0]}"
1_1_1_1_1_1_1_1_1_1_1_1_1_1_1_1_1_1_1_1_1_1_1_1_1_1_1_1_1_1_1_1_1_2_1_1_1_1_1_1_1_2_3,593243.5780504855,21,7561,2017,"{""type"":""Point"",""coordinates"":[0.0,0.0]}"
1_1_1_1_1_1_1_1_1_1_1_1_1_1_1_1_1_1_1_1_1_1_1_1_1_1_1_1_1_1_1_1_1_2_1_1_1_1_1_1_1_2_4,3373.9312434801586,22,7561,2017,"{""type"":""Point"",""coordinates"":[0.0,0.0]}"
1_1_1_1_1_1_1_1_1_1_1_1_1_1_1_1_1_1_1_1_1_1_1_1_1_1_1_1_1_1_1_1_1_2_1_1_1_1_1_1_1_2_5,366.53166142894105,29,7561,2017,"{""type"":""Point"",""coordinates"":[0.0,0.0]}"
1_1_1_1_1_1_1_1_1_1_1_1_1_1_1_1_1_1_1_1_1_1_1_1_1_1_1_1_1_1_1_1_1_2_1_1_1_1_1_1_1_2_6,13847.478130112382,33,7561,2017,"{""type"":""Point"",""coordinates"":[0.0,0.0]}"
1_1_1_1_1_1_1_1_1_1_1_1_1_1_1_1_1_1_1_1_1_1_1_1_1_1_1_1_1_1_1_1_1_2_1_1_1_1_1_1_2_0,1277.4518952764076,3,7561,2018,"{""type"":""Point"",""coordinates"":[0.0,0.0]}"
1_1_1_1_1_1_1_1_1_1_1_1_1_1_1_1_1_1_1_1_1_1_1_1_1_1_1_1_1_1_1_1_1_2_1_1_1_1_1_1_2_1,1262691.6139032464,4,7561,2018,"{""type"":""Point"",""coordinates"":[0.0,0.0]}"
1_1_1_1_1_1_1_1_1_1_1_1_1_1_1_1_1_1_1_1_1_1_1_1_1_1_1_1_1_1_1_1_1_2_1_1_1_1_1_1_2_2,174.95425295879298,12,7561,2018,"{""type"":""Point"",""coordinates"":[0.0,0.0]}"
1_1_1_1_1_1_1_1_1_1_1_1_1_1_1_1_1_1_1_1_1_1_1_1_1_1_1_1_1_1_1_1_1_2_1_1_1_1_1_1_2_3,591039.1956475563,21,7561,2018,"{""type"":""Point"",""coordinates"":[0.0,0.0]}"
1_1_1_1_1_1_1_1_1_1_1_1_1_1_1_1_1_1_1_1_1_1_1_1_1_1_1_1_1_1_1_1_1_2_1_1_1_1_1_1_2_4,3305.62550390103,22,7561,2018,"{""type"":""Point"",""coordinates"":[0.0,0.0]}"
1_1_1_1_1_1_1_1_1_1_1_1_1_1_1_1_1_1_1_1_1_1_1_1_1_1_1_1_1_1_1_1_1_2_1_1_1_1_1_1_2_5,5335.455604263612,29,7561,2018,"{""type"":""Point"",""coordinates"":[0.0,0.0]}"
1_1_1_1_1_1_1_1_1_1_1_1_1_1_1_1_1_1_1_1_1_1_1_1_1_1_1_1_1_1_1_1_1_2_1_1_1_1_1_1_2_6,27750.25201836868,33,7561,2018,"{""type"":""Point"",""coordinates"":[0.0,0.0]}"
1_1_1_1_1_1_1_1_1_1_1_1_1_1_1_1_1_1_1_1_1_1_1_1_1_1_1_1_1_1_1_1_1_2_1_1_1_1_1_2_0,657.5925248396564,3,7561,2019,"{""type"":""Point"",""coordinates"":[0.0,0.0]}"
1_1_1_1_1_1_1_1_1_1_1_1_1_1_1_1_1_1_1_1_1_1_1_1_1_1_1_1_1_1_1_1_1_2_1_1_1_1_1_2_1,1230269.8108058693,4,7561,2019,"{""type"":""Point"",""coordinates"":[0.0,0.0]}"
1_1_1_1_1_1_1_1_1_1_1_1_1_1_1_1_1_1_1_1_1_1_1_1_1_1_1_1_1_1_1_1_1_2_1_1_1_1_1_2_2,662.7180390730797,12,7561,2019,"{""type"":""Point"",""coordinates"":[0.0,0.0]}"
1_1_1_1_1_1_1_1_1_1_1_1_1_1_1_1_1_1_1_1_1_1_1_1_1_1_1_1_1_1_1_1_1_2_1_1_1_1_1_2_3,626537.0325677535,21,7561,2019,"{""type"":""Point"",""coordinates"":[0.0,0.0]}"
1_1_1_1_1_1_1_1_1_1_1_1_1_1_1_1_1_1_1_1_1_1_1_1_1_1_1_1_1_1_1_1_1_2_1_1_1_1_1_2_4,477.3925934912109,22,7561,2019,"{""type"":""Point"",""coordinates"":[0.0,0.0]}"
1_1_1_1_1_1_1_1_1_1_1_1_1_1_1_1_1_1_1_1_1_1_1_1_1_1_1_1_1_1_1_1_1_2_1_1_1_1_1_2_5,2992.499457513546,29,7561,2019,"{""type"":""Point"",""coordinates"":[0.0,0.0]}"
1_1_1_1_1_1_1_1_1_1_1_1_1_1_1_1_1_1_1_1_1_1_1_1_1_1_1_1_1_1_1_1_1_2_1_1_1_1_1_2_6,30012.725524027745,33,7561,2019,"{""type"":""Point"",""coordinates"":[0.0,0.0]}"
1_1_1_1_1_1_1_1_1_1_1_1_1_1_1_1_1_1_1_1_1_1_1_1_1_1_1_1_1_1_1_1_1_2_1_1_1_1_2_0,1777.2593337299195,3,7561,2020,"{""type"":""Point"",""coordinates"":[0.0,0.0]}"
1_1_1_1_1_1_1_1_1_1_1_1_1_1_1_1_1_1_1_1_1_1_1_1_1_1_1_1_1_1_1_1_1_2_1_1_1_1_2_1,1187578.7387097073,4,7561,2020,"{""type"":""Point"",""coordinates"":[0.0,0.0]}"
1_1_1_1_1_1_1_1_1_1_1_1_1_1_1_1_1_1_1_1_1_1_1_1_1_1_1_1_1_1_1_1_1_2_1_1_1_1_2_2,130.53820443292358,12,7561,2020,"{""type"":""Point"",""coordinates"":[0.0,0.0]}"
1_1_1_1_1_1_1_1_1_1_1_1_1_1_1_1_1_1_1_1_1_1_1_1_1_1_1_1_1_1_1_1_1_2_1_1_1_1_2_3,659235.1333449302,21,7561,2020,"{""type"":""Point"",""coordinates"":[0.0,0.0]}"
1_1_1_1_1_1_1_1_1_1_1_1_1_1_1_1_1_1_1_1_1_1_1_1_1_1_1_1_1_1_1_1_1_2_1_1_1_1_2_4,2906.764409222577,22,7561,2020,"{""type"":""Point"",""coordinates"":[0.0,0.0]}"
1_1_1_1_1_1_1_1_1_1_1_1_1_1_1_1_1_1_1_1_1_1_1_1_1_1_1_1_1_1_1_1_1_2_1_1_1_1_2_5,1247.918162644569,29,7561,2020,"{""type"":""Point"",""coordinates"":[0.0,0.0]}"
1_1_1_1_1_1_1_1_1_1_1_1_1_1_1_1_1_1_1_1_1_1_1_1_1_1_1_1_1_1_1_1_1_2_1_1_1_1_2_6,38677.415471969456,33,7561,2020,"{""type"":""Point"",""coordinates"":[0.0,0.0]}"
1_1_1_1_1_1_1_1_1_1_1_1_1_1_1_1_1_1_1_1_1_1_1_1_1_1_1_1_1_1_1_1_1_2_1_1_1_2_0,658.348946166014,3,7561,2021,"{""type"":""Point"",""coordinates"":[0.0,0.0]}"
1_1_1_1_1_1_1_1_1_1_1_1_1_1_1_1_1_1_1_1_1_1_1_1_1_1_1_1_1_1_1_1_1_2_1_1_1_2_1,1155465.5814861932,4,7561,2021,"{""type"":""Point"",""coordinates"":[0.0,0.0]}"
1_1_1_1_1_1_1_1_1_1_1_1_1_1_1_1_1_1_1_1_1_1_1_1_1_1_1_1_1_1_1_1_1_2_1_1_1_2_2,554.4572095598746,12,7561,2021,"{""type"":""Point"",""coordinates"":[0.0,0.0]}"
1_1_1_1_1_1_1_1_1_1_1_1_1_1_1_1_1_1_1_1_1_1_1_1_1_1_1_1_1_1_1_1_1_2_1_1_1_2_3,700138.0610153084,21,7561,2021,"{""type"":""Point"",""coordinates"":[0.0,0.0]}"
1_1_1_1_1_1_1_1_1_1_1_1_1_1_1_1_1_1_1_1_1_1_1_1_1_1_1_1_1_1_1_1_1_2_1_1_1_2_4,837.5387265310247,22,7561,2021,"{""type"":""Point"",""coordinates"":[0.0,0.0]}"
1_1_1_1_1_1_1_1_1_1_1_1_1_1_1_1_1_1_1_1_1_1_1_1_1_1_1_1_1_1_1_1_1_2_1_1_1_2_5,1557.2717875356645,29,7561,2021,"{""type"":""Point"",""coordinates"":[0.0,0.0]}"
1_1_1_1_1_1_1_1_1_1_1_1_1_1_1_1_1_1_1_1_1_1_1_1_1_1_1_1_1_1_1_1_1_2_1_1_1_2_6,32223.793644687437,33,7561,2021,"{""type"":""Point"",""coordinates"":[0.0,0.0]}"
1_1_1_1_1_1_1_1_1_1_1_1_1_1_1_1_1_1_1_1_1_1_1_1_1_1_1_1_1_1_1_1_1_2_1_1_2_0,5229.263599415796,3,7561,2022,"{""type"":""Point"",""coordinates"":[0.0,0.0]}"
1_1_1_1_1_1_1_1_1_1_1_1_1_1_1_1_1_1_1_1_1_1_1_1_1_1_1_1_1_1_1_1_1_2_1_1_2_1,1273846.6323712145,4,7561,2022,"{""type"":""Point"",""coordinates"":[0.0,0.0]}"
1_1_1_1_1_1_1_1_1_1_1_1_1_1_1_1_1_1_1_1_1_1_1_1_1_1_1_1_1_1_1_1_1_2_1_1_2_2,2804.2524878696318,12,7561,2022,"{""type"":""Point"",""coordinates"":[0.0,0.0]}"
1_1_1_1_1_1_1_1_1_1_1_1_1_1_1_1_1_1_1_1_1_1_1_1_1_1_1_1_1_1_1_1_1_2_1_1_2_3,578359.9611651483,21,7561,2022,"{""type"":""Point"",""coordinates"":[0.0,0.0]}"
1_1_1_1_1_1_1_1_1_1_1_1_1_1_1_1_1_1_1_1_1_1_1_1_1_1_1_1_1_1_1_1_1_2_1_1_2_4,481.3492301706591,22,7561,2022,"{""type"":""Point"",""coordinates"":[0.0,0.0]}"
1_1_1_1_1_1_1_1_1_1_1_1_1_1_1_1_1_1_1_1_1_1_1_1_1_1_1_1_1_1_1_1_1_2_1_1_2_5,899.070459449176,29,7561,2022,"{""type"":""Point"",""coordinates"":[0.0,0.0]}"
1_1_1_1_1_1_1_1_1_1_1_1_1_1_1_1_1_1_1_1_1_1_1_1_1_1_1_1_1_1_1_1_1_2_1_1_2_6,29468.590448658008,33,7561,2022,"{""type"":""Point"",""coordinates"":[0.0,0.0]}"
1_1_1_1_1_1_1_1_1_1_1_1_1_1_1_1_1_1_1_1_1_1_1_1_1_1_1_1_1_1_1_1_1_2_1_2_0,1739.2248967254802,3,7561,2023,"{""type"":""Point"",""coordinates"":[0.0,0.0]}"
1_1_1_1_1_1_1_1_1_1_1_1_1_1_1_1_1_1_1_1_1_1_1_1_1_1_1_1_1_1_1_1_1_2_1_2_1,1144118.2746179323,4,7561,2023,"{""type"":""Point"",""coordinates"":[0.0,0.0]}"
1_1_1_1_1_1_1_1_1_1_1_1_1_1_1_1_1_1_1_1_1_1_1_1_1_1_1_1_1_1_1_1_1_2_1_2_2,167.6385492621449,12,7561,2023,"{""type"":""Point"",""coordinates"":[0.0,0.0]}"
1_1_1_1_1_1_1_1_1_1_1_1_1_1_1_1_1_1_1_1_1_1_1_1_1_1_1_1_1_1_1_1_1_2_1_2_3,698614.5482514477,21,7561,2023,"{""type"":""Point"",""coordinates"":[0.0,0.0]}"
1_1_1_1_1_1_1_1_1_1_1_1_1_1_1_1_1_1_1_1_1_1_1_1_1_1_1_1_1_1_1_1_1_2_1_2_4,771.0865097495878,22,7561,2023,"{""type"":""Point"",""coordinates"":[0.0,0.0]}"
1_1_1_1_1_1_1_1_1_1_1_1_1_1_1_1_1_1_1_1_1_1_1_1_1_1_1_1_1_1_1_1_1_2_1_2_5,2359.8055493326815,29,7561,2023,"{""type"":""Point"",""coordinates"":[0.0,0.0]}"
1_1_1_1_1_1_1_1_1_1_1_1_1_1_1_1_1_1_1_1_1_1_1_1_1_1_1_1_1_1_1_1_1_2_1_2_6,43568.09918914344,33,7561,2023,"{""type"":""Point"",""coordinates"":[0.0,0.0]}"
1_1_1_1_1_1_1_1_1_1_1_1_1_1_1_1_1_1_1_1_1_1_1_1_1_1_1_1_1_1_1_1_1_2_2_0,1225.178993283864,3,7561,2024,"{""type"":""Point"",""coordinates"":[0.0,0.0]}"
1_1_1_1_1_1_1_1_1_1_1_1_1_1_1_1_1_1_1_1_1_1_1_1_1_1_1_1_1_1_1_1_1_2_2_1,1061932.487353106,4,7561,2024,"{""type"":""Point"",""coordinates"":[0.0,0.0]}"
1_1_1_1_1_1_1_1_1_1_1_1_1_1_1_1_1_1_1_1_1_1_1_1_1_1_1_1_1_1_1_1_1_2_2_2,826.4481191135066,12,7561,2024,"{""type"":""Point"",""coordinates"":[0.0,0.0]}"
1_1_1_1_1_1_1_1_1_1_1_1_1_1_1_1_1_1_1_1_1_1_1_1_1_1_1_1_1_1_1_1_1_2_2_3,782309.8717246004,21,7561,2024,"{""type"":""Point"",""coordinates"":[0.0,0.0]}"
1_1_1_1_1_1_1_1_1_1_1_1_1_1_1_1_1_1_1_1_1_1_1_1_1_1_1_1_1_1_1_1_1_2_2_4,547.0857000919117,22,7561,2024,"{""type"":""Point"",""coordinates"":[0.0,0.0]}"
1_1_1_1_1_1_1_1_1_1_1_1_1_1_1_1_1_1_1_1_1_1_1_1_1_1_1_1_1_1_1_1_1_2_2_5,2651.4593047653857,29,7561,2024,"{""type"":""Point"",""coordinates"":[0.0,0.0]}"
1_1_1_1_1_1_1_1_1_1_1_1_1_1_1_1_1_1_1_1_1_1_1_1_1_1_1_1_1_1_1_1_1_2_2_6,42083.69813642684,33,7561,2024,"{""type"":""Point"",""coordinates"":[0.0,0.0]}"
1_1_1_1_1_1_1_1_1_1_1_1_1_1_1_1_1_1_1_1_1_1_1_1_1_1_1_1_1_1_1_1_2_1_1_1_1_1_1_1_1_2_0,238.9155435963589,3,755,2016,"{""type"":""Point"",""coordinates"":[0.0,0.0]}"
1_1_1_1_1_1_1_1_1_1_1_1_1_1_1_1_1_1_1_1_1_1_1_1_1_1_1_1_1_1_1_1_2_1_1_1_1_1_1_1_1_2_1,1219834.606061742,4,755,2016,"{""type"":""Point"",""coordinates"":[0.0,0.0]}"
1_1_1_1_1_1_1_1_1_1_1_1_1_1_1_1_1_1_1_1_1_1_1_1_1_1_1_1_1_1_1_1_2_1_1_1_1_1_1_1_1_2_2,3.6497228027343747,12,755,2016,"{""type"":""Point"",""coordinates"":[0.0,0.0]}"
1_1_1_1_1_1_1_1_1_1_1_1_1_1_1_1_1_1_1_1_1_1_1_1_1_1_1_1_1_1_1_1_2_1_1_1_1_1_1_1_1_2_3,660900.3065098184,21,755,2016,"{""type"":""Point"",""coordinates"":[0.0,0.0]}"
1_1_1_1_1_1_1_1_1_1_1_1_1_1_1_1_1_1_1_1_1_1_1_1_1_1_1_1_1_1_1_1_2_1_1_1_1_1_1_1_1_2_4,12031.47552791916,22,755,2016,"{""type"":""Point"",""coordinates"":[0.0,0.0]}"
1_1_1_1_1_1_1_1_1_1_1_1_1_1_1_1_1_1_1_1_1_1_1_1_1_1_1_1_1_1_1_1_2_1_1_1_1_1_1_1_1_2_5,17704.739985116834,33,755,2016,"{""type"":""Point"",""coordinates"":[0.0,0.0]}"
1_1_1_1_1_1_1_1_1_1_1_1_1_1_1_1_1_1_1_1_1_1_1_1_1_1_1_1_1_1_1_1_2_1_1_1_1_1_1_1_2_0,1066.478712392721,3,755,2017,"{""type"":""Point"",""coordinates"":[0.0,0.0]}"
1_1_1_1_1_1_1_1_1_1_1_1_1_1_1_1_1_1_1_1_1_1_1_1_1_1_1_1_1_1_1_1_2_1_1_1_1_1_1_1_2_1,1315804.174926463,4,755,2017,"{""type"":""Point"",""coordinates"":[0.0,0.0]}"
1_1_1_1_1_1_1_1_1_1_1_1_1_1_1_1_1_1_1_1_1_1_1_1_1_1_1_1_1_1_1_1_2_1_1_1_1_1_1_1_2_2,108.62760910847977,12,755,2017,"{""type"":""Point"",""coordinates"":[0.0,0.0]}"
1_1_1_1_1_1_1_1_1_1_1_1_1_1_1_1_1_1_1_1_1_1_1_1_1_1_1_1_1_1_1_1_2_1_1_1_1_1_1_1_2_3,553298.3080641653,21,755,2017,"{""type"":""Point"",""coordinates"":[0.0,0.0]}"
1_1_1_1_1_1_1_1_1_1_1_1_1_1_1_1_1_1_1_1_1_1_1_1_1_1_1_1_1_1_1_1_2_1_1_1_1_1_1_1_2_4,16401.112830652623,22,755,2017,"{""type"":""Point"",""coordinates"":[0.0,0.0]}"
1_1_1_1_1_1_1_1_1_1_1_1_1_1_1_1_1_1_1_1_1_1_1_1_1_1_1_1_1_1_1_1_2_1_1_1_1_1_1_1_2_5,13.221571608192587,29,755,2017,"{""type"":""Point"",""coordinates"":[0.0,0.0]}"
1_1_1_1_1_1_1_1_1_1_1_1_1_1_1_1_1_1_1_1_1_1_1_1_1_1_1_1_1_1_1_1_2_1_1_1_1_1_1_1_2_6,24664.218130323254,33,755,2017,"{""type"":""Point"",""coordinates"":[0.0,0.0]}"
1_1_1_1_1_1_1_1_1_1_1_1_1_1_1_1_1_1_1_1_1_1_1_1_1_1_1_1_1_1_1_1_2_1_1_1_1_1_1_2_0,1496.0126780630942,3,755,2018,"{""type"":""Point"",""coordinates"":[0.0,0.0]}"
1_1_1_1_1_1_1_1_1_1_1_1_1_1_1_1_1_1_1_1_1_1_1_1_1_1_1_1_1_1_1_1_2_1_1_1_1_1_1_2_1,1244566.224843997,4,755,2018,"{""type"":""Point"",""coordinates"":[0.0,0.0]}"
1_1_1_1_1_1_1_1_1_1_1_1_1_1_1_1_1_1_1_1_1_1_1_1_1_1_1_1_1_1_1_1_2_1_1_1_1_1_1_2_2,131.55108349796092,12,755,2018,"{""type"":""Point"",""coordinates"":[0.0,0.0]}"
1_1_1_1_1_1_1_1_1_1_1_1_1_1_1_1_1_1_1_1_1_1_1_1_1_1_1_1_1_1_1_1_2_1_1_1_1_1_1_2_3,614790.0501645722,21,755,2018,"{""type"":""Point"",""coordinates"":[0.0,0.0]}"
1_1_1_1_1_1_1_1_1_1_1_1_1_1_1_1_1_1_1_1_1_1_1_1_1_1_1_1_1_1_1_1_2_1_1_1_1_1_1_2_4,10958.586212502732,22,755,2018,"{""type"":""Point"",""coordinates"":[0.0,0.0]}"
1_1_1_1_1_1_1_1_1_1_1_1_1_1_1_1_1_1_1_1_1_1_1_1_1_1_1_1_1_1_1_1_2_1_1_1_1_1_1_2_5,186.26560506881424,29,755,2018,"{""type"":""Point"",""coordinates"":[0.0,0.0]}"
1_1_1_1_1_1_1_1_1_1_1_1_1_1_1_1_1_1_1_1_1_1_1_1_1_1_1_1_1_1_1_1_2_1_1_1_1_1_1_2_6,42093.61649065798,33,755,2018,"{""type"":""Point"",""coordinates"":[0.0,0.0]}"
1_1_1_1_1_1_1_1_1_1_1_1_1_1_1_1_1_1_1_1_1_1_1_1_1_1_1_1_1_1_1_1_2_1_1_1_1_1_2_0,2609.0717602189297,3,755,2019,"{""type"":""Point"",""coordinates"":[0.0,0.0]}"
1_1_1_1_1_1_1_1_1_1_1_1_1_1_1_1_1_1_1_1_1_1_1_1_1_1_1_1_1_1_1_1_2_1_1_1_1_1_2_1,1313263.4515449295,4,755,2019,"{""type"":""Point"",""coordinates"":[0.0,0.0]}"
1_1_1_1_1_1_1_1_1_1_1_1_1_1_1_1_1_1_1_1_1_1_1_1_1_1_1_1_1_1_1_1_2_1_1_1_1_1_2_2,4028.787964805117,12,755,2019,"{""type"":""Point"",""coordinates"":[0.0,0.0]}"
1_1_1_1_1_1_1_1_1_1_1_1_1_1_1_1_1_1_1_1_1_1_1_1_1_1_1_1_1_1_1_1_2_1_1_1_1_1_2_3,547886.1479334587,21,755,2019,"{""type"":""Point"",""coordinates"":[0.0,0.0]}"
1_1_1_1_1_1_1_1_1_1_1_1_1_1_1_1_1_1_1_1_1_1_1_1_1_1_1_1_1_1_1_1_2_1_1_1_1_1_2_4,5062.613127799514,22,755,2019,"{""type"":""Point"",""coordinates"":[0.0,0.0]}"
1_1_1_1_1_1_1_1_1_1_1_1_1_1_1_1_1_1_1_1_1_1_1_1_1_1_1_1_1_1_1_1_2_1_1_1_1_1_2_5,288.8516066494093,29,755,2019,"{""type"":""Point"",""coordinates"":[0.0,0.0]}"
1_1_1_1_1_1_1_1_1_1_1_1_1_1_1_1_1_1_1_1_1_1_1_1_1_1_1_1_1_1_1_1_2_1_1_1_1_1_2_6,41035.25623881654,33,755,2019,"{""type"":""Point"",""coordinates"":[0.0,0.0]}"
1_1_1_1_1_1_1_1_1_1_1_1_1_1_1_1_1_1_1_1_1_1_1_1_1_1_1_1_1_1_1_1_2_1_1_1_1_2_0,2817.2768600263935,3,755,2020,"{""type"":""Point"",""coordinates"":[0.0,0.0]}"
1_1_1_1_1_1_1_1_1_1_1_1_1_1_1_1_1_1_1_1_1_1_1_1_1_1_1_1_1_1_1_1_2_1_1_1_1_2_1,1289799.1575445917,4,755,2020,"{""type"":""Point"",""coordinates"":[0.0,0.0]}"
1_1_1_1_1_1_1_1_1_1_1_1_1_1_1_1_1_1_1_1_1_1_1_1_1_1_1_1_1_1_1_1_2_1_1_1_1_2_2,11.617594383161958,12,755,2020,"{""type"":""Point"",""coordinates"":[0.0,0.0]}"
1_1_1_1_1_1_1_1_1_1_1_1_1_1_1_1_1_1_1_1_1_1_1_1_1_1_1_1_1_1_1_1_2_1_1_1_1_2_3,564391.3591556866,21,755,2020,"{""type"":""Point"",""coordinates"":[0.0,0.0]}"
1_1_1_1_1_1_1_1_1_1_1_1_1_1_1_1_1_1_1_1_1_1_1_1_1_1_1_1_1_1_1_1_2_1_1_1_1_2_4,11076.730281003538,22,755,2020,"{""type"":""Point"",""coordinates"":[0.0,0.0]}"
1_1_1_1_1_1_1_1_1_1_1_1_1_1_1_1_1_1_1_1_1_1_1_1_1_1_1_1_1_1_1_1_2_1_1_1_1_2_5,168.42400094793558,29,755,2020,"{""type"":""Point"",""coordinates"":[0.0,0.0]}"
1_1_1_1_1_1_1_1_1_1_1_1_1_1_1_1_1_1_1_1_1_1_1_1_1_1_1_1_1_1_1_1_2_1_1_1_1_2_6,45934.74331757987,33,755,2020,"{""type"":""Point"",""coordinates"":[0.0,0.0]}"
1_1_1_1_1_1_1_1_1_1_1_1_1_1_1_1_1_1_1_1_1_1_1_1_1_1_1_1_1_1_1_1_2_1_1_1_2_0,3331.3206096686677,3,755,2021,"{""type"":""Point"",""coordinates"":[0.0,0.0]}"
1_1_1_1_1_1_1_1_1_1_1_1_1_1_1_1_1_1_1_1_1_1_1_1_1_1_1_1_1_1_1_1_2_1_1_1_2_1,1235413.7297619947,4,755,2021,"{""type"":""Point"",""coordinates"":[0.0,0.0]}"
1_1_1_1_1_1_1_1_1_1_1_1_1_1_1_1_1_1_1_1_1_1_1_1_1_1_1_1_1_1_1_1_2_1_1_1_2_2,1015.1678627636303,12,755,2021,"{""type"":""Point"",""coordinates"":[0.0,0.0]}"
1_1_1_1_1_1_1_1_1_1_1_1_1_1_1_1_1_1_1_1_1_1_1_1_1_1_1_1_1_1_1_1_2_1_1_1_2_3,617476.4280611769,21,755,2021,"{""type"":""Point"",""coordinates"":[0.0,0.0]}"
1_1_1_1_1_1_1_1_1_1_1_1_1_1_1_1_1_1_1_1_1_1_1_1_1_1_1_1_1_1_1_1_2_1_1_1_2_4,13013.029952834708,22,755,2021,"{""type"":""Point"",""coordinates"":[0.0,0.0]}"
1_1_1_1_1_1_1_1_1_1_1_1_1_1_1_1_1_1_1_1_1_1_1_1_1_1_1_1_1_1_1_1_2_1_1_1_2_5,1659.9361171672765,29,755,2021,"{""type"":""Point"",""coordinates"":[0.0,0.0]}"
1_1_1_1_1_1_1_1_1_1_1_1_1_1_1_1_1_1_1_1_1_1_1_1_1_1_1_1_1_1_1_1_2_1_1_1_2_6,41680.151001950784,33,755,2021,"{""type"":""Point"",""coordinates"":[0.0,0.0]}"
1_1_1_1_1_1_1_1_1_1_1_1_1_1_1_1_1_1_1_1_1_1_1_1_1_1_1_1_1_1_1_1_2_1_1_2_0,4804.136789806274,3,755,2022,"{""type"":""Point"",""coordinates"":[0.0,0.0]}"
1_1_1_1_1_1_1_1_1_1_1_1_1_1_1_1_1_1_1_1_1_1_1_1_1_1_1_1_1_1_1_1_2_1_1_2_1,1240768.5908429273,4,755,2022,"{""type"":""Point"",""coordinates"":[0.0,0.0]}"
1_1_1_1_1_1_1_1_1_1_1_1_1_1_1_1_1_1_1_1_1_1_1_1_1_1_1_1_1_1_1_1_2_1_1_2_2,1056.4057444693333,12,755,2022,"{""type"":""Point"",""coordinates"":[0.0,0.0]}"
1_1_1_1_1_1_1_1_1_1_1_1_1_1_1_1_1_1_1_1_1_1_1_1_1_1_1_1_1_1_1_1_2_1_1_2_3,610801.9063814465,21,755,2022,"{""type"":""Point"",""coordinates"":[0.0,0.0]}"
1_1_1_1_1_1_1_1_1_1_1_1_1_1_1_1_1_1_1_1_1_1_1_1_1_1_1_1_1_1_1_1_2_1_1_2_4,15270.405043143985,22,755,2022,"{""type"":""Point"",""coordinates"":[0.0,0.0]}"
1_1_1_1_1_1_1_1_1_1_1_1_1_1_1_1_1_1_1_1_1_1_1_1_1_1_1_1_1_1_1_1_2_1_1_2_5,341.8755269867064,29,755,2022,"{""type"":""Point"",""coordinates"":[0.0,0.0]}"
1_1_1_1_1_1_1_1_1_1_1_1_1_1_1_1_1_1_1_1_1_1_1_1_1_1_1_1_1_1_1_1_2_1_1_2_6,40159.73758809833,33,755,2022,"{""type"":""Point"",""coordinates"":[0.0,0.0]}"
1_1_1_1_1_1_1_1_1_1_1_1_1_1_1_1_1_1_1_1_1_1_1_1_1_1_1_1_1_1_1_1_2_1_2_0,2925.1215530738036,3,755,2023,"{""type"":""Point"",""coordinates"":[0.0,0.0]}"
1_1_1_1_1_1_1_1_1_1_1_1_1_1_1_1_1_1_1_1_1_1_1_1_1_1_1_1_1_1_1_1_2_1_2_1,1213696.1096002415,4,755,2023,"{""type"":""Point"",""coordinates"":[0.0,0.0]}"
1_1_1_1_1_1_1_1_1_1_1_1_1_1_1_1_1_1_1_1_1_1_1_1_1_1_1_1_1_1_1_1_2_1_2_2,933.002279014438,12,755,2023,"{""type"":""Point"",""coordinates"":[0.0,0.0]}"
1_1_1_1_1_1_1_1_1_1_1_1_1_1_1_1_1_1_1_1_1_1_1_1_1_1_1_1_1_1_1_1_2_1_2_3,643953.1815238801,21,755,2023,"{""type"":""Point"",""coordinates"":[0.0,0.0]}"
1_1_1_1_1_1_1_1_1_1_1_1_1_1_1_1_1_1_1_1_1_1_1_1_1_1_1_1_1_1_1_1_2_1_2_4,7366.153471717431,22,755,2023,"{""type"":""Point"",""coordinates"":[0.0,0.0]}"
1_1_1_1_1_1_1_1_1_1_1_1_1_1_1_1_1_1_1_1_1_1_1_1_1_1_1_1_1_1_1_1_2_1_2_5,611.27888336883,29,755,2023,"{""type"":""Point"",""coordinates"":[0.0,0.0]}"
1_1_1_1_1_1_1_1_1_1_1_1_1_1_1_1_1_1_1_1_1_1_1_1_1_1_1_1_1_1_1_1_2_1_2_6,44152.82039789602,33,755,2023,"{""type"":""Point"",""coordinates"":[0.0,0.0]}"
1_1_1_1_1_1_1_1_1_1_1_1_1_1_1_1_1_1_1_1_1_1_1_1_1_1_1_1_1_1_1_1_2_2_0,6986.337210451885,3,755,2024,"{""type"":""Point"",""coordinates"":[0.0,0.0]}"
1_1_1_1_1_1_1_1_1_1_1_1_1_1_1_1_1_1_1_1_1_1_1_1_1_1_1_1_1_1_1_1_2_2_1,1202362.860481806,4,755,2024,"{""type"":""Point"",""coordinates"":[0.0,0.0]}"
1_1_1_1_1_1_1_1_1_1_1_1_1_1_1_1_1_1_1_1_1_1_1_1_1_1_1_1_1_1_1_1_2_2_2,51.78523148803711,12,755,2024,"{""type"":""Point"",""coordinates"":[0.0,0.0]}"
1_1_1_1_1_1_1_1_1_1_1_1_1_1_1_1_1_1_1_1_1_1_1_1_1_1_1_1_1_1_1_1_2_2_3,641880.1381293673,21,755,2024,"{""type"":""Point"",""coordinates"":[0.0,0.0]}"
1_1_1_1_1_1_1_1_1_1_1_1_1_1_1_1_1_1_1_1_1_1_1_1_1_1_1_1_1_1_1_1_2_2_4,6816.074535310947,22,755,2024,"{""type"":""Point"",""coordinates"":[0.0,0.0]}"
1_1_1_1_1_1_1_1_1_1_1_1_1_1_1_1_1_1_1_1_1_1_1_1_1_1_1_1_1_1_1_1_2_2_5,5280.381184171266,29,755,2024,"{""type"":""Point"",""coordinates"":[0.0,0.0]}"
1_1_1_1_1_1_1_1_1_1_1_1_1_1_1_1_1_1_1_1_1_1_1_1_1_1_1_1_1_1_1_1_2_2_6,50816.122640045796,33,755,2024,"{""type"":""Point"",""coordinates"":[0.0,0.0]}"
1_1_1_1_1_1_1_1_1_1_1_1_1_1_1_1_1_1_1_1_1_1_1_1_1_1_1_1_1_1_1_2_1_1_1_1_1_1_1_1_2_0,4132.553820017115,3,7617,2016,"{""type"":""Point"",""coordinates"":[0.0,0.0]}"
1_1_1_1_1_1_1_1_1_1_1_1_1_1_1_1_1_1_1_1_1_1_1_1_1_1_1_1_1_1_1_2_1_1_1_1_1_1_1_1_2_1,1460342.6754228275,4,7617,2016,"{""type"":""Point"",""coordinates"":[0.0,0.0]}"
1_1_1_1_1_1_1_1_1_1_1_1_1_1_1_1_1_1_1_1_1_1_1_1_1_1_1_1_1_1_1_2_1_1_1_1_1_1_1_1_2_2,20.28217928466797,12,7617,2016,"{""type"":""Point"",""coordinates"":[0.0,0.0]}"
1_1_1_1_1_1_1_1_1_1_1_1_1_1_1_1_1_1_1_1_1_1_1_1_1_1_1_1_1_1_1_2_1_1_1_1_1_1_1_1_2_3,438176.27884096117,21,7617,2016,"{""type"":""Point"",""coordinates"":[0.0,0.0]}"
1_1_1_1_1_1_1_1_1_1_1_1_1_1_1_1_1_1_1_1_1_1_1_1_1_1_1_1_1_1_1_2_1_1_1_1_1_1_1_1_2_4,18445.052201597737,22,7617,2016,"{""type"":""Point"",""coordinates"":[0.0,0.0]}"
1_1_1_1_1_1_1_1_1_1_1_1_1_1_1_1_1_1_1_1_1_1_1_1_1_1_1_1_1_1_1_2_1_1_1_1_1_1_1_1_2_5,2662.3573439338215,29,7617,2016,"{""type"":""Point"",""coordinates"":[0.0,0.0]}"
1_1_1_1_1_1_1_1_1_1_1_1_1_1_1_1_1_1_1_1_1_1_1_1_1_1_1_1_1_1_1_2_1_1_1_1_1_1_1_1_2_6,210176.63692134988,33,7617,2016,"{""type"":""Point"",""coordinates"":[0.0,0.0]}"
1_1_1_1_1_1_1_1_1_1_1_1_1_1_1_1_1_1_1_1_1_1_1_1_1_1_1_1_1_1_1_2_1_1_1_1_1_1_1_2_0,2931.899702327063,3,7617,2017,"{""type"":""Point"",""coordinates"":[0.0,0.0]}"
1_1_1_1_1_1_1_1_1_1_1_1_1_1_1_1_1_1_1_1_1_1_1_1_1_1_1_1_1_1_1_2_1_1_1_1_1_1_1_2_1,1484415.290508911,4,7617,2017,"{""type"":""Point"",""coordinates"":[0.0,0.0]}"
1_1_1_1_1_1_1_1_1_1_1_1_1_1_1_1_1_1_1_1_1_1_1_1_1_1_1_1_1_1_1_2_1_1_1_1_1_1_1_2_2,367.5061204605881,12,7617,2017,"{""type"":""Point"",""coordinates"":[0.0,0.0]}"
1_1_1_1_1_1_1_1_1_1_1_1_1_1_1_1_1_1_1_1_1_1_1_1_1_1_1_1_1_1_1_2_1_1_1_1_1_1_1_2_3,427594.06715082406,21,7617,2017,"{""type"":""Point"",""coordinates"":[0.0,0.0]}"
1_1_1_1_1_1_1_1_1_1_1_1_1_1_1_1_1_1_1_1_1_1_1_1_1_1_1_1_1_1_1_2_1_1_1_1_1_1_1_2_4,27037.049066283274,22,7617,2017,"{""type"":""Point"",""coordinates"":[0.0,0.0]}"
1_1_1_1_1_1_1_1_1_1_1_1_1_1_1_1_1_1_1_1_1_1_1_1_1_1_1_1_1_1_1_2_1_1_1_1_1_1_1_2_5,36.67262559814455,29,7617,2017,"{""type"":""Point"",""coordinates"":[0.0,0.0]}"
1_1_1_1_1_1_1_1_1_1_1_1_1_1_1_1_1_1_1_1_1_1_1_1_1_1_1_1_1_1_1_2_1_1_1_1_1_1_1_2_6,192301.66927481248,33,7617,2017,"{""type"":""Point"",""coordinates"":[0.0,0.0]}"
1_1_1_1_1_1_1_1_1_1_1_1_1_1_1_1_1_1_1_1_1_1_1_1_1_1_1_1_1_1_1_2_1_1_1_1_1_1_2_0,2863.147228762357,3,7617,2018,"{""type"":""Point"",""coordinates"":[0.0,0.0]}"
1_1_1_1_1_1_1_1_1_1_1_1_1_1_1_1_1_1_1_1_1_1_1_1_1_1_1_1_1_1_1_2_1_1_1_1_1_1_2_1,1505394.6314909945,4,7617,2018,"{""type"":""Point"",""coordinates"":[0.0,0.0]}"
1_1_1_1_1_1_1_1_1_1_1_1_1_1_1_1_1_1_1_1_1_1_1_1_1_1_1_1_1_1_1_2_1_1_1_1_1_1_2_2,177.2054722839356,12,7617,2018,"{""type"":""Point"",""coordinates"":[0.0,0.0]}"
1_1_1_1_1_1_1_1_1_1_1_1_1_1_1_1_1_1_1_1_1_1_1_1_1_1_1_1_1_1_1_2_1_1_1_1_1_1_2_3,392278.22925724275,21,7617,2018,"{""type"":""Point"",""coordinates"":[0.0,0.0]}"
1_1_1_1_1_1_1_1_1_1_1_1_1_1_1_1_1_1_1_1_1_1_1_1_1_1_1_1_1_1_1_2_1_1_1_1_1_1_2_4,12986.33941418127,22,7617,2018,"{""type"":""Point"",""coordinates"":[0.0,0.0]}"
1_1_1_1_1_1_1_1_1_1_1_1_1_1_1_1_1_1_1_1_1_1_1_1_1_1_1_1_1_1_1_2_1_1_1_1_1_1_2_5,3802.0814507581376,29,7617,2018,"{""type"":""Point"",""coordinates"":[0.0,0.0]}"
1_1_1_1_1_1_1_1_1_1_1_1_1_1_1_1_1_1_1_1_1_1_1_1_1_1_1_1_1_1_1_2_1_1_1_1_1_1_2_6,219611.67831726503,33,7617,2018,"{""type"":""Point"",""coordinates"":[0.0,0.0]}"
1_1_1_1_1_1_1_1_1_1_1_1_1_1_1_1_1_1_1_1_1_1_1_1_1_1_1_1_1_1_1_2_1_1_1_1_1_2_0,3550.8917762807896,3,7617,2019,"{""type"":""Point"",""coordinates"":[0.0,0.0]}"
1_1_1_1_1_1_1_1_1_1_1_1_1_1_1_1_1_1_1_1_1_1_1_1_1_1_1_1_1_1_1_2_1_1_1_1_1_2_1,1475324.19145967,4,7617,2019,"{""type"":""Point"",""coordinates"":[0.0,0.0]}"
1_1_1_1_1_1_1_1_1_1_1_1_1_1_1_1_1_1_1_1_1_1_1_1_1_1_1_1_1_1_1_2_1_1_1_1_1_2_2,125.41046390251607,12,7617,2019,"{""type"":""Point"",""coordinates"":[0.0,0.0]}"
1_1_1_1_1_1_1_1_1_1_1_1_1_1_1_1_1_1_1_1_1_1_1_1_1_1_1_1_1_1_1_2_1_1_1_1_1_2_3,368037.594040011,21,7617,2019,"{""type"":""Point"",""coordinates"":[0.0,0.0]}"
1_1_1_1_1_1_1_1_1_1_1_1_1_1_1_1_1_1_1_1_1_1_1_1_1_1_1_1_1_1_1_2_1_1_1_1_1_2_4,46427.1562529205,22,7617,2019,"{""type"":""Point"",""coordinates"":[0.0,0.0]}"
1_1_1_1_1_1_1_1_1_1_1_1_1_1_1_1_1_1_1_1_1_1_1_1_1_1_1_1_1_1_1_2_1_1_1_1_1_2_5,2979.4973592651404,29,7617,2019,"{""type"":""Point"",""coordinates"":[0.0,0.0]}"
1_1_1_1_1_1_1_1_1_1_1_1_1_1_1_1_1_1_1_1_1_1_1_1_1_1_1_1_1_1_1_2_1_1_1_1_1_2_6,240769.56427493077,33,7617,2019,"{""type"":""Point"",""coordinates"":[0.0,0.0]}"
1_1_1_1_1_1_1_1_1_1_1_1_1_1_1_1_1_1_1_1_1_1_1_1_1_1_1_1_1_1_1_2_1_1_1_1_2_0,947.2685479295175,3,7617,2020,"{""type"":""Point"",""coordinates"":[0.0,0.0]}"
1_1_1_1_1_1_1_1_1_1_1_1_1_1_1_1_1_1_1_1_1_1_1_1_1_1_1_1_1_1_1_2_1_1_1_1_2_1,1561177.8927572225,4,7617,2020,"{""type"":""Point"",""coordinates"":[0.0,0.0]}"
1_1_1_1_1_1_1_1_1_1_1_1_1_1_1_1_1_1_1_1_1_1_1_1_1_1_1_1_1_1_1_2_1_1_1_1_2_2,66.60645558608108,12,7617,2020,"{""type"":""Point"",""coordinates"":[0.0,0.0]}"
1_1_1_1_1_1_1_1_1_1_1_1_1_1_1_1_1_1_1_1_1_1_1_1_1_1_1_1_1_1_1_2_1_1_1_1_2_3,274045.5626673991,21,7617,2020,"{""type"":""Point"",""coordinates"":[0.0,0.0]}"
1_1_1_1_1_1_1_1_1_1_1_1_1_1_1_1_1_1_1_1_1_1_1_1_1_1_1_1_1_1_1_2_1_1_1_1_2_4,17378.342301399196,22,7617,2020,"{""type"":""Point"",""coordinates"":[0.0,0.0]}"
1_1_1_1_1_1_1_1_1_1_1_1_1_1_1_1_1_1_1_1_1_1_1_1_1_1_1_1_1_1_1_2_1_1_1_1_2_5,279.189227469578,29,7617,2020,"{""type"":""Point"",""coordinates"":[0.0,0.0]}"
1_1_1_1_1_1_1_1_1_1_1_1_1_1_1_1_1_1_1_1_1_1_1_1_1_1_1_1_1_1_1_2_1_1_1_1_2_6,283397.6180576715,33,7617,2020,"{""type"":""Point"",""coordinates"":[0.0,0.0]}"
1_1_1_1_1_1_1_1_1_1_1_1_1_1_1_1_1_1_1_1_1_1_1_1_1_1_1_1_1_1_1_2_1_1_1_2_0,3501.322682457113,3,7617,2021,"{""type"":""Point"",""coordinates"":[0.0,0.0]}"
1_1_1_1_1_1_1_1_1_1_1_1_1_1_1_1_1_1_1_1_1_1_1_1_1_1_1_1_1_1_1_2_1_1_1_2_1,1529811.4056282125,4,7617,2021,"{""type"":""Point"",""coordinates"":[0.0,0.0]}"
1_1_1_1_1_1_1_1_1_1_1_1_1_1_1_1_1_1_1_1_1_1_1_1_1_1_1_1_1_1_1_2_1_1_1_2_2,227.23995697133975,12,7617,2021,"{""type"":""Point"",""coordinates"":[0.0,0.0]}"
1_1_1_1_1_1_1_1_1_1_1_1_1_1_1_1_1_1_1_1_1_1_1_1_1_1_1_1_1_1_1_2_1_1_1_2_3,311028.75047000183,21,7617,2021,"{""type"":""Point"",""coordinates"":[0.0,0.0]}"
1_1_1_1_1_1_1_1_1_1_1_1_1_1_1_1_1_1_1_1_1_1_1_1_1_1_1_1_1_1_1_2_1_1_1_2_4,10762.841016417193,22,7617,2021,"{""type"":""Point"",""coordinates"":[0.0,0.0]}"
1_1_1_1_1_1_1_1_1_1_1_1_1_1_1_1_1_1_1_1_1_1_1_1_1_1_1_1_1_1_1_2_1_1_1_2_5,729.8569112900677,29,7617,2021,"{""type"":""Point"",""coordinates"":[0.0,0.0]}"
1_1_1_1_1_1_1_1_1_1_1_1_1_1_1_1_1_1_1_1_1_1_1_1_1_1_1_1_1_1_1_2_1_1_1_2_6,281253.82158214075,33,7617,2021,"{""type"":""Point"",""coordinates"":[0.0,0.0]}"
1_1_1_1_1_1_1_1_1_1_1_1_1_1_1_1_1_1_1_1_1_1_1_1_1_1_1_1_1_1_1_2_1_1_2_0,2203.5178876066866,3,7617,2022,"{""type"":""Point"",""coordinates"":[0.0,0.0]}"
1_1_1_1_1_1_1_1_1_1_1_1_1_1_1_1_1_1_1_1_1_1_1_1_1_1_1_1_1_1_1_2_1_1_2_1,1533125.8859551365,4,7617,2022,"{""type"":""Point"",""coordinates"":[0.0,0.0]}"
1_1_1_1_1_1_1_1_1_1_1_1_1_1_1_1_1_1_1_1_1_1_1_1_1_1_1_1_1_1_1_2_1_1_2_2,83.96965619566677,12,7617,2022,"{""type"":""Point"",""coordinates"":[0.0,0.0]}"
1_1_1_1_1_1_1_1_1_1_1_1_1_1_1_1_1_1_1_1_1_1_1_1_1_1_1_1_1_1_1_2_1_1_2_3,279038.91054868465,21,7617,2022,"{""type"":""Point"",""coordinates"":[0.0,0.0]}"
1_1_1_1_1_1_1_1_1_1_1_1_1_1_1_1_1_1_1_1_1_1_1_1_1_1_1_1_1_1_1_2_1_1_2_4,7797.316554113081,22,7617,2022,"{""type"":""Point"",""coordinates"":[0.0,0.0]}"
1_1_1_1_1_1_1_1_1_1_1_1_1_1_1_1_1_1_1_1_1_1_1_1_1_1_1_1_1_1_1_2_1_1_2_5,607.7569737862882,29,7617,2022,"{""type"":""Point"",""coordinates"":[0.0,0.0]}"
1_1_1_1_1_1_1_1_1_1_1_1_1_1_1_1_1_1_1_1_1_1_1_1_1_1_1_1_1_1_1_2_1_1_2_6,314492.5201235986,33,7617,2022,"{""type"":""Point"",""coordinates"":[0.0,0.0]}"
1_1_1_1_1_1_1_1_1_1_1_1_1_1_1_1_1_1_1_1_1_1_1_1_1_1_1_1_1_1_1_2_1_2_0,3402.030686496867,3,7617,2023,"{""type"":""Point"",""coordinates"":[0.0,0.0]}"
1_1_1_1_1_1_1_1_1_1_1_1_1_1_1_1_1_1_1_1_1_1_1_1_1_1_1_1_1_1_1_2_1_2_1,1560986.0939050345,4,7617,2023,"{""type"":""Point"",""coordinates"":[0.0,0.0]}"
1_1_1_1_1_1_1_1_1_1_1_1_1_1_1_1_1_1_1_1_1_1_1_1_1_1_1_1_1_1_1_2_1_2_2,57.58631994018555,12,7617,2023,"{""type"":""Point"",""coordinates"":[0.0,0.0]}"
1_1_1_1_1_1_1_1_1_1_1_1_1_1_1_1_1_1_1_1_1_1_1_1_1_1_1_1_1_1_1_2_1_2_3,268170.3065840952,21,7617,2023,"{""type"":""Point"",""coordinates"":[0.0,0.0]}"
1_1_1_1_1_1_1_1_1_1_1_1_1_1_1_1_1_1_1_1_1_1_1_1_1_1_1_1_1_1_1_2_1_2_4,6656.165901317102,22,7617,2023,"{""type"":""Point"",""coordinates"":[0.0,0.0]}"
1_1_1_1_1_1_1_1_1_1_1_1_1_1_1_1_1_1_1_1_1_1_1_1_1_1_1_1_1_1_1_2_1_2_5,1863.2378932865017,29,7617,2023,"{""type"":""Point"",""coordinates"":[0.0,0.0]}"
1_1_1_1_1_1_1_1_1_1_1_1_1_1_1_1_1_1_1_1_1_1_1_1_1_1_1_1_1_1_1_2_1_2_6,296157.4121411806,33,7617,2023,"{""type"":""Point"",""coordinates"":[0.0,0.0]}"
1_1_1_1_1_1_1_1_1_1_1_1_1_1_1_1_1_1_1_1_1_1_1_1_1_1_1_1_1_1_1_2_2_0,13033.285344339354,3,7617,2024,"{""type"":""Point"",""coordinates"":[0.0,0.0]}"
1_1_1_1_1_1_1_1_1_1_1_1_1_1_1_1_1_1_1_1_1_1_1_1_1_1_1_1_1_1_1_2_2_1,1511606.8158277494,4,7617,2024,"{""type"":""Point"",""coordinates"":[0.0,0.0]}"
1_1_1_1_1_1_1_1_1_1_1_1_1_1_1_1_1_1_1_1_1_1_1_1_1_1_1_1_1_1_1_2_2_2,100.28332720336917,12,7617,2024,"{""type"":""Point"",""coordinates"":[0.0,0.0]}"
1_1_1_1_1_1_1_1_1_1_1_1_1_1_1_1_1_1_1_1_1_1_1_1_1_1_1_1_1_1_1_2_2_3,325132.553753131,21,7617,2024,"{""type"":""Point"",""coordinates"":[0.0,0.0]}"
1_1_1_1_1_1_1_1_1_1_1_1_1_1_1_1_1_1_1_1_1_1_1_1_1_1_1_1_1_1_1_2_2_4,755.7895337487796,22,7617,2024,"{""type"":""Point"",""coordinates"":[0.0,0.0]}"
1_1_1_1_1_1_1_1_1_1_1_1_1_1_1_1_1_1_1_1_1_1_1_1_1_1_1_1_1_1_1_2_2_5,1856.5589161459775,29,7617,2024,"{""type"":""Point"",""coordinates"":[0.0,0.0]}"
1_1_1_1_1_1_1_1_1_1_1_1_1_1_1_1_1_1_1_1_1_1_1_1_1_1_1_1_1_1_1_2_2_6,284192.6921110975,33,7617,2024,"{""type"":""Point"",""coordinates"":[0.0,0.0]}"
1_1_1_1_1_1_1_1_1_1_1_1_1_1_1_1_1_1_1_1_1_1_1_1_1_1_1_1_1_1_2_1_1_1_1_1_1_1_1_2_0,852.7002635136139,3,7564,2016,"{""type"":""Point"",""coordinates"":[0.0,0.0]}"
1_1_1_1_1_1_1_1_1_1_1_1_1_1_1_1_1_1_1_1_1_1_1_1_1_1_1_1_1_1_2_1_1_1_1_1_1_1_1_2_1,1749830.7240192848,4,7564,2016,"{""type"":""Point"",""coordinates"":[0.0,0.0]}"
1_1_1_1_1_1_1_1_1_1_1_1_1_1_1_1_1_1_1_1_1_1_1_1_1_1_1_1_1_1_2_1_1_1_1_1_1_1_1_2_2,12.158691992187501,12,7564,2016,"{""type"":""Point"",""coordinates"":[0.0,0.0]}"
1_1_1_1_1_1_1_1_1_1_1_1_1_1_1_1_1_1_1_1_1_1_1_1_1_1_1_1_1_1_2_1_1_1_1_1_1_1_1_2_3,381850.3604015757,21,7564,2016,"{""type"":""Point"",""coordinates"":[0.0,0.0]}"
1_1_1_1_1_1_1_1_1_1_1_1_1_1_1_1_1_1_1_1_1_1_1_1_1_1_1_1_1_1_2_1_1_1_1_1_1_1_1_2_4,776.621815335479,22,7564,2016,"{""type"":""Point"",""coordinates"":[0.0,0.0]}"
1_1_1_1_1_1_1_1_1_1_1_1_1_1_1_1_1_1_1_1_1_1_1_1_1_1_1_1_1_1_2_1_1_1_1_1_1_1_1_2_5,16.060632543945314,29,7564,2016,"{""type"":""Point"",""coordinates"":[0.0,0.0]}"
1_1_1_1_1_1_1_1_1_1_1_1_1_1_1_1_1_1_1_1_1_1_1_1_1_1_1_1_1_1_2_1_1_1_1_1_1_1_1_2_6,5450.787631538445,33,7564,2016,"{""type"":""Point"",""coordinates"":[0.0,0.0]}"
1_1_1_1_1_1_1_1_1_1_1_1_1_1_1_1_1_1_1_1_1_1_1_1_1_1_1_1_1_1_2_1_1_1_1_1_1_1_2_0,277.6830427521829,3,7564,2017,"{""type"":""Point"",""coordinates"":[0.0,0.0]}"
1_1_1_1_1_1_1_1_1_1_1_1_1_1_1_1_1_1_1_1_1_1_1_1_1_1_1_1_1_1_2_1_1_1_1_1_1_1_2_1,1685339.575937278,4,7564,2017,"{""type"":""Point"",""coordinates"":[0.0,0.0]}"
1_1_1_1_1_1_1_1_1_1_1_1_1_1_1_1_1_1_1_1_1_1_1_1_1_1_1_1_1_1_2_1_1_1_1_1_1_1_2_2,57.062481975480615,12,7564,2017,"{""type"":""Point"",""coordinates"":[0.0,0.0]}"
1_1_1_1_1_1_1_1_1_1_1_1_1_1_1_1_1_1_1_1_1_1_1_1_1_1_1_1_1_1_2_1_1_1_1_1_1_1_2_3,443504.74955047434,21,7564,2017,"{""type"":""Point"",""coordinates"":[0.0,0.0]}"
1_1_1_1_1_1_1_1_1_1_1_1_1_1_1_1_1_1_1_1_1_1_1_1_1_1_1_1_1_1_2_1_1_1_1_1_1_1_2_4,409.8055612854006,22,7564,2017,"{""type"":""Point"",""coordinates"":[0.0,0.0]}"
1_1_1_1_1_1_1_1_1_1_1_1_1_1_1_1_1_1_1_1_1_1_1_1_1_1_1_1_1_1_2_1_1_1_1_1_1_1_2_5,170.06389406127929,29,7564,2017,"{""type"":""Point"",""coordinates"":[0.0,0.0]}"
1_1_1_1_1_1_1_1_1_1_1_1_1_1_1_1_1_1_1_1_1_1_1_1_1_1_1_1_1_1_2_1_1_1_1_1_1_1_2_6,7479.121039277409,33,7564,2017,"{""type"":""Point"",""coordinates"":[0.0,0.0]}"
1_1_1_1_1_1_1_1_1_1_1_1_1_1_1_1_1_1_1_1_1_1_1_1_1_1_1_1_1_1_2_1_1_1_1_1_1_2_0,178.73150984121287,3,7564,2018,"{""type"":""Point"",""coordinates"":[0.0,0.0]}"
1_1_1_1_1_1_1_1_1_1_1_1_1_1_1_1_1_1_1_1_1_1_1_1_1_1_1_1_1_1_2_1_1_1_1_1_1_2_1,1596025.2013602043,4,7564,2018,"{""type"":""Point"",""coordinates"":[0.0,0.0]}"
1_1_1_1_1_1_1_1_1_1_1_1_1_1_1_1_1_1_1_1_1_1_1_1_1_1_1_1_1_1_2_1_1_1_1_1_1_2_2,8.34023956298828,12,7564,2018,"{""type"":""Point"",""coordinates"":[0.0,0.0]}"
1_1_1_1_1_1_1_1_1_1_1_1_1_1_1_1_1_1_1_1_1_1_1_1_1_1_1_1_1_1_2_1_1_1_1_1_1_2_3,523885.71156177286,21,7564,2018,"{""type"":""Point"",""coordinates"":[0.0,0.0]}"
1_1_1_1_1_1_1_1_1_1_1_1_1_1_1_1_1_1_1_1_1_1_1_1_1_1_1_1_1_1_2_1_1_1_1_1_1_2_4,987.9258421678503,22,7564,2018,"{""type"":""Point"",""coordinates"":[0.0,0.0]}"
1_1_1_1_1_1_1_1_1_1_1_1_1_1_1_1_1_1_1_1_1_1_1_1_1_1_1_1_1_1_2_1_1_1_1_1_1_2_5,3258.8605010803267,29,7564,2018,"{""type"":""Point"",""coordinates"":[0.0,0.0]}"
1_1_1_1_1_1_1_1_1_1_1_1_1_1_1_1_1_1_1_1_1_1_1_1_1_1_1_1_1_1_2_1_1_1_1_1_1_2_6,14605.37626738441,33,7564,2018,"{""type"":""Point"",""coordinates"":[0.0,0.0]}"
1_1_1_1_1_1_1_1_1_1_1_1_1_1_1_1_1_1_1_1_1_1_1_1_1_1_1_1_1_1_2_1_1_1_1_1_2_0,178.04723946602616,3,7564,2019,"{""type"":""Point"",""coordinates"":[0.0,0.0]}"
1_1_1_1_1_1_1_1_1_1_1_1_1_1_1_1_1_1_1_1_1_1_1_1_1_1_1_1_1_1_2_1_1_1_1_1_2_1,1636430.8805259855,4,7564,2019,"{""type"":""Point"",""coordinates"":[0.0,0.0]}"
1_1_1_1_1_1_1_1_1_1_1_1_1_1_1_1_1_1_1_1_1_1_1_1_1_1_1_1_1_1_2_1_1_1_1_1_2_2,5.770497570800781,12,7564,2019,"{""type"":""Point"",""coordinates"":[0.0,0.0]}"
1_1_1_1_1_1_1_1_1_1_1_1_1_1_1_1_1_1_1_1_1_1_1_1_1_1_1_1_1_1_2_1_1_1_1_1_2_3,484847.4912640286,21,7564,2019,"{""type"":""Point"",""coordinates"":[0.0,0.0]}"
1_1_1_1_1_1_1_1_1_1_1_1_1_1_1_1_1_1_1_1_1_1_1_1_1_1_1_1_1_1_2_1_1_1_1_1_2_4,9.757048034667967,22,7564,2019,"{""type"":""Point"",""coordinates"":[0.0,0.0]}"
1_1_1_1_1_1_1_1_1_1_1_1_1_1_1_1_1_1_1_1_1_1_1_1_1_1_1_1_1_1_2_1_1_1_1_1_2_5,1250.236464959709,29,7564,2019,"{""type"":""Point"",""coordinates"":[0.0,0.0]}"
1_1_1_1_1_1_1_1_1_1_1_1_1_1_1_1_1_1_1_1_1_1_1_1_1_1_1_1_1_1_2_1_1_1_1_1_2_6,16228.407798502067,33,7564,2019,"{""type"":""Point"",""coordinates"":[0.0,0.0]}"
1_1_1_1_1_1_1_1_1_1_1_1_1_1_1_1_1_1_1_1_1_1_1_1_1_1_1_1_1_1_2_1_1_1_1_2_0,2149.6646085565767,3,7564,2020,"{""type"":""Point"",""coordinates"":[0.0,0.0]}"
1_1_1_1_1_1_1_1_1_1_1_1_1_1_1_1_1_1_1_1_1_1_1_1_1_1_1_1_1_1_2_1_1_1_1_2_1,1588200.801552609,4,7564,2020,"{""type"":""Point"",""coordinates"":[0.0,0.0]}"
1_1_1_1_1_1_1_1_1_1_1_1_1_1_1_1_1_1_1_1_1_1_1_1_1_1_1_1_1_1_2_1_1_1_1_2_2,2.1306080993652343,12,7564,2020,"{""type"":""Point"",""coordinates"":[0.0,0.0]}"
1_1_1_1_1_1_1_1_1_1_1_1_1_1_1_1_1_1_1_1_1_1_1_1_1_1_1_1_1_1_2_1_1_1_1_2_3,516583.8232364581,21,7564,2020,"{""type"":""Point"",""coordinates"":[0.0,0.0]}"
1_1_1_1_1_1_1_1_1_1_1_1_1_1_1_1_1_1_1_1_1_1_1_1_1_1_1_1_1_1_2_1_1_1_1_2_4,2208.4949711487725,22,7564,2020,"{""type"":""Point"",""coordinates"":[0.0,0.0]}"
1_1_1_1_1_1_1_1_1_1_1_1_1_1_1_1_1_1_1_1_1_1_1_1_1_1_1_1_1_1_2_1_1_1_1_2_5,17.034280114746096,29,7564,2020,"{""type"":""Point"",""coordinates"":[0.0,0.0]}"
1_1_1_1_1_1_1_1_1_1_1_1_1_1_1_1_1_1_1_1_1_1_1_1_1_1_1_1_1_1_2_1_1_1_1_2_6,29790.061392804037,33,7564,2020,"{""type"":""Point"",""coordinates"":[0.0,0.0]}"
1_1_1_1_1_1_1_1_1_1_1_1_1_1_1_1_1_1_1_1_1_1_1_1_1_1_1_1_1_1_2_1_1_1_2_0,1032.8242450618488,3,7564,2021,"{""type"":""Point"",""coordinates"":[0.0,0.0]}"
1_1_1_1_1_1_1_1_1_1_1_1_1_1_1_1_1_1_1_1_1_1_1_1_1_1_1_1_1_1_2_1_1_1_2_1,1637352.7976753453,4,7564,2021,"{""type"":""Point"",""coordinates"":[0.0,0.0]}"
1_1_1_1_1_1_1_1_1_1_1_1_1_1_1_1_1_1_1_1_1_1_1_1_1_1_1_1_1_1_2_1_1_1_2_2,30.25720005493163,12,7564,2021,"{""type"":""Point"",""coordinates"":[0.0,0.0]}"
1_1_1_1_1_1_1_1_1_1_1_1_1_1_1_1_1_1_1_1_1_1_1_1_1_1_1_1_1_1_2_1_1_1_2_3,472961.56017360656,21,7564,2021,"{""type"":""Point"",""coordinates"":[0.0,0.0]}"
1_1_1_1_1_1_1_1_1_1_1_1_1_1_1_1_1_1_1_1_1_1_1_1_1_1_1_1_1_1_2_1_1_1_2_4,948.4589087795831,22,7564,2021,"{""type"":""Point"",""coordinates"":[0.0,0.0]}"
1_1_1_1_1_1_1_1_1_1_1_1_1_1_1_1_1_1_1_1_1_1_1_1_1_1_1_1_1_1_2_1_1_1_2_5,1097.8063371765138,29,7564,2021,"{""type"":""Point"",""coordinates"":[0.0,0.0]}"
1_1_1_1_1_1_1_1_1_1_1_1_1_1_1_1_1_1_1_1_1_1_1_1_1_1_1_1_1_1_2_1_1_1_2_6,25527.862364382934,33,7564,2021,"{""type"":""Point"",""coordinates"":[0.0,0.0]}"
1_1_1_1_1_1_1_1_1_1_1_1_1_1_1_1_1_1_1_1_1_1_1_1_1_1_1_1_1_1_2_1_1_2_0,1108.7885660254149,3,7564,2022,"{""type"":""Point"",""coordinates"":[0.0,0.0]}"
1_1_1_1_1_1_1_1_1_1_1_1_1_1_1_1_1_1_1_1_1_1_1_1_1_1_1_1_1_1_2_1_1_2_1,1507281.5640551357,4,7564,2022,"{""type"":""Point"",""coordinates"":[0.0,0.0]}"
1_1_1_1_1_1_1_1_1_1_1_1_1_1_1_1_1_1_1_1_1_1_1_1_1_1_1_1_1_1_2_1_1_2_2,196.13985501098622,12,7564,2022,"{""type"":""Point"",""coordinates"":[0.0,0.0]}"
1_1_1_1_1_1_1_1_1_1_1_1_1_1_1_1_1_1_1_1_1_1_1_1_1_1_1_1_1_1_2_1_1_2_3,604231.1490125734,21,7564,2022,"{""type"":""Point"",""coordinates"":[0.0,0.0]}"
1_1_1_1_1_1_1_1_1_1_1_1_1_1_1_1_1_1_1_1_1_1_1_1_1_1_1_1_1_1_2_1_1_2_4,119.98906846923825,22,7564,2022,"{""type"":""Point"",""coordinates"":[0.0,0.0]}"
1_1_1_1_1_1_1_1_1_1_1_1_1_1_1_1_1_1_1_1_1_1_1_1_1_1_1_1_1_1_2_1_1_2_5,4.763965186982997,29,7564,2022,"{""type"":""Point"",""coordinates"":[0.0,0.0]}"
1_1_1_1_1_1_1_1_1_1_1_1_1_1_1_1_1_1_1_1_1_1_1_1_1_1_1_1_1_1_2_1_1_2_6,26007.130950909337,33,7564,2022,"{""type"":""Point"",""coordinates"":[0.0,0.0]}"
1_1_1_1_1_1_1_1_1_1_1_1_1_1_1_1_1_1_1_1_1_1_1_1_1_1_1_1_1_1_2_1_2_0,1781.7010529241518,3,7564,2023,"{""type"":""Point"",""coordinates"":[0.0,0.0]}"
1_1_1_1_1_1_1_1_1_1_1_1_1_1_1_1_1_1_1_1_1_1_1_1_1_1_1_1_1_1_2_1_2_1,1505020.2890568245,4,7564,2023,"{""type"":""Point"",""coordinates"":[0.0,0.0]}"
1_1_1_1_1_1_1_1_1_1_1_1_1_1_1_1_1_1_1_1_1_1_1_1_1_1_1_1_1_1_2_1_2_2,84.39383247118184,12,7564,2023,"{""type"":""Point"",""coordinates"":[0.0,0.0]}"
1_1_1_1_1_1_1_1_1_1_1_1_1_1_1_1_1_1_1_1_1_1_1_1_1_1_1_1_1_1_2_1_2_3,600301.6703606966,21,7564,2023,"{""type"":""Point"",""coordinates"":[0.0,0.0]}"
1_1_1_1_1_1_1_1_1_1_1_1_1_1_1_1_1_1_1_1_1_1_1_1_1_1_1_1_1_1_2_1_2_4,122.03233316332052,22,7564,2023,"{""type"":""Point"",""coordinates"":[0.0,0.0]}"
1_1_1_1_1_1_1_1_1_1_1_1_1_1_1_1_1_1_1_1_1_1_1_1_1_1_1_1_1_1_2_1_2_5,4262.741245376553,29,7564,2023,"{""type"":""Point"",""coordinates"":[0.0,0.0]}"
1_1_1_1_1_1_1_1_1_1_1_1_1_1_1_1_1_1_1_1_1_1_1_1_1_1_1_1_1_1_2_1_2_6,27378.7392813025,33,7564,2023,"{""type"":""Point"",""coordinates"":[0.0,0.0]}"
1_1_1_1_1_1_1_1_1_1_1_1_1_1_1_1_1_1_1_1_1_1_1_1_1_1_1_1_1_1_2_2_0,8530.403798360923,3,7564,2024,"{""type"":""Point"",""coordinates"":[0.0,0.0]}"
1_1_1_1_1_1_1_1_1_1_1_1_1_1_1_1_1_1_1_1_1_1_1_1_1_1_1_1_1_1_2_2_1,1340162.7416655018,4,7564,2024,"{""type"":""Point"",""coordinates"":[0.0,0.0]}"
1_1_1_1_1_1_1_1_1_1_1_1_1_1_1_1_1_1_1_1_1_1_1_1_1_1_1_1_1_1_2_2_2,37.734287284581804,12,7564,2024,"{""type"":""Point"",""coordinates"":[0.0,0.0]}"
1_1_1_1_1_1_1_1_1_1_1_1_1_1_1_1_1_1_1_1_1_1_1_1_1_1_1_1_1_1_2_2_3,754309.1584162834,21,7564,2024,"{""type"":""Point"",""coordinates"":[0.0,0.0]}"
1_1_1_1_1_1_1_1_1_1_1_1_1_1_1_1_1_1_1_1_1_1_1_1_1_1_1_1_1_1_2_2_4,1111.8111988555995,22,7564,2024,"{""type"":""Point"",""coordinates"":[0.0,0.0]}"
1_1_1_1_1_1_1_1_1_1_1_1_1_1_1_1_1_1_1_1_1_1_1_1_1_1_1_1_1_1_2_2_5,2476.370739637811,29,7564,2024,"{""type"":""Point"",""coordinates"":[0.0,0.0]}"
1_1_1_1_1_1_1_1_1_1_1_1_1_1_1_1_1_1_1_1_1_1_1_1_1_1_1_1_1_1_2_2_6,32322.81414201656,33,7564,2024,"{""type"":""Point"",""coordinates"":[0.0,0.0]}"
1_1_1_1_1_1_1_1_1_1_1_1_1_1_1_1_1_1_1_1_1_1_1_1_1_1_1_1_1_2_1_1_1_1_1_1_1_1_2_0,1794.098342484225,3,761111,2016,"{""type"":""Point"",""coordinates"":[0.0,0.0]}"
1_1_1_1_1_1_1_1_1_1_1_1_1_1_1_1_1_1_1_1_1_1_1_1_1_1_1_1_1_2_1_1_1_1_1_1_1_1_2_1,470713.14224949747,4,761111,2016,"{""type"":""Point"",""coordinates"":[0.0,0.0]}"
1_1_1_1_1_1_1_1_1_1_1_1_1_1_1_1_1_1_1_1_1_1_1_1_1_1_1_1_1_2_1_1_1_1_1_1_1_1_2_2,20.449653149414058,12,761111,2016,"{""type"":""Point"",""coordinates"":[0.0,0.0]}"
1_1_1_1_1_1_1_1_1_1_1_1_1_1_1_1_1_1_1_1_1_1_1_1_1_1_1_1_1_2_1_1_1_1_1_1_1_1_2_3,929678.6245195756,21,761111,2016,"{""type"":""Point"",""coordinates"":[0.0,0.0]}"
1_1_1_1_1_1_1_1_1_1_1_1_1_1_1_1_1_1_1_1_1_1_1_1_1_1_1_1_1_2_1_1_1_1_1_1_1_1_2_4,1779.2090639341584,22,761111,2016,"{""type"":""Point"",""coordinates"":[0.0,0.0]}"
1_1_1_1_1_1_1_1_1_1_1_1_1_1_1_1_1_1_1_1_1_1_1_1_1_1_1_1_1_2_1_1_1_1_1_1_1_1_2_5,4485.780543201273,33,761111,2016,"{""type"":""Point"",""coordinates"":[0.0,0.0]}"
1_1_1_1_1_1_1_1_1_1_1_1_1_1_1_1_1_1_1_1_1_1_1_1_1_1_1_1_1_2_1_1_1_1_1_1_1_2_0,661.9068365312645,3,761111,2017,"{""type"":""Point"",""coordinates"":[0.0,0.0]}"
1_1_1_1_1_1_1_1_1_1_1_1_1_1_1_1_1_1_1_1_1_1_1_1_1_1_1_1_1_2_1_1_1_1_1_1_1_2_1,427298.68102839973,4,761111,2017,"{""type"":""Point"",""coordinates"":[0.0,0.0]}"
1_1_1_1_1_1_1_1_1_1_1_1_1_1_1_1_1_1_1_1_1_1_1_1_1_1_1_1_1_2_1_1_1_1_1_1_1_2_2,0.1761962890625,12,761111,2017,"{""type"":""Point"",""coordinates"":[0.0,0.0]}"
1_1_1_1_1_1_1_1_1_1_1_1_1_1_1_1_1_1_1_1_1_1_1_1_1_1_1_1_1_2_1_1_1_1_1_1_1_2_3,975325.7331825428,21,761111,2017,"{""type"":""Point"",""coordinates"":[0.0,0.0]}"
1_1_1_1_1_1_1_1_1_1_1_1_1_1_1_1_1_1_1_1_1_1_1_1_1_1_1_1_1_2_1_1_1_1_1_1_1_2_4,57.19893549696978,22,761111,2017,"{""type"":""Point"",""coordinates"":[0.0,0.0]}"
1_1_1_1_1_1_1_1_1_1_1_1_1_1_1_1_1_1_1_1_1_1_1_1_1_1_1_1_1_2_1_1_1_1_1_1_1_2_5,0.08566432631548714,29,761111,2017,"{""type"":""Point"",""coordinates"":[0.0,0.0]}"
1_1_1_1_1_1_1_1_1_1_1_1_1_1_1_1_1_1_1_1_1_1_1_1_1_1_1_1_1_2_1_1_1_1_1_1_1_2_6,4250.273829034418,33,761111,2017,"{""type"":""Point"",""coordinates"":[0.0,0.0]}"
1_1_1_1_1_1_1_1_1_1_1_1_1_1_1_1_1_1_1_1_1_1_1_1_1_1_1_1_1_2_1_1_1_1_1_1_2_0,2954.3263110503985,3,761111,2018,"{""type"":""Point"",""coordinates"":[0.0,0.0]}"
1_1_1_1_1_1_1_1_1_1_1_1_1_1_1_1_1_1_1_1_1_1_1_1_1_1_1_1_1_2_1_1_1_1_1_1_2_1,512055.7939164226,4,761111,2018,"{""type"":""Point"",""coordinates"":[0.0,0.0]}"
1_1_1_1_1_1_1_1_1_1_1_1_1_1_1_1_1_1_1_1_1_1_1_1_1_1_1_1_1_2_1_1_1_1_1_1_2_2,0.6180024536132813,12,761111,2018,"{""type"":""Point"",""coordinates"":[0.0,0.0]}"
1_1_1_1_1_1_1_1_1_1_1_1_1_1_1_1_1_1_1_1_1_1_1_1_1_1_1_1_1_2_1_1_1_1_1_1_2_3,889751.8250675263,21,761111,2018,"{""type"":""Point"",""coordinates"":[0.0,0.0]}"
1_1_1_1_1_1_1_1_1_1_1_1_1_1_1_1_1_1_1_1_1_1_1_1_1_1_1_1_1_2_1_1_1_1_1_1_2_4,613.3381387183094,22,761111,2018,"{""type"":""Point"",""coordinates"":[0.0,0.0]}"
1_1_1_1_1_1_1_1_1_1_1_1_1_1_1_1_1_1_1_1_1_1_1_1_1_1_1_1_1_2_1_1_1_1_1_1_2_5,1.2344628173828127,29,761111,2018,"{""type"":""Point"",""coordinates"":[0.0,0.0]}"
1_1_1_1_1_1_1_1_1_1_1_1_1_1_1_1_1_1_1_1_1_1_1_1_1_1_1_1_1_2_1_1_1_1_1_1_2_6,4317.891835419868,33,761111,2018,"{""type"":""Point"",""coordinates"":[0.0,0.0]}"
1_1_1_1_1_1_1_1_1_1_1_1_1_1_1_1_1_1_1_1_1_1_1_1_1_1_1_1_1_2_1_1_1_1_1_2_0,4692.004232665911,3,761111,2019,"{""type"":""Point"",""coordinates"":[0.0,0.0]}"
1_1_1_1_1_1_1_1_1_1_1_1_1_1_1_1_1_1_1_1_1_1_1_1_1_1_1_1_1_2_1_1_1_1_1_2_1,487856.0712117735,4,761111,2019,"{""type"":""Point"",""coordinates"":[0.0,0.0]}"
1_1_1_1_1_1_1_1_1_1_1_1_1_1_1_1_1_1_1_1_1_1_1_1_1_1_1_1_1_2_1_1_1_1_1_2_2,70.5318294281125,12,761111,2019,"{""type"":""Point"",""coordinates"":[0.0,0.0]}"
1_1_1_1_1_1_1_1_1_1_1_1_1_1_1_1_1_1_1_1_1_1_1_1_1_1_1_1_1_2_1_1_1_1_1_2_3,911982.5865172251,21,761111,2019,"{""type"":""Point"",""coordinates"":[0.0,0.0]}"
1_1_1_1_1_1_1_1_1_1_1_1_1_1_1_1_1_1_1_1_1_1_1_1_1_1_1_1_1_2_1_1_1_1_1_2_4,177.59231052856447,22,761111,2019,"{""type"":""Point"",""coordinates"":[0.0,0.0]}"
1_1_1_1_1_1_1_1_1_1_1_1_1_1_1_1_1_1_1_1_1_1_1_1_1_1_1_1_1_2_1_1_1_1_1_2_5,11.824043402626188,29,761111,2019,"{""type"":""Point"",""coordinates"":[0.0,0.0]}"
1_1_1_1_1_1_1_1_1_1_1_1_1_1_1_1_1_1_1_1_1_1_1_1_1_1_1_1_1_2_1_1_1_1_1_2_6,5207.142139955203,33,761111,2019,"{""type"":""Point"",""coordinates"":[0.0,0.0]}"
1_1_1_1_1_1_1_1_1_1_1_1_1_1_1_1_1_1_1_1_1_1_1_1_1_1_1_1_1_2_1_1_1_1_2_0,1689.1749436331945,3,761111,2020,"{""type"":""Point"",""coordinates"":[0.0,0.0]}"
1_1_1_1_1_1_1_1_1_1_1_1_1_1_1_1_1_1_1_1_1_1_1_1_1_1_1_1_1_2_1_1_1_1_2_1,456018.606739502,4,761111,2020,"{""type"":""Point"",""coordinates"":[0.0,0.0]}"
1_1_1_1_1_1_1_1_1_1_1_1_1_1_1_1_1_1_1_1_1_1_1_1_1_1_1_1_1_2_1_1_1_1_2_2,41.32321907391716,12,761111,2020,"{""type"":""Point"",""coordinates"":[0.0,0.0]}"
1_1_1_1_1_1_1_1_1_1_1_1_1_1_1_1_1_1_1_1_1_1_1_1_1_1_1_1_1_2_1_1_1_1_2_3,944016.3948028522,21,761111,2020,"{""type"":""Point"",""coordinates"":[0.0,0.0]}"
1_1_1_1_1_1_1_1_1_1_1_1_1_1_1_1_1_1_1_1_1_1_1_1_1_1_1_1_1_2_1_1_1_1_2_4,1185.256271916266,22,761111,2020,"{""type"":""Point"",""coordinates"":[0.0,0.0]}"
1_1_1_1_1_1_1_1_1_1_1_1_1_1_1_1_1_1_1_1_1_1_1_1_1_1_1_1_1_2_1_1_1_1_2_5,63.19480221335018,29,761111,2020,"{""type"":""Point"",""coordinates"":[0.0,0.0]}"
1_1_1_1_1_1_1_1_1_1_1_1_1_1_1_1_1_1_1_1_1_1_1_1_1_1_1_1_1_2_1_1_1_1_2_6,6996.365631142831,33,761111,2020,"{""type"":""Point"",""coordinates"":[0.0,0.0]}"
1_1_1_1_1_1_1_1_1_1_1_1_1_1_1_1_1_1_1_1_1_1_1_1_1_1_1_1_1_2_1_1_1_2_0,3499.7884571492245,3,761111,2021,"{""type"":""Point"",""coordinates"":[0.0,0.0]}"
1_1_1_1_1_1_1_1_1_1_1_1_1_1_1_1_1_1_1_1_1_1_1_1_1_1_1_1_1_2_1_1_1_2_1,521388.14756175387,4,761111,2021,"{""type"":""Point"",""coordinates"":[0.0,0.0]}"
1_1_1_1_1_1_1_1_1_1_1_1_1_1_1_1_1_1_1_1_1_1_1_1_1_1_1_1_1_2_1_1_1_2_2,90.95923671307733,12,761111,2021,"{""type"":""Point"",""coordinates"":[0.0,0.0]}"
1_1_1_1_1_1_1_1_1_1_1_1_1_1_1_1_1_1_1_1_1_1_1_1_1_1_1_1_1_2_1_1_1_2_3,878860.6218568916,21,761111,2021,"{""type"":""Point"",""coordinates"":[0.0,0.0]}"
1_1_1_1_1_1_1_1_1_1_1_1_1_1_1_1_1_1_1_1_1_1_1_1_1_1_1_1_1_2_1_1_1_2_4,579.3974784703855,22,761111,2021,"{""type"":""Point"",""coordinates"":[0.0,0.0]}"
1_1_1_1_1_1_1_1_1_1_1_1_1_1_1_1_1_1_1_1_1_1_1_1_1_1_1_1_1_2_1_1_1_2_5,2.2989630981445313,29,761111,2021,"{""type"":""Point"",""coordinates"":[0.0,0.0]}"
1_1_1_1_1_1_1_1_1_1_1_1_1_1_1_1_1_1_1_1_1_1_1_1_1_1_1_1_1_2_1_1_1_2_6,5618.4359213065045,33,761111,2021,"{""type"":""Point"",""coordinates"":[0.0,0.0]}"
1_1_1_1_1_1_1_1_1_1_1_1_1_1_1_1_1_1_1_1_1_1_1_1_1_1_1_1_1_2_1_1_2_0,7724.443230888512,3,761111,2022,"{""type"":""Point"",""coordinates"":[0.0,0.0]}"
1_1_1_1_1_1_1_1_1_1_1_1_1_1_1_1_1_1_1_1_1_1_1_1_1_1_1_1_1_2_1_1_2_1,492951.9533438258,4,761111,2022,"{""type"":""Point"",""coordinates"":[0.0,0.0]}"
1_1_1_1_1_1_1_1_1_1_1_1_1_1_1_1_1_1_1_1_1_1_1_1_1_1_1_1_1_2_1_1_2_2,63.04026625349452,12,761111,2022,"{""type"":""Point"",""coordinates"":[0.0,0.0]}"
1_1_1_1_1_1_1_1_1_1_1_1_1_1_1_1_1_1_1_1_1_1_1_1_1_1_1_1_1_2_1_1_2_3,902343.5535398717,21,761111,2022,"{""type"":""Point"",""coordinates"":[0.0,0.0]}"
1_1_1_1_1_1_1_1_1_1_1_1_1_1_1_1_1_1_1_1_1_1_1_1_1_1_1_1_1_2_1_1_2_4,509.3025000084491,22,761111,2022,"{""type"":""Point"",""coordinates"":[0.0,0.0]}"
1_1_1_1_1_1_1_1_1_1_1_1_1_1_1_1_1_1_1_1_1_1_1_1_1_1_1_1_1_2_1_1_2_5,6168.959224861154,33,761111,2022,"{""type"":""Point"",""coordinates"":[0.0,0.0]}"
1_1_1_1_1_1_1_1_1_1_1_1_1_1_1_1_1_1_1_1_1_1_1_1_1_1_1_1_1_2_1_2_0,2242.1598549593514,3,761111,2023,"{""type"":""Point"",""coordinates"":[0.0,0.0]}"
1_1_1_1_1_1_1_1_1_1_1_1_1_1_1_1_1_1_1_1_1_1_1_1_1_1_1_1_1_2_1_2_1,507970.0504453698,4,761111,2023,"{""type"":""Point"",""coordinates"":[0.0,0.0]}"
1_1_1_1_1_1_1_1_1_1_1_1_1_1_1_1_1_1_1_1_1_1_1_1_1_1_1_1_1_2_1_2_2,147.3554888905724,12,761111,2023,"{""type"":""Point"",""coordinates"":[0.0,0.0]}"
1_1_1_1_1_1_1_1_1_1_1_1_1_1_1_1_1_1_1_1_1_1_1_1_1_1_1_1_1_2_1_2_3,888064.4490806691,21,761111,2023,"{""type"":""Point"",""coordinates"":[0.0,0.0]}"
1_1_1_1_1_1_1_1_1_1_1_1_1_1_1_1_1_1_1_1_1_1_1_1_1_1_1_1_1_2_1_2_4,4478.1269426368,22,761111,2023,"{""type"":""Point"",""coordinates"":[0.0,0.0]}"
1_1_1_1_1_1_1_1_1_1_1_1_1_1_1_1_1_1_1_1_1_1_1_1_1_1_1_1_1_2_1_2_5,8.47421498413086,29,761111,2023,"{""type"":""Point"",""coordinates"":[0.0,0.0]}"
1_1_1_1_1_1_1_1_1_1_1_1_1_1_1_1_1_1_1_1_1_1_1_1_1_1_1_1_1_2_1_2_6,7099.1121021924,33,761111,2023,"{""type"":""Point"",""coordinates"":[0.0,0.0]}"
1_1_1_1_1_1_1_1_1_1_1_1_1_1_1_1_1_1_1_1_1_1_1_1_1_1_1_1_1_2_2_0,1616.9808106594182,3,761111,2024,"{""type"":""Point"",""coordinates"":[0.0,0.0]}"
1_1_1_1_1_1_1_1_1_1_1_1_1_1_1_1_1_1_1_1_1_1_1_1_1_1_1_1_1_2_2_1,498458.27802240255,4,761111,2024,"{""type"":""Point"",""coordinates"":[0.0,0.0]}"
1_1_1_1_1_1_1_1_1_1_1_1_1_1_1_1_1_1_1_1_1_1_1_1_1_1_1_1_1_2_2_2,296.2677616138411,12,761111,2024,"{""type"":""Point"",""coordinates"":[0.0,0.0]}"
1_1_1_1_1_1_1_1_1_1_1_1_1_1_1_1_1_1_1_1_1_1_1_1_1_1_1_1_1_2_2_3,898482.7894992505,21,761111,2024,"{""type"":""Point"",""coordinates"":[0.0,0.0]}"
1_1_1_1_1_1_1_1_1_1_1_1_1_1_1_1_1_1_1_1_1_1_1_1_1_1_1_1_1_2_2_4,4734.434474004785,22,761111,2024,"{""type"":""Point"",""coordinates"":[0.0,0.0]}"
1_1_1_1_1_1_1_1_1_1_1_1_1_1_1_1_1_1_1_1_1_1_1_1_1_1_1_1_1_2_2_5,5.477130541992187,29,761111,2024,"{""type"":""Point"",""coordinates"":[0.0,0.0]}"
1_1_1_1_1_1_1_1_1_1_1_1_1_1_1_1_1_1_1_1_1_1_1_1_1_1_1_1_1_2_2_6,6373.510546370157,33,761111,2024,"{""type"":""Point"",""coordinates"":[0.0,0.0]}"
1_1_1_1_1_1_1_1_1_1_1_1_1_1_1_1_1_1_1_1_1_1_1_1_1_1_1_1_2_1_1_1_1_1_1_1_1_2_0,1155.2226842958742,3,761112,2016,"{""type"":""Point"",""coordinates"":[0.0,0.0]}"
1_1_1_1_1_1_1_1_1_1_1_1_1_1_1_1_1_1_1_1_1_1_1_1_1_1_1_1_2_1_1_1_1_1_1_1_1_2_1,117190.00527390407,4,761112,2016,"{""type"":""Point"",""coordinates"":[0.0,0.0]}"
1_1_1_1_1_1_1_1_1_1_1_1_1_1_1_1_1_1_1_1_1_1_1_1_1_1_1_1_2_1_1_1_1_1_1_1_1_2_2,3.2589903198242185,12,761112,2016,"{""type"":""Point"",""coordinates"":[0.0,0.0]}"
1_1_1_1_1_1_1_1_1_1_1_1_1_1_1_1_1_1_1_1_1_1_1_1_1_1_1_1_2_1_1_1_1_1_1_1_1_2_3,322322.2198454482,21,761112,2016,"{""type"":""Point"",""coordinates"":[0.0,0.0]}"
1_1_1_1_1_1_1_1_1_1_1_1_1_1_1_1_1_1_1_1_1_1_1_1_1_1_1_1_2_1_1_1_1_1_1_1_1_2_4,147.85117184589458,22,761112,2016,"{""type"":""Point"",""coordinates"":[0.0,0.0]}"
1_1_1_1_1_1_1_1_1_1_1_1_1_1_1_1_1_1_1_1_1_1_1_1_1_1_1_1_2_1_1_1_1_1_1_1_1_2_5,3874.72903223076,33,761112,2016,"{""type"":""Point"",""coordinates"":[0.0,0.0]}"
1_1_1_1_1_1_1_1_1_1_1_1_1_1_1_1_1_1_1_1_1_1_1_1_1_1_1_1_2_1_1_1_1_1_1_1_2_0,1054.8663254095818,3,761112,2017,"{""type"":""Point"",""coordinates"":[0.0,0.0]}"
1_1_1_1_1_1_1_1_1_1_1_1_1_1_1_1_1_1_1_1_1_1_1_1_1_1_1_1_2_1_1_1_1_1_1_1_2_1,98470.23580798725,4,761112,2017,"{""type"":""Point"",""coordinates"":[0.0,0.0]}"
1_1_1_1_1_1_1_1_1_1_1_1_1_1_1_1_1_1_1_1_1_1_1_1_1_1_1_1_2_1_1_1_1_1_1_1_2_2,2.81861947631836,12,761112,2017,"{""type"":""Point"",""coordinates"":[0.0,0.0]}"
1_1_1_1_1_1_1_1_1_1_1_1_1_1_1_1_1_1_1_1_1_1_1_1_1_1_1_1_2_1_1_1_1_1_1_1_2_3,340785.5649863877,21,761112,2017,"{""type"":""Point"",""coordinates"":[0.0,0.0]}"
1_1_1_1_1_1_1_1_1_1_1_1_1_1_1_1_1_1_1_1_1_1_1_1_1_1_1_1_2_1_1_1_1_1_1_1_2_4,43.56197387652229,22,761112,2017,"{""type"":""Point"",""coordinates"":[0.0,0.0]}"
1_1_1_1_1_1_1_1_1_1_1_1_1_1_1_1_1_1_1_1_1_1_1_1_1_1_1_1_2_1_1_1_1_1_1_1_2_5,4336.239284887808,33,761112,2017,"{""type"":""Point"",""coordinates"":[0.0,0.0]}"
1_1_1_1_1_1_1_1_1_1_1_1_1_1_1_1_1_1_1_1_1_1_1_1_1_1_1_1_2_1_1_1_1_1_1_2_0,920.9246024689616,3,761112,2018,"{""type"":""Point"",""coordinates"":[0.0,0.0]}"
1_1_1_1_1_1_1_1_1_1_1_1_1_1_1_1_1_1_1_1_1_1_1_1_1_1_1_1_2_1_1_1_1_1_1_2_1,80708.2961792748,4,761112,2018,"{""type"":""Point"",""coordinates"":[0.0,0.0]}"
1_1_1_1_1_1_1_1_1_1_1_1_1_1_1_1_1_1_1_1_1_1_1_1_1_1_1_1_2_1_1_1_1_1_1_2_2,5.725524603271484,12,761112,2018,"{""type"":""Point"",""coordinates"":[0.0,0.0]}"
1_1_1_1_1_1_1_1_1_1_1_1_1_1_1_1_1_1_1_1_1_1_1_1_1_1_1_1_2_1_1_1_1_1_1_2_3,358170.47531844024,21,761112,2018,"{""type"":""Point"",""coordinates"":[0.0,0.0]}"
1_1_1_1_1_1_1_1_1_1_1_1_1_1_1_1_1_1_1_1_1_1_1_1_1_1_1_1_2_1_1_1_1_1_1_2_4,283.7739348356361,22,761112,2018,"{""type"":""Point"",""coordinates"":[0.0,0.0]}"
1_1_1_1_1_1_1_1_1_1_1_1_1_1_1_1_1_1_1_1_1_1_1_1_1_1_1_1_2_1_1_1_1_1_1_2_5,3.788006921386718,29,761112,2018,"{""type"":""Point"",""coordinates"":[0.0,0.0]}"
1_1_1_1_1_1_1_1_1_1_1_1_1_1_1_1_1_1_1_1_1_1_1_1_1_1_1_1_2_1_1_1_1_1_1_2_6,4600.303431494485,33,761112,2018,"{""type"":""Point"",""coordinates"":[0.0,0.0]}"
1_1_1_1_1_1_1_1_1_1_1_1_1_1_1_1_1_1_1_1_1_1_1_1_1_1_1_1_2_1_1_1_1_1_2_0,1252.5240546469088,3,761112,2019,"{""type"":""Point"",""coordinates"":[0.0,0.0]}"
1_1_1_1_1_1_1_1_1_1_1_1_1_1_1_1_1_1_1_1_1_1_1_1_1_1_1_1_2_1_1_1_1_1_2_1,99560.65329763922,4,761112,2019,"{""type"":""Point"",""coordinates"":[0.0,0.0]}"
1_1_1_1_1_1_1_1_1_1_1_1_1_1_1_1_1_1_1_1_1_1_1_1_1_1_1_1_2_1_1_1_1_1_2_2,30.202466572959754,12,761112,2019,"{""type"":""Point"",""coordinates"":[0.0,0.0]}"
1_1_1_1_1_1_1_1_1_1_1_1_1_1_1_1_1_1_1_1_1_1_1_1_1_1_1_1_2_1_1_1_1_1_2_3,339180.51412209094,21,761112,2019,"{""type"":""Point"",""coordinates"":[0.0,0.0]}"
1_1_1_1_1_1_1_1_1_1_1_1_1_1_1_1_1_1_1_1_1_1_1_1_1_1_1_1_2_1_1_1_1_1_2_4,205.95914719159344,22,761112,2019,"{""type"":""Point"",""coordinates"":[0.0,0.0]}"
1_1_1_1_1_1_1_1_1_1_1_1_1_1_1_1_1_1_1_1_1_1_1_1_1_1_1_1_2_1_1_1_1_1_2_5,4463.433909884685,33,761112,2019,"{""type"":""Point"",""coordinates"":[0.0,0.0]}"
1_1_1_1_1_1_1_1_1_1_1_1_1_1_1_1_1_1_1_1_1_1_1_1_1_1_1_1_2_1_1_1_1_2_0,2651.8905523984236,3,761112,2020,"{""type"":""Point"",""coordinates"":[0.0,0.0]}"
1_1_1_1_1_1_1_1_1_1_1_1_1_1_1_1_1_1_1_1_1_1_1_1_1_1_1_1_2_1_1_1_1_2_1,83858.69939315158,4,761112,2020,"{""type"":""Point"",""coordinates"":[0.0,0.0]}"
1_1_1_1_1_1_1_1_1_1_1_1_1_1_1_1_1_1_1_1_1_1_1_1_1_1_1_1_2_1_1_1_1_2_2,194.91057000756348,12,761112,2020,"{""type"":""Point"",""coordinates"":[0.0,0.0]}"
1_1_1_1_1_1_1_1_1_1_1_1_1_1_1_1_1_1_1_1_1_1_1_1_1_1_1_1_2_1_1_1_1_2_3,353347.15127096546,21,761112,2020,"{""type"":""Point"",""coordinates"":[0.0,0.0]}"
1_1_1_1_1_1_1_1_1_1_1_1_1_1_1_1_1_1_1_1_1_1_1_1_1_1_1_1_2_1_1_1_1_2_4,7.931840243231081,22,761112,2020,"{""type"":""Point"",""coordinates"":[0.0,0.0]}"
1_1_1_1_1_1_1_1_1_1_1_1_1_1_1_1_1_1_1_1_1_1_1_1_1_1_1_1_2_1_1_1_1_2_5,0.5283251037597656,29,761112,2020,"{""type"":""Point"",""coordinates"":[0.0,0.0]}"
1_1_1_1_1_1_1_1_1_1_1_1_1_1_1_1_1_1_1_1_1_1_1_1_1_1_1_1_2_1_1_1_1_2_6,4632.175046143412,33,761112,2020,"{""type"":""Point"",""coordinates"":[0.0,0.0]}"
1_1_1_1_1_1_1_1_1_1_1_1_1_1_1_1_1_1_1_1_1_1_1_1_1_1_1_1_2_1_1_1_2_0,1484.3153033967415,3,761112,2021,"{""type"":""Point"",""coordinates"":[0.0,0.0]}"
1_1_1_1_1_1_1_1_1_1_1_1_1_1_1_1_1_1_1_1_1_1_1_1_1_1_1_1_2_1_1_1_2_1,94118.29607420137,4,761112,2021,"{""type"":""Point"",""coordinates"":[0.0,0.0]}"
1_1_1_1_1_1_1_1_1_1_1_1_1_1_1_1_1_1_1_1_1_1_1_1_1_1_1_1_2_1_1_1_2_2,24.312139716342145,12,761112,2021,"{""type"":""Point"",""coordinates"":[0.0,0.0]}"
1_1_1_1_1_1_1_1_1_1_1_1_1_1_1_1_1_1_1_1_1_1_1_1_1_1_1_1_2_1_1_1_2_3,343654.46575305046,21,761112,2021,"{""type"":""Point"",""coordinates"":[0.0,0.0]}"
1_1_1_1_1_1_1_1_1_1_1_1_1_1_1_1_1_1_1_1_1_1_1_1_1_1_1_1_2_1_1_1_2_4,50.93082794718431,22,761112,2021,"{""type"":""Point"",""coordinates"":[0.0,0.0]}"
1_1_1_1_1_1_1_1_1_1_1_1_1_1_1_1_1_1_1_1_1_1_1_1_1_1_1_1_2_1_1_1_2_5,5360.966899698508,33,761112,2021,"{""type"":""Point"",""coordinates"":[0.0,0.0]}"
1_1_1_1_1_1_1_1_1_1_1_1_1_1_1_1_1_1_1_1_1_1_1_1_1_1_1_1_2_1_1_2_0,3924.1674534983213,3,761112,2022,"{""type"":""Point"",""coordinates"":[0.0,0.0]}"
1_1_1_1_1_1_1_1_1_1_1_1_1_1_1_1_1_1_1_1_1_1_1_1_1_1_1_1_2_1_1_2_1,93319.59461321458,4,761112,2022,"{""type"":""Point"",""coordinates"":[0.0,0.0]}"
1_1_1_1_1_1_1_1_1_1_1_1_1_1_1_1_1_1_1_1_1_1_1_1_1_1_1_1_2_1_1_2_2,135.13620454616176,12,761112,2022,"{""type"":""Point"",""coordinates"":[0.0,0.0]}"
1_1_1_1_1_1_1_1_1_1_1_1_1_1_1_1_1_1_1_1_1_1_1_1_1_1_1_1_2_1_1_2_3,339994.55649711005,21,761112,2022,"{""type"":""Point"",""coordinates"":[0.0,0.0]}"
1_1_1_1_1_1_1_1_1_1_1_1_1_1_1_1_1_1_1_1_1_1_1_1_1_1_1_1_2_1_1_2_4,755.8069773305161,22,761112,2022,"{""type"":""Point"",""coordinates"":[0.0,0.0]}"
1_1_1_1_1_1_1_1_1_1_1_1_1_1_1_1_1_1_1_1_1_1_1_1_1_1_1_1_2_1_1_2_5,2.8186679077148433,29,761112,2022,"{""type"":""Point"",""coordinates"":[0.0,0.0]}"
1_1_1_1_1_1_1_1_1_1_1_1_1_1_1_1_1_1_1_1_1_1_1_1_1_1_1_1_2_1_1_2_6,6561.206584431039,33,761112,2022,"{""type"":""Point"",""coordinates"":[0.0,0.0]}"
1_1_1_1_1_1_1_1_1_1_1_1_1_1_1_1_1_1_1_1_1_1_1_1_1_1_1_1_2_1_2_0,1456.7361918041731,3,761112,2023,"{""type"":""Point"",""coordinates"":[0.0,0.0]}"
1_1_1_1_1_1_1_1_1_1_1_1_1_1_1_1_1_1_1_1_1_1_1_1_1_1_1_1_2_1_2_1,93653.67071161554,4,761112,2023,"{""type"":""Point"",""coordinates"":[0.0,0.0]}"
1_1_1_1_1_1_1_1_1_1_1_1_1_1_1_1_1_1_1_1_1_1_1_1_1_1_1_1_2_1_2_2,367.23233897789123,12,761112,2023,"{""type"":""Point"",""coordinates"":[0.0,0.0]}"
1_1_1_1_1_1_1_1_1_1_1_1_1_1_1_1_1_1_1_1_1_1_1_1_1_1_1_1_2_1_2_3,341703.12833449675,21,761112,2023,"{""type"":""Point"",""coordinates"":[0.0,0.0]}"
1_1_1_1_1_1_1_1_1_1_1_1_1_1_1_1_1_1_1_1_1_1_1_1_1_1_1_1_2_1_2_4,128.21539057811063,22,761112,2023,"{""type"":""Point"",""coordinates"":[0.0,0.0]}"
1_1_1_1_1_1_1_1_1_1_1_1_1_1_1_1_1_1_1_1_1_1_1_1_1_1_1_1_2_1_2_5,7384.304030554752,33,761112,2023,"{""type"":""Point"",""coordinates"":[0.0,0.0]}"
1_1_1_1_1_1_1_1_1_1_1_1_1_1_1_1_1_1_1_1_1_1_1_1_1_1_1_1_2_2_0,1749.4781167785911,3,761112,2024,"{""type"":""Point"",""coordinates"":[0.0,0.0]}"
1_1_1_1_1_1_1_1_1_1_1_1_1_1_1_1_1_1_1_1_1_1_1_1_1_1_1_1_2_2_1,100107.00513412188,4,761112,2024,"{""type"":""Point"",""coordinates"":[0.0,0.0]}"
1_1_1_1_1_1_1_1_1_1_1_1_1_1_1_1_1_1_1_1_1_1_1_1_1_1_1_1_2_2_2,70.30253583374022,12,761112,2024,"{""type"":""Point"",""coordinates"":[0.0,0.0]}"
1_1_1_1_1_1_1_1_1_1_1_1_1_1_1_1_1_1_1_1_1_1_1_1_1_1_1_1_2_2_3,336166.5034126029,21,761112,2024,"{""type"":""Point"",""coordinates"":[0.0,0.0]}"
1_1_1_1_1_1_1_1_1_1_1_1_1_1_1_1_1_1_1_1_1_1_1_1_1_1_1_1_2_2_4,37.28898697291951,22,761112,2024,"{""type"":""Point"",""coordinates"":[0.0,0.0]}"
1_1_1_1_1_1_1_1_1_1_1_1_1_1_1_1_1_1_1_1_1_1_1_1_1_1_1_1_2_2_5,0.17603578491210936,29,761112,2024,"{""type"":""Point"",""coordinates"":[0.0,0.0]}"
1_1_1_1_1_1_1_1_1_1_1_1_1_1_1_1_1_1_1_1_1_1_1_1_1_1_1_1_2_2_6,6562.532775955586,33,761112,2024,"{""type"":""Point"",""coordinates"":[0.0,0.0]}"
1_1_1_1_1_1_1_1_1_1_1_1_1_1_1_1_1_1_1_1_1_1_1_1_1_1_1_2_1_1_1_1_1_1_1_1_2_0,88219.43585362077,3,7741,2016,"{""type"":""Point"",""coordinates"":[0.0,0.0]}"
1_1_1_1_1_1_1_1_1_1_1_1_1_1_1_1_1_1_1_1_1_1_1_1_1_1_1_2_1_1_1_1_1_1_1_1_2_1,591714.0659690773,4,7741,2016,"{""type"":""Point"",""coordinates"":[0.0,0.0]}"
1_1_1_1_1_1_1_1_1_1_1_1_1_1_1_1_1_1_1_1_1_1_1_1_1_1_1_2_1_1_1_1_1_1_1_1_2_2,258.22217824309706,12,7741,2016,"{""type"":""Point"",""coordinates"":[0.0,0.0]}"
1_1_1_1_1_1_1_1_1_1_1_1_1_1_1_1_1_1_1_1_1_1_1_1_1_1_1_2_1_1_1_1_1_1_1_1_2_3,1068679.2948855534,21,7741,2016,"{""type"":""Point"",""coordinates"":[0.0,0.0]}"
1_1_1_1_1_1_1_1_1_1_1_1_1_1_1_1_1_1_1_1_1_1_1_1_1_1_1_2_1_1_1_1_1_1_1_1_2_4,631.9455250074676,22,7741,2016,"{""type"":""Point"",""coordinates"":[0.0,0.0]}"
1_1_1_1_1_1_1_1_1_1_1_1_1_1_1_1_1_1_1_1_1_1_1_1_1_1_1_2_1_1_1_1_1_1_1_1_2_5,147.50863443036246,29,7741,2016,"{""type"":""Point"",""coordinates"":[0.0,0.0]}"
1_1_1_1_1_1_1_1_1_1_1_1_1_1_1_1_1_1_1_1_1_1_1_1_1_1_1_2_1_1_1_1_1_1_1_1_2_6,10652.566597938283,33,7741,2016,"{""type"":""Point"",""coordinates"":[0.0,0.0]}"
1_1_1_1_1_1_1_1_1_1_1_1_1_1_1_1_1_1_1_1_1_1_1_1_1_1_1_2_1_1_1_1_1_1_1_2_0,67840.94971284685,3,7741,2017,"{""type"":""Point"",""coordinates"":[0.0,0.0]}"
1_1_1_1_1_1_1_1_1_1_1_1_1_1_1_1_1_1_1_1_1_1_1_1_1_1_1_2_1_1_1_1_1_1_1_2_1,455874.2643618798,4,7741,2017,"{""type"":""Point"",""coordinates"":[0.0,0.0]}"
1_1_1_1_1_1_1_1_1_1_1_1_1_1_1_1_1_1_1_1_1_1_1_1_1_1_1_2_1_1_1_1_1_1_1_2_2,58.33098623987528,12,7741,2017,"{""type"":""Point"",""coordinates"":[0.0,0.0]}"
1_1_1_1_1_1_1_1_1_1_1_1_1_1_1_1_1_1_1_1_1_1_1_1_1_1_1_2_1_1_1_1_1_1_1_2_3,1351379.9588657971,21,7741,2017,"{""type"":""Point"",""coordinates"":[0.0,0.0]}"
1_1_1_1_1_1_1_1_1_1_1_1_1_1_1_1_1_1_1_1_1_1_1_1_1_1_1_2_1_1_1_1_1_1_1_2_4,86.42790524476301,22,7741,2017,"{""type"":""Point"",""coordinates"":[0.0,0.0]}"
1_1_1_1_1_1_1_1_1_1_1_1_1_1_1_1_1_1_1_1_1_1_1_1_1_1_1_2_1_1_1_1_1_1_1_2_5,213.44606164553122,29,7741,2017,"{""type"":""Point"",""coordinates"":[0.0,0.0]}"
1_1_1_1_1_1_1_1_1_1_1_1_1_1_1_1_1_1_1_1_1_1_1_1_1_1_1_2_1_1_1_1_1_1_1_2_6,1576.000504390549,33,7741,2017,"{""type"":""Point"",""coordinates"":[0.0,0.0]}"
1_1_1_1_1_1_1_1_1_1_1_1_1_1_1_1_1_1_1_1_1_1_1_1_1_1_1_2_1_1_1_1_1_1_2_0,84151.81478680093,3,7741,2018,"{""type"":""Point"",""coordinates"":[0.0,0.0]}"
1_1_1_1_1_1_1_1_1_1_1_1_1_1_1_1_1_1_1_1_1_1_1_1_1_1_1_2_1_1_1_1_1_1_2_1,345812.5124462527,4,7741,2018,"{""type"":""Point"",""coordinates"":[0.0,0.0]}"
1_1_1_1_1_1_1_1_1_1_1_1_1_1_1_1_1_1_1_1_1_1_1_1_1_1_1_2_1_1_1_1_1_1_2_2,84.86281581088198,12,7741,2018,"{""type"":""Point"",""coordinates"":[0.0,0.0]}"
1_1_1_1_1_1_1_1_1_1_1_1_1_1_1_1_1_1_1_1_1_1_1_1_1_1_1_2_1_1_1_1_1_1_2_3,1446587.146773523,21,7741,2018,"{""type"":""Point"",""coordinates"":[0.0,0.0]}"
1_1_1_1_1_1_1_1_1_1_1_1_1_1_1_1_1_1_1_1_1_1_1_1_1_1_1_2_1_1_1_1_1_1_2_4,0.9639414001464842,22,7741,2018,"{""type"":""Point"",""coordinates"":[0.0,0.0]}"
1_1_1_1_1_1_1_1_1_1_1_1_1_1_1_1_1_1_1_1_1_1_1_1_1_1_1_2_1_1_1_1_1_1_2_5,8.40653845825195,29,7741,2018,"{""type"":""Point"",""coordinates"":[0.0,0.0]}"
1_1_1_1_1_1_1_1_1_1_1_1_1_1_1_1_1_1_1_1_1_1_1_1_1_1_1_2_1_1_1_1_1_1_2_6,1830.8115121671706,33,7741,2018,"{""type"":""Point"",""coordinates"":[0.0,0.0]}"
1_1_1_1_1_1_1_1_1_1_1_1_1_1_1_1_1_1_1_1_1_1_1_1_1_1_1_2_1_1_1_1_1_2_0,86030.73893054269,3,7741,2019,"{""type"":""Point"",""coordinates"":[0.0,0.0]}"
1_1_1_1_1_1_1_1_1_1_1_1_1_1_1_1_1_1_1_1_1_1_1_1_1_1_1_2_1_1_1_1_1_2_1,448879.32831626915,4,7741,2019,"{""type"":""Point"",""coordinates"":[0.0,0.0]}"
1_1_1_1_1_1_1_1_1_1_1_1_1_1_1_1_1_1_1_1_1_1_1_1_1_1_1_2_1_1_1_1_1_2_2,585.0617312948559,12,7741,2019,"{""type"":""Point"",""coordinates"":[0.0,0.0]}"
1_1_1_1_1_1_1_1_1_1_1_1_1_1_1_1_1_1_1_1_1_1_1_1_1_1_1_2_1_1_1_1_1_2_3,1339807.3670735455,21,7741,2019,"{""type"":""Point"",""coordinates"":[0.0,0.0]}"
1_1_1_1_1_1_1_1_1_1_1_1_1_1_1_1_1_1_1_1_1_1_1_1_1_1_1_2_1_1_1_1_1_2_4,54.90924781752642,22,7741,2019,"{""type"":""Point"",""coordinates"":[0.0,0.0]}"
1_1_1_1_1_1_1_1_1_1_1_1_1_1_1_1_1_1_1_1_1_1_1_1_1_1_1_2_1_1_1_1_1_2_5,963.5916986300591,29,7741,2019,"{""type"":""Point"",""coordinates"":[0.0,0.0]}"
1_1_1_1_1_1_1_1_1_1_1_1_1_1_1_1_1_1_1_1_1_1_1_1_1_1_1_2_1_1_1_1_1_2_6,2206.766513180504,33,7741,2019,"{""type"":""Point"",""coordinates"":[0.0,0.0]}"
1_1_1_1_1_1_1_1_1_1_1_1_1_1_1_1_1_1_1_1_1_1_1_1_1_1_1_2_1_1_1_1_2_0,85941.5804993884,3,7741,2020,"{""type"":""Point"",""coordinates"":[0.0,0.0]}"
1_1_1_1_1_1_1_1_1_1_1_1_1_1_1_1_1_1_1_1_1_1_1_1_1_1_1_2_1_1_1_1_2_1,495761.01765542437,4,7741,2020,"{""type"":""Point"",""coordinates"":[0.0,0.0]}"
1_1_1_1_1_1_1_1_1_1_1_1_1_1_1_1_1_1_1_1_1_1_1_1_1_1_1_2_1_1_1_1_2_2,30.867041689788216,12,7741,2020,"{""type"":""Point"",""coordinates"":[0.0,0.0]}"
1_1_1_1_1_1_1_1_1_1_1_1_1_1_1_1_1_1_1_1_1_1_1_1_1_1_1_2_1_1_1_1_2_3,1292429.1902505078,21,7741,2020,"{""type"":""Point"",""coordinates"":[0.0,0.0]}"
1_1_1_1_1_1_1_1_1_1_1_1_1_1_1_1_1_1_1_1_1_1_1_1_1_1_1_2_1_1_1_1_2_4,115.76554988767144,22,7741,2020,"{""type"":""Point"",""coordinates"":[0.0,0.0]}"
1_1_1_1_1_1_1_1_1_1_1_1_1_1_1_1_1_1_1_1_1_1_1_1_1_1_1_2_1_1_1_1_2_5,1565.387735460828,29,7741,2020,"{""type"":""Point"",""coordinates"":[0.0,0.0]}"
1_1_1_1_1_1_1_1_1_1_1_1_1_1_1_1_1_1_1_1_1_1_1_1_1_1_1_2_1_1_1_1_2_6,2661.906531382532,33,7741,2020,"{""type"":""Point"",""coordinates"":[0.0,0.0]}"
1_1_1_1_1_1_1_1_1_1_1_1_1_1_1_1_1_1_1_1_1_1_1_1_1_1_1_2_1_1_1_2_0,99956.84968211113,3,7741,2021,"{""type"":""Point"",""coordinates"":[0.0,0.0]}"
1_1_1_1_1_1_1_1_1_1_1_1_1_1_1_1_1_1_1_1_1_1_1_1_1_1_1_2_1_1_1_2_1,398810.231726845,4,7741,2021,"{""type"":""Point"",""coordinates"":[0.0,0.0]}"
1_1_1_1_1_1_1_1_1_1_1_1_1_1_1_1_1_1_1_1_1_1_1_1_1_1_1_2_1_1_1_2_2,32.18510245366116,12,7741,2021,"{""type"":""Point"",""coordinates"":[0.0,0.0]}"
1_1_1_1_1_1_1_1_1_1_1_1_1_1_1_1_1_1_1_1_1_1_1_1_1_1_1_2_1_1_1_2_3,1375726.838299476,21,7741,2021,"{""type"":""Point"",""coordinates"":[0.0,0.0]}"
1_1_1_1_1_1_1_1_1_1_1_1_1_1_1_1_1_1_1_1_1_1_1_1_1_1_1_2_1_1_1_2_4,630.4852643143217,22,7741,2021,"{""type"":""Point"",""coordinates"":[0.0,0.0]}"
1_1_1_1_1_1_1_1_1_1_1_1_1_1_1_1_1_1_1_1_1_1_1_1_1_1_1_2_1_1_1_2_5,1239.1835098143995,29,7741,2021,"{""type"":""Point"",""coordinates"":[0.0,0.0]}"
1_1_1_1_1_1_1_1_1_1_1_1_1_1_1_1_1_1_1_1_1_1_1_1_1_1_1_2_1_1_1_2_6,2140.054150168819,33,7741,2021,"{""type"":""Point"",""coordinates"":[0.0,0.0]}"
1_1_1_1_1_1_1_1_1_1_1_1_1_1_1_1_1_1_1_1_1_1_1_1_1_1_1_2_1_1_2_0,95200.29723569122,3,7741,2022,"{""type"":""Point"",""coordinates"":[0.0,0.0]}"
1_1_1_1_1_1_1_1_1_1_1_1_1_1_1_1_1_1_1_1_1_1_1_1_1_1_1_2_1_1_2_1,404270.66997185093,4,7741,2022,"{""type"":""Point"",""coordinates"":[0.0,0.0]}"
1_1_1_1_1_1_1_1_1_1_1_1_1_1_1_1_1_1_1_1_1_1_1_1_1_1_1_2_1_1_2_2,761.5811362954793,12,7741,2022,"{""type"":""Point"",""coordinates"":[0.0,0.0]}"
1_1_1_1_1_1_1_1_1_1_1_1_1_1_1_1_1_1_1_1_1_1_1_1_1_1_1_2_1_1_2_3,1370867.7881510602,21,7741,2022,"{""type"":""Point"",""coordinates"":[0.0,0.0]}"
1_1_1_1_1_1_1_1_1_1_1_1_1_1_1_1_1_1_1_1_1_1_1_1_1_1_1_2_1_1_2_4,1063.1962347806789,22,7741,2022,"{""type"":""Point"",""coordinates"":[0.0,0.0]}"
1_1_1_1_1_1_1_1_1_1_1_1_1_1_1_1_1_1_1_1_1_1_1_1_1_1_1_2_1_1_2_5,3200.2349958846125,29,7741,2022,"{""type"":""Point"",""coordinates"":[0.0,0.0]}"
1_1_1_1_1_1_1_1_1_1_1_1_1_1_1_1_1_1_1_1_1_1_1_1_1_1_1_2_1_1_2_6,3171.4454293217386,33,7741,2022,"{""type"":""Point"",""coordinates"":[0.0,0.0]}"
1_1_1_1_1_1_1_1_1_1_1_1_1_1_1_1_1_1_1_1_1_1_1_1_1_1_1_2_1_2_0,84940.20054374669,3,7741,2023,"{""type"":""Point"",""coordinates"":[0.0,0.0]}"
1_1_1_1_1_1_1_1_1_1_1_1_1_1_1_1_1_1_1_1_1_1_1_1_1_1_1_2_1_2_1,468169.7719513796,4,7741,2023,"{""type"":""Point"",""coordinates"":[0.0,0.0]}"
1_1_1_1_1_1_1_1_1_1_1_1_1_1_1_1_1_1_1_1_1_1_1_1_1_1_1_2_1_2_2,813.1763412606587,12,7741,2023,"{""type"":""Point"",""coordinates"":[0.0,0.0]}"
1_1_1_1_1_1_1_1_1_1_1_1_1_1_1_1_1_1_1_1_1_1_1_1_1_1_1_2_1_2_3,1319895.817390797,21,7741,2023,"{""type"":""Point"",""coordinates"":[0.0,0.0]}"
1_1_1_1_1_1_1_1_1_1_1_1_1_1_1_1_1_1_1_1_1_1_1_1_1_1_1_2_1_2_4,502.6649738505047,22,7741,2023,"{""type"":""Point"",""coordinates"":[0.0,0.0]}"
1_1_1_1_1_1_1_1_1_1_1_1_1_1_1_1_1_1_1_1_1_1_1_1_1_1_1_2_1_2_5,2112.5322346432217,29,7741,2023,"{""type"":""Point"",""coordinates"":[0.0,0.0]}"
1_1_1_1_1_1_1_1_1_1_1_1_1_1_1_1_1_1_1_1_1_1_1_1_1_1_1_2_1_2_6,2038.748209379545,33,7741,2023,"{""type"":""Point"",""coordinates"":[0.0,0.0]}"
1_1_1_1_1_1_1_1_1_1_1_1_1_1_1_1_1_1_1_1_1_1_1_1_1_1_1_2_2_0,86671.74428224079,3,7741,2024,"{""type"":""Point"",""coordinates"":[0.0,0.0]}"
1_1_1_1_1_1_1_1_1_1_1_1_1_1_1_1_1_1_1_1_1_1_1_1_1_1_1_2_2_1,769551.7013605766,4,7741,2024,"{""type"":""Point"",""coordinates"":[0.0,0.0]}"
1_1_1_1_1_1_1_1_1_1_1_1_1_1_1_1_1_1_1_1_1_1_1_1_1_1_1_2_2_2,88.26923470798873,12,7741,2024,"{""type"":""Point"",""coordinates"":[0.0,0.0]}"
1_1_1_1_1_1_1_1_1_1_1_1_1_1_1_1_1_1_1_1_1_1_1_1_1_1_1_2_2_3,1014777.5537832093,21,7741,2024,"{""type"":""Point"",""coordinates"":[0.0,0.0]}"
1_1_1_1_1_1_1_1_1_1_1_1_1_1_1_1_1_1_1_1_1_1_1_1_1_1_1_2_2_4,122.46285233491777,22,7741,2024,"{""type"":""Point"",""coordinates"":[0.0,0.0]}"
1_1_1_1_1_1_1_1_1_1_1_1_1_1_1_1_1_1_1_1_1_1_1_1_1_1_1_2_2_5,2061.2297926351566,29,7741,2024,"{""type"":""Point"",""coordinates"":[0.0,0.0]}"
1_1_1_1_1_1_1_1_1_1_1_1_1_1_1_1_1_1_1_1_1_1_1_1_1_1_1_2_2_6,4277.402715409539,33,7741,2024,"{""type"":""Point"",""coordinates"":[0.0,0.0]}"
1_1_1_1_1_1_1_1_1_1_1_1_1_1_1_1_1_1_1_1_1_1_1_1_1_1_2_1_1_1_1_1_1_1_1_2_0,30202.705279699963,3,7422,2016,"{""type"":""Point"",""coordinates"":[0.0,0.0]}"
1_1_1_1_1_1_1_1_1_1_1_1_1_1_1_1_1_1_1_1_1_1_1_1_1_1_2_1_1_1_1_1_1_1_1_2_1,1573654.401787165,4,7422,2016,"{""type"":""Point"",""coordinates"":[0.0,0.0]}"
1_1_1_1_1_1_1_1_1_1_1_1_1_1_1_1_1_1_1_1_1_1_1_1_1_1_2_1_1_1_1_1_1_1_1_2_2,711.8180228717646,12,7422,2016,"{""type"":""Point"",""coordinates"":[0.0,0.0]}"
1_1_1_1_1_1_1_1_1_1_1_1_1_1_1_1_1_1_1_1_1_1_1_1_1_1_2_1_1_1_1_1_1_1_1_2_3,330850.36027959257,21,7422,2016,"{""type"":""Point"",""coordinates"":[0.0,0.0]}"
1_1_1_1_1_1_1_1_1_1_1_1_1_1_1_1_1_1_1_1_1_1_1_1_1_1_2_1_1_1_1_1_1_1_1_2_4,2265.236673133063,22,7422,2016,"{""type"":""Point"",""coordinates"":[0.0,0.0]}"
1_1_1_1_1_1_1_1_1_1_1_1_1_1_1_1_1_1_1_1_1_1_1_1_1_1_2_1_1_1_1_1_1_1_1_2_5,622.4911324763997,29,7422,2016,"{""type"":""Point"",""coordinates"":[0.0,0.0]}"
1_1_1_1_1_1_1_1_1_1_1_1_1_1_1_1_1_1_1_1_1_1_1_1_1_1_2_1_1_1_1_1_1_1_1_2_6,1619.9138582275352,33,7422,2016,"{""type"":""Point"",""coordinates"":[0.0,0.0]}"
1_1_1_1_1_1_1_1_1_1_1_1_1_1_1_1_1_1_1_1_1_1_1_1_1_1_2_1_1_1_1_1_1_1_2_0,18675.170847438007,3,7422,2017,"{""type"":""Point"",""coordinates"":[0.0,0.0]}"
1_1_1_1_1_1_1_1_1_1_1_1_1_1_1_1_1_1_1_1_1_1_1_1_1_1_2_1_1_1_1_1_1_1_2_1,1562929.626365764,4,7422,2017,"{""type"":""Point"",""coordinates"":[0.0,0.0]}"
1_1_1_1_1_1_1_1_1_1_1_1_1_1_1_1_1_1_1_1_1_1_1_1_1_1_2_1_1_1_1_1_1_1_2_2,18.159514270019535,12,7422,2017,"{""type"":""Point"",""coordinates"":[0.0,0.0]}"
1_1_1_1_1_1_1_1_1_1_1_1_1_1_1_1_1_1_1_1_1_1_1_1_1_1_2_1_1_1_1_1_1_1_2_3,420448.9641400332,21,7422,2017,"{""type"":""Point"",""coordinates"":[0.0,0.0]}"
1_1_1_1_1_1_1_1_1_1_1_1_1_1_1_1_1_1_1_1_1_1_1_1_1_1_2_1_1_1_1_1_1_1_2_4,21.288588903808595,22,7422,2017,"{""type"":""Point"",""coordinates"":[0.0,0.0]}"
1_1_1_1_1_1_1_1_1_1_1_1_1_1_1_1_1_1_1_1_1_1_1_1_1_1_2_1_1_1_1_1_1_1_2_5,2108.5702922058076,33,7422,2017,"{""type"":""Point"",""coordinates"":[0.0,0.0]}"
1_1_1_1_1_1_1_1_1_1_1_1_1_1_1_1_1_1_1_1_1_1_1_1_1_1_2_1_1_1_1_1_1_2_0,17437.64006592828,3,7422,2018,"{""type"":""Point"",""coordinates"":[0.0,0.0]}"
1_1_1_1_1_1_1_1_1_1_1_1_1_1_1_1_1_1_1_1_1_1_1_1_1_1_2_1_1_1_1_1_1_2_1,1648275.5588261692,4,7422,2018,"{""type"":""Point"",""coordinates"":[0.0,0.0]}"
1_1_1_1_1_1_1_1_1_1_1_1_1_1_1_1_1_1_1_1_1_1_1_1_1_1_2_1_1_1_1_1_1_2_2,284.07752791597267,12,7422,2018,"{""type"":""Point"",""coordinates"":[0.0,0.0]}"
1_1_1_1_1_1_1_1_1_1_1_1_1_1_1_1_1_1_1_1_1_1_1_1_1_1_2_1_1_1_1_1_1_2_3,331033.39944392676,21,7422,2018,"{""type"":""Point"",""coordinates"":[0.0,0.0]}"
1_1_1_1_1_1_1_1_1_1_1_1_1_1_1_1_1_1_1_1_1_1_1_1_1_1_2_1_1_1_1_1_1_2_4,35.44383645019532,22,7422,2018,"{""type"":""Point"",""coordinates"":[0.0,0.0]}"
1_1_1_1_1_1_1_1_1_1_1_1_1_1_1_1_1_1_1_1_1_1_1_1_1_1_2_1_1_1_1_1_1_2_5,202.04610322265623,29,7422,2018,"{""type"":""Point"",""coordinates"":[0.0,0.0]}"
1_1_1_1_1_1_1_1_1_1_1_1_1_1_1_1_1_1_1_1_1_1_1_1_1_1_2_1_1_1_1_1_1_2_6,7034.303552780728,33,7422,2018,"{""type"":""Point"",""coordinates"":[0.0,0.0]}"
1_1_1_1_1_1_1_1_1_1_1_1_1_1_1_1_1_1_1_1_1_1_1_1_1_1_2_1_1_1_1_1_2_0,34151.915896952225,3,7422,2019,"{""type"":""Point"",""coordinates"":[0.0,0.0]}"
1_1_1_1_1_1_1_1_1_1_1_1_1_1_1_1_1_1_1_1_1_1_1_1_1_1_2_1_1_1_1_1_2_1,1616037.0064304634,4,7422,2019,"{""type"":""Point"",""coordinates"":[0.0,0.0]}"
1_1_1_1_1_1_1_1_1_1_1_1_1_1_1_1_1_1_1_1_1_1_1_1_1_1_2_1_1_1_1_1_2_2,366.1340715029487,12,7422,2019,"{""type"":""Point"",""coordinates"":[0.0,0.0]}"
1_1_1_1_1_1_1_1_1_1_1_1_1_1_1_1_1_1_1_1_1_1_1_1_1_1_2_1_1_1_1_1_2_3,346885.15989035857,21,7422,2019,"{""type"":""Point"",""coordinates"":[0.0,0.0]}"
1_1_1_1_1_1_1_1_1_1_1_1_1_1_1_1_1_1_1_1_1_1_1_1_1_1_2_1_1_1_1_1_2_4,190.69166813964844,22,7422,2019,"{""type"":""Point"",""coordinates"":[0.0,0.0]}"
1_1_1_1_1_1_1_1_1_1_1_1_1_1_1_1_1_1_1_1_1_1_1_1_1_1_2_1_1_1_1_1_2_5,10.508771313476563,29,7422,2019,"{""type"":""Point"",""coordinates"":[0.0,0.0]}"
1_1_1_1_1_1_1_1_1_1_1_1_1_1_1_1_1_1_1_1_1_1_1_1_1_1_2_1_1_1_1_1_2_6,6660.874580428844,33,7422,2019,"{""type"":""Point"",""coordinates"":[0.0,0.0]}"
1_1_1_1_1_1_1_1_1_1_1_1_1_1_1_1_1_1_1_1_1_1_1_1_1_1_2_1_1_1_1_2_0,30052.860826303306,3,7422,2020,"{""type"":""Point"",""coordinates"":[0.0,0.0]}"
1_1_1_1_1_1_1_1_1_1_1_1_1_1_1_1_1_1_1_1_1_1_1_1_1_1_2_1_1_1_1_2_1,1645879.4141164615,4,7422,2020,"{""type"":""Point"",""coordinates"":[0.0,0.0]}"
1_1_1_1_1_1_1_1_1_1_1_1_1_1_1_1_1_1_1_1_1_1_1_1_1_1_2_1_1_1_1_2_2,73.72103484451593,12,7422,2020,"{""type"":""Point"",""coordinates"":[0.0,0.0]}"
1_1_1_1_1_1_1_1_1_1_1_1_1_1_1_1_1_1_1_1_1_1_1_1_1_1_2_1_1_1_1_2_3,317351.93446826725,21,7422,2020,"{""type"":""Point"",""coordinates"":[0.0,0.0]}"
1_1_1_1_1_1_1_1_1_1_1_1_1_1_1_1_1_1_1_1_1_1_1_1_1_1_2_1_1_1_1_2_4,769.5389471252431,22,7422,2020,"{""type"":""Point"",""coordinates"":[0.0,0.0]}"
1_1_1_1_1_1_1_1_1_1_1_1_1_1_1_1_1_1_1_1_1_1_1_1_1_1_2_1_1_1_1_2_5,4.452070294189453,29,7422,2020,"{""type"":""Point"",""coordinates"":[0.0,0.0]}"
1_1_1_1_1_1_1_1_1_1_1_1_1_1_1_1_1_1_1_1_1_1_1_1_1_1_2_1_1_1_1_2_6,10170.458723755622,33,7422,2020,"{""type"":""Point"",""coordinates"":[0.0,0.0]}"
1_1_1_1_1_1_1_1_1_1_1_1_1_1_1_1_1_1_1_1_1_1_1_1_1_1_2_1_1_1_2_0,20421.933588232016,3,7422,2021,"{""type"":""Point"",""coordinates"":[0.0,0.0]}"
1_1_1_1_1_1_1_1_1_1_1_1_1_1_1_1_1_1_1_1_1_1_1_1_1_1_2_1_1_1_2_1,1610701.122148237,4,7422,2021,"{""type"":""Point"",""coordinates"":[0.0,0.0]}"
1_1_1_1_1_1_1_1_1_1_1_1_1_1_1_1_1_1_1_1_1_1_1_1_1_1_2_1_1_1_2_2,33.016835168457035,12,7422,2021,"{""type"":""Point"",""coordinates"":[0.0,0.0]}"
1_1_1_1_1_1_1_1_1_1_1_1_1_1_1_1_1_1_1_1_1_1_1_1_1_1_2_1_1_1_2_3,363610.35314313177,21,7422,2021,"{""type"":""Point"",""coordinates"":[0.0,0.0]}"
1_1_1_1_1_1_1_1_1_1_1_1_1_1_1_1_1_1_1_1_1_1_1_1_1_1_2_1_1_1_2_4,2463.773583766108,22,7422,2021,"{""type"":""Point"",""coordinates"":[0.0,0.0]}"
1_1_1_1_1_1_1_1_1_1_1_1_1_1_1_1_1_1_1_1_1_1_1_1_1_1_2_1_1_1_2_5,0.8010358459472656,29,7422,2021,"{""type"":""Point"",""coordinates"":[0.0,0.0]}"
1_1_1_1_1_1_1_1_1_1_1_1_1_1_1_1_1_1_1_1_1_1_1_1_1_1_2_1_1_1_2_6,7068.798011817322,33,7422,2021,"{""type"":""Point"",""coordinates"":[0.0,0.0]}"
1_1_1_1_1_1_1_1_1_1_1_1_1_1_1_1_1_1_1_1_1_1_1_1_1_1_2_1_1_2_0,23292.000601308213,3,7422,2022,"{""type"":""Point"",""coordinates"":[0.0,0.0]}"
1_1_1_1_1_1_1_1_1_1_1_1_1_1_1_1_1_1_1_1_1_1_1_1_1_1_2_1_1_2_1,1631171.9051088572,4,7422,2022,"{""type"":""Point"",""coordinates"":[0.0,0.0]}"
1_1_1_1_1_1_1_1_1_1_1_1_1_1_1_1_1_1_1_1_1_1_1_1_1_1_2_1_1_2_2,212.27072976275284,12,7422,2022,"{""type"":""Point"",""coordinates"":[0.0,0.0]}"
1_1_1_1_1_1_1_1_1_1_1_1_1_1_1_1_1_1_1_1_1_1_1_1_1_1_2_1_1_2_3,342083.43372961576,21,7422,2022,"{""type"":""Point"",""coordinates"":[0.0,0.0]}"
1_1_1_1_1_1_1_1_1_1_1_1_1_1_1_1_1_1_1_1_1_1_1_1_1_1_2_1_1_2_4,533.5153408586568,22,7422,2022,"{""type"":""Point"",""coordinates"":[0.0,0.0]}"
1_1_1_1_1_1_1_1_1_1_1_1_1_1_1_1_1_1_1_1_1_1_1_1_1_1_2_1_1_2_5,73.64049870605473,29,7422,2022,"{""type"":""Point"",""coordinates"":[0.0,0.0]}"
1_1_1_1_1_1_1_1_1_1_1_1_1_1_1_1_1_1_1_1_1_1_1_1_1_1_2_1_1_2_6,6934.633656874242,33,7422,2022,"{""type"":""Point"",""coordinates"":[0.0,0.0]}"
1_1_1_1_1_1_1_1_1_1_1_1_1_1_1_1_1_1_1_1_1_1_1_1_1_1_2_1_2_0,20152.716537030577,3,7422,2023,"{""type"":""Point"",""coordinates"":[0.0,0.0]}"
1_1_1_1_1_1_1_1_1_1_1_1_1_1_1_1_1_1_1_1_1_1_1_1_1_1_2_1_2_1,1588284.8401183388,4,7422,2023,"{""type"":""Point"",""coordinates"":[0.0,0.0]}"
1_1_1_1_1_1_1_1_1_1_1_1_1_1_1_1_1_1_1_1_1_1_1_1_1_1_2_1_2_2,58.41008825683592,12,7422,2023,"{""type"":""Point"",""coordinates"":[0.0,0.0]}"
1_1_1_1_1_1_1_1_1_1_1_1_1_1_1_1_1_1_1_1_1_1_1_1_1_1_2_1_2_3,387067.35544733726,21,7422,2023,"{""type"":""Point"",""coordinates"":[0.0,0.0]}"
1_1_1_1_1_1_1_1_1_1_1_1_1_1_1_1_1_1_1_1_1_1_1_1_1_1_2_1_2_4,96.03738898315432,22,7422,2023,"{""type"":""Point"",""coordinates"":[0.0,0.0]}"
1_1_1_1_1_1_1_1_1_1_1_1_1_1_1_1_1_1_1_1_1_1_1_1_1_1_2_1_2_5,138.30152539062496,29,7422,2023,"{""type"":""Point"",""coordinates"":[0.0,0.0]}"
1_1_1_1_1_1_1_1_1_1_1_1_1_1_1_1_1_1_1_1_1_1_1_1_1_1_2_1_2_6,8504.71907864068,33,7422,2023,"{""type"":""Point"",""coordinates"":[0.0,0.0]}"
1_1_1_1_1_1_1_1_1_1_1_1_1_1_1_1_1_1_1_1_1_1_1_1_1_1_2_2_0,16880.83179909605,3,7422,2024,"{""type"":""Point"",""coordinates"":[0.0,0.0]}"
1_1_1_1_1_1_1_1_1_1_1_1_1_1_1_1_1_1_1_1_1_1_1_1_1_1_2_2_1,1604076.5649396512,4,7422,2024,"{""type"":""Point"",""coordinates"":[0.0,0.0]}"
1_1_1_1_1_1_1_1_1_1_1_1_1_1_1_1_1_1_1_1_1_1_1_1_1_1_2_2_2,2999.970232985051,12,7422,2024,"{""type"":""Point"",""coordinates"":[0.0,0.0]}"
1_1_1_1_1_1_1_1_1_1_1_1_1_1_1_1_1_1_1_1_1_1_1_1_1_1_2_2_3,366028.07046546444,21,7422,2024,"{""type"":""Point"",""coordinates"":[0.0,0.0]}"
1_1_1_1_1_1_1_1_1_1_1_1_1_1_1_1_1_1_1_1_1_1_1_1_1_1_2_2_4,4973.687191292802,22,7422,2024,"{""type"":""Point"",""coordinates"":[0.0,0.0]}"
1_1_1_1_1_1_1_1_1_1_1_1_1_1_1_1_1_1_1_1_1_1_1_1_1_1_2_2_5,99.36845363769528,29,7422,2024,"{""type"":""Point"",""coordinates"":[0.0,0.0]}"
1_1_1_1_1_1_1_1_1_1_1_1_1_1_1_1_1_1_1_1_1_1_1_1_1_1_2_2_6,9243.798121336518,33,7422,2024,"{""type"":""Point"",""coordinates"":[0.0,0.0]}"
1_1_1_1_1_1_1_1_1_1_1_1_1_1_1_1_1_1_1_1_1_1_1_1_1_2_1_1_1_1_1_1_1_1_2_0,4744.655638262978,3,76116,2016,"{""type"":""Point"",""coordinates"":[0.0,0.0]}"
1_1_1_1_1_1_1_1_1_1_1_1_1_1_1_1_1_1_1_1_1_1_1_1_1_2_1_1_1_1_1_1_1_1_2_1,1268739.0926762302,4,76116,2016,"{""type"":""Point"",""coordinates"":[0.0,0.0]}"
1_1_1_1_1_1_1_1_1_1_1_1_1_1_1_1_1_1_1_1_1_1_1_1_1_2_1_1_1_1_1_1_1_1_2_2,3.4440856384277345,12,76116,2016,"{""type"":""Point"",""coordinates"":[0.0,0.0]}"
1_1_1_1_1_1_1_1_1_1_1_1_1_1_1_1_1_1_1_1_1_1_1_1_1_2_1_1_1_1_1_1_1_1_2_3,1023680.7791807867,21,76116,2016,"{""type"":""Point"",""coordinates"":[0.0,0.0]}"
1_1_1_1_1_1_1_1_1_1_1_1_1_1_1_1_1_1_1_1_1_1_1_1_1_2_1_1_1_1_1_1_1_1_2_4,181.81126723517926,22,76116,2016,"{""type"":""Point"",""coordinates"":[0.0,0.0]}"
1_1_1_1_1_1_1_1_1_1_1_1_1_1_1_1_1_1_1_1_1_1_1_1_1_2_1_1_1_1_1_1_1_1_2_5,5.302393170166015,29,76116,2016,"{""type"":""Point"",""coordinates"":[0.0,0.0]}"
1_1_1_1_1_1_1_1_1_1_1_1_1_1_1_1_1_1_1_1_1_1_1_1_1_2_1_1_1_1_1_1_1_1_2_6,58675.713207202345,33,76116,2016,"{""type"":""Point"",""coordinates"":[0.0,0.0]}"
1_1_1_1_1_1_1_1_1_1_1_1_1_1_1_1_1_1_1_1_1_1_1_1_1_2_1_1_1_1_1_1_1_2_0,639.4874002174761,3,76116,2017,"{""type"":""Point"",""coordinates"":[0.0,0.0]}"
1_1_1_1_1_1_1_1_1_1_1_1_1_1_1_1_1_1_1_1_1_1_1_1_1_2_1_1_1_1_1_1_1_2_1,1315111.9650006976,4,76116,2017,"{""type"":""Point"",""coordinates"":[0.0,0.0]}"
1_1_1_1_1_1_1_1_1_1_1_1_1_1_1_1_1_1_1_1_1_1_1_1_1_2_1_1_1_1_1_1_1_2_2,215.89996392539805,12,76116,2017,"{""type"":""Point"",""coordinates"":[0.0,0.0]}"
1_1_1_1_1_1_1_1_1_1_1_1_1_1_1_1_1_1_1_1_1_1_1_1_1_2_1_1_1_1_1_1_1_2_3,984686.1657977938,21,76116,2017,"{""type"":""Point"",""coordinates"":[0.0,0.0]}"
1_1_1_1_1_1_1_1_1_1_1_1_1_1_1_1_1_1_1_1_1_1_1_1_1_2_1_1_1_1_1_1_1_2_4,1098.4304708624866,22,76116,2017,"{""type"":""Point"",""coordinates"":[0.0,0.0]}"
1_1_1_1_1_1_1_1_1_1_1_1_1_1_1_1_1_1_1_1_1_1_1_1_1_2_1_1_1_1_1_1_1_2_5,29.41661921343634,29,76116,2017,"{""type"":""Point"",""coordinates"":[0.0,0.0]}"
1_1_1_1_1_1_1_1_1_1_1_1_1_1_1_1_1_1_1_1_1_1_1_1_1_2_1_1_1_1_1_1_1_2_6,61582.12033226686,33,76116,2017,"{""type"":""Point"",""coordinates"":[0.0,0.0]}"
1_1_1_1_1_1_1_1_1_1_1_1_1_1_1_1_1_1_1_1_1_1_1_1_1_2_1_1_1_1_1_1_2_0,2615.9604599415215,3,76116,2018,"{""type"":""Point"",""coordinates"":[0.0,0.0]}"
1_1_1_1_1_1_1_1_1_1_1_1_1_1_1_1_1_1_1_1_1_1_1_1_1_2_1_1_1_1_1_1_2_1,1339233.6684613302,4,76116,2018,"{""type"":""Point"",""coordinates"":[0.0,0.0]}"
1_1_1_1_1_1_1_1_1_1_1_1_1_1_1_1_1_1_1_1_1_1_1_1_1_2_1_1_1_1_1_1_2_2,47.444635447136356,12,76116,2018,"{""type"":""Point"",""coordinates"":[0.0,0.0]}"
1_1_1_1_1_1_1_1_1_1_1_1_1_1_1_1_1_1_1_1_1_1_1_1_1_2_1_1_1_1_1_1_2_3,956322.0940954818,21,76116,2018,"{""type"":""Point"",""coordinates"":[0.0,0.0]}"
1_1_1_1_1_1_1_1_1_1_1_1_1_1_1_1_1_1_1_1_1_1_1_1_1_2_1_1_1_1_1_1_2_4,5739.849287156232,22,76116,2018,"{""type"":""Point"",""coordinates"":[0.0,0.0]}"
1_1_1_1_1_1_1_1_1_1_1_1_1_1_1_1_1_1_1_1_1_1_1_1_1_2_1_1_1_1_1_1_2_5,237.96165467529303,29,76116,2018,"{""type"":""Point"",""coordinates"":[0.0,0.0]}"
1_1_1_1_1_1_1_1_1_1_1_1_1_1_1_1_1_1_1_1_1_1_1_1_1_2_1_1_1_1_1_1_2_6,66743.68060372067,33,76116,2018,"{""type"":""Point"",""coordinates"":[0.0,0.0]}"
1_1_1_1_1_1_1_1_1_1_1_1_1_1_1_1_1_1_1_1_1_1_1_1_1_2_1_1_1_1_1_2_0,721.8750569625086,3,76116,2019,"{""type"":""Point"",""coordinates"":[0.0,0.0]}"
1_1_1_1_1_1_1_1_1_1_1_1_1_1_1_1_1_1_1_1_1_1_1_1_1_2_1_1_1_1_1_2_1,1347966.3163365657,4,76116,2019,"{""type"":""Point"",""coordinates"":[0.0,0.0]}"
1_1_1_1_1_1_1_1_1_1_1_1_1_1_1_1_1_1_1_1_1_1_1_1_1_2_1_1_1_1_1_2_2,2771.5089845991774,12,76116,2019,"{""type"":""Point"",""coordinates"":[0.0,0.0]}"
1_1_1_1_1_1_1_1_1_1_1_1_1_1_1_1_1_1_1_1_1_1_1_1_1_2_1_1_1_1_1_2_3,944359.8724333245,21,76116,2019,"{""type"":""Point"",""coordinates"":[0.0,0.0]}"
1_1_1_1_1_1_1_1_1_1_1_1_1_1_1_1_1_1_1_1_1_1_1_1_1_2_1_1_1_1_1_2_4,5826.825596314246,22,76116,2019,"{""type"":""Point"",""coordinates"":[0.0,0.0]}"
1_1_1_1_1_1_1_1_1_1_1_1_1_1_1_1_1_1_1_1_1_1_1_1_1_2_1_1_1_1_1_2_5,1176.872502534729,29,76116,2019,"{""type"":""Point"",""coordinates"":[0.0,0.0]}"
1_1_1_1_1_1_1_1_1_1_1_1_1_1_1_1_1_1_1_1_1_1_1_1_1_2_1_1_1_1_1_2_6,67720.97346487195,33,76116,2019,"{""type"":""Point"",""coordinates"":[0.0,0.0]}"
1_1_1_1_1_1_1_1_1_1_1_1_1_1_1_1_1_1_1_1_1_1_1_1_1_2_1_1_1_1_2_0,654.1614277866757,3,76116,2020,"{""type"":""Point"",""coordinates"":[0.0,0.0]}"
1_1_1_1_1_1_1_1_1_1_1_1_1_1_1_1_1_1_1_1_1_1_1_1_1_2_1_1_1_1_2_1,1354002.6938045097,4,76116,2020,"{""type"":""Point"",""coordinates"":[0.0,0.0]}"
1_1_1_1_1_1_1_1_1_1_1_1_1_1_1_1_1_1_1_1_1_1_1_1_1_2_1_1_1_1_2_2,336.1897722219189,12,76116,2020,"{""type"":""Point"",""coordinates"":[0.0,0.0]}"
1_1_1_1_1_1_1_1_1_1_1_1_1_1_1_1_1_1_1_1_1_1_1_1_1_2_1_1_1_1_2_3,941888.7213003065,21,76116,2020,"{""type"":""Point"",""coordinates"":[0.0,0.0]}"
1_1_1_1_1_1_1_1_1_1_1_1_1_1_1_1_1_1_1_1_1_1_1_1_1_2_1_1_1_1_2_4,3870.7622257890066,22,76116,2020,"{""type"":""Point"",""coordinates"":[0.0,0.0]}"
1_1_1_1_1_1_1_1_1_1_1_1_1_1_1_1_1_1_1_1_1_1_1_1_1_2_1_1_1_1_2_5,1367.4646682379719,29,76116,2020,"{""type"":""Point"",""coordinates"":[0.0,0.0]}"
1_1_1_1_1_1_1_1_1_1_1_1_1_1_1_1_1_1_1_1_1_1_1_1_1_2_1_1_1_1_2_6,68676.54847421491,33,76116,2020,"{""type"":""Point"",""coordinates"":[0.0,0.0]}"
1_1_1_1_1_1_1_1_1_1_1_1_1_1_1_1_1_1_1_1_1_1_1_1_1_2_1_1_1_2_0,384.0990001800892,3,76116,2021,"{""type"":""Point"",""coordinates"":[0.0,0.0]}"
1_1_1_1_1_1_1_1_1_1_1_1_1_1_1_1_1_1_1_1_1_1_1_1_1_2_1_1_1_2_1,1399670.3596927542,4,76116,2021,"{""type"":""Point"",""coordinates"":[0.0,0.0]}"
1_1_1_1_1_1_1_1_1_1_1_1_1_1_1_1_1_1_1_1_1_1_1_1_1_2_1_1_1_2_2,1994.6257466615664,12,76116,2021,"{""type"":""Point"",""coordinates"":[0.0,0.0]}"
1_1_1_1_1_1_1_1_1_1_1_1_1_1_1_1_1_1_1_1_1_1_1_1_1_2_1_1_1_2_3,892051.3795406556,21,76116,2021,"{""type"":""Point"",""coordinates"":[0.0,0.0]}"
1_1_1_1_1_1_1_1_1_1_1_1_1_1_1_1_1_1_1_1_1_1_1_1_1_2_1_1_1_2_4,3578.7471955332867,22,76116,2021,"{""type"":""Point"",""coordinates"":[0.0,0.0]}"
1_1_1_1_1_1_1_1_1_1_1_1_1_1_1_1_1_1_1_1_1_1_1_1_1_2_1_1_1_2_5,133.74721044921876,29,76116,2021,"{""type"":""Point"",""coordinates"":[0.0,0.0]}"
1_1_1_1_1_1_1_1_1_1_1_1_1_1_1_1_1_1_1_1_1_1_1_1_1_2_1_1_1_2_6,73569.95758828013,33,76116,2021,"{""type"":""Point"",""coordinates"":[0.0,0.0]}"
1_1_1_1_1_1_1_1_1_1_1_1_1_1_1_1_1_1_1_1_1_1_1_1_1_2_1_1_2_0,1105.899596985609,3,76116,2022,"{""type"":""Point"",""coordinates"":[0.0,0.0]}"
1_1_1_1_1_1_1_1_1_1_1_1_1_1_1_1_1_1_1_1_1_1_1_1_1_2_1_1_2_1,1351256.7337359975,4,76116,2022,"{""type"":""Point"",""coordinates"":[0.0,0.0]}"
1_1_1_1_1_1_1_1_1_1_1_1_1_1_1_1_1_1_1_1_1_1_1_1_1_2_1_1_2_2,2954.468018317035,12,76116,2022,"{""type"":""Point"",""coordinates"":[0.0,0.0]}"
1_1_1_1_1_1_1_1_1_1_1_1_1_1_1_1_1_1_1_1_1_1_1_1_1_2_1_1_2_3,939197.1319525535,21,76116,2022,"{""type"":""Point"",""coordinates"":[0.0,0.0]}"
1_1_1_1_1_1_1_1_1_1_1_1_1_1_1_1_1_1_1_1_1_1_1_1_1_2_1_1_2_4,3158.073541912667,22,76116,2022,"{""type"":""Point"",""coordinates"":[0.0,0.0]}"
1_1_1_1_1_1_1_1_1_1_1_1_1_1_1_1_1_1_1_1_1_1_1_1_1_2_1_1_2_5,393.40603601074207,29,76116,2022,"{""type"":""Point"",""coordinates"":[0.0,0.0]}"
1_1_1_1_1_1_1_1_1_1_1_1_1_1_1_1_1_1_1_1_1_1_1_1_1_2_1_1_2_6,70821.38763248899,33,76116,2022,"{""type"":""Point"",""coordinates"":[0.0,0.0]}"
1_1_1_1_1_1_1_1_1_1_1_1_1_1_1_1_1_1_1_1_1_1_1_1_1_2_1_2_0,855.7418506686101,3,76116,2023,"{""type"":""Point"",""coordinates"":[0.0,0.0]}"
1_1_1_1_1_1_1_1_1_1_1_1_1_1_1_1_1_1_1_1_1_1_1_1_1_2_1_2_1,1343709.1182712454,4,76116,2023,"{""type"":""Point"",""coordinates"":[0.0,0.0]}"
1_1_1_1_1_1_1_1_1_1_1_1_1_1_1_1_1_1_1_1_1_1_1_1_1_2_1_2_2,1101.2210556692114,12,76116,2023,"{""type"":""Point"",""coordinates"":[0.0,0.0]}"
1_1_1_1_1_1_1_1_1_1_1_1_1_1_1_1_1_1_1_1_1_1_1_1_1_2_1_2_3,950018.8570595914,21,76116,2023,"{""type"":""Point"",""coordinates"":[0.0,0.0]}"
1_1_1_1_1_1_1_1_1_1_1_1_1_1_1_1_1_1_1_1_1_1_1_1_1_2_1_2_4,349.17209890474106,22,76116,2023,"{""type"":""Point"",""coordinates"":[0.0,0.0]}"
1_1_1_1_1_1_1_1_1_1_1_1_1_1_1_1_1_1_1_1_1_1_1_1_1_2_1_2_5,1905.6961439057,29,76116,2023,"{""type"":""Point"",""coordinates"":[0.0,0.0]}"
1_1_1_1_1_1_1_1_1_1_1_1_1_1_1_1_1_1_1_1_1_1_1_1_1_2_1_2_6,73424.31039514551,33,76116,2023,"{""type"":""Point"",""coordinates"":[0.0,0.0]}"
1_1_1_1_1_1_1_1_1_1_1_1_1_1_1_1_1_1_1_1_1_1_1_1_1_2_2_0,3535.99268566363,3,76116,2024,"{""type"":""Point"",""coordinates"":[0.0,0.0]}"
1_1_1_1_1_1_1_1_1_1_1_1_1_1_1_1_1_1_1_1_1_1_1_1_1_2_2_1,1276920.9255199062,4,76116,2024,"{""type"":""Point"",""coordinates"":[0.0,0.0]}"
1_1_1_1_1_1_1_1_1_1_1_1_1_1_1_1_1_1_1_1_1_1_1_1_1_2_2_2,3245.5431204180345,12,76116,2024,"{""type"":""Point"",""coordinates"":[0.0,0.0]}"
1_1_1_1_1_1_1_1_1_1_1_1_1_1_1_1_1_1_1_1_1_1_1_1_1_2_2_3,1008593.1080797978,21,76116,2024,"{""type"":""Point"",""coordinates"":[0.0,0.0]}"
1_1_1_1_1_1_1_1_1_1_1_1_1_1_1_1_1_1_1_1_1_1_1_1_1_2_2_4,7044.363409509235,22,76116,2024,"{""type"":""Point"",""coordinates"":[0.0,0.0]}"
1_1_1_1_1_1_1_1_1_1_1_1_1_1_1_1_1_1_1_1_1_1_1_1_1_2_2_5,367.1868888294652,29,76116,2024,"{""type"":""Point"",""coordinates"":[0.0,0.0]}"
1_1_1_1_1_1_1_1_1_1_1_1_1_1_1_1_1_1_1_1_1_1_1_1_1_2_2_6,71504.5712992429,33,76116,2024,"{""type"":""Point"",""coordinates"":[0.0,0.0]}"
1_1_1_1_1_1_1_1_1_1_1_1_1_1_1_1_1_1_1_1_1_1_1_1_2_1_1_1_1_1_1_1_1_2_0,33011.10064604064,3,7761,2016,"{""type"":""Point"",""coordinates"":[0.0,0.0]}"
1_1_1_1_1_1_1_1_1_1_1_1_1_1_1_1_1_1_1_1_1_1_1_1_2_1_1_1_1_1_1_1_1_2_1,715657.4787343589,4,7761,2016,"{""type"":""Point"",""coordinates"":[0.0,0.0]}"
1_1_1_1_1_1_1_1_1_1_1_1_1_1_1_1_1_1_1_1_1_1_1_1_2_1_1_1_1_1_1_1_1_2_2,3153.6870799578783,12,7761,2016,"{""type"":""Point"",""coordinates"":[0.0,0.0]}"
1_1_1_1_1_1_1_1_1_1_1_1_1_1_1_1_1_1_1_1_1_1_1_1_2_1_1_1_1_1_1_1_1_2_3,562765.0536491926,21,7761,2016,"{""type"":""Point"",""coordinates"":[0.0,0.0]}"
1_1_1_1_1_1_1_1_1_1_1_1_1_1_1_1_1_1_1_1_1_1_1_1_2_1_1_1_1_1_1_1_1_2_4,30.189482769775385,29,7761,2016,"{""type"":""Point"",""coordinates"":[0.0,0.0]}"
1_1_1_1_1_1_1_1_1_1_1_1_1_1_1_1_1_1_1_1_1_1_1_1_2_1_1_1_1_1_1_1_1_2_5,6850.972127057069,33,7761,2016,"{""type"":""Point"",""coordinates"":[0.0,0.0]}"
1_1_1_1_1_1_1_1_1_1_1_1_1_1_1_1_1_1_1_1_1_1_1_1_2_1_1_1_1_1_1_1_2_0,109803.80737752853,3,7761,2017,"{""type"":""Point"",""coordinates"":[0.0,0.0]}"
1_1_1_1_1_1_1_1_1_1_1_1_1_1_1_1_1_1_1_1_1_1_1_1_2_1_1_1_1_1_1_1_2_1,693942.9126677405,4,7761,2017,"{""type"":""Point"",""coordinates"":[0.0,0.0]}"
1_1_1_1_1_1_1_1_1_1_1_1_1_1_1_1_1_1_1_1_1_1_1_1_2_1_1_1_1_1_1_1_2_2,2652.642828388205,12,7761,2017,"{""type"":""Point"",""coordinates"":[0.0,0.0]}"
1_1_1_1_1_1_1_1_1_1_1_1_1_1_1_1_1_1_1_1_1_1_1_1_2_1_1_1_1_1_1_1_2_3,509348.69218667503,21,7761,2017,"{""type"":""Point"",""coordinates"":[0.0,0.0]}"
1_1_1_1_1_1_1_1_1_1_1_1_1_1_1_1_1_1_1_1_1_1_1_1_2_1_1_1_1_1_1_1_2_4,2.4323007629394526,22,7761,2017,"{""type"":""Point"",""coordinates"":[0.0,0.0]}"
1_1_1_1_1_1_1_1_1_1_1_1_1_1_1_1_1_1_1_1_1_1_1_1_2_1_1_1_1_1_1_1_2_5,13.971984511000688,29,7761,2017,"{""type"":""Point"",""coordinates"":[0.0,0.0]}"
1_1_1_1_1_1_1_1_1_1_1_1_1_1_1_1_1_1_1_1_1_1_1_1_2_1_1_1_1_1_1_1_2_6,5706.712886330609,33,7761,2017,"{""type"":""Point"",""coordinates"":[0.0,0.0]}"
1_1_1_1_1_1_1_1_1_1_1_1_1_1_1_1_1_1_1_1_1_1_1_1_2_1_1_1_1_1_1_2_0,58453.099213973226,3,7761,2018,"{""type"":""Point"",""coordinates"":[0.0,0.0]}"
1_1_1_1_1_1_1_1_1_1_1_1_1_1_1_1_1_1_1_1_1_1_1_1_2_1_1_1_1_1_1_2_1,733312.2866276241,4,7761,2018,"{""type"":""Point"",""coordinates"":[0.0,0.0]}"
1_1_1_1_1_1_1_1_1_1_1_1_1_1_1_1_1_1_1_1_1_1_1_1_2_1_1_1_1_1_1_2_2,1670.687833470873,12,7761,2018,"{""type"":""Point"",""coordinates"":[0.0,0.0]}"
1_1_1_1_1_1_1_1_1_1_1_1_1_1_1_1_1_1_1_1_1_1_1_1_2_1_1_1_1_1_1_2_3,521618.01895968674,21,7761,2018,"{""type"":""Point"",""coordinates"":[0.0,0.0]}"
1_1_1_1_1_1_1_1_1_1_1_1_1_1_1_1_1_1_1_1_1_1_1_1_2_1_1_1_1_1_1_2_4,1.9132965515136717,22,7761,2018,"{""type"":""Point"",""coordinates"":[0.0,0.0]}"
1_1_1_1_1_1_1_1_1_1_1_1_1_1_1_1_1_1_1_1_1_1_1_1_2_1_1_1_1_1_1_2_5,1180.5161855184863,29,7761,2018,"{""type"":""Point"",""coordinates"":[0.0,0.0]}"
1_1_1_1_1_1_1_1_1_1_1_1_1_1_1_1_1_1_1_1_1_1_1_1_2_1_1_1_1_1_1_2_6,5237.777530575273,33,7761,2018,"{""type"":""Point"",""coordinates"":[0.0,0.0]}"
1_1_1_1_1_1_1_1_1_1_1_1_1_1_1_1_1_1_1_1_1_1_1_1_2_1_1_1_1_1_2_0,74228.91940719965,3,7761,2019,"{""type"":""Point"",""coordinates"":[0.0,0.0]}"
1_1_1_1_1_1_1_1_1_1_1_1_1_1_1_1_1_1_1_1_1_1_1_1_2_1_1_1_1_1_2_1,707283.6544190675,4,7761,2019,"{""type"":""Point"",""coordinates"":[0.0,0.0]}"
1_1_1_1_1_1_1_1_1_1_1_1_1_1_1_1_1_1_1_1_1_1_1_1_2_1_1_1_1_1_2_2,2405.3787509469225,12,7761,2019,"{""type"":""Point"",""coordinates"":[0.0,0.0]}"
1_1_1_1_1_1_1_1_1_1_1_1_1_1_1_1_1_1_1_1_1_1_1_1_2_1_1_1_1_1_2_3,531839.8054242801,21,7761,2019,"{""type"":""Point"",""coordinates"":[0.0,0.0]}"
1_1_1_1_1_1_1_1_1_1_1_1_1_1_1_1_1_1_1_1_1_1_1_1_2_1_1_1_1_1_2_4,368.3060951477039,22,7761,2019,"{""type"":""Point"",""coordinates"":[0.0,0.0]}"
1_1_1_1_1_1_1_1_1_1_1_1_1_1_1_1_1_1_1_1_1_1_1_1_2_1_1_1_1_1_2_5,610.1700664798752,29,7761,2019,"{""type"":""Point"",""coordinates"":[0.0,0.0]}"
1_1_1_1_1_1_1_1_1_1_1_1_1_1_1_1_1_1_1_1_1_1_1_1_2_1_1_1_1_1_2_6,4738.065484276715,33,7761,2019,"{""type"":""Point"",""coordinates"":[0.0,0.0]}"
1_1_1_1_1_1_1_1_1_1_1_1_1_1_1_1_1_1_1_1_1_1_1_1_2_1_1_1_1_2_0,75358.90054588256,3,7761,2020,"{""type"":""Point"",""coordinates"":[0.0,0.0]}"
1_1_1_1_1_1_1_1_1_1_1_1_1_1_1_1_1_1_1_1_1_1_1_1_2_1_1_1_1_2_1,712137.6948505836,4,7761,2020,"{""type"":""Point"",""coordinates"":[0.0,0.0]}"
1_1_1_1_1_1_1_1_1_1_1_1_1_1_1_1_1_1_1_1_1_1_1_1_2_1_1_1_1_2_2,4708.000189645349,12,7761,2020,"{""type"":""Point"",""coordinates"":[0.0,0.0]}"
1_1_1_1_1_1_1_1_1_1_1_1_1_1_1_1_1_1_1_1_1_1_1_1_2_1_1_1_1_2_3,521986.5933478123,21,7761,2020,"{""type"":""Point"",""coordinates"":[0.0,0.0]}"
1_1_1_1_1_1_1_1_1_1_1_1_1_1_1_1_1_1_1_1_1_1_1_1_2_1_1_1_1_2_4,183.91415094604503,22,7761,2020,"{""type"":""Point"",""coordinates"":[0.0,0.0]}"
1_1_1_1_1_1_1_1_1_1_1_1_1_1_1_1_1_1_1_1_1_1_1_1_2_1_1_1_1_2_5,918.4307715640114,29,7761,2020,"{""type"":""Point"",""coordinates"":[0.0,0.0]}"
1_1_1_1_1_1_1_1_1_1_1_1_1_1_1_1_1_1_1_1_1_1_1_1_2_1_1_1_1_2_6,6180.070938022023,33,7761,2020,"{""type"":""Point"",""coordinates"":[0.0,0.0]}"
1_1_1_1_1_1_1_1_1_1_1_1_1_1_1_1_1_1_1_1_1_1_1_1_2_1_1_1_2_0,50275.68342765075,3,7761,2021,"{""type"":""Point"",""coordinates"":[0.0,0.0]}"
1_1_1_1_1_1_1_1_1_1_1_1_1_1_1_1_1_1_1_1_1_1_1_1_2_1_1_1_2_1,713042.9157980976,4,7761,2021,"{""type"":""Point"",""coordinates"":[0.0,0.0]}"
1_1_1_1_1_1_1_1_1_1_1_1_1_1_1_1_1_1_1_1_1_1_1_1_2_1_1_1_2_2,3280.329424074951,12,7761,2021,"{""type"":""Point"",""coordinates"":[0.0,0.0]}"
1_1_1_1_1_1_1_1_1_1_1_1_1_1_1_1_1_1_1_1_1_1_1_1_2_1_1_1_2_3,546250.0401628056,21,7761,2021,"{""type"":""Point"",""coordinates"":[0.0,0.0]}"
1_1_1_1_1_1_1_1_1_1_1_1_1_1_1_1_1_1_1_1_1_1_1_1_2_1_1_1_2_4,18.06120192260742,29,7761,2021,"{""type"":""Point"",""coordinates"":[0.0,0.0]}"
1_1_1_1_1_1_1_1_1_1_1_1_1_1_1_1_1_1_1_1_1_1_1_1_2_1_1_1_2_5,8607.269632889218,33,7761,2021,"{""type"":""Point"",""coordinates"":[0.0,0.0]}"
1_1_1_1_1_1_1_1_1_1_1_1_1_1_1_1_1_1_1_1_1_1_1_1_2_1_1_2_0,54333.00785955576,3,7761,2022,"{""type"":""Point"",""coordinates"":[0.0,0.0]}"
1_1_1_1_1_1_1_1_1_1_1_1_1_1_1_1_1_1_1_1_1_1_1_1_2_1_1_2_1,790377.3361879484,4,7761,2022,"{""type"":""Point"",""coordinates"":[0.0,0.0]}"
1_1_1_1_1_1_1_1_1_1_1_1_1_1_1_1_1_1_1_1_1_1_1_1_2_1_1_2_2,4608.918188547445,12,7761,2022,"{""type"":""Point"",""coordinates"":[0.0,0.0]}"
1_1_1_1_1_1_1_1_1_1_1_1_1_1_1_1_1_1_1_1_1_1_1_1_2_1_1_2_3,463551.9813574976,21,7761,2022,"{""type"":""Point"",""coordinates"":[0.0,0.0]}"
1_1_1_1_1_1_1_1_1_1_1_1_1_1_1_1_1_1_1_1_1_1_1_1_2_1_1_2_4,9.229049220928117,22,7761,2022,"{""type"":""Point"",""coordinates"":[0.0,0.0]}"
1_1_1_1_1_1_1_1_1_1_1_1_1_1_1_1_1_1_1_1_1_1_1_1_2_1_1_2_5,128.2750976196289,29,7761,2022,"{""type"":""Point"",""coordinates"":[0.0,0.0]}"
1_1_1_1_1_1_1_1_1_1_1_1_1_1_1_1_1_1_1_1_1_1_1_1_2_1_1_2_6,8465.29133748803,33,7761,2022,"{""type"":""Point"",""coordinates"":[0.0,0.0]}"
1_1_1_1_1_1_1_1_1_1_1_1_1_1_1_1_1_1_1_1_1_1_1_1_2_1_2_0,52279.490474748534,3,7761,2023,"{""type"":""Point"",""coordinates"":[0.0,0.0]}"
1_1_1_1_1_1_1_1_1_1_1_1_1_1_1_1_1_1_1_1_1_1_1_1_2_1_2_1,778123.881927855,4,7761,2023,"{""type"":""Point"",""coordinates"":[0.0,0.0]}"
1_1_1_1_1_1_1_1_1_1_1_1_1_1_1_1_1_1_1_1_1_1_1_1_2_1_2_2,2874.822063581292,12,7761,2023,"{""type"":""Point"",""coordinates"":[0.0,0.0]}"
1_1_1_1_1_1_1_1_1_1_1_1_1_1_1_1_1_1_1_1_1_1_1_1_2_1_2_3,479522.33472849225,21,7761,2023,"{""type"":""Point"",""coordinates"":[0.0,0.0]}"
1_1_1_1_1_1_1_1_1_1_1_1_1_1_1_1_1_1_1_1_1_1_1_1_2_1_2_4,0.17347675170898436,22,7761,2023,"{""type"":""Point"",""coordinates"":[0.0,0.0]}"
1_1_1_1_1_1_1_1_1_1_1_1_1_1_1_1_1_1_1_1_1_1_1_1_2_1_2_5,87.16810957354379,29,7761,2023,"{""type"":""Point"",""coordinates"":[0.0,0.0]}"
1_1_1_1_1_1_1_1_1_1_1_1_1_1_1_1_1_1_1_1_1_1_1_1_2_1_2_6,8586.428866331342,33,7761,2023,"{""type"":""Point"",""coordinates"":[0.0,0.0]}"
1_1_1_1_1_1_1_1_1_1_1_1_1_1_1_1_1_1_1_1_1_1_1_1_2_2_0,78800.05371370738,3,7761,2024,"{""type"":""Point"",""coordinates"":[0.0,0.0]}"
1_1_1_1_1_1_1_1_1_1_1_1_1_1_1_1_1_1_1_1_1_1_1_1_2_2_1,717323.9184767806,4,7761,2024,"{""type"":""Point"",""coordinates"":[0.0,0.0]}"
1_1_1_1_1_1_1_1_1_1_1_1_1_1_1_1_1_1_1_1_1_1_1_1_2_2_2,2047.5368070145641,12,7761,2024,"{""type"":""Point"",""coordinates"":[0.0,0.0]}"
1_1_1_1_1_1_1_1_1_1_1_1_1_1_1_1_1_1_1_1_1_1_1_1_2_2_3,514553.01143458753,21,7761,2024,"{""type"":""Point"",""coordinates"":[0.0,0.0]}"
1_1_1_1_1_1_1_1_1_1_1_1_1_1_1_1_1_1_1_1_1_1_1_1_2_2_4,4.331071858388864,22,7761,2024,"{""type"":""Point"",""coordinates"":[0.0,0.0]}"
1_1_1_1_1_1_1_1_1_1_1_1_1_1_1_1_1_1_1_1_1_1_1_1_2_2_5,263.051524718975,29,7761,2024,"{""type"":""Point"",""coordinates"":[0.0,0.0]}"
1_1_1_1_1_1_1_1_1_1_1_1_1_1_1_1_1_1_1_1_1_1_1_1_2_2_6,8482.049192131346,33,7761,2024,"{""type"":""Point"",""coordinates"":[0.0,0.0]}"
1_1_1_1_1_1_1_1_1_1_1_1_1_1_1_1_1_1_1_1_1_1_1_2_1_1_1_1_1_1_1_1_2_0,17385.463279423548,3,7671,2016,"{""type"":""Point"",""coordinates"":[0.0,0.0]}"
1_1_1_1_1_1_1_1_1_1_1_1_1_1_1_1_1_1_1_1_1_1_1_2_1_1_1_1_1_1_1_1_2_1,500664.06526074174,4,7671,2016,"{""type"":""Point"",""coordinates"":[0.0,0.0]}"
1_1_1_1_1_1_1_1_1_1_1_1_1_1_1_1_1_1_1_1_1_1_1_2_1_1_1_1_1_1_1_1_2_2,1536.7623608213405,12,7671,2016,"{""type"":""Point"",""coordinates"":[0.0,0.0]}"
1_1_1_1_1_1_1_1_1_1_1_1_1_1_1_1_1_1_1_1_1_1_1_2_1_1_1_1_1_1_1_1_2_3,299804.1253156123,21,7671,2016,"{""type"":""Point"",""coordinates"":[0.0,0.0]}"
1_1_1_1_1_1_1_1_1_1_1_1_1_1_1_1_1_1_1_1_1_1_1_2_1_1_1_1_1_1_1_1_2_4,87.07971594817515,22,7671,2016,"{""type"":""Point"",""coordinates"":[0.0,0.0]}"
1_1_1_1_1_1_1_1_1_1_1_1_1_1_1_1_1_1_1_1_1_1_1_2_1_1_1_1_1_1_1_1_2_5,614.8386363414581,29,7671,2016,"{""type"":""Point"",""coordinates"":[0.0,0.0]}"
1_1_1_1_1_1_1_1_1_1_1_1_1_1_1_1_1_1_1_1_1_1_1_2_1_1_1_1_1_1_1_1_2_6,13629.052595196095,33,7671,2016,"{""type"":""Point"",""coordinates"":[0.0,0.0]}"
1_1_1_1_1_1_1_1_1_1_1_1_1_1_1_1_1_1_1_1_1_1_1_2_1_1_1_1_1_1_1_2_0,20015.963536766547,3,7671,2017,"{""type"":""Point"",""coordinates"":[0.0,0.0]}"
1_1_1_1_1_1_1_1_1_1_1_1_1_1_1_1_1_1_1_1_1_1_1_2_1_1_1_1_1_1_1_2_1,469315.45474166627,4,7671,2017,"{""type"":""Point"",""coordinates"":[0.0,0.0]}"
1_1_1_1_1_1_1_1_1_1_1_1_1_1_1_1_1_1_1_1_1_1_1_2_1_1_1_1_1_1_1_2_2,382.93451000883226,12,7671,2017,"{""type"":""Point"",""coordinates"":[0.0,0.0]}"
1_1_1_1_1_1_1_1_1_1_1_1_1_1_1_1_1_1_1_1_1_1_1_2_1_1_1_1_1_1_1_2_3,330339.9566542936,21,7671,2017,"{""type"":""Point"",""coordinates"":[0.0,0.0]}"
1_1_1_1_1_1_1_1_1_1_1_1_1_1_1_1_1_1_1_1_1_1_1_2_1_1_1_1_1_1_1_2_4,46.13738782817763,22,7671,2017,"{""type"":""Point"",""coordinates"":[0.0,0.0]}"
1_1_1_1_1_1_1_1_1_1_1_1_1_1_1_1_1_1_1_1_1_1_1_2_1_1_1_1_1_1_1_2_5,1361.7642886545427,29,7671,2017,"{""type"":""Point"",""coordinates"":[0.0,0.0]}"
1_1_1_1_1_1_1_1_1_1_1_1_1_1_1_1_1_1_1_1_1_1_1_2_1_1_1_1_1_1_1_2_6,12259.176044899536,33,7671,2017,"{""type"":""Point"",""coordinates"":[0.0,0.0]}"
1_1_1_1_1_1_1_1_1_1_1_1_1_1_1_1_1_1_1_1_1_1_1_2_1_1_1_1_1_1_2_0,3475.963233796168,3,7671,2018,"{""type"":""Point"",""coordinates"":[0.0,0.0]}"
1_1_1_1_1_1_1_1_1_1_1_1_1_1_1_1_1_1_1_1_1_1_1_2_1_1_1_1_1_1_2_1,481817.6500022463,4,7671,2018,"{""type"":""Point"",""coordinates"":[0.0,0.0]}"
1_1_1_1_1_1_1_1_1_1_1_1_1_1_1_1_1_1_1_1_1_1_1_2_1_1_1_1_1_1_2_2,100.79452697540881,12,7671,2018,"{""type"":""Point"",""coordinates"":[0.0,0.0]}"
1_1_1_1_1_1_1_1_1_1_1_1_1_1_1_1_1_1_1_1_1_1_1_2_1_1_1_1_1_1_2_3,333702.3108369968,21,7671,2018,"{""type"":""Point"",""coordinates"":[0.0,0.0]}"
1_1_1_1_1_1_1_1_1_1_1_1_1_1_1_1_1_1_1_1_1_1_1_2_1_1_1_1_1_1_2_4,101.22068451222137,22,7671,2018,"{""type"":""Point"",""coordinates"":[0.0,0.0]}"
1_1_1_1_1_1_1_1_1_1_1_1_1_1_1_1_1_1_1_1_1_1_1_2_1_1_1_1_1_1_2_5,2421.124344881349,29,7671,2018,"{""type"":""Point"",""coordinates"":[0.0,0.0]}"
1_1_1_1_1_1_1_1_1_1_1_1_1_1_1_1_1_1_1_1_1_1_1_2_1_1_1_1_1_1_2_6,12102.32353468431,33,7671,2018,"{""type"":""Point"",""coordinates"":[0.0,0.0]}"
1_1_1_1_1_1_1_1_1_1_1_1_1_1_1_1_1_1_1_1_1_1_1_2_1_1_1_1_1_2_0,20748.22816395105,3,7671,2019,"{""type"":""Point"",""coordinates"":[0.0,0.0]}"
1_1_1_1_1_1_1_1_1_1_1_1_1_1_1_1_1_1_1_1_1_1_1_2_1_1_1_1_1_2_1,480358.25632170844,4,7671,2019,"{""type"":""Point"",""coordinates"":[0.0,0.0]}"
1_1_1_1_1_1_1_1_1_1_1_1_1_1_1_1_1_1_1_1_1_1_1_2_1_1_1_1_1_2_2,2294.006687598254,12,7671,2019,"{""type"":""Point"",""coordinates"":[0.0,0.0]}"
1_1_1_1_1_1_1_1_1_1_1_1_1_1_1_1_1_1_1_1_1_1_1_2_1_1_1_1_1_2_3,313936.148986656,21,7671,2019,"{""type"":""Point"",""coordinates"":[0.0,0.0]}"
1_1_1_1_1_1_1_1_1_1_1_1_1_1_1_1_1_1_1_1_1_1_1_2_1_1_1_1_1_2_4,568.8225477204212,22,7671,2019,"{""type"":""Point"",""coordinates"":[0.0,0.0]}"
1_1_1_1_1_1_1_1_1_1_1_1_1_1_1_1_1_1_1_1_1_1_1_2_1_1_1_1_1_2_5,1336.1376226382733,29,7671,2019,"{""type"":""Point"",""coordinates"":[0.0,0.0]}"
1_1_1_1_1_1_1_1_1_1_1_1_1_1_1_1_1_1_1_1_1_1_1_2_1_1_1_1_1_2_6,14479.78683384915,33,7671,2019,"{""type"":""Point"",""coordinates"":[0.0,0.0]}"
1_1_1_1_1_1_1_1_1_1_1_1_1_1_1_1_1_1_1_1_1_1_1_2_1_1_1_1_2_0,31362.940914844043,3,7671,2020,"{""type"":""Point"",""coordinates"":[0.0,0.0]}"
1_1_1_1_1_1_1_1_1_1_1_1_1_1_1_1_1_1_1_1_1_1_1_2_1_1_1_1_2_1,441369.4407271055,4,7671,2020,"{""type"":""Point"",""coordinates"":[0.0,0.0]}"
1_1_1_1_1_1_1_1_1_1_1_1_1_1_1_1_1_1_1_1_1_1_1_2_1_1_1_1_2_2,1450.916565121042,12,7671,2020,"{""type"":""Point"",""coordinates"":[0.0,0.0]}"
1_1_1_1_1_1_1_1_1_1_1_1_1_1_1_1_1_1_1_1_1_1_1_2_1_1_1_1_2_3,339806.51662208815,21,7671,2020,"{""type"":""Point"",""coordinates"":[0.0,0.0]}"
1_1_1_1_1_1_1_1_1_1_1_1_1_1_1_1_1_1_1_1_1_1_1_2_1_1_1_1_2_4,102.12413636180204,22,7671,2020,"{""type"":""Point"",""coordinates"":[0.0,0.0]}"
1_1_1_1_1_1_1_1_1_1_1_1_1_1_1_1_1_1_1_1_1_1_1_2_1_1_1_1_2_5,1371.035123256669,29,7671,2020,"{""type"":""Point"",""coordinates"":[0.0,0.0]}"
1_1_1_1_1_1_1_1_1_1_1_1_1_1_1_1_1_1_1_1_1_1_1_2_1_1_1_1_2_6,18258.41307527273,33,7671,2020,"{""type"":""Point"",""coordinates"":[0.0,0.0]}"
1_1_1_1_1_1_1_1_1_1_1_1_1_1_1_1_1_1_1_1_1_1_1_2_1_1_1_2_0,9900.410757250684,3,7671,2021,"{""type"":""Point"",""coordinates"":[0.0,0.0]}"
1_1_1_1_1_1_1_1_1_1_1_1_1_1_1_1_1_1_1_1_1_1_1_2_1_1_1_2_1,467656.198470079,4,7671,2021,"{""type"":""Point"",""coordinates"":[0.0,0.0]}"
1_1_1_1_1_1_1_1_1_1_1_1_1_1_1_1_1_1_1_1_1_1_1_2_1_1_1_2_2,2070.8101308631367,12,7671,2021,"{""type"":""Point"",""coordinates"":[0.0,0.0]}"
1_1_1_1_1_1_1_1_1_1_1_1_1_1_1_1_1_1_1_1_1_1_1_2_1_1_1_2_3,338308.6296238349,21,7671,2021,"{""type"":""Point"",""coordinates"":[0.0,0.0]}"
1_1_1_1_1_1_1_1_1_1_1_1_1_1_1_1_1_1_1_1_1_1_1_2_1_1_1_2_4,4.928560498046875,22,7671,2021,"{""type"":""Point"",""coordinates"":[0.0,0.0]}"
1_1_1_1_1_1_1_1_1_1_1_1_1_1_1_1_1_1_1_1_1_1_1_2_1_1_1_2_5,1105.570730851737,29,7671,2021,"{""type"":""Point"",""coordinates"":[0.0,0.0]}"
1_1_1_1_1_1_1_1_1_1_1_1_1_1_1_1_1_1_1_1_1_1_1_2_1_1_1_2_6,14674.838890708737,33,7671,2021,"{""type"":""Point"",""coordinates"":[0.0,0.0]}"
1_1_1_1_1_1_1_1_1_1_1_1_1_1_1_1_1_1_1_1_1_1_1_2_1_1_2_0,28489.120213247486,3,7671,2022,"{""type"":""Point"",""coordinates"":[0.0,0.0]}"
1_1_1_1_1_1_1_1_1_1_1_1_1_1_1_1_1_1_1_1_1_1_1_2_1_1_2_1,469241.67837558535,4,7671,2022,"{""type"":""Point"",""coordinates"":[0.0,0.0]}"
1_1_1_1_1_1_1_1_1_1_1_1_1_1_1_1_1_1_1_1_1_1_1_2_1_1_2_2,1557.8936002505309,12,7671,2022,"{""type"":""Point"",""coordinates"":[0.0,0.0]}"
1_1_1_1_1_1_1_1_1_1_1_1_1_1_1_1_1_1_1_1_1_1_1_2_1_1_2_3,317982.379174488,21,7671,2022,"{""type"":""Point"",""coordinates"":[0.0,0.0]}"
1_1_1_1_1_1_1_1_1_1_1_1_1_1_1_1_1_1_1_1_1_1_1_2_1_1_2_4,1863.5778840414418,22,7671,2022,"{""type"":""Point"",""coordinates"":[0.0,0.0]}"
1_1_1_1_1_1_1_1_1_1_1_1_1_1_1_1_1_1_1_1_1_1_1_2_1_1_2_5,412.6787273621343,29,7671,2022,"{""type"":""Point"",""coordinates"":[0.0,0.0]}"
1_1_1_1_1_1_1_1_1_1_1_1_1_1_1_1_1_1_1_1_1_1_1_2_1_1_2_6,14174.059189087711,33,7671,2022,"{""type"":""Point"",""coordinates"":[0.0,0.0]}"
1_1_1_1_1_1_1_1_1_1_1_1_1_1_1_1_1_1_1_1_1_1_1_2_1_2_0,20818.23941362339,3,7671,2023,"{""type"":""Point"",""coordinates"":[0.0,0.0]}"
1_1_1_1_1_1_1_1_1_1_1_1_1_1_1_1_1_1_1_1_1_1_1_2_1_2_1,479026.7653393379,4,7671,2023,"{""type"":""Point"",""coordinates"":[0.0,0.0]}"
1_1_1_1_1_1_1_1_1_1_1_1_1_1_1_1_1_1_1_1_1_1_1_2_1_2_2,339.5497762364287,12,7671,2023,"{""type"":""Point"",""coordinates"":[0.0,0.0]}"
1_1_1_1_1_1_1_1_1_1_1_1_1_1_1_1_1_1_1_1_1_1_1_2_1_2_3,318649.47111084854,21,7671,2023,"{""type"":""Point"",""coordinates"":[0.0,0.0]}"
1_1_1_1_1_1_1_1_1_1_1_1_1_1_1_1_1_1_1_1_1_1_1_2_1_2_4,2071.7503050560367,22,7671,2023,"{""type"":""Point"",""coordinates"":[0.0,0.0]}"
1_1_1_1_1_1_1_1_1_1_1_1_1_1_1_1_1_1_1_1_1_1_1_2_1_2_5,712.2750684111481,29,7671,2023,"{""type"":""Point"",""coordinates"":[0.0,0.0]}"
1_1_1_1_1_1_1_1_1_1_1_1_1_1_1_1_1_1_1_1_1_1_1_2_1_2_6,12103.3361504978,33,7671,2023,"{""type"":""Point"",""coordinates"":[0.0,0.0]}"
1_1_1_1_1_1_1_1_1_1_1_1_1_1_1_1_1_1_1_1_1_1_1_2_2_0,8793.40700088756,3,7671,2024,"{""type"":""Point"",""coordinates"":[0.0,0.0]}"
1_1_1_1_1_1_1_1_1_1_1_1_1_1_1_1_1_1_1_1_1_1_1_2_2_1,480958.24454796076,4,7671,2024,"{""type"":""Point"",""coordinates"":[0.0,0.0]}"
1_1_1_1_1_1_1_1_1_1_1_1_1_1_1_1_1_1_1_1_1_1_1_2_2_2,2096.7367340494607,12,7671,2024,"{""type"":""Point"",""coordinates"":[0.0,0.0]}"
1_1_1_1_1_1_1_1_1_1_1_1_1_1_1_1_1_1_1_1_1_1_1_2_2_3,326333.5403618425,21,7671,2024,"{""type"":""Point"",""coordinates"":[0.0,0.0]}"
1_1_1_1_1_1_1_1_1_1_1_1_1_1_1_1_1_1_1_1_1_1_1_2_2_4,39.44738461303712,22,7671,2024,"{""type"":""Point"",""coordinates"":[0.0,0.0]}"
1_1_1_1_1_1_1_1_1_1_1_1_1_1_1_1_1_1_1_1_1_1_1_2_2_5,2088.124377175606,29,7671,2024,"{""type"":""Point"",""coordinates"":[0.0,0.0]}"
1_1_1_1_1_1_1_1_1_1_1_1_1_1_1_1_1_1_1_1_1_1_1_2_2_6,13411.886757500492,33,7671,2024,"{""type"":""Point"",""coordinates"":[0.0,0.0]}"
1_1_1_1_1_1_1_1_1_1_1_1_1_1_1_1_1_1_1_1_1_1_2_1_1_1_1_1_1_1_1_2_0,4412.361980240929,3,7615,2016,"{""type"":""Point"",""coordinates"":[0.0,0.0]}"
1_1_1_1_1_1_1_1_1_1_1_1_1_1_1_1_1_1_1_1_1_1_2_1_1_1_1_1_1_1_1_2_1,1595094.628400205,4,7615,2016,"{""type"":""Point"",""coordinates"":[0.0,0.0]}"
1_1_1_1_1_1_1_1_1_1_1_1_1_1_1_1_1_1_1_1_1_1_2_1_1_1_1_1_1_1_1_2_2,3.184617340087891,12,7615,2016,"{""type"":""Point"",""coordinates"":[0.0,0.0]}"
1_1_1_1_1_1_1_1_1_1_1_1_1_1_1_1_1_1_1_1_1_1_2_1_1_1_1_1_1_1_1_2_3,965099.7980240432,21,7615,2016,"{""type"":""Point"",""coordinates"":[0.0,0.0]}"
1_1_1_1_1_1_1_1_1_1_1_1_1_1_1_1_1_1_1_1_1_1_2_1_1_1_1_1_1_1_1_2_4,1687.665463056652,22,7615,2016,"{""type"":""Point"",""coordinates"":[0.0,0.0]}"
1_1_1_1_1_1_1_1_1_1_1_1_1_1_1_1_1_1_1_1_1_1_2_1_1_1_1_1_1_1_1_2_5,4.85678919067383,29,7615,2016,"{""type"":""Point"",""coordinates"":[0.0,0.0]}"
1_1_1_1_1_1_1_1_1_1_1_1_1_1_1_1_1_1_1_1_1_1_2_1_1_1_1_1_1_1_1_2_6,21840.851317048415,33,7615,2016,"{""type"":""Point"",""coordinates"":[0.0,0.0]}"
1_1_1_1_1_1_1_1_1_1_1_1_1_1_1_1_1_1_1_1_1_1_2_1_1_1_1_1_1_1_2_0,743.017827031512,3,7615,2017,"{""type"":""Point"",""coordinates"":[0.0,0.0]}"
1_1_1_1_1_1_1_1_1_1_1_1_1_1_1_1_1_1_1_1_1_1_2_1_1_1_1_1_1_1_2_1,1681507.425117309,4,7615,2017,"{""type"":""Point"",""coordinates"":[0.0,0.0]}"
1_1_1_1_1_1_1_1_1_1_1_1_1_1_1_1_1_1_1_1_1_1_2_1_1_1_1_1_1_1_2_2,15.98903424072265,12,7615,2017,"{""type"":""Point"",""coordinates"":[0.0,0.0]}"
1_1_1_1_1_1_1_1_1_1_1_1_1_1_1_1_1_1_1_1_1_1_2_1_1_1_1_1_1_1_2_3,877228.0984845468,21,7615,2017,"{""type"":""Point"",""coordinates"":[0.0,0.0]}"
1_1_1_1_1_1_1_1_1_1_1_1_1_1_1_1_1_1_1_1_1_1_2_1_1_1_1_1_1_1_2_4,62.874160472244576,22,7615,2017,"{""type"":""Point"",""coordinates"":[0.0,0.0]}"
1_1_1_1_1_1_1_1_1_1_1_1_1_1_1_1_1_1_1_1_1_1_2_1_1_1_1_1_1_1_2_5,38.775792028808596,29,7615,2017,"{""type"":""Point"",""coordinates"":[0.0,0.0]}"
1_1_1_1_1_1_1_1_1_1_1_1_1_1_1_1_1_1_1_1_1_1_2_1_1_1_1_1_1_1_2_6,21300.762045177664,33,7615,2017,"{""type"":""Point"",""coordinates"":[0.0,0.0]}"
1_1_1_1_1_1_1_1_1_1_1_1_1_1_1_1_1_1_1_1_1_1_2_1_1_1_1_1_1_2_0,3453.9664587866287,3,7615,2018,"{""type"":""Point"",""coordinates"":[0.0,0.0]}"
1_1_1_1_1_1_1_1_1_1_1_1_1_1_1_1_1_1_1_1_1_1_2_1_1_1_1_1_1_2_1,1800169.1216316859,4,7615,2018,"{""type"":""Point"",""coordinates"":[0.0,0.0]}"
1_1_1_1_1_1_1_1_1_1_1_1_1_1_1_1_1_1_1_1_1_1_2_1_1_1_1_1_1_2_2,184.3626344482423,12,7615,2018,"{""type"":""Point"",""coordinates"":[0.0,0.0]}"
1_1_1_1_1_1_1_1_1_1_1_1_1_1_1_1_1_1_1_1_1_1_2_1_1_1_1_1_1_2_3,734516.8866754025,21,7615,2018,"{""type"":""Point"",""coordinates"":[0.0,0.0]}"
1_1_1_1_1_1_1_1_1_1_1_1_1_1_1_1_1_1_1_1_1_1_2_1_1_1_1_1_1_2_4,27890.709994219502,22,7615,2018,"{""type"":""Point"",""coordinates"":[0.0,0.0]}"
1_1_1_1_1_1_1_1_1_1_1_1_1_1_1_1_1_1_1_1_1_1_2_1_1_1_1_1_1_2_5,225.85912788624478,29,7615,2018,"{""type"":""Point"",""coordinates"":[0.0,0.0]}"
1_1_1_1_1_1_1_1_1_1_1_1_1_1_1_1_1_1_1_1_1_1_2_1_1_1_1_1_1_2_6,22110.544228060953,33,7615,2018,"{""type"":""Point"",""coordinates"":[0.0,0.0]}"
1_1_1_1_1_1_1_1_1_1_1_1_1_1_1_1_1_1_1_1_1_1_2_1_1_1_1_1_2_0,5120.884715203587,3,7615,2019,"{""type"":""Point"",""coordinates"":[0.0,0.0]}"
1_1_1_1_1_1_1_1_1_1_1_1_1_1_1_1_1_1_1_1_1_1_2_1_1_1_1_1_2_1,1743977.5590128724,4,7615,2019,"{""type"":""Point"",""coordinates"":[0.0,0.0]}"
1_1_1_1_1_1_1_1_1_1_1_1_1_1_1_1_1_1_1_1_1_1_2_1_1_1_1_1_2_2,121.7074763781738,12,7615,2019,"{""type"":""Point"",""coordinates"":[0.0,0.0]}"
1_1_1_1_1_1_1_1_1_1_1_1_1_1_1_1_1_1_1_1_1_1_2_1_1_1_1_1_2_3,810047.8524212256,21,7615,2019,"{""type"":""Point"",""coordinates"":[0.0,0.0]}"
1_1_1_1_1_1_1_1_1_1_1_1_1_1_1_1_1_1_1_1_1_1_2_1_1_1_1_1_2_4,3674.476775311897,22,7615,2019,"{""type"":""Point"",""coordinates"":[0.0,0.0]}"
1_1_1_1_1_1_1_1_1_1_1_1_1_1_1_1_1_1_1_1_1_1_2_1_1_1_1_1_2_5,470.09600410560756,29,7615,2019,"{""type"":""Point"",""coordinates"":[0.0,0.0]}"
1_1_1_1_1_1_1_1_1_1_1_1_1_1_1_1_1_1_1_1_1_1_2_1_1_1_1_1_2_6,25169.522524850898,33,7615,2019,"{""type"":""Point"",""coordinates"":[0.0,0.0]}"
1_1_1_1_1_1_1_1_1_1_1_1_1_1_1_1_1_1_1_1_1_1_2_1_1_1_1_2_0,1978.6474784481832,3,7615,2020,"{""type"":""Point"",""coordinates"":[0.0,0.0]}"
1_1_1_1_1_1_1_1_1_1_1_1_1_1_1_1_1_1_1_1_1_1_2_1_1_1_1_2_1,1785373.4938135052,4,7615,2020,"{""type"":""Point"",""coordinates"":[0.0,0.0]}"
1_1_1_1_1_1_1_1_1_1_1_1_1_1_1_1_1_1_1_1_1_1_2_1_1_1_1_2_2,485.4060683789317,12,7615,2020,"{""type"":""Point"",""coordinates"":[0.0,0.0]}"
1_1_1_1_1_1_1_1_1_1_1_1_1_1_1_1_1_1_1_1_1_1_2_1_1_1_1_2_3,764934.6629189778,21,7615,2020,"{""type"":""Point"",""coordinates"":[0.0,0.0]}"
1_1_1_1_1_1_1_1_1_1_1_1_1_1_1_1_1_1_1_1_1_1_2_1_1_1_1_2_4,11256.957728634183,22,7615,2020,"{""type"":""Point"",""coordinates"":[0.0,0.0]}"
1_1_1_1_1_1_1_1_1_1_1_1_1_1_1_1_1_1_1_1_1_1_2_1_1_1_1_2_5,67.44828687380324,29,7615,2020,"{""type"":""Point"",""coordinates"":[0.0,0.0]}"
1_1_1_1_1_1_1_1_1_1_1_1_1_1_1_1_1_1_1_1_1_1_2_1_1_1_1_2_6,24462.625203316045,33,7615,2020,"{""type"":""Point"",""coordinates"":[0.0,0.0]}"
1_1_1_1_1_1_1_1_1_1_1_1_1_1_1_1_1_1_1_1_1_1_2_1_1_1_2_0,2809.3746795445822,3,7615,2021,"{""type"":""Point"",""coordinates"":[0.0,0.0]}"
1_1_1_1_1_1_1_1_1_1_1_1_1_1_1_1_1_1_1_1_1_1_2_1_1_1_2_1,1834749.4706042518,4,7615,2021,"{""type"":""Point"",""coordinates"":[0.0,0.0]}"
1_1_1_1_1_1_1_1_1_1_1_1_1_1_1_1_1_1_1_1_1_1_2_1_1_1_2_2,412.35939514770405,12,7615,2021,"{""type"":""Point"",""coordinates"":[0.0,0.0]}"
1_1_1_1_1_1_1_1_1_1_1_1_1_1_1_1_1_1_1_1_1_1_2_1_1_1_2_3,716162.8298268334,21,7615,2021,"{""type"":""Point"",""coordinates"":[0.0,0.0]}"
1_1_1_1_1_1_1_1_1_1_1_1_1_1_1_1_1_1_1_1_1_1_2_1_1_1_2_4,11974.146652463272,22,7615,2021,"{""type"":""Point"",""coordinates"":[0.0,0.0]}"
1_1_1_1_1_1_1_1_1_1_1_1_1_1_1_1_1_1_1_1_1_1_2_1_1_1_2_5,507.98879702758785,29,7615,2021,"{""type"":""Point"",""coordinates"":[0.0,0.0]}"
1_1_1_1_1_1_1_1_1_1_1_1_1_1_1_1_1_1_1_1_1_1_2_1_1_1_2_6,21963.27368695503,33,7615,2021,"{""type"":""Point"",""coordinates"":[0.0,0.0]}"
1_1_1_1_1_1_1_1_1_1_1_1_1_1_1_1_1_1_1_1_1_1_2_1_1_2_0,2415.664878777328,3,7615,2022,"{""type"":""Point"",""coordinates"":[0.0,0.0]}"
1_1_1_1_1_1_1_1_1_1_1_1_1_1_1_1_1_1_1_1_1_1_2_1_1_2_1,1752997.344854222,4,7615,2022,"{""type"":""Point"",""coordinates"":[0.0,0.0]}"
1_1_1_1_1_1_1_1_1_1_1_1_1_1_1_1_1_1_1_1_1_1_2_1_1_2_2,452.4135701193409,12,7615,2022,"{""type"":""Point"",""coordinates"":[0.0,0.0]}"
1_1_1_1_1_1_1_1_1_1_1_1_1_1_1_1_1_1_1_1_1_1_2_1_1_2_3,798370.7214428743,21,7615,2022,"{""type"":""Point"",""coordinates"":[0.0,0.0]}"
1_1_1_1_1_1_1_1_1_1_1_1_1_1_1_1_1_1_1_1_1_1_2_1_1_2_4,10356.451798417802,22,7615,2022,"{""type"":""Point"",""coordinates"":[0.0,0.0]}"
1_1_1_1_1_1_1_1_1_1_1_1_1_1_1_1_1_1_1_1_1_1_2_1_1_2_5,3303.0867452625703,29,7615,2022,"{""type"":""Point"",""coordinates"":[0.0,0.0]}"
1_1_1_1_1_1_1_1_1_1_1_1_1_1_1_1_1_1_1_1_1_1_2_1_1_2_6,20279.465076213248,33,7615,2022,"{""type"":""Point"",""coordinates"":[0.0,0.0]}"
1_1_1_1_1_1_1_1_1_1_1_1_1_1_1_1_1_1_1_1_1_1_2_1_2_0,3278.525278313755,3,7615,2023,"{""type"":""Point"",""coordinates"":[0.0,0.0]}"
1_1_1_1_1_1_1_1_1_1_1_1_1_1_1_1_1_1_1_1_1_1_2_1_2_1,1721898.7717987208,4,7615,2023,"{""type"":""Point"",""coordinates"":[0.0,0.0]}"
1_1_1_1_1_1_1_1_1_1_1_1_1_1_1_1_1_1_1_1_1_1_2_1_2_2,228.6291423217775,12,7615,2023,"{""type"":""Point"",""coordinates"":[0.0,0.0]}"
1_1_1_1_1_1_1_1_1_1_1_1_1_1_1_1_1_1_1_1_1_1_2_1_2_3,832506.0252989174,21,7615,2023,"{""type"":""Point"",""coordinates"":[0.0,0.0]}"
1_1_1_1_1_1_1_1_1_1_1_1_1_1_1_1_1_1_1_1_1_1_2_1_2_4,8437.223429774038,22,7615,2023,"{""type"":""Point"",""coordinates"":[0.0,0.0]}"
1_1_1_1_1_1_1_1_1_1_1_1_1_1_1_1_1_1_1_1_1_1_2_1_2_5,485.8356880859372,29,7615,2023,"{""type"":""Point"",""coordinates"":[0.0,0.0]}"
1_1_1_1_1_1_1_1_1_1_1_1_1_1_1_1_1_1_1_1_1_1_2_1_2_6,21198.245535630398,33,7615,2023,"{""type"":""Point"",""coordinates"":[0.0,0.0]}"
1_1_1_1_1_1_1_1_1_1_1_1_1_1_1_1_1_1_1_1_1_1_2_2_0,11053.183419147388,3,7615,2024,"{""type"":""Point"",""coordinates"":[0.0,0.0]}"
1_1_1_1_1_1_1_1_1_1_1_1_1_1_1_1_1_1_1_1_1_1_2_2_1,1785145.6879906913,4,7615,2024,"{""type"":""Point"",""coordinates"":[0.0,0.0]}"
1_1_1_1_1_1_1_1_1_1_1_1_1_1_1_1_1_1_1_1_1_1_2_2_2,57.06687827148438,12,7615,2024,"{""type"":""Point"",""coordinates"":[0.0,0.0]}"
1_1_1_1_1_1_1_1_1_1_1_1_1_1_1_1_1_1_1_1_1_1_2_2_3,751254.6314808353,21,7615,2024,"{""type"":""Point"",""coordinates"":[0.0,0.0]}"
1_1_1_1_1_1_1_1_1_1_1_1_1_1_1_1_1_1_1_1_1_1_2_2_4,20040.24863918839,22,7615,2024,"{""type"":""Point"",""coordinates"":[0.0,0.0]}"
1_1_1_1_1_1_1_1_1_1_1_1_1_1_1_1_1_1_1_1_1_1_2_2_5,803.9190515302107,29,7615,2024,"{""type"":""Point"",""coordinates"":[0.0,0.0]}"
1_1_1_1_1_1_1_1_1_1_1_1_1_1_1_1_1_1_1_1_1_1_2_2_6,19316.484038850496,33,7615,2024,"{""type"":""Point"",""coordinates"":[0.0,0.0]}"
1_1_1_1_1_1_1_1_1_1_1_1_1_1_1_1_1_1_1_1_1_2_1_1_1_1_1_1_1_1_2_0,18624.83594343531,3,7411,2016,"{""type"":""Point"",""coordinates"":[0.0,0.0]}"
1_1_1_1_1_1_1_1_1_1_1_1_1_1_1_1_1_1_1_1_1_2_1_1_1_1_1_1_1_1_2_1,581710.9520230553,4,7411,2016,"{""type"":""Point"",""coordinates"":[0.0,0.0]}"
1_1_1_1_1_1_1_1_1_1_1_1_1_1_1_1_1_1_1_1_1_2_1_1_1_1_1_1_1_1_2_2,0.8023447692871093,12,7411,2016,"{""type"":""Point"",""coordinates"":[0.0,0.0]}"
1_1_1_1_1_1_1_1_1_1_1_1_1_1_1_1_1_1_1_1_1_2_1_1_1_1_1_1_1_1_2_3,59614.96204549599,21,7411,2016,"{""type"":""Point"",""coordinates"":[0.0,0.0]}"
1_1_1_1_1_1_1_1_1_1_1_1_1_1_1_1_1_1_1_1_1_2_1_1_1_1_1_1_1_1_2_4,8065.455581802693,22,7411,2016,"{""type"":""Point"",""coordinates"":[0.0,0.0]}"
1_1_1_1_1_1_1_1_1_1_1_1_1_1_1_1_1_1_1_1_1_2_1_1_1_1_1_1_1_1_2_5,1387.0685804604946,33,7411,2016,"{""type"":""Point"",""coordinates"":[0.0,0.0]}"
1_1_1_1_1_1_1_1_1_1_1_1_1_1_1_1_1_1_1_1_1_2_1_1_1_1_1_1_1_2_0,33592.26712439437,3,7411,2017,"{""type"":""Point"",""coordinates"":[0.0,0.0]}"
1_1_1_1_1_1_1_1_1_1_1_1_1_1_1_1_1_1_1_1_1_2_1_1_1_1_1_1_1_2_1,569115.1672005769,4,7411,2017,"{""type"":""Point"",""coordinates"":[0.0,0.0]}"
1_1_1_1_1_1_1_1_1_1_1_1_1_1_1_1_1_1_1_1_1_2_1_1_1_1_1_1_1_2_2,2.8538521179199225,12,7411,2017,"{""type"":""Point"",""coordinates"":[0.0,0.0]}"
1_1_1_1_1_1_1_1_1_1_1_1_1_1_1_1_1_1_1_1_1_2_1_1_1_1_1_1_1_2_3,64607.054527262604,21,7411,2017,"{""type"":""Point"",""coordinates"":[0.0,0.0]}"
1_1_1_1_1_1_1_1_1_1_1_1_1_1_1_1_1_1_1_1_1_2_1_1_1_1_1_1_1_2_4,562.4151375553145,22,7411,2017,"{""type"":""Point"",""coordinates"":[0.0,0.0]}"
1_1_1_1_1_1_1_1_1_1_1_1_1_1_1_1_1_1_1_1_1_2_1_1_1_1_1_1_1_2_5,1537.5575546753669,33,7411,2017,"{""type"":""Point"",""coordinates"":[0.0,0.0]}"
1_1_1_1_1_1_1_1_1_1_1_1_1_1_1_1_1_1_1_1_1_2_1_1_1_1_1_1_2_0,45819.77873749799,3,7411,2018,"{""type"":""Point"",""coordinates"":[0.0,0.0]}"
1_1_1_1_1_1_1_1_1_1_1_1_1_1_1_1_1_1_1_1_1_2_1_1_1_1_1_1_2_1,558676.7842709247,4,7411,2018,"{""type"":""Point"",""coordinates"":[0.0,0.0]}"
1_1_1_1_1_1_1_1_1_1_1_1_1_1_1_1_1_1_1_1_1_2_1_1_1_1_1_1_2_2,45.23766276453356,12,7411,2018,"{""type"":""Point"",""coordinates"":[0.0,0.0]}"
1_1_1_1_1_1_1_1_1_1_1_1_1_1_1_1_1_1_1_1_1_2_1_1_1_1_1_1_2_3,61305.93678953301,21,7411,2018,"{""type"":""Point"",""coordinates"":[0.0,0.0]}"
1_1_1_1_1_1_1_1_1_1_1_1_1_1_1_1_1_1_1_1_1_2_1_1_1_1_1_1_2_4,893.1959815292797,22,7411,2018,"{""type"":""Point"",""coordinates"":[0.0,0.0]}"
1_1_1_1_1_1_1_1_1_1_1_1_1_1_1_1_1_1_1_1_1_2_1_1_1_1_1_1_2_5,17.23306687835095,29,7411,2018,"{""type"":""Point"",""coordinates"":[0.0,0.0]}"
1_1_1_1_1_1_1_1_1_1_1_1_1_1_1_1_1_1_1_1_1_2_1_1_1_1_1_1_2_6,2664.322487114393,33,7411,2018,"{""type"":""Point"",""coordinates"":[0.0,0.0]}"
1_1_1_1_1_1_1_1_1_1_1_1_1_1_1_1_1_1_1_1_1_2_1_1_1_1_1_2_0,40912.366258764836,3,7411,2019,"{""type"":""Point"",""coordinates"":[0.0,0.0]}"
1_1_1_1_1_1_1_1_1_1_1_1_1_1_1_1_1_1_1_1_1_2_1_1_1_1_1_2_1,566643.2082812671,4,7411,2019,"{""type"":""Point"",""coordinates"":[0.0,0.0]}"
1_1_1_1_1_1_1_1_1_1_1_1_1_1_1_1_1_1_1_1_1_2_1_1_1_1_1_2_2,48.52329245739505,12,7411,2019,"{""type"":""Point"",""coordinates"":[0.0,0.0]}"
1_1_1_1_1_1_1_1_1_1_1_1_1_1_1_1_1_1_1_1_1_2_1_1_1_1_1_2_3,57772.14698477388,21,7411,2019,"{""type"":""Point"",""coordinates"":[0.0,0.0]}"
1_1_1_1_1_1_1_1_1_1_1_1_1_1_1_1_1_1_1_1_1_2_1_1_1_1_1_2_4,1067.1622249705124,22,7411,2019,"{""type"":""Point"",""coordinates"":[0.0,0.0]}"
1_1_1_1_1_1_1_1_1_1_1_1_1_1_1_1_1_1_1_1_1_2_1_1_1_1_1_2_5,2979.438756426472,33,7411,2019,"{""type"":""Point"",""coordinates"":[0.0,0.0]}"
1_1_1_1_1_1_1_1_1_1_1_1_1_1_1_1_1_1_1_1_1_2_1_1_1_1_2_0,40641.52810068453,3,7411,2020,"{""type"":""Point"",""coordinates"":[0.0,0.0]}"
1_1_1_1_1_1_1_1_1_1_1_1_1_1_1_1_1_1_1_1_1_2_1_1_1_1_2_1,568537.6576616435,4,7411,2020,"{""type"":""Point"",""coordinates"":[0.0,0.0]}"
1_1_1_1_1_1_1_1_1_1_1_1_1_1_1_1_1_1_1_1_1_2_1_1_1_1_2_2,9.364643420410157,12,7411,2020,"{""type"":""Point"",""coordinates"":[0.0,0.0]}"
1_1_1_1_1_1_1_1_1_1_1_1_1_1_1_1_1_1_1_1_1_2_1_1_1_1_2_3,56929.108980102814,21,7411,2020,"{""type"":""Point"",""coordinates"":[0.0,0.0]}"
1_1_1_1_1_1_1_1_1_1_1_1_1_1_1_1_1_1_1_1_1_2_1_1_1_1_2_4,628.4057427785812,22,7411,2020,"{""type"":""Point"",""coordinates"":[0.0,0.0]}"
1_1_1_1_1_1_1_1_1_1_1_1_1_1_1_1_1_1_1_1_1_2_1_1_1_1_2_5,2677.672677017335,33,7411,2020,"{""type"":""Point"",""coordinates"":[0.0,0.0]}"
1_1_1_1_1_1_1_1_1_1_1_1_1_1_1_1_1_1_1_1_1_2_1_1_1_2_0,50089.559225088866,3,7411,2021,"{""type"":""Point"",""coordinates"":[0.0,0.0]}"
1_1_1_1_1_1_1_1_1_1_1_1_1_1_1_1_1_1_1_1_1_2_1_1_1_2_1,547964.1629819407,4,7411,2021,"{""type"":""Point"",""coordinates"":[0.0,0.0]}"
1_1_1_1_1_1_1_1_1_1_1_1_1_1_1_1_1_1_1_1_1_2_1_1_1_2_2,23.30500615002201,12,7411,2021,"{""type"":""Point"",""coordinates"":[0.0,0.0]}"
1_1_1_1_1_1_1_1_1_1_1_1_1_1_1_1_1_1_1_1_1_2_1_1_1_2_3,66417.38188860318,21,7411,2021,"{""type"":""Point"",""coordinates"":[0.0,0.0]}"
1_1_1_1_1_1_1_1_1_1_1_1_1_1_1_1_1_1_1_1_1_2_1_1_1_2_4,1857.9406357768698,22,7411,2021,"{""type"":""Point"",""coordinates"":[0.0,0.0]}"
1_1_1_1_1_1_1_1_1_1_1_1_1_1_1_1_1_1_1_1_1_2_1_1_1_2_5,5.81670339570887,29,7411,2021,"{""type"":""Point"",""coordinates"":[0.0,0.0]}"
1_1_1_1_1_1_1_1_1_1_1_1_1_1_1_1_1_1_1_1_1_2_1_1_1_2_6,3065.3929689326683,33,7411,2021,"{""type"":""Point"",""coordinates"":[0.0,0.0]}"
1_1_1_1_1_1_1_1_1_1_1_1_1_1_1_1_1_1_1_1_1_2_1_1_2_0,35278.39752550907,3,7411,2022,"{""type"":""Point"",""coordinates"":[0.0,0.0]}"
1_1_1_1_1_1_1_1_1_1_1_1_1_1_1_1_1_1_1_1_1_2_1_1_2_1,553095.4463011802,4,7411,2022,"{""type"":""Point"",""coordinates"":[0.0,0.0]}"
1_1_1_1_1_1_1_1_1_1_1_1_1_1_1_1_1_1_1_1_1_2_1_1_2_2,19.250808135627295,12,7411,2022,"{""type"":""Point"",""coordinates"":[0.0,0.0]}"
1_1_1_1_1_1_1_1_1_1_1_1_1_1_1_1_1_1_1_1_1_2_1_1_2_3,77077.46774226881,21,7411,2022,"{""type"":""Point"",""coordinates"":[0.0,0.0]}"
1_1_1_1_1_1_1_1_1_1_1_1_1_1_1_1_1_1_1_1_1_2_1_1_2_4,824.517068904335,22,7411,2022,"{""type"":""Point"",""coordinates"":[0.0,0.0]}"
1_1_1_1_1_1_1_1_1_1_1_1_1_1_1_1_1_1_1_1_1_2_1_1_2_5,295.4623878703994,29,7411,2022,"{""type"":""Point"",""coordinates"":[0.0,0.0]}"
1_1_1_1_1_1_1_1_1_1_1_1_1_1_1_1_1_1_1_1_1_2_1_1_2_6,2832.3931755221656,33,7411,2022,"{""type"":""Point"",""coordinates"":[0.0,0.0]}"
1_1_1_1_1_1_1_1_1_1_1_1_1_1_1_1_1_1_1_1_1_2_1_2_0,44546.36416867789,3,7411,2023,"{""type"":""Point"",""coordinates"":[0.0,0.0]}"
1_1_1_1_1_1_1_1_1_1_1_1_1_1_1_1_1_1_1_1_1_2_1_2_1,551085.7894851661,4,7411,2023,"{""type"":""Point"",""coordinates"":[0.0,0.0]}"
1_1_1_1_1_1_1_1_1_1_1_1_1_1_1_1_1_1_1_1_1_2_1_2_2,32.89349536472694,12,7411,2023,"{""type"":""Point"",""coordinates"":[0.0,0.0]}"
1_1_1_1_1_1_1_1_1_1_1_1_1_1_1_1_1_1_1_1_1_2_1_2_3,70120.20843461626,21,7411,2023,"{""type"":""Point"",""coordinates"":[0.0,0.0]}"
1_1_1_1_1_1_1_1_1_1_1_1_1_1_1_1_1_1_1_1_1_2_1_2_4,870.4654046008058,22,7411,2023,"{""type"":""Point"",""coordinates"":[0.0,0.0]}"
1_1_1_1_1_1_1_1_1_1_1_1_1_1_1_1_1_1_1_1_1_2_1_2_5,2768.016814746875,33,7411,2023,"{""type"":""Point"",""coordinates"":[0.0,0.0]}"
1_1_1_1_1_1_1_1_1_1_1_1_1_1_1_1_1_1_1_1_1_2_2_0,24916.89258413743,3,7411,2024,"{""type"":""Point"",""coordinates"":[0.0,0.0]}"
1_1_1_1_1_1_1_1_1_1_1_1_1_1_1_1_1_1_1_1_1_2_2_1,548544.3189000121,4,7411,2024,"{""type"":""Point"",""coordinates"":[0.0,0.0]}"
1_1_1_1_1_1_1_1_1_1_1_1_1_1_1_1_1_1_1_1_1_2_2_2,92.54442103008215,12,7411,2024,"{""type"":""Point"",""coordinates"":[0.0,0.0]}"
1_1_1_1_1_1_1_1_1_1_1_1_1_1_1_1_1_1_1_1_1_2_2_3,77544.82352892484,21,7411,2024,"{""type"":""Point"",""coordinates"":[0.0,0.0]}"
1_1_1_1_1_1_1_1_1_1_1_1_1_1_1_1_1_1_1_1_1_2_2_4,5430.960193484858,22,7411,2024,"{""type"":""Point"",""coordinates"":[0.0,0.0]}"
1_1_1_1_1_1_1_1_1_1_1_1_1_1_1_1_1_1_1_1_1_2_2_5,12891.343742748595,33,7411,2024,"{""type"":""Point"",""coordinates"":[0.0,0.0]}"
1_1_1_1_1_1_1_1_1_1_1_1_1_1_1_1_1_1_1_1_2_1_1_1_1_1_1_1_1_2_0,33005.64433722743,3,7764,2016,"{""type"":""Point"",""coordinates"":[0.0,0.0]}"
1_1_1_1_1_1_1_1_1_1_1_1_1_1_1_1_1_1_1_1_2_1_1_1_1_1_1_1_1_2_1,1413320.7601139687,4,7764,2016,"{""type"":""Point"",""coordinates"":[0.0,0.0]}"
1_1_1_1_1_1_1_1_1_1_1_1_1_1_1_1_1_1_1_1_2_1_1_1_1_1_1_1_1_2_2,10361.388246827904,12,7764,2016,"{""type"":""Point"",""coordinates"":[0.0,0.0]}"
1_1_1_1_1_1_1_1_1_1_1_1_1_1_1_1_1_1_1_1_2_1_1_1_1_1_1_1_1_2_3,1338809.434115678,21,7764,2016,"{""type"":""Point"",""coordinates"":[0.0,0.0]}"
1_1_1_1_1_1_1_1_1_1_1_1_1_1_1_1_1_1_1_1_2_1_1_1_1_1_1_1_1_2_4,63.15741189517748,22,7764,2016,"{""type"":""Point"",""coordinates"":[0.0,0.0]}"
1_1_1_1_1_1_1_1_1_1_1_1_1_1_1_1_1_1_1_1_2_1_1_1_1_1_1_1_1_2_5,195.46879721569596,29,7764,2016,"{""type"":""Point"",""coordinates"":[0.0,0.0]}"
1_1_1_1_1_1_1_1_1_1_1_1_1_1_1_1_1_1_1_1_2_1_1_1_1_1_1_1_1_2_6,5964.671357286159,33,7764,2016,"{""type"":""Point"",""coordinates"":[0.0,0.0]}"
1_1_1_1_1_1_1_1_1_1_1_1_1_1_1_1_1_1_1_1_2_1_1_1_1_1_1_1_2_0,53774.1683276048,3,7764,2017,"{""type"":""Point"",""coordinates"":[0.0,0.0]}"
1_1_1_1_1_1_1_1_1_1_1_1_1_1_1_1_1_1_1_1_2_1_1_1_1_1_1_1_2_1,1605511.9529525174,4,7764,2017,"{""type"":""Point"",""coordinates"":[0.0,0.0]}"
1_1_1_1_1_1_1_1_1_1_1_1_1_1_1_1_1_1_1_1_2_1_1_1_1_1_1_1_2_2,42440.711680083434,12,7764,2017,"{""type"":""Point"",""coordinates"":[0.0,0.0]}"
1_1_1_1_1_1_1_1_1_1_1_1_1_1_1_1_1_1_1_1_2_1_1_1_1_1_1_1_2_3,1093612.2159134028,21,7764,2017,"{""type"":""Point"",""coordinates"":[0.0,0.0]}"
1_1_1_1_1_1_1_1_1_1_1_1_1_1_1_1_1_1_1_1_2_1_1_1_1_1_1_1_2_4,293.9542708317297,22,7764,2017,"{""type"":""Point"",""coordinates"":[0.0,0.0]}"
1_1_1_1_1_1_1_1_1_1_1_1_1_1_1_1_1_1_1_1_2_1_1_1_1_1_1_1_2_5,869.2617653303314,29,7764,2017,"{""type"":""Point"",""coordinates"":[0.0,0.0]}"
1_1_1_1_1_1_1_1_1_1_1_1_1_1_1_1_1_1_1_1_2_1_1_1_1_1_1_1_2_6,5222.965254137907,33,7764,2017,"{""type"":""Point"",""coordinates"":[0.0,0.0]}"
1_1_1_1_1_1_1_1_1_1_1_1_1_1_1_1_1_1_1_1_2_1_1_1_1_1_1_2_0,27588.40153144395,3,7764,2018,"{""type"":""Point"",""coordinates"":[0.0,0.0]}"
1_1_1_1_1_1_1_1_1_1_1_1_1_1_1_1_1_1_1_1_2_1_1_1_1_1_1_2_1,1544915.5064860329,4,7764,2018,"{""type"":""Point"",""coordinates"":[0.0,0.0]}"
1_1_1_1_1_1_1_1_1_1_1_1_1_1_1_1_1_1_1_1_2_1_1_1_1_1_1_2_2,35982.59934197992,12,7764,2018,"{""type"":""Point"",""coordinates"":[0.0,0.0]}"
1_1_1_1_1_1_1_1_1_1_1_1_1_1_1_1_1_1_1_1_2_1_1_1_1_1_1_2_3,1187648.5591695781,21,7764,2018,"{""type"":""Point"",""coordinates"":[0.0,0.0]}"
1_1_1_1_1_1_1_1_1_1_1_1_1_1_1_1_1_1_1_1_2_1_1_1_1_1_1_2_4,41.23946407817766,22,7764,2018,"{""type"":""Point"",""coordinates"":[0.0,0.0]}"
1_1_1_1_1_1_1_1_1_1_1_1_1_1_1_1_1_1_1_1_2_1_1_1_1_1_1_2_5,1017.1611932740946,29,7764,2018,"{""type"":""Point"",""coordinates"":[0.0,0.0]}"
1_1_1_1_1_1_1_1_1_1_1_1_1_1_1_1_1_1_1_1_2_1_1_1_1_1_1_2_6,4531.762977585941,33,7764,2018,"{""type"":""Point"",""coordinates"":[0.0,0.0]}"
1_1_1_1_1_1_1_1_1_1_1_1_1_1_1_1_1_1_1_1_2_1_1_1_1_1_2_0,35516.24724323899,3,7764,2019,"{""type"":""Point"",""coordinates"":[0.0,0.0]}"
1_1_1_1_1_1_1_1_1_1_1_1_1_1_1_1_1_1_1_1_2_1_1_1_1_1_2_1,1537805.3582183083,4,7764,2019,"{""type"":""Point"",""coordinates"":[0.0,0.0]}"
1_1_1_1_1_1_1_1_1_1_1_1_1_1_1_1_1_1_1_1_2_1_1_1_1_1_2_2,37980.175886421704,12,7764,2019,"{""type"":""Point"",""coordinates"":[0.0,0.0]}"
1_1_1_1_1_1_1_1_1_1_1_1_1_1_1_1_1_1_1_1_2_1_1_1_1_1_2_3,1183496.7641038597,21,7764,2019,"{""type"":""Point"",""coordinates"":[0.0,0.0]}"
1_1_1_1_1_1_1_1_1_1_1_1_1_1_1_1_1_1_1_1_2_1_1_1_1_1_2_4,538.615013789397,22,7764,2019,"{""type"":""Point"",""coordinates"":[0.0,0.0]}"
1_1_1_1_1_1_1_1_1_1_1_1_1_1_1_1_1_1_1_1_2_1_1_1_1_1_2_5,1904.759080624141,29,7764,2019,"{""type"":""Point"",""coordinates"":[0.0,0.0]}"
1_1_1_1_1_1_1_1_1_1_1_1_1_1_1_1_1_1_1_1_2_1_1_1_1_1_2_6,4483.31061766684,33,7764,2019,"{""type"":""Point"",""coordinates"":[0.0,0.0]}"
1_1_1_1_1_1_1_1_1_1_1_1_1_1_1_1_1_1_1_1_2_1_1_1_1_2_0,34105.52497140008,3,7764,2020,"{""type"":""Point"",""coordinates"":[0.0,0.0]}"
1_1_1_1_1_1_1_1_1_1_1_1_1_1_1_1_1_1_1_1_2_1_1_1_1_2_1,1603201.5043184985,4,7764,2020,"{""type"":""Point"",""coordinates"":[0.0,0.0]}"
1_1_1_1_1_1_1_1_1_1_1_1_1_1_1_1_1_1_1_1_2_1_1_1_1_2_2,53028.658493216804,12,7764,2020,"{""type"":""Point"",""coordinates"":[0.0,0.0]}"
1_1_1_1_1_1_1_1_1_1_1_1_1_1_1_1_1_1_1_1_2_1_1_1_1_2_3,1104207.1378946097,21,7764,2020,"{""type"":""Point"",""coordinates"":[0.0,0.0]}"
1_1_1_1_1_1_1_1_1_1_1_1_1_1_1_1_1_1_1_1_2_1_1_1_1_2_4,93.70304520622702,22,7764,2020,"{""type"":""Point"",""coordinates"":[0.0,0.0]}"
1_1_1_1_1_1_1_1_1_1_1_1_1_1_1_1_1_1_1_1_2_1_1_1_1_2_5,2686.092165089492,29,7764,2020,"{""type"":""Point"",""coordinates"":[0.0,0.0]}"
1_1_1_1_1_1_1_1_1_1_1_1_1_1_1_1_1_1_1_1_2_1_1_1_1_2_6,4402.609275899694,33,7764,2020,"{""type"":""Point"",""coordinates"":[0.0,0.0]}"
1_1_1_1_1_1_1_1_1_1_1_1_1_1_1_1_1_1_1_1_2_1_1_1_2_0,40346.487189130654,3,7764,2021,"{""type"":""Point"",""coordinates"":[0.0,0.0]}"
1_1_1_1_1_1_1_1_1_1_1_1_1_1_1_1_1_1_1_1_2_1_1_1_2_1,1501667.8244631179,4,7764,2021,"{""type"":""Point"",""coordinates"":[0.0,0.0]}"
1_1_1_1_1_1_1_1_1_1_1_1_1_1_1_1_1_1_1_1_2_1_1_1_2_2,44252.34195225807,12,7764,2021,"{""type"":""Point"",""coordinates"":[0.0,0.0]}"
1_1_1_1_1_1_1_1_1_1_1_1_1_1_1_1_1_1_1_1_2_1_1_1_2_3,1201413.8922800077,21,7764,2021,"{""type"":""Point"",""coordinates"":[0.0,0.0]}"
1_1_1_1_1_1_1_1_1_1_1_1_1_1_1_1_1_1_1_1_2_1_1_1_2_4,18.33010620682062,22,7764,2021,"{""type"":""Point"",""coordinates"":[0.0,0.0]}"
1_1_1_1_1_1_1_1_1_1_1_1_1_1_1_1_1_1_1_1_2_1_1_1_2_5,673.395259641591,29,7764,2021,"{""type"":""Point"",""coordinates"":[0.0,0.0]}"
1_1_1_1_1_1_1_1_1_1_1_1_1_1_1_1_1_1_1_1_2_1_1_1_2_6,13352.958914090128,33,7764,2021,"{""type"":""Point"",""coordinates"":[0.0,0.0]}"
1_1_1_1_1_1_1_1_1_1_1_1_1_1_1_1_1_1_1_1_2_1_1_2_0,20569.161271548666,3,7764,2022,"{""type"":""Point"",""coordinates"":[0.0,0.0]}"
1_1_1_1_1_1_1_1_1_1_1_1_1_1_1_1_1_1_1_1_2_1_1_2_1,1506190.17550735,4,7764,2022,"{""type"":""Point"",""coordinates"":[0.0,0.0]}"
1_1_1_1_1_1_1_1_1_1_1_1_1_1_1_1_1_1_1_1_2_1_1_2_2,53482.95985044039,12,7764,2022,"{""type"":""Point"",""coordinates"":[0.0,0.0]}"
1_1_1_1_1_1_1_1_1_1_1_1_1_1_1_1_1_1_1_1_2_1_1_2_3,1211894.057024525,21,7764,2022,"{""type"":""Point"",""coordinates"":[0.0,0.0]}"
1_1_1_1_1_1_1_1_1_1_1_1_1_1_1_1_1_1_1_1_2_1_1_2_4,1270.2089853480647,22,7764,2022,"{""type"":""Point"",""coordinates"":[0.0,0.0]}"
1_1_1_1_1_1_1_1_1_1_1_1_1_1_1_1_1_1_1_1_2_1_1_2_5,1801.8804158194528,29,7764,2022,"{""type"":""Point"",""coordinates"":[0.0,0.0]}"
1_1_1_1_1_1_1_1_1_1_1_1_1_1_1_1_1_1_1_1_2_1_1_2_6,6516.78710890077,33,7764,2022,"{""type"":""Point"",""coordinates"":[0.0,0.0]}"
1_1_1_1_1_1_1_1_1_1_1_1_1_1_1_1_1_1_1_1_2_1_2_0,32234.521095860615,3,7764,2023,"{""type"":""Point"",""coordinates"":[0.0,0.0]}"
1_1_1_1_1_1_1_1_1_1_1_1_1_1_1_1_1_1_1_1_2_1_2_1,1519614.504360381,4,7764,2023,"{""type"":""Point"",""coordinates"":[0.0,0.0]}"
1_1_1_1_1_1_1_1_1_1_1_1_1_1_1_1_1_1_1_1_2_1_2_2,43133.408772896946,12,7764,2023,"{""type"":""Point"",""coordinates"":[0.0,0.0]}"
1_1_1_1_1_1_1_1_1_1_1_1_1_1_1_1_1_1_1_1_2_1_2_3,1195592.142186505,21,7764,2023,"{""type"":""Point"",""coordinates"":[0.0,0.0]}"
1_1_1_1_1_1_1_1_1_1_1_1_1_1_1_1_1_1_1_1_2_1_2_4,286.666199374641,22,7764,2023,"{""type"":""Point"",""coordinates"":[0.0,0.0]}"
1_1_1_1_1_1_1_1_1_1_1_1_1_1_1_1_1_1_1_1_2_1_2_5,5782.296679364252,29,7764,2023,"{""type"":""Point"",""coordinates"":[0.0,0.0]}"
1_1_1_1_1_1_1_1_1_1_1_1_1_1_1_1_1_1_1_1_2_1_2_6,5081.690870080555,33,7764,2023,"{""type"":""Point"",""coordinates"":[0.0,0.0]}"
1_1_1_1_1_1_1_1_1_1_1_1_1_1_1_1_1_1_1_1_2_2_0,18141.392398684868,3,7764,2024,"{""type"":""Point"",""coordinates"":[0.0,0.0]}"
1_1_1_1_1_1_1_1_1_1_1_1_1_1_1_1_1_1_1_1_2_2_1,1452220.8699243537,4,7764,2024,"{""type"":""Point"",""coordinates"":[0.0,0.0]}"
1_1_1_1_1_1_1_1_1_1_1_1_1_1_1_1_1_1_1_1_2_2_2,39451.934971511924,12,7764,2024,"{""type"":""Point"",""coordinates"":[0.0,0.0]}"
1_1_1_1_1_1_1_1_1_1_1_1_1_1_1_1_1_1_1_1_2_2_3,1283384.5158158361,21,7764,2024,"{""type"":""Point"",""coordinates"":[0.0,0.0]}"
1_1_1_1_1_1_1_1_1_1_1_1_1_1_1_1_1_1_1_1_2_2_4,1200.8591191256887,22,7764,2024,"{""type"":""Point"",""coordinates"":[0.0,0.0]}"
1_1_1_1_1_1_1_1_1_1_1_1_1_1_1_1_1_1_1_1_2_2_5,1608.6184377484503,29,7764,2024,"{""type"":""Point"",""coordinates"":[0.0,0.0]}"
1_1_1_1_1_1_1_1_1_1_1_1_1_1_1_1_1_1_1_1_2_2_6,5717.039496691576,33,7764,2024,"{""type"":""Point"",""coordinates"":[0.0,0.0]}"
1_1_1_1_1_1_1_1_1_1_1_1_1_1_1_1_1_1_1_2_1_1_1_1_1_1_1_1_2_0,17840.56883503816,3,757,2016,"{""type"":""Point"",""coordinates"":[0.0,0.0]}"
1_1_1_1_1_1_1_1_1_1_1_1_1_1_1_1_1_1_1_2_1_1_1_1_1_1_1_1_2_1,1427047.6356756748,4,757,2016,"{""type"":""Point"",""coordinates"":[0.0,0.0]}"
1_1_1_1_1_1_1_1_1_1_1_1_1_1_1_1_1_1_1_2_1_1_1_1_1_1_1_1_2_2,154.54709185376916,12,757,2016,"{""type"":""Point"",""coordinates"":[0.0,0.0]}"
1_1_1_1_1_1_1_1_1_1_1_1_1_1_1_1_1_1_1_2_1_1_1_1_1_1_1_1_2_3,1210911.173887615,21,757,2016,"{""type"":""Point"",""coordinates"":[0.0,0.0]}"
1_1_1_1_1_1_1_1_1_1_1_1_1_1_1_1_1_1_1_2_1_1_1_1_1_1_1_1_2_4,6971.565019039618,22,757,2016,"{""type"":""Point"",""coordinates"":[0.0,0.0]}"
1_1_1_1_1_1_1_1_1_1_1_1_1_1_1_1_1_1_1_2_1_1_1_1_1_1_1_1_2_5,95.0450361399931,29,757,2016,"{""type"":""Point"",""coordinates"":[0.0,0.0]}"
1_1_1_1_1_1_1_1_1_1_1_1_1_1_1_1_1_1_1_2_1_1_1_1_1_1_1_1_2_6,19025.249293973495,33,757,2016,"{""type"":""Point"",""coordinates"":[0.0,0.0]}"
1_1_1_1_1_1_1_1_1_1_1_1_1_1_1_1_1_1_1_2_1_1_1_1_1_1_1_2_0,48925.26370556108,3,757,2017,"{""type"":""Point"",""coordinates"":[0.0,0.0]}"
1_1_1_1_1_1_1_1_1_1_1_1_1_1_1_1_1_1_1_2_1_1_1_1_1_1_1_2_1,1156239.5850386065,4,757,2017,"{""type"":""Point"",""coordinates"":[0.0,0.0]}"
1_1_1_1_1_1_1_1_1_1_1_1_1_1_1_1_1_1_1_2_1_1_1_1_1_1_1_2_2,287.5179809197393,12,757,2017,"{""type"":""Point"",""coordinates"":[0.0,0.0]}"
1_1_1_1_1_1_1_1_1_1_1_1_1_1_1_1_1_1_1_2_1_1_1_1_1_1_1_2_3,1416146.4165566498,21,757,2017,"{""type"":""Point"",""coordinates"":[0.0,0.0]}"
1_1_1_1_1_1_1_1_1_1_1_1_1_1_1_1_1_1_1_2_1_1_1_1_1_1_1_2_4,30175.168521765507,22,757,2017,"{""type"":""Point"",""coordinates"":[0.0,0.0]}"
1_1_1_1_1_1_1_1_1_1_1_1_1_1_1_1_1_1_1_2_1_1_1_1_1_1_1_2_5,839.2020267087915,29,757,2017,"{""type"":""Point"",""coordinates"":[0.0,0.0]}"
1_1_1_1_1_1_1_1_1_1_1_1_1_1_1_1_1_1_1_2_1_1_1_1_1_1_1_2_6,25593.94282464667,33,757,2017,"{""type"":""Point"",""coordinates"":[0.0,0.0]}"
1_1_1_1_1_1_1_1_1_1_1_1_1_1_1_1_1_1_1_2_1_1_1_1_1_1_2_0,83921.05123484462,3,757,2018,"{""type"":""Point"",""coordinates"":[0.0,0.0]}"
1_1_1_1_1_1_1_1_1_1_1_1_1_1_1_1_1_1_1_2_1_1_1_1_1_1_2_1,1256873.3340362355,4,757,2018,"{""type"":""Point"",""coordinates"":[0.0,0.0]}"
1_1_1_1_1_1_1_1_1_1_1_1_1_1_1_1_1_1_1_2_1_1_1_1_1_1_2_2,541.5173626165879,12,757,2018,"{""type"":""Point"",""coordinates"":[0.0,0.0]}"
1_1_1_1_1_1_1_1_1_1_1_1_1_1_1_1_1_1_1_2_1_1_1_1_1_1_2_3,1307115.7907631232,21,757,2018,"{""type"":""Point"",""coordinates"":[0.0,0.0]}"
1_1_1_1_1_1_1_1_1_1_1_1_1_1_1_1_1_1_1_2_1_1_1_1_1_1_2_4,10081.695596682192,22,757,2018,"{""type"":""Point"",""coordinates"":[0.0,0.0]}"
1_1_1_1_1_1_1_1_1_1_1_1_1_1_1_1_1_1_1_2_1_1_1_1_1_1_2_5,486.34360363365016,29,757,2018,"{""type"":""Point"",""coordinates"":[0.0,0.0]}"
1_1_1_1_1_1_1_1_1_1_1_1_1_1_1_1_1_1_1_2_1_1_1_1_1_1_2_6,25706.90035829429,33,757,2018,"{""type"":""Point"",""coordinates"":[0.0,0.0]}"
1_1_1_1_1_1_1_1_1_1_1_1_1_1_1_1_1_1_1_2_1_1_1_1_1_2_0,61481.79406198118,3,757,2019,"{""type"":""Point"",""coordinates"":[0.0,0.0]}"
1_1_1_1_1_1_1_1_1_1_1_1_1_1_1_1_1_1_1_2_1_1_1_1_1_2_1,1331755.2518533862,4,757,2019,"{""type"":""Point"",""coordinates"":[0.0,0.0]}"
1_1_1_1_1_1_1_1_1_1_1_1_1_1_1_1_1_1_1_2_1_1_1_1_1_2_2,1520.6066332481055,12,757,2019,"{""type"":""Point"",""coordinates"":[0.0,0.0]}"
1_1_1_1_1_1_1_1_1_1_1_1_1_1_1_1_1_1_1_2_1_1_1_1_1_2_3,1255723.412862111,21,757,2019,"{""type"":""Point"",""coordinates"":[0.0,0.0]}"
1_1_1_1_1_1_1_1_1_1_1_1_1_1_1_1_1_1_1_2_1_1_1_1_1_2_4,5754.5734571432795,22,757,2019,"{""type"":""Point"",""coordinates"":[0.0,0.0]}"
1_1_1_1_1_1_1_1_1_1_1_1_1_1_1_1_1_1_1_2_1_1_1_1_1_2_5,66.6556532705509,29,757,2019,"{""type"":""Point"",""coordinates"":[0.0,0.0]}"
1_1_1_1_1_1_1_1_1_1_1_1_1_1_1_1_1_1_1_2_1_1_1_1_1_2_6,28326.7116373139,33,757,2019,"{""type"":""Point"",""coordinates"":[0.0,0.0]}"
1_1_1_1_1_1_1_1_1_1_1_1_1_1_1_1_1_1_1_2_1_1_1_1_2_0,38574.11155356557,3,757,2020,"{""type"":""Point"",""coordinates"":[0.0,0.0]}"
1_1_1_1_1_1_1_1_1_1_1_1_1_1_1_1_1_1_1_2_1_1_1_1_2_1,1283752.809697919,4,757,2020,"{""type"":""Point"",""coordinates"":[0.0,0.0]}"
1_1_1_1_1_1_1_1_1_1_1_1_1_1_1_1_1_1_1_2_1_1_1_1_2_2,240.0500765645582,12,757,2020,"{""type"":""Point"",""coordinates"":[0.0,0.0]}"
1_1_1_1_1_1_1_1_1_1_1_1_1_1_1_1_1_1_1_2_1_1_1_1_2_3,1315283.4547700125,21,757,2020,"{""type"":""Point"",""coordinates"":[0.0,0.0]}"
1_1_1_1_1_1_1_1_1_1_1_1_1_1_1_1_1_1_1_2_1_1_1_1_2_4,16461.056870215078,22,757,2020,"{""type"":""Point"",""coordinates"":[0.0,0.0]}"
1_1_1_1_1_1_1_1_1_1_1_1_1_1_1_1_1_1_1_2_1_1_1_1_2_5,186.3803756957289,29,757,2020,"{""type"":""Point"",""coordinates"":[0.0,0.0]}"
1_1_1_1_1_1_1_1_1_1_1_1_1_1_1_1_1_1_1_2_1_1_1_1_2_6,30140.16689427809,33,757,2020,"{""type"":""Point"",""coordinates"":[0.0,0.0]}"
1_1_1_1_1_1_1_1_1_1_1_1_1_1_1_1_1_1_1_2_1_1_1_2_0,25223.953252891217,3,757,2021,"{""type"":""Point"",""coordinates"":[0.0,0.0]}"
1_1_1_1_1_1_1_1_1_1_1_1_1_1_1_1_1_1_1_2_1_1_1_2_1,1206111.7638485597,4,757,2021,"{""type"":""Point"",""coordinates"":[0.0,0.0]}"
1_1_1_1_1_1_1_1_1_1_1_1_1_1_1_1_1_1_1_2_1_1_1_2_2,289.2107032319193,12,757,2021,"{""type"":""Point"",""coordinates"":[0.0,0.0]}"
1_1_1_1_1_1_1_1_1_1_1_1_1_1_1_1_1_1_1_2_1_1_1_2_3,1413726.6969773383,21,757,2021,"{""type"":""Point"",""coordinates"":[0.0,0.0]}"
1_1_1_1_1_1_1_1_1_1_1_1_1_1_1_1_1_1_1_2_1_1_1_2_4,9427.604497661876,22,757,2021,"{""type"":""Point"",""coordinates"":[0.0,0.0]}"
1_1_1_1_1_1_1_1_1_1_1_1_1_1_1_1_1_1_1_2_1_1_1_2_5,655.4746338063446,29,757,2021,"{""type"":""Point"",""coordinates"":[0.0,0.0]}"
1_1_1_1_1_1_1_1_1_1_1_1_1_1_1_1_1_1_1_2_1_1_1_2_6,28903.146239388305,33,757,2021,"{""type"":""Point"",""coordinates"":[0.0,0.0]}"
1_1_1_1_1_1_1_1_1_1_1_1_1_1_1_1_1_1_1_2_1_1_2_0,26702.982393280927,3,757,2022,"{""type"":""Point"",""coordinates"":[0.0,0.0]}"
1_1_1_1_1_1_1_1_1_1_1_1_1_1_1_1_1_1_1_2_1_1_2_1,1240901.5255020047,4,757,2022,"{""type"":""Point"",""coordinates"":[0.0,0.0]}"
1_1_1_1_1_1_1_1_1_1_1_1_1_1_1_1_1_1_1_2_1_1_2_2,890.1871690532166,12,757,2022,"{""type"":""Point"",""coordinates"":[0.0,0.0]}"
1_1_1_1_1_1_1_1_1_1_1_1_1_1_1_1_1_1_1_2_1_1_2_3,1378298.0848443485,21,757,2022,"{""type"":""Point"",""coordinates"":[0.0,0.0]}"
1_1_1_1_1_1_1_1_1_1_1_1_1_1_1_1_1_1_1_2_1_1_2_4,12376.279139958488,22,757,2022,"{""type"":""Point"",""coordinates"":[0.0,0.0]}"
1_1_1_1_1_1_1_1_1_1_1_1_1_1_1_1_1_1_1_2_1_1_2_5,73.7380359956629,29,757,2022,"{""type"":""Point"",""coordinates"":[0.0,0.0]}"
1_1_1_1_1_1_1_1_1_1_1_1_1_1_1_1_1_1_1_2_1_1_2_6,24216.604231970134,33,757,2022,"{""type"":""Point"",""coordinates"":[0.0,0.0]}"
1_1_1_1_1_1_1_1_1_1_1_1_1_1_1_1_1_1_1_2_1_2_0,23235.032112841604,3,757,2023,"{""type"":""Point"",""coordinates"":[0.0,0.0]}"
1_1_1_1_1_1_1_1_1_1_1_1_1_1_1_1_1_1_1_2_1_2_1,1272444.086780339,4,757,2023,"{""type"":""Point"",""coordinates"":[0.0,0.0]}"
1_1_1_1_1_1_1_1_1_1_1_1_1_1_1_1_1_1_1_2_1_2_2,3633.346282609387,12,757,2023,"{""type"":""Point"",""coordinates"":[0.0,0.0]}"
1_1_1_1_1_1_1_1_1_1_1_1_1_1_1_1_1_1_1_2_1_2_3,1334877.9316979444,21,757,2023,"{""type"":""Point"",""coordinates"":[0.0,0.0]}"
1_1_1_1_1_1_1_1_1_1_1_1_1_1_1_1_1_1_1_2_1_2_4,6804.555482232927,22,757,2023,"{""type"":""Point"",""coordinates"":[0.0,0.0]}"
1_1_1_1_1_1_1_1_1_1_1_1_1_1_1_1_1_1_1_2_1_2_5,1748.6965093976655,29,757,2023,"{""type"":""Point"",""coordinates"":[0.0,0.0]}"
1_1_1_1_1_1_1_1_1_1_1_1_1_1_1_1_1_1_1_2_1_2_6,41376.63775115548,33,757,2023,"{""type"":""Point"",""coordinates"":[0.0,0.0]}"
1_1_1_1_1_1_1_1_1_1_1_1_1_1_1_1_1_1_1_2_2_0,64722.334961681096,3,757,2024,"{""type"":""Point"",""coordinates"":[0.0,0.0]}"
1_1_1_1_1_1_1_1_1_1_1_1_1_1_1_1_1_1_1_2_2_1,1212377.7157925654,4,757,2024,"{""type"":""Point"",""coordinates"":[0.0,0.0]}"
1_1_1_1_1_1_1_1_1_1_1_1_1_1_1_1_1_1_1_2_2_2,163.19110758209823,12,757,2024,"{""type"":""Point"",""coordinates"":[0.0,0.0]}"
1_1_1_1_1_1_1_1_1_1_1_1_1_1_1_1_1_1_1_2_2_3,1362330.4271898556,21,757,2024,"{""type"":""Point"",""coordinates"":[0.0,0.0]}"
1_1_1_1_1_1_1_1_1_1_1_1_1_1_1_1_1_1_1_2_2_4,7827.309325262877,22,757,2024,"{""type"":""Point"",""coordinates"":[0.0,0.0]}"
1_1_1_1_1_1_1_1_1_1_1_1_1_1_1_1_1_1_1_2_2_5,2474.3440917321063,29,757,2024,"{""type"":""Point"",""coordinates"":[0.0,0.0]}"
1_1_1_1_1_1_1_1_1_1_1_1_1_1_1_1_1_1_1_2_2_6,34515.9268080489,33,757,2024,"{""type"":""Point"",""coordinates"":[0.0,0.0]}"
1_1_1_1_1_1_1_1_1_1_1_1_1_1_1_1_1_1_2_1_1_1_1_1_1_1_1_2_0,5233.938060598753,3,771,2016,"{""type"":""Point"",""coordinates"":[0.0,0.0]}"
1_1_1_1_1_1_1_1_1_1_1_1_1_1_1_1_1_1_2_1_1_1_1_1_1_1_1_2_1,204272.2422676686,4,771,2016,"{""type"":""Point"",""coordinates"":[0.0,0.0]}"
1_1_1_1_1_1_1_1_1_1_1_1_1_1_1_1_1_1_2_1_1_1_1_1_1_1_1_2_2,0.2640530090332031,12,771,2016,"{""type"":""Point"",""coordinates"":[0.0,0.0]}"
1_1_1_1_1_1_1_1_1_1_1_1_1_1_1_1_1_1_2_1_1_1_1_1_1_1_1_2_3,572892.074210452,21,771,2016,"{""type"":""Point"",""coordinates"":[0.0,0.0]}"
1_1_1_1_1_1_1_1_1_1_1_1_1_1_1_1_1_1_2_1_1_1_1_1_1_1_1_2_4,1056.3112161598353,22,771,2016,"{""type"":""Point"",""coordinates"":[0.0,0.0]}"
1_1_1_1_1_1_1_1_1_1_1_1_1_1_1_1_1_1_2_1_1_1_1_1_1_1_1_2_5,600.0537967527151,33,771,2016,"{""type"":""Point"",""coordinates"":[0.0,0.0]}"
1_1_1_1_1_1_1_1_1_1_1_1_1_1_1_1_1_1_2_1_1_1_1_1_1_1_2_0,5147.6555822012615,3,771,2017,"{""type"":""Point"",""coordinates"":[0.0,0.0]}"
1_1_1_1_1_1_1_1_1_1_1_1_1_1_1_1_1_1_2_1_1_1_1_1_1_1_2_1,159074.78046319378,4,771,2017,"{""type"":""Point"",""coordinates"":[0.0,0.0]}"
1_1_1_1_1_1_1_1_1_1_1_1_1_1_1_1_1_1_2_1_1_1_1_1_1_1_2_2,1.8419820251464847,12,771,2017,"{""type"":""Point"",""coordinates"":[0.0,0.0]}"
1_1_1_1_1_1_1_1_1_1_1_1_1_1_1_1_1_1_2_1_1_1_1_1_1_1_2_3,618885.0515460966,21,771,2017,"{""type"":""Point"",""coordinates"":[0.0,0.0]}"
1_1_1_1_1_1_1_1_1_1_1_1_1_1_1_1_1_1_2_1_1_1_1_1_1_1_2_4,0.2633638061523438,22,771,2017,"{""type"":""Point"",""coordinates"":[0.0,0.0]}"
1_1_1_1_1_1_1_1_1_1_1_1_1_1_1_1_1_1_2_1_1_1_1_1_1_1_2_5,945.6419173456424,33,771,2017,"{""type"":""Point"",""coordinates"":[0.0,0.0]}"
1_1_1_1_1_1_1_1_1_1_1_1_1_1_1_1_1_1_2_1_1_1_1_1_1_2_0,2339.3540484486607,3,771,2018,"{""type"":""Point"",""coordinates"":[0.0,0.0]}"
1_1_1_1_1_1_1_1_1_1_1_1_1_1_1_1_1_1_2_1_1_1_1_1_1_2_1,158452.19606101193,4,771,2018,"{""type"":""Point"",""coordinates"":[0.0,0.0]}"
1_1_1_1_1_1_1_1_1_1_1_1_1_1_1_1_1_1_2_1_1_1_1_1_1_2_2,12.78865967909869,12,771,2018,"{""type"":""Point"",""coordinates"":[0.0,0.0]}"
1_1_1_1_1_1_1_1_1_1_1_1_1_1_1_1_1_1_2_1_1_1_1_1_1_2_3,621450.1262116819,21,771,2018,"{""type"":""Point"",""coordinates"":[0.0,0.0]}"
1_1_1_1_1_1_1_1_1_1_1_1_1_1_1_1_1_1_2_1_1_1_1_1_1_2_4,841.1993508337639,22,771,2018,"{""type"":""Point"",""coordinates"":[0.0,0.0]}"
1_1_1_1_1_1_1_1_1_1_1_1_1_1_1_1_1_1_2_1_1_1_1_1_1_2_5,959.6584042963974,33,771,2018,"{""type"":""Point"",""coordinates"":[0.0,0.0]}"
1_1_1_1_1_1_1_1_1_1_1_1_1_1_1_1_1_1_2_1_1_1_1_1_2_0,3259.8408959948524,3,771,2019,"{""type"":""Point"",""coordinates"":[0.0,0.0]}"
1_1_1_1_1_1_1_1_1_1_1_1_1_1_1_1_1_1_2_1_1_1_1_1_2_1,142495.25428132177,4,771,2019,"{""type"":""Point"",""coordinates"":[0.0,0.0]}"
1_1_1_1_1_1_1_1_1_1_1_1_1_1_1_1_1_1_2_1_1_1_1_1_2_2,3.864787359619141,12,771,2019,"{""type"":""Point"",""coordinates"":[0.0,0.0]}"
1_1_1_1_1_1_1_1_1_1_1_1_1_1_1_1_1_1_2_1_1_1_1_1_2_3,635882.8951597142,21,771,2019,"{""type"":""Point"",""coordinates"":[0.0,0.0]}"
1_1_1_1_1_1_1_1_1_1_1_1_1_1_1_1_1_1_2_1_1_1_1_1_2_4,629.0570664065847,22,771,2019,"{""type"":""Point"",""coordinates"":[0.0,0.0]}"
1_1_1_1_1_1_1_1_1_1_1_1_1_1_1_1_1_1_2_1_1_1_1_1_2_5,1784.4105451552932,33,771,2019,"{""type"":""Point"",""coordinates"":[0.0,0.0]}"
1_1_1_1_1_1_1_1_1_1_1_1_1_1_1_1_1_1_2_1_1_1_1_2_0,4997.242476465855,3,771,2020,"{""type"":""Point"",""coordinates"":[0.0,0.0]}"
1_1_1_1_1_1_1_1_1_1_1_1_1_1_1_1_1_1_2_1_1_1_1_2_1,141430.46246745982,4,771,2020,"{""type"":""Point"",""coordinates"":[0.0,0.0]}"
1_1_1_1_1_1_1_1_1_1_1_1_1_1_1_1_1_1_2_1_1_1_1_2_2,28.448067328120207,12,771,2020,"{""type"":""Point"",""coordinates"":[0.0,0.0]}"
1_1_1_1_1_1_1_1_1_1_1_1_1_1_1_1_1_1_2_1_1_1_1_2_3,635809.7415618179,21,771,2020,"{""type"":""Point"",""coordinates"":[0.0,0.0]}"
1_1_1_1_1_1_1_1_1_1_1_1_1_1_1_1_1_1_2_1_1_1_1_2_4,37.60596898803709,22,771,2020,"{""type"":""Point"",""coordinates"":[0.0,0.0]}"
1_1_1_1_1_1_1_1_1_1_1_1_1_1_1_1_1_1_2_1_1_1_1_2_5,272.9600193176269,29,771,2020,"{""type"":""Point"",""coordinates"":[0.0,0.0]}"
1_1_1_1_1_1_1_1_1_1_1_1_1_1_1_1_1_1_2_1_1_1_1_2_6,1478.8621745326368,33,771,2020,"{""type"":""Point"",""coordinates"":[0.0,0.0]}"
1_1_1_1_1_1_1_1_1_1_1_1_1_1_1_1_1_1_2_1_1_1_2_0,3359.2402931652437,3,771,2021,"{""type"":""Point"",""coordinates"":[0.0,0.0]}"
1_1_1_1_1_1_1_1_1_1_1_1_1_1_1_1_1_1_2_1_1_1_2_1,137240.04468290877,4,771,2021,"{""type"":""Point"",""coordinates"":[0.0,0.0]}"
1_1_1_1_1_1_1_1_1_1_1_1_1_1_1_1_1_1_2_1_1_1_2_2,20.73695409100701,12,771,2021,"{""type"":""Point"",""coordinates"":[0.0,0.0]}"
1_1_1_1_1_1_1_1_1_1_1_1_1_1_1_1_1_1_2_1_1_1_2_3,641705.936585987,21,771,2021,"{""type"":""Point"",""coordinates"":[0.0,0.0]}"
1_1_1_1_1_1_1_1_1_1_1_1_1_1_1_1_1_1_2_1_1_1_2_4,29.30653731447706,22,771,2021,"{""type"":""Point"",""coordinates"":[0.0,0.0]}"
1_1_1_1_1_1_1_1_1_1_1_1_1_1_1_1_1_1_2_1_1_1_2_5,1700.0576824913583,33,771,2021,"{""type"":""Point"",""coordinates"":[0.0,0.0]}"
1_1_1_1_1_1_1_1_1_1_1_1_1_1_1_1_1_1_2_1_1_2_0,3094.061792503559,3,771,2022,"{""type"":""Point"",""coordinates"":[0.0,0.0]}"
1_1_1_1_1_1_1_1_1_1_1_1_1_1_1_1_1_1_2_1_1_2_1,120043.03879645163,4,771,2022,"{""type"":""Point"",""coordinates"":[0.0,0.0]}"
1_1_1_1_1_1_1_1_1_1_1_1_1_1_1_1_1_1_2_1_1_2_2,6.772550567626953,12,771,2022,"{""type"":""Point"",""coordinates"":[0.0,0.0]}"
1_1_1_1_1_1_1_1_1_1_1_1_1_1_1_1_1_1_2_1_1_2_3,658784.8215617787,21,771,2022,"{""type"":""Point"",""coordinates"":[0.0,0.0]}"
1_1_1_1_1_1_1_1_1_1_1_1_1_1_1_1_1_1_2_1_1_2_4,184.87716931477854,22,771,2022,"{""type"":""Point"",""coordinates"":[0.0,0.0]}"
1_1_1_1_1_1_1_1_1_1_1_1_1_1_1_1_1_1_2_1_1_2_5,724.9255511150051,29,771,2022,"{""type"":""Point"",""coordinates"":[0.0,0.0]}"
1_1_1_1_1_1_1_1_1_1_1_1_1_1_1_1_1_1_2_1_1_2_6,1216.7374288958872,33,771,2022,"{""type"":""Point"",""coordinates"":[0.0,0.0]}"
1_1_1_1_1_1_1_1_1_1_1_1_1_1_1_1_1_1_2_1_2_0,4469.351401150615,3,771,2023,"{""type"":""Point"",""coordinates"":[0.0,0.0]}"
1_1_1_1_1_1_1_1_1_1_1_1_1_1_1_1_1_1_2_1_2_1,110256.04183408276,4,771,2023,"{""type"":""Point"",""coordinates"":[0.0,0.0]}"
1_1_1_1_1_1_1_1_1_1_1_1_1_1_1_1_1_1_2_1_2_2,11.736388414474192,12,771,2023,"{""type"":""Point"",""coordinates"":[0.0,0.0]}"
1_1_1_1_1_1_1_1_1_1_1_1_1_1_1_1_1_1_2_1_2_3,667311.1385462413,21,771,2023,"{""type"":""Point"",""coordinates"":[0.0,0.0]}"
1_1_1_1_1_1_1_1_1_1_1_1_1_1_1_1_1_1_2_1_2_4,600.037537319887,22,771,2023,"{""type"":""Point"",""coordinates"":[0.0,0.0]}"
1_1_1_1_1_1_1_1_1_1_1_1_1_1_1_1_1_1_2_1_2_5,1407.0170287245767,33,771,2023,"{""type"":""Point"",""coordinates"":[0.0,0.0]}"
1_1_1_1_1_1_1_1_1_1_1_1_1_1_1_1_1_1_2_2_0,3706.4502522665084,3,771,2024,"{""type"":""Point"",""coordinates"":[0.0,0.0]}"
1_1_1_1_1_1_1_1_1_1_1_1_1_1_1_1_1_1_2_2_1,178273.9040347574,4,771,2024,"{""type"":""Point"",""coordinates"":[0.0,0.0]}"
1_1_1_1_1_1_1_1_1_1_1_1_1_1_1_1_1_1_2_2_2,12.303984497070314,12,771,2024,"{""type"":""Point"",""coordinates"":[0.0,0.0]}"
1_1_1_1_1_1_1_1_1_1_1_1_1_1_1_1_1_1_2_2_3,597338.5874431161,21,771,2024,"{""type"":""Point"",""coordinates"":[0.0,0.0]}"
1_1_1_1_1_1_1_1_1_1_1_1_1_1_1_1_1_1_2_2_4,1225.1531977170453,22,771,2024,"{""type"":""Point"",""coordinates"":[0.0,0.0]}"
1_1_1_1_1_1_1_1_1_1_1_1_1_1_1_1_1_1_2_2_5,360.73582093304833,29,771,2024,"{""type"":""Point"",""coordinates"":[0.0,0.0]}"
1_1_1_1_1_1_1_1_1_1_1_1_1_1_1_1_1_1_2_2_6,3138.1880026799627,33,771,2024,"{""type"":""Point"",""coordinates"":[0.0,0.0]}"
1_1_1_1_1_1_1_1_1_1_1_1_1_1_1_1_1_2_1_1_1_1_1_1_1_1_2_0,24199.727363154077,3,766,2016,"{""type"":""Point"",""coordinates"":[0.0,0.0]}"
1_1_1_1_1_1_1_1_1_1_1_1_1_1_1_1_1_2_1_1_1_1_1_1_1_1_2_1,1183529.81948024,4,766,2016,"{""type"":""Point"",""coordinates"":[0.0,0.0]}"
1_1_1_1_1_1_1_1_1_1_1_1_1_1_1_1_1_2_1_1_1_1_1_1_1_1_2_2,219.88156247388653,12,766,2016,"{""type"":""Point"",""coordinates"":[0.0,0.0]}"
1_1_1_1_1_1_1_1_1_1_1_1_1_1_1_1_1_2_1_1_1_1_1_1_1_1_2_3,1287928.1242326112,21,766,2016,"{""type"":""Point"",""coordinates"":[0.0,0.0]}"
1_1_1_1_1_1_1_1_1_1_1_1_1_1_1_1_1_2_1_1_1_1_1_1_1_1_2_4,1.5531281860351562,22,766,2016,"{""type"":""Point"",""coordinates"":[0.0,0.0]}"
1_1_1_1_1_1_1_1_1_1_1_1_1_1_1_1_1_2_1_1_1_1_1_1_1_1_2_5,884.4397730001074,29,766,2016,"{""type"":""Point"",""coordinates"":[0.0,0.0]}"
1_1_1_1_1_1_1_1_1_1_1_1_1_1_1_1_1_2_1_1_1_1_1_1_1_1_2_6,5052.881370891503,33,766,2016,"{""type"":""Point"",""coordinates"":[0.0,0.0]}"
1_1_1_1_1_1_1_1_1_1_1_1_1_1_1_1_1_2_1_1_1_1_1_1_1_2_0,11979.958518099616,3,766,2017,"{""type"":""Point"",""coordinates"":[0.0,0.0]}"
1_1_1_1_1_1_1_1_1_1_1_1_1_1_1_1_1_2_1_1_1_1_1_1_1_2_1,1123647.2238494174,4,766,2017,"{""type"":""Point"",""coordinates"":[0.0,0.0]}"
1_1_1_1_1_1_1_1_1_1_1_1_1_1_1_1_1_2_1_1_1_1_1_1_1_2_2,844.14136528775,12,766,2017,"{""type"":""Point"",""coordinates"":[0.0,0.0]}"
1_1_1_1_1_1_1_1_1_1_1_1_1_1_1_1_1_2_1_1_1_1_1_1_1_2_3,1354241.2202422454,21,766,2017,"{""type"":""Point"",""coordinates"":[0.0,0.0]}"
1_1_1_1_1_1_1_1_1_1_1_1_1_1_1_1_1_2_1_1_1_1_1_1_1_2_4,52.72514812298944,22,766,2017,"{""type"":""Point"",""coordinates"":[0.0,0.0]}"
1_1_1_1_1_1_1_1_1_1_1_1_1_1_1_1_1_2_1_1_1_1_1_1_1_2_5,5911.112549229078,29,766,2017,"{""type"":""Point"",""coordinates"":[0.0,0.0]}"
1_1_1_1_1_1_1_1_1_1_1_1_1_1_1_1_1_2_1_1_1_1_1_1_1_2_6,5140.045238142641,33,766,2017,"{""type"":""Point"",""coordinates"":[0.0,0.0]}"
1_1_1_1_1_1_1_1_1_1_1_1_1_1_1_1_1_2_1_1_1_1_1_1_2_0,25419.660016113517,3,766,2018,"{""type"":""Point"",""coordinates"":[0.0,0.0]}"
1_1_1_1_1_1_1_1_1_1_1_1_1_1_1_1_1_2_1_1_1_1_1_1_2_1,1203400.9786672536,4,766,2018,"{""type"":""Point"",""coordinates"":[0.0,0.0]}"
1_1_1_1_1_1_1_1_1_1_1_1_1_1_1_1_1_2_1_1_1_1_1_1_2_2,560.5198621452774,12,766,2018,"{""type"":""Point"",""coordinates"":[0.0,0.0]}"
1_1_1_1_1_1_1_1_1_1_1_1_1_1_1_1_1_2_1_1_1_1_1_1_2_3,1263709.7295382721,21,766,2018,"{""type"":""Point"",""coordinates"":[0.0,0.0]}"
1_1_1_1_1_1_1_1_1_1_1_1_1_1_1_1_1_2_1_1_1_1_1_1_2_4,67.09172493929995,22,766,2018,"{""type"":""Point"",""coordinates"":[0.0,0.0]}"
1_1_1_1_1_1_1_1_1_1_1_1_1_1_1_1_1_2_1_1_1_1_1_1_2_5,3277.2325165538614,29,766,2018,"{""type"":""Point"",""coordinates"":[0.0,0.0]}"
1_1_1_1_1_1_1_1_1_1_1_1_1_1_1_1_1_2_1_1_1_1_1_1_2_6,5381.21458529689,33,766,2018,"{""type"":""Point"",""coordinates"":[0.0,0.0]}"
1_1_1_1_1_1_1_1_1_1_1_1_1_1_1_1_1_2_1_1_1_1_1_2_0,19364.021514933323,3,766,2019,"{""type"":""Point"",""coordinates"":[0.0,0.0]}"
1_1_1_1_1_1_1_1_1_1_1_1_1_1_1_1_1_2_1_1_1_1_1_2_1,1222652.2862815047,4,766,2019,"{""type"":""Point"",""coordinates"":[0.0,0.0]}"
1_1_1_1_1_1_1_1_1_1_1_1_1_1_1_1_1_2_1_1_1_1_1_2_2,8037.98995194,12,766,2019,"{""type"":""Point"",""coordinates"":[0.0,0.0]}"
1_1_1_1_1_1_1_1_1_1_1_1_1_1_1_1_1_2_1_1_1_1_1_2_3,1242048.6533923103,21,766,2019,"{""type"":""Point"",""coordinates"":[0.0,0.0]}"
1_1_1_1_1_1_1_1_1_1_1_1_1_1_1_1_1_2_1_1_1_1_1_2_4,964.3168192503447,22,766,2019,"{""type"":""Point"",""coordinates"":[0.0,0.0]}"
1_1_1_1_1_1_1_1_1_1_1_1_1_1_1_1_1_2_1_1_1_1_1_2_5,3325.8034193998988,29,766,2019,"{""type"":""Point"",""coordinates"":[0.0,0.0]}"
1_1_1_1_1_1_1_1_1_1_1_1_1_1_1_1_1_2_1_1_1_1_1_2_6,5423.3555312892595,33,766,2019,"{""type"":""Point"",""coordinates"":[0.0,0.0]}"
1_1_1_1_1_1_1_1_1_1_1_1_1_1_1_1_1_2_1_1_1_1_2_0,19079.016409018386,3,766,2020,"{""type"":""Point"",""coordinates"":[0.0,0.0]}"
1_1_1_1_1_1_1_1_1_1_1_1_1_1_1_1_1_2_1_1_1_1_2_1,1229303.2330990853,4,766,2020,"{""type"":""Point"",""coordinates"":[0.0,0.0]}"
1_1_1_1_1_1_1_1_1_1_1_1_1_1_1_1_1_2_1_1_1_1_2_2,10762.870438195845,12,766,2020,"{""type"":""Point"",""coordinates"":[0.0,0.0]}"
1_1_1_1_1_1_1_1_1_1_1_1_1_1_1_1_1_2_1_1_1_1_2_3,1237886.7049532444,21,766,2020,"{""type"":""Point"",""coordinates"":[0.0,0.0]}"
1_1_1_1_1_1_1_1_1_1_1_1_1_1_1_1_1_2_1_1_1_1_2_4,6.532702673339842,22,766,2020,"{""type"":""Point"",""coordinates"":[0.0,0.0]}"
1_1_1_1_1_1_1_1_1_1_1_1_1_1_1_1_1_2_1_1_1_1_2_5,4.406506365966798,29,766,2020,"{""type"":""Point"",""coordinates"":[0.0,0.0]}"
1_1_1_1_1_1_1_1_1_1_1_1_1_1_1_1_1_2_1_1_1_1_2_6,4773.662801973295,33,766,2020,"{""type"":""Point"",""coordinates"":[0.0,0.0]}"
1_1_1_1_1_1_1_1_1_1_1_1_1_1_1_1_1_2_1_1_1_2_0,53155.452652434375,3,766,2021,"{""type"":""Point"",""coordinates"":[0.0,0.0]}"
1_1_1_1_1_1_1_1_1_1_1_1_1_1_1_1_1_2_1_1_1_2_1,1231576.9899862714,4,766,2021,"{""type"":""Point"",""coordinates"":[0.0,0.0]}"
1_1_1_1_1_1_1_1_1_1_1_1_1_1_1_1_1_2_1_1_1_2_2,1924.8632871389136,12,766,2021,"{""type"":""Point"",""coordinates"":[0.0,0.0]}"
1_1_1_1_1_1_1_1_1_1_1_1_1_1_1_1_1_2_1_1_1_2_3,1206099.6383928931,21,766,2021,"{""type"":""Point"",""coordinates"":[0.0,0.0]}"
1_1_1_1_1_1_1_1_1_1_1_1_1_1_1_1_1_2_1_1_1_2_4,3518.909443489645,29,766,2021,"{""type"":""Point"",""coordinates"":[0.0,0.0]}"
1_1_1_1_1_1_1_1_1_1_1_1_1_1_1_1_1_2_1_1_1_2_5,5540.573148352629,33,766,2021,"{""type"":""Point"",""coordinates"":[0.0,0.0]}"
1_1_1_1_1_1_1_1_1_1_1_1_1_1_1_1_1_2_1_1_2_0,21268.97671417073,3,766,2022,"{""type"":""Point"",""coordinates"":[0.0,0.0]}"
1_1_1_1_1_1_1_1_1_1_1_1_1_1_1_1_1_2_1_1_2_1,1236695.6667992624,4,766,2022,"{""type"":""Point"",""coordinates"":[0.0,0.0]}"
1_1_1_1_1_1_1_1_1_1_1_1_1_1_1_1_1_2_1_1_2_2,5057.650003452382,12,766,2022,"{""type"":""Point"",""coordinates"":[0.0,0.0]}"
1_1_1_1_1_1_1_1_1_1_1_1_1_1_1_1_1_2_1_1_2_3,1229875.1620324205,21,766,2022,"{""type"":""Point"",""coordinates"":[0.0,0.0]}"
1_1_1_1_1_1_1_1_1_1_1_1_1_1_1_1_1_2_1_1_2_4,706.162310222717,22,766,2022,"{""type"":""Point"",""coordinates"":[0.0,0.0]}"
1_1_1_1_1_1_1_1_1_1_1_1_1_1_1_1_1_2_1_1_2_5,1307.5218277757594,29,766,2022,"{""type"":""Point"",""coordinates"":[0.0,0.0]}"
1_1_1_1_1_1_1_1_1_1_1_1_1_1_1_1_1_2_1_1_2_6,6905.287223276781,33,766,2022,"{""type"":""Point"",""coordinates"":[0.0,0.0]}"
1_1_1_1_1_1_1_1_1_1_1_1_1_1_1_1_1_2_1_2_0,22568.460827117113,3,766,2023,"{""type"":""Point"",""coordinates"":[0.0,0.0]}"
1_1_1_1_1_1_1_1_1_1_1_1_1_1_1_1_1_2_1_2_1,1183383.7645104884,4,766,2023,"{""type"":""Point"",""coordinates"":[0.0,0.0]}"
1_1_1_1_1_1_1_1_1_1_1_1_1_1_1_1_1_2_1_2_2,5370.854712041706,12,766,2023,"{""type"":""Point"",""coordinates"":[0.0,0.0]}"
1_1_1_1_1_1_1_1_1_1_1_1_1_1_1_1_1_2_1_2_3,1282743.0562836993,21,766,2023,"{""type"":""Point"",""coordinates"":[0.0,0.0]}"
1_1_1_1_1_1_1_1_1_1_1_1_1_1_1_1_1_2_1_2_4,9.71328694386202,22,766,2023,"{""type"":""Point"",""coordinates"":[0.0,0.0]}"
1_1_1_1_1_1_1_1_1_1_1_1_1_1_1_1_1_2_1_2_5,187.97481134150468,29,766,2023,"{""type"":""Point"",""coordinates"":[0.0,0.0]}"
1_1_1_1_1_1_1_1_1_1_1_1_1_1_1_1_1_2_1_2_6,7552.602478899922,33,766,2023,"{""type"":""Point"",""coordinates"":[0.0,0.0]}"
1_1_1_1_1_1_1_1_1_1_1_1_1_1_1_1_1_2_2_0,22387.059597072286,3,766,2024,"{""type"":""Point"",""coordinates"":[0.0,0.0]}"
1_1_1_1_1_1_1_1_1_1_1_1_1_1_1_1_1_2_2_1,1236606.3196197457,4,766,2024,"{""type"":""Point"",""coordinates"":[0.0,0.0]}"
1_1_1_1_1_1_1_1_1_1_1_1_1_1_1_1_1_2_2_2,3535.578737990313,12,766,2024,"{""type"":""Point"",""coordinates"":[0.0,0.0]}"
1_1_1_1_1_1_1_1_1_1_1_1_1_1_1_1_1_2_2_3,1225853.7044974999,21,766,2024,"{""type"":""Point"",""coordinates"":[0.0,0.0]}"
1_1_1_1_1_1_1_1_1_1_1_1_1_1_1_1_1_2_2_4,448.2659139640299,22,766,2024,"{""type"":""Point"",""coordinates"":[0.0,0.0]}"
1_1_1_1_1_1_1_1_1_1_1_1_1_1_1_1_1_2_2_5,3176.916036666241,29,766,2024,"{""type"":""Point"",""coordinates"":[0.0,0.0]}"
1_1_1_1_1_1_1_1_1_1_1_1_1_1_1_1_1_2_2_6,9808.582507605253,33,766,2024,"{""type"":""Point"",""coordinates"":[0.0,0.0]}"
1_1_1_1_1_1_1_1_1_1_1_1_1_1_1_1_2_1_1_1_1_1_1_1_1_2_0,375272.25927900634,3,7746,2016,"{""type"":""Point"",""coordinates"":[0.0,0.0]}"
1_1_1_1_1_1_1_1_1_1_1_1_1_1_1_1_2_1_1_1_1_1_1_1_1_2_1,956460.8865189569,4,7746,2016,"{""type"":""Point"",""coordinates"":[0.0,0.0]}"
1_1_1_1_1_1_1_1_1_1_1_1_1_1_1_1_2_1_1_1_1_1_1_1_1_2_2,17325.506223365806,12,7746,2016,"{""type"":""Point"",""coordinates"":[0.0,0.0]}"
1_1_1_1_1_1_1_1_1_1_1_1_1_1_1_1_2_1_1_1_1_1_1_1_1_2_3,800020.3454875982,21,7746,2016,"{""type"":""Point"",""coordinates"":[0.0,0.0]}"
1_1_1_1_1_1_1_1_1_1_1_1_1_1_1_1_2_1_1_1_1_1_1_1_1_2_4,50.43927416539809,22,7746,2016,"{""type"":""Point"",""coordinates"":[0.0,0.0]}"
1_1_1_1_1_1_1_1_1_1_1_1_1_1_1_1_2_1_1_1_1_1_1_1_1_2_5,1919.4797843342149,29,7746,2016,"{""type"":""Point"",""coordinates"":[0.0,0.0]}"
1_1_1_1_1_1_1_1_1_1_1_1_1_1_1_1_2_1_1_1_1_1_1_1_1_2_6,5498.223868614657,33,7746,2016,"{""type"":""Point"",""coordinates"":[0.0,0.0]}"
1_1_1_1_1_1_1_1_1_1_1_1_1_1_1_1_2_1_1_1_1_1_1_1_2_0,411311.1978362391,3,7746,2017,"{""type"":""Point"",""coordinates"":[0.0,0.0]}"
1_1_1_1_1_1_1_1_1_1_1_1_1_1_1_1_2_1_1_1_1_1_1_1_2_1,1463178.5822042087,4,7746,2017,"{""type"":""Point"",""coordinates"":[0.0,0.0]}"
1_1_1_1_1_1_1_1_1_1_1_1_1_1_1_1_2_1_1_1_1_1_1_1_2_2,44680.39905091054,12,7746,2017,"{""type"":""Point"",""coordinates"":[0.0,0.0]}"
1_1_1_1_1_1_1_1_1_1_1_1_1_1_1_1_2_1_1_1_1_1_1_1_2_3,1249271.377133611,21,7746,2017,"{""type"":""Point"",""coordinates"":[0.0,0.0]}"
1_1_1_1_1_1_1_1_1_1_1_1_1_1_1_1_2_1_1_1_1_1_1_1_2_4,240.24998161958584,22,7746,2017,"{""type"":""Point"",""coordinates"":[0.0,0.0]}"
1_1_1_1_1_1_1_1_1_1_1_1_1_1_1_1_2_1_1_1_1_1_1_1_2_5,2553.2106529485027,29,7746,2017,"{""type"":""Point"",""coordinates"":[0.0,0.0]}"
1_1_1_1_1_1_1_1_1_1_1_1_1_1_1_1_2_1_1_1_1_1_1_1_2_6,4495.667938428776,33,7746,2017,"{""type"":""Point"",""coordinates"":[0.0,0.0]}"
1_1_1_1_1_1_1_1_1_1_1_1_1_1_1_1_2_1_1_1_1_1_1_2_0,473491.61363423616,3,7746,2018,"{""type"":""Point"",""coordinates"":[0.0,0.0]}"
1_1_1_1_1_1_1_1_1_1_1_1_1_1_1_1_2_1_1_1_1_1_1_2_1,1447568.772526612,4,7746,2018,"{""type"":""Point"",""coordinates"":[0.0,0.0]}"
1_1_1_1_1_1_1_1_1_1_1_1_1_1_1_1_2_1_1_1_1_1_1_2_2,33292.88501791688,12,7746,2018,"{""type"":""Point"",""coordinates"":[0.0,0.0]}"
1_1_1_1_1_1_1_1_1_1_1_1_1_1_1_1_2_1_1_1_1_1_1_2_3,1219689.19934947,21,7746,2018,"{""type"":""Point"",""coordinates"":[0.0,0.0]}"
1_1_1_1_1_1_1_1_1_1_1_1_1_1_1_1_2_1_1_1_1_1_1_2_4,196.80900780467323,22,7746,2018,"{""type"":""Point"",""coordinates"":[0.0,0.0]}"
1_1_1_1_1_1_1_1_1_1_1_1_1_1_1_1_2_1_1_1_1_1_1_2_5,308.36263218383783,29,7746,2018,"{""type"":""Point"",""coordinates"":[0.0,0.0]}"
1_1_1_1_1_1_1_1_1_1_1_1_1_1_1_1_2_1_1_1_1_1_1_2_6,7457.645860587774,33,7746,2018,"{""type"":""Point"",""coordinates"":[0.0,0.0]}"
1_1_1_1_1_1_1_1_1_1_1_1_1_1_1_1_2_1_1_1_1_1_2_0,358777.548482489,3,7746,2019,"{""type"":""Point"",""coordinates"":[0.0,0.0]}"
1_1_1_1_1_1_1_1_1_1_1_1_1_1_1_1_2_1_1_1_1_1_2_1,1539721.2011118974,4,7746,2019,"{""type"":""Point"",""coordinates"":[0.0,0.0]}"
1_1_1_1_1_1_1_1_1_1_1_1_1_1_1_1_2_1_1_1_1_1_2_2,35196.24416228288,12,7746,2019,"{""type"":""Point"",""coordinates"":[0.0,0.0]}"
1_1_1_1_1_1_1_1_1_1_1_1_1_1_1_1_2_1_1_1_1_1_2_3,1241310.5495722431,21,7746,2019,"{""type"":""Point"",""coordinates"":[0.0,0.0]}"
1_1_1_1_1_1_1_1_1_1_1_1_1_1_1_1_2_1_1_1_1_1_2_4,373.1693451397825,22,7746,2019,"{""type"":""Point"",""coordinates"":[0.0,0.0]}"
1_1_1_1_1_1_1_1_1_1_1_1_1_1_1_1_2_1_1_1_1_1_2_5,1356.242876827224,29,7746,2019,"{""type"":""Point"",""coordinates"":[0.0,0.0]}"
1_1_1_1_1_1_1_1_1_1_1_1_1_1_1_1_2_1_1_1_1_1_2_6,7489.710072143367,33,7746,2019,"{""type"":""Point"",""coordinates"":[0.0,0.0]}"
1_1_1_1_1_1_1_1_1_1_1_1_1_1_1_1_2_1_1_1_1_2_0,468521.557633418,3,7746,2020,"{""type"":""Point"",""coordinates"":[0.0,0.0]}"
1_1_1_1_1_1_1_1_1_1_1_1_1_1_1_1_2_1_1_1_1_2_1,1450348.5537985575,4,7746,2020,"{""type"":""Point"",""coordinates"":[0.0,0.0]}"
1_1_1_1_1_1_1_1_1_1_1_1_1_1_1_1_2_1_1_1_1_2_2,53808.128596403505,12,7746,2020,"{""type"":""Point"",""coordinates"":[0.0,0.0]}"
1_1_1_1_1_1_1_1_1_1_1_1_1_1_1_1_2_1_1_1_1_2_3,1204326.394075173,21,7746,2020,"{""type"":""Point"",""coordinates"":[0.0,0.0]}"
1_1_1_1_1_1_1_1_1_1_1_1_1_1_1_1_2_1_1_1_1_2_4,639.9026270444386,22,7746,2020,"{""type"":""Point"",""coordinates"":[0.0,0.0]}"
1_1_1_1_1_1_1_1_1_1_1_1_1_1_1_1_2_1_1_1_1_2_5,1766.1311993980737,29,7746,2020,"{""type"":""Point"",""coordinates"":[0.0,0.0]}"
1_1_1_1_1_1_1_1_1_1_1_1_1_1_1_1_2_1_1_1_1_2_6,4666.093541090766,33,7746,2020,"{""type"":""Point"",""coordinates"":[0.0,0.0]}"
1_1_1_1_1_1_1_1_1_1_1_1_1_1_1_1_2_1_1_1_2_0,460817.5709204967,3,7746,2021,"{""type"":""Point"",""coordinates"":[0.0,0.0]}"
1_1_1_1_1_1_1_1_1_1_1_1_1_1_1_1_2_1_1_1_2_1,1451670.271575486,4,7746,2021,"{""type"":""Point"",""coordinates"":[0.0,0.0]}"
1_1_1_1_1_1_1_1_1_1_1_1_1_1_1_1_2_1_1_1_2_2,30106.787231838665,12,7746,2021,"{""type"":""Point"",""coordinates"":[0.0,0.0]}"
1_1_1_1_1_1_1_1_1_1_1_1_1_1_1_1_2_1_1_1_2_3,1231842.119252329,21,7746,2021,"{""type"":""Point"",""coordinates"":[0.0,0.0]}"
1_1_1_1_1_1_1_1_1_1_1_1_1_1_1_1_2_1_1_1_2_4,651.7114372372599,22,7746,2021,"{""type"":""Point"",""coordinates"":[0.0,0.0]}"
1_1_1_1_1_1_1_1_1_1_1_1_1_1_1_1_2_1_1_1_2_5,2946.291942875564,29,7746,2021,"{""type"":""Point"",""coordinates"":[0.0,0.0]}"
1_1_1_1_1_1_1_1_1_1_1_1_1_1_1_1_2_1_1_1_2_6,6246.305277710061,33,7746,2021,"{""type"":""Point"",""coordinates"":[0.0,0.0]}"
1_1_1_1_1_1_1_1_1_1_1_1_1_1_1_1_2_1_1_2_0,481680.0204148066,3,7746,2022,"{""type"":""Point"",""coordinates"":[0.0,0.0]}"
1_1_1_1_1_1_1_1_1_1_1_1_1_1_1_1_2_1_1_2_1,1436065.9914948088,4,7746,2022,"{""type"":""Point"",""coordinates"":[0.0,0.0]}"
1_1_1_1_1_1_1_1_1_1_1_1_1_1_1_1_2_1_1_2_2,49169.599220103155,12,7746,2022,"{""type"":""Point"",""coordinates"":[0.0,0.0]}"
1_1_1_1_1_1_1_1_1_1_1_1_1_1_1_1_2_1_1_2_3,1204881.0607545034,21,7746,2022,"{""type"":""Point"",""coordinates"":[0.0,0.0]}"
1_1_1_1_1_1_1_1_1_1_1_1_1_1_1_1_2_1_1_2_4,165.85773761723541,22,7746,2022,"{""type"":""Point"",""coordinates"":[0.0,0.0]}"
1_1_1_1_1_1_1_1_1_1_1_1_1_1_1_1_2_1_1_2_5,2061.22531521568,29,7746,2022,"{""type"":""Point"",""coordinates"":[0.0,0.0]}"
1_1_1_1_1_1_1_1_1_1_1_1_1_1_1_1_2_1_1_2_6,10235.682823536801,33,7746,2022,"{""type"":""Point"",""coordinates"":[0.0,0.0]}"
1_1_1_1_1_1_1_1_1_1_1_1_1_1_1_1_2_1_2_0,478218.23319803143,3,7746,2023,"{""type"":""Point"",""coordinates"":[0.0,0.0]}"
1_1_1_1_1_1_1_1_1_1_1_1_1_1_1_1_2_1_2_1,1511879.5848708814,4,7746,2023,"{""type"":""Point"",""coordinates"":[0.0,0.0]}"
1_1_1_1_1_1_1_1_1_1_1_1_1_1_1_1_2_1_2_2,42332.14820468487,12,7746,2023,"{""type"":""Point"",""coordinates"":[0.0,0.0]}"
1_1_1_1_1_1_1_1_1_1_1_1_1_1_1_1_2_1_2_3,1144617.684687903,21,7746,2023,"{""type"":""Point"",""coordinates"":[0.0,0.0]}"
1_1_1_1_1_1_1_1_1_1_1_1_1_1_1_1_2_1_2_4,244.4351726493567,22,7746,2023,"{""type"":""Point"",""coordinates"":[0.0,0.0]}"
1_1_1_1_1_1_1_1_1_1_1_1_1_1_1_1_2_1_2_5,2167.250779292971,29,7746,2023,"{""type"":""Point"",""coordinates"":[0.0,0.0]}"
1_1_1_1_1_1_1_1_1_1_1_1_1_1_1_1_2_1_2_6,4141.526086610296,33,7746,2023,"{""type"":""Point"",""coordinates"":[0.0,0.0]}"
1_1_1_1_1_1_1_1_1_1_1_1_1_1_1_1_2_2_0,636552.2340588727,3,7746,2024,"{""type"":""Point"",""coordinates"":[0.0,0.0]}"
1_1_1_1_1_1_1_1_1_1_1_1_1_1_1_1_2_2_1,1594254.8496152721,4,7746,2024,"{""type"":""Point"",""coordinates"":[0.0,0.0]}"
1_1_1_1_1_1_1_1_1_1_1_1_1_1_1_1_2_2_2,32566.341347957667,12,7746,2024,"{""type"":""Point"",""coordinates"":[0.0,0.0]}"
1_1_1_1_1_1_1_1_1_1_1_1_1_1_1_1_2_2_3,892670.5351798586,21,7746,2024,"{""type"":""Point"",""coordinates"":[0.0,0.0]}"
1_1_1_1_1_1_1_1_1_1_1_1_1_1_1_1_2_2_4,249.63792280735376,22,7746,2024,"{""type"":""Point"",""coordinates"":[0.0,0.0]}"
1_1_1_1_1_1_1_1_1_1_1_1_1_1_1_1_2_2_5,6904.1352871196705,29,7746,2024,"{""type"":""Point"",""coordinates"":[0.0,0.0]}"
1_1_1_1_1_1_1_1_1_1_1_1_1_1_1_1_2_2_6,11004.86967811516,33,7746,2024,"{""type"":""Point"",""coordinates"":[0.0,0.0]}"
1_1_1_1_1_1_1_1_1_1_1_1_1_1_1_2_1_1_1_1_1_1_1_1_2_0,152665.26388239668,3,753,2016,"{""type"":""Point"",""coordinates"":[0.0,0.0]}"
1_1_1_1_1_1_1_1_1_1_1_1_1_1_1_2_1_1_1_1_1_1_1_1_2_1,2480089.760839558,4,753,2016,"{""type"":""Point"",""coordinates"":[0.0,0.0]}"
1_1_1_1_1_1_1_1_1_1_1_1_1_1_1_2_1_1_1_1_1_1_1_1_2_2,739.2754626230276,12,753,2016,"{""type"":""Point"",""coordinates"":[0.0,0.0]}"
1_1_1_1_1_1_1_1_1_1_1_1_1_1_1_2_1_1_1_1_1_1_1_1_2_3,449079.620553412,21,753,2016,"{""type"":""Point"",""coordinates"":[0.0,0.0]}"
1_1_1_1_1_1_1_1_1_1_1_1_1_1_1_2_1_1_1_1_1_1_1_1_2_4,25877.50485521671,22,753,2016,"{""type"":""Point"",""coordinates"":[0.0,0.0]}"
1_1_1_1_1_1_1_1_1_1_1_1_1_1_1_2_1_1_1_1_1_1_1_1_2_5,2.216013920252183,29,753,2016,"{""type"":""Point"",""coordinates"":[0.0,0.0]}"
1_1_1_1_1_1_1_1_1_1_1_1_1_1_1_2_1_1_1_1_1_1_1_1_2_6,20379.783289989085,33,753,2016,"{""type"":""Point"",""coordinates"":[0.0,0.0]}"
1_1_1_1_1_1_1_1_1_1_1_1_1_1_1_2_1_1_1_1_1_1_1_2_0,320594.6536591349,3,753,2017,"{""type"":""Point"",""coordinates"":[0.0,0.0]}"
1_1_1_1_1_1_1_1_1_1_1_1_1_1_1_2_1_1_1_1_1_1_1_2_1,2176852.1385057797,4,753,2017,"{""type"":""Point"",""coordinates"":[0.0,0.0]}"
1_1_1_1_1_1_1_1_1_1_1_1_1_1_1_2_1_1_1_1_1_1_1_2_2,1.0701988586425781,12,753,2017,"{""type"":""Point"",""coordinates"":[0.0,0.0]}"
1_1_1_1_1_1_1_1_1_1_1_1_1_1_1_2_1_1_1_1_1_1_1_2_3,637049.568279164,21,753,2017,"{""type"":""Point"",""coordinates"":[0.0,0.0]}"
1_1_1_1_1_1_1_1_1_1_1_1_1_1_1_2_1_1_1_1_1_1_1_2_4,13898.700775678824,22,753,2017,"{""type"":""Point"",""coordinates"":[0.0,0.0]}"
1_1_1_1_1_1_1_1_1_1_1_1_1_1_1_2_1_1_1_1_1_1_1_2_5,46138.428771411156,33,753,2017,"{""type"":""Point"",""coordinates"":[0.0,0.0]}"
1_1_1_1_1_1_1_1_1_1_1_1_1_1_1_2_1_1_1_1_1_1_2_0,302978.90284504206,3,753,2018,"{""type"":""Point"",""coordinates"":[0.0,0.0]}"
1_1_1_1_1_1_1_1_1_1_1_1_1_1_1_2_1_1_1_1_1_1_2_1,2205173.8750067065,4,753,2018,"{""type"":""Point"",""coordinates"":[0.0,0.0]}"
1_1_1_1_1_1_1_1_1_1_1_1_1_1_1_2_1_1_1_1_1_1_2_2,1312.6847643229157,12,753,2018,"{""type"":""Point"",""coordinates"":[0.0,0.0]}"
1_1_1_1_1_1_1_1_1_1_1_1_1_1_1_2_1_1_1_1_1_1_2_3,645188.3157501416,21,753,2018,"{""type"":""Point"",""coordinates"":[0.0,0.0]}"
1_1_1_1_1_1_1_1_1_1_1_1_1_1_1_2_1_1_1_1_1_1_2_4,13237.87043912765,22,753,2018,"{""type"":""Point"",""coordinates"":[0.0,0.0]}"
1_1_1_1_1_1_1_1_1_1_1_1_1_1_1_2_1_1_1_1_1_1_2_5,0.08929016723632813,29,753,2018,"{""type"":""Point"",""coordinates"":[0.0,0.0]}"
1_1_1_1_1_1_1_1_1_1_1_1_1_1_1_2_1_1_1_1_1_1_2_6,49422.104498292494,33,753,2018,"{""type"":""Point"",""coordinates"":[0.0,0.0]}"
1_1_1_1_1_1_1_1_1_1_1_1_1_1_1_2_1_1_1_1_1_2_0,350723.60762325494,3,753,2019,"{""type"":""Point"",""coordinates"":[0.0,0.0]}"
1_1_1_1_1_1_1_1_1_1_1_1_1_1_1_2_1_1_1_1_1_2_1,2300370.077369259,4,753,2019,"{""type"":""Point"",""coordinates"":[0.0,0.0]}"
1_1_1_1_1_1_1_1_1_1_1_1_1_1_1_2_1_1_1_1_1_2_2,454.774268051734,12,753,2019,"{""type"":""Point"",""coordinates"":[0.0,0.0]}"
1_1_1_1_1_1_1_1_1_1_1_1_1_1_1_2_1_1_1_1_1_2_3,475212.6400597195,21,753,2019,"{""type"":""Point"",""coordinates"":[0.0,0.0]}"
1_1_1_1_1_1_1_1_1_1_1_1_1_1_1_2_1_1_1_1_1_2_4,18324.98556728568,22,753,2019,"{""type"":""Point"",""coordinates"":[0.0,0.0]}"
1_1_1_1_1_1_1_1_1_1_1_1_1_1_1_2_1_1_1_1_1_2_5,2.402527148389629,29,753,2019,"{""type"":""Point"",""coordinates"":[0.0,0.0]}"
1_1_1_1_1_1_1_1_1_1_1_1_1_1_1_2_1_1_1_1_1_2_6,72003.65175464122,33,753,2019,"{""type"":""Point"",""coordinates"":[0.0,0.0]}"
1_1_1_1_1_1_1_1_1_1_1_1_1_1_1_2_1_1_1_1_2_0,312681.3083774439,3,753,2020,"{""type"":""Point"",""coordinates"":[0.0,0.0]}"
1_1_1_1_1_1_1_1_1_1_1_1_1_1_1_2_1_1_1_1_2_1,2252625.084561591,4,753,2020,"{""type"":""Point"",""coordinates"":[0.0,0.0]}"
1_1_1_1_1_1_1_1_1_1_1_1_1_1_1_2_1_1_1_1_2_2,137.27822132707183,12,753,2020,"{""type"":""Point"",""coordinates"":[0.0,0.0]}"
1_1_1_1_1_1_1_1_1_1_1_1_1_1_1_2_1_1_1_1_2_3,562026.7493770759,21,753,2020,"{""type"":""Point"",""coordinates"":[0.0,0.0]}"
1_1_1_1_1_1_1_1_1_1_1_1_1_1_1_2_1_1_1_1_2_4,22506.434738904234,22,753,2020,"{""type"":""Point"",""coordinates"":[0.0,0.0]}"
1_1_1_1_1_1_1_1_1_1_1_1_1_1_1_2_1_1_1_1_2_5,1.4282385731655944,29,753,2020,"{""type"":""Point"",""coordinates"":[0.0,0.0]}"
1_1_1_1_1_1_1_1_1_1_1_1_1_1_1_2_1_1_1_1_2_6,66881.44156520422,33,753,2020,"{""type"":""Point"",""coordinates"":[0.0,0.0]}"
1_1_1_1_1_1_1_1_1_1_1_1_1_1_1_2_1_1_1_2_0,307534.08931971225,3,753,2021,"{""type"":""Point"",""coordinates"":[0.0,0.0]}"
1_1_1_1_1_1_1_1_1_1_1_1_1_1_1_2_1_1_1_2_1,2156890.5402746163,4,753,2021,"{""type"":""Point"",""coordinates"":[0.0,0.0]}"
1_1_1_1_1_1_1_1_1_1_1_1_1_1_1_2_1_1_1_2_2,277.10644016390927,12,753,2021,"{""type"":""Point"",""coordinates"":[0.0,0.0]}"
1_1_1_1_1_1_1_1_1_1_1_1_1_1_1_2_1_1_1_2_3,650975.2454832937,21,753,2021,"{""type"":""Point"",""coordinates"":[0.0,0.0]}"
1_1_1_1_1_1_1_1_1_1_1_1_1_1_1_2_1_1_1_2_4,37867.25087757084,22,753,2021,"{""type"":""Point"",""coordinates"":[0.0,0.0]}"
1_1_1_1_1_1_1_1_1_1_1_1_1_1_1_2_1_1_1_2_5,2.417618283116958,29,753,2021,"{""type"":""Point"",""coordinates"":[0.0,0.0]}"
1_1_1_1_1_1_1_1_1_1_1_1_1_1_1_2_1_1_1_2_6,60665.64734984849,33,753,2021,"{""type"":""Point"",""coordinates"":[0.0,0.0]}"
1_1_1_1_1_1_1_1_1_1_1_1_1_1_1_2_1_1_2_0,229875.08648145286,3,753,2022,"{""type"":""Point"",""coordinates"":[0.0,0.0]}"
1_1_1_1_1_1_1_1_1_1_1_1_1_1_1_2_1_1_2_1,2255887.326625462,4,753,2022,"{""type"":""Point"",""coordinates"":[0.0,0.0]}"
1_1_1_1_1_1_1_1_1_1_1_1_1_1_1_2_1_1_2_2,1593.5513550371984,12,753,2022,"{""type"":""Point"",""coordinates"":[0.0,0.0]}"
1_1_1_1_1_1_1_1_1_1_1_1_1_1_1_2_1_1_2_3,637533.9633934384,21,753,2022,"{""type"":""Point"",""coordinates"":[0.0,0.0]}"
1_1_1_1_1_1_1_1_1_1_1_1_1_1_1_2_1_1_2_4,24842.904815507205,22,753,2022,"{""type"":""Point"",""coordinates"":[0.0,0.0]}"
1_1_1_1_1_1_1_1_1_1_1_1_1_1_1_2_1_1_2_5,1.9082547554285387,29,753,2022,"{""type"":""Point"",""coordinates"":[0.0,0.0]}"
1_1_1_1_1_1_1_1_1_1_1_1_1_1_1_2_1_1_2_6,61134.588918999405,33,753,2022,"{""type"":""Point"",""coordinates"":[0.0,0.0]}"
1_1_1_1_1_1_1_1_1_1_1_1_1_1_1_2_1_2_0,238300.64748472857,3,753,2023,"{""type"":""Point"",""coordinates"":[0.0,0.0]}"
1_1_1_1_1_1_1_1_1_1_1_1_1_1_1_2_1_2_1,2224151.764866674,4,753,2023,"{""type"":""Point"",""coordinates"":[0.0,0.0]}"
1_1_1_1_1_1_1_1_1_1_1_1_1_1_1_2_1_2_2,2016.5064538120394,12,753,2023,"{""type"":""Point"",""coordinates"":[0.0,0.0]}"
1_1_1_1_1_1_1_1_1_1_1_1_1_1_1_2_1_2_3,638277.395668529,21,753,2023,"{""type"":""Point"",""coordinates"":[0.0,0.0]}"
1_1_1_1_1_1_1_1_1_1_1_1_1_1_1_2_1_2_4,27389.35525434465,22,753,2023,"{""type"":""Point"",""coordinates"":[0.0,0.0]}"
1_1_1_1_1_1_1_1_1_1_1_1_1_1_1_2_1_2_5,6419.723269734534,29,753,2023,"{""type"":""Point"",""coordinates"":[0.0,0.0]}"
1_1_1_1_1_1_1_1_1_1_1_1_1_1_1_2_1_2_6,78790.35107582583,33,753,2023,"{""type"":""Point"",""coordinates"":[0.0,0.0]}"
1_1_1_1_1_1_1_1_1_1_1_1_1_1_1_2_2_0,186009.94667054256,3,753,2024,"{""type"":""Point"",""coordinates"":[0.0,0.0]}"
1_1_1_1_1_1_1_1_1_1_1_1_1_1_1_2_2_1,2424228.979644377,4,753,2024,"{""type"":""Point"",""coordinates"":[0.0,0.0]}"
1_1_1_1_1_1_1_1_1_1_1_1_1_1_1_2_2_2,2.182242588656557,12,753,2024,"{""type"":""Point"",""coordinates"":[0.0,0.0]}"
1_1_1_1_1_1_1_1_1_1_1_1_1_1_1_2_2_3,471324.55849002127,21,753,2024,"{""type"":""Point"",""coordinates"":[0.0,0.0]}"
1_1_1_1_1_1_1_1_1_1_1_1_1_1_1_2_2_4,35194.49765694033,22,753,2024,"{""type"":""Point"",""coordinates"":[0.0,0.0]}"
1_1_1_1_1_1_1_1_1_1_1_1_1_1_1_2_2_5,7048.9499775954555,29,753,2024,"{""type"":""Point"",""coordinates"":[0.0,0.0]}"
1_1_1_1_1_1_1_1_1_1_1_1_1_1_1_2_2_6,92314.4607071197,33,753,2024,"{""type"":""Point"",""coordinates"":[0.0,0.0]}"
1_1_1_1_1_1_1_1_1_1_1_1_1_1_2_1_1_1_1_1_1_1_1_2_0,4287.250354270042,3,764,2016,"{""type"":""Point"",""coordinates"":[0.0,0.0]}"
1_1_1_1_1_1_1_1_1_1_1_1_1_1_2_1_1_1_1_1_1_1_1_2_1,401756.2427286827,4,764,2016,"{""type"":""Point"",""coordinates"":[0.0,0.0]}"
1_1_1_1_1_1_1_1_1_1_1_1_1_1_2_1_1_1_1_1_1_1_1_2_2,1172.8864936131586,12,764,2016,"{""type"":""Point"",""coordinates"":[0.0,0.0]}"
1_1_1_1_1_1_1_1_1_1_1_1_1_1_2_1_1_1_1_1_1_1_1_2_3,279000.49132263224,21,764,2016,"{""type"":""Point"",""coordinates"":[0.0,0.0]}"
1_1_1_1_1_1_1_1_1_1_1_1_1_1_2_1_1_1_1_1_1_1_1_2_4,25.84543178100586,22,764,2016,"{""type"":""Point"",""coordinates"":[0.0,0.0]}"
1_1_1_1_1_1_1_1_1_1_1_1_1_1_2_1_1_1_1_1_1_1_1_2_5,2147.3146908869703,29,764,2016,"{""type"":""Point"",""coordinates"":[0.0,0.0]}"
1_1_1_1_1_1_1_1_1_1_1_1_1_1_2_1_1_1_1_1_1_1_1_2_6,7399.126895548286,33,764,2016,"{""type"":""Point"",""coordinates"":[0.0,0.0]}"
1_1_1_1_1_1_1_1_1_1_1_1_1_1_2_1_1_1_1_1_1_1_2_0,4095.796141083541,3,764,2017,"{""type"":""Point"",""coordinates"":[0.0,0.0]}"
1_1_1_1_1_1_1_1_1_1_1_1_1_1_2_1_1_1_1_1_1_1_2_1,417730.6009785131,4,764,2017,"{""type"":""Point"",""coordinates"":[0.0,0.0]}"
1_1_1_1_1_1_1_1_1_1_1_1_1_1_2_1_1_1_1_1_1_1_2_2,485.167155531006,12,764,2017,"{""type"":""Point"",""coordinates"":[0.0,0.0]}"
1_1_1_1_1_1_1_1_1_1_1_1_1_1_2_1_1_1_1_1_1_1_2_3,268179.99140848353,21,764,2017,"{""type"":""Point"",""coordinates"":[0.0,0.0]}"
1_1_1_1_1_1_1_1_1_1_1_1_1_1_2_1_1_1_1_1_1_1_2_4,115.09346721801772,22,764,2017,"{""type"":""Point"",""coordinates"":[0.0,0.0]}"
1_1_1_1_1_1_1_1_1_1_1_1_1_1_2_1_1_1_1_1_1_1_2_5,3770.863993022944,29,764,2017,"{""type"":""Point"",""coordinates"":[0.0,0.0]}"
1_1_1_1_1_1_1_1_1_1_1_1_1_1_2_1_1_1_1_1_1_1_2_6,1411.6447736117495,33,764,2017,"{""type"":""Point"",""coordinates"":[0.0,0.0]}"
1_1_1_1_1_1_1_1_1_1_1_1_1_1_2_1_1_1_1_1_1_2_0,2886.8525402151804,3,764,2018,"{""type"":""Point"",""coordinates"":[0.0,0.0]}"
1_1_1_1_1_1_1_1_1_1_1_1_1_1_2_1_1_1_1_1_1_2_1,410418.02366579,4,764,2018,"{""type"":""Point"",""coordinates"":[0.0,0.0]}"
1_1_1_1_1_1_1_1_1_1_1_1_1_1_2_1_1_1_1_1_1_2_2,126.59629791795919,12,764,2018,"{""type"":""Point"",""coordinates"":[0.0,0.0]}"
1_1_1_1_1_1_1_1_1_1_1_1_1_1_2_1_1_1_1_1_1_2_3,276986.0521839566,21,764,2018,"{""type"":""Point"",""coordinates"":[0.0,0.0]}"
1_1_1_1_1_1_1_1_1_1_1_1_1_1_2_1_1_1_1_1_1_2_4,34.65014147647633,22,764,2018,"{""type"":""Point"",""coordinates"":[0.0,0.0]}"
1_1_1_1_1_1_1_1_1_1_1_1_1_1_2_1_1_1_1_1_1_2_5,3925.622895518017,29,764,2018,"{""type"":""Point"",""coordinates"":[0.0,0.0]}"
1_1_1_1_1_1_1_1_1_1_1_1_1_1_2_1_1_1_1_1_1_2_6,1411.3601925460048,33,764,2018,"{""type"":""Point"",""coordinates"":[0.0,0.0]}"
1_1_1_1_1_1_1_1_1_1_1_1_1_1_2_1_1_1_1_1_2_0,5947.714000554672,3,764,2019,"{""type"":""Point"",""coordinates"":[0.0,0.0]}"
1_1_1_1_1_1_1_1_1_1_1_1_1_1_2_1_1_1_1_1_2_1,426967.57584540686,4,764,2019,"{""type"":""Point"",""coordinates"":[0.0,0.0]}"
1_1_1_1_1_1_1_1_1_1_1_1_1_1_2_1_1_1_1_1_2_2,577.5330284359203,12,764,2019,"{""type"":""Point"",""coordinates"":[0.0,0.0]}"
1_1_1_1_1_1_1_1_1_1_1_1_1_1_2_1_1_1_1_1_2_3,256875.02298670216,21,764,2019,"{""type"":""Point"",""coordinates"":[0.0,0.0]}"
1_1_1_1_1_1_1_1_1_1_1_1_1_1_2_1_1_1_1_1_2_4,95.1670199886068,22,764,2019,"{""type"":""Point"",""coordinates"":[0.0,0.0]}"
1_1_1_1_1_1_1_1_1_1_1_1_1_1_2_1_1_1_1_1_2_5,4013.835581037309,29,764,2019,"{""type"":""Point"",""coordinates"":[0.0,0.0]}"
1_1_1_1_1_1_1_1_1_1_1_1_1_1_2_1_1_1_1_1_2_6,1312.3094553359574,33,764,2019,"{""type"":""Point"",""coordinates"":[0.0,0.0]}"
1_1_1_1_1_1_1_1_1_1_1_1_1_1_2_1_1_1_1_2_0,8595.033716892744,3,764,2020,"{""type"":""Point"",""coordinates"":[0.0,0.0]}"
1_1_1_1_1_1_1_1_1_1_1_1_1_1_2_1_1_1_1_2_1,416219.90805014846,4,764,2020,"{""type"":""Point"",""coordinates"":[0.0,0.0]}"
1_1_1_1_1_1_1_1_1_1_1_1_1_1_2_1_1_1_1_2_2,1801.1858731131947,12,764,2020,"{""type"":""Point"",""coordinates"":[0.0,0.0]}"
1_1_1_1_1_1_1_1_1_1_1_1_1_1_2_1_1_1_1_2_3,263652.84592188185,21,764,2020,"{""type"":""Point"",""coordinates"":[0.0,0.0]}"
1_1_1_1_1_1_1_1_1_1_1_1_1_1_2_1_1_1_1_2_4,90.97187594745711,22,764,2020,"{""type"":""Point"",""coordinates"":[0.0,0.0]}"
1_1_1_1_1_1_1_1_1_1_1_1_1_1_2_1_1_1_1_2_5,3363.646892325779,29,764,2020,"{""type"":""Point"",""coordinates"":[0.0,0.0]}"
1_1_1_1_1_1_1_1_1_1_1_1_1_1_2_1_1_1_1_2_6,2065.5655871583976,33,764,2020,"{""type"":""Point"",""coordinates"":[0.0,0.0]}"
1_1_1_1_1_1_1_1_1_1_1_1_1_1_2_1_1_1_2_0,4239.907088056181,3,764,2021,"{""type"":""Point"",""coordinates"":[0.0,0.0]}"
1_1_1_1_1_1_1_1_1_1_1_1_1_1_2_1_1_1_2_1,408919.5931278002,4,764,2021,"{""type"":""Point"",""coordinates"":[0.0,0.0]}"
1_1_1_1_1_1_1_1_1_1_1_1_1_1_2_1_1_1_2_2,3670.77409771663,12,764,2021,"{""type"":""Point"",""coordinates"":[0.0,0.0]}"
1_1_1_1_1_1_1_1_1_1_1_1_1_1_2_1_1_1_2_3,273559.5660365607,21,764,2021,"{""type"":""Point"",""coordinates"":[0.0,0.0]}"
1_1_1_1_1_1_1_1_1_1_1_1_1_1_2_1_1_1_2_4,16.943354437734566,22,764,2021,"{""type"":""Point"",""coordinates"":[0.0,0.0]}"
1_1_1_1_1_1_1_1_1_1_1_1_1_1_2_1_1_1_2_5,4000.8094797749754,29,764,2021,"{""type"":""Point"",""coordinates"":[0.0,0.0]}"
1_1_1_1_1_1_1_1_1_1_1_1_1_1_2_1_1_1_2_6,1381.564733107072,33,764,2021,"{""type"":""Point"",""coordinates"":[0.0,0.0]}"
1_1_1_1_1_1_1_1_1_1_1_1_1_1_2_1_1_2_0,3823.287558204854,3,764,2022,"{""type"":""Point"",""coordinates"":[0.0,0.0]}"
1_1_1_1_1_1_1_1_1_1_1_1_1_1_2_1_1_2_1,407213.1021004944,4,764,2022,"{""type"":""Point"",""coordinates"":[0.0,0.0]}"
1_1_1_1_1_1_1_1_1_1_1_1_1_1_2_1_1_2_2,4276.405932196241,12,764,2022,"{""type"":""Point"",""coordinates"":[0.0,0.0]}"
1_1_1_1_1_1_1_1_1_1_1_1_1_1_2_1_1_2_3,277332.8934125264,21,764,2022,"{""type"":""Point"",""coordinates"":[0.0,0.0]}"
1_1_1_1_1_1_1_1_1_1_1_1_1_1_2_1_1_2_4,172.25800037410957,22,764,2022,"{""type"":""Point"",""coordinates"":[0.0,0.0]}"
1_1_1_1_1_1_1_1_1_1_1_1_1_1_2_1_1_2_5,1701.7571515357117,29,764,2022,"{""type"":""Point"",""coordinates"":[0.0,0.0]}"
1_1_1_1_1_1_1_1_1_1_1_1_1_1_2_1_1_2_6,1269.4537621157424,33,764,2022,"{""type"":""Point"",""coordinates"":[0.0,0.0]}"
1_1_1_1_1_1_1_1_1_1_1_1_1_1_2_1_2_0,4139.4299108537525,3,764,2023,"{""type"":""Point"",""coordinates"":[0.0,0.0]}"
1_1_1_1_1_1_1_1_1_1_1_1_1_1_2_1_2_1,419084.3620525455,4,764,2023,"{""type"":""Point"",""coordinates"":[0.0,0.0]}"
1_1_1_1_1_1_1_1_1_1_1_1_1_1_2_1_2_2,247.8579442631023,12,764,2023,"{""type"":""Point"",""coordinates"":[0.0,0.0]}"
1_1_1_1_1_1_1_1_1_1_1_1_1_1_2_1_2_3,267712.54542369815,21,764,2023,"{""type"":""Point"",""coordinates"":[0.0,0.0]}"
1_1_1_1_1_1_1_1_1_1_1_1_1_1_2_1_2_4,474.95871796774526,22,764,2023,"{""type"":""Point"",""coordinates"":[0.0,0.0]}"
1_1_1_1_1_1_1_1_1_1_1_1_1_1_2_1_2_5,3843.900501544393,29,764,2023,"{""type"":""Point"",""coordinates"":[0.0,0.0]}"
1_1_1_1_1_1_1_1_1_1_1_1_1_1_2_1_2_6,286.1033666041237,33,764,2023,"{""type"":""Point"",""coordinates"":[0.0,0.0]}"
1_1_1_1_1_1_1_1_1_1_1_1_1_1_2_2_0,2206.8290741202777,3,764,2024,"{""type"":""Point"",""coordinates"":[0.0,0.0]}"
1_1_1_1_1_1_1_1_1_1_1_1_1_1_2_2_1,357894.46216354356,4,764,2024,"{""type"":""Point"",""coordinates"":[0.0,0.0]}"
1_1_1_1_1_1_1_1_1_1_1_1_1_1_2_2_2,1082.6684846463295,12,764,2024,"{""type"":""Point"",""coordinates"":[0.0,0.0]}"
1_1_1_1_1_1_1_1_1_1_1_1_1_1_2_2_3,327756.31398473424,21,764,2024,"{""type"":""Point"",""coordinates"":[0.0,0.0]}"
1_1_1_1_1_1_1_1_1_1_1_1_1_1_2_2_4,115.15630274658191,22,764,2024,"{""type"":""Point"",""coordinates"":[0.0,0.0]}"
1_1_1_1_1_1_1_1_1_1_1_1_1_1_2_2_5,5242.547343008895,29,764,2024,"{""type"":""Point"",""coordinates"":[0.0,0.0]}"
1_1_1_1_1_1_1_1_1_1_1_1_1_1_2_2_6,1491.1805646197868,33,764,2024,"{""type"":""Point"",""coordinates"":[0.0,0.0]}"
1_1_1_1_1_1_1_1_1_1_1_1_1_2_1_1_1_1_1_1_1_1_2_0,7506.658490558007,3,7541,2016,"{""type"":""Point"",""coordinates"":[0.0,0.0]}"
1_1_1_1_1_1_1_1_1_1_1_1_1_2_1_1_1_1_1_1_1_1_2_1,2462054.473438281,4,7541,2016,"{""type"":""Point"",""coordinates"":[0.0,0.0]}"
1_1_1_1_1_1_1_1_1_1_1_1_1_2_1_1_1_1_1_1_1_1_2_2,35.14187009119372,12,7541,2016,"{""type"":""Point"",""coordinates"":[0.0,0.0]}"
1_1_1_1_1_1_1_1_1_1_1_1_1_2_1_1_1_1_1_1_1_1_2_3,721811.4869311966,21,7541,2016,"{""type"":""Point"",""coordinates"":[0.0,0.0]}"
1_1_1_1_1_1_1_1_1_1_1_1_1_2_1_1_1_1_1_1_1_1_2_4,778.826837625709,22,7541,2016,"{""type"":""Point"",""coordinates"":[0.0,0.0]}"
1_1_1_1_1_1_1_1_1_1_1_1_1_2_1_1_1_1_1_1_1_1_2_5,1277.723085497831,29,7541,2016,"{""type"":""Point"",""coordinates"":[0.0,0.0]}"
1_1_1_1_1_1_1_1_1_1_1_1_1_2_1_1_1_1_1_1_1_1_2_6,14627.408606936639,33,7541,2016,"{""type"":""Point"",""coordinates"":[0.0,0.0]}"
1_1_1_1_1_1_1_1_1_1_1_1_1_2_1_1_1_1_1_1_1_2_0,7872.200997159217,3,7541,2017,"{""type"":""Point"",""coordinates"":[0.0,0.0]}"
1_1_1_1_1_1_1_1_1_1_1_1_1_2_1_1_1_1_1_1_1_2_1,2507215.738718009,4,7541,2017,"{""type"":""Point"",""coordinates"":[0.0,0.0]}"
1_1_1_1_1_1_1_1_1_1_1_1_1_2_1_1_1_1_1_1_1_2_2,0.8903216430664063,12,7541,2017,"{""type"":""Point"",""coordinates"":[0.0,0.0]}"
1_1_1_1_1_1_1_1_1_1_1_1_1_2_1_1_1_1_1_1_1_2_3,954954.2904306243,21,7541,2017,"{""type"":""Point"",""coordinates"":[0.0,0.0]}"
1_1_1_1_1_1_1_1_1_1_1_1_1_2_1_1_1_1_1_1_1_2_4,5880.423907482675,22,7541,2017,"{""type"":""Point"",""coordinates"":[0.0,0.0]}"
1_1_1_1_1_1_1_1_1_1_1_1_1_2_1_1_1_1_1_1_1_2_5,2.9386528503417972,29,7541,2017,"{""type"":""Point"",""coordinates"":[0.0,0.0]}"
1_1_1_1_1_1_1_1_1_1_1_1_1_2_1_1_1_1_1_1_1_2_6,17412.99520653994,33,7541,2017,"{""type"":""Point"",""coordinates"":[0.0,0.0]}"
1_1_1_1_1_1_1_1_1_1_1_1_1_2_1_1_1_1_1_1_2_0,10137.567279723016,3,7541,2018,"{""type"":""Point"",""coordinates"":[0.0,0.0]}"
1_1_1_1_1_1_1_1_1_1_1_1_1_2_1_1_1_1_1_1_2_1,2431087.7650449234,4,7541,2018,"{""type"":""Point"",""coordinates"":[0.0,0.0]}"
1_1_1_1_1_1_1_1_1_1_1_1_1_2_1_1_1_1_1_1_2_2,42.152690057373064,12,7541,2018,"{""type"":""Point"",""coordinates"":[0.0,0.0]}"
1_1_1_1_1_1_1_1_1_1_1_1_1_2_1_1_1_1_1_1_2_3,1014175.0509473761,21,7541,2018,"{""type"":""Point"",""coordinates"":[0.0,0.0]}"
1_1_1_1_1_1_1_1_1_1_1_1_1_2_1_1_1_1_1_1_2_4,708.1210476331516,22,7541,2018,"{""type"":""Point"",""coordinates"":[0.0,0.0]}"
1_1_1_1_1_1_1_1_1_1_1_1_1_2_1_1_1_1_1_1_2_5,161.42927457275397,29,7541,2018,"{""type"":""Point"",""coordinates"":[0.0,0.0]}"
1_1_1_1_1_1_1_1_1_1_1_1_1_2_1_1_1_1_1_1_2_6,48320.36222009309,33,7541,2018,"{""type"":""Point"",""coordinates"":[0.0,0.0]}"
1_1_1_1_1_1_1_1_1_1_1_1_1_2_1_1_1_1_1_2_0,7646.734739060593,3,7541,2019,"{""type"":""Point"",""coordinates"":[0.0,0.0]}"
1_1_1_1_1_1_1_1_1_1_1_1_1_2_1_1_1_1_1_2_1,2378708.299717177,4,7541,2019,"{""type"":""Point"",""coordinates"":[0.0,0.0]}"
1_1_1_1_1_1_1_1_1_1_1_1_1_2_1_1_1_1_1_2_2,398.29566998334354,12,7541,2019,"{""type"":""Point"",""coordinates"":[0.0,0.0]}"
1_1_1_1_1_1_1_1_1_1_1_1_1_2_1_1_1_1_1_2_3,1067891.3794048878,21,7541,2019,"{""type"":""Point"",""coordinates"":[0.0,0.0]}"
1_1_1_1_1_1_1_1_1_1_1_1_1_2_1_1_1_1_1_2_4,707.5250660627278,22,7541,2019,"{""type"":""Point"",""coordinates"":[0.0,0.0]}"
1_1_1_1_1_1_1_1_1_1_1_1_1_2_1_1_1_1_1_2_5,3175.0605119542793,29,7541,2019,"{""type"":""Point"",""coordinates"":[0.0,0.0]}"
1_1_1_1_1_1_1_1_1_1_1_1_1_2_1_1_1_1_1_2_6,46092.44120058833,33,7541,2019,"{""type"":""Point"",""coordinates"":[0.0,0.0]}"
1_1_1_1_1_1_1_1_1_1_1_1_1_2_1_1_1_1_2_0,8055.333452644395,3,7541,2020,"{""type"":""Point"",""coordinates"":[0.0,0.0]}"
1_1_1_1_1_1_1_1_1_1_1_1_1_2_1_1_1_1_2_1,2328203.019853744,4,7541,2020,"{""type"":""Point"",""coordinates"":[0.0,0.0]}"
1_1_1_1_1_1_1_1_1_1_1_1_1_2_1_1_1_1_2_2,257.5940831115723,12,7541,2020,"{""type"":""Point"",""coordinates"":[0.0,0.0]}"
1_1_1_1_1_1_1_1_1_1_1_1_1_2_1_1_1_1_2_3,1111626.6489000048,21,7541,2020,"{""type"":""Point"",""coordinates"":[0.0,0.0]}"
1_1_1_1_1_1_1_1_1_1_1_1_1_2_1_1_1_1_2_4,6438.887936538593,22,7541,2020,"{""type"":""Point"",""coordinates"":[0.0,0.0]}"
1_1_1_1_1_1_1_1_1_1_1_1_1_2_1_1_1_1_2_5,2112.814048996511,29,7541,2020,"{""type"":""Point"",""coordinates"":[0.0,0.0]}"
1_1_1_1_1_1_1_1_1_1_1_1_1_2_1_1_1_1_2_6,47938.161828586104,33,7541,2020,"{""type"":""Point"",""coordinates"":[0.0,0.0]}"
1_1_1_1_1_1_1_1_1_1_1_1_1_2_1_1_1_2_0,6227.32129387231,3,7541,2021,"{""type"":""Point"",""coordinates"":[0.0,0.0]}"
1_1_1_1_1_1_1_1_1_1_1_1_1_2_1_1_1_2_1,2378159.605438003,4,7541,2021,"{""type"":""Point"",""coordinates"":[0.0,0.0]}"
1_1_1_1_1_1_1_1_1_1_1_1_1_2_1_1_1_2_2,109.1768494689944,12,7541,2021,"{""type"":""Point"",""coordinates"":[0.0,0.0]}"
1_1_1_1_1_1_1_1_1_1_1_1_1_2_1_1_1_2_3,1078466.9037717057,21,7541,2021,"{""type"":""Point"",""coordinates"":[0.0,0.0]}"
1_1_1_1_1_1_1_1_1_1_1_1_1_2_1_1_1_2_4,2214.392532713417,22,7541,2021,"{""type"":""Point"",""coordinates"":[0.0,0.0]}"
1_1_1_1_1_1_1_1_1_1_1_1_1_2_1_1_1_2_5,1556.2239256091323,29,7541,2021,"{""type"":""Point"",""coordinates"":[0.0,0.0]}"
1_1_1_1_1_1_1_1_1_1_1_1_1_2_1_1_1_2_6,37382.18588275181,33,7541,2021,"{""type"":""Point"",""coordinates"":[0.0,0.0]}"
1_1_1_1_1_1_1_1_1_1_1_1_1_2_1_1_2_0,10622.766409654667,3,7541,2022,"{""type"":""Point"",""coordinates"":[0.0,0.0]}"
1_1_1_1_1_1_1_1_1_1_1_1_1_2_1_1_2_1,2280173.199309145,4,7541,2022,"{""type"":""Point"",""coordinates"":[0.0,0.0]}"
1_1_1_1_1_1_1_1_1_1_1_1_1_2_1_1_2_2,97.72884753417964,12,7541,2022,"{""type"":""Point"",""coordinates"":[0.0,0.0]}"
1_1_1_1_1_1_1_1_1_1_1_1_1_2_1_1_2_3,1166265.6516848714,21,7541,2022,"{""type"":""Point"",""coordinates"":[0.0,0.0]}"
1_1_1_1_1_1_1_1_1_1_1_1_1_2_1_1_2_4,834.8400867327833,22,7541,2022,"{""type"":""Point"",""coordinates"":[0.0,0.0]}"
1_1_1_1_1_1_1_1_1_1_1_1_1_2_1_1_2_5,1308.7854073392257,29,7541,2022,"{""type"":""Point"",""coordinates"":[0.0,0.0]}"
1_1_1_1_1_1_1_1_1_1_1_1_1_2_1_1_2_6,45210.19365970055,33,7541,2022,"{""type"":""Point"",""coordinates"":[0.0,0.0]}"
1_1_1_1_1_1_1_1_1_1_1_1_1_2_1_2_0,5563.888937885487,3,7541,2023,"{""type"":""Point"",""coordinates"":[0.0,0.0]}"
1_1_1_1_1_1_1_1_1_1_1_1_1_2_1_2_1,2230636.330570863,4,7541,2023,"{""type"":""Point"",""coordinates"":[0.0,0.0]}"
1_1_1_1_1_1_1_1_1_1_1_1_1_2_1_2_2,60.327549208840665,12,7541,2023,"{""type"":""Point"",""coordinates"":[0.0,0.0]}"
1_1_1_1_1_1_1_1_1_1_1_1_1_2_1_2_3,1203930.8007458304,21,7541,2023,"{""type"":""Point"",""coordinates"":[0.0,0.0]}"
1_1_1_1_1_1_1_1_1_1_1_1_1_2_1_2_4,441.4968799973173,22,7541,2023,"{""type"":""Point"",""coordinates"":[0.0,0.0]}"
1_1_1_1_1_1_1_1_1_1_1_1_1_2_1_2_5,179.30811250761147,29,7541,2023,"{""type"":""Point"",""coordinates"":[0.0,0.0]}"
1_1_1_1_1_1_1_1_1_1_1_1_1_2_1_2_6,63807.43457959449,33,7541,2023,"{""type"":""Point"",""coordinates"":[0.0,0.0]}"
1_1_1_1_1_1_1_1_1_1_1_1_1_2_2_0,12549.746103514863,3,7541,2024,"{""type"":""Point"",""coordinates"":[0.0,0.0]}"
1_1_1_1_1_1_1_1_1_1_1_1_1_2_2_1,2192960.11589155,4,7541,2024,"{""type"":""Point"",""coordinates"":[0.0,0.0]}"
1_1_1_1_1_1_1_1_1_1_1_1_1_2_2_2,21.392144658825444,12,7541,2024,"{""type"":""Point"",""coordinates"":[0.0,0.0]}"
1_1_1_1_1_1_1_1_1_1_1_1_1_2_2_3,1214083.517872106,21,7541,2024,"{""type"":""Point"",""coordinates"":[0.0,0.0]}"
1_1_1_1_1_1_1_1_1_1_1_1_1_2_2_4,347.6548836981321,22,7541,2024,"{""type"":""Point"",""coordinates"":[0.0,0.0]}"
1_1_1_1_1_1_1_1_1_1_1_1_1_2_2_5,1592.9200940347866,29,7541,2024,"{""type"":""Point"",""coordinates"":[0.0,0.0]}"
1_1_1_1_1_1_1_1_1_1_1_1_1_2_2_6,83027.89500964551,33,7541,2024,"{""type"":""Point"",""coordinates"":[0.0,0.0]}"
1_1_1_1_1_1_1_1_1_1_1_1_2_1_1_1_1_1_1_1_1_2_0,119858.87989501793,3,7721,2016,"{""type"":""Point"",""coordinates"":[0.0,0.0]}"
1_1_1_1_1_1_1_1_1_1_1_1_2_1_1_1_1_1_1_1_1_2_1,1371964.3771563505,4,7721,2016,"{""type"":""Point"",""coordinates"":[0.0,0.0]}"
1_1_1_1_1_1_1_1_1_1_1_1_2_1_1_1_1_1_1_1_1_2_2,47.78944172413547,12,7721,2016,"{""type"":""Point"",""coordinates"":[0.0,0.0]}"
1_1_1_1_1_1_1_1_1_1_1_1_2_1_1_1_1_1_1_1_1_2_3,983740.4223026251,21,7721,2016,"{""type"":""Point"",""coordinates"":[0.0,0.0]}"
1_1_1_1_1_1_1_1_1_1_1_1_2_1_1_1_1_1_1_1_1_2_4,1419.2699712585438,22,7721,2016,"{""type"":""Point"",""coordinates"":[0.0,0.0]}"
1_1_1_1_1_1_1_1_1_1_1_1_2_1_1_1_1_1_1_1_1_2_5,99.67614807739261,29,7721,2016,"{""type"":""Point"",""coordinates"":[0.0,0.0]}"
1_1_1_1_1_1_1_1_1_1_1_1_2_1_1_1_1_1_1_1_1_2_6,7028.842932268021,33,7721,2016,"{""type"":""Point"",""coordinates"":[0.0,0.0]}"
1_1_1_1_1_1_1_1_1_1_1_1_2_1_1_1_1_1_1_1_2_0,94203.86352480957,3,7721,2017,"{""type"":""Point"",""coordinates"":[0.0,0.0]}"
1_1_1_1_1_1_1_1_1_1_1_1_2_1_1_1_1_1_1_1_2_1,1081683.1662463844,4,7721,2017,"{""type"":""Point"",""coordinates"":[0.0,0.0]}"
1_1_1_1_1_1_1_1_1_1_1_1_2_1_1_1_1_1_1_1_2_2,106.25479258509017,12,7721,2017,"{""type"":""Point"",""coordinates"":[0.0,0.0]}"
1_1_1_1_1_1_1_1_1_1_1_1_2_1_1_1_1_1_1_1_2_3,1347425.059398176,21,7721,2017,"{""type"":""Point"",""coordinates"":[0.0,0.0]}"
1_1_1_1_1_1_1_1_1_1_1_1_2_1_1_1_1_1_1_1_2_4,281.55418324412585,22,7721,2017,"{""type"":""Point"",""coordinates"":[0.0,0.0]}"
1_1_1_1_1_1_1_1_1_1_1_1_2_1_1_1_1_1_1_1_2_5,2616.9373151916534,29,7721,2017,"{""type"":""Point"",""coordinates"":[0.0,0.0]}"
1_1_1_1_1_1_1_1_1_1_1_1_2_1_1_1_1_1_1_1_2_6,3893.2625361103032,33,7721,2017,"{""type"":""Point"",""coordinates"":[0.0,0.0]}"
1_1_1_1_1_1_1_1_1_1_1_1_2_1_1_1_1_1_1_2_0,117337.3754861572,3,7721,2018,"{""type"":""Point"",""coordinates"":[0.0,0.0]}"
1_1_1_1_1_1_1_1_1_1_1_1_2_1_1_1_1_1_1_2_1,1093340.5448611195,4,7721,2018,"{""type"":""Point"",""coordinates"":[0.0,0.0]}"
1_1_1_1_1_1_1_1_1_1_1_1_2_1_1_1_1_1_1_2_2,0.2630077880859375,12,7721,2018,"{""type"":""Point"",""coordinates"":[0.0,0.0]}"
1_1_1_1_1_1_1_1_1_1_1_1_2_1_1_1_1_1_1_2_3,1352962.3090592574,21,7721,2018,"{""type"":""Point"",""coordinates"":[0.0,0.0]}"
1_1_1_1_1_1_1_1_1_1_1_1_2_1_1_1_1_1_1_2_4,548.5595965698241,22,7721,2018,"{""type"":""Point"",""coordinates"":[0.0,0.0]}"
1_1_1_1_1_1_1_1_1_1_1_1_2_1_1_1_1_1_1_2_5,888.9547650451668,29,7721,2018,"{""type"":""Point"",""coordinates"":[0.0,0.0]}"
1_1_1_1_1_1_1_1_1_1_1_1_2_1_1_1_1_1_1_2_6,3652.7874010104524,33,7721,2018,"{""type"":""Point"",""coordinates"":[0.0,0.0]}"
1_1_1_1_1_1_1_1_1_1_1_1_2_1_1_1_1_1_2_0,129130.74473627175,3,7721,2019,"{""type"":""Point"",""coordinates"":[0.0,0.0]}"
1_1_1_1_1_1_1_1_1_1_1_1_2_1_1_1_1_1_2_1,1075616.54293551,4,7721,2019,"{""type"":""Point"",""coordinates"":[0.0,0.0]}"
1_1_1_1_1_1_1_1_1_1_1_1_2_1_1_1_1_1_2_2,64.35122501139325,12,7721,2019,"{""type"":""Point"",""coordinates"":[0.0,0.0]}"
1_1_1_1_1_1_1_1_1_1_1_1_2_1_1_1_1_1_2_3,1356147.7174361418,21,7721,2019,"{""type"":""Point"",""coordinates"":[0.0,0.0]}"
1_1_1_1_1_1_1_1_1_1_1_1_2_1_1_1_1_1_2_4,1543.0942888977065,22,7721,2019,"{""type"":""Point"",""coordinates"":[0.0,0.0]}"
1_1_1_1_1_1_1_1_1_1_1_1_2_1_1_1_1_1_2_5,300.02655583496085,29,7721,2019,"{""type"":""Point"",""coordinates"":[0.0,0.0]}"
1_1_1_1_1_1_1_1_1_1_1_1_2_1_1_1_1_1_2_6,6046.689132265903,33,7721,2019,"{""type"":""Point"",""coordinates"":[0.0,0.0]}"
1_1_1_1_1_1_1_1_1_1_1_1_2_1_1_1_1_2_0,110561.63321030803,3,7721,2020,"{""type"":""Point"",""coordinates"":[0.0,0.0]}"
1_1_1_1_1_1_1_1_1_1_1_1_2_1_1_1_1_2_1,1089890.9292178818,4,7721,2020,"{""type"":""Point"",""coordinates"":[0.0,0.0]}"
1_1_1_1_1_1_1_1_1_1_1_1_2_1_1_1_1_2_2,1.2302205322265625,12,7721,2020,"{""type"":""Point"",""coordinates"":[0.0,0.0]}"
1_1_1_1_1_1_1_1_1_1_1_1_2_1_1_1_1_2_3,1358672.1241030614,21,7721,2020,"{""type"":""Point"",""coordinates"":[0.0,0.0]}"
1_1_1_1_1_1_1_1_1_1_1_1_2_1_1_1_1_2_4,121.7290744140625,22,7721,2020,"{""type"":""Point"",""coordinates"":[0.0,0.0]}"
1_1_1_1_1_1_1_1_1_1_1_1_2_1_1_1_1_2_5,1913.4730157226534,29,7721,2020,"{""type"":""Point"",""coordinates"":[0.0,0.0]}"
1_1_1_1_1_1_1_1_1_1_1_1_2_1_1_1_1_2_6,7667.088526270444,33,7721,2020,"{""type"":""Point"",""coordinates"":[0.0,0.0]}"
1_1_1_1_1_1_1_1_1_1_1_1_2_1_1_1_2_0,122336.15345569454,3,7721,2021,"{""type"":""Point"",""coordinates"":[0.0,0.0]}"
1_1_1_1_1_1_1_1_1_1_1_1_2_1_1_1_2_1,1074767.0353271407,4,7721,2021,"{""type"":""Point"",""coordinates"":[0.0,0.0]}"
1_1_1_1_1_1_1_1_1_1_1_1_2_1_1_1_2_2,13.51994569091797,12,7721,2021,"{""type"":""Point"",""coordinates"":[0.0,0.0]}"
1_1_1_1_1_1_1_1_1_1_1_1_2_1_1_1_2_3,1362675.474803536,21,7721,2021,"{""type"":""Point"",""coordinates"":[0.0,0.0]}"
1_1_1_1_1_1_1_1_1_1_1_1_2_1_1_1_2_4,4237.682542685983,22,7721,2021,"{""type"":""Point"",""coordinates"":[0.0,0.0]}"
1_1_1_1_1_1_1_1_1_1_1_1_2_1_1_1_2_5,338.96340629272487,29,7721,2021,"{""type"":""Point"",""coordinates"":[0.0,0.0]}"
1_1_1_1_1_1_1_1_1_1_1_1_2_1_1_1_2_6,4424.4359381051,33,7721,2021,"{""type"":""Point"",""coordinates"":[0.0,0.0]}"
1_1_1_1_1_1_1_1_1_1_1_1_2_1_1_2_0,112134.13545450843,3,7721,2022,"{""type"":""Point"",""coordinates"":[0.0,0.0]}"
1_1_1_1_1_1_1_1_1_1_1_1_2_1_1_2_1,1078101.5944937123,4,7721,2022,"{""type"":""Point"",""coordinates"":[0.0,0.0]}"
1_1_1_1_1_1_1_1_1_1_1_1_2_1_1_2_2,4.475972998046876,12,7721,2022,"{""type"":""Point"",""coordinates"":[0.0,0.0]}"
1_1_1_1_1_1_1_1_1_1_1_1_2_1_1_2_3,1370483.6393905857,21,7721,2022,"{""type"":""Point"",""coordinates"":[0.0,0.0]}"
1_1_1_1_1_1_1_1_1_1_1_1_2_1_1_2_4,1741.5394427653712,22,7721,2022,"{""type"":""Point"",""coordinates"":[0.0,0.0]}"
1_1_1_1_1_1_1_1_1_1_1_1_2_1_1_2_5,490.76624719238316,29,7721,2022,"{""type"":""Point"",""coordinates"":[0.0,0.0]}"
1_1_1_1_1_1_1_1_1_1_1_1_2_1_1_2_6,5885.812976753298,33,7721,2022,"{""type"":""Point"",""coordinates"":[0.0,0.0]}"
1_1_1_1_1_1_1_1_1_1_1_1_2_1_2_0,116129.23852730454,3,7721,2023,"{""type"":""Point"",""coordinates"":[0.0,0.0]}"
1_1_1_1_1_1_1_1_1_1_1_1_2_1_2_1,1033218.2160733085,4,7721,2023,"{""type"":""Point"",""coordinates"":[0.0,0.0]}"
1_1_1_1_1_1_1_1_1_1_1_1_2_1_2_2,12.896899365234376,12,7721,2023,"{""type"":""Point"",""coordinates"":[0.0,0.0]}"
1_1_1_1_1_1_1_1_1_1_1_1_2_1_2_3,1404652.953424791,21,7721,2023,"{""type"":""Point"",""coordinates"":[0.0,0.0]}"
1_1_1_1_1_1_1_1_1_1_1_1_2_1_2_4,5073.739922563119,22,7721,2023,"{""type"":""Point"",""coordinates"":[0.0,0.0]}"
1_1_1_1_1_1_1_1_1_1_1_1_2_1_2_5,282.33230530931655,29,7721,2023,"{""type"":""Point"",""coordinates"":[0.0,0.0]}"
1_1_1_1_1_1_1_1_1_1_1_1_2_1_2_6,8195.497738407483,33,7721,2023,"{""type"":""Point"",""coordinates"":[0.0,0.0]}"
1_1_1_1_1_1_1_1_1_1_1_1_2_2_0,104632.17766503988,3,7721,2024,"{""type"":""Point"",""coordinates"":[0.0,0.0]}"
1_1_1_1_1_1_1_1_1_1_1_1_2_2_1,1067586.332888586,4,7721,2024,"{""type"":""Point"",""coordinates"":[0.0,0.0]}"
1_1_1_1_1_1_1_1_1_1_1_1_2_2_2,0.08801243896484374,12,7721,2024,"{""type"":""Point"",""coordinates"":[0.0,0.0]}"
1_1_1_1_1_1_1_1_1_1_1_1_2_2_3,1386350.5534398775,21,7721,2024,"{""type"":""Point"",""coordinates"":[0.0,0.0]}"
1_1_1_1_1_1_1_1_1_1_1_1_2_2_4,91.3221298461914,22,7721,2024,"{""type"":""Point"",""coordinates"":[0.0,0.0]}"
1_1_1_1_1_1_1_1_1_1_1_1_2_2_5,954.2730625305185,29,7721,2024,"{""type"":""Point"",""coordinates"":[0.0,0.0]}"
1_1_1_1_1_1_1_1_1_1_1_1_2_2_6,8734.125319877994,33,7721,2024,"{""type"":""Point"",""coordinates"":[0.0,0.0]}"
1_1_1_1_1_1_1_1_1_1_1_2_1_1_1_1_1_1_1_1_2_0,3052.0584177470123,3,772,2016,"{""type"":""Point"",""coordinates"":[0.0,0.0]}"
1_1_1_1_1_1_1_1_1_1_1_2_1_1_1_1_1_1_1_1_2_1,276369.7348630945,4,772,2016,"{""type"":""Point"",""coordinates"":[0.0,0.0]}"
1_1_1_1_1_1_1_1_1_1_1_2_1_1_1_1_1_1_1_1_2_2,1.227114434814453,12,772,2016,"{""type"":""Point"",""coordinates"":[0.0,0.0]}"
1_1_1_1_1_1_1_1_1_1_1_2_1_1_1_1_1_1_1_1_2_3,639722.8364769635,21,772,2016,"{""type"":""Point"",""coordinates"":[0.0,0.0]}"
1_1_1_1_1_1_1_1_1_1_1_2_1_1_1_1_1_1_1_1_2_4,64.0882619021427,22,772,2016,"{""type"":""Point"",""coordinates"":[0.0,0.0]}"
1_1_1_1_1_1_1_1_1_1_1_2_1_1_1_1_1_1_1_1_2_5,2.8063241210937497,29,772,2016,"{""type"":""Point"",""coordinates"":[0.0,0.0]}"
1_1_1_1_1_1_1_1_1_1_1_2_1_1_1_1_1_1_1_1_2_6,604.5598791652056,33,772,2016,"{""type"":""Point"",""coordinates"":[0.0,0.0]}"
1_1_1_1_1_1_1_1_1_1_1_2_1_1_1_1_1_1_1_2_0,1753.49023794826,3,772,2017,"{""type"":""Point"",""coordinates"":[0.0,0.0]}"
1_1_1_1_1_1_1_1_1_1_1_2_1_1_1_1_1_1_1_2_1,318866.9783888901,4,772,2017,"{""type"":""Point"",""coordinates"":[0.0,0.0]}"
1_1_1_1_1_1_1_1_1_1_1_2_1_1_1_1_1_1_1_2_2,123.49870815027569,12,772,2017,"{""type"":""Point"",""coordinates"":[0.0,0.0]}"
1_1_1_1_1_1_1_1_1_1_1_2_1_1_1_1_1_1_1_2_3,598572.7455302578,21,772,2017,"{""type"":""Point"",""coordinates"":[0.0,0.0]}"
1_1_1_1_1_1_1_1_1_1_1_2_1_1_1_1_1_1_1_2_4,109.02562788696288,22,772,2017,"{""type"":""Point"",""coordinates"":[0.0,0.0]}"
1_1_1_1_1_1_1_1_1_1_1_2_1_1_1_1_1_1_1_2_5,18.957466748046876,29,772,2017,"{""type"":""Point"",""coordinates"":[0.0,0.0]}"
1_1_1_1_1_1_1_1_1_1_1_2_1_1_1_1_1_1_1_2_6,369.5454658357264,33,772,2017,"{""type"":""Point"",""coordinates"":[0.0,0.0]}"
1_1_1_1_1_1_1_1_1_1_1_2_1_1_1_1_1_1_2_0,1724.4351558627723,3,772,2018,"{""type"":""Point"",""coordinates"":[0.0,0.0]}"
1_1_1_1_1_1_1_1_1_1_1_2_1_1_1_1_1_1_2_1,274523.18937275506,4,772,2018,"{""type"":""Point"",""coordinates"":[0.0,0.0]}"
1_1_1_1_1_1_1_1_1_1_1_2_1_1_1_1_1_1_2_2,0.17534520874023438,12,772,2018,"{""type"":""Point"",""coordinates"":[0.0,0.0]}"
1_1_1_1_1_1_1_1_1_1_1_2_1_1_1_1_1_1_2_3,642991.0734332062,21,772,2018,"{""type"":""Point"",""coordinates"":[0.0,0.0]}"
1_1_1_1_1_1_1_1_1_1_1_2_1_1_1_1_1_1_2_4,59.23710149536133,22,772,2018,"{""type"":""Point"",""coordinates"":[0.0,0.0]}"
1_1_1_1_1_1_1_1_1_1_1_2_1_1_1_1_1_1_2_5,30.628152252197264,29,772,2018,"{""type"":""Point"",""coordinates"":[0.0,0.0]}"
1_1_1_1_1_1_1_1_1_1_1_2_1_1_1_1_1_1_2_6,488.57277664572257,33,772,2018,"{""type"":""Point"",""coordinates"":[0.0,0.0]}"
1_1_1_1_1_1_1_1_1_1_1_2_1_1_1_1_1_2_0,1972.834007583152,3,772,2019,"{""type"":""Point"",""coordinates"":[0.0,0.0]}"
1_1_1_1_1_1_1_1_1_1_1_2_1_1_1_1_1_2_1,278083.4147476449,4,772,2019,"{""type"":""Point"",""coordinates"":[0.0,0.0]}"
1_1_1_1_1_1_1_1_1_1_1_2_1_1_1_1_1_2_2,297.39309107261533,12,772,2019,"{""type"":""Point"",""coordinates"":[0.0,0.0]}"
1_1_1_1_1_1_1_1_1_1_1_2_1_1_1_1_1_2_3,638380.3805614471,21,772,2019,"{""type"":""Point"",""coordinates"":[0.0,0.0]}"
1_1_1_1_1_1_1_1_1_1_1_2_1_1_1_1_1_2_4,32.210577862548824,22,772,2019,"{""type"":""Point"",""coordinates"":[0.0,0.0]}"
1_1_1_1_1_1_1_1_1_1_1_2_1_1_1_1_1_2_5,0.7017958496093749,29,772,2019,"{""type"":""Point"",""coordinates"":[0.0,0.0]}"
1_1_1_1_1_1_1_1_1_1_1_2_1_1_1_1_1_2_6,1050.3765560079191,33,772,2019,"{""type"":""Point"",""coordinates"":[0.0,0.0]}"
1_1_1_1_1_1_1_1_1_1_1_2_1_1_1_1_2_0,3708.682200400799,3,772,2020,"{""type"":""Point"",""coordinates"":[0.0,0.0]}"
1_1_1_1_1_1_1_1_1_1_1_2_1_1_1_1_2_1,274323.21451241436,4,772,2020,"{""type"":""Point"",""coordinates"":[0.0,0.0]}"
1_1_1_1_1_1_1_1_1_1_1_2_1_1_1_1_2_2,5.530373028564454,12,772,2020,"{""type"":""Point"",""coordinates"":[0.0,0.0]}"
1_1_1_1_1_1_1_1_1_1_1_2_1_1_1_1_2_3,639694.1963989767,21,772,2020,"{""type"":""Point"",""coordinates"":[0.0,0.0]}"
1_1_1_1_1_1_1_1_1_1_1_2_1_1_1_1_2_4,650.0822238472962,22,772,2020,"{""type"":""Point"",""coordinates"":[0.0,0.0]}"
1_1_1_1_1_1_1_1_1_1_1_2_1_1_1_1_2_5,55.33692636819272,29,772,2020,"{""type"":""Point"",""coordinates"":[0.0,0.0]}"
1_1_1_1_1_1_1_1_1_1_1_2_1_1_1_1_2_6,1380.2687024106026,33,772,2020,"{""type"":""Point"",""coordinates"":[0.0,0.0]}"
1_1_1_1_1_1_1_1_1_1_1_2_1_1_1_2_0,4242.368321359302,3,772,2021,"{""type"":""Point"",""coordinates"":[0.0,0.0]}"
1_1_1_1_1_1_1_1_1_1_1_2_1_1_1_2_1,275245.5563189724,4,772,2021,"{""type"":""Point"",""coordinates"":[0.0,0.0]}"
1_1_1_1_1_1_1_1_1_1_1_2_1_1_1_2_2,368.64542650247006,12,772,2021,"{""type"":""Point"",""coordinates"":[0.0,0.0]}"
1_1_1_1_1_1_1_1_1_1_1_2_1_1_1_2_3,638597.2162409958,21,772,2021,"{""type"":""Point"",""coordinates"":[0.0,0.0]}"
1_1_1_1_1_1_1_1_1_1_1_2_1_1_1_2_4,781.1618493643964,22,772,2021,"{""type"":""Point"",""coordinates"":[0.0,0.0]}"
1_1_1_1_1_1_1_1_1_1_1_2_1_1_1_2_5,0.5268213134765625,29,772,2021,"{""type"":""Point"",""coordinates"":[0.0,0.0]}"
1_1_1_1_1_1_1_1_1_1_1_2_1_1_1_2_6,581.8363589178347,33,772,2021,"{""type"":""Point"",""coordinates"":[0.0,0.0]}"
1_1_1_1_1_1_1_1_1_1_1_2_1_1_2_0,1845.3718284189508,3,772,2022,"{""type"":""Point"",""coordinates"":[0.0,0.0]}"
1_1_1_1_1_1_1_1_1_1_1_2_1_1_2_1,285323.89243416925,4,772,2022,"{""type"":""Point"",""coordinates"":[0.0,0.0]}"
1_1_1_1_1_1_1_1_1_1_1_2_1_1_2_2,22.64209854736328,12,772,2022,"{""type"":""Point"",""coordinates"":[0.0,0.0]}"
1_1_1_1_1_1_1_1_1_1_1_2_1_1_2_3,630926.509419816,21,772,2022,"{""type"":""Point"",""coordinates"":[0.0,0.0]}"
1_1_1_1_1_1_1_1_1_1_1_2_1_1_2_4,368.4038344632015,22,772,2022,"{""type"":""Point"",""coordinates"":[0.0,0.0]}"
1_1_1_1_1_1_1_1_1_1_1_2_1_1_2_5,285.028429189118,29,772,2022,"{""type"":""Point"",""coordinates"":[0.0,0.0]}"
1_1_1_1_1_1_1_1_1_1_1_2_1_1_2_6,1045.4632928619985,33,772,2022,"{""type"":""Point"",""coordinates"":[0.0,0.0]}"
1_1_1_1_1_1_1_1_1_1_1_2_1_2_0,3817.5729257940875,3,772,2023,"{""type"":""Point"",""coordinates"":[0.0,0.0]}"
1_1_1_1_1_1_1_1_1_1_1_2_1_2_1,275947.3010904187,4,772,2023,"{""type"":""Point"",""coordinates"":[0.0,0.0]}"
1_1_1_1_1_1_1_1_1_1_1_2_1_2_2,109.65355335042328,12,772,2023,"{""type"":""Point"",""coordinates"":[0.0,0.0]}"
1_1_1_1_1_1_1_1_1_1_1_2_1_2_3,638806.5646600168,21,772,2023,"{""type"":""Point"",""coordinates"":[0.0,0.0]}"
1_1_1_1_1_1_1_1_1_1_1_2_1_2_4,39.90668771690218,22,772,2023,"{""type"":""Point"",""coordinates"":[0.0,0.0]}"
1_1_1_1_1_1_1_1_1_1_1_2_1_2_5,4.298926483154297,29,772,2023,"{""type"":""Point"",""coordinates"":[0.0,0.0]}"
1_1_1_1_1_1_1_1_1_1_1_2_1_2_6,1091.9258616682469,33,772,2023,"{""type"":""Point"",""coordinates"":[0.0,0.0]}"
1_1_1_1_1_1_1_1_1_1_1_2_2_0,2280.6617201755234,3,772,2024,"{""type"":""Point"",""coordinates"":[0.0,0.0]}"
1_1_1_1_1_1_1_1_1_1_1_2_2_1,262645.5914317931,4,772,2024,"{""type"":""Point"",""coordinates"":[0.0,0.0]}"
1_1_1_1_1_1_1_1_1_1_1_2_2_2,0.6156591857910156,12,772,2024,"{""type"":""Point"",""coordinates"":[0.0,0.0]}"
1_1_1_1_1_1_1_1_1_1_1_2_2_3,651670.9217895084,21,772,2024,"{""type"":""Point"",""coordinates"":[0.0,0.0]}"
1_1_1_1_1_1_1_1_1_1_1_2_2_4,206.31529915895936,22,772,2024,"{""type"":""Point"",""coordinates"":[0.0,0.0]}"
1_1_1_1_1_1_1_1_1_1_1_2_2_5,35.26901865643669,29,772,2024,"{""type"":""Point"",""coordinates"":[0.0,0.0]}"
1_1_1_1_1_1_1_1_1_1_1_2_2_6,2977.761076802434,33,772,2024,"{""type"":""Point"",""coordinates"":[0.0,0.0]}"
1_1_1_1_1_1_1_1_1_1_2_1_1_1_1_1_1_1_1_2_0,46606.81258832531,3,7619,2016,"{""type"":""Point"",""coordinates"":[0.0,0.0]}"
1_1_1_1_1_1_1_1_1_1_2_1_1_1_1_1_1_1_1_2_1,2832412.968232931,4,7619,2016,"{""type"":""Point"",""coordinates"":[0.0,0.0]}"
1_1_1_1_1_1_1_1_1_1_2_1_1_1_1_1_1_1_1_2_2,4852.875360031055,12,7619,2016,"{""type"":""Point"",""coordinates"":[0.0,0.0]}"
1_1_1_1_1_1_1_1_1_1_2_1_1_1_1_1_1_1_1_2_3,692893.8508891482,21,7619,2016,"{""type"":""Point"",""coordinates"":[0.0,0.0]}"
1_1_1_1_1_1_1_1_1_1_2_1_1_1_1_1_1_1_1_2_4,8276.810265136186,22,7619,2016,"{""type"":""Point"",""coordinates"":[0.0,0.0]}"
1_1_1_1_1_1_1_1_1_1_2_1_1_1_1_1_1_1_1_2_5,6484.0584644008695,29,7619,2016,"{""type"":""Point"",""coordinates"":[0.0,0.0]}"
1_1_1_1_1_1_1_1_1_1_2_1_1_1_1_1_1_1_1_2_6,18333.848900620244,33,7619,2016,"{""type"":""Point"",""coordinates"":[0.0,0.0]}"
1_1_1_1_1_1_1_1_1_1_2_1_1_1_1_1_1_1_2_0,26617.08220186822,3,7619,2017,"{""type"":""Point"",""coordinates"":[0.0,0.0]}"
1_1_1_1_1_1_1_1_1_1_2_1_1_1_1_1_1_1_2_1,2917872.9550094986,4,7619,2017,"{""type"":""Point"",""coordinates"":[0.0,0.0]}"
1_1_1_1_1_1_1_1_1_1_2_1_1_1_1_1_1_1_2_2,2015.2406117014639,12,7619,2017,"{""type"":""Point"",""coordinates"":[0.0,0.0]}"
1_1_1_1_1_1_1_1_1_1_2_1_1_1_1_1_1_1_2_3,621833.1992328494,21,7619,2017,"{""type"":""Point"",""coordinates"":[0.0,0.0]}"
1_1_1_1_1_1_1_1_1_1_2_1_1_1_1_1_1_1_2_4,19198.1379981396,22,7619,2017,"{""type"":""Point"",""coordinates"":[0.0,0.0]}"
1_1_1_1_1_1_1_1_1_1_2_1_1_1_1_1_1_1_2_5,5740.488553368309,29,7619,2017,"{""type"":""Point"",""coordinates"":[0.0,0.0]}"
1_1_1_1_1_1_1_1_1_1_2_1_1_1_1_1_1_1_2_6,16527.04442951923,33,7619,2017,"{""type"":""Point"",""coordinates"":[0.0,0.0]}"
1_1_1_1_1_1_1_1_1_1_2_1_1_1_1_1_1_2_0,34941.22802044681,3,7619,2018,"{""type"":""Point"",""coordinates"":[0.0,0.0]}"
1_1_1_1_1_1_1_1_1_1_2_1_1_1_1_1_1_2_1,2852179.5027520685,4,7619,2018,"{""type"":""Point"",""coordinates"":[0.0,0.0]}"
1_1_1_1_1_1_1_1_1_1_2_1_1_1_1_1_1_2_2,13980.167428728977,12,7619,2018,"{""type"":""Point"",""coordinates"":[0.0,0.0]}"
1_1_1_1_1_1_1_1_1_1_2_1_1_1_1_1_1_2_3,658959.4940782596,21,7619,2018,"{""type"":""Point"",""coordinates"":[0.0,0.0]}"
1_1_1_1_1_1_1_1_1_1_2_1_1_1_1_1_1_2_4,28050.978479450063,22,7619,2018,"{""type"":""Point"",""coordinates"":[0.0,0.0]}"
1_1_1_1_1_1_1_1_1_1_2_1_1_1_1_1_1_2_5,2408.6429190700196,29,7619,2018,"{""type"":""Point"",""coordinates"":[0.0,0.0]}"
1_1_1_1_1_1_1_1_1_1_2_1_1_1_1_1_1_2_6,23607.712476256533,33,7619,2018,"{""type"":""Point"",""coordinates"":[0.0,0.0]}"
1_1_1_1_1_1_1_1_1_1_2_1_1_1_1_1_2_0,13163.356082915558,3,7619,2019,"{""type"":""Point"",""coordinates"":[0.0,0.0]}"
1_1_1_1_1_1_1_1_1_1_2_1_1_1_1_1_2_1,3093115.1561939497,4,7619,2019,"{""type"":""Point"",""coordinates"":[0.0,0.0]}"
1_1_1_1_1_1_1_1_1_1_2_1_1_1_1_1_2_2,4289.107994361324,12,7619,2019,"{""type"":""Point"",""coordinates"":[0.0,0.0]}"
1_1_1_1_1_1_1_1_1_1_2_1_1_1_1_1_2_3,453052.0593239896,21,7619,2019,"{""type"":""Point"",""coordinates"":[0.0,0.0]}"
1_1_1_1_1_1_1_1_1_1_2_1_1_1_1_1_2_4,30034.28296244244,22,7619,2019,"{""type"":""Point"",""coordinates"":[0.0,0.0]}"
1_1_1_1_1_1_1_1_1_1_2_1_1_1_1_1_2_5,1371.484281121828,29,7619,2019,"{""type"":""Point"",""coordinates"":[0.0,0.0]}"
1_1_1_1_1_1_1_1_1_1_2_1_1_1_1_1_2_6,18674.267179063605,33,7619,2019,"{""type"":""Point"",""coordinates"":[0.0,0.0]}"
1_1_1_1_1_1_1_1_1_1_2_1_1_1_1_2_0,14139.298565455803,3,7619,2020,"{""type"":""Point"",""coordinates"":[0.0,0.0]}"
1_1_1_1_1_1_1_1_1_1_2_1_1_1_1_2_1,2902912.996593559,4,7619,2020,"{""type"":""Point"",""coordinates"":[0.0,0.0]}"
1_1_1_1_1_1_1_1_1_1_2_1_1_1_1_2_2,4370.330874858991,12,7619,2020,"{""type"":""Point"",""coordinates"":[0.0,0.0]}"
1_1_1_1_1_1_1_1_1_1_2_1_1_1_1_2_3,637998.1159822358,21,7619,2020,"{""type"":""Point"",""coordinates"":[0.0,0.0]}"
1_1_1_1_1_1_1_1_1_1_2_1_1_1_1_2_4,9279.506231867043,22,7619,2020,"{""type"":""Point"",""coordinates"":[0.0,0.0]}"
1_1_1_1_1_1_1_1_1_1_2_1_1_1_1_2_5,1324.9930474109856,29,7619,2020,"{""type"":""Point"",""coordinates"":[0.0,0.0]}"
1_1_1_1_1_1_1_1_1_1_2_1_1_1_1_2_6,43413.85241144829,33,7619,2020,"{""type"":""Point"",""coordinates"":[0.0,0.0]}"
1_1_1_1_1_1_1_1_1_1_2_1_1_1_2_0,27164.660105472904,3,7619,2021,"{""type"":""Point"",""coordinates"":[0.0,0.0]}"
1_1_1_1_1_1_1_1_1_1_2_1_1_1_2_1,2821014.034621381,4,7619,2021,"{""type"":""Point"",""coordinates"":[0.0,0.0]}"
1_1_1_1_1_1_1_1_1_1_2_1_1_1_2_2,4031.163530238048,12,7619,2021,"{""type"":""Point"",""coordinates"":[0.0,0.0]}"
1_1_1_1_1_1_1_1_1_1_2_1_1_1_2_3,706031.5551754332,21,7619,2021,"{""type"":""Point"",""coordinates"":[0.0,0.0]}"
1_1_1_1_1_1_1_1_1_1_2_1_1_1_2_4,17205.122727146907,22,7619,2021,"{""type"":""Point"",""coordinates"":[0.0,0.0]}"
1_1_1_1_1_1_1_1_1_1_2_1_1_1_2_5,10668.550888620057,29,7619,2021,"{""type"":""Point"",""coordinates"":[0.0,0.0]}"
1_1_1_1_1_1_1_1_1_1_2_1_1_1_2_6,27544.031429599807,33,7619,2021,"{""type"":""Point"",""coordinates"":[0.0,0.0]}"
1_1_1_1_1_1_1_1_1_1_2_1_1_2_0,20123.944607222085,3,7619,2022,"{""type"":""Point"",""coordinates"":[0.0,0.0]}"
1_1_1_1_1_1_1_1_1_1_2_1_1_2_1,2982102.4513006993,4,7619,2022,"{""type"":""Point"",""coordinates"":[0.0,0.0]}"
1_1_1_1_1_1_1_1_1_1_2_1_1_2_2,6030.87552176267,12,7619,2022,"{""type"":""Point"",""coordinates"":[0.0,0.0]}"
1_1_1_1_1_1_1_1_1_1_2_1_1_2_3,537424.6305856318,21,7619,2022,"{""type"":""Point"",""coordinates"":[0.0,0.0]}"
1_1_1_1_1_1_1_1_1_1_2_1_1_2_4,19882.674042433475,22,7619,2022,"{""type"":""Point"",""coordinates"":[0.0,0.0]}"
1_1_1_1_1_1_1_1_1_1_2_1_1_2_5,1976.1070343872093,29,7619,2022,"{""type"":""Point"",""coordinates"":[0.0,0.0]}"
1_1_1_1_1_1_1_1_1_1_2_1_1_2_6,45691.919154136944,33,7619,2022,"{""type"":""Point"",""coordinates"":[0.0,0.0]}"
1_1_1_1_1_1_1_1_1_1_2_1_2_0,11367.81641541172,3,7619,2023,"{""type"":""Point"",""coordinates"":[0.0,0.0]}"
1_1_1_1_1_1_1_1_1_1_2_1_2_1,2907380.3556393734,4,7619,2023,"{""type"":""Point"",""coordinates"":[0.0,0.0]}"
1_1_1_1_1_1_1_1_1_1_2_1_2_2,4760.626174915114,12,7619,2023,"{""type"":""Point"",""coordinates"":[0.0,0.0]}"
1_1_1_1_1_1_1_1_1_1_2_1_2_3,623619.1882835074,21,7619,2023,"{""type"":""Point"",""coordinates"":[0.0,0.0]}"
1_1_1_1_1_1_1_1_1_1_2_1_2_4,19911.747406372,22,7619,2023,"{""type"":""Point"",""coordinates"":[0.0,0.0]}"
1_1_1_1_1_1_1_1_1_1_2_1_2_5,7159.621081223563,29,7619,2023,"{""type"":""Point"",""coordinates"":[0.0,0.0]}"
1_1_1_1_1_1_1_1_1_1_2_1_2_6,39201.27678512814,33,7619,2023,"{""type"":""Point"",""coordinates"":[0.0,0.0]}"
1_1_1_1_1_1_1_1_1_1_2_2_0,29225.765717390546,3,7619,2024,"{""type"":""Point"",""coordinates"":[0.0,0.0]}"
1_1_1_1_1_1_1_1_1_1_2_2_1,2866365.244084694,4,7619,2024,"{""type"":""Point"",""coordinates"":[0.0,0.0]}"
1_1_1_1_1_1_1_1_1_1_2_2_2,2740.6989186757028,12,7619,2024,"{""type"":""Point"",""coordinates"":[0.0,0.0]}"
1_1_1_1_1_1_1_1_1_1_2_2_3,654977.2505796292,21,7619,2024,"{""type"":""Point"",""coordinates"":[0.0,0.0]}"
1_1_1_1_1_1_1_1_1_1_2_2_4,6910.914945190271,22,7619,2024,"{""type"":""Point"",""coordinates"":[0.0,0.0]}"
1_1_1_1_1_1_1_1_1_1_2_2_5,9446.681469852612,29,7619,2024,"{""type"":""Point"",""coordinates"":[0.0,0.0]}"
1_1_1_1_1_1_1_1_1_1_2_2_6,43009.567819753756,33,7619,2024,"{""type"":""Point"",""coordinates"":[0.0,0.0]}"
1_1_1_1_1_1_1_1_1_2_1_1_1_1_1_1_1_1_2_0,227044.4477400225,3,7443,2016,"{""type"":""Point"",""coordinates"":[0.0,0.0]}"
1_1_1_1_1_1_1_1_1_2_1_1_1_1_1_1_1_1_2_1,3071078.6162533816,4,7443,2016,"{""type"":""Point"",""coordinates"":[0.0,0.0]}"
1_1_1_1_1_1_1_1_1_2_1_1_1_1_1_1_1_1_2_2,354.44427242347876,12,7443,2016,"{""type"":""Point"",""coordinates"":[0.0,0.0]}"
1_1_1_1_1_1_1_1_1_2_1_1_1_1_1_1_1_1_2_3,326762.35143501783,21,7443,2016,"{""type"":""Point"",""coordinates"":[0.0,0.0]}"
1_1_1_1_1_1_1_1_1_2_1_1_1_1_1_1_1_1_2_4,348.92573705444323,22,7443,2016,"{""type"":""Point"",""coordinates"":[0.0,0.0]}"
1_1_1_1_1_1_1_1_1_2_1_1_1_1_1_1_1_1_2_5,1728.1379846435555,29,7443,2016,"{""type"":""Point"",""coordinates"":[0.0,0.0]}"
1_1_1_1_1_1_1_1_1_2_1_1_1_1_1_1_1_1_2_6,6673.3683854474575,33,7443,2016,"{""type"":""Point"",""coordinates"":[0.0,0.0]}"
1_1_1_1_1_1_1_1_1_2_1_1_1_1_1_1_1_2_0,191433.4099039871,3,7443,2017,"{""type"":""Point"",""coordinates"":[0.0,0.0]}"
1_1_1_1_1_1_1_1_1_2_1_1_1_1_1_1_1_2_1,3127086.8428418553,4,7443,2017,"{""type"":""Point"",""coordinates"":[0.0,0.0]}"
1_1_1_1_1_1_1_1_1_2_1_1_1_1_1_1_1_2_2,981.1913503321512,12,7443,2017,"{""type"":""Point"",""coordinates"":[0.0,0.0]}"
1_1_1_1_1_1_1_1_1_2_1_1_1_1_1_1_1_2_3,305637.6016845567,21,7443,2017,"{""type"":""Point"",""coordinates"":[0.0,0.0]}"
1_1_1_1_1_1_1_1_1_2_1_1_1_1_1_1_1_2_4,3734.7126653309765,22,7443,2017,"{""type"":""Point"",""coordinates"":[0.0,0.0]}"
1_1_1_1_1_1_1_1_1_2_1_1_1_1_1_1_1_2_5,468.2504251159669,29,7443,2017,"{""type"":""Point"",""coordinates"":[0.0,0.0]}"
1_1_1_1_1_1_1_1_1_2_1_1_1_1_1_1_1_2_6,4626.882185404966,33,7443,2017,"{""type"":""Point"",""coordinates"":[0.0,0.0]}"
1_1_1_1_1_1_1_1_1_2_1_1_1_1_1_1_2_0,236161.5968981807,3,7443,2018,"{""type"":""Point"",""coordinates"":[0.0,0.0]}"
1_1_1_1_1_1_1_1_1_2_1_1_1_1_1_1_2_1,3118559.4398186146,4,7443,2018,"{""type"":""Point"",""coordinates"":[0.0,0.0]}"
1_1_1_1_1_1_1_1_1_2_1_1_1_1_1_1_2_2,2594.233447527745,12,7443,2018,"{""type"":""Point"",""coordinates"":[0.0,0.0]}"
1_1_1_1_1_1_1_1_1_2_1_1_1_1_1_1_2_3,265550.9629792854,21,7443,2018,"{""type"":""Point"",""coordinates"":[0.0,0.0]}"
1_1_1_1_1_1_1_1_1_2_1_1_1_1_1_1_2_4,4610.48193784189,22,7443,2018,"{""type"":""Point"",""coordinates"":[0.0,0.0]}"
1_1_1_1_1_1_1_1_1_2_1_1_1_1_1_1_2_5,435.95003447875996,29,7443,2018,"{""type"":""Point"",""coordinates"":[0.0,0.0]}"
1_1_1_1_1_1_1_1_1_2_1_1_1_1_1_1_2_6,6092.838462644974,33,7443,2018,"{""type"":""Point"",""coordinates"":[0.0,0.0]}"
1_1_1_1_1_1_1_1_1_2_1_1_1_1_1_2_0,181388.9985200905,3,7443,2019,"{""type"":""Point"",""coordinates"":[0.0,0.0]}"
1_1_1_1_1_1_1_1_1_2_1_1_1_1_1_2_1,3183359.9410234625,4,7443,2019,"{""type"":""Point"",""coordinates"":[0.0,0.0]}"
1_1_1_1_1_1_1_1_1_2_1_1_1_1_1_2_2,97.94788284165327,12,7443,2019,"{""type"":""Point"",""coordinates"":[0.0,0.0]}"
1_1_1_1_1_1_1_1_1_2_1_1_1_1_1_2_3,253334.40012089472,21,7443,2019,"{""type"":""Point"",""coordinates"":[0.0,0.0]}"
1_1_1_1_1_1_1_1_1_2_1_1_1_1_1_2_4,7485.200607975616,22,7443,2019,"{""type"":""Point"",""coordinates"":[0.0,0.0]}"
1_1_1_1_1_1_1_1_1_2_1_1_1_1_1_2_5,1799.8789937072763,29,7443,2019,"{""type"":""Point"",""coordinates"":[0.0,0.0]}"
1_1_1_1_1_1_1_1_1_2_1_1_1_1_1_2_6,6540.99362243028,33,7443,2019,"{""type"":""Point"",""coordinates"":[0.0,0.0]}"
1_1_1_1_1_1_1_1_1_2_1_1_1_1_2_0,231123.68566012362,3,7443,2020,"{""type"":""Point"",""coordinates"":[0.0,0.0]}"
1_1_1_1_1_1_1_1_1_2_1_1_1_1_2_1,3141329.5058907256,4,7443,2020,"{""type"":""Point"",""coordinates"":[0.0,0.0]}"
1_1_1_1_1_1_1_1_1_2_1_1_1_1_2_2,1118.2002579988848,12,7443,2020,"{""type"":""Point"",""coordinates"":[0.0,0.0]}"
1_1_1_1_1_1_1_1_1_2_1_1_1_1_2_3,248796.59268566544,21,7443,2020,"{""type"":""Point"",""coordinates"":[0.0,0.0]}"
1_1_1_1_1_1_1_1_1_2_1_1_1_1_2_4,3227.4874126186733,22,7443,2020,"{""type"":""Point"",""coordinates"":[0.0,0.0]}"
1_1_1_1_1_1_1_1_1_2_1_1_1_1_2_5,789.0668804962753,29,7443,2020,"{""type"":""Point"",""coordinates"":[0.0,0.0]}"
1_1_1_1_1_1_1_1_1_2_1_1_1_1_2_6,7629.543319790295,33,7443,2020,"{""type"":""Point"",""coordinates"":[0.0,0.0]}"
1_1_1_1_1_1_1_1_1_2_1_1_1_2_0,247611.79867862823,3,7443,2021,"{""type"":""Point"",""coordinates"":[0.0,0.0]}"
1_1_1_1_1_1_1_1_1_2_1_1_1_2_1,3038351.0583397564,4,7443,2021,"{""type"":""Point"",""coordinates"":[0.0,0.0]}"
1_1_1_1_1_1_1_1_1_2_1_1_1_2_2,74307.92241552834,12,7443,2021,"{""type"":""Point"",""coordinates"":[0.0,0.0]}"
1_1_1_1_1_1_1_1_1_2_1_1_1_2_3,255519.03220000354,21,7443,2021,"{""type"":""Point"",""coordinates"":[0.0,0.0]}"
1_1_1_1_1_1_1_1_1_2_1_1_1_2_4,9267.164528977377,22,7443,2021,"{""type"":""Point"",""coordinates"":[0.0,0.0]}"
1_1_1_1_1_1_1_1_1_2_1_1_1_2_5,3175.1274871297683,29,7443,2021,"{""type"":""Point"",""coordinates"":[0.0,0.0]}"
1_1_1_1_1_1_1_1_1_2_1_1_1_2_6,5781.536268555416,33,7443,2021,"{""type"":""Point"",""coordinates"":[0.0,0.0]}"
1_1_1_1_1_1_1_1_1_2_1_1_2_0,187678.41894434366,3,7443,2022,"{""type"":""Point"",""coordinates"":[0.0,0.0]}"
1_1_1_1_1_1_1_1_1_2_1_1_2_1,3115265.583199877,4,7443,2022,"{""type"":""Point"",""coordinates"":[0.0,0.0]}"
1_1_1_1_1_1_1_1_1_2_1_1_2_2,174.81683708917356,12,7443,2022,"{""type"":""Point"",""coordinates"":[0.0,0.0]}"
1_1_1_1_1_1_1_1_1_2_1_1_2_3,320653.0677725655,21,7443,2022,"{""type"":""Point"",""coordinates"":[0.0,0.0]}"
1_1_1_1_1_1_1_1_1_2_1_1_2_4,4809.555941967721,22,7443,2022,"{""type"":""Point"",""coordinates"":[0.0,0.0]}"
1_1_1_1_1_1_1_1_1_2_1_1_2_5,578.8864754760742,29,7443,2022,"{""type"":""Point"",""coordinates"":[0.0,0.0]}"
1_1_1_1_1_1_1_1_1_2_1_1_2_6,4854.018275696267,33,7443,2022,"{""type"":""Point"",""coordinates"":[0.0,0.0]}"
1_1_1_1_1_1_1_1_1_2_1_2_0,194663.67937337523,3,7443,2023,"{""type"":""Point"",""coordinates"":[0.0,0.0]}"
1_1_1_1_1_1_1_1_1_2_1_2_1,3190184.452239233,4,7443,2023,"{""type"":""Point"",""coordinates"":[0.0,0.0]}"
1_1_1_1_1_1_1_1_1_2_1_2_2,1468.6118011936537,12,7443,2023,"{""type"":""Point"",""coordinates"":[0.0,0.0]}"
1_1_1_1_1_1_1_1_1_2_1_2_3,235504.22189516688,21,7443,2023,"{""type"":""Point"",""coordinates"":[0.0,0.0]}"
1_1_1_1_1_1_1_1_1_2_1_2_4,5284.536688580247,22,7443,2023,"{""type"":""Point"",""coordinates"":[0.0,0.0]}"
1_1_1_1_1_1_1_1_1_2_1_2_5,228.719936114502,29,7443,2023,"{""type"":""Point"",""coordinates"":[0.0,0.0]}"
1_1_1_1_1_1_1_1_1_2_1_2_6,6680.302355516696,33,7443,2023,"{""type"":""Point"",""coordinates"":[0.0,0.0]}"
1_1_1_1_1_1_1_1_1_2_2_0,240768.72687725813,3,7443,2024,"{""type"":""Point"",""coordinates"":[0.0,0.0]}"
1_1_1_1_1_1_1_1_1_2_2_1,3145993.2706526592,4,7443,2024,"{""type"":""Point"",""coordinates"":[0.0,0.0]}"
1_1_1_1_1_1_1_1_1_2_2_2,798.425522772887,12,7443,2024,"{""type"":""Point"",""coordinates"":[0.0,0.0]}"
1_1_1_1_1_1_1_1_1_2_2_3,237444.52910101958,21,7443,2024,"{""type"":""Point"",""coordinates"":[0.0,0.0]}"
1_1_1_1_1_1_1_1_1_2_2_4,309.7872567443848,22,7443,2024,"{""type"":""Point"",""coordinates"":[0.0,0.0]}"
1_1_1_1_1_1_1_1_1_2_2_5,3119.663459543554,29,7443,2024,"{""type"":""Point"",""coordinates"":[0.0,0.0]}"
1_1_1_1_1_1_1_1_1_2_2_6,5579.67967789117,33,7443,2024,"{""type"":""Point"",""coordinates"":[0.0,0.0]}"
1_1_1_1_1_1_1_1_2_1_1_1_1_1_1_1_1_2_0,34663.4873896648,3,7544,2016,"{""type"":""Point"",""coordinates"":[0.0,0.0]}"
1_1_1_1_1_1_1_1_2_1_1_1_1_1_1_1_1_2_1,2879838.135530049,4,7544,2016,"{""type"":""Point"",""coordinates"":[0.0,0.0]}"
1_1_1_1_1_1_1_1_2_1_1_1_1_1_1_1_1_2_2,1010.3424150442561,12,7544,2016,"{""type"":""Point"",""coordinates"":[0.0,0.0]}"
1_1_1_1_1_1_1_1_2_1_1_1_1_1_1_1_1_2_3,580847.5243116702,21,7544,2016,"{""type"":""Point"",""coordinates"":[0.0,0.0]}"
1_1_1_1_1_1_1_1_2_1_1_1_1_1_1_1_1_2_4,1868.708494182415,22,7544,2016,"{""type"":""Point"",""coordinates"":[0.0,0.0]}"
1_1_1_1_1_1_1_1_2_1_1_1_1_1_1_1_1_2_5,4212.868137816871,29,7544,2016,"{""type"":""Point"",""coordinates"":[0.0,0.0]}"
1_1_1_1_1_1_1_1_2_1_1_1_1_1_1_1_1_2_6,10464.689796952121,33,7544,2016,"{""type"":""Point"",""coordinates"":[0.0,0.0]}"
1_1_1_1_1_1_1_1_2_1_1_1_1_1_1_1_2_0,905.7244293477361,3,7544,2017,"{""type"":""Point"",""coordinates"":[0.0,0.0]}"
1_1_1_1_1_1_1_1_2_1_1_1_1_1_1_1_2_1,2867554.135404184,4,7544,2017,"{""type"":""Point"",""coordinates"":[0.0,0.0]}"
1_1_1_1_1_1_1_1_2_1_1_1_1_1_1_1_2_2,3.9923438842773433,12,7544,2017,"{""type"":""Point"",""coordinates"":[0.0,0.0]}"
1_1_1_1_1_1_1_1_2_1_1_1_1_1_1_1_2_3,864097.7630068237,21,7544,2017,"{""type"":""Point"",""coordinates"":[0.0,0.0]}"
1_1_1_1_1_1_1_1_2_1_1_1_1_1_1_1_2_4,1485.7233535468495,22,7544,2017,"{""type"":""Point"",""coordinates"":[0.0,0.0]}"
1_1_1_1_1_1_1_1_2_1_1_1_1_1_1_1_2_5,448.5703026061997,29,7544,2017,"{""type"":""Point"",""coordinates"":[0.0,0.0]}"
1_1_1_1_1_1_1_1_2_1_1_1_1_1_1_1_2_6,10129.776231877333,33,7544,2017,"{""type"":""Point"",""coordinates"":[0.0,0.0]}"
1_1_1_1_1_1_1_1_2_1_1_1_1_1_1_2_0,13724.105388736223,3,7544,2018,"{""type"":""Point"",""coordinates"":[0.0,0.0]}"
1_1_1_1_1_1_1_1_2_1_1_1_1_1_1_2_1,2902828.4329088693,4,7544,2018,"{""type"":""Point"",""coordinates"":[0.0,0.0]}"
1_1_1_1_1_1_1_1_2_1_1_1_1_1_1_2_2,14.216024157714847,12,7544,2018,"{""type"":""Point"",""coordinates"":[0.0,0.0]}"
1_1_1_1_1_1_1_1_2_1_1_1_1_1_1_2_3,865512.6926434683,21,7544,2018,"{""type"":""Point"",""coordinates"":[0.0,0.0]}"
1_1_1_1_1_1_1_1_2_1_1_1_1_1_1_2_4,2466.308583133398,22,7544,2018,"{""type"":""Point"",""coordinates"":[0.0,0.0]}"
1_1_1_1_1_1_1_1_2_1_1_1_1_1_1_2_5,0.08870053100585938,29,7544,2018,"{""type"":""Point"",""coordinates"":[0.0,0.0]}"
1_1_1_1_1_1_1_1_2_1_1_1_1_1_1_2_6,13862.680143788433,33,7544,2018,"{""type"":""Point"",""coordinates"":[0.0,0.0]}"
1_1_1_1_1_1_1_1_2_1_1_1_1_1_2_0,10221.013291187153,3,7544,2019,"{""type"":""Point"",""coordinates"":[0.0,0.0]}"
1_1_1_1_1_1_1_1_2_1_1_1_1_1_2_1,2875726.7132276655,4,7544,2019,"{""type"":""Point"",""coordinates"":[0.0,0.0]}"
1_1_1_1_1_1_1_1_2_1_1_1_1_1_2_2,176.66614786376957,12,7544,2019,"{""type"":""Point"",""coordinates"":[0.0,0.0]}"
1_1_1_1_1_1_1_1_2_1_1_1_1_1_2_3,898615.2530088823,21,7544,2019,"{""type"":""Point"",""coordinates"":[0.0,0.0]}"
1_1_1_1_1_1_1_1_2_1_1_1_1_1_2_4,490.0371879845474,22,7544,2019,"{""type"":""Point"",""coordinates"":[0.0,0.0]}"
1_1_1_1_1_1_1_1_2_1_1_1_1_1_2_5,1222.9090334106468,29,7544,2019,"{""type"":""Point"",""coordinates"":[0.0,0.0]}"
1_1_1_1_1_1_1_1_2_1_1_1_1_1_2_6,12218.331189966635,33,7544,2019,"{""type"":""Point"",""coordinates"":[0.0,0.0]}"
1_1_1_1_1_1_1_1_2_1_1_1_1_2_0,13944.317315455855,3,7544,2020,"{""type"":""Point"",""coordinates"":[0.0,0.0]}"
1_1_1_1_1_1_1_1_2_1_1_1_1_2_1,2716546.2508300073,4,7544,2020,"{""type"":""Point"",""coordinates"":[0.0,0.0]}"
1_1_1_1_1_1_1_1_2_1_1_1_1_2_2,7.37438323364258,12,7544,2020,"{""type"":""Point"",""coordinates"":[0.0,0.0]}"
1_1_1_1_1_1_1_1_2_1_1_1_1_2_3,1028588.2136789679,21,7544,2020,"{""type"":""Point"",""coordinates"":[0.0,0.0]}"
1_1_1_1_1_1_1_1_2_1_1_1_1_2_4,3657.150437077451,22,7544,2020,"{""type"":""Point"",""coordinates"":[0.0,0.0]}"
1_1_1_1_1_1_1_1_2_1_1_1_1_2_5,5325.620436543383,29,7544,2020,"{""type"":""Point"",""coordinates"":[0.0,0.0]}"
1_1_1_1_1_1_1_1_2_1_1_1_1_2_6,30627.03893724108,33,7544,2020,"{""type"":""Point"",""coordinates"":[0.0,0.0]}"
1_1_1_1_1_1_1_1_2_1_1_1_2_0,5682.0218923126295,3,7544,2021,"{""type"":""Point"",""coordinates"":[0.0,0.0]}"
1_1_1_1_1_1_1_1_2_1_1_1_2_1,2748491.845030264,4,7544,2021,"{""type"":""Point"",""coordinates"":[0.0,0.0]}"
1_1_1_1_1_1_1_1_2_1_1_1_2_2,132.26778646659108,12,7544,2021,"{""type"":""Point"",""coordinates"":[0.0,0.0]}"
1_1_1_1_1_1_1_1_2_1_1_1_2_3,1006239.0422944695,21,7544,2021,"{""type"":""Point"",""coordinates"":[0.0,0.0]}"
1_1_1_1_1_1_1_1_2_1_1_1_2_4,3608.7430468348266,22,7544,2021,"{""type"":""Point"",""coordinates"":[0.0,0.0]}"
1_1_1_1_1_1_1_1_2_1_1_1_2_5,3642.2483065685897,29,7544,2021,"{""type"":""Point"",""coordinates"":[0.0,0.0]}"
1_1_1_1_1_1_1_1_2_1_1_1_2_6,30584.12120243817,33,7544,2021,"{""type"":""Point"",""coordinates"":[0.0,0.0]}"
1_1_1_1_1_1_1_1_2_1_1_2_0,12470.35159379186,3,7544,2022,"{""type"":""Point"",""coordinates"":[0.0,0.0]}"
1_1_1_1_1_1_1_1_2_1_1_2_1,2772651.4334808933,4,7544,2022,"{""type"":""Point"",""coordinates"":[0.0,0.0]}"
1_1_1_1_1_1_1_1_2_1_1_2_2,60.82991693950586,12,7544,2022,"{""type"":""Point"",""coordinates"":[0.0,0.0]}"
1_1_1_1_1_1_1_1_2_1_1_2_3,974768.945052906,21,7544,2022,"{""type"":""Point"",""coordinates"":[0.0,0.0]}"
1_1_1_1_1_1_1_1_2_1_1_2_4,1236.6539687939478,22,7544,2022,"{""type"":""Point"",""coordinates"":[0.0,0.0]}"
1_1_1_1_1_1_1_1_2_1_1_2_5,713.4389851867658,29,7544,2022,"{""type"":""Point"",""coordinates"":[0.0,0.0]}"
1_1_1_1_1_1_1_1_2_1_1_2_6,36306.85016969557,33,7544,2022,"{""type"":""Point"",""coordinates"":[0.0,0.0]}"
1_1_1_1_1_1_1_1_2_1_2_0,7166.272734120053,3,7544,2023,"{""type"":""Point"",""coordinates"":[0.0,0.0]}"
1_1_1_1_1_1_1_1_2_1_2_1,2805527.6796470955,4,7544,2023,"{""type"":""Point"",""coordinates"":[0.0,0.0]}"
1_1_1_1_1_1_1_1_2_1_2_2,57.91519192672431,12,7544,2023,"{""type"":""Point"",""coordinates"":[0.0,0.0]}"
1_1_1_1_1_1_1_1_2_1_2_3,938955.3623751232,21,7544,2023,"{""type"":""Point"",""coordinates"":[0.0,0.0]}"
1_1_1_1_1_1_1_1_2_1_2_4,720.9021672844619,22,7544,2023,"{""type"":""Point"",""coordinates"":[0.0,0.0]}"
1_1_1_1_1_1_1_1_2_1_2_5,9145.378598557741,29,7544,2023,"{""type"":""Point"",""coordinates"":[0.0,0.0]}"
1_1_1_1_1_1_1_1_2_1_2_6,36608.78841604943,33,7544,2023,"{""type"":""Point"",""coordinates"":[0.0,0.0]}"
1_1_1_1_1_1_1_1_2_2_0,17325.198852043737,3,7544,2024,"{""type"":""Point"",""coordinates"":[0.0,0.0]}"
1_1_1_1_1_1_1_1_2_2_1,2591353.453815167,4,7544,2024,"{""type"":""Point"",""coordinates"":[0.0,0.0]}"
1_1_1_1_1_1_1_1_2_2_2,414.38421562820764,12,7544,2024,"{""type"":""Point"",""coordinates"":[0.0,0.0]}"
1_1_1_1_1_1_1_1_2_2_3,1123477.2147495726,21,7544,2024,"{""type"":""Point"",""coordinates"":[0.0,0.0]}"
1_1_1_1_1_1_1_1_2_2_4,767.1095217291137,22,7544,2024,"{""type"":""Point"",""coordinates"":[0.0,0.0]}"
1_1_1_1_1_1_1_1_2_2_5,14681.550843851684,29,7544,2024,"{""type"":""Point"",""coordinates"":[0.0,0.0]}"
1_1_1_1_1_1_1_1_2_2_6,50625.480644385796,33,7544,2024,"{""type"":""Point"",""coordinates"":[0.0,0.0]}"
1_1_1_1_1_1_1_2_1_1_1_1_1_1_1_1_2_0,10032.475438341138,3,7438,2016,"{""type"":""Point"",""coordinates"":[0.0,0.0]}"
1_1_1_1_1_1_1_2_1_1_1_1_1_1_1_1_2_1,2925723.7783967257,4,7438,2016,"{""type"":""Point"",""coordinates"":[0.0,0.0]}"
1_1_1_1_1_1_1_2_1_1_1_1_1_1_1_1_2_2,1800.4789079357436,12,7438,2016,"{""type"":""Point"",""coordinates"":[0.0,0.0]}"
1_1_1_1_1_1_1_2_1_1_1_1_1_1_1_1_2_3,639498.6497168664,21,7438,2016,"{""type"":""Point"",""coordinates"":[0.0,0.0]}"
1_1_1_1_1_1_1_2_1_1_1_1_1_1_1_1_2_4,5394.114508460637,22,7438,2016,"{""type"":""Point"",""coordinates"":[0.0,0.0]}"
1_1_1_1_1_1_1_2_1_1_1_1_1_1_1_1_2_5,1653.147928813788,29,7438,2016,"{""type"":""Point"",""coordinates"":[0.0,0.0]}"
1_1_1_1_1_1_1_2_1_1_1_1_1_1_1_1_2_6,6322.211829797366,33,7438,2016,"{""type"":""Point"",""coordinates"":[0.0,0.0]}"
1_1_1_1_1_1_1_2_1_1_1_1_1_1_1_2_0,3765.068178251793,3,7438,2017,"{""type"":""Point"",""coordinates"":[0.0,0.0]}"
1_1_1_1_1_1_1_2_1_1_1_1_1_1_1_2_1,3024825.2142556384,4,7438,2017,"{""type"":""Point"",""coordinates"":[0.0,0.0]}"
1_1_1_1_1_1_1_2_1_1_1_1_1_1_1_2_2,2210.8854036432967,12,7438,2017,"{""type"":""Point"",""coordinates"":[0.0,0.0]}"
1_1_1_1_1_1_1_2_1_1_1_1_1_1_1_2_3,550222.8986999303,21,7438,2017,"{""type"":""Point"",""coordinates"":[0.0,0.0]}"
1_1_1_1_1_1_1_2_1_1_1_1_1_1_1_2_4,4125.185731363438,22,7438,2017,"{""type"":""Point"",""coordinates"":[0.0,0.0]}"
1_1_1_1_1_1_1_2_1_1_1_1_1_1_1_2_5,542.0299859191895,29,7438,2017,"{""type"":""Point"",""coordinates"":[0.0,0.0]}"
1_1_1_1_1_1_1_2_1_1_1_1_1_1_1_2_6,5035.491227243721,33,7438,2017,"{""type"":""Point"",""coordinates"":[0.0,0.0]}"
1_1_1_1_1_1_1_2_1_1_1_1_1_1_2_0,20383.819486124496,3,7438,2018,"{""type"":""Point"",""coordinates"":[0.0,0.0]}"
1_1_1_1_1_1_1_2_1_1_1_1_1_1_2_1,2982096.8604426812,4,7438,2018,"{""type"":""Point"",""coordinates"":[0.0,0.0]}"
1_1_1_1_1_1_1_2_1_1_1_1_1_1_2_2,3614.8951187518396,12,7438,2018,"{""type"":""Point"",""coordinates"":[0.0,0.0]}"
1_1_1_1_1_1_1_2_1_1_1_1_1_1_2_3,576370.3996236591,21,7438,2018,"{""type"":""Point"",""coordinates"":[0.0,0.0]}"
1_1_1_1_1_1_1_2_1_1_1_1_1_1_2_4,3938.649373096209,22,7438,2018,"{""type"":""Point"",""coordinates"":[0.0,0.0]}"
1_1_1_1_1_1_1_2_1_1_1_1_1_1_2_5,38.54776498413086,29,7438,2018,"{""type"":""Point"",""coordinates"":[0.0,0.0]}"
1_1_1_1_1_1_1_2_1_1_1_1_1_1_2_6,4548.386063195806,33,7438,2018,"{""type"":""Point"",""coordinates"":[0.0,0.0]}"
1_1_1_1_1_1_1_2_1_1_1_1_1_2_0,3925.5591052479567,3,7438,2019,"{""type"":""Point"",""coordinates"":[0.0,0.0]}"
1_1_1_1_1_1_1_2_1_1_1_1_1_2_1,3051233.737286966,4,7438,2019,"{""type"":""Point"",""coordinates"":[0.0,0.0]}"
1_1_1_1_1_1_1_2_1_1_1_1_1_2_2,1519.7456350976806,12,7438,2019,"{""type"":""Point"",""coordinates"":[0.0,0.0]}"
1_1_1_1_1_1_1_2_1_1_1_1_1_2_3,520211.8428018105,21,7438,2019,"{""type"":""Point"",""coordinates"":[0.0,0.0]}"
1_1_1_1_1_1_1_2_1_1_1_1_1_2_4,4127.71706609456,22,7438,2019,"{""type"":""Point"",""coordinates"":[0.0,0.0]}"
1_1_1_1_1_1_1_2_1_1_1_1_1_2_5,914.5240381184881,29,7438,2019,"{""type"":""Point"",""coordinates"":[0.0,0.0]}"
1_1_1_1_1_1_1_2_1_1_1_1_1_2_6,9098.519967018643,33,7438,2019,"{""type"":""Point"",""coordinates"":[0.0,0.0]}"
1_1_1_1_1_1_1_2_1_1_1_1_2_0,1850.2103394860576,3,7438,2020,"{""type"":""Point"",""coordinates"":[0.0,0.0]}"
1_1_1_1_1_1_1_2_1_1_1_1_2_1,3073408.7087542326,4,7438,2020,"{""type"":""Point"",""coordinates"":[0.0,0.0]}"
1_1_1_1_1_1_1_2_1_1_1_1_2_2,2293.2907785450902,12,7438,2020,"{""type"":""Point"",""coordinates"":[0.0,0.0]}"
1_1_1_1_1_1_1_2_1_1_1_1_2_3,495018.5238963567,21,7438,2020,"{""type"":""Point"",""coordinates"":[0.0,0.0]}"
1_1_1_1_1_1_1_2_1_1_1_1_2_4,5548.917398228371,22,7438,2020,"{""type"":""Point"",""coordinates"":[0.0,0.0]}"
1_1_1_1_1_1_1_2_1_1_1_1_2_5,1182.416434306353,29,7438,2020,"{""type"":""Point"",""coordinates"":[0.0,0.0]}"
1_1_1_1_1_1_1_2_1_1_1_1_2_6,11730.893857608224,33,7438,2020,"{""type"":""Point"",""coordinates"":[0.0,0.0]}"
1_1_1_1_1_1_1_2_1_1_1_2_0,9855.983388057053,3,7438,2021,"{""type"":""Point"",""coordinates"":[0.0,0.0]}"
1_1_1_1_1_1_1_2_1_1_1_2_1,2947392.009352455,4,7438,2021,"{""type"":""Point"",""coordinates"":[0.0,0.0]}"
1_1_1_1_1_1_1_2_1_1_1_2_2,1465.0903773972927,12,7438,2021,"{""type"":""Point"",""coordinates"":[0.0,0.0]}"
1_1_1_1_1_1_1_2_1_1_1_2_3,609510.8439954255,21,7438,2021,"{""type"":""Point"",""coordinates"":[0.0,0.0]}"
1_1_1_1_1_1_1_2_1_1_1_2_4,11875.537745871952,22,7438,2021,"{""type"":""Point"",""coordinates"":[0.0,0.0]}"
1_1_1_1_1_1_1_2_1_1_1_2_5,2539.1021155267204,29,7438,2021,"{""type"":""Point"",""coordinates"":[0.0,0.0]}"
1_1_1_1_1_1_1_2_1_1_1_2_6,8351.060483623462,33,7438,2021,"{""type"":""Point"",""coordinates"":[0.0,0.0]}"
1_1_1_1_1_1_1_2_1_1_2_0,6836.54542591989,3,7438,2022,"{""type"":""Point"",""coordinates"":[0.0,0.0]}"
1_1_1_1_1_1_1_2_1_1_2_1,3010891.0501846075,4,7438,2022,"{""type"":""Point"",""coordinates"":[0.0,0.0]}"
1_1_1_1_1_1_1_2_1_1_2_2,999.0782416332997,12,7438,2022,"{""type"":""Point"",""coordinates"":[0.0,0.0]}"
1_1_1_1_1_1_1_2_1_1_2_3,561495.9779240451,21,7438,2022,"{""type"":""Point"",""coordinates"":[0.0,0.0]}"
1_1_1_1_1_1_1_2_1_1_2_4,3852.771066499235,22,7438,2022,"{""type"":""Point"",""coordinates"":[0.0,0.0]}"
1_1_1_1_1_1_1_2_1_1_2_5,772.4943615115652,29,7438,2022,"{""type"":""Point"",""coordinates"":[0.0,0.0]}"
1_1_1_1_1_1_1_2_1_1_2_6,6142.959790788497,33,7438,2022,"{""type"":""Point"",""coordinates"":[0.0,0.0]}"
1_1_1_1_1_1_1_2_1_2_0,25053.41350735338,3,7438,2023,"{""type"":""Point"",""coordinates"":[0.0,0.0]}"
1_1_1_1_1_1_1_2_1_2_1,2985005.5430380874,4,7438,2023,"{""type"":""Point"",""coordinates"":[0.0,0.0]}"
1_1_1_1_1_1_1_2_1_2_2,1218.2585321173688,12,7438,2023,"{""type"":""Point"",""coordinates"":[0.0,0.0]}"
1_1_1_1_1_1_1_2_1_2_3,567261.5203210833,21,7438,2023,"{""type"":""Point"",""coordinates"":[0.0,0.0]}"
1_1_1_1_1_1_1_2_1_2_4,4305.679959669493,22,7438,2023,"{""type"":""Point"",""coordinates"":[0.0,0.0]}"
1_1_1_1_1_1_1_2_1_2_5,298.83279893798823,29,7438,2023,"{""type"":""Point"",""coordinates"":[0.0,0.0]}"
1_1_1_1_1_1_1_2_1_2_6,7810.619540371762,33,7438,2023,"{""type"":""Point"",""coordinates"":[0.0,0.0]}"
1_1_1_1_1_1_1_2_2_0,44850.843844222094,3,7438,2024,"{""type"":""Point"",""coordinates"":[0.0,0.0]}"
1_1_1_1_1_1_1_2_2_1,3029716.380389345,4,7438,2024,"{""type"":""Point"",""coordinates"":[0.0,0.0]}"
1_1_1_1_1_1_1_2_2_2,214.80075699640017,12,7438,2024,"{""type"":""Point"",""coordinates"":[0.0,0.0]}"
1_1_1_1_1_1_1_2_2_3,502153.30254187935,21,7438,2024,"{""type"":""Point"",""coordinates"":[0.0,0.0]}"
1_1_1_1_1_1_1_2_2_4,3284.8222677956965,22,7438,2024,"{""type"":""Point"",""coordinates"":[0.0,0.0]}"
1_1_1_1_1_1_1_2_2_5,66.09047796020506,29,7438,2024,"{""type"":""Point"",""coordinates"":[0.0,0.0]}"
1_1_1_1_1_1_1_2_2_6,10742.319299678296,33,7438,2024,"{""type"":""Point"",""coordinates"":[0.0,0.0]}"
1_1_1_1_1_1_2_1_1_1_1_1_1_1_1_2_0,37114.47401956127,3,763,2016,"{""type"":""Point"",""coordinates"":[0.0,0.0]}"
1_1_1_1_1_1_2_1_1_1_1_1_1_1_1_2_1,2742292.710014,4,763,2016,"{""type"":""Point"",""coordinates"":[0.0,0.0]}"
1_1_1_1_1_1_2_1_1_1_1_1_1_1_1_2_2,10220.004250940006,12,763,2016,"{""type"":""Point"",""coordinates"":[0.0,0.0]}"
1_1_1_1_1_1_2_1_1_1_1_1_1_1_1_2_3,1032068.961471231,21,763,2016,"{""type"":""Point"",""coordinates"":[0.0,0.0]}"
1_1_1_1_1_1_2_1_1_1_1_1_1_1_1_2_4,2267.5008500722374,22,763,2016,"{""type"":""Point"",""coordinates"":[0.0,0.0]}"
1_1_1_1_1_1_2_1_1_1_1_1_1_1_1_2_5,772.8254576527316,29,763,2016,"{""type"":""Point"",""coordinates"":[0.0,0.0]}"
1_1_1_1_1_1_2_1_1_1_1_1_1_1_1_2_6,18134.617046063835,33,763,2016,"{""type"":""Point"",""coordinates"":[0.0,0.0]}"
1_1_1_1_1_1_2_1_1_1_1_1_1_1_2_0,20981.020278350123,3,763,2017,"{""type"":""Point"",""coordinates"":[0.0,0.0]}"
1_1_1_1_1_1_2_1_1_1_1_1_1_1_2_1,2707432.315596854,4,763,2017,"{""type"":""Point"",""coordinates"":[0.0,0.0]}"
1_1_1_1_1_1_2_1_1_1_1_1_1_1_2_2,10346.978035912747,12,763,2017,"{""type"":""Point"",""coordinates"":[0.0,0.0]}"
1_1_1_1_1_1_2_1_1_1_1_1_1_1_2_3,912744.9154144231,21,763,2017,"{""type"":""Point"",""coordinates"":[0.0,0.0]}"
1_1_1_1_1_1_2_1_1_1_1_1_1_1_2_4,5958.4524259071795,22,763,2017,"{""type"":""Point"",""coordinates"":[0.0,0.0]}"
1_1_1_1_1_1_2_1_1_1_1_1_1_1_2_5,502.44745200745814,29,763,2017,"{""type"":""Point"",""coordinates"":[0.0,0.0]}"
1_1_1_1_1_1_2_1_1_1_1_1_1_1_2_6,184921.55726160403,33,763,2017,"{""type"":""Point"",""coordinates"":[0.0,0.0]}"
1_1_1_1_1_1_2_1_1_1_1_1_1_2_0,34073.91273132349,3,763,2018,"{""type"":""Point"",""coordinates"":[0.0,0.0]}"
1_1_1_1_1_1_2_1_1_1_1_1_1_2_1,2700438.542210905,4,763,2018,"{""type"":""Point"",""coordinates"":[0.0,0.0]}"
1_1_1_1_1_1_2_1_1_1_1_1_1_2_2,12794.548831489492,12,763,2018,"{""type"":""Point"",""coordinates"":[0.0,0.0]}"
1_1_1_1_1_1_2_1_1_1_1_1_1_2_3,1074180.1100615347,21,763,2018,"{""type"":""Point"",""coordinates"":[0.0,0.0]}"
1_1_1_1_1_1_2_1_1_1_1_1_1_2_4,2527.9388297623473,22,763,2018,"{""type"":""Point"",""coordinates"":[0.0,0.0]}"
1_1_1_1_1_1_2_1_1_1_1_1_1_2_5,2450.840210152898,29,763,2018,"{""type"":""Point"",""coordinates"":[0.0,0.0]}"
1_1_1_1_1_1_2_1_1_1_1_1_1_2_6,16422.229461575516,33,763,2018,"{""type"":""Point"",""coordinates"":[0.0,0.0]}"
1_1_1_1_1_1_2_1_1_1_1_1_2_0,20839.684970583156,3,763,2019,"{""type"":""Point"",""coordinates"":[0.0,0.0]}"
1_1_1_1_1_1_2_1_1_1_1_1_2_1,2683788.1286753393,4,763,2019,"{""type"":""Point"",""coordinates"":[0.0,0.0]}"
1_1_1_1_1_1_2_1_1_1_1_1_2_2,14783.631900081822,12,763,2019,"{""type"":""Point"",""coordinates"":[0.0,0.0]}"
1_1_1_1_1_1_2_1_1_1_1_1_2_3,1098370.3557128026,21,763,2019,"{""type"":""Point"",""coordinates"":[0.0,0.0]}"
1_1_1_1_1_1_2_1_1_1_1_1_2_4,4174.66967539319,22,763,2019,"{""type"":""Point"",""coordinates"":[0.0,0.0]}"
1_1_1_1_1_1_2_1_1_1_1_1_2_5,844.8319191393085,29,763,2019,"{""type"":""Point"",""coordinates"":[0.0,0.0]}"
1_1_1_1_1_1_2_1_1_1_1_1_2_6,20086.819482665556,33,763,2019,"{""type"":""Point"",""coordinates"":[0.0,0.0]}"
1_1_1_1_1_1_2_1_1_1_1_2_0,15330.491567503948,3,763,2020,"{""type"":""Point"",""coordinates"":[0.0,0.0]}"
1_1_1_1_1_1_2_1_1_1_1_2_1,2790465.047177977,4,763,2020,"{""type"":""Point"",""coordinates"":[0.0,0.0]}"
1_1_1_1_1_1_2_1_1_1_1_2_2,17931.006801894582,12,763,2020,"{""type"":""Point"",""coordinates"":[0.0,0.0]}"
1_1_1_1_1_1_2_1_1_1_1_2_3,989127.6454750589,21,763,2020,"{""type"":""Point"",""coordinates"":[0.0,0.0]}"
1_1_1_1_1_1_2_1_1_1_1_2_4,3941.509404480627,22,763,2020,"{""type"":""Point"",""coordinates"":[0.0,0.0]}"
1_1_1_1_1_1_2_1_1_1_1_2_5,2928.7653394809695,29,763,2020,"{""type"":""Point"",""coordinates"":[0.0,0.0]}"
1_1_1_1_1_1_2_1_1_1_1_2_6,23163.13268354434,33,763,2020,"{""type"":""Point"",""coordinates"":[0.0,0.0]}"
1_1_1_1_1_1_2_1_1_1_2_0,27484.34592256834,3,763,2021,"{""type"":""Point"",""coordinates"":[0.0,0.0]}"
1_1_1_1_1_1_2_1_1_1_2_1,2762601.0464945724,4,763,2021,"{""type"":""Point"",""coordinates"":[0.0,0.0]}"
1_1_1_1_1_1_2_1_1_1_2_2,14980.507899500619,12,763,2021,"{""type"":""Point"",""coordinates"":[0.0,0.0]}"
1_1_1_1_1_1_2_1_1_1_2_3,1010342.9456318573,21,763,2021,"{""type"":""Point"",""coordinates"":[0.0,0.0]}"
1_1_1_1_1_1_2_1_1_1_2_4,2819.2836723220935,22,763,2021,"{""type"":""Point"",""coordinates"":[0.0,0.0]}"
1_1_1_1_1_1_2_1_1_1_2_5,2014.1813037279326,29,763,2021,"{""type"":""Point"",""coordinates"":[0.0,0.0]}"
1_1_1_1_1_1_2_1_1_1_2_6,22644.848101625957,33,763,2021,"{""type"":""Point"",""coordinates"":[0.0,0.0]}"
1_1_1_1_1_1_2_1_1_2_0,16269.386829528272,3,763,2022,"{""type"":""Point"",""coordinates"":[0.0,0.0]}"
1_1_1_1_1_1_2_1_1_2_1,2802321.8062383635,4,763,2022,"{""type"":""Point"",""coordinates"":[0.0,0.0]}"
1_1_1_1_1_1_2_1_1_2_2,21328.110999021716,12,763,2022,"{""type"":""Point"",""coordinates"":[0.0,0.0]}"
1_1_1_1_1_1_2_1_1_2_3,975701.8318504087,21,763,2022,"{""type"":""Point"",""coordinates"":[0.0,0.0]}"
1_1_1_1_1_1_2_1_1_2_4,3395.254229815717,22,763,2022,"{""type"":""Point"",""coordinates"":[0.0,0.0]}"
1_1_1_1_1_1_2_1_1_2_5,1410.7509491929463,29,763,2022,"{""type"":""Point"",""coordinates"":[0.0,0.0]}"
1_1_1_1_1_1_2_1_1_2_6,22460.3698086441,33,763,2022,"{""type"":""Point"",""coordinates"":[0.0,0.0]}"
1_1_1_1_1_1_2_1_2_0,19357.350271895688,3,763,2023,"{""type"":""Point"",""coordinates"":[0.0,0.0]}"
1_1_1_1_1_1_2_1_2_1,2798192.429943287,4,763,2023,"{""type"":""Point"",""coordinates"":[0.0,0.0]}"
1_1_1_1_1_1_2_1_2_2,15250.839936647444,12,763,2023,"{""type"":""Point"",""coordinates"":[0.0,0.0]}"
1_1_1_1_1_1_2_1_2_3,986501.2811577955,21,763,2023,"{""type"":""Point"",""coordinates"":[0.0,0.0]}"
1_1_1_1_1_1_2_1_2_4,3031.4909195439077,22,763,2023,"{""type"":""Point"",""coordinates"":[0.0,0.0]}"
1_1_1_1_1_1_2_1_2_5,2159.3014210050687,29,763,2023,"{""type"":""Point"",""coordinates"":[0.0,0.0]}"
1_1_1_1_1_1_2_1_2_6,18395.4286867021,33,763,2023,"{""type"":""Point"",""coordinates"":[0.0,0.0]}"
1_1_1_1_1_1_2_2_0,45388.50426550536,3,763,2024,"{""type"":""Point"",""coordinates"":[0.0,0.0]}"
1_1_1_1_1_1_2_2_1,2628271.0654602163,4,763,2024,"{""type"":""Point"",""coordinates"":[0.0,0.0]}"
1_1_1_1_1_1_2_2_2,13378.254052421937,12,763,2024,"{""type"":""Point"",""coordinates"":[0.0,0.0]}"
1_1_1_1_1_1_2_2_3,1129568.4124244421,21,763,2024,"{""type"":""Point"",""coordinates"":[0.0,0.0]}"
1_1_1_1_1_1_2_2_4,507.913559290221,22,763,2024,"{""type"":""Point"",""coordinates"":[0.0,0.0]}"
1_1_1_1_1_1_2_2_5,1484.5561914620946,29,763,2024,"{""type"":""Point"",""coordinates"":[0.0,0.0]}"
1_1_1_1_1_1_2_2_6,24289.41638278046,33,763,2024,"{""type"":""Point"",""coordinates"":[0.0,0.0]}"
1_1_1_1_1_2_1_1_1_1_1_1_1_1_2_0,7896.654384207561,3,7591,2016,"{""type"":""Point"",""coordinates"":[0.0,0.0]}"
1_1_1_1_1_2_1_1_1_1_1_1_1_1_2_1,131080.79376301463,4,7591,2016,"{""type"":""Point"",""coordinates"":[0.0,0.0]}"
1_1_1_1_1_2_1_1_1_1_1_1_1_1_2_2,0.6188448120117187,12,7591,2016,"{""type"":""Point"",""coordinates"":[0.0,0.0]}"
1_1_1_1_1_2_1_1_1_1_1_1_1_1_2_3,266964.11501441186,21,7591,2016,"{""type"":""Point"",""coordinates"":[0.0,0.0]}"
1_1_1_1_1_2_1_1_1_1_1_1_1_1_2_4,579.1264264491189,22,7591,2016,"{""type"":""Point"",""coordinates"":[0.0,0.0]}"
1_1_1_1_1_2_1_1_1_1_1_1_1_1_2_5,1609.5582008862802,33,7591,2016,"{""type"":""Point"",""coordinates"":[0.0,0.0]}"
1_1_1_1_1_2_1_1_1_1_1_1_1_2_0,2022.9695115237612,3,7591,2017,"{""type"":""Point"",""coordinates"":[0.0,0.0]}"
1_1_1_1_1_2_1_1_1_1_1_1_1_2_1,99954.47470989439,4,7591,2017,"{""type"":""Point"",""coordinates"":[0.0,0.0]}"
1_1_1_1_1_2_1_1_1_1_1_1_1_2_2,1.1481274597167967,12,7591,2017,"{""type"":""Point"",""coordinates"":[0.0,0.0]}"
1_1_1_1_1_2_1_1_1_1_1_1_1_2_3,304622.52691444696,21,7591,2017,"{""type"":""Point"",""coordinates"":[0.0,0.0]}"
1_1_1_1_1_2_1_1_1_1_1_1_1_2_4,175.04863446090405,22,7591,2017,"{""type"":""Point"",""coordinates"":[0.0,0.0]}"
1_1_1_1_1_2_1_1_1_1_1_1_1_2_5,1373.336544739804,33,7591,2017,"{""type"":""Point"",""coordinates"":[0.0,0.0]}"
1_1_1_1_1_2_1_1_1_1_1_1_2_0,3644.7523472992325,3,7591,2018,"{""type"":""Point"",""coordinates"":[0.0,0.0]}"
1_1_1_1_1_2_1_1_1_1_1_1_2_1,89921.63668882728,4,7591,2018,"{""type"":""Point"",""coordinates"":[0.0,0.0]}"
1_1_1_1_1_2_1_1_1_1_1_1_2_2,12.645561016845702,12,7591,2018,"{""type"":""Point"",""coordinates"":[0.0,0.0]}"
1_1_1_1_1_2_1_1_1_1_1_1_2_3,312643.43320555927,21,7591,2018,"{""type"":""Point"",""coordinates"":[0.0,0.0]}"
1_1_1_1_1_2_1_1_1_1_1_1_2_4,743.3125443278705,22,7591,2018,"{""type"":""Point"",""coordinates"":[0.0,0.0]}"
1_1_1_1_1_2_1_1_1_1_1_1_2_5,3.8913232971191403,29,7591,2018,"{""type"":""Point"",""coordinates"":[0.0,0.0]}"
1_1_1_1_1_2_1_1_1_1_1_1_2_6,1534.2982364295335,33,7591,2018,"{""type"":""Point"",""coordinates"":[0.0,0.0]}"
1_1_1_1_1_2_1_1_1_1_1_2_0,1915.3300351348757,3,7591,2019,"{""type"":""Point"",""coordinates"":[0.0,0.0]}"
1_1_1_1_1_2_1_1_1_1_1_2_1,112935.26066694767,4,7591,2019,"{""type"":""Point"",""coordinates"":[0.0,0.0]}"
1_1_1_1_1_2_1_1_1_1_1_2_2,257.67549979264777,12,7591,2019,"{""type"":""Point"",""coordinates"":[0.0,0.0]}"
1_1_1_1_1_2_1_1_1_1_1_2_3,291373.56789859565,21,7591,2019,"{""type"":""Point"",""coordinates"":[0.0,0.0]}"
1_1_1_1_1_2_1_1_1_1_1_2_4,453.5854828085028,22,7591,2019,"{""type"":""Point"",""coordinates"":[0.0,0.0]}"
1_1_1_1_1_2_1_1_1_1_1_2_5,15.73649293823242,29,7591,2019,"{""type"":""Point"",""coordinates"":[0.0,0.0]}"
1_1_1_1_1_2_1_1_1_1_1_2_6,1551.6638812629988,33,7591,2019,"{""type"":""Point"",""coordinates"":[0.0,0.0]}"
1_1_1_1_1_2_1_1_1_1_2_0,2790.8706713912225,3,7591,2020,"{""type"":""Point"",""coordinates"":[0.0,0.0]}"
1_1_1_1_1_2_1_1_1_1_2_1,98580.58027053466,4,7591,2020,"{""type"":""Point"",""coordinates"":[0.0,0.0]}"
1_1_1_1_1_2_1_1_1_1_2_2,114.81707184591836,12,7591,2020,"{""type"":""Point"",""coordinates"":[0.0,0.0]}"
1_1_1_1_1_2_1_1_1_1_2_3,305296.91274620197,21,7591,2020,"{""type"":""Point"",""coordinates"":[0.0,0.0]}"
1_1_1_1_1_2_1_1_1_1_2_4,82.75052601777922,22,7591,2020,"{""type"":""Point"",""coordinates"":[0.0,0.0]}"
1_1_1_1_1_2_1_1_1_1_2_5,0.08816792602539063,29,7591,2020,"{""type"":""Point"",""coordinates"":[0.0,0.0]}"
1_1_1_1_1_2_1_1_1_1_2_6,1637.242562636098,33,7591,2020,"{""type"":""Point"",""coordinates"":[0.0,0.0]}"
1_1_1_1_1_2_1_1_1_2_0,2197.5371643585104,3,7591,2021,"{""type"":""Point"",""coordinates"":[0.0,0.0]}"
1_1_1_1_1_2_1_1_1_2_1,90729.2032275162,4,7591,2021,"{""type"":""Point"",""coordinates"":[0.0,0.0]}"
1_1_1_1_1_2_1_1_1_2_2,13.791204766845702,12,7591,2021,"{""type"":""Point"",""coordinates"":[0.0,0.0]}"
1_1_1_1_1_2_1_1_1_2_3,313591.0650193873,21,7591,2021,"{""type"":""Point"",""coordinates"":[0.0,0.0]}"
1_1_1_1_1_2_1_1_1_2_4,550.2891979665244,22,7591,2021,"{""type"":""Point"",""coordinates"":[0.0,0.0]}"
1_1_1_1_1_2_1_1_1_2_5,0.9727780822753906,29,7591,2021,"{""type"":""Point"",""coordinates"":[0.0,0.0]}"
1_1_1_1_1_2_1_1_1_2_6,1417.1315683348912,33,7591,2021,"{""type"":""Point"",""coordinates"":[0.0,0.0]}"
1_1_1_1_1_2_1_1_2_0,1206.174010707286,3,7591,2022,"{""type"":""Point"",""coordinates"":[0.0,0.0]}"
1_1_1_1_1_2_1_1_2_1,94426.34792114708,4,7591,2022,"{""type"":""Point"",""coordinates"":[0.0,0.0]}"
1_1_1_1_1_2_1_1_2_2,6.350354193115233,12,7591,2022,"{""type"":""Point"",""coordinates"":[0.0,0.0]}"
1_1_1_1_1_2_1_1_2_3,309220.1288198343,21,7591,2022,"{""type"":""Point"",""coordinates"":[0.0,0.0]}"
1_1_1_1_1_2_1_1_2_4,1500.7168608663885,22,7591,2022,"{""type"":""Point"",""coordinates"":[0.0,0.0]}"
1_1_1_1_1_2_1_1_2_5,2143.367630741194,33,7591,2022,"{""type"":""Point"",""coordinates"":[0.0,0.0]}"
1_1_1_1_1_2_1_2_0,1314.9722437700345,3,7591,2023,"{""type"":""Point"",""coordinates"":[0.0,0.0]}"
1_1_1_1_1_2_1_2_1,95873.78445965039,4,7591,2023,"{""type"":""Point"",""coordinates"":[0.0,0.0]}"
1_1_1_1_1_2_1_2_2,64.89731456025966,12,7591,2023,"{""type"":""Point"",""coordinates"":[0.0,0.0]}"
1_1_1_1_1_2_1_2_3,306552.3803153214,21,7591,2023,"{""type"":""Point"",""coordinates"":[0.0,0.0]}"
1_1_1_1_1_2_1_2_4,2090.3958128795916,22,7591,2023,"{""type"":""Point"",""coordinates"":[0.0,0.0]}"
1_1_1_1_1_2_1_2_5,1.6810751281738283,29,7591,2023,"{""type"":""Point"",""coordinates"":[0.0,0.0]}"
1_1_1_1_1_2_1_2_6,2605.5934740804446,33,7591,2023,"{""type"":""Point"",""coordinates"":[0.0,0.0]}"
1_1_1_1_1_2_2_0,2102.8276401588564,3,7591,2024,"{""type"":""Point"",""coordinates"":[0.0,0.0]}"
1_1_1_1_1_2_2_1,123486.37634301971,4,7591,2024,"{""type"":""Point"",""coordinates"":[0.0,0.0]}"
1_1_1_1_1_2_2_2,129.0248073646695,12,7591,2024,"{""type"":""Point"",""coordinates"":[0.0,0.0]}"
1_1_1_1_1_2_2_3,278935.64833676204,21,7591,2024,"{""type"":""Point"",""coordinates"":[0.0,0.0]}"
1_1_1_1_1_2_2_4,1553.9144598509772,22,7591,2024,"{""type"":""Point"",""coordinates"":[0.0,0.0]}"
1_1_1_1_1_2_2_5,2296.2669162588413,33,7591,2024,"{""type"":""Point"",""coordinates"":[0.0,0.0]}"
1_1_1_1_2_1_1_1_1_1_1_1_1_2_0,2473.171479532705,3,7592,2016,"{""type"":""Point"",""coordinates"":[0.0,0.0]}"
1_1_1_1_2_1_1_1_1_1_1_1_1_2_1,491050.9955415248,4,7592,2016,"{""type"":""Point"",""coordinates"":[0.0,0.0]}"
1_1_1_1_2_1_1_1_1_1_1_1_1_2_2,1.0616132141113281,12,7592,2016,"{""type"":""Point"",""coordinates"":[0.0,0.0]}"
1_1_1_1_2_1_1_1_1_1_1_1_1_2_3,481660.1220000511,21,7592,2016,"{""type"":""Point"",""coordinates"":[0.0,0.0]}"
1_1_1_1_2_1_1_1_1_1_1_1_1_2_4,12238.65168574031,22,7592,2016,"{""type"":""Point"",""coordinates"":[0.0,0.0]}"
1_1_1_1_2_1_1_1_1_1_1_1_1_2_5,138.33325299258965,33,7592,2016,"{""type"":""Point"",""coordinates"":[0.0,0.0]}"
1_1_1_1_2_1_1_1_1_1_1_1_2_0,1056.834014974689,3,7592,2017,"{""type"":""Point"",""coordinates"":[0.0,0.0]}"
1_1_1_1_2_1_1_1_1_1_1_1_2_1,469177.37081388547,4,7592,2017,"{""type"":""Point"",""coordinates"":[0.0,0.0]}"
1_1_1_1_2_1_1_1_1_1_1_1_2_2,0.35424512329101565,12,7592,2017,"{""type"":""Point"",""coordinates"":[0.0,0.0]}"
1_1_1_1_2_1_1_1_1_1_1_1_2_3,516949.7789434495,21,7592,2017,"{""type"":""Point"",""coordinates"":[0.0,0.0]}"
1_1_1_1_2_1_1_1_1_1_1_1_2_4,12.526965505347157,22,7592,2017,"{""type"":""Point"",""coordinates"":[0.0,0.0]}"
1_1_1_1_2_1_1_1_1_1_1_1_2_5,391.0465408730421,33,7592,2017,"{""type"":""Point"",""coordinates"":[0.0,0.0]}"
1_1_1_1_2_1_1_1_1_1_1_2_0,2437.6080593541983,3,7592,2018,"{""type"":""Point"",""coordinates"":[0.0,0.0]}"
1_1_1_1_2_1_1_1_1_1_1_2_1,457737.88847303414,4,7592,2018,"{""type"":""Point"",""coordinates"":[0.0,0.0]}"
1_1_1_1_2_1_1_1_1_1_1_2_2,1.9471840881347655,12,7592,2018,"{""type"":""Point"",""coordinates"":[0.0,0.0]}"
1_1_1_1_2_1_1_1_1_1_1_2_3,525489.8824368345,21,7592,2018,"{""type"":""Point"",""coordinates"":[0.0,0.0]}"
1_1_1_1_2_1_1_1_1_1_1_2_4,490.94051040331016,22,7592,2018,"{""type"":""Point"",""coordinates"":[0.0,0.0]}"
1_1_1_1_2_1_1_1_1_1_1_2_5,947.9728248901388,29,7592,2018,"{""type"":""Point"",""coordinates"":[0.0,0.0]}"
1_1_1_1_2_1_1_1_1_1_1_2_6,546.2813123840319,33,7592,2018,"{""type"":""Point"",""coordinates"":[0.0,0.0]}"
1_1_1_1_2_1_1_1_1_1_2_0,2199.369569112594,3,7592,2019,"{""type"":""Point"",""coordinates"":[0.0,0.0]}"
1_1_1_1_2_1_1_1_1_1_2_1,474107.22871742595,4,7592,2019,"{""type"":""Point"",""coordinates"":[0.0,0.0]}"
1_1_1_1_2_1_1_1_1_1_2_2,505.53697160644623,12,7592,2019,"{""type"":""Point"",""coordinates"":[0.0,0.0]}"
1_1_1_1_2_1_1_1_1_1_2_3,509423.1818149677,21,7592,2019,"{""type"":""Point"",""coordinates"":[0.0,0.0]}"
1_1_1_1_2_1_1_1_1_1_2_4,289.62394692366047,22,7592,2019,"{""type"":""Point"",""coordinates"":[0.0,0.0]}"
1_1_1_1_2_1_1_1_1_1_2_5,452.34147766723646,29,7592,2019,"{""type"":""Point"",""coordinates"":[0.0,0.0]}"
1_1_1_1_2_1_1_1_1_1_2_6,675.2383033007814,33,7592,2019,"{""type"":""Point"",""coordinates"":[0.0,0.0]}"
1_1_1_1_2_1_1_1_1_2_0,1952.8960909107102,3,7592,2020,"{""type"":""Point"",""coordinates"":[0.0,0.0]}"
1_1_1_1_2_1_1_1_1_2_1,481000.8119266402,4,7592,2020,"{""type"":""Point"",""coordinates"":[0.0,0.0]}"
1_1_1_1_2_1_1_1_1_2_2,241.5333364094096,12,7592,2020,"{""type"":""Point"",""coordinates"":[0.0,0.0]}"
1_1_1_1_2_1_1_1_1_2_3,502253.1928410289,21,7592,2020,"{""type"":""Point"",""coordinates"":[0.0,0.0]}"
1_1_1_1_2_1_1_1_1_2_4,383.9383271633734,22,7592,2020,"{""type"":""Point"",""coordinates"":[0.0,0.0]}"
1_1_1_1_2_1_1_1_1_2_5,0.35428227539062496,29,7592,2020,"{""type"":""Point"",""coordinates"":[0.0,0.0]}"
1_1_1_1_2_1_1_1_1_2_6,1819.7939965465068,33,7592,2020,"{""type"":""Point"",""coordinates"":[0.0,0.0]}"
1_1_1_1_2_1_1_1_2_0,3219.31134496946,3,7592,2021,"{""type"":""Point"",""coordinates"":[0.0,0.0]}"
1_1_1_1_2_1_1_1_2_1,471361.2985549483,4,7592,2021,"{""type"":""Point"",""coordinates"":[0.0,0.0]}"
1_1_1_1_2_1_1_1_2_2,12.561337963867187,12,7592,2021,"{""type"":""Point"",""coordinates"":[0.0,0.0]}"
1_1_1_1_2_1_1_1_2_3,510248.90222610347,21,7592,2021,"{""type"":""Point"",""coordinates"":[0.0,0.0]}"
1_1_1_1_2_1_1_1_2_4,326.1479912625421,22,7592,2021,"{""type"":""Point"",""coordinates"":[0.0,0.0]}"
1_1_1_1_2_1_1_1_2_5,278.31217011108413,29,7592,2021,"{""type"":""Point"",""coordinates"":[0.0,0.0]}"
1_1_1_1_2_1_1_1_2_6,2205.9871756167868,33,7592,2021,"{""type"":""Point"",""coordinates"":[0.0,0.0]}"
1_1_1_1_2_1_1_2_0,1794.7427871094335,3,7592,2022,"{""type"":""Point"",""coordinates"":[0.0,0.0]}"
1_1_1_1_2_1_1_2_1,477770.2423879648,4,7592,2022,"{""type"":""Point"",""coordinates"":[0.0,0.0]}"
1_1_1_1_2_1_1_2_2,2.9208922119140626,12,7592,2022,"{""type"":""Point"",""coordinates"":[0.0,0.0]}"
1_1_1_1_2_1_1_2_3,505827.05840687966,21,7592,2022,"{""type"":""Point"",""coordinates"":[0.0,0.0]}"
1_1_1_1_2_1_1_2_4,723.0010096997073,22,7592,2022,"{""type"":""Point"",""coordinates"":[0.0,0.0]}"
1_1_1_1_2_1_1_2_5,0.2656508239746094,29,7592,2022,"{""type"":""Point"",""coordinates"":[0.0,0.0]}"
1_1_1_1_2_1_1_2_6,1533.5811729813404,33,7592,2022,"{""type"":""Point"",""coordinates"":[0.0,0.0]}"
1_1_1_1_2_1_2_0,1000.4710610529578,3,7592,2023,"{""type"":""Point"",""coordinates"":[0.0,0.0]}"
1_1_1_1_2_1_2_1,501087.8202762014,4,7592,2023,"{""type"":""Point"",""coordinates"":[0.0,0.0]}"
1_1_1_1_2_1_2_2,141.2030020679429,12,7592,2023,"{""type"":""Point"",""coordinates"":[0.0,0.0]}"
1_1_1_1_2_1_2_3,477878.5016137004,21,7592,2023,"{""type"":""Point"",""coordinates"":[0.0,0.0]}"
1_1_1_1_2_1_2_4,3394.6218148848675,22,7592,2023,"{""type"":""Point"",""coordinates"":[0.0,0.0]}"
1_1_1_1_2_1_2_5,956.3818453491226,29,7592,2023,"{""type"":""Point"",""coordinates"":[0.0,0.0]}"
1_1_1_1_2_1_2_6,3193.344049812316,33,7592,2023,"{""type"":""Point"",""coordinates"":[0.0,0.0]}"
1_1_1_1_2_2_0,2880.2618858596493,3,7592,2024,"{""type"":""Point"",""coordinates"":[0.0,0.0]}"
1_1_1_1_2_2_1,512195.71833431773,4,7592,2024,"{""type"":""Point"",""coordinates"":[0.0,0.0]}"
1_1_1_1_2_2_2,417.5762002966786,12,7592,2024,"{""type"":""Point"",""coordinates"":[0.0,0.0]}"
1_1_1_1_2_2_3,465554.83198660373,21,7592,2024,"{""type"":""Point"",""coordinates"":[0.0,0.0]}"
1_1_1_1_2_2_4,3668.716693383287,22,7592,2024,"{""type"":""Point"",""coordinates"":[0.0,0.0]}"
1_1_1_1_2_2_5,0.619479345703125,29,7592,2024,"{""type"":""Point"",""coordinates"":[0.0,0.0]}"
1_1_1_1_2_2_6,2934.530564512314,33,7592,2024,"{""type"":""Point"",""coordinates"":[0.0,0.0]}"
1_1_1_2_1_1_1_1_1_1_1_1_2_0,10330.708294373984,3,7622,2016,"{""type"":""Point"",""coordinates"":[0.0,0.0]}"
1_1_1_2_1_1_1_1_1_1_1_1_2_1,1394966.163435274,4,7622,2016,"{""type"":""Point"",""coordinates"":[0.0,0.0]}"
1_1_1_2_1_1_1_1_1_1_1_1_2_2,143.03174443359373,12,7622,2016,"{""type"":""Point"",""coordinates"":[0.0,0.0]}"
1_1_1_2_1_1_1_1_1_1_1_1_2_3,267507.4624248069,21,7622,2016,"{""type"":""Point"",""coordinates"":[0.0,0.0]}"
1_1_1_2_1_1_1_1_1_1_1_1_2_4,3825.711010477368,22,7622,2016,"{""type"":""Point"",""coordinates"":[0.0,0.0]}"
1_1_1_2_1_1_1_1_1_1_1_1_2_5,454.35597685989853,29,7622,2016,"{""type"":""Point"",""coordinates"":[0.0,0.0]}"
1_1_1_2_1_1_1_1_1_1_1_1_2_6,2260.1747430938785,33,7622,2016,"{""type"":""Point"",""coordinates"":[0.0,0.0]}"
1_1_1_2_1_1_1_1_1_1_1_2_0,50056.48648604564,3,7622,2017,"{""type"":""Point"",""coordinates"":[0.0,0.0]}"
1_1_1_2_1_1_1_1_1_1_1_2_1,1329358.301714536,4,7622,2017,"{""type"":""Point"",""coordinates"":[0.0,0.0]}"
1_1_1_2_1_1_1_1_1_1_1_2_2,47.09948468687768,12,7622,2017,"{""type"":""Point"",""coordinates"":[0.0,0.0]}"
1_1_1_2_1_1_1_1_1_1_1_2_3,295480.6998998205,21,7622,2017,"{""type"":""Point"",""coordinates"":[0.0,0.0]}"
1_1_1_2_1_1_1_1_1_1_1_2_4,2039.3067708450187,22,7622,2017,"{""type"":""Point"",""coordinates"":[0.0,0.0]}"
1_1_1_2_1_1_1_1_1_1_1_2_5,1102.9515230232264,29,7622,2017,"{""type"":""Point"",""coordinates"":[0.0,0.0]}"
1_1_1_2_1_1_1_1_1_1_1_2_6,1421.023872399305,33,7622,2017,"{""type"":""Point"",""coordinates"":[0.0,0.0]}"
1_1_1_2_1_1_1_1_1_1_2_0,16229.332063623697,3,7622,2018,"{""type"":""Point"",""coordinates"":[0.0,0.0]}"
1_1_1_2_1_1_1_1_1_1_2_1,1367849.1739222049,4,7622,2018,"{""type"":""Point"",""coordinates"":[0.0,0.0]}"
1_1_1_2_1_1_1_1_1_1_2_2,128.3952379451258,12,7622,2018,"{""type"":""Point"",""coordinates"":[0.0,0.0]}"
1_1_1_2_1_1_1_1_1_1_2_3,290828.60248311044,21,7622,2018,"{""type"":""Point"",""coordinates"":[0.0,0.0]}"
1_1_1_2_1_1_1_1_1_1_2_4,2189.9335126239394,22,7622,2018,"{""type"":""Point"",""coordinates"":[0.0,0.0]}"
1_1_1_2_1_1_1_1_1_1_2_5,105.25436784646399,29,7622,2018,"{""type"":""Point"",""coordinates"":[0.0,0.0]}"
1_1_1_2_1_1_1_1_1_1_2_6,2187.2086851454324,33,7622,2018,"{""type"":""Point"",""coordinates"":[0.0,0.0]}"
1_1_1_2_1_1_1_1_1_2_0,13435.455575696073,3,7622,2019,"{""type"":""Point"",""coordinates"":[0.0,0.0]}"
1_1_1_2_1_1_1_1_1_2_1,1372402.9607474196,4,7622,2019,"{""type"":""Point"",""coordinates"":[0.0,0.0]}"
1_1_1_2_1_1_1_1_1_2_2,40.8885647651463,12,7622,2019,"{""type"":""Point"",""coordinates"":[0.0,0.0]}"
1_1_1_2_1_1_1_1_1_2_3,289468.162010994,21,7622,2019,"{""type"":""Point"",""coordinates"":[0.0,0.0]}"
1_1_1_2_1_1_1_1_1_2_4,1986.37558033078,22,7622,2019,"{""type"":""Point"",""coordinates"":[0.0,0.0]}"
1_1_1_2_1_1_1_1_1_2_5,131.9285500970818,29,7622,2019,"{""type"":""Point"",""coordinates"":[0.0,0.0]}"
1_1_1_2_1_1_1_1_1_2_6,2050.8121352658013,33,7622,2019,"{""type"":""Point"",""coordinates"":[0.0,0.0]}"
1_1_1_2_1_1_1_1_2_0,13184.088558489084,3,7622,2020,"{""type"":""Point"",""coordinates"":[0.0,0.0]}"
1_1_1_2_1_1_1_1_2_1,1366459.562673259,4,7622,2020,"{""type"":""Point"",""coordinates"":[0.0,0.0]}"
1_1_1_2_1_1_1_1_2_2,226.73444510782875,12,7622,2020,"{""type"":""Point"",""coordinates"":[0.0,0.0]}"
1_1_1_2_1_1_1_1_2_3,295313.3110586417,21,7622,2020,"{""type"":""Point"",""coordinates"":[0.0,0.0]}"
1_1_1_2_1_1_1_1_2_4,1802.0772489015174,22,7622,2020,"{""type"":""Point"",""coordinates"":[0.0,0.0]}"
1_1_1_2_1_1_1_1_2_5,487.8341189719043,29,7622,2020,"{""type"":""Point"",""coordinates"":[0.0,0.0]}"
1_1_1_2_1_1_1_1_2_6,2041.1309287018169,33,7622,2020,"{""type"":""Point"",""coordinates"":[0.0,0.0]}"
1_1_1_2_1_1_1_2_0,20519.816444046268,3,7622,2021,"{""type"":""Point"",""coordinates"":[0.0,0.0]}"
1_1_1_2_1_1_1_2_1,1333013.2664891765,4,7622,2021,"{""type"":""Point"",""coordinates"":[0.0,0.0]}"
1_1_1_2_1_1_1_2_2,18.858005706787104,12,7622,2021,"{""type"":""Point"",""coordinates"":[0.0,0.0]}"
1_1_1_2_1_1_1_2_3,320715.8877566652,21,7622,2021,"{""type"":""Point"",""coordinates"":[0.0,0.0]}"
1_1_1_2_1_1_1_2_4,2491.198925701518,22,7622,2021,"{""type"":""Point"",""coordinates"":[0.0,0.0]}"
1_1_1_2_1_1_1_2_5,196.0548926818847,29,7622,2021,"{""type"":""Point"",""coordinates"":[0.0,0.0]}"
1_1_1_2_1_1_1_2_6,2561.588297039391,33,7622,2021,"{""type"":""Point"",""coordinates"":[0.0,0.0]}"
1_1_1_2_1_1_2_0,13147.553849838521,3,7622,2022,"{""type"":""Point"",""coordinates"":[0.0,0.0]}"
1_1_1_2_1_1_2_1,1342320.9996829787,4,7622,2022,"{""type"":""Point"",""coordinates"":[0.0,0.0]}"
1_1_1_2_1_1_2_2,58.88049817394781,12,7622,2022,"{""type"":""Point"",""coordinates"":[0.0,0.0]}"
1_1_1_2_1_1_2_3,317381.3261076126,21,7622,2022,"{""type"":""Point"",""coordinates"":[0.0,0.0]}"
1_1_1_2_1_1_2_4,4154.44158182606,22,7622,2022,"{""type"":""Point"",""coordinates"":[0.0,0.0]}"
1_1_1_2_1_1_2_5,196.28966691444555,29,7622,2022,"{""type"":""Point"",""coordinates"":[0.0,0.0]}"
1_1_1_2_1_1_2_6,2256.6524679936438,33,7622,2022,"{""type"":""Point"",""coordinates"":[0.0,0.0]}"
1_1_1_2_1_2_0,12462.381547644607,3,7622,2023,"{""type"":""Point"",""coordinates"":[0.0,0.0]}"
1_1_1_2_1_2_1,1342698.1438833224,4,7622,2023,"{""type"":""Point"",""coordinates"":[0.0,0.0]}"
1_1_1_2_1_2_2,139.6307407233265,12,7622,2023,"{""type"":""Point"",""coordinates"":[0.0,0.0]}"
1_1_1_2_1_2_3,319013.4057825726,21,7622,2023,"{""type"":""Point"",""coordinates"":[0.0,0.0]}"
1_1_1_2_1_2_4,2378.424966051348,22,7622,2023,"{""type"":""Point"",""coordinates"":[0.0,0.0]}"
1_1_1_2_1_2_5,540.2595029274614,29,7622,2023,"{""type"":""Point"",""coordinates"":[0.0,0.0]}"
1_1_1_2_1_2_6,2283.546558463349,33,7622,2023,"{""type"":""Point"",""coordinates"":[0.0,0.0]}"
1_1_1_2_2_0,21239.01724119963,3,7622,2024,"{""type"":""Point"",""coordinates"":[0.0,0.0]}"
1_1_1_2_2_1,1340703.8176756622,4,7622,2024,"{""type"":""Point"",""coordinates"":[0.0,0.0]}"
1_1_1_2_2_2,159.15261262008363,12,7622,2024,"{""type"":""Point"",""coordinates"":[0.0,0.0]}"
1_1_1_2_2_3,312937.3863764127,21,7622,2024,"{""type"":""Point"",""coordinates"":[0.0,0.0]}"
1_1_1_2_2_4,649.634190044232,22,7622,2024,"{""type"":""Point"",""coordinates"":[0.0,0.0]}"
1_1_1_2_2_5,2277.2067396952334,29,7622,2024,"{""type"":""Point"",""coordinates"":[0.0,0.0]}"
1_1_1_2_2_6,1545.8016094578165,33,7622,2024,"{""type"":""Point"",""coordinates"":[0.0,0.0]}"
1_1_2_1_1_1_1_1_1_1_1_2_0,250223.5189776957,3,746,2016,"{""type"":""Point"",""coordinates"":[0.0,0.0]}"
1_1_2_1_1_1_1_1_1_1_1_2_1,1441750.891672291,4,746,2016,"{""type"":""Point"",""coordinates"":[0.0,0.0]}"
1_1_2_1_1_1_1_1_1_1_1_2_2,675.2134232881666,12,746,2016,"{""type"":""Point"",""coordinates"":[0.0,0.0]}"
1_1_2_1_1_1_1_1_1_1_1_2_3,108856.26662160123,21,746,2016,"{""type"":""Point"",""coordinates"":[0.0,0.0]}"
1_1_2_1_1_1_1_1_1_1_1_2_4,747.476269539627,22,746,2016,"{""type"":""Point"",""coordinates"":[0.0,0.0]}"
1_1_2_1_1_1_1_1_1_1_1_2_5,423.1624130697335,29,746,2016,"{""type"":""Point"",""coordinates"":[0.0,0.0]}"
1_1_2_1_1_1_1_1_1_1_1_2_6,4054.2799277224326,33,746,2016,"{""type"":""Point"",""coordinates"":[0.0,0.0]}"
1_1_2_1_1_1_1_1_1_1_2_0,325767.8137530551,3,746,2017,"{""type"":""Point"",""coordinates"":[0.0,0.0]}"
1_1_2_1_1_1_1_1_1_1_2_1,1413845.8062103381,4,746,2017,"{""type"":""Point"",""coordinates"":[0.0,0.0]}"
1_1_2_1_1_1_1_1_1_1_2_2,351.75394436779544,12,746,2017,"{""type"":""Point"",""coordinates"":[0.0,0.0]}"
1_1_2_1_1_1_1_1_1_1_2_3,62896.341703181984,21,746,2017,"{""type"":""Point"",""coordinates"":[0.0,0.0]}"
1_1_2_1_1_1_1_1_1_1_2_4,791.4741635695506,22,746,2017,"{""type"":""Point"",""coordinates"":[0.0,0.0]}"
1_1_2_1_1_1_1_1_1_1_2_5,151.54521043942918,29,746,2017,"{""type"":""Point"",""coordinates"":[0.0,0.0]}"
1_1_2_1_1_1_1_1_1_1_2_6,2935.519319550848,33,746,2017,"{""type"":""Point"",""coordinates"":[0.0,0.0]}"
1_1_2_1_1_1_1_1_1_2_0,316560.66343784897,3,746,2018,"{""type"":""Point"",""coordinates"":[0.0,0.0]}"
1_1_2_1_1_1_1_1_1_2_1,1405643.028532941,4,746,2018,"{""type"":""Point"",""coordinates"":[0.0,0.0]}"
1_1_2_1_1_1_1_1_1_2_2,1390.7228545837872,12,746,2018,"{""type"":""Point"",""coordinates"":[0.0,0.0]}"
1_1_2_1_1_1_1_1_1_2_3,77751.52044056312,21,746,2018,"{""type"":""Point"",""coordinates"":[0.0,0.0]}"
1_1_2_1_1_1_1_1_1_2_4,2223.1375274538573,22,746,2018,"{""type"":""Point"",""coordinates"":[0.0,0.0]}"
1_1_2_1_1_1_1_1_1_2_5,592.35211708781,29,746,2018,"{""type"":""Point"",""coordinates"":[0.0,0.0]}"
1_1_2_1_1_1_1_1_1_2_6,2616.8766319997785,33,746,2018,"{""type"":""Point"",""coordinates"":[0.0,0.0]}"
1_1_2_1_1_1_1_1_2_0,319571.2042980793,3,746,2019,"{""type"":""Point"",""coordinates"":[0.0,0.0]}"
1_1_2_1_1_1_1_1_2_1,1386926.8304255414,4,746,2019,"{""type"":""Point"",""coordinates"":[0.0,0.0]}"
1_1_2_1_1_1_1_1_2_2,639.3041776978739,12,746,2019,"{""type"":""Point"",""coordinates"":[0.0,0.0]}"
1_1_2_1_1_1_1_1_2_3,95344.22877251834,21,746,2019,"{""type"":""Point"",""coordinates"":[0.0,0.0]}"
1_1_2_1_1_1_1_1_2_4,2056.881112611515,22,746,2019,"{""type"":""Point"",""coordinates"":[0.0,0.0]}"
1_1_2_1_1_1_1_1_2_5,442.86928463747523,29,746,2019,"{""type"":""Point"",""coordinates"":[0.0,0.0]}"
1_1_2_1_1_1_1_1_2_6,1783.1239673628686,33,746,2019,"{""type"":""Point"",""coordinates"":[0.0,0.0]}"
1_1_2_1_1_1_1_2_0,336603.5837975724,3,746,2020,"{""type"":""Point"",""coordinates"":[0.0,0.0]}"
1_1_2_1_1_1_1_2_1,1392386.8584215213,4,746,2020,"{""type"":""Point"",""coordinates"":[0.0,0.0]}"
1_1_2_1_1_1_1_2_2,199.34966544787838,12,746,2020,"{""type"":""Point"",""coordinates"":[0.0,0.0]}"
1_1_2_1_1_1_1_2_3,73314.75566944547,21,746,2020,"{""type"":""Point"",""coordinates"":[0.0,0.0]}"
1_1_2_1_1_1_1_2_4,1884.995619636926,22,746,2020,"{""type"":""Point"",""coordinates"":[0.0,0.0]}"
1_1_2_1_1_1_1_2_5,1570.1010833135365,29,746,2020,"{""type"":""Point"",""coordinates"":[0.0,0.0]}"
1_1_2_1_1_1_1_2_6,820.2462747009248,33,746,2020,"{""type"":""Point"",""coordinates"":[0.0,0.0]}"
1_1_2_1_1_1_2_0,379847.99481922423,3,746,2021,"{""type"":""Point"",""coordinates"":[0.0,0.0]}"
1_1_2_1_1_1_2_1,1339888.6840953913,4,746,2021,"{""type"":""Point"",""coordinates"":[0.0,0.0]}"
1_1_2_1_1_1_2_2,490.861342038622,12,746,2021,"{""type"":""Point"",""coordinates"":[0.0,0.0]}"
1_1_2_1_1_1_2_3,81002.52488930631,21,746,2021,"{""type"":""Point"",""coordinates"":[0.0,0.0]}"
1_1_2_1_1_1_2_4,1489.9560255098008,22,746,2021,"{""type"":""Point"",""coordinates"":[0.0,0.0]}"
1_1_2_1_1_1_2_5,1096.4902278178374,29,746,2021,"{""type"":""Point"",""coordinates"":[0.0,0.0]}"
1_1_2_1_1_1_2_6,2963.379141086112,33,746,2021,"{""type"":""Point"",""coordinates"":[0.0,0.0]}"
1_1_2_1_1_2_0,309595.40899778606,3,746,2022,"{""type"":""Point"",""coordinates"":[0.0,0.0]}"
1_1_2_1_1_2_1,1395570.967356903,4,746,2022,"{""type"":""Point"",""coordinates"":[0.0,0.0]}"
1_1_2_1_1_2_2,302.81199689005535,12,746,2022,"{""type"":""Point"",""coordinates"":[0.0,0.0]}"
1_1_2_1_1_2_3,96758.81513668457,21,746,2022,"{""type"":""Point"",""coordinates"":[0.0,0.0]}"
1_1_2_1_1_2_4,918.9440571461374,22,746,2022,"{""type"":""Point"",""coordinates"":[0.0,0.0]}"
1_1_2_1_1_2_5,601.7329548949941,29,746,2022,"{""type"":""Point"",""coordinates"":[0.0,0.0]}"
1_1_2_1_1_2_6,3031.0334852939186,33,746,2022,"{""type"":""Point"",""coordinates"":[0.0,0.0]}"
1_1_2_1_2_0,285900.6814066225,3,746,2023,"{""type"":""Point"",""coordinates"":[0.0,0.0]}"
1_1_2_1_2_1,1407922.1882464932,4,746,2023,"{""type"":""Point"",""coordinates"":[0.0,0.0]}"
1_1_2_1_2_2,3614.5108001126823,12,746,2023,"{""type"":""Point"",""coordinates"":[0.0,0.0]}"
1_1_2_1_2_3,103211.3611917707,21,746,2023,"{""type"":""Point"",""coordinates"":[0.0,0.0]}"
1_1_2_1_2_4,1428.5298180311208,22,746,2023,"{""type"":""Point"",""coordinates"":[0.0,0.0]}"
1_1_2_1_2_5,681.4330431057557,29,746,2023,"{""type"":""Point"",""coordinates"":[0.0,0.0]}"
1_1_2_1_2_6,4021.274303417125,33,746,2023,"{""type"":""Point"",""coordinates"":[0.0,0.0]}"
1_1_2_2_0,243548.03525705618,3,746,2024,"{""type"":""Point"",""coordinates"":[0.0,0.0]}"
1_1_2_2_1,1433559.6565863842,4,746,2024,"{""type"":""Point"",""coordinates"":[0.0,0.0]}"
1_1_2_2_2,53.68676785048542,12,746,2024,"{""type"":""Point"",""coordinates"":[0.0,0.0]}"
1_1_2_2_3,125391.19592594902,21,746,2024,"{""type"":""Point"",""coordinates"":[0.0,0.0]}"
1_1_2_2_4,509.99909250131685,22,746,2024,"{""type"":""Point"",""coordinates"":[0.0,0.0]}"
1_1_2_2_5,513.6795218360328,29,746,2024,"{""type"":""Point"",""coordinates"":[0.0,0.0]}"
1_1_2_2_6,3203.725658041462,33,746,2024,"{""type"":""Point"",""coordinates"":[0.0,0.0]}"
1_2_1_1_1_1_1_1_1_1_2_0,2267.2614067282816,3,7712,2016,"{""type"":""Point"",""coordinates"":[0.0,0.0]}"
1_2_1_1_1_1_1_1_1_1_2_1,816460.1708781449,4,7712,2016,"{""type"":""Point"",""coordinates"":[0.0,0.0]}"
1_2_1_1_1_1_1_1_1_1_2_2,1.6733986389160154,12,7712,2016,"{""type"":""Point"",""coordinates"":[0.0,0.0]}"
1_2_1_1_1_1_1_1_1_1_2_3,641367.0325383807,21,7712,2016,"{""type"":""Point"",""coordinates"":[0.0,0.0]}"
1_2_1_1_1_1_1_1_1_1_2_4,994.864982446218,22,7712,2016,"{""type"":""Point"",""coordinates"":[0.0,0.0]}"
1_2_1_1_1_1_1_1_1_1_2_5,0.1761065673828125,29,7712,2016,"{""type"":""Point"",""coordinates"":[0.0,0.0]}"
1_2_1_1_1_1_1_1_1_1_2_6,2878.4965316333014,33,7712,2016,"{""type"":""Point"",""coordinates"":[0.0,0.0]}"
1_2_1_1_1_1_1_1_1_2_0,1642.7632376635086,3,7712,2017,"{""type"":""Point"",""coordinates"":[0.0,0.0]}"
1_2_1_1_1_1_1_1_1_2_1,866794.8899202857,4,7712,2017,"{""type"":""Point"",""coordinates"":[0.0,0.0]}"
1_2_1_1_1_1_1_1_1_2_2,9.766370159912107,12,7712,2017,"{""type"":""Point"",""coordinates"":[0.0,0.0]}"
1_2_1_1_1_1_1_1_1_2_3,591010.2551374689,21,7712,2017,"{""type"":""Point"",""coordinates"":[0.0,0.0]}"
1_2_1_1_1_1_1_1_1_2_4,18.67911244506836,22,7712,2017,"{""type"":""Point"",""coordinates"":[0.0,0.0]}"
1_2_1_1_1_1_1_1_1_2_5,0.17609429321289063,29,7712,2017,"{""type"":""Point"",""coordinates"":[0.0,0.0]}"
1_2_1_1_1_1_1_1_1_2_6,2079.4203252806783,33,7712,2017,"{""type"":""Point"",""coordinates"":[0.0,0.0]}"
1_2_1_1_1_1_1_1_2_0,2952.0097678152124,3,7712,2018,"{""type"":""Point"",""coordinates"":[0.0,0.0]}"
1_2_1_1_1_1_1_1_2_1,863053.068889744,4,7712,2018,"{""type"":""Point"",""coordinates"":[0.0,0.0]}"
1_2_1_1_1_1_1_1_2_2,4.760449845401539,12,7712,2018,"{""type"":""Point"",""coordinates"":[0.0,0.0]}"
1_2_1_1_1_1_1_1_2_3,595855.952223844,21,7712,2018,"{""type"":""Point"",""coordinates"":[0.0,0.0]}"
1_2_1_1_1_1_1_1_2_4,742.8817957986276,22,7712,2018,"{""type"":""Point"",""coordinates"":[0.0,0.0]}"
1_2_1_1_1_1_1_1_2_5,121.19169506225566,29,7712,2018,"{""type"":""Point"",""coordinates"":[0.0,0.0]}"
1_2_1_1_1_1_1_1_2_6,1519.564439998993,33,7712,2018,"{""type"":""Point"",""coordinates"":[0.0,0.0]}"
1_2_1_1_1_1_1_2_0,1991.4293522409685,3,7712,2019,"{""type"":""Point"",""coordinates"":[0.0,0.0]}"
1_2_1_1_1_1_1_2_1,856827.3305967954,4,7712,2019,"{""type"":""Point"",""coordinates"":[0.0,0.0]}"
1_2_1_1_1_1_1_2_2,77.67755293380438,12,7712,2019,"{""type"":""Point"",""coordinates"":[0.0,0.0]}"
1_2_1_1_1_1_1_2_3,600642.6877131048,21,7712,2019,"{""type"":""Point"",""coordinates"":[0.0,0.0]}"
1_2_1_1_1_1_1_2_4,1112.192866886623,22,7712,2019,"{""type"":""Point"",""coordinates"":[0.0,0.0]}"
1_2_1_1_1_1_1_2_5,19.200524414062507,29,7712,2019,"{""type"":""Point"",""coordinates"":[0.0,0.0]}"
1_2_1_1_1_1_1_2_6,3592.034015986672,33,7712,2019,"{""type"":""Point"",""coordinates"":[0.0,0.0]}"
1_2_1_1_1_1_2_0,1591.798466814057,3,7712,2020,"{""type"":""Point"",""coordinates"":[0.0,0.0]}"
1_2_1_1_1_1_2_1,891985.3478620406,4,7712,2020,"{""type"":""Point"",""coordinates"":[0.0,0.0]}"
1_2_1_1_1_1_2_2,228.34392879466336,12,7712,2020,"{""type"":""Point"",""coordinates"":[0.0,0.0]}"
1_2_1_1_1_1_2_3,564892.1534948476,21,7712,2020,"{""type"":""Point"",""coordinates"":[0.0,0.0]}"
1_2_1_1_1_1_2_4,2201.318552700051,22,7712,2020,"{""type"":""Point"",""coordinates"":[0.0,0.0]}"
1_2_1_1_1_1_2_5,338.55698627319373,29,7712,2020,"{""type"":""Point"",""coordinates"":[0.0,0.0]}"
1_2_1_1_1_1_2_6,3025.5617762815996,33,7712,2020,"{""type"":""Point"",""coordinates"":[0.0,0.0]}"
1_2_1_1_1_2_0,2914.59266409202,3,7712,2021,"{""type"":""Point"",""coordinates"":[0.0,0.0]}"
1_2_1_1_1_2_1,869056.9571605336,4,7712,2021,"{""type"":""Point"",""coordinates"":[0.0,0.0]}"
1_2_1_1_1_2_2,34.96283316650391,12,7712,2021,"{""type"":""Point"",""coordinates"":[0.0,0.0]}"
1_2_1_1_1_2_3,587946.9534906348,21,7712,2021,"{""type"":""Point"",""coordinates"":[0.0,0.0]}"
1_2_1_1_1_2_4,1819.7952518267093,22,7712,2021,"{""type"":""Point"",""coordinates"":[0.0,0.0]}"
1_2_1_1_1_2_5,2489.7315980018548,33,7712,2021,"{""type"":""Point"",""coordinates"":[0.0,0.0]}"
1_2_1_1_2_0,1716.1184552732918,3,7712,2022,"{""type"":""Point"",""coordinates"":[0.0,0.0]}"
1_2_1_1_2_1,854418.7610491537,4,7712,2022,"{""type"":""Point"",""coordinates"":[0.0,0.0]}"
1_2_1_1_2_2,45.35340052777459,12,7712,2022,"{""type"":""Point"",""coordinates"":[0.0,0.0]}"
1_2_1_1_2_3,601576.8558849319,21,7712,2022,"{""type"":""Point"",""coordinates"":[0.0,0.0]}"
1_2_1_1_2_4,3701.0874250245333,22,7712,2022,"{""type"":""Point"",""coordinates"":[0.0,0.0]}"
1_2_1_1_2_5,12.06341701660156,29,7712,2022,"{""type"":""Point"",""coordinates"":[0.0,0.0]}"
1_2_1_1_2_6,2745.3583959249127,33,7712,2022,"{""type"":""Point"",""coordinates"":[0.0,0.0]}"
1_2_1_2_0,1050.0973132694746,3,7712,2023,"{""type"":""Point"",""coordinates"":[0.0,0.0]}"
1_2_1_2_1,795907.4771266609,4,7712,2023,"{""type"":""Point"",""coordinates"":[0.0,0.0]}"
1_2_1_2_2,43.34146047973631,12,7712,2023,"{""type"":""Point"",""coordinates"":[0.0,0.0]}"
1_2_1_2_3,661222.9862835623,21,7712,2023,"{""type"":""Point"",""coordinates"":[0.0,0.0]}"
1_2_1_2_4,3472.0138889062446,22,7712,2023,"{""type"":""Point"",""coordinates"":[0.0,0.0]}"
1_2_1_2_5,5.723024542236328,29,7712,2023,"{""type"":""Point"",""coordinates"":[0.0,0.0]}"
1_2_1_2_6,2554.0414253218314,33,7712,2023,"{""type"":""Point"",""coordinates"":[0.0,0.0]}"
1_2_2_0,7785.933692663738,3,7712,2024,"{""type"":""Point"",""coordinates"":[0.0,0.0]}"
1_2_2_1,774739.0063575999,4,7712,2024,"{""type"":""Point"",""coordinates"":[0.0,0.0]}"
1_2_2_2,16.29706975097656,12,7712,2024,"{""type"":""Point"",""coordinates"":[0.0,0.0]}"
1_2_2_3,675727.8249767378,21,7712,2024,"{""type"":""Point"",""coordinates"":[0.0,0.0]}"
1_2_2_4,1904.0747507164572,22,7712,2024,"{""type"":""Point"",""coordinates"":[0.0,0.0]}"
1_2_2_5,15.148598968505857,29,7712,2024,"{""type"":""Point"",""coordinates"":[0.0,0.0]}"
1_2_2_6,4074.4431341956774,33,7712,2024,"{""type"":""Point"",""coordinates"":[0.0,0.0]}"
2_1_1_1_1_1_1_1_1_2_0,41162.49550492663,3,752,2016,"{""type"":""Point"",""coordinates"":[0.0,0.0]}"
2_1_1_1_1_1_1_1_1_2_1,1243950.2646915198,4,752,2016,"{""type"":""Point"",""coordinates"":[0.0,0.0]}"
2_1_1_1_1_1_1_1_1_2_2,5.796181036376953,12,752,2016,"{""type"":""Point"",""coordinates"":[0.0,0.0]}"
2_1_1_1_1_1_1_1_1_2_3,73989.58000678736,21,752,2016,"{""type"":""Point"",""coordinates"":[0.0,0.0]}"
2_1_1_1_1_1_1_1_1_2_4,1925.1822159782378,22,752,2016,"{""type"":""Point"",""coordinates"":[0.0,0.0]}"
2_1_1_1_1_1_1_1_1_2_5,3.8310210876464836,29,752,2016,"{""type"":""Point"",""coordinates"":[0.0,0.0]}"
2_1_1_1_1_1_1_1_1_2_6,4800.299667262367,33,752,2016,"{""type"":""Point"",""coordinates"":[0.0,0.0]}"
2_1_1_1_1_1_1_1_2_0,48826.78967604028,3,752,2017,"{""type"":""Point"",""coordinates"":[0.0,0.0]}"
2_1_1_1_1_1_1_1_2_1,1227952.0940511646,4,752,2017,"{""type"":""Point"",""coordinates"":[0.0,0.0]}"
2_1_1_1_1_1_1_1_2_2,8.91333237915039,12,752,2017,"{""type"":""Point"",""coordinates"":[0.0,0.0]}"
2_1_1_1_1_1_1_1_2_3,117075.78553058958,21,752,2017,"{""type"":""Point"",""coordinates"":[0.0,0.0]}"
2_1_1_1_1_1_1_1_2_4,239.5622538718308,22,752,2017,"{""type"":""Point"",""coordinates"":[0.0,0.0]}"
2_1_1_1_1_1_1_1_2_5,9660.516192647243,33,752,2017,"{""type"":""Point"",""coordinates"":[0.0,0.0]}"
2_1_1_1_1_1_1_2_0,42398.73054036302,3,752,2018,"{""type"":""Point"",""coordinates"":[0.0,0.0]}"
2_1_1_1_1_1_1_2_1,1208938.1674723518,4,752,2018,"{""type"":""Point"",""coordinates"":[0.0,0.0]}"
2_1_1_1_1_1_1_2_2,14.35097484164369,12,752,2018,"{""type"":""Point"",""coordinates"":[0.0,0.0]}"
2_1_1_1_1_1_1_2_3,140462.58619061118,21,752,2018,"{""type"":""Point"",""coordinates"":[0.0,0.0]}"
2_1_1_1_1_1_1_2_4,567.6695672956657,22,752,2018,"{""type"":""Point"",""coordinates"":[0.0,0.0]}"
2_1_1_1_1_1_1_2_5,196.7393651550293,29,752,2018,"{""type"":""Point"",""coordinates"":[0.0,0.0]}"
2_1_1_1_1_1_1_2_6,13084.948462351384,33,752,2018,"{""type"":""Point"",""coordinates"":[0.0,0.0]}"
2_1_1_1_1_1_2_0,49375.514423790286,3,752,2019,"{""type"":""Point"",""coordinates"":[0.0,0.0]}"
2_1_1_1_1_1_2_1,1272386.0882745467,4,752,2019,"{""type"":""Point"",""coordinates"":[0.0,0.0]}"
2_1_1_1_1_1_2_2,56.06436491337795,12,752,2019,"{""type"":""Point"",""coordinates"":[0.0,0.0]}"
2_1_1_1_1_1_2_3,63129.380587438674,21,752,2019,"{""type"":""Point"",""coordinates"":[0.0,0.0]}"
2_1_1_1_1_1_2_4,953.7166683036551,22,752,2019,"{""type"":""Point"",""coordinates"":[0.0,0.0]}"
2_1_1_1_1_1_2_5,19741.068759687063,33,752,2019,"{""type"":""Point"",""coordinates"":[0.0,0.0]}"
2_1_1_1_1_2_0,35213.49466968535,3,752,2020,"{""type"":""Point"",""coordinates"":[0.0,0.0]}"
2_1_1_1_1_2_1,1243112.623164477,4,752,2020,"{""type"":""Point"",""coordinates"":[0.0,0.0]}"
2_1_1_1_1_2_2,1.6054389465332028,12,752,2020,"{""type"":""Point"",""coordinates"":[0.0,0.0]}"
2_1_1_1_1_2_3,102212.68585276895,21,752,2020,"{""type"":""Point"",""coordinates"":[0.0,0.0]}"
2_1_1_1_1_2_4,261.6786665485934,22,752,2020,"{""type"":""Point"",""coordinates"":[0.0,0.0]}"
2_1_1_1_1_2_5,24798.837807692267,33,752,2020,"{""type"":""Point"",""coordinates"":[0.0,0.0]}"
2_1_1_1_2_0,47611.33898366638,3,752,2021,"{""type"":""Point"",""coordinates"":[0.0,0.0]}"
2_1_1_1_2_1,1201424.3768965842,4,752,2021,"{""type"":""Point"",""coordinates"":[0.0,0.0]}"
2_1_1_1_2_2,4.409163969056372,12,752,2021,"{""type"":""Point"",""coordinates"":[0.0,0.0]}"
2_1_1_1_2_3,132253.89336158335,21,752,2021,"{""type"":""Point"",""coordinates"":[0.0,0.0]}"
2_1_1_1_2_4,1780.3198960676814,22,752,2021,"{""type"":""Point"",""coordinates"":[0.0,0.0]}"
2_1_1_1_2_5,16.503124255371095,29,752,2021,"{""type"":""Point"",""coordinates"":[0.0,0.0]}"
2_1_1_1_2_6,22501.39123875028,33,752,2021,"{""type"":""Point"",""coordinates"":[0.0,0.0]}"
2_1_1_2_0,39771.72400301481,3,752,2022,"{""type"":""Point"",""coordinates"":[0.0,0.0]}"
2_1_1_2_1,1170102.3920770483,4,752,2022,"{""type"":""Point"",""coordinates"":[0.0,0.0]}"
2_1_1_2_2,207.50701085504278,12,752,2022,"{""type"":""Point"",""coordinates"":[0.0,0.0]}"
2_1_1_2_3,171751.06037641794,21,752,2022,"{""type"":""Point"",""coordinates"":[0.0,0.0]}"
2_1_1_2_4,815.6166203269346,22,752,2022,"{""type"":""Point"",""coordinates"":[0.0,0.0]}"
2_1_1_2_5,25.776475213623048,29,752,2022,"{""type"":""Point"",""coordinates"":[0.0,0.0]}"
2_1_1_2_6,22953.242640340788,33,752,2022,"{""type"":""Point"",""coordinates"":[0.0,0.0]}"
2_1_2_0,56192.824981957594,3,752,2023,"{""type"":""Point"",""coordinates"":[0.0,0.0]}"
2_1_2_1,1180996.664474059,4,752,2023,"{""type"":""Point"",""coordinates"":[0.0,0.0]}"
2_1_2_2,510.25301563230124,12,752,2023,"{""type"":""Point"",""coordinates"":[0.0,0.0]}"
2_1_2_3,143434.59771132268,21,752,2023,"{""type"":""Point"",""coordinates"":[0.0,0.0]}"
2_1_2_4,1444.3510982972155,22,752,2023,"{""type"":""Point"",""coordinates"":[0.0,0.0]}"
2_1_2_5,26.756257495117183,29,752,2023,"{""type"":""Point"",""coordinates"":[0.0,0.0]}"
2_1_2_6,23022.42338342766,33,752,2023,"{""type"":""Point"",""coordinates"":[0.0,0.0]}"
2_2_0,75775.48251219228,3,752,2024,"{""type"":""Point"",""coordinates"":[0.0,0.0]}"
2_2_1,892745.3582306798,4,752,2024,"{""type"":""Point"",""coordinates"":[0.0,0.0]}"
2_2_2,153.4583772025315,12,752,2024,"{""type"":""Point"",""coordinates"":[0.0,0.0]}"
2_2_3,410946.14006865676,21,752,2024,"{""type"":""Point"",""coordinates"":[0.0,0.0]}"
2_2_4,984.1981969307218,22,752,2024,"{""type"":""Point"",""coordinates"":[0.0,0.0]}"
2_2_5,1.695056756591797,29,752,2024,"{""type"":""Point"",""coordinates"":[0.0,0.0]}"
2_2_6,25016.260486932817,33,752,2024,"{""type"":""Point"",""coordinates"":[0.0,0.0]}"
